ensemble,cycle,reference_datetime,datetime,site_id,model_id,parameter,variable,horizon,prediction
gec00,00,2026-05-28,2026-05-29,gcrew,noaa_gefs,00,AirTemp_C_mean,1,16.984544372558616
gec00,00,2026-05-28,2026-05-29,gcrew,noaa_gefs,00,Pressure_Pa,1,101312.3720703125
gec00,00,2026-05-28,2026-05-29,gcrew,noaa_gefs,00,RH_percent_mean,1,66.49901962280273
gec00,00,2026-05-28,2026-05-29,gcrew,noaa_gefs,00,Rain_mm_sum,1,0
gec00,00,2026-05-28,2026-05-29,gcrew,noaa_gefs,00,ShortwaveRadiation_Wm2,1,358.5
gec00,00,2026-05-28,2026-05-29,gcrew,noaa_gefs,00,WindSpeed_ms_mean,1,3.324157800523961
gec00,00,2026-05-28,2026-05-30,gcrew,noaa_gefs,00,AirTemp_C_mean,2,14.520104980468773
gec00,00,2026-05-28,2026-05-30,gcrew,noaa_gefs,00,Pressure_Pa,2,101405.7275390625
gec00,00,2026-05-28,2026-05-30,gcrew,noaa_gefs,00,RH_percent_mean,2,63.8339786529541
gec00,00,2026-05-28,2026-05-30,gcrew,noaa_gefs,00,Rain_mm_sum,2,0
gec00,00,2026-05-28,2026-05-30,gcrew,noaa_gefs,00,ShortwaveRadiation_Wm2,2,354
gec00,00,2026-05-28,2026-05-30,gcrew,noaa_gefs,00,WindSpeed_ms_mean,2,6.158624703355217
gec00,00,2026-05-28,2026-05-31,gcrew,noaa_gefs,00,AirTemp_C_mean,3,13.913762664794945
gec00,00,2026-05-28,2026-05-31,gcrew,noaa_gefs,00,Pressure_Pa,3,101891.111328125
gec00,00,2026-05-28,2026-05-31,gcrew,noaa_gefs,00,RH_percent_mean,3,62.99015474319458
gec00,00,2026-05-28,2026-05-31,gcrew,noaa_gefs,00,Rain_mm_sum,3,0
gec00,00,2026-05-28,2026-05-31,gcrew,noaa_gefs,00,ShortwaveRadiation_Wm2,3,361
gec00,00,2026-05-28,2026-05-31,gcrew,noaa_gefs,00,WindSpeed_ms_mean,3,2.3322553142904607
gec00,00,2026-05-28,2026-06-01,gcrew,noaa_gefs,00,AirTemp_C_mean,4,16.62330780029299
gec00,00,2026-05-28,2026-06-01,gcrew,noaa_gefs,00,Pressure_Pa,4,101337.8271484375
gec00,00,2026-05-28,2026-06-01,gcrew,noaa_gefs,00,RH_percent_mean,4,63.69150733947754
gec00,00,2026-05-28,2026-06-01,gcrew,noaa_gefs,00,Rain_mm_sum,4,0
gec00,00,2026-05-28,2026-06-01,gcrew,noaa_gefs,00,ShortwaveRadiation_Wm2,4,325.125
gec00,00,2026-05-28,2026-06-01,gcrew,noaa_gefs,00,WindSpeed_ms_mean,4,3.743790953418161
gec00,00,2026-05-28,2026-06-02,gcrew,noaa_gefs,00,AirTemp_C_mean,5,16.618074035644554
gec00,00,2026-05-28,2026-06-02,gcrew,noaa_gefs,00,Pressure_Pa,5,101068.361328125
gec00,00,2026-05-28,2026-06-02,gcrew,noaa_gefs,00,RH_percent_mean,5,61.181997299194336
gec00,00,2026-05-28,2026-06-02,gcrew,noaa_gefs,00,Rain_mm_sum,5,0
gec00,00,2026-05-28,2026-06-02,gcrew,noaa_gefs,00,ShortwaveRadiation_Wm2,5,345.875
gec00,00,2026-05-28,2026-06-02,gcrew,noaa_gefs,00,WindSpeed_ms_mean,5,2.656702509480038
gec00,00,2026-05-28,2026-06-03,gcrew,noaa_gefs,00,AirTemp_C_mean,6,14.53361282348635
gec00,00,2026-05-28,2026-06-03,gcrew,noaa_gefs,00,Pressure_Pa,6,101265.8505859375
gec00,00,2026-05-28,2026-06-03,gcrew,noaa_gefs,00,RH_percent_mean,6,58.42056369781494
gec00,00,2026-05-28,2026-06-03,gcrew,noaa_gefs,00,Rain_mm_sum,6,0.42000001296401024
gec00,00,2026-05-28,2026-06-03,gcrew,noaa_gefs,00,ShortwaveRadiation_Wm2,6,296.5
gec00,00,2026-05-28,2026-06-03,gcrew,noaa_gefs,00,WindSpeed_ms_mean,6,7.54477270972776
gec00,00,2026-05-28,2026-06-04,gcrew,noaa_gefs,00,AirTemp_C_mean,7,14.779225921630882
gec00,00,2026-05-28,2026-06-04,gcrew,noaa_gefs,00,Pressure_Pa,7,101801.623046875
gec00,00,2026-05-28,2026-06-04,gcrew,noaa_gefs,00,RH_percent_mean,7,63.78340291976929
gec00,00,2026-05-28,2026-06-04,gcrew,noaa_gefs,00,Rain_mm_sum,7,0.3100000023841858
gec00,00,2026-05-28,2026-06-04,gcrew,noaa_gefs,00,ShortwaveRadiation_Wm2,7,321
gec00,00,2026-05-28,2026-06-04,gcrew,noaa_gefs,00,WindSpeed_ms_mean,7,7.469515003650624
gec00,00,2026-05-28,2026-06-05,gcrew,noaa_gefs,00,AirTemp_C_mean,8,15.955716705322288
gec00,00,2026-05-28,2026-06-05,gcrew,noaa_gefs,00,Pressure_Pa,8,101952.7724609375
gec00,00,2026-05-28,2026-06-05,gcrew,noaa_gefs,00,RH_percent_mean,8,61.84580373764038
gec00,00,2026-05-28,2026-06-05,gcrew,noaa_gefs,00,Rain_mm_sum,8,0
gec00,00,2026-05-28,2026-06-05,gcrew,noaa_gefs,00,ShortwaveRadiation_Wm2,8,358
gec00,00,2026-05-28,2026-06-05,gcrew,noaa_gefs,00,WindSpeed_ms_mean,8,4.597932834247479
gec00,00,2026-05-28,2026-06-06,gcrew,noaa_gefs,00,AirTemp_C_mean,9,18.72523106166297
gec00,00,2026-05-28,2026-06-06,gcrew,noaa_gefs,00,Pressure_Pa,9,101935.07700892857
gec00,00,2026-05-28,2026-06-06,gcrew,noaa_gefs,00,RH_percent_mean,9,63.01251983642578
gec00,00,2026-05-28,2026-06-06,gcrew,noaa_gefs,00,Rain_mm_sum,9,0
gec00,00,2026-05-28,2026-06-06,gcrew,noaa_gefs,00,ShortwaveRadiation_Wm2,9,409.14285714285717
gec00,00,2026-05-28,2026-06-06,gcrew,noaa_gefs,00,WindSpeed_ms_mean,9,2.582886239108914
gec00,00,2026-05-28,2026-06-07,gcrew,noaa_gefs,00,AirTemp_C_mean,10,20.02813873291018
gec00,00,2026-05-28,2026-06-07,gcrew,noaa_gefs,00,Pressure_Pa,10,101518.1484375
gec00,00,2026-05-28,2026-06-07,gcrew,noaa_gefs,00,RH_percent_mean,10,64.0985107421875
gec00,00,2026-05-28,2026-06-07,gcrew,noaa_gefs,00,Rain_mm_sum,10,0
gec00,00,2026-05-28,2026-06-07,gcrew,noaa_gefs,00,ShortwaveRadiation_Wm2,10,313.25
gec00,00,2026-05-28,2026-06-07,gcrew,noaa_gefs,00,WindSpeed_ms_mean,10,3.0982185202913497
gec00,00,2026-05-28,2026-06-08,gcrew,noaa_gefs,00,AirTemp_C_mean,11,21.244317626953148
gec00,00,2026-05-28,2026-06-08,gcrew,noaa_gefs,00,Pressure_Pa,11,100838.3359375
gec00,00,2026-05-28,2026-06-08,gcrew,noaa_gefs,00,RH_percent_mean,11,83.27591323852539
gec00,00,2026-05-28,2026-06-08,gcrew,noaa_gefs,00,Rain_mm_sum,11,10.500000312924385
gec00,00,2026-05-28,2026-06-08,gcrew,noaa_gefs,00,ShortwaveRadiation_Wm2,11,130.75
gec00,00,2026-05-28,2026-06-08,gcrew,noaa_gefs,00,WindSpeed_ms_mean,11,5.466295843691377
gec00,00,2026-05-28,2026-06-09,gcrew,noaa_gefs,00,AirTemp_C_mean,12,18.266564941406273
gec00,00,2026-05-28,2026-06-09,gcrew,noaa_gefs,00,Pressure_Pa,12,101545.86328125
gec00,00,2026-05-28,2026-06-09,gcrew,noaa_gefs,00,RH_percent_mean,12,65.5650224685669
gec00,00,2026-05-28,2026-06-09,gcrew,noaa_gefs,00,Rain_mm_sum,12,2.4000000953674316
gec00,00,2026-05-28,2026-06-09,gcrew,noaa_gefs,00,ShortwaveRadiation_Wm2,12,361.25
gec00,00,2026-05-28,2026-06-09,gcrew,noaa_gefs,00,WindSpeed_ms_mean,12,7.459937362211188
gec00,00,2026-05-28,2026-06-10,gcrew,noaa_gefs,00,AirTemp_C_mean,13,17.935144042968773
gec00,00,2026-05-28,2026-06-10,gcrew,noaa_gefs,00,Pressure_Pa,13,102414.19921875
gec00,00,2026-05-28,2026-06-10,gcrew,noaa_gefs,00,RH_percent_mean,13,56.38784217834473
gec00,00,2026-05-28,2026-06-10,gcrew,noaa_gefs,00,Rain_mm_sum,13,0
gec00,00,2026-05-28,2026-06-10,gcrew,noaa_gefs,00,ShortwaveRadiation_Wm2,13,363.25
gec00,00,2026-05-28,2026-06-10,gcrew,noaa_gefs,00,WindSpeed_ms_mean,13,4.315274059982924
gec00,00,2026-05-28,2026-06-11,gcrew,noaa_gefs,00,AirTemp_C_mean,14,18.79597625732424
gec00,00,2026-05-28,2026-06-11,gcrew,noaa_gefs,00,Pressure_Pa,14,102375.763671875
gec00,00,2026-05-28,2026-06-11,gcrew,noaa_gefs,00,RH_percent_mean,14,57.19118881225586
gec00,00,2026-05-28,2026-06-11,gcrew,noaa_gefs,00,Rain_mm_sum,14,0
gec00,00,2026-05-28,2026-06-11,gcrew,noaa_gefs,00,ShortwaveRadiation_Wm2,14,359.25
gec00,00,2026-05-28,2026-06-11,gcrew,noaa_gefs,00,WindSpeed_ms_mean,14,2.5567400202041837
gec00,00,2026-05-28,2026-06-12,gcrew,noaa_gefs,00,AirTemp_C_mean,15,20.419717407226585
gec00,00,2026-05-28,2026-06-12,gcrew,noaa_gefs,00,Pressure_Pa,15,101882.580078125
gec00,00,2026-05-28,2026-06-12,gcrew,noaa_gefs,00,RH_percent_mean,15,61.499000549316406
gec00,00,2026-05-28,2026-06-12,gcrew,noaa_gefs,00,Rain_mm_sum,15,0
gec00,00,2026-05-28,2026-06-12,gcrew,noaa_gefs,00,ShortwaveRadiation_Wm2,15,338.75
gec00,00,2026-05-28,2026-06-12,gcrew,noaa_gefs,00,WindSpeed_ms_mean,15,2.427922764317797
gec00,00,2026-05-28,2026-06-13,gcrew,noaa_gefs,00,AirTemp_C_mean,16,22.97486267089846
gec00,00,2026-05-28,2026-06-13,gcrew,noaa_gefs,00,Pressure_Pa,16,101575.34375
gec00,00,2026-05-28,2026-06-13,gcrew,noaa_gefs,00,RH_percent_mean,16,66.48400783538818
gec00,00,2026-05-28,2026-06-13,gcrew,noaa_gefs,00,Rain_mm_sum,16,0
gec00,00,2026-05-28,2026-06-13,gcrew,noaa_gefs,00,ShortwaveRadiation_Wm2,16,336.75
gec00,00,2026-05-28,2026-06-13,gcrew,noaa_gefs,00,WindSpeed_ms_mean,16,3.760233349203137
gec00,00,2026-05-28,2026-06-14,gcrew,noaa_gefs,00,AirTemp_C_mean,17,21.73445281982424
gec00,00,2026-05-28,2026-06-14,gcrew,noaa_gefs,00,Pressure_Pa,17,101758.880859375
gec00,00,2026-05-28,2026-06-14,gcrew,noaa_gefs,00,RH_percent_mean,17,60.63445472717285
gec00,00,2026-05-28,2026-06-14,gcrew,noaa_gefs,00,Rain_mm_sum,17,0
gec00,00,2026-05-28,2026-06-14,gcrew,noaa_gefs,00,ShortwaveRadiation_Wm2,17,345
gec00,00,2026-05-28,2026-06-14,gcrew,noaa_gefs,00,WindSpeed_ms_mean,17,3.877745024465436
gec00,00,2026-05-28,2026-06-15,gcrew,noaa_gefs,00,AirTemp_C_mean,18,27.282464599609398
gec00,00,2026-05-28,2026-06-15,gcrew,noaa_gefs,00,Pressure_Pa,18,101216.53125
gec00,00,2026-05-28,2026-06-15,gcrew,noaa_gefs,00,RH_percent_mean,18,62.073336601257324
gec00,00,2026-05-28,2026-06-15,gcrew,noaa_gefs,00,Rain_mm_sum,18,0.10000000149011612
gec00,00,2026-05-28,2026-06-15,gcrew,noaa_gefs,00,ShortwaveRadiation_Wm2,18,342.25
gec00,00,2026-05-28,2026-06-15,gcrew,noaa_gefs,00,WindSpeed_ms_mean,18,3.863105661866631
gec00,00,2026-05-28,2026-06-16,gcrew,noaa_gefs,00,AirTemp_C_mean,19,27.164888000488304
gec00,00,2026-05-28,2026-06-16,gcrew,noaa_gefs,00,Pressure_Pa,19,101554.767578125
gec00,00,2026-05-28,2026-06-16,gcrew,noaa_gefs,00,RH_percent_mean,19,61.02194118499756
gec00,00,2026-05-28,2026-06-16,gcrew,noaa_gefs,00,Rain_mm_sum,19,0.10000000149011612
gec00,00,2026-05-28,2026-06-16,gcrew,noaa_gefs,00,ShortwaveRadiation_Wm2,19,297.5
gec00,00,2026-05-28,2026-06-16,gcrew,noaa_gefs,00,WindSpeed_ms_mean,19,2.604843904299301
gec00,00,2026-05-28,2026-06-17,gcrew,noaa_gefs,00,AirTemp_C_mean,20,22.97168884277346
gec00,00,2026-05-28,2026-06-17,gcrew,noaa_gefs,00,Pressure_Pa,20,101994.060546875
gec00,00,2026-05-28,2026-06-17,gcrew,noaa_gefs,00,RH_percent_mean,20,85.14014625549316
gec00,00,2026-05-28,2026-06-17,gcrew,noaa_gefs,00,Rain_mm_sum,20,2.9000000953674316
gec00,00,2026-05-28,2026-06-17,gcrew,noaa_gefs,00,ShortwaveRadiation_Wm2,20,269.25
gec00,00,2026-05-28,2026-06-17,gcrew,noaa_gefs,00,WindSpeed_ms_mean,20,4.609625277607201
gec00,00,2026-05-28,2026-06-18,gcrew,noaa_gefs,00,AirTemp_C_mean,21,22.94593963623049
gec00,00,2026-05-28,2026-06-18,gcrew,noaa_gefs,00,Pressure_Pa,21,101981.146484375
gec00,00,2026-05-28,2026-06-18,gcrew,noaa_gefs,00,RH_percent_mean,21,86.89044570922852
gec00,00,2026-05-28,2026-06-18,gcrew,noaa_gefs,00,Rain_mm_sum,21,1.4000000357627869
gec00,00,2026-05-28,2026-06-18,gcrew,noaa_gefs,00,ShortwaveRadiation_Wm2,21,303.25
gec00,00,2026-05-28,2026-06-18,gcrew,noaa_gefs,00,WindSpeed_ms_mean,21,2.586226235579734
gec00,00,2026-05-28,2026-06-19,gcrew,noaa_gefs,00,AirTemp_C_mean,22,26.268060302734398
gec00,00,2026-05-28,2026-06-19,gcrew,noaa_gefs,00,Pressure_Pa,22,101740.232421875
gec00,00,2026-05-28,2026-06-19,gcrew,noaa_gefs,00,RH_percent_mean,22,70.88781070709229
gec00,00,2026-05-28,2026-06-19,gcrew,noaa_gefs,00,Rain_mm_sum,22,0
gec00,00,2026-05-28,2026-06-19,gcrew,noaa_gefs,00,ShortwaveRadiation_Wm2,22,333
gec00,00,2026-05-28,2026-06-19,gcrew,noaa_gefs,00,WindSpeed_ms_mean,22,4.6750494445637285
gec00,00,2026-05-28,2026-06-20,gcrew,noaa_gefs,00,AirTemp_C_mean,23,27.841043090820335
gec00,00,2026-05-28,2026-06-20,gcrew,noaa_gefs,00,Pressure_Pa,23,101515.064453125
gec00,00,2026-05-28,2026-06-20,gcrew,noaa_gefs,00,RH_percent_mean,23,61.98535442352295
gec00,00,2026-05-28,2026-06-20,gcrew,noaa_gefs,00,Rain_mm_sum,23,0
gec00,00,2026-05-28,2026-06-20,gcrew,noaa_gefs,00,ShortwaveRadiation_Wm2,23,317.5
gec00,00,2026-05-28,2026-06-20,gcrew,noaa_gefs,00,WindSpeed_ms_mean,23,3.626574370372676
gec00,00,2026-05-28,2026-06-21,gcrew,noaa_gefs,00,AirTemp_C_mean,24,27.115220642089866
gec00,00,2026-05-28,2026-06-21,gcrew,noaa_gefs,00,Pressure_Pa,24,101335.810546875
gec00,00,2026-05-28,2026-06-21,gcrew,noaa_gefs,00,RH_percent_mean,24,61.86435508728027
gec00,00,2026-05-28,2026-06-21,gcrew,noaa_gefs,00,Rain_mm_sum,24,0
gec00,00,2026-05-28,2026-06-21,gcrew,noaa_gefs,00,ShortwaveRadiation_Wm2,24,325.75
gec00,00,2026-05-28,2026-06-21,gcrew,noaa_gefs,00,WindSpeed_ms_mean,24,4.1586571738201075
gec00,00,2026-05-28,2026-06-22,gcrew,noaa_gefs,00,AirTemp_C_mean,25,24.424424743652366
gec00,00,2026-05-28,2026-06-22,gcrew,noaa_gefs,00,Pressure_Pa,25,101386.505859375
gec00,00,2026-05-28,2026-06-22,gcrew,noaa_gefs,00,RH_percent_mean,25,81.4093132019043
gec00,00,2026-05-28,2026-06-22,gcrew,noaa_gefs,00,Rain_mm_sum,25,0.4000000059604645
gec00,00,2026-05-28,2026-06-22,gcrew,noaa_gefs,00,ShortwaveRadiation_Wm2,25,100.5
gec00,00,2026-05-28,2026-06-22,gcrew,noaa_gefs,00,WindSpeed_ms_mean,25,4.003219955758446
gec00,00,2026-05-28,2026-06-23,gcrew,noaa_gefs,00,AirTemp_C_mean,26,22.006524658203148
gec00,00,2026-05-28,2026-06-23,gcrew,noaa_gefs,00,Pressure_Pa,26,101129.3515625
gec00,00,2026-05-28,2026-06-23,gcrew,noaa_gefs,00,RH_percent_mean,26,93.43722724914551
gec00,00,2026-05-28,2026-06-23,gcrew,noaa_gefs,00,Rain_mm_sum,26,55.300001695752144
gec00,00,2026-05-28,2026-06-23,gcrew,noaa_gefs,00,ShortwaveRadiation_Wm2,26,22.75
gec00,00,2026-05-28,2026-06-23,gcrew,noaa_gefs,00,WindSpeed_ms_mean,26,4.542991536121778
gec00,00,2026-05-28,2026-06-24,gcrew,noaa_gefs,00,AirTemp_C_mean,27,22.589105224609398
gec00,00,2026-05-28,2026-06-24,gcrew,noaa_gefs,00,Pressure_Pa,27,100791.896484375
gec00,00,2026-05-28,2026-06-24,gcrew,noaa_gefs,00,RH_percent_mean,27,86.6486873626709
gec00,00,2026-05-28,2026-06-24,gcrew,noaa_gefs,00,Rain_mm_sum,27,8.000000096857548
gec00,00,2026-05-28,2026-06-24,gcrew,noaa_gefs,00,ShortwaveRadiation_Wm2,27,230.25
gec00,00,2026-05-28,2026-06-24,gcrew,noaa_gefs,00,WindSpeed_ms_mean,27,4.664738764840051
gec00,00,2026-05-28,2026-06-25,gcrew,noaa_gefs,00,AirTemp_C_mean,28,21.151040649414085
gec00,00,2026-05-28,2026-06-25,gcrew,noaa_gefs,00,Pressure_Pa,28,100968.654296875
gec00,00,2026-05-28,2026-06-25,gcrew,noaa_gefs,00,RH_percent_mean,28,59.870840072631836
gec00,00,2026-05-28,2026-06-25,gcrew,noaa_gefs,00,Rain_mm_sum,28,0.10000000149011612
gec00,00,2026-05-28,2026-06-25,gcrew,noaa_gefs,00,ShortwaveRadiation_Wm2,28,355.75
gec00,00,2026-05-28,2026-06-25,gcrew,noaa_gefs,00,WindSpeed_ms_mean,28,4.965440944060037
gec00,00,2026-05-28,2026-06-26,gcrew,noaa_gefs,00,AirTemp_C_mean,29,20.49548492431643
gec00,00,2026-05-28,2026-06-26,gcrew,noaa_gefs,00,Pressure_Pa,29,101440.876953125
gec00,00,2026-05-28,2026-06-26,gcrew,noaa_gefs,00,RH_percent_mean,29,59.463311195373535
gec00,00,2026-05-28,2026-06-26,gcrew,noaa_gefs,00,Rain_mm_sum,29,0
gec00,00,2026-05-28,2026-06-26,gcrew,noaa_gefs,00,ShortwaveRadiation_Wm2,29,351
gec00,00,2026-05-28,2026-06-26,gcrew,noaa_gefs,00,WindSpeed_ms_mean,29,4.224020219033529
gec00,00,2026-05-28,2026-06-27,gcrew,noaa_gefs,00,AirTemp_C_mean,30,22.24182281494143
gec00,00,2026-05-28,2026-06-27,gcrew,noaa_gefs,00,Pressure_Pa,30,101707.216796875
gec00,00,2026-05-28,2026-06-27,gcrew,noaa_gefs,00,RH_percent_mean,30,58.40474605560303
gec00,00,2026-05-28,2026-06-27,gcrew,noaa_gefs,00,Rain_mm_sum,30,0
gec00,00,2026-05-28,2026-06-27,gcrew,noaa_gefs,00,ShortwaveRadiation_Wm2,30,351
gec00,00,2026-05-28,2026-06-27,gcrew,noaa_gefs,00,WindSpeed_ms_mean,30,4.272810309335263
gec00,00,2026-05-28,2026-06-28,gcrew,noaa_gefs,00,AirTemp_C_mean,31,24.168817138671898
gec00,00,2026-05-28,2026-06-28,gcrew,noaa_gefs,00,Pressure_Pa,31,101494.826171875
gec00,00,2026-05-28,2026-06-28,gcrew,noaa_gefs,00,RH_percent_mean,31,71.39916801452637
gec00,00,2026-05-28,2026-06-28,gcrew,noaa_gefs,00,Rain_mm_sum,31,0
gec00,00,2026-05-28,2026-06-28,gcrew,noaa_gefs,00,ShortwaveRadiation_Wm2,31,344
gec00,00,2026-05-28,2026-06-28,gcrew,noaa_gefs,00,WindSpeed_ms_mean,31,3.5498743444693566
gec00,00,2026-05-28,2026-06-29,gcrew,noaa_gefs,00,AirTemp_C_mean,32,26.337808227539085
gec00,00,2026-05-28,2026-06-29,gcrew,noaa_gefs,00,Pressure_Pa,32,101015.88671875
gec00,00,2026-05-28,2026-06-29,gcrew,noaa_gefs,00,RH_percent_mean,32,67.18145847320557
gec00,00,2026-05-28,2026-06-29,gcrew,noaa_gefs,00,Rain_mm_sum,32,0
gec00,00,2026-05-28,2026-06-29,gcrew,noaa_gefs,00,ShortwaveRadiation_Wm2,32,322.5
gec00,00,2026-05-28,2026-06-29,gcrew,noaa_gefs,00,WindSpeed_ms_mean,32,3.924499337392451
gec00,00,2026-05-28,2026-06-30,gcrew,noaa_gefs,00,AirTemp_C_mean,33,26.703363037109398
gec00,00,2026-05-28,2026-06-30,gcrew,noaa_gefs,00,Pressure_Pa,33,100415.265625
gec00,00,2026-05-28,2026-06-30,gcrew,noaa_gefs,00,RH_percent_mean,33,70.66891098022461
gec00,00,2026-05-28,2026-06-30,gcrew,noaa_gefs,00,Rain_mm_sum,33,0.7999999895691872
gec00,00,2026-05-28,2026-06-30,gcrew,noaa_gefs,00,ShortwaveRadiation_Wm2,33,221.5
gec00,00,2026-05-28,2026-06-30,gcrew,noaa_gefs,00,WindSpeed_ms_mean,33,2.4540543323176753
gec00,00,2026-05-28,2026-07-01,gcrew,noaa_gefs,00,AirTemp_C_mean,34,25.300759887695335
gec00,00,2026-05-28,2026-07-01,gcrew,noaa_gefs,00,Pressure_Pa,34,100593.78515625
gec00,00,2026-05-28,2026-07-01,gcrew,noaa_gefs,00,RH_percent_mean,34,66.53337669372559
gec00,00,2026-05-28,2026-07-01,gcrew,noaa_gefs,00,Rain_mm_sum,34,0.20000000298023224
gec00,00,2026-05-28,2026-07-01,gcrew,noaa_gefs,00,ShortwaveRadiation_Wm2,34,347.5
gec00,00,2026-05-28,2026-07-01,gcrew,noaa_gefs,00,WindSpeed_ms_mean,34,3.569256045713047
gep01,00,2026-05-28,2026-05-29,gcrew,noaa_gefs,01,AirTemp_C_mean,1,16.984544372558616
gep01,00,2026-05-28,2026-05-29,gcrew,noaa_gefs,01,Pressure_Pa,1,101312.3720703125
gep01,00,2026-05-28,2026-05-29,gcrew,noaa_gefs,01,RH_percent_mean,1,66.49901962280273
gep01,00,2026-05-28,2026-05-29,gcrew,noaa_gefs,01,Rain_mm_sum,1,0
gep01,00,2026-05-28,2026-05-29,gcrew,noaa_gefs,01,ShortwaveRadiation_Wm2,1,358.5
gep01,00,2026-05-28,2026-05-29,gcrew,noaa_gefs,01,WindSpeed_ms_mean,1,3.324157800523961
gep01,00,2026-05-28,2026-05-30,gcrew,noaa_gefs,01,AirTemp_C_mean,2,14.520104980468773
gep01,00,2026-05-28,2026-05-30,gcrew,noaa_gefs,01,Pressure_Pa,2,101405.7275390625
gep01,00,2026-05-28,2026-05-30,gcrew,noaa_gefs,01,RH_percent_mean,2,63.8339786529541
gep01,00,2026-05-28,2026-05-30,gcrew,noaa_gefs,01,Rain_mm_sum,2,0
gep01,00,2026-05-28,2026-05-30,gcrew,noaa_gefs,01,ShortwaveRadiation_Wm2,2,354
gep01,00,2026-05-28,2026-05-30,gcrew,noaa_gefs,01,WindSpeed_ms_mean,2,6.158624703355217
gep01,00,2026-05-28,2026-05-31,gcrew,noaa_gefs,01,AirTemp_C_mean,3,13.913762664794945
gep01,00,2026-05-28,2026-05-31,gcrew,noaa_gefs,01,Pressure_Pa,3,101891.111328125
gep01,00,2026-05-28,2026-05-31,gcrew,noaa_gefs,01,RH_percent_mean,3,62.99015474319458
gep01,00,2026-05-28,2026-05-31,gcrew,noaa_gefs,01,Rain_mm_sum,3,0
gep01,00,2026-05-28,2026-05-31,gcrew,noaa_gefs,01,ShortwaveRadiation_Wm2,3,361
gep01,00,2026-05-28,2026-05-31,gcrew,noaa_gefs,01,WindSpeed_ms_mean,3,2.3322553142904607
gep01,00,2026-05-28,2026-06-01,gcrew,noaa_gefs,01,AirTemp_C_mean,4,16.62330780029299
gep01,00,2026-05-28,2026-06-01,gcrew,noaa_gefs,01,Pressure_Pa,4,101337.8271484375
gep01,00,2026-05-28,2026-06-01,gcrew,noaa_gefs,01,RH_percent_mean,4,63.69150733947754
gep01,00,2026-05-28,2026-06-01,gcrew,noaa_gefs,01,Rain_mm_sum,4,0
gep01,00,2026-05-28,2026-06-01,gcrew,noaa_gefs,01,ShortwaveRadiation_Wm2,4,325.125
gep01,00,2026-05-28,2026-06-01,gcrew,noaa_gefs,01,WindSpeed_ms_mean,4,3.743790953418161
gep01,00,2026-05-28,2026-06-02,gcrew,noaa_gefs,01,AirTemp_C_mean,5,16.618074035644554
gep01,00,2026-05-28,2026-06-02,gcrew,noaa_gefs,01,Pressure_Pa,5,101068.361328125
gep01,00,2026-05-28,2026-06-02,gcrew,noaa_gefs,01,RH_percent_mean,5,61.181997299194336
gep01,00,2026-05-28,2026-06-02,gcrew,noaa_gefs,01,Rain_mm_sum,5,0
gep01,00,2026-05-28,2026-06-02,gcrew,noaa_gefs,01,ShortwaveRadiation_Wm2,5,345.875
gep01,00,2026-05-28,2026-06-02,gcrew,noaa_gefs,01,WindSpeed_ms_mean,5,2.656702509480038
gep01,00,2026-05-28,2026-06-03,gcrew,noaa_gefs,01,AirTemp_C_mean,6,14.53361282348635
gep01,00,2026-05-28,2026-06-03,gcrew,noaa_gefs,01,Pressure_Pa,6,101265.8505859375
gep01,00,2026-05-28,2026-06-03,gcrew,noaa_gefs,01,RH_percent_mean,6,58.42056369781494
gep01,00,2026-05-28,2026-06-03,gcrew,noaa_gefs,01,Rain_mm_sum,6,0.42000001296401024
gep01,00,2026-05-28,2026-06-03,gcrew,noaa_gefs,01,ShortwaveRadiation_Wm2,6,296.5
gep01,00,2026-05-28,2026-06-03,gcrew,noaa_gefs,01,WindSpeed_ms_mean,6,7.54477270972776
gep01,00,2026-05-28,2026-06-04,gcrew,noaa_gefs,01,AirTemp_C_mean,7,14.779225921630882
gep01,00,2026-05-28,2026-06-04,gcrew,noaa_gefs,01,Pressure_Pa,7,101801.623046875
gep01,00,2026-05-28,2026-06-04,gcrew,noaa_gefs,01,RH_percent_mean,7,63.78340291976929
gep01,00,2026-05-28,2026-06-04,gcrew,noaa_gefs,01,Rain_mm_sum,7,0.3100000023841858
gep01,00,2026-05-28,2026-06-04,gcrew,noaa_gefs,01,ShortwaveRadiation_Wm2,7,321
gep01,00,2026-05-28,2026-06-04,gcrew,noaa_gefs,01,WindSpeed_ms_mean,7,7.469515003650624
gep01,00,2026-05-28,2026-06-05,gcrew,noaa_gefs,01,AirTemp_C_mean,8,15.955716705322288
gep01,00,2026-05-28,2026-06-05,gcrew,noaa_gefs,01,Pressure_Pa,8,101952.7724609375
gep01,00,2026-05-28,2026-06-05,gcrew,noaa_gefs,01,RH_percent_mean,8,61.84580373764038
gep01,00,2026-05-28,2026-06-05,gcrew,noaa_gefs,01,Rain_mm_sum,8,0
gep01,00,2026-05-28,2026-06-05,gcrew,noaa_gefs,01,ShortwaveRadiation_Wm2,8,358
gep01,00,2026-05-28,2026-06-05,gcrew,noaa_gefs,01,WindSpeed_ms_mean,8,4.597932834247479
gep01,00,2026-05-28,2026-06-06,gcrew,noaa_gefs,01,AirTemp_C_mean,9,18.72523106166297
gep01,00,2026-05-28,2026-06-06,gcrew,noaa_gefs,01,Pressure_Pa,9,101935.07700892857
gep01,00,2026-05-28,2026-06-06,gcrew,noaa_gefs,01,RH_percent_mean,9,63.01251983642578
gep01,00,2026-05-28,2026-06-06,gcrew,noaa_gefs,01,Rain_mm_sum,9,0
gep01,00,2026-05-28,2026-06-06,gcrew,noaa_gefs,01,ShortwaveRadiation_Wm2,9,409.14285714285717
gep01,00,2026-05-28,2026-06-06,gcrew,noaa_gefs,01,WindSpeed_ms_mean,9,2.582886239108914
gep01,00,2026-05-28,2026-06-07,gcrew,noaa_gefs,01,AirTemp_C_mean,10,20.02813873291018
gep01,00,2026-05-28,2026-06-07,gcrew,noaa_gefs,01,Pressure_Pa,10,101518.1484375
gep01,00,2026-05-28,2026-06-07,gcrew,noaa_gefs,01,RH_percent_mean,10,64.0985107421875
gep01,00,2026-05-28,2026-06-07,gcrew,noaa_gefs,01,Rain_mm_sum,10,0
gep01,00,2026-05-28,2026-06-07,gcrew,noaa_gefs,01,ShortwaveRadiation_Wm2,10,313.25
gep01,00,2026-05-28,2026-06-07,gcrew,noaa_gefs,01,WindSpeed_ms_mean,10,3.0982185202913497
gep01,00,2026-05-28,2026-06-08,gcrew,noaa_gefs,01,AirTemp_C_mean,11,21.244317626953148
gep01,00,2026-05-28,2026-06-08,gcrew,noaa_gefs,01,Pressure_Pa,11,100838.3359375
gep01,00,2026-05-28,2026-06-08,gcrew,noaa_gefs,01,RH_percent_mean,11,83.27591323852539
gep01,00,2026-05-28,2026-06-08,gcrew,noaa_gefs,01,Rain_mm_sum,11,10.500000312924385
gep01,00,2026-05-28,2026-06-08,gcrew,noaa_gefs,01,ShortwaveRadiation_Wm2,11,130.75
gep01,00,2026-05-28,2026-06-08,gcrew,noaa_gefs,01,WindSpeed_ms_mean,11,5.466295843691377
gep01,00,2026-05-28,2026-06-09,gcrew,noaa_gefs,01,AirTemp_C_mean,12,18.266564941406273
gep01,00,2026-05-28,2026-06-09,gcrew,noaa_gefs,01,Pressure_Pa,12,101545.86328125
gep01,00,2026-05-28,2026-06-09,gcrew,noaa_gefs,01,RH_percent_mean,12,65.5650224685669
gep01,00,2026-05-28,2026-06-09,gcrew,noaa_gefs,01,Rain_mm_sum,12,2.4000000953674316
gep01,00,2026-05-28,2026-06-09,gcrew,noaa_gefs,01,ShortwaveRadiation_Wm2,12,361.25
gep01,00,2026-05-28,2026-06-09,gcrew,noaa_gefs,01,WindSpeed_ms_mean,12,7.459937362211188
gep01,00,2026-05-28,2026-06-10,gcrew,noaa_gefs,01,AirTemp_C_mean,13,17.935144042968773
gep01,00,2026-05-28,2026-06-10,gcrew,noaa_gefs,01,Pressure_Pa,13,102414.19921875
gep01,00,2026-05-28,2026-06-10,gcrew,noaa_gefs,01,RH_percent_mean,13,56.38784217834473
gep01,00,2026-05-28,2026-06-10,gcrew,noaa_gefs,01,Rain_mm_sum,13,0
gep01,00,2026-05-28,2026-06-10,gcrew,noaa_gefs,01,ShortwaveRadiation_Wm2,13,363.25
gep01,00,2026-05-28,2026-06-10,gcrew,noaa_gefs,01,WindSpeed_ms_mean,13,4.315274059982924
gep01,00,2026-05-28,2026-06-11,gcrew,noaa_gefs,01,AirTemp_C_mean,14,18.79597625732424
gep01,00,2026-05-28,2026-06-11,gcrew,noaa_gefs,01,Pressure_Pa,14,102375.763671875
gep01,00,2026-05-28,2026-06-11,gcrew,noaa_gefs,01,RH_percent_mean,14,57.19118881225586
gep01,00,2026-05-28,2026-06-11,gcrew,noaa_gefs,01,Rain_mm_sum,14,0
gep01,00,2026-05-28,2026-06-11,gcrew,noaa_gefs,01,ShortwaveRadiation_Wm2,14,359.25
gep01,00,2026-05-28,2026-06-11,gcrew,noaa_gefs,01,WindSpeed_ms_mean,14,2.5567400202041837
gep01,00,2026-05-28,2026-06-12,gcrew,noaa_gefs,01,AirTemp_C_mean,15,20.419717407226585
gep01,00,2026-05-28,2026-06-12,gcrew,noaa_gefs,01,Pressure_Pa,15,101882.580078125
gep01,00,2026-05-28,2026-06-12,gcrew,noaa_gefs,01,RH_percent_mean,15,61.499000549316406
gep01,00,2026-05-28,2026-06-12,gcrew,noaa_gefs,01,Rain_mm_sum,15,0
gep01,00,2026-05-28,2026-06-12,gcrew,noaa_gefs,01,ShortwaveRadiation_Wm2,15,338.75
gep01,00,2026-05-28,2026-06-12,gcrew,noaa_gefs,01,WindSpeed_ms_mean,15,2.427922764317797
gep01,00,2026-05-28,2026-06-13,gcrew,noaa_gefs,01,AirTemp_C_mean,16,22.97486267089846
gep01,00,2026-05-28,2026-06-13,gcrew,noaa_gefs,01,Pressure_Pa,16,101575.34375
gep01,00,2026-05-28,2026-06-13,gcrew,noaa_gefs,01,RH_percent_mean,16,66.48400783538818
gep01,00,2026-05-28,2026-06-13,gcrew,noaa_gefs,01,Rain_mm_sum,16,0
gep01,00,2026-05-28,2026-06-13,gcrew,noaa_gefs,01,ShortwaveRadiation_Wm2,16,336.75
gep01,00,2026-05-28,2026-06-13,gcrew,noaa_gefs,01,WindSpeed_ms_mean,16,3.760233349203137
gep01,00,2026-05-28,2026-06-14,gcrew,noaa_gefs,01,AirTemp_C_mean,17,21.73445281982424
gep01,00,2026-05-28,2026-06-14,gcrew,noaa_gefs,01,Pressure_Pa,17,101758.880859375
gep01,00,2026-05-28,2026-06-14,gcrew,noaa_gefs,01,RH_percent_mean,17,60.63445472717285
gep01,00,2026-05-28,2026-06-14,gcrew,noaa_gefs,01,Rain_mm_sum,17,0
gep01,00,2026-05-28,2026-06-14,gcrew,noaa_gefs,01,ShortwaveRadiation_Wm2,17,345
gep01,00,2026-05-28,2026-06-14,gcrew,noaa_gefs,01,WindSpeed_ms_mean,17,3.877745024465436
gep01,00,2026-05-28,2026-06-15,gcrew,noaa_gefs,01,AirTemp_C_mean,18,27.282464599609398
gep01,00,2026-05-28,2026-06-15,gcrew,noaa_gefs,01,Pressure_Pa,18,101216.53125
gep01,00,2026-05-28,2026-06-15,gcrew,noaa_gefs,01,RH_percent_mean,18,62.073336601257324
gep01,00,2026-05-28,2026-06-15,gcrew,noaa_gefs,01,Rain_mm_sum,18,0.10000000149011612
gep01,00,2026-05-28,2026-06-15,gcrew,noaa_gefs,01,ShortwaveRadiation_Wm2,18,342.25
gep01,00,2026-05-28,2026-06-15,gcrew,noaa_gefs,01,WindSpeed_ms_mean,18,3.863105661866631
gep01,00,2026-05-28,2026-06-16,gcrew,noaa_gefs,01,AirTemp_C_mean,19,27.164888000488304
gep01,00,2026-05-28,2026-06-16,gcrew,noaa_gefs,01,Pressure_Pa,19,101554.767578125
gep01,00,2026-05-28,2026-06-16,gcrew,noaa_gefs,01,RH_percent_mean,19,61.02194118499756
gep01,00,2026-05-28,2026-06-16,gcrew,noaa_gefs,01,Rain_mm_sum,19,0.10000000149011612
gep01,00,2026-05-28,2026-06-16,gcrew,noaa_gefs,01,ShortwaveRadiation_Wm2,19,297.5
gep01,00,2026-05-28,2026-06-16,gcrew,noaa_gefs,01,WindSpeed_ms_mean,19,2.604843904299301
gep01,00,2026-05-28,2026-06-17,gcrew,noaa_gefs,01,AirTemp_C_mean,20,22.97168884277346
gep01,00,2026-05-28,2026-06-17,gcrew,noaa_gefs,01,Pressure_Pa,20,101994.060546875
gep01,00,2026-05-28,2026-06-17,gcrew,noaa_gefs,01,RH_percent_mean,20,85.14014625549316
gep01,00,2026-05-28,2026-06-17,gcrew,noaa_gefs,01,Rain_mm_sum,20,2.9000000953674316
gep01,00,2026-05-28,2026-06-17,gcrew,noaa_gefs,01,ShortwaveRadiation_Wm2,20,269.25
gep01,00,2026-05-28,2026-06-17,gcrew,noaa_gefs,01,WindSpeed_ms_mean,20,4.609625277607201
gep01,00,2026-05-28,2026-06-18,gcrew,noaa_gefs,01,AirTemp_C_mean,21,22.94593963623049
gep01,00,2026-05-28,2026-06-18,gcrew,noaa_gefs,01,Pressure_Pa,21,101981.146484375
gep01,00,2026-05-28,2026-06-18,gcrew,noaa_gefs,01,RH_percent_mean,21,86.89044570922852
gep01,00,2026-05-28,2026-06-18,gcrew,noaa_gefs,01,Rain_mm_sum,21,1.4000000357627869
gep01,00,2026-05-28,2026-06-18,gcrew,noaa_gefs,01,ShortwaveRadiation_Wm2,21,303.25
gep01,00,2026-05-28,2026-06-18,gcrew,noaa_gefs,01,WindSpeed_ms_mean,21,2.586226235579734
gep01,00,2026-05-28,2026-06-19,gcrew,noaa_gefs,01,AirTemp_C_mean,22,26.268060302734398
gep01,00,2026-05-28,2026-06-19,gcrew,noaa_gefs,01,Pressure_Pa,22,101740.232421875
gep01,00,2026-05-28,2026-06-19,gcrew,noaa_gefs,01,RH_percent_mean,22,70.88781070709229
gep01,00,2026-05-28,2026-06-19,gcrew,noaa_gefs,01,Rain_mm_sum,22,0
gep01,00,2026-05-28,2026-06-19,gcrew,noaa_gefs,01,ShortwaveRadiation_Wm2,22,333
gep01,00,2026-05-28,2026-06-19,gcrew,noaa_gefs,01,WindSpeed_ms_mean,22,4.6750494445637285
gep01,00,2026-05-28,2026-06-20,gcrew,noaa_gefs,01,AirTemp_C_mean,23,27.841043090820335
gep01,00,2026-05-28,2026-06-20,gcrew,noaa_gefs,01,Pressure_Pa,23,101515.064453125
gep01,00,2026-05-28,2026-06-20,gcrew,noaa_gefs,01,RH_percent_mean,23,61.98535442352295
gep01,00,2026-05-28,2026-06-20,gcrew,noaa_gefs,01,Rain_mm_sum,23,0
gep01,00,2026-05-28,2026-06-20,gcrew,noaa_gefs,01,ShortwaveRadiation_Wm2,23,317.5
gep01,00,2026-05-28,2026-06-20,gcrew,noaa_gefs,01,WindSpeed_ms_mean,23,3.626574370372676
gep01,00,2026-05-28,2026-06-21,gcrew,noaa_gefs,01,AirTemp_C_mean,24,27.115220642089866
gep01,00,2026-05-28,2026-06-21,gcrew,noaa_gefs,01,Pressure_Pa,24,101335.810546875
gep01,00,2026-05-28,2026-06-21,gcrew,noaa_gefs,01,RH_percent_mean,24,61.86435508728027
gep01,00,2026-05-28,2026-06-21,gcrew,noaa_gefs,01,Rain_mm_sum,24,0
gep01,00,2026-05-28,2026-06-21,gcrew,noaa_gefs,01,ShortwaveRadiation_Wm2,24,325.75
gep01,00,2026-05-28,2026-06-21,gcrew,noaa_gefs,01,WindSpeed_ms_mean,24,4.1586571738201075
gep01,00,2026-05-28,2026-06-22,gcrew,noaa_gefs,01,AirTemp_C_mean,25,24.424424743652366
gep01,00,2026-05-28,2026-06-22,gcrew,noaa_gefs,01,Pressure_Pa,25,101386.505859375
gep01,00,2026-05-28,2026-06-22,gcrew,noaa_gefs,01,RH_percent_mean,25,81.4093132019043
gep01,00,2026-05-28,2026-06-22,gcrew,noaa_gefs,01,Rain_mm_sum,25,0.4000000059604645
gep01,00,2026-05-28,2026-06-22,gcrew,noaa_gefs,01,ShortwaveRadiation_Wm2,25,100.5
gep01,00,2026-05-28,2026-06-22,gcrew,noaa_gefs,01,WindSpeed_ms_mean,25,4.003219955758446
gep01,00,2026-05-28,2026-06-23,gcrew,noaa_gefs,01,AirTemp_C_mean,26,22.006524658203148
gep01,00,2026-05-28,2026-06-23,gcrew,noaa_gefs,01,Pressure_Pa,26,101129.3515625
gep01,00,2026-05-28,2026-06-23,gcrew,noaa_gefs,01,RH_percent_mean,26,93.43722724914551
gep01,00,2026-05-28,2026-06-23,gcrew,noaa_gefs,01,Rain_mm_sum,26,55.300001695752144
gep01,00,2026-05-28,2026-06-23,gcrew,noaa_gefs,01,ShortwaveRadiation_Wm2,26,22.75
gep01,00,2026-05-28,2026-06-23,gcrew,noaa_gefs,01,WindSpeed_ms_mean,26,4.542991536121778
gep01,00,2026-05-28,2026-06-24,gcrew,noaa_gefs,01,AirTemp_C_mean,27,22.589105224609398
gep01,00,2026-05-28,2026-06-24,gcrew,noaa_gefs,01,Pressure_Pa,27,100791.896484375
gep01,00,2026-05-28,2026-06-24,gcrew,noaa_gefs,01,RH_percent_mean,27,86.6486873626709
gep01,00,2026-05-28,2026-06-24,gcrew,noaa_gefs,01,Rain_mm_sum,27,8.000000096857548
gep01,00,2026-05-28,2026-06-24,gcrew,noaa_gefs,01,ShortwaveRadiation_Wm2,27,230.25
gep01,00,2026-05-28,2026-06-24,gcrew,noaa_gefs,01,WindSpeed_ms_mean,27,4.664738764840051
gep01,00,2026-05-28,2026-06-25,gcrew,noaa_gefs,01,AirTemp_C_mean,28,21.151040649414085
gep01,00,2026-05-28,2026-06-25,gcrew,noaa_gefs,01,Pressure_Pa,28,100968.654296875
gep01,00,2026-05-28,2026-06-25,gcrew,noaa_gefs,01,RH_percent_mean,28,59.870840072631836
gep01,00,2026-05-28,2026-06-25,gcrew,noaa_gefs,01,Rain_mm_sum,28,0.10000000149011612
gep01,00,2026-05-28,2026-06-25,gcrew,noaa_gefs,01,ShortwaveRadiation_Wm2,28,355.75
gep01,00,2026-05-28,2026-06-25,gcrew,noaa_gefs,01,WindSpeed_ms_mean,28,4.965440944060037
gep01,00,2026-05-28,2026-06-26,gcrew,noaa_gefs,01,AirTemp_C_mean,29,20.49548492431643
gep01,00,2026-05-28,2026-06-26,gcrew,noaa_gefs,01,Pressure_Pa,29,101440.876953125
gep01,00,2026-05-28,2026-06-26,gcrew,noaa_gefs,01,RH_percent_mean,29,59.463311195373535
gep01,00,2026-05-28,2026-06-26,gcrew,noaa_gefs,01,Rain_mm_sum,29,0
gep01,00,2026-05-28,2026-06-26,gcrew,noaa_gefs,01,ShortwaveRadiation_Wm2,29,351
gep01,00,2026-05-28,2026-06-26,gcrew,noaa_gefs,01,WindSpeed_ms_mean,29,4.224020219033529
gep01,00,2026-05-28,2026-06-27,gcrew,noaa_gefs,01,AirTemp_C_mean,30,22.24182281494143
gep01,00,2026-05-28,2026-06-27,gcrew,noaa_gefs,01,Pressure_Pa,30,101707.216796875
gep01,00,2026-05-28,2026-06-27,gcrew,noaa_gefs,01,RH_percent_mean,30,58.40474605560303
gep01,00,2026-05-28,2026-06-27,gcrew,noaa_gefs,01,Rain_mm_sum,30,0
gep01,00,2026-05-28,2026-06-27,gcrew,noaa_gefs,01,ShortwaveRadiation_Wm2,30,351
gep01,00,2026-05-28,2026-06-27,gcrew,noaa_gefs,01,WindSpeed_ms_mean,30,4.272810309335263
gep01,00,2026-05-28,2026-06-28,gcrew,noaa_gefs,01,AirTemp_C_mean,31,24.168817138671898
gep01,00,2026-05-28,2026-06-28,gcrew,noaa_gefs,01,Pressure_Pa,31,101494.826171875
gep01,00,2026-05-28,2026-06-28,gcrew,noaa_gefs,01,RH_percent_mean,31,71.39916801452637
gep01,00,2026-05-28,2026-06-28,gcrew,noaa_gefs,01,Rain_mm_sum,31,0
gep01,00,2026-05-28,2026-06-28,gcrew,noaa_gefs,01,ShortwaveRadiation_Wm2,31,344
gep01,00,2026-05-28,2026-06-28,gcrew,noaa_gefs,01,WindSpeed_ms_mean,31,3.5498743444693566
gep01,00,2026-05-28,2026-06-29,gcrew,noaa_gefs,01,AirTemp_C_mean,32,26.337808227539085
gep01,00,2026-05-28,2026-06-29,gcrew,noaa_gefs,01,Pressure_Pa,32,101015.88671875
gep01,00,2026-05-28,2026-06-29,gcrew,noaa_gefs,01,RH_percent_mean,32,67.18145847320557
gep01,00,2026-05-28,2026-06-29,gcrew,noaa_gefs,01,Rain_mm_sum,32,0
gep01,00,2026-05-28,2026-06-29,gcrew,noaa_gefs,01,ShortwaveRadiation_Wm2,32,322.5
gep01,00,2026-05-28,2026-06-29,gcrew,noaa_gefs,01,WindSpeed_ms_mean,32,3.924499337392451
gep01,00,2026-05-28,2026-06-30,gcrew,noaa_gefs,01,AirTemp_C_mean,33,26.703363037109398
gep01,00,2026-05-28,2026-06-30,gcrew,noaa_gefs,01,Pressure_Pa,33,100415.265625
gep01,00,2026-05-28,2026-06-30,gcrew,noaa_gefs,01,RH_percent_mean,33,70.66891098022461
gep01,00,2026-05-28,2026-06-30,gcrew,noaa_gefs,01,Rain_mm_sum,33,0.7999999895691872
gep01,00,2026-05-28,2026-06-30,gcrew,noaa_gefs,01,ShortwaveRadiation_Wm2,33,221.5
gep01,00,2026-05-28,2026-06-30,gcrew,noaa_gefs,01,WindSpeed_ms_mean,33,2.4540543323176753
gep01,00,2026-05-28,2026-07-01,gcrew,noaa_gefs,01,AirTemp_C_mean,34,25.300759887695335
gep01,00,2026-05-28,2026-07-01,gcrew,noaa_gefs,01,Pressure_Pa,34,100593.78515625
gep01,00,2026-05-28,2026-07-01,gcrew,noaa_gefs,01,RH_percent_mean,34,66.53337669372559
gep01,00,2026-05-28,2026-07-01,gcrew,noaa_gefs,01,Rain_mm_sum,34,0.20000000298023224
gep01,00,2026-05-28,2026-07-01,gcrew,noaa_gefs,01,ShortwaveRadiation_Wm2,34,347.5
gep01,00,2026-05-28,2026-07-01,gcrew,noaa_gefs,01,WindSpeed_ms_mean,34,3.569256045713047
gep02,00,2026-05-28,2026-05-29,gcrew,noaa_gefs,02,AirTemp_C_mean,1,16.984544372558616
gep02,00,2026-05-28,2026-05-29,gcrew,noaa_gefs,02,Pressure_Pa,1,101312.3720703125
gep02,00,2026-05-28,2026-05-29,gcrew,noaa_gefs,02,RH_percent_mean,1,66.49901962280273
gep02,00,2026-05-28,2026-05-29,gcrew,noaa_gefs,02,Rain_mm_sum,1,0
gep02,00,2026-05-28,2026-05-29,gcrew,noaa_gefs,02,ShortwaveRadiation_Wm2,1,358.5
gep02,00,2026-05-28,2026-05-29,gcrew,noaa_gefs,02,WindSpeed_ms_mean,1,3.324157800523961
gep02,00,2026-05-28,2026-05-30,gcrew,noaa_gefs,02,AirTemp_C_mean,2,14.520104980468773
gep02,00,2026-05-28,2026-05-30,gcrew,noaa_gefs,02,Pressure_Pa,2,101405.7275390625
gep02,00,2026-05-28,2026-05-30,gcrew,noaa_gefs,02,RH_percent_mean,2,63.8339786529541
gep02,00,2026-05-28,2026-05-30,gcrew,noaa_gefs,02,Rain_mm_sum,2,0
gep02,00,2026-05-28,2026-05-30,gcrew,noaa_gefs,02,ShortwaveRadiation_Wm2,2,354
gep02,00,2026-05-28,2026-05-30,gcrew,noaa_gefs,02,WindSpeed_ms_mean,2,6.158624703355217
gep02,00,2026-05-28,2026-05-31,gcrew,noaa_gefs,02,AirTemp_C_mean,3,13.913762664794945
gep02,00,2026-05-28,2026-05-31,gcrew,noaa_gefs,02,Pressure_Pa,3,101891.111328125
gep02,00,2026-05-28,2026-05-31,gcrew,noaa_gefs,02,RH_percent_mean,3,62.99015474319458
gep02,00,2026-05-28,2026-05-31,gcrew,noaa_gefs,02,Rain_mm_sum,3,0
gep02,00,2026-05-28,2026-05-31,gcrew,noaa_gefs,02,ShortwaveRadiation_Wm2,3,361
gep02,00,2026-05-28,2026-05-31,gcrew,noaa_gefs,02,WindSpeed_ms_mean,3,2.3322553142904607
gep02,00,2026-05-28,2026-06-01,gcrew,noaa_gefs,02,AirTemp_C_mean,4,16.62330780029299
gep02,00,2026-05-28,2026-06-01,gcrew,noaa_gefs,02,Pressure_Pa,4,101337.8271484375
gep02,00,2026-05-28,2026-06-01,gcrew,noaa_gefs,02,RH_percent_mean,4,63.69150733947754
gep02,00,2026-05-28,2026-06-01,gcrew,noaa_gefs,02,Rain_mm_sum,4,0
gep02,00,2026-05-28,2026-06-01,gcrew,noaa_gefs,02,ShortwaveRadiation_Wm2,4,325.125
gep02,00,2026-05-28,2026-06-01,gcrew,noaa_gefs,02,WindSpeed_ms_mean,4,3.743790953418161
gep02,00,2026-05-28,2026-06-02,gcrew,noaa_gefs,02,AirTemp_C_mean,5,16.618074035644554
gep02,00,2026-05-28,2026-06-02,gcrew,noaa_gefs,02,Pressure_Pa,5,101068.361328125
gep02,00,2026-05-28,2026-06-02,gcrew,noaa_gefs,02,RH_percent_mean,5,61.181997299194336
gep02,00,2026-05-28,2026-06-02,gcrew,noaa_gefs,02,Rain_mm_sum,5,0
gep02,00,2026-05-28,2026-06-02,gcrew,noaa_gefs,02,ShortwaveRadiation_Wm2,5,345.875
gep02,00,2026-05-28,2026-06-02,gcrew,noaa_gefs,02,WindSpeed_ms_mean,5,2.656702509480038
gep02,00,2026-05-28,2026-06-03,gcrew,noaa_gefs,02,AirTemp_C_mean,6,14.53361282348635
gep02,00,2026-05-28,2026-06-03,gcrew,noaa_gefs,02,Pressure_Pa,6,101265.8505859375
gep02,00,2026-05-28,2026-06-03,gcrew,noaa_gefs,02,RH_percent_mean,6,58.42056369781494
gep02,00,2026-05-28,2026-06-03,gcrew,noaa_gefs,02,Rain_mm_sum,6,0.42000001296401024
gep02,00,2026-05-28,2026-06-03,gcrew,noaa_gefs,02,ShortwaveRadiation_Wm2,6,296.5
gep02,00,2026-05-28,2026-06-03,gcrew,noaa_gefs,02,WindSpeed_ms_mean,6,7.54477270972776
gep02,00,2026-05-28,2026-06-04,gcrew,noaa_gefs,02,AirTemp_C_mean,7,14.779225921630882
gep02,00,2026-05-28,2026-06-04,gcrew,noaa_gefs,02,Pressure_Pa,7,101801.623046875
gep02,00,2026-05-28,2026-06-04,gcrew,noaa_gefs,02,RH_percent_mean,7,63.78340291976929
gep02,00,2026-05-28,2026-06-04,gcrew,noaa_gefs,02,Rain_mm_sum,7,0.3100000023841858
gep02,00,2026-05-28,2026-06-04,gcrew,noaa_gefs,02,ShortwaveRadiation_Wm2,7,321
gep02,00,2026-05-28,2026-06-04,gcrew,noaa_gefs,02,WindSpeed_ms_mean,7,7.469515003650624
gep02,00,2026-05-28,2026-06-05,gcrew,noaa_gefs,02,AirTemp_C_mean,8,15.955716705322288
gep02,00,2026-05-28,2026-06-05,gcrew,noaa_gefs,02,Pressure_Pa,8,101952.7724609375
gep02,00,2026-05-28,2026-06-05,gcrew,noaa_gefs,02,RH_percent_mean,8,61.84580373764038
gep02,00,2026-05-28,2026-06-05,gcrew,noaa_gefs,02,Rain_mm_sum,8,0
gep02,00,2026-05-28,2026-06-05,gcrew,noaa_gefs,02,ShortwaveRadiation_Wm2,8,358
gep02,00,2026-05-28,2026-06-05,gcrew,noaa_gefs,02,WindSpeed_ms_mean,8,4.597932834247479
gep02,00,2026-05-28,2026-06-06,gcrew,noaa_gefs,02,AirTemp_C_mean,9,18.72523106166297
gep02,00,2026-05-28,2026-06-06,gcrew,noaa_gefs,02,Pressure_Pa,9,101935.07700892857
gep02,00,2026-05-28,2026-06-06,gcrew,noaa_gefs,02,RH_percent_mean,9,63.01251983642578
gep02,00,2026-05-28,2026-06-06,gcrew,noaa_gefs,02,Rain_mm_sum,9,0
gep02,00,2026-05-28,2026-06-06,gcrew,noaa_gefs,02,ShortwaveRadiation_Wm2,9,409.14285714285717
gep02,00,2026-05-28,2026-06-06,gcrew,noaa_gefs,02,WindSpeed_ms_mean,9,2.582886239108914
gep02,00,2026-05-28,2026-06-07,gcrew,noaa_gefs,02,AirTemp_C_mean,10,20.02813873291018
gep02,00,2026-05-28,2026-06-07,gcrew,noaa_gefs,02,Pressure_Pa,10,101518.1484375
gep02,00,2026-05-28,2026-06-07,gcrew,noaa_gefs,02,RH_percent_mean,10,64.0985107421875
gep02,00,2026-05-28,2026-06-07,gcrew,noaa_gefs,02,Rain_mm_sum,10,0
gep02,00,2026-05-28,2026-06-07,gcrew,noaa_gefs,02,ShortwaveRadiation_Wm2,10,313.25
gep02,00,2026-05-28,2026-06-07,gcrew,noaa_gefs,02,WindSpeed_ms_mean,10,3.0982185202913497
gep02,00,2026-05-28,2026-06-08,gcrew,noaa_gefs,02,AirTemp_C_mean,11,21.244317626953148
gep02,00,2026-05-28,2026-06-08,gcrew,noaa_gefs,02,Pressure_Pa,11,100838.3359375
gep02,00,2026-05-28,2026-06-08,gcrew,noaa_gefs,02,RH_percent_mean,11,83.27591323852539
gep02,00,2026-05-28,2026-06-08,gcrew,noaa_gefs,02,Rain_mm_sum,11,10.500000312924385
gep02,00,2026-05-28,2026-06-08,gcrew,noaa_gefs,02,ShortwaveRadiation_Wm2,11,130.75
gep02,00,2026-05-28,2026-06-08,gcrew,noaa_gefs,02,WindSpeed_ms_mean,11,5.466295843691377
gep02,00,2026-05-28,2026-06-09,gcrew,noaa_gefs,02,AirTemp_C_mean,12,18.266564941406273
gep02,00,2026-05-28,2026-06-09,gcrew,noaa_gefs,02,Pressure_Pa,12,101545.86328125
gep02,00,2026-05-28,2026-06-09,gcrew,noaa_gefs,02,RH_percent_mean,12,65.5650224685669
gep02,00,2026-05-28,2026-06-09,gcrew,noaa_gefs,02,Rain_mm_sum,12,2.4000000953674316
gep02,00,2026-05-28,2026-06-09,gcrew,noaa_gefs,02,ShortwaveRadiation_Wm2,12,361.25
gep02,00,2026-05-28,2026-06-09,gcrew,noaa_gefs,02,WindSpeed_ms_mean,12,7.459937362211188
gep02,00,2026-05-28,2026-06-10,gcrew,noaa_gefs,02,AirTemp_C_mean,13,17.935144042968773
gep02,00,2026-05-28,2026-06-10,gcrew,noaa_gefs,02,Pressure_Pa,13,102414.19921875
gep02,00,2026-05-28,2026-06-10,gcrew,noaa_gefs,02,RH_percent_mean,13,56.38784217834473
gep02,00,2026-05-28,2026-06-10,gcrew,noaa_gefs,02,Rain_mm_sum,13,0
gep02,00,2026-05-28,2026-06-10,gcrew,noaa_gefs,02,ShortwaveRadiation_Wm2,13,363.25
gep02,00,2026-05-28,2026-06-10,gcrew,noaa_gefs,02,WindSpeed_ms_mean,13,4.315274059982924
gep02,00,2026-05-28,2026-06-11,gcrew,noaa_gefs,02,AirTemp_C_mean,14,18.79597625732424
gep02,00,2026-05-28,2026-06-11,gcrew,noaa_gefs,02,Pressure_Pa,14,102375.763671875
gep02,00,2026-05-28,2026-06-11,gcrew,noaa_gefs,02,RH_percent_mean,14,57.19118881225586
gep02,00,2026-05-28,2026-06-11,gcrew,noaa_gefs,02,Rain_mm_sum,14,0
gep02,00,2026-05-28,2026-06-11,gcrew,noaa_gefs,02,ShortwaveRadiation_Wm2,14,359.25
gep02,00,2026-05-28,2026-06-11,gcrew,noaa_gefs,02,WindSpeed_ms_mean,14,2.5567400202041837
gep02,00,2026-05-28,2026-06-12,gcrew,noaa_gefs,02,AirTemp_C_mean,15,20.419717407226585
gep02,00,2026-05-28,2026-06-12,gcrew,noaa_gefs,02,Pressure_Pa,15,101882.580078125
gep02,00,2026-05-28,2026-06-12,gcrew,noaa_gefs,02,RH_percent_mean,15,61.499000549316406
gep02,00,2026-05-28,2026-06-12,gcrew,noaa_gefs,02,Rain_mm_sum,15,0
gep02,00,2026-05-28,2026-06-12,gcrew,noaa_gefs,02,ShortwaveRadiation_Wm2,15,338.75
gep02,00,2026-05-28,2026-06-12,gcrew,noaa_gefs,02,WindSpeed_ms_mean,15,2.427922764317797
gep02,00,2026-05-28,2026-06-13,gcrew,noaa_gefs,02,AirTemp_C_mean,16,22.97486267089846
gep02,00,2026-05-28,2026-06-13,gcrew,noaa_gefs,02,Pressure_Pa,16,101575.34375
gep02,00,2026-05-28,2026-06-13,gcrew,noaa_gefs,02,RH_percent_mean,16,66.48400783538818
gep02,00,2026-05-28,2026-06-13,gcrew,noaa_gefs,02,Rain_mm_sum,16,0
gep02,00,2026-05-28,2026-06-13,gcrew,noaa_gefs,02,ShortwaveRadiation_Wm2,16,336.75
gep02,00,2026-05-28,2026-06-13,gcrew,noaa_gefs,02,WindSpeed_ms_mean,16,3.760233349203137
gep02,00,2026-05-28,2026-06-14,gcrew,noaa_gefs,02,AirTemp_C_mean,17,21.73445281982424
gep02,00,2026-05-28,2026-06-14,gcrew,noaa_gefs,02,Pressure_Pa,17,101758.880859375
gep02,00,2026-05-28,2026-06-14,gcrew,noaa_gefs,02,RH_percent_mean,17,60.63445472717285
gep02,00,2026-05-28,2026-06-14,gcrew,noaa_gefs,02,Rain_mm_sum,17,0
gep02,00,2026-05-28,2026-06-14,gcrew,noaa_gefs,02,ShortwaveRadiation_Wm2,17,345
gep02,00,2026-05-28,2026-06-14,gcrew,noaa_gefs,02,WindSpeed_ms_mean,17,3.877745024465436
gep02,00,2026-05-28,2026-06-15,gcrew,noaa_gefs,02,AirTemp_C_mean,18,27.282464599609398
gep02,00,2026-05-28,2026-06-15,gcrew,noaa_gefs,02,Pressure_Pa,18,101216.53125
gep02,00,2026-05-28,2026-06-15,gcrew,noaa_gefs,02,RH_percent_mean,18,62.073336601257324
gep02,00,2026-05-28,2026-06-15,gcrew,noaa_gefs,02,Rain_mm_sum,18,0.10000000149011612
gep02,00,2026-05-28,2026-06-15,gcrew,noaa_gefs,02,ShortwaveRadiation_Wm2,18,342.25
gep02,00,2026-05-28,2026-06-15,gcrew,noaa_gefs,02,WindSpeed_ms_mean,18,3.863105661866631
gep02,00,2026-05-28,2026-06-16,gcrew,noaa_gefs,02,AirTemp_C_mean,19,27.164888000488304
gep02,00,2026-05-28,2026-06-16,gcrew,noaa_gefs,02,Pressure_Pa,19,101554.767578125
gep02,00,2026-05-28,2026-06-16,gcrew,noaa_gefs,02,RH_percent_mean,19,61.02194118499756
gep02,00,2026-05-28,2026-06-16,gcrew,noaa_gefs,02,Rain_mm_sum,19,0.10000000149011612
gep02,00,2026-05-28,2026-06-16,gcrew,noaa_gefs,02,ShortwaveRadiation_Wm2,19,297.5
gep02,00,2026-05-28,2026-06-16,gcrew,noaa_gefs,02,WindSpeed_ms_mean,19,2.604843904299301
gep02,00,2026-05-28,2026-06-17,gcrew,noaa_gefs,02,AirTemp_C_mean,20,22.97168884277346
gep02,00,2026-05-28,2026-06-17,gcrew,noaa_gefs,02,Pressure_Pa,20,101994.060546875
gep02,00,2026-05-28,2026-06-17,gcrew,noaa_gefs,02,RH_percent_mean,20,85.14014625549316
gep02,00,2026-05-28,2026-06-17,gcrew,noaa_gefs,02,Rain_mm_sum,20,2.9000000953674316
gep02,00,2026-05-28,2026-06-17,gcrew,noaa_gefs,02,ShortwaveRadiation_Wm2,20,269.25
gep02,00,2026-05-28,2026-06-17,gcrew,noaa_gefs,02,WindSpeed_ms_mean,20,4.609625277607201
gep02,00,2026-05-28,2026-06-18,gcrew,noaa_gefs,02,AirTemp_C_mean,21,22.94593963623049
gep02,00,2026-05-28,2026-06-18,gcrew,noaa_gefs,02,Pressure_Pa,21,101981.146484375
gep02,00,2026-05-28,2026-06-18,gcrew,noaa_gefs,02,RH_percent_mean,21,86.89044570922852
gep02,00,2026-05-28,2026-06-18,gcrew,noaa_gefs,02,Rain_mm_sum,21,1.4000000357627869
gep02,00,2026-05-28,2026-06-18,gcrew,noaa_gefs,02,ShortwaveRadiation_Wm2,21,303.25
gep02,00,2026-05-28,2026-06-18,gcrew,noaa_gefs,02,WindSpeed_ms_mean,21,2.586226235579734
gep02,00,2026-05-28,2026-06-19,gcrew,noaa_gefs,02,AirTemp_C_mean,22,26.268060302734398
gep02,00,2026-05-28,2026-06-19,gcrew,noaa_gefs,02,Pressure_Pa,22,101740.232421875
gep02,00,2026-05-28,2026-06-19,gcrew,noaa_gefs,02,RH_percent_mean,22,70.88781070709229
gep02,00,2026-05-28,2026-06-19,gcrew,noaa_gefs,02,Rain_mm_sum,22,0
gep02,00,2026-05-28,2026-06-19,gcrew,noaa_gefs,02,ShortwaveRadiation_Wm2,22,333
gep02,00,2026-05-28,2026-06-19,gcrew,noaa_gefs,02,WindSpeed_ms_mean,22,4.6750494445637285
gep02,00,2026-05-28,2026-06-20,gcrew,noaa_gefs,02,AirTemp_C_mean,23,27.841043090820335
gep02,00,2026-05-28,2026-06-20,gcrew,noaa_gefs,02,Pressure_Pa,23,101515.064453125
gep02,00,2026-05-28,2026-06-20,gcrew,noaa_gefs,02,RH_percent_mean,23,61.98535442352295
gep02,00,2026-05-28,2026-06-20,gcrew,noaa_gefs,02,Rain_mm_sum,23,0
gep02,00,2026-05-28,2026-06-20,gcrew,noaa_gefs,02,ShortwaveRadiation_Wm2,23,317.5
gep02,00,2026-05-28,2026-06-20,gcrew,noaa_gefs,02,WindSpeed_ms_mean,23,3.626574370372676
gep02,00,2026-05-28,2026-06-21,gcrew,noaa_gefs,02,AirTemp_C_mean,24,27.115220642089866
gep02,00,2026-05-28,2026-06-21,gcrew,noaa_gefs,02,Pressure_Pa,24,101335.810546875
gep02,00,2026-05-28,2026-06-21,gcrew,noaa_gefs,02,RH_percent_mean,24,61.86435508728027
gep02,00,2026-05-28,2026-06-21,gcrew,noaa_gefs,02,Rain_mm_sum,24,0
gep02,00,2026-05-28,2026-06-21,gcrew,noaa_gefs,02,ShortwaveRadiation_Wm2,24,325.75
gep02,00,2026-05-28,2026-06-21,gcrew,noaa_gefs,02,WindSpeed_ms_mean,24,4.1586571738201075
gep02,00,2026-05-28,2026-06-22,gcrew,noaa_gefs,02,AirTemp_C_mean,25,24.424424743652366
gep02,00,2026-05-28,2026-06-22,gcrew,noaa_gefs,02,Pressure_Pa,25,101386.505859375
gep02,00,2026-05-28,2026-06-22,gcrew,noaa_gefs,02,RH_percent_mean,25,81.4093132019043
gep02,00,2026-05-28,2026-06-22,gcrew,noaa_gefs,02,Rain_mm_sum,25,0.4000000059604645
gep02,00,2026-05-28,2026-06-22,gcrew,noaa_gefs,02,ShortwaveRadiation_Wm2,25,100.5
gep02,00,2026-05-28,2026-06-22,gcrew,noaa_gefs,02,WindSpeed_ms_mean,25,4.003219955758446
gep02,00,2026-05-28,2026-06-23,gcrew,noaa_gefs,02,AirTemp_C_mean,26,22.006524658203148
gep02,00,2026-05-28,2026-06-23,gcrew,noaa_gefs,02,Pressure_Pa,26,101129.3515625
gep02,00,2026-05-28,2026-06-23,gcrew,noaa_gefs,02,RH_percent_mean,26,93.43722724914551
gep02,00,2026-05-28,2026-06-23,gcrew,noaa_gefs,02,Rain_mm_sum,26,55.300001695752144
gep02,00,2026-05-28,2026-06-23,gcrew,noaa_gefs,02,ShortwaveRadiation_Wm2,26,22.75
gep02,00,2026-05-28,2026-06-23,gcrew,noaa_gefs,02,WindSpeed_ms_mean,26,4.542991536121778
gep02,00,2026-05-28,2026-06-24,gcrew,noaa_gefs,02,AirTemp_C_mean,27,22.589105224609398
gep02,00,2026-05-28,2026-06-24,gcrew,noaa_gefs,02,Pressure_Pa,27,100791.896484375
gep02,00,2026-05-28,2026-06-24,gcrew,noaa_gefs,02,RH_percent_mean,27,86.6486873626709
gep02,00,2026-05-28,2026-06-24,gcrew,noaa_gefs,02,Rain_mm_sum,27,8.000000096857548
gep02,00,2026-05-28,2026-06-24,gcrew,noaa_gefs,02,ShortwaveRadiation_Wm2,27,230.25
gep02,00,2026-05-28,2026-06-24,gcrew,noaa_gefs,02,WindSpeed_ms_mean,27,4.664738764840051
gep02,00,2026-05-28,2026-06-25,gcrew,noaa_gefs,02,AirTemp_C_mean,28,21.151040649414085
gep02,00,2026-05-28,2026-06-25,gcrew,noaa_gefs,02,Pressure_Pa,28,100968.654296875
gep02,00,2026-05-28,2026-06-25,gcrew,noaa_gefs,02,RH_percent_mean,28,59.870840072631836
gep02,00,2026-05-28,2026-06-25,gcrew,noaa_gefs,02,Rain_mm_sum,28,0.10000000149011612
gep02,00,2026-05-28,2026-06-25,gcrew,noaa_gefs,02,ShortwaveRadiation_Wm2,28,355.75
gep02,00,2026-05-28,2026-06-25,gcrew,noaa_gefs,02,WindSpeed_ms_mean,28,4.965440944060037
gep02,00,2026-05-28,2026-06-26,gcrew,noaa_gefs,02,AirTemp_C_mean,29,20.49548492431643
gep02,00,2026-05-28,2026-06-26,gcrew,noaa_gefs,02,Pressure_Pa,29,101440.876953125
gep02,00,2026-05-28,2026-06-26,gcrew,noaa_gefs,02,RH_percent_mean,29,59.463311195373535
gep02,00,2026-05-28,2026-06-26,gcrew,noaa_gefs,02,Rain_mm_sum,29,0
gep02,00,2026-05-28,2026-06-26,gcrew,noaa_gefs,02,ShortwaveRadiation_Wm2,29,351
gep02,00,2026-05-28,2026-06-26,gcrew,noaa_gefs,02,WindSpeed_ms_mean,29,4.224020219033529
gep02,00,2026-05-28,2026-06-27,gcrew,noaa_gefs,02,AirTemp_C_mean,30,22.24182281494143
gep02,00,2026-05-28,2026-06-27,gcrew,noaa_gefs,02,Pressure_Pa,30,101707.216796875
gep02,00,2026-05-28,2026-06-27,gcrew,noaa_gefs,02,RH_percent_mean,30,58.40474605560303
gep02,00,2026-05-28,2026-06-27,gcrew,noaa_gefs,02,Rain_mm_sum,30,0
gep02,00,2026-05-28,2026-06-27,gcrew,noaa_gefs,02,ShortwaveRadiation_Wm2,30,351
gep02,00,2026-05-28,2026-06-27,gcrew,noaa_gefs,02,WindSpeed_ms_mean,30,4.272810309335263
gep02,00,2026-05-28,2026-06-28,gcrew,noaa_gefs,02,AirTemp_C_mean,31,24.168817138671898
gep02,00,2026-05-28,2026-06-28,gcrew,noaa_gefs,02,Pressure_Pa,31,101494.826171875
gep02,00,2026-05-28,2026-06-28,gcrew,noaa_gefs,02,RH_percent_mean,31,71.39916801452637
gep02,00,2026-05-28,2026-06-28,gcrew,noaa_gefs,02,Rain_mm_sum,31,0
gep02,00,2026-05-28,2026-06-28,gcrew,noaa_gefs,02,ShortwaveRadiation_Wm2,31,344
gep02,00,2026-05-28,2026-06-28,gcrew,noaa_gefs,02,WindSpeed_ms_mean,31,3.5498743444693566
gep02,00,2026-05-28,2026-06-29,gcrew,noaa_gefs,02,AirTemp_C_mean,32,26.337808227539085
gep02,00,2026-05-28,2026-06-29,gcrew,noaa_gefs,02,Pressure_Pa,32,101015.88671875
gep02,00,2026-05-28,2026-06-29,gcrew,noaa_gefs,02,RH_percent_mean,32,67.18145847320557
gep02,00,2026-05-28,2026-06-29,gcrew,noaa_gefs,02,Rain_mm_sum,32,0
gep02,00,2026-05-28,2026-06-29,gcrew,noaa_gefs,02,ShortwaveRadiation_Wm2,32,322.5
gep02,00,2026-05-28,2026-06-29,gcrew,noaa_gefs,02,WindSpeed_ms_mean,32,3.924499337392451
gep02,00,2026-05-28,2026-06-30,gcrew,noaa_gefs,02,AirTemp_C_mean,33,26.703363037109398
gep02,00,2026-05-28,2026-06-30,gcrew,noaa_gefs,02,Pressure_Pa,33,100415.265625
gep02,00,2026-05-28,2026-06-30,gcrew,noaa_gefs,02,RH_percent_mean,33,70.66891098022461
gep02,00,2026-05-28,2026-06-30,gcrew,noaa_gefs,02,Rain_mm_sum,33,0.7999999895691872
gep02,00,2026-05-28,2026-06-30,gcrew,noaa_gefs,02,ShortwaveRadiation_Wm2,33,221.5
gep02,00,2026-05-28,2026-06-30,gcrew,noaa_gefs,02,WindSpeed_ms_mean,33,2.4540543323176753
gep02,00,2026-05-28,2026-07-01,gcrew,noaa_gefs,02,AirTemp_C_mean,34,25.300759887695335
gep02,00,2026-05-28,2026-07-01,gcrew,noaa_gefs,02,Pressure_Pa,34,100593.78515625
gep02,00,2026-05-28,2026-07-01,gcrew,noaa_gefs,02,RH_percent_mean,34,66.53337669372559
gep02,00,2026-05-28,2026-07-01,gcrew,noaa_gefs,02,Rain_mm_sum,34,0.20000000298023224
gep02,00,2026-05-28,2026-07-01,gcrew,noaa_gefs,02,ShortwaveRadiation_Wm2,34,347.5
gep02,00,2026-05-28,2026-07-01,gcrew,noaa_gefs,02,WindSpeed_ms_mean,34,3.569256045713047
gep03,00,2026-05-28,2026-05-29,gcrew,noaa_gefs,03,AirTemp_C_mean,1,16.984544372558616
gep03,00,2026-05-28,2026-05-29,gcrew,noaa_gefs,03,Pressure_Pa,1,101312.3720703125
gep03,00,2026-05-28,2026-05-29,gcrew,noaa_gefs,03,RH_percent_mean,1,66.49901962280273
gep03,00,2026-05-28,2026-05-29,gcrew,noaa_gefs,03,Rain_mm_sum,1,0
gep03,00,2026-05-28,2026-05-29,gcrew,noaa_gefs,03,ShortwaveRadiation_Wm2,1,358.5
gep03,00,2026-05-28,2026-05-29,gcrew,noaa_gefs,03,WindSpeed_ms_mean,1,3.324157800523961
gep03,00,2026-05-28,2026-05-30,gcrew,noaa_gefs,03,AirTemp_C_mean,2,14.520104980468773
gep03,00,2026-05-28,2026-05-30,gcrew,noaa_gefs,03,Pressure_Pa,2,101405.7275390625
gep03,00,2026-05-28,2026-05-30,gcrew,noaa_gefs,03,RH_percent_mean,2,63.8339786529541
gep03,00,2026-05-28,2026-05-30,gcrew,noaa_gefs,03,Rain_mm_sum,2,0
gep03,00,2026-05-28,2026-05-30,gcrew,noaa_gefs,03,ShortwaveRadiation_Wm2,2,354
gep03,00,2026-05-28,2026-05-30,gcrew,noaa_gefs,03,WindSpeed_ms_mean,2,6.158624703355217
gep03,00,2026-05-28,2026-05-31,gcrew,noaa_gefs,03,AirTemp_C_mean,3,13.913762664794945
gep03,00,2026-05-28,2026-05-31,gcrew,noaa_gefs,03,Pressure_Pa,3,101891.111328125
gep03,00,2026-05-28,2026-05-31,gcrew,noaa_gefs,03,RH_percent_mean,3,62.99015474319458
gep03,00,2026-05-28,2026-05-31,gcrew,noaa_gefs,03,Rain_mm_sum,3,0
gep03,00,2026-05-28,2026-05-31,gcrew,noaa_gefs,03,ShortwaveRadiation_Wm2,3,361
gep03,00,2026-05-28,2026-05-31,gcrew,noaa_gefs,03,WindSpeed_ms_mean,3,2.3322553142904607
gep03,00,2026-05-28,2026-06-01,gcrew,noaa_gefs,03,AirTemp_C_mean,4,16.62330780029299
gep03,00,2026-05-28,2026-06-01,gcrew,noaa_gefs,03,Pressure_Pa,4,101337.8271484375
gep03,00,2026-05-28,2026-06-01,gcrew,noaa_gefs,03,RH_percent_mean,4,63.69150733947754
gep03,00,2026-05-28,2026-06-01,gcrew,noaa_gefs,03,Rain_mm_sum,4,0
gep03,00,2026-05-28,2026-06-01,gcrew,noaa_gefs,03,ShortwaveRadiation_Wm2,4,325.125
gep03,00,2026-05-28,2026-06-01,gcrew,noaa_gefs,03,WindSpeed_ms_mean,4,3.743790953418161
gep03,00,2026-05-28,2026-06-02,gcrew,noaa_gefs,03,AirTemp_C_mean,5,16.618074035644554
gep03,00,2026-05-28,2026-06-02,gcrew,noaa_gefs,03,Pressure_Pa,5,101068.361328125
gep03,00,2026-05-28,2026-06-02,gcrew,noaa_gefs,03,RH_percent_mean,5,61.181997299194336
gep03,00,2026-05-28,2026-06-02,gcrew,noaa_gefs,03,Rain_mm_sum,5,0
gep03,00,2026-05-28,2026-06-02,gcrew,noaa_gefs,03,ShortwaveRadiation_Wm2,5,345.875
gep03,00,2026-05-28,2026-06-02,gcrew,noaa_gefs,03,WindSpeed_ms_mean,5,2.656702509480038
gep03,00,2026-05-28,2026-06-03,gcrew,noaa_gefs,03,AirTemp_C_mean,6,14.53361282348635
gep03,00,2026-05-28,2026-06-03,gcrew,noaa_gefs,03,Pressure_Pa,6,101265.8505859375
gep03,00,2026-05-28,2026-06-03,gcrew,noaa_gefs,03,RH_percent_mean,6,58.42056369781494
gep03,00,2026-05-28,2026-06-03,gcrew,noaa_gefs,03,Rain_mm_sum,6,0.42000001296401024
gep03,00,2026-05-28,2026-06-03,gcrew,noaa_gefs,03,ShortwaveRadiation_Wm2,6,296.5
gep03,00,2026-05-28,2026-06-03,gcrew,noaa_gefs,03,WindSpeed_ms_mean,6,7.54477270972776
gep03,00,2026-05-28,2026-06-04,gcrew,noaa_gefs,03,AirTemp_C_mean,7,14.779225921630882
gep03,00,2026-05-28,2026-06-04,gcrew,noaa_gefs,03,Pressure_Pa,7,101801.623046875
gep03,00,2026-05-28,2026-06-04,gcrew,noaa_gefs,03,RH_percent_mean,7,63.78340291976929
gep03,00,2026-05-28,2026-06-04,gcrew,noaa_gefs,03,Rain_mm_sum,7,0.3100000023841858
gep03,00,2026-05-28,2026-06-04,gcrew,noaa_gefs,03,ShortwaveRadiation_Wm2,7,321
gep03,00,2026-05-28,2026-06-04,gcrew,noaa_gefs,03,WindSpeed_ms_mean,7,7.469515003650624
gep03,00,2026-05-28,2026-06-05,gcrew,noaa_gefs,03,AirTemp_C_mean,8,15.955716705322288
gep03,00,2026-05-28,2026-06-05,gcrew,noaa_gefs,03,Pressure_Pa,8,101952.7724609375
gep03,00,2026-05-28,2026-06-05,gcrew,noaa_gefs,03,RH_percent_mean,8,61.84580373764038
gep03,00,2026-05-28,2026-06-05,gcrew,noaa_gefs,03,Rain_mm_sum,8,0
gep03,00,2026-05-28,2026-06-05,gcrew,noaa_gefs,03,ShortwaveRadiation_Wm2,8,358
gep03,00,2026-05-28,2026-06-05,gcrew,noaa_gefs,03,WindSpeed_ms_mean,8,4.597932834247479
gep03,00,2026-05-28,2026-06-06,gcrew,noaa_gefs,03,AirTemp_C_mean,9,18.72523106166297
gep03,00,2026-05-28,2026-06-06,gcrew,noaa_gefs,03,Pressure_Pa,9,101935.07700892857
gep03,00,2026-05-28,2026-06-06,gcrew,noaa_gefs,03,RH_percent_mean,9,63.01251983642578
gep03,00,2026-05-28,2026-06-06,gcrew,noaa_gefs,03,Rain_mm_sum,9,0
gep03,00,2026-05-28,2026-06-06,gcrew,noaa_gefs,03,ShortwaveRadiation_Wm2,9,409.14285714285717
gep03,00,2026-05-28,2026-06-06,gcrew,noaa_gefs,03,WindSpeed_ms_mean,9,2.582886239108914
gep03,00,2026-05-28,2026-06-07,gcrew,noaa_gefs,03,AirTemp_C_mean,10,20.02813873291018
gep03,00,2026-05-28,2026-06-07,gcrew,noaa_gefs,03,Pressure_Pa,10,101518.1484375
gep03,00,2026-05-28,2026-06-07,gcrew,noaa_gefs,03,RH_percent_mean,10,64.0985107421875
gep03,00,2026-05-28,2026-06-07,gcrew,noaa_gefs,03,Rain_mm_sum,10,0
gep03,00,2026-05-28,2026-06-07,gcrew,noaa_gefs,03,ShortwaveRadiation_Wm2,10,313.25
gep03,00,2026-05-28,2026-06-07,gcrew,noaa_gefs,03,WindSpeed_ms_mean,10,3.0982185202913497
gep03,00,2026-05-28,2026-06-08,gcrew,noaa_gefs,03,AirTemp_C_mean,11,21.244317626953148
gep03,00,2026-05-28,2026-06-08,gcrew,noaa_gefs,03,Pressure_Pa,11,100838.3359375
gep03,00,2026-05-28,2026-06-08,gcrew,noaa_gefs,03,RH_percent_mean,11,83.27591323852539
gep03,00,2026-05-28,2026-06-08,gcrew,noaa_gefs,03,Rain_mm_sum,11,10.500000312924385
gep03,00,2026-05-28,2026-06-08,gcrew,noaa_gefs,03,ShortwaveRadiation_Wm2,11,130.75
gep03,00,2026-05-28,2026-06-08,gcrew,noaa_gefs,03,WindSpeed_ms_mean,11,5.466295843691377
gep03,00,2026-05-28,2026-06-09,gcrew,noaa_gefs,03,AirTemp_C_mean,12,18.266564941406273
gep03,00,2026-05-28,2026-06-09,gcrew,noaa_gefs,03,Pressure_Pa,12,101545.86328125
gep03,00,2026-05-28,2026-06-09,gcrew,noaa_gefs,03,RH_percent_mean,12,65.5650224685669
gep03,00,2026-05-28,2026-06-09,gcrew,noaa_gefs,03,Rain_mm_sum,12,2.4000000953674316
gep03,00,2026-05-28,2026-06-09,gcrew,noaa_gefs,03,ShortwaveRadiation_Wm2,12,361.25
gep03,00,2026-05-28,2026-06-09,gcrew,noaa_gefs,03,WindSpeed_ms_mean,12,7.459937362211188
gep03,00,2026-05-28,2026-06-10,gcrew,noaa_gefs,03,AirTemp_C_mean,13,17.935144042968773
gep03,00,2026-05-28,2026-06-10,gcrew,noaa_gefs,03,Pressure_Pa,13,102414.19921875
gep03,00,2026-05-28,2026-06-10,gcrew,noaa_gefs,03,RH_percent_mean,13,56.38784217834473
gep03,00,2026-05-28,2026-06-10,gcrew,noaa_gefs,03,Rain_mm_sum,13,0
gep03,00,2026-05-28,2026-06-10,gcrew,noaa_gefs,03,ShortwaveRadiation_Wm2,13,363.25
gep03,00,2026-05-28,2026-06-10,gcrew,noaa_gefs,03,WindSpeed_ms_mean,13,4.315274059982924
gep03,00,2026-05-28,2026-06-11,gcrew,noaa_gefs,03,AirTemp_C_mean,14,18.79597625732424
gep03,00,2026-05-28,2026-06-11,gcrew,noaa_gefs,03,Pressure_Pa,14,102375.763671875
gep03,00,2026-05-28,2026-06-11,gcrew,noaa_gefs,03,RH_percent_mean,14,57.19118881225586
gep03,00,2026-05-28,2026-06-11,gcrew,noaa_gefs,03,Rain_mm_sum,14,0
gep03,00,2026-05-28,2026-06-11,gcrew,noaa_gefs,03,ShortwaveRadiation_Wm2,14,359.25
gep03,00,2026-05-28,2026-06-11,gcrew,noaa_gefs,03,WindSpeed_ms_mean,14,2.5567400202041837
gep03,00,2026-05-28,2026-06-12,gcrew,noaa_gefs,03,AirTemp_C_mean,15,20.419717407226585
gep03,00,2026-05-28,2026-06-12,gcrew,noaa_gefs,03,Pressure_Pa,15,101882.580078125
gep03,00,2026-05-28,2026-06-12,gcrew,noaa_gefs,03,RH_percent_mean,15,61.499000549316406
gep03,00,2026-05-28,2026-06-12,gcrew,noaa_gefs,03,Rain_mm_sum,15,0
gep03,00,2026-05-28,2026-06-12,gcrew,noaa_gefs,03,ShortwaveRadiation_Wm2,15,338.75
gep03,00,2026-05-28,2026-06-12,gcrew,noaa_gefs,03,WindSpeed_ms_mean,15,2.427922764317797
gep03,00,2026-05-28,2026-06-13,gcrew,noaa_gefs,03,AirTemp_C_mean,16,22.97486267089846
gep03,00,2026-05-28,2026-06-13,gcrew,noaa_gefs,03,Pressure_Pa,16,101575.34375
gep03,00,2026-05-28,2026-06-13,gcrew,noaa_gefs,03,RH_percent_mean,16,66.48400783538818
gep03,00,2026-05-28,2026-06-13,gcrew,noaa_gefs,03,Rain_mm_sum,16,0
gep03,00,2026-05-28,2026-06-13,gcrew,noaa_gefs,03,ShortwaveRadiation_Wm2,16,336.75
gep03,00,2026-05-28,2026-06-13,gcrew,noaa_gefs,03,WindSpeed_ms_mean,16,3.760233349203137
gep03,00,2026-05-28,2026-06-14,gcrew,noaa_gefs,03,AirTemp_C_mean,17,21.73445281982424
gep03,00,2026-05-28,2026-06-14,gcrew,noaa_gefs,03,Pressure_Pa,17,101758.880859375
gep03,00,2026-05-28,2026-06-14,gcrew,noaa_gefs,03,RH_percent_mean,17,60.63445472717285
gep03,00,2026-05-28,2026-06-14,gcrew,noaa_gefs,03,Rain_mm_sum,17,0
gep03,00,2026-05-28,2026-06-14,gcrew,noaa_gefs,03,ShortwaveRadiation_Wm2,17,345
gep03,00,2026-05-28,2026-06-14,gcrew,noaa_gefs,03,WindSpeed_ms_mean,17,3.877745024465436
gep03,00,2026-05-28,2026-06-15,gcrew,noaa_gefs,03,AirTemp_C_mean,18,27.282464599609398
gep03,00,2026-05-28,2026-06-15,gcrew,noaa_gefs,03,Pressure_Pa,18,101216.53125
gep03,00,2026-05-28,2026-06-15,gcrew,noaa_gefs,03,RH_percent_mean,18,62.073336601257324
gep03,00,2026-05-28,2026-06-15,gcrew,noaa_gefs,03,Rain_mm_sum,18,0.10000000149011612
gep03,00,2026-05-28,2026-06-15,gcrew,noaa_gefs,03,ShortwaveRadiation_Wm2,18,342.25
gep03,00,2026-05-28,2026-06-15,gcrew,noaa_gefs,03,WindSpeed_ms_mean,18,3.863105661866631
gep03,00,2026-05-28,2026-06-16,gcrew,noaa_gefs,03,AirTemp_C_mean,19,27.164888000488304
gep03,00,2026-05-28,2026-06-16,gcrew,noaa_gefs,03,Pressure_Pa,19,101554.767578125
gep03,00,2026-05-28,2026-06-16,gcrew,noaa_gefs,03,RH_percent_mean,19,61.02194118499756
gep03,00,2026-05-28,2026-06-16,gcrew,noaa_gefs,03,Rain_mm_sum,19,0.10000000149011612
gep03,00,2026-05-28,2026-06-16,gcrew,noaa_gefs,03,ShortwaveRadiation_Wm2,19,297.5
gep03,00,2026-05-28,2026-06-16,gcrew,noaa_gefs,03,WindSpeed_ms_mean,19,2.604843904299301
gep03,00,2026-05-28,2026-06-17,gcrew,noaa_gefs,03,AirTemp_C_mean,20,22.97168884277346
gep03,00,2026-05-28,2026-06-17,gcrew,noaa_gefs,03,Pressure_Pa,20,101994.060546875
gep03,00,2026-05-28,2026-06-17,gcrew,noaa_gefs,03,RH_percent_mean,20,85.14014625549316
gep03,00,2026-05-28,2026-06-17,gcrew,noaa_gefs,03,Rain_mm_sum,20,2.9000000953674316
gep03,00,2026-05-28,2026-06-17,gcrew,noaa_gefs,03,ShortwaveRadiation_Wm2,20,269.25
gep03,00,2026-05-28,2026-06-17,gcrew,noaa_gefs,03,WindSpeed_ms_mean,20,4.609625277607201
gep03,00,2026-05-28,2026-06-18,gcrew,noaa_gefs,03,AirTemp_C_mean,21,22.94593963623049
gep03,00,2026-05-28,2026-06-18,gcrew,noaa_gefs,03,Pressure_Pa,21,101981.146484375
gep03,00,2026-05-28,2026-06-18,gcrew,noaa_gefs,03,RH_percent_mean,21,86.89044570922852
gep03,00,2026-05-28,2026-06-18,gcrew,noaa_gefs,03,Rain_mm_sum,21,1.4000000357627869
gep03,00,2026-05-28,2026-06-18,gcrew,noaa_gefs,03,ShortwaveRadiation_Wm2,21,303.25
gep03,00,2026-05-28,2026-06-18,gcrew,noaa_gefs,03,WindSpeed_ms_mean,21,2.586226235579734
gep03,00,2026-05-28,2026-06-19,gcrew,noaa_gefs,03,AirTemp_C_mean,22,26.268060302734398
gep03,00,2026-05-28,2026-06-19,gcrew,noaa_gefs,03,Pressure_Pa,22,101740.232421875
gep03,00,2026-05-28,2026-06-19,gcrew,noaa_gefs,03,RH_percent_mean,22,70.88781070709229
gep03,00,2026-05-28,2026-06-19,gcrew,noaa_gefs,03,Rain_mm_sum,22,0
gep03,00,2026-05-28,2026-06-19,gcrew,noaa_gefs,03,ShortwaveRadiation_Wm2,22,333
gep03,00,2026-05-28,2026-06-19,gcrew,noaa_gefs,03,WindSpeed_ms_mean,22,4.6750494445637285
gep03,00,2026-05-28,2026-06-20,gcrew,noaa_gefs,03,AirTemp_C_mean,23,27.841043090820335
gep03,00,2026-05-28,2026-06-20,gcrew,noaa_gefs,03,Pressure_Pa,23,101515.064453125
gep03,00,2026-05-28,2026-06-20,gcrew,noaa_gefs,03,RH_percent_mean,23,61.98535442352295
gep03,00,2026-05-28,2026-06-20,gcrew,noaa_gefs,03,Rain_mm_sum,23,0
gep03,00,2026-05-28,2026-06-20,gcrew,noaa_gefs,03,ShortwaveRadiation_Wm2,23,317.5
gep03,00,2026-05-28,2026-06-20,gcrew,noaa_gefs,03,WindSpeed_ms_mean,23,3.626574370372676
gep03,00,2026-05-28,2026-06-21,gcrew,noaa_gefs,03,AirTemp_C_mean,24,27.115220642089866
gep03,00,2026-05-28,2026-06-21,gcrew,noaa_gefs,03,Pressure_Pa,24,101335.810546875
gep03,00,2026-05-28,2026-06-21,gcrew,noaa_gefs,03,RH_percent_mean,24,61.86435508728027
gep03,00,2026-05-28,2026-06-21,gcrew,noaa_gefs,03,Rain_mm_sum,24,0
gep03,00,2026-05-28,2026-06-21,gcrew,noaa_gefs,03,ShortwaveRadiation_Wm2,24,325.75
gep03,00,2026-05-28,2026-06-21,gcrew,noaa_gefs,03,WindSpeed_ms_mean,24,4.1586571738201075
gep03,00,2026-05-28,2026-06-22,gcrew,noaa_gefs,03,AirTemp_C_mean,25,24.424424743652366
gep03,00,2026-05-28,2026-06-22,gcrew,noaa_gefs,03,Pressure_Pa,25,101386.505859375
gep03,00,2026-05-28,2026-06-22,gcrew,noaa_gefs,03,RH_percent_mean,25,81.4093132019043
gep03,00,2026-05-28,2026-06-22,gcrew,noaa_gefs,03,Rain_mm_sum,25,0.4000000059604645
gep03,00,2026-05-28,2026-06-22,gcrew,noaa_gefs,03,ShortwaveRadiation_Wm2,25,100.5
gep03,00,2026-05-28,2026-06-22,gcrew,noaa_gefs,03,WindSpeed_ms_mean,25,4.003219955758446
gep03,00,2026-05-28,2026-06-23,gcrew,noaa_gefs,03,AirTemp_C_mean,26,22.006524658203148
gep03,00,2026-05-28,2026-06-23,gcrew,noaa_gefs,03,Pressure_Pa,26,101129.3515625
gep03,00,2026-05-28,2026-06-23,gcrew,noaa_gefs,03,RH_percent_mean,26,93.43722724914551
gep03,00,2026-05-28,2026-06-23,gcrew,noaa_gefs,03,Rain_mm_sum,26,55.300001695752144
gep03,00,2026-05-28,2026-06-23,gcrew,noaa_gefs,03,ShortwaveRadiation_Wm2,26,22.75
gep03,00,2026-05-28,2026-06-23,gcrew,noaa_gefs,03,WindSpeed_ms_mean,26,4.542991536121778
gep03,00,2026-05-28,2026-06-24,gcrew,noaa_gefs,03,AirTemp_C_mean,27,22.589105224609398
gep03,00,2026-05-28,2026-06-24,gcrew,noaa_gefs,03,Pressure_Pa,27,100791.896484375
gep03,00,2026-05-28,2026-06-24,gcrew,noaa_gefs,03,RH_percent_mean,27,86.6486873626709
gep03,00,2026-05-28,2026-06-24,gcrew,noaa_gefs,03,Rain_mm_sum,27,8.000000096857548
gep03,00,2026-05-28,2026-06-24,gcrew,noaa_gefs,03,ShortwaveRadiation_Wm2,27,230.25
gep03,00,2026-05-28,2026-06-24,gcrew,noaa_gefs,03,WindSpeed_ms_mean,27,4.664738764840051
gep03,00,2026-05-28,2026-06-25,gcrew,noaa_gefs,03,AirTemp_C_mean,28,21.151040649414085
gep03,00,2026-05-28,2026-06-25,gcrew,noaa_gefs,03,Pressure_Pa,28,100968.654296875
gep03,00,2026-05-28,2026-06-25,gcrew,noaa_gefs,03,RH_percent_mean,28,59.870840072631836
gep03,00,2026-05-28,2026-06-25,gcrew,noaa_gefs,03,Rain_mm_sum,28,0.10000000149011612
gep03,00,2026-05-28,2026-06-25,gcrew,noaa_gefs,03,ShortwaveRadiation_Wm2,28,355.75
gep03,00,2026-05-28,2026-06-25,gcrew,noaa_gefs,03,WindSpeed_ms_mean,28,4.965440944060037
gep03,00,2026-05-28,2026-06-26,gcrew,noaa_gefs,03,AirTemp_C_mean,29,20.49548492431643
gep03,00,2026-05-28,2026-06-26,gcrew,noaa_gefs,03,Pressure_Pa,29,101440.876953125
gep03,00,2026-05-28,2026-06-26,gcrew,noaa_gefs,03,RH_percent_mean,29,59.463311195373535
gep03,00,2026-05-28,2026-06-26,gcrew,noaa_gefs,03,Rain_mm_sum,29,0
gep03,00,2026-05-28,2026-06-26,gcrew,noaa_gefs,03,ShortwaveRadiation_Wm2,29,351
gep03,00,2026-05-28,2026-06-26,gcrew,noaa_gefs,03,WindSpeed_ms_mean,29,4.224020219033529
gep03,00,2026-05-28,2026-06-27,gcrew,noaa_gefs,03,AirTemp_C_mean,30,22.24182281494143
gep03,00,2026-05-28,2026-06-27,gcrew,noaa_gefs,03,Pressure_Pa,30,101707.216796875
gep03,00,2026-05-28,2026-06-27,gcrew,noaa_gefs,03,RH_percent_mean,30,58.40474605560303
gep03,00,2026-05-28,2026-06-27,gcrew,noaa_gefs,03,Rain_mm_sum,30,0
gep03,00,2026-05-28,2026-06-27,gcrew,noaa_gefs,03,ShortwaveRadiation_Wm2,30,351
gep03,00,2026-05-28,2026-06-27,gcrew,noaa_gefs,03,WindSpeed_ms_mean,30,4.272810309335263
gep03,00,2026-05-28,2026-06-28,gcrew,noaa_gefs,03,AirTemp_C_mean,31,24.168817138671898
gep03,00,2026-05-28,2026-06-28,gcrew,noaa_gefs,03,Pressure_Pa,31,101494.826171875
gep03,00,2026-05-28,2026-06-28,gcrew,noaa_gefs,03,RH_percent_mean,31,71.39916801452637
gep03,00,2026-05-28,2026-06-28,gcrew,noaa_gefs,03,Rain_mm_sum,31,0
gep03,00,2026-05-28,2026-06-28,gcrew,noaa_gefs,03,ShortwaveRadiation_Wm2,31,344
gep03,00,2026-05-28,2026-06-28,gcrew,noaa_gefs,03,WindSpeed_ms_mean,31,3.5498743444693566
gep03,00,2026-05-28,2026-06-29,gcrew,noaa_gefs,03,AirTemp_C_mean,32,26.337808227539085
gep03,00,2026-05-28,2026-06-29,gcrew,noaa_gefs,03,Pressure_Pa,32,101015.88671875
gep03,00,2026-05-28,2026-06-29,gcrew,noaa_gefs,03,RH_percent_mean,32,67.18145847320557
gep03,00,2026-05-28,2026-06-29,gcrew,noaa_gefs,03,Rain_mm_sum,32,0
gep03,00,2026-05-28,2026-06-29,gcrew,noaa_gefs,03,ShortwaveRadiation_Wm2,32,322.5
gep03,00,2026-05-28,2026-06-29,gcrew,noaa_gefs,03,WindSpeed_ms_mean,32,3.924499337392451
gep03,00,2026-05-28,2026-06-30,gcrew,noaa_gefs,03,AirTemp_C_mean,33,26.703363037109398
gep03,00,2026-05-28,2026-06-30,gcrew,noaa_gefs,03,Pressure_Pa,33,100415.265625
gep03,00,2026-05-28,2026-06-30,gcrew,noaa_gefs,03,RH_percent_mean,33,70.66891098022461
gep03,00,2026-05-28,2026-06-30,gcrew,noaa_gefs,03,Rain_mm_sum,33,0.7999999895691872
gep03,00,2026-05-28,2026-06-30,gcrew,noaa_gefs,03,ShortwaveRadiation_Wm2,33,221.5
gep03,00,2026-05-28,2026-06-30,gcrew,noaa_gefs,03,WindSpeed_ms_mean,33,2.4540543323176753
gep03,00,2026-05-28,2026-07-01,gcrew,noaa_gefs,03,AirTemp_C_mean,34,25.300759887695335
gep03,00,2026-05-28,2026-07-01,gcrew,noaa_gefs,03,Pressure_Pa,34,100593.78515625
gep03,00,2026-05-28,2026-07-01,gcrew,noaa_gefs,03,RH_percent_mean,34,66.53337669372559
gep03,00,2026-05-28,2026-07-01,gcrew,noaa_gefs,03,Rain_mm_sum,34,0.20000000298023224
gep03,00,2026-05-28,2026-07-01,gcrew,noaa_gefs,03,ShortwaveRadiation_Wm2,34,347.5
gep03,00,2026-05-28,2026-07-01,gcrew,noaa_gefs,03,WindSpeed_ms_mean,34,3.569256045713047
gep04,00,2026-05-28,2026-05-29,gcrew,noaa_gefs,04,AirTemp_C_mean,1,16.984544372558616
gep04,00,2026-05-28,2026-05-29,gcrew,noaa_gefs,04,Pressure_Pa,1,101312.3720703125
gep04,00,2026-05-28,2026-05-29,gcrew,noaa_gefs,04,RH_percent_mean,1,66.49901962280273
gep04,00,2026-05-28,2026-05-29,gcrew,noaa_gefs,04,Rain_mm_sum,1,0
gep04,00,2026-05-28,2026-05-29,gcrew,noaa_gefs,04,ShortwaveRadiation_Wm2,1,358.5
gep04,00,2026-05-28,2026-05-29,gcrew,noaa_gefs,04,WindSpeed_ms_mean,1,3.324157800523961
gep04,00,2026-05-28,2026-05-30,gcrew,noaa_gefs,04,AirTemp_C_mean,2,14.520104980468773
gep04,00,2026-05-28,2026-05-30,gcrew,noaa_gefs,04,Pressure_Pa,2,101405.7275390625
gep04,00,2026-05-28,2026-05-30,gcrew,noaa_gefs,04,RH_percent_mean,2,63.8339786529541
gep04,00,2026-05-28,2026-05-30,gcrew,noaa_gefs,04,Rain_mm_sum,2,0
gep04,00,2026-05-28,2026-05-30,gcrew,noaa_gefs,04,ShortwaveRadiation_Wm2,2,354
gep04,00,2026-05-28,2026-05-30,gcrew,noaa_gefs,04,WindSpeed_ms_mean,2,6.158624703355217
gep04,00,2026-05-28,2026-05-31,gcrew,noaa_gefs,04,AirTemp_C_mean,3,13.913762664794945
gep04,00,2026-05-28,2026-05-31,gcrew,noaa_gefs,04,Pressure_Pa,3,101891.111328125
gep04,00,2026-05-28,2026-05-31,gcrew,noaa_gefs,04,RH_percent_mean,3,62.99015474319458
gep04,00,2026-05-28,2026-05-31,gcrew,noaa_gefs,04,Rain_mm_sum,3,0
gep04,00,2026-05-28,2026-05-31,gcrew,noaa_gefs,04,ShortwaveRadiation_Wm2,3,361
gep04,00,2026-05-28,2026-05-31,gcrew,noaa_gefs,04,WindSpeed_ms_mean,3,2.3322553142904607
gep04,00,2026-05-28,2026-06-01,gcrew,noaa_gefs,04,AirTemp_C_mean,4,16.62330780029299
gep04,00,2026-05-28,2026-06-01,gcrew,noaa_gefs,04,Pressure_Pa,4,101337.8271484375
gep04,00,2026-05-28,2026-06-01,gcrew,noaa_gefs,04,RH_percent_mean,4,63.69150733947754
gep04,00,2026-05-28,2026-06-01,gcrew,noaa_gefs,04,Rain_mm_sum,4,0
gep04,00,2026-05-28,2026-06-01,gcrew,noaa_gefs,04,ShortwaveRadiation_Wm2,4,325.125
gep04,00,2026-05-28,2026-06-01,gcrew,noaa_gefs,04,WindSpeed_ms_mean,4,3.743790953418161
gep04,00,2026-05-28,2026-06-02,gcrew,noaa_gefs,04,AirTemp_C_mean,5,16.618074035644554
gep04,00,2026-05-28,2026-06-02,gcrew,noaa_gefs,04,Pressure_Pa,5,101068.361328125
gep04,00,2026-05-28,2026-06-02,gcrew,noaa_gefs,04,RH_percent_mean,5,61.181997299194336
gep04,00,2026-05-28,2026-06-02,gcrew,noaa_gefs,04,Rain_mm_sum,5,0
gep04,00,2026-05-28,2026-06-02,gcrew,noaa_gefs,04,ShortwaveRadiation_Wm2,5,345.875
gep04,00,2026-05-28,2026-06-02,gcrew,noaa_gefs,04,WindSpeed_ms_mean,5,2.656702509480038
gep04,00,2026-05-28,2026-06-03,gcrew,noaa_gefs,04,AirTemp_C_mean,6,14.53361282348635
gep04,00,2026-05-28,2026-06-03,gcrew,noaa_gefs,04,Pressure_Pa,6,101265.8505859375
gep04,00,2026-05-28,2026-06-03,gcrew,noaa_gefs,04,RH_percent_mean,6,58.42056369781494
gep04,00,2026-05-28,2026-06-03,gcrew,noaa_gefs,04,Rain_mm_sum,6,0.42000001296401024
gep04,00,2026-05-28,2026-06-03,gcrew,noaa_gefs,04,ShortwaveRadiation_Wm2,6,296.5
gep04,00,2026-05-28,2026-06-03,gcrew,noaa_gefs,04,WindSpeed_ms_mean,6,7.54477270972776
gep04,00,2026-05-28,2026-06-04,gcrew,noaa_gefs,04,AirTemp_C_mean,7,14.779225921630882
gep04,00,2026-05-28,2026-06-04,gcrew,noaa_gefs,04,Pressure_Pa,7,101801.623046875
gep04,00,2026-05-28,2026-06-04,gcrew,noaa_gefs,04,RH_percent_mean,7,63.78340291976929
gep04,00,2026-05-28,2026-06-04,gcrew,noaa_gefs,04,Rain_mm_sum,7,0.3100000023841858
gep04,00,2026-05-28,2026-06-04,gcrew,noaa_gefs,04,ShortwaveRadiation_Wm2,7,321
gep04,00,2026-05-28,2026-06-04,gcrew,noaa_gefs,04,WindSpeed_ms_mean,7,7.469515003650624
gep04,00,2026-05-28,2026-06-05,gcrew,noaa_gefs,04,AirTemp_C_mean,8,15.955716705322288
gep04,00,2026-05-28,2026-06-05,gcrew,noaa_gefs,04,Pressure_Pa,8,101952.7724609375
gep04,00,2026-05-28,2026-06-05,gcrew,noaa_gefs,04,RH_percent_mean,8,61.84580373764038
gep04,00,2026-05-28,2026-06-05,gcrew,noaa_gefs,04,Rain_mm_sum,8,0
gep04,00,2026-05-28,2026-06-05,gcrew,noaa_gefs,04,ShortwaveRadiation_Wm2,8,358
gep04,00,2026-05-28,2026-06-05,gcrew,noaa_gefs,04,WindSpeed_ms_mean,8,4.597932834247479
gep04,00,2026-05-28,2026-06-06,gcrew,noaa_gefs,04,AirTemp_C_mean,9,18.72523106166297
gep04,00,2026-05-28,2026-06-06,gcrew,noaa_gefs,04,Pressure_Pa,9,101935.07700892857
gep04,00,2026-05-28,2026-06-06,gcrew,noaa_gefs,04,RH_percent_mean,9,63.01251983642578
gep04,00,2026-05-28,2026-06-06,gcrew,noaa_gefs,04,Rain_mm_sum,9,0
gep04,00,2026-05-28,2026-06-06,gcrew,noaa_gefs,04,ShortwaveRadiation_Wm2,9,409.14285714285717
gep04,00,2026-05-28,2026-06-06,gcrew,noaa_gefs,04,WindSpeed_ms_mean,9,2.582886239108914
gep04,00,2026-05-28,2026-06-07,gcrew,noaa_gefs,04,AirTemp_C_mean,10,20.02813873291018
gep04,00,2026-05-28,2026-06-07,gcrew,noaa_gefs,04,Pressure_Pa,10,101518.1484375
gep04,00,2026-05-28,2026-06-07,gcrew,noaa_gefs,04,RH_percent_mean,10,64.0985107421875
gep04,00,2026-05-28,2026-06-07,gcrew,noaa_gefs,04,Rain_mm_sum,10,0
gep04,00,2026-05-28,2026-06-07,gcrew,noaa_gefs,04,ShortwaveRadiation_Wm2,10,313.25
gep04,00,2026-05-28,2026-06-07,gcrew,noaa_gefs,04,WindSpeed_ms_mean,10,3.0982185202913497
gep04,00,2026-05-28,2026-06-08,gcrew,noaa_gefs,04,AirTemp_C_mean,11,21.244317626953148
gep04,00,2026-05-28,2026-06-08,gcrew,noaa_gefs,04,Pressure_Pa,11,100838.3359375
gep04,00,2026-05-28,2026-06-08,gcrew,noaa_gefs,04,RH_percent_mean,11,83.27591323852539
gep04,00,2026-05-28,2026-06-08,gcrew,noaa_gefs,04,Rain_mm_sum,11,10.500000312924385
gep04,00,2026-05-28,2026-06-08,gcrew,noaa_gefs,04,ShortwaveRadiation_Wm2,11,130.75
gep04,00,2026-05-28,2026-06-08,gcrew,noaa_gefs,04,WindSpeed_ms_mean,11,5.466295843691377
gep04,00,2026-05-28,2026-06-09,gcrew,noaa_gefs,04,AirTemp_C_mean,12,18.266564941406273
gep04,00,2026-05-28,2026-06-09,gcrew,noaa_gefs,04,Pressure_Pa,12,101545.86328125
gep04,00,2026-05-28,2026-06-09,gcrew,noaa_gefs,04,RH_percent_mean,12,65.5650224685669
gep04,00,2026-05-28,2026-06-09,gcrew,noaa_gefs,04,Rain_mm_sum,12,2.4000000953674316
gep04,00,2026-05-28,2026-06-09,gcrew,noaa_gefs,04,ShortwaveRadiation_Wm2,12,361.25
gep04,00,2026-05-28,2026-06-09,gcrew,noaa_gefs,04,WindSpeed_ms_mean,12,7.459937362211188
gep04,00,2026-05-28,2026-06-10,gcrew,noaa_gefs,04,AirTemp_C_mean,13,17.935144042968773
gep04,00,2026-05-28,2026-06-10,gcrew,noaa_gefs,04,Pressure_Pa,13,102414.19921875
gep04,00,2026-05-28,2026-06-10,gcrew,noaa_gefs,04,RH_percent_mean,13,56.38784217834473
gep04,00,2026-05-28,2026-06-10,gcrew,noaa_gefs,04,Rain_mm_sum,13,0
gep04,00,2026-05-28,2026-06-10,gcrew,noaa_gefs,04,ShortwaveRadiation_Wm2,13,363.25
gep04,00,2026-05-28,2026-06-10,gcrew,noaa_gefs,04,WindSpeed_ms_mean,13,4.315274059982924
gep04,00,2026-05-28,2026-06-11,gcrew,noaa_gefs,04,AirTemp_C_mean,14,18.79597625732424
gep04,00,2026-05-28,2026-06-11,gcrew,noaa_gefs,04,Pressure_Pa,14,102375.763671875
gep04,00,2026-05-28,2026-06-11,gcrew,noaa_gefs,04,RH_percent_mean,14,57.19118881225586
gep04,00,2026-05-28,2026-06-11,gcrew,noaa_gefs,04,Rain_mm_sum,14,0
gep04,00,2026-05-28,2026-06-11,gcrew,noaa_gefs,04,ShortwaveRadiation_Wm2,14,359.25
gep04,00,2026-05-28,2026-06-11,gcrew,noaa_gefs,04,WindSpeed_ms_mean,14,2.5567400202041837
gep04,00,2026-05-28,2026-06-12,gcrew,noaa_gefs,04,AirTemp_C_mean,15,20.419717407226585
gep04,00,2026-05-28,2026-06-12,gcrew,noaa_gefs,04,Pressure_Pa,15,101882.580078125
gep04,00,2026-05-28,2026-06-12,gcrew,noaa_gefs,04,RH_percent_mean,15,61.499000549316406
gep04,00,2026-05-28,2026-06-12,gcrew,noaa_gefs,04,Rain_mm_sum,15,0
gep04,00,2026-05-28,2026-06-12,gcrew,noaa_gefs,04,ShortwaveRadiation_Wm2,15,338.75
gep04,00,2026-05-28,2026-06-12,gcrew,noaa_gefs,04,WindSpeed_ms_mean,15,2.427922764317797
gep04,00,2026-05-28,2026-06-13,gcrew,noaa_gefs,04,AirTemp_C_mean,16,22.97486267089846
gep04,00,2026-05-28,2026-06-13,gcrew,noaa_gefs,04,Pressure_Pa,16,101575.34375
gep04,00,2026-05-28,2026-06-13,gcrew,noaa_gefs,04,RH_percent_mean,16,66.48400783538818
gep04,00,2026-05-28,2026-06-13,gcrew,noaa_gefs,04,Rain_mm_sum,16,0
gep04,00,2026-05-28,2026-06-13,gcrew,noaa_gefs,04,ShortwaveRadiation_Wm2,16,336.75
gep04,00,2026-05-28,2026-06-13,gcrew,noaa_gefs,04,WindSpeed_ms_mean,16,3.760233349203137
gep04,00,2026-05-28,2026-06-14,gcrew,noaa_gefs,04,AirTemp_C_mean,17,21.73445281982424
gep04,00,2026-05-28,2026-06-14,gcrew,noaa_gefs,04,Pressure_Pa,17,101758.880859375
gep04,00,2026-05-28,2026-06-14,gcrew,noaa_gefs,04,RH_percent_mean,17,60.63445472717285
gep04,00,2026-05-28,2026-06-14,gcrew,noaa_gefs,04,Rain_mm_sum,17,0
gep04,00,2026-05-28,2026-06-14,gcrew,noaa_gefs,04,ShortwaveRadiation_Wm2,17,345
gep04,00,2026-05-28,2026-06-14,gcrew,noaa_gefs,04,WindSpeed_ms_mean,17,3.877745024465436
gep04,00,2026-05-28,2026-06-15,gcrew,noaa_gefs,04,AirTemp_C_mean,18,27.282464599609398
gep04,00,2026-05-28,2026-06-15,gcrew,noaa_gefs,04,Pressure_Pa,18,101216.53125
gep04,00,2026-05-28,2026-06-15,gcrew,noaa_gefs,04,RH_percent_mean,18,62.073336601257324
gep04,00,2026-05-28,2026-06-15,gcrew,noaa_gefs,04,Rain_mm_sum,18,0.10000000149011612
gep04,00,2026-05-28,2026-06-15,gcrew,noaa_gefs,04,ShortwaveRadiation_Wm2,18,342.25
gep04,00,2026-05-28,2026-06-15,gcrew,noaa_gefs,04,WindSpeed_ms_mean,18,3.863105661866631
gep04,00,2026-05-28,2026-06-16,gcrew,noaa_gefs,04,AirTemp_C_mean,19,27.164888000488304
gep04,00,2026-05-28,2026-06-16,gcrew,noaa_gefs,04,Pressure_Pa,19,101554.767578125
gep04,00,2026-05-28,2026-06-16,gcrew,noaa_gefs,04,RH_percent_mean,19,61.02194118499756
gep04,00,2026-05-28,2026-06-16,gcrew,noaa_gefs,04,Rain_mm_sum,19,0.10000000149011612
gep04,00,2026-05-28,2026-06-16,gcrew,noaa_gefs,04,ShortwaveRadiation_Wm2,19,297.5
gep04,00,2026-05-28,2026-06-16,gcrew,noaa_gefs,04,WindSpeed_ms_mean,19,2.604843904299301
gep04,00,2026-05-28,2026-06-17,gcrew,noaa_gefs,04,AirTemp_C_mean,20,22.97168884277346
gep04,00,2026-05-28,2026-06-17,gcrew,noaa_gefs,04,Pressure_Pa,20,101994.060546875
gep04,00,2026-05-28,2026-06-17,gcrew,noaa_gefs,04,RH_percent_mean,20,85.14014625549316
gep04,00,2026-05-28,2026-06-17,gcrew,noaa_gefs,04,Rain_mm_sum,20,2.9000000953674316
gep04,00,2026-05-28,2026-06-17,gcrew,noaa_gefs,04,ShortwaveRadiation_Wm2,20,269.25
gep04,00,2026-05-28,2026-06-17,gcrew,noaa_gefs,04,WindSpeed_ms_mean,20,4.609625277607201
gep04,00,2026-05-28,2026-06-18,gcrew,noaa_gefs,04,AirTemp_C_mean,21,22.94593963623049
gep04,00,2026-05-28,2026-06-18,gcrew,noaa_gefs,04,Pressure_Pa,21,101981.146484375
gep04,00,2026-05-28,2026-06-18,gcrew,noaa_gefs,04,RH_percent_mean,21,86.89044570922852
gep04,00,2026-05-28,2026-06-18,gcrew,noaa_gefs,04,Rain_mm_sum,21,1.4000000357627869
gep04,00,2026-05-28,2026-06-18,gcrew,noaa_gefs,04,ShortwaveRadiation_Wm2,21,303.25
gep04,00,2026-05-28,2026-06-18,gcrew,noaa_gefs,04,WindSpeed_ms_mean,21,2.586226235579734
gep04,00,2026-05-28,2026-06-19,gcrew,noaa_gefs,04,AirTemp_C_mean,22,26.268060302734398
gep04,00,2026-05-28,2026-06-19,gcrew,noaa_gefs,04,Pressure_Pa,22,101740.232421875
gep04,00,2026-05-28,2026-06-19,gcrew,noaa_gefs,04,RH_percent_mean,22,70.88781070709229
gep04,00,2026-05-28,2026-06-19,gcrew,noaa_gefs,04,Rain_mm_sum,22,0
gep04,00,2026-05-28,2026-06-19,gcrew,noaa_gefs,04,ShortwaveRadiation_Wm2,22,333
gep04,00,2026-05-28,2026-06-19,gcrew,noaa_gefs,04,WindSpeed_ms_mean,22,4.6750494445637285
gep04,00,2026-05-28,2026-06-20,gcrew,noaa_gefs,04,AirTemp_C_mean,23,27.841043090820335
gep04,00,2026-05-28,2026-06-20,gcrew,noaa_gefs,04,Pressure_Pa,23,101515.064453125
gep04,00,2026-05-28,2026-06-20,gcrew,noaa_gefs,04,RH_percent_mean,23,61.98535442352295
gep04,00,2026-05-28,2026-06-20,gcrew,noaa_gefs,04,Rain_mm_sum,23,0
gep04,00,2026-05-28,2026-06-20,gcrew,noaa_gefs,04,ShortwaveRadiation_Wm2,23,317.5
gep04,00,2026-05-28,2026-06-20,gcrew,noaa_gefs,04,WindSpeed_ms_mean,23,3.626574370372676
gep04,00,2026-05-28,2026-06-21,gcrew,noaa_gefs,04,AirTemp_C_mean,24,27.115220642089866
gep04,00,2026-05-28,2026-06-21,gcrew,noaa_gefs,04,Pressure_Pa,24,101335.810546875
gep04,00,2026-05-28,2026-06-21,gcrew,noaa_gefs,04,RH_percent_mean,24,61.86435508728027
gep04,00,2026-05-28,2026-06-21,gcrew,noaa_gefs,04,Rain_mm_sum,24,0
gep04,00,2026-05-28,2026-06-21,gcrew,noaa_gefs,04,ShortwaveRadiation_Wm2,24,325.75
gep04,00,2026-05-28,2026-06-21,gcrew,noaa_gefs,04,WindSpeed_ms_mean,24,4.1586571738201075
gep04,00,2026-05-28,2026-06-22,gcrew,noaa_gefs,04,AirTemp_C_mean,25,24.424424743652366
gep04,00,2026-05-28,2026-06-22,gcrew,noaa_gefs,04,Pressure_Pa,25,101386.505859375
gep04,00,2026-05-28,2026-06-22,gcrew,noaa_gefs,04,RH_percent_mean,25,81.4093132019043
gep04,00,2026-05-28,2026-06-22,gcrew,noaa_gefs,04,Rain_mm_sum,25,0.4000000059604645
gep04,00,2026-05-28,2026-06-22,gcrew,noaa_gefs,04,ShortwaveRadiation_Wm2,25,100.5
gep04,00,2026-05-28,2026-06-22,gcrew,noaa_gefs,04,WindSpeed_ms_mean,25,4.003219955758446
gep04,00,2026-05-28,2026-06-23,gcrew,noaa_gefs,04,AirTemp_C_mean,26,22.006524658203148
gep04,00,2026-05-28,2026-06-23,gcrew,noaa_gefs,04,Pressure_Pa,26,101129.3515625
gep04,00,2026-05-28,2026-06-23,gcrew,noaa_gefs,04,RH_percent_mean,26,93.43722724914551
gep04,00,2026-05-28,2026-06-23,gcrew,noaa_gefs,04,Rain_mm_sum,26,55.300001695752144
gep04,00,2026-05-28,2026-06-23,gcrew,noaa_gefs,04,ShortwaveRadiation_Wm2,26,22.75
gep04,00,2026-05-28,2026-06-23,gcrew,noaa_gefs,04,WindSpeed_ms_mean,26,4.542991536121778
gep04,00,2026-05-28,2026-06-24,gcrew,noaa_gefs,04,AirTemp_C_mean,27,22.589105224609398
gep04,00,2026-05-28,2026-06-24,gcrew,noaa_gefs,04,Pressure_Pa,27,100791.896484375
gep04,00,2026-05-28,2026-06-24,gcrew,noaa_gefs,04,RH_percent_mean,27,86.6486873626709
gep04,00,2026-05-28,2026-06-24,gcrew,noaa_gefs,04,Rain_mm_sum,27,8.000000096857548
gep04,00,2026-05-28,2026-06-24,gcrew,noaa_gefs,04,ShortwaveRadiation_Wm2,27,230.25
gep04,00,2026-05-28,2026-06-24,gcrew,noaa_gefs,04,WindSpeed_ms_mean,27,4.664738764840051
gep04,00,2026-05-28,2026-06-25,gcrew,noaa_gefs,04,AirTemp_C_mean,28,21.151040649414085
gep04,00,2026-05-28,2026-06-25,gcrew,noaa_gefs,04,Pressure_Pa,28,100968.654296875
gep04,00,2026-05-28,2026-06-25,gcrew,noaa_gefs,04,RH_percent_mean,28,59.870840072631836
gep04,00,2026-05-28,2026-06-25,gcrew,noaa_gefs,04,Rain_mm_sum,28,0.10000000149011612
gep04,00,2026-05-28,2026-06-25,gcrew,noaa_gefs,04,ShortwaveRadiation_Wm2,28,355.75
gep04,00,2026-05-28,2026-06-25,gcrew,noaa_gefs,04,WindSpeed_ms_mean,28,4.965440944060037
gep04,00,2026-05-28,2026-06-26,gcrew,noaa_gefs,04,AirTemp_C_mean,29,20.49548492431643
gep04,00,2026-05-28,2026-06-26,gcrew,noaa_gefs,04,Pressure_Pa,29,101440.876953125
gep04,00,2026-05-28,2026-06-26,gcrew,noaa_gefs,04,RH_percent_mean,29,59.463311195373535
gep04,00,2026-05-28,2026-06-26,gcrew,noaa_gefs,04,Rain_mm_sum,29,0
gep04,00,2026-05-28,2026-06-26,gcrew,noaa_gefs,04,ShortwaveRadiation_Wm2,29,351
gep04,00,2026-05-28,2026-06-26,gcrew,noaa_gefs,04,WindSpeed_ms_mean,29,4.224020219033529
gep04,00,2026-05-28,2026-06-27,gcrew,noaa_gefs,04,AirTemp_C_mean,30,22.24182281494143
gep04,00,2026-05-28,2026-06-27,gcrew,noaa_gefs,04,Pressure_Pa,30,101707.216796875
gep04,00,2026-05-28,2026-06-27,gcrew,noaa_gefs,04,RH_percent_mean,30,58.40474605560303
gep04,00,2026-05-28,2026-06-27,gcrew,noaa_gefs,04,Rain_mm_sum,30,0
gep04,00,2026-05-28,2026-06-27,gcrew,noaa_gefs,04,ShortwaveRadiation_Wm2,30,351
gep04,00,2026-05-28,2026-06-27,gcrew,noaa_gefs,04,WindSpeed_ms_mean,30,4.272810309335263
gep04,00,2026-05-28,2026-06-28,gcrew,noaa_gefs,04,AirTemp_C_mean,31,24.168817138671898
gep04,00,2026-05-28,2026-06-28,gcrew,noaa_gefs,04,Pressure_Pa,31,101494.826171875
gep04,00,2026-05-28,2026-06-28,gcrew,noaa_gefs,04,RH_percent_mean,31,71.39916801452637
gep04,00,2026-05-28,2026-06-28,gcrew,noaa_gefs,04,Rain_mm_sum,31,0
gep04,00,2026-05-28,2026-06-28,gcrew,noaa_gefs,04,ShortwaveRadiation_Wm2,31,344
gep04,00,2026-05-28,2026-06-28,gcrew,noaa_gefs,04,WindSpeed_ms_mean,31,3.5498743444693566
gep04,00,2026-05-28,2026-06-29,gcrew,noaa_gefs,04,AirTemp_C_mean,32,26.337808227539085
gep04,00,2026-05-28,2026-06-29,gcrew,noaa_gefs,04,Pressure_Pa,32,101015.88671875
gep04,00,2026-05-28,2026-06-29,gcrew,noaa_gefs,04,RH_percent_mean,32,67.18145847320557
gep04,00,2026-05-28,2026-06-29,gcrew,noaa_gefs,04,Rain_mm_sum,32,0
gep04,00,2026-05-28,2026-06-29,gcrew,noaa_gefs,04,ShortwaveRadiation_Wm2,32,322.5
gep04,00,2026-05-28,2026-06-29,gcrew,noaa_gefs,04,WindSpeed_ms_mean,32,3.924499337392451
gep04,00,2026-05-28,2026-06-30,gcrew,noaa_gefs,04,AirTemp_C_mean,33,26.703363037109398
gep04,00,2026-05-28,2026-06-30,gcrew,noaa_gefs,04,Pressure_Pa,33,100415.265625
gep04,00,2026-05-28,2026-06-30,gcrew,noaa_gefs,04,RH_percent_mean,33,70.66891098022461
gep04,00,2026-05-28,2026-06-30,gcrew,noaa_gefs,04,Rain_mm_sum,33,0.7999999895691872
gep04,00,2026-05-28,2026-06-30,gcrew,noaa_gefs,04,ShortwaveRadiation_Wm2,33,221.5
gep04,00,2026-05-28,2026-06-30,gcrew,noaa_gefs,04,WindSpeed_ms_mean,33,2.4540543323176753
gep04,00,2026-05-28,2026-07-01,gcrew,noaa_gefs,04,AirTemp_C_mean,34,25.300759887695335
gep04,00,2026-05-28,2026-07-01,gcrew,noaa_gefs,04,Pressure_Pa,34,100593.78515625
gep04,00,2026-05-28,2026-07-01,gcrew,noaa_gefs,04,RH_percent_mean,34,66.53337669372559
gep04,00,2026-05-28,2026-07-01,gcrew,noaa_gefs,04,Rain_mm_sum,34,0.20000000298023224
gep04,00,2026-05-28,2026-07-01,gcrew,noaa_gefs,04,ShortwaveRadiation_Wm2,34,347.5
gep04,00,2026-05-28,2026-07-01,gcrew,noaa_gefs,04,WindSpeed_ms_mean,34,3.569256045713047
gep05,00,2026-05-28,2026-05-29,gcrew,noaa_gefs,05,AirTemp_C_mean,1,16.984544372558616
gep05,00,2026-05-28,2026-05-29,gcrew,noaa_gefs,05,Pressure_Pa,1,101312.3720703125
gep05,00,2026-05-28,2026-05-29,gcrew,noaa_gefs,05,RH_percent_mean,1,66.49901962280273
gep05,00,2026-05-28,2026-05-29,gcrew,noaa_gefs,05,Rain_mm_sum,1,0
gep05,00,2026-05-28,2026-05-29,gcrew,noaa_gefs,05,ShortwaveRadiation_Wm2,1,358.5
gep05,00,2026-05-28,2026-05-29,gcrew,noaa_gefs,05,WindSpeed_ms_mean,1,3.324157800523961
gep05,00,2026-05-28,2026-05-30,gcrew,noaa_gefs,05,AirTemp_C_mean,2,14.520104980468773
gep05,00,2026-05-28,2026-05-30,gcrew,noaa_gefs,05,Pressure_Pa,2,101405.7275390625
gep05,00,2026-05-28,2026-05-30,gcrew,noaa_gefs,05,RH_percent_mean,2,63.8339786529541
gep05,00,2026-05-28,2026-05-30,gcrew,noaa_gefs,05,Rain_mm_sum,2,0
gep05,00,2026-05-28,2026-05-30,gcrew,noaa_gefs,05,ShortwaveRadiation_Wm2,2,354
gep05,00,2026-05-28,2026-05-30,gcrew,noaa_gefs,05,WindSpeed_ms_mean,2,6.158624703355217
gep05,00,2026-05-28,2026-05-31,gcrew,noaa_gefs,05,AirTemp_C_mean,3,13.913762664794945
gep05,00,2026-05-28,2026-05-31,gcrew,noaa_gefs,05,Pressure_Pa,3,101891.111328125
gep05,00,2026-05-28,2026-05-31,gcrew,noaa_gefs,05,RH_percent_mean,3,62.99015474319458
gep05,00,2026-05-28,2026-05-31,gcrew,noaa_gefs,05,Rain_mm_sum,3,0
gep05,00,2026-05-28,2026-05-31,gcrew,noaa_gefs,05,ShortwaveRadiation_Wm2,3,361
gep05,00,2026-05-28,2026-05-31,gcrew,noaa_gefs,05,WindSpeed_ms_mean,3,2.3322553142904607
gep05,00,2026-05-28,2026-06-01,gcrew,noaa_gefs,05,AirTemp_C_mean,4,16.62330780029299
gep05,00,2026-05-28,2026-06-01,gcrew,noaa_gefs,05,Pressure_Pa,4,101337.8271484375
gep05,00,2026-05-28,2026-06-01,gcrew,noaa_gefs,05,RH_percent_mean,4,63.69150733947754
gep05,00,2026-05-28,2026-06-01,gcrew,noaa_gefs,05,Rain_mm_sum,4,0
gep05,00,2026-05-28,2026-06-01,gcrew,noaa_gefs,05,ShortwaveRadiation_Wm2,4,325.125
gep05,00,2026-05-28,2026-06-01,gcrew,noaa_gefs,05,WindSpeed_ms_mean,4,3.743790953418161
gep05,00,2026-05-28,2026-06-02,gcrew,noaa_gefs,05,AirTemp_C_mean,5,16.618074035644554
gep05,00,2026-05-28,2026-06-02,gcrew,noaa_gefs,05,Pressure_Pa,5,101068.361328125
gep05,00,2026-05-28,2026-06-02,gcrew,noaa_gefs,05,RH_percent_mean,5,61.181997299194336
gep05,00,2026-05-28,2026-06-02,gcrew,noaa_gefs,05,Rain_mm_sum,5,0
gep05,00,2026-05-28,2026-06-02,gcrew,noaa_gefs,05,ShortwaveRadiation_Wm2,5,345.875
gep05,00,2026-05-28,2026-06-02,gcrew,noaa_gefs,05,WindSpeed_ms_mean,5,2.656702509480038
gep05,00,2026-05-28,2026-06-03,gcrew,noaa_gefs,05,AirTemp_C_mean,6,14.53361282348635
gep05,00,2026-05-28,2026-06-03,gcrew,noaa_gefs,05,Pressure_Pa,6,101265.8505859375
gep05,00,2026-05-28,2026-06-03,gcrew,noaa_gefs,05,RH_percent_mean,6,58.42056369781494
gep05,00,2026-05-28,2026-06-03,gcrew,noaa_gefs,05,Rain_mm_sum,6,0.42000001296401024
gep05,00,2026-05-28,2026-06-03,gcrew,noaa_gefs,05,ShortwaveRadiation_Wm2,6,296.5
gep05,00,2026-05-28,2026-06-03,gcrew,noaa_gefs,05,WindSpeed_ms_mean,6,7.54477270972776
gep05,00,2026-05-28,2026-06-04,gcrew,noaa_gefs,05,AirTemp_C_mean,7,14.779225921630882
gep05,00,2026-05-28,2026-06-04,gcrew,noaa_gefs,05,Pressure_Pa,7,101801.623046875
gep05,00,2026-05-28,2026-06-04,gcrew,noaa_gefs,05,RH_percent_mean,7,63.78340291976929
gep05,00,2026-05-28,2026-06-04,gcrew,noaa_gefs,05,Rain_mm_sum,7,0.3100000023841858
gep05,00,2026-05-28,2026-06-04,gcrew,noaa_gefs,05,ShortwaveRadiation_Wm2,7,321
gep05,00,2026-05-28,2026-06-04,gcrew,noaa_gefs,05,WindSpeed_ms_mean,7,7.469515003650624
gep05,00,2026-05-28,2026-06-05,gcrew,noaa_gefs,05,AirTemp_C_mean,8,15.955716705322288
gep05,00,2026-05-28,2026-06-05,gcrew,noaa_gefs,05,Pressure_Pa,8,101952.7724609375
gep05,00,2026-05-28,2026-06-05,gcrew,noaa_gefs,05,RH_percent_mean,8,61.84580373764038
gep05,00,2026-05-28,2026-06-05,gcrew,noaa_gefs,05,Rain_mm_sum,8,0
gep05,00,2026-05-28,2026-06-05,gcrew,noaa_gefs,05,ShortwaveRadiation_Wm2,8,358
gep05,00,2026-05-28,2026-06-05,gcrew,noaa_gefs,05,WindSpeed_ms_mean,8,4.597932834247479
gep05,00,2026-05-28,2026-06-06,gcrew,noaa_gefs,05,AirTemp_C_mean,9,18.72523106166297
gep05,00,2026-05-28,2026-06-06,gcrew,noaa_gefs,05,Pressure_Pa,9,101935.07700892857
gep05,00,2026-05-28,2026-06-06,gcrew,noaa_gefs,05,RH_percent_mean,9,63.01251983642578
gep05,00,2026-05-28,2026-06-06,gcrew,noaa_gefs,05,Rain_mm_sum,9,0
gep05,00,2026-05-28,2026-06-06,gcrew,noaa_gefs,05,ShortwaveRadiation_Wm2,9,409.14285714285717
gep05,00,2026-05-28,2026-06-06,gcrew,noaa_gefs,05,WindSpeed_ms_mean,9,2.582886239108914
gep05,00,2026-05-28,2026-06-07,gcrew,noaa_gefs,05,AirTemp_C_mean,10,20.02813873291018
gep05,00,2026-05-28,2026-06-07,gcrew,noaa_gefs,05,Pressure_Pa,10,101518.1484375
gep05,00,2026-05-28,2026-06-07,gcrew,noaa_gefs,05,RH_percent_mean,10,64.0985107421875
gep05,00,2026-05-28,2026-06-07,gcrew,noaa_gefs,05,Rain_mm_sum,10,0
gep05,00,2026-05-28,2026-06-07,gcrew,noaa_gefs,05,ShortwaveRadiation_Wm2,10,313.25
gep05,00,2026-05-28,2026-06-07,gcrew,noaa_gefs,05,WindSpeed_ms_mean,10,3.0982185202913497
gep05,00,2026-05-28,2026-06-08,gcrew,noaa_gefs,05,AirTemp_C_mean,11,21.244317626953148
gep05,00,2026-05-28,2026-06-08,gcrew,noaa_gefs,05,Pressure_Pa,11,100838.3359375
gep05,00,2026-05-28,2026-06-08,gcrew,noaa_gefs,05,RH_percent_mean,11,83.27591323852539
gep05,00,2026-05-28,2026-06-08,gcrew,noaa_gefs,05,Rain_mm_sum,11,10.500000312924385
gep05,00,2026-05-28,2026-06-08,gcrew,noaa_gefs,05,ShortwaveRadiation_Wm2,11,130.75
gep05,00,2026-05-28,2026-06-08,gcrew,noaa_gefs,05,WindSpeed_ms_mean,11,5.466295843691377
gep05,00,2026-05-28,2026-06-09,gcrew,noaa_gefs,05,AirTemp_C_mean,12,18.266564941406273
gep05,00,2026-05-28,2026-06-09,gcrew,noaa_gefs,05,Pressure_Pa,12,101545.86328125
gep05,00,2026-05-28,2026-06-09,gcrew,noaa_gefs,05,RH_percent_mean,12,65.5650224685669
gep05,00,2026-05-28,2026-06-09,gcrew,noaa_gefs,05,Rain_mm_sum,12,2.4000000953674316
gep05,00,2026-05-28,2026-06-09,gcrew,noaa_gefs,05,ShortwaveRadiation_Wm2,12,361.25
gep05,00,2026-05-28,2026-06-09,gcrew,noaa_gefs,05,WindSpeed_ms_mean,12,7.459937362211188
gep05,00,2026-05-28,2026-06-10,gcrew,noaa_gefs,05,AirTemp_C_mean,13,17.935144042968773
gep05,00,2026-05-28,2026-06-10,gcrew,noaa_gefs,05,Pressure_Pa,13,102414.19921875
gep05,00,2026-05-28,2026-06-10,gcrew,noaa_gefs,05,RH_percent_mean,13,56.38784217834473
gep05,00,2026-05-28,2026-06-10,gcrew,noaa_gefs,05,Rain_mm_sum,13,0
gep05,00,2026-05-28,2026-06-10,gcrew,noaa_gefs,05,ShortwaveRadiation_Wm2,13,363.25
gep05,00,2026-05-28,2026-06-10,gcrew,noaa_gefs,05,WindSpeed_ms_mean,13,4.315274059982924
gep05,00,2026-05-28,2026-06-11,gcrew,noaa_gefs,05,AirTemp_C_mean,14,18.79597625732424
gep05,00,2026-05-28,2026-06-11,gcrew,noaa_gefs,05,Pressure_Pa,14,102375.763671875
gep05,00,2026-05-28,2026-06-11,gcrew,noaa_gefs,05,RH_percent_mean,14,57.19118881225586
gep05,00,2026-05-28,2026-06-11,gcrew,noaa_gefs,05,Rain_mm_sum,14,0
gep05,00,2026-05-28,2026-06-11,gcrew,noaa_gefs,05,ShortwaveRadiation_Wm2,14,359.25
gep05,00,2026-05-28,2026-06-11,gcrew,noaa_gefs,05,WindSpeed_ms_mean,14,2.5567400202041837
gep05,00,2026-05-28,2026-06-12,gcrew,noaa_gefs,05,AirTemp_C_mean,15,20.419717407226585
gep05,00,2026-05-28,2026-06-12,gcrew,noaa_gefs,05,Pressure_Pa,15,101882.580078125
gep05,00,2026-05-28,2026-06-12,gcrew,noaa_gefs,05,RH_percent_mean,15,61.499000549316406
gep05,00,2026-05-28,2026-06-12,gcrew,noaa_gefs,05,Rain_mm_sum,15,0
gep05,00,2026-05-28,2026-06-12,gcrew,noaa_gefs,05,ShortwaveRadiation_Wm2,15,338.75
gep05,00,2026-05-28,2026-06-12,gcrew,noaa_gefs,05,WindSpeed_ms_mean,15,2.427922764317797
gep05,00,2026-05-28,2026-06-13,gcrew,noaa_gefs,05,AirTemp_C_mean,16,22.97486267089846
gep05,00,2026-05-28,2026-06-13,gcrew,noaa_gefs,05,Pressure_Pa,16,101575.34375
gep05,00,2026-05-28,2026-06-13,gcrew,noaa_gefs,05,RH_percent_mean,16,66.48400783538818
gep05,00,2026-05-28,2026-06-13,gcrew,noaa_gefs,05,Rain_mm_sum,16,0
gep05,00,2026-05-28,2026-06-13,gcrew,noaa_gefs,05,ShortwaveRadiation_Wm2,16,336.75
gep05,00,2026-05-28,2026-06-13,gcrew,noaa_gefs,05,WindSpeed_ms_mean,16,3.760233349203137
gep05,00,2026-05-28,2026-06-14,gcrew,noaa_gefs,05,AirTemp_C_mean,17,21.73445281982424
gep05,00,2026-05-28,2026-06-14,gcrew,noaa_gefs,05,Pressure_Pa,17,101758.880859375
gep05,00,2026-05-28,2026-06-14,gcrew,noaa_gefs,05,RH_percent_mean,17,60.63445472717285
gep05,00,2026-05-28,2026-06-14,gcrew,noaa_gefs,05,Rain_mm_sum,17,0
gep05,00,2026-05-28,2026-06-14,gcrew,noaa_gefs,05,ShortwaveRadiation_Wm2,17,345
gep05,00,2026-05-28,2026-06-14,gcrew,noaa_gefs,05,WindSpeed_ms_mean,17,3.877745024465436
gep05,00,2026-05-28,2026-06-15,gcrew,noaa_gefs,05,AirTemp_C_mean,18,27.282464599609398
gep05,00,2026-05-28,2026-06-15,gcrew,noaa_gefs,05,Pressure_Pa,18,101216.53125
gep05,00,2026-05-28,2026-06-15,gcrew,noaa_gefs,05,RH_percent_mean,18,62.073336601257324
gep05,00,2026-05-28,2026-06-15,gcrew,noaa_gefs,05,Rain_mm_sum,18,0.10000000149011612
gep05,00,2026-05-28,2026-06-15,gcrew,noaa_gefs,05,ShortwaveRadiation_Wm2,18,342.25
gep05,00,2026-05-28,2026-06-15,gcrew,noaa_gefs,05,WindSpeed_ms_mean,18,3.863105661866631
gep05,00,2026-05-28,2026-06-16,gcrew,noaa_gefs,05,AirTemp_C_mean,19,27.164888000488304
gep05,00,2026-05-28,2026-06-16,gcrew,noaa_gefs,05,Pressure_Pa,19,101554.767578125
gep05,00,2026-05-28,2026-06-16,gcrew,noaa_gefs,05,RH_percent_mean,19,61.02194118499756
gep05,00,2026-05-28,2026-06-16,gcrew,noaa_gefs,05,Rain_mm_sum,19,0.10000000149011612
gep05,00,2026-05-28,2026-06-16,gcrew,noaa_gefs,05,ShortwaveRadiation_Wm2,19,297.5
gep05,00,2026-05-28,2026-06-16,gcrew,noaa_gefs,05,WindSpeed_ms_mean,19,2.604843904299301
gep05,00,2026-05-28,2026-06-17,gcrew,noaa_gefs,05,AirTemp_C_mean,20,22.97168884277346
gep05,00,2026-05-28,2026-06-17,gcrew,noaa_gefs,05,Pressure_Pa,20,101994.060546875
gep05,00,2026-05-28,2026-06-17,gcrew,noaa_gefs,05,RH_percent_mean,20,85.14014625549316
gep05,00,2026-05-28,2026-06-17,gcrew,noaa_gefs,05,Rain_mm_sum,20,2.9000000953674316
gep05,00,2026-05-28,2026-06-17,gcrew,noaa_gefs,05,ShortwaveRadiation_Wm2,20,269.25
gep05,00,2026-05-28,2026-06-17,gcrew,noaa_gefs,05,WindSpeed_ms_mean,20,4.609625277607201
gep05,00,2026-05-28,2026-06-18,gcrew,noaa_gefs,05,AirTemp_C_mean,21,22.94593963623049
gep05,00,2026-05-28,2026-06-18,gcrew,noaa_gefs,05,Pressure_Pa,21,101981.146484375
gep05,00,2026-05-28,2026-06-18,gcrew,noaa_gefs,05,RH_percent_mean,21,86.89044570922852
gep05,00,2026-05-28,2026-06-18,gcrew,noaa_gefs,05,Rain_mm_sum,21,1.4000000357627869
gep05,00,2026-05-28,2026-06-18,gcrew,noaa_gefs,05,ShortwaveRadiation_Wm2,21,303.25
gep05,00,2026-05-28,2026-06-18,gcrew,noaa_gefs,05,WindSpeed_ms_mean,21,2.586226235579734
gep05,00,2026-05-28,2026-06-19,gcrew,noaa_gefs,05,AirTemp_C_mean,22,26.268060302734398
gep05,00,2026-05-28,2026-06-19,gcrew,noaa_gefs,05,Pressure_Pa,22,101740.232421875
gep05,00,2026-05-28,2026-06-19,gcrew,noaa_gefs,05,RH_percent_mean,22,70.88781070709229
gep05,00,2026-05-28,2026-06-19,gcrew,noaa_gefs,05,Rain_mm_sum,22,0
gep05,00,2026-05-28,2026-06-19,gcrew,noaa_gefs,05,ShortwaveRadiation_Wm2,22,333
gep05,00,2026-05-28,2026-06-19,gcrew,noaa_gefs,05,WindSpeed_ms_mean,22,4.6750494445637285
gep05,00,2026-05-28,2026-06-20,gcrew,noaa_gefs,05,AirTemp_C_mean,23,27.841043090820335
gep05,00,2026-05-28,2026-06-20,gcrew,noaa_gefs,05,Pressure_Pa,23,101515.064453125
gep05,00,2026-05-28,2026-06-20,gcrew,noaa_gefs,05,RH_percent_mean,23,61.98535442352295
gep05,00,2026-05-28,2026-06-20,gcrew,noaa_gefs,05,Rain_mm_sum,23,0
gep05,00,2026-05-28,2026-06-20,gcrew,noaa_gefs,05,ShortwaveRadiation_Wm2,23,317.5
gep05,00,2026-05-28,2026-06-20,gcrew,noaa_gefs,05,WindSpeed_ms_mean,23,3.626574370372676
gep05,00,2026-05-28,2026-06-21,gcrew,noaa_gefs,05,AirTemp_C_mean,24,27.115220642089866
gep05,00,2026-05-28,2026-06-21,gcrew,noaa_gefs,05,Pressure_Pa,24,101335.810546875
gep05,00,2026-05-28,2026-06-21,gcrew,noaa_gefs,05,RH_percent_mean,24,61.86435508728027
gep05,00,2026-05-28,2026-06-21,gcrew,noaa_gefs,05,Rain_mm_sum,24,0
gep05,00,2026-05-28,2026-06-21,gcrew,noaa_gefs,05,ShortwaveRadiation_Wm2,24,325.75
gep05,00,2026-05-28,2026-06-21,gcrew,noaa_gefs,05,WindSpeed_ms_mean,24,4.1586571738201075
gep05,00,2026-05-28,2026-06-22,gcrew,noaa_gefs,05,AirTemp_C_mean,25,24.424424743652366
gep05,00,2026-05-28,2026-06-22,gcrew,noaa_gefs,05,Pressure_Pa,25,101386.505859375
gep05,00,2026-05-28,2026-06-22,gcrew,noaa_gefs,05,RH_percent_mean,25,81.4093132019043
gep05,00,2026-05-28,2026-06-22,gcrew,noaa_gefs,05,Rain_mm_sum,25,0.4000000059604645
gep05,00,2026-05-28,2026-06-22,gcrew,noaa_gefs,05,ShortwaveRadiation_Wm2,25,100.5
gep05,00,2026-05-28,2026-06-22,gcrew,noaa_gefs,05,WindSpeed_ms_mean,25,4.003219955758446
gep05,00,2026-05-28,2026-06-23,gcrew,noaa_gefs,05,AirTemp_C_mean,26,22.006524658203148
gep05,00,2026-05-28,2026-06-23,gcrew,noaa_gefs,05,Pressure_Pa,26,101129.3515625
gep05,00,2026-05-28,2026-06-23,gcrew,noaa_gefs,05,RH_percent_mean,26,93.43722724914551
gep05,00,2026-05-28,2026-06-23,gcrew,noaa_gefs,05,Rain_mm_sum,26,55.300001695752144
gep05,00,2026-05-28,2026-06-23,gcrew,noaa_gefs,05,ShortwaveRadiation_Wm2,26,22.75
gep05,00,2026-05-28,2026-06-23,gcrew,noaa_gefs,05,WindSpeed_ms_mean,26,4.542991536121778
gep05,00,2026-05-28,2026-06-24,gcrew,noaa_gefs,05,AirTemp_C_mean,27,22.589105224609398
gep05,00,2026-05-28,2026-06-24,gcrew,noaa_gefs,05,Pressure_Pa,27,100791.896484375
gep05,00,2026-05-28,2026-06-24,gcrew,noaa_gefs,05,RH_percent_mean,27,86.6486873626709
gep05,00,2026-05-28,2026-06-24,gcrew,noaa_gefs,05,Rain_mm_sum,27,8.000000096857548
gep05,00,2026-05-28,2026-06-24,gcrew,noaa_gefs,05,ShortwaveRadiation_Wm2,27,230.25
gep05,00,2026-05-28,2026-06-24,gcrew,noaa_gefs,05,WindSpeed_ms_mean,27,4.664738764840051
gep05,00,2026-05-28,2026-06-25,gcrew,noaa_gefs,05,AirTemp_C_mean,28,21.151040649414085
gep05,00,2026-05-28,2026-06-25,gcrew,noaa_gefs,05,Pressure_Pa,28,100968.654296875
gep05,00,2026-05-28,2026-06-25,gcrew,noaa_gefs,05,RH_percent_mean,28,59.870840072631836
gep05,00,2026-05-28,2026-06-25,gcrew,noaa_gefs,05,Rain_mm_sum,28,0.10000000149011612
gep05,00,2026-05-28,2026-06-25,gcrew,noaa_gefs,05,ShortwaveRadiation_Wm2,28,355.75
gep05,00,2026-05-28,2026-06-25,gcrew,noaa_gefs,05,WindSpeed_ms_mean,28,4.965440944060037
gep05,00,2026-05-28,2026-06-26,gcrew,noaa_gefs,05,AirTemp_C_mean,29,20.49548492431643
gep05,00,2026-05-28,2026-06-26,gcrew,noaa_gefs,05,Pressure_Pa,29,101440.876953125
gep05,00,2026-05-28,2026-06-26,gcrew,noaa_gefs,05,RH_percent_mean,29,59.463311195373535
gep05,00,2026-05-28,2026-06-26,gcrew,noaa_gefs,05,Rain_mm_sum,29,0
gep05,00,2026-05-28,2026-06-26,gcrew,noaa_gefs,05,ShortwaveRadiation_Wm2,29,351
gep05,00,2026-05-28,2026-06-26,gcrew,noaa_gefs,05,WindSpeed_ms_mean,29,4.224020219033529
gep05,00,2026-05-28,2026-06-27,gcrew,noaa_gefs,05,AirTemp_C_mean,30,22.24182281494143
gep05,00,2026-05-28,2026-06-27,gcrew,noaa_gefs,05,Pressure_Pa,30,101707.216796875
gep05,00,2026-05-28,2026-06-27,gcrew,noaa_gefs,05,RH_percent_mean,30,58.40474605560303
gep05,00,2026-05-28,2026-06-27,gcrew,noaa_gefs,05,Rain_mm_sum,30,0
gep05,00,2026-05-28,2026-06-27,gcrew,noaa_gefs,05,ShortwaveRadiation_Wm2,30,351
gep05,00,2026-05-28,2026-06-27,gcrew,noaa_gefs,05,WindSpeed_ms_mean,30,4.272810309335263
gep05,00,2026-05-28,2026-06-28,gcrew,noaa_gefs,05,AirTemp_C_mean,31,24.168817138671898
gep05,00,2026-05-28,2026-06-28,gcrew,noaa_gefs,05,Pressure_Pa,31,101494.826171875
gep05,00,2026-05-28,2026-06-28,gcrew,noaa_gefs,05,RH_percent_mean,31,71.39916801452637
gep05,00,2026-05-28,2026-06-28,gcrew,noaa_gefs,05,Rain_mm_sum,31,0
gep05,00,2026-05-28,2026-06-28,gcrew,noaa_gefs,05,ShortwaveRadiation_Wm2,31,344
gep05,00,2026-05-28,2026-06-28,gcrew,noaa_gefs,05,WindSpeed_ms_mean,31,3.5498743444693566
gep05,00,2026-05-28,2026-06-29,gcrew,noaa_gefs,05,AirTemp_C_mean,32,26.337808227539085
gep05,00,2026-05-28,2026-06-29,gcrew,noaa_gefs,05,Pressure_Pa,32,101015.88671875
gep05,00,2026-05-28,2026-06-29,gcrew,noaa_gefs,05,RH_percent_mean,32,67.18145847320557
gep05,00,2026-05-28,2026-06-29,gcrew,noaa_gefs,05,Rain_mm_sum,32,0
gep05,00,2026-05-28,2026-06-29,gcrew,noaa_gefs,05,ShortwaveRadiation_Wm2,32,322.5
gep05,00,2026-05-28,2026-06-29,gcrew,noaa_gefs,05,WindSpeed_ms_mean,32,3.924499337392451
gep05,00,2026-05-28,2026-06-30,gcrew,noaa_gefs,05,AirTemp_C_mean,33,26.703363037109398
gep05,00,2026-05-28,2026-06-30,gcrew,noaa_gefs,05,Pressure_Pa,33,100415.265625
gep05,00,2026-05-28,2026-06-30,gcrew,noaa_gefs,05,RH_percent_mean,33,70.66891098022461
gep05,00,2026-05-28,2026-06-30,gcrew,noaa_gefs,05,Rain_mm_sum,33,0.7999999895691872
gep05,00,2026-05-28,2026-06-30,gcrew,noaa_gefs,05,ShortwaveRadiation_Wm2,33,221.5
gep05,00,2026-05-28,2026-06-30,gcrew,noaa_gefs,05,WindSpeed_ms_mean,33,2.4540543323176753
gep05,00,2026-05-28,2026-07-01,gcrew,noaa_gefs,05,AirTemp_C_mean,34,25.300759887695335
gep05,00,2026-05-28,2026-07-01,gcrew,noaa_gefs,05,Pressure_Pa,34,100593.78515625
gep05,00,2026-05-28,2026-07-01,gcrew,noaa_gefs,05,RH_percent_mean,34,66.53337669372559
gep05,00,2026-05-28,2026-07-01,gcrew,noaa_gefs,05,Rain_mm_sum,34,0.20000000298023224
gep05,00,2026-05-28,2026-07-01,gcrew,noaa_gefs,05,ShortwaveRadiation_Wm2,34,347.5
gep05,00,2026-05-28,2026-07-01,gcrew,noaa_gefs,05,WindSpeed_ms_mean,34,3.569256045713047
gep06,00,2026-05-28,2026-05-29,gcrew,noaa_gefs,06,AirTemp_C_mean,1,16.984544372558616
gep06,00,2026-05-28,2026-05-29,gcrew,noaa_gefs,06,Pressure_Pa,1,101312.3720703125
gep06,00,2026-05-28,2026-05-29,gcrew,noaa_gefs,06,RH_percent_mean,1,66.49901962280273
gep06,00,2026-05-28,2026-05-29,gcrew,noaa_gefs,06,Rain_mm_sum,1,0
gep06,00,2026-05-28,2026-05-29,gcrew,noaa_gefs,06,ShortwaveRadiation_Wm2,1,358.5
gep06,00,2026-05-28,2026-05-29,gcrew,noaa_gefs,06,WindSpeed_ms_mean,1,3.324157800523961
gep06,00,2026-05-28,2026-05-30,gcrew,noaa_gefs,06,AirTemp_C_mean,2,14.520104980468773
gep06,00,2026-05-28,2026-05-30,gcrew,noaa_gefs,06,Pressure_Pa,2,101405.7275390625
gep06,00,2026-05-28,2026-05-30,gcrew,noaa_gefs,06,RH_percent_mean,2,63.8339786529541
gep06,00,2026-05-28,2026-05-30,gcrew,noaa_gefs,06,Rain_mm_sum,2,0
gep06,00,2026-05-28,2026-05-30,gcrew,noaa_gefs,06,ShortwaveRadiation_Wm2,2,354
gep06,00,2026-05-28,2026-05-30,gcrew,noaa_gefs,06,WindSpeed_ms_mean,2,6.158624703355217
gep06,00,2026-05-28,2026-05-31,gcrew,noaa_gefs,06,AirTemp_C_mean,3,13.913762664794945
gep06,00,2026-05-28,2026-05-31,gcrew,noaa_gefs,06,Pressure_Pa,3,101891.111328125
gep06,00,2026-05-28,2026-05-31,gcrew,noaa_gefs,06,RH_percent_mean,3,62.99015474319458
gep06,00,2026-05-28,2026-05-31,gcrew,noaa_gefs,06,Rain_mm_sum,3,0
gep06,00,2026-05-28,2026-05-31,gcrew,noaa_gefs,06,ShortwaveRadiation_Wm2,3,361
gep06,00,2026-05-28,2026-05-31,gcrew,noaa_gefs,06,WindSpeed_ms_mean,3,2.3322553142904607
gep06,00,2026-05-28,2026-06-01,gcrew,noaa_gefs,06,AirTemp_C_mean,4,16.62330780029299
gep06,00,2026-05-28,2026-06-01,gcrew,noaa_gefs,06,Pressure_Pa,4,101337.8271484375
gep06,00,2026-05-28,2026-06-01,gcrew,noaa_gefs,06,RH_percent_mean,4,63.69150733947754
gep06,00,2026-05-28,2026-06-01,gcrew,noaa_gefs,06,Rain_mm_sum,4,0
gep06,00,2026-05-28,2026-06-01,gcrew,noaa_gefs,06,ShortwaveRadiation_Wm2,4,325.125
gep06,00,2026-05-28,2026-06-01,gcrew,noaa_gefs,06,WindSpeed_ms_mean,4,3.743790953418161
gep06,00,2026-05-28,2026-06-02,gcrew,noaa_gefs,06,AirTemp_C_mean,5,16.618074035644554
gep06,00,2026-05-28,2026-06-02,gcrew,noaa_gefs,06,Pressure_Pa,5,101068.361328125
gep06,00,2026-05-28,2026-06-02,gcrew,noaa_gefs,06,RH_percent_mean,5,61.181997299194336
gep06,00,2026-05-28,2026-06-02,gcrew,noaa_gefs,06,Rain_mm_sum,5,0
gep06,00,2026-05-28,2026-06-02,gcrew,noaa_gefs,06,ShortwaveRadiation_Wm2,5,345.875
gep06,00,2026-05-28,2026-06-02,gcrew,noaa_gefs,06,WindSpeed_ms_mean,5,2.656702509480038
gep06,00,2026-05-28,2026-06-03,gcrew,noaa_gefs,06,AirTemp_C_mean,6,14.53361282348635
gep06,00,2026-05-28,2026-06-03,gcrew,noaa_gefs,06,Pressure_Pa,6,101265.8505859375
gep06,00,2026-05-28,2026-06-03,gcrew,noaa_gefs,06,RH_percent_mean,6,58.42056369781494
gep06,00,2026-05-28,2026-06-03,gcrew,noaa_gefs,06,Rain_mm_sum,6,0.42000001296401024
gep06,00,2026-05-28,2026-06-03,gcrew,noaa_gefs,06,ShortwaveRadiation_Wm2,6,296.5
gep06,00,2026-05-28,2026-06-03,gcrew,noaa_gefs,06,WindSpeed_ms_mean,6,7.54477270972776
gep06,00,2026-05-28,2026-06-04,gcrew,noaa_gefs,06,AirTemp_C_mean,7,14.779225921630882
gep06,00,2026-05-28,2026-06-04,gcrew,noaa_gefs,06,Pressure_Pa,7,101801.623046875
gep06,00,2026-05-28,2026-06-04,gcrew,noaa_gefs,06,RH_percent_mean,7,63.78340291976929
gep06,00,2026-05-28,2026-06-04,gcrew,noaa_gefs,06,Rain_mm_sum,7,0.3100000023841858
gep06,00,2026-05-28,2026-06-04,gcrew,noaa_gefs,06,ShortwaveRadiation_Wm2,7,321
gep06,00,2026-05-28,2026-06-04,gcrew,noaa_gefs,06,WindSpeed_ms_mean,7,7.469515003650624
gep06,00,2026-05-28,2026-06-05,gcrew,noaa_gefs,06,AirTemp_C_mean,8,15.955716705322288
gep06,00,2026-05-28,2026-06-05,gcrew,noaa_gefs,06,Pressure_Pa,8,101952.7724609375
gep06,00,2026-05-28,2026-06-05,gcrew,noaa_gefs,06,RH_percent_mean,8,61.84580373764038
gep06,00,2026-05-28,2026-06-05,gcrew,noaa_gefs,06,Rain_mm_sum,8,0
gep06,00,2026-05-28,2026-06-05,gcrew,noaa_gefs,06,ShortwaveRadiation_Wm2,8,358
gep06,00,2026-05-28,2026-06-05,gcrew,noaa_gefs,06,WindSpeed_ms_mean,8,4.597932834247479
gep06,00,2026-05-28,2026-06-06,gcrew,noaa_gefs,06,AirTemp_C_mean,9,18.72523106166297
gep06,00,2026-05-28,2026-06-06,gcrew,noaa_gefs,06,Pressure_Pa,9,101935.07700892857
gep06,00,2026-05-28,2026-06-06,gcrew,noaa_gefs,06,RH_percent_mean,9,63.01251983642578
gep06,00,2026-05-28,2026-06-06,gcrew,noaa_gefs,06,Rain_mm_sum,9,0
gep06,00,2026-05-28,2026-06-06,gcrew,noaa_gefs,06,ShortwaveRadiation_Wm2,9,409.14285714285717
gep06,00,2026-05-28,2026-06-06,gcrew,noaa_gefs,06,WindSpeed_ms_mean,9,2.582886239108914
gep06,00,2026-05-28,2026-06-07,gcrew,noaa_gefs,06,AirTemp_C_mean,10,20.02813873291018
gep06,00,2026-05-28,2026-06-07,gcrew,noaa_gefs,06,Pressure_Pa,10,101518.1484375
gep06,00,2026-05-28,2026-06-07,gcrew,noaa_gefs,06,RH_percent_mean,10,64.0985107421875
gep06,00,2026-05-28,2026-06-07,gcrew,noaa_gefs,06,Rain_mm_sum,10,0
gep06,00,2026-05-28,2026-06-07,gcrew,noaa_gefs,06,ShortwaveRadiation_Wm2,10,313.25
gep06,00,2026-05-28,2026-06-07,gcrew,noaa_gefs,06,WindSpeed_ms_mean,10,3.0982185202913497
gep06,00,2026-05-28,2026-06-08,gcrew,noaa_gefs,06,AirTemp_C_mean,11,21.244317626953148
gep06,00,2026-05-28,2026-06-08,gcrew,noaa_gefs,06,Pressure_Pa,11,100838.3359375
gep06,00,2026-05-28,2026-06-08,gcrew,noaa_gefs,06,RH_percent_mean,11,83.27591323852539
gep06,00,2026-05-28,2026-06-08,gcrew,noaa_gefs,06,Rain_mm_sum,11,10.500000312924385
gep06,00,2026-05-28,2026-06-08,gcrew,noaa_gefs,06,ShortwaveRadiation_Wm2,11,130.75
gep06,00,2026-05-28,2026-06-08,gcrew,noaa_gefs,06,WindSpeed_ms_mean,11,5.466295843691377
gep06,00,2026-05-28,2026-06-09,gcrew,noaa_gefs,06,AirTemp_C_mean,12,18.266564941406273
gep06,00,2026-05-28,2026-06-09,gcrew,noaa_gefs,06,Pressure_Pa,12,101545.86328125
gep06,00,2026-05-28,2026-06-09,gcrew,noaa_gefs,06,RH_percent_mean,12,65.5650224685669
gep06,00,2026-05-28,2026-06-09,gcrew,noaa_gefs,06,Rain_mm_sum,12,2.4000000953674316
gep06,00,2026-05-28,2026-06-09,gcrew,noaa_gefs,06,ShortwaveRadiation_Wm2,12,361.25
gep06,00,2026-05-28,2026-06-09,gcrew,noaa_gefs,06,WindSpeed_ms_mean,12,7.459937362211188
gep06,00,2026-05-28,2026-06-10,gcrew,noaa_gefs,06,AirTemp_C_mean,13,17.935144042968773
gep06,00,2026-05-28,2026-06-10,gcrew,noaa_gefs,06,Pressure_Pa,13,102414.19921875
gep06,00,2026-05-28,2026-06-10,gcrew,noaa_gefs,06,RH_percent_mean,13,56.38784217834473
gep06,00,2026-05-28,2026-06-10,gcrew,noaa_gefs,06,Rain_mm_sum,13,0
gep06,00,2026-05-28,2026-06-10,gcrew,noaa_gefs,06,ShortwaveRadiation_Wm2,13,363.25
gep06,00,2026-05-28,2026-06-10,gcrew,noaa_gefs,06,WindSpeed_ms_mean,13,4.315274059982924
gep06,00,2026-05-28,2026-06-11,gcrew,noaa_gefs,06,AirTemp_C_mean,14,18.79597625732424
gep06,00,2026-05-28,2026-06-11,gcrew,noaa_gefs,06,Pressure_Pa,14,102375.763671875
gep06,00,2026-05-28,2026-06-11,gcrew,noaa_gefs,06,RH_percent_mean,14,57.19118881225586
gep06,00,2026-05-28,2026-06-11,gcrew,noaa_gefs,06,Rain_mm_sum,14,0
gep06,00,2026-05-28,2026-06-11,gcrew,noaa_gefs,06,ShortwaveRadiation_Wm2,14,359.25
gep06,00,2026-05-28,2026-06-11,gcrew,noaa_gefs,06,WindSpeed_ms_mean,14,2.5567400202041837
gep06,00,2026-05-28,2026-06-12,gcrew,noaa_gefs,06,AirTemp_C_mean,15,20.419717407226585
gep06,00,2026-05-28,2026-06-12,gcrew,noaa_gefs,06,Pressure_Pa,15,101882.580078125
gep06,00,2026-05-28,2026-06-12,gcrew,noaa_gefs,06,RH_percent_mean,15,61.499000549316406
gep06,00,2026-05-28,2026-06-12,gcrew,noaa_gefs,06,Rain_mm_sum,15,0
gep06,00,2026-05-28,2026-06-12,gcrew,noaa_gefs,06,ShortwaveRadiation_Wm2,15,338.75
gep06,00,2026-05-28,2026-06-12,gcrew,noaa_gefs,06,WindSpeed_ms_mean,15,2.427922764317797
gep06,00,2026-05-28,2026-06-13,gcrew,noaa_gefs,06,AirTemp_C_mean,16,22.97486267089846
gep06,00,2026-05-28,2026-06-13,gcrew,noaa_gefs,06,Pressure_Pa,16,101575.34375
gep06,00,2026-05-28,2026-06-13,gcrew,noaa_gefs,06,RH_percent_mean,16,66.48400783538818
gep06,00,2026-05-28,2026-06-13,gcrew,noaa_gefs,06,Rain_mm_sum,16,0
gep06,00,2026-05-28,2026-06-13,gcrew,noaa_gefs,06,ShortwaveRadiation_Wm2,16,336.75
gep06,00,2026-05-28,2026-06-13,gcrew,noaa_gefs,06,WindSpeed_ms_mean,16,3.760233349203137
gep06,00,2026-05-28,2026-06-14,gcrew,noaa_gefs,06,AirTemp_C_mean,17,21.73445281982424
gep06,00,2026-05-28,2026-06-14,gcrew,noaa_gefs,06,Pressure_Pa,17,101758.880859375
gep06,00,2026-05-28,2026-06-14,gcrew,noaa_gefs,06,RH_percent_mean,17,60.63445472717285
gep06,00,2026-05-28,2026-06-14,gcrew,noaa_gefs,06,Rain_mm_sum,17,0
gep06,00,2026-05-28,2026-06-14,gcrew,noaa_gefs,06,ShortwaveRadiation_Wm2,17,345
gep06,00,2026-05-28,2026-06-14,gcrew,noaa_gefs,06,WindSpeed_ms_mean,17,3.877745024465436
gep06,00,2026-05-28,2026-06-15,gcrew,noaa_gefs,06,AirTemp_C_mean,18,27.282464599609398
gep06,00,2026-05-28,2026-06-15,gcrew,noaa_gefs,06,Pressure_Pa,18,101216.53125
gep06,00,2026-05-28,2026-06-15,gcrew,noaa_gefs,06,RH_percent_mean,18,62.073336601257324
gep06,00,2026-05-28,2026-06-15,gcrew,noaa_gefs,06,Rain_mm_sum,18,0.10000000149011612
gep06,00,2026-05-28,2026-06-15,gcrew,noaa_gefs,06,ShortwaveRadiation_Wm2,18,342.25
gep06,00,2026-05-28,2026-06-15,gcrew,noaa_gefs,06,WindSpeed_ms_mean,18,3.863105661866631
gep06,00,2026-05-28,2026-06-16,gcrew,noaa_gefs,06,AirTemp_C_mean,19,27.164888000488304
gep06,00,2026-05-28,2026-06-16,gcrew,noaa_gefs,06,Pressure_Pa,19,101554.767578125
gep06,00,2026-05-28,2026-06-16,gcrew,noaa_gefs,06,RH_percent_mean,19,61.02194118499756
gep06,00,2026-05-28,2026-06-16,gcrew,noaa_gefs,06,Rain_mm_sum,19,0.10000000149011612
gep06,00,2026-05-28,2026-06-16,gcrew,noaa_gefs,06,ShortwaveRadiation_Wm2,19,297.5
gep06,00,2026-05-28,2026-06-16,gcrew,noaa_gefs,06,WindSpeed_ms_mean,19,2.604843904299301
gep06,00,2026-05-28,2026-06-17,gcrew,noaa_gefs,06,AirTemp_C_mean,20,22.97168884277346
gep06,00,2026-05-28,2026-06-17,gcrew,noaa_gefs,06,Pressure_Pa,20,101994.060546875
gep06,00,2026-05-28,2026-06-17,gcrew,noaa_gefs,06,RH_percent_mean,20,85.14014625549316
gep06,00,2026-05-28,2026-06-17,gcrew,noaa_gefs,06,Rain_mm_sum,20,2.9000000953674316
gep06,00,2026-05-28,2026-06-17,gcrew,noaa_gefs,06,ShortwaveRadiation_Wm2,20,269.25
gep06,00,2026-05-28,2026-06-17,gcrew,noaa_gefs,06,WindSpeed_ms_mean,20,4.609625277607201
gep06,00,2026-05-28,2026-06-18,gcrew,noaa_gefs,06,AirTemp_C_mean,21,22.94593963623049
gep06,00,2026-05-28,2026-06-18,gcrew,noaa_gefs,06,Pressure_Pa,21,101981.146484375
gep06,00,2026-05-28,2026-06-18,gcrew,noaa_gefs,06,RH_percent_mean,21,86.89044570922852
gep06,00,2026-05-28,2026-06-18,gcrew,noaa_gefs,06,Rain_mm_sum,21,1.4000000357627869
gep06,00,2026-05-28,2026-06-18,gcrew,noaa_gefs,06,ShortwaveRadiation_Wm2,21,303.25
gep06,00,2026-05-28,2026-06-18,gcrew,noaa_gefs,06,WindSpeed_ms_mean,21,2.586226235579734
gep06,00,2026-05-28,2026-06-19,gcrew,noaa_gefs,06,AirTemp_C_mean,22,26.268060302734398
gep06,00,2026-05-28,2026-06-19,gcrew,noaa_gefs,06,Pressure_Pa,22,101740.232421875
gep06,00,2026-05-28,2026-06-19,gcrew,noaa_gefs,06,RH_percent_mean,22,70.88781070709229
gep06,00,2026-05-28,2026-06-19,gcrew,noaa_gefs,06,Rain_mm_sum,22,0
gep06,00,2026-05-28,2026-06-19,gcrew,noaa_gefs,06,ShortwaveRadiation_Wm2,22,333
gep06,00,2026-05-28,2026-06-19,gcrew,noaa_gefs,06,WindSpeed_ms_mean,22,4.6750494445637285
gep06,00,2026-05-28,2026-06-20,gcrew,noaa_gefs,06,AirTemp_C_mean,23,27.841043090820335
gep06,00,2026-05-28,2026-06-20,gcrew,noaa_gefs,06,Pressure_Pa,23,101515.064453125
gep06,00,2026-05-28,2026-06-20,gcrew,noaa_gefs,06,RH_percent_mean,23,61.98535442352295
gep06,00,2026-05-28,2026-06-20,gcrew,noaa_gefs,06,Rain_mm_sum,23,0
gep06,00,2026-05-28,2026-06-20,gcrew,noaa_gefs,06,ShortwaveRadiation_Wm2,23,317.5
gep06,00,2026-05-28,2026-06-20,gcrew,noaa_gefs,06,WindSpeed_ms_mean,23,3.626574370372676
gep06,00,2026-05-28,2026-06-21,gcrew,noaa_gefs,06,AirTemp_C_mean,24,27.115220642089866
gep06,00,2026-05-28,2026-06-21,gcrew,noaa_gefs,06,Pressure_Pa,24,101335.810546875
gep06,00,2026-05-28,2026-06-21,gcrew,noaa_gefs,06,RH_percent_mean,24,61.86435508728027
gep06,00,2026-05-28,2026-06-21,gcrew,noaa_gefs,06,Rain_mm_sum,24,0
gep06,00,2026-05-28,2026-06-21,gcrew,noaa_gefs,06,ShortwaveRadiation_Wm2,24,325.75
gep06,00,2026-05-28,2026-06-21,gcrew,noaa_gefs,06,WindSpeed_ms_mean,24,4.1586571738201075
gep06,00,2026-05-28,2026-06-22,gcrew,noaa_gefs,06,AirTemp_C_mean,25,24.424424743652366
gep06,00,2026-05-28,2026-06-22,gcrew,noaa_gefs,06,Pressure_Pa,25,101386.505859375
gep06,00,2026-05-28,2026-06-22,gcrew,noaa_gefs,06,RH_percent_mean,25,81.4093132019043
gep06,00,2026-05-28,2026-06-22,gcrew,noaa_gefs,06,Rain_mm_sum,25,0.4000000059604645
gep06,00,2026-05-28,2026-06-22,gcrew,noaa_gefs,06,ShortwaveRadiation_Wm2,25,100.5
gep06,00,2026-05-28,2026-06-22,gcrew,noaa_gefs,06,WindSpeed_ms_mean,25,4.003219955758446
gep06,00,2026-05-28,2026-06-23,gcrew,noaa_gefs,06,AirTemp_C_mean,26,22.006524658203148
gep06,00,2026-05-28,2026-06-23,gcrew,noaa_gefs,06,Pressure_Pa,26,101129.3515625
gep06,00,2026-05-28,2026-06-23,gcrew,noaa_gefs,06,RH_percent_mean,26,93.43722724914551
gep06,00,2026-05-28,2026-06-23,gcrew,noaa_gefs,06,Rain_mm_sum,26,55.300001695752144
gep06,00,2026-05-28,2026-06-23,gcrew,noaa_gefs,06,ShortwaveRadiation_Wm2,26,22.75
gep06,00,2026-05-28,2026-06-23,gcrew,noaa_gefs,06,WindSpeed_ms_mean,26,4.542991536121778
gep06,00,2026-05-28,2026-06-24,gcrew,noaa_gefs,06,AirTemp_C_mean,27,22.589105224609398
gep06,00,2026-05-28,2026-06-24,gcrew,noaa_gefs,06,Pressure_Pa,27,100791.896484375
gep06,00,2026-05-28,2026-06-24,gcrew,noaa_gefs,06,RH_percent_mean,27,86.6486873626709
gep06,00,2026-05-28,2026-06-24,gcrew,noaa_gefs,06,Rain_mm_sum,27,8.000000096857548
gep06,00,2026-05-28,2026-06-24,gcrew,noaa_gefs,06,ShortwaveRadiation_Wm2,27,230.25
gep06,00,2026-05-28,2026-06-24,gcrew,noaa_gefs,06,WindSpeed_ms_mean,27,4.664738764840051
gep06,00,2026-05-28,2026-06-25,gcrew,noaa_gefs,06,AirTemp_C_mean,28,21.151040649414085
gep06,00,2026-05-28,2026-06-25,gcrew,noaa_gefs,06,Pressure_Pa,28,100968.654296875
gep06,00,2026-05-28,2026-06-25,gcrew,noaa_gefs,06,RH_percent_mean,28,59.870840072631836
gep06,00,2026-05-28,2026-06-25,gcrew,noaa_gefs,06,Rain_mm_sum,28,0.10000000149011612
gep06,00,2026-05-28,2026-06-25,gcrew,noaa_gefs,06,ShortwaveRadiation_Wm2,28,355.75
gep06,00,2026-05-28,2026-06-25,gcrew,noaa_gefs,06,WindSpeed_ms_mean,28,4.965440944060037
gep06,00,2026-05-28,2026-06-26,gcrew,noaa_gefs,06,AirTemp_C_mean,29,20.49548492431643
gep06,00,2026-05-28,2026-06-26,gcrew,noaa_gefs,06,Pressure_Pa,29,101440.876953125
gep06,00,2026-05-28,2026-06-26,gcrew,noaa_gefs,06,RH_percent_mean,29,59.463311195373535
gep06,00,2026-05-28,2026-06-26,gcrew,noaa_gefs,06,Rain_mm_sum,29,0
gep06,00,2026-05-28,2026-06-26,gcrew,noaa_gefs,06,ShortwaveRadiation_Wm2,29,351
gep06,00,2026-05-28,2026-06-26,gcrew,noaa_gefs,06,WindSpeed_ms_mean,29,4.224020219033529
gep06,00,2026-05-28,2026-06-27,gcrew,noaa_gefs,06,AirTemp_C_mean,30,22.24182281494143
gep06,00,2026-05-28,2026-06-27,gcrew,noaa_gefs,06,Pressure_Pa,30,101707.216796875
gep06,00,2026-05-28,2026-06-27,gcrew,noaa_gefs,06,RH_percent_mean,30,58.40474605560303
gep06,00,2026-05-28,2026-06-27,gcrew,noaa_gefs,06,Rain_mm_sum,30,0
gep06,00,2026-05-28,2026-06-27,gcrew,noaa_gefs,06,ShortwaveRadiation_Wm2,30,351
gep06,00,2026-05-28,2026-06-27,gcrew,noaa_gefs,06,WindSpeed_ms_mean,30,4.272810309335263
gep06,00,2026-05-28,2026-06-28,gcrew,noaa_gefs,06,AirTemp_C_mean,31,24.168817138671898
gep06,00,2026-05-28,2026-06-28,gcrew,noaa_gefs,06,Pressure_Pa,31,101494.826171875
gep06,00,2026-05-28,2026-06-28,gcrew,noaa_gefs,06,RH_percent_mean,31,71.39916801452637
gep06,00,2026-05-28,2026-06-28,gcrew,noaa_gefs,06,Rain_mm_sum,31,0
gep06,00,2026-05-28,2026-06-28,gcrew,noaa_gefs,06,ShortwaveRadiation_Wm2,31,344
gep06,00,2026-05-28,2026-06-28,gcrew,noaa_gefs,06,WindSpeed_ms_mean,31,3.5498743444693566
gep06,00,2026-05-28,2026-06-29,gcrew,noaa_gefs,06,AirTemp_C_mean,32,26.337808227539085
gep06,00,2026-05-28,2026-06-29,gcrew,noaa_gefs,06,Pressure_Pa,32,101015.88671875
gep06,00,2026-05-28,2026-06-29,gcrew,noaa_gefs,06,RH_percent_mean,32,67.18145847320557
gep06,00,2026-05-28,2026-06-29,gcrew,noaa_gefs,06,Rain_mm_sum,32,0
gep06,00,2026-05-28,2026-06-29,gcrew,noaa_gefs,06,ShortwaveRadiation_Wm2,32,322.5
gep06,00,2026-05-28,2026-06-29,gcrew,noaa_gefs,06,WindSpeed_ms_mean,32,3.924499337392451
gep06,00,2026-05-28,2026-06-30,gcrew,noaa_gefs,06,AirTemp_C_mean,33,26.703363037109398
gep06,00,2026-05-28,2026-06-30,gcrew,noaa_gefs,06,Pressure_Pa,33,100415.265625
gep06,00,2026-05-28,2026-06-30,gcrew,noaa_gefs,06,RH_percent_mean,33,70.66891098022461
gep06,00,2026-05-28,2026-06-30,gcrew,noaa_gefs,06,Rain_mm_sum,33,0.7999999895691872
gep06,00,2026-05-28,2026-06-30,gcrew,noaa_gefs,06,ShortwaveRadiation_Wm2,33,221.5
gep06,00,2026-05-28,2026-06-30,gcrew,noaa_gefs,06,WindSpeed_ms_mean,33,2.4540543323176753
gep06,00,2026-05-28,2026-07-01,gcrew,noaa_gefs,06,AirTemp_C_mean,34,25.300759887695335
gep06,00,2026-05-28,2026-07-01,gcrew,noaa_gefs,06,Pressure_Pa,34,100593.78515625
gep06,00,2026-05-28,2026-07-01,gcrew,noaa_gefs,06,RH_percent_mean,34,66.53337669372559
gep06,00,2026-05-28,2026-07-01,gcrew,noaa_gefs,06,Rain_mm_sum,34,0.20000000298023224
gep06,00,2026-05-28,2026-07-01,gcrew,noaa_gefs,06,ShortwaveRadiation_Wm2,34,347.5
gep06,00,2026-05-28,2026-07-01,gcrew,noaa_gefs,06,WindSpeed_ms_mean,34,3.569256045713047
gep07,00,2026-05-28,2026-05-29,gcrew,noaa_gefs,07,AirTemp_C_mean,1,16.984544372558616
gep07,00,2026-05-28,2026-05-29,gcrew,noaa_gefs,07,Pressure_Pa,1,101312.3720703125
gep07,00,2026-05-28,2026-05-29,gcrew,noaa_gefs,07,RH_percent_mean,1,66.49901962280273
gep07,00,2026-05-28,2026-05-29,gcrew,noaa_gefs,07,Rain_mm_sum,1,0
gep07,00,2026-05-28,2026-05-29,gcrew,noaa_gefs,07,ShortwaveRadiation_Wm2,1,358.5
gep07,00,2026-05-28,2026-05-29,gcrew,noaa_gefs,07,WindSpeed_ms_mean,1,3.324157800523961
gep07,00,2026-05-28,2026-05-30,gcrew,noaa_gefs,07,AirTemp_C_mean,2,14.520104980468773
gep07,00,2026-05-28,2026-05-30,gcrew,noaa_gefs,07,Pressure_Pa,2,101405.7275390625
gep07,00,2026-05-28,2026-05-30,gcrew,noaa_gefs,07,RH_percent_mean,2,63.8339786529541
gep07,00,2026-05-28,2026-05-30,gcrew,noaa_gefs,07,Rain_mm_sum,2,0
gep07,00,2026-05-28,2026-05-30,gcrew,noaa_gefs,07,ShortwaveRadiation_Wm2,2,354
gep07,00,2026-05-28,2026-05-30,gcrew,noaa_gefs,07,WindSpeed_ms_mean,2,6.158624703355217
gep07,00,2026-05-28,2026-05-31,gcrew,noaa_gefs,07,AirTemp_C_mean,3,13.913762664794945
gep07,00,2026-05-28,2026-05-31,gcrew,noaa_gefs,07,Pressure_Pa,3,101891.111328125
gep07,00,2026-05-28,2026-05-31,gcrew,noaa_gefs,07,RH_percent_mean,3,62.99015474319458
gep07,00,2026-05-28,2026-05-31,gcrew,noaa_gefs,07,Rain_mm_sum,3,0
gep07,00,2026-05-28,2026-05-31,gcrew,noaa_gefs,07,ShortwaveRadiation_Wm2,3,361
gep07,00,2026-05-28,2026-05-31,gcrew,noaa_gefs,07,WindSpeed_ms_mean,3,2.3322553142904607
gep07,00,2026-05-28,2026-06-01,gcrew,noaa_gefs,07,AirTemp_C_mean,4,16.62330780029299
gep07,00,2026-05-28,2026-06-01,gcrew,noaa_gefs,07,Pressure_Pa,4,101337.8271484375
gep07,00,2026-05-28,2026-06-01,gcrew,noaa_gefs,07,RH_percent_mean,4,63.69150733947754
gep07,00,2026-05-28,2026-06-01,gcrew,noaa_gefs,07,Rain_mm_sum,4,0
gep07,00,2026-05-28,2026-06-01,gcrew,noaa_gefs,07,ShortwaveRadiation_Wm2,4,325.125
gep07,00,2026-05-28,2026-06-01,gcrew,noaa_gefs,07,WindSpeed_ms_mean,4,3.743790953418161
gep07,00,2026-05-28,2026-06-02,gcrew,noaa_gefs,07,AirTemp_C_mean,5,16.618074035644554
gep07,00,2026-05-28,2026-06-02,gcrew,noaa_gefs,07,Pressure_Pa,5,101068.361328125
gep07,00,2026-05-28,2026-06-02,gcrew,noaa_gefs,07,RH_percent_mean,5,61.181997299194336
gep07,00,2026-05-28,2026-06-02,gcrew,noaa_gefs,07,Rain_mm_sum,5,0
gep07,00,2026-05-28,2026-06-02,gcrew,noaa_gefs,07,ShortwaveRadiation_Wm2,5,345.875
gep07,00,2026-05-28,2026-06-02,gcrew,noaa_gefs,07,WindSpeed_ms_mean,5,2.656702509480038
gep07,00,2026-05-28,2026-06-03,gcrew,noaa_gefs,07,AirTemp_C_mean,6,14.53361282348635
gep07,00,2026-05-28,2026-06-03,gcrew,noaa_gefs,07,Pressure_Pa,6,101265.8505859375
gep07,00,2026-05-28,2026-06-03,gcrew,noaa_gefs,07,RH_percent_mean,6,58.42056369781494
gep07,00,2026-05-28,2026-06-03,gcrew,noaa_gefs,07,Rain_mm_sum,6,0.42000001296401024
gep07,00,2026-05-28,2026-06-03,gcrew,noaa_gefs,07,ShortwaveRadiation_Wm2,6,296.5
gep07,00,2026-05-28,2026-06-03,gcrew,noaa_gefs,07,WindSpeed_ms_mean,6,7.54477270972776
gep07,00,2026-05-28,2026-06-04,gcrew,noaa_gefs,07,AirTemp_C_mean,7,14.779225921630882
gep07,00,2026-05-28,2026-06-04,gcrew,noaa_gefs,07,Pressure_Pa,7,101801.623046875
gep07,00,2026-05-28,2026-06-04,gcrew,noaa_gefs,07,RH_percent_mean,7,63.78340291976929
gep07,00,2026-05-28,2026-06-04,gcrew,noaa_gefs,07,Rain_mm_sum,7,0.3100000023841858
gep07,00,2026-05-28,2026-06-04,gcrew,noaa_gefs,07,ShortwaveRadiation_Wm2,7,321
gep07,00,2026-05-28,2026-06-04,gcrew,noaa_gefs,07,WindSpeed_ms_mean,7,7.469515003650624
gep07,00,2026-05-28,2026-06-05,gcrew,noaa_gefs,07,AirTemp_C_mean,8,15.955716705322288
gep07,00,2026-05-28,2026-06-05,gcrew,noaa_gefs,07,Pressure_Pa,8,101952.7724609375
gep07,00,2026-05-28,2026-06-05,gcrew,noaa_gefs,07,RH_percent_mean,8,61.84580373764038
gep07,00,2026-05-28,2026-06-05,gcrew,noaa_gefs,07,Rain_mm_sum,8,0
gep07,00,2026-05-28,2026-06-05,gcrew,noaa_gefs,07,ShortwaveRadiation_Wm2,8,358
gep07,00,2026-05-28,2026-06-05,gcrew,noaa_gefs,07,WindSpeed_ms_mean,8,4.597932834247479
gep07,00,2026-05-28,2026-06-06,gcrew,noaa_gefs,07,AirTemp_C_mean,9,18.72523106166297
gep07,00,2026-05-28,2026-06-06,gcrew,noaa_gefs,07,Pressure_Pa,9,101935.07700892857
gep07,00,2026-05-28,2026-06-06,gcrew,noaa_gefs,07,RH_percent_mean,9,63.01251983642578
gep07,00,2026-05-28,2026-06-06,gcrew,noaa_gefs,07,Rain_mm_sum,9,0
gep07,00,2026-05-28,2026-06-06,gcrew,noaa_gefs,07,ShortwaveRadiation_Wm2,9,409.14285714285717
gep07,00,2026-05-28,2026-06-06,gcrew,noaa_gefs,07,WindSpeed_ms_mean,9,2.582886239108914
gep07,00,2026-05-28,2026-06-07,gcrew,noaa_gefs,07,AirTemp_C_mean,10,20.02813873291018
gep07,00,2026-05-28,2026-06-07,gcrew,noaa_gefs,07,Pressure_Pa,10,101518.1484375
gep07,00,2026-05-28,2026-06-07,gcrew,noaa_gefs,07,RH_percent_mean,10,64.0985107421875
gep07,00,2026-05-28,2026-06-07,gcrew,noaa_gefs,07,Rain_mm_sum,10,0
gep07,00,2026-05-28,2026-06-07,gcrew,noaa_gefs,07,ShortwaveRadiation_Wm2,10,313.25
gep07,00,2026-05-28,2026-06-07,gcrew,noaa_gefs,07,WindSpeed_ms_mean,10,3.0982185202913497
gep07,00,2026-05-28,2026-06-08,gcrew,noaa_gefs,07,AirTemp_C_mean,11,21.244317626953148
gep07,00,2026-05-28,2026-06-08,gcrew,noaa_gefs,07,Pressure_Pa,11,100838.3359375
gep07,00,2026-05-28,2026-06-08,gcrew,noaa_gefs,07,RH_percent_mean,11,83.27591323852539
gep07,00,2026-05-28,2026-06-08,gcrew,noaa_gefs,07,Rain_mm_sum,11,10.500000312924385
gep07,00,2026-05-28,2026-06-08,gcrew,noaa_gefs,07,ShortwaveRadiation_Wm2,11,130.75
gep07,00,2026-05-28,2026-06-08,gcrew,noaa_gefs,07,WindSpeed_ms_mean,11,5.466295843691377
gep07,00,2026-05-28,2026-06-09,gcrew,noaa_gefs,07,AirTemp_C_mean,12,18.266564941406273
gep07,00,2026-05-28,2026-06-09,gcrew,noaa_gefs,07,Pressure_Pa,12,101545.86328125
gep07,00,2026-05-28,2026-06-09,gcrew,noaa_gefs,07,RH_percent_mean,12,65.5650224685669
gep07,00,2026-05-28,2026-06-09,gcrew,noaa_gefs,07,Rain_mm_sum,12,2.4000000953674316
gep07,00,2026-05-28,2026-06-09,gcrew,noaa_gefs,07,ShortwaveRadiation_Wm2,12,361.25
gep07,00,2026-05-28,2026-06-09,gcrew,noaa_gefs,07,WindSpeed_ms_mean,12,7.459937362211188
gep07,00,2026-05-28,2026-06-10,gcrew,noaa_gefs,07,AirTemp_C_mean,13,17.935144042968773
gep07,00,2026-05-28,2026-06-10,gcrew,noaa_gefs,07,Pressure_Pa,13,102414.19921875
gep07,00,2026-05-28,2026-06-10,gcrew,noaa_gefs,07,RH_percent_mean,13,56.38784217834473
gep07,00,2026-05-28,2026-06-10,gcrew,noaa_gefs,07,Rain_mm_sum,13,0
gep07,00,2026-05-28,2026-06-10,gcrew,noaa_gefs,07,ShortwaveRadiation_Wm2,13,363.25
gep07,00,2026-05-28,2026-06-10,gcrew,noaa_gefs,07,WindSpeed_ms_mean,13,4.315274059982924
gep07,00,2026-05-28,2026-06-11,gcrew,noaa_gefs,07,AirTemp_C_mean,14,18.79597625732424
gep07,00,2026-05-28,2026-06-11,gcrew,noaa_gefs,07,Pressure_Pa,14,102375.763671875
gep07,00,2026-05-28,2026-06-11,gcrew,noaa_gefs,07,RH_percent_mean,14,57.19118881225586
gep07,00,2026-05-28,2026-06-11,gcrew,noaa_gefs,07,Rain_mm_sum,14,0
gep07,00,2026-05-28,2026-06-11,gcrew,noaa_gefs,07,ShortwaveRadiation_Wm2,14,359.25
gep07,00,2026-05-28,2026-06-11,gcrew,noaa_gefs,07,WindSpeed_ms_mean,14,2.5567400202041837
gep07,00,2026-05-28,2026-06-12,gcrew,noaa_gefs,07,AirTemp_C_mean,15,20.419717407226585
gep07,00,2026-05-28,2026-06-12,gcrew,noaa_gefs,07,Pressure_Pa,15,101882.580078125
gep07,00,2026-05-28,2026-06-12,gcrew,noaa_gefs,07,RH_percent_mean,15,61.499000549316406
gep07,00,2026-05-28,2026-06-12,gcrew,noaa_gefs,07,Rain_mm_sum,15,0
gep07,00,2026-05-28,2026-06-12,gcrew,noaa_gefs,07,ShortwaveRadiation_Wm2,15,338.75
gep07,00,2026-05-28,2026-06-12,gcrew,noaa_gefs,07,WindSpeed_ms_mean,15,2.427922764317797
gep07,00,2026-05-28,2026-06-13,gcrew,noaa_gefs,07,AirTemp_C_mean,16,22.97486267089846
gep07,00,2026-05-28,2026-06-13,gcrew,noaa_gefs,07,Pressure_Pa,16,101575.34375
gep07,00,2026-05-28,2026-06-13,gcrew,noaa_gefs,07,RH_percent_mean,16,66.48400783538818
gep07,00,2026-05-28,2026-06-13,gcrew,noaa_gefs,07,Rain_mm_sum,16,0
gep07,00,2026-05-28,2026-06-13,gcrew,noaa_gefs,07,ShortwaveRadiation_Wm2,16,336.75
gep07,00,2026-05-28,2026-06-13,gcrew,noaa_gefs,07,WindSpeed_ms_mean,16,3.760233349203137
gep07,00,2026-05-28,2026-06-14,gcrew,noaa_gefs,07,AirTemp_C_mean,17,21.73445281982424
gep07,00,2026-05-28,2026-06-14,gcrew,noaa_gefs,07,Pressure_Pa,17,101758.880859375
gep07,00,2026-05-28,2026-06-14,gcrew,noaa_gefs,07,RH_percent_mean,17,60.63445472717285
gep07,00,2026-05-28,2026-06-14,gcrew,noaa_gefs,07,Rain_mm_sum,17,0
gep07,00,2026-05-28,2026-06-14,gcrew,noaa_gefs,07,ShortwaveRadiation_Wm2,17,345
gep07,00,2026-05-28,2026-06-14,gcrew,noaa_gefs,07,WindSpeed_ms_mean,17,3.877745024465436
gep07,00,2026-05-28,2026-06-15,gcrew,noaa_gefs,07,AirTemp_C_mean,18,27.282464599609398
gep07,00,2026-05-28,2026-06-15,gcrew,noaa_gefs,07,Pressure_Pa,18,101216.53125
gep07,00,2026-05-28,2026-06-15,gcrew,noaa_gefs,07,RH_percent_mean,18,62.073336601257324
gep07,00,2026-05-28,2026-06-15,gcrew,noaa_gefs,07,Rain_mm_sum,18,0.10000000149011612
gep07,00,2026-05-28,2026-06-15,gcrew,noaa_gefs,07,ShortwaveRadiation_Wm2,18,342.25
gep07,00,2026-05-28,2026-06-15,gcrew,noaa_gefs,07,WindSpeed_ms_mean,18,3.863105661866631
gep07,00,2026-05-28,2026-06-16,gcrew,noaa_gefs,07,AirTemp_C_mean,19,27.164888000488304
gep07,00,2026-05-28,2026-06-16,gcrew,noaa_gefs,07,Pressure_Pa,19,101554.767578125
gep07,00,2026-05-28,2026-06-16,gcrew,noaa_gefs,07,RH_percent_mean,19,61.02194118499756
gep07,00,2026-05-28,2026-06-16,gcrew,noaa_gefs,07,Rain_mm_sum,19,0.10000000149011612
gep07,00,2026-05-28,2026-06-16,gcrew,noaa_gefs,07,ShortwaveRadiation_Wm2,19,297.5
gep07,00,2026-05-28,2026-06-16,gcrew,noaa_gefs,07,WindSpeed_ms_mean,19,2.604843904299301
gep07,00,2026-05-28,2026-06-17,gcrew,noaa_gefs,07,AirTemp_C_mean,20,22.97168884277346
gep07,00,2026-05-28,2026-06-17,gcrew,noaa_gefs,07,Pressure_Pa,20,101994.060546875
gep07,00,2026-05-28,2026-06-17,gcrew,noaa_gefs,07,RH_percent_mean,20,85.14014625549316
gep07,00,2026-05-28,2026-06-17,gcrew,noaa_gefs,07,Rain_mm_sum,20,2.9000000953674316
gep07,00,2026-05-28,2026-06-17,gcrew,noaa_gefs,07,ShortwaveRadiation_Wm2,20,269.25
gep07,00,2026-05-28,2026-06-17,gcrew,noaa_gefs,07,WindSpeed_ms_mean,20,4.609625277607201
gep07,00,2026-05-28,2026-06-18,gcrew,noaa_gefs,07,AirTemp_C_mean,21,22.94593963623049
gep07,00,2026-05-28,2026-06-18,gcrew,noaa_gefs,07,Pressure_Pa,21,101981.146484375
gep07,00,2026-05-28,2026-06-18,gcrew,noaa_gefs,07,RH_percent_mean,21,86.89044570922852
gep07,00,2026-05-28,2026-06-18,gcrew,noaa_gefs,07,Rain_mm_sum,21,1.4000000357627869
gep07,00,2026-05-28,2026-06-18,gcrew,noaa_gefs,07,ShortwaveRadiation_Wm2,21,303.25
gep07,00,2026-05-28,2026-06-18,gcrew,noaa_gefs,07,WindSpeed_ms_mean,21,2.586226235579734
gep07,00,2026-05-28,2026-06-19,gcrew,noaa_gefs,07,AirTemp_C_mean,22,26.268060302734398
gep07,00,2026-05-28,2026-06-19,gcrew,noaa_gefs,07,Pressure_Pa,22,101740.232421875
gep07,00,2026-05-28,2026-06-19,gcrew,noaa_gefs,07,RH_percent_mean,22,70.88781070709229
gep07,00,2026-05-28,2026-06-19,gcrew,noaa_gefs,07,Rain_mm_sum,22,0
gep07,00,2026-05-28,2026-06-19,gcrew,noaa_gefs,07,ShortwaveRadiation_Wm2,22,333
gep07,00,2026-05-28,2026-06-19,gcrew,noaa_gefs,07,WindSpeed_ms_mean,22,4.6750494445637285
gep07,00,2026-05-28,2026-06-20,gcrew,noaa_gefs,07,AirTemp_C_mean,23,27.841043090820335
gep07,00,2026-05-28,2026-06-20,gcrew,noaa_gefs,07,Pressure_Pa,23,101515.064453125
gep07,00,2026-05-28,2026-06-20,gcrew,noaa_gefs,07,RH_percent_mean,23,61.98535442352295
gep07,00,2026-05-28,2026-06-20,gcrew,noaa_gefs,07,Rain_mm_sum,23,0
gep07,00,2026-05-28,2026-06-20,gcrew,noaa_gefs,07,ShortwaveRadiation_Wm2,23,317.5
gep07,00,2026-05-28,2026-06-20,gcrew,noaa_gefs,07,WindSpeed_ms_mean,23,3.626574370372676
gep07,00,2026-05-28,2026-06-21,gcrew,noaa_gefs,07,AirTemp_C_mean,24,27.115220642089866
gep07,00,2026-05-28,2026-06-21,gcrew,noaa_gefs,07,Pressure_Pa,24,101335.810546875
gep07,00,2026-05-28,2026-06-21,gcrew,noaa_gefs,07,RH_percent_mean,24,61.86435508728027
gep07,00,2026-05-28,2026-06-21,gcrew,noaa_gefs,07,Rain_mm_sum,24,0
gep07,00,2026-05-28,2026-06-21,gcrew,noaa_gefs,07,ShortwaveRadiation_Wm2,24,325.75
gep07,00,2026-05-28,2026-06-21,gcrew,noaa_gefs,07,WindSpeed_ms_mean,24,4.1586571738201075
gep07,00,2026-05-28,2026-06-22,gcrew,noaa_gefs,07,AirTemp_C_mean,25,24.424424743652366
gep07,00,2026-05-28,2026-06-22,gcrew,noaa_gefs,07,Pressure_Pa,25,101386.505859375
gep07,00,2026-05-28,2026-06-22,gcrew,noaa_gefs,07,RH_percent_mean,25,81.4093132019043
gep07,00,2026-05-28,2026-06-22,gcrew,noaa_gefs,07,Rain_mm_sum,25,0.4000000059604645
gep07,00,2026-05-28,2026-06-22,gcrew,noaa_gefs,07,ShortwaveRadiation_Wm2,25,100.5
gep07,00,2026-05-28,2026-06-22,gcrew,noaa_gefs,07,WindSpeed_ms_mean,25,4.003219955758446
gep07,00,2026-05-28,2026-06-23,gcrew,noaa_gefs,07,AirTemp_C_mean,26,22.006524658203148
gep07,00,2026-05-28,2026-06-23,gcrew,noaa_gefs,07,Pressure_Pa,26,101129.3515625
gep07,00,2026-05-28,2026-06-23,gcrew,noaa_gefs,07,RH_percent_mean,26,93.43722724914551
gep07,00,2026-05-28,2026-06-23,gcrew,noaa_gefs,07,Rain_mm_sum,26,55.300001695752144
gep07,00,2026-05-28,2026-06-23,gcrew,noaa_gefs,07,ShortwaveRadiation_Wm2,26,22.75
gep07,00,2026-05-28,2026-06-23,gcrew,noaa_gefs,07,WindSpeed_ms_mean,26,4.542991536121778
gep07,00,2026-05-28,2026-06-24,gcrew,noaa_gefs,07,AirTemp_C_mean,27,22.589105224609398
gep07,00,2026-05-28,2026-06-24,gcrew,noaa_gefs,07,Pressure_Pa,27,100791.896484375
gep07,00,2026-05-28,2026-06-24,gcrew,noaa_gefs,07,RH_percent_mean,27,86.6486873626709
gep07,00,2026-05-28,2026-06-24,gcrew,noaa_gefs,07,Rain_mm_sum,27,8.000000096857548
gep07,00,2026-05-28,2026-06-24,gcrew,noaa_gefs,07,ShortwaveRadiation_Wm2,27,230.25
gep07,00,2026-05-28,2026-06-24,gcrew,noaa_gefs,07,WindSpeed_ms_mean,27,4.664738764840051
gep07,00,2026-05-28,2026-06-25,gcrew,noaa_gefs,07,AirTemp_C_mean,28,21.151040649414085
gep07,00,2026-05-28,2026-06-25,gcrew,noaa_gefs,07,Pressure_Pa,28,100968.654296875
gep07,00,2026-05-28,2026-06-25,gcrew,noaa_gefs,07,RH_percent_mean,28,59.870840072631836
gep07,00,2026-05-28,2026-06-25,gcrew,noaa_gefs,07,Rain_mm_sum,28,0.10000000149011612
gep07,00,2026-05-28,2026-06-25,gcrew,noaa_gefs,07,ShortwaveRadiation_Wm2,28,355.75
gep07,00,2026-05-28,2026-06-25,gcrew,noaa_gefs,07,WindSpeed_ms_mean,28,4.965440944060037
gep07,00,2026-05-28,2026-06-26,gcrew,noaa_gefs,07,AirTemp_C_mean,29,20.49548492431643
gep07,00,2026-05-28,2026-06-26,gcrew,noaa_gefs,07,Pressure_Pa,29,101440.876953125
gep07,00,2026-05-28,2026-06-26,gcrew,noaa_gefs,07,RH_percent_mean,29,59.463311195373535
gep07,00,2026-05-28,2026-06-26,gcrew,noaa_gefs,07,Rain_mm_sum,29,0
gep07,00,2026-05-28,2026-06-26,gcrew,noaa_gefs,07,ShortwaveRadiation_Wm2,29,351
gep07,00,2026-05-28,2026-06-26,gcrew,noaa_gefs,07,WindSpeed_ms_mean,29,4.224020219033529
gep07,00,2026-05-28,2026-06-27,gcrew,noaa_gefs,07,AirTemp_C_mean,30,22.24182281494143
gep07,00,2026-05-28,2026-06-27,gcrew,noaa_gefs,07,Pressure_Pa,30,101707.216796875
gep07,00,2026-05-28,2026-06-27,gcrew,noaa_gefs,07,RH_percent_mean,30,58.40474605560303
gep07,00,2026-05-28,2026-06-27,gcrew,noaa_gefs,07,Rain_mm_sum,30,0
gep07,00,2026-05-28,2026-06-27,gcrew,noaa_gefs,07,ShortwaveRadiation_Wm2,30,351
gep07,00,2026-05-28,2026-06-27,gcrew,noaa_gefs,07,WindSpeed_ms_mean,30,4.272810309335263
gep07,00,2026-05-28,2026-06-28,gcrew,noaa_gefs,07,AirTemp_C_mean,31,24.168817138671898
gep07,00,2026-05-28,2026-06-28,gcrew,noaa_gefs,07,Pressure_Pa,31,101494.826171875
gep07,00,2026-05-28,2026-06-28,gcrew,noaa_gefs,07,RH_percent_mean,31,71.39916801452637
gep07,00,2026-05-28,2026-06-28,gcrew,noaa_gefs,07,Rain_mm_sum,31,0
gep07,00,2026-05-28,2026-06-28,gcrew,noaa_gefs,07,ShortwaveRadiation_Wm2,31,344
gep07,00,2026-05-28,2026-06-28,gcrew,noaa_gefs,07,WindSpeed_ms_mean,31,3.5498743444693566
gep07,00,2026-05-28,2026-06-29,gcrew,noaa_gefs,07,AirTemp_C_mean,32,26.337808227539085
gep07,00,2026-05-28,2026-06-29,gcrew,noaa_gefs,07,Pressure_Pa,32,101015.88671875
gep07,00,2026-05-28,2026-06-29,gcrew,noaa_gefs,07,RH_percent_mean,32,67.18145847320557
gep07,00,2026-05-28,2026-06-29,gcrew,noaa_gefs,07,Rain_mm_sum,32,0
gep07,00,2026-05-28,2026-06-29,gcrew,noaa_gefs,07,ShortwaveRadiation_Wm2,32,322.5
gep07,00,2026-05-28,2026-06-29,gcrew,noaa_gefs,07,WindSpeed_ms_mean,32,3.924499337392451
gep07,00,2026-05-28,2026-06-30,gcrew,noaa_gefs,07,AirTemp_C_mean,33,26.703363037109398
gep07,00,2026-05-28,2026-06-30,gcrew,noaa_gefs,07,Pressure_Pa,33,100415.265625
gep07,00,2026-05-28,2026-06-30,gcrew,noaa_gefs,07,RH_percent_mean,33,70.66891098022461
gep07,00,2026-05-28,2026-06-30,gcrew,noaa_gefs,07,Rain_mm_sum,33,0.7999999895691872
gep07,00,2026-05-28,2026-06-30,gcrew,noaa_gefs,07,ShortwaveRadiation_Wm2,33,221.5
gep07,00,2026-05-28,2026-06-30,gcrew,noaa_gefs,07,WindSpeed_ms_mean,33,2.4540543323176753
gep07,00,2026-05-28,2026-07-01,gcrew,noaa_gefs,07,AirTemp_C_mean,34,25.300759887695335
gep07,00,2026-05-28,2026-07-01,gcrew,noaa_gefs,07,Pressure_Pa,34,100593.78515625
gep07,00,2026-05-28,2026-07-01,gcrew,noaa_gefs,07,RH_percent_mean,34,66.53337669372559
gep07,00,2026-05-28,2026-07-01,gcrew,noaa_gefs,07,Rain_mm_sum,34,0.20000000298023224
gep07,00,2026-05-28,2026-07-01,gcrew,noaa_gefs,07,ShortwaveRadiation_Wm2,34,347.5
gep07,00,2026-05-28,2026-07-01,gcrew,noaa_gefs,07,WindSpeed_ms_mean,34,3.569256045713047
gep08,00,2026-05-28,2026-05-29,gcrew,noaa_gefs,08,AirTemp_C_mean,1,16.984544372558616
gep08,00,2026-05-28,2026-05-29,gcrew,noaa_gefs,08,Pressure_Pa,1,101312.3720703125
gep08,00,2026-05-28,2026-05-29,gcrew,noaa_gefs,08,RH_percent_mean,1,66.49901962280273
gep08,00,2026-05-28,2026-05-29,gcrew,noaa_gefs,08,Rain_mm_sum,1,0
gep08,00,2026-05-28,2026-05-29,gcrew,noaa_gefs,08,ShortwaveRadiation_Wm2,1,358.5
gep08,00,2026-05-28,2026-05-29,gcrew,noaa_gefs,08,WindSpeed_ms_mean,1,3.324157800523961
gep08,00,2026-05-28,2026-05-30,gcrew,noaa_gefs,08,AirTemp_C_mean,2,14.520104980468773
gep08,00,2026-05-28,2026-05-30,gcrew,noaa_gefs,08,Pressure_Pa,2,101405.7275390625
gep08,00,2026-05-28,2026-05-30,gcrew,noaa_gefs,08,RH_percent_mean,2,63.8339786529541
gep08,00,2026-05-28,2026-05-30,gcrew,noaa_gefs,08,Rain_mm_sum,2,0
gep08,00,2026-05-28,2026-05-30,gcrew,noaa_gefs,08,ShortwaveRadiation_Wm2,2,354
gep08,00,2026-05-28,2026-05-30,gcrew,noaa_gefs,08,WindSpeed_ms_mean,2,6.158624703355217
gep08,00,2026-05-28,2026-05-31,gcrew,noaa_gefs,08,AirTemp_C_mean,3,13.913762664794945
gep08,00,2026-05-28,2026-05-31,gcrew,noaa_gefs,08,Pressure_Pa,3,101891.111328125
gep08,00,2026-05-28,2026-05-31,gcrew,noaa_gefs,08,RH_percent_mean,3,62.99015474319458
gep08,00,2026-05-28,2026-05-31,gcrew,noaa_gefs,08,Rain_mm_sum,3,0
gep08,00,2026-05-28,2026-05-31,gcrew,noaa_gefs,08,ShortwaveRadiation_Wm2,3,361
gep08,00,2026-05-28,2026-05-31,gcrew,noaa_gefs,08,WindSpeed_ms_mean,3,2.3322553142904607
gep08,00,2026-05-28,2026-06-01,gcrew,noaa_gefs,08,AirTemp_C_mean,4,16.62330780029299
gep08,00,2026-05-28,2026-06-01,gcrew,noaa_gefs,08,Pressure_Pa,4,101337.8271484375
gep08,00,2026-05-28,2026-06-01,gcrew,noaa_gefs,08,RH_percent_mean,4,63.69150733947754
gep08,00,2026-05-28,2026-06-01,gcrew,noaa_gefs,08,Rain_mm_sum,4,0
gep08,00,2026-05-28,2026-06-01,gcrew,noaa_gefs,08,ShortwaveRadiation_Wm2,4,325.125
gep08,00,2026-05-28,2026-06-01,gcrew,noaa_gefs,08,WindSpeed_ms_mean,4,3.743790953418161
gep08,00,2026-05-28,2026-06-02,gcrew,noaa_gefs,08,AirTemp_C_mean,5,16.618074035644554
gep08,00,2026-05-28,2026-06-02,gcrew,noaa_gefs,08,Pressure_Pa,5,101068.361328125
gep08,00,2026-05-28,2026-06-02,gcrew,noaa_gefs,08,RH_percent_mean,5,61.181997299194336
gep08,00,2026-05-28,2026-06-02,gcrew,noaa_gefs,08,Rain_mm_sum,5,0
gep08,00,2026-05-28,2026-06-02,gcrew,noaa_gefs,08,ShortwaveRadiation_Wm2,5,345.875
gep08,00,2026-05-28,2026-06-02,gcrew,noaa_gefs,08,WindSpeed_ms_mean,5,2.656702509480038
gep08,00,2026-05-28,2026-06-03,gcrew,noaa_gefs,08,AirTemp_C_mean,6,14.53361282348635
gep08,00,2026-05-28,2026-06-03,gcrew,noaa_gefs,08,Pressure_Pa,6,101265.8505859375
gep08,00,2026-05-28,2026-06-03,gcrew,noaa_gefs,08,RH_percent_mean,6,58.42056369781494
gep08,00,2026-05-28,2026-06-03,gcrew,noaa_gefs,08,Rain_mm_sum,6,0.42000001296401024
gep08,00,2026-05-28,2026-06-03,gcrew,noaa_gefs,08,ShortwaveRadiation_Wm2,6,296.5
gep08,00,2026-05-28,2026-06-03,gcrew,noaa_gefs,08,WindSpeed_ms_mean,6,7.54477270972776
gep08,00,2026-05-28,2026-06-04,gcrew,noaa_gefs,08,AirTemp_C_mean,7,14.779225921630882
gep08,00,2026-05-28,2026-06-04,gcrew,noaa_gefs,08,Pressure_Pa,7,101801.623046875
gep08,00,2026-05-28,2026-06-04,gcrew,noaa_gefs,08,RH_percent_mean,7,63.78340291976929
gep08,00,2026-05-28,2026-06-04,gcrew,noaa_gefs,08,Rain_mm_sum,7,0.3100000023841858
gep08,00,2026-05-28,2026-06-04,gcrew,noaa_gefs,08,ShortwaveRadiation_Wm2,7,321
gep08,00,2026-05-28,2026-06-04,gcrew,noaa_gefs,08,WindSpeed_ms_mean,7,7.469515003650624
gep08,00,2026-05-28,2026-06-05,gcrew,noaa_gefs,08,AirTemp_C_mean,8,15.955716705322288
gep08,00,2026-05-28,2026-06-05,gcrew,noaa_gefs,08,Pressure_Pa,8,101952.7724609375
gep08,00,2026-05-28,2026-06-05,gcrew,noaa_gefs,08,RH_percent_mean,8,61.84580373764038
gep08,00,2026-05-28,2026-06-05,gcrew,noaa_gefs,08,Rain_mm_sum,8,0
gep08,00,2026-05-28,2026-06-05,gcrew,noaa_gefs,08,ShortwaveRadiation_Wm2,8,358
gep08,00,2026-05-28,2026-06-05,gcrew,noaa_gefs,08,WindSpeed_ms_mean,8,4.597932834247479
gep08,00,2026-05-28,2026-06-06,gcrew,noaa_gefs,08,AirTemp_C_mean,9,18.72523106166297
gep08,00,2026-05-28,2026-06-06,gcrew,noaa_gefs,08,Pressure_Pa,9,101935.07700892857
gep08,00,2026-05-28,2026-06-06,gcrew,noaa_gefs,08,RH_percent_mean,9,63.01251983642578
gep08,00,2026-05-28,2026-06-06,gcrew,noaa_gefs,08,Rain_mm_sum,9,0
gep08,00,2026-05-28,2026-06-06,gcrew,noaa_gefs,08,ShortwaveRadiation_Wm2,9,409.14285714285717
gep08,00,2026-05-28,2026-06-06,gcrew,noaa_gefs,08,WindSpeed_ms_mean,9,2.582886239108914
gep08,00,2026-05-28,2026-06-07,gcrew,noaa_gefs,08,AirTemp_C_mean,10,20.02813873291018
gep08,00,2026-05-28,2026-06-07,gcrew,noaa_gefs,08,Pressure_Pa,10,101518.1484375
gep08,00,2026-05-28,2026-06-07,gcrew,noaa_gefs,08,RH_percent_mean,10,64.0985107421875
gep08,00,2026-05-28,2026-06-07,gcrew,noaa_gefs,08,Rain_mm_sum,10,0
gep08,00,2026-05-28,2026-06-07,gcrew,noaa_gefs,08,ShortwaveRadiation_Wm2,10,313.25
gep08,00,2026-05-28,2026-06-07,gcrew,noaa_gefs,08,WindSpeed_ms_mean,10,3.0982185202913497
gep08,00,2026-05-28,2026-06-08,gcrew,noaa_gefs,08,AirTemp_C_mean,11,21.244317626953148
gep08,00,2026-05-28,2026-06-08,gcrew,noaa_gefs,08,Pressure_Pa,11,100838.3359375
gep08,00,2026-05-28,2026-06-08,gcrew,noaa_gefs,08,RH_percent_mean,11,83.27591323852539
gep08,00,2026-05-28,2026-06-08,gcrew,noaa_gefs,08,Rain_mm_sum,11,10.500000312924385
gep08,00,2026-05-28,2026-06-08,gcrew,noaa_gefs,08,ShortwaveRadiation_Wm2,11,130.75
gep08,00,2026-05-28,2026-06-08,gcrew,noaa_gefs,08,WindSpeed_ms_mean,11,5.466295843691377
gep08,00,2026-05-28,2026-06-09,gcrew,noaa_gefs,08,AirTemp_C_mean,12,18.266564941406273
gep08,00,2026-05-28,2026-06-09,gcrew,noaa_gefs,08,Pressure_Pa,12,101545.86328125
gep08,00,2026-05-28,2026-06-09,gcrew,noaa_gefs,08,RH_percent_mean,12,65.5650224685669
gep08,00,2026-05-28,2026-06-09,gcrew,noaa_gefs,08,Rain_mm_sum,12,2.4000000953674316
gep08,00,2026-05-28,2026-06-09,gcrew,noaa_gefs,08,ShortwaveRadiation_Wm2,12,361.25
gep08,00,2026-05-28,2026-06-09,gcrew,noaa_gefs,08,WindSpeed_ms_mean,12,7.459937362211188
gep08,00,2026-05-28,2026-06-10,gcrew,noaa_gefs,08,AirTemp_C_mean,13,17.935144042968773
gep08,00,2026-05-28,2026-06-10,gcrew,noaa_gefs,08,Pressure_Pa,13,102414.19921875
gep08,00,2026-05-28,2026-06-10,gcrew,noaa_gefs,08,RH_percent_mean,13,56.38784217834473
gep08,00,2026-05-28,2026-06-10,gcrew,noaa_gefs,08,Rain_mm_sum,13,0
gep08,00,2026-05-28,2026-06-10,gcrew,noaa_gefs,08,ShortwaveRadiation_Wm2,13,363.25
gep08,00,2026-05-28,2026-06-10,gcrew,noaa_gefs,08,WindSpeed_ms_mean,13,4.315274059982924
gep08,00,2026-05-28,2026-06-11,gcrew,noaa_gefs,08,AirTemp_C_mean,14,18.79597625732424
gep08,00,2026-05-28,2026-06-11,gcrew,noaa_gefs,08,Pressure_Pa,14,102375.763671875
gep08,00,2026-05-28,2026-06-11,gcrew,noaa_gefs,08,RH_percent_mean,14,57.19118881225586
gep08,00,2026-05-28,2026-06-11,gcrew,noaa_gefs,08,Rain_mm_sum,14,0
gep08,00,2026-05-28,2026-06-11,gcrew,noaa_gefs,08,ShortwaveRadiation_Wm2,14,359.25
gep08,00,2026-05-28,2026-06-11,gcrew,noaa_gefs,08,WindSpeed_ms_mean,14,2.5567400202041837
gep08,00,2026-05-28,2026-06-12,gcrew,noaa_gefs,08,AirTemp_C_mean,15,20.419717407226585
gep08,00,2026-05-28,2026-06-12,gcrew,noaa_gefs,08,Pressure_Pa,15,101882.580078125
gep08,00,2026-05-28,2026-06-12,gcrew,noaa_gefs,08,RH_percent_mean,15,61.499000549316406
gep08,00,2026-05-28,2026-06-12,gcrew,noaa_gefs,08,Rain_mm_sum,15,0
gep08,00,2026-05-28,2026-06-12,gcrew,noaa_gefs,08,ShortwaveRadiation_Wm2,15,338.75
gep08,00,2026-05-28,2026-06-12,gcrew,noaa_gefs,08,WindSpeed_ms_mean,15,2.427922764317797
gep08,00,2026-05-28,2026-06-13,gcrew,noaa_gefs,08,AirTemp_C_mean,16,22.97486267089846
gep08,00,2026-05-28,2026-06-13,gcrew,noaa_gefs,08,Pressure_Pa,16,101575.34375
gep08,00,2026-05-28,2026-06-13,gcrew,noaa_gefs,08,RH_percent_mean,16,66.48400783538818
gep08,00,2026-05-28,2026-06-13,gcrew,noaa_gefs,08,Rain_mm_sum,16,0
gep08,00,2026-05-28,2026-06-13,gcrew,noaa_gefs,08,ShortwaveRadiation_Wm2,16,336.75
gep08,00,2026-05-28,2026-06-13,gcrew,noaa_gefs,08,WindSpeed_ms_mean,16,3.760233349203137
gep08,00,2026-05-28,2026-06-14,gcrew,noaa_gefs,08,AirTemp_C_mean,17,21.73445281982424
gep08,00,2026-05-28,2026-06-14,gcrew,noaa_gefs,08,Pressure_Pa,17,101758.880859375
gep08,00,2026-05-28,2026-06-14,gcrew,noaa_gefs,08,RH_percent_mean,17,60.63445472717285
gep08,00,2026-05-28,2026-06-14,gcrew,noaa_gefs,08,Rain_mm_sum,17,0
gep08,00,2026-05-28,2026-06-14,gcrew,noaa_gefs,08,ShortwaveRadiation_Wm2,17,345
gep08,00,2026-05-28,2026-06-14,gcrew,noaa_gefs,08,WindSpeed_ms_mean,17,3.877745024465436
gep08,00,2026-05-28,2026-06-15,gcrew,noaa_gefs,08,AirTemp_C_mean,18,27.282464599609398
gep08,00,2026-05-28,2026-06-15,gcrew,noaa_gefs,08,Pressure_Pa,18,101216.53125
gep08,00,2026-05-28,2026-06-15,gcrew,noaa_gefs,08,RH_percent_mean,18,62.073336601257324
gep08,00,2026-05-28,2026-06-15,gcrew,noaa_gefs,08,Rain_mm_sum,18,0.10000000149011612
gep08,00,2026-05-28,2026-06-15,gcrew,noaa_gefs,08,ShortwaveRadiation_Wm2,18,342.25
gep08,00,2026-05-28,2026-06-15,gcrew,noaa_gefs,08,WindSpeed_ms_mean,18,3.863105661866631
gep08,00,2026-05-28,2026-06-16,gcrew,noaa_gefs,08,AirTemp_C_mean,19,27.164888000488304
gep08,00,2026-05-28,2026-06-16,gcrew,noaa_gefs,08,Pressure_Pa,19,101554.767578125
gep08,00,2026-05-28,2026-06-16,gcrew,noaa_gefs,08,RH_percent_mean,19,61.02194118499756
gep08,00,2026-05-28,2026-06-16,gcrew,noaa_gefs,08,Rain_mm_sum,19,0.10000000149011612
gep08,00,2026-05-28,2026-06-16,gcrew,noaa_gefs,08,ShortwaveRadiation_Wm2,19,297.5
gep08,00,2026-05-28,2026-06-16,gcrew,noaa_gefs,08,WindSpeed_ms_mean,19,2.604843904299301
gep08,00,2026-05-28,2026-06-17,gcrew,noaa_gefs,08,AirTemp_C_mean,20,22.97168884277346
gep08,00,2026-05-28,2026-06-17,gcrew,noaa_gefs,08,Pressure_Pa,20,101994.060546875
gep08,00,2026-05-28,2026-06-17,gcrew,noaa_gefs,08,RH_percent_mean,20,85.14014625549316
gep08,00,2026-05-28,2026-06-17,gcrew,noaa_gefs,08,Rain_mm_sum,20,2.9000000953674316
gep08,00,2026-05-28,2026-06-17,gcrew,noaa_gefs,08,ShortwaveRadiation_Wm2,20,269.25
gep08,00,2026-05-28,2026-06-17,gcrew,noaa_gefs,08,WindSpeed_ms_mean,20,4.609625277607201
gep08,00,2026-05-28,2026-06-18,gcrew,noaa_gefs,08,AirTemp_C_mean,21,22.94593963623049
gep08,00,2026-05-28,2026-06-18,gcrew,noaa_gefs,08,Pressure_Pa,21,101981.146484375
gep08,00,2026-05-28,2026-06-18,gcrew,noaa_gefs,08,RH_percent_mean,21,86.89044570922852
gep08,00,2026-05-28,2026-06-18,gcrew,noaa_gefs,08,Rain_mm_sum,21,1.4000000357627869
gep08,00,2026-05-28,2026-06-18,gcrew,noaa_gefs,08,ShortwaveRadiation_Wm2,21,303.25
gep08,00,2026-05-28,2026-06-18,gcrew,noaa_gefs,08,WindSpeed_ms_mean,21,2.586226235579734
gep08,00,2026-05-28,2026-06-19,gcrew,noaa_gefs,08,AirTemp_C_mean,22,26.268060302734398
gep08,00,2026-05-28,2026-06-19,gcrew,noaa_gefs,08,Pressure_Pa,22,101740.232421875
gep08,00,2026-05-28,2026-06-19,gcrew,noaa_gefs,08,RH_percent_mean,22,70.88781070709229
gep08,00,2026-05-28,2026-06-19,gcrew,noaa_gefs,08,Rain_mm_sum,22,0
gep08,00,2026-05-28,2026-06-19,gcrew,noaa_gefs,08,ShortwaveRadiation_Wm2,22,333
gep08,00,2026-05-28,2026-06-19,gcrew,noaa_gefs,08,WindSpeed_ms_mean,22,4.6750494445637285
gep08,00,2026-05-28,2026-06-20,gcrew,noaa_gefs,08,AirTemp_C_mean,23,27.841043090820335
gep08,00,2026-05-28,2026-06-20,gcrew,noaa_gefs,08,Pressure_Pa,23,101515.064453125
gep08,00,2026-05-28,2026-06-20,gcrew,noaa_gefs,08,RH_percent_mean,23,61.98535442352295
gep08,00,2026-05-28,2026-06-20,gcrew,noaa_gefs,08,Rain_mm_sum,23,0
gep08,00,2026-05-28,2026-06-20,gcrew,noaa_gefs,08,ShortwaveRadiation_Wm2,23,317.5
gep08,00,2026-05-28,2026-06-20,gcrew,noaa_gefs,08,WindSpeed_ms_mean,23,3.626574370372676
gep08,00,2026-05-28,2026-06-21,gcrew,noaa_gefs,08,AirTemp_C_mean,24,27.115220642089866
gep08,00,2026-05-28,2026-06-21,gcrew,noaa_gefs,08,Pressure_Pa,24,101335.810546875
gep08,00,2026-05-28,2026-06-21,gcrew,noaa_gefs,08,RH_percent_mean,24,61.86435508728027
gep08,00,2026-05-28,2026-06-21,gcrew,noaa_gefs,08,Rain_mm_sum,24,0
gep08,00,2026-05-28,2026-06-21,gcrew,noaa_gefs,08,ShortwaveRadiation_Wm2,24,325.75
gep08,00,2026-05-28,2026-06-21,gcrew,noaa_gefs,08,WindSpeed_ms_mean,24,4.1586571738201075
gep08,00,2026-05-28,2026-06-22,gcrew,noaa_gefs,08,AirTemp_C_mean,25,24.424424743652366
gep08,00,2026-05-28,2026-06-22,gcrew,noaa_gefs,08,Pressure_Pa,25,101386.505859375
gep08,00,2026-05-28,2026-06-22,gcrew,noaa_gefs,08,RH_percent_mean,25,81.4093132019043
gep08,00,2026-05-28,2026-06-22,gcrew,noaa_gefs,08,Rain_mm_sum,25,0.4000000059604645
gep08,00,2026-05-28,2026-06-22,gcrew,noaa_gefs,08,ShortwaveRadiation_Wm2,25,100.5
gep08,00,2026-05-28,2026-06-22,gcrew,noaa_gefs,08,WindSpeed_ms_mean,25,4.003219955758446
gep08,00,2026-05-28,2026-06-23,gcrew,noaa_gefs,08,AirTemp_C_mean,26,22.006524658203148
gep08,00,2026-05-28,2026-06-23,gcrew,noaa_gefs,08,Pressure_Pa,26,101129.3515625
gep08,00,2026-05-28,2026-06-23,gcrew,noaa_gefs,08,RH_percent_mean,26,93.43722724914551
gep08,00,2026-05-28,2026-06-23,gcrew,noaa_gefs,08,Rain_mm_sum,26,55.300001695752144
gep08,00,2026-05-28,2026-06-23,gcrew,noaa_gefs,08,ShortwaveRadiation_Wm2,26,22.75
gep08,00,2026-05-28,2026-06-23,gcrew,noaa_gefs,08,WindSpeed_ms_mean,26,4.542991536121778
gep08,00,2026-05-28,2026-06-24,gcrew,noaa_gefs,08,AirTemp_C_mean,27,22.589105224609398
gep08,00,2026-05-28,2026-06-24,gcrew,noaa_gefs,08,Pressure_Pa,27,100791.896484375
gep08,00,2026-05-28,2026-06-24,gcrew,noaa_gefs,08,RH_percent_mean,27,86.6486873626709
gep08,00,2026-05-28,2026-06-24,gcrew,noaa_gefs,08,Rain_mm_sum,27,8.000000096857548
gep08,00,2026-05-28,2026-06-24,gcrew,noaa_gefs,08,ShortwaveRadiation_Wm2,27,230.25
gep08,00,2026-05-28,2026-06-24,gcrew,noaa_gefs,08,WindSpeed_ms_mean,27,4.664738764840051
gep08,00,2026-05-28,2026-06-25,gcrew,noaa_gefs,08,AirTemp_C_mean,28,21.151040649414085
gep08,00,2026-05-28,2026-06-25,gcrew,noaa_gefs,08,Pressure_Pa,28,100968.654296875
gep08,00,2026-05-28,2026-06-25,gcrew,noaa_gefs,08,RH_percent_mean,28,59.870840072631836
gep08,00,2026-05-28,2026-06-25,gcrew,noaa_gefs,08,Rain_mm_sum,28,0.10000000149011612
gep08,00,2026-05-28,2026-06-25,gcrew,noaa_gefs,08,ShortwaveRadiation_Wm2,28,355.75
gep08,00,2026-05-28,2026-06-25,gcrew,noaa_gefs,08,WindSpeed_ms_mean,28,4.965440944060037
gep08,00,2026-05-28,2026-06-26,gcrew,noaa_gefs,08,AirTemp_C_mean,29,20.49548492431643
gep08,00,2026-05-28,2026-06-26,gcrew,noaa_gefs,08,Pressure_Pa,29,101440.876953125
gep08,00,2026-05-28,2026-06-26,gcrew,noaa_gefs,08,RH_percent_mean,29,59.463311195373535
gep08,00,2026-05-28,2026-06-26,gcrew,noaa_gefs,08,Rain_mm_sum,29,0
gep08,00,2026-05-28,2026-06-26,gcrew,noaa_gefs,08,ShortwaveRadiation_Wm2,29,351
gep08,00,2026-05-28,2026-06-26,gcrew,noaa_gefs,08,WindSpeed_ms_mean,29,4.224020219033529
gep08,00,2026-05-28,2026-06-27,gcrew,noaa_gefs,08,AirTemp_C_mean,30,22.24182281494143
gep08,00,2026-05-28,2026-06-27,gcrew,noaa_gefs,08,Pressure_Pa,30,101707.216796875
gep08,00,2026-05-28,2026-06-27,gcrew,noaa_gefs,08,RH_percent_mean,30,58.40474605560303
gep08,00,2026-05-28,2026-06-27,gcrew,noaa_gefs,08,Rain_mm_sum,30,0
gep08,00,2026-05-28,2026-06-27,gcrew,noaa_gefs,08,ShortwaveRadiation_Wm2,30,351
gep08,00,2026-05-28,2026-06-27,gcrew,noaa_gefs,08,WindSpeed_ms_mean,30,4.272810309335263
gep08,00,2026-05-28,2026-06-28,gcrew,noaa_gefs,08,AirTemp_C_mean,31,24.168817138671898
gep08,00,2026-05-28,2026-06-28,gcrew,noaa_gefs,08,Pressure_Pa,31,101494.826171875
gep08,00,2026-05-28,2026-06-28,gcrew,noaa_gefs,08,RH_percent_mean,31,71.39916801452637
gep08,00,2026-05-28,2026-06-28,gcrew,noaa_gefs,08,Rain_mm_sum,31,0
gep08,00,2026-05-28,2026-06-28,gcrew,noaa_gefs,08,ShortwaveRadiation_Wm2,31,344
gep08,00,2026-05-28,2026-06-28,gcrew,noaa_gefs,08,WindSpeed_ms_mean,31,3.5498743444693566
gep08,00,2026-05-28,2026-06-29,gcrew,noaa_gefs,08,AirTemp_C_mean,32,26.337808227539085
gep08,00,2026-05-28,2026-06-29,gcrew,noaa_gefs,08,Pressure_Pa,32,101015.88671875
gep08,00,2026-05-28,2026-06-29,gcrew,noaa_gefs,08,RH_percent_mean,32,67.18145847320557
gep08,00,2026-05-28,2026-06-29,gcrew,noaa_gefs,08,Rain_mm_sum,32,0
gep08,00,2026-05-28,2026-06-29,gcrew,noaa_gefs,08,ShortwaveRadiation_Wm2,32,322.5
gep08,00,2026-05-28,2026-06-29,gcrew,noaa_gefs,08,WindSpeed_ms_mean,32,3.924499337392451
gep08,00,2026-05-28,2026-06-30,gcrew,noaa_gefs,08,AirTemp_C_mean,33,26.703363037109398
gep08,00,2026-05-28,2026-06-30,gcrew,noaa_gefs,08,Pressure_Pa,33,100415.265625
gep08,00,2026-05-28,2026-06-30,gcrew,noaa_gefs,08,RH_percent_mean,33,70.66891098022461
gep08,00,2026-05-28,2026-06-30,gcrew,noaa_gefs,08,Rain_mm_sum,33,0.7999999895691872
gep08,00,2026-05-28,2026-06-30,gcrew,noaa_gefs,08,ShortwaveRadiation_Wm2,33,221.5
gep08,00,2026-05-28,2026-06-30,gcrew,noaa_gefs,08,WindSpeed_ms_mean,33,2.4540543323176753
gep08,00,2026-05-28,2026-07-01,gcrew,noaa_gefs,08,AirTemp_C_mean,34,25.300759887695335
gep08,00,2026-05-28,2026-07-01,gcrew,noaa_gefs,08,Pressure_Pa,34,100593.78515625
gep08,00,2026-05-28,2026-07-01,gcrew,noaa_gefs,08,RH_percent_mean,34,66.53337669372559
gep08,00,2026-05-28,2026-07-01,gcrew,noaa_gefs,08,Rain_mm_sum,34,0.20000000298023224
gep08,00,2026-05-28,2026-07-01,gcrew,noaa_gefs,08,ShortwaveRadiation_Wm2,34,347.5
gep08,00,2026-05-28,2026-07-01,gcrew,noaa_gefs,08,WindSpeed_ms_mean,34,3.569256045713047
gep09,00,2026-05-28,2026-05-29,gcrew,noaa_gefs,09,AirTemp_C_mean,1,16.984544372558616
gep09,00,2026-05-28,2026-05-29,gcrew,noaa_gefs,09,Pressure_Pa,1,101312.3720703125
gep09,00,2026-05-28,2026-05-29,gcrew,noaa_gefs,09,RH_percent_mean,1,66.49901962280273
gep09,00,2026-05-28,2026-05-29,gcrew,noaa_gefs,09,Rain_mm_sum,1,0
gep09,00,2026-05-28,2026-05-29,gcrew,noaa_gefs,09,ShortwaveRadiation_Wm2,1,358.5
gep09,00,2026-05-28,2026-05-29,gcrew,noaa_gefs,09,WindSpeed_ms_mean,1,3.324157800523961
gep09,00,2026-05-28,2026-05-30,gcrew,noaa_gefs,09,AirTemp_C_mean,2,14.520104980468773
gep09,00,2026-05-28,2026-05-30,gcrew,noaa_gefs,09,Pressure_Pa,2,101405.7275390625
gep09,00,2026-05-28,2026-05-30,gcrew,noaa_gefs,09,RH_percent_mean,2,63.8339786529541
gep09,00,2026-05-28,2026-05-30,gcrew,noaa_gefs,09,Rain_mm_sum,2,0
gep09,00,2026-05-28,2026-05-30,gcrew,noaa_gefs,09,ShortwaveRadiation_Wm2,2,354
gep09,00,2026-05-28,2026-05-30,gcrew,noaa_gefs,09,WindSpeed_ms_mean,2,6.158624703355217
gep09,00,2026-05-28,2026-05-31,gcrew,noaa_gefs,09,AirTemp_C_mean,3,13.913762664794945
gep09,00,2026-05-28,2026-05-31,gcrew,noaa_gefs,09,Pressure_Pa,3,101891.111328125
gep09,00,2026-05-28,2026-05-31,gcrew,noaa_gefs,09,RH_percent_mean,3,62.99015474319458
gep09,00,2026-05-28,2026-05-31,gcrew,noaa_gefs,09,Rain_mm_sum,3,0
gep09,00,2026-05-28,2026-05-31,gcrew,noaa_gefs,09,ShortwaveRadiation_Wm2,3,361
gep09,00,2026-05-28,2026-05-31,gcrew,noaa_gefs,09,WindSpeed_ms_mean,3,2.3322553142904607
gep09,00,2026-05-28,2026-06-01,gcrew,noaa_gefs,09,AirTemp_C_mean,4,16.62330780029299
gep09,00,2026-05-28,2026-06-01,gcrew,noaa_gefs,09,Pressure_Pa,4,101337.8271484375
gep09,00,2026-05-28,2026-06-01,gcrew,noaa_gefs,09,RH_percent_mean,4,63.69150733947754
gep09,00,2026-05-28,2026-06-01,gcrew,noaa_gefs,09,Rain_mm_sum,4,0
gep09,00,2026-05-28,2026-06-01,gcrew,noaa_gefs,09,ShortwaveRadiation_Wm2,4,325.125
gep09,00,2026-05-28,2026-06-01,gcrew,noaa_gefs,09,WindSpeed_ms_mean,4,3.743790953418161
gep09,00,2026-05-28,2026-06-02,gcrew,noaa_gefs,09,AirTemp_C_mean,5,16.618074035644554
gep09,00,2026-05-28,2026-06-02,gcrew,noaa_gefs,09,Pressure_Pa,5,101068.361328125
gep09,00,2026-05-28,2026-06-02,gcrew,noaa_gefs,09,RH_percent_mean,5,61.181997299194336
gep09,00,2026-05-28,2026-06-02,gcrew,noaa_gefs,09,Rain_mm_sum,5,0
gep09,00,2026-05-28,2026-06-02,gcrew,noaa_gefs,09,ShortwaveRadiation_Wm2,5,345.875
gep09,00,2026-05-28,2026-06-02,gcrew,noaa_gefs,09,WindSpeed_ms_mean,5,2.656702509480038
gep09,00,2026-05-28,2026-06-03,gcrew,noaa_gefs,09,AirTemp_C_mean,6,14.53361282348635
gep09,00,2026-05-28,2026-06-03,gcrew,noaa_gefs,09,Pressure_Pa,6,101265.8505859375
gep09,00,2026-05-28,2026-06-03,gcrew,noaa_gefs,09,RH_percent_mean,6,58.42056369781494
gep09,00,2026-05-28,2026-06-03,gcrew,noaa_gefs,09,Rain_mm_sum,6,0.42000001296401024
gep09,00,2026-05-28,2026-06-03,gcrew,noaa_gefs,09,ShortwaveRadiation_Wm2,6,296.5
gep09,00,2026-05-28,2026-06-03,gcrew,noaa_gefs,09,WindSpeed_ms_mean,6,7.54477270972776
gep09,00,2026-05-28,2026-06-04,gcrew,noaa_gefs,09,AirTemp_C_mean,7,14.779225921630882
gep09,00,2026-05-28,2026-06-04,gcrew,noaa_gefs,09,Pressure_Pa,7,101801.623046875
gep09,00,2026-05-28,2026-06-04,gcrew,noaa_gefs,09,RH_percent_mean,7,63.78340291976929
gep09,00,2026-05-28,2026-06-04,gcrew,noaa_gefs,09,Rain_mm_sum,7,0.3100000023841858
gep09,00,2026-05-28,2026-06-04,gcrew,noaa_gefs,09,ShortwaveRadiation_Wm2,7,321
gep09,00,2026-05-28,2026-06-04,gcrew,noaa_gefs,09,WindSpeed_ms_mean,7,7.469515003650624
gep09,00,2026-05-28,2026-06-05,gcrew,noaa_gefs,09,AirTemp_C_mean,8,15.955716705322288
gep09,00,2026-05-28,2026-06-05,gcrew,noaa_gefs,09,Pressure_Pa,8,101952.7724609375
gep09,00,2026-05-28,2026-06-05,gcrew,noaa_gefs,09,RH_percent_mean,8,61.84580373764038
gep09,00,2026-05-28,2026-06-05,gcrew,noaa_gefs,09,Rain_mm_sum,8,0
gep09,00,2026-05-28,2026-06-05,gcrew,noaa_gefs,09,ShortwaveRadiation_Wm2,8,358
gep09,00,2026-05-28,2026-06-05,gcrew,noaa_gefs,09,WindSpeed_ms_mean,8,4.597932834247479
gep09,00,2026-05-28,2026-06-06,gcrew,noaa_gefs,09,AirTemp_C_mean,9,18.72523106166297
gep09,00,2026-05-28,2026-06-06,gcrew,noaa_gefs,09,Pressure_Pa,9,101935.07700892857
gep09,00,2026-05-28,2026-06-06,gcrew,noaa_gefs,09,RH_percent_mean,9,63.01251983642578
gep09,00,2026-05-28,2026-06-06,gcrew,noaa_gefs,09,Rain_mm_sum,9,0
gep09,00,2026-05-28,2026-06-06,gcrew,noaa_gefs,09,ShortwaveRadiation_Wm2,9,409.14285714285717
gep09,00,2026-05-28,2026-06-06,gcrew,noaa_gefs,09,WindSpeed_ms_mean,9,2.582886239108914
gep09,00,2026-05-28,2026-06-07,gcrew,noaa_gefs,09,AirTemp_C_mean,10,20.02813873291018
gep09,00,2026-05-28,2026-06-07,gcrew,noaa_gefs,09,Pressure_Pa,10,101518.1484375
gep09,00,2026-05-28,2026-06-07,gcrew,noaa_gefs,09,RH_percent_mean,10,64.0985107421875
gep09,00,2026-05-28,2026-06-07,gcrew,noaa_gefs,09,Rain_mm_sum,10,0
gep09,00,2026-05-28,2026-06-07,gcrew,noaa_gefs,09,ShortwaveRadiation_Wm2,10,313.25
gep09,00,2026-05-28,2026-06-07,gcrew,noaa_gefs,09,WindSpeed_ms_mean,10,3.0982185202913497
gep09,00,2026-05-28,2026-06-08,gcrew,noaa_gefs,09,AirTemp_C_mean,11,21.244317626953148
gep09,00,2026-05-28,2026-06-08,gcrew,noaa_gefs,09,Pressure_Pa,11,100838.3359375
gep09,00,2026-05-28,2026-06-08,gcrew,noaa_gefs,09,RH_percent_mean,11,83.27591323852539
gep09,00,2026-05-28,2026-06-08,gcrew,noaa_gefs,09,Rain_mm_sum,11,10.500000312924385
gep09,00,2026-05-28,2026-06-08,gcrew,noaa_gefs,09,ShortwaveRadiation_Wm2,11,130.75
gep09,00,2026-05-28,2026-06-08,gcrew,noaa_gefs,09,WindSpeed_ms_mean,11,5.466295843691377
gep09,00,2026-05-28,2026-06-09,gcrew,noaa_gefs,09,AirTemp_C_mean,12,18.266564941406273
gep09,00,2026-05-28,2026-06-09,gcrew,noaa_gefs,09,Pressure_Pa,12,101545.86328125
gep09,00,2026-05-28,2026-06-09,gcrew,noaa_gefs,09,RH_percent_mean,12,65.5650224685669
gep09,00,2026-05-28,2026-06-09,gcrew,noaa_gefs,09,Rain_mm_sum,12,2.4000000953674316
gep09,00,2026-05-28,2026-06-09,gcrew,noaa_gefs,09,ShortwaveRadiation_Wm2,12,361.25
gep09,00,2026-05-28,2026-06-09,gcrew,noaa_gefs,09,WindSpeed_ms_mean,12,7.459937362211188
gep09,00,2026-05-28,2026-06-10,gcrew,noaa_gefs,09,AirTemp_C_mean,13,17.935144042968773
gep09,00,2026-05-28,2026-06-10,gcrew,noaa_gefs,09,Pressure_Pa,13,102414.19921875
gep09,00,2026-05-28,2026-06-10,gcrew,noaa_gefs,09,RH_percent_mean,13,56.38784217834473
gep09,00,2026-05-28,2026-06-10,gcrew,noaa_gefs,09,Rain_mm_sum,13,0
gep09,00,2026-05-28,2026-06-10,gcrew,noaa_gefs,09,ShortwaveRadiation_Wm2,13,363.25
gep09,00,2026-05-28,2026-06-10,gcrew,noaa_gefs,09,WindSpeed_ms_mean,13,4.315274059982924
gep09,00,2026-05-28,2026-06-11,gcrew,noaa_gefs,09,AirTemp_C_mean,14,18.79597625732424
gep09,00,2026-05-28,2026-06-11,gcrew,noaa_gefs,09,Pressure_Pa,14,102375.763671875
gep09,00,2026-05-28,2026-06-11,gcrew,noaa_gefs,09,RH_percent_mean,14,57.19118881225586
gep09,00,2026-05-28,2026-06-11,gcrew,noaa_gefs,09,Rain_mm_sum,14,0
gep09,00,2026-05-28,2026-06-11,gcrew,noaa_gefs,09,ShortwaveRadiation_Wm2,14,359.25
gep09,00,2026-05-28,2026-06-11,gcrew,noaa_gefs,09,WindSpeed_ms_mean,14,2.5567400202041837
gep09,00,2026-05-28,2026-06-12,gcrew,noaa_gefs,09,AirTemp_C_mean,15,20.419717407226585
gep09,00,2026-05-28,2026-06-12,gcrew,noaa_gefs,09,Pressure_Pa,15,101882.580078125
gep09,00,2026-05-28,2026-06-12,gcrew,noaa_gefs,09,RH_percent_mean,15,61.499000549316406
gep09,00,2026-05-28,2026-06-12,gcrew,noaa_gefs,09,Rain_mm_sum,15,0
gep09,00,2026-05-28,2026-06-12,gcrew,noaa_gefs,09,ShortwaveRadiation_Wm2,15,338.75
gep09,00,2026-05-28,2026-06-12,gcrew,noaa_gefs,09,WindSpeed_ms_mean,15,2.427922764317797
gep09,00,2026-05-28,2026-06-13,gcrew,noaa_gefs,09,AirTemp_C_mean,16,22.97486267089846
gep09,00,2026-05-28,2026-06-13,gcrew,noaa_gefs,09,Pressure_Pa,16,101575.34375
gep09,00,2026-05-28,2026-06-13,gcrew,noaa_gefs,09,RH_percent_mean,16,66.48400783538818
gep09,00,2026-05-28,2026-06-13,gcrew,noaa_gefs,09,Rain_mm_sum,16,0
gep09,00,2026-05-28,2026-06-13,gcrew,noaa_gefs,09,ShortwaveRadiation_Wm2,16,336.75
gep09,00,2026-05-28,2026-06-13,gcrew,noaa_gefs,09,WindSpeed_ms_mean,16,3.760233349203137
gep09,00,2026-05-28,2026-06-14,gcrew,noaa_gefs,09,AirTemp_C_mean,17,21.73445281982424
gep09,00,2026-05-28,2026-06-14,gcrew,noaa_gefs,09,Pressure_Pa,17,101758.880859375
gep09,00,2026-05-28,2026-06-14,gcrew,noaa_gefs,09,RH_percent_mean,17,60.63445472717285
gep09,00,2026-05-28,2026-06-14,gcrew,noaa_gefs,09,Rain_mm_sum,17,0
gep09,00,2026-05-28,2026-06-14,gcrew,noaa_gefs,09,ShortwaveRadiation_Wm2,17,345
gep09,00,2026-05-28,2026-06-14,gcrew,noaa_gefs,09,WindSpeed_ms_mean,17,3.877745024465436
gep09,00,2026-05-28,2026-06-15,gcrew,noaa_gefs,09,AirTemp_C_mean,18,27.282464599609398
gep09,00,2026-05-28,2026-06-15,gcrew,noaa_gefs,09,Pressure_Pa,18,101216.53125
gep09,00,2026-05-28,2026-06-15,gcrew,noaa_gefs,09,RH_percent_mean,18,62.073336601257324
gep09,00,2026-05-28,2026-06-15,gcrew,noaa_gefs,09,Rain_mm_sum,18,0.10000000149011612
gep09,00,2026-05-28,2026-06-15,gcrew,noaa_gefs,09,ShortwaveRadiation_Wm2,18,342.25
gep09,00,2026-05-28,2026-06-15,gcrew,noaa_gefs,09,WindSpeed_ms_mean,18,3.863105661866631
gep09,00,2026-05-28,2026-06-16,gcrew,noaa_gefs,09,AirTemp_C_mean,19,27.164888000488304
gep09,00,2026-05-28,2026-06-16,gcrew,noaa_gefs,09,Pressure_Pa,19,101554.767578125
gep09,00,2026-05-28,2026-06-16,gcrew,noaa_gefs,09,RH_percent_mean,19,61.02194118499756
gep09,00,2026-05-28,2026-06-16,gcrew,noaa_gefs,09,Rain_mm_sum,19,0.10000000149011612
gep09,00,2026-05-28,2026-06-16,gcrew,noaa_gefs,09,ShortwaveRadiation_Wm2,19,297.5
gep09,00,2026-05-28,2026-06-16,gcrew,noaa_gefs,09,WindSpeed_ms_mean,19,2.604843904299301
gep09,00,2026-05-28,2026-06-17,gcrew,noaa_gefs,09,AirTemp_C_mean,20,22.97168884277346
gep09,00,2026-05-28,2026-06-17,gcrew,noaa_gefs,09,Pressure_Pa,20,101994.060546875
gep09,00,2026-05-28,2026-06-17,gcrew,noaa_gefs,09,RH_percent_mean,20,85.14014625549316
gep09,00,2026-05-28,2026-06-17,gcrew,noaa_gefs,09,Rain_mm_sum,20,2.9000000953674316
gep09,00,2026-05-28,2026-06-17,gcrew,noaa_gefs,09,ShortwaveRadiation_Wm2,20,269.25
gep09,00,2026-05-28,2026-06-17,gcrew,noaa_gefs,09,WindSpeed_ms_mean,20,4.609625277607201
gep09,00,2026-05-28,2026-06-18,gcrew,noaa_gefs,09,AirTemp_C_mean,21,22.94593963623049
gep09,00,2026-05-28,2026-06-18,gcrew,noaa_gefs,09,Pressure_Pa,21,101981.146484375
gep09,00,2026-05-28,2026-06-18,gcrew,noaa_gefs,09,RH_percent_mean,21,86.89044570922852
gep09,00,2026-05-28,2026-06-18,gcrew,noaa_gefs,09,Rain_mm_sum,21,1.4000000357627869
gep09,00,2026-05-28,2026-06-18,gcrew,noaa_gefs,09,ShortwaveRadiation_Wm2,21,303.25
gep09,00,2026-05-28,2026-06-18,gcrew,noaa_gefs,09,WindSpeed_ms_mean,21,2.586226235579734
gep09,00,2026-05-28,2026-06-19,gcrew,noaa_gefs,09,AirTemp_C_mean,22,26.268060302734398
gep09,00,2026-05-28,2026-06-19,gcrew,noaa_gefs,09,Pressure_Pa,22,101740.232421875
gep09,00,2026-05-28,2026-06-19,gcrew,noaa_gefs,09,RH_percent_mean,22,70.88781070709229
gep09,00,2026-05-28,2026-06-19,gcrew,noaa_gefs,09,Rain_mm_sum,22,0
gep09,00,2026-05-28,2026-06-19,gcrew,noaa_gefs,09,ShortwaveRadiation_Wm2,22,333
gep09,00,2026-05-28,2026-06-19,gcrew,noaa_gefs,09,WindSpeed_ms_mean,22,4.6750494445637285
gep09,00,2026-05-28,2026-06-20,gcrew,noaa_gefs,09,AirTemp_C_mean,23,27.841043090820335
gep09,00,2026-05-28,2026-06-20,gcrew,noaa_gefs,09,Pressure_Pa,23,101515.064453125
gep09,00,2026-05-28,2026-06-20,gcrew,noaa_gefs,09,RH_percent_mean,23,61.98535442352295
gep09,00,2026-05-28,2026-06-20,gcrew,noaa_gefs,09,Rain_mm_sum,23,0
gep09,00,2026-05-28,2026-06-20,gcrew,noaa_gefs,09,ShortwaveRadiation_Wm2,23,317.5
gep09,00,2026-05-28,2026-06-20,gcrew,noaa_gefs,09,WindSpeed_ms_mean,23,3.626574370372676
gep09,00,2026-05-28,2026-06-21,gcrew,noaa_gefs,09,AirTemp_C_mean,24,27.115220642089866
gep09,00,2026-05-28,2026-06-21,gcrew,noaa_gefs,09,Pressure_Pa,24,101335.810546875
gep09,00,2026-05-28,2026-06-21,gcrew,noaa_gefs,09,RH_percent_mean,24,61.86435508728027
gep09,00,2026-05-28,2026-06-21,gcrew,noaa_gefs,09,Rain_mm_sum,24,0
gep09,00,2026-05-28,2026-06-21,gcrew,noaa_gefs,09,ShortwaveRadiation_Wm2,24,325.75
gep09,00,2026-05-28,2026-06-21,gcrew,noaa_gefs,09,WindSpeed_ms_mean,24,4.1586571738201075
gep09,00,2026-05-28,2026-06-22,gcrew,noaa_gefs,09,AirTemp_C_mean,25,24.424424743652366
gep09,00,2026-05-28,2026-06-22,gcrew,noaa_gefs,09,Pressure_Pa,25,101386.505859375
gep09,00,2026-05-28,2026-06-22,gcrew,noaa_gefs,09,RH_percent_mean,25,81.4093132019043
gep09,00,2026-05-28,2026-06-22,gcrew,noaa_gefs,09,Rain_mm_sum,25,0.4000000059604645
gep09,00,2026-05-28,2026-06-22,gcrew,noaa_gefs,09,ShortwaveRadiation_Wm2,25,100.5
gep09,00,2026-05-28,2026-06-22,gcrew,noaa_gefs,09,WindSpeed_ms_mean,25,4.003219955758446
gep09,00,2026-05-28,2026-06-23,gcrew,noaa_gefs,09,AirTemp_C_mean,26,22.006524658203148
gep09,00,2026-05-28,2026-06-23,gcrew,noaa_gefs,09,Pressure_Pa,26,101129.3515625
gep09,00,2026-05-28,2026-06-23,gcrew,noaa_gefs,09,RH_percent_mean,26,93.43722724914551
gep09,00,2026-05-28,2026-06-23,gcrew,noaa_gefs,09,Rain_mm_sum,26,55.300001695752144
gep09,00,2026-05-28,2026-06-23,gcrew,noaa_gefs,09,ShortwaveRadiation_Wm2,26,22.75
gep09,00,2026-05-28,2026-06-23,gcrew,noaa_gefs,09,WindSpeed_ms_mean,26,4.542991536121778
gep09,00,2026-05-28,2026-06-24,gcrew,noaa_gefs,09,AirTemp_C_mean,27,22.589105224609398
gep09,00,2026-05-28,2026-06-24,gcrew,noaa_gefs,09,Pressure_Pa,27,100791.896484375
gep09,00,2026-05-28,2026-06-24,gcrew,noaa_gefs,09,RH_percent_mean,27,86.6486873626709
gep09,00,2026-05-28,2026-06-24,gcrew,noaa_gefs,09,Rain_mm_sum,27,8.000000096857548
gep09,00,2026-05-28,2026-06-24,gcrew,noaa_gefs,09,ShortwaveRadiation_Wm2,27,230.25
gep09,00,2026-05-28,2026-06-24,gcrew,noaa_gefs,09,WindSpeed_ms_mean,27,4.664738764840051
gep09,00,2026-05-28,2026-06-25,gcrew,noaa_gefs,09,AirTemp_C_mean,28,21.151040649414085
gep09,00,2026-05-28,2026-06-25,gcrew,noaa_gefs,09,Pressure_Pa,28,100968.654296875
gep09,00,2026-05-28,2026-06-25,gcrew,noaa_gefs,09,RH_percent_mean,28,59.870840072631836
gep09,00,2026-05-28,2026-06-25,gcrew,noaa_gefs,09,Rain_mm_sum,28,0.10000000149011612
gep09,00,2026-05-28,2026-06-25,gcrew,noaa_gefs,09,ShortwaveRadiation_Wm2,28,355.75
gep09,00,2026-05-28,2026-06-25,gcrew,noaa_gefs,09,WindSpeed_ms_mean,28,4.965440944060037
gep09,00,2026-05-28,2026-06-26,gcrew,noaa_gefs,09,AirTemp_C_mean,29,20.49548492431643
gep09,00,2026-05-28,2026-06-26,gcrew,noaa_gefs,09,Pressure_Pa,29,101440.876953125
gep09,00,2026-05-28,2026-06-26,gcrew,noaa_gefs,09,RH_percent_mean,29,59.463311195373535
gep09,00,2026-05-28,2026-06-26,gcrew,noaa_gefs,09,Rain_mm_sum,29,0
gep09,00,2026-05-28,2026-06-26,gcrew,noaa_gefs,09,ShortwaveRadiation_Wm2,29,351
gep09,00,2026-05-28,2026-06-26,gcrew,noaa_gefs,09,WindSpeed_ms_mean,29,4.224020219033529
gep09,00,2026-05-28,2026-06-27,gcrew,noaa_gefs,09,AirTemp_C_mean,30,22.24182281494143
gep09,00,2026-05-28,2026-06-27,gcrew,noaa_gefs,09,Pressure_Pa,30,101707.216796875
gep09,00,2026-05-28,2026-06-27,gcrew,noaa_gefs,09,RH_percent_mean,30,58.40474605560303
gep09,00,2026-05-28,2026-06-27,gcrew,noaa_gefs,09,Rain_mm_sum,30,0
gep09,00,2026-05-28,2026-06-27,gcrew,noaa_gefs,09,ShortwaveRadiation_Wm2,30,351
gep09,00,2026-05-28,2026-06-27,gcrew,noaa_gefs,09,WindSpeed_ms_mean,30,4.272810309335263
gep09,00,2026-05-28,2026-06-28,gcrew,noaa_gefs,09,AirTemp_C_mean,31,24.168817138671898
gep09,00,2026-05-28,2026-06-28,gcrew,noaa_gefs,09,Pressure_Pa,31,101494.826171875
gep09,00,2026-05-28,2026-06-28,gcrew,noaa_gefs,09,RH_percent_mean,31,71.39916801452637
gep09,00,2026-05-28,2026-06-28,gcrew,noaa_gefs,09,Rain_mm_sum,31,0
gep09,00,2026-05-28,2026-06-28,gcrew,noaa_gefs,09,ShortwaveRadiation_Wm2,31,344
gep09,00,2026-05-28,2026-06-28,gcrew,noaa_gefs,09,WindSpeed_ms_mean,31,3.5498743444693566
gep09,00,2026-05-28,2026-06-29,gcrew,noaa_gefs,09,AirTemp_C_mean,32,26.337808227539085
gep09,00,2026-05-28,2026-06-29,gcrew,noaa_gefs,09,Pressure_Pa,32,101015.88671875
gep09,00,2026-05-28,2026-06-29,gcrew,noaa_gefs,09,RH_percent_mean,32,67.18145847320557
gep09,00,2026-05-28,2026-06-29,gcrew,noaa_gefs,09,Rain_mm_sum,32,0
gep09,00,2026-05-28,2026-06-29,gcrew,noaa_gefs,09,ShortwaveRadiation_Wm2,32,322.5
gep09,00,2026-05-28,2026-06-29,gcrew,noaa_gefs,09,WindSpeed_ms_mean,32,3.924499337392451
gep09,00,2026-05-28,2026-06-30,gcrew,noaa_gefs,09,AirTemp_C_mean,33,26.703363037109398
gep09,00,2026-05-28,2026-06-30,gcrew,noaa_gefs,09,Pressure_Pa,33,100415.265625
gep09,00,2026-05-28,2026-06-30,gcrew,noaa_gefs,09,RH_percent_mean,33,70.66891098022461
gep09,00,2026-05-28,2026-06-30,gcrew,noaa_gefs,09,Rain_mm_sum,33,0.7999999895691872
gep09,00,2026-05-28,2026-06-30,gcrew,noaa_gefs,09,ShortwaveRadiation_Wm2,33,221.5
gep09,00,2026-05-28,2026-06-30,gcrew,noaa_gefs,09,WindSpeed_ms_mean,33,2.4540543323176753
gep09,00,2026-05-28,2026-07-01,gcrew,noaa_gefs,09,AirTemp_C_mean,34,25.300759887695335
gep09,00,2026-05-28,2026-07-01,gcrew,noaa_gefs,09,Pressure_Pa,34,100593.78515625
gep09,00,2026-05-28,2026-07-01,gcrew,noaa_gefs,09,RH_percent_mean,34,66.53337669372559
gep09,00,2026-05-28,2026-07-01,gcrew,noaa_gefs,09,Rain_mm_sum,34,0.20000000298023224
gep09,00,2026-05-28,2026-07-01,gcrew,noaa_gefs,09,ShortwaveRadiation_Wm2,34,347.5
gep09,00,2026-05-28,2026-07-01,gcrew,noaa_gefs,09,WindSpeed_ms_mean,34,3.569256045713047
gep10,00,2026-05-28,2026-05-29,gcrew,noaa_gefs,10,AirTemp_C_mean,1,16.984544372558616
gep10,00,2026-05-28,2026-05-29,gcrew,noaa_gefs,10,Pressure_Pa,1,101312.3720703125
gep10,00,2026-05-28,2026-05-29,gcrew,noaa_gefs,10,RH_percent_mean,1,66.49901962280273
gep10,00,2026-05-28,2026-05-29,gcrew,noaa_gefs,10,Rain_mm_sum,1,0
gep10,00,2026-05-28,2026-05-29,gcrew,noaa_gefs,10,ShortwaveRadiation_Wm2,1,358.5
gep10,00,2026-05-28,2026-05-29,gcrew,noaa_gefs,10,WindSpeed_ms_mean,1,3.324157800523961
gep10,00,2026-05-28,2026-05-30,gcrew,noaa_gefs,10,AirTemp_C_mean,2,14.520104980468773
gep10,00,2026-05-28,2026-05-30,gcrew,noaa_gefs,10,Pressure_Pa,2,101405.7275390625
gep10,00,2026-05-28,2026-05-30,gcrew,noaa_gefs,10,RH_percent_mean,2,63.8339786529541
gep10,00,2026-05-28,2026-05-30,gcrew,noaa_gefs,10,Rain_mm_sum,2,0
gep10,00,2026-05-28,2026-05-30,gcrew,noaa_gefs,10,ShortwaveRadiation_Wm2,2,354
gep10,00,2026-05-28,2026-05-30,gcrew,noaa_gefs,10,WindSpeed_ms_mean,2,6.158624703355217
gep10,00,2026-05-28,2026-05-31,gcrew,noaa_gefs,10,AirTemp_C_mean,3,13.913762664794945
gep10,00,2026-05-28,2026-05-31,gcrew,noaa_gefs,10,Pressure_Pa,3,101891.111328125
gep10,00,2026-05-28,2026-05-31,gcrew,noaa_gefs,10,RH_percent_mean,3,62.99015474319458
gep10,00,2026-05-28,2026-05-31,gcrew,noaa_gefs,10,Rain_mm_sum,3,0
gep10,00,2026-05-28,2026-05-31,gcrew,noaa_gefs,10,ShortwaveRadiation_Wm2,3,361
gep10,00,2026-05-28,2026-05-31,gcrew,noaa_gefs,10,WindSpeed_ms_mean,3,2.3322553142904607
gep10,00,2026-05-28,2026-06-01,gcrew,noaa_gefs,10,AirTemp_C_mean,4,16.62330780029299
gep10,00,2026-05-28,2026-06-01,gcrew,noaa_gefs,10,Pressure_Pa,4,101337.8271484375
gep10,00,2026-05-28,2026-06-01,gcrew,noaa_gefs,10,RH_percent_mean,4,63.69150733947754
gep10,00,2026-05-28,2026-06-01,gcrew,noaa_gefs,10,Rain_mm_sum,4,0
gep10,00,2026-05-28,2026-06-01,gcrew,noaa_gefs,10,ShortwaveRadiation_Wm2,4,325.125
gep10,00,2026-05-28,2026-06-01,gcrew,noaa_gefs,10,WindSpeed_ms_mean,4,3.743790953418161
gep10,00,2026-05-28,2026-06-02,gcrew,noaa_gefs,10,AirTemp_C_mean,5,16.618074035644554
gep10,00,2026-05-28,2026-06-02,gcrew,noaa_gefs,10,Pressure_Pa,5,101068.361328125
gep10,00,2026-05-28,2026-06-02,gcrew,noaa_gefs,10,RH_percent_mean,5,61.181997299194336
gep10,00,2026-05-28,2026-06-02,gcrew,noaa_gefs,10,Rain_mm_sum,5,0
gep10,00,2026-05-28,2026-06-02,gcrew,noaa_gefs,10,ShortwaveRadiation_Wm2,5,345.875
gep10,00,2026-05-28,2026-06-02,gcrew,noaa_gefs,10,WindSpeed_ms_mean,5,2.656702509480038
gep10,00,2026-05-28,2026-06-03,gcrew,noaa_gefs,10,AirTemp_C_mean,6,14.53361282348635
gep10,00,2026-05-28,2026-06-03,gcrew,noaa_gefs,10,Pressure_Pa,6,101265.8505859375
gep10,00,2026-05-28,2026-06-03,gcrew,noaa_gefs,10,RH_percent_mean,6,58.42056369781494
gep10,00,2026-05-28,2026-06-03,gcrew,noaa_gefs,10,Rain_mm_sum,6,0.42000001296401024
gep10,00,2026-05-28,2026-06-03,gcrew,noaa_gefs,10,ShortwaveRadiation_Wm2,6,296.5
gep10,00,2026-05-28,2026-06-03,gcrew,noaa_gefs,10,WindSpeed_ms_mean,6,7.54477270972776
gep10,00,2026-05-28,2026-06-04,gcrew,noaa_gefs,10,AirTemp_C_mean,7,14.779225921630882
gep10,00,2026-05-28,2026-06-04,gcrew,noaa_gefs,10,Pressure_Pa,7,101801.623046875
gep10,00,2026-05-28,2026-06-04,gcrew,noaa_gefs,10,RH_percent_mean,7,63.78340291976929
gep10,00,2026-05-28,2026-06-04,gcrew,noaa_gefs,10,Rain_mm_sum,7,0.3100000023841858
gep10,00,2026-05-28,2026-06-04,gcrew,noaa_gefs,10,ShortwaveRadiation_Wm2,7,321
gep10,00,2026-05-28,2026-06-04,gcrew,noaa_gefs,10,WindSpeed_ms_mean,7,7.469515003650624
gep10,00,2026-05-28,2026-06-05,gcrew,noaa_gefs,10,AirTemp_C_mean,8,15.955716705322288
gep10,00,2026-05-28,2026-06-05,gcrew,noaa_gefs,10,Pressure_Pa,8,101952.7724609375
gep10,00,2026-05-28,2026-06-05,gcrew,noaa_gefs,10,RH_percent_mean,8,61.84580373764038
gep10,00,2026-05-28,2026-06-05,gcrew,noaa_gefs,10,Rain_mm_sum,8,0
gep10,00,2026-05-28,2026-06-05,gcrew,noaa_gefs,10,ShortwaveRadiation_Wm2,8,358
gep10,00,2026-05-28,2026-06-05,gcrew,noaa_gefs,10,WindSpeed_ms_mean,8,4.597932834247479
gep10,00,2026-05-28,2026-06-06,gcrew,noaa_gefs,10,AirTemp_C_mean,9,18.72523106166297
gep10,00,2026-05-28,2026-06-06,gcrew,noaa_gefs,10,Pressure_Pa,9,101935.07700892857
gep10,00,2026-05-28,2026-06-06,gcrew,noaa_gefs,10,RH_percent_mean,9,63.01251983642578
gep10,00,2026-05-28,2026-06-06,gcrew,noaa_gefs,10,Rain_mm_sum,9,0
gep10,00,2026-05-28,2026-06-06,gcrew,noaa_gefs,10,ShortwaveRadiation_Wm2,9,409.14285714285717
gep10,00,2026-05-28,2026-06-06,gcrew,noaa_gefs,10,WindSpeed_ms_mean,9,2.582886239108914
gep10,00,2026-05-28,2026-06-07,gcrew,noaa_gefs,10,AirTemp_C_mean,10,20.02813873291018
gep10,00,2026-05-28,2026-06-07,gcrew,noaa_gefs,10,Pressure_Pa,10,101518.1484375
gep10,00,2026-05-28,2026-06-07,gcrew,noaa_gefs,10,RH_percent_mean,10,64.0985107421875
gep10,00,2026-05-28,2026-06-07,gcrew,noaa_gefs,10,Rain_mm_sum,10,0
gep10,00,2026-05-28,2026-06-07,gcrew,noaa_gefs,10,ShortwaveRadiation_Wm2,10,313.25
gep10,00,2026-05-28,2026-06-07,gcrew,noaa_gefs,10,WindSpeed_ms_mean,10,3.0982185202913497
gep10,00,2026-05-28,2026-06-08,gcrew,noaa_gefs,10,AirTemp_C_mean,11,21.244317626953148
gep10,00,2026-05-28,2026-06-08,gcrew,noaa_gefs,10,Pressure_Pa,11,100838.3359375
gep10,00,2026-05-28,2026-06-08,gcrew,noaa_gefs,10,RH_percent_mean,11,83.27591323852539
gep10,00,2026-05-28,2026-06-08,gcrew,noaa_gefs,10,Rain_mm_sum,11,10.500000312924385
gep10,00,2026-05-28,2026-06-08,gcrew,noaa_gefs,10,ShortwaveRadiation_Wm2,11,130.75
gep10,00,2026-05-28,2026-06-08,gcrew,noaa_gefs,10,WindSpeed_ms_mean,11,5.466295843691377
gep10,00,2026-05-28,2026-06-09,gcrew,noaa_gefs,10,AirTemp_C_mean,12,18.266564941406273
gep10,00,2026-05-28,2026-06-09,gcrew,noaa_gefs,10,Pressure_Pa,12,101545.86328125
gep10,00,2026-05-28,2026-06-09,gcrew,noaa_gefs,10,RH_percent_mean,12,65.5650224685669
gep10,00,2026-05-28,2026-06-09,gcrew,noaa_gefs,10,Rain_mm_sum,12,2.4000000953674316
gep10,00,2026-05-28,2026-06-09,gcrew,noaa_gefs,10,ShortwaveRadiation_Wm2,12,361.25
gep10,00,2026-05-28,2026-06-09,gcrew,noaa_gefs,10,WindSpeed_ms_mean,12,7.459937362211188
gep10,00,2026-05-28,2026-06-10,gcrew,noaa_gefs,10,AirTemp_C_mean,13,17.935144042968773
gep10,00,2026-05-28,2026-06-10,gcrew,noaa_gefs,10,Pressure_Pa,13,102414.19921875
gep10,00,2026-05-28,2026-06-10,gcrew,noaa_gefs,10,RH_percent_mean,13,56.38784217834473
gep10,00,2026-05-28,2026-06-10,gcrew,noaa_gefs,10,Rain_mm_sum,13,0
gep10,00,2026-05-28,2026-06-10,gcrew,noaa_gefs,10,ShortwaveRadiation_Wm2,13,363.25
gep10,00,2026-05-28,2026-06-10,gcrew,noaa_gefs,10,WindSpeed_ms_mean,13,4.315274059982924
gep10,00,2026-05-28,2026-06-11,gcrew,noaa_gefs,10,AirTemp_C_mean,14,18.79597625732424
gep10,00,2026-05-28,2026-06-11,gcrew,noaa_gefs,10,Pressure_Pa,14,102375.763671875
gep10,00,2026-05-28,2026-06-11,gcrew,noaa_gefs,10,RH_percent_mean,14,57.19118881225586
gep10,00,2026-05-28,2026-06-11,gcrew,noaa_gefs,10,Rain_mm_sum,14,0
gep10,00,2026-05-28,2026-06-11,gcrew,noaa_gefs,10,ShortwaveRadiation_Wm2,14,359.25
gep10,00,2026-05-28,2026-06-11,gcrew,noaa_gefs,10,WindSpeed_ms_mean,14,2.5567400202041837
gep10,00,2026-05-28,2026-06-12,gcrew,noaa_gefs,10,AirTemp_C_mean,15,20.419717407226585
gep10,00,2026-05-28,2026-06-12,gcrew,noaa_gefs,10,Pressure_Pa,15,101882.580078125
gep10,00,2026-05-28,2026-06-12,gcrew,noaa_gefs,10,RH_percent_mean,15,61.499000549316406
gep10,00,2026-05-28,2026-06-12,gcrew,noaa_gefs,10,Rain_mm_sum,15,0
gep10,00,2026-05-28,2026-06-12,gcrew,noaa_gefs,10,ShortwaveRadiation_Wm2,15,338.75
gep10,00,2026-05-28,2026-06-12,gcrew,noaa_gefs,10,WindSpeed_ms_mean,15,2.427922764317797
gep10,00,2026-05-28,2026-06-13,gcrew,noaa_gefs,10,AirTemp_C_mean,16,22.97486267089846
gep10,00,2026-05-28,2026-06-13,gcrew,noaa_gefs,10,Pressure_Pa,16,101575.34375
gep10,00,2026-05-28,2026-06-13,gcrew,noaa_gefs,10,RH_percent_mean,16,66.48400783538818
gep10,00,2026-05-28,2026-06-13,gcrew,noaa_gefs,10,Rain_mm_sum,16,0
gep10,00,2026-05-28,2026-06-13,gcrew,noaa_gefs,10,ShortwaveRadiation_Wm2,16,336.75
gep10,00,2026-05-28,2026-06-13,gcrew,noaa_gefs,10,WindSpeed_ms_mean,16,3.760233349203137
gep10,00,2026-05-28,2026-06-14,gcrew,noaa_gefs,10,AirTemp_C_mean,17,21.73445281982424
gep10,00,2026-05-28,2026-06-14,gcrew,noaa_gefs,10,Pressure_Pa,17,101758.880859375
gep10,00,2026-05-28,2026-06-14,gcrew,noaa_gefs,10,RH_percent_mean,17,60.63445472717285
gep10,00,2026-05-28,2026-06-14,gcrew,noaa_gefs,10,Rain_mm_sum,17,0
gep10,00,2026-05-28,2026-06-14,gcrew,noaa_gefs,10,ShortwaveRadiation_Wm2,17,345
gep10,00,2026-05-28,2026-06-14,gcrew,noaa_gefs,10,WindSpeed_ms_mean,17,3.877745024465436
gep10,00,2026-05-28,2026-06-15,gcrew,noaa_gefs,10,AirTemp_C_mean,18,27.282464599609398
gep10,00,2026-05-28,2026-06-15,gcrew,noaa_gefs,10,Pressure_Pa,18,101216.53125
gep10,00,2026-05-28,2026-06-15,gcrew,noaa_gefs,10,RH_percent_mean,18,62.073336601257324
gep10,00,2026-05-28,2026-06-15,gcrew,noaa_gefs,10,Rain_mm_sum,18,0.10000000149011612
gep10,00,2026-05-28,2026-06-15,gcrew,noaa_gefs,10,ShortwaveRadiation_Wm2,18,342.25
gep10,00,2026-05-28,2026-06-15,gcrew,noaa_gefs,10,WindSpeed_ms_mean,18,3.863105661866631
gep10,00,2026-05-28,2026-06-16,gcrew,noaa_gefs,10,AirTemp_C_mean,19,27.164888000488304
gep10,00,2026-05-28,2026-06-16,gcrew,noaa_gefs,10,Pressure_Pa,19,101554.767578125
gep10,00,2026-05-28,2026-06-16,gcrew,noaa_gefs,10,RH_percent_mean,19,61.02194118499756
gep10,00,2026-05-28,2026-06-16,gcrew,noaa_gefs,10,Rain_mm_sum,19,0.10000000149011612
gep10,00,2026-05-28,2026-06-16,gcrew,noaa_gefs,10,ShortwaveRadiation_Wm2,19,297.5
gep10,00,2026-05-28,2026-06-16,gcrew,noaa_gefs,10,WindSpeed_ms_mean,19,2.604843904299301
gep10,00,2026-05-28,2026-06-17,gcrew,noaa_gefs,10,AirTemp_C_mean,20,22.97168884277346
gep10,00,2026-05-28,2026-06-17,gcrew,noaa_gefs,10,Pressure_Pa,20,101994.060546875
gep10,00,2026-05-28,2026-06-17,gcrew,noaa_gefs,10,RH_percent_mean,20,85.14014625549316
gep10,00,2026-05-28,2026-06-17,gcrew,noaa_gefs,10,Rain_mm_sum,20,2.9000000953674316
gep10,00,2026-05-28,2026-06-17,gcrew,noaa_gefs,10,ShortwaveRadiation_Wm2,20,269.25
gep10,00,2026-05-28,2026-06-17,gcrew,noaa_gefs,10,WindSpeed_ms_mean,20,4.609625277607201
gep10,00,2026-05-28,2026-06-18,gcrew,noaa_gefs,10,AirTemp_C_mean,21,22.94593963623049
gep10,00,2026-05-28,2026-06-18,gcrew,noaa_gefs,10,Pressure_Pa,21,101981.146484375
gep10,00,2026-05-28,2026-06-18,gcrew,noaa_gefs,10,RH_percent_mean,21,86.89044570922852
gep10,00,2026-05-28,2026-06-18,gcrew,noaa_gefs,10,Rain_mm_sum,21,1.4000000357627869
gep10,00,2026-05-28,2026-06-18,gcrew,noaa_gefs,10,ShortwaveRadiation_Wm2,21,303.25
gep10,00,2026-05-28,2026-06-18,gcrew,noaa_gefs,10,WindSpeed_ms_mean,21,2.586226235579734
gep10,00,2026-05-28,2026-06-19,gcrew,noaa_gefs,10,AirTemp_C_mean,22,26.268060302734398
gep10,00,2026-05-28,2026-06-19,gcrew,noaa_gefs,10,Pressure_Pa,22,101740.232421875
gep10,00,2026-05-28,2026-06-19,gcrew,noaa_gefs,10,RH_percent_mean,22,70.88781070709229
gep10,00,2026-05-28,2026-06-19,gcrew,noaa_gefs,10,Rain_mm_sum,22,0
gep10,00,2026-05-28,2026-06-19,gcrew,noaa_gefs,10,ShortwaveRadiation_Wm2,22,333
gep10,00,2026-05-28,2026-06-19,gcrew,noaa_gefs,10,WindSpeed_ms_mean,22,4.6750494445637285
gep10,00,2026-05-28,2026-06-20,gcrew,noaa_gefs,10,AirTemp_C_mean,23,27.841043090820335
gep10,00,2026-05-28,2026-06-20,gcrew,noaa_gefs,10,Pressure_Pa,23,101515.064453125
gep10,00,2026-05-28,2026-06-20,gcrew,noaa_gefs,10,RH_percent_mean,23,61.98535442352295
gep10,00,2026-05-28,2026-06-20,gcrew,noaa_gefs,10,Rain_mm_sum,23,0
gep10,00,2026-05-28,2026-06-20,gcrew,noaa_gefs,10,ShortwaveRadiation_Wm2,23,317.5
gep10,00,2026-05-28,2026-06-20,gcrew,noaa_gefs,10,WindSpeed_ms_mean,23,3.626574370372676
gep10,00,2026-05-28,2026-06-21,gcrew,noaa_gefs,10,AirTemp_C_mean,24,27.115220642089866
gep10,00,2026-05-28,2026-06-21,gcrew,noaa_gefs,10,Pressure_Pa,24,101335.810546875
gep10,00,2026-05-28,2026-06-21,gcrew,noaa_gefs,10,RH_percent_mean,24,61.86435508728027
gep10,00,2026-05-28,2026-06-21,gcrew,noaa_gefs,10,Rain_mm_sum,24,0
gep10,00,2026-05-28,2026-06-21,gcrew,noaa_gefs,10,ShortwaveRadiation_Wm2,24,325.75
gep10,00,2026-05-28,2026-06-21,gcrew,noaa_gefs,10,WindSpeed_ms_mean,24,4.1586571738201075
gep10,00,2026-05-28,2026-06-22,gcrew,noaa_gefs,10,AirTemp_C_mean,25,24.424424743652366
gep10,00,2026-05-28,2026-06-22,gcrew,noaa_gefs,10,Pressure_Pa,25,101386.505859375
gep10,00,2026-05-28,2026-06-22,gcrew,noaa_gefs,10,RH_percent_mean,25,81.4093132019043
gep10,00,2026-05-28,2026-06-22,gcrew,noaa_gefs,10,Rain_mm_sum,25,0.4000000059604645
gep10,00,2026-05-28,2026-06-22,gcrew,noaa_gefs,10,ShortwaveRadiation_Wm2,25,100.5
gep10,00,2026-05-28,2026-06-22,gcrew,noaa_gefs,10,WindSpeed_ms_mean,25,4.003219955758446
gep10,00,2026-05-28,2026-06-23,gcrew,noaa_gefs,10,AirTemp_C_mean,26,22.006524658203148
gep10,00,2026-05-28,2026-06-23,gcrew,noaa_gefs,10,Pressure_Pa,26,101129.3515625
gep10,00,2026-05-28,2026-06-23,gcrew,noaa_gefs,10,RH_percent_mean,26,93.43722724914551
gep10,00,2026-05-28,2026-06-23,gcrew,noaa_gefs,10,Rain_mm_sum,26,55.300001695752144
gep10,00,2026-05-28,2026-06-23,gcrew,noaa_gefs,10,ShortwaveRadiation_Wm2,26,22.75
gep10,00,2026-05-28,2026-06-23,gcrew,noaa_gefs,10,WindSpeed_ms_mean,26,4.542991536121778
gep10,00,2026-05-28,2026-06-24,gcrew,noaa_gefs,10,AirTemp_C_mean,27,22.589105224609398
gep10,00,2026-05-28,2026-06-24,gcrew,noaa_gefs,10,Pressure_Pa,27,100791.896484375
gep10,00,2026-05-28,2026-06-24,gcrew,noaa_gefs,10,RH_percent_mean,27,86.6486873626709
gep10,00,2026-05-28,2026-06-24,gcrew,noaa_gefs,10,Rain_mm_sum,27,8.000000096857548
gep10,00,2026-05-28,2026-06-24,gcrew,noaa_gefs,10,ShortwaveRadiation_Wm2,27,230.25
gep10,00,2026-05-28,2026-06-24,gcrew,noaa_gefs,10,WindSpeed_ms_mean,27,4.664738764840051
gep10,00,2026-05-28,2026-06-25,gcrew,noaa_gefs,10,AirTemp_C_mean,28,21.151040649414085
gep10,00,2026-05-28,2026-06-25,gcrew,noaa_gefs,10,Pressure_Pa,28,100968.654296875
gep10,00,2026-05-28,2026-06-25,gcrew,noaa_gefs,10,RH_percent_mean,28,59.870840072631836
gep10,00,2026-05-28,2026-06-25,gcrew,noaa_gefs,10,Rain_mm_sum,28,0.10000000149011612
gep10,00,2026-05-28,2026-06-25,gcrew,noaa_gefs,10,ShortwaveRadiation_Wm2,28,355.75
gep10,00,2026-05-28,2026-06-25,gcrew,noaa_gefs,10,WindSpeed_ms_mean,28,4.965440944060037
gep10,00,2026-05-28,2026-06-26,gcrew,noaa_gefs,10,AirTemp_C_mean,29,20.49548492431643
gep10,00,2026-05-28,2026-06-26,gcrew,noaa_gefs,10,Pressure_Pa,29,101440.876953125
gep10,00,2026-05-28,2026-06-26,gcrew,noaa_gefs,10,RH_percent_mean,29,59.463311195373535
gep10,00,2026-05-28,2026-06-26,gcrew,noaa_gefs,10,Rain_mm_sum,29,0
gep10,00,2026-05-28,2026-06-26,gcrew,noaa_gefs,10,ShortwaveRadiation_Wm2,29,351
gep10,00,2026-05-28,2026-06-26,gcrew,noaa_gefs,10,WindSpeed_ms_mean,29,4.224020219033529
gep10,00,2026-05-28,2026-06-27,gcrew,noaa_gefs,10,AirTemp_C_mean,30,22.24182281494143
gep10,00,2026-05-28,2026-06-27,gcrew,noaa_gefs,10,Pressure_Pa,30,101707.216796875
gep10,00,2026-05-28,2026-06-27,gcrew,noaa_gefs,10,RH_percent_mean,30,58.40474605560303
gep10,00,2026-05-28,2026-06-27,gcrew,noaa_gefs,10,Rain_mm_sum,30,0
gep10,00,2026-05-28,2026-06-27,gcrew,noaa_gefs,10,ShortwaveRadiation_Wm2,30,351
gep10,00,2026-05-28,2026-06-27,gcrew,noaa_gefs,10,WindSpeed_ms_mean,30,4.272810309335263
gep10,00,2026-05-28,2026-06-28,gcrew,noaa_gefs,10,AirTemp_C_mean,31,24.168817138671898
gep10,00,2026-05-28,2026-06-28,gcrew,noaa_gefs,10,Pressure_Pa,31,101494.826171875
gep10,00,2026-05-28,2026-06-28,gcrew,noaa_gefs,10,RH_percent_mean,31,71.39916801452637
gep10,00,2026-05-28,2026-06-28,gcrew,noaa_gefs,10,Rain_mm_sum,31,0
gep10,00,2026-05-28,2026-06-28,gcrew,noaa_gefs,10,ShortwaveRadiation_Wm2,31,344
gep10,00,2026-05-28,2026-06-28,gcrew,noaa_gefs,10,WindSpeed_ms_mean,31,3.5498743444693566
gep10,00,2026-05-28,2026-06-29,gcrew,noaa_gefs,10,AirTemp_C_mean,32,26.337808227539085
gep10,00,2026-05-28,2026-06-29,gcrew,noaa_gefs,10,Pressure_Pa,32,101015.88671875
gep10,00,2026-05-28,2026-06-29,gcrew,noaa_gefs,10,RH_percent_mean,32,67.18145847320557
gep10,00,2026-05-28,2026-06-29,gcrew,noaa_gefs,10,Rain_mm_sum,32,0
gep10,00,2026-05-28,2026-06-29,gcrew,noaa_gefs,10,ShortwaveRadiation_Wm2,32,322.5
gep10,00,2026-05-28,2026-06-29,gcrew,noaa_gefs,10,WindSpeed_ms_mean,32,3.924499337392451
gep10,00,2026-05-28,2026-06-30,gcrew,noaa_gefs,10,AirTemp_C_mean,33,26.703363037109398
gep10,00,2026-05-28,2026-06-30,gcrew,noaa_gefs,10,Pressure_Pa,33,100415.265625
gep10,00,2026-05-28,2026-06-30,gcrew,noaa_gefs,10,RH_percent_mean,33,70.66891098022461
gep10,00,2026-05-28,2026-06-30,gcrew,noaa_gefs,10,Rain_mm_sum,33,0.7999999895691872
gep10,00,2026-05-28,2026-06-30,gcrew,noaa_gefs,10,ShortwaveRadiation_Wm2,33,221.5
gep10,00,2026-05-28,2026-06-30,gcrew,noaa_gefs,10,WindSpeed_ms_mean,33,2.4540543323176753
gep10,00,2026-05-28,2026-07-01,gcrew,noaa_gefs,10,AirTemp_C_mean,34,25.300759887695335
gep10,00,2026-05-28,2026-07-01,gcrew,noaa_gefs,10,Pressure_Pa,34,100593.78515625
gep10,00,2026-05-28,2026-07-01,gcrew,noaa_gefs,10,RH_percent_mean,34,66.53337669372559
gep10,00,2026-05-28,2026-07-01,gcrew,noaa_gefs,10,Rain_mm_sum,34,0.20000000298023224
gep10,00,2026-05-28,2026-07-01,gcrew,noaa_gefs,10,ShortwaveRadiation_Wm2,34,347.5
gep10,00,2026-05-28,2026-07-01,gcrew,noaa_gefs,10,WindSpeed_ms_mean,34,3.569256045713047
gep11,00,2026-05-28,2026-05-29,gcrew,noaa_gefs,11,AirTemp_C_mean,1,16.984544372558616
gep11,00,2026-05-28,2026-05-29,gcrew,noaa_gefs,11,Pressure_Pa,1,101312.3720703125
gep11,00,2026-05-28,2026-05-29,gcrew,noaa_gefs,11,RH_percent_mean,1,66.49901962280273
gep11,00,2026-05-28,2026-05-29,gcrew,noaa_gefs,11,Rain_mm_sum,1,0
gep11,00,2026-05-28,2026-05-29,gcrew,noaa_gefs,11,ShortwaveRadiation_Wm2,1,358.5
gep11,00,2026-05-28,2026-05-29,gcrew,noaa_gefs,11,WindSpeed_ms_mean,1,3.324157800523961
gep11,00,2026-05-28,2026-05-30,gcrew,noaa_gefs,11,AirTemp_C_mean,2,14.520104980468773
gep11,00,2026-05-28,2026-05-30,gcrew,noaa_gefs,11,Pressure_Pa,2,101405.7275390625
gep11,00,2026-05-28,2026-05-30,gcrew,noaa_gefs,11,RH_percent_mean,2,63.8339786529541
gep11,00,2026-05-28,2026-05-30,gcrew,noaa_gefs,11,Rain_mm_sum,2,0
gep11,00,2026-05-28,2026-05-30,gcrew,noaa_gefs,11,ShortwaveRadiation_Wm2,2,354
gep11,00,2026-05-28,2026-05-30,gcrew,noaa_gefs,11,WindSpeed_ms_mean,2,6.158624703355217
gep11,00,2026-05-28,2026-05-31,gcrew,noaa_gefs,11,AirTemp_C_mean,3,13.913762664794945
gep11,00,2026-05-28,2026-05-31,gcrew,noaa_gefs,11,Pressure_Pa,3,101891.111328125
gep11,00,2026-05-28,2026-05-31,gcrew,noaa_gefs,11,RH_percent_mean,3,62.99015474319458
gep11,00,2026-05-28,2026-05-31,gcrew,noaa_gefs,11,Rain_mm_sum,3,0
gep11,00,2026-05-28,2026-05-31,gcrew,noaa_gefs,11,ShortwaveRadiation_Wm2,3,361
gep11,00,2026-05-28,2026-05-31,gcrew,noaa_gefs,11,WindSpeed_ms_mean,3,2.3322553142904607
gep11,00,2026-05-28,2026-06-01,gcrew,noaa_gefs,11,AirTemp_C_mean,4,16.62330780029299
gep11,00,2026-05-28,2026-06-01,gcrew,noaa_gefs,11,Pressure_Pa,4,101337.8271484375
gep11,00,2026-05-28,2026-06-01,gcrew,noaa_gefs,11,RH_percent_mean,4,63.69150733947754
gep11,00,2026-05-28,2026-06-01,gcrew,noaa_gefs,11,Rain_mm_sum,4,0
gep11,00,2026-05-28,2026-06-01,gcrew,noaa_gefs,11,ShortwaveRadiation_Wm2,4,325.125
gep11,00,2026-05-28,2026-06-01,gcrew,noaa_gefs,11,WindSpeed_ms_mean,4,3.743790953418161
gep11,00,2026-05-28,2026-06-02,gcrew,noaa_gefs,11,AirTemp_C_mean,5,16.618074035644554
gep11,00,2026-05-28,2026-06-02,gcrew,noaa_gefs,11,Pressure_Pa,5,101068.361328125
gep11,00,2026-05-28,2026-06-02,gcrew,noaa_gefs,11,RH_percent_mean,5,61.181997299194336
gep11,00,2026-05-28,2026-06-02,gcrew,noaa_gefs,11,Rain_mm_sum,5,0
gep11,00,2026-05-28,2026-06-02,gcrew,noaa_gefs,11,ShortwaveRadiation_Wm2,5,345.875
gep11,00,2026-05-28,2026-06-02,gcrew,noaa_gefs,11,WindSpeed_ms_mean,5,2.656702509480038
gep11,00,2026-05-28,2026-06-03,gcrew,noaa_gefs,11,AirTemp_C_mean,6,14.53361282348635
gep11,00,2026-05-28,2026-06-03,gcrew,noaa_gefs,11,Pressure_Pa,6,101265.8505859375
gep11,00,2026-05-28,2026-06-03,gcrew,noaa_gefs,11,RH_percent_mean,6,58.42056369781494
gep11,00,2026-05-28,2026-06-03,gcrew,noaa_gefs,11,Rain_mm_sum,6,0.42000001296401024
gep11,00,2026-05-28,2026-06-03,gcrew,noaa_gefs,11,ShortwaveRadiation_Wm2,6,296.5
gep11,00,2026-05-28,2026-06-03,gcrew,noaa_gefs,11,WindSpeed_ms_mean,6,7.54477270972776
gep11,00,2026-05-28,2026-06-04,gcrew,noaa_gefs,11,AirTemp_C_mean,7,14.779225921630882
gep11,00,2026-05-28,2026-06-04,gcrew,noaa_gefs,11,Pressure_Pa,7,101801.623046875
gep11,00,2026-05-28,2026-06-04,gcrew,noaa_gefs,11,RH_percent_mean,7,63.78340291976929
gep11,00,2026-05-28,2026-06-04,gcrew,noaa_gefs,11,Rain_mm_sum,7,0.3100000023841858
gep11,00,2026-05-28,2026-06-04,gcrew,noaa_gefs,11,ShortwaveRadiation_Wm2,7,321
gep11,00,2026-05-28,2026-06-04,gcrew,noaa_gefs,11,WindSpeed_ms_mean,7,7.469515003650624
gep11,00,2026-05-28,2026-06-05,gcrew,noaa_gefs,11,AirTemp_C_mean,8,15.955716705322288
gep11,00,2026-05-28,2026-06-05,gcrew,noaa_gefs,11,Pressure_Pa,8,101952.7724609375
gep11,00,2026-05-28,2026-06-05,gcrew,noaa_gefs,11,RH_percent_mean,8,61.84580373764038
gep11,00,2026-05-28,2026-06-05,gcrew,noaa_gefs,11,Rain_mm_sum,8,0
gep11,00,2026-05-28,2026-06-05,gcrew,noaa_gefs,11,ShortwaveRadiation_Wm2,8,358
gep11,00,2026-05-28,2026-06-05,gcrew,noaa_gefs,11,WindSpeed_ms_mean,8,4.597932834247479
gep11,00,2026-05-28,2026-06-06,gcrew,noaa_gefs,11,AirTemp_C_mean,9,18.72523106166297
gep11,00,2026-05-28,2026-06-06,gcrew,noaa_gefs,11,Pressure_Pa,9,101935.07700892857
gep11,00,2026-05-28,2026-06-06,gcrew,noaa_gefs,11,RH_percent_mean,9,63.01251983642578
gep11,00,2026-05-28,2026-06-06,gcrew,noaa_gefs,11,Rain_mm_sum,9,0
gep11,00,2026-05-28,2026-06-06,gcrew,noaa_gefs,11,ShortwaveRadiation_Wm2,9,409.14285714285717
gep11,00,2026-05-28,2026-06-06,gcrew,noaa_gefs,11,WindSpeed_ms_mean,9,2.582886239108914
gep11,00,2026-05-28,2026-06-07,gcrew,noaa_gefs,11,AirTemp_C_mean,10,20.02813873291018
gep11,00,2026-05-28,2026-06-07,gcrew,noaa_gefs,11,Pressure_Pa,10,101518.1484375
gep11,00,2026-05-28,2026-06-07,gcrew,noaa_gefs,11,RH_percent_mean,10,64.0985107421875
gep11,00,2026-05-28,2026-06-07,gcrew,noaa_gefs,11,Rain_mm_sum,10,0
gep11,00,2026-05-28,2026-06-07,gcrew,noaa_gefs,11,ShortwaveRadiation_Wm2,10,313.25
gep11,00,2026-05-28,2026-06-07,gcrew,noaa_gefs,11,WindSpeed_ms_mean,10,3.0982185202913497
gep11,00,2026-05-28,2026-06-08,gcrew,noaa_gefs,11,AirTemp_C_mean,11,21.244317626953148
gep11,00,2026-05-28,2026-06-08,gcrew,noaa_gefs,11,Pressure_Pa,11,100838.3359375
gep11,00,2026-05-28,2026-06-08,gcrew,noaa_gefs,11,RH_percent_mean,11,83.27591323852539
gep11,00,2026-05-28,2026-06-08,gcrew,noaa_gefs,11,Rain_mm_sum,11,10.500000312924385
gep11,00,2026-05-28,2026-06-08,gcrew,noaa_gefs,11,ShortwaveRadiation_Wm2,11,130.75
gep11,00,2026-05-28,2026-06-08,gcrew,noaa_gefs,11,WindSpeed_ms_mean,11,5.466295843691377
gep11,00,2026-05-28,2026-06-09,gcrew,noaa_gefs,11,AirTemp_C_mean,12,18.266564941406273
gep11,00,2026-05-28,2026-06-09,gcrew,noaa_gefs,11,Pressure_Pa,12,101545.86328125
gep11,00,2026-05-28,2026-06-09,gcrew,noaa_gefs,11,RH_percent_mean,12,65.5650224685669
gep11,00,2026-05-28,2026-06-09,gcrew,noaa_gefs,11,Rain_mm_sum,12,2.4000000953674316
gep11,00,2026-05-28,2026-06-09,gcrew,noaa_gefs,11,ShortwaveRadiation_Wm2,12,361.25
gep11,00,2026-05-28,2026-06-09,gcrew,noaa_gefs,11,WindSpeed_ms_mean,12,7.459937362211188
gep11,00,2026-05-28,2026-06-10,gcrew,noaa_gefs,11,AirTemp_C_mean,13,17.935144042968773
gep11,00,2026-05-28,2026-06-10,gcrew,noaa_gefs,11,Pressure_Pa,13,102414.19921875
gep11,00,2026-05-28,2026-06-10,gcrew,noaa_gefs,11,RH_percent_mean,13,56.38784217834473
gep11,00,2026-05-28,2026-06-10,gcrew,noaa_gefs,11,Rain_mm_sum,13,0
gep11,00,2026-05-28,2026-06-10,gcrew,noaa_gefs,11,ShortwaveRadiation_Wm2,13,363.25
gep11,00,2026-05-28,2026-06-10,gcrew,noaa_gefs,11,WindSpeed_ms_mean,13,4.315274059982924
gep11,00,2026-05-28,2026-06-11,gcrew,noaa_gefs,11,AirTemp_C_mean,14,18.79597625732424
gep11,00,2026-05-28,2026-06-11,gcrew,noaa_gefs,11,Pressure_Pa,14,102375.763671875
gep11,00,2026-05-28,2026-06-11,gcrew,noaa_gefs,11,RH_percent_mean,14,57.19118881225586
gep11,00,2026-05-28,2026-06-11,gcrew,noaa_gefs,11,Rain_mm_sum,14,0
gep11,00,2026-05-28,2026-06-11,gcrew,noaa_gefs,11,ShortwaveRadiation_Wm2,14,359.25
gep11,00,2026-05-28,2026-06-11,gcrew,noaa_gefs,11,WindSpeed_ms_mean,14,2.5567400202041837
gep11,00,2026-05-28,2026-06-12,gcrew,noaa_gefs,11,AirTemp_C_mean,15,20.419717407226585
gep11,00,2026-05-28,2026-06-12,gcrew,noaa_gefs,11,Pressure_Pa,15,101882.580078125
gep11,00,2026-05-28,2026-06-12,gcrew,noaa_gefs,11,RH_percent_mean,15,61.499000549316406
gep11,00,2026-05-28,2026-06-12,gcrew,noaa_gefs,11,Rain_mm_sum,15,0
gep11,00,2026-05-28,2026-06-12,gcrew,noaa_gefs,11,ShortwaveRadiation_Wm2,15,338.75
gep11,00,2026-05-28,2026-06-12,gcrew,noaa_gefs,11,WindSpeed_ms_mean,15,2.427922764317797
gep11,00,2026-05-28,2026-06-13,gcrew,noaa_gefs,11,AirTemp_C_mean,16,22.97486267089846
gep11,00,2026-05-28,2026-06-13,gcrew,noaa_gefs,11,Pressure_Pa,16,101575.34375
gep11,00,2026-05-28,2026-06-13,gcrew,noaa_gefs,11,RH_percent_mean,16,66.48400783538818
gep11,00,2026-05-28,2026-06-13,gcrew,noaa_gefs,11,Rain_mm_sum,16,0
gep11,00,2026-05-28,2026-06-13,gcrew,noaa_gefs,11,ShortwaveRadiation_Wm2,16,336.75
gep11,00,2026-05-28,2026-06-13,gcrew,noaa_gefs,11,WindSpeed_ms_mean,16,3.760233349203137
gep11,00,2026-05-28,2026-06-14,gcrew,noaa_gefs,11,AirTemp_C_mean,17,21.73445281982424
gep11,00,2026-05-28,2026-06-14,gcrew,noaa_gefs,11,Pressure_Pa,17,101758.880859375
gep11,00,2026-05-28,2026-06-14,gcrew,noaa_gefs,11,RH_percent_mean,17,60.63445472717285
gep11,00,2026-05-28,2026-06-14,gcrew,noaa_gefs,11,Rain_mm_sum,17,0
gep11,00,2026-05-28,2026-06-14,gcrew,noaa_gefs,11,ShortwaveRadiation_Wm2,17,345
gep11,00,2026-05-28,2026-06-14,gcrew,noaa_gefs,11,WindSpeed_ms_mean,17,3.877745024465436
gep11,00,2026-05-28,2026-06-15,gcrew,noaa_gefs,11,AirTemp_C_mean,18,27.282464599609398
gep11,00,2026-05-28,2026-06-15,gcrew,noaa_gefs,11,Pressure_Pa,18,101216.53125
gep11,00,2026-05-28,2026-06-15,gcrew,noaa_gefs,11,RH_percent_mean,18,62.073336601257324
gep11,00,2026-05-28,2026-06-15,gcrew,noaa_gefs,11,Rain_mm_sum,18,0.10000000149011612
gep11,00,2026-05-28,2026-06-15,gcrew,noaa_gefs,11,ShortwaveRadiation_Wm2,18,342.25
gep11,00,2026-05-28,2026-06-15,gcrew,noaa_gefs,11,WindSpeed_ms_mean,18,3.863105661866631
gep11,00,2026-05-28,2026-06-16,gcrew,noaa_gefs,11,AirTemp_C_mean,19,27.164888000488304
gep11,00,2026-05-28,2026-06-16,gcrew,noaa_gefs,11,Pressure_Pa,19,101554.767578125
gep11,00,2026-05-28,2026-06-16,gcrew,noaa_gefs,11,RH_percent_mean,19,61.02194118499756
gep11,00,2026-05-28,2026-06-16,gcrew,noaa_gefs,11,Rain_mm_sum,19,0.10000000149011612
gep11,00,2026-05-28,2026-06-16,gcrew,noaa_gefs,11,ShortwaveRadiation_Wm2,19,297.5
gep11,00,2026-05-28,2026-06-16,gcrew,noaa_gefs,11,WindSpeed_ms_mean,19,2.604843904299301
gep11,00,2026-05-28,2026-06-17,gcrew,noaa_gefs,11,AirTemp_C_mean,20,22.97168884277346
gep11,00,2026-05-28,2026-06-17,gcrew,noaa_gefs,11,Pressure_Pa,20,101994.060546875
gep11,00,2026-05-28,2026-06-17,gcrew,noaa_gefs,11,RH_percent_mean,20,85.14014625549316
gep11,00,2026-05-28,2026-06-17,gcrew,noaa_gefs,11,Rain_mm_sum,20,2.9000000953674316
gep11,00,2026-05-28,2026-06-17,gcrew,noaa_gefs,11,ShortwaveRadiation_Wm2,20,269.25
gep11,00,2026-05-28,2026-06-17,gcrew,noaa_gefs,11,WindSpeed_ms_mean,20,4.609625277607201
gep11,00,2026-05-28,2026-06-18,gcrew,noaa_gefs,11,AirTemp_C_mean,21,22.94593963623049
gep11,00,2026-05-28,2026-06-18,gcrew,noaa_gefs,11,Pressure_Pa,21,101981.146484375
gep11,00,2026-05-28,2026-06-18,gcrew,noaa_gefs,11,RH_percent_mean,21,86.89044570922852
gep11,00,2026-05-28,2026-06-18,gcrew,noaa_gefs,11,Rain_mm_sum,21,1.4000000357627869
gep11,00,2026-05-28,2026-06-18,gcrew,noaa_gefs,11,ShortwaveRadiation_Wm2,21,303.25
gep11,00,2026-05-28,2026-06-18,gcrew,noaa_gefs,11,WindSpeed_ms_mean,21,2.586226235579734
gep11,00,2026-05-28,2026-06-19,gcrew,noaa_gefs,11,AirTemp_C_mean,22,26.268060302734398
gep11,00,2026-05-28,2026-06-19,gcrew,noaa_gefs,11,Pressure_Pa,22,101740.232421875
gep11,00,2026-05-28,2026-06-19,gcrew,noaa_gefs,11,RH_percent_mean,22,70.88781070709229
gep11,00,2026-05-28,2026-06-19,gcrew,noaa_gefs,11,Rain_mm_sum,22,0
gep11,00,2026-05-28,2026-06-19,gcrew,noaa_gefs,11,ShortwaveRadiation_Wm2,22,333
gep11,00,2026-05-28,2026-06-19,gcrew,noaa_gefs,11,WindSpeed_ms_mean,22,4.6750494445637285
gep11,00,2026-05-28,2026-06-20,gcrew,noaa_gefs,11,AirTemp_C_mean,23,27.841043090820335
gep11,00,2026-05-28,2026-06-20,gcrew,noaa_gefs,11,Pressure_Pa,23,101515.064453125
gep11,00,2026-05-28,2026-06-20,gcrew,noaa_gefs,11,RH_percent_mean,23,61.98535442352295
gep11,00,2026-05-28,2026-06-20,gcrew,noaa_gefs,11,Rain_mm_sum,23,0
gep11,00,2026-05-28,2026-06-20,gcrew,noaa_gefs,11,ShortwaveRadiation_Wm2,23,317.5
gep11,00,2026-05-28,2026-06-20,gcrew,noaa_gefs,11,WindSpeed_ms_mean,23,3.626574370372676
gep11,00,2026-05-28,2026-06-21,gcrew,noaa_gefs,11,AirTemp_C_mean,24,27.115220642089866
gep11,00,2026-05-28,2026-06-21,gcrew,noaa_gefs,11,Pressure_Pa,24,101335.810546875
gep11,00,2026-05-28,2026-06-21,gcrew,noaa_gefs,11,RH_percent_mean,24,61.86435508728027
gep11,00,2026-05-28,2026-06-21,gcrew,noaa_gefs,11,Rain_mm_sum,24,0
gep11,00,2026-05-28,2026-06-21,gcrew,noaa_gefs,11,ShortwaveRadiation_Wm2,24,325.75
gep11,00,2026-05-28,2026-06-21,gcrew,noaa_gefs,11,WindSpeed_ms_mean,24,4.1586571738201075
gep11,00,2026-05-28,2026-06-22,gcrew,noaa_gefs,11,AirTemp_C_mean,25,24.424424743652366
gep11,00,2026-05-28,2026-06-22,gcrew,noaa_gefs,11,Pressure_Pa,25,101386.505859375
gep11,00,2026-05-28,2026-06-22,gcrew,noaa_gefs,11,RH_percent_mean,25,81.4093132019043
gep11,00,2026-05-28,2026-06-22,gcrew,noaa_gefs,11,Rain_mm_sum,25,0.4000000059604645
gep11,00,2026-05-28,2026-06-22,gcrew,noaa_gefs,11,ShortwaveRadiation_Wm2,25,100.5
gep11,00,2026-05-28,2026-06-22,gcrew,noaa_gefs,11,WindSpeed_ms_mean,25,4.003219955758446
gep11,00,2026-05-28,2026-06-23,gcrew,noaa_gefs,11,AirTemp_C_mean,26,22.006524658203148
gep11,00,2026-05-28,2026-06-23,gcrew,noaa_gefs,11,Pressure_Pa,26,101129.3515625
gep11,00,2026-05-28,2026-06-23,gcrew,noaa_gefs,11,RH_percent_mean,26,93.43722724914551
gep11,00,2026-05-28,2026-06-23,gcrew,noaa_gefs,11,Rain_mm_sum,26,55.300001695752144
gep11,00,2026-05-28,2026-06-23,gcrew,noaa_gefs,11,ShortwaveRadiation_Wm2,26,22.75
gep11,00,2026-05-28,2026-06-23,gcrew,noaa_gefs,11,WindSpeed_ms_mean,26,4.542991536121778
gep11,00,2026-05-28,2026-06-24,gcrew,noaa_gefs,11,AirTemp_C_mean,27,22.589105224609398
gep11,00,2026-05-28,2026-06-24,gcrew,noaa_gefs,11,Pressure_Pa,27,100791.896484375
gep11,00,2026-05-28,2026-06-24,gcrew,noaa_gefs,11,RH_percent_mean,27,86.6486873626709
gep11,00,2026-05-28,2026-06-24,gcrew,noaa_gefs,11,Rain_mm_sum,27,8.000000096857548
gep11,00,2026-05-28,2026-06-24,gcrew,noaa_gefs,11,ShortwaveRadiation_Wm2,27,230.25
gep11,00,2026-05-28,2026-06-24,gcrew,noaa_gefs,11,WindSpeed_ms_mean,27,4.664738764840051
gep11,00,2026-05-28,2026-06-25,gcrew,noaa_gefs,11,AirTemp_C_mean,28,21.151040649414085
gep11,00,2026-05-28,2026-06-25,gcrew,noaa_gefs,11,Pressure_Pa,28,100968.654296875
gep11,00,2026-05-28,2026-06-25,gcrew,noaa_gefs,11,RH_percent_mean,28,59.870840072631836
gep11,00,2026-05-28,2026-06-25,gcrew,noaa_gefs,11,Rain_mm_sum,28,0.10000000149011612
gep11,00,2026-05-28,2026-06-25,gcrew,noaa_gefs,11,ShortwaveRadiation_Wm2,28,355.75
gep11,00,2026-05-28,2026-06-25,gcrew,noaa_gefs,11,WindSpeed_ms_mean,28,4.965440944060037
gep11,00,2026-05-28,2026-06-26,gcrew,noaa_gefs,11,AirTemp_C_mean,29,20.49548492431643
gep11,00,2026-05-28,2026-06-26,gcrew,noaa_gefs,11,Pressure_Pa,29,101440.876953125
gep11,00,2026-05-28,2026-06-26,gcrew,noaa_gefs,11,RH_percent_mean,29,59.463311195373535
gep11,00,2026-05-28,2026-06-26,gcrew,noaa_gefs,11,Rain_mm_sum,29,0
gep11,00,2026-05-28,2026-06-26,gcrew,noaa_gefs,11,ShortwaveRadiation_Wm2,29,351
gep11,00,2026-05-28,2026-06-26,gcrew,noaa_gefs,11,WindSpeed_ms_mean,29,4.224020219033529
gep11,00,2026-05-28,2026-06-27,gcrew,noaa_gefs,11,AirTemp_C_mean,30,22.24182281494143
gep11,00,2026-05-28,2026-06-27,gcrew,noaa_gefs,11,Pressure_Pa,30,101707.216796875
gep11,00,2026-05-28,2026-06-27,gcrew,noaa_gefs,11,RH_percent_mean,30,58.40474605560303
gep11,00,2026-05-28,2026-06-27,gcrew,noaa_gefs,11,Rain_mm_sum,30,0
gep11,00,2026-05-28,2026-06-27,gcrew,noaa_gefs,11,ShortwaveRadiation_Wm2,30,351
gep11,00,2026-05-28,2026-06-27,gcrew,noaa_gefs,11,WindSpeed_ms_mean,30,4.272810309335263
gep11,00,2026-05-28,2026-06-28,gcrew,noaa_gefs,11,AirTemp_C_mean,31,24.168817138671898
gep11,00,2026-05-28,2026-06-28,gcrew,noaa_gefs,11,Pressure_Pa,31,101494.826171875
gep11,00,2026-05-28,2026-06-28,gcrew,noaa_gefs,11,RH_percent_mean,31,71.39916801452637
gep11,00,2026-05-28,2026-06-28,gcrew,noaa_gefs,11,Rain_mm_sum,31,0
gep11,00,2026-05-28,2026-06-28,gcrew,noaa_gefs,11,ShortwaveRadiation_Wm2,31,344
gep11,00,2026-05-28,2026-06-28,gcrew,noaa_gefs,11,WindSpeed_ms_mean,31,3.5498743444693566
gep11,00,2026-05-28,2026-06-29,gcrew,noaa_gefs,11,AirTemp_C_mean,32,26.337808227539085
gep11,00,2026-05-28,2026-06-29,gcrew,noaa_gefs,11,Pressure_Pa,32,101015.88671875
gep11,00,2026-05-28,2026-06-29,gcrew,noaa_gefs,11,RH_percent_mean,32,67.18145847320557
gep11,00,2026-05-28,2026-06-29,gcrew,noaa_gefs,11,Rain_mm_sum,32,0
gep11,00,2026-05-28,2026-06-29,gcrew,noaa_gefs,11,ShortwaveRadiation_Wm2,32,322.5
gep11,00,2026-05-28,2026-06-29,gcrew,noaa_gefs,11,WindSpeed_ms_mean,32,3.924499337392451
gep11,00,2026-05-28,2026-06-30,gcrew,noaa_gefs,11,AirTemp_C_mean,33,26.703363037109398
gep11,00,2026-05-28,2026-06-30,gcrew,noaa_gefs,11,Pressure_Pa,33,100415.265625
gep11,00,2026-05-28,2026-06-30,gcrew,noaa_gefs,11,RH_percent_mean,33,70.66891098022461
gep11,00,2026-05-28,2026-06-30,gcrew,noaa_gefs,11,Rain_mm_sum,33,0.7999999895691872
gep11,00,2026-05-28,2026-06-30,gcrew,noaa_gefs,11,ShortwaveRadiation_Wm2,33,221.5
gep11,00,2026-05-28,2026-06-30,gcrew,noaa_gefs,11,WindSpeed_ms_mean,33,2.4540543323176753
gep11,00,2026-05-28,2026-07-01,gcrew,noaa_gefs,11,AirTemp_C_mean,34,25.300759887695335
gep11,00,2026-05-28,2026-07-01,gcrew,noaa_gefs,11,Pressure_Pa,34,100593.78515625
gep11,00,2026-05-28,2026-07-01,gcrew,noaa_gefs,11,RH_percent_mean,34,66.53337669372559
gep11,00,2026-05-28,2026-07-01,gcrew,noaa_gefs,11,Rain_mm_sum,34,0.20000000298023224
gep11,00,2026-05-28,2026-07-01,gcrew,noaa_gefs,11,ShortwaveRadiation_Wm2,34,347.5
gep11,00,2026-05-28,2026-07-01,gcrew,noaa_gefs,11,WindSpeed_ms_mean,34,3.569256045713047
gep12,00,2026-05-28,2026-05-29,gcrew,noaa_gefs,12,AirTemp_C_mean,1,16.984544372558616
gep12,00,2026-05-28,2026-05-29,gcrew,noaa_gefs,12,Pressure_Pa,1,101312.3720703125
gep12,00,2026-05-28,2026-05-29,gcrew,noaa_gefs,12,RH_percent_mean,1,66.49901962280273
gep12,00,2026-05-28,2026-05-29,gcrew,noaa_gefs,12,Rain_mm_sum,1,0
gep12,00,2026-05-28,2026-05-29,gcrew,noaa_gefs,12,ShortwaveRadiation_Wm2,1,358.5
gep12,00,2026-05-28,2026-05-29,gcrew,noaa_gefs,12,WindSpeed_ms_mean,1,3.324157800523961
gep12,00,2026-05-28,2026-05-30,gcrew,noaa_gefs,12,AirTemp_C_mean,2,14.520104980468773
gep12,00,2026-05-28,2026-05-30,gcrew,noaa_gefs,12,Pressure_Pa,2,101405.7275390625
gep12,00,2026-05-28,2026-05-30,gcrew,noaa_gefs,12,RH_percent_mean,2,63.8339786529541
gep12,00,2026-05-28,2026-05-30,gcrew,noaa_gefs,12,Rain_mm_sum,2,0
gep12,00,2026-05-28,2026-05-30,gcrew,noaa_gefs,12,ShortwaveRadiation_Wm2,2,354
gep12,00,2026-05-28,2026-05-30,gcrew,noaa_gefs,12,WindSpeed_ms_mean,2,6.158624703355217
gep12,00,2026-05-28,2026-05-31,gcrew,noaa_gefs,12,AirTemp_C_mean,3,13.913762664794945
gep12,00,2026-05-28,2026-05-31,gcrew,noaa_gefs,12,Pressure_Pa,3,101891.111328125
gep12,00,2026-05-28,2026-05-31,gcrew,noaa_gefs,12,RH_percent_mean,3,62.99015474319458
gep12,00,2026-05-28,2026-05-31,gcrew,noaa_gefs,12,Rain_mm_sum,3,0
gep12,00,2026-05-28,2026-05-31,gcrew,noaa_gefs,12,ShortwaveRadiation_Wm2,3,361
gep12,00,2026-05-28,2026-05-31,gcrew,noaa_gefs,12,WindSpeed_ms_mean,3,2.3322553142904607
gep12,00,2026-05-28,2026-06-01,gcrew,noaa_gefs,12,AirTemp_C_mean,4,16.62330780029299
gep12,00,2026-05-28,2026-06-01,gcrew,noaa_gefs,12,Pressure_Pa,4,101337.8271484375
gep12,00,2026-05-28,2026-06-01,gcrew,noaa_gefs,12,RH_percent_mean,4,63.69150733947754
gep12,00,2026-05-28,2026-06-01,gcrew,noaa_gefs,12,Rain_mm_sum,4,0
gep12,00,2026-05-28,2026-06-01,gcrew,noaa_gefs,12,ShortwaveRadiation_Wm2,4,325.125
gep12,00,2026-05-28,2026-06-01,gcrew,noaa_gefs,12,WindSpeed_ms_mean,4,3.743790953418161
gep12,00,2026-05-28,2026-06-02,gcrew,noaa_gefs,12,AirTemp_C_mean,5,16.618074035644554
gep12,00,2026-05-28,2026-06-02,gcrew,noaa_gefs,12,Pressure_Pa,5,101068.361328125
gep12,00,2026-05-28,2026-06-02,gcrew,noaa_gefs,12,RH_percent_mean,5,61.181997299194336
gep12,00,2026-05-28,2026-06-02,gcrew,noaa_gefs,12,Rain_mm_sum,5,0
gep12,00,2026-05-28,2026-06-02,gcrew,noaa_gefs,12,ShortwaveRadiation_Wm2,5,345.875
gep12,00,2026-05-28,2026-06-02,gcrew,noaa_gefs,12,WindSpeed_ms_mean,5,2.656702509480038
gep12,00,2026-05-28,2026-06-03,gcrew,noaa_gefs,12,AirTemp_C_mean,6,14.53361282348635
gep12,00,2026-05-28,2026-06-03,gcrew,noaa_gefs,12,Pressure_Pa,6,101265.8505859375
gep12,00,2026-05-28,2026-06-03,gcrew,noaa_gefs,12,RH_percent_mean,6,58.42056369781494
gep12,00,2026-05-28,2026-06-03,gcrew,noaa_gefs,12,Rain_mm_sum,6,0.42000001296401024
gep12,00,2026-05-28,2026-06-03,gcrew,noaa_gefs,12,ShortwaveRadiation_Wm2,6,296.5
gep12,00,2026-05-28,2026-06-03,gcrew,noaa_gefs,12,WindSpeed_ms_mean,6,7.54477270972776
gep12,00,2026-05-28,2026-06-04,gcrew,noaa_gefs,12,AirTemp_C_mean,7,14.779225921630882
gep12,00,2026-05-28,2026-06-04,gcrew,noaa_gefs,12,Pressure_Pa,7,101801.623046875
gep12,00,2026-05-28,2026-06-04,gcrew,noaa_gefs,12,RH_percent_mean,7,63.78340291976929
gep12,00,2026-05-28,2026-06-04,gcrew,noaa_gefs,12,Rain_mm_sum,7,0.3100000023841858
gep12,00,2026-05-28,2026-06-04,gcrew,noaa_gefs,12,ShortwaveRadiation_Wm2,7,321
gep12,00,2026-05-28,2026-06-04,gcrew,noaa_gefs,12,WindSpeed_ms_mean,7,7.469515003650624
gep12,00,2026-05-28,2026-06-05,gcrew,noaa_gefs,12,AirTemp_C_mean,8,15.955716705322288
gep12,00,2026-05-28,2026-06-05,gcrew,noaa_gefs,12,Pressure_Pa,8,101952.7724609375
gep12,00,2026-05-28,2026-06-05,gcrew,noaa_gefs,12,RH_percent_mean,8,61.84580373764038
gep12,00,2026-05-28,2026-06-05,gcrew,noaa_gefs,12,Rain_mm_sum,8,0
gep12,00,2026-05-28,2026-06-05,gcrew,noaa_gefs,12,ShortwaveRadiation_Wm2,8,358
gep12,00,2026-05-28,2026-06-05,gcrew,noaa_gefs,12,WindSpeed_ms_mean,8,4.597932834247479
gep12,00,2026-05-28,2026-06-06,gcrew,noaa_gefs,12,AirTemp_C_mean,9,18.72523106166297
gep12,00,2026-05-28,2026-06-06,gcrew,noaa_gefs,12,Pressure_Pa,9,101935.07700892857
gep12,00,2026-05-28,2026-06-06,gcrew,noaa_gefs,12,RH_percent_mean,9,63.01251983642578
gep12,00,2026-05-28,2026-06-06,gcrew,noaa_gefs,12,Rain_mm_sum,9,0
gep12,00,2026-05-28,2026-06-06,gcrew,noaa_gefs,12,ShortwaveRadiation_Wm2,9,409.14285714285717
gep12,00,2026-05-28,2026-06-06,gcrew,noaa_gefs,12,WindSpeed_ms_mean,9,2.582886239108914
gep12,00,2026-05-28,2026-06-07,gcrew,noaa_gefs,12,AirTemp_C_mean,10,20.02813873291018
gep12,00,2026-05-28,2026-06-07,gcrew,noaa_gefs,12,Pressure_Pa,10,101518.1484375
gep12,00,2026-05-28,2026-06-07,gcrew,noaa_gefs,12,RH_percent_mean,10,64.0985107421875
gep12,00,2026-05-28,2026-06-07,gcrew,noaa_gefs,12,Rain_mm_sum,10,0
gep12,00,2026-05-28,2026-06-07,gcrew,noaa_gefs,12,ShortwaveRadiation_Wm2,10,313.25
gep12,00,2026-05-28,2026-06-07,gcrew,noaa_gefs,12,WindSpeed_ms_mean,10,3.0982185202913497
gep12,00,2026-05-28,2026-06-08,gcrew,noaa_gefs,12,AirTemp_C_mean,11,21.244317626953148
gep12,00,2026-05-28,2026-06-08,gcrew,noaa_gefs,12,Pressure_Pa,11,100838.3359375
gep12,00,2026-05-28,2026-06-08,gcrew,noaa_gefs,12,RH_percent_mean,11,83.27591323852539
gep12,00,2026-05-28,2026-06-08,gcrew,noaa_gefs,12,Rain_mm_sum,11,10.500000312924385
gep12,00,2026-05-28,2026-06-08,gcrew,noaa_gefs,12,ShortwaveRadiation_Wm2,11,130.75
gep12,00,2026-05-28,2026-06-08,gcrew,noaa_gefs,12,WindSpeed_ms_mean,11,5.466295843691377
gep12,00,2026-05-28,2026-06-09,gcrew,noaa_gefs,12,AirTemp_C_mean,12,18.266564941406273
gep12,00,2026-05-28,2026-06-09,gcrew,noaa_gefs,12,Pressure_Pa,12,101545.86328125
gep12,00,2026-05-28,2026-06-09,gcrew,noaa_gefs,12,RH_percent_mean,12,65.5650224685669
gep12,00,2026-05-28,2026-06-09,gcrew,noaa_gefs,12,Rain_mm_sum,12,2.4000000953674316
gep12,00,2026-05-28,2026-06-09,gcrew,noaa_gefs,12,ShortwaveRadiation_Wm2,12,361.25
gep12,00,2026-05-28,2026-06-09,gcrew,noaa_gefs,12,WindSpeed_ms_mean,12,7.459937362211188
gep12,00,2026-05-28,2026-06-10,gcrew,noaa_gefs,12,AirTemp_C_mean,13,17.935144042968773
gep12,00,2026-05-28,2026-06-10,gcrew,noaa_gefs,12,Pressure_Pa,13,102414.19921875
gep12,00,2026-05-28,2026-06-10,gcrew,noaa_gefs,12,RH_percent_mean,13,56.38784217834473
gep12,00,2026-05-28,2026-06-10,gcrew,noaa_gefs,12,Rain_mm_sum,13,0
gep12,00,2026-05-28,2026-06-10,gcrew,noaa_gefs,12,ShortwaveRadiation_Wm2,13,363.25
gep12,00,2026-05-28,2026-06-10,gcrew,noaa_gefs,12,WindSpeed_ms_mean,13,4.315274059982924
gep12,00,2026-05-28,2026-06-11,gcrew,noaa_gefs,12,AirTemp_C_mean,14,18.79597625732424
gep12,00,2026-05-28,2026-06-11,gcrew,noaa_gefs,12,Pressure_Pa,14,102375.763671875
gep12,00,2026-05-28,2026-06-11,gcrew,noaa_gefs,12,RH_percent_mean,14,57.19118881225586
gep12,00,2026-05-28,2026-06-11,gcrew,noaa_gefs,12,Rain_mm_sum,14,0
gep12,00,2026-05-28,2026-06-11,gcrew,noaa_gefs,12,ShortwaveRadiation_Wm2,14,359.25
gep12,00,2026-05-28,2026-06-11,gcrew,noaa_gefs,12,WindSpeed_ms_mean,14,2.5567400202041837
gep12,00,2026-05-28,2026-06-12,gcrew,noaa_gefs,12,AirTemp_C_mean,15,20.419717407226585
gep12,00,2026-05-28,2026-06-12,gcrew,noaa_gefs,12,Pressure_Pa,15,101882.580078125
gep12,00,2026-05-28,2026-06-12,gcrew,noaa_gefs,12,RH_percent_mean,15,61.499000549316406
gep12,00,2026-05-28,2026-06-12,gcrew,noaa_gefs,12,Rain_mm_sum,15,0
gep12,00,2026-05-28,2026-06-12,gcrew,noaa_gefs,12,ShortwaveRadiation_Wm2,15,338.75
gep12,00,2026-05-28,2026-06-12,gcrew,noaa_gefs,12,WindSpeed_ms_mean,15,2.427922764317797
gep12,00,2026-05-28,2026-06-13,gcrew,noaa_gefs,12,AirTemp_C_mean,16,22.97486267089846
gep12,00,2026-05-28,2026-06-13,gcrew,noaa_gefs,12,Pressure_Pa,16,101575.34375
gep12,00,2026-05-28,2026-06-13,gcrew,noaa_gefs,12,RH_percent_mean,16,66.48400783538818
gep12,00,2026-05-28,2026-06-13,gcrew,noaa_gefs,12,Rain_mm_sum,16,0
gep12,00,2026-05-28,2026-06-13,gcrew,noaa_gefs,12,ShortwaveRadiation_Wm2,16,336.75
gep12,00,2026-05-28,2026-06-13,gcrew,noaa_gefs,12,WindSpeed_ms_mean,16,3.760233349203137
gep12,00,2026-05-28,2026-06-14,gcrew,noaa_gefs,12,AirTemp_C_mean,17,21.73445281982424
gep12,00,2026-05-28,2026-06-14,gcrew,noaa_gefs,12,Pressure_Pa,17,101758.880859375
gep12,00,2026-05-28,2026-06-14,gcrew,noaa_gefs,12,RH_percent_mean,17,60.63445472717285
gep12,00,2026-05-28,2026-06-14,gcrew,noaa_gefs,12,Rain_mm_sum,17,0
gep12,00,2026-05-28,2026-06-14,gcrew,noaa_gefs,12,ShortwaveRadiation_Wm2,17,345
gep12,00,2026-05-28,2026-06-14,gcrew,noaa_gefs,12,WindSpeed_ms_mean,17,3.877745024465436
gep12,00,2026-05-28,2026-06-15,gcrew,noaa_gefs,12,AirTemp_C_mean,18,27.282464599609398
gep12,00,2026-05-28,2026-06-15,gcrew,noaa_gefs,12,Pressure_Pa,18,101216.53125
gep12,00,2026-05-28,2026-06-15,gcrew,noaa_gefs,12,RH_percent_mean,18,62.073336601257324
gep12,00,2026-05-28,2026-06-15,gcrew,noaa_gefs,12,Rain_mm_sum,18,0.10000000149011612
gep12,00,2026-05-28,2026-06-15,gcrew,noaa_gefs,12,ShortwaveRadiation_Wm2,18,342.25
gep12,00,2026-05-28,2026-06-15,gcrew,noaa_gefs,12,WindSpeed_ms_mean,18,3.863105661866631
gep12,00,2026-05-28,2026-06-16,gcrew,noaa_gefs,12,AirTemp_C_mean,19,27.164888000488304
gep12,00,2026-05-28,2026-06-16,gcrew,noaa_gefs,12,Pressure_Pa,19,101554.767578125
gep12,00,2026-05-28,2026-06-16,gcrew,noaa_gefs,12,RH_percent_mean,19,61.02194118499756
gep12,00,2026-05-28,2026-06-16,gcrew,noaa_gefs,12,Rain_mm_sum,19,0.10000000149011612
gep12,00,2026-05-28,2026-06-16,gcrew,noaa_gefs,12,ShortwaveRadiation_Wm2,19,297.5
gep12,00,2026-05-28,2026-06-16,gcrew,noaa_gefs,12,WindSpeed_ms_mean,19,2.604843904299301
gep12,00,2026-05-28,2026-06-17,gcrew,noaa_gefs,12,AirTemp_C_mean,20,22.97168884277346
gep12,00,2026-05-28,2026-06-17,gcrew,noaa_gefs,12,Pressure_Pa,20,101994.060546875
gep12,00,2026-05-28,2026-06-17,gcrew,noaa_gefs,12,RH_percent_mean,20,85.14014625549316
gep12,00,2026-05-28,2026-06-17,gcrew,noaa_gefs,12,Rain_mm_sum,20,2.9000000953674316
gep12,00,2026-05-28,2026-06-17,gcrew,noaa_gefs,12,ShortwaveRadiation_Wm2,20,269.25
gep12,00,2026-05-28,2026-06-17,gcrew,noaa_gefs,12,WindSpeed_ms_mean,20,4.609625277607201
gep12,00,2026-05-28,2026-06-18,gcrew,noaa_gefs,12,AirTemp_C_mean,21,22.94593963623049
gep12,00,2026-05-28,2026-06-18,gcrew,noaa_gefs,12,Pressure_Pa,21,101981.146484375
gep12,00,2026-05-28,2026-06-18,gcrew,noaa_gefs,12,RH_percent_mean,21,86.89044570922852
gep12,00,2026-05-28,2026-06-18,gcrew,noaa_gefs,12,Rain_mm_sum,21,1.4000000357627869
gep12,00,2026-05-28,2026-06-18,gcrew,noaa_gefs,12,ShortwaveRadiation_Wm2,21,303.25
gep12,00,2026-05-28,2026-06-18,gcrew,noaa_gefs,12,WindSpeed_ms_mean,21,2.586226235579734
gep12,00,2026-05-28,2026-06-19,gcrew,noaa_gefs,12,AirTemp_C_mean,22,26.268060302734398
gep12,00,2026-05-28,2026-06-19,gcrew,noaa_gefs,12,Pressure_Pa,22,101740.232421875
gep12,00,2026-05-28,2026-06-19,gcrew,noaa_gefs,12,RH_percent_mean,22,70.88781070709229
gep12,00,2026-05-28,2026-06-19,gcrew,noaa_gefs,12,Rain_mm_sum,22,0
gep12,00,2026-05-28,2026-06-19,gcrew,noaa_gefs,12,ShortwaveRadiation_Wm2,22,333
gep12,00,2026-05-28,2026-06-19,gcrew,noaa_gefs,12,WindSpeed_ms_mean,22,4.6750494445637285
gep12,00,2026-05-28,2026-06-20,gcrew,noaa_gefs,12,AirTemp_C_mean,23,27.841043090820335
gep12,00,2026-05-28,2026-06-20,gcrew,noaa_gefs,12,Pressure_Pa,23,101515.064453125
gep12,00,2026-05-28,2026-06-20,gcrew,noaa_gefs,12,RH_percent_mean,23,61.98535442352295
gep12,00,2026-05-28,2026-06-20,gcrew,noaa_gefs,12,Rain_mm_sum,23,0
gep12,00,2026-05-28,2026-06-20,gcrew,noaa_gefs,12,ShortwaveRadiation_Wm2,23,317.5
gep12,00,2026-05-28,2026-06-20,gcrew,noaa_gefs,12,WindSpeed_ms_mean,23,3.626574370372676
gep12,00,2026-05-28,2026-06-21,gcrew,noaa_gefs,12,AirTemp_C_mean,24,27.115220642089866
gep12,00,2026-05-28,2026-06-21,gcrew,noaa_gefs,12,Pressure_Pa,24,101335.810546875
gep12,00,2026-05-28,2026-06-21,gcrew,noaa_gefs,12,RH_percent_mean,24,61.86435508728027
gep12,00,2026-05-28,2026-06-21,gcrew,noaa_gefs,12,Rain_mm_sum,24,0
gep12,00,2026-05-28,2026-06-21,gcrew,noaa_gefs,12,ShortwaveRadiation_Wm2,24,325.75
gep12,00,2026-05-28,2026-06-21,gcrew,noaa_gefs,12,WindSpeed_ms_mean,24,4.1586571738201075
gep12,00,2026-05-28,2026-06-22,gcrew,noaa_gefs,12,AirTemp_C_mean,25,24.424424743652366
gep12,00,2026-05-28,2026-06-22,gcrew,noaa_gefs,12,Pressure_Pa,25,101386.505859375
gep12,00,2026-05-28,2026-06-22,gcrew,noaa_gefs,12,RH_percent_mean,25,81.4093132019043
gep12,00,2026-05-28,2026-06-22,gcrew,noaa_gefs,12,Rain_mm_sum,25,0.4000000059604645
gep12,00,2026-05-28,2026-06-22,gcrew,noaa_gefs,12,ShortwaveRadiation_Wm2,25,100.5
gep12,00,2026-05-28,2026-06-22,gcrew,noaa_gefs,12,WindSpeed_ms_mean,25,4.003219955758446
gep12,00,2026-05-28,2026-06-23,gcrew,noaa_gefs,12,AirTemp_C_mean,26,22.006524658203148
gep12,00,2026-05-28,2026-06-23,gcrew,noaa_gefs,12,Pressure_Pa,26,101129.3515625
gep12,00,2026-05-28,2026-06-23,gcrew,noaa_gefs,12,RH_percent_mean,26,93.43722724914551
gep12,00,2026-05-28,2026-06-23,gcrew,noaa_gefs,12,Rain_mm_sum,26,55.300001695752144
gep12,00,2026-05-28,2026-06-23,gcrew,noaa_gefs,12,ShortwaveRadiation_Wm2,26,22.75
gep12,00,2026-05-28,2026-06-23,gcrew,noaa_gefs,12,WindSpeed_ms_mean,26,4.542991536121778
gep12,00,2026-05-28,2026-06-24,gcrew,noaa_gefs,12,AirTemp_C_mean,27,22.589105224609398
gep12,00,2026-05-28,2026-06-24,gcrew,noaa_gefs,12,Pressure_Pa,27,100791.896484375
gep12,00,2026-05-28,2026-06-24,gcrew,noaa_gefs,12,RH_percent_mean,27,86.6486873626709
gep12,00,2026-05-28,2026-06-24,gcrew,noaa_gefs,12,Rain_mm_sum,27,8.000000096857548
gep12,00,2026-05-28,2026-06-24,gcrew,noaa_gefs,12,ShortwaveRadiation_Wm2,27,230.25
gep12,00,2026-05-28,2026-06-24,gcrew,noaa_gefs,12,WindSpeed_ms_mean,27,4.664738764840051
gep12,00,2026-05-28,2026-06-25,gcrew,noaa_gefs,12,AirTemp_C_mean,28,21.151040649414085
gep12,00,2026-05-28,2026-06-25,gcrew,noaa_gefs,12,Pressure_Pa,28,100968.654296875
gep12,00,2026-05-28,2026-06-25,gcrew,noaa_gefs,12,RH_percent_mean,28,59.870840072631836
gep12,00,2026-05-28,2026-06-25,gcrew,noaa_gefs,12,Rain_mm_sum,28,0.10000000149011612
gep12,00,2026-05-28,2026-06-25,gcrew,noaa_gefs,12,ShortwaveRadiation_Wm2,28,355.75
gep12,00,2026-05-28,2026-06-25,gcrew,noaa_gefs,12,WindSpeed_ms_mean,28,4.965440944060037
gep12,00,2026-05-28,2026-06-26,gcrew,noaa_gefs,12,AirTemp_C_mean,29,20.49548492431643
gep12,00,2026-05-28,2026-06-26,gcrew,noaa_gefs,12,Pressure_Pa,29,101440.876953125
gep12,00,2026-05-28,2026-06-26,gcrew,noaa_gefs,12,RH_percent_mean,29,59.463311195373535
gep12,00,2026-05-28,2026-06-26,gcrew,noaa_gefs,12,Rain_mm_sum,29,0
gep12,00,2026-05-28,2026-06-26,gcrew,noaa_gefs,12,ShortwaveRadiation_Wm2,29,351
gep12,00,2026-05-28,2026-06-26,gcrew,noaa_gefs,12,WindSpeed_ms_mean,29,4.224020219033529
gep12,00,2026-05-28,2026-06-27,gcrew,noaa_gefs,12,AirTemp_C_mean,30,22.24182281494143
gep12,00,2026-05-28,2026-06-27,gcrew,noaa_gefs,12,Pressure_Pa,30,101707.216796875
gep12,00,2026-05-28,2026-06-27,gcrew,noaa_gefs,12,RH_percent_mean,30,58.40474605560303
gep12,00,2026-05-28,2026-06-27,gcrew,noaa_gefs,12,Rain_mm_sum,30,0
gep12,00,2026-05-28,2026-06-27,gcrew,noaa_gefs,12,ShortwaveRadiation_Wm2,30,351
gep12,00,2026-05-28,2026-06-27,gcrew,noaa_gefs,12,WindSpeed_ms_mean,30,4.272810309335263
gep12,00,2026-05-28,2026-06-28,gcrew,noaa_gefs,12,AirTemp_C_mean,31,24.168817138671898
gep12,00,2026-05-28,2026-06-28,gcrew,noaa_gefs,12,Pressure_Pa,31,101494.826171875
gep12,00,2026-05-28,2026-06-28,gcrew,noaa_gefs,12,RH_percent_mean,31,71.39916801452637
gep12,00,2026-05-28,2026-06-28,gcrew,noaa_gefs,12,Rain_mm_sum,31,0
gep12,00,2026-05-28,2026-06-28,gcrew,noaa_gefs,12,ShortwaveRadiation_Wm2,31,344
gep12,00,2026-05-28,2026-06-28,gcrew,noaa_gefs,12,WindSpeed_ms_mean,31,3.5498743444693566
gep12,00,2026-05-28,2026-06-29,gcrew,noaa_gefs,12,AirTemp_C_mean,32,26.337808227539085
gep12,00,2026-05-28,2026-06-29,gcrew,noaa_gefs,12,Pressure_Pa,32,101015.88671875
gep12,00,2026-05-28,2026-06-29,gcrew,noaa_gefs,12,RH_percent_mean,32,67.18145847320557
gep12,00,2026-05-28,2026-06-29,gcrew,noaa_gefs,12,Rain_mm_sum,32,0
gep12,00,2026-05-28,2026-06-29,gcrew,noaa_gefs,12,ShortwaveRadiation_Wm2,32,322.5
gep12,00,2026-05-28,2026-06-29,gcrew,noaa_gefs,12,WindSpeed_ms_mean,32,3.924499337392451
gep12,00,2026-05-28,2026-06-30,gcrew,noaa_gefs,12,AirTemp_C_mean,33,26.703363037109398
gep12,00,2026-05-28,2026-06-30,gcrew,noaa_gefs,12,Pressure_Pa,33,100415.265625
gep12,00,2026-05-28,2026-06-30,gcrew,noaa_gefs,12,RH_percent_mean,33,70.66891098022461
gep12,00,2026-05-28,2026-06-30,gcrew,noaa_gefs,12,Rain_mm_sum,33,0.7999999895691872
gep12,00,2026-05-28,2026-06-30,gcrew,noaa_gefs,12,ShortwaveRadiation_Wm2,33,221.5
gep12,00,2026-05-28,2026-06-30,gcrew,noaa_gefs,12,WindSpeed_ms_mean,33,2.4540543323176753
gep12,00,2026-05-28,2026-07-01,gcrew,noaa_gefs,12,AirTemp_C_mean,34,25.300759887695335
gep12,00,2026-05-28,2026-07-01,gcrew,noaa_gefs,12,Pressure_Pa,34,100593.78515625
gep12,00,2026-05-28,2026-07-01,gcrew,noaa_gefs,12,RH_percent_mean,34,66.53337669372559
gep12,00,2026-05-28,2026-07-01,gcrew,noaa_gefs,12,Rain_mm_sum,34,0.20000000298023224
gep12,00,2026-05-28,2026-07-01,gcrew,noaa_gefs,12,ShortwaveRadiation_Wm2,34,347.5
gep12,00,2026-05-28,2026-07-01,gcrew,noaa_gefs,12,WindSpeed_ms_mean,34,3.569256045713047
gep13,00,2026-05-28,2026-05-29,gcrew,noaa_gefs,13,AirTemp_C_mean,1,16.984544372558616
gep13,00,2026-05-28,2026-05-29,gcrew,noaa_gefs,13,Pressure_Pa,1,101312.3720703125
gep13,00,2026-05-28,2026-05-29,gcrew,noaa_gefs,13,RH_percent_mean,1,66.49901962280273
gep13,00,2026-05-28,2026-05-29,gcrew,noaa_gefs,13,Rain_mm_sum,1,0
gep13,00,2026-05-28,2026-05-29,gcrew,noaa_gefs,13,ShortwaveRadiation_Wm2,1,358.5
gep13,00,2026-05-28,2026-05-29,gcrew,noaa_gefs,13,WindSpeed_ms_mean,1,3.324157800523961
gep13,00,2026-05-28,2026-05-30,gcrew,noaa_gefs,13,AirTemp_C_mean,2,14.520104980468773
gep13,00,2026-05-28,2026-05-30,gcrew,noaa_gefs,13,Pressure_Pa,2,101405.7275390625
gep13,00,2026-05-28,2026-05-30,gcrew,noaa_gefs,13,RH_percent_mean,2,63.8339786529541
gep13,00,2026-05-28,2026-05-30,gcrew,noaa_gefs,13,Rain_mm_sum,2,0
gep13,00,2026-05-28,2026-05-30,gcrew,noaa_gefs,13,ShortwaveRadiation_Wm2,2,354
gep13,00,2026-05-28,2026-05-30,gcrew,noaa_gefs,13,WindSpeed_ms_mean,2,6.158624703355217
gep13,00,2026-05-28,2026-05-31,gcrew,noaa_gefs,13,AirTemp_C_mean,3,13.913762664794945
gep13,00,2026-05-28,2026-05-31,gcrew,noaa_gefs,13,Pressure_Pa,3,101891.111328125
gep13,00,2026-05-28,2026-05-31,gcrew,noaa_gefs,13,RH_percent_mean,3,62.99015474319458
gep13,00,2026-05-28,2026-05-31,gcrew,noaa_gefs,13,Rain_mm_sum,3,0
gep13,00,2026-05-28,2026-05-31,gcrew,noaa_gefs,13,ShortwaveRadiation_Wm2,3,361
gep13,00,2026-05-28,2026-05-31,gcrew,noaa_gefs,13,WindSpeed_ms_mean,3,2.3322553142904607
gep13,00,2026-05-28,2026-06-01,gcrew,noaa_gefs,13,AirTemp_C_mean,4,16.62330780029299
gep13,00,2026-05-28,2026-06-01,gcrew,noaa_gefs,13,Pressure_Pa,4,101337.8271484375
gep13,00,2026-05-28,2026-06-01,gcrew,noaa_gefs,13,RH_percent_mean,4,63.69150733947754
gep13,00,2026-05-28,2026-06-01,gcrew,noaa_gefs,13,Rain_mm_sum,4,0
gep13,00,2026-05-28,2026-06-01,gcrew,noaa_gefs,13,ShortwaveRadiation_Wm2,4,325.125
gep13,00,2026-05-28,2026-06-01,gcrew,noaa_gefs,13,WindSpeed_ms_mean,4,3.743790953418161
gep13,00,2026-05-28,2026-06-02,gcrew,noaa_gefs,13,AirTemp_C_mean,5,16.618074035644554
gep13,00,2026-05-28,2026-06-02,gcrew,noaa_gefs,13,Pressure_Pa,5,101068.361328125
gep13,00,2026-05-28,2026-06-02,gcrew,noaa_gefs,13,RH_percent_mean,5,61.181997299194336
gep13,00,2026-05-28,2026-06-02,gcrew,noaa_gefs,13,Rain_mm_sum,5,0
gep13,00,2026-05-28,2026-06-02,gcrew,noaa_gefs,13,ShortwaveRadiation_Wm2,5,345.875
gep13,00,2026-05-28,2026-06-02,gcrew,noaa_gefs,13,WindSpeed_ms_mean,5,2.656702509480038
gep13,00,2026-05-28,2026-06-03,gcrew,noaa_gefs,13,AirTemp_C_mean,6,14.53361282348635
gep13,00,2026-05-28,2026-06-03,gcrew,noaa_gefs,13,Pressure_Pa,6,101265.8505859375
gep13,00,2026-05-28,2026-06-03,gcrew,noaa_gefs,13,RH_percent_mean,6,58.42056369781494
gep13,00,2026-05-28,2026-06-03,gcrew,noaa_gefs,13,Rain_mm_sum,6,0.42000001296401024
gep13,00,2026-05-28,2026-06-03,gcrew,noaa_gefs,13,ShortwaveRadiation_Wm2,6,296.5
gep13,00,2026-05-28,2026-06-03,gcrew,noaa_gefs,13,WindSpeed_ms_mean,6,7.54477270972776
gep13,00,2026-05-28,2026-06-04,gcrew,noaa_gefs,13,AirTemp_C_mean,7,14.779225921630882
gep13,00,2026-05-28,2026-06-04,gcrew,noaa_gefs,13,Pressure_Pa,7,101801.623046875
gep13,00,2026-05-28,2026-06-04,gcrew,noaa_gefs,13,RH_percent_mean,7,63.78340291976929
gep13,00,2026-05-28,2026-06-04,gcrew,noaa_gefs,13,Rain_mm_sum,7,0.3100000023841858
gep13,00,2026-05-28,2026-06-04,gcrew,noaa_gefs,13,ShortwaveRadiation_Wm2,7,321
gep13,00,2026-05-28,2026-06-04,gcrew,noaa_gefs,13,WindSpeed_ms_mean,7,7.469515003650624
gep13,00,2026-05-28,2026-06-05,gcrew,noaa_gefs,13,AirTemp_C_mean,8,15.955716705322288
gep13,00,2026-05-28,2026-06-05,gcrew,noaa_gefs,13,Pressure_Pa,8,101952.7724609375
gep13,00,2026-05-28,2026-06-05,gcrew,noaa_gefs,13,RH_percent_mean,8,61.84580373764038
gep13,00,2026-05-28,2026-06-05,gcrew,noaa_gefs,13,Rain_mm_sum,8,0
gep13,00,2026-05-28,2026-06-05,gcrew,noaa_gefs,13,ShortwaveRadiation_Wm2,8,358
gep13,00,2026-05-28,2026-06-05,gcrew,noaa_gefs,13,WindSpeed_ms_mean,8,4.597932834247479
gep13,00,2026-05-28,2026-06-06,gcrew,noaa_gefs,13,AirTemp_C_mean,9,18.72523106166297
gep13,00,2026-05-28,2026-06-06,gcrew,noaa_gefs,13,Pressure_Pa,9,101935.07700892857
gep13,00,2026-05-28,2026-06-06,gcrew,noaa_gefs,13,RH_percent_mean,9,63.01251983642578
gep13,00,2026-05-28,2026-06-06,gcrew,noaa_gefs,13,Rain_mm_sum,9,0
gep13,00,2026-05-28,2026-06-06,gcrew,noaa_gefs,13,ShortwaveRadiation_Wm2,9,409.14285714285717
gep13,00,2026-05-28,2026-06-06,gcrew,noaa_gefs,13,WindSpeed_ms_mean,9,2.582886239108914
gep13,00,2026-05-28,2026-06-07,gcrew,noaa_gefs,13,AirTemp_C_mean,10,20.02813873291018
gep13,00,2026-05-28,2026-06-07,gcrew,noaa_gefs,13,Pressure_Pa,10,101518.1484375
gep13,00,2026-05-28,2026-06-07,gcrew,noaa_gefs,13,RH_percent_mean,10,64.0985107421875
gep13,00,2026-05-28,2026-06-07,gcrew,noaa_gefs,13,Rain_mm_sum,10,0
gep13,00,2026-05-28,2026-06-07,gcrew,noaa_gefs,13,ShortwaveRadiation_Wm2,10,313.25
gep13,00,2026-05-28,2026-06-07,gcrew,noaa_gefs,13,WindSpeed_ms_mean,10,3.0982185202913497
gep13,00,2026-05-28,2026-06-08,gcrew,noaa_gefs,13,AirTemp_C_mean,11,21.244317626953148
gep13,00,2026-05-28,2026-06-08,gcrew,noaa_gefs,13,Pressure_Pa,11,100838.3359375
gep13,00,2026-05-28,2026-06-08,gcrew,noaa_gefs,13,RH_percent_mean,11,83.27591323852539
gep13,00,2026-05-28,2026-06-08,gcrew,noaa_gefs,13,Rain_mm_sum,11,10.500000312924385
gep13,00,2026-05-28,2026-06-08,gcrew,noaa_gefs,13,ShortwaveRadiation_Wm2,11,130.75
gep13,00,2026-05-28,2026-06-08,gcrew,noaa_gefs,13,WindSpeed_ms_mean,11,5.466295843691377
gep13,00,2026-05-28,2026-06-09,gcrew,noaa_gefs,13,AirTemp_C_mean,12,18.266564941406273
gep13,00,2026-05-28,2026-06-09,gcrew,noaa_gefs,13,Pressure_Pa,12,101545.86328125
gep13,00,2026-05-28,2026-06-09,gcrew,noaa_gefs,13,RH_percent_mean,12,65.5650224685669
gep13,00,2026-05-28,2026-06-09,gcrew,noaa_gefs,13,Rain_mm_sum,12,2.4000000953674316
gep13,00,2026-05-28,2026-06-09,gcrew,noaa_gefs,13,ShortwaveRadiation_Wm2,12,361.25
gep13,00,2026-05-28,2026-06-09,gcrew,noaa_gefs,13,WindSpeed_ms_mean,12,7.459937362211188
gep13,00,2026-05-28,2026-06-10,gcrew,noaa_gefs,13,AirTemp_C_mean,13,17.935144042968773
gep13,00,2026-05-28,2026-06-10,gcrew,noaa_gefs,13,Pressure_Pa,13,102414.19921875
gep13,00,2026-05-28,2026-06-10,gcrew,noaa_gefs,13,RH_percent_mean,13,56.38784217834473
gep13,00,2026-05-28,2026-06-10,gcrew,noaa_gefs,13,Rain_mm_sum,13,0
gep13,00,2026-05-28,2026-06-10,gcrew,noaa_gefs,13,ShortwaveRadiation_Wm2,13,363.25
gep13,00,2026-05-28,2026-06-10,gcrew,noaa_gefs,13,WindSpeed_ms_mean,13,4.315274059982924
gep13,00,2026-05-28,2026-06-11,gcrew,noaa_gefs,13,AirTemp_C_mean,14,18.79597625732424
gep13,00,2026-05-28,2026-06-11,gcrew,noaa_gefs,13,Pressure_Pa,14,102375.763671875
gep13,00,2026-05-28,2026-06-11,gcrew,noaa_gefs,13,RH_percent_mean,14,57.19118881225586
gep13,00,2026-05-28,2026-06-11,gcrew,noaa_gefs,13,Rain_mm_sum,14,0
gep13,00,2026-05-28,2026-06-11,gcrew,noaa_gefs,13,ShortwaveRadiation_Wm2,14,359.25
gep13,00,2026-05-28,2026-06-11,gcrew,noaa_gefs,13,WindSpeed_ms_mean,14,2.5567400202041837
gep13,00,2026-05-28,2026-06-12,gcrew,noaa_gefs,13,AirTemp_C_mean,15,20.419717407226585
gep13,00,2026-05-28,2026-06-12,gcrew,noaa_gefs,13,Pressure_Pa,15,101882.580078125
gep13,00,2026-05-28,2026-06-12,gcrew,noaa_gefs,13,RH_percent_mean,15,61.499000549316406
gep13,00,2026-05-28,2026-06-12,gcrew,noaa_gefs,13,Rain_mm_sum,15,0
gep13,00,2026-05-28,2026-06-12,gcrew,noaa_gefs,13,ShortwaveRadiation_Wm2,15,338.75
gep13,00,2026-05-28,2026-06-12,gcrew,noaa_gefs,13,WindSpeed_ms_mean,15,2.427922764317797
gep13,00,2026-05-28,2026-06-13,gcrew,noaa_gefs,13,AirTemp_C_mean,16,22.97486267089846
gep13,00,2026-05-28,2026-06-13,gcrew,noaa_gefs,13,Pressure_Pa,16,101575.34375
gep13,00,2026-05-28,2026-06-13,gcrew,noaa_gefs,13,RH_percent_mean,16,66.48400783538818
gep13,00,2026-05-28,2026-06-13,gcrew,noaa_gefs,13,Rain_mm_sum,16,0
gep13,00,2026-05-28,2026-06-13,gcrew,noaa_gefs,13,ShortwaveRadiation_Wm2,16,336.75
gep13,00,2026-05-28,2026-06-13,gcrew,noaa_gefs,13,WindSpeed_ms_mean,16,3.760233349203137
gep13,00,2026-05-28,2026-06-14,gcrew,noaa_gefs,13,AirTemp_C_mean,17,21.73445281982424
gep13,00,2026-05-28,2026-06-14,gcrew,noaa_gefs,13,Pressure_Pa,17,101758.880859375
gep13,00,2026-05-28,2026-06-14,gcrew,noaa_gefs,13,RH_percent_mean,17,60.63445472717285
gep13,00,2026-05-28,2026-06-14,gcrew,noaa_gefs,13,Rain_mm_sum,17,0
gep13,00,2026-05-28,2026-06-14,gcrew,noaa_gefs,13,ShortwaveRadiation_Wm2,17,345
gep13,00,2026-05-28,2026-06-14,gcrew,noaa_gefs,13,WindSpeed_ms_mean,17,3.877745024465436
gep13,00,2026-05-28,2026-06-15,gcrew,noaa_gefs,13,AirTemp_C_mean,18,27.282464599609398
gep13,00,2026-05-28,2026-06-15,gcrew,noaa_gefs,13,Pressure_Pa,18,101216.53125
gep13,00,2026-05-28,2026-06-15,gcrew,noaa_gefs,13,RH_percent_mean,18,62.073336601257324
gep13,00,2026-05-28,2026-06-15,gcrew,noaa_gefs,13,Rain_mm_sum,18,0.10000000149011612
gep13,00,2026-05-28,2026-06-15,gcrew,noaa_gefs,13,ShortwaveRadiation_Wm2,18,342.25
gep13,00,2026-05-28,2026-06-15,gcrew,noaa_gefs,13,WindSpeed_ms_mean,18,3.863105661866631
gep13,00,2026-05-28,2026-06-16,gcrew,noaa_gefs,13,AirTemp_C_mean,19,27.164888000488304
gep13,00,2026-05-28,2026-06-16,gcrew,noaa_gefs,13,Pressure_Pa,19,101554.767578125
gep13,00,2026-05-28,2026-06-16,gcrew,noaa_gefs,13,RH_percent_mean,19,61.02194118499756
gep13,00,2026-05-28,2026-06-16,gcrew,noaa_gefs,13,Rain_mm_sum,19,0.10000000149011612
gep13,00,2026-05-28,2026-06-16,gcrew,noaa_gefs,13,ShortwaveRadiation_Wm2,19,297.5
gep13,00,2026-05-28,2026-06-16,gcrew,noaa_gefs,13,WindSpeed_ms_mean,19,2.604843904299301
gep13,00,2026-05-28,2026-06-17,gcrew,noaa_gefs,13,AirTemp_C_mean,20,22.97168884277346
gep13,00,2026-05-28,2026-06-17,gcrew,noaa_gefs,13,Pressure_Pa,20,101994.060546875
gep13,00,2026-05-28,2026-06-17,gcrew,noaa_gefs,13,RH_percent_mean,20,85.14014625549316
gep13,00,2026-05-28,2026-06-17,gcrew,noaa_gefs,13,Rain_mm_sum,20,2.9000000953674316
gep13,00,2026-05-28,2026-06-17,gcrew,noaa_gefs,13,ShortwaveRadiation_Wm2,20,269.25
gep13,00,2026-05-28,2026-06-17,gcrew,noaa_gefs,13,WindSpeed_ms_mean,20,4.609625277607201
gep13,00,2026-05-28,2026-06-18,gcrew,noaa_gefs,13,AirTemp_C_mean,21,22.94593963623049
gep13,00,2026-05-28,2026-06-18,gcrew,noaa_gefs,13,Pressure_Pa,21,101981.146484375
gep13,00,2026-05-28,2026-06-18,gcrew,noaa_gefs,13,RH_percent_mean,21,86.89044570922852
gep13,00,2026-05-28,2026-06-18,gcrew,noaa_gefs,13,Rain_mm_sum,21,1.4000000357627869
gep13,00,2026-05-28,2026-06-18,gcrew,noaa_gefs,13,ShortwaveRadiation_Wm2,21,303.25
gep13,00,2026-05-28,2026-06-18,gcrew,noaa_gefs,13,WindSpeed_ms_mean,21,2.586226235579734
gep13,00,2026-05-28,2026-06-19,gcrew,noaa_gefs,13,AirTemp_C_mean,22,26.268060302734398
gep13,00,2026-05-28,2026-06-19,gcrew,noaa_gefs,13,Pressure_Pa,22,101740.232421875
gep13,00,2026-05-28,2026-06-19,gcrew,noaa_gefs,13,RH_percent_mean,22,70.88781070709229
gep13,00,2026-05-28,2026-06-19,gcrew,noaa_gefs,13,Rain_mm_sum,22,0
gep13,00,2026-05-28,2026-06-19,gcrew,noaa_gefs,13,ShortwaveRadiation_Wm2,22,333
gep13,00,2026-05-28,2026-06-19,gcrew,noaa_gefs,13,WindSpeed_ms_mean,22,4.6750494445637285
gep13,00,2026-05-28,2026-06-20,gcrew,noaa_gefs,13,AirTemp_C_mean,23,27.841043090820335
gep13,00,2026-05-28,2026-06-20,gcrew,noaa_gefs,13,Pressure_Pa,23,101515.064453125
gep13,00,2026-05-28,2026-06-20,gcrew,noaa_gefs,13,RH_percent_mean,23,61.98535442352295
gep13,00,2026-05-28,2026-06-20,gcrew,noaa_gefs,13,Rain_mm_sum,23,0
gep13,00,2026-05-28,2026-06-20,gcrew,noaa_gefs,13,ShortwaveRadiation_Wm2,23,317.5
gep13,00,2026-05-28,2026-06-20,gcrew,noaa_gefs,13,WindSpeed_ms_mean,23,3.626574370372676
gep13,00,2026-05-28,2026-06-21,gcrew,noaa_gefs,13,AirTemp_C_mean,24,27.115220642089866
gep13,00,2026-05-28,2026-06-21,gcrew,noaa_gefs,13,Pressure_Pa,24,101335.810546875
gep13,00,2026-05-28,2026-06-21,gcrew,noaa_gefs,13,RH_percent_mean,24,61.86435508728027
gep13,00,2026-05-28,2026-06-21,gcrew,noaa_gefs,13,Rain_mm_sum,24,0
gep13,00,2026-05-28,2026-06-21,gcrew,noaa_gefs,13,ShortwaveRadiation_Wm2,24,325.75
gep13,00,2026-05-28,2026-06-21,gcrew,noaa_gefs,13,WindSpeed_ms_mean,24,4.1586571738201075
gep13,00,2026-05-28,2026-06-22,gcrew,noaa_gefs,13,AirTemp_C_mean,25,24.424424743652366
gep13,00,2026-05-28,2026-06-22,gcrew,noaa_gefs,13,Pressure_Pa,25,101386.505859375
gep13,00,2026-05-28,2026-06-22,gcrew,noaa_gefs,13,RH_percent_mean,25,81.4093132019043
gep13,00,2026-05-28,2026-06-22,gcrew,noaa_gefs,13,Rain_mm_sum,25,0.4000000059604645
gep13,00,2026-05-28,2026-06-22,gcrew,noaa_gefs,13,ShortwaveRadiation_Wm2,25,100.5
gep13,00,2026-05-28,2026-06-22,gcrew,noaa_gefs,13,WindSpeed_ms_mean,25,4.003219955758446
gep13,00,2026-05-28,2026-06-23,gcrew,noaa_gefs,13,AirTemp_C_mean,26,22.006524658203148
gep13,00,2026-05-28,2026-06-23,gcrew,noaa_gefs,13,Pressure_Pa,26,101129.3515625
gep13,00,2026-05-28,2026-06-23,gcrew,noaa_gefs,13,RH_percent_mean,26,93.43722724914551
gep13,00,2026-05-28,2026-06-23,gcrew,noaa_gefs,13,Rain_mm_sum,26,55.300001695752144
gep13,00,2026-05-28,2026-06-23,gcrew,noaa_gefs,13,ShortwaveRadiation_Wm2,26,22.75
gep13,00,2026-05-28,2026-06-23,gcrew,noaa_gefs,13,WindSpeed_ms_mean,26,4.542991536121778
gep13,00,2026-05-28,2026-06-24,gcrew,noaa_gefs,13,AirTemp_C_mean,27,22.589105224609398
gep13,00,2026-05-28,2026-06-24,gcrew,noaa_gefs,13,Pressure_Pa,27,100791.896484375
gep13,00,2026-05-28,2026-06-24,gcrew,noaa_gefs,13,RH_percent_mean,27,86.6486873626709
gep13,00,2026-05-28,2026-06-24,gcrew,noaa_gefs,13,Rain_mm_sum,27,8.000000096857548
gep13,00,2026-05-28,2026-06-24,gcrew,noaa_gefs,13,ShortwaveRadiation_Wm2,27,230.25
gep13,00,2026-05-28,2026-06-24,gcrew,noaa_gefs,13,WindSpeed_ms_mean,27,4.664738764840051
gep13,00,2026-05-28,2026-06-25,gcrew,noaa_gefs,13,AirTemp_C_mean,28,21.151040649414085
gep13,00,2026-05-28,2026-06-25,gcrew,noaa_gefs,13,Pressure_Pa,28,100968.654296875
gep13,00,2026-05-28,2026-06-25,gcrew,noaa_gefs,13,RH_percent_mean,28,59.870840072631836
gep13,00,2026-05-28,2026-06-25,gcrew,noaa_gefs,13,Rain_mm_sum,28,0.10000000149011612
gep13,00,2026-05-28,2026-06-25,gcrew,noaa_gefs,13,ShortwaveRadiation_Wm2,28,355.75
gep13,00,2026-05-28,2026-06-25,gcrew,noaa_gefs,13,WindSpeed_ms_mean,28,4.965440944060037
gep13,00,2026-05-28,2026-06-26,gcrew,noaa_gefs,13,AirTemp_C_mean,29,20.49548492431643
gep13,00,2026-05-28,2026-06-26,gcrew,noaa_gefs,13,Pressure_Pa,29,101440.876953125
gep13,00,2026-05-28,2026-06-26,gcrew,noaa_gefs,13,RH_percent_mean,29,59.463311195373535
gep13,00,2026-05-28,2026-06-26,gcrew,noaa_gefs,13,Rain_mm_sum,29,0
gep13,00,2026-05-28,2026-06-26,gcrew,noaa_gefs,13,ShortwaveRadiation_Wm2,29,351
gep13,00,2026-05-28,2026-06-26,gcrew,noaa_gefs,13,WindSpeed_ms_mean,29,4.224020219033529
gep13,00,2026-05-28,2026-06-27,gcrew,noaa_gefs,13,AirTemp_C_mean,30,22.24182281494143
gep13,00,2026-05-28,2026-06-27,gcrew,noaa_gefs,13,Pressure_Pa,30,101707.216796875
gep13,00,2026-05-28,2026-06-27,gcrew,noaa_gefs,13,RH_percent_mean,30,58.40474605560303
gep13,00,2026-05-28,2026-06-27,gcrew,noaa_gefs,13,Rain_mm_sum,30,0
gep13,00,2026-05-28,2026-06-27,gcrew,noaa_gefs,13,ShortwaveRadiation_Wm2,30,351
gep13,00,2026-05-28,2026-06-27,gcrew,noaa_gefs,13,WindSpeed_ms_mean,30,4.272810309335263
gep13,00,2026-05-28,2026-06-28,gcrew,noaa_gefs,13,AirTemp_C_mean,31,24.168817138671898
gep13,00,2026-05-28,2026-06-28,gcrew,noaa_gefs,13,Pressure_Pa,31,101494.826171875
gep13,00,2026-05-28,2026-06-28,gcrew,noaa_gefs,13,RH_percent_mean,31,71.39916801452637
gep13,00,2026-05-28,2026-06-28,gcrew,noaa_gefs,13,Rain_mm_sum,31,0
gep13,00,2026-05-28,2026-06-28,gcrew,noaa_gefs,13,ShortwaveRadiation_Wm2,31,344
gep13,00,2026-05-28,2026-06-28,gcrew,noaa_gefs,13,WindSpeed_ms_mean,31,3.5498743444693566
gep13,00,2026-05-28,2026-06-29,gcrew,noaa_gefs,13,AirTemp_C_mean,32,26.337808227539085
gep13,00,2026-05-28,2026-06-29,gcrew,noaa_gefs,13,Pressure_Pa,32,101015.88671875
gep13,00,2026-05-28,2026-06-29,gcrew,noaa_gefs,13,RH_percent_mean,32,67.18145847320557
gep13,00,2026-05-28,2026-06-29,gcrew,noaa_gefs,13,Rain_mm_sum,32,0
gep13,00,2026-05-28,2026-06-29,gcrew,noaa_gefs,13,ShortwaveRadiation_Wm2,32,322.5
gep13,00,2026-05-28,2026-06-29,gcrew,noaa_gefs,13,WindSpeed_ms_mean,32,3.924499337392451
gep13,00,2026-05-28,2026-06-30,gcrew,noaa_gefs,13,AirTemp_C_mean,33,26.703363037109398
gep13,00,2026-05-28,2026-06-30,gcrew,noaa_gefs,13,Pressure_Pa,33,100415.265625
gep13,00,2026-05-28,2026-06-30,gcrew,noaa_gefs,13,RH_percent_mean,33,70.66891098022461
gep13,00,2026-05-28,2026-06-30,gcrew,noaa_gefs,13,Rain_mm_sum,33,0.7999999895691872
gep13,00,2026-05-28,2026-06-30,gcrew,noaa_gefs,13,ShortwaveRadiation_Wm2,33,221.5
gep13,00,2026-05-28,2026-06-30,gcrew,noaa_gefs,13,WindSpeed_ms_mean,33,2.4540543323176753
gep13,00,2026-05-28,2026-07-01,gcrew,noaa_gefs,13,AirTemp_C_mean,34,25.300759887695335
gep13,00,2026-05-28,2026-07-01,gcrew,noaa_gefs,13,Pressure_Pa,34,100593.78515625
gep13,00,2026-05-28,2026-07-01,gcrew,noaa_gefs,13,RH_percent_mean,34,66.53337669372559
gep13,00,2026-05-28,2026-07-01,gcrew,noaa_gefs,13,Rain_mm_sum,34,0.20000000298023224
gep13,00,2026-05-28,2026-07-01,gcrew,noaa_gefs,13,ShortwaveRadiation_Wm2,34,347.5
gep13,00,2026-05-28,2026-07-01,gcrew,noaa_gefs,13,WindSpeed_ms_mean,34,3.569256045713047
gep14,00,2026-05-28,2026-05-29,gcrew,noaa_gefs,14,AirTemp_C_mean,1,16.984544372558616
gep14,00,2026-05-28,2026-05-29,gcrew,noaa_gefs,14,Pressure_Pa,1,101312.3720703125
gep14,00,2026-05-28,2026-05-29,gcrew,noaa_gefs,14,RH_percent_mean,1,66.49901962280273
gep14,00,2026-05-28,2026-05-29,gcrew,noaa_gefs,14,Rain_mm_sum,1,0
gep14,00,2026-05-28,2026-05-29,gcrew,noaa_gefs,14,ShortwaveRadiation_Wm2,1,358.5
gep14,00,2026-05-28,2026-05-29,gcrew,noaa_gefs,14,WindSpeed_ms_mean,1,3.324157800523961
gep14,00,2026-05-28,2026-05-30,gcrew,noaa_gefs,14,AirTemp_C_mean,2,14.520104980468773
gep14,00,2026-05-28,2026-05-30,gcrew,noaa_gefs,14,Pressure_Pa,2,101405.7275390625
gep14,00,2026-05-28,2026-05-30,gcrew,noaa_gefs,14,RH_percent_mean,2,63.8339786529541
gep14,00,2026-05-28,2026-05-30,gcrew,noaa_gefs,14,Rain_mm_sum,2,0
gep14,00,2026-05-28,2026-05-30,gcrew,noaa_gefs,14,ShortwaveRadiation_Wm2,2,354
gep14,00,2026-05-28,2026-05-30,gcrew,noaa_gefs,14,WindSpeed_ms_mean,2,6.158624703355217
gep14,00,2026-05-28,2026-05-31,gcrew,noaa_gefs,14,AirTemp_C_mean,3,13.913762664794945
gep14,00,2026-05-28,2026-05-31,gcrew,noaa_gefs,14,Pressure_Pa,3,101891.111328125
gep14,00,2026-05-28,2026-05-31,gcrew,noaa_gefs,14,RH_percent_mean,3,62.99015474319458
gep14,00,2026-05-28,2026-05-31,gcrew,noaa_gefs,14,Rain_mm_sum,3,0
gep14,00,2026-05-28,2026-05-31,gcrew,noaa_gefs,14,ShortwaveRadiation_Wm2,3,361
gep14,00,2026-05-28,2026-05-31,gcrew,noaa_gefs,14,WindSpeed_ms_mean,3,2.3322553142904607
gep14,00,2026-05-28,2026-06-01,gcrew,noaa_gefs,14,AirTemp_C_mean,4,16.62330780029299
gep14,00,2026-05-28,2026-06-01,gcrew,noaa_gefs,14,Pressure_Pa,4,101337.8271484375
gep14,00,2026-05-28,2026-06-01,gcrew,noaa_gefs,14,RH_percent_mean,4,63.69150733947754
gep14,00,2026-05-28,2026-06-01,gcrew,noaa_gefs,14,Rain_mm_sum,4,0
gep14,00,2026-05-28,2026-06-01,gcrew,noaa_gefs,14,ShortwaveRadiation_Wm2,4,325.125
gep14,00,2026-05-28,2026-06-01,gcrew,noaa_gefs,14,WindSpeed_ms_mean,4,3.743790953418161
gep14,00,2026-05-28,2026-06-02,gcrew,noaa_gefs,14,AirTemp_C_mean,5,16.618074035644554
gep14,00,2026-05-28,2026-06-02,gcrew,noaa_gefs,14,Pressure_Pa,5,101068.361328125
gep14,00,2026-05-28,2026-06-02,gcrew,noaa_gefs,14,RH_percent_mean,5,61.181997299194336
gep14,00,2026-05-28,2026-06-02,gcrew,noaa_gefs,14,Rain_mm_sum,5,0
gep14,00,2026-05-28,2026-06-02,gcrew,noaa_gefs,14,ShortwaveRadiation_Wm2,5,345.875
gep14,00,2026-05-28,2026-06-02,gcrew,noaa_gefs,14,WindSpeed_ms_mean,5,2.656702509480038
gep14,00,2026-05-28,2026-06-03,gcrew,noaa_gefs,14,AirTemp_C_mean,6,14.53361282348635
gep14,00,2026-05-28,2026-06-03,gcrew,noaa_gefs,14,Pressure_Pa,6,101265.8505859375
gep14,00,2026-05-28,2026-06-03,gcrew,noaa_gefs,14,RH_percent_mean,6,58.42056369781494
gep14,00,2026-05-28,2026-06-03,gcrew,noaa_gefs,14,Rain_mm_sum,6,0.42000001296401024
gep14,00,2026-05-28,2026-06-03,gcrew,noaa_gefs,14,ShortwaveRadiation_Wm2,6,296.5
gep14,00,2026-05-28,2026-06-03,gcrew,noaa_gefs,14,WindSpeed_ms_mean,6,7.54477270972776
gep14,00,2026-05-28,2026-06-04,gcrew,noaa_gefs,14,AirTemp_C_mean,7,14.779225921630882
gep14,00,2026-05-28,2026-06-04,gcrew,noaa_gefs,14,Pressure_Pa,7,101801.623046875
gep14,00,2026-05-28,2026-06-04,gcrew,noaa_gefs,14,RH_percent_mean,7,63.78340291976929
gep14,00,2026-05-28,2026-06-04,gcrew,noaa_gefs,14,Rain_mm_sum,7,0.3100000023841858
gep14,00,2026-05-28,2026-06-04,gcrew,noaa_gefs,14,ShortwaveRadiation_Wm2,7,321
gep14,00,2026-05-28,2026-06-04,gcrew,noaa_gefs,14,WindSpeed_ms_mean,7,7.469515003650624
gep14,00,2026-05-28,2026-06-05,gcrew,noaa_gefs,14,AirTemp_C_mean,8,15.955716705322288
gep14,00,2026-05-28,2026-06-05,gcrew,noaa_gefs,14,Pressure_Pa,8,101952.7724609375
gep14,00,2026-05-28,2026-06-05,gcrew,noaa_gefs,14,RH_percent_mean,8,61.84580373764038
gep14,00,2026-05-28,2026-06-05,gcrew,noaa_gefs,14,Rain_mm_sum,8,0
gep14,00,2026-05-28,2026-06-05,gcrew,noaa_gefs,14,ShortwaveRadiation_Wm2,8,358
gep14,00,2026-05-28,2026-06-05,gcrew,noaa_gefs,14,WindSpeed_ms_mean,8,4.597932834247479
gep14,00,2026-05-28,2026-06-06,gcrew,noaa_gefs,14,AirTemp_C_mean,9,18.72523106166297
gep14,00,2026-05-28,2026-06-06,gcrew,noaa_gefs,14,Pressure_Pa,9,101935.07700892857
gep14,00,2026-05-28,2026-06-06,gcrew,noaa_gefs,14,RH_percent_mean,9,63.01251983642578
gep14,00,2026-05-28,2026-06-06,gcrew,noaa_gefs,14,Rain_mm_sum,9,0
gep14,00,2026-05-28,2026-06-06,gcrew,noaa_gefs,14,ShortwaveRadiation_Wm2,9,409.14285714285717
gep14,00,2026-05-28,2026-06-06,gcrew,noaa_gefs,14,WindSpeed_ms_mean,9,2.582886239108914
gep14,00,2026-05-28,2026-06-07,gcrew,noaa_gefs,14,AirTemp_C_mean,10,20.02813873291018
gep14,00,2026-05-28,2026-06-07,gcrew,noaa_gefs,14,Pressure_Pa,10,101518.1484375
gep14,00,2026-05-28,2026-06-07,gcrew,noaa_gefs,14,RH_percent_mean,10,64.0985107421875
gep14,00,2026-05-28,2026-06-07,gcrew,noaa_gefs,14,Rain_mm_sum,10,0
gep14,00,2026-05-28,2026-06-07,gcrew,noaa_gefs,14,ShortwaveRadiation_Wm2,10,313.25
gep14,00,2026-05-28,2026-06-07,gcrew,noaa_gefs,14,WindSpeed_ms_mean,10,3.0982185202913497
gep14,00,2026-05-28,2026-06-08,gcrew,noaa_gefs,14,AirTemp_C_mean,11,21.244317626953148
gep14,00,2026-05-28,2026-06-08,gcrew,noaa_gefs,14,Pressure_Pa,11,100838.3359375
gep14,00,2026-05-28,2026-06-08,gcrew,noaa_gefs,14,RH_percent_mean,11,83.27591323852539
gep14,00,2026-05-28,2026-06-08,gcrew,noaa_gefs,14,Rain_mm_sum,11,10.500000312924385
gep14,00,2026-05-28,2026-06-08,gcrew,noaa_gefs,14,ShortwaveRadiation_Wm2,11,130.75
gep14,00,2026-05-28,2026-06-08,gcrew,noaa_gefs,14,WindSpeed_ms_mean,11,5.466295843691377
gep14,00,2026-05-28,2026-06-09,gcrew,noaa_gefs,14,AirTemp_C_mean,12,18.266564941406273
gep14,00,2026-05-28,2026-06-09,gcrew,noaa_gefs,14,Pressure_Pa,12,101545.86328125
gep14,00,2026-05-28,2026-06-09,gcrew,noaa_gefs,14,RH_percent_mean,12,65.5650224685669
gep14,00,2026-05-28,2026-06-09,gcrew,noaa_gefs,14,Rain_mm_sum,12,2.4000000953674316
gep14,00,2026-05-28,2026-06-09,gcrew,noaa_gefs,14,ShortwaveRadiation_Wm2,12,361.25
gep14,00,2026-05-28,2026-06-09,gcrew,noaa_gefs,14,WindSpeed_ms_mean,12,7.459937362211188
gep14,00,2026-05-28,2026-06-10,gcrew,noaa_gefs,14,AirTemp_C_mean,13,17.935144042968773
gep14,00,2026-05-28,2026-06-10,gcrew,noaa_gefs,14,Pressure_Pa,13,102414.19921875
gep14,00,2026-05-28,2026-06-10,gcrew,noaa_gefs,14,RH_percent_mean,13,56.38784217834473
gep14,00,2026-05-28,2026-06-10,gcrew,noaa_gefs,14,Rain_mm_sum,13,0
gep14,00,2026-05-28,2026-06-10,gcrew,noaa_gefs,14,ShortwaveRadiation_Wm2,13,363.25
gep14,00,2026-05-28,2026-06-10,gcrew,noaa_gefs,14,WindSpeed_ms_mean,13,4.315274059982924
gep14,00,2026-05-28,2026-06-11,gcrew,noaa_gefs,14,AirTemp_C_mean,14,18.79597625732424
gep14,00,2026-05-28,2026-06-11,gcrew,noaa_gefs,14,Pressure_Pa,14,102375.763671875
gep14,00,2026-05-28,2026-06-11,gcrew,noaa_gefs,14,RH_percent_mean,14,57.19118881225586
gep14,00,2026-05-28,2026-06-11,gcrew,noaa_gefs,14,Rain_mm_sum,14,0
gep14,00,2026-05-28,2026-06-11,gcrew,noaa_gefs,14,ShortwaveRadiation_Wm2,14,359.25
gep14,00,2026-05-28,2026-06-11,gcrew,noaa_gefs,14,WindSpeed_ms_mean,14,2.5567400202041837
gep14,00,2026-05-28,2026-06-12,gcrew,noaa_gefs,14,AirTemp_C_mean,15,20.419717407226585
gep14,00,2026-05-28,2026-06-12,gcrew,noaa_gefs,14,Pressure_Pa,15,101882.580078125
gep14,00,2026-05-28,2026-06-12,gcrew,noaa_gefs,14,RH_percent_mean,15,61.499000549316406
gep14,00,2026-05-28,2026-06-12,gcrew,noaa_gefs,14,Rain_mm_sum,15,0
gep14,00,2026-05-28,2026-06-12,gcrew,noaa_gefs,14,ShortwaveRadiation_Wm2,15,338.75
gep14,00,2026-05-28,2026-06-12,gcrew,noaa_gefs,14,WindSpeed_ms_mean,15,2.427922764317797
gep14,00,2026-05-28,2026-06-13,gcrew,noaa_gefs,14,AirTemp_C_mean,16,22.97486267089846
gep14,00,2026-05-28,2026-06-13,gcrew,noaa_gefs,14,Pressure_Pa,16,101575.34375
gep14,00,2026-05-28,2026-06-13,gcrew,noaa_gefs,14,RH_percent_mean,16,66.48400783538818
gep14,00,2026-05-28,2026-06-13,gcrew,noaa_gefs,14,Rain_mm_sum,16,0
gep14,00,2026-05-28,2026-06-13,gcrew,noaa_gefs,14,ShortwaveRadiation_Wm2,16,336.75
gep14,00,2026-05-28,2026-06-13,gcrew,noaa_gefs,14,WindSpeed_ms_mean,16,3.760233349203137
gep14,00,2026-05-28,2026-06-14,gcrew,noaa_gefs,14,AirTemp_C_mean,17,21.73445281982424
gep14,00,2026-05-28,2026-06-14,gcrew,noaa_gefs,14,Pressure_Pa,17,101758.880859375
gep14,00,2026-05-28,2026-06-14,gcrew,noaa_gefs,14,RH_percent_mean,17,60.63445472717285
gep14,00,2026-05-28,2026-06-14,gcrew,noaa_gefs,14,Rain_mm_sum,17,0
gep14,00,2026-05-28,2026-06-14,gcrew,noaa_gefs,14,ShortwaveRadiation_Wm2,17,345
gep14,00,2026-05-28,2026-06-14,gcrew,noaa_gefs,14,WindSpeed_ms_mean,17,3.877745024465436
gep14,00,2026-05-28,2026-06-15,gcrew,noaa_gefs,14,AirTemp_C_mean,18,27.282464599609398
gep14,00,2026-05-28,2026-06-15,gcrew,noaa_gefs,14,Pressure_Pa,18,101216.53125
gep14,00,2026-05-28,2026-06-15,gcrew,noaa_gefs,14,RH_percent_mean,18,62.073336601257324
gep14,00,2026-05-28,2026-06-15,gcrew,noaa_gefs,14,Rain_mm_sum,18,0.10000000149011612
gep14,00,2026-05-28,2026-06-15,gcrew,noaa_gefs,14,ShortwaveRadiation_Wm2,18,342.25
gep14,00,2026-05-28,2026-06-15,gcrew,noaa_gefs,14,WindSpeed_ms_mean,18,3.863105661866631
gep14,00,2026-05-28,2026-06-16,gcrew,noaa_gefs,14,AirTemp_C_mean,19,27.164888000488304
gep14,00,2026-05-28,2026-06-16,gcrew,noaa_gefs,14,Pressure_Pa,19,101554.767578125
gep14,00,2026-05-28,2026-06-16,gcrew,noaa_gefs,14,RH_percent_mean,19,61.02194118499756
gep14,00,2026-05-28,2026-06-16,gcrew,noaa_gefs,14,Rain_mm_sum,19,0.10000000149011612
gep14,00,2026-05-28,2026-06-16,gcrew,noaa_gefs,14,ShortwaveRadiation_Wm2,19,297.5
gep14,00,2026-05-28,2026-06-16,gcrew,noaa_gefs,14,WindSpeed_ms_mean,19,2.604843904299301
gep14,00,2026-05-28,2026-06-17,gcrew,noaa_gefs,14,AirTemp_C_mean,20,22.97168884277346
gep14,00,2026-05-28,2026-06-17,gcrew,noaa_gefs,14,Pressure_Pa,20,101994.060546875
gep14,00,2026-05-28,2026-06-17,gcrew,noaa_gefs,14,RH_percent_mean,20,85.14014625549316
gep14,00,2026-05-28,2026-06-17,gcrew,noaa_gefs,14,Rain_mm_sum,20,2.9000000953674316
gep14,00,2026-05-28,2026-06-17,gcrew,noaa_gefs,14,ShortwaveRadiation_Wm2,20,269.25
gep14,00,2026-05-28,2026-06-17,gcrew,noaa_gefs,14,WindSpeed_ms_mean,20,4.609625277607201
gep14,00,2026-05-28,2026-06-18,gcrew,noaa_gefs,14,AirTemp_C_mean,21,22.94593963623049
gep14,00,2026-05-28,2026-06-18,gcrew,noaa_gefs,14,Pressure_Pa,21,101981.146484375
gep14,00,2026-05-28,2026-06-18,gcrew,noaa_gefs,14,RH_percent_mean,21,86.89044570922852
gep14,00,2026-05-28,2026-06-18,gcrew,noaa_gefs,14,Rain_mm_sum,21,1.4000000357627869
gep14,00,2026-05-28,2026-06-18,gcrew,noaa_gefs,14,ShortwaveRadiation_Wm2,21,303.25
gep14,00,2026-05-28,2026-06-18,gcrew,noaa_gefs,14,WindSpeed_ms_mean,21,2.586226235579734
gep14,00,2026-05-28,2026-06-19,gcrew,noaa_gefs,14,AirTemp_C_mean,22,26.268060302734398
gep14,00,2026-05-28,2026-06-19,gcrew,noaa_gefs,14,Pressure_Pa,22,101740.232421875
gep14,00,2026-05-28,2026-06-19,gcrew,noaa_gefs,14,RH_percent_mean,22,70.88781070709229
gep14,00,2026-05-28,2026-06-19,gcrew,noaa_gefs,14,Rain_mm_sum,22,0
gep14,00,2026-05-28,2026-06-19,gcrew,noaa_gefs,14,ShortwaveRadiation_Wm2,22,333
gep14,00,2026-05-28,2026-06-19,gcrew,noaa_gefs,14,WindSpeed_ms_mean,22,4.6750494445637285
gep14,00,2026-05-28,2026-06-20,gcrew,noaa_gefs,14,AirTemp_C_mean,23,27.841043090820335
gep14,00,2026-05-28,2026-06-20,gcrew,noaa_gefs,14,Pressure_Pa,23,101515.064453125
gep14,00,2026-05-28,2026-06-20,gcrew,noaa_gefs,14,RH_percent_mean,23,61.98535442352295
gep14,00,2026-05-28,2026-06-20,gcrew,noaa_gefs,14,Rain_mm_sum,23,0
gep14,00,2026-05-28,2026-06-20,gcrew,noaa_gefs,14,ShortwaveRadiation_Wm2,23,317.5
gep14,00,2026-05-28,2026-06-20,gcrew,noaa_gefs,14,WindSpeed_ms_mean,23,3.626574370372676
gep14,00,2026-05-28,2026-06-21,gcrew,noaa_gefs,14,AirTemp_C_mean,24,27.115220642089866
gep14,00,2026-05-28,2026-06-21,gcrew,noaa_gefs,14,Pressure_Pa,24,101335.810546875
gep14,00,2026-05-28,2026-06-21,gcrew,noaa_gefs,14,RH_percent_mean,24,61.86435508728027
gep14,00,2026-05-28,2026-06-21,gcrew,noaa_gefs,14,Rain_mm_sum,24,0
gep14,00,2026-05-28,2026-06-21,gcrew,noaa_gefs,14,ShortwaveRadiation_Wm2,24,325.75
gep14,00,2026-05-28,2026-06-21,gcrew,noaa_gefs,14,WindSpeed_ms_mean,24,4.1586571738201075
gep14,00,2026-05-28,2026-06-22,gcrew,noaa_gefs,14,AirTemp_C_mean,25,24.424424743652366
gep14,00,2026-05-28,2026-06-22,gcrew,noaa_gefs,14,Pressure_Pa,25,101386.505859375
gep14,00,2026-05-28,2026-06-22,gcrew,noaa_gefs,14,RH_percent_mean,25,81.4093132019043
gep14,00,2026-05-28,2026-06-22,gcrew,noaa_gefs,14,Rain_mm_sum,25,0.4000000059604645
gep14,00,2026-05-28,2026-06-22,gcrew,noaa_gefs,14,ShortwaveRadiation_Wm2,25,100.5
gep14,00,2026-05-28,2026-06-22,gcrew,noaa_gefs,14,WindSpeed_ms_mean,25,4.003219955758446
gep14,00,2026-05-28,2026-06-23,gcrew,noaa_gefs,14,AirTemp_C_mean,26,22.006524658203148
gep14,00,2026-05-28,2026-06-23,gcrew,noaa_gefs,14,Pressure_Pa,26,101129.3515625
gep14,00,2026-05-28,2026-06-23,gcrew,noaa_gefs,14,RH_percent_mean,26,93.43722724914551
gep14,00,2026-05-28,2026-06-23,gcrew,noaa_gefs,14,Rain_mm_sum,26,55.300001695752144
gep14,00,2026-05-28,2026-06-23,gcrew,noaa_gefs,14,ShortwaveRadiation_Wm2,26,22.75
gep14,00,2026-05-28,2026-06-23,gcrew,noaa_gefs,14,WindSpeed_ms_mean,26,4.542991536121778
gep14,00,2026-05-28,2026-06-24,gcrew,noaa_gefs,14,AirTemp_C_mean,27,22.589105224609398
gep14,00,2026-05-28,2026-06-24,gcrew,noaa_gefs,14,Pressure_Pa,27,100791.896484375
gep14,00,2026-05-28,2026-06-24,gcrew,noaa_gefs,14,RH_percent_mean,27,86.6486873626709
gep14,00,2026-05-28,2026-06-24,gcrew,noaa_gefs,14,Rain_mm_sum,27,8.000000096857548
gep14,00,2026-05-28,2026-06-24,gcrew,noaa_gefs,14,ShortwaveRadiation_Wm2,27,230.25
gep14,00,2026-05-28,2026-06-24,gcrew,noaa_gefs,14,WindSpeed_ms_mean,27,4.664738764840051
gep14,00,2026-05-28,2026-06-25,gcrew,noaa_gefs,14,AirTemp_C_mean,28,21.151040649414085
gep14,00,2026-05-28,2026-06-25,gcrew,noaa_gefs,14,Pressure_Pa,28,100968.654296875
gep14,00,2026-05-28,2026-06-25,gcrew,noaa_gefs,14,RH_percent_mean,28,59.870840072631836
gep14,00,2026-05-28,2026-06-25,gcrew,noaa_gefs,14,Rain_mm_sum,28,0.10000000149011612
gep14,00,2026-05-28,2026-06-25,gcrew,noaa_gefs,14,ShortwaveRadiation_Wm2,28,355.75
gep14,00,2026-05-28,2026-06-25,gcrew,noaa_gefs,14,WindSpeed_ms_mean,28,4.965440944060037
gep14,00,2026-05-28,2026-06-26,gcrew,noaa_gefs,14,AirTemp_C_mean,29,20.49548492431643
gep14,00,2026-05-28,2026-06-26,gcrew,noaa_gefs,14,Pressure_Pa,29,101440.876953125
gep14,00,2026-05-28,2026-06-26,gcrew,noaa_gefs,14,RH_percent_mean,29,59.463311195373535
gep14,00,2026-05-28,2026-06-26,gcrew,noaa_gefs,14,Rain_mm_sum,29,0
gep14,00,2026-05-28,2026-06-26,gcrew,noaa_gefs,14,ShortwaveRadiation_Wm2,29,351
gep14,00,2026-05-28,2026-06-26,gcrew,noaa_gefs,14,WindSpeed_ms_mean,29,4.224020219033529
gep14,00,2026-05-28,2026-06-27,gcrew,noaa_gefs,14,AirTemp_C_mean,30,22.24182281494143
gep14,00,2026-05-28,2026-06-27,gcrew,noaa_gefs,14,Pressure_Pa,30,101707.216796875
gep14,00,2026-05-28,2026-06-27,gcrew,noaa_gefs,14,RH_percent_mean,30,58.40474605560303
gep14,00,2026-05-28,2026-06-27,gcrew,noaa_gefs,14,Rain_mm_sum,30,0
gep14,00,2026-05-28,2026-06-27,gcrew,noaa_gefs,14,ShortwaveRadiation_Wm2,30,351
gep14,00,2026-05-28,2026-06-27,gcrew,noaa_gefs,14,WindSpeed_ms_mean,30,4.272810309335263
gep14,00,2026-05-28,2026-06-28,gcrew,noaa_gefs,14,AirTemp_C_mean,31,24.168817138671898
gep14,00,2026-05-28,2026-06-28,gcrew,noaa_gefs,14,Pressure_Pa,31,101494.826171875
gep14,00,2026-05-28,2026-06-28,gcrew,noaa_gefs,14,RH_percent_mean,31,71.39916801452637
gep14,00,2026-05-28,2026-06-28,gcrew,noaa_gefs,14,Rain_mm_sum,31,0
gep14,00,2026-05-28,2026-06-28,gcrew,noaa_gefs,14,ShortwaveRadiation_Wm2,31,344
gep14,00,2026-05-28,2026-06-28,gcrew,noaa_gefs,14,WindSpeed_ms_mean,31,3.5498743444693566
gep14,00,2026-05-28,2026-06-29,gcrew,noaa_gefs,14,AirTemp_C_mean,32,26.337808227539085
gep14,00,2026-05-28,2026-06-29,gcrew,noaa_gefs,14,Pressure_Pa,32,101015.88671875
gep14,00,2026-05-28,2026-06-29,gcrew,noaa_gefs,14,RH_percent_mean,32,67.18145847320557
gep14,00,2026-05-28,2026-06-29,gcrew,noaa_gefs,14,Rain_mm_sum,32,0
gep14,00,2026-05-28,2026-06-29,gcrew,noaa_gefs,14,ShortwaveRadiation_Wm2,32,322.5
gep14,00,2026-05-28,2026-06-29,gcrew,noaa_gefs,14,WindSpeed_ms_mean,32,3.924499337392451
gep14,00,2026-05-28,2026-06-30,gcrew,noaa_gefs,14,AirTemp_C_mean,33,26.703363037109398
gep14,00,2026-05-28,2026-06-30,gcrew,noaa_gefs,14,Pressure_Pa,33,100415.265625
gep14,00,2026-05-28,2026-06-30,gcrew,noaa_gefs,14,RH_percent_mean,33,70.66891098022461
gep14,00,2026-05-28,2026-06-30,gcrew,noaa_gefs,14,Rain_mm_sum,33,0.7999999895691872
gep14,00,2026-05-28,2026-06-30,gcrew,noaa_gefs,14,ShortwaveRadiation_Wm2,33,221.5
gep14,00,2026-05-28,2026-06-30,gcrew,noaa_gefs,14,WindSpeed_ms_mean,33,2.4540543323176753
gep14,00,2026-05-28,2026-07-01,gcrew,noaa_gefs,14,AirTemp_C_mean,34,25.300759887695335
gep14,00,2026-05-28,2026-07-01,gcrew,noaa_gefs,14,Pressure_Pa,34,100593.78515625
gep14,00,2026-05-28,2026-07-01,gcrew,noaa_gefs,14,RH_percent_mean,34,66.53337669372559
gep14,00,2026-05-28,2026-07-01,gcrew,noaa_gefs,14,Rain_mm_sum,34,0.20000000298023224
gep14,00,2026-05-28,2026-07-01,gcrew,noaa_gefs,14,ShortwaveRadiation_Wm2,34,347.5
gep14,00,2026-05-28,2026-07-01,gcrew,noaa_gefs,14,WindSpeed_ms_mean,34,3.569256045713047
gep15,00,2026-05-28,2026-05-29,gcrew,noaa_gefs,15,AirTemp_C_mean,1,16.984544372558616
gep15,00,2026-05-28,2026-05-29,gcrew,noaa_gefs,15,Pressure_Pa,1,101312.3720703125
gep15,00,2026-05-28,2026-05-29,gcrew,noaa_gefs,15,RH_percent_mean,1,66.49901962280273
gep15,00,2026-05-28,2026-05-29,gcrew,noaa_gefs,15,Rain_mm_sum,1,0
gep15,00,2026-05-28,2026-05-29,gcrew,noaa_gefs,15,ShortwaveRadiation_Wm2,1,358.5
gep15,00,2026-05-28,2026-05-29,gcrew,noaa_gefs,15,WindSpeed_ms_mean,1,3.324157800523961
gep15,00,2026-05-28,2026-05-30,gcrew,noaa_gefs,15,AirTemp_C_mean,2,14.520104980468773
gep15,00,2026-05-28,2026-05-30,gcrew,noaa_gefs,15,Pressure_Pa,2,101405.7275390625
gep15,00,2026-05-28,2026-05-30,gcrew,noaa_gefs,15,RH_percent_mean,2,63.8339786529541
gep15,00,2026-05-28,2026-05-30,gcrew,noaa_gefs,15,Rain_mm_sum,2,0
gep15,00,2026-05-28,2026-05-30,gcrew,noaa_gefs,15,ShortwaveRadiation_Wm2,2,354
gep15,00,2026-05-28,2026-05-30,gcrew,noaa_gefs,15,WindSpeed_ms_mean,2,6.158624703355217
gep15,00,2026-05-28,2026-05-31,gcrew,noaa_gefs,15,AirTemp_C_mean,3,13.913762664794945
gep15,00,2026-05-28,2026-05-31,gcrew,noaa_gefs,15,Pressure_Pa,3,101891.111328125
gep15,00,2026-05-28,2026-05-31,gcrew,noaa_gefs,15,RH_percent_mean,3,62.99015474319458
gep15,00,2026-05-28,2026-05-31,gcrew,noaa_gefs,15,Rain_mm_sum,3,0
gep15,00,2026-05-28,2026-05-31,gcrew,noaa_gefs,15,ShortwaveRadiation_Wm2,3,361
gep15,00,2026-05-28,2026-05-31,gcrew,noaa_gefs,15,WindSpeed_ms_mean,3,2.3322553142904607
gep15,00,2026-05-28,2026-06-01,gcrew,noaa_gefs,15,AirTemp_C_mean,4,16.62330780029299
gep15,00,2026-05-28,2026-06-01,gcrew,noaa_gefs,15,Pressure_Pa,4,101337.8271484375
gep15,00,2026-05-28,2026-06-01,gcrew,noaa_gefs,15,RH_percent_mean,4,63.69150733947754
gep15,00,2026-05-28,2026-06-01,gcrew,noaa_gefs,15,Rain_mm_sum,4,0
gep15,00,2026-05-28,2026-06-01,gcrew,noaa_gefs,15,ShortwaveRadiation_Wm2,4,325.125
gep15,00,2026-05-28,2026-06-01,gcrew,noaa_gefs,15,WindSpeed_ms_mean,4,3.743790953418161
gep15,00,2026-05-28,2026-06-02,gcrew,noaa_gefs,15,AirTemp_C_mean,5,16.618074035644554
gep15,00,2026-05-28,2026-06-02,gcrew,noaa_gefs,15,Pressure_Pa,5,101068.361328125
gep15,00,2026-05-28,2026-06-02,gcrew,noaa_gefs,15,RH_percent_mean,5,61.181997299194336
gep15,00,2026-05-28,2026-06-02,gcrew,noaa_gefs,15,Rain_mm_sum,5,0
gep15,00,2026-05-28,2026-06-02,gcrew,noaa_gefs,15,ShortwaveRadiation_Wm2,5,345.875
gep15,00,2026-05-28,2026-06-02,gcrew,noaa_gefs,15,WindSpeed_ms_mean,5,2.656702509480038
gep15,00,2026-05-28,2026-06-03,gcrew,noaa_gefs,15,AirTemp_C_mean,6,14.53361282348635
gep15,00,2026-05-28,2026-06-03,gcrew,noaa_gefs,15,Pressure_Pa,6,101265.8505859375
gep15,00,2026-05-28,2026-06-03,gcrew,noaa_gefs,15,RH_percent_mean,6,58.42056369781494
gep15,00,2026-05-28,2026-06-03,gcrew,noaa_gefs,15,Rain_mm_sum,6,0.42000001296401024
gep15,00,2026-05-28,2026-06-03,gcrew,noaa_gefs,15,ShortwaveRadiation_Wm2,6,296.5
gep15,00,2026-05-28,2026-06-03,gcrew,noaa_gefs,15,WindSpeed_ms_mean,6,7.54477270972776
gep15,00,2026-05-28,2026-06-04,gcrew,noaa_gefs,15,AirTemp_C_mean,7,14.779225921630882
gep15,00,2026-05-28,2026-06-04,gcrew,noaa_gefs,15,Pressure_Pa,7,101801.623046875
gep15,00,2026-05-28,2026-06-04,gcrew,noaa_gefs,15,RH_percent_mean,7,63.78340291976929
gep15,00,2026-05-28,2026-06-04,gcrew,noaa_gefs,15,Rain_mm_sum,7,0.3100000023841858
gep15,00,2026-05-28,2026-06-04,gcrew,noaa_gefs,15,ShortwaveRadiation_Wm2,7,321
gep15,00,2026-05-28,2026-06-04,gcrew,noaa_gefs,15,WindSpeed_ms_mean,7,7.469515003650624
gep15,00,2026-05-28,2026-06-05,gcrew,noaa_gefs,15,AirTemp_C_mean,8,15.955716705322288
gep15,00,2026-05-28,2026-06-05,gcrew,noaa_gefs,15,Pressure_Pa,8,101952.7724609375
gep15,00,2026-05-28,2026-06-05,gcrew,noaa_gefs,15,RH_percent_mean,8,61.84580373764038
gep15,00,2026-05-28,2026-06-05,gcrew,noaa_gefs,15,Rain_mm_sum,8,0
gep15,00,2026-05-28,2026-06-05,gcrew,noaa_gefs,15,ShortwaveRadiation_Wm2,8,358
gep15,00,2026-05-28,2026-06-05,gcrew,noaa_gefs,15,WindSpeed_ms_mean,8,4.597932834247479
gep15,00,2026-05-28,2026-06-06,gcrew,noaa_gefs,15,AirTemp_C_mean,9,18.72523106166297
gep15,00,2026-05-28,2026-06-06,gcrew,noaa_gefs,15,Pressure_Pa,9,101935.07700892857
gep15,00,2026-05-28,2026-06-06,gcrew,noaa_gefs,15,RH_percent_mean,9,63.01251983642578
gep15,00,2026-05-28,2026-06-06,gcrew,noaa_gefs,15,Rain_mm_sum,9,0
gep15,00,2026-05-28,2026-06-06,gcrew,noaa_gefs,15,ShortwaveRadiation_Wm2,9,409.14285714285717
gep15,00,2026-05-28,2026-06-06,gcrew,noaa_gefs,15,WindSpeed_ms_mean,9,2.582886239108914
gep15,00,2026-05-28,2026-06-07,gcrew,noaa_gefs,15,AirTemp_C_mean,10,20.02813873291018
gep15,00,2026-05-28,2026-06-07,gcrew,noaa_gefs,15,Pressure_Pa,10,101518.1484375
gep15,00,2026-05-28,2026-06-07,gcrew,noaa_gefs,15,RH_percent_mean,10,64.0985107421875
gep15,00,2026-05-28,2026-06-07,gcrew,noaa_gefs,15,Rain_mm_sum,10,0
gep15,00,2026-05-28,2026-06-07,gcrew,noaa_gefs,15,ShortwaveRadiation_Wm2,10,313.25
gep15,00,2026-05-28,2026-06-07,gcrew,noaa_gefs,15,WindSpeed_ms_mean,10,3.0982185202913497
gep15,00,2026-05-28,2026-06-08,gcrew,noaa_gefs,15,AirTemp_C_mean,11,21.244317626953148
gep15,00,2026-05-28,2026-06-08,gcrew,noaa_gefs,15,Pressure_Pa,11,100838.3359375
gep15,00,2026-05-28,2026-06-08,gcrew,noaa_gefs,15,RH_percent_mean,11,83.27591323852539
gep15,00,2026-05-28,2026-06-08,gcrew,noaa_gefs,15,Rain_mm_sum,11,10.500000312924385
gep15,00,2026-05-28,2026-06-08,gcrew,noaa_gefs,15,ShortwaveRadiation_Wm2,11,130.75
gep15,00,2026-05-28,2026-06-08,gcrew,noaa_gefs,15,WindSpeed_ms_mean,11,5.466295843691377
gep15,00,2026-05-28,2026-06-09,gcrew,noaa_gefs,15,AirTemp_C_mean,12,18.266564941406273
gep15,00,2026-05-28,2026-06-09,gcrew,noaa_gefs,15,Pressure_Pa,12,101545.86328125
gep15,00,2026-05-28,2026-06-09,gcrew,noaa_gefs,15,RH_percent_mean,12,65.5650224685669
gep15,00,2026-05-28,2026-06-09,gcrew,noaa_gefs,15,Rain_mm_sum,12,2.4000000953674316
gep15,00,2026-05-28,2026-06-09,gcrew,noaa_gefs,15,ShortwaveRadiation_Wm2,12,361.25
gep15,00,2026-05-28,2026-06-09,gcrew,noaa_gefs,15,WindSpeed_ms_mean,12,7.459937362211188
gep15,00,2026-05-28,2026-06-10,gcrew,noaa_gefs,15,AirTemp_C_mean,13,17.935144042968773
gep15,00,2026-05-28,2026-06-10,gcrew,noaa_gefs,15,Pressure_Pa,13,102414.19921875
gep15,00,2026-05-28,2026-06-10,gcrew,noaa_gefs,15,RH_percent_mean,13,56.38784217834473
gep15,00,2026-05-28,2026-06-10,gcrew,noaa_gefs,15,Rain_mm_sum,13,0
gep15,00,2026-05-28,2026-06-10,gcrew,noaa_gefs,15,ShortwaveRadiation_Wm2,13,363.25
gep15,00,2026-05-28,2026-06-10,gcrew,noaa_gefs,15,WindSpeed_ms_mean,13,4.315274059982924
gep15,00,2026-05-28,2026-06-11,gcrew,noaa_gefs,15,AirTemp_C_mean,14,18.79597625732424
gep15,00,2026-05-28,2026-06-11,gcrew,noaa_gefs,15,Pressure_Pa,14,102375.763671875
gep15,00,2026-05-28,2026-06-11,gcrew,noaa_gefs,15,RH_percent_mean,14,57.19118881225586
gep15,00,2026-05-28,2026-06-11,gcrew,noaa_gefs,15,Rain_mm_sum,14,0
gep15,00,2026-05-28,2026-06-11,gcrew,noaa_gefs,15,ShortwaveRadiation_Wm2,14,359.25
gep15,00,2026-05-28,2026-06-11,gcrew,noaa_gefs,15,WindSpeed_ms_mean,14,2.5567400202041837
gep15,00,2026-05-28,2026-06-12,gcrew,noaa_gefs,15,AirTemp_C_mean,15,20.419717407226585
gep15,00,2026-05-28,2026-06-12,gcrew,noaa_gefs,15,Pressure_Pa,15,101882.580078125
gep15,00,2026-05-28,2026-06-12,gcrew,noaa_gefs,15,RH_percent_mean,15,61.499000549316406
gep15,00,2026-05-28,2026-06-12,gcrew,noaa_gefs,15,Rain_mm_sum,15,0
gep15,00,2026-05-28,2026-06-12,gcrew,noaa_gefs,15,ShortwaveRadiation_Wm2,15,338.75
gep15,00,2026-05-28,2026-06-12,gcrew,noaa_gefs,15,WindSpeed_ms_mean,15,2.427922764317797
gep15,00,2026-05-28,2026-06-13,gcrew,noaa_gefs,15,AirTemp_C_mean,16,22.97486267089846
gep15,00,2026-05-28,2026-06-13,gcrew,noaa_gefs,15,Pressure_Pa,16,101575.34375
gep15,00,2026-05-28,2026-06-13,gcrew,noaa_gefs,15,RH_percent_mean,16,66.48400783538818
gep15,00,2026-05-28,2026-06-13,gcrew,noaa_gefs,15,Rain_mm_sum,16,0
gep15,00,2026-05-28,2026-06-13,gcrew,noaa_gefs,15,ShortwaveRadiation_Wm2,16,336.75
gep15,00,2026-05-28,2026-06-13,gcrew,noaa_gefs,15,WindSpeed_ms_mean,16,3.760233349203137
gep15,00,2026-05-28,2026-06-14,gcrew,noaa_gefs,15,AirTemp_C_mean,17,21.73445281982424
gep15,00,2026-05-28,2026-06-14,gcrew,noaa_gefs,15,Pressure_Pa,17,101758.880859375
gep15,00,2026-05-28,2026-06-14,gcrew,noaa_gefs,15,RH_percent_mean,17,60.63445472717285
gep15,00,2026-05-28,2026-06-14,gcrew,noaa_gefs,15,Rain_mm_sum,17,0
gep15,00,2026-05-28,2026-06-14,gcrew,noaa_gefs,15,ShortwaveRadiation_Wm2,17,345
gep15,00,2026-05-28,2026-06-14,gcrew,noaa_gefs,15,WindSpeed_ms_mean,17,3.877745024465436
gep15,00,2026-05-28,2026-06-15,gcrew,noaa_gefs,15,AirTemp_C_mean,18,27.282464599609398
gep15,00,2026-05-28,2026-06-15,gcrew,noaa_gefs,15,Pressure_Pa,18,101216.53125
gep15,00,2026-05-28,2026-06-15,gcrew,noaa_gefs,15,RH_percent_mean,18,62.073336601257324
gep15,00,2026-05-28,2026-06-15,gcrew,noaa_gefs,15,Rain_mm_sum,18,0.10000000149011612
gep15,00,2026-05-28,2026-06-15,gcrew,noaa_gefs,15,ShortwaveRadiation_Wm2,18,342.25
gep15,00,2026-05-28,2026-06-15,gcrew,noaa_gefs,15,WindSpeed_ms_mean,18,3.863105661866631
gep15,00,2026-05-28,2026-06-16,gcrew,noaa_gefs,15,AirTemp_C_mean,19,27.164888000488304
gep15,00,2026-05-28,2026-06-16,gcrew,noaa_gefs,15,Pressure_Pa,19,101554.767578125
gep15,00,2026-05-28,2026-06-16,gcrew,noaa_gefs,15,RH_percent_mean,19,61.02194118499756
gep15,00,2026-05-28,2026-06-16,gcrew,noaa_gefs,15,Rain_mm_sum,19,0.10000000149011612
gep15,00,2026-05-28,2026-06-16,gcrew,noaa_gefs,15,ShortwaveRadiation_Wm2,19,297.5
gep15,00,2026-05-28,2026-06-16,gcrew,noaa_gefs,15,WindSpeed_ms_mean,19,2.604843904299301
gep15,00,2026-05-28,2026-06-17,gcrew,noaa_gefs,15,AirTemp_C_mean,20,22.97168884277346
gep15,00,2026-05-28,2026-06-17,gcrew,noaa_gefs,15,Pressure_Pa,20,101994.060546875
gep15,00,2026-05-28,2026-06-17,gcrew,noaa_gefs,15,RH_percent_mean,20,85.14014625549316
gep15,00,2026-05-28,2026-06-17,gcrew,noaa_gefs,15,Rain_mm_sum,20,2.9000000953674316
gep15,00,2026-05-28,2026-06-17,gcrew,noaa_gefs,15,ShortwaveRadiation_Wm2,20,269.25
gep15,00,2026-05-28,2026-06-17,gcrew,noaa_gefs,15,WindSpeed_ms_mean,20,4.609625277607201
gep15,00,2026-05-28,2026-06-18,gcrew,noaa_gefs,15,AirTemp_C_mean,21,22.94593963623049
gep15,00,2026-05-28,2026-06-18,gcrew,noaa_gefs,15,Pressure_Pa,21,101981.146484375
gep15,00,2026-05-28,2026-06-18,gcrew,noaa_gefs,15,RH_percent_mean,21,86.89044570922852
gep15,00,2026-05-28,2026-06-18,gcrew,noaa_gefs,15,Rain_mm_sum,21,1.4000000357627869
gep15,00,2026-05-28,2026-06-18,gcrew,noaa_gefs,15,ShortwaveRadiation_Wm2,21,303.25
gep15,00,2026-05-28,2026-06-18,gcrew,noaa_gefs,15,WindSpeed_ms_mean,21,2.586226235579734
gep15,00,2026-05-28,2026-06-19,gcrew,noaa_gefs,15,AirTemp_C_mean,22,26.268060302734398
gep15,00,2026-05-28,2026-06-19,gcrew,noaa_gefs,15,Pressure_Pa,22,101740.232421875
gep15,00,2026-05-28,2026-06-19,gcrew,noaa_gefs,15,RH_percent_mean,22,70.88781070709229
gep15,00,2026-05-28,2026-06-19,gcrew,noaa_gefs,15,Rain_mm_sum,22,0
gep15,00,2026-05-28,2026-06-19,gcrew,noaa_gefs,15,ShortwaveRadiation_Wm2,22,333
gep15,00,2026-05-28,2026-06-19,gcrew,noaa_gefs,15,WindSpeed_ms_mean,22,4.6750494445637285
gep15,00,2026-05-28,2026-06-20,gcrew,noaa_gefs,15,AirTemp_C_mean,23,27.841043090820335
gep15,00,2026-05-28,2026-06-20,gcrew,noaa_gefs,15,Pressure_Pa,23,101515.064453125
gep15,00,2026-05-28,2026-06-20,gcrew,noaa_gefs,15,RH_percent_mean,23,61.98535442352295
gep15,00,2026-05-28,2026-06-20,gcrew,noaa_gefs,15,Rain_mm_sum,23,0
gep15,00,2026-05-28,2026-06-20,gcrew,noaa_gefs,15,ShortwaveRadiation_Wm2,23,317.5
gep15,00,2026-05-28,2026-06-20,gcrew,noaa_gefs,15,WindSpeed_ms_mean,23,3.626574370372676
gep15,00,2026-05-28,2026-06-21,gcrew,noaa_gefs,15,AirTemp_C_mean,24,27.115220642089866
gep15,00,2026-05-28,2026-06-21,gcrew,noaa_gefs,15,Pressure_Pa,24,101335.810546875
gep15,00,2026-05-28,2026-06-21,gcrew,noaa_gefs,15,RH_percent_mean,24,61.86435508728027
gep15,00,2026-05-28,2026-06-21,gcrew,noaa_gefs,15,Rain_mm_sum,24,0
gep15,00,2026-05-28,2026-06-21,gcrew,noaa_gefs,15,ShortwaveRadiation_Wm2,24,325.75
gep15,00,2026-05-28,2026-06-21,gcrew,noaa_gefs,15,WindSpeed_ms_mean,24,4.1586571738201075
gep15,00,2026-05-28,2026-06-22,gcrew,noaa_gefs,15,AirTemp_C_mean,25,24.424424743652366
gep15,00,2026-05-28,2026-06-22,gcrew,noaa_gefs,15,Pressure_Pa,25,101386.505859375
gep15,00,2026-05-28,2026-06-22,gcrew,noaa_gefs,15,RH_percent_mean,25,81.4093132019043
gep15,00,2026-05-28,2026-06-22,gcrew,noaa_gefs,15,Rain_mm_sum,25,0.4000000059604645
gep15,00,2026-05-28,2026-06-22,gcrew,noaa_gefs,15,ShortwaveRadiation_Wm2,25,100.5
gep15,00,2026-05-28,2026-06-22,gcrew,noaa_gefs,15,WindSpeed_ms_mean,25,4.003219955758446
gep15,00,2026-05-28,2026-06-23,gcrew,noaa_gefs,15,AirTemp_C_mean,26,22.006524658203148
gep15,00,2026-05-28,2026-06-23,gcrew,noaa_gefs,15,Pressure_Pa,26,101129.3515625
gep15,00,2026-05-28,2026-06-23,gcrew,noaa_gefs,15,RH_percent_mean,26,93.43722724914551
gep15,00,2026-05-28,2026-06-23,gcrew,noaa_gefs,15,Rain_mm_sum,26,55.300001695752144
gep15,00,2026-05-28,2026-06-23,gcrew,noaa_gefs,15,ShortwaveRadiation_Wm2,26,22.75
gep15,00,2026-05-28,2026-06-23,gcrew,noaa_gefs,15,WindSpeed_ms_mean,26,4.542991536121778
gep15,00,2026-05-28,2026-06-24,gcrew,noaa_gefs,15,AirTemp_C_mean,27,22.589105224609398
gep15,00,2026-05-28,2026-06-24,gcrew,noaa_gefs,15,Pressure_Pa,27,100791.896484375
gep15,00,2026-05-28,2026-06-24,gcrew,noaa_gefs,15,RH_percent_mean,27,86.6486873626709
gep15,00,2026-05-28,2026-06-24,gcrew,noaa_gefs,15,Rain_mm_sum,27,8.000000096857548
gep15,00,2026-05-28,2026-06-24,gcrew,noaa_gefs,15,ShortwaveRadiation_Wm2,27,230.25
gep15,00,2026-05-28,2026-06-24,gcrew,noaa_gefs,15,WindSpeed_ms_mean,27,4.664738764840051
gep15,00,2026-05-28,2026-06-25,gcrew,noaa_gefs,15,AirTemp_C_mean,28,21.151040649414085
gep15,00,2026-05-28,2026-06-25,gcrew,noaa_gefs,15,Pressure_Pa,28,100968.654296875
gep15,00,2026-05-28,2026-06-25,gcrew,noaa_gefs,15,RH_percent_mean,28,59.870840072631836
gep15,00,2026-05-28,2026-06-25,gcrew,noaa_gefs,15,Rain_mm_sum,28,0.10000000149011612
gep15,00,2026-05-28,2026-06-25,gcrew,noaa_gefs,15,ShortwaveRadiation_Wm2,28,355.75
gep15,00,2026-05-28,2026-06-25,gcrew,noaa_gefs,15,WindSpeed_ms_mean,28,4.965440944060037
gep15,00,2026-05-28,2026-06-26,gcrew,noaa_gefs,15,AirTemp_C_mean,29,20.49548492431643
gep15,00,2026-05-28,2026-06-26,gcrew,noaa_gefs,15,Pressure_Pa,29,101440.876953125
gep15,00,2026-05-28,2026-06-26,gcrew,noaa_gefs,15,RH_percent_mean,29,59.463311195373535
gep15,00,2026-05-28,2026-06-26,gcrew,noaa_gefs,15,Rain_mm_sum,29,0
gep15,00,2026-05-28,2026-06-26,gcrew,noaa_gefs,15,ShortwaveRadiation_Wm2,29,351
gep15,00,2026-05-28,2026-06-26,gcrew,noaa_gefs,15,WindSpeed_ms_mean,29,4.224020219033529
gep15,00,2026-05-28,2026-06-27,gcrew,noaa_gefs,15,AirTemp_C_mean,30,22.24182281494143
gep15,00,2026-05-28,2026-06-27,gcrew,noaa_gefs,15,Pressure_Pa,30,101707.216796875
gep15,00,2026-05-28,2026-06-27,gcrew,noaa_gefs,15,RH_percent_mean,30,58.40474605560303
gep15,00,2026-05-28,2026-06-27,gcrew,noaa_gefs,15,Rain_mm_sum,30,0
gep15,00,2026-05-28,2026-06-27,gcrew,noaa_gefs,15,ShortwaveRadiation_Wm2,30,351
gep15,00,2026-05-28,2026-06-27,gcrew,noaa_gefs,15,WindSpeed_ms_mean,30,4.272810309335263
gep15,00,2026-05-28,2026-06-28,gcrew,noaa_gefs,15,AirTemp_C_mean,31,24.168817138671898
gep15,00,2026-05-28,2026-06-28,gcrew,noaa_gefs,15,Pressure_Pa,31,101494.826171875
gep15,00,2026-05-28,2026-06-28,gcrew,noaa_gefs,15,RH_percent_mean,31,71.39916801452637
gep15,00,2026-05-28,2026-06-28,gcrew,noaa_gefs,15,Rain_mm_sum,31,0
gep15,00,2026-05-28,2026-06-28,gcrew,noaa_gefs,15,ShortwaveRadiation_Wm2,31,344
gep15,00,2026-05-28,2026-06-28,gcrew,noaa_gefs,15,WindSpeed_ms_mean,31,3.5498743444693566
gep15,00,2026-05-28,2026-06-29,gcrew,noaa_gefs,15,AirTemp_C_mean,32,26.337808227539085
gep15,00,2026-05-28,2026-06-29,gcrew,noaa_gefs,15,Pressure_Pa,32,101015.88671875
gep15,00,2026-05-28,2026-06-29,gcrew,noaa_gefs,15,RH_percent_mean,32,67.18145847320557
gep15,00,2026-05-28,2026-06-29,gcrew,noaa_gefs,15,Rain_mm_sum,32,0
gep15,00,2026-05-28,2026-06-29,gcrew,noaa_gefs,15,ShortwaveRadiation_Wm2,32,322.5
gep15,00,2026-05-28,2026-06-29,gcrew,noaa_gefs,15,WindSpeed_ms_mean,32,3.924499337392451
gep15,00,2026-05-28,2026-06-30,gcrew,noaa_gefs,15,AirTemp_C_mean,33,26.703363037109398
gep15,00,2026-05-28,2026-06-30,gcrew,noaa_gefs,15,Pressure_Pa,33,100415.265625
gep15,00,2026-05-28,2026-06-30,gcrew,noaa_gefs,15,RH_percent_mean,33,70.66891098022461
gep15,00,2026-05-28,2026-06-30,gcrew,noaa_gefs,15,Rain_mm_sum,33,0.7999999895691872
gep15,00,2026-05-28,2026-06-30,gcrew,noaa_gefs,15,ShortwaveRadiation_Wm2,33,221.5
gep15,00,2026-05-28,2026-06-30,gcrew,noaa_gefs,15,WindSpeed_ms_mean,33,2.4540543323176753
gep15,00,2026-05-28,2026-07-01,gcrew,noaa_gefs,15,AirTemp_C_mean,34,25.300759887695335
gep15,00,2026-05-28,2026-07-01,gcrew,noaa_gefs,15,Pressure_Pa,34,100593.78515625
gep15,00,2026-05-28,2026-07-01,gcrew,noaa_gefs,15,RH_percent_mean,34,66.53337669372559
gep15,00,2026-05-28,2026-07-01,gcrew,noaa_gefs,15,Rain_mm_sum,34,0.20000000298023224
gep15,00,2026-05-28,2026-07-01,gcrew,noaa_gefs,15,ShortwaveRadiation_Wm2,34,347.5
gep15,00,2026-05-28,2026-07-01,gcrew,noaa_gefs,15,WindSpeed_ms_mean,34,3.569256045713047
gep16,00,2026-05-28,2026-05-29,gcrew,noaa_gefs,16,AirTemp_C_mean,1,16.984544372558616
gep16,00,2026-05-28,2026-05-29,gcrew,noaa_gefs,16,Pressure_Pa,1,101312.3720703125
gep16,00,2026-05-28,2026-05-29,gcrew,noaa_gefs,16,RH_percent_mean,1,66.49901962280273
gep16,00,2026-05-28,2026-05-29,gcrew,noaa_gefs,16,Rain_mm_sum,1,0
gep16,00,2026-05-28,2026-05-29,gcrew,noaa_gefs,16,ShortwaveRadiation_Wm2,1,358.5
gep16,00,2026-05-28,2026-05-29,gcrew,noaa_gefs,16,WindSpeed_ms_mean,1,3.324157800523961
gep16,00,2026-05-28,2026-05-30,gcrew,noaa_gefs,16,AirTemp_C_mean,2,14.520104980468773
gep16,00,2026-05-28,2026-05-30,gcrew,noaa_gefs,16,Pressure_Pa,2,101405.7275390625
gep16,00,2026-05-28,2026-05-30,gcrew,noaa_gefs,16,RH_percent_mean,2,63.8339786529541
gep16,00,2026-05-28,2026-05-30,gcrew,noaa_gefs,16,Rain_mm_sum,2,0
gep16,00,2026-05-28,2026-05-30,gcrew,noaa_gefs,16,ShortwaveRadiation_Wm2,2,354
gep16,00,2026-05-28,2026-05-30,gcrew,noaa_gefs,16,WindSpeed_ms_mean,2,6.158624703355217
gep16,00,2026-05-28,2026-05-31,gcrew,noaa_gefs,16,AirTemp_C_mean,3,13.913762664794945
gep16,00,2026-05-28,2026-05-31,gcrew,noaa_gefs,16,Pressure_Pa,3,101891.111328125
gep16,00,2026-05-28,2026-05-31,gcrew,noaa_gefs,16,RH_percent_mean,3,62.99015474319458
gep16,00,2026-05-28,2026-05-31,gcrew,noaa_gefs,16,Rain_mm_sum,3,0
gep16,00,2026-05-28,2026-05-31,gcrew,noaa_gefs,16,ShortwaveRadiation_Wm2,3,361
gep16,00,2026-05-28,2026-05-31,gcrew,noaa_gefs,16,WindSpeed_ms_mean,3,2.3322553142904607
gep16,00,2026-05-28,2026-06-01,gcrew,noaa_gefs,16,AirTemp_C_mean,4,16.62330780029299
gep16,00,2026-05-28,2026-06-01,gcrew,noaa_gefs,16,Pressure_Pa,4,101337.8271484375
gep16,00,2026-05-28,2026-06-01,gcrew,noaa_gefs,16,RH_percent_mean,4,63.69150733947754
gep16,00,2026-05-28,2026-06-01,gcrew,noaa_gefs,16,Rain_mm_sum,4,0
gep16,00,2026-05-28,2026-06-01,gcrew,noaa_gefs,16,ShortwaveRadiation_Wm2,4,325.125
gep16,00,2026-05-28,2026-06-01,gcrew,noaa_gefs,16,WindSpeed_ms_mean,4,3.743790953418161
gep16,00,2026-05-28,2026-06-02,gcrew,noaa_gefs,16,AirTemp_C_mean,5,16.618074035644554
gep16,00,2026-05-28,2026-06-02,gcrew,noaa_gefs,16,Pressure_Pa,5,101068.361328125
gep16,00,2026-05-28,2026-06-02,gcrew,noaa_gefs,16,RH_percent_mean,5,61.181997299194336
gep16,00,2026-05-28,2026-06-02,gcrew,noaa_gefs,16,Rain_mm_sum,5,0
gep16,00,2026-05-28,2026-06-02,gcrew,noaa_gefs,16,ShortwaveRadiation_Wm2,5,345.875
gep16,00,2026-05-28,2026-06-02,gcrew,noaa_gefs,16,WindSpeed_ms_mean,5,2.656702509480038
gep16,00,2026-05-28,2026-06-03,gcrew,noaa_gefs,16,AirTemp_C_mean,6,14.53361282348635
gep16,00,2026-05-28,2026-06-03,gcrew,noaa_gefs,16,Pressure_Pa,6,101265.8505859375
gep16,00,2026-05-28,2026-06-03,gcrew,noaa_gefs,16,RH_percent_mean,6,58.42056369781494
gep16,00,2026-05-28,2026-06-03,gcrew,noaa_gefs,16,Rain_mm_sum,6,0.42000001296401024
gep16,00,2026-05-28,2026-06-03,gcrew,noaa_gefs,16,ShortwaveRadiation_Wm2,6,296.5
gep16,00,2026-05-28,2026-06-03,gcrew,noaa_gefs,16,WindSpeed_ms_mean,6,7.54477270972776
gep16,00,2026-05-28,2026-06-04,gcrew,noaa_gefs,16,AirTemp_C_mean,7,14.779225921630882
gep16,00,2026-05-28,2026-06-04,gcrew,noaa_gefs,16,Pressure_Pa,7,101801.623046875
gep16,00,2026-05-28,2026-06-04,gcrew,noaa_gefs,16,RH_percent_mean,7,63.78340291976929
gep16,00,2026-05-28,2026-06-04,gcrew,noaa_gefs,16,Rain_mm_sum,7,0.3100000023841858
gep16,00,2026-05-28,2026-06-04,gcrew,noaa_gefs,16,ShortwaveRadiation_Wm2,7,321
gep16,00,2026-05-28,2026-06-04,gcrew,noaa_gefs,16,WindSpeed_ms_mean,7,7.469515003650624
gep16,00,2026-05-28,2026-06-05,gcrew,noaa_gefs,16,AirTemp_C_mean,8,15.955716705322288
gep16,00,2026-05-28,2026-06-05,gcrew,noaa_gefs,16,Pressure_Pa,8,101952.7724609375
gep16,00,2026-05-28,2026-06-05,gcrew,noaa_gefs,16,RH_percent_mean,8,61.84580373764038
gep16,00,2026-05-28,2026-06-05,gcrew,noaa_gefs,16,Rain_mm_sum,8,0
gep16,00,2026-05-28,2026-06-05,gcrew,noaa_gefs,16,ShortwaveRadiation_Wm2,8,358
gep16,00,2026-05-28,2026-06-05,gcrew,noaa_gefs,16,WindSpeed_ms_mean,8,4.597932834247479
gep16,00,2026-05-28,2026-06-06,gcrew,noaa_gefs,16,AirTemp_C_mean,9,18.72523106166297
gep16,00,2026-05-28,2026-06-06,gcrew,noaa_gefs,16,Pressure_Pa,9,101935.07700892857
gep16,00,2026-05-28,2026-06-06,gcrew,noaa_gefs,16,RH_percent_mean,9,63.01251983642578
gep16,00,2026-05-28,2026-06-06,gcrew,noaa_gefs,16,Rain_mm_sum,9,0
gep16,00,2026-05-28,2026-06-06,gcrew,noaa_gefs,16,ShortwaveRadiation_Wm2,9,409.14285714285717
gep16,00,2026-05-28,2026-06-06,gcrew,noaa_gefs,16,WindSpeed_ms_mean,9,2.582886239108914
gep16,00,2026-05-28,2026-06-07,gcrew,noaa_gefs,16,AirTemp_C_mean,10,20.02813873291018
gep16,00,2026-05-28,2026-06-07,gcrew,noaa_gefs,16,Pressure_Pa,10,101518.1484375
gep16,00,2026-05-28,2026-06-07,gcrew,noaa_gefs,16,RH_percent_mean,10,64.0985107421875
gep16,00,2026-05-28,2026-06-07,gcrew,noaa_gefs,16,Rain_mm_sum,10,0
gep16,00,2026-05-28,2026-06-07,gcrew,noaa_gefs,16,ShortwaveRadiation_Wm2,10,313.25
gep16,00,2026-05-28,2026-06-07,gcrew,noaa_gefs,16,WindSpeed_ms_mean,10,3.0982185202913497
gep16,00,2026-05-28,2026-06-08,gcrew,noaa_gefs,16,AirTemp_C_mean,11,21.244317626953148
gep16,00,2026-05-28,2026-06-08,gcrew,noaa_gefs,16,Pressure_Pa,11,100838.3359375
gep16,00,2026-05-28,2026-06-08,gcrew,noaa_gefs,16,RH_percent_mean,11,83.27591323852539
gep16,00,2026-05-28,2026-06-08,gcrew,noaa_gefs,16,Rain_mm_sum,11,10.500000312924385
gep16,00,2026-05-28,2026-06-08,gcrew,noaa_gefs,16,ShortwaveRadiation_Wm2,11,130.75
gep16,00,2026-05-28,2026-06-08,gcrew,noaa_gefs,16,WindSpeed_ms_mean,11,5.466295843691377
gep16,00,2026-05-28,2026-06-09,gcrew,noaa_gefs,16,AirTemp_C_mean,12,18.266564941406273
gep16,00,2026-05-28,2026-06-09,gcrew,noaa_gefs,16,Pressure_Pa,12,101545.86328125
gep16,00,2026-05-28,2026-06-09,gcrew,noaa_gefs,16,RH_percent_mean,12,65.5650224685669
gep16,00,2026-05-28,2026-06-09,gcrew,noaa_gefs,16,Rain_mm_sum,12,2.4000000953674316
gep16,00,2026-05-28,2026-06-09,gcrew,noaa_gefs,16,ShortwaveRadiation_Wm2,12,361.25
gep16,00,2026-05-28,2026-06-09,gcrew,noaa_gefs,16,WindSpeed_ms_mean,12,7.459937362211188
gep16,00,2026-05-28,2026-06-10,gcrew,noaa_gefs,16,AirTemp_C_mean,13,17.935144042968773
gep16,00,2026-05-28,2026-06-10,gcrew,noaa_gefs,16,Pressure_Pa,13,102414.19921875
gep16,00,2026-05-28,2026-06-10,gcrew,noaa_gefs,16,RH_percent_mean,13,56.38784217834473
gep16,00,2026-05-28,2026-06-10,gcrew,noaa_gefs,16,Rain_mm_sum,13,0
gep16,00,2026-05-28,2026-06-10,gcrew,noaa_gefs,16,ShortwaveRadiation_Wm2,13,363.25
gep16,00,2026-05-28,2026-06-10,gcrew,noaa_gefs,16,WindSpeed_ms_mean,13,4.315274059982924
gep16,00,2026-05-28,2026-06-11,gcrew,noaa_gefs,16,AirTemp_C_mean,14,18.79597625732424
gep16,00,2026-05-28,2026-06-11,gcrew,noaa_gefs,16,Pressure_Pa,14,102375.763671875
gep16,00,2026-05-28,2026-06-11,gcrew,noaa_gefs,16,RH_percent_mean,14,57.19118881225586
gep16,00,2026-05-28,2026-06-11,gcrew,noaa_gefs,16,Rain_mm_sum,14,0
gep16,00,2026-05-28,2026-06-11,gcrew,noaa_gefs,16,ShortwaveRadiation_Wm2,14,359.25
gep16,00,2026-05-28,2026-06-11,gcrew,noaa_gefs,16,WindSpeed_ms_mean,14,2.5567400202041837
gep16,00,2026-05-28,2026-06-12,gcrew,noaa_gefs,16,AirTemp_C_mean,15,20.419717407226585
gep16,00,2026-05-28,2026-06-12,gcrew,noaa_gefs,16,Pressure_Pa,15,101882.580078125
gep16,00,2026-05-28,2026-06-12,gcrew,noaa_gefs,16,RH_percent_mean,15,61.499000549316406
gep16,00,2026-05-28,2026-06-12,gcrew,noaa_gefs,16,Rain_mm_sum,15,0
gep16,00,2026-05-28,2026-06-12,gcrew,noaa_gefs,16,ShortwaveRadiation_Wm2,15,338.75
gep16,00,2026-05-28,2026-06-12,gcrew,noaa_gefs,16,WindSpeed_ms_mean,15,2.427922764317797
gep16,00,2026-05-28,2026-06-13,gcrew,noaa_gefs,16,AirTemp_C_mean,16,22.97486267089846
gep16,00,2026-05-28,2026-06-13,gcrew,noaa_gefs,16,Pressure_Pa,16,101575.34375
gep16,00,2026-05-28,2026-06-13,gcrew,noaa_gefs,16,RH_percent_mean,16,66.48400783538818
gep16,00,2026-05-28,2026-06-13,gcrew,noaa_gefs,16,Rain_mm_sum,16,0
gep16,00,2026-05-28,2026-06-13,gcrew,noaa_gefs,16,ShortwaveRadiation_Wm2,16,336.75
gep16,00,2026-05-28,2026-06-13,gcrew,noaa_gefs,16,WindSpeed_ms_mean,16,3.760233349203137
gep16,00,2026-05-28,2026-06-14,gcrew,noaa_gefs,16,AirTemp_C_mean,17,21.73445281982424
gep16,00,2026-05-28,2026-06-14,gcrew,noaa_gefs,16,Pressure_Pa,17,101758.880859375
gep16,00,2026-05-28,2026-06-14,gcrew,noaa_gefs,16,RH_percent_mean,17,60.63445472717285
gep16,00,2026-05-28,2026-06-14,gcrew,noaa_gefs,16,Rain_mm_sum,17,0
gep16,00,2026-05-28,2026-06-14,gcrew,noaa_gefs,16,ShortwaveRadiation_Wm2,17,345
gep16,00,2026-05-28,2026-06-14,gcrew,noaa_gefs,16,WindSpeed_ms_mean,17,3.877745024465436
gep16,00,2026-05-28,2026-06-15,gcrew,noaa_gefs,16,AirTemp_C_mean,18,27.282464599609398
gep16,00,2026-05-28,2026-06-15,gcrew,noaa_gefs,16,Pressure_Pa,18,101216.53125
gep16,00,2026-05-28,2026-06-15,gcrew,noaa_gefs,16,RH_percent_mean,18,62.073336601257324
gep16,00,2026-05-28,2026-06-15,gcrew,noaa_gefs,16,Rain_mm_sum,18,0.10000000149011612
gep16,00,2026-05-28,2026-06-15,gcrew,noaa_gefs,16,ShortwaveRadiation_Wm2,18,342.25
gep16,00,2026-05-28,2026-06-15,gcrew,noaa_gefs,16,WindSpeed_ms_mean,18,3.863105661866631
gep16,00,2026-05-28,2026-06-16,gcrew,noaa_gefs,16,AirTemp_C_mean,19,27.164888000488304
gep16,00,2026-05-28,2026-06-16,gcrew,noaa_gefs,16,Pressure_Pa,19,101554.767578125
gep16,00,2026-05-28,2026-06-16,gcrew,noaa_gefs,16,RH_percent_mean,19,61.02194118499756
gep16,00,2026-05-28,2026-06-16,gcrew,noaa_gefs,16,Rain_mm_sum,19,0.10000000149011612
gep16,00,2026-05-28,2026-06-16,gcrew,noaa_gefs,16,ShortwaveRadiation_Wm2,19,297.5
gep16,00,2026-05-28,2026-06-16,gcrew,noaa_gefs,16,WindSpeed_ms_mean,19,2.604843904299301
gep16,00,2026-05-28,2026-06-17,gcrew,noaa_gefs,16,AirTemp_C_mean,20,22.97168884277346
gep16,00,2026-05-28,2026-06-17,gcrew,noaa_gefs,16,Pressure_Pa,20,101994.060546875
gep16,00,2026-05-28,2026-06-17,gcrew,noaa_gefs,16,RH_percent_mean,20,85.14014625549316
gep16,00,2026-05-28,2026-06-17,gcrew,noaa_gefs,16,Rain_mm_sum,20,2.9000000953674316
gep16,00,2026-05-28,2026-06-17,gcrew,noaa_gefs,16,ShortwaveRadiation_Wm2,20,269.25
gep16,00,2026-05-28,2026-06-17,gcrew,noaa_gefs,16,WindSpeed_ms_mean,20,4.609625277607201
gep16,00,2026-05-28,2026-06-18,gcrew,noaa_gefs,16,AirTemp_C_mean,21,22.94593963623049
gep16,00,2026-05-28,2026-06-18,gcrew,noaa_gefs,16,Pressure_Pa,21,101981.146484375
gep16,00,2026-05-28,2026-06-18,gcrew,noaa_gefs,16,RH_percent_mean,21,86.89044570922852
gep16,00,2026-05-28,2026-06-18,gcrew,noaa_gefs,16,Rain_mm_sum,21,1.4000000357627869
gep16,00,2026-05-28,2026-06-18,gcrew,noaa_gefs,16,ShortwaveRadiation_Wm2,21,303.25
gep16,00,2026-05-28,2026-06-18,gcrew,noaa_gefs,16,WindSpeed_ms_mean,21,2.586226235579734
gep16,00,2026-05-28,2026-06-19,gcrew,noaa_gefs,16,AirTemp_C_mean,22,26.268060302734398
gep16,00,2026-05-28,2026-06-19,gcrew,noaa_gefs,16,Pressure_Pa,22,101740.232421875
gep16,00,2026-05-28,2026-06-19,gcrew,noaa_gefs,16,RH_percent_mean,22,70.88781070709229
gep16,00,2026-05-28,2026-06-19,gcrew,noaa_gefs,16,Rain_mm_sum,22,0
gep16,00,2026-05-28,2026-06-19,gcrew,noaa_gefs,16,ShortwaveRadiation_Wm2,22,333
gep16,00,2026-05-28,2026-06-19,gcrew,noaa_gefs,16,WindSpeed_ms_mean,22,4.6750494445637285
gep16,00,2026-05-28,2026-06-20,gcrew,noaa_gefs,16,AirTemp_C_mean,23,27.841043090820335
gep16,00,2026-05-28,2026-06-20,gcrew,noaa_gefs,16,Pressure_Pa,23,101515.064453125
gep16,00,2026-05-28,2026-06-20,gcrew,noaa_gefs,16,RH_percent_mean,23,61.98535442352295
gep16,00,2026-05-28,2026-06-20,gcrew,noaa_gefs,16,Rain_mm_sum,23,0
gep16,00,2026-05-28,2026-06-20,gcrew,noaa_gefs,16,ShortwaveRadiation_Wm2,23,317.5
gep16,00,2026-05-28,2026-06-20,gcrew,noaa_gefs,16,WindSpeed_ms_mean,23,3.626574370372676
gep16,00,2026-05-28,2026-06-21,gcrew,noaa_gefs,16,AirTemp_C_mean,24,27.115220642089866
gep16,00,2026-05-28,2026-06-21,gcrew,noaa_gefs,16,Pressure_Pa,24,101335.810546875
gep16,00,2026-05-28,2026-06-21,gcrew,noaa_gefs,16,RH_percent_mean,24,61.86435508728027
gep16,00,2026-05-28,2026-06-21,gcrew,noaa_gefs,16,Rain_mm_sum,24,0
gep16,00,2026-05-28,2026-06-21,gcrew,noaa_gefs,16,ShortwaveRadiation_Wm2,24,325.75
gep16,00,2026-05-28,2026-06-21,gcrew,noaa_gefs,16,WindSpeed_ms_mean,24,4.1586571738201075
gep16,00,2026-05-28,2026-06-22,gcrew,noaa_gefs,16,AirTemp_C_mean,25,24.424424743652366
gep16,00,2026-05-28,2026-06-22,gcrew,noaa_gefs,16,Pressure_Pa,25,101386.505859375
gep16,00,2026-05-28,2026-06-22,gcrew,noaa_gefs,16,RH_percent_mean,25,81.4093132019043
gep16,00,2026-05-28,2026-06-22,gcrew,noaa_gefs,16,Rain_mm_sum,25,0.4000000059604645
gep16,00,2026-05-28,2026-06-22,gcrew,noaa_gefs,16,ShortwaveRadiation_Wm2,25,100.5
gep16,00,2026-05-28,2026-06-22,gcrew,noaa_gefs,16,WindSpeed_ms_mean,25,4.003219955758446
gep16,00,2026-05-28,2026-06-23,gcrew,noaa_gefs,16,AirTemp_C_mean,26,22.006524658203148
gep16,00,2026-05-28,2026-06-23,gcrew,noaa_gefs,16,Pressure_Pa,26,101129.3515625
gep16,00,2026-05-28,2026-06-23,gcrew,noaa_gefs,16,RH_percent_mean,26,93.43722724914551
gep16,00,2026-05-28,2026-06-23,gcrew,noaa_gefs,16,Rain_mm_sum,26,55.300001695752144
gep16,00,2026-05-28,2026-06-23,gcrew,noaa_gefs,16,ShortwaveRadiation_Wm2,26,22.75
gep16,00,2026-05-28,2026-06-23,gcrew,noaa_gefs,16,WindSpeed_ms_mean,26,4.542991536121778
gep16,00,2026-05-28,2026-06-24,gcrew,noaa_gefs,16,AirTemp_C_mean,27,22.589105224609398
gep16,00,2026-05-28,2026-06-24,gcrew,noaa_gefs,16,Pressure_Pa,27,100791.896484375
gep16,00,2026-05-28,2026-06-24,gcrew,noaa_gefs,16,RH_percent_mean,27,86.6486873626709
gep16,00,2026-05-28,2026-06-24,gcrew,noaa_gefs,16,Rain_mm_sum,27,8.000000096857548
gep16,00,2026-05-28,2026-06-24,gcrew,noaa_gefs,16,ShortwaveRadiation_Wm2,27,230.25
gep16,00,2026-05-28,2026-06-24,gcrew,noaa_gefs,16,WindSpeed_ms_mean,27,4.664738764840051
gep16,00,2026-05-28,2026-06-25,gcrew,noaa_gefs,16,AirTemp_C_mean,28,21.151040649414085
gep16,00,2026-05-28,2026-06-25,gcrew,noaa_gefs,16,Pressure_Pa,28,100968.654296875
gep16,00,2026-05-28,2026-06-25,gcrew,noaa_gefs,16,RH_percent_mean,28,59.870840072631836
gep16,00,2026-05-28,2026-06-25,gcrew,noaa_gefs,16,Rain_mm_sum,28,0.10000000149011612
gep16,00,2026-05-28,2026-06-25,gcrew,noaa_gefs,16,ShortwaveRadiation_Wm2,28,355.75
gep16,00,2026-05-28,2026-06-25,gcrew,noaa_gefs,16,WindSpeed_ms_mean,28,4.965440944060037
gep16,00,2026-05-28,2026-06-26,gcrew,noaa_gefs,16,AirTemp_C_mean,29,20.49548492431643
gep16,00,2026-05-28,2026-06-26,gcrew,noaa_gefs,16,Pressure_Pa,29,101440.876953125
gep16,00,2026-05-28,2026-06-26,gcrew,noaa_gefs,16,RH_percent_mean,29,59.463311195373535
gep16,00,2026-05-28,2026-06-26,gcrew,noaa_gefs,16,Rain_mm_sum,29,0
gep16,00,2026-05-28,2026-06-26,gcrew,noaa_gefs,16,ShortwaveRadiation_Wm2,29,351
gep16,00,2026-05-28,2026-06-26,gcrew,noaa_gefs,16,WindSpeed_ms_mean,29,4.224020219033529
gep16,00,2026-05-28,2026-06-27,gcrew,noaa_gefs,16,AirTemp_C_mean,30,22.24182281494143
gep16,00,2026-05-28,2026-06-27,gcrew,noaa_gefs,16,Pressure_Pa,30,101707.216796875
gep16,00,2026-05-28,2026-06-27,gcrew,noaa_gefs,16,RH_percent_mean,30,58.40474605560303
gep16,00,2026-05-28,2026-06-27,gcrew,noaa_gefs,16,Rain_mm_sum,30,0
gep16,00,2026-05-28,2026-06-27,gcrew,noaa_gefs,16,ShortwaveRadiation_Wm2,30,351
gep16,00,2026-05-28,2026-06-27,gcrew,noaa_gefs,16,WindSpeed_ms_mean,30,4.272810309335263
gep16,00,2026-05-28,2026-06-28,gcrew,noaa_gefs,16,AirTemp_C_mean,31,24.168817138671898
gep16,00,2026-05-28,2026-06-28,gcrew,noaa_gefs,16,Pressure_Pa,31,101494.826171875
gep16,00,2026-05-28,2026-06-28,gcrew,noaa_gefs,16,RH_percent_mean,31,71.39916801452637
gep16,00,2026-05-28,2026-06-28,gcrew,noaa_gefs,16,Rain_mm_sum,31,0
gep16,00,2026-05-28,2026-06-28,gcrew,noaa_gefs,16,ShortwaveRadiation_Wm2,31,344
gep16,00,2026-05-28,2026-06-28,gcrew,noaa_gefs,16,WindSpeed_ms_mean,31,3.5498743444693566
gep16,00,2026-05-28,2026-06-29,gcrew,noaa_gefs,16,AirTemp_C_mean,32,26.337808227539085
gep16,00,2026-05-28,2026-06-29,gcrew,noaa_gefs,16,Pressure_Pa,32,101015.88671875
gep16,00,2026-05-28,2026-06-29,gcrew,noaa_gefs,16,RH_percent_mean,32,67.18145847320557
gep16,00,2026-05-28,2026-06-29,gcrew,noaa_gefs,16,Rain_mm_sum,32,0
gep16,00,2026-05-28,2026-06-29,gcrew,noaa_gefs,16,ShortwaveRadiation_Wm2,32,322.5
gep16,00,2026-05-28,2026-06-29,gcrew,noaa_gefs,16,WindSpeed_ms_mean,32,3.924499337392451
gep16,00,2026-05-28,2026-06-30,gcrew,noaa_gefs,16,AirTemp_C_mean,33,26.703363037109398
gep16,00,2026-05-28,2026-06-30,gcrew,noaa_gefs,16,Pressure_Pa,33,100415.265625
gep16,00,2026-05-28,2026-06-30,gcrew,noaa_gefs,16,RH_percent_mean,33,70.66891098022461
gep16,00,2026-05-28,2026-06-30,gcrew,noaa_gefs,16,Rain_mm_sum,33,0.7999999895691872
gep16,00,2026-05-28,2026-06-30,gcrew,noaa_gefs,16,ShortwaveRadiation_Wm2,33,221.5
gep16,00,2026-05-28,2026-06-30,gcrew,noaa_gefs,16,WindSpeed_ms_mean,33,2.4540543323176753
gep16,00,2026-05-28,2026-07-01,gcrew,noaa_gefs,16,AirTemp_C_mean,34,25.300759887695335
gep16,00,2026-05-28,2026-07-01,gcrew,noaa_gefs,16,Pressure_Pa,34,100593.78515625
gep16,00,2026-05-28,2026-07-01,gcrew,noaa_gefs,16,RH_percent_mean,34,66.53337669372559
gep16,00,2026-05-28,2026-07-01,gcrew,noaa_gefs,16,Rain_mm_sum,34,0.20000000298023224
gep16,00,2026-05-28,2026-07-01,gcrew,noaa_gefs,16,ShortwaveRadiation_Wm2,34,347.5
gep16,00,2026-05-28,2026-07-01,gcrew,noaa_gefs,16,WindSpeed_ms_mean,34,3.569256045713047
gep17,00,2026-05-28,2026-05-29,gcrew,noaa_gefs,17,AirTemp_C_mean,1,16.984544372558616
gep17,00,2026-05-28,2026-05-29,gcrew,noaa_gefs,17,Pressure_Pa,1,101312.3720703125
gep17,00,2026-05-28,2026-05-29,gcrew,noaa_gefs,17,RH_percent_mean,1,66.49901962280273
gep17,00,2026-05-28,2026-05-29,gcrew,noaa_gefs,17,Rain_mm_sum,1,0
gep17,00,2026-05-28,2026-05-29,gcrew,noaa_gefs,17,ShortwaveRadiation_Wm2,1,358.5
gep17,00,2026-05-28,2026-05-29,gcrew,noaa_gefs,17,WindSpeed_ms_mean,1,3.324157800523961
gep17,00,2026-05-28,2026-05-30,gcrew,noaa_gefs,17,AirTemp_C_mean,2,14.520104980468773
gep17,00,2026-05-28,2026-05-30,gcrew,noaa_gefs,17,Pressure_Pa,2,101405.7275390625
gep17,00,2026-05-28,2026-05-30,gcrew,noaa_gefs,17,RH_percent_mean,2,63.8339786529541
gep17,00,2026-05-28,2026-05-30,gcrew,noaa_gefs,17,Rain_mm_sum,2,0
gep17,00,2026-05-28,2026-05-30,gcrew,noaa_gefs,17,ShortwaveRadiation_Wm2,2,354
gep17,00,2026-05-28,2026-05-30,gcrew,noaa_gefs,17,WindSpeed_ms_mean,2,6.158624703355217
gep17,00,2026-05-28,2026-05-31,gcrew,noaa_gefs,17,AirTemp_C_mean,3,13.913762664794945
gep17,00,2026-05-28,2026-05-31,gcrew,noaa_gefs,17,Pressure_Pa,3,101891.111328125
gep17,00,2026-05-28,2026-05-31,gcrew,noaa_gefs,17,RH_percent_mean,3,62.99015474319458
gep17,00,2026-05-28,2026-05-31,gcrew,noaa_gefs,17,Rain_mm_sum,3,0
gep17,00,2026-05-28,2026-05-31,gcrew,noaa_gefs,17,ShortwaveRadiation_Wm2,3,361
gep17,00,2026-05-28,2026-05-31,gcrew,noaa_gefs,17,WindSpeed_ms_mean,3,2.3322553142904607
gep17,00,2026-05-28,2026-06-01,gcrew,noaa_gefs,17,AirTemp_C_mean,4,16.62330780029299
gep17,00,2026-05-28,2026-06-01,gcrew,noaa_gefs,17,Pressure_Pa,4,101337.8271484375
gep17,00,2026-05-28,2026-06-01,gcrew,noaa_gefs,17,RH_percent_mean,4,63.69150733947754
gep17,00,2026-05-28,2026-06-01,gcrew,noaa_gefs,17,Rain_mm_sum,4,0
gep17,00,2026-05-28,2026-06-01,gcrew,noaa_gefs,17,ShortwaveRadiation_Wm2,4,325.125
gep17,00,2026-05-28,2026-06-01,gcrew,noaa_gefs,17,WindSpeed_ms_mean,4,3.743790953418161
gep17,00,2026-05-28,2026-06-02,gcrew,noaa_gefs,17,AirTemp_C_mean,5,16.618074035644554
gep17,00,2026-05-28,2026-06-02,gcrew,noaa_gefs,17,Pressure_Pa,5,101068.361328125
gep17,00,2026-05-28,2026-06-02,gcrew,noaa_gefs,17,RH_percent_mean,5,61.181997299194336
gep17,00,2026-05-28,2026-06-02,gcrew,noaa_gefs,17,Rain_mm_sum,5,0
gep17,00,2026-05-28,2026-06-02,gcrew,noaa_gefs,17,ShortwaveRadiation_Wm2,5,345.875
gep17,00,2026-05-28,2026-06-02,gcrew,noaa_gefs,17,WindSpeed_ms_mean,5,2.656702509480038
gep17,00,2026-05-28,2026-06-03,gcrew,noaa_gefs,17,AirTemp_C_mean,6,14.53361282348635
gep17,00,2026-05-28,2026-06-03,gcrew,noaa_gefs,17,Pressure_Pa,6,101265.8505859375
gep17,00,2026-05-28,2026-06-03,gcrew,noaa_gefs,17,RH_percent_mean,6,58.42056369781494
gep17,00,2026-05-28,2026-06-03,gcrew,noaa_gefs,17,Rain_mm_sum,6,0.42000001296401024
gep17,00,2026-05-28,2026-06-03,gcrew,noaa_gefs,17,ShortwaveRadiation_Wm2,6,296.5
gep17,00,2026-05-28,2026-06-03,gcrew,noaa_gefs,17,WindSpeed_ms_mean,6,7.54477270972776
gep17,00,2026-05-28,2026-06-04,gcrew,noaa_gefs,17,AirTemp_C_mean,7,14.779225921630882
gep17,00,2026-05-28,2026-06-04,gcrew,noaa_gefs,17,Pressure_Pa,7,101801.623046875
gep17,00,2026-05-28,2026-06-04,gcrew,noaa_gefs,17,RH_percent_mean,7,63.78340291976929
gep17,00,2026-05-28,2026-06-04,gcrew,noaa_gefs,17,Rain_mm_sum,7,0.3100000023841858
gep17,00,2026-05-28,2026-06-04,gcrew,noaa_gefs,17,ShortwaveRadiation_Wm2,7,321
gep17,00,2026-05-28,2026-06-04,gcrew,noaa_gefs,17,WindSpeed_ms_mean,7,7.469515003650624
gep17,00,2026-05-28,2026-06-05,gcrew,noaa_gefs,17,AirTemp_C_mean,8,15.955716705322288
gep17,00,2026-05-28,2026-06-05,gcrew,noaa_gefs,17,Pressure_Pa,8,101952.7724609375
gep17,00,2026-05-28,2026-06-05,gcrew,noaa_gefs,17,RH_percent_mean,8,61.84580373764038
gep17,00,2026-05-28,2026-06-05,gcrew,noaa_gefs,17,Rain_mm_sum,8,0
gep17,00,2026-05-28,2026-06-05,gcrew,noaa_gefs,17,ShortwaveRadiation_Wm2,8,358
gep17,00,2026-05-28,2026-06-05,gcrew,noaa_gefs,17,WindSpeed_ms_mean,8,4.597932834247479
gep17,00,2026-05-28,2026-06-06,gcrew,noaa_gefs,17,AirTemp_C_mean,9,18.72523106166297
gep17,00,2026-05-28,2026-06-06,gcrew,noaa_gefs,17,Pressure_Pa,9,101935.07700892857
gep17,00,2026-05-28,2026-06-06,gcrew,noaa_gefs,17,RH_percent_mean,9,63.01251983642578
gep17,00,2026-05-28,2026-06-06,gcrew,noaa_gefs,17,Rain_mm_sum,9,0
gep17,00,2026-05-28,2026-06-06,gcrew,noaa_gefs,17,ShortwaveRadiation_Wm2,9,409.14285714285717
gep17,00,2026-05-28,2026-06-06,gcrew,noaa_gefs,17,WindSpeed_ms_mean,9,2.582886239108914
gep17,00,2026-05-28,2026-06-07,gcrew,noaa_gefs,17,AirTemp_C_mean,10,20.02813873291018
gep17,00,2026-05-28,2026-06-07,gcrew,noaa_gefs,17,Pressure_Pa,10,101518.1484375
gep17,00,2026-05-28,2026-06-07,gcrew,noaa_gefs,17,RH_percent_mean,10,64.0985107421875
gep17,00,2026-05-28,2026-06-07,gcrew,noaa_gefs,17,Rain_mm_sum,10,0
gep17,00,2026-05-28,2026-06-07,gcrew,noaa_gefs,17,ShortwaveRadiation_Wm2,10,313.25
gep17,00,2026-05-28,2026-06-07,gcrew,noaa_gefs,17,WindSpeed_ms_mean,10,3.0982185202913497
gep17,00,2026-05-28,2026-06-08,gcrew,noaa_gefs,17,AirTemp_C_mean,11,21.244317626953148
gep17,00,2026-05-28,2026-06-08,gcrew,noaa_gefs,17,Pressure_Pa,11,100838.3359375
gep17,00,2026-05-28,2026-06-08,gcrew,noaa_gefs,17,RH_percent_mean,11,83.27591323852539
gep17,00,2026-05-28,2026-06-08,gcrew,noaa_gefs,17,Rain_mm_sum,11,10.500000312924385
gep17,00,2026-05-28,2026-06-08,gcrew,noaa_gefs,17,ShortwaveRadiation_Wm2,11,130.75
gep17,00,2026-05-28,2026-06-08,gcrew,noaa_gefs,17,WindSpeed_ms_mean,11,5.466295843691377
gep17,00,2026-05-28,2026-06-09,gcrew,noaa_gefs,17,AirTemp_C_mean,12,18.266564941406273
gep17,00,2026-05-28,2026-06-09,gcrew,noaa_gefs,17,Pressure_Pa,12,101545.86328125
gep17,00,2026-05-28,2026-06-09,gcrew,noaa_gefs,17,RH_percent_mean,12,65.5650224685669
gep17,00,2026-05-28,2026-06-09,gcrew,noaa_gefs,17,Rain_mm_sum,12,2.4000000953674316
gep17,00,2026-05-28,2026-06-09,gcrew,noaa_gefs,17,ShortwaveRadiation_Wm2,12,361.25
gep17,00,2026-05-28,2026-06-09,gcrew,noaa_gefs,17,WindSpeed_ms_mean,12,7.459937362211188
gep17,00,2026-05-28,2026-06-10,gcrew,noaa_gefs,17,AirTemp_C_mean,13,17.935144042968773
gep17,00,2026-05-28,2026-06-10,gcrew,noaa_gefs,17,Pressure_Pa,13,102414.19921875
gep17,00,2026-05-28,2026-06-10,gcrew,noaa_gefs,17,RH_percent_mean,13,56.38784217834473
gep17,00,2026-05-28,2026-06-10,gcrew,noaa_gefs,17,Rain_mm_sum,13,0
gep17,00,2026-05-28,2026-06-10,gcrew,noaa_gefs,17,ShortwaveRadiation_Wm2,13,363.25
gep17,00,2026-05-28,2026-06-10,gcrew,noaa_gefs,17,WindSpeed_ms_mean,13,4.315274059982924
gep17,00,2026-05-28,2026-06-11,gcrew,noaa_gefs,17,AirTemp_C_mean,14,18.79597625732424
gep17,00,2026-05-28,2026-06-11,gcrew,noaa_gefs,17,Pressure_Pa,14,102375.763671875
gep17,00,2026-05-28,2026-06-11,gcrew,noaa_gefs,17,RH_percent_mean,14,57.19118881225586
gep17,00,2026-05-28,2026-06-11,gcrew,noaa_gefs,17,Rain_mm_sum,14,0
gep17,00,2026-05-28,2026-06-11,gcrew,noaa_gefs,17,ShortwaveRadiation_Wm2,14,359.25
gep17,00,2026-05-28,2026-06-11,gcrew,noaa_gefs,17,WindSpeed_ms_mean,14,2.5567400202041837
gep17,00,2026-05-28,2026-06-12,gcrew,noaa_gefs,17,AirTemp_C_mean,15,20.419717407226585
gep17,00,2026-05-28,2026-06-12,gcrew,noaa_gefs,17,Pressure_Pa,15,101882.580078125
gep17,00,2026-05-28,2026-06-12,gcrew,noaa_gefs,17,RH_percent_mean,15,61.499000549316406
gep17,00,2026-05-28,2026-06-12,gcrew,noaa_gefs,17,Rain_mm_sum,15,0
gep17,00,2026-05-28,2026-06-12,gcrew,noaa_gefs,17,ShortwaveRadiation_Wm2,15,338.75
gep17,00,2026-05-28,2026-06-12,gcrew,noaa_gefs,17,WindSpeed_ms_mean,15,2.427922764317797
gep17,00,2026-05-28,2026-06-13,gcrew,noaa_gefs,17,AirTemp_C_mean,16,22.97486267089846
gep17,00,2026-05-28,2026-06-13,gcrew,noaa_gefs,17,Pressure_Pa,16,101575.34375
gep17,00,2026-05-28,2026-06-13,gcrew,noaa_gefs,17,RH_percent_mean,16,66.48400783538818
gep17,00,2026-05-28,2026-06-13,gcrew,noaa_gefs,17,Rain_mm_sum,16,0
gep17,00,2026-05-28,2026-06-13,gcrew,noaa_gefs,17,ShortwaveRadiation_Wm2,16,336.75
gep17,00,2026-05-28,2026-06-13,gcrew,noaa_gefs,17,WindSpeed_ms_mean,16,3.760233349203137
gep17,00,2026-05-28,2026-06-14,gcrew,noaa_gefs,17,AirTemp_C_mean,17,21.73445281982424
gep17,00,2026-05-28,2026-06-14,gcrew,noaa_gefs,17,Pressure_Pa,17,101758.880859375
gep17,00,2026-05-28,2026-06-14,gcrew,noaa_gefs,17,RH_percent_mean,17,60.63445472717285
gep17,00,2026-05-28,2026-06-14,gcrew,noaa_gefs,17,Rain_mm_sum,17,0
gep17,00,2026-05-28,2026-06-14,gcrew,noaa_gefs,17,ShortwaveRadiation_Wm2,17,345
gep17,00,2026-05-28,2026-06-14,gcrew,noaa_gefs,17,WindSpeed_ms_mean,17,3.877745024465436
gep17,00,2026-05-28,2026-06-15,gcrew,noaa_gefs,17,AirTemp_C_mean,18,27.282464599609398
gep17,00,2026-05-28,2026-06-15,gcrew,noaa_gefs,17,Pressure_Pa,18,101216.53125
gep17,00,2026-05-28,2026-06-15,gcrew,noaa_gefs,17,RH_percent_mean,18,62.073336601257324
gep17,00,2026-05-28,2026-06-15,gcrew,noaa_gefs,17,Rain_mm_sum,18,0.10000000149011612
gep17,00,2026-05-28,2026-06-15,gcrew,noaa_gefs,17,ShortwaveRadiation_Wm2,18,342.25
gep17,00,2026-05-28,2026-06-15,gcrew,noaa_gefs,17,WindSpeed_ms_mean,18,3.863105661866631
gep17,00,2026-05-28,2026-06-16,gcrew,noaa_gefs,17,AirTemp_C_mean,19,27.164888000488304
gep17,00,2026-05-28,2026-06-16,gcrew,noaa_gefs,17,Pressure_Pa,19,101554.767578125
gep17,00,2026-05-28,2026-06-16,gcrew,noaa_gefs,17,RH_percent_mean,19,61.02194118499756
gep17,00,2026-05-28,2026-06-16,gcrew,noaa_gefs,17,Rain_mm_sum,19,0.10000000149011612
gep17,00,2026-05-28,2026-06-16,gcrew,noaa_gefs,17,ShortwaveRadiation_Wm2,19,297.5
gep17,00,2026-05-28,2026-06-16,gcrew,noaa_gefs,17,WindSpeed_ms_mean,19,2.604843904299301
gep17,00,2026-05-28,2026-06-17,gcrew,noaa_gefs,17,AirTemp_C_mean,20,22.97168884277346
gep17,00,2026-05-28,2026-06-17,gcrew,noaa_gefs,17,Pressure_Pa,20,101994.060546875
gep17,00,2026-05-28,2026-06-17,gcrew,noaa_gefs,17,RH_percent_mean,20,85.14014625549316
gep17,00,2026-05-28,2026-06-17,gcrew,noaa_gefs,17,Rain_mm_sum,20,2.9000000953674316
gep17,00,2026-05-28,2026-06-17,gcrew,noaa_gefs,17,ShortwaveRadiation_Wm2,20,269.25
gep17,00,2026-05-28,2026-06-17,gcrew,noaa_gefs,17,WindSpeed_ms_mean,20,4.609625277607201
gep17,00,2026-05-28,2026-06-18,gcrew,noaa_gefs,17,AirTemp_C_mean,21,22.94593963623049
gep17,00,2026-05-28,2026-06-18,gcrew,noaa_gefs,17,Pressure_Pa,21,101981.146484375
gep17,00,2026-05-28,2026-06-18,gcrew,noaa_gefs,17,RH_percent_mean,21,86.89044570922852
gep17,00,2026-05-28,2026-06-18,gcrew,noaa_gefs,17,Rain_mm_sum,21,1.4000000357627869
gep17,00,2026-05-28,2026-06-18,gcrew,noaa_gefs,17,ShortwaveRadiation_Wm2,21,303.25
gep17,00,2026-05-28,2026-06-18,gcrew,noaa_gefs,17,WindSpeed_ms_mean,21,2.586226235579734
gep17,00,2026-05-28,2026-06-19,gcrew,noaa_gefs,17,AirTemp_C_mean,22,26.268060302734398
gep17,00,2026-05-28,2026-06-19,gcrew,noaa_gefs,17,Pressure_Pa,22,101740.232421875
gep17,00,2026-05-28,2026-06-19,gcrew,noaa_gefs,17,RH_percent_mean,22,70.88781070709229
gep17,00,2026-05-28,2026-06-19,gcrew,noaa_gefs,17,Rain_mm_sum,22,0
gep17,00,2026-05-28,2026-06-19,gcrew,noaa_gefs,17,ShortwaveRadiation_Wm2,22,333
gep17,00,2026-05-28,2026-06-19,gcrew,noaa_gefs,17,WindSpeed_ms_mean,22,4.6750494445637285
gep17,00,2026-05-28,2026-06-20,gcrew,noaa_gefs,17,AirTemp_C_mean,23,27.841043090820335
gep17,00,2026-05-28,2026-06-20,gcrew,noaa_gefs,17,Pressure_Pa,23,101515.064453125
gep17,00,2026-05-28,2026-06-20,gcrew,noaa_gefs,17,RH_percent_mean,23,61.98535442352295
gep17,00,2026-05-28,2026-06-20,gcrew,noaa_gefs,17,Rain_mm_sum,23,0
gep17,00,2026-05-28,2026-06-20,gcrew,noaa_gefs,17,ShortwaveRadiation_Wm2,23,317.5
gep17,00,2026-05-28,2026-06-20,gcrew,noaa_gefs,17,WindSpeed_ms_mean,23,3.626574370372676
gep17,00,2026-05-28,2026-06-21,gcrew,noaa_gefs,17,AirTemp_C_mean,24,27.115220642089866
gep17,00,2026-05-28,2026-06-21,gcrew,noaa_gefs,17,Pressure_Pa,24,101335.810546875
gep17,00,2026-05-28,2026-06-21,gcrew,noaa_gefs,17,RH_percent_mean,24,61.86435508728027
gep17,00,2026-05-28,2026-06-21,gcrew,noaa_gefs,17,Rain_mm_sum,24,0
gep17,00,2026-05-28,2026-06-21,gcrew,noaa_gefs,17,ShortwaveRadiation_Wm2,24,325.75
gep17,00,2026-05-28,2026-06-21,gcrew,noaa_gefs,17,WindSpeed_ms_mean,24,4.1586571738201075
gep17,00,2026-05-28,2026-06-22,gcrew,noaa_gefs,17,AirTemp_C_mean,25,24.424424743652366
gep17,00,2026-05-28,2026-06-22,gcrew,noaa_gefs,17,Pressure_Pa,25,101386.505859375
gep17,00,2026-05-28,2026-06-22,gcrew,noaa_gefs,17,RH_percent_mean,25,81.4093132019043
gep17,00,2026-05-28,2026-06-22,gcrew,noaa_gefs,17,Rain_mm_sum,25,0.4000000059604645
gep17,00,2026-05-28,2026-06-22,gcrew,noaa_gefs,17,ShortwaveRadiation_Wm2,25,100.5
gep17,00,2026-05-28,2026-06-22,gcrew,noaa_gefs,17,WindSpeed_ms_mean,25,4.003219955758446
gep17,00,2026-05-28,2026-06-23,gcrew,noaa_gefs,17,AirTemp_C_mean,26,22.006524658203148
gep17,00,2026-05-28,2026-06-23,gcrew,noaa_gefs,17,Pressure_Pa,26,101129.3515625
gep17,00,2026-05-28,2026-06-23,gcrew,noaa_gefs,17,RH_percent_mean,26,93.43722724914551
gep17,00,2026-05-28,2026-06-23,gcrew,noaa_gefs,17,Rain_mm_sum,26,55.300001695752144
gep17,00,2026-05-28,2026-06-23,gcrew,noaa_gefs,17,ShortwaveRadiation_Wm2,26,22.75
gep17,00,2026-05-28,2026-06-23,gcrew,noaa_gefs,17,WindSpeed_ms_mean,26,4.542991536121778
gep17,00,2026-05-28,2026-06-24,gcrew,noaa_gefs,17,AirTemp_C_mean,27,22.589105224609398
gep17,00,2026-05-28,2026-06-24,gcrew,noaa_gefs,17,Pressure_Pa,27,100791.896484375
gep17,00,2026-05-28,2026-06-24,gcrew,noaa_gefs,17,RH_percent_mean,27,86.6486873626709
gep17,00,2026-05-28,2026-06-24,gcrew,noaa_gefs,17,Rain_mm_sum,27,8.000000096857548
gep17,00,2026-05-28,2026-06-24,gcrew,noaa_gefs,17,ShortwaveRadiation_Wm2,27,230.25
gep17,00,2026-05-28,2026-06-24,gcrew,noaa_gefs,17,WindSpeed_ms_mean,27,4.664738764840051
gep17,00,2026-05-28,2026-06-25,gcrew,noaa_gefs,17,AirTemp_C_mean,28,21.151040649414085
gep17,00,2026-05-28,2026-06-25,gcrew,noaa_gefs,17,Pressure_Pa,28,100968.654296875
gep17,00,2026-05-28,2026-06-25,gcrew,noaa_gefs,17,RH_percent_mean,28,59.870840072631836
gep17,00,2026-05-28,2026-06-25,gcrew,noaa_gefs,17,Rain_mm_sum,28,0.10000000149011612
gep17,00,2026-05-28,2026-06-25,gcrew,noaa_gefs,17,ShortwaveRadiation_Wm2,28,355.75
gep17,00,2026-05-28,2026-06-25,gcrew,noaa_gefs,17,WindSpeed_ms_mean,28,4.965440944060037
gep17,00,2026-05-28,2026-06-26,gcrew,noaa_gefs,17,AirTemp_C_mean,29,20.49548492431643
gep17,00,2026-05-28,2026-06-26,gcrew,noaa_gefs,17,Pressure_Pa,29,101440.876953125
gep17,00,2026-05-28,2026-06-26,gcrew,noaa_gefs,17,RH_percent_mean,29,59.463311195373535
gep17,00,2026-05-28,2026-06-26,gcrew,noaa_gefs,17,Rain_mm_sum,29,0
gep17,00,2026-05-28,2026-06-26,gcrew,noaa_gefs,17,ShortwaveRadiation_Wm2,29,351
gep17,00,2026-05-28,2026-06-26,gcrew,noaa_gefs,17,WindSpeed_ms_mean,29,4.224020219033529
gep17,00,2026-05-28,2026-06-27,gcrew,noaa_gefs,17,AirTemp_C_mean,30,22.24182281494143
gep17,00,2026-05-28,2026-06-27,gcrew,noaa_gefs,17,Pressure_Pa,30,101707.216796875
gep17,00,2026-05-28,2026-06-27,gcrew,noaa_gefs,17,RH_percent_mean,30,58.40474605560303
gep17,00,2026-05-28,2026-06-27,gcrew,noaa_gefs,17,Rain_mm_sum,30,0
gep17,00,2026-05-28,2026-06-27,gcrew,noaa_gefs,17,ShortwaveRadiation_Wm2,30,351
gep17,00,2026-05-28,2026-06-27,gcrew,noaa_gefs,17,WindSpeed_ms_mean,30,4.272810309335263
gep17,00,2026-05-28,2026-06-28,gcrew,noaa_gefs,17,AirTemp_C_mean,31,24.168817138671898
gep17,00,2026-05-28,2026-06-28,gcrew,noaa_gefs,17,Pressure_Pa,31,101494.826171875
gep17,00,2026-05-28,2026-06-28,gcrew,noaa_gefs,17,RH_percent_mean,31,71.39916801452637
gep17,00,2026-05-28,2026-06-28,gcrew,noaa_gefs,17,Rain_mm_sum,31,0
gep17,00,2026-05-28,2026-06-28,gcrew,noaa_gefs,17,ShortwaveRadiation_Wm2,31,344
gep17,00,2026-05-28,2026-06-28,gcrew,noaa_gefs,17,WindSpeed_ms_mean,31,3.5498743444693566
gep17,00,2026-05-28,2026-06-29,gcrew,noaa_gefs,17,AirTemp_C_mean,32,26.337808227539085
gep17,00,2026-05-28,2026-06-29,gcrew,noaa_gefs,17,Pressure_Pa,32,101015.88671875
gep17,00,2026-05-28,2026-06-29,gcrew,noaa_gefs,17,RH_percent_mean,32,67.18145847320557
gep17,00,2026-05-28,2026-06-29,gcrew,noaa_gefs,17,Rain_mm_sum,32,0
gep17,00,2026-05-28,2026-06-29,gcrew,noaa_gefs,17,ShortwaveRadiation_Wm2,32,322.5
gep17,00,2026-05-28,2026-06-29,gcrew,noaa_gefs,17,WindSpeed_ms_mean,32,3.924499337392451
gep17,00,2026-05-28,2026-06-30,gcrew,noaa_gefs,17,AirTemp_C_mean,33,26.703363037109398
gep17,00,2026-05-28,2026-06-30,gcrew,noaa_gefs,17,Pressure_Pa,33,100415.265625
gep17,00,2026-05-28,2026-06-30,gcrew,noaa_gefs,17,RH_percent_mean,33,70.66891098022461
gep17,00,2026-05-28,2026-06-30,gcrew,noaa_gefs,17,Rain_mm_sum,33,0.7999999895691872
gep17,00,2026-05-28,2026-06-30,gcrew,noaa_gefs,17,ShortwaveRadiation_Wm2,33,221.5
gep17,00,2026-05-28,2026-06-30,gcrew,noaa_gefs,17,WindSpeed_ms_mean,33,2.4540543323176753
gep17,00,2026-05-28,2026-07-01,gcrew,noaa_gefs,17,AirTemp_C_mean,34,25.300759887695335
gep17,00,2026-05-28,2026-07-01,gcrew,noaa_gefs,17,Pressure_Pa,34,100593.78515625
gep17,00,2026-05-28,2026-07-01,gcrew,noaa_gefs,17,RH_percent_mean,34,66.53337669372559
gep17,00,2026-05-28,2026-07-01,gcrew,noaa_gefs,17,Rain_mm_sum,34,0.20000000298023224
gep17,00,2026-05-28,2026-07-01,gcrew,noaa_gefs,17,ShortwaveRadiation_Wm2,34,347.5
gep17,00,2026-05-28,2026-07-01,gcrew,noaa_gefs,17,WindSpeed_ms_mean,34,3.569256045713047
gep18,00,2026-05-28,2026-05-29,gcrew,noaa_gefs,18,AirTemp_C_mean,1,16.984544372558616
gep18,00,2026-05-28,2026-05-29,gcrew,noaa_gefs,18,Pressure_Pa,1,101312.3720703125
gep18,00,2026-05-28,2026-05-29,gcrew,noaa_gefs,18,RH_percent_mean,1,66.49901962280273
gep18,00,2026-05-28,2026-05-29,gcrew,noaa_gefs,18,Rain_mm_sum,1,0
gep18,00,2026-05-28,2026-05-29,gcrew,noaa_gefs,18,ShortwaveRadiation_Wm2,1,358.5
gep18,00,2026-05-28,2026-05-29,gcrew,noaa_gefs,18,WindSpeed_ms_mean,1,3.324157800523961
gep18,00,2026-05-28,2026-05-30,gcrew,noaa_gefs,18,AirTemp_C_mean,2,14.520104980468773
gep18,00,2026-05-28,2026-05-30,gcrew,noaa_gefs,18,Pressure_Pa,2,101405.7275390625
gep18,00,2026-05-28,2026-05-30,gcrew,noaa_gefs,18,RH_percent_mean,2,63.8339786529541
gep18,00,2026-05-28,2026-05-30,gcrew,noaa_gefs,18,Rain_mm_sum,2,0
gep18,00,2026-05-28,2026-05-30,gcrew,noaa_gefs,18,ShortwaveRadiation_Wm2,2,354
gep18,00,2026-05-28,2026-05-30,gcrew,noaa_gefs,18,WindSpeed_ms_mean,2,6.158624703355217
gep18,00,2026-05-28,2026-05-31,gcrew,noaa_gefs,18,AirTemp_C_mean,3,13.913762664794945
gep18,00,2026-05-28,2026-05-31,gcrew,noaa_gefs,18,Pressure_Pa,3,101891.111328125
gep18,00,2026-05-28,2026-05-31,gcrew,noaa_gefs,18,RH_percent_mean,3,62.99015474319458
gep18,00,2026-05-28,2026-05-31,gcrew,noaa_gefs,18,Rain_mm_sum,3,0
gep18,00,2026-05-28,2026-05-31,gcrew,noaa_gefs,18,ShortwaveRadiation_Wm2,3,361
gep18,00,2026-05-28,2026-05-31,gcrew,noaa_gefs,18,WindSpeed_ms_mean,3,2.3322553142904607
gep18,00,2026-05-28,2026-06-01,gcrew,noaa_gefs,18,AirTemp_C_mean,4,16.62330780029299
gep18,00,2026-05-28,2026-06-01,gcrew,noaa_gefs,18,Pressure_Pa,4,101337.8271484375
gep18,00,2026-05-28,2026-06-01,gcrew,noaa_gefs,18,RH_percent_mean,4,63.69150733947754
gep18,00,2026-05-28,2026-06-01,gcrew,noaa_gefs,18,Rain_mm_sum,4,0
gep18,00,2026-05-28,2026-06-01,gcrew,noaa_gefs,18,ShortwaveRadiation_Wm2,4,325.125
gep18,00,2026-05-28,2026-06-01,gcrew,noaa_gefs,18,WindSpeed_ms_mean,4,3.743790953418161
gep18,00,2026-05-28,2026-06-02,gcrew,noaa_gefs,18,AirTemp_C_mean,5,16.618074035644554
gep18,00,2026-05-28,2026-06-02,gcrew,noaa_gefs,18,Pressure_Pa,5,101068.361328125
gep18,00,2026-05-28,2026-06-02,gcrew,noaa_gefs,18,RH_percent_mean,5,61.181997299194336
gep18,00,2026-05-28,2026-06-02,gcrew,noaa_gefs,18,Rain_mm_sum,5,0
gep18,00,2026-05-28,2026-06-02,gcrew,noaa_gefs,18,ShortwaveRadiation_Wm2,5,345.875
gep18,00,2026-05-28,2026-06-02,gcrew,noaa_gefs,18,WindSpeed_ms_mean,5,2.656702509480038
gep18,00,2026-05-28,2026-06-03,gcrew,noaa_gefs,18,AirTemp_C_mean,6,14.53361282348635
gep18,00,2026-05-28,2026-06-03,gcrew,noaa_gefs,18,Pressure_Pa,6,101265.8505859375
gep18,00,2026-05-28,2026-06-03,gcrew,noaa_gefs,18,RH_percent_mean,6,58.42056369781494
gep18,00,2026-05-28,2026-06-03,gcrew,noaa_gefs,18,Rain_mm_sum,6,0.42000001296401024
gep18,00,2026-05-28,2026-06-03,gcrew,noaa_gefs,18,ShortwaveRadiation_Wm2,6,296.5
gep18,00,2026-05-28,2026-06-03,gcrew,noaa_gefs,18,WindSpeed_ms_mean,6,7.54477270972776
gep18,00,2026-05-28,2026-06-04,gcrew,noaa_gefs,18,AirTemp_C_mean,7,14.779225921630882
gep18,00,2026-05-28,2026-06-04,gcrew,noaa_gefs,18,Pressure_Pa,7,101801.623046875
gep18,00,2026-05-28,2026-06-04,gcrew,noaa_gefs,18,RH_percent_mean,7,63.78340291976929
gep18,00,2026-05-28,2026-06-04,gcrew,noaa_gefs,18,Rain_mm_sum,7,0.3100000023841858
gep18,00,2026-05-28,2026-06-04,gcrew,noaa_gefs,18,ShortwaveRadiation_Wm2,7,321
gep18,00,2026-05-28,2026-06-04,gcrew,noaa_gefs,18,WindSpeed_ms_mean,7,7.469515003650624
gep18,00,2026-05-28,2026-06-05,gcrew,noaa_gefs,18,AirTemp_C_mean,8,15.955716705322288
gep18,00,2026-05-28,2026-06-05,gcrew,noaa_gefs,18,Pressure_Pa,8,101952.7724609375
gep18,00,2026-05-28,2026-06-05,gcrew,noaa_gefs,18,RH_percent_mean,8,61.84580373764038
gep18,00,2026-05-28,2026-06-05,gcrew,noaa_gefs,18,Rain_mm_sum,8,0
gep18,00,2026-05-28,2026-06-05,gcrew,noaa_gefs,18,ShortwaveRadiation_Wm2,8,358
gep18,00,2026-05-28,2026-06-05,gcrew,noaa_gefs,18,WindSpeed_ms_mean,8,4.597932834247479
gep18,00,2026-05-28,2026-06-06,gcrew,noaa_gefs,18,AirTemp_C_mean,9,18.72523106166297
gep18,00,2026-05-28,2026-06-06,gcrew,noaa_gefs,18,Pressure_Pa,9,101935.07700892857
gep18,00,2026-05-28,2026-06-06,gcrew,noaa_gefs,18,RH_percent_mean,9,63.01251983642578
gep18,00,2026-05-28,2026-06-06,gcrew,noaa_gefs,18,Rain_mm_sum,9,0
gep18,00,2026-05-28,2026-06-06,gcrew,noaa_gefs,18,ShortwaveRadiation_Wm2,9,409.14285714285717
gep18,00,2026-05-28,2026-06-06,gcrew,noaa_gefs,18,WindSpeed_ms_mean,9,2.582886239108914
gep18,00,2026-05-28,2026-06-07,gcrew,noaa_gefs,18,AirTemp_C_mean,10,20.02813873291018
gep18,00,2026-05-28,2026-06-07,gcrew,noaa_gefs,18,Pressure_Pa,10,101518.1484375
gep18,00,2026-05-28,2026-06-07,gcrew,noaa_gefs,18,RH_percent_mean,10,64.0985107421875
gep18,00,2026-05-28,2026-06-07,gcrew,noaa_gefs,18,Rain_mm_sum,10,0
gep18,00,2026-05-28,2026-06-07,gcrew,noaa_gefs,18,ShortwaveRadiation_Wm2,10,313.25
gep18,00,2026-05-28,2026-06-07,gcrew,noaa_gefs,18,WindSpeed_ms_mean,10,3.0982185202913497
gep18,00,2026-05-28,2026-06-08,gcrew,noaa_gefs,18,AirTemp_C_mean,11,21.244317626953148
gep18,00,2026-05-28,2026-06-08,gcrew,noaa_gefs,18,Pressure_Pa,11,100838.3359375
gep18,00,2026-05-28,2026-06-08,gcrew,noaa_gefs,18,RH_percent_mean,11,83.27591323852539
gep18,00,2026-05-28,2026-06-08,gcrew,noaa_gefs,18,Rain_mm_sum,11,10.500000312924385
gep18,00,2026-05-28,2026-06-08,gcrew,noaa_gefs,18,ShortwaveRadiation_Wm2,11,130.75
gep18,00,2026-05-28,2026-06-08,gcrew,noaa_gefs,18,WindSpeed_ms_mean,11,5.466295843691377
gep18,00,2026-05-28,2026-06-09,gcrew,noaa_gefs,18,AirTemp_C_mean,12,18.266564941406273
gep18,00,2026-05-28,2026-06-09,gcrew,noaa_gefs,18,Pressure_Pa,12,101545.86328125
gep18,00,2026-05-28,2026-06-09,gcrew,noaa_gefs,18,RH_percent_mean,12,65.5650224685669
gep18,00,2026-05-28,2026-06-09,gcrew,noaa_gefs,18,Rain_mm_sum,12,2.4000000953674316
gep18,00,2026-05-28,2026-06-09,gcrew,noaa_gefs,18,ShortwaveRadiation_Wm2,12,361.25
gep18,00,2026-05-28,2026-06-09,gcrew,noaa_gefs,18,WindSpeed_ms_mean,12,7.459937362211188
gep18,00,2026-05-28,2026-06-10,gcrew,noaa_gefs,18,AirTemp_C_mean,13,17.935144042968773
gep18,00,2026-05-28,2026-06-10,gcrew,noaa_gefs,18,Pressure_Pa,13,102414.19921875
gep18,00,2026-05-28,2026-06-10,gcrew,noaa_gefs,18,RH_percent_mean,13,56.38784217834473
gep18,00,2026-05-28,2026-06-10,gcrew,noaa_gefs,18,Rain_mm_sum,13,0
gep18,00,2026-05-28,2026-06-10,gcrew,noaa_gefs,18,ShortwaveRadiation_Wm2,13,363.25
gep18,00,2026-05-28,2026-06-10,gcrew,noaa_gefs,18,WindSpeed_ms_mean,13,4.315274059982924
gep18,00,2026-05-28,2026-06-11,gcrew,noaa_gefs,18,AirTemp_C_mean,14,18.79597625732424
gep18,00,2026-05-28,2026-06-11,gcrew,noaa_gefs,18,Pressure_Pa,14,102375.763671875
gep18,00,2026-05-28,2026-06-11,gcrew,noaa_gefs,18,RH_percent_mean,14,57.19118881225586
gep18,00,2026-05-28,2026-06-11,gcrew,noaa_gefs,18,Rain_mm_sum,14,0
gep18,00,2026-05-28,2026-06-11,gcrew,noaa_gefs,18,ShortwaveRadiation_Wm2,14,359.25
gep18,00,2026-05-28,2026-06-11,gcrew,noaa_gefs,18,WindSpeed_ms_mean,14,2.5567400202041837
gep18,00,2026-05-28,2026-06-12,gcrew,noaa_gefs,18,AirTemp_C_mean,15,20.419717407226585
gep18,00,2026-05-28,2026-06-12,gcrew,noaa_gefs,18,Pressure_Pa,15,101882.580078125
gep18,00,2026-05-28,2026-06-12,gcrew,noaa_gefs,18,RH_percent_mean,15,61.499000549316406
gep18,00,2026-05-28,2026-06-12,gcrew,noaa_gefs,18,Rain_mm_sum,15,0
gep18,00,2026-05-28,2026-06-12,gcrew,noaa_gefs,18,ShortwaveRadiation_Wm2,15,338.75
gep18,00,2026-05-28,2026-06-12,gcrew,noaa_gefs,18,WindSpeed_ms_mean,15,2.427922764317797
gep18,00,2026-05-28,2026-06-13,gcrew,noaa_gefs,18,AirTemp_C_mean,16,22.97486267089846
gep18,00,2026-05-28,2026-06-13,gcrew,noaa_gefs,18,Pressure_Pa,16,101575.34375
gep18,00,2026-05-28,2026-06-13,gcrew,noaa_gefs,18,RH_percent_mean,16,66.48400783538818
gep18,00,2026-05-28,2026-06-13,gcrew,noaa_gefs,18,Rain_mm_sum,16,0
gep18,00,2026-05-28,2026-06-13,gcrew,noaa_gefs,18,ShortwaveRadiation_Wm2,16,336.75
gep18,00,2026-05-28,2026-06-13,gcrew,noaa_gefs,18,WindSpeed_ms_mean,16,3.760233349203137
gep18,00,2026-05-28,2026-06-14,gcrew,noaa_gefs,18,AirTemp_C_mean,17,21.73445281982424
gep18,00,2026-05-28,2026-06-14,gcrew,noaa_gefs,18,Pressure_Pa,17,101758.880859375
gep18,00,2026-05-28,2026-06-14,gcrew,noaa_gefs,18,RH_percent_mean,17,60.63445472717285
gep18,00,2026-05-28,2026-06-14,gcrew,noaa_gefs,18,Rain_mm_sum,17,0
gep18,00,2026-05-28,2026-06-14,gcrew,noaa_gefs,18,ShortwaveRadiation_Wm2,17,345
gep18,00,2026-05-28,2026-06-14,gcrew,noaa_gefs,18,WindSpeed_ms_mean,17,3.877745024465436
gep18,00,2026-05-28,2026-06-15,gcrew,noaa_gefs,18,AirTemp_C_mean,18,27.282464599609398
gep18,00,2026-05-28,2026-06-15,gcrew,noaa_gefs,18,Pressure_Pa,18,101216.53125
gep18,00,2026-05-28,2026-06-15,gcrew,noaa_gefs,18,RH_percent_mean,18,62.073336601257324
gep18,00,2026-05-28,2026-06-15,gcrew,noaa_gefs,18,Rain_mm_sum,18,0.10000000149011612
gep18,00,2026-05-28,2026-06-15,gcrew,noaa_gefs,18,ShortwaveRadiation_Wm2,18,342.25
gep18,00,2026-05-28,2026-06-15,gcrew,noaa_gefs,18,WindSpeed_ms_mean,18,3.863105661866631
gep18,00,2026-05-28,2026-06-16,gcrew,noaa_gefs,18,AirTemp_C_mean,19,27.164888000488304
gep18,00,2026-05-28,2026-06-16,gcrew,noaa_gefs,18,Pressure_Pa,19,101554.767578125
gep18,00,2026-05-28,2026-06-16,gcrew,noaa_gefs,18,RH_percent_mean,19,61.02194118499756
gep18,00,2026-05-28,2026-06-16,gcrew,noaa_gefs,18,Rain_mm_sum,19,0.10000000149011612
gep18,00,2026-05-28,2026-06-16,gcrew,noaa_gefs,18,ShortwaveRadiation_Wm2,19,297.5
gep18,00,2026-05-28,2026-06-16,gcrew,noaa_gefs,18,WindSpeed_ms_mean,19,2.604843904299301
gep18,00,2026-05-28,2026-06-17,gcrew,noaa_gefs,18,AirTemp_C_mean,20,22.97168884277346
gep18,00,2026-05-28,2026-06-17,gcrew,noaa_gefs,18,Pressure_Pa,20,101994.060546875
gep18,00,2026-05-28,2026-06-17,gcrew,noaa_gefs,18,RH_percent_mean,20,85.14014625549316
gep18,00,2026-05-28,2026-06-17,gcrew,noaa_gefs,18,Rain_mm_sum,20,2.9000000953674316
gep18,00,2026-05-28,2026-06-17,gcrew,noaa_gefs,18,ShortwaveRadiation_Wm2,20,269.25
gep18,00,2026-05-28,2026-06-17,gcrew,noaa_gefs,18,WindSpeed_ms_mean,20,4.609625277607201
gep18,00,2026-05-28,2026-06-18,gcrew,noaa_gefs,18,AirTemp_C_mean,21,22.94593963623049
gep18,00,2026-05-28,2026-06-18,gcrew,noaa_gefs,18,Pressure_Pa,21,101981.146484375
gep18,00,2026-05-28,2026-06-18,gcrew,noaa_gefs,18,RH_percent_mean,21,86.89044570922852
gep18,00,2026-05-28,2026-06-18,gcrew,noaa_gefs,18,Rain_mm_sum,21,1.4000000357627869
gep18,00,2026-05-28,2026-06-18,gcrew,noaa_gefs,18,ShortwaveRadiation_Wm2,21,303.25
gep18,00,2026-05-28,2026-06-18,gcrew,noaa_gefs,18,WindSpeed_ms_mean,21,2.586226235579734
gep18,00,2026-05-28,2026-06-19,gcrew,noaa_gefs,18,AirTemp_C_mean,22,26.268060302734398
gep18,00,2026-05-28,2026-06-19,gcrew,noaa_gefs,18,Pressure_Pa,22,101740.232421875
gep18,00,2026-05-28,2026-06-19,gcrew,noaa_gefs,18,RH_percent_mean,22,70.88781070709229
gep18,00,2026-05-28,2026-06-19,gcrew,noaa_gefs,18,Rain_mm_sum,22,0
gep18,00,2026-05-28,2026-06-19,gcrew,noaa_gefs,18,ShortwaveRadiation_Wm2,22,333
gep18,00,2026-05-28,2026-06-19,gcrew,noaa_gefs,18,WindSpeed_ms_mean,22,4.6750494445637285
gep18,00,2026-05-28,2026-06-20,gcrew,noaa_gefs,18,AirTemp_C_mean,23,27.841043090820335
gep18,00,2026-05-28,2026-06-20,gcrew,noaa_gefs,18,Pressure_Pa,23,101515.064453125
gep18,00,2026-05-28,2026-06-20,gcrew,noaa_gefs,18,RH_percent_mean,23,61.98535442352295
gep18,00,2026-05-28,2026-06-20,gcrew,noaa_gefs,18,Rain_mm_sum,23,0
gep18,00,2026-05-28,2026-06-20,gcrew,noaa_gefs,18,ShortwaveRadiation_Wm2,23,317.5
gep18,00,2026-05-28,2026-06-20,gcrew,noaa_gefs,18,WindSpeed_ms_mean,23,3.626574370372676
gep18,00,2026-05-28,2026-06-21,gcrew,noaa_gefs,18,AirTemp_C_mean,24,27.115220642089866
gep18,00,2026-05-28,2026-06-21,gcrew,noaa_gefs,18,Pressure_Pa,24,101335.810546875
gep18,00,2026-05-28,2026-06-21,gcrew,noaa_gefs,18,RH_percent_mean,24,61.86435508728027
gep18,00,2026-05-28,2026-06-21,gcrew,noaa_gefs,18,Rain_mm_sum,24,0
gep18,00,2026-05-28,2026-06-21,gcrew,noaa_gefs,18,ShortwaveRadiation_Wm2,24,325.75
gep18,00,2026-05-28,2026-06-21,gcrew,noaa_gefs,18,WindSpeed_ms_mean,24,4.1586571738201075
gep18,00,2026-05-28,2026-06-22,gcrew,noaa_gefs,18,AirTemp_C_mean,25,24.424424743652366
gep18,00,2026-05-28,2026-06-22,gcrew,noaa_gefs,18,Pressure_Pa,25,101386.505859375
gep18,00,2026-05-28,2026-06-22,gcrew,noaa_gefs,18,RH_percent_mean,25,81.4093132019043
gep18,00,2026-05-28,2026-06-22,gcrew,noaa_gefs,18,Rain_mm_sum,25,0.4000000059604645
gep18,00,2026-05-28,2026-06-22,gcrew,noaa_gefs,18,ShortwaveRadiation_Wm2,25,100.5
gep18,00,2026-05-28,2026-06-22,gcrew,noaa_gefs,18,WindSpeed_ms_mean,25,4.003219955758446
gep18,00,2026-05-28,2026-06-23,gcrew,noaa_gefs,18,AirTemp_C_mean,26,22.006524658203148
gep18,00,2026-05-28,2026-06-23,gcrew,noaa_gefs,18,Pressure_Pa,26,101129.3515625
gep18,00,2026-05-28,2026-06-23,gcrew,noaa_gefs,18,RH_percent_mean,26,93.43722724914551
gep18,00,2026-05-28,2026-06-23,gcrew,noaa_gefs,18,Rain_mm_sum,26,55.300001695752144
gep18,00,2026-05-28,2026-06-23,gcrew,noaa_gefs,18,ShortwaveRadiation_Wm2,26,22.75
gep18,00,2026-05-28,2026-06-23,gcrew,noaa_gefs,18,WindSpeed_ms_mean,26,4.542991536121778
gep18,00,2026-05-28,2026-06-24,gcrew,noaa_gefs,18,AirTemp_C_mean,27,22.589105224609398
gep18,00,2026-05-28,2026-06-24,gcrew,noaa_gefs,18,Pressure_Pa,27,100791.896484375
gep18,00,2026-05-28,2026-06-24,gcrew,noaa_gefs,18,RH_percent_mean,27,86.6486873626709
gep18,00,2026-05-28,2026-06-24,gcrew,noaa_gefs,18,Rain_mm_sum,27,8.000000096857548
gep18,00,2026-05-28,2026-06-24,gcrew,noaa_gefs,18,ShortwaveRadiation_Wm2,27,230.25
gep18,00,2026-05-28,2026-06-24,gcrew,noaa_gefs,18,WindSpeed_ms_mean,27,4.664738764840051
gep18,00,2026-05-28,2026-06-25,gcrew,noaa_gefs,18,AirTemp_C_mean,28,21.151040649414085
gep18,00,2026-05-28,2026-06-25,gcrew,noaa_gefs,18,Pressure_Pa,28,100968.654296875
gep18,00,2026-05-28,2026-06-25,gcrew,noaa_gefs,18,RH_percent_mean,28,59.870840072631836
gep18,00,2026-05-28,2026-06-25,gcrew,noaa_gefs,18,Rain_mm_sum,28,0.10000000149011612
gep18,00,2026-05-28,2026-06-25,gcrew,noaa_gefs,18,ShortwaveRadiation_Wm2,28,355.75
gep18,00,2026-05-28,2026-06-25,gcrew,noaa_gefs,18,WindSpeed_ms_mean,28,4.965440944060037
gep18,00,2026-05-28,2026-06-26,gcrew,noaa_gefs,18,AirTemp_C_mean,29,20.49548492431643
gep18,00,2026-05-28,2026-06-26,gcrew,noaa_gefs,18,Pressure_Pa,29,101440.876953125
gep18,00,2026-05-28,2026-06-26,gcrew,noaa_gefs,18,RH_percent_mean,29,59.463311195373535
gep18,00,2026-05-28,2026-06-26,gcrew,noaa_gefs,18,Rain_mm_sum,29,0
gep18,00,2026-05-28,2026-06-26,gcrew,noaa_gefs,18,ShortwaveRadiation_Wm2,29,351
gep18,00,2026-05-28,2026-06-26,gcrew,noaa_gefs,18,WindSpeed_ms_mean,29,4.224020219033529
gep18,00,2026-05-28,2026-06-27,gcrew,noaa_gefs,18,AirTemp_C_mean,30,22.24182281494143
gep18,00,2026-05-28,2026-06-27,gcrew,noaa_gefs,18,Pressure_Pa,30,101707.216796875
gep18,00,2026-05-28,2026-06-27,gcrew,noaa_gefs,18,RH_percent_mean,30,58.40474605560303
gep18,00,2026-05-28,2026-06-27,gcrew,noaa_gefs,18,Rain_mm_sum,30,0
gep18,00,2026-05-28,2026-06-27,gcrew,noaa_gefs,18,ShortwaveRadiation_Wm2,30,351
gep18,00,2026-05-28,2026-06-27,gcrew,noaa_gefs,18,WindSpeed_ms_mean,30,4.272810309335263
gep18,00,2026-05-28,2026-06-28,gcrew,noaa_gefs,18,AirTemp_C_mean,31,24.168817138671898
gep18,00,2026-05-28,2026-06-28,gcrew,noaa_gefs,18,Pressure_Pa,31,101494.826171875
gep18,00,2026-05-28,2026-06-28,gcrew,noaa_gefs,18,RH_percent_mean,31,71.39916801452637
gep18,00,2026-05-28,2026-06-28,gcrew,noaa_gefs,18,Rain_mm_sum,31,0
gep18,00,2026-05-28,2026-06-28,gcrew,noaa_gefs,18,ShortwaveRadiation_Wm2,31,344
gep18,00,2026-05-28,2026-06-28,gcrew,noaa_gefs,18,WindSpeed_ms_mean,31,3.5498743444693566
gep18,00,2026-05-28,2026-06-29,gcrew,noaa_gefs,18,AirTemp_C_mean,32,26.337808227539085
gep18,00,2026-05-28,2026-06-29,gcrew,noaa_gefs,18,Pressure_Pa,32,101015.88671875
gep18,00,2026-05-28,2026-06-29,gcrew,noaa_gefs,18,RH_percent_mean,32,67.18145847320557
gep18,00,2026-05-28,2026-06-29,gcrew,noaa_gefs,18,Rain_mm_sum,32,0
gep18,00,2026-05-28,2026-06-29,gcrew,noaa_gefs,18,ShortwaveRadiation_Wm2,32,322.5
gep18,00,2026-05-28,2026-06-29,gcrew,noaa_gefs,18,WindSpeed_ms_mean,32,3.924499337392451
gep18,00,2026-05-28,2026-06-30,gcrew,noaa_gefs,18,AirTemp_C_mean,33,26.703363037109398
gep18,00,2026-05-28,2026-06-30,gcrew,noaa_gefs,18,Pressure_Pa,33,100415.265625
gep18,00,2026-05-28,2026-06-30,gcrew,noaa_gefs,18,RH_percent_mean,33,70.66891098022461
gep18,00,2026-05-28,2026-06-30,gcrew,noaa_gefs,18,Rain_mm_sum,33,0.7999999895691872
gep18,00,2026-05-28,2026-06-30,gcrew,noaa_gefs,18,ShortwaveRadiation_Wm2,33,221.5
gep18,00,2026-05-28,2026-06-30,gcrew,noaa_gefs,18,WindSpeed_ms_mean,33,2.4540543323176753
gep18,00,2026-05-28,2026-07-01,gcrew,noaa_gefs,18,AirTemp_C_mean,34,25.300759887695335
gep18,00,2026-05-28,2026-07-01,gcrew,noaa_gefs,18,Pressure_Pa,34,100593.78515625
gep18,00,2026-05-28,2026-07-01,gcrew,noaa_gefs,18,RH_percent_mean,34,66.53337669372559
gep18,00,2026-05-28,2026-07-01,gcrew,noaa_gefs,18,Rain_mm_sum,34,0.20000000298023224
gep18,00,2026-05-28,2026-07-01,gcrew,noaa_gefs,18,ShortwaveRadiation_Wm2,34,347.5
gep18,00,2026-05-28,2026-07-01,gcrew,noaa_gefs,18,WindSpeed_ms_mean,34,3.569256045713047
gep19,00,2026-05-28,2026-05-29,gcrew,noaa_gefs,19,AirTemp_C_mean,1,16.984544372558616
gep19,00,2026-05-28,2026-05-29,gcrew,noaa_gefs,19,Pressure_Pa,1,101312.3720703125
gep19,00,2026-05-28,2026-05-29,gcrew,noaa_gefs,19,RH_percent_mean,1,66.49901962280273
gep19,00,2026-05-28,2026-05-29,gcrew,noaa_gefs,19,Rain_mm_sum,1,0
gep19,00,2026-05-28,2026-05-29,gcrew,noaa_gefs,19,ShortwaveRadiation_Wm2,1,358.5
gep19,00,2026-05-28,2026-05-29,gcrew,noaa_gefs,19,WindSpeed_ms_mean,1,3.324157800523961
gep19,00,2026-05-28,2026-05-30,gcrew,noaa_gefs,19,AirTemp_C_mean,2,14.520104980468773
gep19,00,2026-05-28,2026-05-30,gcrew,noaa_gefs,19,Pressure_Pa,2,101405.7275390625
gep19,00,2026-05-28,2026-05-30,gcrew,noaa_gefs,19,RH_percent_mean,2,63.8339786529541
gep19,00,2026-05-28,2026-05-30,gcrew,noaa_gefs,19,Rain_mm_sum,2,0
gep19,00,2026-05-28,2026-05-30,gcrew,noaa_gefs,19,ShortwaveRadiation_Wm2,2,354
gep19,00,2026-05-28,2026-05-30,gcrew,noaa_gefs,19,WindSpeed_ms_mean,2,6.158624703355217
gep19,00,2026-05-28,2026-05-31,gcrew,noaa_gefs,19,AirTemp_C_mean,3,13.913762664794945
gep19,00,2026-05-28,2026-05-31,gcrew,noaa_gefs,19,Pressure_Pa,3,101891.111328125
gep19,00,2026-05-28,2026-05-31,gcrew,noaa_gefs,19,RH_percent_mean,3,62.99015474319458
gep19,00,2026-05-28,2026-05-31,gcrew,noaa_gefs,19,Rain_mm_sum,3,0
gep19,00,2026-05-28,2026-05-31,gcrew,noaa_gefs,19,ShortwaveRadiation_Wm2,3,361
gep19,00,2026-05-28,2026-05-31,gcrew,noaa_gefs,19,WindSpeed_ms_mean,3,2.3322553142904607
gep19,00,2026-05-28,2026-06-01,gcrew,noaa_gefs,19,AirTemp_C_mean,4,16.62330780029299
gep19,00,2026-05-28,2026-06-01,gcrew,noaa_gefs,19,Pressure_Pa,4,101337.8271484375
gep19,00,2026-05-28,2026-06-01,gcrew,noaa_gefs,19,RH_percent_mean,4,63.69150733947754
gep19,00,2026-05-28,2026-06-01,gcrew,noaa_gefs,19,Rain_mm_sum,4,0
gep19,00,2026-05-28,2026-06-01,gcrew,noaa_gefs,19,ShortwaveRadiation_Wm2,4,325.125
gep19,00,2026-05-28,2026-06-01,gcrew,noaa_gefs,19,WindSpeed_ms_mean,4,3.743790953418161
gep19,00,2026-05-28,2026-06-02,gcrew,noaa_gefs,19,AirTemp_C_mean,5,16.618074035644554
gep19,00,2026-05-28,2026-06-02,gcrew,noaa_gefs,19,Pressure_Pa,5,101068.361328125
gep19,00,2026-05-28,2026-06-02,gcrew,noaa_gefs,19,RH_percent_mean,5,61.181997299194336
gep19,00,2026-05-28,2026-06-02,gcrew,noaa_gefs,19,Rain_mm_sum,5,0
gep19,00,2026-05-28,2026-06-02,gcrew,noaa_gefs,19,ShortwaveRadiation_Wm2,5,345.875
gep19,00,2026-05-28,2026-06-02,gcrew,noaa_gefs,19,WindSpeed_ms_mean,5,2.656702509480038
gep19,00,2026-05-28,2026-06-03,gcrew,noaa_gefs,19,AirTemp_C_mean,6,14.53361282348635
gep19,00,2026-05-28,2026-06-03,gcrew,noaa_gefs,19,Pressure_Pa,6,101265.8505859375
gep19,00,2026-05-28,2026-06-03,gcrew,noaa_gefs,19,RH_percent_mean,6,58.42056369781494
gep19,00,2026-05-28,2026-06-03,gcrew,noaa_gefs,19,Rain_mm_sum,6,0.42000001296401024
gep19,00,2026-05-28,2026-06-03,gcrew,noaa_gefs,19,ShortwaveRadiation_Wm2,6,296.5
gep19,00,2026-05-28,2026-06-03,gcrew,noaa_gefs,19,WindSpeed_ms_mean,6,7.54477270972776
gep19,00,2026-05-28,2026-06-04,gcrew,noaa_gefs,19,AirTemp_C_mean,7,14.779225921630882
gep19,00,2026-05-28,2026-06-04,gcrew,noaa_gefs,19,Pressure_Pa,7,101801.623046875
gep19,00,2026-05-28,2026-06-04,gcrew,noaa_gefs,19,RH_percent_mean,7,63.78340291976929
gep19,00,2026-05-28,2026-06-04,gcrew,noaa_gefs,19,Rain_mm_sum,7,0.3100000023841858
gep19,00,2026-05-28,2026-06-04,gcrew,noaa_gefs,19,ShortwaveRadiation_Wm2,7,321
gep19,00,2026-05-28,2026-06-04,gcrew,noaa_gefs,19,WindSpeed_ms_mean,7,7.469515003650624
gep19,00,2026-05-28,2026-06-05,gcrew,noaa_gefs,19,AirTemp_C_mean,8,15.955716705322288
gep19,00,2026-05-28,2026-06-05,gcrew,noaa_gefs,19,Pressure_Pa,8,101952.7724609375
gep19,00,2026-05-28,2026-06-05,gcrew,noaa_gefs,19,RH_percent_mean,8,61.84580373764038
gep19,00,2026-05-28,2026-06-05,gcrew,noaa_gefs,19,Rain_mm_sum,8,0
gep19,00,2026-05-28,2026-06-05,gcrew,noaa_gefs,19,ShortwaveRadiation_Wm2,8,358
gep19,00,2026-05-28,2026-06-05,gcrew,noaa_gefs,19,WindSpeed_ms_mean,8,4.597932834247479
gep19,00,2026-05-28,2026-06-06,gcrew,noaa_gefs,19,AirTemp_C_mean,9,18.72523106166297
gep19,00,2026-05-28,2026-06-06,gcrew,noaa_gefs,19,Pressure_Pa,9,101935.07700892857
gep19,00,2026-05-28,2026-06-06,gcrew,noaa_gefs,19,RH_percent_mean,9,63.01251983642578
gep19,00,2026-05-28,2026-06-06,gcrew,noaa_gefs,19,Rain_mm_sum,9,0
gep19,00,2026-05-28,2026-06-06,gcrew,noaa_gefs,19,ShortwaveRadiation_Wm2,9,409.14285714285717
gep19,00,2026-05-28,2026-06-06,gcrew,noaa_gefs,19,WindSpeed_ms_mean,9,2.582886239108914
gep19,00,2026-05-28,2026-06-07,gcrew,noaa_gefs,19,AirTemp_C_mean,10,20.02813873291018
gep19,00,2026-05-28,2026-06-07,gcrew,noaa_gefs,19,Pressure_Pa,10,101518.1484375
gep19,00,2026-05-28,2026-06-07,gcrew,noaa_gefs,19,RH_percent_mean,10,64.0985107421875
gep19,00,2026-05-28,2026-06-07,gcrew,noaa_gefs,19,Rain_mm_sum,10,0
gep19,00,2026-05-28,2026-06-07,gcrew,noaa_gefs,19,ShortwaveRadiation_Wm2,10,313.25
gep19,00,2026-05-28,2026-06-07,gcrew,noaa_gefs,19,WindSpeed_ms_mean,10,3.0982185202913497
gep19,00,2026-05-28,2026-06-08,gcrew,noaa_gefs,19,AirTemp_C_mean,11,21.244317626953148
gep19,00,2026-05-28,2026-06-08,gcrew,noaa_gefs,19,Pressure_Pa,11,100838.3359375
gep19,00,2026-05-28,2026-06-08,gcrew,noaa_gefs,19,RH_percent_mean,11,83.27591323852539
gep19,00,2026-05-28,2026-06-08,gcrew,noaa_gefs,19,Rain_mm_sum,11,10.500000312924385
gep19,00,2026-05-28,2026-06-08,gcrew,noaa_gefs,19,ShortwaveRadiation_Wm2,11,130.75
gep19,00,2026-05-28,2026-06-08,gcrew,noaa_gefs,19,WindSpeed_ms_mean,11,5.466295843691377
gep19,00,2026-05-28,2026-06-09,gcrew,noaa_gefs,19,AirTemp_C_mean,12,18.266564941406273
gep19,00,2026-05-28,2026-06-09,gcrew,noaa_gefs,19,Pressure_Pa,12,101545.86328125
gep19,00,2026-05-28,2026-06-09,gcrew,noaa_gefs,19,RH_percent_mean,12,65.5650224685669
gep19,00,2026-05-28,2026-06-09,gcrew,noaa_gefs,19,Rain_mm_sum,12,2.4000000953674316
gep19,00,2026-05-28,2026-06-09,gcrew,noaa_gefs,19,ShortwaveRadiation_Wm2,12,361.25
gep19,00,2026-05-28,2026-06-09,gcrew,noaa_gefs,19,WindSpeed_ms_mean,12,7.459937362211188
gep19,00,2026-05-28,2026-06-10,gcrew,noaa_gefs,19,AirTemp_C_mean,13,17.935144042968773
gep19,00,2026-05-28,2026-06-10,gcrew,noaa_gefs,19,Pressure_Pa,13,102414.19921875
gep19,00,2026-05-28,2026-06-10,gcrew,noaa_gefs,19,RH_percent_mean,13,56.38784217834473
gep19,00,2026-05-28,2026-06-10,gcrew,noaa_gefs,19,Rain_mm_sum,13,0
gep19,00,2026-05-28,2026-06-10,gcrew,noaa_gefs,19,ShortwaveRadiation_Wm2,13,363.25
gep19,00,2026-05-28,2026-06-10,gcrew,noaa_gefs,19,WindSpeed_ms_mean,13,4.315274059982924
gep19,00,2026-05-28,2026-06-11,gcrew,noaa_gefs,19,AirTemp_C_mean,14,18.79597625732424
gep19,00,2026-05-28,2026-06-11,gcrew,noaa_gefs,19,Pressure_Pa,14,102375.763671875
gep19,00,2026-05-28,2026-06-11,gcrew,noaa_gefs,19,RH_percent_mean,14,57.19118881225586
gep19,00,2026-05-28,2026-06-11,gcrew,noaa_gefs,19,Rain_mm_sum,14,0
gep19,00,2026-05-28,2026-06-11,gcrew,noaa_gefs,19,ShortwaveRadiation_Wm2,14,359.25
gep19,00,2026-05-28,2026-06-11,gcrew,noaa_gefs,19,WindSpeed_ms_mean,14,2.5567400202041837
gep19,00,2026-05-28,2026-06-12,gcrew,noaa_gefs,19,AirTemp_C_mean,15,20.419717407226585
gep19,00,2026-05-28,2026-06-12,gcrew,noaa_gefs,19,Pressure_Pa,15,101882.580078125
gep19,00,2026-05-28,2026-06-12,gcrew,noaa_gefs,19,RH_percent_mean,15,61.499000549316406
gep19,00,2026-05-28,2026-06-12,gcrew,noaa_gefs,19,Rain_mm_sum,15,0
gep19,00,2026-05-28,2026-06-12,gcrew,noaa_gefs,19,ShortwaveRadiation_Wm2,15,338.75
gep19,00,2026-05-28,2026-06-12,gcrew,noaa_gefs,19,WindSpeed_ms_mean,15,2.427922764317797
gep19,00,2026-05-28,2026-06-13,gcrew,noaa_gefs,19,AirTemp_C_mean,16,22.97486267089846
gep19,00,2026-05-28,2026-06-13,gcrew,noaa_gefs,19,Pressure_Pa,16,101575.34375
gep19,00,2026-05-28,2026-06-13,gcrew,noaa_gefs,19,RH_percent_mean,16,66.48400783538818
gep19,00,2026-05-28,2026-06-13,gcrew,noaa_gefs,19,Rain_mm_sum,16,0
gep19,00,2026-05-28,2026-06-13,gcrew,noaa_gefs,19,ShortwaveRadiation_Wm2,16,336.75
gep19,00,2026-05-28,2026-06-13,gcrew,noaa_gefs,19,WindSpeed_ms_mean,16,3.760233349203137
gep19,00,2026-05-28,2026-06-14,gcrew,noaa_gefs,19,AirTemp_C_mean,17,21.73445281982424
gep19,00,2026-05-28,2026-06-14,gcrew,noaa_gefs,19,Pressure_Pa,17,101758.880859375
gep19,00,2026-05-28,2026-06-14,gcrew,noaa_gefs,19,RH_percent_mean,17,60.63445472717285
gep19,00,2026-05-28,2026-06-14,gcrew,noaa_gefs,19,Rain_mm_sum,17,0
gep19,00,2026-05-28,2026-06-14,gcrew,noaa_gefs,19,ShortwaveRadiation_Wm2,17,345
gep19,00,2026-05-28,2026-06-14,gcrew,noaa_gefs,19,WindSpeed_ms_mean,17,3.877745024465436
gep19,00,2026-05-28,2026-06-15,gcrew,noaa_gefs,19,AirTemp_C_mean,18,27.282464599609398
gep19,00,2026-05-28,2026-06-15,gcrew,noaa_gefs,19,Pressure_Pa,18,101216.53125
gep19,00,2026-05-28,2026-06-15,gcrew,noaa_gefs,19,RH_percent_mean,18,62.073336601257324
gep19,00,2026-05-28,2026-06-15,gcrew,noaa_gefs,19,Rain_mm_sum,18,0.10000000149011612
gep19,00,2026-05-28,2026-06-15,gcrew,noaa_gefs,19,ShortwaveRadiation_Wm2,18,342.25
gep19,00,2026-05-28,2026-06-15,gcrew,noaa_gefs,19,WindSpeed_ms_mean,18,3.863105661866631
gep19,00,2026-05-28,2026-06-16,gcrew,noaa_gefs,19,AirTemp_C_mean,19,27.164888000488304
gep19,00,2026-05-28,2026-06-16,gcrew,noaa_gefs,19,Pressure_Pa,19,101554.767578125
gep19,00,2026-05-28,2026-06-16,gcrew,noaa_gefs,19,RH_percent_mean,19,61.02194118499756
gep19,00,2026-05-28,2026-06-16,gcrew,noaa_gefs,19,Rain_mm_sum,19,0.10000000149011612
gep19,00,2026-05-28,2026-06-16,gcrew,noaa_gefs,19,ShortwaveRadiation_Wm2,19,297.5
gep19,00,2026-05-28,2026-06-16,gcrew,noaa_gefs,19,WindSpeed_ms_mean,19,2.604843904299301
gep19,00,2026-05-28,2026-06-17,gcrew,noaa_gefs,19,AirTemp_C_mean,20,22.97168884277346
gep19,00,2026-05-28,2026-06-17,gcrew,noaa_gefs,19,Pressure_Pa,20,101994.060546875
gep19,00,2026-05-28,2026-06-17,gcrew,noaa_gefs,19,RH_percent_mean,20,85.14014625549316
gep19,00,2026-05-28,2026-06-17,gcrew,noaa_gefs,19,Rain_mm_sum,20,2.9000000953674316
gep19,00,2026-05-28,2026-06-17,gcrew,noaa_gefs,19,ShortwaveRadiation_Wm2,20,269.25
gep19,00,2026-05-28,2026-06-17,gcrew,noaa_gefs,19,WindSpeed_ms_mean,20,4.609625277607201
gep19,00,2026-05-28,2026-06-18,gcrew,noaa_gefs,19,AirTemp_C_mean,21,22.94593963623049
gep19,00,2026-05-28,2026-06-18,gcrew,noaa_gefs,19,Pressure_Pa,21,101981.146484375
gep19,00,2026-05-28,2026-06-18,gcrew,noaa_gefs,19,RH_percent_mean,21,86.89044570922852
gep19,00,2026-05-28,2026-06-18,gcrew,noaa_gefs,19,Rain_mm_sum,21,1.4000000357627869
gep19,00,2026-05-28,2026-06-18,gcrew,noaa_gefs,19,ShortwaveRadiation_Wm2,21,303.25
gep19,00,2026-05-28,2026-06-18,gcrew,noaa_gefs,19,WindSpeed_ms_mean,21,2.586226235579734
gep19,00,2026-05-28,2026-06-19,gcrew,noaa_gefs,19,AirTemp_C_mean,22,26.268060302734398
gep19,00,2026-05-28,2026-06-19,gcrew,noaa_gefs,19,Pressure_Pa,22,101740.232421875
gep19,00,2026-05-28,2026-06-19,gcrew,noaa_gefs,19,RH_percent_mean,22,70.88781070709229
gep19,00,2026-05-28,2026-06-19,gcrew,noaa_gefs,19,Rain_mm_sum,22,0
gep19,00,2026-05-28,2026-06-19,gcrew,noaa_gefs,19,ShortwaveRadiation_Wm2,22,333
gep19,00,2026-05-28,2026-06-19,gcrew,noaa_gefs,19,WindSpeed_ms_mean,22,4.6750494445637285
gep19,00,2026-05-28,2026-06-20,gcrew,noaa_gefs,19,AirTemp_C_mean,23,27.841043090820335
gep19,00,2026-05-28,2026-06-20,gcrew,noaa_gefs,19,Pressure_Pa,23,101515.064453125
gep19,00,2026-05-28,2026-06-20,gcrew,noaa_gefs,19,RH_percent_mean,23,61.98535442352295
gep19,00,2026-05-28,2026-06-20,gcrew,noaa_gefs,19,Rain_mm_sum,23,0
gep19,00,2026-05-28,2026-06-20,gcrew,noaa_gefs,19,ShortwaveRadiation_Wm2,23,317.5
gep19,00,2026-05-28,2026-06-20,gcrew,noaa_gefs,19,WindSpeed_ms_mean,23,3.626574370372676
gep19,00,2026-05-28,2026-06-21,gcrew,noaa_gefs,19,AirTemp_C_mean,24,27.115220642089866
gep19,00,2026-05-28,2026-06-21,gcrew,noaa_gefs,19,Pressure_Pa,24,101335.810546875
gep19,00,2026-05-28,2026-06-21,gcrew,noaa_gefs,19,RH_percent_mean,24,61.86435508728027
gep19,00,2026-05-28,2026-06-21,gcrew,noaa_gefs,19,Rain_mm_sum,24,0
gep19,00,2026-05-28,2026-06-21,gcrew,noaa_gefs,19,ShortwaveRadiation_Wm2,24,325.75
gep19,00,2026-05-28,2026-06-21,gcrew,noaa_gefs,19,WindSpeed_ms_mean,24,4.1586571738201075
gep19,00,2026-05-28,2026-06-22,gcrew,noaa_gefs,19,AirTemp_C_mean,25,24.424424743652366
gep19,00,2026-05-28,2026-06-22,gcrew,noaa_gefs,19,Pressure_Pa,25,101386.505859375
gep19,00,2026-05-28,2026-06-22,gcrew,noaa_gefs,19,RH_percent_mean,25,81.4093132019043
gep19,00,2026-05-28,2026-06-22,gcrew,noaa_gefs,19,Rain_mm_sum,25,0.4000000059604645
gep19,00,2026-05-28,2026-06-22,gcrew,noaa_gefs,19,ShortwaveRadiation_Wm2,25,100.5
gep19,00,2026-05-28,2026-06-22,gcrew,noaa_gefs,19,WindSpeed_ms_mean,25,4.003219955758446
gep19,00,2026-05-28,2026-06-23,gcrew,noaa_gefs,19,AirTemp_C_mean,26,22.006524658203148
gep19,00,2026-05-28,2026-06-23,gcrew,noaa_gefs,19,Pressure_Pa,26,101129.3515625
gep19,00,2026-05-28,2026-06-23,gcrew,noaa_gefs,19,RH_percent_mean,26,93.43722724914551
gep19,00,2026-05-28,2026-06-23,gcrew,noaa_gefs,19,Rain_mm_sum,26,55.300001695752144
gep19,00,2026-05-28,2026-06-23,gcrew,noaa_gefs,19,ShortwaveRadiation_Wm2,26,22.75
gep19,00,2026-05-28,2026-06-23,gcrew,noaa_gefs,19,WindSpeed_ms_mean,26,4.542991536121778
gep19,00,2026-05-28,2026-06-24,gcrew,noaa_gefs,19,AirTemp_C_mean,27,22.589105224609398
gep19,00,2026-05-28,2026-06-24,gcrew,noaa_gefs,19,Pressure_Pa,27,100791.896484375
gep19,00,2026-05-28,2026-06-24,gcrew,noaa_gefs,19,RH_percent_mean,27,86.6486873626709
gep19,00,2026-05-28,2026-06-24,gcrew,noaa_gefs,19,Rain_mm_sum,27,8.000000096857548
gep19,00,2026-05-28,2026-06-24,gcrew,noaa_gefs,19,ShortwaveRadiation_Wm2,27,230.25
gep19,00,2026-05-28,2026-06-24,gcrew,noaa_gefs,19,WindSpeed_ms_mean,27,4.664738764840051
gep19,00,2026-05-28,2026-06-25,gcrew,noaa_gefs,19,AirTemp_C_mean,28,21.151040649414085
gep19,00,2026-05-28,2026-06-25,gcrew,noaa_gefs,19,Pressure_Pa,28,100968.654296875
gep19,00,2026-05-28,2026-06-25,gcrew,noaa_gefs,19,RH_percent_mean,28,59.870840072631836
gep19,00,2026-05-28,2026-06-25,gcrew,noaa_gefs,19,Rain_mm_sum,28,0.10000000149011612
gep19,00,2026-05-28,2026-06-25,gcrew,noaa_gefs,19,ShortwaveRadiation_Wm2,28,355.75
gep19,00,2026-05-28,2026-06-25,gcrew,noaa_gefs,19,WindSpeed_ms_mean,28,4.965440944060037
gep19,00,2026-05-28,2026-06-26,gcrew,noaa_gefs,19,AirTemp_C_mean,29,20.49548492431643
gep19,00,2026-05-28,2026-06-26,gcrew,noaa_gefs,19,Pressure_Pa,29,101440.876953125
gep19,00,2026-05-28,2026-06-26,gcrew,noaa_gefs,19,RH_percent_mean,29,59.463311195373535
gep19,00,2026-05-28,2026-06-26,gcrew,noaa_gefs,19,Rain_mm_sum,29,0
gep19,00,2026-05-28,2026-06-26,gcrew,noaa_gefs,19,ShortwaveRadiation_Wm2,29,351
gep19,00,2026-05-28,2026-06-26,gcrew,noaa_gefs,19,WindSpeed_ms_mean,29,4.224020219033529
gep19,00,2026-05-28,2026-06-27,gcrew,noaa_gefs,19,AirTemp_C_mean,30,22.24182281494143
gep19,00,2026-05-28,2026-06-27,gcrew,noaa_gefs,19,Pressure_Pa,30,101707.216796875
gep19,00,2026-05-28,2026-06-27,gcrew,noaa_gefs,19,RH_percent_mean,30,58.40474605560303
gep19,00,2026-05-28,2026-06-27,gcrew,noaa_gefs,19,Rain_mm_sum,30,0
gep19,00,2026-05-28,2026-06-27,gcrew,noaa_gefs,19,ShortwaveRadiation_Wm2,30,351
gep19,00,2026-05-28,2026-06-27,gcrew,noaa_gefs,19,WindSpeed_ms_mean,30,4.272810309335263
gep19,00,2026-05-28,2026-06-28,gcrew,noaa_gefs,19,AirTemp_C_mean,31,24.168817138671898
gep19,00,2026-05-28,2026-06-28,gcrew,noaa_gefs,19,Pressure_Pa,31,101494.826171875
gep19,00,2026-05-28,2026-06-28,gcrew,noaa_gefs,19,RH_percent_mean,31,71.39916801452637
gep19,00,2026-05-28,2026-06-28,gcrew,noaa_gefs,19,Rain_mm_sum,31,0
gep19,00,2026-05-28,2026-06-28,gcrew,noaa_gefs,19,ShortwaveRadiation_Wm2,31,344
gep19,00,2026-05-28,2026-06-28,gcrew,noaa_gefs,19,WindSpeed_ms_mean,31,3.5498743444693566
gep19,00,2026-05-28,2026-06-29,gcrew,noaa_gefs,19,AirTemp_C_mean,32,26.337808227539085
gep19,00,2026-05-28,2026-06-29,gcrew,noaa_gefs,19,Pressure_Pa,32,101015.88671875
gep19,00,2026-05-28,2026-06-29,gcrew,noaa_gefs,19,RH_percent_mean,32,67.18145847320557
gep19,00,2026-05-28,2026-06-29,gcrew,noaa_gefs,19,Rain_mm_sum,32,0
gep19,00,2026-05-28,2026-06-29,gcrew,noaa_gefs,19,ShortwaveRadiation_Wm2,32,322.5
gep19,00,2026-05-28,2026-06-29,gcrew,noaa_gefs,19,WindSpeed_ms_mean,32,3.924499337392451
gep19,00,2026-05-28,2026-06-30,gcrew,noaa_gefs,19,AirTemp_C_mean,33,26.703363037109398
gep19,00,2026-05-28,2026-06-30,gcrew,noaa_gefs,19,Pressure_Pa,33,100415.265625
gep19,00,2026-05-28,2026-06-30,gcrew,noaa_gefs,19,RH_percent_mean,33,70.66891098022461
gep19,00,2026-05-28,2026-06-30,gcrew,noaa_gefs,19,Rain_mm_sum,33,0.7999999895691872
gep19,00,2026-05-28,2026-06-30,gcrew,noaa_gefs,19,ShortwaveRadiation_Wm2,33,221.5
gep19,00,2026-05-28,2026-06-30,gcrew,noaa_gefs,19,WindSpeed_ms_mean,33,2.4540543323176753
gep19,00,2026-05-28,2026-07-01,gcrew,noaa_gefs,19,AirTemp_C_mean,34,25.300759887695335
gep19,00,2026-05-28,2026-07-01,gcrew,noaa_gefs,19,Pressure_Pa,34,100593.78515625
gep19,00,2026-05-28,2026-07-01,gcrew,noaa_gefs,19,RH_percent_mean,34,66.53337669372559
gep19,00,2026-05-28,2026-07-01,gcrew,noaa_gefs,19,Rain_mm_sum,34,0.20000000298023224
gep19,00,2026-05-28,2026-07-01,gcrew,noaa_gefs,19,ShortwaveRadiation_Wm2,34,347.5
gep19,00,2026-05-28,2026-07-01,gcrew,noaa_gefs,19,WindSpeed_ms_mean,34,3.569256045713047
gep20,00,2026-05-28,2026-05-29,gcrew,noaa_gefs,20,AirTemp_C_mean,1,16.984544372558616
gep20,00,2026-05-28,2026-05-29,gcrew,noaa_gefs,20,Pressure_Pa,1,101312.3720703125
gep20,00,2026-05-28,2026-05-29,gcrew,noaa_gefs,20,RH_percent_mean,1,66.49901962280273
gep20,00,2026-05-28,2026-05-29,gcrew,noaa_gefs,20,Rain_mm_sum,1,0
gep20,00,2026-05-28,2026-05-29,gcrew,noaa_gefs,20,ShortwaveRadiation_Wm2,1,358.5
gep20,00,2026-05-28,2026-05-29,gcrew,noaa_gefs,20,WindSpeed_ms_mean,1,3.324157800523961
gep20,00,2026-05-28,2026-05-30,gcrew,noaa_gefs,20,AirTemp_C_mean,2,14.520104980468773
gep20,00,2026-05-28,2026-05-30,gcrew,noaa_gefs,20,Pressure_Pa,2,101405.7275390625
gep20,00,2026-05-28,2026-05-30,gcrew,noaa_gefs,20,RH_percent_mean,2,63.8339786529541
gep20,00,2026-05-28,2026-05-30,gcrew,noaa_gefs,20,Rain_mm_sum,2,0
gep20,00,2026-05-28,2026-05-30,gcrew,noaa_gefs,20,ShortwaveRadiation_Wm2,2,354
gep20,00,2026-05-28,2026-05-30,gcrew,noaa_gefs,20,WindSpeed_ms_mean,2,6.158624703355217
gep20,00,2026-05-28,2026-05-31,gcrew,noaa_gefs,20,AirTemp_C_mean,3,13.913762664794945
gep20,00,2026-05-28,2026-05-31,gcrew,noaa_gefs,20,Pressure_Pa,3,101891.111328125
gep20,00,2026-05-28,2026-05-31,gcrew,noaa_gefs,20,RH_percent_mean,3,62.99015474319458
gep20,00,2026-05-28,2026-05-31,gcrew,noaa_gefs,20,Rain_mm_sum,3,0
gep20,00,2026-05-28,2026-05-31,gcrew,noaa_gefs,20,ShortwaveRadiation_Wm2,3,361
gep20,00,2026-05-28,2026-05-31,gcrew,noaa_gefs,20,WindSpeed_ms_mean,3,2.3322553142904607
gep20,00,2026-05-28,2026-06-01,gcrew,noaa_gefs,20,AirTemp_C_mean,4,16.62330780029299
gep20,00,2026-05-28,2026-06-01,gcrew,noaa_gefs,20,Pressure_Pa,4,101337.8271484375
gep20,00,2026-05-28,2026-06-01,gcrew,noaa_gefs,20,RH_percent_mean,4,63.69150733947754
gep20,00,2026-05-28,2026-06-01,gcrew,noaa_gefs,20,Rain_mm_sum,4,0
gep20,00,2026-05-28,2026-06-01,gcrew,noaa_gefs,20,ShortwaveRadiation_Wm2,4,325.125
gep20,00,2026-05-28,2026-06-01,gcrew,noaa_gefs,20,WindSpeed_ms_mean,4,3.743790953418161
gep20,00,2026-05-28,2026-06-02,gcrew,noaa_gefs,20,AirTemp_C_mean,5,16.618074035644554
gep20,00,2026-05-28,2026-06-02,gcrew,noaa_gefs,20,Pressure_Pa,5,101068.361328125
gep20,00,2026-05-28,2026-06-02,gcrew,noaa_gefs,20,RH_percent_mean,5,61.181997299194336
gep20,00,2026-05-28,2026-06-02,gcrew,noaa_gefs,20,Rain_mm_sum,5,0
gep20,00,2026-05-28,2026-06-02,gcrew,noaa_gefs,20,ShortwaveRadiation_Wm2,5,345.875
gep20,00,2026-05-28,2026-06-02,gcrew,noaa_gefs,20,WindSpeed_ms_mean,5,2.656702509480038
gep20,00,2026-05-28,2026-06-03,gcrew,noaa_gefs,20,AirTemp_C_mean,6,14.53361282348635
gep20,00,2026-05-28,2026-06-03,gcrew,noaa_gefs,20,Pressure_Pa,6,101265.8505859375
gep20,00,2026-05-28,2026-06-03,gcrew,noaa_gefs,20,RH_percent_mean,6,58.42056369781494
gep20,00,2026-05-28,2026-06-03,gcrew,noaa_gefs,20,Rain_mm_sum,6,0.42000001296401024
gep20,00,2026-05-28,2026-06-03,gcrew,noaa_gefs,20,ShortwaveRadiation_Wm2,6,296.5
gep20,00,2026-05-28,2026-06-03,gcrew,noaa_gefs,20,WindSpeed_ms_mean,6,7.54477270972776
gep20,00,2026-05-28,2026-06-04,gcrew,noaa_gefs,20,AirTemp_C_mean,7,14.779225921630882
gep20,00,2026-05-28,2026-06-04,gcrew,noaa_gefs,20,Pressure_Pa,7,101801.623046875
gep20,00,2026-05-28,2026-06-04,gcrew,noaa_gefs,20,RH_percent_mean,7,63.78340291976929
gep20,00,2026-05-28,2026-06-04,gcrew,noaa_gefs,20,Rain_mm_sum,7,0.3100000023841858
gep20,00,2026-05-28,2026-06-04,gcrew,noaa_gefs,20,ShortwaveRadiation_Wm2,7,321
gep20,00,2026-05-28,2026-06-04,gcrew,noaa_gefs,20,WindSpeed_ms_mean,7,7.469515003650624
gep20,00,2026-05-28,2026-06-05,gcrew,noaa_gefs,20,AirTemp_C_mean,8,15.955716705322288
gep20,00,2026-05-28,2026-06-05,gcrew,noaa_gefs,20,Pressure_Pa,8,101952.7724609375
gep20,00,2026-05-28,2026-06-05,gcrew,noaa_gefs,20,RH_percent_mean,8,61.84580373764038
gep20,00,2026-05-28,2026-06-05,gcrew,noaa_gefs,20,Rain_mm_sum,8,0
gep20,00,2026-05-28,2026-06-05,gcrew,noaa_gefs,20,ShortwaveRadiation_Wm2,8,358
gep20,00,2026-05-28,2026-06-05,gcrew,noaa_gefs,20,WindSpeed_ms_mean,8,4.597932834247479
gep20,00,2026-05-28,2026-06-06,gcrew,noaa_gefs,20,AirTemp_C_mean,9,18.72523106166297
gep20,00,2026-05-28,2026-06-06,gcrew,noaa_gefs,20,Pressure_Pa,9,101935.07700892857
gep20,00,2026-05-28,2026-06-06,gcrew,noaa_gefs,20,RH_percent_mean,9,63.01251983642578
gep20,00,2026-05-28,2026-06-06,gcrew,noaa_gefs,20,Rain_mm_sum,9,0
gep20,00,2026-05-28,2026-06-06,gcrew,noaa_gefs,20,ShortwaveRadiation_Wm2,9,409.14285714285717
gep20,00,2026-05-28,2026-06-06,gcrew,noaa_gefs,20,WindSpeed_ms_mean,9,2.582886239108914
gep20,00,2026-05-28,2026-06-07,gcrew,noaa_gefs,20,AirTemp_C_mean,10,20.02813873291018
gep20,00,2026-05-28,2026-06-07,gcrew,noaa_gefs,20,Pressure_Pa,10,101518.1484375
gep20,00,2026-05-28,2026-06-07,gcrew,noaa_gefs,20,RH_percent_mean,10,64.0985107421875
gep20,00,2026-05-28,2026-06-07,gcrew,noaa_gefs,20,Rain_mm_sum,10,0
gep20,00,2026-05-28,2026-06-07,gcrew,noaa_gefs,20,ShortwaveRadiation_Wm2,10,313.25
gep20,00,2026-05-28,2026-06-07,gcrew,noaa_gefs,20,WindSpeed_ms_mean,10,3.0982185202913497
gep20,00,2026-05-28,2026-06-08,gcrew,noaa_gefs,20,AirTemp_C_mean,11,21.244317626953148
gep20,00,2026-05-28,2026-06-08,gcrew,noaa_gefs,20,Pressure_Pa,11,100838.3359375
gep20,00,2026-05-28,2026-06-08,gcrew,noaa_gefs,20,RH_percent_mean,11,83.27591323852539
gep20,00,2026-05-28,2026-06-08,gcrew,noaa_gefs,20,Rain_mm_sum,11,10.500000312924385
gep20,00,2026-05-28,2026-06-08,gcrew,noaa_gefs,20,ShortwaveRadiation_Wm2,11,130.75
gep20,00,2026-05-28,2026-06-08,gcrew,noaa_gefs,20,WindSpeed_ms_mean,11,5.466295843691377
gep20,00,2026-05-28,2026-06-09,gcrew,noaa_gefs,20,AirTemp_C_mean,12,18.266564941406273
gep20,00,2026-05-28,2026-06-09,gcrew,noaa_gefs,20,Pressure_Pa,12,101545.86328125
gep20,00,2026-05-28,2026-06-09,gcrew,noaa_gefs,20,RH_percent_mean,12,65.5650224685669
gep20,00,2026-05-28,2026-06-09,gcrew,noaa_gefs,20,Rain_mm_sum,12,2.4000000953674316
gep20,00,2026-05-28,2026-06-09,gcrew,noaa_gefs,20,ShortwaveRadiation_Wm2,12,361.25
gep20,00,2026-05-28,2026-06-09,gcrew,noaa_gefs,20,WindSpeed_ms_mean,12,7.459937362211188
gep20,00,2026-05-28,2026-06-10,gcrew,noaa_gefs,20,AirTemp_C_mean,13,17.935144042968773
gep20,00,2026-05-28,2026-06-10,gcrew,noaa_gefs,20,Pressure_Pa,13,102414.19921875
gep20,00,2026-05-28,2026-06-10,gcrew,noaa_gefs,20,RH_percent_mean,13,56.38784217834473
gep20,00,2026-05-28,2026-06-10,gcrew,noaa_gefs,20,Rain_mm_sum,13,0
gep20,00,2026-05-28,2026-06-10,gcrew,noaa_gefs,20,ShortwaveRadiation_Wm2,13,363.25
gep20,00,2026-05-28,2026-06-10,gcrew,noaa_gefs,20,WindSpeed_ms_mean,13,4.315274059982924
gep20,00,2026-05-28,2026-06-11,gcrew,noaa_gefs,20,AirTemp_C_mean,14,18.79597625732424
gep20,00,2026-05-28,2026-06-11,gcrew,noaa_gefs,20,Pressure_Pa,14,102375.763671875
gep20,00,2026-05-28,2026-06-11,gcrew,noaa_gefs,20,RH_percent_mean,14,57.19118881225586
gep20,00,2026-05-28,2026-06-11,gcrew,noaa_gefs,20,Rain_mm_sum,14,0
gep20,00,2026-05-28,2026-06-11,gcrew,noaa_gefs,20,ShortwaveRadiation_Wm2,14,359.25
gep20,00,2026-05-28,2026-06-11,gcrew,noaa_gefs,20,WindSpeed_ms_mean,14,2.5567400202041837
gep20,00,2026-05-28,2026-06-12,gcrew,noaa_gefs,20,AirTemp_C_mean,15,20.419717407226585
gep20,00,2026-05-28,2026-06-12,gcrew,noaa_gefs,20,Pressure_Pa,15,101882.580078125
gep20,00,2026-05-28,2026-06-12,gcrew,noaa_gefs,20,RH_percent_mean,15,61.499000549316406
gep20,00,2026-05-28,2026-06-12,gcrew,noaa_gefs,20,Rain_mm_sum,15,0
gep20,00,2026-05-28,2026-06-12,gcrew,noaa_gefs,20,ShortwaveRadiation_Wm2,15,338.75
gep20,00,2026-05-28,2026-06-12,gcrew,noaa_gefs,20,WindSpeed_ms_mean,15,2.427922764317797
gep20,00,2026-05-28,2026-06-13,gcrew,noaa_gefs,20,AirTemp_C_mean,16,22.97486267089846
gep20,00,2026-05-28,2026-06-13,gcrew,noaa_gefs,20,Pressure_Pa,16,101575.34375
gep20,00,2026-05-28,2026-06-13,gcrew,noaa_gefs,20,RH_percent_mean,16,66.48400783538818
gep20,00,2026-05-28,2026-06-13,gcrew,noaa_gefs,20,Rain_mm_sum,16,0
gep20,00,2026-05-28,2026-06-13,gcrew,noaa_gefs,20,ShortwaveRadiation_Wm2,16,336.75
gep20,00,2026-05-28,2026-06-13,gcrew,noaa_gefs,20,WindSpeed_ms_mean,16,3.760233349203137
gep20,00,2026-05-28,2026-06-14,gcrew,noaa_gefs,20,AirTemp_C_mean,17,21.73445281982424
gep20,00,2026-05-28,2026-06-14,gcrew,noaa_gefs,20,Pressure_Pa,17,101758.880859375
gep20,00,2026-05-28,2026-06-14,gcrew,noaa_gefs,20,RH_percent_mean,17,60.63445472717285
gep20,00,2026-05-28,2026-06-14,gcrew,noaa_gefs,20,Rain_mm_sum,17,0
gep20,00,2026-05-28,2026-06-14,gcrew,noaa_gefs,20,ShortwaveRadiation_Wm2,17,345
gep20,00,2026-05-28,2026-06-14,gcrew,noaa_gefs,20,WindSpeed_ms_mean,17,3.877745024465436
gep20,00,2026-05-28,2026-06-15,gcrew,noaa_gefs,20,AirTemp_C_mean,18,27.282464599609398
gep20,00,2026-05-28,2026-06-15,gcrew,noaa_gefs,20,Pressure_Pa,18,101216.53125
gep20,00,2026-05-28,2026-06-15,gcrew,noaa_gefs,20,RH_percent_mean,18,62.073336601257324
gep20,00,2026-05-28,2026-06-15,gcrew,noaa_gefs,20,Rain_mm_sum,18,0.10000000149011612
gep20,00,2026-05-28,2026-06-15,gcrew,noaa_gefs,20,ShortwaveRadiation_Wm2,18,342.25
gep20,00,2026-05-28,2026-06-15,gcrew,noaa_gefs,20,WindSpeed_ms_mean,18,3.863105661866631
gep20,00,2026-05-28,2026-06-16,gcrew,noaa_gefs,20,AirTemp_C_mean,19,27.164888000488304
gep20,00,2026-05-28,2026-06-16,gcrew,noaa_gefs,20,Pressure_Pa,19,101554.767578125
gep20,00,2026-05-28,2026-06-16,gcrew,noaa_gefs,20,RH_percent_mean,19,61.02194118499756
gep20,00,2026-05-28,2026-06-16,gcrew,noaa_gefs,20,Rain_mm_sum,19,0.10000000149011612
gep20,00,2026-05-28,2026-06-16,gcrew,noaa_gefs,20,ShortwaveRadiation_Wm2,19,297.5
gep20,00,2026-05-28,2026-06-16,gcrew,noaa_gefs,20,WindSpeed_ms_mean,19,2.604843904299301
gep20,00,2026-05-28,2026-06-17,gcrew,noaa_gefs,20,AirTemp_C_mean,20,22.97168884277346
gep20,00,2026-05-28,2026-06-17,gcrew,noaa_gefs,20,Pressure_Pa,20,101994.060546875
gep20,00,2026-05-28,2026-06-17,gcrew,noaa_gefs,20,RH_percent_mean,20,85.14014625549316
gep20,00,2026-05-28,2026-06-17,gcrew,noaa_gefs,20,Rain_mm_sum,20,2.9000000953674316
gep20,00,2026-05-28,2026-06-17,gcrew,noaa_gefs,20,ShortwaveRadiation_Wm2,20,269.25
gep20,00,2026-05-28,2026-06-17,gcrew,noaa_gefs,20,WindSpeed_ms_mean,20,4.609625277607201
gep20,00,2026-05-28,2026-06-18,gcrew,noaa_gefs,20,AirTemp_C_mean,21,22.94593963623049
gep20,00,2026-05-28,2026-06-18,gcrew,noaa_gefs,20,Pressure_Pa,21,101981.146484375
gep20,00,2026-05-28,2026-06-18,gcrew,noaa_gefs,20,RH_percent_mean,21,86.89044570922852
gep20,00,2026-05-28,2026-06-18,gcrew,noaa_gefs,20,Rain_mm_sum,21,1.4000000357627869
gep20,00,2026-05-28,2026-06-18,gcrew,noaa_gefs,20,ShortwaveRadiation_Wm2,21,303.25
gep20,00,2026-05-28,2026-06-18,gcrew,noaa_gefs,20,WindSpeed_ms_mean,21,2.586226235579734
gep20,00,2026-05-28,2026-06-19,gcrew,noaa_gefs,20,AirTemp_C_mean,22,26.268060302734398
gep20,00,2026-05-28,2026-06-19,gcrew,noaa_gefs,20,Pressure_Pa,22,101740.232421875
gep20,00,2026-05-28,2026-06-19,gcrew,noaa_gefs,20,RH_percent_mean,22,70.88781070709229
gep20,00,2026-05-28,2026-06-19,gcrew,noaa_gefs,20,Rain_mm_sum,22,0
gep20,00,2026-05-28,2026-06-19,gcrew,noaa_gefs,20,ShortwaveRadiation_Wm2,22,333
gep20,00,2026-05-28,2026-06-19,gcrew,noaa_gefs,20,WindSpeed_ms_mean,22,4.6750494445637285
gep20,00,2026-05-28,2026-06-20,gcrew,noaa_gefs,20,AirTemp_C_mean,23,27.841043090820335
gep20,00,2026-05-28,2026-06-20,gcrew,noaa_gefs,20,Pressure_Pa,23,101515.064453125
gep20,00,2026-05-28,2026-06-20,gcrew,noaa_gefs,20,RH_percent_mean,23,61.98535442352295
gep20,00,2026-05-28,2026-06-20,gcrew,noaa_gefs,20,Rain_mm_sum,23,0
gep20,00,2026-05-28,2026-06-20,gcrew,noaa_gefs,20,ShortwaveRadiation_Wm2,23,317.5
gep20,00,2026-05-28,2026-06-20,gcrew,noaa_gefs,20,WindSpeed_ms_mean,23,3.626574370372676
gep20,00,2026-05-28,2026-06-21,gcrew,noaa_gefs,20,AirTemp_C_mean,24,27.115220642089866
gep20,00,2026-05-28,2026-06-21,gcrew,noaa_gefs,20,Pressure_Pa,24,101335.810546875
gep20,00,2026-05-28,2026-06-21,gcrew,noaa_gefs,20,RH_percent_mean,24,61.86435508728027
gep20,00,2026-05-28,2026-06-21,gcrew,noaa_gefs,20,Rain_mm_sum,24,0
gep20,00,2026-05-28,2026-06-21,gcrew,noaa_gefs,20,ShortwaveRadiation_Wm2,24,325.75
gep20,00,2026-05-28,2026-06-21,gcrew,noaa_gefs,20,WindSpeed_ms_mean,24,4.1586571738201075
gep20,00,2026-05-28,2026-06-22,gcrew,noaa_gefs,20,AirTemp_C_mean,25,24.424424743652366
gep20,00,2026-05-28,2026-06-22,gcrew,noaa_gefs,20,Pressure_Pa,25,101386.505859375
gep20,00,2026-05-28,2026-06-22,gcrew,noaa_gefs,20,RH_percent_mean,25,81.4093132019043
gep20,00,2026-05-28,2026-06-22,gcrew,noaa_gefs,20,Rain_mm_sum,25,0.4000000059604645
gep20,00,2026-05-28,2026-06-22,gcrew,noaa_gefs,20,ShortwaveRadiation_Wm2,25,100.5
gep20,00,2026-05-28,2026-06-22,gcrew,noaa_gefs,20,WindSpeed_ms_mean,25,4.003219955758446
gep20,00,2026-05-28,2026-06-23,gcrew,noaa_gefs,20,AirTemp_C_mean,26,22.006524658203148
gep20,00,2026-05-28,2026-06-23,gcrew,noaa_gefs,20,Pressure_Pa,26,101129.3515625
gep20,00,2026-05-28,2026-06-23,gcrew,noaa_gefs,20,RH_percent_mean,26,93.43722724914551
gep20,00,2026-05-28,2026-06-23,gcrew,noaa_gefs,20,Rain_mm_sum,26,55.300001695752144
gep20,00,2026-05-28,2026-06-23,gcrew,noaa_gefs,20,ShortwaveRadiation_Wm2,26,22.75
gep20,00,2026-05-28,2026-06-23,gcrew,noaa_gefs,20,WindSpeed_ms_mean,26,4.542991536121778
gep20,00,2026-05-28,2026-06-24,gcrew,noaa_gefs,20,AirTemp_C_mean,27,22.589105224609398
gep20,00,2026-05-28,2026-06-24,gcrew,noaa_gefs,20,Pressure_Pa,27,100791.896484375
gep20,00,2026-05-28,2026-06-24,gcrew,noaa_gefs,20,RH_percent_mean,27,86.6486873626709
gep20,00,2026-05-28,2026-06-24,gcrew,noaa_gefs,20,Rain_mm_sum,27,8.000000096857548
gep20,00,2026-05-28,2026-06-24,gcrew,noaa_gefs,20,ShortwaveRadiation_Wm2,27,230.25
gep20,00,2026-05-28,2026-06-24,gcrew,noaa_gefs,20,WindSpeed_ms_mean,27,4.664738764840051
gep20,00,2026-05-28,2026-06-25,gcrew,noaa_gefs,20,AirTemp_C_mean,28,21.151040649414085
gep20,00,2026-05-28,2026-06-25,gcrew,noaa_gefs,20,Pressure_Pa,28,100968.654296875
gep20,00,2026-05-28,2026-06-25,gcrew,noaa_gefs,20,RH_percent_mean,28,59.870840072631836
gep20,00,2026-05-28,2026-06-25,gcrew,noaa_gefs,20,Rain_mm_sum,28,0.10000000149011612
gep20,00,2026-05-28,2026-06-25,gcrew,noaa_gefs,20,ShortwaveRadiation_Wm2,28,355.75
gep20,00,2026-05-28,2026-06-25,gcrew,noaa_gefs,20,WindSpeed_ms_mean,28,4.965440944060037
gep20,00,2026-05-28,2026-06-26,gcrew,noaa_gefs,20,AirTemp_C_mean,29,20.49548492431643
gep20,00,2026-05-28,2026-06-26,gcrew,noaa_gefs,20,Pressure_Pa,29,101440.876953125
gep20,00,2026-05-28,2026-06-26,gcrew,noaa_gefs,20,RH_percent_mean,29,59.463311195373535
gep20,00,2026-05-28,2026-06-26,gcrew,noaa_gefs,20,Rain_mm_sum,29,0
gep20,00,2026-05-28,2026-06-26,gcrew,noaa_gefs,20,ShortwaveRadiation_Wm2,29,351
gep20,00,2026-05-28,2026-06-26,gcrew,noaa_gefs,20,WindSpeed_ms_mean,29,4.224020219033529
gep20,00,2026-05-28,2026-06-27,gcrew,noaa_gefs,20,AirTemp_C_mean,30,22.24182281494143
gep20,00,2026-05-28,2026-06-27,gcrew,noaa_gefs,20,Pressure_Pa,30,101707.216796875
gep20,00,2026-05-28,2026-06-27,gcrew,noaa_gefs,20,RH_percent_mean,30,58.40474605560303
gep20,00,2026-05-28,2026-06-27,gcrew,noaa_gefs,20,Rain_mm_sum,30,0
gep20,00,2026-05-28,2026-06-27,gcrew,noaa_gefs,20,ShortwaveRadiation_Wm2,30,351
gep20,00,2026-05-28,2026-06-27,gcrew,noaa_gefs,20,WindSpeed_ms_mean,30,4.272810309335263
gep20,00,2026-05-28,2026-06-28,gcrew,noaa_gefs,20,AirTemp_C_mean,31,24.168817138671898
gep20,00,2026-05-28,2026-06-28,gcrew,noaa_gefs,20,Pressure_Pa,31,101494.826171875
gep20,00,2026-05-28,2026-06-28,gcrew,noaa_gefs,20,RH_percent_mean,31,71.39916801452637
gep20,00,2026-05-28,2026-06-28,gcrew,noaa_gefs,20,Rain_mm_sum,31,0
gep20,00,2026-05-28,2026-06-28,gcrew,noaa_gefs,20,ShortwaveRadiation_Wm2,31,344
gep20,00,2026-05-28,2026-06-28,gcrew,noaa_gefs,20,WindSpeed_ms_mean,31,3.5498743444693566
gep20,00,2026-05-28,2026-06-29,gcrew,noaa_gefs,20,AirTemp_C_mean,32,26.337808227539085
gep20,00,2026-05-28,2026-06-29,gcrew,noaa_gefs,20,Pressure_Pa,32,101015.88671875
gep20,00,2026-05-28,2026-06-29,gcrew,noaa_gefs,20,RH_percent_mean,32,67.18145847320557
gep20,00,2026-05-28,2026-06-29,gcrew,noaa_gefs,20,Rain_mm_sum,32,0
gep20,00,2026-05-28,2026-06-29,gcrew,noaa_gefs,20,ShortwaveRadiation_Wm2,32,322.5
gep20,00,2026-05-28,2026-06-29,gcrew,noaa_gefs,20,WindSpeed_ms_mean,32,3.924499337392451
gep20,00,2026-05-28,2026-06-30,gcrew,noaa_gefs,20,AirTemp_C_mean,33,26.703363037109398
gep20,00,2026-05-28,2026-06-30,gcrew,noaa_gefs,20,Pressure_Pa,33,100415.265625
gep20,00,2026-05-28,2026-06-30,gcrew,noaa_gefs,20,RH_percent_mean,33,70.66891098022461
gep20,00,2026-05-28,2026-06-30,gcrew,noaa_gefs,20,Rain_mm_sum,33,0.7999999895691872
gep20,00,2026-05-28,2026-06-30,gcrew,noaa_gefs,20,ShortwaveRadiation_Wm2,33,221.5
gep20,00,2026-05-28,2026-06-30,gcrew,noaa_gefs,20,WindSpeed_ms_mean,33,2.4540543323176753
gep20,00,2026-05-28,2026-07-01,gcrew,noaa_gefs,20,AirTemp_C_mean,34,25.300759887695335
gep20,00,2026-05-28,2026-07-01,gcrew,noaa_gefs,20,Pressure_Pa,34,100593.78515625
gep20,00,2026-05-28,2026-07-01,gcrew,noaa_gefs,20,RH_percent_mean,34,66.53337669372559
gep20,00,2026-05-28,2026-07-01,gcrew,noaa_gefs,20,Rain_mm_sum,34,0.20000000298023224
gep20,00,2026-05-28,2026-07-01,gcrew,noaa_gefs,20,ShortwaveRadiation_Wm2,34,347.5
gep20,00,2026-05-28,2026-07-01,gcrew,noaa_gefs,20,WindSpeed_ms_mean,34,3.569256045713047
gep21,00,2026-05-28,2026-05-29,gcrew,noaa_gefs,21,AirTemp_C_mean,1,16.984544372558616
gep21,00,2026-05-28,2026-05-29,gcrew,noaa_gefs,21,Pressure_Pa,1,101312.3720703125
gep21,00,2026-05-28,2026-05-29,gcrew,noaa_gefs,21,RH_percent_mean,1,66.49901962280273
gep21,00,2026-05-28,2026-05-29,gcrew,noaa_gefs,21,Rain_mm_sum,1,0
gep21,00,2026-05-28,2026-05-29,gcrew,noaa_gefs,21,ShortwaveRadiation_Wm2,1,358.5
gep21,00,2026-05-28,2026-05-29,gcrew,noaa_gefs,21,WindSpeed_ms_mean,1,3.324157800523961
gep21,00,2026-05-28,2026-05-30,gcrew,noaa_gefs,21,AirTemp_C_mean,2,14.520104980468773
gep21,00,2026-05-28,2026-05-30,gcrew,noaa_gefs,21,Pressure_Pa,2,101405.7275390625
gep21,00,2026-05-28,2026-05-30,gcrew,noaa_gefs,21,RH_percent_mean,2,63.8339786529541
gep21,00,2026-05-28,2026-05-30,gcrew,noaa_gefs,21,Rain_mm_sum,2,0
gep21,00,2026-05-28,2026-05-30,gcrew,noaa_gefs,21,ShortwaveRadiation_Wm2,2,354
gep21,00,2026-05-28,2026-05-30,gcrew,noaa_gefs,21,WindSpeed_ms_mean,2,6.158624703355217
gep21,00,2026-05-28,2026-05-31,gcrew,noaa_gefs,21,AirTemp_C_mean,3,13.913762664794945
gep21,00,2026-05-28,2026-05-31,gcrew,noaa_gefs,21,Pressure_Pa,3,101891.111328125
gep21,00,2026-05-28,2026-05-31,gcrew,noaa_gefs,21,RH_percent_mean,3,62.99015474319458
gep21,00,2026-05-28,2026-05-31,gcrew,noaa_gefs,21,Rain_mm_sum,3,0
gep21,00,2026-05-28,2026-05-31,gcrew,noaa_gefs,21,ShortwaveRadiation_Wm2,3,361
gep21,00,2026-05-28,2026-05-31,gcrew,noaa_gefs,21,WindSpeed_ms_mean,3,2.3322553142904607
gep21,00,2026-05-28,2026-06-01,gcrew,noaa_gefs,21,AirTemp_C_mean,4,16.62330780029299
gep21,00,2026-05-28,2026-06-01,gcrew,noaa_gefs,21,Pressure_Pa,4,101337.8271484375
gep21,00,2026-05-28,2026-06-01,gcrew,noaa_gefs,21,RH_percent_mean,4,63.69150733947754
gep21,00,2026-05-28,2026-06-01,gcrew,noaa_gefs,21,Rain_mm_sum,4,0
gep21,00,2026-05-28,2026-06-01,gcrew,noaa_gefs,21,ShortwaveRadiation_Wm2,4,325.125
gep21,00,2026-05-28,2026-06-01,gcrew,noaa_gefs,21,WindSpeed_ms_mean,4,3.743790953418161
gep21,00,2026-05-28,2026-06-02,gcrew,noaa_gefs,21,AirTemp_C_mean,5,16.618074035644554
gep21,00,2026-05-28,2026-06-02,gcrew,noaa_gefs,21,Pressure_Pa,5,101068.361328125
gep21,00,2026-05-28,2026-06-02,gcrew,noaa_gefs,21,RH_percent_mean,5,61.181997299194336
gep21,00,2026-05-28,2026-06-02,gcrew,noaa_gefs,21,Rain_mm_sum,5,0
gep21,00,2026-05-28,2026-06-02,gcrew,noaa_gefs,21,ShortwaveRadiation_Wm2,5,345.875
gep21,00,2026-05-28,2026-06-02,gcrew,noaa_gefs,21,WindSpeed_ms_mean,5,2.656702509480038
gep21,00,2026-05-28,2026-06-03,gcrew,noaa_gefs,21,AirTemp_C_mean,6,14.53361282348635
gep21,00,2026-05-28,2026-06-03,gcrew,noaa_gefs,21,Pressure_Pa,6,101265.8505859375
gep21,00,2026-05-28,2026-06-03,gcrew,noaa_gefs,21,RH_percent_mean,6,58.42056369781494
gep21,00,2026-05-28,2026-06-03,gcrew,noaa_gefs,21,Rain_mm_sum,6,0.42000001296401024
gep21,00,2026-05-28,2026-06-03,gcrew,noaa_gefs,21,ShortwaveRadiation_Wm2,6,296.5
gep21,00,2026-05-28,2026-06-03,gcrew,noaa_gefs,21,WindSpeed_ms_mean,6,7.54477270972776
gep21,00,2026-05-28,2026-06-04,gcrew,noaa_gefs,21,AirTemp_C_mean,7,14.779225921630882
gep21,00,2026-05-28,2026-06-04,gcrew,noaa_gefs,21,Pressure_Pa,7,101801.623046875
gep21,00,2026-05-28,2026-06-04,gcrew,noaa_gefs,21,RH_percent_mean,7,63.78340291976929
gep21,00,2026-05-28,2026-06-04,gcrew,noaa_gefs,21,Rain_mm_sum,7,0.3100000023841858
gep21,00,2026-05-28,2026-06-04,gcrew,noaa_gefs,21,ShortwaveRadiation_Wm2,7,321
gep21,00,2026-05-28,2026-06-04,gcrew,noaa_gefs,21,WindSpeed_ms_mean,7,7.469515003650624
gep21,00,2026-05-28,2026-06-05,gcrew,noaa_gefs,21,AirTemp_C_mean,8,15.955716705322288
gep21,00,2026-05-28,2026-06-05,gcrew,noaa_gefs,21,Pressure_Pa,8,101952.7724609375
gep21,00,2026-05-28,2026-06-05,gcrew,noaa_gefs,21,RH_percent_mean,8,61.84580373764038
gep21,00,2026-05-28,2026-06-05,gcrew,noaa_gefs,21,Rain_mm_sum,8,0
gep21,00,2026-05-28,2026-06-05,gcrew,noaa_gefs,21,ShortwaveRadiation_Wm2,8,358
gep21,00,2026-05-28,2026-06-05,gcrew,noaa_gefs,21,WindSpeed_ms_mean,8,4.597932834247479
gep21,00,2026-05-28,2026-06-06,gcrew,noaa_gefs,21,AirTemp_C_mean,9,18.72523106166297
gep21,00,2026-05-28,2026-06-06,gcrew,noaa_gefs,21,Pressure_Pa,9,101935.07700892857
gep21,00,2026-05-28,2026-06-06,gcrew,noaa_gefs,21,RH_percent_mean,9,63.01251983642578
gep21,00,2026-05-28,2026-06-06,gcrew,noaa_gefs,21,Rain_mm_sum,9,0
gep21,00,2026-05-28,2026-06-06,gcrew,noaa_gefs,21,ShortwaveRadiation_Wm2,9,409.14285714285717
gep21,00,2026-05-28,2026-06-06,gcrew,noaa_gefs,21,WindSpeed_ms_mean,9,2.582886239108914
gep21,00,2026-05-28,2026-06-07,gcrew,noaa_gefs,21,AirTemp_C_mean,10,20.02813873291018
gep21,00,2026-05-28,2026-06-07,gcrew,noaa_gefs,21,Pressure_Pa,10,101518.1484375
gep21,00,2026-05-28,2026-06-07,gcrew,noaa_gefs,21,RH_percent_mean,10,64.0985107421875
gep21,00,2026-05-28,2026-06-07,gcrew,noaa_gefs,21,Rain_mm_sum,10,0
gep21,00,2026-05-28,2026-06-07,gcrew,noaa_gefs,21,ShortwaveRadiation_Wm2,10,313.25
gep21,00,2026-05-28,2026-06-07,gcrew,noaa_gefs,21,WindSpeed_ms_mean,10,3.0982185202913497
gep21,00,2026-05-28,2026-06-08,gcrew,noaa_gefs,21,AirTemp_C_mean,11,21.244317626953148
gep21,00,2026-05-28,2026-06-08,gcrew,noaa_gefs,21,Pressure_Pa,11,100838.3359375
gep21,00,2026-05-28,2026-06-08,gcrew,noaa_gefs,21,RH_percent_mean,11,83.27591323852539
gep21,00,2026-05-28,2026-06-08,gcrew,noaa_gefs,21,Rain_mm_sum,11,10.500000312924385
gep21,00,2026-05-28,2026-06-08,gcrew,noaa_gefs,21,ShortwaveRadiation_Wm2,11,130.75
gep21,00,2026-05-28,2026-06-08,gcrew,noaa_gefs,21,WindSpeed_ms_mean,11,5.466295843691377
gep21,00,2026-05-28,2026-06-09,gcrew,noaa_gefs,21,AirTemp_C_mean,12,18.266564941406273
gep21,00,2026-05-28,2026-06-09,gcrew,noaa_gefs,21,Pressure_Pa,12,101545.86328125
gep21,00,2026-05-28,2026-06-09,gcrew,noaa_gefs,21,RH_percent_mean,12,65.5650224685669
gep21,00,2026-05-28,2026-06-09,gcrew,noaa_gefs,21,Rain_mm_sum,12,2.4000000953674316
gep21,00,2026-05-28,2026-06-09,gcrew,noaa_gefs,21,ShortwaveRadiation_Wm2,12,361.25
gep21,00,2026-05-28,2026-06-09,gcrew,noaa_gefs,21,WindSpeed_ms_mean,12,7.459937362211188
gep21,00,2026-05-28,2026-06-10,gcrew,noaa_gefs,21,AirTemp_C_mean,13,17.935144042968773
gep21,00,2026-05-28,2026-06-10,gcrew,noaa_gefs,21,Pressure_Pa,13,102414.19921875
gep21,00,2026-05-28,2026-06-10,gcrew,noaa_gefs,21,RH_percent_mean,13,56.38784217834473
gep21,00,2026-05-28,2026-06-10,gcrew,noaa_gefs,21,Rain_mm_sum,13,0
gep21,00,2026-05-28,2026-06-10,gcrew,noaa_gefs,21,ShortwaveRadiation_Wm2,13,363.25
gep21,00,2026-05-28,2026-06-10,gcrew,noaa_gefs,21,WindSpeed_ms_mean,13,4.315274059982924
gep21,00,2026-05-28,2026-06-11,gcrew,noaa_gefs,21,AirTemp_C_mean,14,18.79597625732424
gep21,00,2026-05-28,2026-06-11,gcrew,noaa_gefs,21,Pressure_Pa,14,102375.763671875
gep21,00,2026-05-28,2026-06-11,gcrew,noaa_gefs,21,RH_percent_mean,14,57.19118881225586
gep21,00,2026-05-28,2026-06-11,gcrew,noaa_gefs,21,Rain_mm_sum,14,0
gep21,00,2026-05-28,2026-06-11,gcrew,noaa_gefs,21,ShortwaveRadiation_Wm2,14,359.25
gep21,00,2026-05-28,2026-06-11,gcrew,noaa_gefs,21,WindSpeed_ms_mean,14,2.5567400202041837
gep21,00,2026-05-28,2026-06-12,gcrew,noaa_gefs,21,AirTemp_C_mean,15,20.419717407226585
gep21,00,2026-05-28,2026-06-12,gcrew,noaa_gefs,21,Pressure_Pa,15,101882.580078125
gep21,00,2026-05-28,2026-06-12,gcrew,noaa_gefs,21,RH_percent_mean,15,61.499000549316406
gep21,00,2026-05-28,2026-06-12,gcrew,noaa_gefs,21,Rain_mm_sum,15,0
gep21,00,2026-05-28,2026-06-12,gcrew,noaa_gefs,21,ShortwaveRadiation_Wm2,15,338.75
gep21,00,2026-05-28,2026-06-12,gcrew,noaa_gefs,21,WindSpeed_ms_mean,15,2.427922764317797
gep21,00,2026-05-28,2026-06-13,gcrew,noaa_gefs,21,AirTemp_C_mean,16,22.97486267089846
gep21,00,2026-05-28,2026-06-13,gcrew,noaa_gefs,21,Pressure_Pa,16,101575.34375
gep21,00,2026-05-28,2026-06-13,gcrew,noaa_gefs,21,RH_percent_mean,16,66.48400783538818
gep21,00,2026-05-28,2026-06-13,gcrew,noaa_gefs,21,Rain_mm_sum,16,0
gep21,00,2026-05-28,2026-06-13,gcrew,noaa_gefs,21,ShortwaveRadiation_Wm2,16,336.75
gep21,00,2026-05-28,2026-06-13,gcrew,noaa_gefs,21,WindSpeed_ms_mean,16,3.760233349203137
gep21,00,2026-05-28,2026-06-14,gcrew,noaa_gefs,21,AirTemp_C_mean,17,21.73445281982424
gep21,00,2026-05-28,2026-06-14,gcrew,noaa_gefs,21,Pressure_Pa,17,101758.880859375
gep21,00,2026-05-28,2026-06-14,gcrew,noaa_gefs,21,RH_percent_mean,17,60.63445472717285
gep21,00,2026-05-28,2026-06-14,gcrew,noaa_gefs,21,Rain_mm_sum,17,0
gep21,00,2026-05-28,2026-06-14,gcrew,noaa_gefs,21,ShortwaveRadiation_Wm2,17,345
gep21,00,2026-05-28,2026-06-14,gcrew,noaa_gefs,21,WindSpeed_ms_mean,17,3.877745024465436
gep21,00,2026-05-28,2026-06-15,gcrew,noaa_gefs,21,AirTemp_C_mean,18,27.282464599609398
gep21,00,2026-05-28,2026-06-15,gcrew,noaa_gefs,21,Pressure_Pa,18,101216.53125
gep21,00,2026-05-28,2026-06-15,gcrew,noaa_gefs,21,RH_percent_mean,18,62.073336601257324
gep21,00,2026-05-28,2026-06-15,gcrew,noaa_gefs,21,Rain_mm_sum,18,0.10000000149011612
gep21,00,2026-05-28,2026-06-15,gcrew,noaa_gefs,21,ShortwaveRadiation_Wm2,18,342.25
gep21,00,2026-05-28,2026-06-15,gcrew,noaa_gefs,21,WindSpeed_ms_mean,18,3.863105661866631
gep21,00,2026-05-28,2026-06-16,gcrew,noaa_gefs,21,AirTemp_C_mean,19,27.164888000488304
gep21,00,2026-05-28,2026-06-16,gcrew,noaa_gefs,21,Pressure_Pa,19,101554.767578125
gep21,00,2026-05-28,2026-06-16,gcrew,noaa_gefs,21,RH_percent_mean,19,61.02194118499756
gep21,00,2026-05-28,2026-06-16,gcrew,noaa_gefs,21,Rain_mm_sum,19,0.10000000149011612
gep21,00,2026-05-28,2026-06-16,gcrew,noaa_gefs,21,ShortwaveRadiation_Wm2,19,297.5
gep21,00,2026-05-28,2026-06-16,gcrew,noaa_gefs,21,WindSpeed_ms_mean,19,2.604843904299301
gep21,00,2026-05-28,2026-06-17,gcrew,noaa_gefs,21,AirTemp_C_mean,20,22.97168884277346
gep21,00,2026-05-28,2026-06-17,gcrew,noaa_gefs,21,Pressure_Pa,20,101994.060546875
gep21,00,2026-05-28,2026-06-17,gcrew,noaa_gefs,21,RH_percent_mean,20,85.14014625549316
gep21,00,2026-05-28,2026-06-17,gcrew,noaa_gefs,21,Rain_mm_sum,20,2.9000000953674316
gep21,00,2026-05-28,2026-06-17,gcrew,noaa_gefs,21,ShortwaveRadiation_Wm2,20,269.25
gep21,00,2026-05-28,2026-06-17,gcrew,noaa_gefs,21,WindSpeed_ms_mean,20,4.609625277607201
gep21,00,2026-05-28,2026-06-18,gcrew,noaa_gefs,21,AirTemp_C_mean,21,22.94593963623049
gep21,00,2026-05-28,2026-06-18,gcrew,noaa_gefs,21,Pressure_Pa,21,101981.146484375
gep21,00,2026-05-28,2026-06-18,gcrew,noaa_gefs,21,RH_percent_mean,21,86.89044570922852
gep21,00,2026-05-28,2026-06-18,gcrew,noaa_gefs,21,Rain_mm_sum,21,1.4000000357627869
gep21,00,2026-05-28,2026-06-18,gcrew,noaa_gefs,21,ShortwaveRadiation_Wm2,21,303.25
gep21,00,2026-05-28,2026-06-18,gcrew,noaa_gefs,21,WindSpeed_ms_mean,21,2.586226235579734
gep21,00,2026-05-28,2026-06-19,gcrew,noaa_gefs,21,AirTemp_C_mean,22,26.268060302734398
gep21,00,2026-05-28,2026-06-19,gcrew,noaa_gefs,21,Pressure_Pa,22,101740.232421875
gep21,00,2026-05-28,2026-06-19,gcrew,noaa_gefs,21,RH_percent_mean,22,70.88781070709229
gep21,00,2026-05-28,2026-06-19,gcrew,noaa_gefs,21,Rain_mm_sum,22,0
gep21,00,2026-05-28,2026-06-19,gcrew,noaa_gefs,21,ShortwaveRadiation_Wm2,22,333
gep21,00,2026-05-28,2026-06-19,gcrew,noaa_gefs,21,WindSpeed_ms_mean,22,4.6750494445637285
gep21,00,2026-05-28,2026-06-20,gcrew,noaa_gefs,21,AirTemp_C_mean,23,27.841043090820335
gep21,00,2026-05-28,2026-06-20,gcrew,noaa_gefs,21,Pressure_Pa,23,101515.064453125
gep21,00,2026-05-28,2026-06-20,gcrew,noaa_gefs,21,RH_percent_mean,23,61.98535442352295
gep21,00,2026-05-28,2026-06-20,gcrew,noaa_gefs,21,Rain_mm_sum,23,0
gep21,00,2026-05-28,2026-06-20,gcrew,noaa_gefs,21,ShortwaveRadiation_Wm2,23,317.5
gep21,00,2026-05-28,2026-06-20,gcrew,noaa_gefs,21,WindSpeed_ms_mean,23,3.626574370372676
gep21,00,2026-05-28,2026-06-21,gcrew,noaa_gefs,21,AirTemp_C_mean,24,27.115220642089866
gep21,00,2026-05-28,2026-06-21,gcrew,noaa_gefs,21,Pressure_Pa,24,101335.810546875
gep21,00,2026-05-28,2026-06-21,gcrew,noaa_gefs,21,RH_percent_mean,24,61.86435508728027
gep21,00,2026-05-28,2026-06-21,gcrew,noaa_gefs,21,Rain_mm_sum,24,0
gep21,00,2026-05-28,2026-06-21,gcrew,noaa_gefs,21,ShortwaveRadiation_Wm2,24,325.75
gep21,00,2026-05-28,2026-06-21,gcrew,noaa_gefs,21,WindSpeed_ms_mean,24,4.1586571738201075
gep21,00,2026-05-28,2026-06-22,gcrew,noaa_gefs,21,AirTemp_C_mean,25,24.424424743652366
gep21,00,2026-05-28,2026-06-22,gcrew,noaa_gefs,21,Pressure_Pa,25,101386.505859375
gep21,00,2026-05-28,2026-06-22,gcrew,noaa_gefs,21,RH_percent_mean,25,81.4093132019043
gep21,00,2026-05-28,2026-06-22,gcrew,noaa_gefs,21,Rain_mm_sum,25,0.4000000059604645
gep21,00,2026-05-28,2026-06-22,gcrew,noaa_gefs,21,ShortwaveRadiation_Wm2,25,100.5
gep21,00,2026-05-28,2026-06-22,gcrew,noaa_gefs,21,WindSpeed_ms_mean,25,4.003219955758446
gep21,00,2026-05-28,2026-06-23,gcrew,noaa_gefs,21,AirTemp_C_mean,26,22.006524658203148
gep21,00,2026-05-28,2026-06-23,gcrew,noaa_gefs,21,Pressure_Pa,26,101129.3515625
gep21,00,2026-05-28,2026-06-23,gcrew,noaa_gefs,21,RH_percent_mean,26,93.43722724914551
gep21,00,2026-05-28,2026-06-23,gcrew,noaa_gefs,21,Rain_mm_sum,26,55.300001695752144
gep21,00,2026-05-28,2026-06-23,gcrew,noaa_gefs,21,ShortwaveRadiation_Wm2,26,22.75
gep21,00,2026-05-28,2026-06-23,gcrew,noaa_gefs,21,WindSpeed_ms_mean,26,4.542991536121778
gep21,00,2026-05-28,2026-06-24,gcrew,noaa_gefs,21,AirTemp_C_mean,27,22.589105224609398
gep21,00,2026-05-28,2026-06-24,gcrew,noaa_gefs,21,Pressure_Pa,27,100791.896484375
gep21,00,2026-05-28,2026-06-24,gcrew,noaa_gefs,21,RH_percent_mean,27,86.6486873626709
gep21,00,2026-05-28,2026-06-24,gcrew,noaa_gefs,21,Rain_mm_sum,27,8.000000096857548
gep21,00,2026-05-28,2026-06-24,gcrew,noaa_gefs,21,ShortwaveRadiation_Wm2,27,230.25
gep21,00,2026-05-28,2026-06-24,gcrew,noaa_gefs,21,WindSpeed_ms_mean,27,4.664738764840051
gep21,00,2026-05-28,2026-06-25,gcrew,noaa_gefs,21,AirTemp_C_mean,28,21.151040649414085
gep21,00,2026-05-28,2026-06-25,gcrew,noaa_gefs,21,Pressure_Pa,28,100968.654296875
gep21,00,2026-05-28,2026-06-25,gcrew,noaa_gefs,21,RH_percent_mean,28,59.870840072631836
gep21,00,2026-05-28,2026-06-25,gcrew,noaa_gefs,21,Rain_mm_sum,28,0.10000000149011612
gep21,00,2026-05-28,2026-06-25,gcrew,noaa_gefs,21,ShortwaveRadiation_Wm2,28,355.75
gep21,00,2026-05-28,2026-06-25,gcrew,noaa_gefs,21,WindSpeed_ms_mean,28,4.965440944060037
gep21,00,2026-05-28,2026-06-26,gcrew,noaa_gefs,21,AirTemp_C_mean,29,20.49548492431643
gep21,00,2026-05-28,2026-06-26,gcrew,noaa_gefs,21,Pressure_Pa,29,101440.876953125
gep21,00,2026-05-28,2026-06-26,gcrew,noaa_gefs,21,RH_percent_mean,29,59.463311195373535
gep21,00,2026-05-28,2026-06-26,gcrew,noaa_gefs,21,Rain_mm_sum,29,0
gep21,00,2026-05-28,2026-06-26,gcrew,noaa_gefs,21,ShortwaveRadiation_Wm2,29,351
gep21,00,2026-05-28,2026-06-26,gcrew,noaa_gefs,21,WindSpeed_ms_mean,29,4.224020219033529
gep21,00,2026-05-28,2026-06-27,gcrew,noaa_gefs,21,AirTemp_C_mean,30,22.24182281494143
gep21,00,2026-05-28,2026-06-27,gcrew,noaa_gefs,21,Pressure_Pa,30,101707.216796875
gep21,00,2026-05-28,2026-06-27,gcrew,noaa_gefs,21,RH_percent_mean,30,58.40474605560303
gep21,00,2026-05-28,2026-06-27,gcrew,noaa_gefs,21,Rain_mm_sum,30,0
gep21,00,2026-05-28,2026-06-27,gcrew,noaa_gefs,21,ShortwaveRadiation_Wm2,30,351
gep21,00,2026-05-28,2026-06-27,gcrew,noaa_gefs,21,WindSpeed_ms_mean,30,4.272810309335263
gep21,00,2026-05-28,2026-06-28,gcrew,noaa_gefs,21,AirTemp_C_mean,31,24.168817138671898
gep21,00,2026-05-28,2026-06-28,gcrew,noaa_gefs,21,Pressure_Pa,31,101494.826171875
gep21,00,2026-05-28,2026-06-28,gcrew,noaa_gefs,21,RH_percent_mean,31,71.39916801452637
gep21,00,2026-05-28,2026-06-28,gcrew,noaa_gefs,21,Rain_mm_sum,31,0
gep21,00,2026-05-28,2026-06-28,gcrew,noaa_gefs,21,ShortwaveRadiation_Wm2,31,344
gep21,00,2026-05-28,2026-06-28,gcrew,noaa_gefs,21,WindSpeed_ms_mean,31,3.5498743444693566
gep21,00,2026-05-28,2026-06-29,gcrew,noaa_gefs,21,AirTemp_C_mean,32,26.337808227539085
gep21,00,2026-05-28,2026-06-29,gcrew,noaa_gefs,21,Pressure_Pa,32,101015.88671875
gep21,00,2026-05-28,2026-06-29,gcrew,noaa_gefs,21,RH_percent_mean,32,67.18145847320557
gep21,00,2026-05-28,2026-06-29,gcrew,noaa_gefs,21,Rain_mm_sum,32,0
gep21,00,2026-05-28,2026-06-29,gcrew,noaa_gefs,21,ShortwaveRadiation_Wm2,32,322.5
gep21,00,2026-05-28,2026-06-29,gcrew,noaa_gefs,21,WindSpeed_ms_mean,32,3.924499337392451
gep21,00,2026-05-28,2026-06-30,gcrew,noaa_gefs,21,AirTemp_C_mean,33,26.703363037109398
gep21,00,2026-05-28,2026-06-30,gcrew,noaa_gefs,21,Pressure_Pa,33,100415.265625
gep21,00,2026-05-28,2026-06-30,gcrew,noaa_gefs,21,RH_percent_mean,33,70.66891098022461
gep21,00,2026-05-28,2026-06-30,gcrew,noaa_gefs,21,Rain_mm_sum,33,0.7999999895691872
gep21,00,2026-05-28,2026-06-30,gcrew,noaa_gefs,21,ShortwaveRadiation_Wm2,33,221.5
gep21,00,2026-05-28,2026-06-30,gcrew,noaa_gefs,21,WindSpeed_ms_mean,33,2.4540543323176753
gep21,00,2026-05-28,2026-07-01,gcrew,noaa_gefs,21,AirTemp_C_mean,34,25.300759887695335
gep21,00,2026-05-28,2026-07-01,gcrew,noaa_gefs,21,Pressure_Pa,34,100593.78515625
gep21,00,2026-05-28,2026-07-01,gcrew,noaa_gefs,21,RH_percent_mean,34,66.53337669372559
gep21,00,2026-05-28,2026-07-01,gcrew,noaa_gefs,21,Rain_mm_sum,34,0.20000000298023224
gep21,00,2026-05-28,2026-07-01,gcrew,noaa_gefs,21,ShortwaveRadiation_Wm2,34,347.5
gep21,00,2026-05-28,2026-07-01,gcrew,noaa_gefs,21,WindSpeed_ms_mean,34,3.569256045713047
gep22,00,2026-05-28,2026-05-29,gcrew,noaa_gefs,22,AirTemp_C_mean,1,16.984544372558616
gep22,00,2026-05-28,2026-05-29,gcrew,noaa_gefs,22,Pressure_Pa,1,101312.3720703125
gep22,00,2026-05-28,2026-05-29,gcrew,noaa_gefs,22,RH_percent_mean,1,66.49901962280273
gep22,00,2026-05-28,2026-05-29,gcrew,noaa_gefs,22,Rain_mm_sum,1,0
gep22,00,2026-05-28,2026-05-29,gcrew,noaa_gefs,22,ShortwaveRadiation_Wm2,1,358.5
gep22,00,2026-05-28,2026-05-29,gcrew,noaa_gefs,22,WindSpeed_ms_mean,1,3.324157800523961
gep22,00,2026-05-28,2026-05-30,gcrew,noaa_gefs,22,AirTemp_C_mean,2,14.520104980468773
gep22,00,2026-05-28,2026-05-30,gcrew,noaa_gefs,22,Pressure_Pa,2,101405.7275390625
gep22,00,2026-05-28,2026-05-30,gcrew,noaa_gefs,22,RH_percent_mean,2,63.8339786529541
gep22,00,2026-05-28,2026-05-30,gcrew,noaa_gefs,22,Rain_mm_sum,2,0
gep22,00,2026-05-28,2026-05-30,gcrew,noaa_gefs,22,ShortwaveRadiation_Wm2,2,354
gep22,00,2026-05-28,2026-05-30,gcrew,noaa_gefs,22,WindSpeed_ms_mean,2,6.158624703355217
gep22,00,2026-05-28,2026-05-31,gcrew,noaa_gefs,22,AirTemp_C_mean,3,13.913762664794945
gep22,00,2026-05-28,2026-05-31,gcrew,noaa_gefs,22,Pressure_Pa,3,101891.111328125
gep22,00,2026-05-28,2026-05-31,gcrew,noaa_gefs,22,RH_percent_mean,3,62.99015474319458
gep22,00,2026-05-28,2026-05-31,gcrew,noaa_gefs,22,Rain_mm_sum,3,0
gep22,00,2026-05-28,2026-05-31,gcrew,noaa_gefs,22,ShortwaveRadiation_Wm2,3,361
gep22,00,2026-05-28,2026-05-31,gcrew,noaa_gefs,22,WindSpeed_ms_mean,3,2.3322553142904607
gep22,00,2026-05-28,2026-06-01,gcrew,noaa_gefs,22,AirTemp_C_mean,4,16.62330780029299
gep22,00,2026-05-28,2026-06-01,gcrew,noaa_gefs,22,Pressure_Pa,4,101337.8271484375
gep22,00,2026-05-28,2026-06-01,gcrew,noaa_gefs,22,RH_percent_mean,4,63.69150733947754
gep22,00,2026-05-28,2026-06-01,gcrew,noaa_gefs,22,Rain_mm_sum,4,0
gep22,00,2026-05-28,2026-06-01,gcrew,noaa_gefs,22,ShortwaveRadiation_Wm2,4,325.125
gep22,00,2026-05-28,2026-06-01,gcrew,noaa_gefs,22,WindSpeed_ms_mean,4,3.743790953418161
gep22,00,2026-05-28,2026-06-02,gcrew,noaa_gefs,22,AirTemp_C_mean,5,16.618074035644554
gep22,00,2026-05-28,2026-06-02,gcrew,noaa_gefs,22,Pressure_Pa,5,101068.361328125
gep22,00,2026-05-28,2026-06-02,gcrew,noaa_gefs,22,RH_percent_mean,5,61.181997299194336
gep22,00,2026-05-28,2026-06-02,gcrew,noaa_gefs,22,Rain_mm_sum,5,0
gep22,00,2026-05-28,2026-06-02,gcrew,noaa_gefs,22,ShortwaveRadiation_Wm2,5,345.875
gep22,00,2026-05-28,2026-06-02,gcrew,noaa_gefs,22,WindSpeed_ms_mean,5,2.656702509480038
gep22,00,2026-05-28,2026-06-03,gcrew,noaa_gefs,22,AirTemp_C_mean,6,14.53361282348635
gep22,00,2026-05-28,2026-06-03,gcrew,noaa_gefs,22,Pressure_Pa,6,101265.8505859375
gep22,00,2026-05-28,2026-06-03,gcrew,noaa_gefs,22,RH_percent_mean,6,58.42056369781494
gep22,00,2026-05-28,2026-06-03,gcrew,noaa_gefs,22,Rain_mm_sum,6,0.42000001296401024
gep22,00,2026-05-28,2026-06-03,gcrew,noaa_gefs,22,ShortwaveRadiation_Wm2,6,296.5
gep22,00,2026-05-28,2026-06-03,gcrew,noaa_gefs,22,WindSpeed_ms_mean,6,7.54477270972776
gep22,00,2026-05-28,2026-06-04,gcrew,noaa_gefs,22,AirTemp_C_mean,7,14.779225921630882
gep22,00,2026-05-28,2026-06-04,gcrew,noaa_gefs,22,Pressure_Pa,7,101801.623046875
gep22,00,2026-05-28,2026-06-04,gcrew,noaa_gefs,22,RH_percent_mean,7,63.78340291976929
gep22,00,2026-05-28,2026-06-04,gcrew,noaa_gefs,22,Rain_mm_sum,7,0.3100000023841858
gep22,00,2026-05-28,2026-06-04,gcrew,noaa_gefs,22,ShortwaveRadiation_Wm2,7,321
gep22,00,2026-05-28,2026-06-04,gcrew,noaa_gefs,22,WindSpeed_ms_mean,7,7.469515003650624
gep22,00,2026-05-28,2026-06-05,gcrew,noaa_gefs,22,AirTemp_C_mean,8,15.955716705322288
gep22,00,2026-05-28,2026-06-05,gcrew,noaa_gefs,22,Pressure_Pa,8,101952.7724609375
gep22,00,2026-05-28,2026-06-05,gcrew,noaa_gefs,22,RH_percent_mean,8,61.84580373764038
gep22,00,2026-05-28,2026-06-05,gcrew,noaa_gefs,22,Rain_mm_sum,8,0
gep22,00,2026-05-28,2026-06-05,gcrew,noaa_gefs,22,ShortwaveRadiation_Wm2,8,358
gep22,00,2026-05-28,2026-06-05,gcrew,noaa_gefs,22,WindSpeed_ms_mean,8,4.597932834247479
gep22,00,2026-05-28,2026-06-06,gcrew,noaa_gefs,22,AirTemp_C_mean,9,18.72523106166297
gep22,00,2026-05-28,2026-06-06,gcrew,noaa_gefs,22,Pressure_Pa,9,101935.07700892857
gep22,00,2026-05-28,2026-06-06,gcrew,noaa_gefs,22,RH_percent_mean,9,63.01251983642578
gep22,00,2026-05-28,2026-06-06,gcrew,noaa_gefs,22,Rain_mm_sum,9,0
gep22,00,2026-05-28,2026-06-06,gcrew,noaa_gefs,22,ShortwaveRadiation_Wm2,9,409.14285714285717
gep22,00,2026-05-28,2026-06-06,gcrew,noaa_gefs,22,WindSpeed_ms_mean,9,2.582886239108914
gep22,00,2026-05-28,2026-06-07,gcrew,noaa_gefs,22,AirTemp_C_mean,10,20.02813873291018
gep22,00,2026-05-28,2026-06-07,gcrew,noaa_gefs,22,Pressure_Pa,10,101518.1484375
gep22,00,2026-05-28,2026-06-07,gcrew,noaa_gefs,22,RH_percent_mean,10,64.0985107421875
gep22,00,2026-05-28,2026-06-07,gcrew,noaa_gefs,22,Rain_mm_sum,10,0
gep22,00,2026-05-28,2026-06-07,gcrew,noaa_gefs,22,ShortwaveRadiation_Wm2,10,313.25
gep22,00,2026-05-28,2026-06-07,gcrew,noaa_gefs,22,WindSpeed_ms_mean,10,3.0982185202913497
gep22,00,2026-05-28,2026-06-08,gcrew,noaa_gefs,22,AirTemp_C_mean,11,21.244317626953148
gep22,00,2026-05-28,2026-06-08,gcrew,noaa_gefs,22,Pressure_Pa,11,100838.3359375
gep22,00,2026-05-28,2026-06-08,gcrew,noaa_gefs,22,RH_percent_mean,11,83.27591323852539
gep22,00,2026-05-28,2026-06-08,gcrew,noaa_gefs,22,Rain_mm_sum,11,10.500000312924385
gep22,00,2026-05-28,2026-06-08,gcrew,noaa_gefs,22,ShortwaveRadiation_Wm2,11,130.75
gep22,00,2026-05-28,2026-06-08,gcrew,noaa_gefs,22,WindSpeed_ms_mean,11,5.466295843691377
gep22,00,2026-05-28,2026-06-09,gcrew,noaa_gefs,22,AirTemp_C_mean,12,18.266564941406273
gep22,00,2026-05-28,2026-06-09,gcrew,noaa_gefs,22,Pressure_Pa,12,101545.86328125
gep22,00,2026-05-28,2026-06-09,gcrew,noaa_gefs,22,RH_percent_mean,12,65.5650224685669
gep22,00,2026-05-28,2026-06-09,gcrew,noaa_gefs,22,Rain_mm_sum,12,2.4000000953674316
gep22,00,2026-05-28,2026-06-09,gcrew,noaa_gefs,22,ShortwaveRadiation_Wm2,12,361.25
gep22,00,2026-05-28,2026-06-09,gcrew,noaa_gefs,22,WindSpeed_ms_mean,12,7.459937362211188
gep22,00,2026-05-28,2026-06-10,gcrew,noaa_gefs,22,AirTemp_C_mean,13,17.935144042968773
gep22,00,2026-05-28,2026-06-10,gcrew,noaa_gefs,22,Pressure_Pa,13,102414.19921875
gep22,00,2026-05-28,2026-06-10,gcrew,noaa_gefs,22,RH_percent_mean,13,56.38784217834473
gep22,00,2026-05-28,2026-06-10,gcrew,noaa_gefs,22,Rain_mm_sum,13,0
gep22,00,2026-05-28,2026-06-10,gcrew,noaa_gefs,22,ShortwaveRadiation_Wm2,13,363.25
gep22,00,2026-05-28,2026-06-10,gcrew,noaa_gefs,22,WindSpeed_ms_mean,13,4.315274059982924
gep22,00,2026-05-28,2026-06-11,gcrew,noaa_gefs,22,AirTemp_C_mean,14,18.79597625732424
gep22,00,2026-05-28,2026-06-11,gcrew,noaa_gefs,22,Pressure_Pa,14,102375.763671875
gep22,00,2026-05-28,2026-06-11,gcrew,noaa_gefs,22,RH_percent_mean,14,57.19118881225586
gep22,00,2026-05-28,2026-06-11,gcrew,noaa_gefs,22,Rain_mm_sum,14,0
gep22,00,2026-05-28,2026-06-11,gcrew,noaa_gefs,22,ShortwaveRadiation_Wm2,14,359.25
gep22,00,2026-05-28,2026-06-11,gcrew,noaa_gefs,22,WindSpeed_ms_mean,14,2.5567400202041837
gep22,00,2026-05-28,2026-06-12,gcrew,noaa_gefs,22,AirTemp_C_mean,15,20.419717407226585
gep22,00,2026-05-28,2026-06-12,gcrew,noaa_gefs,22,Pressure_Pa,15,101882.580078125
gep22,00,2026-05-28,2026-06-12,gcrew,noaa_gefs,22,RH_percent_mean,15,61.499000549316406
gep22,00,2026-05-28,2026-06-12,gcrew,noaa_gefs,22,Rain_mm_sum,15,0
gep22,00,2026-05-28,2026-06-12,gcrew,noaa_gefs,22,ShortwaveRadiation_Wm2,15,338.75
gep22,00,2026-05-28,2026-06-12,gcrew,noaa_gefs,22,WindSpeed_ms_mean,15,2.427922764317797
gep22,00,2026-05-28,2026-06-13,gcrew,noaa_gefs,22,AirTemp_C_mean,16,22.97486267089846
gep22,00,2026-05-28,2026-06-13,gcrew,noaa_gefs,22,Pressure_Pa,16,101575.34375
gep22,00,2026-05-28,2026-06-13,gcrew,noaa_gefs,22,RH_percent_mean,16,66.48400783538818
gep22,00,2026-05-28,2026-06-13,gcrew,noaa_gefs,22,Rain_mm_sum,16,0
gep22,00,2026-05-28,2026-06-13,gcrew,noaa_gefs,22,ShortwaveRadiation_Wm2,16,336.75
gep22,00,2026-05-28,2026-06-13,gcrew,noaa_gefs,22,WindSpeed_ms_mean,16,3.760233349203137
gep22,00,2026-05-28,2026-06-14,gcrew,noaa_gefs,22,AirTemp_C_mean,17,21.73445281982424
gep22,00,2026-05-28,2026-06-14,gcrew,noaa_gefs,22,Pressure_Pa,17,101758.880859375
gep22,00,2026-05-28,2026-06-14,gcrew,noaa_gefs,22,RH_percent_mean,17,60.63445472717285
gep22,00,2026-05-28,2026-06-14,gcrew,noaa_gefs,22,Rain_mm_sum,17,0
gep22,00,2026-05-28,2026-06-14,gcrew,noaa_gefs,22,ShortwaveRadiation_Wm2,17,345
gep22,00,2026-05-28,2026-06-14,gcrew,noaa_gefs,22,WindSpeed_ms_mean,17,3.877745024465436
gep22,00,2026-05-28,2026-06-15,gcrew,noaa_gefs,22,AirTemp_C_mean,18,27.282464599609398
gep22,00,2026-05-28,2026-06-15,gcrew,noaa_gefs,22,Pressure_Pa,18,101216.53125
gep22,00,2026-05-28,2026-06-15,gcrew,noaa_gefs,22,RH_percent_mean,18,62.073336601257324
gep22,00,2026-05-28,2026-06-15,gcrew,noaa_gefs,22,Rain_mm_sum,18,0.10000000149011612
gep22,00,2026-05-28,2026-06-15,gcrew,noaa_gefs,22,ShortwaveRadiation_Wm2,18,342.25
gep22,00,2026-05-28,2026-06-15,gcrew,noaa_gefs,22,WindSpeed_ms_mean,18,3.863105661866631
gep22,00,2026-05-28,2026-06-16,gcrew,noaa_gefs,22,AirTemp_C_mean,19,27.164888000488304
gep22,00,2026-05-28,2026-06-16,gcrew,noaa_gefs,22,Pressure_Pa,19,101554.767578125
gep22,00,2026-05-28,2026-06-16,gcrew,noaa_gefs,22,RH_percent_mean,19,61.02194118499756
gep22,00,2026-05-28,2026-06-16,gcrew,noaa_gefs,22,Rain_mm_sum,19,0.10000000149011612
gep22,00,2026-05-28,2026-06-16,gcrew,noaa_gefs,22,ShortwaveRadiation_Wm2,19,297.5
gep22,00,2026-05-28,2026-06-16,gcrew,noaa_gefs,22,WindSpeed_ms_mean,19,2.604843904299301
gep22,00,2026-05-28,2026-06-17,gcrew,noaa_gefs,22,AirTemp_C_mean,20,22.97168884277346
gep22,00,2026-05-28,2026-06-17,gcrew,noaa_gefs,22,Pressure_Pa,20,101994.060546875
gep22,00,2026-05-28,2026-06-17,gcrew,noaa_gefs,22,RH_percent_mean,20,85.14014625549316
gep22,00,2026-05-28,2026-06-17,gcrew,noaa_gefs,22,Rain_mm_sum,20,2.9000000953674316
gep22,00,2026-05-28,2026-06-17,gcrew,noaa_gefs,22,ShortwaveRadiation_Wm2,20,269.25
gep22,00,2026-05-28,2026-06-17,gcrew,noaa_gefs,22,WindSpeed_ms_mean,20,4.609625277607201
gep22,00,2026-05-28,2026-06-18,gcrew,noaa_gefs,22,AirTemp_C_mean,21,22.94593963623049
gep22,00,2026-05-28,2026-06-18,gcrew,noaa_gefs,22,Pressure_Pa,21,101981.146484375
gep22,00,2026-05-28,2026-06-18,gcrew,noaa_gefs,22,RH_percent_mean,21,86.89044570922852
gep22,00,2026-05-28,2026-06-18,gcrew,noaa_gefs,22,Rain_mm_sum,21,1.4000000357627869
gep22,00,2026-05-28,2026-06-18,gcrew,noaa_gefs,22,ShortwaveRadiation_Wm2,21,303.25
gep22,00,2026-05-28,2026-06-18,gcrew,noaa_gefs,22,WindSpeed_ms_mean,21,2.586226235579734
gep22,00,2026-05-28,2026-06-19,gcrew,noaa_gefs,22,AirTemp_C_mean,22,26.268060302734398
gep22,00,2026-05-28,2026-06-19,gcrew,noaa_gefs,22,Pressure_Pa,22,101740.232421875
gep22,00,2026-05-28,2026-06-19,gcrew,noaa_gefs,22,RH_percent_mean,22,70.88781070709229
gep22,00,2026-05-28,2026-06-19,gcrew,noaa_gefs,22,Rain_mm_sum,22,0
gep22,00,2026-05-28,2026-06-19,gcrew,noaa_gefs,22,ShortwaveRadiation_Wm2,22,333
gep22,00,2026-05-28,2026-06-19,gcrew,noaa_gefs,22,WindSpeed_ms_mean,22,4.6750494445637285
gep22,00,2026-05-28,2026-06-20,gcrew,noaa_gefs,22,AirTemp_C_mean,23,27.841043090820335
gep22,00,2026-05-28,2026-06-20,gcrew,noaa_gefs,22,Pressure_Pa,23,101515.064453125
gep22,00,2026-05-28,2026-06-20,gcrew,noaa_gefs,22,RH_percent_mean,23,61.98535442352295
gep22,00,2026-05-28,2026-06-20,gcrew,noaa_gefs,22,Rain_mm_sum,23,0
gep22,00,2026-05-28,2026-06-20,gcrew,noaa_gefs,22,ShortwaveRadiation_Wm2,23,317.5
gep22,00,2026-05-28,2026-06-20,gcrew,noaa_gefs,22,WindSpeed_ms_mean,23,3.626574370372676
gep22,00,2026-05-28,2026-06-21,gcrew,noaa_gefs,22,AirTemp_C_mean,24,27.115220642089866
gep22,00,2026-05-28,2026-06-21,gcrew,noaa_gefs,22,Pressure_Pa,24,101335.810546875
gep22,00,2026-05-28,2026-06-21,gcrew,noaa_gefs,22,RH_percent_mean,24,61.86435508728027
gep22,00,2026-05-28,2026-06-21,gcrew,noaa_gefs,22,Rain_mm_sum,24,0
gep22,00,2026-05-28,2026-06-21,gcrew,noaa_gefs,22,ShortwaveRadiation_Wm2,24,325.75
gep22,00,2026-05-28,2026-06-21,gcrew,noaa_gefs,22,WindSpeed_ms_mean,24,4.1586571738201075
gep22,00,2026-05-28,2026-06-22,gcrew,noaa_gefs,22,AirTemp_C_mean,25,24.424424743652366
gep22,00,2026-05-28,2026-06-22,gcrew,noaa_gefs,22,Pressure_Pa,25,101386.505859375
gep22,00,2026-05-28,2026-06-22,gcrew,noaa_gefs,22,RH_percent_mean,25,81.4093132019043
gep22,00,2026-05-28,2026-06-22,gcrew,noaa_gefs,22,Rain_mm_sum,25,0.4000000059604645
gep22,00,2026-05-28,2026-06-22,gcrew,noaa_gefs,22,ShortwaveRadiation_Wm2,25,100.5
gep22,00,2026-05-28,2026-06-22,gcrew,noaa_gefs,22,WindSpeed_ms_mean,25,4.003219955758446
gep22,00,2026-05-28,2026-06-23,gcrew,noaa_gefs,22,AirTemp_C_mean,26,22.006524658203148
gep22,00,2026-05-28,2026-06-23,gcrew,noaa_gefs,22,Pressure_Pa,26,101129.3515625
gep22,00,2026-05-28,2026-06-23,gcrew,noaa_gefs,22,RH_percent_mean,26,93.43722724914551
gep22,00,2026-05-28,2026-06-23,gcrew,noaa_gefs,22,Rain_mm_sum,26,55.300001695752144
gep22,00,2026-05-28,2026-06-23,gcrew,noaa_gefs,22,ShortwaveRadiation_Wm2,26,22.75
gep22,00,2026-05-28,2026-06-23,gcrew,noaa_gefs,22,WindSpeed_ms_mean,26,4.542991536121778
gep22,00,2026-05-28,2026-06-24,gcrew,noaa_gefs,22,AirTemp_C_mean,27,22.589105224609398
gep22,00,2026-05-28,2026-06-24,gcrew,noaa_gefs,22,Pressure_Pa,27,100791.896484375
gep22,00,2026-05-28,2026-06-24,gcrew,noaa_gefs,22,RH_percent_mean,27,86.6486873626709
gep22,00,2026-05-28,2026-06-24,gcrew,noaa_gefs,22,Rain_mm_sum,27,8.000000096857548
gep22,00,2026-05-28,2026-06-24,gcrew,noaa_gefs,22,ShortwaveRadiation_Wm2,27,230.25
gep22,00,2026-05-28,2026-06-24,gcrew,noaa_gefs,22,WindSpeed_ms_mean,27,4.664738764840051
gep22,00,2026-05-28,2026-06-25,gcrew,noaa_gefs,22,AirTemp_C_mean,28,21.151040649414085
gep22,00,2026-05-28,2026-06-25,gcrew,noaa_gefs,22,Pressure_Pa,28,100968.654296875
gep22,00,2026-05-28,2026-06-25,gcrew,noaa_gefs,22,RH_percent_mean,28,59.870840072631836
gep22,00,2026-05-28,2026-06-25,gcrew,noaa_gefs,22,Rain_mm_sum,28,0.10000000149011612
gep22,00,2026-05-28,2026-06-25,gcrew,noaa_gefs,22,ShortwaveRadiation_Wm2,28,355.75
gep22,00,2026-05-28,2026-06-25,gcrew,noaa_gefs,22,WindSpeed_ms_mean,28,4.965440944060037
gep22,00,2026-05-28,2026-06-26,gcrew,noaa_gefs,22,AirTemp_C_mean,29,20.49548492431643
gep22,00,2026-05-28,2026-06-26,gcrew,noaa_gefs,22,Pressure_Pa,29,101440.876953125
gep22,00,2026-05-28,2026-06-26,gcrew,noaa_gefs,22,RH_percent_mean,29,59.463311195373535
gep22,00,2026-05-28,2026-06-26,gcrew,noaa_gefs,22,Rain_mm_sum,29,0
gep22,00,2026-05-28,2026-06-26,gcrew,noaa_gefs,22,ShortwaveRadiation_Wm2,29,351
gep22,00,2026-05-28,2026-06-26,gcrew,noaa_gefs,22,WindSpeed_ms_mean,29,4.224020219033529
gep22,00,2026-05-28,2026-06-27,gcrew,noaa_gefs,22,AirTemp_C_mean,30,22.24182281494143
gep22,00,2026-05-28,2026-06-27,gcrew,noaa_gefs,22,Pressure_Pa,30,101707.216796875
gep22,00,2026-05-28,2026-06-27,gcrew,noaa_gefs,22,RH_percent_mean,30,58.40474605560303
gep22,00,2026-05-28,2026-06-27,gcrew,noaa_gefs,22,Rain_mm_sum,30,0
gep22,00,2026-05-28,2026-06-27,gcrew,noaa_gefs,22,ShortwaveRadiation_Wm2,30,351
gep22,00,2026-05-28,2026-06-27,gcrew,noaa_gefs,22,WindSpeed_ms_mean,30,4.272810309335263
gep22,00,2026-05-28,2026-06-28,gcrew,noaa_gefs,22,AirTemp_C_mean,31,24.168817138671898
gep22,00,2026-05-28,2026-06-28,gcrew,noaa_gefs,22,Pressure_Pa,31,101494.826171875
gep22,00,2026-05-28,2026-06-28,gcrew,noaa_gefs,22,RH_percent_mean,31,71.39916801452637
gep22,00,2026-05-28,2026-06-28,gcrew,noaa_gefs,22,Rain_mm_sum,31,0
gep22,00,2026-05-28,2026-06-28,gcrew,noaa_gefs,22,ShortwaveRadiation_Wm2,31,344
gep22,00,2026-05-28,2026-06-28,gcrew,noaa_gefs,22,WindSpeed_ms_mean,31,3.5498743444693566
gep22,00,2026-05-28,2026-06-29,gcrew,noaa_gefs,22,AirTemp_C_mean,32,26.337808227539085
gep22,00,2026-05-28,2026-06-29,gcrew,noaa_gefs,22,Pressure_Pa,32,101015.88671875
gep22,00,2026-05-28,2026-06-29,gcrew,noaa_gefs,22,RH_percent_mean,32,67.18145847320557
gep22,00,2026-05-28,2026-06-29,gcrew,noaa_gefs,22,Rain_mm_sum,32,0
gep22,00,2026-05-28,2026-06-29,gcrew,noaa_gefs,22,ShortwaveRadiation_Wm2,32,322.5
gep22,00,2026-05-28,2026-06-29,gcrew,noaa_gefs,22,WindSpeed_ms_mean,32,3.924499337392451
gep22,00,2026-05-28,2026-06-30,gcrew,noaa_gefs,22,AirTemp_C_mean,33,26.703363037109398
gep22,00,2026-05-28,2026-06-30,gcrew,noaa_gefs,22,Pressure_Pa,33,100415.265625
gep22,00,2026-05-28,2026-06-30,gcrew,noaa_gefs,22,RH_percent_mean,33,70.66891098022461
gep22,00,2026-05-28,2026-06-30,gcrew,noaa_gefs,22,Rain_mm_sum,33,0.7999999895691872
gep22,00,2026-05-28,2026-06-30,gcrew,noaa_gefs,22,ShortwaveRadiation_Wm2,33,221.5
gep22,00,2026-05-28,2026-06-30,gcrew,noaa_gefs,22,WindSpeed_ms_mean,33,2.4540543323176753
gep22,00,2026-05-28,2026-07-01,gcrew,noaa_gefs,22,AirTemp_C_mean,34,25.300759887695335
gep22,00,2026-05-28,2026-07-01,gcrew,noaa_gefs,22,Pressure_Pa,34,100593.78515625
gep22,00,2026-05-28,2026-07-01,gcrew,noaa_gefs,22,RH_percent_mean,34,66.53337669372559
gep22,00,2026-05-28,2026-07-01,gcrew,noaa_gefs,22,Rain_mm_sum,34,0.20000000298023224
gep22,00,2026-05-28,2026-07-01,gcrew,noaa_gefs,22,ShortwaveRadiation_Wm2,34,347.5
gep22,00,2026-05-28,2026-07-01,gcrew,noaa_gefs,22,WindSpeed_ms_mean,34,3.569256045713047
gep23,00,2026-05-28,2026-05-29,gcrew,noaa_gefs,23,AirTemp_C_mean,1,16.984544372558616
gep23,00,2026-05-28,2026-05-29,gcrew,noaa_gefs,23,Pressure_Pa,1,101312.3720703125
gep23,00,2026-05-28,2026-05-29,gcrew,noaa_gefs,23,RH_percent_mean,1,66.49901962280273
gep23,00,2026-05-28,2026-05-29,gcrew,noaa_gefs,23,Rain_mm_sum,1,0
gep23,00,2026-05-28,2026-05-29,gcrew,noaa_gefs,23,ShortwaveRadiation_Wm2,1,358.5
gep23,00,2026-05-28,2026-05-29,gcrew,noaa_gefs,23,WindSpeed_ms_mean,1,3.324157800523961
gep23,00,2026-05-28,2026-05-30,gcrew,noaa_gefs,23,AirTemp_C_mean,2,14.520104980468773
gep23,00,2026-05-28,2026-05-30,gcrew,noaa_gefs,23,Pressure_Pa,2,101405.7275390625
gep23,00,2026-05-28,2026-05-30,gcrew,noaa_gefs,23,RH_percent_mean,2,63.8339786529541
gep23,00,2026-05-28,2026-05-30,gcrew,noaa_gefs,23,Rain_mm_sum,2,0
gep23,00,2026-05-28,2026-05-30,gcrew,noaa_gefs,23,ShortwaveRadiation_Wm2,2,354
gep23,00,2026-05-28,2026-05-30,gcrew,noaa_gefs,23,WindSpeed_ms_mean,2,6.158624703355217
gep23,00,2026-05-28,2026-05-31,gcrew,noaa_gefs,23,AirTemp_C_mean,3,13.913762664794945
gep23,00,2026-05-28,2026-05-31,gcrew,noaa_gefs,23,Pressure_Pa,3,101891.111328125
gep23,00,2026-05-28,2026-05-31,gcrew,noaa_gefs,23,RH_percent_mean,3,62.99015474319458
gep23,00,2026-05-28,2026-05-31,gcrew,noaa_gefs,23,Rain_mm_sum,3,0
gep23,00,2026-05-28,2026-05-31,gcrew,noaa_gefs,23,ShortwaveRadiation_Wm2,3,361
gep23,00,2026-05-28,2026-05-31,gcrew,noaa_gefs,23,WindSpeed_ms_mean,3,2.3322553142904607
gep23,00,2026-05-28,2026-06-01,gcrew,noaa_gefs,23,AirTemp_C_mean,4,16.62330780029299
gep23,00,2026-05-28,2026-06-01,gcrew,noaa_gefs,23,Pressure_Pa,4,101337.8271484375
gep23,00,2026-05-28,2026-06-01,gcrew,noaa_gefs,23,RH_percent_mean,4,63.69150733947754
gep23,00,2026-05-28,2026-06-01,gcrew,noaa_gefs,23,Rain_mm_sum,4,0
gep23,00,2026-05-28,2026-06-01,gcrew,noaa_gefs,23,ShortwaveRadiation_Wm2,4,325.125
gep23,00,2026-05-28,2026-06-01,gcrew,noaa_gefs,23,WindSpeed_ms_mean,4,3.743790953418161
gep23,00,2026-05-28,2026-06-02,gcrew,noaa_gefs,23,AirTemp_C_mean,5,16.618074035644554
gep23,00,2026-05-28,2026-06-02,gcrew,noaa_gefs,23,Pressure_Pa,5,101068.361328125
gep23,00,2026-05-28,2026-06-02,gcrew,noaa_gefs,23,RH_percent_mean,5,61.181997299194336
gep23,00,2026-05-28,2026-06-02,gcrew,noaa_gefs,23,Rain_mm_sum,5,0
gep23,00,2026-05-28,2026-06-02,gcrew,noaa_gefs,23,ShortwaveRadiation_Wm2,5,345.875
gep23,00,2026-05-28,2026-06-02,gcrew,noaa_gefs,23,WindSpeed_ms_mean,5,2.656702509480038
gep23,00,2026-05-28,2026-06-03,gcrew,noaa_gefs,23,AirTemp_C_mean,6,14.53361282348635
gep23,00,2026-05-28,2026-06-03,gcrew,noaa_gefs,23,Pressure_Pa,6,101265.8505859375
gep23,00,2026-05-28,2026-06-03,gcrew,noaa_gefs,23,RH_percent_mean,6,58.42056369781494
gep23,00,2026-05-28,2026-06-03,gcrew,noaa_gefs,23,Rain_mm_sum,6,0.42000001296401024
gep23,00,2026-05-28,2026-06-03,gcrew,noaa_gefs,23,ShortwaveRadiation_Wm2,6,296.5
gep23,00,2026-05-28,2026-06-03,gcrew,noaa_gefs,23,WindSpeed_ms_mean,6,7.54477270972776
gep23,00,2026-05-28,2026-06-04,gcrew,noaa_gefs,23,AirTemp_C_mean,7,14.779225921630882
gep23,00,2026-05-28,2026-06-04,gcrew,noaa_gefs,23,Pressure_Pa,7,101801.623046875
gep23,00,2026-05-28,2026-06-04,gcrew,noaa_gefs,23,RH_percent_mean,7,63.78340291976929
gep23,00,2026-05-28,2026-06-04,gcrew,noaa_gefs,23,Rain_mm_sum,7,0.3100000023841858
gep23,00,2026-05-28,2026-06-04,gcrew,noaa_gefs,23,ShortwaveRadiation_Wm2,7,321
gep23,00,2026-05-28,2026-06-04,gcrew,noaa_gefs,23,WindSpeed_ms_mean,7,7.469515003650624
gep23,00,2026-05-28,2026-06-05,gcrew,noaa_gefs,23,AirTemp_C_mean,8,15.955716705322288
gep23,00,2026-05-28,2026-06-05,gcrew,noaa_gefs,23,Pressure_Pa,8,101952.7724609375
gep23,00,2026-05-28,2026-06-05,gcrew,noaa_gefs,23,RH_percent_mean,8,61.84580373764038
gep23,00,2026-05-28,2026-06-05,gcrew,noaa_gefs,23,Rain_mm_sum,8,0
gep23,00,2026-05-28,2026-06-05,gcrew,noaa_gefs,23,ShortwaveRadiation_Wm2,8,358
gep23,00,2026-05-28,2026-06-05,gcrew,noaa_gefs,23,WindSpeed_ms_mean,8,4.597932834247479
gep23,00,2026-05-28,2026-06-06,gcrew,noaa_gefs,23,AirTemp_C_mean,9,18.72523106166297
gep23,00,2026-05-28,2026-06-06,gcrew,noaa_gefs,23,Pressure_Pa,9,101935.07700892857
gep23,00,2026-05-28,2026-06-06,gcrew,noaa_gefs,23,RH_percent_mean,9,63.01251983642578
gep23,00,2026-05-28,2026-06-06,gcrew,noaa_gefs,23,Rain_mm_sum,9,0
gep23,00,2026-05-28,2026-06-06,gcrew,noaa_gefs,23,ShortwaveRadiation_Wm2,9,409.14285714285717
gep23,00,2026-05-28,2026-06-06,gcrew,noaa_gefs,23,WindSpeed_ms_mean,9,2.582886239108914
gep23,00,2026-05-28,2026-06-07,gcrew,noaa_gefs,23,AirTemp_C_mean,10,20.02813873291018
gep23,00,2026-05-28,2026-06-07,gcrew,noaa_gefs,23,Pressure_Pa,10,101518.1484375
gep23,00,2026-05-28,2026-06-07,gcrew,noaa_gefs,23,RH_percent_mean,10,64.0985107421875
gep23,00,2026-05-28,2026-06-07,gcrew,noaa_gefs,23,Rain_mm_sum,10,0
gep23,00,2026-05-28,2026-06-07,gcrew,noaa_gefs,23,ShortwaveRadiation_Wm2,10,313.25
gep23,00,2026-05-28,2026-06-07,gcrew,noaa_gefs,23,WindSpeed_ms_mean,10,3.0982185202913497
gep23,00,2026-05-28,2026-06-08,gcrew,noaa_gefs,23,AirTemp_C_mean,11,21.244317626953148
gep23,00,2026-05-28,2026-06-08,gcrew,noaa_gefs,23,Pressure_Pa,11,100838.3359375
gep23,00,2026-05-28,2026-06-08,gcrew,noaa_gefs,23,RH_percent_mean,11,83.27591323852539
gep23,00,2026-05-28,2026-06-08,gcrew,noaa_gefs,23,Rain_mm_sum,11,10.500000312924385
gep23,00,2026-05-28,2026-06-08,gcrew,noaa_gefs,23,ShortwaveRadiation_Wm2,11,130.75
gep23,00,2026-05-28,2026-06-08,gcrew,noaa_gefs,23,WindSpeed_ms_mean,11,5.466295843691377
gep23,00,2026-05-28,2026-06-09,gcrew,noaa_gefs,23,AirTemp_C_mean,12,18.266564941406273
gep23,00,2026-05-28,2026-06-09,gcrew,noaa_gefs,23,Pressure_Pa,12,101545.86328125
gep23,00,2026-05-28,2026-06-09,gcrew,noaa_gefs,23,RH_percent_mean,12,65.5650224685669
gep23,00,2026-05-28,2026-06-09,gcrew,noaa_gefs,23,Rain_mm_sum,12,2.4000000953674316
gep23,00,2026-05-28,2026-06-09,gcrew,noaa_gefs,23,ShortwaveRadiation_Wm2,12,361.25
gep23,00,2026-05-28,2026-06-09,gcrew,noaa_gefs,23,WindSpeed_ms_mean,12,7.459937362211188
gep23,00,2026-05-28,2026-06-10,gcrew,noaa_gefs,23,AirTemp_C_mean,13,17.935144042968773
gep23,00,2026-05-28,2026-06-10,gcrew,noaa_gefs,23,Pressure_Pa,13,102414.19921875
gep23,00,2026-05-28,2026-06-10,gcrew,noaa_gefs,23,RH_percent_mean,13,56.38784217834473
gep23,00,2026-05-28,2026-06-10,gcrew,noaa_gefs,23,Rain_mm_sum,13,0
gep23,00,2026-05-28,2026-06-10,gcrew,noaa_gefs,23,ShortwaveRadiation_Wm2,13,363.25
gep23,00,2026-05-28,2026-06-10,gcrew,noaa_gefs,23,WindSpeed_ms_mean,13,4.315274059982924
gep23,00,2026-05-28,2026-06-11,gcrew,noaa_gefs,23,AirTemp_C_mean,14,18.79597625732424
gep23,00,2026-05-28,2026-06-11,gcrew,noaa_gefs,23,Pressure_Pa,14,102375.763671875
gep23,00,2026-05-28,2026-06-11,gcrew,noaa_gefs,23,RH_percent_mean,14,57.19118881225586
gep23,00,2026-05-28,2026-06-11,gcrew,noaa_gefs,23,Rain_mm_sum,14,0
gep23,00,2026-05-28,2026-06-11,gcrew,noaa_gefs,23,ShortwaveRadiation_Wm2,14,359.25
gep23,00,2026-05-28,2026-06-11,gcrew,noaa_gefs,23,WindSpeed_ms_mean,14,2.5567400202041837
gep23,00,2026-05-28,2026-06-12,gcrew,noaa_gefs,23,AirTemp_C_mean,15,20.419717407226585
gep23,00,2026-05-28,2026-06-12,gcrew,noaa_gefs,23,Pressure_Pa,15,101882.580078125
gep23,00,2026-05-28,2026-06-12,gcrew,noaa_gefs,23,RH_percent_mean,15,61.499000549316406
gep23,00,2026-05-28,2026-06-12,gcrew,noaa_gefs,23,Rain_mm_sum,15,0
gep23,00,2026-05-28,2026-06-12,gcrew,noaa_gefs,23,ShortwaveRadiation_Wm2,15,338.75
gep23,00,2026-05-28,2026-06-12,gcrew,noaa_gefs,23,WindSpeed_ms_mean,15,2.427922764317797
gep23,00,2026-05-28,2026-06-13,gcrew,noaa_gefs,23,AirTemp_C_mean,16,22.97486267089846
gep23,00,2026-05-28,2026-06-13,gcrew,noaa_gefs,23,Pressure_Pa,16,101575.34375
gep23,00,2026-05-28,2026-06-13,gcrew,noaa_gefs,23,RH_percent_mean,16,66.48400783538818
gep23,00,2026-05-28,2026-06-13,gcrew,noaa_gefs,23,Rain_mm_sum,16,0
gep23,00,2026-05-28,2026-06-13,gcrew,noaa_gefs,23,ShortwaveRadiation_Wm2,16,336.75
gep23,00,2026-05-28,2026-06-13,gcrew,noaa_gefs,23,WindSpeed_ms_mean,16,3.760233349203137
gep23,00,2026-05-28,2026-06-14,gcrew,noaa_gefs,23,AirTemp_C_mean,17,21.73445281982424
gep23,00,2026-05-28,2026-06-14,gcrew,noaa_gefs,23,Pressure_Pa,17,101758.880859375
gep23,00,2026-05-28,2026-06-14,gcrew,noaa_gefs,23,RH_percent_mean,17,60.63445472717285
gep23,00,2026-05-28,2026-06-14,gcrew,noaa_gefs,23,Rain_mm_sum,17,0
gep23,00,2026-05-28,2026-06-14,gcrew,noaa_gefs,23,ShortwaveRadiation_Wm2,17,345
gep23,00,2026-05-28,2026-06-14,gcrew,noaa_gefs,23,WindSpeed_ms_mean,17,3.877745024465436
gep23,00,2026-05-28,2026-06-15,gcrew,noaa_gefs,23,AirTemp_C_mean,18,27.282464599609398
gep23,00,2026-05-28,2026-06-15,gcrew,noaa_gefs,23,Pressure_Pa,18,101216.53125
gep23,00,2026-05-28,2026-06-15,gcrew,noaa_gefs,23,RH_percent_mean,18,62.073336601257324
gep23,00,2026-05-28,2026-06-15,gcrew,noaa_gefs,23,Rain_mm_sum,18,0.10000000149011612
gep23,00,2026-05-28,2026-06-15,gcrew,noaa_gefs,23,ShortwaveRadiation_Wm2,18,342.25
gep23,00,2026-05-28,2026-06-15,gcrew,noaa_gefs,23,WindSpeed_ms_mean,18,3.863105661866631
gep23,00,2026-05-28,2026-06-16,gcrew,noaa_gefs,23,AirTemp_C_mean,19,27.164888000488304
gep23,00,2026-05-28,2026-06-16,gcrew,noaa_gefs,23,Pressure_Pa,19,101554.767578125
gep23,00,2026-05-28,2026-06-16,gcrew,noaa_gefs,23,RH_percent_mean,19,61.02194118499756
gep23,00,2026-05-28,2026-06-16,gcrew,noaa_gefs,23,Rain_mm_sum,19,0.10000000149011612
gep23,00,2026-05-28,2026-06-16,gcrew,noaa_gefs,23,ShortwaveRadiation_Wm2,19,297.5
gep23,00,2026-05-28,2026-06-16,gcrew,noaa_gefs,23,WindSpeed_ms_mean,19,2.604843904299301
gep23,00,2026-05-28,2026-06-17,gcrew,noaa_gefs,23,AirTemp_C_mean,20,22.97168884277346
gep23,00,2026-05-28,2026-06-17,gcrew,noaa_gefs,23,Pressure_Pa,20,101994.060546875
gep23,00,2026-05-28,2026-06-17,gcrew,noaa_gefs,23,RH_percent_mean,20,85.14014625549316
gep23,00,2026-05-28,2026-06-17,gcrew,noaa_gefs,23,Rain_mm_sum,20,2.9000000953674316
gep23,00,2026-05-28,2026-06-17,gcrew,noaa_gefs,23,ShortwaveRadiation_Wm2,20,269.25
gep23,00,2026-05-28,2026-06-17,gcrew,noaa_gefs,23,WindSpeed_ms_mean,20,4.609625277607201
gep23,00,2026-05-28,2026-06-18,gcrew,noaa_gefs,23,AirTemp_C_mean,21,22.94593963623049
gep23,00,2026-05-28,2026-06-18,gcrew,noaa_gefs,23,Pressure_Pa,21,101981.146484375
gep23,00,2026-05-28,2026-06-18,gcrew,noaa_gefs,23,RH_percent_mean,21,86.89044570922852
gep23,00,2026-05-28,2026-06-18,gcrew,noaa_gefs,23,Rain_mm_sum,21,1.4000000357627869
gep23,00,2026-05-28,2026-06-18,gcrew,noaa_gefs,23,ShortwaveRadiation_Wm2,21,303.25
gep23,00,2026-05-28,2026-06-18,gcrew,noaa_gefs,23,WindSpeed_ms_mean,21,2.586226235579734
gep23,00,2026-05-28,2026-06-19,gcrew,noaa_gefs,23,AirTemp_C_mean,22,26.268060302734398
gep23,00,2026-05-28,2026-06-19,gcrew,noaa_gefs,23,Pressure_Pa,22,101740.232421875
gep23,00,2026-05-28,2026-06-19,gcrew,noaa_gefs,23,RH_percent_mean,22,70.88781070709229
gep23,00,2026-05-28,2026-06-19,gcrew,noaa_gefs,23,Rain_mm_sum,22,0
gep23,00,2026-05-28,2026-06-19,gcrew,noaa_gefs,23,ShortwaveRadiation_Wm2,22,333
gep23,00,2026-05-28,2026-06-19,gcrew,noaa_gefs,23,WindSpeed_ms_mean,22,4.6750494445637285
gep23,00,2026-05-28,2026-06-20,gcrew,noaa_gefs,23,AirTemp_C_mean,23,27.841043090820335
gep23,00,2026-05-28,2026-06-20,gcrew,noaa_gefs,23,Pressure_Pa,23,101515.064453125
gep23,00,2026-05-28,2026-06-20,gcrew,noaa_gefs,23,RH_percent_mean,23,61.98535442352295
gep23,00,2026-05-28,2026-06-20,gcrew,noaa_gefs,23,Rain_mm_sum,23,0
gep23,00,2026-05-28,2026-06-20,gcrew,noaa_gefs,23,ShortwaveRadiation_Wm2,23,317.5
gep23,00,2026-05-28,2026-06-20,gcrew,noaa_gefs,23,WindSpeed_ms_mean,23,3.626574370372676
gep23,00,2026-05-28,2026-06-21,gcrew,noaa_gefs,23,AirTemp_C_mean,24,27.115220642089866
gep23,00,2026-05-28,2026-06-21,gcrew,noaa_gefs,23,Pressure_Pa,24,101335.810546875
gep23,00,2026-05-28,2026-06-21,gcrew,noaa_gefs,23,RH_percent_mean,24,61.86435508728027
gep23,00,2026-05-28,2026-06-21,gcrew,noaa_gefs,23,Rain_mm_sum,24,0
gep23,00,2026-05-28,2026-06-21,gcrew,noaa_gefs,23,ShortwaveRadiation_Wm2,24,325.75
gep23,00,2026-05-28,2026-06-21,gcrew,noaa_gefs,23,WindSpeed_ms_mean,24,4.1586571738201075
gep23,00,2026-05-28,2026-06-22,gcrew,noaa_gefs,23,AirTemp_C_mean,25,24.424424743652366
gep23,00,2026-05-28,2026-06-22,gcrew,noaa_gefs,23,Pressure_Pa,25,101386.505859375
gep23,00,2026-05-28,2026-06-22,gcrew,noaa_gefs,23,RH_percent_mean,25,81.4093132019043
gep23,00,2026-05-28,2026-06-22,gcrew,noaa_gefs,23,Rain_mm_sum,25,0.4000000059604645
gep23,00,2026-05-28,2026-06-22,gcrew,noaa_gefs,23,ShortwaveRadiation_Wm2,25,100.5
gep23,00,2026-05-28,2026-06-22,gcrew,noaa_gefs,23,WindSpeed_ms_mean,25,4.003219955758446
gep23,00,2026-05-28,2026-06-23,gcrew,noaa_gefs,23,AirTemp_C_mean,26,22.006524658203148
gep23,00,2026-05-28,2026-06-23,gcrew,noaa_gefs,23,Pressure_Pa,26,101129.3515625
gep23,00,2026-05-28,2026-06-23,gcrew,noaa_gefs,23,RH_percent_mean,26,93.43722724914551
gep23,00,2026-05-28,2026-06-23,gcrew,noaa_gefs,23,Rain_mm_sum,26,55.300001695752144
gep23,00,2026-05-28,2026-06-23,gcrew,noaa_gefs,23,ShortwaveRadiation_Wm2,26,22.75
gep23,00,2026-05-28,2026-06-23,gcrew,noaa_gefs,23,WindSpeed_ms_mean,26,4.542991536121778
gep23,00,2026-05-28,2026-06-24,gcrew,noaa_gefs,23,AirTemp_C_mean,27,22.589105224609398
gep23,00,2026-05-28,2026-06-24,gcrew,noaa_gefs,23,Pressure_Pa,27,100791.896484375
gep23,00,2026-05-28,2026-06-24,gcrew,noaa_gefs,23,RH_percent_mean,27,86.6486873626709
gep23,00,2026-05-28,2026-06-24,gcrew,noaa_gefs,23,Rain_mm_sum,27,8.000000096857548
gep23,00,2026-05-28,2026-06-24,gcrew,noaa_gefs,23,ShortwaveRadiation_Wm2,27,230.25
gep23,00,2026-05-28,2026-06-24,gcrew,noaa_gefs,23,WindSpeed_ms_mean,27,4.664738764840051
gep23,00,2026-05-28,2026-06-25,gcrew,noaa_gefs,23,AirTemp_C_mean,28,21.151040649414085
gep23,00,2026-05-28,2026-06-25,gcrew,noaa_gefs,23,Pressure_Pa,28,100968.654296875
gep23,00,2026-05-28,2026-06-25,gcrew,noaa_gefs,23,RH_percent_mean,28,59.870840072631836
gep23,00,2026-05-28,2026-06-25,gcrew,noaa_gefs,23,Rain_mm_sum,28,0.10000000149011612
gep23,00,2026-05-28,2026-06-25,gcrew,noaa_gefs,23,ShortwaveRadiation_Wm2,28,355.75
gep23,00,2026-05-28,2026-06-25,gcrew,noaa_gefs,23,WindSpeed_ms_mean,28,4.965440944060037
gep23,00,2026-05-28,2026-06-26,gcrew,noaa_gefs,23,AirTemp_C_mean,29,20.49548492431643
gep23,00,2026-05-28,2026-06-26,gcrew,noaa_gefs,23,Pressure_Pa,29,101440.876953125
gep23,00,2026-05-28,2026-06-26,gcrew,noaa_gefs,23,RH_percent_mean,29,59.463311195373535
gep23,00,2026-05-28,2026-06-26,gcrew,noaa_gefs,23,Rain_mm_sum,29,0
gep23,00,2026-05-28,2026-06-26,gcrew,noaa_gefs,23,ShortwaveRadiation_Wm2,29,351
gep23,00,2026-05-28,2026-06-26,gcrew,noaa_gefs,23,WindSpeed_ms_mean,29,4.224020219033529
gep23,00,2026-05-28,2026-06-27,gcrew,noaa_gefs,23,AirTemp_C_mean,30,22.24182281494143
gep23,00,2026-05-28,2026-06-27,gcrew,noaa_gefs,23,Pressure_Pa,30,101707.216796875
gep23,00,2026-05-28,2026-06-27,gcrew,noaa_gefs,23,RH_percent_mean,30,58.40474605560303
gep23,00,2026-05-28,2026-06-27,gcrew,noaa_gefs,23,Rain_mm_sum,30,0
gep23,00,2026-05-28,2026-06-27,gcrew,noaa_gefs,23,ShortwaveRadiation_Wm2,30,351
gep23,00,2026-05-28,2026-06-27,gcrew,noaa_gefs,23,WindSpeed_ms_mean,30,4.272810309335263
gep23,00,2026-05-28,2026-06-28,gcrew,noaa_gefs,23,AirTemp_C_mean,31,24.168817138671898
gep23,00,2026-05-28,2026-06-28,gcrew,noaa_gefs,23,Pressure_Pa,31,101494.826171875
gep23,00,2026-05-28,2026-06-28,gcrew,noaa_gefs,23,RH_percent_mean,31,71.39916801452637
gep23,00,2026-05-28,2026-06-28,gcrew,noaa_gefs,23,Rain_mm_sum,31,0
gep23,00,2026-05-28,2026-06-28,gcrew,noaa_gefs,23,ShortwaveRadiation_Wm2,31,344
gep23,00,2026-05-28,2026-06-28,gcrew,noaa_gefs,23,WindSpeed_ms_mean,31,3.5498743444693566
gep23,00,2026-05-28,2026-06-29,gcrew,noaa_gefs,23,AirTemp_C_mean,32,26.337808227539085
gep23,00,2026-05-28,2026-06-29,gcrew,noaa_gefs,23,Pressure_Pa,32,101015.88671875
gep23,00,2026-05-28,2026-06-29,gcrew,noaa_gefs,23,RH_percent_mean,32,67.18145847320557
gep23,00,2026-05-28,2026-06-29,gcrew,noaa_gefs,23,Rain_mm_sum,32,0
gep23,00,2026-05-28,2026-06-29,gcrew,noaa_gefs,23,ShortwaveRadiation_Wm2,32,322.5
gep23,00,2026-05-28,2026-06-29,gcrew,noaa_gefs,23,WindSpeed_ms_mean,32,3.924499337392451
gep23,00,2026-05-28,2026-06-30,gcrew,noaa_gefs,23,AirTemp_C_mean,33,26.703363037109398
gep23,00,2026-05-28,2026-06-30,gcrew,noaa_gefs,23,Pressure_Pa,33,100415.265625
gep23,00,2026-05-28,2026-06-30,gcrew,noaa_gefs,23,RH_percent_mean,33,70.66891098022461
gep23,00,2026-05-28,2026-06-30,gcrew,noaa_gefs,23,Rain_mm_sum,33,0.7999999895691872
gep23,00,2026-05-28,2026-06-30,gcrew,noaa_gefs,23,ShortwaveRadiation_Wm2,33,221.5
gep23,00,2026-05-28,2026-06-30,gcrew,noaa_gefs,23,WindSpeed_ms_mean,33,2.4540543323176753
gep23,00,2026-05-28,2026-07-01,gcrew,noaa_gefs,23,AirTemp_C_mean,34,25.300759887695335
gep23,00,2026-05-28,2026-07-01,gcrew,noaa_gefs,23,Pressure_Pa,34,100593.78515625
gep23,00,2026-05-28,2026-07-01,gcrew,noaa_gefs,23,RH_percent_mean,34,66.53337669372559
gep23,00,2026-05-28,2026-07-01,gcrew,noaa_gefs,23,Rain_mm_sum,34,0.20000000298023224
gep23,00,2026-05-28,2026-07-01,gcrew,noaa_gefs,23,ShortwaveRadiation_Wm2,34,347.5
gep23,00,2026-05-28,2026-07-01,gcrew,noaa_gefs,23,WindSpeed_ms_mean,34,3.569256045713047
gep24,00,2026-05-28,2026-05-29,gcrew,noaa_gefs,24,AirTemp_C_mean,1,16.984544372558616
gep24,00,2026-05-28,2026-05-29,gcrew,noaa_gefs,24,Pressure_Pa,1,101312.3720703125
gep24,00,2026-05-28,2026-05-29,gcrew,noaa_gefs,24,RH_percent_mean,1,66.49901962280273
gep24,00,2026-05-28,2026-05-29,gcrew,noaa_gefs,24,Rain_mm_sum,1,0
gep24,00,2026-05-28,2026-05-29,gcrew,noaa_gefs,24,ShortwaveRadiation_Wm2,1,358.5
gep24,00,2026-05-28,2026-05-29,gcrew,noaa_gefs,24,WindSpeed_ms_mean,1,3.324157800523961
gep24,00,2026-05-28,2026-05-30,gcrew,noaa_gefs,24,AirTemp_C_mean,2,14.520104980468773
gep24,00,2026-05-28,2026-05-30,gcrew,noaa_gefs,24,Pressure_Pa,2,101405.7275390625
gep24,00,2026-05-28,2026-05-30,gcrew,noaa_gefs,24,RH_percent_mean,2,63.8339786529541
gep24,00,2026-05-28,2026-05-30,gcrew,noaa_gefs,24,Rain_mm_sum,2,0
gep24,00,2026-05-28,2026-05-30,gcrew,noaa_gefs,24,ShortwaveRadiation_Wm2,2,354
gep24,00,2026-05-28,2026-05-30,gcrew,noaa_gefs,24,WindSpeed_ms_mean,2,6.158624703355217
gep24,00,2026-05-28,2026-05-31,gcrew,noaa_gefs,24,AirTemp_C_mean,3,13.913762664794945
gep24,00,2026-05-28,2026-05-31,gcrew,noaa_gefs,24,Pressure_Pa,3,101891.111328125
gep24,00,2026-05-28,2026-05-31,gcrew,noaa_gefs,24,RH_percent_mean,3,62.99015474319458
gep24,00,2026-05-28,2026-05-31,gcrew,noaa_gefs,24,Rain_mm_sum,3,0
gep24,00,2026-05-28,2026-05-31,gcrew,noaa_gefs,24,ShortwaveRadiation_Wm2,3,361
gep24,00,2026-05-28,2026-05-31,gcrew,noaa_gefs,24,WindSpeed_ms_mean,3,2.3322553142904607
gep24,00,2026-05-28,2026-06-01,gcrew,noaa_gefs,24,AirTemp_C_mean,4,16.62330780029299
gep24,00,2026-05-28,2026-06-01,gcrew,noaa_gefs,24,Pressure_Pa,4,101337.8271484375
gep24,00,2026-05-28,2026-06-01,gcrew,noaa_gefs,24,RH_percent_mean,4,63.69150733947754
gep24,00,2026-05-28,2026-06-01,gcrew,noaa_gefs,24,Rain_mm_sum,4,0
gep24,00,2026-05-28,2026-06-01,gcrew,noaa_gefs,24,ShortwaveRadiation_Wm2,4,325.125
gep24,00,2026-05-28,2026-06-01,gcrew,noaa_gefs,24,WindSpeed_ms_mean,4,3.743790953418161
gep24,00,2026-05-28,2026-06-02,gcrew,noaa_gefs,24,AirTemp_C_mean,5,16.618074035644554
gep24,00,2026-05-28,2026-06-02,gcrew,noaa_gefs,24,Pressure_Pa,5,101068.361328125
gep24,00,2026-05-28,2026-06-02,gcrew,noaa_gefs,24,RH_percent_mean,5,61.181997299194336
gep24,00,2026-05-28,2026-06-02,gcrew,noaa_gefs,24,Rain_mm_sum,5,0
gep24,00,2026-05-28,2026-06-02,gcrew,noaa_gefs,24,ShortwaveRadiation_Wm2,5,345.875
gep24,00,2026-05-28,2026-06-02,gcrew,noaa_gefs,24,WindSpeed_ms_mean,5,2.656702509480038
gep24,00,2026-05-28,2026-06-03,gcrew,noaa_gefs,24,AirTemp_C_mean,6,14.53361282348635
gep24,00,2026-05-28,2026-06-03,gcrew,noaa_gefs,24,Pressure_Pa,6,101265.8505859375
gep24,00,2026-05-28,2026-06-03,gcrew,noaa_gefs,24,RH_percent_mean,6,58.42056369781494
gep24,00,2026-05-28,2026-06-03,gcrew,noaa_gefs,24,Rain_mm_sum,6,0.42000001296401024
gep24,00,2026-05-28,2026-06-03,gcrew,noaa_gefs,24,ShortwaveRadiation_Wm2,6,296.5
gep24,00,2026-05-28,2026-06-03,gcrew,noaa_gefs,24,WindSpeed_ms_mean,6,7.54477270972776
gep24,00,2026-05-28,2026-06-04,gcrew,noaa_gefs,24,AirTemp_C_mean,7,14.779225921630882
gep24,00,2026-05-28,2026-06-04,gcrew,noaa_gefs,24,Pressure_Pa,7,101801.623046875
gep24,00,2026-05-28,2026-06-04,gcrew,noaa_gefs,24,RH_percent_mean,7,63.78340291976929
gep24,00,2026-05-28,2026-06-04,gcrew,noaa_gefs,24,Rain_mm_sum,7,0.3100000023841858
gep24,00,2026-05-28,2026-06-04,gcrew,noaa_gefs,24,ShortwaveRadiation_Wm2,7,321
gep24,00,2026-05-28,2026-06-04,gcrew,noaa_gefs,24,WindSpeed_ms_mean,7,7.469515003650624
gep24,00,2026-05-28,2026-06-05,gcrew,noaa_gefs,24,AirTemp_C_mean,8,15.955716705322288
gep24,00,2026-05-28,2026-06-05,gcrew,noaa_gefs,24,Pressure_Pa,8,101952.7724609375
gep24,00,2026-05-28,2026-06-05,gcrew,noaa_gefs,24,RH_percent_mean,8,61.84580373764038
gep24,00,2026-05-28,2026-06-05,gcrew,noaa_gefs,24,Rain_mm_sum,8,0
gep24,00,2026-05-28,2026-06-05,gcrew,noaa_gefs,24,ShortwaveRadiation_Wm2,8,358
gep24,00,2026-05-28,2026-06-05,gcrew,noaa_gefs,24,WindSpeed_ms_mean,8,4.597932834247479
gep24,00,2026-05-28,2026-06-06,gcrew,noaa_gefs,24,AirTemp_C_mean,9,18.72523106166297
gep24,00,2026-05-28,2026-06-06,gcrew,noaa_gefs,24,Pressure_Pa,9,101935.07700892857
gep24,00,2026-05-28,2026-06-06,gcrew,noaa_gefs,24,RH_percent_mean,9,63.01251983642578
gep24,00,2026-05-28,2026-06-06,gcrew,noaa_gefs,24,Rain_mm_sum,9,0
gep24,00,2026-05-28,2026-06-06,gcrew,noaa_gefs,24,ShortwaveRadiation_Wm2,9,409.14285714285717
gep24,00,2026-05-28,2026-06-06,gcrew,noaa_gefs,24,WindSpeed_ms_mean,9,2.582886239108914
gep24,00,2026-05-28,2026-06-07,gcrew,noaa_gefs,24,AirTemp_C_mean,10,20.02813873291018
gep24,00,2026-05-28,2026-06-07,gcrew,noaa_gefs,24,Pressure_Pa,10,101518.1484375
gep24,00,2026-05-28,2026-06-07,gcrew,noaa_gefs,24,RH_percent_mean,10,64.0985107421875
gep24,00,2026-05-28,2026-06-07,gcrew,noaa_gefs,24,Rain_mm_sum,10,0
gep24,00,2026-05-28,2026-06-07,gcrew,noaa_gefs,24,ShortwaveRadiation_Wm2,10,313.25
gep24,00,2026-05-28,2026-06-07,gcrew,noaa_gefs,24,WindSpeed_ms_mean,10,3.0982185202913497
gep24,00,2026-05-28,2026-06-08,gcrew,noaa_gefs,24,AirTemp_C_mean,11,21.244317626953148
gep24,00,2026-05-28,2026-06-08,gcrew,noaa_gefs,24,Pressure_Pa,11,100838.3359375
gep24,00,2026-05-28,2026-06-08,gcrew,noaa_gefs,24,RH_percent_mean,11,83.27591323852539
gep24,00,2026-05-28,2026-06-08,gcrew,noaa_gefs,24,Rain_mm_sum,11,10.500000312924385
gep24,00,2026-05-28,2026-06-08,gcrew,noaa_gefs,24,ShortwaveRadiation_Wm2,11,130.75
gep24,00,2026-05-28,2026-06-08,gcrew,noaa_gefs,24,WindSpeed_ms_mean,11,5.466295843691377
gep24,00,2026-05-28,2026-06-09,gcrew,noaa_gefs,24,AirTemp_C_mean,12,18.266564941406273
gep24,00,2026-05-28,2026-06-09,gcrew,noaa_gefs,24,Pressure_Pa,12,101545.86328125
gep24,00,2026-05-28,2026-06-09,gcrew,noaa_gefs,24,RH_percent_mean,12,65.5650224685669
gep24,00,2026-05-28,2026-06-09,gcrew,noaa_gefs,24,Rain_mm_sum,12,2.4000000953674316
gep24,00,2026-05-28,2026-06-09,gcrew,noaa_gefs,24,ShortwaveRadiation_Wm2,12,361.25
gep24,00,2026-05-28,2026-06-09,gcrew,noaa_gefs,24,WindSpeed_ms_mean,12,7.459937362211188
gep24,00,2026-05-28,2026-06-10,gcrew,noaa_gefs,24,AirTemp_C_mean,13,17.935144042968773
gep24,00,2026-05-28,2026-06-10,gcrew,noaa_gefs,24,Pressure_Pa,13,102414.19921875
gep24,00,2026-05-28,2026-06-10,gcrew,noaa_gefs,24,RH_percent_mean,13,56.38784217834473
gep24,00,2026-05-28,2026-06-10,gcrew,noaa_gefs,24,Rain_mm_sum,13,0
gep24,00,2026-05-28,2026-06-10,gcrew,noaa_gefs,24,ShortwaveRadiation_Wm2,13,363.25
gep24,00,2026-05-28,2026-06-10,gcrew,noaa_gefs,24,WindSpeed_ms_mean,13,4.315274059982924
gep24,00,2026-05-28,2026-06-11,gcrew,noaa_gefs,24,AirTemp_C_mean,14,18.79597625732424
gep24,00,2026-05-28,2026-06-11,gcrew,noaa_gefs,24,Pressure_Pa,14,102375.763671875
gep24,00,2026-05-28,2026-06-11,gcrew,noaa_gefs,24,RH_percent_mean,14,57.19118881225586
gep24,00,2026-05-28,2026-06-11,gcrew,noaa_gefs,24,Rain_mm_sum,14,0
gep24,00,2026-05-28,2026-06-11,gcrew,noaa_gefs,24,ShortwaveRadiation_Wm2,14,359.25
gep24,00,2026-05-28,2026-06-11,gcrew,noaa_gefs,24,WindSpeed_ms_mean,14,2.5567400202041837
gep24,00,2026-05-28,2026-06-12,gcrew,noaa_gefs,24,AirTemp_C_mean,15,20.419717407226585
gep24,00,2026-05-28,2026-06-12,gcrew,noaa_gefs,24,Pressure_Pa,15,101882.580078125
gep24,00,2026-05-28,2026-06-12,gcrew,noaa_gefs,24,RH_percent_mean,15,61.499000549316406
gep24,00,2026-05-28,2026-06-12,gcrew,noaa_gefs,24,Rain_mm_sum,15,0
gep24,00,2026-05-28,2026-06-12,gcrew,noaa_gefs,24,ShortwaveRadiation_Wm2,15,338.75
gep24,00,2026-05-28,2026-06-12,gcrew,noaa_gefs,24,WindSpeed_ms_mean,15,2.427922764317797
gep24,00,2026-05-28,2026-06-13,gcrew,noaa_gefs,24,AirTemp_C_mean,16,22.97486267089846
gep24,00,2026-05-28,2026-06-13,gcrew,noaa_gefs,24,Pressure_Pa,16,101575.34375
gep24,00,2026-05-28,2026-06-13,gcrew,noaa_gefs,24,RH_percent_mean,16,66.48400783538818
gep24,00,2026-05-28,2026-06-13,gcrew,noaa_gefs,24,Rain_mm_sum,16,0
gep24,00,2026-05-28,2026-06-13,gcrew,noaa_gefs,24,ShortwaveRadiation_Wm2,16,336.75
gep24,00,2026-05-28,2026-06-13,gcrew,noaa_gefs,24,WindSpeed_ms_mean,16,3.760233349203137
gep24,00,2026-05-28,2026-06-14,gcrew,noaa_gefs,24,AirTemp_C_mean,17,21.73445281982424
gep24,00,2026-05-28,2026-06-14,gcrew,noaa_gefs,24,Pressure_Pa,17,101758.880859375
gep24,00,2026-05-28,2026-06-14,gcrew,noaa_gefs,24,RH_percent_mean,17,60.63445472717285
gep24,00,2026-05-28,2026-06-14,gcrew,noaa_gefs,24,Rain_mm_sum,17,0
gep24,00,2026-05-28,2026-06-14,gcrew,noaa_gefs,24,ShortwaveRadiation_Wm2,17,345
gep24,00,2026-05-28,2026-06-14,gcrew,noaa_gefs,24,WindSpeed_ms_mean,17,3.877745024465436
gep24,00,2026-05-28,2026-06-15,gcrew,noaa_gefs,24,AirTemp_C_mean,18,27.282464599609398
gep24,00,2026-05-28,2026-06-15,gcrew,noaa_gefs,24,Pressure_Pa,18,101216.53125
gep24,00,2026-05-28,2026-06-15,gcrew,noaa_gefs,24,RH_percent_mean,18,62.073336601257324
gep24,00,2026-05-28,2026-06-15,gcrew,noaa_gefs,24,Rain_mm_sum,18,0.10000000149011612
gep24,00,2026-05-28,2026-06-15,gcrew,noaa_gefs,24,ShortwaveRadiation_Wm2,18,342.25
gep24,00,2026-05-28,2026-06-15,gcrew,noaa_gefs,24,WindSpeed_ms_mean,18,3.863105661866631
gep24,00,2026-05-28,2026-06-16,gcrew,noaa_gefs,24,AirTemp_C_mean,19,27.164888000488304
gep24,00,2026-05-28,2026-06-16,gcrew,noaa_gefs,24,Pressure_Pa,19,101554.767578125
gep24,00,2026-05-28,2026-06-16,gcrew,noaa_gefs,24,RH_percent_mean,19,61.02194118499756
gep24,00,2026-05-28,2026-06-16,gcrew,noaa_gefs,24,Rain_mm_sum,19,0.10000000149011612
gep24,00,2026-05-28,2026-06-16,gcrew,noaa_gefs,24,ShortwaveRadiation_Wm2,19,297.5
gep24,00,2026-05-28,2026-06-16,gcrew,noaa_gefs,24,WindSpeed_ms_mean,19,2.604843904299301
gep24,00,2026-05-28,2026-06-17,gcrew,noaa_gefs,24,AirTemp_C_mean,20,22.97168884277346
gep24,00,2026-05-28,2026-06-17,gcrew,noaa_gefs,24,Pressure_Pa,20,101994.060546875
gep24,00,2026-05-28,2026-06-17,gcrew,noaa_gefs,24,RH_percent_mean,20,85.14014625549316
gep24,00,2026-05-28,2026-06-17,gcrew,noaa_gefs,24,Rain_mm_sum,20,2.9000000953674316
gep24,00,2026-05-28,2026-06-17,gcrew,noaa_gefs,24,ShortwaveRadiation_Wm2,20,269.25
gep24,00,2026-05-28,2026-06-17,gcrew,noaa_gefs,24,WindSpeed_ms_mean,20,4.609625277607201
gep24,00,2026-05-28,2026-06-18,gcrew,noaa_gefs,24,AirTemp_C_mean,21,22.94593963623049
gep24,00,2026-05-28,2026-06-18,gcrew,noaa_gefs,24,Pressure_Pa,21,101981.146484375
gep24,00,2026-05-28,2026-06-18,gcrew,noaa_gefs,24,RH_percent_mean,21,86.89044570922852
gep24,00,2026-05-28,2026-06-18,gcrew,noaa_gefs,24,Rain_mm_sum,21,1.4000000357627869
gep24,00,2026-05-28,2026-06-18,gcrew,noaa_gefs,24,ShortwaveRadiation_Wm2,21,303.25
gep24,00,2026-05-28,2026-06-18,gcrew,noaa_gefs,24,WindSpeed_ms_mean,21,2.586226235579734
gep24,00,2026-05-28,2026-06-19,gcrew,noaa_gefs,24,AirTemp_C_mean,22,26.268060302734398
gep24,00,2026-05-28,2026-06-19,gcrew,noaa_gefs,24,Pressure_Pa,22,101740.232421875
gep24,00,2026-05-28,2026-06-19,gcrew,noaa_gefs,24,RH_percent_mean,22,70.88781070709229
gep24,00,2026-05-28,2026-06-19,gcrew,noaa_gefs,24,Rain_mm_sum,22,0
gep24,00,2026-05-28,2026-06-19,gcrew,noaa_gefs,24,ShortwaveRadiation_Wm2,22,333
gep24,00,2026-05-28,2026-06-19,gcrew,noaa_gefs,24,WindSpeed_ms_mean,22,4.6750494445637285
gep24,00,2026-05-28,2026-06-20,gcrew,noaa_gefs,24,AirTemp_C_mean,23,27.841043090820335
gep24,00,2026-05-28,2026-06-20,gcrew,noaa_gefs,24,Pressure_Pa,23,101515.064453125
gep24,00,2026-05-28,2026-06-20,gcrew,noaa_gefs,24,RH_percent_mean,23,61.98535442352295
gep24,00,2026-05-28,2026-06-20,gcrew,noaa_gefs,24,Rain_mm_sum,23,0
gep24,00,2026-05-28,2026-06-20,gcrew,noaa_gefs,24,ShortwaveRadiation_Wm2,23,317.5
gep24,00,2026-05-28,2026-06-20,gcrew,noaa_gefs,24,WindSpeed_ms_mean,23,3.626574370372676
gep24,00,2026-05-28,2026-06-21,gcrew,noaa_gefs,24,AirTemp_C_mean,24,27.115220642089866
gep24,00,2026-05-28,2026-06-21,gcrew,noaa_gefs,24,Pressure_Pa,24,101335.810546875
gep24,00,2026-05-28,2026-06-21,gcrew,noaa_gefs,24,RH_percent_mean,24,61.86435508728027
gep24,00,2026-05-28,2026-06-21,gcrew,noaa_gefs,24,Rain_mm_sum,24,0
gep24,00,2026-05-28,2026-06-21,gcrew,noaa_gefs,24,ShortwaveRadiation_Wm2,24,325.75
gep24,00,2026-05-28,2026-06-21,gcrew,noaa_gefs,24,WindSpeed_ms_mean,24,4.1586571738201075
gep24,00,2026-05-28,2026-06-22,gcrew,noaa_gefs,24,AirTemp_C_mean,25,24.424424743652366
gep24,00,2026-05-28,2026-06-22,gcrew,noaa_gefs,24,Pressure_Pa,25,101386.505859375
gep24,00,2026-05-28,2026-06-22,gcrew,noaa_gefs,24,RH_percent_mean,25,81.4093132019043
gep24,00,2026-05-28,2026-06-22,gcrew,noaa_gefs,24,Rain_mm_sum,25,0.4000000059604645
gep24,00,2026-05-28,2026-06-22,gcrew,noaa_gefs,24,ShortwaveRadiation_Wm2,25,100.5
gep24,00,2026-05-28,2026-06-22,gcrew,noaa_gefs,24,WindSpeed_ms_mean,25,4.003219955758446
gep24,00,2026-05-28,2026-06-23,gcrew,noaa_gefs,24,AirTemp_C_mean,26,22.006524658203148
gep24,00,2026-05-28,2026-06-23,gcrew,noaa_gefs,24,Pressure_Pa,26,101129.3515625
gep24,00,2026-05-28,2026-06-23,gcrew,noaa_gefs,24,RH_percent_mean,26,93.43722724914551
gep24,00,2026-05-28,2026-06-23,gcrew,noaa_gefs,24,Rain_mm_sum,26,55.300001695752144
gep24,00,2026-05-28,2026-06-23,gcrew,noaa_gefs,24,ShortwaveRadiation_Wm2,26,22.75
gep24,00,2026-05-28,2026-06-23,gcrew,noaa_gefs,24,WindSpeed_ms_mean,26,4.542991536121778
gep24,00,2026-05-28,2026-06-24,gcrew,noaa_gefs,24,AirTemp_C_mean,27,22.589105224609398
gep24,00,2026-05-28,2026-06-24,gcrew,noaa_gefs,24,Pressure_Pa,27,100791.896484375
gep24,00,2026-05-28,2026-06-24,gcrew,noaa_gefs,24,RH_percent_mean,27,86.6486873626709
gep24,00,2026-05-28,2026-06-24,gcrew,noaa_gefs,24,Rain_mm_sum,27,8.000000096857548
gep24,00,2026-05-28,2026-06-24,gcrew,noaa_gefs,24,ShortwaveRadiation_Wm2,27,230.25
gep24,00,2026-05-28,2026-06-24,gcrew,noaa_gefs,24,WindSpeed_ms_mean,27,4.664738764840051
gep24,00,2026-05-28,2026-06-25,gcrew,noaa_gefs,24,AirTemp_C_mean,28,21.151040649414085
gep24,00,2026-05-28,2026-06-25,gcrew,noaa_gefs,24,Pressure_Pa,28,100968.654296875
gep24,00,2026-05-28,2026-06-25,gcrew,noaa_gefs,24,RH_percent_mean,28,59.870840072631836
gep24,00,2026-05-28,2026-06-25,gcrew,noaa_gefs,24,Rain_mm_sum,28,0.10000000149011612
gep24,00,2026-05-28,2026-06-25,gcrew,noaa_gefs,24,ShortwaveRadiation_Wm2,28,355.75
gep24,00,2026-05-28,2026-06-25,gcrew,noaa_gefs,24,WindSpeed_ms_mean,28,4.965440944060037
gep24,00,2026-05-28,2026-06-26,gcrew,noaa_gefs,24,AirTemp_C_mean,29,20.49548492431643
gep24,00,2026-05-28,2026-06-26,gcrew,noaa_gefs,24,Pressure_Pa,29,101440.876953125
gep24,00,2026-05-28,2026-06-26,gcrew,noaa_gefs,24,RH_percent_mean,29,59.463311195373535
gep24,00,2026-05-28,2026-06-26,gcrew,noaa_gefs,24,Rain_mm_sum,29,0
gep24,00,2026-05-28,2026-06-26,gcrew,noaa_gefs,24,ShortwaveRadiation_Wm2,29,351
gep24,00,2026-05-28,2026-06-26,gcrew,noaa_gefs,24,WindSpeed_ms_mean,29,4.224020219033529
gep24,00,2026-05-28,2026-06-27,gcrew,noaa_gefs,24,AirTemp_C_mean,30,22.24182281494143
gep24,00,2026-05-28,2026-06-27,gcrew,noaa_gefs,24,Pressure_Pa,30,101707.216796875
gep24,00,2026-05-28,2026-06-27,gcrew,noaa_gefs,24,RH_percent_mean,30,58.40474605560303
gep24,00,2026-05-28,2026-06-27,gcrew,noaa_gefs,24,Rain_mm_sum,30,0
gep24,00,2026-05-28,2026-06-27,gcrew,noaa_gefs,24,ShortwaveRadiation_Wm2,30,351
gep24,00,2026-05-28,2026-06-27,gcrew,noaa_gefs,24,WindSpeed_ms_mean,30,4.272810309335263
gep24,00,2026-05-28,2026-06-28,gcrew,noaa_gefs,24,AirTemp_C_mean,31,24.168817138671898
gep24,00,2026-05-28,2026-06-28,gcrew,noaa_gefs,24,Pressure_Pa,31,101494.826171875
gep24,00,2026-05-28,2026-06-28,gcrew,noaa_gefs,24,RH_percent_mean,31,71.39916801452637
gep24,00,2026-05-28,2026-06-28,gcrew,noaa_gefs,24,Rain_mm_sum,31,0
gep24,00,2026-05-28,2026-06-28,gcrew,noaa_gefs,24,ShortwaveRadiation_Wm2,31,344
gep24,00,2026-05-28,2026-06-28,gcrew,noaa_gefs,24,WindSpeed_ms_mean,31,3.5498743444693566
gep24,00,2026-05-28,2026-06-29,gcrew,noaa_gefs,24,AirTemp_C_mean,32,26.337808227539085
gep24,00,2026-05-28,2026-06-29,gcrew,noaa_gefs,24,Pressure_Pa,32,101015.88671875
gep24,00,2026-05-28,2026-06-29,gcrew,noaa_gefs,24,RH_percent_mean,32,67.18145847320557
gep24,00,2026-05-28,2026-06-29,gcrew,noaa_gefs,24,Rain_mm_sum,32,0
gep24,00,2026-05-28,2026-06-29,gcrew,noaa_gefs,24,ShortwaveRadiation_Wm2,32,322.5
gep24,00,2026-05-28,2026-06-29,gcrew,noaa_gefs,24,WindSpeed_ms_mean,32,3.924499337392451
gep24,00,2026-05-28,2026-06-30,gcrew,noaa_gefs,24,AirTemp_C_mean,33,26.703363037109398
gep24,00,2026-05-28,2026-06-30,gcrew,noaa_gefs,24,Pressure_Pa,33,100415.265625
gep24,00,2026-05-28,2026-06-30,gcrew,noaa_gefs,24,RH_percent_mean,33,70.66891098022461
gep24,00,2026-05-28,2026-06-30,gcrew,noaa_gefs,24,Rain_mm_sum,33,0.7999999895691872
gep24,00,2026-05-28,2026-06-30,gcrew,noaa_gefs,24,ShortwaveRadiation_Wm2,33,221.5
gep24,00,2026-05-28,2026-06-30,gcrew,noaa_gefs,24,WindSpeed_ms_mean,33,2.4540543323176753
gep24,00,2026-05-28,2026-07-01,gcrew,noaa_gefs,24,AirTemp_C_mean,34,25.300759887695335
gep24,00,2026-05-28,2026-07-01,gcrew,noaa_gefs,24,Pressure_Pa,34,100593.78515625
gep24,00,2026-05-28,2026-07-01,gcrew,noaa_gefs,24,RH_percent_mean,34,66.53337669372559
gep24,00,2026-05-28,2026-07-01,gcrew,noaa_gefs,24,Rain_mm_sum,34,0.20000000298023224
gep24,00,2026-05-28,2026-07-01,gcrew,noaa_gefs,24,ShortwaveRadiation_Wm2,34,347.5
gep24,00,2026-05-28,2026-07-01,gcrew,noaa_gefs,24,WindSpeed_ms_mean,34,3.569256045713047
gep25,00,2026-05-28,2026-05-29,gcrew,noaa_gefs,25,AirTemp_C_mean,1,16.984544372558616
gep25,00,2026-05-28,2026-05-29,gcrew,noaa_gefs,25,Pressure_Pa,1,101312.3720703125
gep25,00,2026-05-28,2026-05-29,gcrew,noaa_gefs,25,RH_percent_mean,1,66.49901962280273
gep25,00,2026-05-28,2026-05-29,gcrew,noaa_gefs,25,Rain_mm_sum,1,0
gep25,00,2026-05-28,2026-05-29,gcrew,noaa_gefs,25,ShortwaveRadiation_Wm2,1,358.5
gep25,00,2026-05-28,2026-05-29,gcrew,noaa_gefs,25,WindSpeed_ms_mean,1,3.324157800523961
gep25,00,2026-05-28,2026-05-30,gcrew,noaa_gefs,25,AirTemp_C_mean,2,14.520104980468773
gep25,00,2026-05-28,2026-05-30,gcrew,noaa_gefs,25,Pressure_Pa,2,101405.7275390625
gep25,00,2026-05-28,2026-05-30,gcrew,noaa_gefs,25,RH_percent_mean,2,63.8339786529541
gep25,00,2026-05-28,2026-05-30,gcrew,noaa_gefs,25,Rain_mm_sum,2,0
gep25,00,2026-05-28,2026-05-30,gcrew,noaa_gefs,25,ShortwaveRadiation_Wm2,2,354
gep25,00,2026-05-28,2026-05-30,gcrew,noaa_gefs,25,WindSpeed_ms_mean,2,6.158624703355217
gep25,00,2026-05-28,2026-05-31,gcrew,noaa_gefs,25,AirTemp_C_mean,3,13.913762664794945
gep25,00,2026-05-28,2026-05-31,gcrew,noaa_gefs,25,Pressure_Pa,3,101891.111328125
gep25,00,2026-05-28,2026-05-31,gcrew,noaa_gefs,25,RH_percent_mean,3,62.99015474319458
gep25,00,2026-05-28,2026-05-31,gcrew,noaa_gefs,25,Rain_mm_sum,3,0
gep25,00,2026-05-28,2026-05-31,gcrew,noaa_gefs,25,ShortwaveRadiation_Wm2,3,361
gep25,00,2026-05-28,2026-05-31,gcrew,noaa_gefs,25,WindSpeed_ms_mean,3,2.3322553142904607
gep25,00,2026-05-28,2026-06-01,gcrew,noaa_gefs,25,AirTemp_C_mean,4,16.62330780029299
gep25,00,2026-05-28,2026-06-01,gcrew,noaa_gefs,25,Pressure_Pa,4,101337.8271484375
gep25,00,2026-05-28,2026-06-01,gcrew,noaa_gefs,25,RH_percent_mean,4,63.69150733947754
gep25,00,2026-05-28,2026-06-01,gcrew,noaa_gefs,25,Rain_mm_sum,4,0
gep25,00,2026-05-28,2026-06-01,gcrew,noaa_gefs,25,ShortwaveRadiation_Wm2,4,325.125
gep25,00,2026-05-28,2026-06-01,gcrew,noaa_gefs,25,WindSpeed_ms_mean,4,3.743790953418161
gep25,00,2026-05-28,2026-06-02,gcrew,noaa_gefs,25,AirTemp_C_mean,5,16.618074035644554
gep25,00,2026-05-28,2026-06-02,gcrew,noaa_gefs,25,Pressure_Pa,5,101068.361328125
gep25,00,2026-05-28,2026-06-02,gcrew,noaa_gefs,25,RH_percent_mean,5,61.181997299194336
gep25,00,2026-05-28,2026-06-02,gcrew,noaa_gefs,25,Rain_mm_sum,5,0
gep25,00,2026-05-28,2026-06-02,gcrew,noaa_gefs,25,ShortwaveRadiation_Wm2,5,345.875
gep25,00,2026-05-28,2026-06-02,gcrew,noaa_gefs,25,WindSpeed_ms_mean,5,2.656702509480038
gep25,00,2026-05-28,2026-06-03,gcrew,noaa_gefs,25,AirTemp_C_mean,6,14.53361282348635
gep25,00,2026-05-28,2026-06-03,gcrew,noaa_gefs,25,Pressure_Pa,6,101265.8505859375
gep25,00,2026-05-28,2026-06-03,gcrew,noaa_gefs,25,RH_percent_mean,6,58.42056369781494
gep25,00,2026-05-28,2026-06-03,gcrew,noaa_gefs,25,Rain_mm_sum,6,0.42000001296401024
gep25,00,2026-05-28,2026-06-03,gcrew,noaa_gefs,25,ShortwaveRadiation_Wm2,6,296.5
gep25,00,2026-05-28,2026-06-03,gcrew,noaa_gefs,25,WindSpeed_ms_mean,6,7.54477270972776
gep25,00,2026-05-28,2026-06-04,gcrew,noaa_gefs,25,AirTemp_C_mean,7,14.779225921630882
gep25,00,2026-05-28,2026-06-04,gcrew,noaa_gefs,25,Pressure_Pa,7,101801.623046875
gep25,00,2026-05-28,2026-06-04,gcrew,noaa_gefs,25,RH_percent_mean,7,63.78340291976929
gep25,00,2026-05-28,2026-06-04,gcrew,noaa_gefs,25,Rain_mm_sum,7,0.3100000023841858
gep25,00,2026-05-28,2026-06-04,gcrew,noaa_gefs,25,ShortwaveRadiation_Wm2,7,321
gep25,00,2026-05-28,2026-06-04,gcrew,noaa_gefs,25,WindSpeed_ms_mean,7,7.469515003650624
gep25,00,2026-05-28,2026-06-05,gcrew,noaa_gefs,25,AirTemp_C_mean,8,15.955716705322288
gep25,00,2026-05-28,2026-06-05,gcrew,noaa_gefs,25,Pressure_Pa,8,101952.7724609375
gep25,00,2026-05-28,2026-06-05,gcrew,noaa_gefs,25,RH_percent_mean,8,61.84580373764038
gep25,00,2026-05-28,2026-06-05,gcrew,noaa_gefs,25,Rain_mm_sum,8,0
gep25,00,2026-05-28,2026-06-05,gcrew,noaa_gefs,25,ShortwaveRadiation_Wm2,8,358
gep25,00,2026-05-28,2026-06-05,gcrew,noaa_gefs,25,WindSpeed_ms_mean,8,4.597932834247479
gep25,00,2026-05-28,2026-06-06,gcrew,noaa_gefs,25,AirTemp_C_mean,9,18.72523106166297
gep25,00,2026-05-28,2026-06-06,gcrew,noaa_gefs,25,Pressure_Pa,9,101935.07700892857
gep25,00,2026-05-28,2026-06-06,gcrew,noaa_gefs,25,RH_percent_mean,9,63.01251983642578
gep25,00,2026-05-28,2026-06-06,gcrew,noaa_gefs,25,Rain_mm_sum,9,0
gep25,00,2026-05-28,2026-06-06,gcrew,noaa_gefs,25,ShortwaveRadiation_Wm2,9,409.14285714285717
gep25,00,2026-05-28,2026-06-06,gcrew,noaa_gefs,25,WindSpeed_ms_mean,9,2.582886239108914
gep25,00,2026-05-28,2026-06-07,gcrew,noaa_gefs,25,AirTemp_C_mean,10,20.02813873291018
gep25,00,2026-05-28,2026-06-07,gcrew,noaa_gefs,25,Pressure_Pa,10,101518.1484375
gep25,00,2026-05-28,2026-06-07,gcrew,noaa_gefs,25,RH_percent_mean,10,64.0985107421875
gep25,00,2026-05-28,2026-06-07,gcrew,noaa_gefs,25,Rain_mm_sum,10,0
gep25,00,2026-05-28,2026-06-07,gcrew,noaa_gefs,25,ShortwaveRadiation_Wm2,10,313.25
gep25,00,2026-05-28,2026-06-07,gcrew,noaa_gefs,25,WindSpeed_ms_mean,10,3.0982185202913497
gep25,00,2026-05-28,2026-06-08,gcrew,noaa_gefs,25,AirTemp_C_mean,11,21.244317626953148
gep25,00,2026-05-28,2026-06-08,gcrew,noaa_gefs,25,Pressure_Pa,11,100838.3359375
gep25,00,2026-05-28,2026-06-08,gcrew,noaa_gefs,25,RH_percent_mean,11,83.27591323852539
gep25,00,2026-05-28,2026-06-08,gcrew,noaa_gefs,25,Rain_mm_sum,11,10.500000312924385
gep25,00,2026-05-28,2026-06-08,gcrew,noaa_gefs,25,ShortwaveRadiation_Wm2,11,130.75
gep25,00,2026-05-28,2026-06-08,gcrew,noaa_gefs,25,WindSpeed_ms_mean,11,5.466295843691377
gep25,00,2026-05-28,2026-06-09,gcrew,noaa_gefs,25,AirTemp_C_mean,12,18.266564941406273
gep25,00,2026-05-28,2026-06-09,gcrew,noaa_gefs,25,Pressure_Pa,12,101545.86328125
gep25,00,2026-05-28,2026-06-09,gcrew,noaa_gefs,25,RH_percent_mean,12,65.5650224685669
gep25,00,2026-05-28,2026-06-09,gcrew,noaa_gefs,25,Rain_mm_sum,12,2.4000000953674316
gep25,00,2026-05-28,2026-06-09,gcrew,noaa_gefs,25,ShortwaveRadiation_Wm2,12,361.25
gep25,00,2026-05-28,2026-06-09,gcrew,noaa_gefs,25,WindSpeed_ms_mean,12,7.459937362211188
gep25,00,2026-05-28,2026-06-10,gcrew,noaa_gefs,25,AirTemp_C_mean,13,17.935144042968773
gep25,00,2026-05-28,2026-06-10,gcrew,noaa_gefs,25,Pressure_Pa,13,102414.19921875
gep25,00,2026-05-28,2026-06-10,gcrew,noaa_gefs,25,RH_percent_mean,13,56.38784217834473
gep25,00,2026-05-28,2026-06-10,gcrew,noaa_gefs,25,Rain_mm_sum,13,0
gep25,00,2026-05-28,2026-06-10,gcrew,noaa_gefs,25,ShortwaveRadiation_Wm2,13,363.25
gep25,00,2026-05-28,2026-06-10,gcrew,noaa_gefs,25,WindSpeed_ms_mean,13,4.315274059982924
gep25,00,2026-05-28,2026-06-11,gcrew,noaa_gefs,25,AirTemp_C_mean,14,18.79597625732424
gep25,00,2026-05-28,2026-06-11,gcrew,noaa_gefs,25,Pressure_Pa,14,102375.763671875
gep25,00,2026-05-28,2026-06-11,gcrew,noaa_gefs,25,RH_percent_mean,14,57.19118881225586
gep25,00,2026-05-28,2026-06-11,gcrew,noaa_gefs,25,Rain_mm_sum,14,0
gep25,00,2026-05-28,2026-06-11,gcrew,noaa_gefs,25,ShortwaveRadiation_Wm2,14,359.25
gep25,00,2026-05-28,2026-06-11,gcrew,noaa_gefs,25,WindSpeed_ms_mean,14,2.5567400202041837
gep25,00,2026-05-28,2026-06-12,gcrew,noaa_gefs,25,AirTemp_C_mean,15,20.419717407226585
gep25,00,2026-05-28,2026-06-12,gcrew,noaa_gefs,25,Pressure_Pa,15,101882.580078125
gep25,00,2026-05-28,2026-06-12,gcrew,noaa_gefs,25,RH_percent_mean,15,61.499000549316406
gep25,00,2026-05-28,2026-06-12,gcrew,noaa_gefs,25,Rain_mm_sum,15,0
gep25,00,2026-05-28,2026-06-12,gcrew,noaa_gefs,25,ShortwaveRadiation_Wm2,15,338.75
gep25,00,2026-05-28,2026-06-12,gcrew,noaa_gefs,25,WindSpeed_ms_mean,15,2.427922764317797
gep25,00,2026-05-28,2026-06-13,gcrew,noaa_gefs,25,AirTemp_C_mean,16,22.97486267089846
gep25,00,2026-05-28,2026-06-13,gcrew,noaa_gefs,25,Pressure_Pa,16,101575.34375
gep25,00,2026-05-28,2026-06-13,gcrew,noaa_gefs,25,RH_percent_mean,16,66.48400783538818
gep25,00,2026-05-28,2026-06-13,gcrew,noaa_gefs,25,Rain_mm_sum,16,0
gep25,00,2026-05-28,2026-06-13,gcrew,noaa_gefs,25,ShortwaveRadiation_Wm2,16,336.75
gep25,00,2026-05-28,2026-06-13,gcrew,noaa_gefs,25,WindSpeed_ms_mean,16,3.760233349203137
gep25,00,2026-05-28,2026-06-14,gcrew,noaa_gefs,25,AirTemp_C_mean,17,21.73445281982424
gep25,00,2026-05-28,2026-06-14,gcrew,noaa_gefs,25,Pressure_Pa,17,101758.880859375
gep25,00,2026-05-28,2026-06-14,gcrew,noaa_gefs,25,RH_percent_mean,17,60.63445472717285
gep25,00,2026-05-28,2026-06-14,gcrew,noaa_gefs,25,Rain_mm_sum,17,0
gep25,00,2026-05-28,2026-06-14,gcrew,noaa_gefs,25,ShortwaveRadiation_Wm2,17,345
gep25,00,2026-05-28,2026-06-14,gcrew,noaa_gefs,25,WindSpeed_ms_mean,17,3.877745024465436
gep25,00,2026-05-28,2026-06-15,gcrew,noaa_gefs,25,AirTemp_C_mean,18,27.282464599609398
gep25,00,2026-05-28,2026-06-15,gcrew,noaa_gefs,25,Pressure_Pa,18,101216.53125
gep25,00,2026-05-28,2026-06-15,gcrew,noaa_gefs,25,RH_percent_mean,18,62.073336601257324
gep25,00,2026-05-28,2026-06-15,gcrew,noaa_gefs,25,Rain_mm_sum,18,0.10000000149011612
gep25,00,2026-05-28,2026-06-15,gcrew,noaa_gefs,25,ShortwaveRadiation_Wm2,18,342.25
gep25,00,2026-05-28,2026-06-15,gcrew,noaa_gefs,25,WindSpeed_ms_mean,18,3.863105661866631
gep25,00,2026-05-28,2026-06-16,gcrew,noaa_gefs,25,AirTemp_C_mean,19,27.164888000488304
gep25,00,2026-05-28,2026-06-16,gcrew,noaa_gefs,25,Pressure_Pa,19,101554.767578125
gep25,00,2026-05-28,2026-06-16,gcrew,noaa_gefs,25,RH_percent_mean,19,61.02194118499756
gep25,00,2026-05-28,2026-06-16,gcrew,noaa_gefs,25,Rain_mm_sum,19,0.10000000149011612
gep25,00,2026-05-28,2026-06-16,gcrew,noaa_gefs,25,ShortwaveRadiation_Wm2,19,297.5
gep25,00,2026-05-28,2026-06-16,gcrew,noaa_gefs,25,WindSpeed_ms_mean,19,2.604843904299301
gep25,00,2026-05-28,2026-06-17,gcrew,noaa_gefs,25,AirTemp_C_mean,20,22.97168884277346
gep25,00,2026-05-28,2026-06-17,gcrew,noaa_gefs,25,Pressure_Pa,20,101994.060546875
gep25,00,2026-05-28,2026-06-17,gcrew,noaa_gefs,25,RH_percent_mean,20,85.14014625549316
gep25,00,2026-05-28,2026-06-17,gcrew,noaa_gefs,25,Rain_mm_sum,20,2.9000000953674316
gep25,00,2026-05-28,2026-06-17,gcrew,noaa_gefs,25,ShortwaveRadiation_Wm2,20,269.25
gep25,00,2026-05-28,2026-06-17,gcrew,noaa_gefs,25,WindSpeed_ms_mean,20,4.609625277607201
gep25,00,2026-05-28,2026-06-18,gcrew,noaa_gefs,25,AirTemp_C_mean,21,22.94593963623049
gep25,00,2026-05-28,2026-06-18,gcrew,noaa_gefs,25,Pressure_Pa,21,101981.146484375
gep25,00,2026-05-28,2026-06-18,gcrew,noaa_gefs,25,RH_percent_mean,21,86.89044570922852
gep25,00,2026-05-28,2026-06-18,gcrew,noaa_gefs,25,Rain_mm_sum,21,1.4000000357627869
gep25,00,2026-05-28,2026-06-18,gcrew,noaa_gefs,25,ShortwaveRadiation_Wm2,21,303.25
gep25,00,2026-05-28,2026-06-18,gcrew,noaa_gefs,25,WindSpeed_ms_mean,21,2.586226235579734
gep25,00,2026-05-28,2026-06-19,gcrew,noaa_gefs,25,AirTemp_C_mean,22,26.268060302734398
gep25,00,2026-05-28,2026-06-19,gcrew,noaa_gefs,25,Pressure_Pa,22,101740.232421875
gep25,00,2026-05-28,2026-06-19,gcrew,noaa_gefs,25,RH_percent_mean,22,70.88781070709229
gep25,00,2026-05-28,2026-06-19,gcrew,noaa_gefs,25,Rain_mm_sum,22,0
gep25,00,2026-05-28,2026-06-19,gcrew,noaa_gefs,25,ShortwaveRadiation_Wm2,22,333
gep25,00,2026-05-28,2026-06-19,gcrew,noaa_gefs,25,WindSpeed_ms_mean,22,4.6750494445637285
gep25,00,2026-05-28,2026-06-20,gcrew,noaa_gefs,25,AirTemp_C_mean,23,27.841043090820335
gep25,00,2026-05-28,2026-06-20,gcrew,noaa_gefs,25,Pressure_Pa,23,101515.064453125
gep25,00,2026-05-28,2026-06-20,gcrew,noaa_gefs,25,RH_percent_mean,23,61.98535442352295
gep25,00,2026-05-28,2026-06-20,gcrew,noaa_gefs,25,Rain_mm_sum,23,0
gep25,00,2026-05-28,2026-06-20,gcrew,noaa_gefs,25,ShortwaveRadiation_Wm2,23,317.5
gep25,00,2026-05-28,2026-06-20,gcrew,noaa_gefs,25,WindSpeed_ms_mean,23,3.626574370372676
gep25,00,2026-05-28,2026-06-21,gcrew,noaa_gefs,25,AirTemp_C_mean,24,27.115220642089866
gep25,00,2026-05-28,2026-06-21,gcrew,noaa_gefs,25,Pressure_Pa,24,101335.810546875
gep25,00,2026-05-28,2026-06-21,gcrew,noaa_gefs,25,RH_percent_mean,24,61.86435508728027
gep25,00,2026-05-28,2026-06-21,gcrew,noaa_gefs,25,Rain_mm_sum,24,0
gep25,00,2026-05-28,2026-06-21,gcrew,noaa_gefs,25,ShortwaveRadiation_Wm2,24,325.75
gep25,00,2026-05-28,2026-06-21,gcrew,noaa_gefs,25,WindSpeed_ms_mean,24,4.1586571738201075
gep25,00,2026-05-28,2026-06-22,gcrew,noaa_gefs,25,AirTemp_C_mean,25,24.424424743652366
gep25,00,2026-05-28,2026-06-22,gcrew,noaa_gefs,25,Pressure_Pa,25,101386.505859375
gep25,00,2026-05-28,2026-06-22,gcrew,noaa_gefs,25,RH_percent_mean,25,81.4093132019043
gep25,00,2026-05-28,2026-06-22,gcrew,noaa_gefs,25,Rain_mm_sum,25,0.4000000059604645
gep25,00,2026-05-28,2026-06-22,gcrew,noaa_gefs,25,ShortwaveRadiation_Wm2,25,100.5
gep25,00,2026-05-28,2026-06-22,gcrew,noaa_gefs,25,WindSpeed_ms_mean,25,4.003219955758446
gep25,00,2026-05-28,2026-06-23,gcrew,noaa_gefs,25,AirTemp_C_mean,26,22.006524658203148
gep25,00,2026-05-28,2026-06-23,gcrew,noaa_gefs,25,Pressure_Pa,26,101129.3515625
gep25,00,2026-05-28,2026-06-23,gcrew,noaa_gefs,25,RH_percent_mean,26,93.43722724914551
gep25,00,2026-05-28,2026-06-23,gcrew,noaa_gefs,25,Rain_mm_sum,26,55.300001695752144
gep25,00,2026-05-28,2026-06-23,gcrew,noaa_gefs,25,ShortwaveRadiation_Wm2,26,22.75
gep25,00,2026-05-28,2026-06-23,gcrew,noaa_gefs,25,WindSpeed_ms_mean,26,4.542991536121778
gep25,00,2026-05-28,2026-06-24,gcrew,noaa_gefs,25,AirTemp_C_mean,27,22.589105224609398
gep25,00,2026-05-28,2026-06-24,gcrew,noaa_gefs,25,Pressure_Pa,27,100791.896484375
gep25,00,2026-05-28,2026-06-24,gcrew,noaa_gefs,25,RH_percent_mean,27,86.6486873626709
gep25,00,2026-05-28,2026-06-24,gcrew,noaa_gefs,25,Rain_mm_sum,27,8.000000096857548
gep25,00,2026-05-28,2026-06-24,gcrew,noaa_gefs,25,ShortwaveRadiation_Wm2,27,230.25
gep25,00,2026-05-28,2026-06-24,gcrew,noaa_gefs,25,WindSpeed_ms_mean,27,4.664738764840051
gep25,00,2026-05-28,2026-06-25,gcrew,noaa_gefs,25,AirTemp_C_mean,28,21.151040649414085
gep25,00,2026-05-28,2026-06-25,gcrew,noaa_gefs,25,Pressure_Pa,28,100968.654296875
gep25,00,2026-05-28,2026-06-25,gcrew,noaa_gefs,25,RH_percent_mean,28,59.870840072631836
gep25,00,2026-05-28,2026-06-25,gcrew,noaa_gefs,25,Rain_mm_sum,28,0.10000000149011612
gep25,00,2026-05-28,2026-06-25,gcrew,noaa_gefs,25,ShortwaveRadiation_Wm2,28,355.75
gep25,00,2026-05-28,2026-06-25,gcrew,noaa_gefs,25,WindSpeed_ms_mean,28,4.965440944060037
gep25,00,2026-05-28,2026-06-26,gcrew,noaa_gefs,25,AirTemp_C_mean,29,20.49548492431643
gep25,00,2026-05-28,2026-06-26,gcrew,noaa_gefs,25,Pressure_Pa,29,101440.876953125
gep25,00,2026-05-28,2026-06-26,gcrew,noaa_gefs,25,RH_percent_mean,29,59.463311195373535
gep25,00,2026-05-28,2026-06-26,gcrew,noaa_gefs,25,Rain_mm_sum,29,0
gep25,00,2026-05-28,2026-06-26,gcrew,noaa_gefs,25,ShortwaveRadiation_Wm2,29,351
gep25,00,2026-05-28,2026-06-26,gcrew,noaa_gefs,25,WindSpeed_ms_mean,29,4.224020219033529
gep25,00,2026-05-28,2026-06-27,gcrew,noaa_gefs,25,AirTemp_C_mean,30,22.24182281494143
gep25,00,2026-05-28,2026-06-27,gcrew,noaa_gefs,25,Pressure_Pa,30,101707.216796875
gep25,00,2026-05-28,2026-06-27,gcrew,noaa_gefs,25,RH_percent_mean,30,58.40474605560303
gep25,00,2026-05-28,2026-06-27,gcrew,noaa_gefs,25,Rain_mm_sum,30,0
gep25,00,2026-05-28,2026-06-27,gcrew,noaa_gefs,25,ShortwaveRadiation_Wm2,30,351
gep25,00,2026-05-28,2026-06-27,gcrew,noaa_gefs,25,WindSpeed_ms_mean,30,4.272810309335263
gep25,00,2026-05-28,2026-06-28,gcrew,noaa_gefs,25,AirTemp_C_mean,31,24.168817138671898
gep25,00,2026-05-28,2026-06-28,gcrew,noaa_gefs,25,Pressure_Pa,31,101494.826171875
gep25,00,2026-05-28,2026-06-28,gcrew,noaa_gefs,25,RH_percent_mean,31,71.39916801452637
gep25,00,2026-05-28,2026-06-28,gcrew,noaa_gefs,25,Rain_mm_sum,31,0
gep25,00,2026-05-28,2026-06-28,gcrew,noaa_gefs,25,ShortwaveRadiation_Wm2,31,344
gep25,00,2026-05-28,2026-06-28,gcrew,noaa_gefs,25,WindSpeed_ms_mean,31,3.5498743444693566
gep25,00,2026-05-28,2026-06-29,gcrew,noaa_gefs,25,AirTemp_C_mean,32,26.337808227539085
gep25,00,2026-05-28,2026-06-29,gcrew,noaa_gefs,25,Pressure_Pa,32,101015.88671875
gep25,00,2026-05-28,2026-06-29,gcrew,noaa_gefs,25,RH_percent_mean,32,67.18145847320557
gep25,00,2026-05-28,2026-06-29,gcrew,noaa_gefs,25,Rain_mm_sum,32,0
gep25,00,2026-05-28,2026-06-29,gcrew,noaa_gefs,25,ShortwaveRadiation_Wm2,32,322.5
gep25,00,2026-05-28,2026-06-29,gcrew,noaa_gefs,25,WindSpeed_ms_mean,32,3.924499337392451
gep25,00,2026-05-28,2026-06-30,gcrew,noaa_gefs,25,AirTemp_C_mean,33,26.703363037109398
gep25,00,2026-05-28,2026-06-30,gcrew,noaa_gefs,25,Pressure_Pa,33,100415.265625
gep25,00,2026-05-28,2026-06-30,gcrew,noaa_gefs,25,RH_percent_mean,33,70.66891098022461
gep25,00,2026-05-28,2026-06-30,gcrew,noaa_gefs,25,Rain_mm_sum,33,0.7999999895691872
gep25,00,2026-05-28,2026-06-30,gcrew,noaa_gefs,25,ShortwaveRadiation_Wm2,33,221.5
gep25,00,2026-05-28,2026-06-30,gcrew,noaa_gefs,25,WindSpeed_ms_mean,33,2.4540543323176753
gep25,00,2026-05-28,2026-07-01,gcrew,noaa_gefs,25,AirTemp_C_mean,34,25.300759887695335
gep25,00,2026-05-28,2026-07-01,gcrew,noaa_gefs,25,Pressure_Pa,34,100593.78515625
gep25,00,2026-05-28,2026-07-01,gcrew,noaa_gefs,25,RH_percent_mean,34,66.53337669372559
gep25,00,2026-05-28,2026-07-01,gcrew,noaa_gefs,25,Rain_mm_sum,34,0.20000000298023224
gep25,00,2026-05-28,2026-07-01,gcrew,noaa_gefs,25,ShortwaveRadiation_Wm2,34,347.5
gep25,00,2026-05-28,2026-07-01,gcrew,noaa_gefs,25,WindSpeed_ms_mean,34,3.569256045713047
gep26,00,2026-05-28,2026-05-29,gcrew,noaa_gefs,26,AirTemp_C_mean,1,16.984544372558616
gep26,00,2026-05-28,2026-05-29,gcrew,noaa_gefs,26,Pressure_Pa,1,101312.3720703125
gep26,00,2026-05-28,2026-05-29,gcrew,noaa_gefs,26,RH_percent_mean,1,66.49901962280273
gep26,00,2026-05-28,2026-05-29,gcrew,noaa_gefs,26,Rain_mm_sum,1,0
gep26,00,2026-05-28,2026-05-29,gcrew,noaa_gefs,26,ShortwaveRadiation_Wm2,1,358.5
gep26,00,2026-05-28,2026-05-29,gcrew,noaa_gefs,26,WindSpeed_ms_mean,1,3.324157800523961
gep26,00,2026-05-28,2026-05-30,gcrew,noaa_gefs,26,AirTemp_C_mean,2,14.520104980468773
gep26,00,2026-05-28,2026-05-30,gcrew,noaa_gefs,26,Pressure_Pa,2,101405.7275390625
gep26,00,2026-05-28,2026-05-30,gcrew,noaa_gefs,26,RH_percent_mean,2,63.8339786529541
gep26,00,2026-05-28,2026-05-30,gcrew,noaa_gefs,26,Rain_mm_sum,2,0
gep26,00,2026-05-28,2026-05-30,gcrew,noaa_gefs,26,ShortwaveRadiation_Wm2,2,354
gep26,00,2026-05-28,2026-05-30,gcrew,noaa_gefs,26,WindSpeed_ms_mean,2,6.158624703355217
gep26,00,2026-05-28,2026-05-31,gcrew,noaa_gefs,26,AirTemp_C_mean,3,13.913762664794945
gep26,00,2026-05-28,2026-05-31,gcrew,noaa_gefs,26,Pressure_Pa,3,101891.111328125
gep26,00,2026-05-28,2026-05-31,gcrew,noaa_gefs,26,RH_percent_mean,3,62.99015474319458
gep26,00,2026-05-28,2026-05-31,gcrew,noaa_gefs,26,Rain_mm_sum,3,0
gep26,00,2026-05-28,2026-05-31,gcrew,noaa_gefs,26,ShortwaveRadiation_Wm2,3,361
gep26,00,2026-05-28,2026-05-31,gcrew,noaa_gefs,26,WindSpeed_ms_mean,3,2.3322553142904607
gep26,00,2026-05-28,2026-06-01,gcrew,noaa_gefs,26,AirTemp_C_mean,4,16.62330780029299
gep26,00,2026-05-28,2026-06-01,gcrew,noaa_gefs,26,Pressure_Pa,4,101337.8271484375
gep26,00,2026-05-28,2026-06-01,gcrew,noaa_gefs,26,RH_percent_mean,4,63.69150733947754
gep26,00,2026-05-28,2026-06-01,gcrew,noaa_gefs,26,Rain_mm_sum,4,0
gep26,00,2026-05-28,2026-06-01,gcrew,noaa_gefs,26,ShortwaveRadiation_Wm2,4,325.125
gep26,00,2026-05-28,2026-06-01,gcrew,noaa_gefs,26,WindSpeed_ms_mean,4,3.743790953418161
gep26,00,2026-05-28,2026-06-02,gcrew,noaa_gefs,26,AirTemp_C_mean,5,16.618074035644554
gep26,00,2026-05-28,2026-06-02,gcrew,noaa_gefs,26,Pressure_Pa,5,101068.361328125
gep26,00,2026-05-28,2026-06-02,gcrew,noaa_gefs,26,RH_percent_mean,5,61.181997299194336
gep26,00,2026-05-28,2026-06-02,gcrew,noaa_gefs,26,Rain_mm_sum,5,0
gep26,00,2026-05-28,2026-06-02,gcrew,noaa_gefs,26,ShortwaveRadiation_Wm2,5,345.875
gep26,00,2026-05-28,2026-06-02,gcrew,noaa_gefs,26,WindSpeed_ms_mean,5,2.656702509480038
gep26,00,2026-05-28,2026-06-03,gcrew,noaa_gefs,26,AirTemp_C_mean,6,14.53361282348635
gep26,00,2026-05-28,2026-06-03,gcrew,noaa_gefs,26,Pressure_Pa,6,101265.8505859375
gep26,00,2026-05-28,2026-06-03,gcrew,noaa_gefs,26,RH_percent_mean,6,58.42056369781494
gep26,00,2026-05-28,2026-06-03,gcrew,noaa_gefs,26,Rain_mm_sum,6,0.42000001296401024
gep26,00,2026-05-28,2026-06-03,gcrew,noaa_gefs,26,ShortwaveRadiation_Wm2,6,296.5
gep26,00,2026-05-28,2026-06-03,gcrew,noaa_gefs,26,WindSpeed_ms_mean,6,7.54477270972776
gep26,00,2026-05-28,2026-06-04,gcrew,noaa_gefs,26,AirTemp_C_mean,7,14.779225921630882
gep26,00,2026-05-28,2026-06-04,gcrew,noaa_gefs,26,Pressure_Pa,7,101801.623046875
gep26,00,2026-05-28,2026-06-04,gcrew,noaa_gefs,26,RH_percent_mean,7,63.78340291976929
gep26,00,2026-05-28,2026-06-04,gcrew,noaa_gefs,26,Rain_mm_sum,7,0.3100000023841858
gep26,00,2026-05-28,2026-06-04,gcrew,noaa_gefs,26,ShortwaveRadiation_Wm2,7,321
gep26,00,2026-05-28,2026-06-04,gcrew,noaa_gefs,26,WindSpeed_ms_mean,7,7.469515003650624
gep26,00,2026-05-28,2026-06-05,gcrew,noaa_gefs,26,AirTemp_C_mean,8,15.955716705322288
gep26,00,2026-05-28,2026-06-05,gcrew,noaa_gefs,26,Pressure_Pa,8,101952.7724609375
gep26,00,2026-05-28,2026-06-05,gcrew,noaa_gefs,26,RH_percent_mean,8,61.84580373764038
gep26,00,2026-05-28,2026-06-05,gcrew,noaa_gefs,26,Rain_mm_sum,8,0
gep26,00,2026-05-28,2026-06-05,gcrew,noaa_gefs,26,ShortwaveRadiation_Wm2,8,358
gep26,00,2026-05-28,2026-06-05,gcrew,noaa_gefs,26,WindSpeed_ms_mean,8,4.597932834247479
gep26,00,2026-05-28,2026-06-06,gcrew,noaa_gefs,26,AirTemp_C_mean,9,18.72523106166297
gep26,00,2026-05-28,2026-06-06,gcrew,noaa_gefs,26,Pressure_Pa,9,101935.07700892857
gep26,00,2026-05-28,2026-06-06,gcrew,noaa_gefs,26,RH_percent_mean,9,63.01251983642578
gep26,00,2026-05-28,2026-06-06,gcrew,noaa_gefs,26,Rain_mm_sum,9,0
gep26,00,2026-05-28,2026-06-06,gcrew,noaa_gefs,26,ShortwaveRadiation_Wm2,9,409.14285714285717
gep26,00,2026-05-28,2026-06-06,gcrew,noaa_gefs,26,WindSpeed_ms_mean,9,2.582886239108914
gep26,00,2026-05-28,2026-06-07,gcrew,noaa_gefs,26,AirTemp_C_mean,10,20.02813873291018
gep26,00,2026-05-28,2026-06-07,gcrew,noaa_gefs,26,Pressure_Pa,10,101518.1484375
gep26,00,2026-05-28,2026-06-07,gcrew,noaa_gefs,26,RH_percent_mean,10,64.0985107421875
gep26,00,2026-05-28,2026-06-07,gcrew,noaa_gefs,26,Rain_mm_sum,10,0
gep26,00,2026-05-28,2026-06-07,gcrew,noaa_gefs,26,ShortwaveRadiation_Wm2,10,313.25
gep26,00,2026-05-28,2026-06-07,gcrew,noaa_gefs,26,WindSpeed_ms_mean,10,3.0982185202913497
gep26,00,2026-05-28,2026-06-08,gcrew,noaa_gefs,26,AirTemp_C_mean,11,21.244317626953148
gep26,00,2026-05-28,2026-06-08,gcrew,noaa_gefs,26,Pressure_Pa,11,100838.3359375
gep26,00,2026-05-28,2026-06-08,gcrew,noaa_gefs,26,RH_percent_mean,11,83.27591323852539
gep26,00,2026-05-28,2026-06-08,gcrew,noaa_gefs,26,Rain_mm_sum,11,10.500000312924385
gep26,00,2026-05-28,2026-06-08,gcrew,noaa_gefs,26,ShortwaveRadiation_Wm2,11,130.75
gep26,00,2026-05-28,2026-06-08,gcrew,noaa_gefs,26,WindSpeed_ms_mean,11,5.466295843691377
gep26,00,2026-05-28,2026-06-09,gcrew,noaa_gefs,26,AirTemp_C_mean,12,18.266564941406273
gep26,00,2026-05-28,2026-06-09,gcrew,noaa_gefs,26,Pressure_Pa,12,101545.86328125
gep26,00,2026-05-28,2026-06-09,gcrew,noaa_gefs,26,RH_percent_mean,12,65.5650224685669
gep26,00,2026-05-28,2026-06-09,gcrew,noaa_gefs,26,Rain_mm_sum,12,2.4000000953674316
gep26,00,2026-05-28,2026-06-09,gcrew,noaa_gefs,26,ShortwaveRadiation_Wm2,12,361.25
gep26,00,2026-05-28,2026-06-09,gcrew,noaa_gefs,26,WindSpeed_ms_mean,12,7.459937362211188
gep26,00,2026-05-28,2026-06-10,gcrew,noaa_gefs,26,AirTemp_C_mean,13,17.935144042968773
gep26,00,2026-05-28,2026-06-10,gcrew,noaa_gefs,26,Pressure_Pa,13,102414.19921875
gep26,00,2026-05-28,2026-06-10,gcrew,noaa_gefs,26,RH_percent_mean,13,56.38784217834473
gep26,00,2026-05-28,2026-06-10,gcrew,noaa_gefs,26,Rain_mm_sum,13,0
gep26,00,2026-05-28,2026-06-10,gcrew,noaa_gefs,26,ShortwaveRadiation_Wm2,13,363.25
gep26,00,2026-05-28,2026-06-10,gcrew,noaa_gefs,26,WindSpeed_ms_mean,13,4.315274059982924
gep26,00,2026-05-28,2026-06-11,gcrew,noaa_gefs,26,AirTemp_C_mean,14,18.79597625732424
gep26,00,2026-05-28,2026-06-11,gcrew,noaa_gefs,26,Pressure_Pa,14,102375.763671875
gep26,00,2026-05-28,2026-06-11,gcrew,noaa_gefs,26,RH_percent_mean,14,57.19118881225586
gep26,00,2026-05-28,2026-06-11,gcrew,noaa_gefs,26,Rain_mm_sum,14,0
gep26,00,2026-05-28,2026-06-11,gcrew,noaa_gefs,26,ShortwaveRadiation_Wm2,14,359.25
gep26,00,2026-05-28,2026-06-11,gcrew,noaa_gefs,26,WindSpeed_ms_mean,14,2.5567400202041837
gep26,00,2026-05-28,2026-06-12,gcrew,noaa_gefs,26,AirTemp_C_mean,15,20.419717407226585
gep26,00,2026-05-28,2026-06-12,gcrew,noaa_gefs,26,Pressure_Pa,15,101882.580078125
gep26,00,2026-05-28,2026-06-12,gcrew,noaa_gefs,26,RH_percent_mean,15,61.499000549316406
gep26,00,2026-05-28,2026-06-12,gcrew,noaa_gefs,26,Rain_mm_sum,15,0
gep26,00,2026-05-28,2026-06-12,gcrew,noaa_gefs,26,ShortwaveRadiation_Wm2,15,338.75
gep26,00,2026-05-28,2026-06-12,gcrew,noaa_gefs,26,WindSpeed_ms_mean,15,2.427922764317797
gep26,00,2026-05-28,2026-06-13,gcrew,noaa_gefs,26,AirTemp_C_mean,16,22.97486267089846
gep26,00,2026-05-28,2026-06-13,gcrew,noaa_gefs,26,Pressure_Pa,16,101575.34375
gep26,00,2026-05-28,2026-06-13,gcrew,noaa_gefs,26,RH_percent_mean,16,66.48400783538818
gep26,00,2026-05-28,2026-06-13,gcrew,noaa_gefs,26,Rain_mm_sum,16,0
gep26,00,2026-05-28,2026-06-13,gcrew,noaa_gefs,26,ShortwaveRadiation_Wm2,16,336.75
gep26,00,2026-05-28,2026-06-13,gcrew,noaa_gefs,26,WindSpeed_ms_mean,16,3.760233349203137
gep26,00,2026-05-28,2026-06-14,gcrew,noaa_gefs,26,AirTemp_C_mean,17,21.73445281982424
gep26,00,2026-05-28,2026-06-14,gcrew,noaa_gefs,26,Pressure_Pa,17,101758.880859375
gep26,00,2026-05-28,2026-06-14,gcrew,noaa_gefs,26,RH_percent_mean,17,60.63445472717285
gep26,00,2026-05-28,2026-06-14,gcrew,noaa_gefs,26,Rain_mm_sum,17,0
gep26,00,2026-05-28,2026-06-14,gcrew,noaa_gefs,26,ShortwaveRadiation_Wm2,17,345
gep26,00,2026-05-28,2026-06-14,gcrew,noaa_gefs,26,WindSpeed_ms_mean,17,3.877745024465436
gep26,00,2026-05-28,2026-06-15,gcrew,noaa_gefs,26,AirTemp_C_mean,18,27.282464599609398
gep26,00,2026-05-28,2026-06-15,gcrew,noaa_gefs,26,Pressure_Pa,18,101216.53125
gep26,00,2026-05-28,2026-06-15,gcrew,noaa_gefs,26,RH_percent_mean,18,62.073336601257324
gep26,00,2026-05-28,2026-06-15,gcrew,noaa_gefs,26,Rain_mm_sum,18,0.10000000149011612
gep26,00,2026-05-28,2026-06-15,gcrew,noaa_gefs,26,ShortwaveRadiation_Wm2,18,342.25
gep26,00,2026-05-28,2026-06-15,gcrew,noaa_gefs,26,WindSpeed_ms_mean,18,3.863105661866631
gep26,00,2026-05-28,2026-06-16,gcrew,noaa_gefs,26,AirTemp_C_mean,19,27.164888000488304
gep26,00,2026-05-28,2026-06-16,gcrew,noaa_gefs,26,Pressure_Pa,19,101554.767578125
gep26,00,2026-05-28,2026-06-16,gcrew,noaa_gefs,26,RH_percent_mean,19,61.02194118499756
gep26,00,2026-05-28,2026-06-16,gcrew,noaa_gefs,26,Rain_mm_sum,19,0.10000000149011612
gep26,00,2026-05-28,2026-06-16,gcrew,noaa_gefs,26,ShortwaveRadiation_Wm2,19,297.5
gep26,00,2026-05-28,2026-06-16,gcrew,noaa_gefs,26,WindSpeed_ms_mean,19,2.604843904299301
gep26,00,2026-05-28,2026-06-17,gcrew,noaa_gefs,26,AirTemp_C_mean,20,22.97168884277346
gep26,00,2026-05-28,2026-06-17,gcrew,noaa_gefs,26,Pressure_Pa,20,101994.060546875
gep26,00,2026-05-28,2026-06-17,gcrew,noaa_gefs,26,RH_percent_mean,20,85.14014625549316
gep26,00,2026-05-28,2026-06-17,gcrew,noaa_gefs,26,Rain_mm_sum,20,2.9000000953674316
gep26,00,2026-05-28,2026-06-17,gcrew,noaa_gefs,26,ShortwaveRadiation_Wm2,20,269.25
gep26,00,2026-05-28,2026-06-17,gcrew,noaa_gefs,26,WindSpeed_ms_mean,20,4.609625277607201
gep26,00,2026-05-28,2026-06-18,gcrew,noaa_gefs,26,AirTemp_C_mean,21,22.94593963623049
gep26,00,2026-05-28,2026-06-18,gcrew,noaa_gefs,26,Pressure_Pa,21,101981.146484375
gep26,00,2026-05-28,2026-06-18,gcrew,noaa_gefs,26,RH_percent_mean,21,86.89044570922852
gep26,00,2026-05-28,2026-06-18,gcrew,noaa_gefs,26,Rain_mm_sum,21,1.4000000357627869
gep26,00,2026-05-28,2026-06-18,gcrew,noaa_gefs,26,ShortwaveRadiation_Wm2,21,303.25
gep26,00,2026-05-28,2026-06-18,gcrew,noaa_gefs,26,WindSpeed_ms_mean,21,2.586226235579734
gep26,00,2026-05-28,2026-06-19,gcrew,noaa_gefs,26,AirTemp_C_mean,22,26.268060302734398
gep26,00,2026-05-28,2026-06-19,gcrew,noaa_gefs,26,Pressure_Pa,22,101740.232421875
gep26,00,2026-05-28,2026-06-19,gcrew,noaa_gefs,26,RH_percent_mean,22,70.88781070709229
gep26,00,2026-05-28,2026-06-19,gcrew,noaa_gefs,26,Rain_mm_sum,22,0
gep26,00,2026-05-28,2026-06-19,gcrew,noaa_gefs,26,ShortwaveRadiation_Wm2,22,333
gep26,00,2026-05-28,2026-06-19,gcrew,noaa_gefs,26,WindSpeed_ms_mean,22,4.6750494445637285
gep26,00,2026-05-28,2026-06-20,gcrew,noaa_gefs,26,AirTemp_C_mean,23,27.841043090820335
gep26,00,2026-05-28,2026-06-20,gcrew,noaa_gefs,26,Pressure_Pa,23,101515.064453125
gep26,00,2026-05-28,2026-06-20,gcrew,noaa_gefs,26,RH_percent_mean,23,61.98535442352295
gep26,00,2026-05-28,2026-06-20,gcrew,noaa_gefs,26,Rain_mm_sum,23,0
gep26,00,2026-05-28,2026-06-20,gcrew,noaa_gefs,26,ShortwaveRadiation_Wm2,23,317.5
gep26,00,2026-05-28,2026-06-20,gcrew,noaa_gefs,26,WindSpeed_ms_mean,23,3.626574370372676
gep26,00,2026-05-28,2026-06-21,gcrew,noaa_gefs,26,AirTemp_C_mean,24,27.115220642089866
gep26,00,2026-05-28,2026-06-21,gcrew,noaa_gefs,26,Pressure_Pa,24,101335.810546875
gep26,00,2026-05-28,2026-06-21,gcrew,noaa_gefs,26,RH_percent_mean,24,61.86435508728027
gep26,00,2026-05-28,2026-06-21,gcrew,noaa_gefs,26,Rain_mm_sum,24,0
gep26,00,2026-05-28,2026-06-21,gcrew,noaa_gefs,26,ShortwaveRadiation_Wm2,24,325.75
gep26,00,2026-05-28,2026-06-21,gcrew,noaa_gefs,26,WindSpeed_ms_mean,24,4.1586571738201075
gep26,00,2026-05-28,2026-06-22,gcrew,noaa_gefs,26,AirTemp_C_mean,25,24.424424743652366
gep26,00,2026-05-28,2026-06-22,gcrew,noaa_gefs,26,Pressure_Pa,25,101386.505859375
gep26,00,2026-05-28,2026-06-22,gcrew,noaa_gefs,26,RH_percent_mean,25,81.4093132019043
gep26,00,2026-05-28,2026-06-22,gcrew,noaa_gefs,26,Rain_mm_sum,25,0.4000000059604645
gep26,00,2026-05-28,2026-06-22,gcrew,noaa_gefs,26,ShortwaveRadiation_Wm2,25,100.5
gep26,00,2026-05-28,2026-06-22,gcrew,noaa_gefs,26,WindSpeed_ms_mean,25,4.003219955758446
gep26,00,2026-05-28,2026-06-23,gcrew,noaa_gefs,26,AirTemp_C_mean,26,22.006524658203148
gep26,00,2026-05-28,2026-06-23,gcrew,noaa_gefs,26,Pressure_Pa,26,101129.3515625
gep26,00,2026-05-28,2026-06-23,gcrew,noaa_gefs,26,RH_percent_mean,26,93.43722724914551
gep26,00,2026-05-28,2026-06-23,gcrew,noaa_gefs,26,Rain_mm_sum,26,55.300001695752144
gep26,00,2026-05-28,2026-06-23,gcrew,noaa_gefs,26,ShortwaveRadiation_Wm2,26,22.75
gep26,00,2026-05-28,2026-06-23,gcrew,noaa_gefs,26,WindSpeed_ms_mean,26,4.542991536121778
gep26,00,2026-05-28,2026-06-24,gcrew,noaa_gefs,26,AirTemp_C_mean,27,22.589105224609398
gep26,00,2026-05-28,2026-06-24,gcrew,noaa_gefs,26,Pressure_Pa,27,100791.896484375
gep26,00,2026-05-28,2026-06-24,gcrew,noaa_gefs,26,RH_percent_mean,27,86.6486873626709
gep26,00,2026-05-28,2026-06-24,gcrew,noaa_gefs,26,Rain_mm_sum,27,8.000000096857548
gep26,00,2026-05-28,2026-06-24,gcrew,noaa_gefs,26,ShortwaveRadiation_Wm2,27,230.25
gep26,00,2026-05-28,2026-06-24,gcrew,noaa_gefs,26,WindSpeed_ms_mean,27,4.664738764840051
gep26,00,2026-05-28,2026-06-25,gcrew,noaa_gefs,26,AirTemp_C_mean,28,21.151040649414085
gep26,00,2026-05-28,2026-06-25,gcrew,noaa_gefs,26,Pressure_Pa,28,100968.654296875
gep26,00,2026-05-28,2026-06-25,gcrew,noaa_gefs,26,RH_percent_mean,28,59.870840072631836
gep26,00,2026-05-28,2026-06-25,gcrew,noaa_gefs,26,Rain_mm_sum,28,0.10000000149011612
gep26,00,2026-05-28,2026-06-25,gcrew,noaa_gefs,26,ShortwaveRadiation_Wm2,28,355.75
gep26,00,2026-05-28,2026-06-25,gcrew,noaa_gefs,26,WindSpeed_ms_mean,28,4.965440944060037
gep26,00,2026-05-28,2026-06-26,gcrew,noaa_gefs,26,AirTemp_C_mean,29,20.49548492431643
gep26,00,2026-05-28,2026-06-26,gcrew,noaa_gefs,26,Pressure_Pa,29,101440.876953125
gep26,00,2026-05-28,2026-06-26,gcrew,noaa_gefs,26,RH_percent_mean,29,59.463311195373535
gep26,00,2026-05-28,2026-06-26,gcrew,noaa_gefs,26,Rain_mm_sum,29,0
gep26,00,2026-05-28,2026-06-26,gcrew,noaa_gefs,26,ShortwaveRadiation_Wm2,29,351
gep26,00,2026-05-28,2026-06-26,gcrew,noaa_gefs,26,WindSpeed_ms_mean,29,4.224020219033529
gep26,00,2026-05-28,2026-06-27,gcrew,noaa_gefs,26,AirTemp_C_mean,30,22.24182281494143
gep26,00,2026-05-28,2026-06-27,gcrew,noaa_gefs,26,Pressure_Pa,30,101707.216796875
gep26,00,2026-05-28,2026-06-27,gcrew,noaa_gefs,26,RH_percent_mean,30,58.40474605560303
gep26,00,2026-05-28,2026-06-27,gcrew,noaa_gefs,26,Rain_mm_sum,30,0
gep26,00,2026-05-28,2026-06-27,gcrew,noaa_gefs,26,ShortwaveRadiation_Wm2,30,351
gep26,00,2026-05-28,2026-06-27,gcrew,noaa_gefs,26,WindSpeed_ms_mean,30,4.272810309335263
gep26,00,2026-05-28,2026-06-28,gcrew,noaa_gefs,26,AirTemp_C_mean,31,24.168817138671898
gep26,00,2026-05-28,2026-06-28,gcrew,noaa_gefs,26,Pressure_Pa,31,101494.826171875
gep26,00,2026-05-28,2026-06-28,gcrew,noaa_gefs,26,RH_percent_mean,31,71.39916801452637
gep26,00,2026-05-28,2026-06-28,gcrew,noaa_gefs,26,Rain_mm_sum,31,0
gep26,00,2026-05-28,2026-06-28,gcrew,noaa_gefs,26,ShortwaveRadiation_Wm2,31,344
gep26,00,2026-05-28,2026-06-28,gcrew,noaa_gefs,26,WindSpeed_ms_mean,31,3.5498743444693566
gep26,00,2026-05-28,2026-06-29,gcrew,noaa_gefs,26,AirTemp_C_mean,32,26.337808227539085
gep26,00,2026-05-28,2026-06-29,gcrew,noaa_gefs,26,Pressure_Pa,32,101015.88671875
gep26,00,2026-05-28,2026-06-29,gcrew,noaa_gefs,26,RH_percent_mean,32,67.18145847320557
gep26,00,2026-05-28,2026-06-29,gcrew,noaa_gefs,26,Rain_mm_sum,32,0
gep26,00,2026-05-28,2026-06-29,gcrew,noaa_gefs,26,ShortwaveRadiation_Wm2,32,322.5
gep26,00,2026-05-28,2026-06-29,gcrew,noaa_gefs,26,WindSpeed_ms_mean,32,3.924499337392451
gep26,00,2026-05-28,2026-06-30,gcrew,noaa_gefs,26,AirTemp_C_mean,33,26.703363037109398
gep26,00,2026-05-28,2026-06-30,gcrew,noaa_gefs,26,Pressure_Pa,33,100415.265625
gep26,00,2026-05-28,2026-06-30,gcrew,noaa_gefs,26,RH_percent_mean,33,70.66891098022461
gep26,00,2026-05-28,2026-06-30,gcrew,noaa_gefs,26,Rain_mm_sum,33,0.7999999895691872
gep26,00,2026-05-28,2026-06-30,gcrew,noaa_gefs,26,ShortwaveRadiation_Wm2,33,221.5
gep26,00,2026-05-28,2026-06-30,gcrew,noaa_gefs,26,WindSpeed_ms_mean,33,2.4540543323176753
gep26,00,2026-05-28,2026-07-01,gcrew,noaa_gefs,26,AirTemp_C_mean,34,25.300759887695335
gep26,00,2026-05-28,2026-07-01,gcrew,noaa_gefs,26,Pressure_Pa,34,100593.78515625
gep26,00,2026-05-28,2026-07-01,gcrew,noaa_gefs,26,RH_percent_mean,34,66.53337669372559
gep26,00,2026-05-28,2026-07-01,gcrew,noaa_gefs,26,Rain_mm_sum,34,0.20000000298023224
gep26,00,2026-05-28,2026-07-01,gcrew,noaa_gefs,26,ShortwaveRadiation_Wm2,34,347.5
gep26,00,2026-05-28,2026-07-01,gcrew,noaa_gefs,26,WindSpeed_ms_mean,34,3.569256045713047
gep27,00,2026-05-28,2026-05-29,gcrew,noaa_gefs,27,AirTemp_C_mean,1,16.984544372558616
gep27,00,2026-05-28,2026-05-29,gcrew,noaa_gefs,27,Pressure_Pa,1,101312.3720703125
gep27,00,2026-05-28,2026-05-29,gcrew,noaa_gefs,27,RH_percent_mean,1,66.49901962280273
gep27,00,2026-05-28,2026-05-29,gcrew,noaa_gefs,27,Rain_mm_sum,1,0
gep27,00,2026-05-28,2026-05-29,gcrew,noaa_gefs,27,ShortwaveRadiation_Wm2,1,358.5
gep27,00,2026-05-28,2026-05-29,gcrew,noaa_gefs,27,WindSpeed_ms_mean,1,3.324157800523961
gep27,00,2026-05-28,2026-05-30,gcrew,noaa_gefs,27,AirTemp_C_mean,2,14.520104980468773
gep27,00,2026-05-28,2026-05-30,gcrew,noaa_gefs,27,Pressure_Pa,2,101405.7275390625
gep27,00,2026-05-28,2026-05-30,gcrew,noaa_gefs,27,RH_percent_mean,2,63.8339786529541
gep27,00,2026-05-28,2026-05-30,gcrew,noaa_gefs,27,Rain_mm_sum,2,0
gep27,00,2026-05-28,2026-05-30,gcrew,noaa_gefs,27,ShortwaveRadiation_Wm2,2,354
gep27,00,2026-05-28,2026-05-30,gcrew,noaa_gefs,27,WindSpeed_ms_mean,2,6.158624703355217
gep27,00,2026-05-28,2026-05-31,gcrew,noaa_gefs,27,AirTemp_C_mean,3,13.913762664794945
gep27,00,2026-05-28,2026-05-31,gcrew,noaa_gefs,27,Pressure_Pa,3,101891.111328125
gep27,00,2026-05-28,2026-05-31,gcrew,noaa_gefs,27,RH_percent_mean,3,62.99015474319458
gep27,00,2026-05-28,2026-05-31,gcrew,noaa_gefs,27,Rain_mm_sum,3,0
gep27,00,2026-05-28,2026-05-31,gcrew,noaa_gefs,27,ShortwaveRadiation_Wm2,3,361
gep27,00,2026-05-28,2026-05-31,gcrew,noaa_gefs,27,WindSpeed_ms_mean,3,2.3322553142904607
gep27,00,2026-05-28,2026-06-01,gcrew,noaa_gefs,27,AirTemp_C_mean,4,16.62330780029299
gep27,00,2026-05-28,2026-06-01,gcrew,noaa_gefs,27,Pressure_Pa,4,101337.8271484375
gep27,00,2026-05-28,2026-06-01,gcrew,noaa_gefs,27,RH_percent_mean,4,63.69150733947754
gep27,00,2026-05-28,2026-06-01,gcrew,noaa_gefs,27,Rain_mm_sum,4,0
gep27,00,2026-05-28,2026-06-01,gcrew,noaa_gefs,27,ShortwaveRadiation_Wm2,4,325.125
gep27,00,2026-05-28,2026-06-01,gcrew,noaa_gefs,27,WindSpeed_ms_mean,4,3.743790953418161
gep27,00,2026-05-28,2026-06-02,gcrew,noaa_gefs,27,AirTemp_C_mean,5,16.618074035644554
gep27,00,2026-05-28,2026-06-02,gcrew,noaa_gefs,27,Pressure_Pa,5,101068.361328125
gep27,00,2026-05-28,2026-06-02,gcrew,noaa_gefs,27,RH_percent_mean,5,61.181997299194336
gep27,00,2026-05-28,2026-06-02,gcrew,noaa_gefs,27,Rain_mm_sum,5,0
gep27,00,2026-05-28,2026-06-02,gcrew,noaa_gefs,27,ShortwaveRadiation_Wm2,5,345.875
gep27,00,2026-05-28,2026-06-02,gcrew,noaa_gefs,27,WindSpeed_ms_mean,5,2.656702509480038
gep27,00,2026-05-28,2026-06-03,gcrew,noaa_gefs,27,AirTemp_C_mean,6,14.53361282348635
gep27,00,2026-05-28,2026-06-03,gcrew,noaa_gefs,27,Pressure_Pa,6,101265.8505859375
gep27,00,2026-05-28,2026-06-03,gcrew,noaa_gefs,27,RH_percent_mean,6,58.42056369781494
gep27,00,2026-05-28,2026-06-03,gcrew,noaa_gefs,27,Rain_mm_sum,6,0.42000001296401024
gep27,00,2026-05-28,2026-06-03,gcrew,noaa_gefs,27,ShortwaveRadiation_Wm2,6,296.5
gep27,00,2026-05-28,2026-06-03,gcrew,noaa_gefs,27,WindSpeed_ms_mean,6,7.54477270972776
gep27,00,2026-05-28,2026-06-04,gcrew,noaa_gefs,27,AirTemp_C_mean,7,14.779225921630882
gep27,00,2026-05-28,2026-06-04,gcrew,noaa_gefs,27,Pressure_Pa,7,101801.623046875
gep27,00,2026-05-28,2026-06-04,gcrew,noaa_gefs,27,RH_percent_mean,7,63.78340291976929
gep27,00,2026-05-28,2026-06-04,gcrew,noaa_gefs,27,Rain_mm_sum,7,0.3100000023841858
gep27,00,2026-05-28,2026-06-04,gcrew,noaa_gefs,27,ShortwaveRadiation_Wm2,7,321
gep27,00,2026-05-28,2026-06-04,gcrew,noaa_gefs,27,WindSpeed_ms_mean,7,7.469515003650624
gep27,00,2026-05-28,2026-06-05,gcrew,noaa_gefs,27,AirTemp_C_mean,8,15.955716705322288
gep27,00,2026-05-28,2026-06-05,gcrew,noaa_gefs,27,Pressure_Pa,8,101952.7724609375
gep27,00,2026-05-28,2026-06-05,gcrew,noaa_gefs,27,RH_percent_mean,8,61.84580373764038
gep27,00,2026-05-28,2026-06-05,gcrew,noaa_gefs,27,Rain_mm_sum,8,0
gep27,00,2026-05-28,2026-06-05,gcrew,noaa_gefs,27,ShortwaveRadiation_Wm2,8,358
gep27,00,2026-05-28,2026-06-05,gcrew,noaa_gefs,27,WindSpeed_ms_mean,8,4.597932834247479
gep27,00,2026-05-28,2026-06-06,gcrew,noaa_gefs,27,AirTemp_C_mean,9,18.72523106166297
gep27,00,2026-05-28,2026-06-06,gcrew,noaa_gefs,27,Pressure_Pa,9,101935.07700892857
gep27,00,2026-05-28,2026-06-06,gcrew,noaa_gefs,27,RH_percent_mean,9,63.01251983642578
gep27,00,2026-05-28,2026-06-06,gcrew,noaa_gefs,27,Rain_mm_sum,9,0
gep27,00,2026-05-28,2026-06-06,gcrew,noaa_gefs,27,ShortwaveRadiation_Wm2,9,409.14285714285717
gep27,00,2026-05-28,2026-06-06,gcrew,noaa_gefs,27,WindSpeed_ms_mean,9,2.582886239108914
gep27,00,2026-05-28,2026-06-07,gcrew,noaa_gefs,27,AirTemp_C_mean,10,20.02813873291018
gep27,00,2026-05-28,2026-06-07,gcrew,noaa_gefs,27,Pressure_Pa,10,101518.1484375
gep27,00,2026-05-28,2026-06-07,gcrew,noaa_gefs,27,RH_percent_mean,10,64.0985107421875
gep27,00,2026-05-28,2026-06-07,gcrew,noaa_gefs,27,Rain_mm_sum,10,0
gep27,00,2026-05-28,2026-06-07,gcrew,noaa_gefs,27,ShortwaveRadiation_Wm2,10,313.25
gep27,00,2026-05-28,2026-06-07,gcrew,noaa_gefs,27,WindSpeed_ms_mean,10,3.0982185202913497
gep27,00,2026-05-28,2026-06-08,gcrew,noaa_gefs,27,AirTemp_C_mean,11,21.244317626953148
gep27,00,2026-05-28,2026-06-08,gcrew,noaa_gefs,27,Pressure_Pa,11,100838.3359375
gep27,00,2026-05-28,2026-06-08,gcrew,noaa_gefs,27,RH_percent_mean,11,83.27591323852539
gep27,00,2026-05-28,2026-06-08,gcrew,noaa_gefs,27,Rain_mm_sum,11,10.500000312924385
gep27,00,2026-05-28,2026-06-08,gcrew,noaa_gefs,27,ShortwaveRadiation_Wm2,11,130.75
gep27,00,2026-05-28,2026-06-08,gcrew,noaa_gefs,27,WindSpeed_ms_mean,11,5.466295843691377
gep27,00,2026-05-28,2026-06-09,gcrew,noaa_gefs,27,AirTemp_C_mean,12,18.266564941406273
gep27,00,2026-05-28,2026-06-09,gcrew,noaa_gefs,27,Pressure_Pa,12,101545.86328125
gep27,00,2026-05-28,2026-06-09,gcrew,noaa_gefs,27,RH_percent_mean,12,65.5650224685669
gep27,00,2026-05-28,2026-06-09,gcrew,noaa_gefs,27,Rain_mm_sum,12,2.4000000953674316
gep27,00,2026-05-28,2026-06-09,gcrew,noaa_gefs,27,ShortwaveRadiation_Wm2,12,361.25
gep27,00,2026-05-28,2026-06-09,gcrew,noaa_gefs,27,WindSpeed_ms_mean,12,7.459937362211188
gep27,00,2026-05-28,2026-06-10,gcrew,noaa_gefs,27,AirTemp_C_mean,13,17.935144042968773
gep27,00,2026-05-28,2026-06-10,gcrew,noaa_gefs,27,Pressure_Pa,13,102414.19921875
gep27,00,2026-05-28,2026-06-10,gcrew,noaa_gefs,27,RH_percent_mean,13,56.38784217834473
gep27,00,2026-05-28,2026-06-10,gcrew,noaa_gefs,27,Rain_mm_sum,13,0
gep27,00,2026-05-28,2026-06-10,gcrew,noaa_gefs,27,ShortwaveRadiation_Wm2,13,363.25
gep27,00,2026-05-28,2026-06-10,gcrew,noaa_gefs,27,WindSpeed_ms_mean,13,4.315274059982924
gep27,00,2026-05-28,2026-06-11,gcrew,noaa_gefs,27,AirTemp_C_mean,14,18.79597625732424
gep27,00,2026-05-28,2026-06-11,gcrew,noaa_gefs,27,Pressure_Pa,14,102375.763671875
gep27,00,2026-05-28,2026-06-11,gcrew,noaa_gefs,27,RH_percent_mean,14,57.19118881225586
gep27,00,2026-05-28,2026-06-11,gcrew,noaa_gefs,27,Rain_mm_sum,14,0
gep27,00,2026-05-28,2026-06-11,gcrew,noaa_gefs,27,ShortwaveRadiation_Wm2,14,359.25
gep27,00,2026-05-28,2026-06-11,gcrew,noaa_gefs,27,WindSpeed_ms_mean,14,2.5567400202041837
gep27,00,2026-05-28,2026-06-12,gcrew,noaa_gefs,27,AirTemp_C_mean,15,20.419717407226585
gep27,00,2026-05-28,2026-06-12,gcrew,noaa_gefs,27,Pressure_Pa,15,101882.580078125
gep27,00,2026-05-28,2026-06-12,gcrew,noaa_gefs,27,RH_percent_mean,15,61.499000549316406
gep27,00,2026-05-28,2026-06-12,gcrew,noaa_gefs,27,Rain_mm_sum,15,0
gep27,00,2026-05-28,2026-06-12,gcrew,noaa_gefs,27,ShortwaveRadiation_Wm2,15,338.75
gep27,00,2026-05-28,2026-06-12,gcrew,noaa_gefs,27,WindSpeed_ms_mean,15,2.427922764317797
gep27,00,2026-05-28,2026-06-13,gcrew,noaa_gefs,27,AirTemp_C_mean,16,22.97486267089846
gep27,00,2026-05-28,2026-06-13,gcrew,noaa_gefs,27,Pressure_Pa,16,101575.34375
gep27,00,2026-05-28,2026-06-13,gcrew,noaa_gefs,27,RH_percent_mean,16,66.48400783538818
gep27,00,2026-05-28,2026-06-13,gcrew,noaa_gefs,27,Rain_mm_sum,16,0
gep27,00,2026-05-28,2026-06-13,gcrew,noaa_gefs,27,ShortwaveRadiation_Wm2,16,336.75
gep27,00,2026-05-28,2026-06-13,gcrew,noaa_gefs,27,WindSpeed_ms_mean,16,3.760233349203137
gep27,00,2026-05-28,2026-06-14,gcrew,noaa_gefs,27,AirTemp_C_mean,17,21.73445281982424
gep27,00,2026-05-28,2026-06-14,gcrew,noaa_gefs,27,Pressure_Pa,17,101758.880859375
gep27,00,2026-05-28,2026-06-14,gcrew,noaa_gefs,27,RH_percent_mean,17,60.63445472717285
gep27,00,2026-05-28,2026-06-14,gcrew,noaa_gefs,27,Rain_mm_sum,17,0
gep27,00,2026-05-28,2026-06-14,gcrew,noaa_gefs,27,ShortwaveRadiation_Wm2,17,345
gep27,00,2026-05-28,2026-06-14,gcrew,noaa_gefs,27,WindSpeed_ms_mean,17,3.877745024465436
gep27,00,2026-05-28,2026-06-15,gcrew,noaa_gefs,27,AirTemp_C_mean,18,27.282464599609398
gep27,00,2026-05-28,2026-06-15,gcrew,noaa_gefs,27,Pressure_Pa,18,101216.53125
gep27,00,2026-05-28,2026-06-15,gcrew,noaa_gefs,27,RH_percent_mean,18,62.073336601257324
gep27,00,2026-05-28,2026-06-15,gcrew,noaa_gefs,27,Rain_mm_sum,18,0.10000000149011612
gep27,00,2026-05-28,2026-06-15,gcrew,noaa_gefs,27,ShortwaveRadiation_Wm2,18,342.25
gep27,00,2026-05-28,2026-06-15,gcrew,noaa_gefs,27,WindSpeed_ms_mean,18,3.863105661866631
gep27,00,2026-05-28,2026-06-16,gcrew,noaa_gefs,27,AirTemp_C_mean,19,27.164888000488304
gep27,00,2026-05-28,2026-06-16,gcrew,noaa_gefs,27,Pressure_Pa,19,101554.767578125
gep27,00,2026-05-28,2026-06-16,gcrew,noaa_gefs,27,RH_percent_mean,19,61.02194118499756
gep27,00,2026-05-28,2026-06-16,gcrew,noaa_gefs,27,Rain_mm_sum,19,0.10000000149011612
gep27,00,2026-05-28,2026-06-16,gcrew,noaa_gefs,27,ShortwaveRadiation_Wm2,19,297.5
gep27,00,2026-05-28,2026-06-16,gcrew,noaa_gefs,27,WindSpeed_ms_mean,19,2.604843904299301
gep27,00,2026-05-28,2026-06-17,gcrew,noaa_gefs,27,AirTemp_C_mean,20,22.97168884277346
gep27,00,2026-05-28,2026-06-17,gcrew,noaa_gefs,27,Pressure_Pa,20,101994.060546875
gep27,00,2026-05-28,2026-06-17,gcrew,noaa_gefs,27,RH_percent_mean,20,85.14014625549316
gep27,00,2026-05-28,2026-06-17,gcrew,noaa_gefs,27,Rain_mm_sum,20,2.9000000953674316
gep27,00,2026-05-28,2026-06-17,gcrew,noaa_gefs,27,ShortwaveRadiation_Wm2,20,269.25
gep27,00,2026-05-28,2026-06-17,gcrew,noaa_gefs,27,WindSpeed_ms_mean,20,4.609625277607201
gep27,00,2026-05-28,2026-06-18,gcrew,noaa_gefs,27,AirTemp_C_mean,21,22.94593963623049
gep27,00,2026-05-28,2026-06-18,gcrew,noaa_gefs,27,Pressure_Pa,21,101981.146484375
gep27,00,2026-05-28,2026-06-18,gcrew,noaa_gefs,27,RH_percent_mean,21,86.89044570922852
gep27,00,2026-05-28,2026-06-18,gcrew,noaa_gefs,27,Rain_mm_sum,21,1.4000000357627869
gep27,00,2026-05-28,2026-06-18,gcrew,noaa_gefs,27,ShortwaveRadiation_Wm2,21,303.25
gep27,00,2026-05-28,2026-06-18,gcrew,noaa_gefs,27,WindSpeed_ms_mean,21,2.586226235579734
gep27,00,2026-05-28,2026-06-19,gcrew,noaa_gefs,27,AirTemp_C_mean,22,26.268060302734398
gep27,00,2026-05-28,2026-06-19,gcrew,noaa_gefs,27,Pressure_Pa,22,101740.232421875
gep27,00,2026-05-28,2026-06-19,gcrew,noaa_gefs,27,RH_percent_mean,22,70.88781070709229
gep27,00,2026-05-28,2026-06-19,gcrew,noaa_gefs,27,Rain_mm_sum,22,0
gep27,00,2026-05-28,2026-06-19,gcrew,noaa_gefs,27,ShortwaveRadiation_Wm2,22,333
gep27,00,2026-05-28,2026-06-19,gcrew,noaa_gefs,27,WindSpeed_ms_mean,22,4.6750494445637285
gep27,00,2026-05-28,2026-06-20,gcrew,noaa_gefs,27,AirTemp_C_mean,23,27.841043090820335
gep27,00,2026-05-28,2026-06-20,gcrew,noaa_gefs,27,Pressure_Pa,23,101515.064453125
gep27,00,2026-05-28,2026-06-20,gcrew,noaa_gefs,27,RH_percent_mean,23,61.98535442352295
gep27,00,2026-05-28,2026-06-20,gcrew,noaa_gefs,27,Rain_mm_sum,23,0
gep27,00,2026-05-28,2026-06-20,gcrew,noaa_gefs,27,ShortwaveRadiation_Wm2,23,317.5
gep27,00,2026-05-28,2026-06-20,gcrew,noaa_gefs,27,WindSpeed_ms_mean,23,3.626574370372676
gep27,00,2026-05-28,2026-06-21,gcrew,noaa_gefs,27,AirTemp_C_mean,24,27.115220642089866
gep27,00,2026-05-28,2026-06-21,gcrew,noaa_gefs,27,Pressure_Pa,24,101335.810546875
gep27,00,2026-05-28,2026-06-21,gcrew,noaa_gefs,27,RH_percent_mean,24,61.86435508728027
gep27,00,2026-05-28,2026-06-21,gcrew,noaa_gefs,27,Rain_mm_sum,24,0
gep27,00,2026-05-28,2026-06-21,gcrew,noaa_gefs,27,ShortwaveRadiation_Wm2,24,325.75
gep27,00,2026-05-28,2026-06-21,gcrew,noaa_gefs,27,WindSpeed_ms_mean,24,4.1586571738201075
gep27,00,2026-05-28,2026-06-22,gcrew,noaa_gefs,27,AirTemp_C_mean,25,24.424424743652366
gep27,00,2026-05-28,2026-06-22,gcrew,noaa_gefs,27,Pressure_Pa,25,101386.505859375
gep27,00,2026-05-28,2026-06-22,gcrew,noaa_gefs,27,RH_percent_mean,25,81.4093132019043
gep27,00,2026-05-28,2026-06-22,gcrew,noaa_gefs,27,Rain_mm_sum,25,0.4000000059604645
gep27,00,2026-05-28,2026-06-22,gcrew,noaa_gefs,27,ShortwaveRadiation_Wm2,25,100.5
gep27,00,2026-05-28,2026-06-22,gcrew,noaa_gefs,27,WindSpeed_ms_mean,25,4.003219955758446
gep27,00,2026-05-28,2026-06-23,gcrew,noaa_gefs,27,AirTemp_C_mean,26,22.006524658203148
gep27,00,2026-05-28,2026-06-23,gcrew,noaa_gefs,27,Pressure_Pa,26,101129.3515625
gep27,00,2026-05-28,2026-06-23,gcrew,noaa_gefs,27,RH_percent_mean,26,93.43722724914551
gep27,00,2026-05-28,2026-06-23,gcrew,noaa_gefs,27,Rain_mm_sum,26,55.300001695752144
gep27,00,2026-05-28,2026-06-23,gcrew,noaa_gefs,27,ShortwaveRadiation_Wm2,26,22.75
gep27,00,2026-05-28,2026-06-23,gcrew,noaa_gefs,27,WindSpeed_ms_mean,26,4.542991536121778
gep27,00,2026-05-28,2026-06-24,gcrew,noaa_gefs,27,AirTemp_C_mean,27,22.589105224609398
gep27,00,2026-05-28,2026-06-24,gcrew,noaa_gefs,27,Pressure_Pa,27,100791.896484375
gep27,00,2026-05-28,2026-06-24,gcrew,noaa_gefs,27,RH_percent_mean,27,86.6486873626709
gep27,00,2026-05-28,2026-06-24,gcrew,noaa_gefs,27,Rain_mm_sum,27,8.000000096857548
gep27,00,2026-05-28,2026-06-24,gcrew,noaa_gefs,27,ShortwaveRadiation_Wm2,27,230.25
gep27,00,2026-05-28,2026-06-24,gcrew,noaa_gefs,27,WindSpeed_ms_mean,27,4.664738764840051
gep27,00,2026-05-28,2026-06-25,gcrew,noaa_gefs,27,AirTemp_C_mean,28,21.151040649414085
gep27,00,2026-05-28,2026-06-25,gcrew,noaa_gefs,27,Pressure_Pa,28,100968.654296875
gep27,00,2026-05-28,2026-06-25,gcrew,noaa_gefs,27,RH_percent_mean,28,59.870840072631836
gep27,00,2026-05-28,2026-06-25,gcrew,noaa_gefs,27,Rain_mm_sum,28,0.10000000149011612
gep27,00,2026-05-28,2026-06-25,gcrew,noaa_gefs,27,ShortwaveRadiation_Wm2,28,355.75
gep27,00,2026-05-28,2026-06-25,gcrew,noaa_gefs,27,WindSpeed_ms_mean,28,4.965440944060037
gep27,00,2026-05-28,2026-06-26,gcrew,noaa_gefs,27,AirTemp_C_mean,29,20.49548492431643
gep27,00,2026-05-28,2026-06-26,gcrew,noaa_gefs,27,Pressure_Pa,29,101440.876953125
gep27,00,2026-05-28,2026-06-26,gcrew,noaa_gefs,27,RH_percent_mean,29,59.463311195373535
gep27,00,2026-05-28,2026-06-26,gcrew,noaa_gefs,27,Rain_mm_sum,29,0
gep27,00,2026-05-28,2026-06-26,gcrew,noaa_gefs,27,ShortwaveRadiation_Wm2,29,351
gep27,00,2026-05-28,2026-06-26,gcrew,noaa_gefs,27,WindSpeed_ms_mean,29,4.224020219033529
gep27,00,2026-05-28,2026-06-27,gcrew,noaa_gefs,27,AirTemp_C_mean,30,22.24182281494143
gep27,00,2026-05-28,2026-06-27,gcrew,noaa_gefs,27,Pressure_Pa,30,101707.216796875
gep27,00,2026-05-28,2026-06-27,gcrew,noaa_gefs,27,RH_percent_mean,30,58.40474605560303
gep27,00,2026-05-28,2026-06-27,gcrew,noaa_gefs,27,Rain_mm_sum,30,0
gep27,00,2026-05-28,2026-06-27,gcrew,noaa_gefs,27,ShortwaveRadiation_Wm2,30,351
gep27,00,2026-05-28,2026-06-27,gcrew,noaa_gefs,27,WindSpeed_ms_mean,30,4.272810309335263
gep27,00,2026-05-28,2026-06-28,gcrew,noaa_gefs,27,AirTemp_C_mean,31,24.168817138671898
gep27,00,2026-05-28,2026-06-28,gcrew,noaa_gefs,27,Pressure_Pa,31,101494.826171875
gep27,00,2026-05-28,2026-06-28,gcrew,noaa_gefs,27,RH_percent_mean,31,71.39916801452637
gep27,00,2026-05-28,2026-06-28,gcrew,noaa_gefs,27,Rain_mm_sum,31,0
gep27,00,2026-05-28,2026-06-28,gcrew,noaa_gefs,27,ShortwaveRadiation_Wm2,31,344
gep27,00,2026-05-28,2026-06-28,gcrew,noaa_gefs,27,WindSpeed_ms_mean,31,3.5498743444693566
gep27,00,2026-05-28,2026-06-29,gcrew,noaa_gefs,27,AirTemp_C_mean,32,26.337808227539085
gep27,00,2026-05-28,2026-06-29,gcrew,noaa_gefs,27,Pressure_Pa,32,101015.88671875
gep27,00,2026-05-28,2026-06-29,gcrew,noaa_gefs,27,RH_percent_mean,32,67.18145847320557
gep27,00,2026-05-28,2026-06-29,gcrew,noaa_gefs,27,Rain_mm_sum,32,0
gep27,00,2026-05-28,2026-06-29,gcrew,noaa_gefs,27,ShortwaveRadiation_Wm2,32,322.5
gep27,00,2026-05-28,2026-06-29,gcrew,noaa_gefs,27,WindSpeed_ms_mean,32,3.924499337392451
gep27,00,2026-05-28,2026-06-30,gcrew,noaa_gefs,27,AirTemp_C_mean,33,26.703363037109398
gep27,00,2026-05-28,2026-06-30,gcrew,noaa_gefs,27,Pressure_Pa,33,100415.265625
gep27,00,2026-05-28,2026-06-30,gcrew,noaa_gefs,27,RH_percent_mean,33,70.66891098022461
gep27,00,2026-05-28,2026-06-30,gcrew,noaa_gefs,27,Rain_mm_sum,33,0.7999999895691872
gep27,00,2026-05-28,2026-06-30,gcrew,noaa_gefs,27,ShortwaveRadiation_Wm2,33,221.5
gep27,00,2026-05-28,2026-06-30,gcrew,noaa_gefs,27,WindSpeed_ms_mean,33,2.4540543323176753
gep27,00,2026-05-28,2026-07-01,gcrew,noaa_gefs,27,AirTemp_C_mean,34,25.300759887695335
gep27,00,2026-05-28,2026-07-01,gcrew,noaa_gefs,27,Pressure_Pa,34,100593.78515625
gep27,00,2026-05-28,2026-07-01,gcrew,noaa_gefs,27,RH_percent_mean,34,66.53337669372559
gep27,00,2026-05-28,2026-07-01,gcrew,noaa_gefs,27,Rain_mm_sum,34,0.20000000298023224
gep27,00,2026-05-28,2026-07-01,gcrew,noaa_gefs,27,ShortwaveRadiation_Wm2,34,347.5
gep27,00,2026-05-28,2026-07-01,gcrew,noaa_gefs,27,WindSpeed_ms_mean,34,3.569256045713047
gep28,00,2026-05-28,2026-05-29,gcrew,noaa_gefs,28,AirTemp_C_mean,1,16.984544372558616
gep28,00,2026-05-28,2026-05-29,gcrew,noaa_gefs,28,Pressure_Pa,1,101312.3720703125
gep28,00,2026-05-28,2026-05-29,gcrew,noaa_gefs,28,RH_percent_mean,1,66.49901962280273
gep28,00,2026-05-28,2026-05-29,gcrew,noaa_gefs,28,Rain_mm_sum,1,0
gep28,00,2026-05-28,2026-05-29,gcrew,noaa_gefs,28,ShortwaveRadiation_Wm2,1,358.5
gep28,00,2026-05-28,2026-05-29,gcrew,noaa_gefs,28,WindSpeed_ms_mean,1,3.324157800523961
gep28,00,2026-05-28,2026-05-30,gcrew,noaa_gefs,28,AirTemp_C_mean,2,14.520104980468773
gep28,00,2026-05-28,2026-05-30,gcrew,noaa_gefs,28,Pressure_Pa,2,101405.7275390625
gep28,00,2026-05-28,2026-05-30,gcrew,noaa_gefs,28,RH_percent_mean,2,63.8339786529541
gep28,00,2026-05-28,2026-05-30,gcrew,noaa_gefs,28,Rain_mm_sum,2,0
gep28,00,2026-05-28,2026-05-30,gcrew,noaa_gefs,28,ShortwaveRadiation_Wm2,2,354
gep28,00,2026-05-28,2026-05-30,gcrew,noaa_gefs,28,WindSpeed_ms_mean,2,6.158624703355217
gep28,00,2026-05-28,2026-05-31,gcrew,noaa_gefs,28,AirTemp_C_mean,3,13.913762664794945
gep28,00,2026-05-28,2026-05-31,gcrew,noaa_gefs,28,Pressure_Pa,3,101891.111328125
gep28,00,2026-05-28,2026-05-31,gcrew,noaa_gefs,28,RH_percent_mean,3,62.99015474319458
gep28,00,2026-05-28,2026-05-31,gcrew,noaa_gefs,28,Rain_mm_sum,3,0
gep28,00,2026-05-28,2026-05-31,gcrew,noaa_gefs,28,ShortwaveRadiation_Wm2,3,361
gep28,00,2026-05-28,2026-05-31,gcrew,noaa_gefs,28,WindSpeed_ms_mean,3,2.3322553142904607
gep28,00,2026-05-28,2026-06-01,gcrew,noaa_gefs,28,AirTemp_C_mean,4,16.62330780029299
gep28,00,2026-05-28,2026-06-01,gcrew,noaa_gefs,28,Pressure_Pa,4,101337.8271484375
gep28,00,2026-05-28,2026-06-01,gcrew,noaa_gefs,28,RH_percent_mean,4,63.69150733947754
gep28,00,2026-05-28,2026-06-01,gcrew,noaa_gefs,28,Rain_mm_sum,4,0
gep28,00,2026-05-28,2026-06-01,gcrew,noaa_gefs,28,ShortwaveRadiation_Wm2,4,325.125
gep28,00,2026-05-28,2026-06-01,gcrew,noaa_gefs,28,WindSpeed_ms_mean,4,3.743790953418161
gep28,00,2026-05-28,2026-06-02,gcrew,noaa_gefs,28,AirTemp_C_mean,5,16.618074035644554
gep28,00,2026-05-28,2026-06-02,gcrew,noaa_gefs,28,Pressure_Pa,5,101068.361328125
gep28,00,2026-05-28,2026-06-02,gcrew,noaa_gefs,28,RH_percent_mean,5,61.181997299194336
gep28,00,2026-05-28,2026-06-02,gcrew,noaa_gefs,28,Rain_mm_sum,5,0
gep28,00,2026-05-28,2026-06-02,gcrew,noaa_gefs,28,ShortwaveRadiation_Wm2,5,345.875
gep28,00,2026-05-28,2026-06-02,gcrew,noaa_gefs,28,WindSpeed_ms_mean,5,2.656702509480038
gep28,00,2026-05-28,2026-06-03,gcrew,noaa_gefs,28,AirTemp_C_mean,6,14.53361282348635
gep28,00,2026-05-28,2026-06-03,gcrew,noaa_gefs,28,Pressure_Pa,6,101265.8505859375
gep28,00,2026-05-28,2026-06-03,gcrew,noaa_gefs,28,RH_percent_mean,6,58.42056369781494
gep28,00,2026-05-28,2026-06-03,gcrew,noaa_gefs,28,Rain_mm_sum,6,0.42000001296401024
gep28,00,2026-05-28,2026-06-03,gcrew,noaa_gefs,28,ShortwaveRadiation_Wm2,6,296.5
gep28,00,2026-05-28,2026-06-03,gcrew,noaa_gefs,28,WindSpeed_ms_mean,6,7.54477270972776
gep28,00,2026-05-28,2026-06-04,gcrew,noaa_gefs,28,AirTemp_C_mean,7,14.779225921630882
gep28,00,2026-05-28,2026-06-04,gcrew,noaa_gefs,28,Pressure_Pa,7,101801.623046875
gep28,00,2026-05-28,2026-06-04,gcrew,noaa_gefs,28,RH_percent_mean,7,63.78340291976929
gep28,00,2026-05-28,2026-06-04,gcrew,noaa_gefs,28,Rain_mm_sum,7,0.3100000023841858
gep28,00,2026-05-28,2026-06-04,gcrew,noaa_gefs,28,ShortwaveRadiation_Wm2,7,321
gep28,00,2026-05-28,2026-06-04,gcrew,noaa_gefs,28,WindSpeed_ms_mean,7,7.469515003650624
gep28,00,2026-05-28,2026-06-05,gcrew,noaa_gefs,28,AirTemp_C_mean,8,15.955716705322288
gep28,00,2026-05-28,2026-06-05,gcrew,noaa_gefs,28,Pressure_Pa,8,101952.7724609375
gep28,00,2026-05-28,2026-06-05,gcrew,noaa_gefs,28,RH_percent_mean,8,61.84580373764038
gep28,00,2026-05-28,2026-06-05,gcrew,noaa_gefs,28,Rain_mm_sum,8,0
gep28,00,2026-05-28,2026-06-05,gcrew,noaa_gefs,28,ShortwaveRadiation_Wm2,8,358
gep28,00,2026-05-28,2026-06-05,gcrew,noaa_gefs,28,WindSpeed_ms_mean,8,4.597932834247479
gep28,00,2026-05-28,2026-06-06,gcrew,noaa_gefs,28,AirTemp_C_mean,9,18.72523106166297
gep28,00,2026-05-28,2026-06-06,gcrew,noaa_gefs,28,Pressure_Pa,9,101935.07700892857
gep28,00,2026-05-28,2026-06-06,gcrew,noaa_gefs,28,RH_percent_mean,9,63.01251983642578
gep28,00,2026-05-28,2026-06-06,gcrew,noaa_gefs,28,Rain_mm_sum,9,0
gep28,00,2026-05-28,2026-06-06,gcrew,noaa_gefs,28,ShortwaveRadiation_Wm2,9,409.14285714285717
gep28,00,2026-05-28,2026-06-06,gcrew,noaa_gefs,28,WindSpeed_ms_mean,9,2.582886239108914
gep28,00,2026-05-28,2026-06-07,gcrew,noaa_gefs,28,AirTemp_C_mean,10,20.02813873291018
gep28,00,2026-05-28,2026-06-07,gcrew,noaa_gefs,28,Pressure_Pa,10,101518.1484375
gep28,00,2026-05-28,2026-06-07,gcrew,noaa_gefs,28,RH_percent_mean,10,64.0985107421875
gep28,00,2026-05-28,2026-06-07,gcrew,noaa_gefs,28,Rain_mm_sum,10,0
gep28,00,2026-05-28,2026-06-07,gcrew,noaa_gefs,28,ShortwaveRadiation_Wm2,10,313.25
gep28,00,2026-05-28,2026-06-07,gcrew,noaa_gefs,28,WindSpeed_ms_mean,10,3.0982185202913497
gep28,00,2026-05-28,2026-06-08,gcrew,noaa_gefs,28,AirTemp_C_mean,11,21.244317626953148
gep28,00,2026-05-28,2026-06-08,gcrew,noaa_gefs,28,Pressure_Pa,11,100838.3359375
gep28,00,2026-05-28,2026-06-08,gcrew,noaa_gefs,28,RH_percent_mean,11,83.27591323852539
gep28,00,2026-05-28,2026-06-08,gcrew,noaa_gefs,28,Rain_mm_sum,11,10.500000312924385
gep28,00,2026-05-28,2026-06-08,gcrew,noaa_gefs,28,ShortwaveRadiation_Wm2,11,130.75
gep28,00,2026-05-28,2026-06-08,gcrew,noaa_gefs,28,WindSpeed_ms_mean,11,5.466295843691377
gep28,00,2026-05-28,2026-06-09,gcrew,noaa_gefs,28,AirTemp_C_mean,12,18.266564941406273
gep28,00,2026-05-28,2026-06-09,gcrew,noaa_gefs,28,Pressure_Pa,12,101545.86328125
gep28,00,2026-05-28,2026-06-09,gcrew,noaa_gefs,28,RH_percent_mean,12,65.5650224685669
gep28,00,2026-05-28,2026-06-09,gcrew,noaa_gefs,28,Rain_mm_sum,12,2.4000000953674316
gep28,00,2026-05-28,2026-06-09,gcrew,noaa_gefs,28,ShortwaveRadiation_Wm2,12,361.25
gep28,00,2026-05-28,2026-06-09,gcrew,noaa_gefs,28,WindSpeed_ms_mean,12,7.459937362211188
gep28,00,2026-05-28,2026-06-10,gcrew,noaa_gefs,28,AirTemp_C_mean,13,17.935144042968773
gep28,00,2026-05-28,2026-06-10,gcrew,noaa_gefs,28,Pressure_Pa,13,102414.19921875
gep28,00,2026-05-28,2026-06-10,gcrew,noaa_gefs,28,RH_percent_mean,13,56.38784217834473
gep28,00,2026-05-28,2026-06-10,gcrew,noaa_gefs,28,Rain_mm_sum,13,0
gep28,00,2026-05-28,2026-06-10,gcrew,noaa_gefs,28,ShortwaveRadiation_Wm2,13,363.25
gep28,00,2026-05-28,2026-06-10,gcrew,noaa_gefs,28,WindSpeed_ms_mean,13,4.315274059982924
gep28,00,2026-05-28,2026-06-11,gcrew,noaa_gefs,28,AirTemp_C_mean,14,18.79597625732424
gep28,00,2026-05-28,2026-06-11,gcrew,noaa_gefs,28,Pressure_Pa,14,102375.763671875
gep28,00,2026-05-28,2026-06-11,gcrew,noaa_gefs,28,RH_percent_mean,14,57.19118881225586
gep28,00,2026-05-28,2026-06-11,gcrew,noaa_gefs,28,Rain_mm_sum,14,0
gep28,00,2026-05-28,2026-06-11,gcrew,noaa_gefs,28,ShortwaveRadiation_Wm2,14,359.25
gep28,00,2026-05-28,2026-06-11,gcrew,noaa_gefs,28,WindSpeed_ms_mean,14,2.5567400202041837
gep28,00,2026-05-28,2026-06-12,gcrew,noaa_gefs,28,AirTemp_C_mean,15,20.419717407226585
gep28,00,2026-05-28,2026-06-12,gcrew,noaa_gefs,28,Pressure_Pa,15,101882.580078125
gep28,00,2026-05-28,2026-06-12,gcrew,noaa_gefs,28,RH_percent_mean,15,61.499000549316406
gep28,00,2026-05-28,2026-06-12,gcrew,noaa_gefs,28,Rain_mm_sum,15,0
gep28,00,2026-05-28,2026-06-12,gcrew,noaa_gefs,28,ShortwaveRadiation_Wm2,15,338.75
gep28,00,2026-05-28,2026-06-12,gcrew,noaa_gefs,28,WindSpeed_ms_mean,15,2.427922764317797
gep28,00,2026-05-28,2026-06-13,gcrew,noaa_gefs,28,AirTemp_C_mean,16,22.97486267089846
gep28,00,2026-05-28,2026-06-13,gcrew,noaa_gefs,28,Pressure_Pa,16,101575.34375
gep28,00,2026-05-28,2026-06-13,gcrew,noaa_gefs,28,RH_percent_mean,16,66.48400783538818
gep28,00,2026-05-28,2026-06-13,gcrew,noaa_gefs,28,Rain_mm_sum,16,0
gep28,00,2026-05-28,2026-06-13,gcrew,noaa_gefs,28,ShortwaveRadiation_Wm2,16,336.75
gep28,00,2026-05-28,2026-06-13,gcrew,noaa_gefs,28,WindSpeed_ms_mean,16,3.760233349203137
gep28,00,2026-05-28,2026-06-14,gcrew,noaa_gefs,28,AirTemp_C_mean,17,21.73445281982424
gep28,00,2026-05-28,2026-06-14,gcrew,noaa_gefs,28,Pressure_Pa,17,101758.880859375
gep28,00,2026-05-28,2026-06-14,gcrew,noaa_gefs,28,RH_percent_mean,17,60.63445472717285
gep28,00,2026-05-28,2026-06-14,gcrew,noaa_gefs,28,Rain_mm_sum,17,0
gep28,00,2026-05-28,2026-06-14,gcrew,noaa_gefs,28,ShortwaveRadiation_Wm2,17,345
gep28,00,2026-05-28,2026-06-14,gcrew,noaa_gefs,28,WindSpeed_ms_mean,17,3.877745024465436
gep28,00,2026-05-28,2026-06-15,gcrew,noaa_gefs,28,AirTemp_C_mean,18,27.282464599609398
gep28,00,2026-05-28,2026-06-15,gcrew,noaa_gefs,28,Pressure_Pa,18,101216.53125
gep28,00,2026-05-28,2026-06-15,gcrew,noaa_gefs,28,RH_percent_mean,18,62.073336601257324
gep28,00,2026-05-28,2026-06-15,gcrew,noaa_gefs,28,Rain_mm_sum,18,0.10000000149011612
gep28,00,2026-05-28,2026-06-15,gcrew,noaa_gefs,28,ShortwaveRadiation_Wm2,18,342.25
gep28,00,2026-05-28,2026-06-15,gcrew,noaa_gefs,28,WindSpeed_ms_mean,18,3.863105661866631
gep28,00,2026-05-28,2026-06-16,gcrew,noaa_gefs,28,AirTemp_C_mean,19,27.164888000488304
gep28,00,2026-05-28,2026-06-16,gcrew,noaa_gefs,28,Pressure_Pa,19,101554.767578125
gep28,00,2026-05-28,2026-06-16,gcrew,noaa_gefs,28,RH_percent_mean,19,61.02194118499756
gep28,00,2026-05-28,2026-06-16,gcrew,noaa_gefs,28,Rain_mm_sum,19,0.10000000149011612
gep28,00,2026-05-28,2026-06-16,gcrew,noaa_gefs,28,ShortwaveRadiation_Wm2,19,297.5
gep28,00,2026-05-28,2026-06-16,gcrew,noaa_gefs,28,WindSpeed_ms_mean,19,2.604843904299301
gep28,00,2026-05-28,2026-06-17,gcrew,noaa_gefs,28,AirTemp_C_mean,20,22.97168884277346
gep28,00,2026-05-28,2026-06-17,gcrew,noaa_gefs,28,Pressure_Pa,20,101994.060546875
gep28,00,2026-05-28,2026-06-17,gcrew,noaa_gefs,28,RH_percent_mean,20,85.14014625549316
gep28,00,2026-05-28,2026-06-17,gcrew,noaa_gefs,28,Rain_mm_sum,20,2.9000000953674316
gep28,00,2026-05-28,2026-06-17,gcrew,noaa_gefs,28,ShortwaveRadiation_Wm2,20,269.25
gep28,00,2026-05-28,2026-06-17,gcrew,noaa_gefs,28,WindSpeed_ms_mean,20,4.609625277607201
gep28,00,2026-05-28,2026-06-18,gcrew,noaa_gefs,28,AirTemp_C_mean,21,22.94593963623049
gep28,00,2026-05-28,2026-06-18,gcrew,noaa_gefs,28,Pressure_Pa,21,101981.146484375
gep28,00,2026-05-28,2026-06-18,gcrew,noaa_gefs,28,RH_percent_mean,21,86.89044570922852
gep28,00,2026-05-28,2026-06-18,gcrew,noaa_gefs,28,Rain_mm_sum,21,1.4000000357627869
gep28,00,2026-05-28,2026-06-18,gcrew,noaa_gefs,28,ShortwaveRadiation_Wm2,21,303.25
gep28,00,2026-05-28,2026-06-18,gcrew,noaa_gefs,28,WindSpeed_ms_mean,21,2.586226235579734
gep28,00,2026-05-28,2026-06-19,gcrew,noaa_gefs,28,AirTemp_C_mean,22,26.268060302734398
gep28,00,2026-05-28,2026-06-19,gcrew,noaa_gefs,28,Pressure_Pa,22,101740.232421875
gep28,00,2026-05-28,2026-06-19,gcrew,noaa_gefs,28,RH_percent_mean,22,70.88781070709229
gep28,00,2026-05-28,2026-06-19,gcrew,noaa_gefs,28,Rain_mm_sum,22,0
gep28,00,2026-05-28,2026-06-19,gcrew,noaa_gefs,28,ShortwaveRadiation_Wm2,22,333
gep28,00,2026-05-28,2026-06-19,gcrew,noaa_gefs,28,WindSpeed_ms_mean,22,4.6750494445637285
gep28,00,2026-05-28,2026-06-20,gcrew,noaa_gefs,28,AirTemp_C_mean,23,27.841043090820335
gep28,00,2026-05-28,2026-06-20,gcrew,noaa_gefs,28,Pressure_Pa,23,101515.064453125
gep28,00,2026-05-28,2026-06-20,gcrew,noaa_gefs,28,RH_percent_mean,23,61.98535442352295
gep28,00,2026-05-28,2026-06-20,gcrew,noaa_gefs,28,Rain_mm_sum,23,0
gep28,00,2026-05-28,2026-06-20,gcrew,noaa_gefs,28,ShortwaveRadiation_Wm2,23,317.5
gep28,00,2026-05-28,2026-06-20,gcrew,noaa_gefs,28,WindSpeed_ms_mean,23,3.626574370372676
gep28,00,2026-05-28,2026-06-21,gcrew,noaa_gefs,28,AirTemp_C_mean,24,27.115220642089866
gep28,00,2026-05-28,2026-06-21,gcrew,noaa_gefs,28,Pressure_Pa,24,101335.810546875
gep28,00,2026-05-28,2026-06-21,gcrew,noaa_gefs,28,RH_percent_mean,24,61.86435508728027
gep28,00,2026-05-28,2026-06-21,gcrew,noaa_gefs,28,Rain_mm_sum,24,0
gep28,00,2026-05-28,2026-06-21,gcrew,noaa_gefs,28,ShortwaveRadiation_Wm2,24,325.75
gep28,00,2026-05-28,2026-06-21,gcrew,noaa_gefs,28,WindSpeed_ms_mean,24,4.1586571738201075
gep28,00,2026-05-28,2026-06-22,gcrew,noaa_gefs,28,AirTemp_C_mean,25,24.424424743652366
gep28,00,2026-05-28,2026-06-22,gcrew,noaa_gefs,28,Pressure_Pa,25,101386.505859375
gep28,00,2026-05-28,2026-06-22,gcrew,noaa_gefs,28,RH_percent_mean,25,81.4093132019043
gep28,00,2026-05-28,2026-06-22,gcrew,noaa_gefs,28,Rain_mm_sum,25,0.4000000059604645
gep28,00,2026-05-28,2026-06-22,gcrew,noaa_gefs,28,ShortwaveRadiation_Wm2,25,100.5
gep28,00,2026-05-28,2026-06-22,gcrew,noaa_gefs,28,WindSpeed_ms_mean,25,4.003219955758446
gep28,00,2026-05-28,2026-06-23,gcrew,noaa_gefs,28,AirTemp_C_mean,26,22.006524658203148
gep28,00,2026-05-28,2026-06-23,gcrew,noaa_gefs,28,Pressure_Pa,26,101129.3515625
gep28,00,2026-05-28,2026-06-23,gcrew,noaa_gefs,28,RH_percent_mean,26,93.43722724914551
gep28,00,2026-05-28,2026-06-23,gcrew,noaa_gefs,28,Rain_mm_sum,26,55.300001695752144
gep28,00,2026-05-28,2026-06-23,gcrew,noaa_gefs,28,ShortwaveRadiation_Wm2,26,22.75
gep28,00,2026-05-28,2026-06-23,gcrew,noaa_gefs,28,WindSpeed_ms_mean,26,4.542991536121778
gep28,00,2026-05-28,2026-06-24,gcrew,noaa_gefs,28,AirTemp_C_mean,27,22.589105224609398
gep28,00,2026-05-28,2026-06-24,gcrew,noaa_gefs,28,Pressure_Pa,27,100791.896484375
gep28,00,2026-05-28,2026-06-24,gcrew,noaa_gefs,28,RH_percent_mean,27,86.6486873626709
gep28,00,2026-05-28,2026-06-24,gcrew,noaa_gefs,28,Rain_mm_sum,27,8.000000096857548
gep28,00,2026-05-28,2026-06-24,gcrew,noaa_gefs,28,ShortwaveRadiation_Wm2,27,230.25
gep28,00,2026-05-28,2026-06-24,gcrew,noaa_gefs,28,WindSpeed_ms_mean,27,4.664738764840051
gep28,00,2026-05-28,2026-06-25,gcrew,noaa_gefs,28,AirTemp_C_mean,28,21.151040649414085
gep28,00,2026-05-28,2026-06-25,gcrew,noaa_gefs,28,Pressure_Pa,28,100968.654296875
gep28,00,2026-05-28,2026-06-25,gcrew,noaa_gefs,28,RH_percent_mean,28,59.870840072631836
gep28,00,2026-05-28,2026-06-25,gcrew,noaa_gefs,28,Rain_mm_sum,28,0.10000000149011612
gep28,00,2026-05-28,2026-06-25,gcrew,noaa_gefs,28,ShortwaveRadiation_Wm2,28,355.75
gep28,00,2026-05-28,2026-06-25,gcrew,noaa_gefs,28,WindSpeed_ms_mean,28,4.965440944060037
gep28,00,2026-05-28,2026-06-26,gcrew,noaa_gefs,28,AirTemp_C_mean,29,20.49548492431643
gep28,00,2026-05-28,2026-06-26,gcrew,noaa_gefs,28,Pressure_Pa,29,101440.876953125
gep28,00,2026-05-28,2026-06-26,gcrew,noaa_gefs,28,RH_percent_mean,29,59.463311195373535
gep28,00,2026-05-28,2026-06-26,gcrew,noaa_gefs,28,Rain_mm_sum,29,0
gep28,00,2026-05-28,2026-06-26,gcrew,noaa_gefs,28,ShortwaveRadiation_Wm2,29,351
gep28,00,2026-05-28,2026-06-26,gcrew,noaa_gefs,28,WindSpeed_ms_mean,29,4.224020219033529
gep28,00,2026-05-28,2026-06-27,gcrew,noaa_gefs,28,AirTemp_C_mean,30,22.24182281494143
gep28,00,2026-05-28,2026-06-27,gcrew,noaa_gefs,28,Pressure_Pa,30,101707.216796875
gep28,00,2026-05-28,2026-06-27,gcrew,noaa_gefs,28,RH_percent_mean,30,58.40474605560303
gep28,00,2026-05-28,2026-06-27,gcrew,noaa_gefs,28,Rain_mm_sum,30,0
gep28,00,2026-05-28,2026-06-27,gcrew,noaa_gefs,28,ShortwaveRadiation_Wm2,30,351
gep28,00,2026-05-28,2026-06-27,gcrew,noaa_gefs,28,WindSpeed_ms_mean,30,4.272810309335263
gep28,00,2026-05-28,2026-06-28,gcrew,noaa_gefs,28,AirTemp_C_mean,31,24.168817138671898
gep28,00,2026-05-28,2026-06-28,gcrew,noaa_gefs,28,Pressure_Pa,31,101494.826171875
gep28,00,2026-05-28,2026-06-28,gcrew,noaa_gefs,28,RH_percent_mean,31,71.39916801452637
gep28,00,2026-05-28,2026-06-28,gcrew,noaa_gefs,28,Rain_mm_sum,31,0
gep28,00,2026-05-28,2026-06-28,gcrew,noaa_gefs,28,ShortwaveRadiation_Wm2,31,344
gep28,00,2026-05-28,2026-06-28,gcrew,noaa_gefs,28,WindSpeed_ms_mean,31,3.5498743444693566
gep28,00,2026-05-28,2026-06-29,gcrew,noaa_gefs,28,AirTemp_C_mean,32,26.337808227539085
gep28,00,2026-05-28,2026-06-29,gcrew,noaa_gefs,28,Pressure_Pa,32,101015.88671875
gep28,00,2026-05-28,2026-06-29,gcrew,noaa_gefs,28,RH_percent_mean,32,67.18145847320557
gep28,00,2026-05-28,2026-06-29,gcrew,noaa_gefs,28,Rain_mm_sum,32,0
gep28,00,2026-05-28,2026-06-29,gcrew,noaa_gefs,28,ShortwaveRadiation_Wm2,32,322.5
gep28,00,2026-05-28,2026-06-29,gcrew,noaa_gefs,28,WindSpeed_ms_mean,32,3.924499337392451
gep28,00,2026-05-28,2026-06-30,gcrew,noaa_gefs,28,AirTemp_C_mean,33,26.703363037109398
gep28,00,2026-05-28,2026-06-30,gcrew,noaa_gefs,28,Pressure_Pa,33,100415.265625
gep28,00,2026-05-28,2026-06-30,gcrew,noaa_gefs,28,RH_percent_mean,33,70.66891098022461
gep28,00,2026-05-28,2026-06-30,gcrew,noaa_gefs,28,Rain_mm_sum,33,0.7999999895691872
gep28,00,2026-05-28,2026-06-30,gcrew,noaa_gefs,28,ShortwaveRadiation_Wm2,33,221.5
gep28,00,2026-05-28,2026-06-30,gcrew,noaa_gefs,28,WindSpeed_ms_mean,33,2.4540543323176753
gep28,00,2026-05-28,2026-07-01,gcrew,noaa_gefs,28,AirTemp_C_mean,34,25.300759887695335
gep28,00,2026-05-28,2026-07-01,gcrew,noaa_gefs,28,Pressure_Pa,34,100593.78515625
gep28,00,2026-05-28,2026-07-01,gcrew,noaa_gefs,28,RH_percent_mean,34,66.53337669372559
gep28,00,2026-05-28,2026-07-01,gcrew,noaa_gefs,28,Rain_mm_sum,34,0.20000000298023224
gep28,00,2026-05-28,2026-07-01,gcrew,noaa_gefs,28,ShortwaveRadiation_Wm2,34,347.5
gep28,00,2026-05-28,2026-07-01,gcrew,noaa_gefs,28,WindSpeed_ms_mean,34,3.569256045713047
gep29,00,2026-05-28,2026-05-29,gcrew,noaa_gefs,29,AirTemp_C_mean,1,16.984544372558616
gep29,00,2026-05-28,2026-05-29,gcrew,noaa_gefs,29,Pressure_Pa,1,101312.3720703125
gep29,00,2026-05-28,2026-05-29,gcrew,noaa_gefs,29,RH_percent_mean,1,66.49901962280273
gep29,00,2026-05-28,2026-05-29,gcrew,noaa_gefs,29,Rain_mm_sum,1,0
gep29,00,2026-05-28,2026-05-29,gcrew,noaa_gefs,29,ShortwaveRadiation_Wm2,1,358.5
gep29,00,2026-05-28,2026-05-29,gcrew,noaa_gefs,29,WindSpeed_ms_mean,1,3.324157800523961
gep29,00,2026-05-28,2026-05-30,gcrew,noaa_gefs,29,AirTemp_C_mean,2,14.520104980468773
gep29,00,2026-05-28,2026-05-30,gcrew,noaa_gefs,29,Pressure_Pa,2,101405.7275390625
gep29,00,2026-05-28,2026-05-30,gcrew,noaa_gefs,29,RH_percent_mean,2,63.8339786529541
gep29,00,2026-05-28,2026-05-30,gcrew,noaa_gefs,29,Rain_mm_sum,2,0
gep29,00,2026-05-28,2026-05-30,gcrew,noaa_gefs,29,ShortwaveRadiation_Wm2,2,354
gep29,00,2026-05-28,2026-05-30,gcrew,noaa_gefs,29,WindSpeed_ms_mean,2,6.158624703355217
gep29,00,2026-05-28,2026-05-31,gcrew,noaa_gefs,29,AirTemp_C_mean,3,13.913762664794945
gep29,00,2026-05-28,2026-05-31,gcrew,noaa_gefs,29,Pressure_Pa,3,101891.111328125
gep29,00,2026-05-28,2026-05-31,gcrew,noaa_gefs,29,RH_percent_mean,3,62.99015474319458
gep29,00,2026-05-28,2026-05-31,gcrew,noaa_gefs,29,Rain_mm_sum,3,0
gep29,00,2026-05-28,2026-05-31,gcrew,noaa_gefs,29,ShortwaveRadiation_Wm2,3,361
gep29,00,2026-05-28,2026-05-31,gcrew,noaa_gefs,29,WindSpeed_ms_mean,3,2.3322553142904607
gep29,00,2026-05-28,2026-06-01,gcrew,noaa_gefs,29,AirTemp_C_mean,4,16.62330780029299
gep29,00,2026-05-28,2026-06-01,gcrew,noaa_gefs,29,Pressure_Pa,4,101337.8271484375
gep29,00,2026-05-28,2026-06-01,gcrew,noaa_gefs,29,RH_percent_mean,4,63.69150733947754
gep29,00,2026-05-28,2026-06-01,gcrew,noaa_gefs,29,Rain_mm_sum,4,0
gep29,00,2026-05-28,2026-06-01,gcrew,noaa_gefs,29,ShortwaveRadiation_Wm2,4,325.125
gep29,00,2026-05-28,2026-06-01,gcrew,noaa_gefs,29,WindSpeed_ms_mean,4,3.743790953418161
gep29,00,2026-05-28,2026-06-02,gcrew,noaa_gefs,29,AirTemp_C_mean,5,16.618074035644554
gep29,00,2026-05-28,2026-06-02,gcrew,noaa_gefs,29,Pressure_Pa,5,101068.361328125
gep29,00,2026-05-28,2026-06-02,gcrew,noaa_gefs,29,RH_percent_mean,5,61.181997299194336
gep29,00,2026-05-28,2026-06-02,gcrew,noaa_gefs,29,Rain_mm_sum,5,0
gep29,00,2026-05-28,2026-06-02,gcrew,noaa_gefs,29,ShortwaveRadiation_Wm2,5,345.875
gep29,00,2026-05-28,2026-06-02,gcrew,noaa_gefs,29,WindSpeed_ms_mean,5,2.656702509480038
gep29,00,2026-05-28,2026-06-03,gcrew,noaa_gefs,29,AirTemp_C_mean,6,14.53361282348635
gep29,00,2026-05-28,2026-06-03,gcrew,noaa_gefs,29,Pressure_Pa,6,101265.8505859375
gep29,00,2026-05-28,2026-06-03,gcrew,noaa_gefs,29,RH_percent_mean,6,58.42056369781494
gep29,00,2026-05-28,2026-06-03,gcrew,noaa_gefs,29,Rain_mm_sum,6,0.42000001296401024
gep29,00,2026-05-28,2026-06-03,gcrew,noaa_gefs,29,ShortwaveRadiation_Wm2,6,296.5
gep29,00,2026-05-28,2026-06-03,gcrew,noaa_gefs,29,WindSpeed_ms_mean,6,7.54477270972776
gep29,00,2026-05-28,2026-06-04,gcrew,noaa_gefs,29,AirTemp_C_mean,7,14.779225921630882
gep29,00,2026-05-28,2026-06-04,gcrew,noaa_gefs,29,Pressure_Pa,7,101801.623046875
gep29,00,2026-05-28,2026-06-04,gcrew,noaa_gefs,29,RH_percent_mean,7,63.78340291976929
gep29,00,2026-05-28,2026-06-04,gcrew,noaa_gefs,29,Rain_mm_sum,7,0.3100000023841858
gep29,00,2026-05-28,2026-06-04,gcrew,noaa_gefs,29,ShortwaveRadiation_Wm2,7,321
gep29,00,2026-05-28,2026-06-04,gcrew,noaa_gefs,29,WindSpeed_ms_mean,7,7.469515003650624
gep29,00,2026-05-28,2026-06-05,gcrew,noaa_gefs,29,AirTemp_C_mean,8,15.955716705322288
gep29,00,2026-05-28,2026-06-05,gcrew,noaa_gefs,29,Pressure_Pa,8,101952.7724609375
gep29,00,2026-05-28,2026-06-05,gcrew,noaa_gefs,29,RH_percent_mean,8,61.84580373764038
gep29,00,2026-05-28,2026-06-05,gcrew,noaa_gefs,29,Rain_mm_sum,8,0
gep29,00,2026-05-28,2026-06-05,gcrew,noaa_gefs,29,ShortwaveRadiation_Wm2,8,358
gep29,00,2026-05-28,2026-06-05,gcrew,noaa_gefs,29,WindSpeed_ms_mean,8,4.597932834247479
gep29,00,2026-05-28,2026-06-06,gcrew,noaa_gefs,29,AirTemp_C_mean,9,18.72523106166297
gep29,00,2026-05-28,2026-06-06,gcrew,noaa_gefs,29,Pressure_Pa,9,101935.07700892857
gep29,00,2026-05-28,2026-06-06,gcrew,noaa_gefs,29,RH_percent_mean,9,63.01251983642578
gep29,00,2026-05-28,2026-06-06,gcrew,noaa_gefs,29,Rain_mm_sum,9,0
gep29,00,2026-05-28,2026-06-06,gcrew,noaa_gefs,29,ShortwaveRadiation_Wm2,9,409.14285714285717
gep29,00,2026-05-28,2026-06-06,gcrew,noaa_gefs,29,WindSpeed_ms_mean,9,2.582886239108914
gep29,00,2026-05-28,2026-06-07,gcrew,noaa_gefs,29,AirTemp_C_mean,10,20.02813873291018
gep29,00,2026-05-28,2026-06-07,gcrew,noaa_gefs,29,Pressure_Pa,10,101518.1484375
gep29,00,2026-05-28,2026-06-07,gcrew,noaa_gefs,29,RH_percent_mean,10,64.0985107421875
gep29,00,2026-05-28,2026-06-07,gcrew,noaa_gefs,29,Rain_mm_sum,10,0
gep29,00,2026-05-28,2026-06-07,gcrew,noaa_gefs,29,ShortwaveRadiation_Wm2,10,313.25
gep29,00,2026-05-28,2026-06-07,gcrew,noaa_gefs,29,WindSpeed_ms_mean,10,3.0982185202913497
gep29,00,2026-05-28,2026-06-08,gcrew,noaa_gefs,29,AirTemp_C_mean,11,21.244317626953148
gep29,00,2026-05-28,2026-06-08,gcrew,noaa_gefs,29,Pressure_Pa,11,100838.3359375
gep29,00,2026-05-28,2026-06-08,gcrew,noaa_gefs,29,RH_percent_mean,11,83.27591323852539
gep29,00,2026-05-28,2026-06-08,gcrew,noaa_gefs,29,Rain_mm_sum,11,10.500000312924385
gep29,00,2026-05-28,2026-06-08,gcrew,noaa_gefs,29,ShortwaveRadiation_Wm2,11,130.75
gep29,00,2026-05-28,2026-06-08,gcrew,noaa_gefs,29,WindSpeed_ms_mean,11,5.466295843691377
gep29,00,2026-05-28,2026-06-09,gcrew,noaa_gefs,29,AirTemp_C_mean,12,18.266564941406273
gep29,00,2026-05-28,2026-06-09,gcrew,noaa_gefs,29,Pressure_Pa,12,101545.86328125
gep29,00,2026-05-28,2026-06-09,gcrew,noaa_gefs,29,RH_percent_mean,12,65.5650224685669
gep29,00,2026-05-28,2026-06-09,gcrew,noaa_gefs,29,Rain_mm_sum,12,2.4000000953674316
gep29,00,2026-05-28,2026-06-09,gcrew,noaa_gefs,29,ShortwaveRadiation_Wm2,12,361.25
gep29,00,2026-05-28,2026-06-09,gcrew,noaa_gefs,29,WindSpeed_ms_mean,12,7.459937362211188
gep29,00,2026-05-28,2026-06-10,gcrew,noaa_gefs,29,AirTemp_C_mean,13,17.935144042968773
gep29,00,2026-05-28,2026-06-10,gcrew,noaa_gefs,29,Pressure_Pa,13,102414.19921875
gep29,00,2026-05-28,2026-06-10,gcrew,noaa_gefs,29,RH_percent_mean,13,56.38784217834473
gep29,00,2026-05-28,2026-06-10,gcrew,noaa_gefs,29,Rain_mm_sum,13,0
gep29,00,2026-05-28,2026-06-10,gcrew,noaa_gefs,29,ShortwaveRadiation_Wm2,13,363.25
gep29,00,2026-05-28,2026-06-10,gcrew,noaa_gefs,29,WindSpeed_ms_mean,13,4.315274059982924
gep29,00,2026-05-28,2026-06-11,gcrew,noaa_gefs,29,AirTemp_C_mean,14,18.79597625732424
gep29,00,2026-05-28,2026-06-11,gcrew,noaa_gefs,29,Pressure_Pa,14,102375.763671875
gep29,00,2026-05-28,2026-06-11,gcrew,noaa_gefs,29,RH_percent_mean,14,57.19118881225586
gep29,00,2026-05-28,2026-06-11,gcrew,noaa_gefs,29,Rain_mm_sum,14,0
gep29,00,2026-05-28,2026-06-11,gcrew,noaa_gefs,29,ShortwaveRadiation_Wm2,14,359.25
gep29,00,2026-05-28,2026-06-11,gcrew,noaa_gefs,29,WindSpeed_ms_mean,14,2.5567400202041837
gep29,00,2026-05-28,2026-06-12,gcrew,noaa_gefs,29,AirTemp_C_mean,15,20.419717407226585
gep29,00,2026-05-28,2026-06-12,gcrew,noaa_gefs,29,Pressure_Pa,15,101882.580078125
gep29,00,2026-05-28,2026-06-12,gcrew,noaa_gefs,29,RH_percent_mean,15,61.499000549316406
gep29,00,2026-05-28,2026-06-12,gcrew,noaa_gefs,29,Rain_mm_sum,15,0
gep29,00,2026-05-28,2026-06-12,gcrew,noaa_gefs,29,ShortwaveRadiation_Wm2,15,338.75
gep29,00,2026-05-28,2026-06-12,gcrew,noaa_gefs,29,WindSpeed_ms_mean,15,2.427922764317797
gep29,00,2026-05-28,2026-06-13,gcrew,noaa_gefs,29,AirTemp_C_mean,16,22.97486267089846
gep29,00,2026-05-28,2026-06-13,gcrew,noaa_gefs,29,Pressure_Pa,16,101575.34375
gep29,00,2026-05-28,2026-06-13,gcrew,noaa_gefs,29,RH_percent_mean,16,66.48400783538818
gep29,00,2026-05-28,2026-06-13,gcrew,noaa_gefs,29,Rain_mm_sum,16,0
gep29,00,2026-05-28,2026-06-13,gcrew,noaa_gefs,29,ShortwaveRadiation_Wm2,16,336.75
gep29,00,2026-05-28,2026-06-13,gcrew,noaa_gefs,29,WindSpeed_ms_mean,16,3.760233349203137
gep29,00,2026-05-28,2026-06-14,gcrew,noaa_gefs,29,AirTemp_C_mean,17,21.73445281982424
gep29,00,2026-05-28,2026-06-14,gcrew,noaa_gefs,29,Pressure_Pa,17,101758.880859375
gep29,00,2026-05-28,2026-06-14,gcrew,noaa_gefs,29,RH_percent_mean,17,60.63445472717285
gep29,00,2026-05-28,2026-06-14,gcrew,noaa_gefs,29,Rain_mm_sum,17,0
gep29,00,2026-05-28,2026-06-14,gcrew,noaa_gefs,29,ShortwaveRadiation_Wm2,17,345
gep29,00,2026-05-28,2026-06-14,gcrew,noaa_gefs,29,WindSpeed_ms_mean,17,3.877745024465436
gep29,00,2026-05-28,2026-06-15,gcrew,noaa_gefs,29,AirTemp_C_mean,18,27.282464599609398
gep29,00,2026-05-28,2026-06-15,gcrew,noaa_gefs,29,Pressure_Pa,18,101216.53125
gep29,00,2026-05-28,2026-06-15,gcrew,noaa_gefs,29,RH_percent_mean,18,62.073336601257324
gep29,00,2026-05-28,2026-06-15,gcrew,noaa_gefs,29,Rain_mm_sum,18,0.10000000149011612
gep29,00,2026-05-28,2026-06-15,gcrew,noaa_gefs,29,ShortwaveRadiation_Wm2,18,342.25
gep29,00,2026-05-28,2026-06-15,gcrew,noaa_gefs,29,WindSpeed_ms_mean,18,3.863105661866631
gep29,00,2026-05-28,2026-06-16,gcrew,noaa_gefs,29,AirTemp_C_mean,19,27.164888000488304
gep29,00,2026-05-28,2026-06-16,gcrew,noaa_gefs,29,Pressure_Pa,19,101554.767578125
gep29,00,2026-05-28,2026-06-16,gcrew,noaa_gefs,29,RH_percent_mean,19,61.02194118499756
gep29,00,2026-05-28,2026-06-16,gcrew,noaa_gefs,29,Rain_mm_sum,19,0.10000000149011612
gep29,00,2026-05-28,2026-06-16,gcrew,noaa_gefs,29,ShortwaveRadiation_Wm2,19,297.5
gep29,00,2026-05-28,2026-06-16,gcrew,noaa_gefs,29,WindSpeed_ms_mean,19,2.604843904299301
gep29,00,2026-05-28,2026-06-17,gcrew,noaa_gefs,29,AirTemp_C_mean,20,22.97168884277346
gep29,00,2026-05-28,2026-06-17,gcrew,noaa_gefs,29,Pressure_Pa,20,101994.060546875
gep29,00,2026-05-28,2026-06-17,gcrew,noaa_gefs,29,RH_percent_mean,20,85.14014625549316
gep29,00,2026-05-28,2026-06-17,gcrew,noaa_gefs,29,Rain_mm_sum,20,2.9000000953674316
gep29,00,2026-05-28,2026-06-17,gcrew,noaa_gefs,29,ShortwaveRadiation_Wm2,20,269.25
gep29,00,2026-05-28,2026-06-17,gcrew,noaa_gefs,29,WindSpeed_ms_mean,20,4.609625277607201
gep29,00,2026-05-28,2026-06-18,gcrew,noaa_gefs,29,AirTemp_C_mean,21,22.94593963623049
gep29,00,2026-05-28,2026-06-18,gcrew,noaa_gefs,29,Pressure_Pa,21,101981.146484375
gep29,00,2026-05-28,2026-06-18,gcrew,noaa_gefs,29,RH_percent_mean,21,86.89044570922852
gep29,00,2026-05-28,2026-06-18,gcrew,noaa_gefs,29,Rain_mm_sum,21,1.4000000357627869
gep29,00,2026-05-28,2026-06-18,gcrew,noaa_gefs,29,ShortwaveRadiation_Wm2,21,303.25
gep29,00,2026-05-28,2026-06-18,gcrew,noaa_gefs,29,WindSpeed_ms_mean,21,2.586226235579734
gep29,00,2026-05-28,2026-06-19,gcrew,noaa_gefs,29,AirTemp_C_mean,22,26.268060302734398
gep29,00,2026-05-28,2026-06-19,gcrew,noaa_gefs,29,Pressure_Pa,22,101740.232421875
gep29,00,2026-05-28,2026-06-19,gcrew,noaa_gefs,29,RH_percent_mean,22,70.88781070709229
gep29,00,2026-05-28,2026-06-19,gcrew,noaa_gefs,29,Rain_mm_sum,22,0
gep29,00,2026-05-28,2026-06-19,gcrew,noaa_gefs,29,ShortwaveRadiation_Wm2,22,333
gep29,00,2026-05-28,2026-06-19,gcrew,noaa_gefs,29,WindSpeed_ms_mean,22,4.6750494445637285
gep29,00,2026-05-28,2026-06-20,gcrew,noaa_gefs,29,AirTemp_C_mean,23,27.841043090820335
gep29,00,2026-05-28,2026-06-20,gcrew,noaa_gefs,29,Pressure_Pa,23,101515.064453125
gep29,00,2026-05-28,2026-06-20,gcrew,noaa_gefs,29,RH_percent_mean,23,61.98535442352295
gep29,00,2026-05-28,2026-06-20,gcrew,noaa_gefs,29,Rain_mm_sum,23,0
gep29,00,2026-05-28,2026-06-20,gcrew,noaa_gefs,29,ShortwaveRadiation_Wm2,23,317.5
gep29,00,2026-05-28,2026-06-20,gcrew,noaa_gefs,29,WindSpeed_ms_mean,23,3.626574370372676
gep29,00,2026-05-28,2026-06-21,gcrew,noaa_gefs,29,AirTemp_C_mean,24,27.115220642089866
gep29,00,2026-05-28,2026-06-21,gcrew,noaa_gefs,29,Pressure_Pa,24,101335.810546875
gep29,00,2026-05-28,2026-06-21,gcrew,noaa_gefs,29,RH_percent_mean,24,61.86435508728027
gep29,00,2026-05-28,2026-06-21,gcrew,noaa_gefs,29,Rain_mm_sum,24,0
gep29,00,2026-05-28,2026-06-21,gcrew,noaa_gefs,29,ShortwaveRadiation_Wm2,24,325.75
gep29,00,2026-05-28,2026-06-21,gcrew,noaa_gefs,29,WindSpeed_ms_mean,24,4.1586571738201075
gep29,00,2026-05-28,2026-06-22,gcrew,noaa_gefs,29,AirTemp_C_mean,25,24.424424743652366
gep29,00,2026-05-28,2026-06-22,gcrew,noaa_gefs,29,Pressure_Pa,25,101386.505859375
gep29,00,2026-05-28,2026-06-22,gcrew,noaa_gefs,29,RH_percent_mean,25,81.4093132019043
gep29,00,2026-05-28,2026-06-22,gcrew,noaa_gefs,29,Rain_mm_sum,25,0.4000000059604645
gep29,00,2026-05-28,2026-06-22,gcrew,noaa_gefs,29,ShortwaveRadiation_Wm2,25,100.5
gep29,00,2026-05-28,2026-06-22,gcrew,noaa_gefs,29,WindSpeed_ms_mean,25,4.003219955758446
gep29,00,2026-05-28,2026-06-23,gcrew,noaa_gefs,29,AirTemp_C_mean,26,22.006524658203148
gep29,00,2026-05-28,2026-06-23,gcrew,noaa_gefs,29,Pressure_Pa,26,101129.3515625
gep29,00,2026-05-28,2026-06-23,gcrew,noaa_gefs,29,RH_percent_mean,26,93.43722724914551
gep29,00,2026-05-28,2026-06-23,gcrew,noaa_gefs,29,Rain_mm_sum,26,55.300001695752144
gep29,00,2026-05-28,2026-06-23,gcrew,noaa_gefs,29,ShortwaveRadiation_Wm2,26,22.75
gep29,00,2026-05-28,2026-06-23,gcrew,noaa_gefs,29,WindSpeed_ms_mean,26,4.542991536121778
gep29,00,2026-05-28,2026-06-24,gcrew,noaa_gefs,29,AirTemp_C_mean,27,22.589105224609398
gep29,00,2026-05-28,2026-06-24,gcrew,noaa_gefs,29,Pressure_Pa,27,100791.896484375
gep29,00,2026-05-28,2026-06-24,gcrew,noaa_gefs,29,RH_percent_mean,27,86.6486873626709
gep29,00,2026-05-28,2026-06-24,gcrew,noaa_gefs,29,Rain_mm_sum,27,8.000000096857548
gep29,00,2026-05-28,2026-06-24,gcrew,noaa_gefs,29,ShortwaveRadiation_Wm2,27,230.25
gep29,00,2026-05-28,2026-06-24,gcrew,noaa_gefs,29,WindSpeed_ms_mean,27,4.664738764840051
gep29,00,2026-05-28,2026-06-25,gcrew,noaa_gefs,29,AirTemp_C_mean,28,21.151040649414085
gep29,00,2026-05-28,2026-06-25,gcrew,noaa_gefs,29,Pressure_Pa,28,100968.654296875
gep29,00,2026-05-28,2026-06-25,gcrew,noaa_gefs,29,RH_percent_mean,28,59.870840072631836
gep29,00,2026-05-28,2026-06-25,gcrew,noaa_gefs,29,Rain_mm_sum,28,0.10000000149011612
gep29,00,2026-05-28,2026-06-25,gcrew,noaa_gefs,29,ShortwaveRadiation_Wm2,28,355.75
gep29,00,2026-05-28,2026-06-25,gcrew,noaa_gefs,29,WindSpeed_ms_mean,28,4.965440944060037
gep29,00,2026-05-28,2026-06-26,gcrew,noaa_gefs,29,AirTemp_C_mean,29,20.49548492431643
gep29,00,2026-05-28,2026-06-26,gcrew,noaa_gefs,29,Pressure_Pa,29,101440.876953125
gep29,00,2026-05-28,2026-06-26,gcrew,noaa_gefs,29,RH_percent_mean,29,59.463311195373535
gep29,00,2026-05-28,2026-06-26,gcrew,noaa_gefs,29,Rain_mm_sum,29,0
gep29,00,2026-05-28,2026-06-26,gcrew,noaa_gefs,29,ShortwaveRadiation_Wm2,29,351
gep29,00,2026-05-28,2026-06-26,gcrew,noaa_gefs,29,WindSpeed_ms_mean,29,4.224020219033529
gep29,00,2026-05-28,2026-06-27,gcrew,noaa_gefs,29,AirTemp_C_mean,30,22.24182281494143
gep29,00,2026-05-28,2026-06-27,gcrew,noaa_gefs,29,Pressure_Pa,30,101707.216796875
gep29,00,2026-05-28,2026-06-27,gcrew,noaa_gefs,29,RH_percent_mean,30,58.40474605560303
gep29,00,2026-05-28,2026-06-27,gcrew,noaa_gefs,29,Rain_mm_sum,30,0
gep29,00,2026-05-28,2026-06-27,gcrew,noaa_gefs,29,ShortwaveRadiation_Wm2,30,351
gep29,00,2026-05-28,2026-06-27,gcrew,noaa_gefs,29,WindSpeed_ms_mean,30,4.272810309335263
gep29,00,2026-05-28,2026-06-28,gcrew,noaa_gefs,29,AirTemp_C_mean,31,24.168817138671898
gep29,00,2026-05-28,2026-06-28,gcrew,noaa_gefs,29,Pressure_Pa,31,101494.826171875
gep29,00,2026-05-28,2026-06-28,gcrew,noaa_gefs,29,RH_percent_mean,31,71.39916801452637
gep29,00,2026-05-28,2026-06-28,gcrew,noaa_gefs,29,Rain_mm_sum,31,0
gep29,00,2026-05-28,2026-06-28,gcrew,noaa_gefs,29,ShortwaveRadiation_Wm2,31,344
gep29,00,2026-05-28,2026-06-28,gcrew,noaa_gefs,29,WindSpeed_ms_mean,31,3.5498743444693566
gep29,00,2026-05-28,2026-06-29,gcrew,noaa_gefs,29,AirTemp_C_mean,32,26.337808227539085
gep29,00,2026-05-28,2026-06-29,gcrew,noaa_gefs,29,Pressure_Pa,32,101015.88671875
gep29,00,2026-05-28,2026-06-29,gcrew,noaa_gefs,29,RH_percent_mean,32,67.18145847320557
gep29,00,2026-05-28,2026-06-29,gcrew,noaa_gefs,29,Rain_mm_sum,32,0
gep29,00,2026-05-28,2026-06-29,gcrew,noaa_gefs,29,ShortwaveRadiation_Wm2,32,322.5
gep29,00,2026-05-28,2026-06-29,gcrew,noaa_gefs,29,WindSpeed_ms_mean,32,3.924499337392451
gep29,00,2026-05-28,2026-06-30,gcrew,noaa_gefs,29,AirTemp_C_mean,33,26.703363037109398
gep29,00,2026-05-28,2026-06-30,gcrew,noaa_gefs,29,Pressure_Pa,33,100415.265625
gep29,00,2026-05-28,2026-06-30,gcrew,noaa_gefs,29,RH_percent_mean,33,70.66891098022461
gep29,00,2026-05-28,2026-06-30,gcrew,noaa_gefs,29,Rain_mm_sum,33,0.7999999895691872
gep29,00,2026-05-28,2026-06-30,gcrew,noaa_gefs,29,ShortwaveRadiation_Wm2,33,221.5
gep29,00,2026-05-28,2026-06-30,gcrew,noaa_gefs,29,WindSpeed_ms_mean,33,2.4540543323176753
gep29,00,2026-05-28,2026-07-01,gcrew,noaa_gefs,29,AirTemp_C_mean,34,25.300759887695335
gep29,00,2026-05-28,2026-07-01,gcrew,noaa_gefs,29,Pressure_Pa,34,100593.78515625
gep29,00,2026-05-28,2026-07-01,gcrew,noaa_gefs,29,RH_percent_mean,34,66.53337669372559
gep29,00,2026-05-28,2026-07-01,gcrew,noaa_gefs,29,Rain_mm_sum,34,0.20000000298023224
gep29,00,2026-05-28,2026-07-01,gcrew,noaa_gefs,29,ShortwaveRadiation_Wm2,34,347.5
gep29,00,2026-05-28,2026-07-01,gcrew,noaa_gefs,29,WindSpeed_ms_mean,34,3.569256045713047
gep30,00,2026-05-28,2026-05-29,gcrew,noaa_gefs,30,AirTemp_C_mean,1,16.984544372558616
gep30,00,2026-05-28,2026-05-29,gcrew,noaa_gefs,30,Pressure_Pa,1,101312.3720703125
gep30,00,2026-05-28,2026-05-29,gcrew,noaa_gefs,30,RH_percent_mean,1,66.49901962280273
gep30,00,2026-05-28,2026-05-29,gcrew,noaa_gefs,30,Rain_mm_sum,1,0
gep30,00,2026-05-28,2026-05-29,gcrew,noaa_gefs,30,ShortwaveRadiation_Wm2,1,358.5
gep30,00,2026-05-28,2026-05-29,gcrew,noaa_gefs,30,WindSpeed_ms_mean,1,3.324157800523961
gep30,00,2026-05-28,2026-05-30,gcrew,noaa_gefs,30,AirTemp_C_mean,2,14.520104980468773
gep30,00,2026-05-28,2026-05-30,gcrew,noaa_gefs,30,Pressure_Pa,2,101405.7275390625
gep30,00,2026-05-28,2026-05-30,gcrew,noaa_gefs,30,RH_percent_mean,2,63.8339786529541
gep30,00,2026-05-28,2026-05-30,gcrew,noaa_gefs,30,Rain_mm_sum,2,0
gep30,00,2026-05-28,2026-05-30,gcrew,noaa_gefs,30,ShortwaveRadiation_Wm2,2,354
gep30,00,2026-05-28,2026-05-30,gcrew,noaa_gefs,30,WindSpeed_ms_mean,2,6.158624703355217
gep30,00,2026-05-28,2026-05-31,gcrew,noaa_gefs,30,AirTemp_C_mean,3,13.913762664794945
gep30,00,2026-05-28,2026-05-31,gcrew,noaa_gefs,30,Pressure_Pa,3,101891.111328125
gep30,00,2026-05-28,2026-05-31,gcrew,noaa_gefs,30,RH_percent_mean,3,62.99015474319458
gep30,00,2026-05-28,2026-05-31,gcrew,noaa_gefs,30,Rain_mm_sum,3,0
gep30,00,2026-05-28,2026-05-31,gcrew,noaa_gefs,30,ShortwaveRadiation_Wm2,3,361
gep30,00,2026-05-28,2026-05-31,gcrew,noaa_gefs,30,WindSpeed_ms_mean,3,2.3322553142904607
gep30,00,2026-05-28,2026-06-01,gcrew,noaa_gefs,30,AirTemp_C_mean,4,16.62330780029299
gep30,00,2026-05-28,2026-06-01,gcrew,noaa_gefs,30,Pressure_Pa,4,101337.8271484375
gep30,00,2026-05-28,2026-06-01,gcrew,noaa_gefs,30,RH_percent_mean,4,63.69150733947754
gep30,00,2026-05-28,2026-06-01,gcrew,noaa_gefs,30,Rain_mm_sum,4,0
gep30,00,2026-05-28,2026-06-01,gcrew,noaa_gefs,30,ShortwaveRadiation_Wm2,4,325.125
gep30,00,2026-05-28,2026-06-01,gcrew,noaa_gefs,30,WindSpeed_ms_mean,4,3.743790953418161
gep30,00,2026-05-28,2026-06-02,gcrew,noaa_gefs,30,AirTemp_C_mean,5,16.618074035644554
gep30,00,2026-05-28,2026-06-02,gcrew,noaa_gefs,30,Pressure_Pa,5,101068.361328125
gep30,00,2026-05-28,2026-06-02,gcrew,noaa_gefs,30,RH_percent_mean,5,61.181997299194336
gep30,00,2026-05-28,2026-06-02,gcrew,noaa_gefs,30,Rain_mm_sum,5,0
gep30,00,2026-05-28,2026-06-02,gcrew,noaa_gefs,30,ShortwaveRadiation_Wm2,5,345.875
gep30,00,2026-05-28,2026-06-02,gcrew,noaa_gefs,30,WindSpeed_ms_mean,5,2.656702509480038
gep30,00,2026-05-28,2026-06-03,gcrew,noaa_gefs,30,AirTemp_C_mean,6,14.53361282348635
gep30,00,2026-05-28,2026-06-03,gcrew,noaa_gefs,30,Pressure_Pa,6,101265.8505859375
gep30,00,2026-05-28,2026-06-03,gcrew,noaa_gefs,30,RH_percent_mean,6,58.42056369781494
gep30,00,2026-05-28,2026-06-03,gcrew,noaa_gefs,30,Rain_mm_sum,6,0.42000001296401024
gep30,00,2026-05-28,2026-06-03,gcrew,noaa_gefs,30,ShortwaveRadiation_Wm2,6,296.5
gep30,00,2026-05-28,2026-06-03,gcrew,noaa_gefs,30,WindSpeed_ms_mean,6,7.54477270972776
gep30,00,2026-05-28,2026-06-04,gcrew,noaa_gefs,30,AirTemp_C_mean,7,14.779225921630882
gep30,00,2026-05-28,2026-06-04,gcrew,noaa_gefs,30,Pressure_Pa,7,101801.623046875
gep30,00,2026-05-28,2026-06-04,gcrew,noaa_gefs,30,RH_percent_mean,7,63.78340291976929
gep30,00,2026-05-28,2026-06-04,gcrew,noaa_gefs,30,Rain_mm_sum,7,0.3100000023841858
gep30,00,2026-05-28,2026-06-04,gcrew,noaa_gefs,30,ShortwaveRadiation_Wm2,7,321
gep30,00,2026-05-28,2026-06-04,gcrew,noaa_gefs,30,WindSpeed_ms_mean,7,7.469515003650624
gep30,00,2026-05-28,2026-06-05,gcrew,noaa_gefs,30,AirTemp_C_mean,8,15.955716705322288
gep30,00,2026-05-28,2026-06-05,gcrew,noaa_gefs,30,Pressure_Pa,8,101952.7724609375
gep30,00,2026-05-28,2026-06-05,gcrew,noaa_gefs,30,RH_percent_mean,8,61.84580373764038
gep30,00,2026-05-28,2026-06-05,gcrew,noaa_gefs,30,Rain_mm_sum,8,0
gep30,00,2026-05-28,2026-06-05,gcrew,noaa_gefs,30,ShortwaveRadiation_Wm2,8,358
gep30,00,2026-05-28,2026-06-05,gcrew,noaa_gefs,30,WindSpeed_ms_mean,8,4.597932834247479
gep30,00,2026-05-28,2026-06-06,gcrew,noaa_gefs,30,AirTemp_C_mean,9,18.72523106166297
gep30,00,2026-05-28,2026-06-06,gcrew,noaa_gefs,30,Pressure_Pa,9,101935.07700892857
gep30,00,2026-05-28,2026-06-06,gcrew,noaa_gefs,30,RH_percent_mean,9,63.01251983642578
gep30,00,2026-05-28,2026-06-06,gcrew,noaa_gefs,30,Rain_mm_sum,9,0
gep30,00,2026-05-28,2026-06-06,gcrew,noaa_gefs,30,ShortwaveRadiation_Wm2,9,409.14285714285717
gep30,00,2026-05-28,2026-06-06,gcrew,noaa_gefs,30,WindSpeed_ms_mean,9,2.582886239108914
gep30,00,2026-05-28,2026-06-07,gcrew,noaa_gefs,30,AirTemp_C_mean,10,20.02813873291018
gep30,00,2026-05-28,2026-06-07,gcrew,noaa_gefs,30,Pressure_Pa,10,101518.1484375
gep30,00,2026-05-28,2026-06-07,gcrew,noaa_gefs,30,RH_percent_mean,10,64.0985107421875
gep30,00,2026-05-28,2026-06-07,gcrew,noaa_gefs,30,Rain_mm_sum,10,0
gep30,00,2026-05-28,2026-06-07,gcrew,noaa_gefs,30,ShortwaveRadiation_Wm2,10,313.25
gep30,00,2026-05-28,2026-06-07,gcrew,noaa_gefs,30,WindSpeed_ms_mean,10,3.0982185202913497
gep30,00,2026-05-28,2026-06-08,gcrew,noaa_gefs,30,AirTemp_C_mean,11,21.244317626953148
gep30,00,2026-05-28,2026-06-08,gcrew,noaa_gefs,30,Pressure_Pa,11,100838.3359375
gep30,00,2026-05-28,2026-06-08,gcrew,noaa_gefs,30,RH_percent_mean,11,83.27591323852539
gep30,00,2026-05-28,2026-06-08,gcrew,noaa_gefs,30,Rain_mm_sum,11,10.500000312924385
gep30,00,2026-05-28,2026-06-08,gcrew,noaa_gefs,30,ShortwaveRadiation_Wm2,11,130.75
gep30,00,2026-05-28,2026-06-08,gcrew,noaa_gefs,30,WindSpeed_ms_mean,11,5.466295843691377
gep30,00,2026-05-28,2026-06-09,gcrew,noaa_gefs,30,AirTemp_C_mean,12,18.266564941406273
gep30,00,2026-05-28,2026-06-09,gcrew,noaa_gefs,30,Pressure_Pa,12,101545.86328125
gep30,00,2026-05-28,2026-06-09,gcrew,noaa_gefs,30,RH_percent_mean,12,65.5650224685669
gep30,00,2026-05-28,2026-06-09,gcrew,noaa_gefs,30,Rain_mm_sum,12,2.4000000953674316
gep30,00,2026-05-28,2026-06-09,gcrew,noaa_gefs,30,ShortwaveRadiation_Wm2,12,361.25
gep30,00,2026-05-28,2026-06-09,gcrew,noaa_gefs,30,WindSpeed_ms_mean,12,7.459937362211188
gep30,00,2026-05-28,2026-06-10,gcrew,noaa_gefs,30,AirTemp_C_mean,13,17.935144042968773
gep30,00,2026-05-28,2026-06-10,gcrew,noaa_gefs,30,Pressure_Pa,13,102414.19921875
gep30,00,2026-05-28,2026-06-10,gcrew,noaa_gefs,30,RH_percent_mean,13,56.38784217834473
gep30,00,2026-05-28,2026-06-10,gcrew,noaa_gefs,30,Rain_mm_sum,13,0
gep30,00,2026-05-28,2026-06-10,gcrew,noaa_gefs,30,ShortwaveRadiation_Wm2,13,363.25
gep30,00,2026-05-28,2026-06-10,gcrew,noaa_gefs,30,WindSpeed_ms_mean,13,4.315274059982924
gep30,00,2026-05-28,2026-06-11,gcrew,noaa_gefs,30,AirTemp_C_mean,14,18.79597625732424
gep30,00,2026-05-28,2026-06-11,gcrew,noaa_gefs,30,Pressure_Pa,14,102375.763671875
gep30,00,2026-05-28,2026-06-11,gcrew,noaa_gefs,30,RH_percent_mean,14,57.19118881225586
gep30,00,2026-05-28,2026-06-11,gcrew,noaa_gefs,30,Rain_mm_sum,14,0
gep30,00,2026-05-28,2026-06-11,gcrew,noaa_gefs,30,ShortwaveRadiation_Wm2,14,359.25
gep30,00,2026-05-28,2026-06-11,gcrew,noaa_gefs,30,WindSpeed_ms_mean,14,2.5567400202041837
gep30,00,2026-05-28,2026-06-12,gcrew,noaa_gefs,30,AirTemp_C_mean,15,20.419717407226585
gep30,00,2026-05-28,2026-06-12,gcrew,noaa_gefs,30,Pressure_Pa,15,101882.580078125
gep30,00,2026-05-28,2026-06-12,gcrew,noaa_gefs,30,RH_percent_mean,15,61.499000549316406
gep30,00,2026-05-28,2026-06-12,gcrew,noaa_gefs,30,Rain_mm_sum,15,0
gep30,00,2026-05-28,2026-06-12,gcrew,noaa_gefs,30,ShortwaveRadiation_Wm2,15,338.75
gep30,00,2026-05-28,2026-06-12,gcrew,noaa_gefs,30,WindSpeed_ms_mean,15,2.427922764317797
gep30,00,2026-05-28,2026-06-13,gcrew,noaa_gefs,30,AirTemp_C_mean,16,22.97486267089846
gep30,00,2026-05-28,2026-06-13,gcrew,noaa_gefs,30,Pressure_Pa,16,101575.34375
gep30,00,2026-05-28,2026-06-13,gcrew,noaa_gefs,30,RH_percent_mean,16,66.48400783538818
gep30,00,2026-05-28,2026-06-13,gcrew,noaa_gefs,30,Rain_mm_sum,16,0
gep30,00,2026-05-28,2026-06-13,gcrew,noaa_gefs,30,ShortwaveRadiation_Wm2,16,336.75
gep30,00,2026-05-28,2026-06-13,gcrew,noaa_gefs,30,WindSpeed_ms_mean,16,3.760233349203137
gep30,00,2026-05-28,2026-06-14,gcrew,noaa_gefs,30,AirTemp_C_mean,17,21.73445281982424
gep30,00,2026-05-28,2026-06-14,gcrew,noaa_gefs,30,Pressure_Pa,17,101758.880859375
gep30,00,2026-05-28,2026-06-14,gcrew,noaa_gefs,30,RH_percent_mean,17,60.63445472717285
gep30,00,2026-05-28,2026-06-14,gcrew,noaa_gefs,30,Rain_mm_sum,17,0
gep30,00,2026-05-28,2026-06-14,gcrew,noaa_gefs,30,ShortwaveRadiation_Wm2,17,345
gep30,00,2026-05-28,2026-06-14,gcrew,noaa_gefs,30,WindSpeed_ms_mean,17,3.877745024465436
gep30,00,2026-05-28,2026-06-15,gcrew,noaa_gefs,30,AirTemp_C_mean,18,27.282464599609398
gep30,00,2026-05-28,2026-06-15,gcrew,noaa_gefs,30,Pressure_Pa,18,101216.53125
gep30,00,2026-05-28,2026-06-15,gcrew,noaa_gefs,30,RH_percent_mean,18,62.073336601257324
gep30,00,2026-05-28,2026-06-15,gcrew,noaa_gefs,30,Rain_mm_sum,18,0.10000000149011612
gep30,00,2026-05-28,2026-06-15,gcrew,noaa_gefs,30,ShortwaveRadiation_Wm2,18,342.25
gep30,00,2026-05-28,2026-06-15,gcrew,noaa_gefs,30,WindSpeed_ms_mean,18,3.863105661866631
gep30,00,2026-05-28,2026-06-16,gcrew,noaa_gefs,30,AirTemp_C_mean,19,27.164888000488304
gep30,00,2026-05-28,2026-06-16,gcrew,noaa_gefs,30,Pressure_Pa,19,101554.767578125
gep30,00,2026-05-28,2026-06-16,gcrew,noaa_gefs,30,RH_percent_mean,19,61.02194118499756
gep30,00,2026-05-28,2026-06-16,gcrew,noaa_gefs,30,Rain_mm_sum,19,0.10000000149011612
gep30,00,2026-05-28,2026-06-16,gcrew,noaa_gefs,30,ShortwaveRadiation_Wm2,19,297.5
gep30,00,2026-05-28,2026-06-16,gcrew,noaa_gefs,30,WindSpeed_ms_mean,19,2.604843904299301
gep30,00,2026-05-28,2026-06-17,gcrew,noaa_gefs,30,AirTemp_C_mean,20,22.97168884277346
gep30,00,2026-05-28,2026-06-17,gcrew,noaa_gefs,30,Pressure_Pa,20,101994.060546875
gep30,00,2026-05-28,2026-06-17,gcrew,noaa_gefs,30,RH_percent_mean,20,85.14014625549316
gep30,00,2026-05-28,2026-06-17,gcrew,noaa_gefs,30,Rain_mm_sum,20,2.9000000953674316
gep30,00,2026-05-28,2026-06-17,gcrew,noaa_gefs,30,ShortwaveRadiation_Wm2,20,269.25
gep30,00,2026-05-28,2026-06-17,gcrew,noaa_gefs,30,WindSpeed_ms_mean,20,4.609625277607201
gep30,00,2026-05-28,2026-06-18,gcrew,noaa_gefs,30,AirTemp_C_mean,21,22.94593963623049
gep30,00,2026-05-28,2026-06-18,gcrew,noaa_gefs,30,Pressure_Pa,21,101981.146484375
gep30,00,2026-05-28,2026-06-18,gcrew,noaa_gefs,30,RH_percent_mean,21,86.89044570922852
gep30,00,2026-05-28,2026-06-18,gcrew,noaa_gefs,30,Rain_mm_sum,21,1.4000000357627869
gep30,00,2026-05-28,2026-06-18,gcrew,noaa_gefs,30,ShortwaveRadiation_Wm2,21,303.25
gep30,00,2026-05-28,2026-06-18,gcrew,noaa_gefs,30,WindSpeed_ms_mean,21,2.586226235579734
gep30,00,2026-05-28,2026-06-19,gcrew,noaa_gefs,30,AirTemp_C_mean,22,26.268060302734398
gep30,00,2026-05-28,2026-06-19,gcrew,noaa_gefs,30,Pressure_Pa,22,101740.232421875
gep30,00,2026-05-28,2026-06-19,gcrew,noaa_gefs,30,RH_percent_mean,22,70.88781070709229
gep30,00,2026-05-28,2026-06-19,gcrew,noaa_gefs,30,Rain_mm_sum,22,0
gep30,00,2026-05-28,2026-06-19,gcrew,noaa_gefs,30,ShortwaveRadiation_Wm2,22,333
gep30,00,2026-05-28,2026-06-19,gcrew,noaa_gefs,30,WindSpeed_ms_mean,22,4.6750494445637285
gep30,00,2026-05-28,2026-06-20,gcrew,noaa_gefs,30,AirTemp_C_mean,23,27.841043090820335
gep30,00,2026-05-28,2026-06-20,gcrew,noaa_gefs,30,Pressure_Pa,23,101515.064453125
gep30,00,2026-05-28,2026-06-20,gcrew,noaa_gefs,30,RH_percent_mean,23,61.98535442352295
gep30,00,2026-05-28,2026-06-20,gcrew,noaa_gefs,30,Rain_mm_sum,23,0
gep30,00,2026-05-28,2026-06-20,gcrew,noaa_gefs,30,ShortwaveRadiation_Wm2,23,317.5
gep30,00,2026-05-28,2026-06-20,gcrew,noaa_gefs,30,WindSpeed_ms_mean,23,3.626574370372676
gep30,00,2026-05-28,2026-06-21,gcrew,noaa_gefs,30,AirTemp_C_mean,24,27.115220642089866
gep30,00,2026-05-28,2026-06-21,gcrew,noaa_gefs,30,Pressure_Pa,24,101335.810546875
gep30,00,2026-05-28,2026-06-21,gcrew,noaa_gefs,30,RH_percent_mean,24,61.86435508728027
gep30,00,2026-05-28,2026-06-21,gcrew,noaa_gefs,30,Rain_mm_sum,24,0
gep30,00,2026-05-28,2026-06-21,gcrew,noaa_gefs,30,ShortwaveRadiation_Wm2,24,325.75
gep30,00,2026-05-28,2026-06-21,gcrew,noaa_gefs,30,WindSpeed_ms_mean,24,4.1586571738201075
gep30,00,2026-05-28,2026-06-22,gcrew,noaa_gefs,30,AirTemp_C_mean,25,24.424424743652366
gep30,00,2026-05-28,2026-06-22,gcrew,noaa_gefs,30,Pressure_Pa,25,101386.505859375
gep30,00,2026-05-28,2026-06-22,gcrew,noaa_gefs,30,RH_percent_mean,25,81.4093132019043
gep30,00,2026-05-28,2026-06-22,gcrew,noaa_gefs,30,Rain_mm_sum,25,0.4000000059604645
gep30,00,2026-05-28,2026-06-22,gcrew,noaa_gefs,30,ShortwaveRadiation_Wm2,25,100.5
gep30,00,2026-05-28,2026-06-22,gcrew,noaa_gefs,30,WindSpeed_ms_mean,25,4.003219955758446
gep30,00,2026-05-28,2026-06-23,gcrew,noaa_gefs,30,AirTemp_C_mean,26,22.006524658203148
gep30,00,2026-05-28,2026-06-23,gcrew,noaa_gefs,30,Pressure_Pa,26,101129.3515625
gep30,00,2026-05-28,2026-06-23,gcrew,noaa_gefs,30,RH_percent_mean,26,93.43722724914551
gep30,00,2026-05-28,2026-06-23,gcrew,noaa_gefs,30,Rain_mm_sum,26,55.300001695752144
gep30,00,2026-05-28,2026-06-23,gcrew,noaa_gefs,30,ShortwaveRadiation_Wm2,26,22.75
gep30,00,2026-05-28,2026-06-23,gcrew,noaa_gefs,30,WindSpeed_ms_mean,26,4.542991536121778
gep30,00,2026-05-28,2026-06-24,gcrew,noaa_gefs,30,AirTemp_C_mean,27,22.589105224609398
gep30,00,2026-05-28,2026-06-24,gcrew,noaa_gefs,30,Pressure_Pa,27,100791.896484375
gep30,00,2026-05-28,2026-06-24,gcrew,noaa_gefs,30,RH_percent_mean,27,86.6486873626709
gep30,00,2026-05-28,2026-06-24,gcrew,noaa_gefs,30,Rain_mm_sum,27,8.000000096857548
gep30,00,2026-05-28,2026-06-24,gcrew,noaa_gefs,30,ShortwaveRadiation_Wm2,27,230.25
gep30,00,2026-05-28,2026-06-24,gcrew,noaa_gefs,30,WindSpeed_ms_mean,27,4.664738764840051
gep30,00,2026-05-28,2026-06-25,gcrew,noaa_gefs,30,AirTemp_C_mean,28,21.151040649414085
gep30,00,2026-05-28,2026-06-25,gcrew,noaa_gefs,30,Pressure_Pa,28,100968.654296875
gep30,00,2026-05-28,2026-06-25,gcrew,noaa_gefs,30,RH_percent_mean,28,59.870840072631836
gep30,00,2026-05-28,2026-06-25,gcrew,noaa_gefs,30,Rain_mm_sum,28,0.10000000149011612
gep30,00,2026-05-28,2026-06-25,gcrew,noaa_gefs,30,ShortwaveRadiation_Wm2,28,355.75
gep30,00,2026-05-28,2026-06-25,gcrew,noaa_gefs,30,WindSpeed_ms_mean,28,4.965440944060037
gep30,00,2026-05-28,2026-06-26,gcrew,noaa_gefs,30,AirTemp_C_mean,29,20.49548492431643
gep30,00,2026-05-28,2026-06-26,gcrew,noaa_gefs,30,Pressure_Pa,29,101440.876953125
gep30,00,2026-05-28,2026-06-26,gcrew,noaa_gefs,30,RH_percent_mean,29,59.463311195373535
gep30,00,2026-05-28,2026-06-26,gcrew,noaa_gefs,30,Rain_mm_sum,29,0
gep30,00,2026-05-28,2026-06-26,gcrew,noaa_gefs,30,ShortwaveRadiation_Wm2,29,351
gep30,00,2026-05-28,2026-06-26,gcrew,noaa_gefs,30,WindSpeed_ms_mean,29,4.224020219033529
gep30,00,2026-05-28,2026-06-27,gcrew,noaa_gefs,30,AirTemp_C_mean,30,22.24182281494143
gep30,00,2026-05-28,2026-06-27,gcrew,noaa_gefs,30,Pressure_Pa,30,101707.216796875
gep30,00,2026-05-28,2026-06-27,gcrew,noaa_gefs,30,RH_percent_mean,30,58.40474605560303
gep30,00,2026-05-28,2026-06-27,gcrew,noaa_gefs,30,Rain_mm_sum,30,0
gep30,00,2026-05-28,2026-06-27,gcrew,noaa_gefs,30,ShortwaveRadiation_Wm2,30,351
gep30,00,2026-05-28,2026-06-27,gcrew,noaa_gefs,30,WindSpeed_ms_mean,30,4.272810309335263
gep30,00,2026-05-28,2026-06-28,gcrew,noaa_gefs,30,AirTemp_C_mean,31,24.168817138671898
gep30,00,2026-05-28,2026-06-28,gcrew,noaa_gefs,30,Pressure_Pa,31,101494.826171875
gep30,00,2026-05-28,2026-06-28,gcrew,noaa_gefs,30,RH_percent_mean,31,71.39916801452637
gep30,00,2026-05-28,2026-06-28,gcrew,noaa_gefs,30,Rain_mm_sum,31,0
gep30,00,2026-05-28,2026-06-28,gcrew,noaa_gefs,30,ShortwaveRadiation_Wm2,31,344
gep30,00,2026-05-28,2026-06-28,gcrew,noaa_gefs,30,WindSpeed_ms_mean,31,3.5498743444693566
gep30,00,2026-05-28,2026-06-29,gcrew,noaa_gefs,30,AirTemp_C_mean,32,26.337808227539085
gep30,00,2026-05-28,2026-06-29,gcrew,noaa_gefs,30,Pressure_Pa,32,101015.88671875
gep30,00,2026-05-28,2026-06-29,gcrew,noaa_gefs,30,RH_percent_mean,32,67.18145847320557
gep30,00,2026-05-28,2026-06-29,gcrew,noaa_gefs,30,Rain_mm_sum,32,0
gep30,00,2026-05-28,2026-06-29,gcrew,noaa_gefs,30,ShortwaveRadiation_Wm2,32,322.5
gep30,00,2026-05-28,2026-06-29,gcrew,noaa_gefs,30,WindSpeed_ms_mean,32,3.924499337392451
gep30,00,2026-05-28,2026-06-30,gcrew,noaa_gefs,30,AirTemp_C_mean,33,26.703363037109398
gep30,00,2026-05-28,2026-06-30,gcrew,noaa_gefs,30,Pressure_Pa,33,100415.265625
gep30,00,2026-05-28,2026-06-30,gcrew,noaa_gefs,30,RH_percent_mean,33,70.66891098022461
gep30,00,2026-05-28,2026-06-30,gcrew,noaa_gefs,30,Rain_mm_sum,33,0.7999999895691872
gep30,00,2026-05-28,2026-06-30,gcrew,noaa_gefs,30,ShortwaveRadiation_Wm2,33,221.5
gep30,00,2026-05-28,2026-06-30,gcrew,noaa_gefs,30,WindSpeed_ms_mean,33,2.4540543323176753
gep30,00,2026-05-28,2026-07-01,gcrew,noaa_gefs,30,AirTemp_C_mean,34,25.300759887695335
gep30,00,2026-05-28,2026-07-01,gcrew,noaa_gefs,30,Pressure_Pa,34,100593.78515625
gep30,00,2026-05-28,2026-07-01,gcrew,noaa_gefs,30,RH_percent_mean,34,66.53337669372559
gep30,00,2026-05-28,2026-07-01,gcrew,noaa_gefs,30,Rain_mm_sum,34,0.20000000298023224
gep30,00,2026-05-28,2026-07-01,gcrew,noaa_gefs,30,ShortwaveRadiation_Wm2,34,347.5
gep30,00,2026-05-28,2026-07-01,gcrew,noaa_gefs,30,WindSpeed_ms_mean,34,3.569256045713047
