ensemble,cycle,reference_datetime,datetime,site_id,model_id,parameter,variable,horizon,prediction
gec00,00,2025-12-25,2025-12-26,gcrew,noaa_gefs,00,AirTemp_C_mean,1,1.4191566467285384
gec00,00,2025-12-25,2025-12-26,gcrew,noaa_gefs,00,Pressure_Pa,1,101883.013671875
gec00,00,2025-12-25,2025-12-26,gcrew,noaa_gefs,00,RH_percent_mean,1,59.10939836502075
gec00,00,2025-12-25,2025-12-26,gcrew,noaa_gefs,00,Rain_mm_sum,1,5.929999861866236
gec00,00,2025-12-25,2025-12-26,gcrew,noaa_gefs,00,ShortwaveRadiation_Wm2,1,52.5
gec00,00,2025-12-25,2025-12-26,gcrew,noaa_gefs,00,WindSpeed_ms_mean,1,5.719543666158366
gec00,00,2025-12-25,2025-12-27,gcrew,noaa_gefs,00,AirTemp_C_mean,2,4.553342437744163
gec00,00,2025-12-25,2025-12-27,gcrew,noaa_gefs,00,Pressure_Pa,2,101374.94921875
gec00,00,2025-12-25,2025-12-27,gcrew,noaa_gefs,00,RH_percent_mean,2,78.51494789123535
gec00,00,2025-12-25,2025-12-27,gcrew,noaa_gefs,00,Rain_mm_sum,2,5.500000089406967
gec00,00,2025-12-25,2025-12-27,gcrew,noaa_gefs,00,ShortwaveRadiation_Wm2,2,106.25
gec00,00,2025-12-25,2025-12-27,gcrew,noaa_gefs,00,WindSpeed_ms_mean,2,6.923660931417801
gec00,00,2025-12-25,2025-12-28,gcrew,noaa_gefs,00,AirTemp_C_mean,3,3.017091369628929
gec00,00,2025-12-25,2025-12-28,gcrew,noaa_gefs,00,Pressure_Pa,3,102237.642578125
gec00,00,2025-12-25,2025-12-28,gcrew,noaa_gefs,00,RH_percent_mean,3,72.99352979660034
gec00,00,2025-12-25,2025-12-28,gcrew,noaa_gefs,00,Rain_mm_sum,3,0
gec00,00,2025-12-25,2025-12-28,gcrew,noaa_gefs,00,ShortwaveRadiation_Wm2,3,105
gec00,00,2025-12-25,2025-12-28,gcrew,noaa_gefs,00,WindSpeed_ms_mean,3,2.948875395899818
gec00,00,2025-12-25,2025-12-29,gcrew,noaa_gefs,00,AirTemp_C_mean,4,8.150354003906273
gec00,00,2025-12-25,2025-12-29,gcrew,noaa_gefs,00,Pressure_Pa,4,100520.205078125
gec00,00,2025-12-25,2025-12-29,gcrew,noaa_gefs,00,RH_percent_mean,4,75.22460079193115
gec00,00,2025-12-25,2025-12-29,gcrew,noaa_gefs,00,Rain_mm_sum,4,0.8000000268220901
gec00,00,2025-12-25,2025-12-29,gcrew,noaa_gefs,00,ShortwaveRadiation_Wm2,4,62.5
gec00,00,2025-12-25,2025-12-29,gcrew,noaa_gefs,00,WindSpeed_ms_mean,4,7.362543468483011
gec00,00,2025-12-25,2025-12-30,gcrew,noaa_gefs,00,AirTemp_C_mean,5,0.325959777832054
gec00,00,2025-12-25,2025-12-30,gcrew,noaa_gefs,00,Pressure_Pa,5,100803.0263671875
gec00,00,2025-12-25,2025-12-30,gcrew,noaa_gefs,00,RH_percent_mean,5,53.082125186920166
gec00,00,2025-12-25,2025-12-30,gcrew,noaa_gefs,00,Rain_mm_sum,5,0
gec00,00,2025-12-25,2025-12-30,gcrew,noaa_gefs,00,ShortwaveRadiation_Wm2,5,100.5
gec00,00,2025-12-25,2025-12-30,gcrew,noaa_gefs,00,WindSpeed_ms_mean,5,8.02044107296069
gec00,00,2025-12-25,2025-12-31,gcrew,noaa_gefs,00,AirTemp_C_mean,6,-0.5309776306152116
gec00,00,2025-12-25,2025-12-31,gcrew,noaa_gefs,00,Pressure_Pa,6,101757.0849609375
gec00,00,2025-12-25,2025-12-31,gcrew,noaa_gefs,00,RH_percent_mean,6,49.53283452987671
gec00,00,2025-12-25,2025-12-31,gcrew,noaa_gefs,00,Rain_mm_sum,6,0
gec00,00,2025-12-25,2025-12-31,gcrew,noaa_gefs,00,ShortwaveRadiation_Wm2,6,116.25
gec00,00,2025-12-25,2025-12-31,gcrew,noaa_gefs,00,WindSpeed_ms_mean,6,5.239858882636157
gec00,00,2025-12-25,2026-01-01,gcrew,noaa_gefs,00,AirTemp_C_mean,7,3.5077911376953352
gec00,00,2025-12-25,2026-01-01,gcrew,noaa_gefs,00,Pressure_Pa,7,101793.2197265625
gec00,00,2025-12-25,2026-01-01,gcrew,noaa_gefs,00,RH_percent_mean,7,61.349281787872314
gec00,00,2025-12-25,2026-01-01,gcrew,noaa_gefs,00,Rain_mm_sum,7,0
gec00,00,2025-12-25,2026-01-01,gcrew,noaa_gefs,00,ShortwaveRadiation_Wm2,7,87.5
gec00,00,2025-12-25,2026-01-01,gcrew,noaa_gefs,00,WindSpeed_ms_mean,7,4.304550169616287
gec00,00,2025-12-25,2026-01-02,gcrew,noaa_gefs,00,AirTemp_C_mean,8,5.137780761718773
gec00,00,2025-12-25,2026-01-02,gcrew,noaa_gefs,00,Pressure_Pa,8,101893.263671875
gec00,00,2025-12-25,2026-01-02,gcrew,noaa_gefs,00,RH_percent_mean,8,76.17369937896729
gec00,00,2025-12-25,2026-01-02,gcrew,noaa_gefs,00,Rain_mm_sum,8,0
gec00,00,2025-12-25,2026-01-02,gcrew,noaa_gefs,00,ShortwaveRadiation_Wm2,8,99.375
gec00,00,2025-12-25,2026-01-02,gcrew,noaa_gefs,00,WindSpeed_ms_mean,8,2.9946754157667765
gec00,00,2025-12-25,2026-01-03,gcrew,noaa_gefs,00,AirTemp_C_mean,9,7.461868722098237
gec00,00,2025-12-25,2026-01-03,gcrew,noaa_gefs,00,Pressure_Pa,9,101427.07589285714
gec00,00,2025-12-25,2026-01-03,gcrew,noaa_gefs,00,RH_percent_mean,9,83.19520568847656
gec00,00,2025-12-25,2026-01-03,gcrew,noaa_gefs,00,Rain_mm_sum,9,0.6100000236183405
gec00,00,2025-12-25,2026-01-03,gcrew,noaa_gefs,00,ShortwaveRadiation_Wm2,9,25.714285714285715
gec00,00,2025-12-25,2026-01-03,gcrew,noaa_gefs,00,WindSpeed_ms_mean,9,5.107335579865194
gec00,00,2025-12-25,2026-01-04,gcrew,noaa_gefs,00,AirTemp_C_mean,10,10.889909362792991
gec00,00,2025-12-25,2026-01-04,gcrew,noaa_gefs,00,Pressure_Pa,10,101268.140625
gec00,00,2025-12-25,2026-01-04,gcrew,noaa_gefs,00,RH_percent_mean,10,86.44726371765137
gec00,00,2025-12-25,2026-01-04,gcrew,noaa_gefs,00,Rain_mm_sum,10,0
gec00,00,2025-12-25,2026-01-04,gcrew,noaa_gefs,00,ShortwaveRadiation_Wm2,10,85
gec00,00,2025-12-25,2026-01-04,gcrew,noaa_gefs,00,WindSpeed_ms_mean,10,3.600210788901469
gec00,00,2025-12-25,2026-01-05,gcrew,noaa_gefs,00,AirTemp_C_mean,11,14.514237976074241
gec00,00,2025-12-25,2026-01-05,gcrew,noaa_gefs,00,Pressure_Pa,11,100406.498046875
gec00,00,2025-12-25,2026-01-05,gcrew,noaa_gefs,00,RH_percent_mean,11,85.23000907897949
gec00,00,2025-12-25,2026-01-05,gcrew,noaa_gefs,00,Rain_mm_sum,11,3.7000000178813934
gec00,00,2025-12-25,2026-01-05,gcrew,noaa_gefs,00,ShortwaveRadiation_Wm2,11,42.5
gec00,00,2025-12-25,2026-01-05,gcrew,noaa_gefs,00,WindSpeed_ms_mean,11,5.815003334458832
gec00,00,2025-12-25,2026-01-06,gcrew,noaa_gefs,00,AirTemp_C_mean,12,4.505242919921898
gec00,00,2025-12-25,2026-01-06,gcrew,noaa_gefs,00,Pressure_Pa,12,100507.328125
gec00,00,2025-12-25,2026-01-06,gcrew,noaa_gefs,00,RH_percent_mean,12,62.17771530151367
gec00,00,2025-12-25,2026-01-06,gcrew,noaa_gefs,00,Rain_mm_sum,12,2.100000001490116
gec00,00,2025-12-25,2026-01-06,gcrew,noaa_gefs,00,ShortwaveRadiation_Wm2,12,120
gec00,00,2025-12-25,2026-01-06,gcrew,noaa_gefs,00,WindSpeed_ms_mean,12,7.1292139542536495
gec00,00,2025-12-25,2026-01-07,gcrew,noaa_gefs,00,AirTemp_C_mean,13,3.4188171386718977
gec00,00,2025-12-25,2026-01-07,gcrew,noaa_gefs,00,Pressure_Pa,13,101833.490234375
gec00,00,2025-12-25,2026-01-07,gcrew,noaa_gefs,00,RH_percent_mean,13,53.679908752441406
gec00,00,2025-12-25,2026-01-07,gcrew,noaa_gefs,00,Rain_mm_sum,13,0
gec00,00,2025-12-25,2026-01-07,gcrew,noaa_gefs,00,ShortwaveRadiation_Wm2,13,117.5
gec00,00,2025-12-25,2026-01-07,gcrew,noaa_gefs,00,WindSpeed_ms_mean,13,6.966477756083384
gec00,00,2025-12-25,2026-01-08,gcrew,noaa_gefs,00,AirTemp_C_mean,14,7.357942199707054
gec00,00,2025-12-25,2026-01-08,gcrew,noaa_gefs,00,Pressure_Pa,14,102328.623046875
gec00,00,2025-12-25,2026-01-08,gcrew,noaa_gefs,00,RH_percent_mean,14,55.181633949279785
gec00,00,2025-12-25,2026-01-08,gcrew,noaa_gefs,00,Rain_mm_sum,14,0
gec00,00,2025-12-25,2026-01-08,gcrew,noaa_gefs,00,ShortwaveRadiation_Wm2,14,121.5
gec00,00,2025-12-25,2026-01-08,gcrew,noaa_gefs,00,WindSpeed_ms_mean,14,4.329537463391383
gec00,00,2025-12-25,2026-01-09,gcrew,noaa_gefs,00,AirTemp_C_mean,15,6.292359924316429
gec00,00,2025-12-25,2026-01-09,gcrew,noaa_gefs,00,Pressure_Pa,15,102513.65625
gec00,00,2025-12-25,2026-01-09,gcrew,noaa_gefs,00,RH_percent_mean,15,66.9400224685669
gec00,00,2025-12-25,2026-01-09,gcrew,noaa_gefs,00,Rain_mm_sum,15,0
gec00,00,2025-12-25,2026-01-09,gcrew,noaa_gefs,00,ShortwaveRadiation_Wm2,15,116.5
gec00,00,2025-12-25,2026-01-09,gcrew,noaa_gefs,00,WindSpeed_ms_mean,15,4.169523961397145
gec00,00,2025-12-25,2026-01-10,gcrew,noaa_gefs,00,AirTemp_C_mean,16,8.230760192871116
gec00,00,2025-12-25,2026-01-10,gcrew,noaa_gefs,00,Pressure_Pa,16,100988.9765625
gec00,00,2025-12-25,2026-01-10,gcrew,noaa_gefs,00,RH_percent_mean,16,92.44572067260742
gec00,00,2025-12-25,2026-01-10,gcrew,noaa_gefs,00,Rain_mm_sum,16,47.500000953674316
gec00,00,2025-12-25,2026-01-10,gcrew,noaa_gefs,00,ShortwaveRadiation_Wm2,16,3.5
gec00,00,2025-12-25,2026-01-10,gcrew,noaa_gefs,00,WindSpeed_ms_mean,16,9.299799855644833
gec00,00,2025-12-25,2026-01-11,gcrew,noaa_gefs,00,AirTemp_C_mean,17,0.273957824707054
gec00,00,2025-12-25,2026-01-11,gcrew,noaa_gefs,00,Pressure_Pa,17,101742.986328125
gec00,00,2025-12-25,2026-01-11,gcrew,noaa_gefs,00,RH_percent_mean,17,69.99894523620605
gec00,00,2025-12-25,2026-01-11,gcrew,noaa_gefs,00,Rain_mm_sum,17,7.200000002980232
gec00,00,2025-12-25,2026-01-11,gcrew,noaa_gefs,00,ShortwaveRadiation_Wm2,17,127.25
gec00,00,2025-12-25,2026-01-11,gcrew,noaa_gefs,00,WindSpeed_ms_mean,17,7.6638541985328805
gec00,00,2025-12-25,2026-01-12,gcrew,noaa_gefs,00,AirTemp_C_mean,18,2.171846008300804
gec00,00,2025-12-25,2026-01-12,gcrew,noaa_gefs,00,Pressure_Pa,18,102770.083984375
gec00,00,2025-12-25,2026-01-12,gcrew,noaa_gefs,00,RH_percent_mean,18,69.03396034240723
gec00,00,2025-12-25,2026-01-12,gcrew,noaa_gefs,00,Rain_mm_sum,18,0
gec00,00,2025-12-25,2026-01-12,gcrew,noaa_gefs,00,ShortwaveRadiation_Wm2,18,127.5
gec00,00,2025-12-25,2026-01-12,gcrew,noaa_gefs,00,WindSpeed_ms_mean,18,3.4622293096336105
gec00,00,2025-12-25,2026-01-13,gcrew,noaa_gefs,00,AirTemp_C_mean,19,3.1381164550781477
gec00,00,2025-12-25,2026-01-13,gcrew,noaa_gefs,00,Pressure_Pa,19,102732.630859375
gec00,00,2025-12-25,2026-01-13,gcrew,noaa_gefs,00,RH_percent_mean,19,70.09601783752441
gec00,00,2025-12-25,2026-01-13,gcrew,noaa_gefs,00,Rain_mm_sum,19,0
gec00,00,2025-12-25,2026-01-13,gcrew,noaa_gefs,00,ShortwaveRadiation_Wm2,19,116.5
gec00,00,2025-12-25,2026-01-13,gcrew,noaa_gefs,00,WindSpeed_ms_mean,19,3.4455094842593312
gec00,00,2025-12-25,2026-01-14,gcrew,noaa_gefs,00,AirTemp_C_mean,20,4.095193481445335
gec00,00,2025-12-25,2026-01-14,gcrew,noaa_gefs,00,Pressure_Pa,20,102669.79296875
gec00,00,2025-12-25,2026-01-14,gcrew,noaa_gefs,00,RH_percent_mean,20,83.62176322937012
gec00,00,2025-12-25,2026-01-14,gcrew,noaa_gefs,00,Rain_mm_sum,20,0
gec00,00,2025-12-25,2026-01-14,gcrew,noaa_gefs,00,ShortwaveRadiation_Wm2,20,117.75
gec00,00,2025-12-25,2026-01-14,gcrew,noaa_gefs,00,WindSpeed_ms_mean,20,2.7496518864059034
gec00,00,2025-12-25,2026-01-15,gcrew,noaa_gefs,00,AirTemp_C_mean,21,4.34229431152346
gec00,00,2025-12-25,2026-01-15,gcrew,noaa_gefs,00,Pressure_Pa,21,102705.73828125
gec00,00,2025-12-25,2026-01-15,gcrew,noaa_gefs,00,RH_percent_mean,21,87.58064270019531
gec00,00,2025-12-25,2026-01-15,gcrew,noaa_gefs,00,Rain_mm_sum,21,0.10000000149011612
gec00,00,2025-12-25,2026-01-15,gcrew,noaa_gefs,00,ShortwaveRadiation_Wm2,21,94.5
gec00,00,2025-12-25,2026-01-15,gcrew,noaa_gefs,00,WindSpeed_ms_mean,21,3.556685238735195
gec00,00,2025-12-25,2026-01-16,gcrew,noaa_gefs,00,AirTemp_C_mean,22,12.23005065917971
gec00,00,2025-12-25,2026-01-16,gcrew,noaa_gefs,00,Pressure_Pa,22,100937.822265625
gec00,00,2025-12-25,2026-01-16,gcrew,noaa_gefs,00,RH_percent_mean,22,94.87235832214355
gec00,00,2025-12-25,2026-01-16,gcrew,noaa_gefs,00,Rain_mm_sum,22,22.100001096725464
gec00,00,2025-12-25,2026-01-16,gcrew,noaa_gefs,00,ShortwaveRadiation_Wm2,22,9.75
gec00,00,2025-12-25,2026-01-16,gcrew,noaa_gefs,00,WindSpeed_ms_mean,22,7.712571493864753
gec00,00,2025-12-25,2026-01-17,gcrew,noaa_gefs,00,AirTemp_C_mean,23,8.732659912109398
gec00,00,2025-12-25,2026-01-17,gcrew,noaa_gefs,00,Pressure_Pa,23,101839.7109375
gec00,00,2025-12-25,2026-01-17,gcrew,noaa_gefs,00,RH_percent_mean,23,72.87350654602051
gec00,00,2025-12-25,2026-01-17,gcrew,noaa_gefs,00,Rain_mm_sum,23,0.800000011920929
gec00,00,2025-12-25,2026-01-17,gcrew,noaa_gefs,00,ShortwaveRadiation_Wm2,23,130
gec00,00,2025-12-25,2026-01-17,gcrew,noaa_gefs,00,WindSpeed_ms_mean,23,4.503928313302021
gec00,00,2025-12-25,2026-01-18,gcrew,noaa_gefs,00,AirTemp_C_mean,24,8.240655517578148
gec00,00,2025-12-25,2026-01-18,gcrew,noaa_gefs,00,Pressure_Pa,24,102885.134765625
gec00,00,2025-12-25,2026-01-18,gcrew,noaa_gefs,00,RH_percent_mean,24,67.80245590209961
gec00,00,2025-12-25,2026-01-18,gcrew,noaa_gefs,00,Rain_mm_sum,24,0
gec00,00,2025-12-25,2026-01-18,gcrew,noaa_gefs,00,ShortwaveRadiation_Wm2,24,128.5
gec00,00,2025-12-25,2026-01-18,gcrew,noaa_gefs,00,WindSpeed_ms_mean,24,3.7670321862484957
gec00,00,2025-12-25,2026-01-19,gcrew,noaa_gefs,00,AirTemp_C_mean,25,8.329751586914085
gec00,00,2025-12-25,2026-01-19,gcrew,noaa_gefs,00,Pressure_Pa,25,102533.533203125
gec00,00,2025-12-25,2026-01-19,gcrew,noaa_gefs,00,RH_percent_mean,25,78.15633964538574
gec00,00,2025-12-25,2026-01-19,gcrew,noaa_gefs,00,Rain_mm_sum,25,0
gec00,00,2025-12-25,2026-01-19,gcrew,noaa_gefs,00,ShortwaveRadiation_Wm2,25,60.75
gec00,00,2025-12-25,2026-01-19,gcrew,noaa_gefs,00,WindSpeed_ms_mean,25,5.590911795586785
gec00,00,2025-12-25,2026-01-20,gcrew,noaa_gefs,00,AirTemp_C_mean,26,8.121881103515648
gec00,00,2025-12-25,2026-01-20,gcrew,noaa_gefs,00,Pressure_Pa,26,101917.162109375
gec00,00,2025-12-25,2026-01-20,gcrew,noaa_gefs,00,RH_percent_mean,26,79.7828426361084
gec00,00,2025-12-25,2026-01-20,gcrew,noaa_gefs,00,Rain_mm_sum,26,0.699999988079071
gec00,00,2025-12-25,2026-01-20,gcrew,noaa_gefs,00,ShortwaveRadiation_Wm2,26,35
gec00,00,2025-12-25,2026-01-20,gcrew,noaa_gefs,00,WindSpeed_ms_mean,26,5.416574993003485
gec00,00,2025-12-25,2026-01-21,gcrew,noaa_gefs,00,AirTemp_C_mean,27,1.0910888671875227
gec00,00,2025-12-25,2026-01-21,gcrew,noaa_gefs,00,Pressure_Pa,27,102745.556640625
gec00,00,2025-12-25,2026-01-21,gcrew,noaa_gefs,00,RH_percent_mean,27,69.12549591064453
gec00,00,2025-12-25,2026-01-21,gcrew,noaa_gefs,00,Rain_mm_sum,27,1.2000000029802322
gec00,00,2025-12-25,2026-01-21,gcrew,noaa_gefs,00,ShortwaveRadiation_Wm2,27,28
gec00,00,2025-12-25,2026-01-21,gcrew,noaa_gefs,00,WindSpeed_ms_mean,27,5.47850488358735
gec00,00,2025-12-25,2026-01-22,gcrew,noaa_gefs,00,AirTemp_C_mean,28,5.676553344726585
gec00,00,2025-12-25,2026-01-22,gcrew,noaa_gefs,00,Pressure_Pa,28,100303.91796875
gec00,00,2025-12-25,2026-01-22,gcrew,noaa_gefs,00,RH_percent_mean,28,72.28020286560059
gec00,00,2025-12-25,2026-01-22,gcrew,noaa_gefs,00,Rain_mm_sum,28,11.300000190734863
gec00,00,2025-12-25,2026-01-22,gcrew,noaa_gefs,00,ShortwaveRadiation_Wm2,28,132
gec00,00,2025-12-25,2026-01-22,gcrew,noaa_gefs,00,WindSpeed_ms_mean,28,10.069496986572068
gec00,00,2025-12-25,2026-01-23,gcrew,noaa_gefs,00,AirTemp_C_mean,29,2.7060104370117415
gec00,00,2025-12-25,2026-01-23,gcrew,noaa_gefs,00,Pressure_Pa,29,101102.13671875
gec00,00,2025-12-25,2026-01-23,gcrew,noaa_gefs,00,RH_percent_mean,29,59.599411964416504
gec00,00,2025-12-25,2026-01-23,gcrew,noaa_gefs,00,Rain_mm_sum,29,0
gec00,00,2025-12-25,2026-01-23,gcrew,noaa_gefs,00,ShortwaveRadiation_Wm2,29,137.5
gec00,00,2025-12-25,2026-01-23,gcrew,noaa_gefs,00,WindSpeed_ms_mean,29,5.521899992654974
gec00,00,2025-12-25,2026-01-24,gcrew,noaa_gefs,00,AirTemp_C_mean,30,4.12842712402346
gec00,00,2025-12-25,2026-01-24,gcrew,noaa_gefs,00,Pressure_Pa,30,101227.48828125
gec00,00,2025-12-25,2026-01-24,gcrew,noaa_gefs,00,RH_percent_mean,30,72.47355461120605
gec00,00,2025-12-25,2026-01-24,gcrew,noaa_gefs,00,Rain_mm_sum,30,0
gec00,00,2025-12-25,2026-01-24,gcrew,noaa_gefs,00,ShortwaveRadiation_Wm2,30,127.25
gec00,00,2025-12-25,2026-01-24,gcrew,noaa_gefs,00,WindSpeed_ms_mean,30,5.117748884369503
gec00,00,2025-12-25,2026-01-25,gcrew,noaa_gefs,00,AirTemp_C_mean,31,-0.6562637329101335
gec00,00,2025-12-25,2026-01-25,gcrew,noaa_gefs,00,Pressure_Pa,31,101961.154296875
gec00,00,2025-12-25,2026-01-25,gcrew,noaa_gefs,00,RH_percent_mean,31,57.30247402191162
gec00,00,2025-12-25,2026-01-25,gcrew,noaa_gefs,00,Rain_mm_sum,31,0
gec00,00,2025-12-25,2026-01-25,gcrew,noaa_gefs,00,ShortwaveRadiation_Wm2,31,145.25
gec00,00,2025-12-25,2026-01-25,gcrew,noaa_gefs,00,WindSpeed_ms_mean,31,4.7448173419903386
gec00,00,2025-12-25,2026-01-26,gcrew,noaa_gefs,00,AirTemp_C_mean,32,2.824037170410179
gec00,00,2025-12-25,2026-01-26,gcrew,noaa_gefs,00,Pressure_Pa,32,101941.466796875
gec00,00,2025-12-25,2026-01-26,gcrew,noaa_gefs,00,RH_percent_mean,32,70.92254638671875
gec00,00,2025-12-25,2026-01-26,gcrew,noaa_gefs,00,Rain_mm_sum,32,0
gec00,00,2025-12-25,2026-01-26,gcrew,noaa_gefs,00,ShortwaveRadiation_Wm2,32,138.25
gec00,00,2025-12-25,2026-01-26,gcrew,noaa_gefs,00,WindSpeed_ms_mean,32,3.546680545310956
gec00,00,2025-12-25,2026-01-27,gcrew,noaa_gefs,00,AirTemp_C_mean,33,2.880342102050804
gec00,00,2025-12-25,2026-01-27,gcrew,noaa_gefs,00,Pressure_Pa,33,102457.599609375
gec00,00,2025-12-25,2026-01-27,gcrew,noaa_gefs,00,RH_percent_mean,33,78.3819751739502
gec00,00,2025-12-25,2026-01-27,gcrew,noaa_gefs,00,Rain_mm_sum,33,0
gec00,00,2025-12-25,2026-01-27,gcrew,noaa_gefs,00,ShortwaveRadiation_Wm2,33,142.5
gec00,00,2025-12-25,2026-01-27,gcrew,noaa_gefs,00,WindSpeed_ms_mean,33,3.633655032610908
gec00,00,2025-12-25,2026-01-28,gcrew,noaa_gefs,00,AirTemp_C_mean,34,4.36011657714846
gec00,00,2025-12-25,2026-01-28,gcrew,noaa_gefs,00,Pressure_Pa,34,102016.24609375
gec00,00,2025-12-25,2026-01-28,gcrew,noaa_gefs,00,RH_percent_mean,34,86.29985618591309
gec00,00,2025-12-25,2026-01-28,gcrew,noaa_gefs,00,Rain_mm_sum,34,0.20000000298023224
gec00,00,2025-12-25,2026-01-28,gcrew,noaa_gefs,00,ShortwaveRadiation_Wm2,34,67.25
gec00,00,2025-12-25,2026-01-28,gcrew,noaa_gefs,00,WindSpeed_ms_mean,34,2.304446884715268
gep01,00,2025-12-25,2025-12-26,gcrew,noaa_gefs,01,AirTemp_C_mean,1,1.4191566467285384
gep01,00,2025-12-25,2025-12-26,gcrew,noaa_gefs,01,Pressure_Pa,1,101883.013671875
gep01,00,2025-12-25,2025-12-26,gcrew,noaa_gefs,01,RH_percent_mean,1,59.10939836502075
gep01,00,2025-12-25,2025-12-26,gcrew,noaa_gefs,01,Rain_mm_sum,1,5.929999861866236
gep01,00,2025-12-25,2025-12-26,gcrew,noaa_gefs,01,ShortwaveRadiation_Wm2,1,52.5
gep01,00,2025-12-25,2025-12-26,gcrew,noaa_gefs,01,WindSpeed_ms_mean,1,5.719543666158366
gep01,00,2025-12-25,2025-12-27,gcrew,noaa_gefs,01,AirTemp_C_mean,2,4.553342437744163
gep01,00,2025-12-25,2025-12-27,gcrew,noaa_gefs,01,Pressure_Pa,2,101374.94921875
gep01,00,2025-12-25,2025-12-27,gcrew,noaa_gefs,01,RH_percent_mean,2,78.51494789123535
gep01,00,2025-12-25,2025-12-27,gcrew,noaa_gefs,01,Rain_mm_sum,2,5.500000089406967
gep01,00,2025-12-25,2025-12-27,gcrew,noaa_gefs,01,ShortwaveRadiation_Wm2,2,106.25
gep01,00,2025-12-25,2025-12-27,gcrew,noaa_gefs,01,WindSpeed_ms_mean,2,6.923660931417801
gep01,00,2025-12-25,2025-12-28,gcrew,noaa_gefs,01,AirTemp_C_mean,3,3.017091369628929
gep01,00,2025-12-25,2025-12-28,gcrew,noaa_gefs,01,Pressure_Pa,3,102237.642578125
gep01,00,2025-12-25,2025-12-28,gcrew,noaa_gefs,01,RH_percent_mean,3,72.99352979660034
gep01,00,2025-12-25,2025-12-28,gcrew,noaa_gefs,01,Rain_mm_sum,3,0
gep01,00,2025-12-25,2025-12-28,gcrew,noaa_gefs,01,ShortwaveRadiation_Wm2,3,105
gep01,00,2025-12-25,2025-12-28,gcrew,noaa_gefs,01,WindSpeed_ms_mean,3,2.948875395899818
gep01,00,2025-12-25,2025-12-29,gcrew,noaa_gefs,01,AirTemp_C_mean,4,8.150354003906273
gep01,00,2025-12-25,2025-12-29,gcrew,noaa_gefs,01,Pressure_Pa,4,100520.205078125
gep01,00,2025-12-25,2025-12-29,gcrew,noaa_gefs,01,RH_percent_mean,4,75.22460079193115
gep01,00,2025-12-25,2025-12-29,gcrew,noaa_gefs,01,Rain_mm_sum,4,0.8000000268220901
gep01,00,2025-12-25,2025-12-29,gcrew,noaa_gefs,01,ShortwaveRadiation_Wm2,4,62.5
gep01,00,2025-12-25,2025-12-29,gcrew,noaa_gefs,01,WindSpeed_ms_mean,4,7.362543468483011
gep01,00,2025-12-25,2025-12-30,gcrew,noaa_gefs,01,AirTemp_C_mean,5,0.325959777832054
gep01,00,2025-12-25,2025-12-30,gcrew,noaa_gefs,01,Pressure_Pa,5,100803.0263671875
gep01,00,2025-12-25,2025-12-30,gcrew,noaa_gefs,01,RH_percent_mean,5,53.082125186920166
gep01,00,2025-12-25,2025-12-30,gcrew,noaa_gefs,01,Rain_mm_sum,5,0
gep01,00,2025-12-25,2025-12-30,gcrew,noaa_gefs,01,ShortwaveRadiation_Wm2,5,100.5
gep01,00,2025-12-25,2025-12-30,gcrew,noaa_gefs,01,WindSpeed_ms_mean,5,8.02044107296069
gep01,00,2025-12-25,2025-12-31,gcrew,noaa_gefs,01,AirTemp_C_mean,6,-0.5309776306152116
gep01,00,2025-12-25,2025-12-31,gcrew,noaa_gefs,01,Pressure_Pa,6,101757.0849609375
gep01,00,2025-12-25,2025-12-31,gcrew,noaa_gefs,01,RH_percent_mean,6,49.53283452987671
gep01,00,2025-12-25,2025-12-31,gcrew,noaa_gefs,01,Rain_mm_sum,6,0
gep01,00,2025-12-25,2025-12-31,gcrew,noaa_gefs,01,ShortwaveRadiation_Wm2,6,116.25
gep01,00,2025-12-25,2025-12-31,gcrew,noaa_gefs,01,WindSpeed_ms_mean,6,5.239858882636157
gep01,00,2025-12-25,2026-01-01,gcrew,noaa_gefs,01,AirTemp_C_mean,7,3.5077911376953352
gep01,00,2025-12-25,2026-01-01,gcrew,noaa_gefs,01,Pressure_Pa,7,101793.2197265625
gep01,00,2025-12-25,2026-01-01,gcrew,noaa_gefs,01,RH_percent_mean,7,61.349281787872314
gep01,00,2025-12-25,2026-01-01,gcrew,noaa_gefs,01,Rain_mm_sum,7,0
gep01,00,2025-12-25,2026-01-01,gcrew,noaa_gefs,01,ShortwaveRadiation_Wm2,7,87.5
gep01,00,2025-12-25,2026-01-01,gcrew,noaa_gefs,01,WindSpeed_ms_mean,7,4.304550169616287
gep01,00,2025-12-25,2026-01-02,gcrew,noaa_gefs,01,AirTemp_C_mean,8,5.137780761718773
gep01,00,2025-12-25,2026-01-02,gcrew,noaa_gefs,01,Pressure_Pa,8,101893.263671875
gep01,00,2025-12-25,2026-01-02,gcrew,noaa_gefs,01,RH_percent_mean,8,76.17369937896729
gep01,00,2025-12-25,2026-01-02,gcrew,noaa_gefs,01,Rain_mm_sum,8,0
gep01,00,2025-12-25,2026-01-02,gcrew,noaa_gefs,01,ShortwaveRadiation_Wm2,8,99.375
gep01,00,2025-12-25,2026-01-02,gcrew,noaa_gefs,01,WindSpeed_ms_mean,8,2.9946754157667765
gep01,00,2025-12-25,2026-01-03,gcrew,noaa_gefs,01,AirTemp_C_mean,9,7.461868722098237
gep01,00,2025-12-25,2026-01-03,gcrew,noaa_gefs,01,Pressure_Pa,9,101427.07589285714
gep01,00,2025-12-25,2026-01-03,gcrew,noaa_gefs,01,RH_percent_mean,9,83.19520568847656
gep01,00,2025-12-25,2026-01-03,gcrew,noaa_gefs,01,Rain_mm_sum,9,0.6100000236183405
gep01,00,2025-12-25,2026-01-03,gcrew,noaa_gefs,01,ShortwaveRadiation_Wm2,9,25.714285714285715
gep01,00,2025-12-25,2026-01-03,gcrew,noaa_gefs,01,WindSpeed_ms_mean,9,5.107335579865194
gep01,00,2025-12-25,2026-01-04,gcrew,noaa_gefs,01,AirTemp_C_mean,10,10.889909362792991
gep01,00,2025-12-25,2026-01-04,gcrew,noaa_gefs,01,Pressure_Pa,10,101268.140625
gep01,00,2025-12-25,2026-01-04,gcrew,noaa_gefs,01,RH_percent_mean,10,86.44726371765137
gep01,00,2025-12-25,2026-01-04,gcrew,noaa_gefs,01,Rain_mm_sum,10,0
gep01,00,2025-12-25,2026-01-04,gcrew,noaa_gefs,01,ShortwaveRadiation_Wm2,10,85
gep01,00,2025-12-25,2026-01-04,gcrew,noaa_gefs,01,WindSpeed_ms_mean,10,3.600210788901469
gep01,00,2025-12-25,2026-01-05,gcrew,noaa_gefs,01,AirTemp_C_mean,11,14.514237976074241
gep01,00,2025-12-25,2026-01-05,gcrew,noaa_gefs,01,Pressure_Pa,11,100406.498046875
gep01,00,2025-12-25,2026-01-05,gcrew,noaa_gefs,01,RH_percent_mean,11,85.23000907897949
gep01,00,2025-12-25,2026-01-05,gcrew,noaa_gefs,01,Rain_mm_sum,11,3.7000000178813934
gep01,00,2025-12-25,2026-01-05,gcrew,noaa_gefs,01,ShortwaveRadiation_Wm2,11,42.5
gep01,00,2025-12-25,2026-01-05,gcrew,noaa_gefs,01,WindSpeed_ms_mean,11,5.815003334458832
gep01,00,2025-12-25,2026-01-06,gcrew,noaa_gefs,01,AirTemp_C_mean,12,4.505242919921898
gep01,00,2025-12-25,2026-01-06,gcrew,noaa_gefs,01,Pressure_Pa,12,100507.328125
gep01,00,2025-12-25,2026-01-06,gcrew,noaa_gefs,01,RH_percent_mean,12,62.17771530151367
gep01,00,2025-12-25,2026-01-06,gcrew,noaa_gefs,01,Rain_mm_sum,12,2.100000001490116
gep01,00,2025-12-25,2026-01-06,gcrew,noaa_gefs,01,ShortwaveRadiation_Wm2,12,120
gep01,00,2025-12-25,2026-01-06,gcrew,noaa_gefs,01,WindSpeed_ms_mean,12,7.1292139542536495
gep01,00,2025-12-25,2026-01-07,gcrew,noaa_gefs,01,AirTemp_C_mean,13,3.4188171386718977
gep01,00,2025-12-25,2026-01-07,gcrew,noaa_gefs,01,Pressure_Pa,13,101833.490234375
gep01,00,2025-12-25,2026-01-07,gcrew,noaa_gefs,01,RH_percent_mean,13,53.679908752441406
gep01,00,2025-12-25,2026-01-07,gcrew,noaa_gefs,01,Rain_mm_sum,13,0
gep01,00,2025-12-25,2026-01-07,gcrew,noaa_gefs,01,ShortwaveRadiation_Wm2,13,117.5
gep01,00,2025-12-25,2026-01-07,gcrew,noaa_gefs,01,WindSpeed_ms_mean,13,6.966477756083384
gep01,00,2025-12-25,2026-01-08,gcrew,noaa_gefs,01,AirTemp_C_mean,14,7.357942199707054
gep01,00,2025-12-25,2026-01-08,gcrew,noaa_gefs,01,Pressure_Pa,14,102328.623046875
gep01,00,2025-12-25,2026-01-08,gcrew,noaa_gefs,01,RH_percent_mean,14,55.181633949279785
gep01,00,2025-12-25,2026-01-08,gcrew,noaa_gefs,01,Rain_mm_sum,14,0
gep01,00,2025-12-25,2026-01-08,gcrew,noaa_gefs,01,ShortwaveRadiation_Wm2,14,121.5
gep01,00,2025-12-25,2026-01-08,gcrew,noaa_gefs,01,WindSpeed_ms_mean,14,4.329537463391383
gep01,00,2025-12-25,2026-01-09,gcrew,noaa_gefs,01,AirTemp_C_mean,15,6.292359924316429
gep01,00,2025-12-25,2026-01-09,gcrew,noaa_gefs,01,Pressure_Pa,15,102513.65625
gep01,00,2025-12-25,2026-01-09,gcrew,noaa_gefs,01,RH_percent_mean,15,66.9400224685669
gep01,00,2025-12-25,2026-01-09,gcrew,noaa_gefs,01,Rain_mm_sum,15,0
gep01,00,2025-12-25,2026-01-09,gcrew,noaa_gefs,01,ShortwaveRadiation_Wm2,15,116.5
gep01,00,2025-12-25,2026-01-09,gcrew,noaa_gefs,01,WindSpeed_ms_mean,15,4.169523961397145
gep01,00,2025-12-25,2026-01-10,gcrew,noaa_gefs,01,AirTemp_C_mean,16,8.230760192871116
gep01,00,2025-12-25,2026-01-10,gcrew,noaa_gefs,01,Pressure_Pa,16,100988.9765625
gep01,00,2025-12-25,2026-01-10,gcrew,noaa_gefs,01,RH_percent_mean,16,92.44572067260742
gep01,00,2025-12-25,2026-01-10,gcrew,noaa_gefs,01,Rain_mm_sum,16,47.500000953674316
gep01,00,2025-12-25,2026-01-10,gcrew,noaa_gefs,01,ShortwaveRadiation_Wm2,16,3.5
gep01,00,2025-12-25,2026-01-10,gcrew,noaa_gefs,01,WindSpeed_ms_mean,16,9.299799855644833
gep01,00,2025-12-25,2026-01-11,gcrew,noaa_gefs,01,AirTemp_C_mean,17,0.273957824707054
gep01,00,2025-12-25,2026-01-11,gcrew,noaa_gefs,01,Pressure_Pa,17,101742.986328125
gep01,00,2025-12-25,2026-01-11,gcrew,noaa_gefs,01,RH_percent_mean,17,69.99894523620605
gep01,00,2025-12-25,2026-01-11,gcrew,noaa_gefs,01,Rain_mm_sum,17,7.200000002980232
gep01,00,2025-12-25,2026-01-11,gcrew,noaa_gefs,01,ShortwaveRadiation_Wm2,17,127.25
gep01,00,2025-12-25,2026-01-11,gcrew,noaa_gefs,01,WindSpeed_ms_mean,17,7.6638541985328805
gep01,00,2025-12-25,2026-01-12,gcrew,noaa_gefs,01,AirTemp_C_mean,18,2.171846008300804
gep01,00,2025-12-25,2026-01-12,gcrew,noaa_gefs,01,Pressure_Pa,18,102770.083984375
gep01,00,2025-12-25,2026-01-12,gcrew,noaa_gefs,01,RH_percent_mean,18,69.03396034240723
gep01,00,2025-12-25,2026-01-12,gcrew,noaa_gefs,01,Rain_mm_sum,18,0
gep01,00,2025-12-25,2026-01-12,gcrew,noaa_gefs,01,ShortwaveRadiation_Wm2,18,127.5
gep01,00,2025-12-25,2026-01-12,gcrew,noaa_gefs,01,WindSpeed_ms_mean,18,3.4622293096336105
gep01,00,2025-12-25,2026-01-13,gcrew,noaa_gefs,01,AirTemp_C_mean,19,3.1381164550781477
gep01,00,2025-12-25,2026-01-13,gcrew,noaa_gefs,01,Pressure_Pa,19,102732.630859375
gep01,00,2025-12-25,2026-01-13,gcrew,noaa_gefs,01,RH_percent_mean,19,70.09601783752441
gep01,00,2025-12-25,2026-01-13,gcrew,noaa_gefs,01,Rain_mm_sum,19,0
gep01,00,2025-12-25,2026-01-13,gcrew,noaa_gefs,01,ShortwaveRadiation_Wm2,19,116.5
gep01,00,2025-12-25,2026-01-13,gcrew,noaa_gefs,01,WindSpeed_ms_mean,19,3.4455094842593312
gep01,00,2025-12-25,2026-01-14,gcrew,noaa_gefs,01,AirTemp_C_mean,20,4.095193481445335
gep01,00,2025-12-25,2026-01-14,gcrew,noaa_gefs,01,Pressure_Pa,20,102669.79296875
gep01,00,2025-12-25,2026-01-14,gcrew,noaa_gefs,01,RH_percent_mean,20,83.62176322937012
gep01,00,2025-12-25,2026-01-14,gcrew,noaa_gefs,01,Rain_mm_sum,20,0
gep01,00,2025-12-25,2026-01-14,gcrew,noaa_gefs,01,ShortwaveRadiation_Wm2,20,117.75
gep01,00,2025-12-25,2026-01-14,gcrew,noaa_gefs,01,WindSpeed_ms_mean,20,2.7496518864059034
gep01,00,2025-12-25,2026-01-15,gcrew,noaa_gefs,01,AirTemp_C_mean,21,4.34229431152346
gep01,00,2025-12-25,2026-01-15,gcrew,noaa_gefs,01,Pressure_Pa,21,102705.73828125
gep01,00,2025-12-25,2026-01-15,gcrew,noaa_gefs,01,RH_percent_mean,21,87.58064270019531
gep01,00,2025-12-25,2026-01-15,gcrew,noaa_gefs,01,Rain_mm_sum,21,0.10000000149011612
gep01,00,2025-12-25,2026-01-15,gcrew,noaa_gefs,01,ShortwaveRadiation_Wm2,21,94.5
gep01,00,2025-12-25,2026-01-15,gcrew,noaa_gefs,01,WindSpeed_ms_mean,21,3.556685238735195
gep01,00,2025-12-25,2026-01-16,gcrew,noaa_gefs,01,AirTemp_C_mean,22,12.23005065917971
gep01,00,2025-12-25,2026-01-16,gcrew,noaa_gefs,01,Pressure_Pa,22,100937.822265625
gep01,00,2025-12-25,2026-01-16,gcrew,noaa_gefs,01,RH_percent_mean,22,94.87235832214355
gep01,00,2025-12-25,2026-01-16,gcrew,noaa_gefs,01,Rain_mm_sum,22,22.100001096725464
gep01,00,2025-12-25,2026-01-16,gcrew,noaa_gefs,01,ShortwaveRadiation_Wm2,22,9.75
gep01,00,2025-12-25,2026-01-16,gcrew,noaa_gefs,01,WindSpeed_ms_mean,22,7.712571493864753
gep01,00,2025-12-25,2026-01-17,gcrew,noaa_gefs,01,AirTemp_C_mean,23,8.732659912109398
gep01,00,2025-12-25,2026-01-17,gcrew,noaa_gefs,01,Pressure_Pa,23,101839.7109375
gep01,00,2025-12-25,2026-01-17,gcrew,noaa_gefs,01,RH_percent_mean,23,72.87350654602051
gep01,00,2025-12-25,2026-01-17,gcrew,noaa_gefs,01,Rain_mm_sum,23,0.800000011920929
gep01,00,2025-12-25,2026-01-17,gcrew,noaa_gefs,01,ShortwaveRadiation_Wm2,23,130
gep01,00,2025-12-25,2026-01-17,gcrew,noaa_gefs,01,WindSpeed_ms_mean,23,4.503928313302021
gep01,00,2025-12-25,2026-01-18,gcrew,noaa_gefs,01,AirTemp_C_mean,24,8.240655517578148
gep01,00,2025-12-25,2026-01-18,gcrew,noaa_gefs,01,Pressure_Pa,24,102885.134765625
gep01,00,2025-12-25,2026-01-18,gcrew,noaa_gefs,01,RH_percent_mean,24,67.80245590209961
gep01,00,2025-12-25,2026-01-18,gcrew,noaa_gefs,01,Rain_mm_sum,24,0
gep01,00,2025-12-25,2026-01-18,gcrew,noaa_gefs,01,ShortwaveRadiation_Wm2,24,128.5
gep01,00,2025-12-25,2026-01-18,gcrew,noaa_gefs,01,WindSpeed_ms_mean,24,3.7670321862484957
gep01,00,2025-12-25,2026-01-19,gcrew,noaa_gefs,01,AirTemp_C_mean,25,8.329751586914085
gep01,00,2025-12-25,2026-01-19,gcrew,noaa_gefs,01,Pressure_Pa,25,102533.533203125
gep01,00,2025-12-25,2026-01-19,gcrew,noaa_gefs,01,RH_percent_mean,25,78.15633964538574
gep01,00,2025-12-25,2026-01-19,gcrew,noaa_gefs,01,Rain_mm_sum,25,0
gep01,00,2025-12-25,2026-01-19,gcrew,noaa_gefs,01,ShortwaveRadiation_Wm2,25,60.75
gep01,00,2025-12-25,2026-01-19,gcrew,noaa_gefs,01,WindSpeed_ms_mean,25,5.590911795586785
gep01,00,2025-12-25,2026-01-20,gcrew,noaa_gefs,01,AirTemp_C_mean,26,8.121881103515648
gep01,00,2025-12-25,2026-01-20,gcrew,noaa_gefs,01,Pressure_Pa,26,101917.162109375
gep01,00,2025-12-25,2026-01-20,gcrew,noaa_gefs,01,RH_percent_mean,26,79.7828426361084
gep01,00,2025-12-25,2026-01-20,gcrew,noaa_gefs,01,Rain_mm_sum,26,0.699999988079071
gep01,00,2025-12-25,2026-01-20,gcrew,noaa_gefs,01,ShortwaveRadiation_Wm2,26,35
gep01,00,2025-12-25,2026-01-20,gcrew,noaa_gefs,01,WindSpeed_ms_mean,26,5.416574993003485
gep01,00,2025-12-25,2026-01-21,gcrew,noaa_gefs,01,AirTemp_C_mean,27,1.0910888671875227
gep01,00,2025-12-25,2026-01-21,gcrew,noaa_gefs,01,Pressure_Pa,27,102745.556640625
gep01,00,2025-12-25,2026-01-21,gcrew,noaa_gefs,01,RH_percent_mean,27,69.12549591064453
gep01,00,2025-12-25,2026-01-21,gcrew,noaa_gefs,01,Rain_mm_sum,27,1.2000000029802322
gep01,00,2025-12-25,2026-01-21,gcrew,noaa_gefs,01,ShortwaveRadiation_Wm2,27,28
gep01,00,2025-12-25,2026-01-21,gcrew,noaa_gefs,01,WindSpeed_ms_mean,27,5.47850488358735
gep01,00,2025-12-25,2026-01-22,gcrew,noaa_gefs,01,AirTemp_C_mean,28,5.676553344726585
gep01,00,2025-12-25,2026-01-22,gcrew,noaa_gefs,01,Pressure_Pa,28,100303.91796875
gep01,00,2025-12-25,2026-01-22,gcrew,noaa_gefs,01,RH_percent_mean,28,72.28020286560059
gep01,00,2025-12-25,2026-01-22,gcrew,noaa_gefs,01,Rain_mm_sum,28,11.300000190734863
gep01,00,2025-12-25,2026-01-22,gcrew,noaa_gefs,01,ShortwaveRadiation_Wm2,28,132
gep01,00,2025-12-25,2026-01-22,gcrew,noaa_gefs,01,WindSpeed_ms_mean,28,10.069496986572068
gep01,00,2025-12-25,2026-01-23,gcrew,noaa_gefs,01,AirTemp_C_mean,29,2.7060104370117415
gep01,00,2025-12-25,2026-01-23,gcrew,noaa_gefs,01,Pressure_Pa,29,101102.13671875
gep01,00,2025-12-25,2026-01-23,gcrew,noaa_gefs,01,RH_percent_mean,29,59.599411964416504
gep01,00,2025-12-25,2026-01-23,gcrew,noaa_gefs,01,Rain_mm_sum,29,0
gep01,00,2025-12-25,2026-01-23,gcrew,noaa_gefs,01,ShortwaveRadiation_Wm2,29,137.5
gep01,00,2025-12-25,2026-01-23,gcrew,noaa_gefs,01,WindSpeed_ms_mean,29,5.521899992654974
gep01,00,2025-12-25,2026-01-24,gcrew,noaa_gefs,01,AirTemp_C_mean,30,4.12842712402346
gep01,00,2025-12-25,2026-01-24,gcrew,noaa_gefs,01,Pressure_Pa,30,101227.48828125
gep01,00,2025-12-25,2026-01-24,gcrew,noaa_gefs,01,RH_percent_mean,30,72.47355461120605
gep01,00,2025-12-25,2026-01-24,gcrew,noaa_gefs,01,Rain_mm_sum,30,0
gep01,00,2025-12-25,2026-01-24,gcrew,noaa_gefs,01,ShortwaveRadiation_Wm2,30,127.25
gep01,00,2025-12-25,2026-01-24,gcrew,noaa_gefs,01,WindSpeed_ms_mean,30,5.117748884369503
gep01,00,2025-12-25,2026-01-25,gcrew,noaa_gefs,01,AirTemp_C_mean,31,-0.6562637329101335
gep01,00,2025-12-25,2026-01-25,gcrew,noaa_gefs,01,Pressure_Pa,31,101961.154296875
gep01,00,2025-12-25,2026-01-25,gcrew,noaa_gefs,01,RH_percent_mean,31,57.30247402191162
gep01,00,2025-12-25,2026-01-25,gcrew,noaa_gefs,01,Rain_mm_sum,31,0
gep01,00,2025-12-25,2026-01-25,gcrew,noaa_gefs,01,ShortwaveRadiation_Wm2,31,145.25
gep01,00,2025-12-25,2026-01-25,gcrew,noaa_gefs,01,WindSpeed_ms_mean,31,4.7448173419903386
gep01,00,2025-12-25,2026-01-26,gcrew,noaa_gefs,01,AirTemp_C_mean,32,2.824037170410179
gep01,00,2025-12-25,2026-01-26,gcrew,noaa_gefs,01,Pressure_Pa,32,101941.466796875
gep01,00,2025-12-25,2026-01-26,gcrew,noaa_gefs,01,RH_percent_mean,32,70.92254638671875
gep01,00,2025-12-25,2026-01-26,gcrew,noaa_gefs,01,Rain_mm_sum,32,0
gep01,00,2025-12-25,2026-01-26,gcrew,noaa_gefs,01,ShortwaveRadiation_Wm2,32,138.25
gep01,00,2025-12-25,2026-01-26,gcrew,noaa_gefs,01,WindSpeed_ms_mean,32,3.546680545310956
gep01,00,2025-12-25,2026-01-27,gcrew,noaa_gefs,01,AirTemp_C_mean,33,2.880342102050804
gep01,00,2025-12-25,2026-01-27,gcrew,noaa_gefs,01,Pressure_Pa,33,102457.599609375
gep01,00,2025-12-25,2026-01-27,gcrew,noaa_gefs,01,RH_percent_mean,33,78.3819751739502
gep01,00,2025-12-25,2026-01-27,gcrew,noaa_gefs,01,Rain_mm_sum,33,0
gep01,00,2025-12-25,2026-01-27,gcrew,noaa_gefs,01,ShortwaveRadiation_Wm2,33,142.5
gep01,00,2025-12-25,2026-01-27,gcrew,noaa_gefs,01,WindSpeed_ms_mean,33,3.633655032610908
gep01,00,2025-12-25,2026-01-28,gcrew,noaa_gefs,01,AirTemp_C_mean,34,4.36011657714846
gep01,00,2025-12-25,2026-01-28,gcrew,noaa_gefs,01,Pressure_Pa,34,102016.24609375
gep01,00,2025-12-25,2026-01-28,gcrew,noaa_gefs,01,RH_percent_mean,34,86.29985618591309
gep01,00,2025-12-25,2026-01-28,gcrew,noaa_gefs,01,Rain_mm_sum,34,0.20000000298023224
gep01,00,2025-12-25,2026-01-28,gcrew,noaa_gefs,01,ShortwaveRadiation_Wm2,34,67.25
gep01,00,2025-12-25,2026-01-28,gcrew,noaa_gefs,01,WindSpeed_ms_mean,34,2.304446884715268
gep02,00,2025-12-25,2025-12-26,gcrew,noaa_gefs,02,AirTemp_C_mean,1,1.4191566467285384
gep02,00,2025-12-25,2025-12-26,gcrew,noaa_gefs,02,Pressure_Pa,1,101883.013671875
gep02,00,2025-12-25,2025-12-26,gcrew,noaa_gefs,02,RH_percent_mean,1,59.10939836502075
gep02,00,2025-12-25,2025-12-26,gcrew,noaa_gefs,02,Rain_mm_sum,1,5.929999861866236
gep02,00,2025-12-25,2025-12-26,gcrew,noaa_gefs,02,ShortwaveRadiation_Wm2,1,52.5
gep02,00,2025-12-25,2025-12-26,gcrew,noaa_gefs,02,WindSpeed_ms_mean,1,5.719543666158366
gep02,00,2025-12-25,2025-12-27,gcrew,noaa_gefs,02,AirTemp_C_mean,2,4.553342437744163
gep02,00,2025-12-25,2025-12-27,gcrew,noaa_gefs,02,Pressure_Pa,2,101374.94921875
gep02,00,2025-12-25,2025-12-27,gcrew,noaa_gefs,02,RH_percent_mean,2,78.51494789123535
gep02,00,2025-12-25,2025-12-27,gcrew,noaa_gefs,02,Rain_mm_sum,2,5.500000089406967
gep02,00,2025-12-25,2025-12-27,gcrew,noaa_gefs,02,ShortwaveRadiation_Wm2,2,106.25
gep02,00,2025-12-25,2025-12-27,gcrew,noaa_gefs,02,WindSpeed_ms_mean,2,6.923660931417801
gep02,00,2025-12-25,2025-12-28,gcrew,noaa_gefs,02,AirTemp_C_mean,3,3.017091369628929
gep02,00,2025-12-25,2025-12-28,gcrew,noaa_gefs,02,Pressure_Pa,3,102237.642578125
gep02,00,2025-12-25,2025-12-28,gcrew,noaa_gefs,02,RH_percent_mean,3,72.99352979660034
gep02,00,2025-12-25,2025-12-28,gcrew,noaa_gefs,02,Rain_mm_sum,3,0
gep02,00,2025-12-25,2025-12-28,gcrew,noaa_gefs,02,ShortwaveRadiation_Wm2,3,105
gep02,00,2025-12-25,2025-12-28,gcrew,noaa_gefs,02,WindSpeed_ms_mean,3,2.948875395899818
gep02,00,2025-12-25,2025-12-29,gcrew,noaa_gefs,02,AirTemp_C_mean,4,8.150354003906273
gep02,00,2025-12-25,2025-12-29,gcrew,noaa_gefs,02,Pressure_Pa,4,100520.205078125
gep02,00,2025-12-25,2025-12-29,gcrew,noaa_gefs,02,RH_percent_mean,4,75.22460079193115
gep02,00,2025-12-25,2025-12-29,gcrew,noaa_gefs,02,Rain_mm_sum,4,0.8000000268220901
gep02,00,2025-12-25,2025-12-29,gcrew,noaa_gefs,02,ShortwaveRadiation_Wm2,4,62.5
gep02,00,2025-12-25,2025-12-29,gcrew,noaa_gefs,02,WindSpeed_ms_mean,4,7.362543468483011
gep02,00,2025-12-25,2025-12-30,gcrew,noaa_gefs,02,AirTemp_C_mean,5,0.325959777832054
gep02,00,2025-12-25,2025-12-30,gcrew,noaa_gefs,02,Pressure_Pa,5,100803.0263671875
gep02,00,2025-12-25,2025-12-30,gcrew,noaa_gefs,02,RH_percent_mean,5,53.082125186920166
gep02,00,2025-12-25,2025-12-30,gcrew,noaa_gefs,02,Rain_mm_sum,5,0
gep02,00,2025-12-25,2025-12-30,gcrew,noaa_gefs,02,ShortwaveRadiation_Wm2,5,100.5
gep02,00,2025-12-25,2025-12-30,gcrew,noaa_gefs,02,WindSpeed_ms_mean,5,8.02044107296069
gep02,00,2025-12-25,2025-12-31,gcrew,noaa_gefs,02,AirTemp_C_mean,6,-0.5309776306152116
gep02,00,2025-12-25,2025-12-31,gcrew,noaa_gefs,02,Pressure_Pa,6,101757.0849609375
gep02,00,2025-12-25,2025-12-31,gcrew,noaa_gefs,02,RH_percent_mean,6,49.53283452987671
gep02,00,2025-12-25,2025-12-31,gcrew,noaa_gefs,02,Rain_mm_sum,6,0
gep02,00,2025-12-25,2025-12-31,gcrew,noaa_gefs,02,ShortwaveRadiation_Wm2,6,116.25
gep02,00,2025-12-25,2025-12-31,gcrew,noaa_gefs,02,WindSpeed_ms_mean,6,5.239858882636157
gep02,00,2025-12-25,2026-01-01,gcrew,noaa_gefs,02,AirTemp_C_mean,7,3.5077911376953352
gep02,00,2025-12-25,2026-01-01,gcrew,noaa_gefs,02,Pressure_Pa,7,101793.2197265625
gep02,00,2025-12-25,2026-01-01,gcrew,noaa_gefs,02,RH_percent_mean,7,61.349281787872314
gep02,00,2025-12-25,2026-01-01,gcrew,noaa_gefs,02,Rain_mm_sum,7,0
gep02,00,2025-12-25,2026-01-01,gcrew,noaa_gefs,02,ShortwaveRadiation_Wm2,7,87.5
gep02,00,2025-12-25,2026-01-01,gcrew,noaa_gefs,02,WindSpeed_ms_mean,7,4.304550169616287
gep02,00,2025-12-25,2026-01-02,gcrew,noaa_gefs,02,AirTemp_C_mean,8,5.137780761718773
gep02,00,2025-12-25,2026-01-02,gcrew,noaa_gefs,02,Pressure_Pa,8,101893.263671875
gep02,00,2025-12-25,2026-01-02,gcrew,noaa_gefs,02,RH_percent_mean,8,76.17369937896729
gep02,00,2025-12-25,2026-01-02,gcrew,noaa_gefs,02,Rain_mm_sum,8,0
gep02,00,2025-12-25,2026-01-02,gcrew,noaa_gefs,02,ShortwaveRadiation_Wm2,8,99.375
gep02,00,2025-12-25,2026-01-02,gcrew,noaa_gefs,02,WindSpeed_ms_mean,8,2.9946754157667765
gep02,00,2025-12-25,2026-01-03,gcrew,noaa_gefs,02,AirTemp_C_mean,9,7.461868722098237
gep02,00,2025-12-25,2026-01-03,gcrew,noaa_gefs,02,Pressure_Pa,9,101427.07589285714
gep02,00,2025-12-25,2026-01-03,gcrew,noaa_gefs,02,RH_percent_mean,9,83.19520568847656
gep02,00,2025-12-25,2026-01-03,gcrew,noaa_gefs,02,Rain_mm_sum,9,0.6100000236183405
gep02,00,2025-12-25,2026-01-03,gcrew,noaa_gefs,02,ShortwaveRadiation_Wm2,9,25.714285714285715
gep02,00,2025-12-25,2026-01-03,gcrew,noaa_gefs,02,WindSpeed_ms_mean,9,5.107335579865194
gep02,00,2025-12-25,2026-01-04,gcrew,noaa_gefs,02,AirTemp_C_mean,10,10.889909362792991
gep02,00,2025-12-25,2026-01-04,gcrew,noaa_gefs,02,Pressure_Pa,10,101268.140625
gep02,00,2025-12-25,2026-01-04,gcrew,noaa_gefs,02,RH_percent_mean,10,86.44726371765137
gep02,00,2025-12-25,2026-01-04,gcrew,noaa_gefs,02,Rain_mm_sum,10,0
gep02,00,2025-12-25,2026-01-04,gcrew,noaa_gefs,02,ShortwaveRadiation_Wm2,10,85
gep02,00,2025-12-25,2026-01-04,gcrew,noaa_gefs,02,WindSpeed_ms_mean,10,3.600210788901469
gep02,00,2025-12-25,2026-01-05,gcrew,noaa_gefs,02,AirTemp_C_mean,11,14.514237976074241
gep02,00,2025-12-25,2026-01-05,gcrew,noaa_gefs,02,Pressure_Pa,11,100406.498046875
gep02,00,2025-12-25,2026-01-05,gcrew,noaa_gefs,02,RH_percent_mean,11,85.23000907897949
gep02,00,2025-12-25,2026-01-05,gcrew,noaa_gefs,02,Rain_mm_sum,11,3.7000000178813934
gep02,00,2025-12-25,2026-01-05,gcrew,noaa_gefs,02,ShortwaveRadiation_Wm2,11,42.5
gep02,00,2025-12-25,2026-01-05,gcrew,noaa_gefs,02,WindSpeed_ms_mean,11,5.815003334458832
gep02,00,2025-12-25,2026-01-06,gcrew,noaa_gefs,02,AirTemp_C_mean,12,4.505242919921898
gep02,00,2025-12-25,2026-01-06,gcrew,noaa_gefs,02,Pressure_Pa,12,100507.328125
gep02,00,2025-12-25,2026-01-06,gcrew,noaa_gefs,02,RH_percent_mean,12,62.17771530151367
gep02,00,2025-12-25,2026-01-06,gcrew,noaa_gefs,02,Rain_mm_sum,12,2.100000001490116
gep02,00,2025-12-25,2026-01-06,gcrew,noaa_gefs,02,ShortwaveRadiation_Wm2,12,120
gep02,00,2025-12-25,2026-01-06,gcrew,noaa_gefs,02,WindSpeed_ms_mean,12,7.1292139542536495
gep02,00,2025-12-25,2026-01-07,gcrew,noaa_gefs,02,AirTemp_C_mean,13,3.4188171386718977
gep02,00,2025-12-25,2026-01-07,gcrew,noaa_gefs,02,Pressure_Pa,13,101833.490234375
gep02,00,2025-12-25,2026-01-07,gcrew,noaa_gefs,02,RH_percent_mean,13,53.679908752441406
gep02,00,2025-12-25,2026-01-07,gcrew,noaa_gefs,02,Rain_mm_sum,13,0
gep02,00,2025-12-25,2026-01-07,gcrew,noaa_gefs,02,ShortwaveRadiation_Wm2,13,117.5
gep02,00,2025-12-25,2026-01-07,gcrew,noaa_gefs,02,WindSpeed_ms_mean,13,6.966477756083384
gep02,00,2025-12-25,2026-01-08,gcrew,noaa_gefs,02,AirTemp_C_mean,14,7.357942199707054
gep02,00,2025-12-25,2026-01-08,gcrew,noaa_gefs,02,Pressure_Pa,14,102328.623046875
gep02,00,2025-12-25,2026-01-08,gcrew,noaa_gefs,02,RH_percent_mean,14,55.181633949279785
gep02,00,2025-12-25,2026-01-08,gcrew,noaa_gefs,02,Rain_mm_sum,14,0
gep02,00,2025-12-25,2026-01-08,gcrew,noaa_gefs,02,ShortwaveRadiation_Wm2,14,121.5
gep02,00,2025-12-25,2026-01-08,gcrew,noaa_gefs,02,WindSpeed_ms_mean,14,4.329537463391383
gep02,00,2025-12-25,2026-01-09,gcrew,noaa_gefs,02,AirTemp_C_mean,15,6.292359924316429
gep02,00,2025-12-25,2026-01-09,gcrew,noaa_gefs,02,Pressure_Pa,15,102513.65625
gep02,00,2025-12-25,2026-01-09,gcrew,noaa_gefs,02,RH_percent_mean,15,66.9400224685669
gep02,00,2025-12-25,2026-01-09,gcrew,noaa_gefs,02,Rain_mm_sum,15,0
gep02,00,2025-12-25,2026-01-09,gcrew,noaa_gefs,02,ShortwaveRadiation_Wm2,15,116.5
gep02,00,2025-12-25,2026-01-09,gcrew,noaa_gefs,02,WindSpeed_ms_mean,15,4.169523961397145
gep02,00,2025-12-25,2026-01-10,gcrew,noaa_gefs,02,AirTemp_C_mean,16,8.230760192871116
gep02,00,2025-12-25,2026-01-10,gcrew,noaa_gefs,02,Pressure_Pa,16,100988.9765625
gep02,00,2025-12-25,2026-01-10,gcrew,noaa_gefs,02,RH_percent_mean,16,92.44572067260742
gep02,00,2025-12-25,2026-01-10,gcrew,noaa_gefs,02,Rain_mm_sum,16,47.500000953674316
gep02,00,2025-12-25,2026-01-10,gcrew,noaa_gefs,02,ShortwaveRadiation_Wm2,16,3.5
gep02,00,2025-12-25,2026-01-10,gcrew,noaa_gefs,02,WindSpeed_ms_mean,16,9.299799855644833
gep02,00,2025-12-25,2026-01-11,gcrew,noaa_gefs,02,AirTemp_C_mean,17,0.273957824707054
gep02,00,2025-12-25,2026-01-11,gcrew,noaa_gefs,02,Pressure_Pa,17,101742.986328125
gep02,00,2025-12-25,2026-01-11,gcrew,noaa_gefs,02,RH_percent_mean,17,69.99894523620605
gep02,00,2025-12-25,2026-01-11,gcrew,noaa_gefs,02,Rain_mm_sum,17,7.200000002980232
gep02,00,2025-12-25,2026-01-11,gcrew,noaa_gefs,02,ShortwaveRadiation_Wm2,17,127.25
gep02,00,2025-12-25,2026-01-11,gcrew,noaa_gefs,02,WindSpeed_ms_mean,17,7.6638541985328805
gep02,00,2025-12-25,2026-01-12,gcrew,noaa_gefs,02,AirTemp_C_mean,18,2.171846008300804
gep02,00,2025-12-25,2026-01-12,gcrew,noaa_gefs,02,Pressure_Pa,18,102770.083984375
gep02,00,2025-12-25,2026-01-12,gcrew,noaa_gefs,02,RH_percent_mean,18,69.03396034240723
gep02,00,2025-12-25,2026-01-12,gcrew,noaa_gefs,02,Rain_mm_sum,18,0
gep02,00,2025-12-25,2026-01-12,gcrew,noaa_gefs,02,ShortwaveRadiation_Wm2,18,127.5
gep02,00,2025-12-25,2026-01-12,gcrew,noaa_gefs,02,WindSpeed_ms_mean,18,3.4622293096336105
gep02,00,2025-12-25,2026-01-13,gcrew,noaa_gefs,02,AirTemp_C_mean,19,3.1381164550781477
gep02,00,2025-12-25,2026-01-13,gcrew,noaa_gefs,02,Pressure_Pa,19,102732.630859375
gep02,00,2025-12-25,2026-01-13,gcrew,noaa_gefs,02,RH_percent_mean,19,70.09601783752441
gep02,00,2025-12-25,2026-01-13,gcrew,noaa_gefs,02,Rain_mm_sum,19,0
gep02,00,2025-12-25,2026-01-13,gcrew,noaa_gefs,02,ShortwaveRadiation_Wm2,19,116.5
gep02,00,2025-12-25,2026-01-13,gcrew,noaa_gefs,02,WindSpeed_ms_mean,19,3.4455094842593312
gep02,00,2025-12-25,2026-01-14,gcrew,noaa_gefs,02,AirTemp_C_mean,20,4.095193481445335
gep02,00,2025-12-25,2026-01-14,gcrew,noaa_gefs,02,Pressure_Pa,20,102669.79296875
gep02,00,2025-12-25,2026-01-14,gcrew,noaa_gefs,02,RH_percent_mean,20,83.62176322937012
gep02,00,2025-12-25,2026-01-14,gcrew,noaa_gefs,02,Rain_mm_sum,20,0
gep02,00,2025-12-25,2026-01-14,gcrew,noaa_gefs,02,ShortwaveRadiation_Wm2,20,117.75
gep02,00,2025-12-25,2026-01-14,gcrew,noaa_gefs,02,WindSpeed_ms_mean,20,2.7496518864059034
gep02,00,2025-12-25,2026-01-15,gcrew,noaa_gefs,02,AirTemp_C_mean,21,4.34229431152346
gep02,00,2025-12-25,2026-01-15,gcrew,noaa_gefs,02,Pressure_Pa,21,102705.73828125
gep02,00,2025-12-25,2026-01-15,gcrew,noaa_gefs,02,RH_percent_mean,21,87.58064270019531
gep02,00,2025-12-25,2026-01-15,gcrew,noaa_gefs,02,Rain_mm_sum,21,0.10000000149011612
gep02,00,2025-12-25,2026-01-15,gcrew,noaa_gefs,02,ShortwaveRadiation_Wm2,21,94.5
gep02,00,2025-12-25,2026-01-15,gcrew,noaa_gefs,02,WindSpeed_ms_mean,21,3.556685238735195
gep02,00,2025-12-25,2026-01-16,gcrew,noaa_gefs,02,AirTemp_C_mean,22,12.23005065917971
gep02,00,2025-12-25,2026-01-16,gcrew,noaa_gefs,02,Pressure_Pa,22,100937.822265625
gep02,00,2025-12-25,2026-01-16,gcrew,noaa_gefs,02,RH_percent_mean,22,94.87235832214355
gep02,00,2025-12-25,2026-01-16,gcrew,noaa_gefs,02,Rain_mm_sum,22,22.100001096725464
gep02,00,2025-12-25,2026-01-16,gcrew,noaa_gefs,02,ShortwaveRadiation_Wm2,22,9.75
gep02,00,2025-12-25,2026-01-16,gcrew,noaa_gefs,02,WindSpeed_ms_mean,22,7.712571493864753
gep02,00,2025-12-25,2026-01-17,gcrew,noaa_gefs,02,AirTemp_C_mean,23,8.732659912109398
gep02,00,2025-12-25,2026-01-17,gcrew,noaa_gefs,02,Pressure_Pa,23,101839.7109375
gep02,00,2025-12-25,2026-01-17,gcrew,noaa_gefs,02,RH_percent_mean,23,72.87350654602051
gep02,00,2025-12-25,2026-01-17,gcrew,noaa_gefs,02,Rain_mm_sum,23,0.800000011920929
gep02,00,2025-12-25,2026-01-17,gcrew,noaa_gefs,02,ShortwaveRadiation_Wm2,23,130
gep02,00,2025-12-25,2026-01-17,gcrew,noaa_gefs,02,WindSpeed_ms_mean,23,4.503928313302021
gep02,00,2025-12-25,2026-01-18,gcrew,noaa_gefs,02,AirTemp_C_mean,24,8.240655517578148
gep02,00,2025-12-25,2026-01-18,gcrew,noaa_gefs,02,Pressure_Pa,24,102885.134765625
gep02,00,2025-12-25,2026-01-18,gcrew,noaa_gefs,02,RH_percent_mean,24,67.80245590209961
gep02,00,2025-12-25,2026-01-18,gcrew,noaa_gefs,02,Rain_mm_sum,24,0
gep02,00,2025-12-25,2026-01-18,gcrew,noaa_gefs,02,ShortwaveRadiation_Wm2,24,128.5
gep02,00,2025-12-25,2026-01-18,gcrew,noaa_gefs,02,WindSpeed_ms_mean,24,3.7670321862484957
gep02,00,2025-12-25,2026-01-19,gcrew,noaa_gefs,02,AirTemp_C_mean,25,8.329751586914085
gep02,00,2025-12-25,2026-01-19,gcrew,noaa_gefs,02,Pressure_Pa,25,102533.533203125
gep02,00,2025-12-25,2026-01-19,gcrew,noaa_gefs,02,RH_percent_mean,25,78.15633964538574
gep02,00,2025-12-25,2026-01-19,gcrew,noaa_gefs,02,Rain_mm_sum,25,0
gep02,00,2025-12-25,2026-01-19,gcrew,noaa_gefs,02,ShortwaveRadiation_Wm2,25,60.75
gep02,00,2025-12-25,2026-01-19,gcrew,noaa_gefs,02,WindSpeed_ms_mean,25,5.590911795586785
gep02,00,2025-12-25,2026-01-20,gcrew,noaa_gefs,02,AirTemp_C_mean,26,8.121881103515648
gep02,00,2025-12-25,2026-01-20,gcrew,noaa_gefs,02,Pressure_Pa,26,101917.162109375
gep02,00,2025-12-25,2026-01-20,gcrew,noaa_gefs,02,RH_percent_mean,26,79.7828426361084
gep02,00,2025-12-25,2026-01-20,gcrew,noaa_gefs,02,Rain_mm_sum,26,0.699999988079071
gep02,00,2025-12-25,2026-01-20,gcrew,noaa_gefs,02,ShortwaveRadiation_Wm2,26,35
gep02,00,2025-12-25,2026-01-20,gcrew,noaa_gefs,02,WindSpeed_ms_mean,26,5.416574993003485
gep02,00,2025-12-25,2026-01-21,gcrew,noaa_gefs,02,AirTemp_C_mean,27,1.0910888671875227
gep02,00,2025-12-25,2026-01-21,gcrew,noaa_gefs,02,Pressure_Pa,27,102745.556640625
gep02,00,2025-12-25,2026-01-21,gcrew,noaa_gefs,02,RH_percent_mean,27,69.12549591064453
gep02,00,2025-12-25,2026-01-21,gcrew,noaa_gefs,02,Rain_mm_sum,27,1.2000000029802322
gep02,00,2025-12-25,2026-01-21,gcrew,noaa_gefs,02,ShortwaveRadiation_Wm2,27,28
gep02,00,2025-12-25,2026-01-21,gcrew,noaa_gefs,02,WindSpeed_ms_mean,27,5.47850488358735
gep02,00,2025-12-25,2026-01-22,gcrew,noaa_gefs,02,AirTemp_C_mean,28,5.676553344726585
gep02,00,2025-12-25,2026-01-22,gcrew,noaa_gefs,02,Pressure_Pa,28,100303.91796875
gep02,00,2025-12-25,2026-01-22,gcrew,noaa_gefs,02,RH_percent_mean,28,72.28020286560059
gep02,00,2025-12-25,2026-01-22,gcrew,noaa_gefs,02,Rain_mm_sum,28,11.300000190734863
gep02,00,2025-12-25,2026-01-22,gcrew,noaa_gefs,02,ShortwaveRadiation_Wm2,28,132
gep02,00,2025-12-25,2026-01-22,gcrew,noaa_gefs,02,WindSpeed_ms_mean,28,10.069496986572068
gep02,00,2025-12-25,2026-01-23,gcrew,noaa_gefs,02,AirTemp_C_mean,29,2.7060104370117415
gep02,00,2025-12-25,2026-01-23,gcrew,noaa_gefs,02,Pressure_Pa,29,101102.13671875
gep02,00,2025-12-25,2026-01-23,gcrew,noaa_gefs,02,RH_percent_mean,29,59.599411964416504
gep02,00,2025-12-25,2026-01-23,gcrew,noaa_gefs,02,Rain_mm_sum,29,0
gep02,00,2025-12-25,2026-01-23,gcrew,noaa_gefs,02,ShortwaveRadiation_Wm2,29,137.5
gep02,00,2025-12-25,2026-01-23,gcrew,noaa_gefs,02,WindSpeed_ms_mean,29,5.521899992654974
gep02,00,2025-12-25,2026-01-24,gcrew,noaa_gefs,02,AirTemp_C_mean,30,4.12842712402346
gep02,00,2025-12-25,2026-01-24,gcrew,noaa_gefs,02,Pressure_Pa,30,101227.48828125
gep02,00,2025-12-25,2026-01-24,gcrew,noaa_gefs,02,RH_percent_mean,30,72.47355461120605
gep02,00,2025-12-25,2026-01-24,gcrew,noaa_gefs,02,Rain_mm_sum,30,0
gep02,00,2025-12-25,2026-01-24,gcrew,noaa_gefs,02,ShortwaveRadiation_Wm2,30,127.25
gep02,00,2025-12-25,2026-01-24,gcrew,noaa_gefs,02,WindSpeed_ms_mean,30,5.117748884369503
gep02,00,2025-12-25,2026-01-25,gcrew,noaa_gefs,02,AirTemp_C_mean,31,-0.6562637329101335
gep02,00,2025-12-25,2026-01-25,gcrew,noaa_gefs,02,Pressure_Pa,31,101961.154296875
gep02,00,2025-12-25,2026-01-25,gcrew,noaa_gefs,02,RH_percent_mean,31,57.30247402191162
gep02,00,2025-12-25,2026-01-25,gcrew,noaa_gefs,02,Rain_mm_sum,31,0
gep02,00,2025-12-25,2026-01-25,gcrew,noaa_gefs,02,ShortwaveRadiation_Wm2,31,145.25
gep02,00,2025-12-25,2026-01-25,gcrew,noaa_gefs,02,WindSpeed_ms_mean,31,4.7448173419903386
gep02,00,2025-12-25,2026-01-26,gcrew,noaa_gefs,02,AirTemp_C_mean,32,2.824037170410179
gep02,00,2025-12-25,2026-01-26,gcrew,noaa_gefs,02,Pressure_Pa,32,101941.466796875
gep02,00,2025-12-25,2026-01-26,gcrew,noaa_gefs,02,RH_percent_mean,32,70.92254638671875
gep02,00,2025-12-25,2026-01-26,gcrew,noaa_gefs,02,Rain_mm_sum,32,0
gep02,00,2025-12-25,2026-01-26,gcrew,noaa_gefs,02,ShortwaveRadiation_Wm2,32,138.25
gep02,00,2025-12-25,2026-01-26,gcrew,noaa_gefs,02,WindSpeed_ms_mean,32,3.546680545310956
gep02,00,2025-12-25,2026-01-27,gcrew,noaa_gefs,02,AirTemp_C_mean,33,2.880342102050804
gep02,00,2025-12-25,2026-01-27,gcrew,noaa_gefs,02,Pressure_Pa,33,102457.599609375
gep02,00,2025-12-25,2026-01-27,gcrew,noaa_gefs,02,RH_percent_mean,33,78.3819751739502
gep02,00,2025-12-25,2026-01-27,gcrew,noaa_gefs,02,Rain_mm_sum,33,0
gep02,00,2025-12-25,2026-01-27,gcrew,noaa_gefs,02,ShortwaveRadiation_Wm2,33,142.5
gep02,00,2025-12-25,2026-01-27,gcrew,noaa_gefs,02,WindSpeed_ms_mean,33,3.633655032610908
gep02,00,2025-12-25,2026-01-28,gcrew,noaa_gefs,02,AirTemp_C_mean,34,4.36011657714846
gep02,00,2025-12-25,2026-01-28,gcrew,noaa_gefs,02,Pressure_Pa,34,102016.24609375
gep02,00,2025-12-25,2026-01-28,gcrew,noaa_gefs,02,RH_percent_mean,34,86.29985618591309
gep02,00,2025-12-25,2026-01-28,gcrew,noaa_gefs,02,Rain_mm_sum,34,0.20000000298023224
gep02,00,2025-12-25,2026-01-28,gcrew,noaa_gefs,02,ShortwaveRadiation_Wm2,34,67.25
gep02,00,2025-12-25,2026-01-28,gcrew,noaa_gefs,02,WindSpeed_ms_mean,34,2.304446884715268
gep03,00,2025-12-25,2025-12-26,gcrew,noaa_gefs,03,AirTemp_C_mean,1,1.4191566467285384
gep03,00,2025-12-25,2025-12-26,gcrew,noaa_gefs,03,Pressure_Pa,1,101883.013671875
gep03,00,2025-12-25,2025-12-26,gcrew,noaa_gefs,03,RH_percent_mean,1,59.10939836502075
gep03,00,2025-12-25,2025-12-26,gcrew,noaa_gefs,03,Rain_mm_sum,1,5.929999861866236
gep03,00,2025-12-25,2025-12-26,gcrew,noaa_gefs,03,ShortwaveRadiation_Wm2,1,52.5
gep03,00,2025-12-25,2025-12-26,gcrew,noaa_gefs,03,WindSpeed_ms_mean,1,5.719543666158366
gep03,00,2025-12-25,2025-12-27,gcrew,noaa_gefs,03,AirTemp_C_mean,2,4.553342437744163
gep03,00,2025-12-25,2025-12-27,gcrew,noaa_gefs,03,Pressure_Pa,2,101374.94921875
gep03,00,2025-12-25,2025-12-27,gcrew,noaa_gefs,03,RH_percent_mean,2,78.51494789123535
gep03,00,2025-12-25,2025-12-27,gcrew,noaa_gefs,03,Rain_mm_sum,2,5.500000089406967
gep03,00,2025-12-25,2025-12-27,gcrew,noaa_gefs,03,ShortwaveRadiation_Wm2,2,106.25
gep03,00,2025-12-25,2025-12-27,gcrew,noaa_gefs,03,WindSpeed_ms_mean,2,6.923660931417801
gep03,00,2025-12-25,2025-12-28,gcrew,noaa_gefs,03,AirTemp_C_mean,3,3.017091369628929
gep03,00,2025-12-25,2025-12-28,gcrew,noaa_gefs,03,Pressure_Pa,3,102237.642578125
gep03,00,2025-12-25,2025-12-28,gcrew,noaa_gefs,03,RH_percent_mean,3,72.99352979660034
gep03,00,2025-12-25,2025-12-28,gcrew,noaa_gefs,03,Rain_mm_sum,3,0
gep03,00,2025-12-25,2025-12-28,gcrew,noaa_gefs,03,ShortwaveRadiation_Wm2,3,105
gep03,00,2025-12-25,2025-12-28,gcrew,noaa_gefs,03,WindSpeed_ms_mean,3,2.948875395899818
gep03,00,2025-12-25,2025-12-29,gcrew,noaa_gefs,03,AirTemp_C_mean,4,8.150354003906273
gep03,00,2025-12-25,2025-12-29,gcrew,noaa_gefs,03,Pressure_Pa,4,100520.205078125
gep03,00,2025-12-25,2025-12-29,gcrew,noaa_gefs,03,RH_percent_mean,4,75.22460079193115
gep03,00,2025-12-25,2025-12-29,gcrew,noaa_gefs,03,Rain_mm_sum,4,0.8000000268220901
gep03,00,2025-12-25,2025-12-29,gcrew,noaa_gefs,03,ShortwaveRadiation_Wm2,4,62.5
gep03,00,2025-12-25,2025-12-29,gcrew,noaa_gefs,03,WindSpeed_ms_mean,4,7.362543468483011
gep03,00,2025-12-25,2025-12-30,gcrew,noaa_gefs,03,AirTemp_C_mean,5,0.325959777832054
gep03,00,2025-12-25,2025-12-30,gcrew,noaa_gefs,03,Pressure_Pa,5,100803.0263671875
gep03,00,2025-12-25,2025-12-30,gcrew,noaa_gefs,03,RH_percent_mean,5,53.082125186920166
gep03,00,2025-12-25,2025-12-30,gcrew,noaa_gefs,03,Rain_mm_sum,5,0
gep03,00,2025-12-25,2025-12-30,gcrew,noaa_gefs,03,ShortwaveRadiation_Wm2,5,100.5
gep03,00,2025-12-25,2025-12-30,gcrew,noaa_gefs,03,WindSpeed_ms_mean,5,8.02044107296069
gep03,00,2025-12-25,2025-12-31,gcrew,noaa_gefs,03,AirTemp_C_mean,6,-0.5309776306152116
gep03,00,2025-12-25,2025-12-31,gcrew,noaa_gefs,03,Pressure_Pa,6,101757.0849609375
gep03,00,2025-12-25,2025-12-31,gcrew,noaa_gefs,03,RH_percent_mean,6,49.53283452987671
gep03,00,2025-12-25,2025-12-31,gcrew,noaa_gefs,03,Rain_mm_sum,6,0
gep03,00,2025-12-25,2025-12-31,gcrew,noaa_gefs,03,ShortwaveRadiation_Wm2,6,116.25
gep03,00,2025-12-25,2025-12-31,gcrew,noaa_gefs,03,WindSpeed_ms_mean,6,5.239858882636157
gep03,00,2025-12-25,2026-01-01,gcrew,noaa_gefs,03,AirTemp_C_mean,7,3.5077911376953352
gep03,00,2025-12-25,2026-01-01,gcrew,noaa_gefs,03,Pressure_Pa,7,101793.2197265625
gep03,00,2025-12-25,2026-01-01,gcrew,noaa_gefs,03,RH_percent_mean,7,61.349281787872314
gep03,00,2025-12-25,2026-01-01,gcrew,noaa_gefs,03,Rain_mm_sum,7,0
gep03,00,2025-12-25,2026-01-01,gcrew,noaa_gefs,03,ShortwaveRadiation_Wm2,7,87.5
gep03,00,2025-12-25,2026-01-01,gcrew,noaa_gefs,03,WindSpeed_ms_mean,7,4.304550169616287
gep03,00,2025-12-25,2026-01-02,gcrew,noaa_gefs,03,AirTemp_C_mean,8,5.137780761718773
gep03,00,2025-12-25,2026-01-02,gcrew,noaa_gefs,03,Pressure_Pa,8,101893.263671875
gep03,00,2025-12-25,2026-01-02,gcrew,noaa_gefs,03,RH_percent_mean,8,76.17369937896729
gep03,00,2025-12-25,2026-01-02,gcrew,noaa_gefs,03,Rain_mm_sum,8,0
gep03,00,2025-12-25,2026-01-02,gcrew,noaa_gefs,03,ShortwaveRadiation_Wm2,8,99.375
gep03,00,2025-12-25,2026-01-02,gcrew,noaa_gefs,03,WindSpeed_ms_mean,8,2.9946754157667765
gep03,00,2025-12-25,2026-01-03,gcrew,noaa_gefs,03,AirTemp_C_mean,9,7.461868722098237
gep03,00,2025-12-25,2026-01-03,gcrew,noaa_gefs,03,Pressure_Pa,9,101427.07589285714
gep03,00,2025-12-25,2026-01-03,gcrew,noaa_gefs,03,RH_percent_mean,9,83.19520568847656
gep03,00,2025-12-25,2026-01-03,gcrew,noaa_gefs,03,Rain_mm_sum,9,0.6100000236183405
gep03,00,2025-12-25,2026-01-03,gcrew,noaa_gefs,03,ShortwaveRadiation_Wm2,9,25.714285714285715
gep03,00,2025-12-25,2026-01-03,gcrew,noaa_gefs,03,WindSpeed_ms_mean,9,5.107335579865194
gep03,00,2025-12-25,2026-01-04,gcrew,noaa_gefs,03,AirTemp_C_mean,10,10.889909362792991
gep03,00,2025-12-25,2026-01-04,gcrew,noaa_gefs,03,Pressure_Pa,10,101268.140625
gep03,00,2025-12-25,2026-01-04,gcrew,noaa_gefs,03,RH_percent_mean,10,86.44726371765137
gep03,00,2025-12-25,2026-01-04,gcrew,noaa_gefs,03,Rain_mm_sum,10,0
gep03,00,2025-12-25,2026-01-04,gcrew,noaa_gefs,03,ShortwaveRadiation_Wm2,10,85
gep03,00,2025-12-25,2026-01-04,gcrew,noaa_gefs,03,WindSpeed_ms_mean,10,3.600210788901469
gep03,00,2025-12-25,2026-01-05,gcrew,noaa_gefs,03,AirTemp_C_mean,11,14.514237976074241
gep03,00,2025-12-25,2026-01-05,gcrew,noaa_gefs,03,Pressure_Pa,11,100406.498046875
gep03,00,2025-12-25,2026-01-05,gcrew,noaa_gefs,03,RH_percent_mean,11,85.23000907897949
gep03,00,2025-12-25,2026-01-05,gcrew,noaa_gefs,03,Rain_mm_sum,11,3.7000000178813934
gep03,00,2025-12-25,2026-01-05,gcrew,noaa_gefs,03,ShortwaveRadiation_Wm2,11,42.5
gep03,00,2025-12-25,2026-01-05,gcrew,noaa_gefs,03,WindSpeed_ms_mean,11,5.815003334458832
gep03,00,2025-12-25,2026-01-06,gcrew,noaa_gefs,03,AirTemp_C_mean,12,4.505242919921898
gep03,00,2025-12-25,2026-01-06,gcrew,noaa_gefs,03,Pressure_Pa,12,100507.328125
gep03,00,2025-12-25,2026-01-06,gcrew,noaa_gefs,03,RH_percent_mean,12,62.17771530151367
gep03,00,2025-12-25,2026-01-06,gcrew,noaa_gefs,03,Rain_mm_sum,12,2.100000001490116
gep03,00,2025-12-25,2026-01-06,gcrew,noaa_gefs,03,ShortwaveRadiation_Wm2,12,120
gep03,00,2025-12-25,2026-01-06,gcrew,noaa_gefs,03,WindSpeed_ms_mean,12,7.1292139542536495
gep03,00,2025-12-25,2026-01-07,gcrew,noaa_gefs,03,AirTemp_C_mean,13,3.4188171386718977
gep03,00,2025-12-25,2026-01-07,gcrew,noaa_gefs,03,Pressure_Pa,13,101833.490234375
gep03,00,2025-12-25,2026-01-07,gcrew,noaa_gefs,03,RH_percent_mean,13,53.679908752441406
gep03,00,2025-12-25,2026-01-07,gcrew,noaa_gefs,03,Rain_mm_sum,13,0
gep03,00,2025-12-25,2026-01-07,gcrew,noaa_gefs,03,ShortwaveRadiation_Wm2,13,117.5
gep03,00,2025-12-25,2026-01-07,gcrew,noaa_gefs,03,WindSpeed_ms_mean,13,6.966477756083384
gep03,00,2025-12-25,2026-01-08,gcrew,noaa_gefs,03,AirTemp_C_mean,14,7.357942199707054
gep03,00,2025-12-25,2026-01-08,gcrew,noaa_gefs,03,Pressure_Pa,14,102328.623046875
gep03,00,2025-12-25,2026-01-08,gcrew,noaa_gefs,03,RH_percent_mean,14,55.181633949279785
gep03,00,2025-12-25,2026-01-08,gcrew,noaa_gefs,03,Rain_mm_sum,14,0
gep03,00,2025-12-25,2026-01-08,gcrew,noaa_gefs,03,ShortwaveRadiation_Wm2,14,121.5
gep03,00,2025-12-25,2026-01-08,gcrew,noaa_gefs,03,WindSpeed_ms_mean,14,4.329537463391383
gep03,00,2025-12-25,2026-01-09,gcrew,noaa_gefs,03,AirTemp_C_mean,15,6.292359924316429
gep03,00,2025-12-25,2026-01-09,gcrew,noaa_gefs,03,Pressure_Pa,15,102513.65625
gep03,00,2025-12-25,2026-01-09,gcrew,noaa_gefs,03,RH_percent_mean,15,66.9400224685669
gep03,00,2025-12-25,2026-01-09,gcrew,noaa_gefs,03,Rain_mm_sum,15,0
gep03,00,2025-12-25,2026-01-09,gcrew,noaa_gefs,03,ShortwaveRadiation_Wm2,15,116.5
gep03,00,2025-12-25,2026-01-09,gcrew,noaa_gefs,03,WindSpeed_ms_mean,15,4.169523961397145
gep03,00,2025-12-25,2026-01-10,gcrew,noaa_gefs,03,AirTemp_C_mean,16,8.230760192871116
gep03,00,2025-12-25,2026-01-10,gcrew,noaa_gefs,03,Pressure_Pa,16,100988.9765625
gep03,00,2025-12-25,2026-01-10,gcrew,noaa_gefs,03,RH_percent_mean,16,92.44572067260742
gep03,00,2025-12-25,2026-01-10,gcrew,noaa_gefs,03,Rain_mm_sum,16,47.500000953674316
gep03,00,2025-12-25,2026-01-10,gcrew,noaa_gefs,03,ShortwaveRadiation_Wm2,16,3.5
gep03,00,2025-12-25,2026-01-10,gcrew,noaa_gefs,03,WindSpeed_ms_mean,16,9.299799855644833
gep03,00,2025-12-25,2026-01-11,gcrew,noaa_gefs,03,AirTemp_C_mean,17,0.273957824707054
gep03,00,2025-12-25,2026-01-11,gcrew,noaa_gefs,03,Pressure_Pa,17,101742.986328125
gep03,00,2025-12-25,2026-01-11,gcrew,noaa_gefs,03,RH_percent_mean,17,69.99894523620605
gep03,00,2025-12-25,2026-01-11,gcrew,noaa_gefs,03,Rain_mm_sum,17,7.200000002980232
gep03,00,2025-12-25,2026-01-11,gcrew,noaa_gefs,03,ShortwaveRadiation_Wm2,17,127.25
gep03,00,2025-12-25,2026-01-11,gcrew,noaa_gefs,03,WindSpeed_ms_mean,17,7.6638541985328805
gep03,00,2025-12-25,2026-01-12,gcrew,noaa_gefs,03,AirTemp_C_mean,18,2.171846008300804
gep03,00,2025-12-25,2026-01-12,gcrew,noaa_gefs,03,Pressure_Pa,18,102770.083984375
gep03,00,2025-12-25,2026-01-12,gcrew,noaa_gefs,03,RH_percent_mean,18,69.03396034240723
gep03,00,2025-12-25,2026-01-12,gcrew,noaa_gefs,03,Rain_mm_sum,18,0
gep03,00,2025-12-25,2026-01-12,gcrew,noaa_gefs,03,ShortwaveRadiation_Wm2,18,127.5
gep03,00,2025-12-25,2026-01-12,gcrew,noaa_gefs,03,WindSpeed_ms_mean,18,3.4622293096336105
gep03,00,2025-12-25,2026-01-13,gcrew,noaa_gefs,03,AirTemp_C_mean,19,3.1381164550781477
gep03,00,2025-12-25,2026-01-13,gcrew,noaa_gefs,03,Pressure_Pa,19,102732.630859375
gep03,00,2025-12-25,2026-01-13,gcrew,noaa_gefs,03,RH_percent_mean,19,70.09601783752441
gep03,00,2025-12-25,2026-01-13,gcrew,noaa_gefs,03,Rain_mm_sum,19,0
gep03,00,2025-12-25,2026-01-13,gcrew,noaa_gefs,03,ShortwaveRadiation_Wm2,19,116.5
gep03,00,2025-12-25,2026-01-13,gcrew,noaa_gefs,03,WindSpeed_ms_mean,19,3.4455094842593312
gep03,00,2025-12-25,2026-01-14,gcrew,noaa_gefs,03,AirTemp_C_mean,20,4.095193481445335
gep03,00,2025-12-25,2026-01-14,gcrew,noaa_gefs,03,Pressure_Pa,20,102669.79296875
gep03,00,2025-12-25,2026-01-14,gcrew,noaa_gefs,03,RH_percent_mean,20,83.62176322937012
gep03,00,2025-12-25,2026-01-14,gcrew,noaa_gefs,03,Rain_mm_sum,20,0
gep03,00,2025-12-25,2026-01-14,gcrew,noaa_gefs,03,ShortwaveRadiation_Wm2,20,117.75
gep03,00,2025-12-25,2026-01-14,gcrew,noaa_gefs,03,WindSpeed_ms_mean,20,2.7496518864059034
gep03,00,2025-12-25,2026-01-15,gcrew,noaa_gefs,03,AirTemp_C_mean,21,4.34229431152346
gep03,00,2025-12-25,2026-01-15,gcrew,noaa_gefs,03,Pressure_Pa,21,102705.73828125
gep03,00,2025-12-25,2026-01-15,gcrew,noaa_gefs,03,RH_percent_mean,21,87.58064270019531
gep03,00,2025-12-25,2026-01-15,gcrew,noaa_gefs,03,Rain_mm_sum,21,0.10000000149011612
gep03,00,2025-12-25,2026-01-15,gcrew,noaa_gefs,03,ShortwaveRadiation_Wm2,21,94.5
gep03,00,2025-12-25,2026-01-15,gcrew,noaa_gefs,03,WindSpeed_ms_mean,21,3.556685238735195
gep03,00,2025-12-25,2026-01-16,gcrew,noaa_gefs,03,AirTemp_C_mean,22,12.23005065917971
gep03,00,2025-12-25,2026-01-16,gcrew,noaa_gefs,03,Pressure_Pa,22,100937.822265625
gep03,00,2025-12-25,2026-01-16,gcrew,noaa_gefs,03,RH_percent_mean,22,94.87235832214355
gep03,00,2025-12-25,2026-01-16,gcrew,noaa_gefs,03,Rain_mm_sum,22,22.100001096725464
gep03,00,2025-12-25,2026-01-16,gcrew,noaa_gefs,03,ShortwaveRadiation_Wm2,22,9.75
gep03,00,2025-12-25,2026-01-16,gcrew,noaa_gefs,03,WindSpeed_ms_mean,22,7.712571493864753
gep03,00,2025-12-25,2026-01-17,gcrew,noaa_gefs,03,AirTemp_C_mean,23,8.732659912109398
gep03,00,2025-12-25,2026-01-17,gcrew,noaa_gefs,03,Pressure_Pa,23,101839.7109375
gep03,00,2025-12-25,2026-01-17,gcrew,noaa_gefs,03,RH_percent_mean,23,72.87350654602051
gep03,00,2025-12-25,2026-01-17,gcrew,noaa_gefs,03,Rain_mm_sum,23,0.800000011920929
gep03,00,2025-12-25,2026-01-17,gcrew,noaa_gefs,03,ShortwaveRadiation_Wm2,23,130
gep03,00,2025-12-25,2026-01-17,gcrew,noaa_gefs,03,WindSpeed_ms_mean,23,4.503928313302021
gep03,00,2025-12-25,2026-01-18,gcrew,noaa_gefs,03,AirTemp_C_mean,24,8.240655517578148
gep03,00,2025-12-25,2026-01-18,gcrew,noaa_gefs,03,Pressure_Pa,24,102885.134765625
gep03,00,2025-12-25,2026-01-18,gcrew,noaa_gefs,03,RH_percent_mean,24,67.80245590209961
gep03,00,2025-12-25,2026-01-18,gcrew,noaa_gefs,03,Rain_mm_sum,24,0
gep03,00,2025-12-25,2026-01-18,gcrew,noaa_gefs,03,ShortwaveRadiation_Wm2,24,128.5
gep03,00,2025-12-25,2026-01-18,gcrew,noaa_gefs,03,WindSpeed_ms_mean,24,3.7670321862484957
gep03,00,2025-12-25,2026-01-19,gcrew,noaa_gefs,03,AirTemp_C_mean,25,8.329751586914085
gep03,00,2025-12-25,2026-01-19,gcrew,noaa_gefs,03,Pressure_Pa,25,102533.533203125
gep03,00,2025-12-25,2026-01-19,gcrew,noaa_gefs,03,RH_percent_mean,25,78.15633964538574
gep03,00,2025-12-25,2026-01-19,gcrew,noaa_gefs,03,Rain_mm_sum,25,0
gep03,00,2025-12-25,2026-01-19,gcrew,noaa_gefs,03,ShortwaveRadiation_Wm2,25,60.75
gep03,00,2025-12-25,2026-01-19,gcrew,noaa_gefs,03,WindSpeed_ms_mean,25,5.590911795586785
gep03,00,2025-12-25,2026-01-20,gcrew,noaa_gefs,03,AirTemp_C_mean,26,8.121881103515648
gep03,00,2025-12-25,2026-01-20,gcrew,noaa_gefs,03,Pressure_Pa,26,101917.162109375
gep03,00,2025-12-25,2026-01-20,gcrew,noaa_gefs,03,RH_percent_mean,26,79.7828426361084
gep03,00,2025-12-25,2026-01-20,gcrew,noaa_gefs,03,Rain_mm_sum,26,0.699999988079071
gep03,00,2025-12-25,2026-01-20,gcrew,noaa_gefs,03,ShortwaveRadiation_Wm2,26,35
gep03,00,2025-12-25,2026-01-20,gcrew,noaa_gefs,03,WindSpeed_ms_mean,26,5.416574993003485
gep03,00,2025-12-25,2026-01-21,gcrew,noaa_gefs,03,AirTemp_C_mean,27,1.0910888671875227
gep03,00,2025-12-25,2026-01-21,gcrew,noaa_gefs,03,Pressure_Pa,27,102745.556640625
gep03,00,2025-12-25,2026-01-21,gcrew,noaa_gefs,03,RH_percent_mean,27,69.12549591064453
gep03,00,2025-12-25,2026-01-21,gcrew,noaa_gefs,03,Rain_mm_sum,27,1.2000000029802322
gep03,00,2025-12-25,2026-01-21,gcrew,noaa_gefs,03,ShortwaveRadiation_Wm2,27,28
gep03,00,2025-12-25,2026-01-21,gcrew,noaa_gefs,03,WindSpeed_ms_mean,27,5.47850488358735
gep03,00,2025-12-25,2026-01-22,gcrew,noaa_gefs,03,AirTemp_C_mean,28,5.676553344726585
gep03,00,2025-12-25,2026-01-22,gcrew,noaa_gefs,03,Pressure_Pa,28,100303.91796875
gep03,00,2025-12-25,2026-01-22,gcrew,noaa_gefs,03,RH_percent_mean,28,72.28020286560059
gep03,00,2025-12-25,2026-01-22,gcrew,noaa_gefs,03,Rain_mm_sum,28,11.300000190734863
gep03,00,2025-12-25,2026-01-22,gcrew,noaa_gefs,03,ShortwaveRadiation_Wm2,28,132
gep03,00,2025-12-25,2026-01-22,gcrew,noaa_gefs,03,WindSpeed_ms_mean,28,10.069496986572068
gep03,00,2025-12-25,2026-01-23,gcrew,noaa_gefs,03,AirTemp_C_mean,29,2.7060104370117415
gep03,00,2025-12-25,2026-01-23,gcrew,noaa_gefs,03,Pressure_Pa,29,101102.13671875
gep03,00,2025-12-25,2026-01-23,gcrew,noaa_gefs,03,RH_percent_mean,29,59.599411964416504
gep03,00,2025-12-25,2026-01-23,gcrew,noaa_gefs,03,Rain_mm_sum,29,0
gep03,00,2025-12-25,2026-01-23,gcrew,noaa_gefs,03,ShortwaveRadiation_Wm2,29,137.5
gep03,00,2025-12-25,2026-01-23,gcrew,noaa_gefs,03,WindSpeed_ms_mean,29,5.521899992654974
gep03,00,2025-12-25,2026-01-24,gcrew,noaa_gefs,03,AirTemp_C_mean,30,4.12842712402346
gep03,00,2025-12-25,2026-01-24,gcrew,noaa_gefs,03,Pressure_Pa,30,101227.48828125
gep03,00,2025-12-25,2026-01-24,gcrew,noaa_gefs,03,RH_percent_mean,30,72.47355461120605
gep03,00,2025-12-25,2026-01-24,gcrew,noaa_gefs,03,Rain_mm_sum,30,0
gep03,00,2025-12-25,2026-01-24,gcrew,noaa_gefs,03,ShortwaveRadiation_Wm2,30,127.25
gep03,00,2025-12-25,2026-01-24,gcrew,noaa_gefs,03,WindSpeed_ms_mean,30,5.117748884369503
gep03,00,2025-12-25,2026-01-25,gcrew,noaa_gefs,03,AirTemp_C_mean,31,-0.6562637329101335
gep03,00,2025-12-25,2026-01-25,gcrew,noaa_gefs,03,Pressure_Pa,31,101961.154296875
gep03,00,2025-12-25,2026-01-25,gcrew,noaa_gefs,03,RH_percent_mean,31,57.30247402191162
gep03,00,2025-12-25,2026-01-25,gcrew,noaa_gefs,03,Rain_mm_sum,31,0
gep03,00,2025-12-25,2026-01-25,gcrew,noaa_gefs,03,ShortwaveRadiation_Wm2,31,145.25
gep03,00,2025-12-25,2026-01-25,gcrew,noaa_gefs,03,WindSpeed_ms_mean,31,4.7448173419903386
gep03,00,2025-12-25,2026-01-26,gcrew,noaa_gefs,03,AirTemp_C_mean,32,2.824037170410179
gep03,00,2025-12-25,2026-01-26,gcrew,noaa_gefs,03,Pressure_Pa,32,101941.466796875
gep03,00,2025-12-25,2026-01-26,gcrew,noaa_gefs,03,RH_percent_mean,32,70.92254638671875
gep03,00,2025-12-25,2026-01-26,gcrew,noaa_gefs,03,Rain_mm_sum,32,0
gep03,00,2025-12-25,2026-01-26,gcrew,noaa_gefs,03,ShortwaveRadiation_Wm2,32,138.25
gep03,00,2025-12-25,2026-01-26,gcrew,noaa_gefs,03,WindSpeed_ms_mean,32,3.546680545310956
gep03,00,2025-12-25,2026-01-27,gcrew,noaa_gefs,03,AirTemp_C_mean,33,2.880342102050804
gep03,00,2025-12-25,2026-01-27,gcrew,noaa_gefs,03,Pressure_Pa,33,102457.599609375
gep03,00,2025-12-25,2026-01-27,gcrew,noaa_gefs,03,RH_percent_mean,33,78.3819751739502
gep03,00,2025-12-25,2026-01-27,gcrew,noaa_gefs,03,Rain_mm_sum,33,0
gep03,00,2025-12-25,2026-01-27,gcrew,noaa_gefs,03,ShortwaveRadiation_Wm2,33,142.5
gep03,00,2025-12-25,2026-01-27,gcrew,noaa_gefs,03,WindSpeed_ms_mean,33,3.633655032610908
gep03,00,2025-12-25,2026-01-28,gcrew,noaa_gefs,03,AirTemp_C_mean,34,4.36011657714846
gep03,00,2025-12-25,2026-01-28,gcrew,noaa_gefs,03,Pressure_Pa,34,102016.24609375
gep03,00,2025-12-25,2026-01-28,gcrew,noaa_gefs,03,RH_percent_mean,34,86.29985618591309
gep03,00,2025-12-25,2026-01-28,gcrew,noaa_gefs,03,Rain_mm_sum,34,0.20000000298023224
gep03,00,2025-12-25,2026-01-28,gcrew,noaa_gefs,03,ShortwaveRadiation_Wm2,34,67.25
gep03,00,2025-12-25,2026-01-28,gcrew,noaa_gefs,03,WindSpeed_ms_mean,34,2.304446884715268
gep04,00,2025-12-25,2025-12-26,gcrew,noaa_gefs,04,AirTemp_C_mean,1,1.4191566467285384
gep04,00,2025-12-25,2025-12-26,gcrew,noaa_gefs,04,Pressure_Pa,1,101883.013671875
gep04,00,2025-12-25,2025-12-26,gcrew,noaa_gefs,04,RH_percent_mean,1,59.10939836502075
gep04,00,2025-12-25,2025-12-26,gcrew,noaa_gefs,04,Rain_mm_sum,1,5.929999861866236
gep04,00,2025-12-25,2025-12-26,gcrew,noaa_gefs,04,ShortwaveRadiation_Wm2,1,52.5
gep04,00,2025-12-25,2025-12-26,gcrew,noaa_gefs,04,WindSpeed_ms_mean,1,5.719543666158366
gep04,00,2025-12-25,2025-12-27,gcrew,noaa_gefs,04,AirTemp_C_mean,2,4.553342437744163
gep04,00,2025-12-25,2025-12-27,gcrew,noaa_gefs,04,Pressure_Pa,2,101374.94921875
gep04,00,2025-12-25,2025-12-27,gcrew,noaa_gefs,04,RH_percent_mean,2,78.51494789123535
gep04,00,2025-12-25,2025-12-27,gcrew,noaa_gefs,04,Rain_mm_sum,2,5.500000089406967
gep04,00,2025-12-25,2025-12-27,gcrew,noaa_gefs,04,ShortwaveRadiation_Wm2,2,106.25
gep04,00,2025-12-25,2025-12-27,gcrew,noaa_gefs,04,WindSpeed_ms_mean,2,6.923660931417801
gep04,00,2025-12-25,2025-12-28,gcrew,noaa_gefs,04,AirTemp_C_mean,3,3.017091369628929
gep04,00,2025-12-25,2025-12-28,gcrew,noaa_gefs,04,Pressure_Pa,3,102237.642578125
gep04,00,2025-12-25,2025-12-28,gcrew,noaa_gefs,04,RH_percent_mean,3,72.99352979660034
gep04,00,2025-12-25,2025-12-28,gcrew,noaa_gefs,04,Rain_mm_sum,3,0
gep04,00,2025-12-25,2025-12-28,gcrew,noaa_gefs,04,ShortwaveRadiation_Wm2,3,105
gep04,00,2025-12-25,2025-12-28,gcrew,noaa_gefs,04,WindSpeed_ms_mean,3,2.948875395899818
gep04,00,2025-12-25,2025-12-29,gcrew,noaa_gefs,04,AirTemp_C_mean,4,8.150354003906273
gep04,00,2025-12-25,2025-12-29,gcrew,noaa_gefs,04,Pressure_Pa,4,100520.205078125
gep04,00,2025-12-25,2025-12-29,gcrew,noaa_gefs,04,RH_percent_mean,4,75.22460079193115
gep04,00,2025-12-25,2025-12-29,gcrew,noaa_gefs,04,Rain_mm_sum,4,0.8000000268220901
gep04,00,2025-12-25,2025-12-29,gcrew,noaa_gefs,04,ShortwaveRadiation_Wm2,4,62.5
gep04,00,2025-12-25,2025-12-29,gcrew,noaa_gefs,04,WindSpeed_ms_mean,4,7.362543468483011
gep04,00,2025-12-25,2025-12-30,gcrew,noaa_gefs,04,AirTemp_C_mean,5,0.325959777832054
gep04,00,2025-12-25,2025-12-30,gcrew,noaa_gefs,04,Pressure_Pa,5,100803.0263671875
gep04,00,2025-12-25,2025-12-30,gcrew,noaa_gefs,04,RH_percent_mean,5,53.082125186920166
gep04,00,2025-12-25,2025-12-30,gcrew,noaa_gefs,04,Rain_mm_sum,5,0
gep04,00,2025-12-25,2025-12-30,gcrew,noaa_gefs,04,ShortwaveRadiation_Wm2,5,100.5
gep04,00,2025-12-25,2025-12-30,gcrew,noaa_gefs,04,WindSpeed_ms_mean,5,8.02044107296069
gep04,00,2025-12-25,2025-12-31,gcrew,noaa_gefs,04,AirTemp_C_mean,6,-0.5309776306152116
gep04,00,2025-12-25,2025-12-31,gcrew,noaa_gefs,04,Pressure_Pa,6,101757.0849609375
gep04,00,2025-12-25,2025-12-31,gcrew,noaa_gefs,04,RH_percent_mean,6,49.53283452987671
gep04,00,2025-12-25,2025-12-31,gcrew,noaa_gefs,04,Rain_mm_sum,6,0
gep04,00,2025-12-25,2025-12-31,gcrew,noaa_gefs,04,ShortwaveRadiation_Wm2,6,116.25
gep04,00,2025-12-25,2025-12-31,gcrew,noaa_gefs,04,WindSpeed_ms_mean,6,5.239858882636157
gep04,00,2025-12-25,2026-01-01,gcrew,noaa_gefs,04,AirTemp_C_mean,7,3.5077911376953352
gep04,00,2025-12-25,2026-01-01,gcrew,noaa_gefs,04,Pressure_Pa,7,101793.2197265625
gep04,00,2025-12-25,2026-01-01,gcrew,noaa_gefs,04,RH_percent_mean,7,61.349281787872314
gep04,00,2025-12-25,2026-01-01,gcrew,noaa_gefs,04,Rain_mm_sum,7,0
gep04,00,2025-12-25,2026-01-01,gcrew,noaa_gefs,04,ShortwaveRadiation_Wm2,7,87.5
gep04,00,2025-12-25,2026-01-01,gcrew,noaa_gefs,04,WindSpeed_ms_mean,7,4.304550169616287
gep04,00,2025-12-25,2026-01-02,gcrew,noaa_gefs,04,AirTemp_C_mean,8,5.137780761718773
gep04,00,2025-12-25,2026-01-02,gcrew,noaa_gefs,04,Pressure_Pa,8,101893.263671875
gep04,00,2025-12-25,2026-01-02,gcrew,noaa_gefs,04,RH_percent_mean,8,76.17369937896729
gep04,00,2025-12-25,2026-01-02,gcrew,noaa_gefs,04,Rain_mm_sum,8,0
gep04,00,2025-12-25,2026-01-02,gcrew,noaa_gefs,04,ShortwaveRadiation_Wm2,8,99.375
gep04,00,2025-12-25,2026-01-02,gcrew,noaa_gefs,04,WindSpeed_ms_mean,8,2.9946754157667765
gep04,00,2025-12-25,2026-01-03,gcrew,noaa_gefs,04,AirTemp_C_mean,9,7.461868722098237
gep04,00,2025-12-25,2026-01-03,gcrew,noaa_gefs,04,Pressure_Pa,9,101427.07589285714
gep04,00,2025-12-25,2026-01-03,gcrew,noaa_gefs,04,RH_percent_mean,9,83.19520568847656
gep04,00,2025-12-25,2026-01-03,gcrew,noaa_gefs,04,Rain_mm_sum,9,0.6100000236183405
gep04,00,2025-12-25,2026-01-03,gcrew,noaa_gefs,04,ShortwaveRadiation_Wm2,9,25.714285714285715
gep04,00,2025-12-25,2026-01-03,gcrew,noaa_gefs,04,WindSpeed_ms_mean,9,5.107335579865194
gep04,00,2025-12-25,2026-01-04,gcrew,noaa_gefs,04,AirTemp_C_mean,10,10.889909362792991
gep04,00,2025-12-25,2026-01-04,gcrew,noaa_gefs,04,Pressure_Pa,10,101268.140625
gep04,00,2025-12-25,2026-01-04,gcrew,noaa_gefs,04,RH_percent_mean,10,86.44726371765137
gep04,00,2025-12-25,2026-01-04,gcrew,noaa_gefs,04,Rain_mm_sum,10,0
gep04,00,2025-12-25,2026-01-04,gcrew,noaa_gefs,04,ShortwaveRadiation_Wm2,10,85
gep04,00,2025-12-25,2026-01-04,gcrew,noaa_gefs,04,WindSpeed_ms_mean,10,3.600210788901469
gep04,00,2025-12-25,2026-01-05,gcrew,noaa_gefs,04,AirTemp_C_mean,11,14.514237976074241
gep04,00,2025-12-25,2026-01-05,gcrew,noaa_gefs,04,Pressure_Pa,11,100406.498046875
gep04,00,2025-12-25,2026-01-05,gcrew,noaa_gefs,04,RH_percent_mean,11,85.23000907897949
gep04,00,2025-12-25,2026-01-05,gcrew,noaa_gefs,04,Rain_mm_sum,11,3.7000000178813934
gep04,00,2025-12-25,2026-01-05,gcrew,noaa_gefs,04,ShortwaveRadiation_Wm2,11,42.5
gep04,00,2025-12-25,2026-01-05,gcrew,noaa_gefs,04,WindSpeed_ms_mean,11,5.815003334458832
gep04,00,2025-12-25,2026-01-06,gcrew,noaa_gefs,04,AirTemp_C_mean,12,4.505242919921898
gep04,00,2025-12-25,2026-01-06,gcrew,noaa_gefs,04,Pressure_Pa,12,100507.328125
gep04,00,2025-12-25,2026-01-06,gcrew,noaa_gefs,04,RH_percent_mean,12,62.17771530151367
gep04,00,2025-12-25,2026-01-06,gcrew,noaa_gefs,04,Rain_mm_sum,12,2.100000001490116
gep04,00,2025-12-25,2026-01-06,gcrew,noaa_gefs,04,ShortwaveRadiation_Wm2,12,120
gep04,00,2025-12-25,2026-01-06,gcrew,noaa_gefs,04,WindSpeed_ms_mean,12,7.1292139542536495
gep04,00,2025-12-25,2026-01-07,gcrew,noaa_gefs,04,AirTemp_C_mean,13,3.4188171386718977
gep04,00,2025-12-25,2026-01-07,gcrew,noaa_gefs,04,Pressure_Pa,13,101833.490234375
gep04,00,2025-12-25,2026-01-07,gcrew,noaa_gefs,04,RH_percent_mean,13,53.679908752441406
gep04,00,2025-12-25,2026-01-07,gcrew,noaa_gefs,04,Rain_mm_sum,13,0
gep04,00,2025-12-25,2026-01-07,gcrew,noaa_gefs,04,ShortwaveRadiation_Wm2,13,117.5
gep04,00,2025-12-25,2026-01-07,gcrew,noaa_gefs,04,WindSpeed_ms_mean,13,6.966477756083384
gep04,00,2025-12-25,2026-01-08,gcrew,noaa_gefs,04,AirTemp_C_mean,14,7.357942199707054
gep04,00,2025-12-25,2026-01-08,gcrew,noaa_gefs,04,Pressure_Pa,14,102328.623046875
gep04,00,2025-12-25,2026-01-08,gcrew,noaa_gefs,04,RH_percent_mean,14,55.181633949279785
gep04,00,2025-12-25,2026-01-08,gcrew,noaa_gefs,04,Rain_mm_sum,14,0
gep04,00,2025-12-25,2026-01-08,gcrew,noaa_gefs,04,ShortwaveRadiation_Wm2,14,121.5
gep04,00,2025-12-25,2026-01-08,gcrew,noaa_gefs,04,WindSpeed_ms_mean,14,4.329537463391383
gep04,00,2025-12-25,2026-01-09,gcrew,noaa_gefs,04,AirTemp_C_mean,15,6.292359924316429
gep04,00,2025-12-25,2026-01-09,gcrew,noaa_gefs,04,Pressure_Pa,15,102513.65625
gep04,00,2025-12-25,2026-01-09,gcrew,noaa_gefs,04,RH_percent_mean,15,66.9400224685669
gep04,00,2025-12-25,2026-01-09,gcrew,noaa_gefs,04,Rain_mm_sum,15,0
gep04,00,2025-12-25,2026-01-09,gcrew,noaa_gefs,04,ShortwaveRadiation_Wm2,15,116.5
gep04,00,2025-12-25,2026-01-09,gcrew,noaa_gefs,04,WindSpeed_ms_mean,15,4.169523961397145
gep04,00,2025-12-25,2026-01-10,gcrew,noaa_gefs,04,AirTemp_C_mean,16,8.230760192871116
gep04,00,2025-12-25,2026-01-10,gcrew,noaa_gefs,04,Pressure_Pa,16,100988.9765625
gep04,00,2025-12-25,2026-01-10,gcrew,noaa_gefs,04,RH_percent_mean,16,92.44572067260742
gep04,00,2025-12-25,2026-01-10,gcrew,noaa_gefs,04,Rain_mm_sum,16,47.500000953674316
gep04,00,2025-12-25,2026-01-10,gcrew,noaa_gefs,04,ShortwaveRadiation_Wm2,16,3.5
gep04,00,2025-12-25,2026-01-10,gcrew,noaa_gefs,04,WindSpeed_ms_mean,16,9.299799855644833
gep04,00,2025-12-25,2026-01-11,gcrew,noaa_gefs,04,AirTemp_C_mean,17,0.273957824707054
gep04,00,2025-12-25,2026-01-11,gcrew,noaa_gefs,04,Pressure_Pa,17,101742.986328125
gep04,00,2025-12-25,2026-01-11,gcrew,noaa_gefs,04,RH_percent_mean,17,69.99894523620605
gep04,00,2025-12-25,2026-01-11,gcrew,noaa_gefs,04,Rain_mm_sum,17,7.200000002980232
gep04,00,2025-12-25,2026-01-11,gcrew,noaa_gefs,04,ShortwaveRadiation_Wm2,17,127.25
gep04,00,2025-12-25,2026-01-11,gcrew,noaa_gefs,04,WindSpeed_ms_mean,17,7.6638541985328805
gep04,00,2025-12-25,2026-01-12,gcrew,noaa_gefs,04,AirTemp_C_mean,18,2.171846008300804
gep04,00,2025-12-25,2026-01-12,gcrew,noaa_gefs,04,Pressure_Pa,18,102770.083984375
gep04,00,2025-12-25,2026-01-12,gcrew,noaa_gefs,04,RH_percent_mean,18,69.03396034240723
gep04,00,2025-12-25,2026-01-12,gcrew,noaa_gefs,04,Rain_mm_sum,18,0
gep04,00,2025-12-25,2026-01-12,gcrew,noaa_gefs,04,ShortwaveRadiation_Wm2,18,127.5
gep04,00,2025-12-25,2026-01-12,gcrew,noaa_gefs,04,WindSpeed_ms_mean,18,3.4622293096336105
gep04,00,2025-12-25,2026-01-13,gcrew,noaa_gefs,04,AirTemp_C_mean,19,3.1381164550781477
gep04,00,2025-12-25,2026-01-13,gcrew,noaa_gefs,04,Pressure_Pa,19,102732.630859375
gep04,00,2025-12-25,2026-01-13,gcrew,noaa_gefs,04,RH_percent_mean,19,70.09601783752441
gep04,00,2025-12-25,2026-01-13,gcrew,noaa_gefs,04,Rain_mm_sum,19,0
gep04,00,2025-12-25,2026-01-13,gcrew,noaa_gefs,04,ShortwaveRadiation_Wm2,19,116.5
gep04,00,2025-12-25,2026-01-13,gcrew,noaa_gefs,04,WindSpeed_ms_mean,19,3.4455094842593312
gep04,00,2025-12-25,2026-01-14,gcrew,noaa_gefs,04,AirTemp_C_mean,20,4.095193481445335
gep04,00,2025-12-25,2026-01-14,gcrew,noaa_gefs,04,Pressure_Pa,20,102669.79296875
gep04,00,2025-12-25,2026-01-14,gcrew,noaa_gefs,04,RH_percent_mean,20,83.62176322937012
gep04,00,2025-12-25,2026-01-14,gcrew,noaa_gefs,04,Rain_mm_sum,20,0
gep04,00,2025-12-25,2026-01-14,gcrew,noaa_gefs,04,ShortwaveRadiation_Wm2,20,117.75
gep04,00,2025-12-25,2026-01-14,gcrew,noaa_gefs,04,WindSpeed_ms_mean,20,2.7496518864059034
gep04,00,2025-12-25,2026-01-15,gcrew,noaa_gefs,04,AirTemp_C_mean,21,4.34229431152346
gep04,00,2025-12-25,2026-01-15,gcrew,noaa_gefs,04,Pressure_Pa,21,102705.73828125
gep04,00,2025-12-25,2026-01-15,gcrew,noaa_gefs,04,RH_percent_mean,21,87.58064270019531
gep04,00,2025-12-25,2026-01-15,gcrew,noaa_gefs,04,Rain_mm_sum,21,0.10000000149011612
gep04,00,2025-12-25,2026-01-15,gcrew,noaa_gefs,04,ShortwaveRadiation_Wm2,21,94.5
gep04,00,2025-12-25,2026-01-15,gcrew,noaa_gefs,04,WindSpeed_ms_mean,21,3.556685238735195
gep04,00,2025-12-25,2026-01-16,gcrew,noaa_gefs,04,AirTemp_C_mean,22,12.23005065917971
gep04,00,2025-12-25,2026-01-16,gcrew,noaa_gefs,04,Pressure_Pa,22,100937.822265625
gep04,00,2025-12-25,2026-01-16,gcrew,noaa_gefs,04,RH_percent_mean,22,94.87235832214355
gep04,00,2025-12-25,2026-01-16,gcrew,noaa_gefs,04,Rain_mm_sum,22,22.100001096725464
gep04,00,2025-12-25,2026-01-16,gcrew,noaa_gefs,04,ShortwaveRadiation_Wm2,22,9.75
gep04,00,2025-12-25,2026-01-16,gcrew,noaa_gefs,04,WindSpeed_ms_mean,22,7.712571493864753
gep04,00,2025-12-25,2026-01-17,gcrew,noaa_gefs,04,AirTemp_C_mean,23,8.732659912109398
gep04,00,2025-12-25,2026-01-17,gcrew,noaa_gefs,04,Pressure_Pa,23,101839.7109375
gep04,00,2025-12-25,2026-01-17,gcrew,noaa_gefs,04,RH_percent_mean,23,72.87350654602051
gep04,00,2025-12-25,2026-01-17,gcrew,noaa_gefs,04,Rain_mm_sum,23,0.800000011920929
gep04,00,2025-12-25,2026-01-17,gcrew,noaa_gefs,04,ShortwaveRadiation_Wm2,23,130
gep04,00,2025-12-25,2026-01-17,gcrew,noaa_gefs,04,WindSpeed_ms_mean,23,4.503928313302021
gep04,00,2025-12-25,2026-01-18,gcrew,noaa_gefs,04,AirTemp_C_mean,24,8.240655517578148
gep04,00,2025-12-25,2026-01-18,gcrew,noaa_gefs,04,Pressure_Pa,24,102885.134765625
gep04,00,2025-12-25,2026-01-18,gcrew,noaa_gefs,04,RH_percent_mean,24,67.80245590209961
gep04,00,2025-12-25,2026-01-18,gcrew,noaa_gefs,04,Rain_mm_sum,24,0
gep04,00,2025-12-25,2026-01-18,gcrew,noaa_gefs,04,ShortwaveRadiation_Wm2,24,128.5
gep04,00,2025-12-25,2026-01-18,gcrew,noaa_gefs,04,WindSpeed_ms_mean,24,3.7670321862484957
gep04,00,2025-12-25,2026-01-19,gcrew,noaa_gefs,04,AirTemp_C_mean,25,8.329751586914085
gep04,00,2025-12-25,2026-01-19,gcrew,noaa_gefs,04,Pressure_Pa,25,102533.533203125
gep04,00,2025-12-25,2026-01-19,gcrew,noaa_gefs,04,RH_percent_mean,25,78.15633964538574
gep04,00,2025-12-25,2026-01-19,gcrew,noaa_gefs,04,Rain_mm_sum,25,0
gep04,00,2025-12-25,2026-01-19,gcrew,noaa_gefs,04,ShortwaveRadiation_Wm2,25,60.75
gep04,00,2025-12-25,2026-01-19,gcrew,noaa_gefs,04,WindSpeed_ms_mean,25,5.590911795586785
gep04,00,2025-12-25,2026-01-20,gcrew,noaa_gefs,04,AirTemp_C_mean,26,8.121881103515648
gep04,00,2025-12-25,2026-01-20,gcrew,noaa_gefs,04,Pressure_Pa,26,101917.162109375
gep04,00,2025-12-25,2026-01-20,gcrew,noaa_gefs,04,RH_percent_mean,26,79.7828426361084
gep04,00,2025-12-25,2026-01-20,gcrew,noaa_gefs,04,Rain_mm_sum,26,0.699999988079071
gep04,00,2025-12-25,2026-01-20,gcrew,noaa_gefs,04,ShortwaveRadiation_Wm2,26,35
gep04,00,2025-12-25,2026-01-20,gcrew,noaa_gefs,04,WindSpeed_ms_mean,26,5.416574993003485
gep04,00,2025-12-25,2026-01-21,gcrew,noaa_gefs,04,AirTemp_C_mean,27,1.0910888671875227
gep04,00,2025-12-25,2026-01-21,gcrew,noaa_gefs,04,Pressure_Pa,27,102745.556640625
gep04,00,2025-12-25,2026-01-21,gcrew,noaa_gefs,04,RH_percent_mean,27,69.12549591064453
gep04,00,2025-12-25,2026-01-21,gcrew,noaa_gefs,04,Rain_mm_sum,27,1.2000000029802322
gep04,00,2025-12-25,2026-01-21,gcrew,noaa_gefs,04,ShortwaveRadiation_Wm2,27,28
gep04,00,2025-12-25,2026-01-21,gcrew,noaa_gefs,04,WindSpeed_ms_mean,27,5.47850488358735
gep04,00,2025-12-25,2026-01-22,gcrew,noaa_gefs,04,AirTemp_C_mean,28,5.676553344726585
gep04,00,2025-12-25,2026-01-22,gcrew,noaa_gefs,04,Pressure_Pa,28,100303.91796875
gep04,00,2025-12-25,2026-01-22,gcrew,noaa_gefs,04,RH_percent_mean,28,72.28020286560059
gep04,00,2025-12-25,2026-01-22,gcrew,noaa_gefs,04,Rain_mm_sum,28,11.300000190734863
gep04,00,2025-12-25,2026-01-22,gcrew,noaa_gefs,04,ShortwaveRadiation_Wm2,28,132
gep04,00,2025-12-25,2026-01-22,gcrew,noaa_gefs,04,WindSpeed_ms_mean,28,10.069496986572068
gep04,00,2025-12-25,2026-01-23,gcrew,noaa_gefs,04,AirTemp_C_mean,29,2.7060104370117415
gep04,00,2025-12-25,2026-01-23,gcrew,noaa_gefs,04,Pressure_Pa,29,101102.13671875
gep04,00,2025-12-25,2026-01-23,gcrew,noaa_gefs,04,RH_percent_mean,29,59.599411964416504
gep04,00,2025-12-25,2026-01-23,gcrew,noaa_gefs,04,Rain_mm_sum,29,0
gep04,00,2025-12-25,2026-01-23,gcrew,noaa_gefs,04,ShortwaveRadiation_Wm2,29,137.5
gep04,00,2025-12-25,2026-01-23,gcrew,noaa_gefs,04,WindSpeed_ms_mean,29,5.521899992654974
gep04,00,2025-12-25,2026-01-24,gcrew,noaa_gefs,04,AirTemp_C_mean,30,4.12842712402346
gep04,00,2025-12-25,2026-01-24,gcrew,noaa_gefs,04,Pressure_Pa,30,101227.48828125
gep04,00,2025-12-25,2026-01-24,gcrew,noaa_gefs,04,RH_percent_mean,30,72.47355461120605
gep04,00,2025-12-25,2026-01-24,gcrew,noaa_gefs,04,Rain_mm_sum,30,0
gep04,00,2025-12-25,2026-01-24,gcrew,noaa_gefs,04,ShortwaveRadiation_Wm2,30,127.25
gep04,00,2025-12-25,2026-01-24,gcrew,noaa_gefs,04,WindSpeed_ms_mean,30,5.117748884369503
gep04,00,2025-12-25,2026-01-25,gcrew,noaa_gefs,04,AirTemp_C_mean,31,-0.6562637329101335
gep04,00,2025-12-25,2026-01-25,gcrew,noaa_gefs,04,Pressure_Pa,31,101961.154296875
gep04,00,2025-12-25,2026-01-25,gcrew,noaa_gefs,04,RH_percent_mean,31,57.30247402191162
gep04,00,2025-12-25,2026-01-25,gcrew,noaa_gefs,04,Rain_mm_sum,31,0
gep04,00,2025-12-25,2026-01-25,gcrew,noaa_gefs,04,ShortwaveRadiation_Wm2,31,145.25
gep04,00,2025-12-25,2026-01-25,gcrew,noaa_gefs,04,WindSpeed_ms_mean,31,4.7448173419903386
gep04,00,2025-12-25,2026-01-26,gcrew,noaa_gefs,04,AirTemp_C_mean,32,2.824037170410179
gep04,00,2025-12-25,2026-01-26,gcrew,noaa_gefs,04,Pressure_Pa,32,101941.466796875
gep04,00,2025-12-25,2026-01-26,gcrew,noaa_gefs,04,RH_percent_mean,32,70.92254638671875
gep04,00,2025-12-25,2026-01-26,gcrew,noaa_gefs,04,Rain_mm_sum,32,0
gep04,00,2025-12-25,2026-01-26,gcrew,noaa_gefs,04,ShortwaveRadiation_Wm2,32,138.25
gep04,00,2025-12-25,2026-01-26,gcrew,noaa_gefs,04,WindSpeed_ms_mean,32,3.546680545310956
gep04,00,2025-12-25,2026-01-27,gcrew,noaa_gefs,04,AirTemp_C_mean,33,2.880342102050804
gep04,00,2025-12-25,2026-01-27,gcrew,noaa_gefs,04,Pressure_Pa,33,102457.599609375
gep04,00,2025-12-25,2026-01-27,gcrew,noaa_gefs,04,RH_percent_mean,33,78.3819751739502
gep04,00,2025-12-25,2026-01-27,gcrew,noaa_gefs,04,Rain_mm_sum,33,0
gep04,00,2025-12-25,2026-01-27,gcrew,noaa_gefs,04,ShortwaveRadiation_Wm2,33,142.5
gep04,00,2025-12-25,2026-01-27,gcrew,noaa_gefs,04,WindSpeed_ms_mean,33,3.633655032610908
gep04,00,2025-12-25,2026-01-28,gcrew,noaa_gefs,04,AirTemp_C_mean,34,4.36011657714846
gep04,00,2025-12-25,2026-01-28,gcrew,noaa_gefs,04,Pressure_Pa,34,102016.24609375
gep04,00,2025-12-25,2026-01-28,gcrew,noaa_gefs,04,RH_percent_mean,34,86.29985618591309
gep04,00,2025-12-25,2026-01-28,gcrew,noaa_gefs,04,Rain_mm_sum,34,0.20000000298023224
gep04,00,2025-12-25,2026-01-28,gcrew,noaa_gefs,04,ShortwaveRadiation_Wm2,34,67.25
gep04,00,2025-12-25,2026-01-28,gcrew,noaa_gefs,04,WindSpeed_ms_mean,34,2.304446884715268
gep05,00,2025-12-25,2025-12-26,gcrew,noaa_gefs,05,AirTemp_C_mean,1,1.4191566467285384
gep05,00,2025-12-25,2025-12-26,gcrew,noaa_gefs,05,Pressure_Pa,1,101883.013671875
gep05,00,2025-12-25,2025-12-26,gcrew,noaa_gefs,05,RH_percent_mean,1,59.10939836502075
gep05,00,2025-12-25,2025-12-26,gcrew,noaa_gefs,05,Rain_mm_sum,1,5.929999861866236
gep05,00,2025-12-25,2025-12-26,gcrew,noaa_gefs,05,ShortwaveRadiation_Wm2,1,52.5
gep05,00,2025-12-25,2025-12-26,gcrew,noaa_gefs,05,WindSpeed_ms_mean,1,5.719543666158366
gep05,00,2025-12-25,2025-12-27,gcrew,noaa_gefs,05,AirTemp_C_mean,2,4.553342437744163
gep05,00,2025-12-25,2025-12-27,gcrew,noaa_gefs,05,Pressure_Pa,2,101374.94921875
gep05,00,2025-12-25,2025-12-27,gcrew,noaa_gefs,05,RH_percent_mean,2,78.51494789123535
gep05,00,2025-12-25,2025-12-27,gcrew,noaa_gefs,05,Rain_mm_sum,2,5.500000089406967
gep05,00,2025-12-25,2025-12-27,gcrew,noaa_gefs,05,ShortwaveRadiation_Wm2,2,106.25
gep05,00,2025-12-25,2025-12-27,gcrew,noaa_gefs,05,WindSpeed_ms_mean,2,6.923660931417801
gep05,00,2025-12-25,2025-12-28,gcrew,noaa_gefs,05,AirTemp_C_mean,3,3.017091369628929
gep05,00,2025-12-25,2025-12-28,gcrew,noaa_gefs,05,Pressure_Pa,3,102237.642578125
gep05,00,2025-12-25,2025-12-28,gcrew,noaa_gefs,05,RH_percent_mean,3,72.99352979660034
gep05,00,2025-12-25,2025-12-28,gcrew,noaa_gefs,05,Rain_mm_sum,3,0
gep05,00,2025-12-25,2025-12-28,gcrew,noaa_gefs,05,ShortwaveRadiation_Wm2,3,105
gep05,00,2025-12-25,2025-12-28,gcrew,noaa_gefs,05,WindSpeed_ms_mean,3,2.948875395899818
gep05,00,2025-12-25,2025-12-29,gcrew,noaa_gefs,05,AirTemp_C_mean,4,8.150354003906273
gep05,00,2025-12-25,2025-12-29,gcrew,noaa_gefs,05,Pressure_Pa,4,100520.205078125
gep05,00,2025-12-25,2025-12-29,gcrew,noaa_gefs,05,RH_percent_mean,4,75.22460079193115
gep05,00,2025-12-25,2025-12-29,gcrew,noaa_gefs,05,Rain_mm_sum,4,0.8000000268220901
gep05,00,2025-12-25,2025-12-29,gcrew,noaa_gefs,05,ShortwaveRadiation_Wm2,4,62.5
gep05,00,2025-12-25,2025-12-29,gcrew,noaa_gefs,05,WindSpeed_ms_mean,4,7.362543468483011
gep05,00,2025-12-25,2025-12-30,gcrew,noaa_gefs,05,AirTemp_C_mean,5,0.325959777832054
gep05,00,2025-12-25,2025-12-30,gcrew,noaa_gefs,05,Pressure_Pa,5,100803.0263671875
gep05,00,2025-12-25,2025-12-30,gcrew,noaa_gefs,05,RH_percent_mean,5,53.082125186920166
gep05,00,2025-12-25,2025-12-30,gcrew,noaa_gefs,05,Rain_mm_sum,5,0
gep05,00,2025-12-25,2025-12-30,gcrew,noaa_gefs,05,ShortwaveRadiation_Wm2,5,100.5
gep05,00,2025-12-25,2025-12-30,gcrew,noaa_gefs,05,WindSpeed_ms_mean,5,8.02044107296069
gep05,00,2025-12-25,2025-12-31,gcrew,noaa_gefs,05,AirTemp_C_mean,6,-0.5309776306152116
gep05,00,2025-12-25,2025-12-31,gcrew,noaa_gefs,05,Pressure_Pa,6,101757.0849609375
gep05,00,2025-12-25,2025-12-31,gcrew,noaa_gefs,05,RH_percent_mean,6,49.53283452987671
gep05,00,2025-12-25,2025-12-31,gcrew,noaa_gefs,05,Rain_mm_sum,6,0
gep05,00,2025-12-25,2025-12-31,gcrew,noaa_gefs,05,ShortwaveRadiation_Wm2,6,116.25
gep05,00,2025-12-25,2025-12-31,gcrew,noaa_gefs,05,WindSpeed_ms_mean,6,5.239858882636157
gep05,00,2025-12-25,2026-01-01,gcrew,noaa_gefs,05,AirTemp_C_mean,7,3.5077911376953352
gep05,00,2025-12-25,2026-01-01,gcrew,noaa_gefs,05,Pressure_Pa,7,101793.2197265625
gep05,00,2025-12-25,2026-01-01,gcrew,noaa_gefs,05,RH_percent_mean,7,61.349281787872314
gep05,00,2025-12-25,2026-01-01,gcrew,noaa_gefs,05,Rain_mm_sum,7,0
gep05,00,2025-12-25,2026-01-01,gcrew,noaa_gefs,05,ShortwaveRadiation_Wm2,7,87.5
gep05,00,2025-12-25,2026-01-01,gcrew,noaa_gefs,05,WindSpeed_ms_mean,7,4.304550169616287
gep05,00,2025-12-25,2026-01-02,gcrew,noaa_gefs,05,AirTemp_C_mean,8,5.137780761718773
gep05,00,2025-12-25,2026-01-02,gcrew,noaa_gefs,05,Pressure_Pa,8,101893.263671875
gep05,00,2025-12-25,2026-01-02,gcrew,noaa_gefs,05,RH_percent_mean,8,76.17369937896729
gep05,00,2025-12-25,2026-01-02,gcrew,noaa_gefs,05,Rain_mm_sum,8,0
gep05,00,2025-12-25,2026-01-02,gcrew,noaa_gefs,05,ShortwaveRadiation_Wm2,8,99.375
gep05,00,2025-12-25,2026-01-02,gcrew,noaa_gefs,05,WindSpeed_ms_mean,8,2.9946754157667765
gep05,00,2025-12-25,2026-01-03,gcrew,noaa_gefs,05,AirTemp_C_mean,9,7.461868722098237
gep05,00,2025-12-25,2026-01-03,gcrew,noaa_gefs,05,Pressure_Pa,9,101427.07589285714
gep05,00,2025-12-25,2026-01-03,gcrew,noaa_gefs,05,RH_percent_mean,9,83.19520568847656
gep05,00,2025-12-25,2026-01-03,gcrew,noaa_gefs,05,Rain_mm_sum,9,0.6100000236183405
gep05,00,2025-12-25,2026-01-03,gcrew,noaa_gefs,05,ShortwaveRadiation_Wm2,9,25.714285714285715
gep05,00,2025-12-25,2026-01-03,gcrew,noaa_gefs,05,WindSpeed_ms_mean,9,5.107335579865194
gep05,00,2025-12-25,2026-01-04,gcrew,noaa_gefs,05,AirTemp_C_mean,10,10.889909362792991
gep05,00,2025-12-25,2026-01-04,gcrew,noaa_gefs,05,Pressure_Pa,10,101268.140625
gep05,00,2025-12-25,2026-01-04,gcrew,noaa_gefs,05,RH_percent_mean,10,86.44726371765137
gep05,00,2025-12-25,2026-01-04,gcrew,noaa_gefs,05,Rain_mm_sum,10,0
gep05,00,2025-12-25,2026-01-04,gcrew,noaa_gefs,05,ShortwaveRadiation_Wm2,10,85
gep05,00,2025-12-25,2026-01-04,gcrew,noaa_gefs,05,WindSpeed_ms_mean,10,3.600210788901469
gep05,00,2025-12-25,2026-01-05,gcrew,noaa_gefs,05,AirTemp_C_mean,11,14.514237976074241
gep05,00,2025-12-25,2026-01-05,gcrew,noaa_gefs,05,Pressure_Pa,11,100406.498046875
gep05,00,2025-12-25,2026-01-05,gcrew,noaa_gefs,05,RH_percent_mean,11,85.23000907897949
gep05,00,2025-12-25,2026-01-05,gcrew,noaa_gefs,05,Rain_mm_sum,11,3.7000000178813934
gep05,00,2025-12-25,2026-01-05,gcrew,noaa_gefs,05,ShortwaveRadiation_Wm2,11,42.5
gep05,00,2025-12-25,2026-01-05,gcrew,noaa_gefs,05,WindSpeed_ms_mean,11,5.815003334458832
gep05,00,2025-12-25,2026-01-06,gcrew,noaa_gefs,05,AirTemp_C_mean,12,4.505242919921898
gep05,00,2025-12-25,2026-01-06,gcrew,noaa_gefs,05,Pressure_Pa,12,100507.328125
gep05,00,2025-12-25,2026-01-06,gcrew,noaa_gefs,05,RH_percent_mean,12,62.17771530151367
gep05,00,2025-12-25,2026-01-06,gcrew,noaa_gefs,05,Rain_mm_sum,12,2.100000001490116
gep05,00,2025-12-25,2026-01-06,gcrew,noaa_gefs,05,ShortwaveRadiation_Wm2,12,120
gep05,00,2025-12-25,2026-01-06,gcrew,noaa_gefs,05,WindSpeed_ms_mean,12,7.1292139542536495
gep05,00,2025-12-25,2026-01-07,gcrew,noaa_gefs,05,AirTemp_C_mean,13,3.4188171386718977
gep05,00,2025-12-25,2026-01-07,gcrew,noaa_gefs,05,Pressure_Pa,13,101833.490234375
gep05,00,2025-12-25,2026-01-07,gcrew,noaa_gefs,05,RH_percent_mean,13,53.679908752441406
gep05,00,2025-12-25,2026-01-07,gcrew,noaa_gefs,05,Rain_mm_sum,13,0
gep05,00,2025-12-25,2026-01-07,gcrew,noaa_gefs,05,ShortwaveRadiation_Wm2,13,117.5
gep05,00,2025-12-25,2026-01-07,gcrew,noaa_gefs,05,WindSpeed_ms_mean,13,6.966477756083384
gep05,00,2025-12-25,2026-01-08,gcrew,noaa_gefs,05,AirTemp_C_mean,14,7.357942199707054
gep05,00,2025-12-25,2026-01-08,gcrew,noaa_gefs,05,Pressure_Pa,14,102328.623046875
gep05,00,2025-12-25,2026-01-08,gcrew,noaa_gefs,05,RH_percent_mean,14,55.181633949279785
gep05,00,2025-12-25,2026-01-08,gcrew,noaa_gefs,05,Rain_mm_sum,14,0
gep05,00,2025-12-25,2026-01-08,gcrew,noaa_gefs,05,ShortwaveRadiation_Wm2,14,121.5
gep05,00,2025-12-25,2026-01-08,gcrew,noaa_gefs,05,WindSpeed_ms_mean,14,4.329537463391383
gep05,00,2025-12-25,2026-01-09,gcrew,noaa_gefs,05,AirTemp_C_mean,15,6.292359924316429
gep05,00,2025-12-25,2026-01-09,gcrew,noaa_gefs,05,Pressure_Pa,15,102513.65625
gep05,00,2025-12-25,2026-01-09,gcrew,noaa_gefs,05,RH_percent_mean,15,66.9400224685669
gep05,00,2025-12-25,2026-01-09,gcrew,noaa_gefs,05,Rain_mm_sum,15,0
gep05,00,2025-12-25,2026-01-09,gcrew,noaa_gefs,05,ShortwaveRadiation_Wm2,15,116.5
gep05,00,2025-12-25,2026-01-09,gcrew,noaa_gefs,05,WindSpeed_ms_mean,15,4.169523961397145
gep05,00,2025-12-25,2026-01-10,gcrew,noaa_gefs,05,AirTemp_C_mean,16,8.230760192871116
gep05,00,2025-12-25,2026-01-10,gcrew,noaa_gefs,05,Pressure_Pa,16,100988.9765625
gep05,00,2025-12-25,2026-01-10,gcrew,noaa_gefs,05,RH_percent_mean,16,92.44572067260742
gep05,00,2025-12-25,2026-01-10,gcrew,noaa_gefs,05,Rain_mm_sum,16,47.500000953674316
gep05,00,2025-12-25,2026-01-10,gcrew,noaa_gefs,05,ShortwaveRadiation_Wm2,16,3.5
gep05,00,2025-12-25,2026-01-10,gcrew,noaa_gefs,05,WindSpeed_ms_mean,16,9.299799855644833
gep05,00,2025-12-25,2026-01-11,gcrew,noaa_gefs,05,AirTemp_C_mean,17,0.273957824707054
gep05,00,2025-12-25,2026-01-11,gcrew,noaa_gefs,05,Pressure_Pa,17,101742.986328125
gep05,00,2025-12-25,2026-01-11,gcrew,noaa_gefs,05,RH_percent_mean,17,69.99894523620605
gep05,00,2025-12-25,2026-01-11,gcrew,noaa_gefs,05,Rain_mm_sum,17,7.200000002980232
gep05,00,2025-12-25,2026-01-11,gcrew,noaa_gefs,05,ShortwaveRadiation_Wm2,17,127.25
gep05,00,2025-12-25,2026-01-11,gcrew,noaa_gefs,05,WindSpeed_ms_mean,17,7.6638541985328805
gep05,00,2025-12-25,2026-01-12,gcrew,noaa_gefs,05,AirTemp_C_mean,18,2.171846008300804
gep05,00,2025-12-25,2026-01-12,gcrew,noaa_gefs,05,Pressure_Pa,18,102770.083984375
gep05,00,2025-12-25,2026-01-12,gcrew,noaa_gefs,05,RH_percent_mean,18,69.03396034240723
gep05,00,2025-12-25,2026-01-12,gcrew,noaa_gefs,05,Rain_mm_sum,18,0
gep05,00,2025-12-25,2026-01-12,gcrew,noaa_gefs,05,ShortwaveRadiation_Wm2,18,127.5
gep05,00,2025-12-25,2026-01-12,gcrew,noaa_gefs,05,WindSpeed_ms_mean,18,3.4622293096336105
gep05,00,2025-12-25,2026-01-13,gcrew,noaa_gefs,05,AirTemp_C_mean,19,3.1381164550781477
gep05,00,2025-12-25,2026-01-13,gcrew,noaa_gefs,05,Pressure_Pa,19,102732.630859375
gep05,00,2025-12-25,2026-01-13,gcrew,noaa_gefs,05,RH_percent_mean,19,70.09601783752441
gep05,00,2025-12-25,2026-01-13,gcrew,noaa_gefs,05,Rain_mm_sum,19,0
gep05,00,2025-12-25,2026-01-13,gcrew,noaa_gefs,05,ShortwaveRadiation_Wm2,19,116.5
gep05,00,2025-12-25,2026-01-13,gcrew,noaa_gefs,05,WindSpeed_ms_mean,19,3.4455094842593312
gep05,00,2025-12-25,2026-01-14,gcrew,noaa_gefs,05,AirTemp_C_mean,20,4.095193481445335
gep05,00,2025-12-25,2026-01-14,gcrew,noaa_gefs,05,Pressure_Pa,20,102669.79296875
gep05,00,2025-12-25,2026-01-14,gcrew,noaa_gefs,05,RH_percent_mean,20,83.62176322937012
gep05,00,2025-12-25,2026-01-14,gcrew,noaa_gefs,05,Rain_mm_sum,20,0
gep05,00,2025-12-25,2026-01-14,gcrew,noaa_gefs,05,ShortwaveRadiation_Wm2,20,117.75
gep05,00,2025-12-25,2026-01-14,gcrew,noaa_gefs,05,WindSpeed_ms_mean,20,2.7496518864059034
gep05,00,2025-12-25,2026-01-15,gcrew,noaa_gefs,05,AirTemp_C_mean,21,4.34229431152346
gep05,00,2025-12-25,2026-01-15,gcrew,noaa_gefs,05,Pressure_Pa,21,102705.73828125
gep05,00,2025-12-25,2026-01-15,gcrew,noaa_gefs,05,RH_percent_mean,21,87.58064270019531
gep05,00,2025-12-25,2026-01-15,gcrew,noaa_gefs,05,Rain_mm_sum,21,0.10000000149011612
gep05,00,2025-12-25,2026-01-15,gcrew,noaa_gefs,05,ShortwaveRadiation_Wm2,21,94.5
gep05,00,2025-12-25,2026-01-15,gcrew,noaa_gefs,05,WindSpeed_ms_mean,21,3.556685238735195
gep05,00,2025-12-25,2026-01-16,gcrew,noaa_gefs,05,AirTemp_C_mean,22,12.23005065917971
gep05,00,2025-12-25,2026-01-16,gcrew,noaa_gefs,05,Pressure_Pa,22,100937.822265625
gep05,00,2025-12-25,2026-01-16,gcrew,noaa_gefs,05,RH_percent_mean,22,94.87235832214355
gep05,00,2025-12-25,2026-01-16,gcrew,noaa_gefs,05,Rain_mm_sum,22,22.100001096725464
gep05,00,2025-12-25,2026-01-16,gcrew,noaa_gefs,05,ShortwaveRadiation_Wm2,22,9.75
gep05,00,2025-12-25,2026-01-16,gcrew,noaa_gefs,05,WindSpeed_ms_mean,22,7.712571493864753
gep05,00,2025-12-25,2026-01-17,gcrew,noaa_gefs,05,AirTemp_C_mean,23,8.732659912109398
gep05,00,2025-12-25,2026-01-17,gcrew,noaa_gefs,05,Pressure_Pa,23,101839.7109375
gep05,00,2025-12-25,2026-01-17,gcrew,noaa_gefs,05,RH_percent_mean,23,72.87350654602051
gep05,00,2025-12-25,2026-01-17,gcrew,noaa_gefs,05,Rain_mm_sum,23,0.800000011920929
gep05,00,2025-12-25,2026-01-17,gcrew,noaa_gefs,05,ShortwaveRadiation_Wm2,23,130
gep05,00,2025-12-25,2026-01-17,gcrew,noaa_gefs,05,WindSpeed_ms_mean,23,4.503928313302021
gep05,00,2025-12-25,2026-01-18,gcrew,noaa_gefs,05,AirTemp_C_mean,24,8.240655517578148
gep05,00,2025-12-25,2026-01-18,gcrew,noaa_gefs,05,Pressure_Pa,24,102885.134765625
gep05,00,2025-12-25,2026-01-18,gcrew,noaa_gefs,05,RH_percent_mean,24,67.80245590209961
gep05,00,2025-12-25,2026-01-18,gcrew,noaa_gefs,05,Rain_mm_sum,24,0
gep05,00,2025-12-25,2026-01-18,gcrew,noaa_gefs,05,ShortwaveRadiation_Wm2,24,128.5
gep05,00,2025-12-25,2026-01-18,gcrew,noaa_gefs,05,WindSpeed_ms_mean,24,3.7670321862484957
gep05,00,2025-12-25,2026-01-19,gcrew,noaa_gefs,05,AirTemp_C_mean,25,8.329751586914085
gep05,00,2025-12-25,2026-01-19,gcrew,noaa_gefs,05,Pressure_Pa,25,102533.533203125
gep05,00,2025-12-25,2026-01-19,gcrew,noaa_gefs,05,RH_percent_mean,25,78.15633964538574
gep05,00,2025-12-25,2026-01-19,gcrew,noaa_gefs,05,Rain_mm_sum,25,0
gep05,00,2025-12-25,2026-01-19,gcrew,noaa_gefs,05,ShortwaveRadiation_Wm2,25,60.75
gep05,00,2025-12-25,2026-01-19,gcrew,noaa_gefs,05,WindSpeed_ms_mean,25,5.590911795586785
gep05,00,2025-12-25,2026-01-20,gcrew,noaa_gefs,05,AirTemp_C_mean,26,8.121881103515648
gep05,00,2025-12-25,2026-01-20,gcrew,noaa_gefs,05,Pressure_Pa,26,101917.162109375
gep05,00,2025-12-25,2026-01-20,gcrew,noaa_gefs,05,RH_percent_mean,26,79.7828426361084
gep05,00,2025-12-25,2026-01-20,gcrew,noaa_gefs,05,Rain_mm_sum,26,0.699999988079071
gep05,00,2025-12-25,2026-01-20,gcrew,noaa_gefs,05,ShortwaveRadiation_Wm2,26,35
gep05,00,2025-12-25,2026-01-20,gcrew,noaa_gefs,05,WindSpeed_ms_mean,26,5.416574993003485
gep05,00,2025-12-25,2026-01-21,gcrew,noaa_gefs,05,AirTemp_C_mean,27,1.0910888671875227
gep05,00,2025-12-25,2026-01-21,gcrew,noaa_gefs,05,Pressure_Pa,27,102745.556640625
gep05,00,2025-12-25,2026-01-21,gcrew,noaa_gefs,05,RH_percent_mean,27,69.12549591064453
gep05,00,2025-12-25,2026-01-21,gcrew,noaa_gefs,05,Rain_mm_sum,27,1.2000000029802322
gep05,00,2025-12-25,2026-01-21,gcrew,noaa_gefs,05,ShortwaveRadiation_Wm2,27,28
gep05,00,2025-12-25,2026-01-21,gcrew,noaa_gefs,05,WindSpeed_ms_mean,27,5.47850488358735
gep05,00,2025-12-25,2026-01-22,gcrew,noaa_gefs,05,AirTemp_C_mean,28,5.676553344726585
gep05,00,2025-12-25,2026-01-22,gcrew,noaa_gefs,05,Pressure_Pa,28,100303.91796875
gep05,00,2025-12-25,2026-01-22,gcrew,noaa_gefs,05,RH_percent_mean,28,72.28020286560059
gep05,00,2025-12-25,2026-01-22,gcrew,noaa_gefs,05,Rain_mm_sum,28,11.300000190734863
gep05,00,2025-12-25,2026-01-22,gcrew,noaa_gefs,05,ShortwaveRadiation_Wm2,28,132
gep05,00,2025-12-25,2026-01-22,gcrew,noaa_gefs,05,WindSpeed_ms_mean,28,10.069496986572068
gep05,00,2025-12-25,2026-01-23,gcrew,noaa_gefs,05,AirTemp_C_mean,29,2.7060104370117415
gep05,00,2025-12-25,2026-01-23,gcrew,noaa_gefs,05,Pressure_Pa,29,101102.13671875
gep05,00,2025-12-25,2026-01-23,gcrew,noaa_gefs,05,RH_percent_mean,29,59.599411964416504
gep05,00,2025-12-25,2026-01-23,gcrew,noaa_gefs,05,Rain_mm_sum,29,0
gep05,00,2025-12-25,2026-01-23,gcrew,noaa_gefs,05,ShortwaveRadiation_Wm2,29,137.5
gep05,00,2025-12-25,2026-01-23,gcrew,noaa_gefs,05,WindSpeed_ms_mean,29,5.521899992654974
gep05,00,2025-12-25,2026-01-24,gcrew,noaa_gefs,05,AirTemp_C_mean,30,4.12842712402346
gep05,00,2025-12-25,2026-01-24,gcrew,noaa_gefs,05,Pressure_Pa,30,101227.48828125
gep05,00,2025-12-25,2026-01-24,gcrew,noaa_gefs,05,RH_percent_mean,30,72.47355461120605
gep05,00,2025-12-25,2026-01-24,gcrew,noaa_gefs,05,Rain_mm_sum,30,0
gep05,00,2025-12-25,2026-01-24,gcrew,noaa_gefs,05,ShortwaveRadiation_Wm2,30,127.25
gep05,00,2025-12-25,2026-01-24,gcrew,noaa_gefs,05,WindSpeed_ms_mean,30,5.117748884369503
gep05,00,2025-12-25,2026-01-25,gcrew,noaa_gefs,05,AirTemp_C_mean,31,-0.6562637329101335
gep05,00,2025-12-25,2026-01-25,gcrew,noaa_gefs,05,Pressure_Pa,31,101961.154296875
gep05,00,2025-12-25,2026-01-25,gcrew,noaa_gefs,05,RH_percent_mean,31,57.30247402191162
gep05,00,2025-12-25,2026-01-25,gcrew,noaa_gefs,05,Rain_mm_sum,31,0
gep05,00,2025-12-25,2026-01-25,gcrew,noaa_gefs,05,ShortwaveRadiation_Wm2,31,145.25
gep05,00,2025-12-25,2026-01-25,gcrew,noaa_gefs,05,WindSpeed_ms_mean,31,4.7448173419903386
gep05,00,2025-12-25,2026-01-26,gcrew,noaa_gefs,05,AirTemp_C_mean,32,2.824037170410179
gep05,00,2025-12-25,2026-01-26,gcrew,noaa_gefs,05,Pressure_Pa,32,101941.466796875
gep05,00,2025-12-25,2026-01-26,gcrew,noaa_gefs,05,RH_percent_mean,32,70.92254638671875
gep05,00,2025-12-25,2026-01-26,gcrew,noaa_gefs,05,Rain_mm_sum,32,0
gep05,00,2025-12-25,2026-01-26,gcrew,noaa_gefs,05,ShortwaveRadiation_Wm2,32,138.25
gep05,00,2025-12-25,2026-01-26,gcrew,noaa_gefs,05,WindSpeed_ms_mean,32,3.546680545310956
gep05,00,2025-12-25,2026-01-27,gcrew,noaa_gefs,05,AirTemp_C_mean,33,2.880342102050804
gep05,00,2025-12-25,2026-01-27,gcrew,noaa_gefs,05,Pressure_Pa,33,102457.599609375
gep05,00,2025-12-25,2026-01-27,gcrew,noaa_gefs,05,RH_percent_mean,33,78.3819751739502
gep05,00,2025-12-25,2026-01-27,gcrew,noaa_gefs,05,Rain_mm_sum,33,0
gep05,00,2025-12-25,2026-01-27,gcrew,noaa_gefs,05,ShortwaveRadiation_Wm2,33,142.5
gep05,00,2025-12-25,2026-01-27,gcrew,noaa_gefs,05,WindSpeed_ms_mean,33,3.633655032610908
gep05,00,2025-12-25,2026-01-28,gcrew,noaa_gefs,05,AirTemp_C_mean,34,4.36011657714846
gep05,00,2025-12-25,2026-01-28,gcrew,noaa_gefs,05,Pressure_Pa,34,102016.24609375
gep05,00,2025-12-25,2026-01-28,gcrew,noaa_gefs,05,RH_percent_mean,34,86.29985618591309
gep05,00,2025-12-25,2026-01-28,gcrew,noaa_gefs,05,Rain_mm_sum,34,0.20000000298023224
gep05,00,2025-12-25,2026-01-28,gcrew,noaa_gefs,05,ShortwaveRadiation_Wm2,34,67.25
gep05,00,2025-12-25,2026-01-28,gcrew,noaa_gefs,05,WindSpeed_ms_mean,34,2.304446884715268
gep06,00,2025-12-25,2025-12-26,gcrew,noaa_gefs,06,AirTemp_C_mean,1,1.4191566467285384
gep06,00,2025-12-25,2025-12-26,gcrew,noaa_gefs,06,Pressure_Pa,1,101883.013671875
gep06,00,2025-12-25,2025-12-26,gcrew,noaa_gefs,06,RH_percent_mean,1,59.10939836502075
gep06,00,2025-12-25,2025-12-26,gcrew,noaa_gefs,06,Rain_mm_sum,1,5.929999861866236
gep06,00,2025-12-25,2025-12-26,gcrew,noaa_gefs,06,ShortwaveRadiation_Wm2,1,52.5
gep06,00,2025-12-25,2025-12-26,gcrew,noaa_gefs,06,WindSpeed_ms_mean,1,5.719543666158366
gep06,00,2025-12-25,2025-12-27,gcrew,noaa_gefs,06,AirTemp_C_mean,2,4.553342437744163
gep06,00,2025-12-25,2025-12-27,gcrew,noaa_gefs,06,Pressure_Pa,2,101374.94921875
gep06,00,2025-12-25,2025-12-27,gcrew,noaa_gefs,06,RH_percent_mean,2,78.51494789123535
gep06,00,2025-12-25,2025-12-27,gcrew,noaa_gefs,06,Rain_mm_sum,2,5.500000089406967
gep06,00,2025-12-25,2025-12-27,gcrew,noaa_gefs,06,ShortwaveRadiation_Wm2,2,106.25
gep06,00,2025-12-25,2025-12-27,gcrew,noaa_gefs,06,WindSpeed_ms_mean,2,6.923660931417801
gep06,00,2025-12-25,2025-12-28,gcrew,noaa_gefs,06,AirTemp_C_mean,3,3.017091369628929
gep06,00,2025-12-25,2025-12-28,gcrew,noaa_gefs,06,Pressure_Pa,3,102237.642578125
gep06,00,2025-12-25,2025-12-28,gcrew,noaa_gefs,06,RH_percent_mean,3,72.99352979660034
gep06,00,2025-12-25,2025-12-28,gcrew,noaa_gefs,06,Rain_mm_sum,3,0
gep06,00,2025-12-25,2025-12-28,gcrew,noaa_gefs,06,ShortwaveRadiation_Wm2,3,105
gep06,00,2025-12-25,2025-12-28,gcrew,noaa_gefs,06,WindSpeed_ms_mean,3,2.948875395899818
gep06,00,2025-12-25,2025-12-29,gcrew,noaa_gefs,06,AirTemp_C_mean,4,8.150354003906273
gep06,00,2025-12-25,2025-12-29,gcrew,noaa_gefs,06,Pressure_Pa,4,100520.205078125
gep06,00,2025-12-25,2025-12-29,gcrew,noaa_gefs,06,RH_percent_mean,4,75.22460079193115
gep06,00,2025-12-25,2025-12-29,gcrew,noaa_gefs,06,Rain_mm_sum,4,0.8000000268220901
gep06,00,2025-12-25,2025-12-29,gcrew,noaa_gefs,06,ShortwaveRadiation_Wm2,4,62.5
gep06,00,2025-12-25,2025-12-29,gcrew,noaa_gefs,06,WindSpeed_ms_mean,4,7.362543468483011
gep06,00,2025-12-25,2025-12-30,gcrew,noaa_gefs,06,AirTemp_C_mean,5,0.325959777832054
gep06,00,2025-12-25,2025-12-30,gcrew,noaa_gefs,06,Pressure_Pa,5,100803.0263671875
gep06,00,2025-12-25,2025-12-30,gcrew,noaa_gefs,06,RH_percent_mean,5,53.082125186920166
gep06,00,2025-12-25,2025-12-30,gcrew,noaa_gefs,06,Rain_mm_sum,5,0
gep06,00,2025-12-25,2025-12-30,gcrew,noaa_gefs,06,ShortwaveRadiation_Wm2,5,100.5
gep06,00,2025-12-25,2025-12-30,gcrew,noaa_gefs,06,WindSpeed_ms_mean,5,8.02044107296069
gep06,00,2025-12-25,2025-12-31,gcrew,noaa_gefs,06,AirTemp_C_mean,6,-0.5309776306152116
gep06,00,2025-12-25,2025-12-31,gcrew,noaa_gefs,06,Pressure_Pa,6,101757.0849609375
gep06,00,2025-12-25,2025-12-31,gcrew,noaa_gefs,06,RH_percent_mean,6,49.53283452987671
gep06,00,2025-12-25,2025-12-31,gcrew,noaa_gefs,06,Rain_mm_sum,6,0
gep06,00,2025-12-25,2025-12-31,gcrew,noaa_gefs,06,ShortwaveRadiation_Wm2,6,116.25
gep06,00,2025-12-25,2025-12-31,gcrew,noaa_gefs,06,WindSpeed_ms_mean,6,5.239858882636157
gep06,00,2025-12-25,2026-01-01,gcrew,noaa_gefs,06,AirTemp_C_mean,7,3.5077911376953352
gep06,00,2025-12-25,2026-01-01,gcrew,noaa_gefs,06,Pressure_Pa,7,101793.2197265625
gep06,00,2025-12-25,2026-01-01,gcrew,noaa_gefs,06,RH_percent_mean,7,61.349281787872314
gep06,00,2025-12-25,2026-01-01,gcrew,noaa_gefs,06,Rain_mm_sum,7,0
gep06,00,2025-12-25,2026-01-01,gcrew,noaa_gefs,06,ShortwaveRadiation_Wm2,7,87.5
gep06,00,2025-12-25,2026-01-01,gcrew,noaa_gefs,06,WindSpeed_ms_mean,7,4.304550169616287
gep06,00,2025-12-25,2026-01-02,gcrew,noaa_gefs,06,AirTemp_C_mean,8,5.137780761718773
gep06,00,2025-12-25,2026-01-02,gcrew,noaa_gefs,06,Pressure_Pa,8,101893.263671875
gep06,00,2025-12-25,2026-01-02,gcrew,noaa_gefs,06,RH_percent_mean,8,76.17369937896729
gep06,00,2025-12-25,2026-01-02,gcrew,noaa_gefs,06,Rain_mm_sum,8,0
gep06,00,2025-12-25,2026-01-02,gcrew,noaa_gefs,06,ShortwaveRadiation_Wm2,8,99.375
gep06,00,2025-12-25,2026-01-02,gcrew,noaa_gefs,06,WindSpeed_ms_mean,8,2.9946754157667765
gep06,00,2025-12-25,2026-01-03,gcrew,noaa_gefs,06,AirTemp_C_mean,9,7.461868722098237
gep06,00,2025-12-25,2026-01-03,gcrew,noaa_gefs,06,Pressure_Pa,9,101427.07589285714
gep06,00,2025-12-25,2026-01-03,gcrew,noaa_gefs,06,RH_percent_mean,9,83.19520568847656
gep06,00,2025-12-25,2026-01-03,gcrew,noaa_gefs,06,Rain_mm_sum,9,0.6100000236183405
gep06,00,2025-12-25,2026-01-03,gcrew,noaa_gefs,06,ShortwaveRadiation_Wm2,9,25.714285714285715
gep06,00,2025-12-25,2026-01-03,gcrew,noaa_gefs,06,WindSpeed_ms_mean,9,5.107335579865194
gep06,00,2025-12-25,2026-01-04,gcrew,noaa_gefs,06,AirTemp_C_mean,10,10.889909362792991
gep06,00,2025-12-25,2026-01-04,gcrew,noaa_gefs,06,Pressure_Pa,10,101268.140625
gep06,00,2025-12-25,2026-01-04,gcrew,noaa_gefs,06,RH_percent_mean,10,86.44726371765137
gep06,00,2025-12-25,2026-01-04,gcrew,noaa_gefs,06,Rain_mm_sum,10,0
gep06,00,2025-12-25,2026-01-04,gcrew,noaa_gefs,06,ShortwaveRadiation_Wm2,10,85
gep06,00,2025-12-25,2026-01-04,gcrew,noaa_gefs,06,WindSpeed_ms_mean,10,3.600210788901469
gep06,00,2025-12-25,2026-01-05,gcrew,noaa_gefs,06,AirTemp_C_mean,11,14.514237976074241
gep06,00,2025-12-25,2026-01-05,gcrew,noaa_gefs,06,Pressure_Pa,11,100406.498046875
gep06,00,2025-12-25,2026-01-05,gcrew,noaa_gefs,06,RH_percent_mean,11,85.23000907897949
gep06,00,2025-12-25,2026-01-05,gcrew,noaa_gefs,06,Rain_mm_sum,11,3.7000000178813934
gep06,00,2025-12-25,2026-01-05,gcrew,noaa_gefs,06,ShortwaveRadiation_Wm2,11,42.5
gep06,00,2025-12-25,2026-01-05,gcrew,noaa_gefs,06,WindSpeed_ms_mean,11,5.815003334458832
gep06,00,2025-12-25,2026-01-06,gcrew,noaa_gefs,06,AirTemp_C_mean,12,4.505242919921898
gep06,00,2025-12-25,2026-01-06,gcrew,noaa_gefs,06,Pressure_Pa,12,100507.328125
gep06,00,2025-12-25,2026-01-06,gcrew,noaa_gefs,06,RH_percent_mean,12,62.17771530151367
gep06,00,2025-12-25,2026-01-06,gcrew,noaa_gefs,06,Rain_mm_sum,12,2.100000001490116
gep06,00,2025-12-25,2026-01-06,gcrew,noaa_gefs,06,ShortwaveRadiation_Wm2,12,120
gep06,00,2025-12-25,2026-01-06,gcrew,noaa_gefs,06,WindSpeed_ms_mean,12,7.1292139542536495
gep06,00,2025-12-25,2026-01-07,gcrew,noaa_gefs,06,AirTemp_C_mean,13,3.4188171386718977
gep06,00,2025-12-25,2026-01-07,gcrew,noaa_gefs,06,Pressure_Pa,13,101833.490234375
gep06,00,2025-12-25,2026-01-07,gcrew,noaa_gefs,06,RH_percent_mean,13,53.679908752441406
gep06,00,2025-12-25,2026-01-07,gcrew,noaa_gefs,06,Rain_mm_sum,13,0
gep06,00,2025-12-25,2026-01-07,gcrew,noaa_gefs,06,ShortwaveRadiation_Wm2,13,117.5
gep06,00,2025-12-25,2026-01-07,gcrew,noaa_gefs,06,WindSpeed_ms_mean,13,6.966477756083384
gep06,00,2025-12-25,2026-01-08,gcrew,noaa_gefs,06,AirTemp_C_mean,14,7.357942199707054
gep06,00,2025-12-25,2026-01-08,gcrew,noaa_gefs,06,Pressure_Pa,14,102328.623046875
gep06,00,2025-12-25,2026-01-08,gcrew,noaa_gefs,06,RH_percent_mean,14,55.181633949279785
gep06,00,2025-12-25,2026-01-08,gcrew,noaa_gefs,06,Rain_mm_sum,14,0
gep06,00,2025-12-25,2026-01-08,gcrew,noaa_gefs,06,ShortwaveRadiation_Wm2,14,121.5
gep06,00,2025-12-25,2026-01-08,gcrew,noaa_gefs,06,WindSpeed_ms_mean,14,4.329537463391383
gep06,00,2025-12-25,2026-01-09,gcrew,noaa_gefs,06,AirTemp_C_mean,15,6.292359924316429
gep06,00,2025-12-25,2026-01-09,gcrew,noaa_gefs,06,Pressure_Pa,15,102513.65625
gep06,00,2025-12-25,2026-01-09,gcrew,noaa_gefs,06,RH_percent_mean,15,66.9400224685669
gep06,00,2025-12-25,2026-01-09,gcrew,noaa_gefs,06,Rain_mm_sum,15,0
gep06,00,2025-12-25,2026-01-09,gcrew,noaa_gefs,06,ShortwaveRadiation_Wm2,15,116.5
gep06,00,2025-12-25,2026-01-09,gcrew,noaa_gefs,06,WindSpeed_ms_mean,15,4.169523961397145
gep06,00,2025-12-25,2026-01-10,gcrew,noaa_gefs,06,AirTemp_C_mean,16,8.230760192871116
gep06,00,2025-12-25,2026-01-10,gcrew,noaa_gefs,06,Pressure_Pa,16,100988.9765625
gep06,00,2025-12-25,2026-01-10,gcrew,noaa_gefs,06,RH_percent_mean,16,92.44572067260742
gep06,00,2025-12-25,2026-01-10,gcrew,noaa_gefs,06,Rain_mm_sum,16,47.500000953674316
gep06,00,2025-12-25,2026-01-10,gcrew,noaa_gefs,06,ShortwaveRadiation_Wm2,16,3.5
gep06,00,2025-12-25,2026-01-10,gcrew,noaa_gefs,06,WindSpeed_ms_mean,16,9.299799855644833
gep06,00,2025-12-25,2026-01-11,gcrew,noaa_gefs,06,AirTemp_C_mean,17,0.273957824707054
gep06,00,2025-12-25,2026-01-11,gcrew,noaa_gefs,06,Pressure_Pa,17,101742.986328125
gep06,00,2025-12-25,2026-01-11,gcrew,noaa_gefs,06,RH_percent_mean,17,69.99894523620605
gep06,00,2025-12-25,2026-01-11,gcrew,noaa_gefs,06,Rain_mm_sum,17,7.200000002980232
gep06,00,2025-12-25,2026-01-11,gcrew,noaa_gefs,06,ShortwaveRadiation_Wm2,17,127.25
gep06,00,2025-12-25,2026-01-11,gcrew,noaa_gefs,06,WindSpeed_ms_mean,17,7.6638541985328805
gep06,00,2025-12-25,2026-01-12,gcrew,noaa_gefs,06,AirTemp_C_mean,18,2.171846008300804
gep06,00,2025-12-25,2026-01-12,gcrew,noaa_gefs,06,Pressure_Pa,18,102770.083984375
gep06,00,2025-12-25,2026-01-12,gcrew,noaa_gefs,06,RH_percent_mean,18,69.03396034240723
gep06,00,2025-12-25,2026-01-12,gcrew,noaa_gefs,06,Rain_mm_sum,18,0
gep06,00,2025-12-25,2026-01-12,gcrew,noaa_gefs,06,ShortwaveRadiation_Wm2,18,127.5
gep06,00,2025-12-25,2026-01-12,gcrew,noaa_gefs,06,WindSpeed_ms_mean,18,3.4622293096336105
gep06,00,2025-12-25,2026-01-13,gcrew,noaa_gefs,06,AirTemp_C_mean,19,3.1381164550781477
gep06,00,2025-12-25,2026-01-13,gcrew,noaa_gefs,06,Pressure_Pa,19,102732.630859375
gep06,00,2025-12-25,2026-01-13,gcrew,noaa_gefs,06,RH_percent_mean,19,70.09601783752441
gep06,00,2025-12-25,2026-01-13,gcrew,noaa_gefs,06,Rain_mm_sum,19,0
gep06,00,2025-12-25,2026-01-13,gcrew,noaa_gefs,06,ShortwaveRadiation_Wm2,19,116.5
gep06,00,2025-12-25,2026-01-13,gcrew,noaa_gefs,06,WindSpeed_ms_mean,19,3.4455094842593312
gep06,00,2025-12-25,2026-01-14,gcrew,noaa_gefs,06,AirTemp_C_mean,20,4.095193481445335
gep06,00,2025-12-25,2026-01-14,gcrew,noaa_gefs,06,Pressure_Pa,20,102669.79296875
gep06,00,2025-12-25,2026-01-14,gcrew,noaa_gefs,06,RH_percent_mean,20,83.62176322937012
gep06,00,2025-12-25,2026-01-14,gcrew,noaa_gefs,06,Rain_mm_sum,20,0
gep06,00,2025-12-25,2026-01-14,gcrew,noaa_gefs,06,ShortwaveRadiation_Wm2,20,117.75
gep06,00,2025-12-25,2026-01-14,gcrew,noaa_gefs,06,WindSpeed_ms_mean,20,2.7496518864059034
gep06,00,2025-12-25,2026-01-15,gcrew,noaa_gefs,06,AirTemp_C_mean,21,4.34229431152346
gep06,00,2025-12-25,2026-01-15,gcrew,noaa_gefs,06,Pressure_Pa,21,102705.73828125
gep06,00,2025-12-25,2026-01-15,gcrew,noaa_gefs,06,RH_percent_mean,21,87.58064270019531
gep06,00,2025-12-25,2026-01-15,gcrew,noaa_gefs,06,Rain_mm_sum,21,0.10000000149011612
gep06,00,2025-12-25,2026-01-15,gcrew,noaa_gefs,06,ShortwaveRadiation_Wm2,21,94.5
gep06,00,2025-12-25,2026-01-15,gcrew,noaa_gefs,06,WindSpeed_ms_mean,21,3.556685238735195
gep06,00,2025-12-25,2026-01-16,gcrew,noaa_gefs,06,AirTemp_C_mean,22,12.23005065917971
gep06,00,2025-12-25,2026-01-16,gcrew,noaa_gefs,06,Pressure_Pa,22,100937.822265625
gep06,00,2025-12-25,2026-01-16,gcrew,noaa_gefs,06,RH_percent_mean,22,94.87235832214355
gep06,00,2025-12-25,2026-01-16,gcrew,noaa_gefs,06,Rain_mm_sum,22,22.100001096725464
gep06,00,2025-12-25,2026-01-16,gcrew,noaa_gefs,06,ShortwaveRadiation_Wm2,22,9.75
gep06,00,2025-12-25,2026-01-16,gcrew,noaa_gefs,06,WindSpeed_ms_mean,22,7.712571493864753
gep06,00,2025-12-25,2026-01-17,gcrew,noaa_gefs,06,AirTemp_C_mean,23,8.732659912109398
gep06,00,2025-12-25,2026-01-17,gcrew,noaa_gefs,06,Pressure_Pa,23,101839.7109375
gep06,00,2025-12-25,2026-01-17,gcrew,noaa_gefs,06,RH_percent_mean,23,72.87350654602051
gep06,00,2025-12-25,2026-01-17,gcrew,noaa_gefs,06,Rain_mm_sum,23,0.800000011920929
gep06,00,2025-12-25,2026-01-17,gcrew,noaa_gefs,06,ShortwaveRadiation_Wm2,23,130
gep06,00,2025-12-25,2026-01-17,gcrew,noaa_gefs,06,WindSpeed_ms_mean,23,4.503928313302021
gep06,00,2025-12-25,2026-01-18,gcrew,noaa_gefs,06,AirTemp_C_mean,24,8.240655517578148
gep06,00,2025-12-25,2026-01-18,gcrew,noaa_gefs,06,Pressure_Pa,24,102885.134765625
gep06,00,2025-12-25,2026-01-18,gcrew,noaa_gefs,06,RH_percent_mean,24,67.80245590209961
gep06,00,2025-12-25,2026-01-18,gcrew,noaa_gefs,06,Rain_mm_sum,24,0
gep06,00,2025-12-25,2026-01-18,gcrew,noaa_gefs,06,ShortwaveRadiation_Wm2,24,128.5
gep06,00,2025-12-25,2026-01-18,gcrew,noaa_gefs,06,WindSpeed_ms_mean,24,3.7670321862484957
gep06,00,2025-12-25,2026-01-19,gcrew,noaa_gefs,06,AirTemp_C_mean,25,8.329751586914085
gep06,00,2025-12-25,2026-01-19,gcrew,noaa_gefs,06,Pressure_Pa,25,102533.533203125
gep06,00,2025-12-25,2026-01-19,gcrew,noaa_gefs,06,RH_percent_mean,25,78.15633964538574
gep06,00,2025-12-25,2026-01-19,gcrew,noaa_gefs,06,Rain_mm_sum,25,0
gep06,00,2025-12-25,2026-01-19,gcrew,noaa_gefs,06,ShortwaveRadiation_Wm2,25,60.75
gep06,00,2025-12-25,2026-01-19,gcrew,noaa_gefs,06,WindSpeed_ms_mean,25,5.590911795586785
gep06,00,2025-12-25,2026-01-20,gcrew,noaa_gefs,06,AirTemp_C_mean,26,8.121881103515648
gep06,00,2025-12-25,2026-01-20,gcrew,noaa_gefs,06,Pressure_Pa,26,101917.162109375
gep06,00,2025-12-25,2026-01-20,gcrew,noaa_gefs,06,RH_percent_mean,26,79.7828426361084
gep06,00,2025-12-25,2026-01-20,gcrew,noaa_gefs,06,Rain_mm_sum,26,0.699999988079071
gep06,00,2025-12-25,2026-01-20,gcrew,noaa_gefs,06,ShortwaveRadiation_Wm2,26,35
gep06,00,2025-12-25,2026-01-20,gcrew,noaa_gefs,06,WindSpeed_ms_mean,26,5.416574993003485
gep06,00,2025-12-25,2026-01-21,gcrew,noaa_gefs,06,AirTemp_C_mean,27,1.0910888671875227
gep06,00,2025-12-25,2026-01-21,gcrew,noaa_gefs,06,Pressure_Pa,27,102745.556640625
gep06,00,2025-12-25,2026-01-21,gcrew,noaa_gefs,06,RH_percent_mean,27,69.12549591064453
gep06,00,2025-12-25,2026-01-21,gcrew,noaa_gefs,06,Rain_mm_sum,27,1.2000000029802322
gep06,00,2025-12-25,2026-01-21,gcrew,noaa_gefs,06,ShortwaveRadiation_Wm2,27,28
gep06,00,2025-12-25,2026-01-21,gcrew,noaa_gefs,06,WindSpeed_ms_mean,27,5.47850488358735
gep06,00,2025-12-25,2026-01-22,gcrew,noaa_gefs,06,AirTemp_C_mean,28,5.676553344726585
gep06,00,2025-12-25,2026-01-22,gcrew,noaa_gefs,06,Pressure_Pa,28,100303.91796875
gep06,00,2025-12-25,2026-01-22,gcrew,noaa_gefs,06,RH_percent_mean,28,72.28020286560059
gep06,00,2025-12-25,2026-01-22,gcrew,noaa_gefs,06,Rain_mm_sum,28,11.300000190734863
gep06,00,2025-12-25,2026-01-22,gcrew,noaa_gefs,06,ShortwaveRadiation_Wm2,28,132
gep06,00,2025-12-25,2026-01-22,gcrew,noaa_gefs,06,WindSpeed_ms_mean,28,10.069496986572068
gep06,00,2025-12-25,2026-01-23,gcrew,noaa_gefs,06,AirTemp_C_mean,29,2.7060104370117415
gep06,00,2025-12-25,2026-01-23,gcrew,noaa_gefs,06,Pressure_Pa,29,101102.13671875
gep06,00,2025-12-25,2026-01-23,gcrew,noaa_gefs,06,RH_percent_mean,29,59.599411964416504
gep06,00,2025-12-25,2026-01-23,gcrew,noaa_gefs,06,Rain_mm_sum,29,0
gep06,00,2025-12-25,2026-01-23,gcrew,noaa_gefs,06,ShortwaveRadiation_Wm2,29,137.5
gep06,00,2025-12-25,2026-01-23,gcrew,noaa_gefs,06,WindSpeed_ms_mean,29,5.521899992654974
gep06,00,2025-12-25,2026-01-24,gcrew,noaa_gefs,06,AirTemp_C_mean,30,4.12842712402346
gep06,00,2025-12-25,2026-01-24,gcrew,noaa_gefs,06,Pressure_Pa,30,101227.48828125
gep06,00,2025-12-25,2026-01-24,gcrew,noaa_gefs,06,RH_percent_mean,30,72.47355461120605
gep06,00,2025-12-25,2026-01-24,gcrew,noaa_gefs,06,Rain_mm_sum,30,0
gep06,00,2025-12-25,2026-01-24,gcrew,noaa_gefs,06,ShortwaveRadiation_Wm2,30,127.25
gep06,00,2025-12-25,2026-01-24,gcrew,noaa_gefs,06,WindSpeed_ms_mean,30,5.117748884369503
gep06,00,2025-12-25,2026-01-25,gcrew,noaa_gefs,06,AirTemp_C_mean,31,-0.6562637329101335
gep06,00,2025-12-25,2026-01-25,gcrew,noaa_gefs,06,Pressure_Pa,31,101961.154296875
gep06,00,2025-12-25,2026-01-25,gcrew,noaa_gefs,06,RH_percent_mean,31,57.30247402191162
gep06,00,2025-12-25,2026-01-25,gcrew,noaa_gefs,06,Rain_mm_sum,31,0
gep06,00,2025-12-25,2026-01-25,gcrew,noaa_gefs,06,ShortwaveRadiation_Wm2,31,145.25
gep06,00,2025-12-25,2026-01-25,gcrew,noaa_gefs,06,WindSpeed_ms_mean,31,4.7448173419903386
gep06,00,2025-12-25,2026-01-26,gcrew,noaa_gefs,06,AirTemp_C_mean,32,2.824037170410179
gep06,00,2025-12-25,2026-01-26,gcrew,noaa_gefs,06,Pressure_Pa,32,101941.466796875
gep06,00,2025-12-25,2026-01-26,gcrew,noaa_gefs,06,RH_percent_mean,32,70.92254638671875
gep06,00,2025-12-25,2026-01-26,gcrew,noaa_gefs,06,Rain_mm_sum,32,0
gep06,00,2025-12-25,2026-01-26,gcrew,noaa_gefs,06,ShortwaveRadiation_Wm2,32,138.25
gep06,00,2025-12-25,2026-01-26,gcrew,noaa_gefs,06,WindSpeed_ms_mean,32,3.546680545310956
gep06,00,2025-12-25,2026-01-27,gcrew,noaa_gefs,06,AirTemp_C_mean,33,2.880342102050804
gep06,00,2025-12-25,2026-01-27,gcrew,noaa_gefs,06,Pressure_Pa,33,102457.599609375
gep06,00,2025-12-25,2026-01-27,gcrew,noaa_gefs,06,RH_percent_mean,33,78.3819751739502
gep06,00,2025-12-25,2026-01-27,gcrew,noaa_gefs,06,Rain_mm_sum,33,0
gep06,00,2025-12-25,2026-01-27,gcrew,noaa_gefs,06,ShortwaveRadiation_Wm2,33,142.5
gep06,00,2025-12-25,2026-01-27,gcrew,noaa_gefs,06,WindSpeed_ms_mean,33,3.633655032610908
gep06,00,2025-12-25,2026-01-28,gcrew,noaa_gefs,06,AirTemp_C_mean,34,4.36011657714846
gep06,00,2025-12-25,2026-01-28,gcrew,noaa_gefs,06,Pressure_Pa,34,102016.24609375
gep06,00,2025-12-25,2026-01-28,gcrew,noaa_gefs,06,RH_percent_mean,34,86.29985618591309
gep06,00,2025-12-25,2026-01-28,gcrew,noaa_gefs,06,Rain_mm_sum,34,0.20000000298023224
gep06,00,2025-12-25,2026-01-28,gcrew,noaa_gefs,06,ShortwaveRadiation_Wm2,34,67.25
gep06,00,2025-12-25,2026-01-28,gcrew,noaa_gefs,06,WindSpeed_ms_mean,34,2.304446884715268
gep07,00,2025-12-25,2025-12-26,gcrew,noaa_gefs,07,AirTemp_C_mean,1,1.4191566467285384
gep07,00,2025-12-25,2025-12-26,gcrew,noaa_gefs,07,Pressure_Pa,1,101883.013671875
gep07,00,2025-12-25,2025-12-26,gcrew,noaa_gefs,07,RH_percent_mean,1,59.10939836502075
gep07,00,2025-12-25,2025-12-26,gcrew,noaa_gefs,07,Rain_mm_sum,1,5.929999861866236
gep07,00,2025-12-25,2025-12-26,gcrew,noaa_gefs,07,ShortwaveRadiation_Wm2,1,52.5
gep07,00,2025-12-25,2025-12-26,gcrew,noaa_gefs,07,WindSpeed_ms_mean,1,5.719543666158366
gep07,00,2025-12-25,2025-12-27,gcrew,noaa_gefs,07,AirTemp_C_mean,2,4.553342437744163
gep07,00,2025-12-25,2025-12-27,gcrew,noaa_gefs,07,Pressure_Pa,2,101374.94921875
gep07,00,2025-12-25,2025-12-27,gcrew,noaa_gefs,07,RH_percent_mean,2,78.51494789123535
gep07,00,2025-12-25,2025-12-27,gcrew,noaa_gefs,07,Rain_mm_sum,2,5.500000089406967
gep07,00,2025-12-25,2025-12-27,gcrew,noaa_gefs,07,ShortwaveRadiation_Wm2,2,106.25
gep07,00,2025-12-25,2025-12-27,gcrew,noaa_gefs,07,WindSpeed_ms_mean,2,6.923660931417801
gep07,00,2025-12-25,2025-12-28,gcrew,noaa_gefs,07,AirTemp_C_mean,3,3.017091369628929
gep07,00,2025-12-25,2025-12-28,gcrew,noaa_gefs,07,Pressure_Pa,3,102237.642578125
gep07,00,2025-12-25,2025-12-28,gcrew,noaa_gefs,07,RH_percent_mean,3,72.99352979660034
gep07,00,2025-12-25,2025-12-28,gcrew,noaa_gefs,07,Rain_mm_sum,3,0
gep07,00,2025-12-25,2025-12-28,gcrew,noaa_gefs,07,ShortwaveRadiation_Wm2,3,105
gep07,00,2025-12-25,2025-12-28,gcrew,noaa_gefs,07,WindSpeed_ms_mean,3,2.948875395899818
gep07,00,2025-12-25,2025-12-29,gcrew,noaa_gefs,07,AirTemp_C_mean,4,8.150354003906273
gep07,00,2025-12-25,2025-12-29,gcrew,noaa_gefs,07,Pressure_Pa,4,100520.205078125
gep07,00,2025-12-25,2025-12-29,gcrew,noaa_gefs,07,RH_percent_mean,4,75.22460079193115
gep07,00,2025-12-25,2025-12-29,gcrew,noaa_gefs,07,Rain_mm_sum,4,0.8000000268220901
gep07,00,2025-12-25,2025-12-29,gcrew,noaa_gefs,07,ShortwaveRadiation_Wm2,4,62.5
gep07,00,2025-12-25,2025-12-29,gcrew,noaa_gefs,07,WindSpeed_ms_mean,4,7.362543468483011
gep07,00,2025-12-25,2025-12-30,gcrew,noaa_gefs,07,AirTemp_C_mean,5,0.325959777832054
gep07,00,2025-12-25,2025-12-30,gcrew,noaa_gefs,07,Pressure_Pa,5,100803.0263671875
gep07,00,2025-12-25,2025-12-30,gcrew,noaa_gefs,07,RH_percent_mean,5,53.082125186920166
gep07,00,2025-12-25,2025-12-30,gcrew,noaa_gefs,07,Rain_mm_sum,5,0
gep07,00,2025-12-25,2025-12-30,gcrew,noaa_gefs,07,ShortwaveRadiation_Wm2,5,100.5
gep07,00,2025-12-25,2025-12-30,gcrew,noaa_gefs,07,WindSpeed_ms_mean,5,8.02044107296069
gep07,00,2025-12-25,2025-12-31,gcrew,noaa_gefs,07,AirTemp_C_mean,6,-0.5309776306152116
gep07,00,2025-12-25,2025-12-31,gcrew,noaa_gefs,07,Pressure_Pa,6,101757.0849609375
gep07,00,2025-12-25,2025-12-31,gcrew,noaa_gefs,07,RH_percent_mean,6,49.53283452987671
gep07,00,2025-12-25,2025-12-31,gcrew,noaa_gefs,07,Rain_mm_sum,6,0
gep07,00,2025-12-25,2025-12-31,gcrew,noaa_gefs,07,ShortwaveRadiation_Wm2,6,116.25
gep07,00,2025-12-25,2025-12-31,gcrew,noaa_gefs,07,WindSpeed_ms_mean,6,5.239858882636157
gep07,00,2025-12-25,2026-01-01,gcrew,noaa_gefs,07,AirTemp_C_mean,7,3.5077911376953352
gep07,00,2025-12-25,2026-01-01,gcrew,noaa_gefs,07,Pressure_Pa,7,101793.2197265625
gep07,00,2025-12-25,2026-01-01,gcrew,noaa_gefs,07,RH_percent_mean,7,61.349281787872314
gep07,00,2025-12-25,2026-01-01,gcrew,noaa_gefs,07,Rain_mm_sum,7,0
gep07,00,2025-12-25,2026-01-01,gcrew,noaa_gefs,07,ShortwaveRadiation_Wm2,7,87.5
gep07,00,2025-12-25,2026-01-01,gcrew,noaa_gefs,07,WindSpeed_ms_mean,7,4.304550169616287
gep07,00,2025-12-25,2026-01-02,gcrew,noaa_gefs,07,AirTemp_C_mean,8,5.137780761718773
gep07,00,2025-12-25,2026-01-02,gcrew,noaa_gefs,07,Pressure_Pa,8,101893.263671875
gep07,00,2025-12-25,2026-01-02,gcrew,noaa_gefs,07,RH_percent_mean,8,76.17369937896729
gep07,00,2025-12-25,2026-01-02,gcrew,noaa_gefs,07,Rain_mm_sum,8,0
gep07,00,2025-12-25,2026-01-02,gcrew,noaa_gefs,07,ShortwaveRadiation_Wm2,8,99.375
gep07,00,2025-12-25,2026-01-02,gcrew,noaa_gefs,07,WindSpeed_ms_mean,8,2.9946754157667765
gep07,00,2025-12-25,2026-01-03,gcrew,noaa_gefs,07,AirTemp_C_mean,9,7.461868722098237
gep07,00,2025-12-25,2026-01-03,gcrew,noaa_gefs,07,Pressure_Pa,9,101427.07589285714
gep07,00,2025-12-25,2026-01-03,gcrew,noaa_gefs,07,RH_percent_mean,9,83.19520568847656
gep07,00,2025-12-25,2026-01-03,gcrew,noaa_gefs,07,Rain_mm_sum,9,0.6100000236183405
gep07,00,2025-12-25,2026-01-03,gcrew,noaa_gefs,07,ShortwaveRadiation_Wm2,9,25.714285714285715
gep07,00,2025-12-25,2026-01-03,gcrew,noaa_gefs,07,WindSpeed_ms_mean,9,5.107335579865194
gep07,00,2025-12-25,2026-01-04,gcrew,noaa_gefs,07,AirTemp_C_mean,10,10.889909362792991
gep07,00,2025-12-25,2026-01-04,gcrew,noaa_gefs,07,Pressure_Pa,10,101268.140625
gep07,00,2025-12-25,2026-01-04,gcrew,noaa_gefs,07,RH_percent_mean,10,86.44726371765137
gep07,00,2025-12-25,2026-01-04,gcrew,noaa_gefs,07,Rain_mm_sum,10,0
gep07,00,2025-12-25,2026-01-04,gcrew,noaa_gefs,07,ShortwaveRadiation_Wm2,10,85
gep07,00,2025-12-25,2026-01-04,gcrew,noaa_gefs,07,WindSpeed_ms_mean,10,3.600210788901469
gep07,00,2025-12-25,2026-01-05,gcrew,noaa_gefs,07,AirTemp_C_mean,11,14.514237976074241
gep07,00,2025-12-25,2026-01-05,gcrew,noaa_gefs,07,Pressure_Pa,11,100406.498046875
gep07,00,2025-12-25,2026-01-05,gcrew,noaa_gefs,07,RH_percent_mean,11,85.23000907897949
gep07,00,2025-12-25,2026-01-05,gcrew,noaa_gefs,07,Rain_mm_sum,11,3.7000000178813934
gep07,00,2025-12-25,2026-01-05,gcrew,noaa_gefs,07,ShortwaveRadiation_Wm2,11,42.5
gep07,00,2025-12-25,2026-01-05,gcrew,noaa_gefs,07,WindSpeed_ms_mean,11,5.815003334458832
gep07,00,2025-12-25,2026-01-06,gcrew,noaa_gefs,07,AirTemp_C_mean,12,4.505242919921898
gep07,00,2025-12-25,2026-01-06,gcrew,noaa_gefs,07,Pressure_Pa,12,100507.328125
gep07,00,2025-12-25,2026-01-06,gcrew,noaa_gefs,07,RH_percent_mean,12,62.17771530151367
gep07,00,2025-12-25,2026-01-06,gcrew,noaa_gefs,07,Rain_mm_sum,12,2.100000001490116
gep07,00,2025-12-25,2026-01-06,gcrew,noaa_gefs,07,ShortwaveRadiation_Wm2,12,120
gep07,00,2025-12-25,2026-01-06,gcrew,noaa_gefs,07,WindSpeed_ms_mean,12,7.1292139542536495
gep07,00,2025-12-25,2026-01-07,gcrew,noaa_gefs,07,AirTemp_C_mean,13,3.4188171386718977
gep07,00,2025-12-25,2026-01-07,gcrew,noaa_gefs,07,Pressure_Pa,13,101833.490234375
gep07,00,2025-12-25,2026-01-07,gcrew,noaa_gefs,07,RH_percent_mean,13,53.679908752441406
gep07,00,2025-12-25,2026-01-07,gcrew,noaa_gefs,07,Rain_mm_sum,13,0
gep07,00,2025-12-25,2026-01-07,gcrew,noaa_gefs,07,ShortwaveRadiation_Wm2,13,117.5
gep07,00,2025-12-25,2026-01-07,gcrew,noaa_gefs,07,WindSpeed_ms_mean,13,6.966477756083384
gep07,00,2025-12-25,2026-01-08,gcrew,noaa_gefs,07,AirTemp_C_mean,14,7.357942199707054
gep07,00,2025-12-25,2026-01-08,gcrew,noaa_gefs,07,Pressure_Pa,14,102328.623046875
gep07,00,2025-12-25,2026-01-08,gcrew,noaa_gefs,07,RH_percent_mean,14,55.181633949279785
gep07,00,2025-12-25,2026-01-08,gcrew,noaa_gefs,07,Rain_mm_sum,14,0
gep07,00,2025-12-25,2026-01-08,gcrew,noaa_gefs,07,ShortwaveRadiation_Wm2,14,121.5
gep07,00,2025-12-25,2026-01-08,gcrew,noaa_gefs,07,WindSpeed_ms_mean,14,4.329537463391383
gep07,00,2025-12-25,2026-01-09,gcrew,noaa_gefs,07,AirTemp_C_mean,15,6.292359924316429
gep07,00,2025-12-25,2026-01-09,gcrew,noaa_gefs,07,Pressure_Pa,15,102513.65625
gep07,00,2025-12-25,2026-01-09,gcrew,noaa_gefs,07,RH_percent_mean,15,66.9400224685669
gep07,00,2025-12-25,2026-01-09,gcrew,noaa_gefs,07,Rain_mm_sum,15,0
gep07,00,2025-12-25,2026-01-09,gcrew,noaa_gefs,07,ShortwaveRadiation_Wm2,15,116.5
gep07,00,2025-12-25,2026-01-09,gcrew,noaa_gefs,07,WindSpeed_ms_mean,15,4.169523961397145
gep07,00,2025-12-25,2026-01-10,gcrew,noaa_gefs,07,AirTemp_C_mean,16,8.230760192871116
gep07,00,2025-12-25,2026-01-10,gcrew,noaa_gefs,07,Pressure_Pa,16,100988.9765625
gep07,00,2025-12-25,2026-01-10,gcrew,noaa_gefs,07,RH_percent_mean,16,92.44572067260742
gep07,00,2025-12-25,2026-01-10,gcrew,noaa_gefs,07,Rain_mm_sum,16,47.500000953674316
gep07,00,2025-12-25,2026-01-10,gcrew,noaa_gefs,07,ShortwaveRadiation_Wm2,16,3.5
gep07,00,2025-12-25,2026-01-10,gcrew,noaa_gefs,07,WindSpeed_ms_mean,16,9.299799855644833
gep07,00,2025-12-25,2026-01-11,gcrew,noaa_gefs,07,AirTemp_C_mean,17,0.273957824707054
gep07,00,2025-12-25,2026-01-11,gcrew,noaa_gefs,07,Pressure_Pa,17,101742.986328125
gep07,00,2025-12-25,2026-01-11,gcrew,noaa_gefs,07,RH_percent_mean,17,69.99894523620605
gep07,00,2025-12-25,2026-01-11,gcrew,noaa_gefs,07,Rain_mm_sum,17,7.200000002980232
gep07,00,2025-12-25,2026-01-11,gcrew,noaa_gefs,07,ShortwaveRadiation_Wm2,17,127.25
gep07,00,2025-12-25,2026-01-11,gcrew,noaa_gefs,07,WindSpeed_ms_mean,17,7.6638541985328805
gep07,00,2025-12-25,2026-01-12,gcrew,noaa_gefs,07,AirTemp_C_mean,18,2.171846008300804
gep07,00,2025-12-25,2026-01-12,gcrew,noaa_gefs,07,Pressure_Pa,18,102770.083984375
gep07,00,2025-12-25,2026-01-12,gcrew,noaa_gefs,07,RH_percent_mean,18,69.03396034240723
gep07,00,2025-12-25,2026-01-12,gcrew,noaa_gefs,07,Rain_mm_sum,18,0
gep07,00,2025-12-25,2026-01-12,gcrew,noaa_gefs,07,ShortwaveRadiation_Wm2,18,127.5
gep07,00,2025-12-25,2026-01-12,gcrew,noaa_gefs,07,WindSpeed_ms_mean,18,3.4622293096336105
gep07,00,2025-12-25,2026-01-13,gcrew,noaa_gefs,07,AirTemp_C_mean,19,3.1381164550781477
gep07,00,2025-12-25,2026-01-13,gcrew,noaa_gefs,07,Pressure_Pa,19,102732.630859375
gep07,00,2025-12-25,2026-01-13,gcrew,noaa_gefs,07,RH_percent_mean,19,70.09601783752441
gep07,00,2025-12-25,2026-01-13,gcrew,noaa_gefs,07,Rain_mm_sum,19,0
gep07,00,2025-12-25,2026-01-13,gcrew,noaa_gefs,07,ShortwaveRadiation_Wm2,19,116.5
gep07,00,2025-12-25,2026-01-13,gcrew,noaa_gefs,07,WindSpeed_ms_mean,19,3.4455094842593312
gep07,00,2025-12-25,2026-01-14,gcrew,noaa_gefs,07,AirTemp_C_mean,20,4.095193481445335
gep07,00,2025-12-25,2026-01-14,gcrew,noaa_gefs,07,Pressure_Pa,20,102669.79296875
gep07,00,2025-12-25,2026-01-14,gcrew,noaa_gefs,07,RH_percent_mean,20,83.62176322937012
gep07,00,2025-12-25,2026-01-14,gcrew,noaa_gefs,07,Rain_mm_sum,20,0
gep07,00,2025-12-25,2026-01-14,gcrew,noaa_gefs,07,ShortwaveRadiation_Wm2,20,117.75
gep07,00,2025-12-25,2026-01-14,gcrew,noaa_gefs,07,WindSpeed_ms_mean,20,2.7496518864059034
gep07,00,2025-12-25,2026-01-15,gcrew,noaa_gefs,07,AirTemp_C_mean,21,4.34229431152346
gep07,00,2025-12-25,2026-01-15,gcrew,noaa_gefs,07,Pressure_Pa,21,102705.73828125
gep07,00,2025-12-25,2026-01-15,gcrew,noaa_gefs,07,RH_percent_mean,21,87.58064270019531
gep07,00,2025-12-25,2026-01-15,gcrew,noaa_gefs,07,Rain_mm_sum,21,0.10000000149011612
gep07,00,2025-12-25,2026-01-15,gcrew,noaa_gefs,07,ShortwaveRadiation_Wm2,21,94.5
gep07,00,2025-12-25,2026-01-15,gcrew,noaa_gefs,07,WindSpeed_ms_mean,21,3.556685238735195
gep07,00,2025-12-25,2026-01-16,gcrew,noaa_gefs,07,AirTemp_C_mean,22,12.23005065917971
gep07,00,2025-12-25,2026-01-16,gcrew,noaa_gefs,07,Pressure_Pa,22,100937.822265625
gep07,00,2025-12-25,2026-01-16,gcrew,noaa_gefs,07,RH_percent_mean,22,94.87235832214355
gep07,00,2025-12-25,2026-01-16,gcrew,noaa_gefs,07,Rain_mm_sum,22,22.100001096725464
gep07,00,2025-12-25,2026-01-16,gcrew,noaa_gefs,07,ShortwaveRadiation_Wm2,22,9.75
gep07,00,2025-12-25,2026-01-16,gcrew,noaa_gefs,07,WindSpeed_ms_mean,22,7.712571493864753
gep07,00,2025-12-25,2026-01-17,gcrew,noaa_gefs,07,AirTemp_C_mean,23,8.732659912109398
gep07,00,2025-12-25,2026-01-17,gcrew,noaa_gefs,07,Pressure_Pa,23,101839.7109375
gep07,00,2025-12-25,2026-01-17,gcrew,noaa_gefs,07,RH_percent_mean,23,72.87350654602051
gep07,00,2025-12-25,2026-01-17,gcrew,noaa_gefs,07,Rain_mm_sum,23,0.800000011920929
gep07,00,2025-12-25,2026-01-17,gcrew,noaa_gefs,07,ShortwaveRadiation_Wm2,23,130
gep07,00,2025-12-25,2026-01-17,gcrew,noaa_gefs,07,WindSpeed_ms_mean,23,4.503928313302021
gep07,00,2025-12-25,2026-01-18,gcrew,noaa_gefs,07,AirTemp_C_mean,24,8.240655517578148
gep07,00,2025-12-25,2026-01-18,gcrew,noaa_gefs,07,Pressure_Pa,24,102885.134765625
gep07,00,2025-12-25,2026-01-18,gcrew,noaa_gefs,07,RH_percent_mean,24,67.80245590209961
gep07,00,2025-12-25,2026-01-18,gcrew,noaa_gefs,07,Rain_mm_sum,24,0
gep07,00,2025-12-25,2026-01-18,gcrew,noaa_gefs,07,ShortwaveRadiation_Wm2,24,128.5
gep07,00,2025-12-25,2026-01-18,gcrew,noaa_gefs,07,WindSpeed_ms_mean,24,3.7670321862484957
gep07,00,2025-12-25,2026-01-19,gcrew,noaa_gefs,07,AirTemp_C_mean,25,8.329751586914085
gep07,00,2025-12-25,2026-01-19,gcrew,noaa_gefs,07,Pressure_Pa,25,102533.533203125
gep07,00,2025-12-25,2026-01-19,gcrew,noaa_gefs,07,RH_percent_mean,25,78.15633964538574
gep07,00,2025-12-25,2026-01-19,gcrew,noaa_gefs,07,Rain_mm_sum,25,0
gep07,00,2025-12-25,2026-01-19,gcrew,noaa_gefs,07,ShortwaveRadiation_Wm2,25,60.75
gep07,00,2025-12-25,2026-01-19,gcrew,noaa_gefs,07,WindSpeed_ms_mean,25,5.590911795586785
gep07,00,2025-12-25,2026-01-20,gcrew,noaa_gefs,07,AirTemp_C_mean,26,8.121881103515648
gep07,00,2025-12-25,2026-01-20,gcrew,noaa_gefs,07,Pressure_Pa,26,101917.162109375
gep07,00,2025-12-25,2026-01-20,gcrew,noaa_gefs,07,RH_percent_mean,26,79.7828426361084
gep07,00,2025-12-25,2026-01-20,gcrew,noaa_gefs,07,Rain_mm_sum,26,0.699999988079071
gep07,00,2025-12-25,2026-01-20,gcrew,noaa_gefs,07,ShortwaveRadiation_Wm2,26,35
gep07,00,2025-12-25,2026-01-20,gcrew,noaa_gefs,07,WindSpeed_ms_mean,26,5.416574993003485
gep07,00,2025-12-25,2026-01-21,gcrew,noaa_gefs,07,AirTemp_C_mean,27,1.0910888671875227
gep07,00,2025-12-25,2026-01-21,gcrew,noaa_gefs,07,Pressure_Pa,27,102745.556640625
gep07,00,2025-12-25,2026-01-21,gcrew,noaa_gefs,07,RH_percent_mean,27,69.12549591064453
gep07,00,2025-12-25,2026-01-21,gcrew,noaa_gefs,07,Rain_mm_sum,27,1.2000000029802322
gep07,00,2025-12-25,2026-01-21,gcrew,noaa_gefs,07,ShortwaveRadiation_Wm2,27,28
gep07,00,2025-12-25,2026-01-21,gcrew,noaa_gefs,07,WindSpeed_ms_mean,27,5.47850488358735
gep07,00,2025-12-25,2026-01-22,gcrew,noaa_gefs,07,AirTemp_C_mean,28,5.676553344726585
gep07,00,2025-12-25,2026-01-22,gcrew,noaa_gefs,07,Pressure_Pa,28,100303.91796875
gep07,00,2025-12-25,2026-01-22,gcrew,noaa_gefs,07,RH_percent_mean,28,72.28020286560059
gep07,00,2025-12-25,2026-01-22,gcrew,noaa_gefs,07,Rain_mm_sum,28,11.300000190734863
gep07,00,2025-12-25,2026-01-22,gcrew,noaa_gefs,07,ShortwaveRadiation_Wm2,28,132
gep07,00,2025-12-25,2026-01-22,gcrew,noaa_gefs,07,WindSpeed_ms_mean,28,10.069496986572068
gep07,00,2025-12-25,2026-01-23,gcrew,noaa_gefs,07,AirTemp_C_mean,29,2.7060104370117415
gep07,00,2025-12-25,2026-01-23,gcrew,noaa_gefs,07,Pressure_Pa,29,101102.13671875
gep07,00,2025-12-25,2026-01-23,gcrew,noaa_gefs,07,RH_percent_mean,29,59.599411964416504
gep07,00,2025-12-25,2026-01-23,gcrew,noaa_gefs,07,Rain_mm_sum,29,0
gep07,00,2025-12-25,2026-01-23,gcrew,noaa_gefs,07,ShortwaveRadiation_Wm2,29,137.5
gep07,00,2025-12-25,2026-01-23,gcrew,noaa_gefs,07,WindSpeed_ms_mean,29,5.521899992654974
gep07,00,2025-12-25,2026-01-24,gcrew,noaa_gefs,07,AirTemp_C_mean,30,4.12842712402346
gep07,00,2025-12-25,2026-01-24,gcrew,noaa_gefs,07,Pressure_Pa,30,101227.48828125
gep07,00,2025-12-25,2026-01-24,gcrew,noaa_gefs,07,RH_percent_mean,30,72.47355461120605
gep07,00,2025-12-25,2026-01-24,gcrew,noaa_gefs,07,Rain_mm_sum,30,0
gep07,00,2025-12-25,2026-01-24,gcrew,noaa_gefs,07,ShortwaveRadiation_Wm2,30,127.25
gep07,00,2025-12-25,2026-01-24,gcrew,noaa_gefs,07,WindSpeed_ms_mean,30,5.117748884369503
gep07,00,2025-12-25,2026-01-25,gcrew,noaa_gefs,07,AirTemp_C_mean,31,-0.6562637329101335
gep07,00,2025-12-25,2026-01-25,gcrew,noaa_gefs,07,Pressure_Pa,31,101961.154296875
gep07,00,2025-12-25,2026-01-25,gcrew,noaa_gefs,07,RH_percent_mean,31,57.30247402191162
gep07,00,2025-12-25,2026-01-25,gcrew,noaa_gefs,07,Rain_mm_sum,31,0
gep07,00,2025-12-25,2026-01-25,gcrew,noaa_gefs,07,ShortwaveRadiation_Wm2,31,145.25
gep07,00,2025-12-25,2026-01-25,gcrew,noaa_gefs,07,WindSpeed_ms_mean,31,4.7448173419903386
gep07,00,2025-12-25,2026-01-26,gcrew,noaa_gefs,07,AirTemp_C_mean,32,2.824037170410179
gep07,00,2025-12-25,2026-01-26,gcrew,noaa_gefs,07,Pressure_Pa,32,101941.466796875
gep07,00,2025-12-25,2026-01-26,gcrew,noaa_gefs,07,RH_percent_mean,32,70.92254638671875
gep07,00,2025-12-25,2026-01-26,gcrew,noaa_gefs,07,Rain_mm_sum,32,0
gep07,00,2025-12-25,2026-01-26,gcrew,noaa_gefs,07,ShortwaveRadiation_Wm2,32,138.25
gep07,00,2025-12-25,2026-01-26,gcrew,noaa_gefs,07,WindSpeed_ms_mean,32,3.546680545310956
gep07,00,2025-12-25,2026-01-27,gcrew,noaa_gefs,07,AirTemp_C_mean,33,2.880342102050804
gep07,00,2025-12-25,2026-01-27,gcrew,noaa_gefs,07,Pressure_Pa,33,102457.599609375
gep07,00,2025-12-25,2026-01-27,gcrew,noaa_gefs,07,RH_percent_mean,33,78.3819751739502
gep07,00,2025-12-25,2026-01-27,gcrew,noaa_gefs,07,Rain_mm_sum,33,0
gep07,00,2025-12-25,2026-01-27,gcrew,noaa_gefs,07,ShortwaveRadiation_Wm2,33,142.5
gep07,00,2025-12-25,2026-01-27,gcrew,noaa_gefs,07,WindSpeed_ms_mean,33,3.633655032610908
gep07,00,2025-12-25,2026-01-28,gcrew,noaa_gefs,07,AirTemp_C_mean,34,4.36011657714846
gep07,00,2025-12-25,2026-01-28,gcrew,noaa_gefs,07,Pressure_Pa,34,102016.24609375
gep07,00,2025-12-25,2026-01-28,gcrew,noaa_gefs,07,RH_percent_mean,34,86.29985618591309
gep07,00,2025-12-25,2026-01-28,gcrew,noaa_gefs,07,Rain_mm_sum,34,0.20000000298023224
gep07,00,2025-12-25,2026-01-28,gcrew,noaa_gefs,07,ShortwaveRadiation_Wm2,34,67.25
gep07,00,2025-12-25,2026-01-28,gcrew,noaa_gefs,07,WindSpeed_ms_mean,34,2.304446884715268
gep08,00,2025-12-25,2025-12-26,gcrew,noaa_gefs,08,AirTemp_C_mean,1,1.4191566467285384
gep08,00,2025-12-25,2025-12-26,gcrew,noaa_gefs,08,Pressure_Pa,1,101883.013671875
gep08,00,2025-12-25,2025-12-26,gcrew,noaa_gefs,08,RH_percent_mean,1,59.10939836502075
gep08,00,2025-12-25,2025-12-26,gcrew,noaa_gefs,08,Rain_mm_sum,1,5.929999861866236
gep08,00,2025-12-25,2025-12-26,gcrew,noaa_gefs,08,ShortwaveRadiation_Wm2,1,52.5
gep08,00,2025-12-25,2025-12-26,gcrew,noaa_gefs,08,WindSpeed_ms_mean,1,5.719543666158366
gep08,00,2025-12-25,2025-12-27,gcrew,noaa_gefs,08,AirTemp_C_mean,2,4.553342437744163
gep08,00,2025-12-25,2025-12-27,gcrew,noaa_gefs,08,Pressure_Pa,2,101374.94921875
gep08,00,2025-12-25,2025-12-27,gcrew,noaa_gefs,08,RH_percent_mean,2,78.51494789123535
gep08,00,2025-12-25,2025-12-27,gcrew,noaa_gefs,08,Rain_mm_sum,2,5.500000089406967
gep08,00,2025-12-25,2025-12-27,gcrew,noaa_gefs,08,ShortwaveRadiation_Wm2,2,106.25
gep08,00,2025-12-25,2025-12-27,gcrew,noaa_gefs,08,WindSpeed_ms_mean,2,6.923660931417801
gep08,00,2025-12-25,2025-12-28,gcrew,noaa_gefs,08,AirTemp_C_mean,3,3.017091369628929
gep08,00,2025-12-25,2025-12-28,gcrew,noaa_gefs,08,Pressure_Pa,3,102237.642578125
gep08,00,2025-12-25,2025-12-28,gcrew,noaa_gefs,08,RH_percent_mean,3,72.99352979660034
gep08,00,2025-12-25,2025-12-28,gcrew,noaa_gefs,08,Rain_mm_sum,3,0
gep08,00,2025-12-25,2025-12-28,gcrew,noaa_gefs,08,ShortwaveRadiation_Wm2,3,105
gep08,00,2025-12-25,2025-12-28,gcrew,noaa_gefs,08,WindSpeed_ms_mean,3,2.948875395899818
gep08,00,2025-12-25,2025-12-29,gcrew,noaa_gefs,08,AirTemp_C_mean,4,8.150354003906273
gep08,00,2025-12-25,2025-12-29,gcrew,noaa_gefs,08,Pressure_Pa,4,100520.205078125
gep08,00,2025-12-25,2025-12-29,gcrew,noaa_gefs,08,RH_percent_mean,4,75.22460079193115
gep08,00,2025-12-25,2025-12-29,gcrew,noaa_gefs,08,Rain_mm_sum,4,0.8000000268220901
gep08,00,2025-12-25,2025-12-29,gcrew,noaa_gefs,08,ShortwaveRadiation_Wm2,4,62.5
gep08,00,2025-12-25,2025-12-29,gcrew,noaa_gefs,08,WindSpeed_ms_mean,4,7.362543468483011
gep08,00,2025-12-25,2025-12-30,gcrew,noaa_gefs,08,AirTemp_C_mean,5,0.325959777832054
gep08,00,2025-12-25,2025-12-30,gcrew,noaa_gefs,08,Pressure_Pa,5,100803.0263671875
gep08,00,2025-12-25,2025-12-30,gcrew,noaa_gefs,08,RH_percent_mean,5,53.082125186920166
gep08,00,2025-12-25,2025-12-30,gcrew,noaa_gefs,08,Rain_mm_sum,5,0
gep08,00,2025-12-25,2025-12-30,gcrew,noaa_gefs,08,ShortwaveRadiation_Wm2,5,100.5
gep08,00,2025-12-25,2025-12-30,gcrew,noaa_gefs,08,WindSpeed_ms_mean,5,8.02044107296069
gep08,00,2025-12-25,2025-12-31,gcrew,noaa_gefs,08,AirTemp_C_mean,6,-0.5309776306152116
gep08,00,2025-12-25,2025-12-31,gcrew,noaa_gefs,08,Pressure_Pa,6,101757.0849609375
gep08,00,2025-12-25,2025-12-31,gcrew,noaa_gefs,08,RH_percent_mean,6,49.53283452987671
gep08,00,2025-12-25,2025-12-31,gcrew,noaa_gefs,08,Rain_mm_sum,6,0
gep08,00,2025-12-25,2025-12-31,gcrew,noaa_gefs,08,ShortwaveRadiation_Wm2,6,116.25
gep08,00,2025-12-25,2025-12-31,gcrew,noaa_gefs,08,WindSpeed_ms_mean,6,5.239858882636157
gep08,00,2025-12-25,2026-01-01,gcrew,noaa_gefs,08,AirTemp_C_mean,7,3.5077911376953352
gep08,00,2025-12-25,2026-01-01,gcrew,noaa_gefs,08,Pressure_Pa,7,101793.2197265625
gep08,00,2025-12-25,2026-01-01,gcrew,noaa_gefs,08,RH_percent_mean,7,61.349281787872314
gep08,00,2025-12-25,2026-01-01,gcrew,noaa_gefs,08,Rain_mm_sum,7,0
gep08,00,2025-12-25,2026-01-01,gcrew,noaa_gefs,08,ShortwaveRadiation_Wm2,7,87.5
gep08,00,2025-12-25,2026-01-01,gcrew,noaa_gefs,08,WindSpeed_ms_mean,7,4.304550169616287
gep08,00,2025-12-25,2026-01-02,gcrew,noaa_gefs,08,AirTemp_C_mean,8,5.137780761718773
gep08,00,2025-12-25,2026-01-02,gcrew,noaa_gefs,08,Pressure_Pa,8,101893.263671875
gep08,00,2025-12-25,2026-01-02,gcrew,noaa_gefs,08,RH_percent_mean,8,76.17369937896729
gep08,00,2025-12-25,2026-01-02,gcrew,noaa_gefs,08,Rain_mm_sum,8,0
gep08,00,2025-12-25,2026-01-02,gcrew,noaa_gefs,08,ShortwaveRadiation_Wm2,8,99.375
gep08,00,2025-12-25,2026-01-02,gcrew,noaa_gefs,08,WindSpeed_ms_mean,8,2.9946754157667765
gep08,00,2025-12-25,2026-01-03,gcrew,noaa_gefs,08,AirTemp_C_mean,9,7.461868722098237
gep08,00,2025-12-25,2026-01-03,gcrew,noaa_gefs,08,Pressure_Pa,9,101427.07589285714
gep08,00,2025-12-25,2026-01-03,gcrew,noaa_gefs,08,RH_percent_mean,9,83.19520568847656
gep08,00,2025-12-25,2026-01-03,gcrew,noaa_gefs,08,Rain_mm_sum,9,0.6100000236183405
gep08,00,2025-12-25,2026-01-03,gcrew,noaa_gefs,08,ShortwaveRadiation_Wm2,9,25.714285714285715
gep08,00,2025-12-25,2026-01-03,gcrew,noaa_gefs,08,WindSpeed_ms_mean,9,5.107335579865194
gep08,00,2025-12-25,2026-01-04,gcrew,noaa_gefs,08,AirTemp_C_mean,10,10.889909362792991
gep08,00,2025-12-25,2026-01-04,gcrew,noaa_gefs,08,Pressure_Pa,10,101268.140625
gep08,00,2025-12-25,2026-01-04,gcrew,noaa_gefs,08,RH_percent_mean,10,86.44726371765137
gep08,00,2025-12-25,2026-01-04,gcrew,noaa_gefs,08,Rain_mm_sum,10,0
gep08,00,2025-12-25,2026-01-04,gcrew,noaa_gefs,08,ShortwaveRadiation_Wm2,10,85
gep08,00,2025-12-25,2026-01-04,gcrew,noaa_gefs,08,WindSpeed_ms_mean,10,3.600210788901469
gep08,00,2025-12-25,2026-01-05,gcrew,noaa_gefs,08,AirTemp_C_mean,11,14.514237976074241
gep08,00,2025-12-25,2026-01-05,gcrew,noaa_gefs,08,Pressure_Pa,11,100406.498046875
gep08,00,2025-12-25,2026-01-05,gcrew,noaa_gefs,08,RH_percent_mean,11,85.23000907897949
gep08,00,2025-12-25,2026-01-05,gcrew,noaa_gefs,08,Rain_mm_sum,11,3.7000000178813934
gep08,00,2025-12-25,2026-01-05,gcrew,noaa_gefs,08,ShortwaveRadiation_Wm2,11,42.5
gep08,00,2025-12-25,2026-01-05,gcrew,noaa_gefs,08,WindSpeed_ms_mean,11,5.815003334458832
gep08,00,2025-12-25,2026-01-06,gcrew,noaa_gefs,08,AirTemp_C_mean,12,4.505242919921898
gep08,00,2025-12-25,2026-01-06,gcrew,noaa_gefs,08,Pressure_Pa,12,100507.328125
gep08,00,2025-12-25,2026-01-06,gcrew,noaa_gefs,08,RH_percent_mean,12,62.17771530151367
gep08,00,2025-12-25,2026-01-06,gcrew,noaa_gefs,08,Rain_mm_sum,12,2.100000001490116
gep08,00,2025-12-25,2026-01-06,gcrew,noaa_gefs,08,ShortwaveRadiation_Wm2,12,120
gep08,00,2025-12-25,2026-01-06,gcrew,noaa_gefs,08,WindSpeed_ms_mean,12,7.1292139542536495
gep08,00,2025-12-25,2026-01-07,gcrew,noaa_gefs,08,AirTemp_C_mean,13,3.4188171386718977
gep08,00,2025-12-25,2026-01-07,gcrew,noaa_gefs,08,Pressure_Pa,13,101833.490234375
gep08,00,2025-12-25,2026-01-07,gcrew,noaa_gefs,08,RH_percent_mean,13,53.679908752441406
gep08,00,2025-12-25,2026-01-07,gcrew,noaa_gefs,08,Rain_mm_sum,13,0
gep08,00,2025-12-25,2026-01-07,gcrew,noaa_gefs,08,ShortwaveRadiation_Wm2,13,117.5
gep08,00,2025-12-25,2026-01-07,gcrew,noaa_gefs,08,WindSpeed_ms_mean,13,6.966477756083384
gep08,00,2025-12-25,2026-01-08,gcrew,noaa_gefs,08,AirTemp_C_mean,14,7.357942199707054
gep08,00,2025-12-25,2026-01-08,gcrew,noaa_gefs,08,Pressure_Pa,14,102328.623046875
gep08,00,2025-12-25,2026-01-08,gcrew,noaa_gefs,08,RH_percent_mean,14,55.181633949279785
gep08,00,2025-12-25,2026-01-08,gcrew,noaa_gefs,08,Rain_mm_sum,14,0
gep08,00,2025-12-25,2026-01-08,gcrew,noaa_gefs,08,ShortwaveRadiation_Wm2,14,121.5
gep08,00,2025-12-25,2026-01-08,gcrew,noaa_gefs,08,WindSpeed_ms_mean,14,4.329537463391383
gep08,00,2025-12-25,2026-01-09,gcrew,noaa_gefs,08,AirTemp_C_mean,15,6.292359924316429
gep08,00,2025-12-25,2026-01-09,gcrew,noaa_gefs,08,Pressure_Pa,15,102513.65625
gep08,00,2025-12-25,2026-01-09,gcrew,noaa_gefs,08,RH_percent_mean,15,66.9400224685669
gep08,00,2025-12-25,2026-01-09,gcrew,noaa_gefs,08,Rain_mm_sum,15,0
gep08,00,2025-12-25,2026-01-09,gcrew,noaa_gefs,08,ShortwaveRadiation_Wm2,15,116.5
gep08,00,2025-12-25,2026-01-09,gcrew,noaa_gefs,08,WindSpeed_ms_mean,15,4.169523961397145
gep08,00,2025-12-25,2026-01-10,gcrew,noaa_gefs,08,AirTemp_C_mean,16,8.230760192871116
gep08,00,2025-12-25,2026-01-10,gcrew,noaa_gefs,08,Pressure_Pa,16,100988.9765625
gep08,00,2025-12-25,2026-01-10,gcrew,noaa_gefs,08,RH_percent_mean,16,92.44572067260742
gep08,00,2025-12-25,2026-01-10,gcrew,noaa_gefs,08,Rain_mm_sum,16,47.500000953674316
gep08,00,2025-12-25,2026-01-10,gcrew,noaa_gefs,08,ShortwaveRadiation_Wm2,16,3.5
gep08,00,2025-12-25,2026-01-10,gcrew,noaa_gefs,08,WindSpeed_ms_mean,16,9.299799855644833
gep08,00,2025-12-25,2026-01-11,gcrew,noaa_gefs,08,AirTemp_C_mean,17,0.273957824707054
gep08,00,2025-12-25,2026-01-11,gcrew,noaa_gefs,08,Pressure_Pa,17,101742.986328125
gep08,00,2025-12-25,2026-01-11,gcrew,noaa_gefs,08,RH_percent_mean,17,69.99894523620605
gep08,00,2025-12-25,2026-01-11,gcrew,noaa_gefs,08,Rain_mm_sum,17,7.200000002980232
gep08,00,2025-12-25,2026-01-11,gcrew,noaa_gefs,08,ShortwaveRadiation_Wm2,17,127.25
gep08,00,2025-12-25,2026-01-11,gcrew,noaa_gefs,08,WindSpeed_ms_mean,17,7.6638541985328805
gep08,00,2025-12-25,2026-01-12,gcrew,noaa_gefs,08,AirTemp_C_mean,18,2.171846008300804
gep08,00,2025-12-25,2026-01-12,gcrew,noaa_gefs,08,Pressure_Pa,18,102770.083984375
gep08,00,2025-12-25,2026-01-12,gcrew,noaa_gefs,08,RH_percent_mean,18,69.03396034240723
gep08,00,2025-12-25,2026-01-12,gcrew,noaa_gefs,08,Rain_mm_sum,18,0
gep08,00,2025-12-25,2026-01-12,gcrew,noaa_gefs,08,ShortwaveRadiation_Wm2,18,127.5
gep08,00,2025-12-25,2026-01-12,gcrew,noaa_gefs,08,WindSpeed_ms_mean,18,3.4622293096336105
gep08,00,2025-12-25,2026-01-13,gcrew,noaa_gefs,08,AirTemp_C_mean,19,3.1381164550781477
gep08,00,2025-12-25,2026-01-13,gcrew,noaa_gefs,08,Pressure_Pa,19,102732.630859375
gep08,00,2025-12-25,2026-01-13,gcrew,noaa_gefs,08,RH_percent_mean,19,70.09601783752441
gep08,00,2025-12-25,2026-01-13,gcrew,noaa_gefs,08,Rain_mm_sum,19,0
gep08,00,2025-12-25,2026-01-13,gcrew,noaa_gefs,08,ShortwaveRadiation_Wm2,19,116.5
gep08,00,2025-12-25,2026-01-13,gcrew,noaa_gefs,08,WindSpeed_ms_mean,19,3.4455094842593312
gep08,00,2025-12-25,2026-01-14,gcrew,noaa_gefs,08,AirTemp_C_mean,20,4.095193481445335
gep08,00,2025-12-25,2026-01-14,gcrew,noaa_gefs,08,Pressure_Pa,20,102669.79296875
gep08,00,2025-12-25,2026-01-14,gcrew,noaa_gefs,08,RH_percent_mean,20,83.62176322937012
gep08,00,2025-12-25,2026-01-14,gcrew,noaa_gefs,08,Rain_mm_sum,20,0
gep08,00,2025-12-25,2026-01-14,gcrew,noaa_gefs,08,ShortwaveRadiation_Wm2,20,117.75
gep08,00,2025-12-25,2026-01-14,gcrew,noaa_gefs,08,WindSpeed_ms_mean,20,2.7496518864059034
gep08,00,2025-12-25,2026-01-15,gcrew,noaa_gefs,08,AirTemp_C_mean,21,4.34229431152346
gep08,00,2025-12-25,2026-01-15,gcrew,noaa_gefs,08,Pressure_Pa,21,102705.73828125
gep08,00,2025-12-25,2026-01-15,gcrew,noaa_gefs,08,RH_percent_mean,21,87.58064270019531
gep08,00,2025-12-25,2026-01-15,gcrew,noaa_gefs,08,Rain_mm_sum,21,0.10000000149011612
gep08,00,2025-12-25,2026-01-15,gcrew,noaa_gefs,08,ShortwaveRadiation_Wm2,21,94.5
gep08,00,2025-12-25,2026-01-15,gcrew,noaa_gefs,08,WindSpeed_ms_mean,21,3.556685238735195
gep08,00,2025-12-25,2026-01-16,gcrew,noaa_gefs,08,AirTemp_C_mean,22,12.23005065917971
gep08,00,2025-12-25,2026-01-16,gcrew,noaa_gefs,08,Pressure_Pa,22,100937.822265625
gep08,00,2025-12-25,2026-01-16,gcrew,noaa_gefs,08,RH_percent_mean,22,94.87235832214355
gep08,00,2025-12-25,2026-01-16,gcrew,noaa_gefs,08,Rain_mm_sum,22,22.100001096725464
gep08,00,2025-12-25,2026-01-16,gcrew,noaa_gefs,08,ShortwaveRadiation_Wm2,22,9.75
gep08,00,2025-12-25,2026-01-16,gcrew,noaa_gefs,08,WindSpeed_ms_mean,22,7.712571493864753
gep08,00,2025-12-25,2026-01-17,gcrew,noaa_gefs,08,AirTemp_C_mean,23,8.732659912109398
gep08,00,2025-12-25,2026-01-17,gcrew,noaa_gefs,08,Pressure_Pa,23,101839.7109375
gep08,00,2025-12-25,2026-01-17,gcrew,noaa_gefs,08,RH_percent_mean,23,72.87350654602051
gep08,00,2025-12-25,2026-01-17,gcrew,noaa_gefs,08,Rain_mm_sum,23,0.800000011920929
gep08,00,2025-12-25,2026-01-17,gcrew,noaa_gefs,08,ShortwaveRadiation_Wm2,23,130
gep08,00,2025-12-25,2026-01-17,gcrew,noaa_gefs,08,WindSpeed_ms_mean,23,4.503928313302021
gep08,00,2025-12-25,2026-01-18,gcrew,noaa_gefs,08,AirTemp_C_mean,24,8.240655517578148
gep08,00,2025-12-25,2026-01-18,gcrew,noaa_gefs,08,Pressure_Pa,24,102885.134765625
gep08,00,2025-12-25,2026-01-18,gcrew,noaa_gefs,08,RH_percent_mean,24,67.80245590209961
gep08,00,2025-12-25,2026-01-18,gcrew,noaa_gefs,08,Rain_mm_sum,24,0
gep08,00,2025-12-25,2026-01-18,gcrew,noaa_gefs,08,ShortwaveRadiation_Wm2,24,128.5
gep08,00,2025-12-25,2026-01-18,gcrew,noaa_gefs,08,WindSpeed_ms_mean,24,3.7670321862484957
gep08,00,2025-12-25,2026-01-19,gcrew,noaa_gefs,08,AirTemp_C_mean,25,8.329751586914085
gep08,00,2025-12-25,2026-01-19,gcrew,noaa_gefs,08,Pressure_Pa,25,102533.533203125
gep08,00,2025-12-25,2026-01-19,gcrew,noaa_gefs,08,RH_percent_mean,25,78.15633964538574
gep08,00,2025-12-25,2026-01-19,gcrew,noaa_gefs,08,Rain_mm_sum,25,0
gep08,00,2025-12-25,2026-01-19,gcrew,noaa_gefs,08,ShortwaveRadiation_Wm2,25,60.75
gep08,00,2025-12-25,2026-01-19,gcrew,noaa_gefs,08,WindSpeed_ms_mean,25,5.590911795586785
gep08,00,2025-12-25,2026-01-20,gcrew,noaa_gefs,08,AirTemp_C_mean,26,8.121881103515648
gep08,00,2025-12-25,2026-01-20,gcrew,noaa_gefs,08,Pressure_Pa,26,101917.162109375
gep08,00,2025-12-25,2026-01-20,gcrew,noaa_gefs,08,RH_percent_mean,26,79.7828426361084
gep08,00,2025-12-25,2026-01-20,gcrew,noaa_gefs,08,Rain_mm_sum,26,0.699999988079071
gep08,00,2025-12-25,2026-01-20,gcrew,noaa_gefs,08,ShortwaveRadiation_Wm2,26,35
gep08,00,2025-12-25,2026-01-20,gcrew,noaa_gefs,08,WindSpeed_ms_mean,26,5.416574993003485
gep08,00,2025-12-25,2026-01-21,gcrew,noaa_gefs,08,AirTemp_C_mean,27,1.0910888671875227
gep08,00,2025-12-25,2026-01-21,gcrew,noaa_gefs,08,Pressure_Pa,27,102745.556640625
gep08,00,2025-12-25,2026-01-21,gcrew,noaa_gefs,08,RH_percent_mean,27,69.12549591064453
gep08,00,2025-12-25,2026-01-21,gcrew,noaa_gefs,08,Rain_mm_sum,27,1.2000000029802322
gep08,00,2025-12-25,2026-01-21,gcrew,noaa_gefs,08,ShortwaveRadiation_Wm2,27,28
gep08,00,2025-12-25,2026-01-21,gcrew,noaa_gefs,08,WindSpeed_ms_mean,27,5.47850488358735
gep08,00,2025-12-25,2026-01-22,gcrew,noaa_gefs,08,AirTemp_C_mean,28,5.676553344726585
gep08,00,2025-12-25,2026-01-22,gcrew,noaa_gefs,08,Pressure_Pa,28,100303.91796875
gep08,00,2025-12-25,2026-01-22,gcrew,noaa_gefs,08,RH_percent_mean,28,72.28020286560059
gep08,00,2025-12-25,2026-01-22,gcrew,noaa_gefs,08,Rain_mm_sum,28,11.300000190734863
gep08,00,2025-12-25,2026-01-22,gcrew,noaa_gefs,08,ShortwaveRadiation_Wm2,28,132
gep08,00,2025-12-25,2026-01-22,gcrew,noaa_gefs,08,WindSpeed_ms_mean,28,10.069496986572068
gep08,00,2025-12-25,2026-01-23,gcrew,noaa_gefs,08,AirTemp_C_mean,29,2.7060104370117415
gep08,00,2025-12-25,2026-01-23,gcrew,noaa_gefs,08,Pressure_Pa,29,101102.13671875
gep08,00,2025-12-25,2026-01-23,gcrew,noaa_gefs,08,RH_percent_mean,29,59.599411964416504
gep08,00,2025-12-25,2026-01-23,gcrew,noaa_gefs,08,Rain_mm_sum,29,0
gep08,00,2025-12-25,2026-01-23,gcrew,noaa_gefs,08,ShortwaveRadiation_Wm2,29,137.5
gep08,00,2025-12-25,2026-01-23,gcrew,noaa_gefs,08,WindSpeed_ms_mean,29,5.521899992654974
gep08,00,2025-12-25,2026-01-24,gcrew,noaa_gefs,08,AirTemp_C_mean,30,4.12842712402346
gep08,00,2025-12-25,2026-01-24,gcrew,noaa_gefs,08,Pressure_Pa,30,101227.48828125
gep08,00,2025-12-25,2026-01-24,gcrew,noaa_gefs,08,RH_percent_mean,30,72.47355461120605
gep08,00,2025-12-25,2026-01-24,gcrew,noaa_gefs,08,Rain_mm_sum,30,0
gep08,00,2025-12-25,2026-01-24,gcrew,noaa_gefs,08,ShortwaveRadiation_Wm2,30,127.25
gep08,00,2025-12-25,2026-01-24,gcrew,noaa_gefs,08,WindSpeed_ms_mean,30,5.117748884369503
gep08,00,2025-12-25,2026-01-25,gcrew,noaa_gefs,08,AirTemp_C_mean,31,-0.6562637329101335
gep08,00,2025-12-25,2026-01-25,gcrew,noaa_gefs,08,Pressure_Pa,31,101961.154296875
gep08,00,2025-12-25,2026-01-25,gcrew,noaa_gefs,08,RH_percent_mean,31,57.30247402191162
gep08,00,2025-12-25,2026-01-25,gcrew,noaa_gefs,08,Rain_mm_sum,31,0
gep08,00,2025-12-25,2026-01-25,gcrew,noaa_gefs,08,ShortwaveRadiation_Wm2,31,145.25
gep08,00,2025-12-25,2026-01-25,gcrew,noaa_gefs,08,WindSpeed_ms_mean,31,4.7448173419903386
gep08,00,2025-12-25,2026-01-26,gcrew,noaa_gefs,08,AirTemp_C_mean,32,2.824037170410179
gep08,00,2025-12-25,2026-01-26,gcrew,noaa_gefs,08,Pressure_Pa,32,101941.466796875
gep08,00,2025-12-25,2026-01-26,gcrew,noaa_gefs,08,RH_percent_mean,32,70.92254638671875
gep08,00,2025-12-25,2026-01-26,gcrew,noaa_gefs,08,Rain_mm_sum,32,0
gep08,00,2025-12-25,2026-01-26,gcrew,noaa_gefs,08,ShortwaveRadiation_Wm2,32,138.25
gep08,00,2025-12-25,2026-01-26,gcrew,noaa_gefs,08,WindSpeed_ms_mean,32,3.546680545310956
gep08,00,2025-12-25,2026-01-27,gcrew,noaa_gefs,08,AirTemp_C_mean,33,2.880342102050804
gep08,00,2025-12-25,2026-01-27,gcrew,noaa_gefs,08,Pressure_Pa,33,102457.599609375
gep08,00,2025-12-25,2026-01-27,gcrew,noaa_gefs,08,RH_percent_mean,33,78.3819751739502
gep08,00,2025-12-25,2026-01-27,gcrew,noaa_gefs,08,Rain_mm_sum,33,0
gep08,00,2025-12-25,2026-01-27,gcrew,noaa_gefs,08,ShortwaveRadiation_Wm2,33,142.5
gep08,00,2025-12-25,2026-01-27,gcrew,noaa_gefs,08,WindSpeed_ms_mean,33,3.633655032610908
gep08,00,2025-12-25,2026-01-28,gcrew,noaa_gefs,08,AirTemp_C_mean,34,4.36011657714846
gep08,00,2025-12-25,2026-01-28,gcrew,noaa_gefs,08,Pressure_Pa,34,102016.24609375
gep08,00,2025-12-25,2026-01-28,gcrew,noaa_gefs,08,RH_percent_mean,34,86.29985618591309
gep08,00,2025-12-25,2026-01-28,gcrew,noaa_gefs,08,Rain_mm_sum,34,0.20000000298023224
gep08,00,2025-12-25,2026-01-28,gcrew,noaa_gefs,08,ShortwaveRadiation_Wm2,34,67.25
gep08,00,2025-12-25,2026-01-28,gcrew,noaa_gefs,08,WindSpeed_ms_mean,34,2.304446884715268
gep09,00,2025-12-25,2025-12-26,gcrew,noaa_gefs,09,AirTemp_C_mean,1,1.4191566467285384
gep09,00,2025-12-25,2025-12-26,gcrew,noaa_gefs,09,Pressure_Pa,1,101883.013671875
gep09,00,2025-12-25,2025-12-26,gcrew,noaa_gefs,09,RH_percent_mean,1,59.10939836502075
gep09,00,2025-12-25,2025-12-26,gcrew,noaa_gefs,09,Rain_mm_sum,1,5.929999861866236
gep09,00,2025-12-25,2025-12-26,gcrew,noaa_gefs,09,ShortwaveRadiation_Wm2,1,52.5
gep09,00,2025-12-25,2025-12-26,gcrew,noaa_gefs,09,WindSpeed_ms_mean,1,5.719543666158366
gep09,00,2025-12-25,2025-12-27,gcrew,noaa_gefs,09,AirTemp_C_mean,2,4.553342437744163
gep09,00,2025-12-25,2025-12-27,gcrew,noaa_gefs,09,Pressure_Pa,2,101374.94921875
gep09,00,2025-12-25,2025-12-27,gcrew,noaa_gefs,09,RH_percent_mean,2,78.51494789123535
gep09,00,2025-12-25,2025-12-27,gcrew,noaa_gefs,09,Rain_mm_sum,2,5.500000089406967
gep09,00,2025-12-25,2025-12-27,gcrew,noaa_gefs,09,ShortwaveRadiation_Wm2,2,106.25
gep09,00,2025-12-25,2025-12-27,gcrew,noaa_gefs,09,WindSpeed_ms_mean,2,6.923660931417801
gep09,00,2025-12-25,2025-12-28,gcrew,noaa_gefs,09,AirTemp_C_mean,3,3.017091369628929
gep09,00,2025-12-25,2025-12-28,gcrew,noaa_gefs,09,Pressure_Pa,3,102237.642578125
gep09,00,2025-12-25,2025-12-28,gcrew,noaa_gefs,09,RH_percent_mean,3,72.99352979660034
gep09,00,2025-12-25,2025-12-28,gcrew,noaa_gefs,09,Rain_mm_sum,3,0
gep09,00,2025-12-25,2025-12-28,gcrew,noaa_gefs,09,ShortwaveRadiation_Wm2,3,105
gep09,00,2025-12-25,2025-12-28,gcrew,noaa_gefs,09,WindSpeed_ms_mean,3,2.948875395899818
gep09,00,2025-12-25,2025-12-29,gcrew,noaa_gefs,09,AirTemp_C_mean,4,8.150354003906273
gep09,00,2025-12-25,2025-12-29,gcrew,noaa_gefs,09,Pressure_Pa,4,100520.205078125
gep09,00,2025-12-25,2025-12-29,gcrew,noaa_gefs,09,RH_percent_mean,4,75.22460079193115
gep09,00,2025-12-25,2025-12-29,gcrew,noaa_gefs,09,Rain_mm_sum,4,0.8000000268220901
gep09,00,2025-12-25,2025-12-29,gcrew,noaa_gefs,09,ShortwaveRadiation_Wm2,4,62.5
gep09,00,2025-12-25,2025-12-29,gcrew,noaa_gefs,09,WindSpeed_ms_mean,4,7.362543468483011
gep09,00,2025-12-25,2025-12-30,gcrew,noaa_gefs,09,AirTemp_C_mean,5,0.325959777832054
gep09,00,2025-12-25,2025-12-30,gcrew,noaa_gefs,09,Pressure_Pa,5,100803.0263671875
gep09,00,2025-12-25,2025-12-30,gcrew,noaa_gefs,09,RH_percent_mean,5,53.082125186920166
gep09,00,2025-12-25,2025-12-30,gcrew,noaa_gefs,09,Rain_mm_sum,5,0
gep09,00,2025-12-25,2025-12-30,gcrew,noaa_gefs,09,ShortwaveRadiation_Wm2,5,100.5
gep09,00,2025-12-25,2025-12-30,gcrew,noaa_gefs,09,WindSpeed_ms_mean,5,8.02044107296069
gep09,00,2025-12-25,2025-12-31,gcrew,noaa_gefs,09,AirTemp_C_mean,6,-0.5309776306152116
gep09,00,2025-12-25,2025-12-31,gcrew,noaa_gefs,09,Pressure_Pa,6,101757.0849609375
gep09,00,2025-12-25,2025-12-31,gcrew,noaa_gefs,09,RH_percent_mean,6,49.53283452987671
gep09,00,2025-12-25,2025-12-31,gcrew,noaa_gefs,09,Rain_mm_sum,6,0
gep09,00,2025-12-25,2025-12-31,gcrew,noaa_gefs,09,ShortwaveRadiation_Wm2,6,116.25
gep09,00,2025-12-25,2025-12-31,gcrew,noaa_gefs,09,WindSpeed_ms_mean,6,5.239858882636157
gep09,00,2025-12-25,2026-01-01,gcrew,noaa_gefs,09,AirTemp_C_mean,7,3.5077911376953352
gep09,00,2025-12-25,2026-01-01,gcrew,noaa_gefs,09,Pressure_Pa,7,101793.2197265625
gep09,00,2025-12-25,2026-01-01,gcrew,noaa_gefs,09,RH_percent_mean,7,61.349281787872314
gep09,00,2025-12-25,2026-01-01,gcrew,noaa_gefs,09,Rain_mm_sum,7,0
gep09,00,2025-12-25,2026-01-01,gcrew,noaa_gefs,09,ShortwaveRadiation_Wm2,7,87.5
gep09,00,2025-12-25,2026-01-01,gcrew,noaa_gefs,09,WindSpeed_ms_mean,7,4.304550169616287
gep09,00,2025-12-25,2026-01-02,gcrew,noaa_gefs,09,AirTemp_C_mean,8,5.137780761718773
gep09,00,2025-12-25,2026-01-02,gcrew,noaa_gefs,09,Pressure_Pa,8,101893.263671875
gep09,00,2025-12-25,2026-01-02,gcrew,noaa_gefs,09,RH_percent_mean,8,76.17369937896729
gep09,00,2025-12-25,2026-01-02,gcrew,noaa_gefs,09,Rain_mm_sum,8,0
gep09,00,2025-12-25,2026-01-02,gcrew,noaa_gefs,09,ShortwaveRadiation_Wm2,8,99.375
gep09,00,2025-12-25,2026-01-02,gcrew,noaa_gefs,09,WindSpeed_ms_mean,8,2.9946754157667765
gep09,00,2025-12-25,2026-01-03,gcrew,noaa_gefs,09,AirTemp_C_mean,9,7.461868722098237
gep09,00,2025-12-25,2026-01-03,gcrew,noaa_gefs,09,Pressure_Pa,9,101427.07589285714
gep09,00,2025-12-25,2026-01-03,gcrew,noaa_gefs,09,RH_percent_mean,9,83.19520568847656
gep09,00,2025-12-25,2026-01-03,gcrew,noaa_gefs,09,Rain_mm_sum,9,0.6100000236183405
gep09,00,2025-12-25,2026-01-03,gcrew,noaa_gefs,09,ShortwaveRadiation_Wm2,9,25.714285714285715
gep09,00,2025-12-25,2026-01-03,gcrew,noaa_gefs,09,WindSpeed_ms_mean,9,5.107335579865194
gep09,00,2025-12-25,2026-01-04,gcrew,noaa_gefs,09,AirTemp_C_mean,10,10.889909362792991
gep09,00,2025-12-25,2026-01-04,gcrew,noaa_gefs,09,Pressure_Pa,10,101268.140625
gep09,00,2025-12-25,2026-01-04,gcrew,noaa_gefs,09,RH_percent_mean,10,86.44726371765137
gep09,00,2025-12-25,2026-01-04,gcrew,noaa_gefs,09,Rain_mm_sum,10,0
gep09,00,2025-12-25,2026-01-04,gcrew,noaa_gefs,09,ShortwaveRadiation_Wm2,10,85
gep09,00,2025-12-25,2026-01-04,gcrew,noaa_gefs,09,WindSpeed_ms_mean,10,3.600210788901469
gep09,00,2025-12-25,2026-01-05,gcrew,noaa_gefs,09,AirTemp_C_mean,11,14.514237976074241
gep09,00,2025-12-25,2026-01-05,gcrew,noaa_gefs,09,Pressure_Pa,11,100406.498046875
gep09,00,2025-12-25,2026-01-05,gcrew,noaa_gefs,09,RH_percent_mean,11,85.23000907897949
gep09,00,2025-12-25,2026-01-05,gcrew,noaa_gefs,09,Rain_mm_sum,11,3.7000000178813934
gep09,00,2025-12-25,2026-01-05,gcrew,noaa_gefs,09,ShortwaveRadiation_Wm2,11,42.5
gep09,00,2025-12-25,2026-01-05,gcrew,noaa_gefs,09,WindSpeed_ms_mean,11,5.815003334458832
gep09,00,2025-12-25,2026-01-06,gcrew,noaa_gefs,09,AirTemp_C_mean,12,4.505242919921898
gep09,00,2025-12-25,2026-01-06,gcrew,noaa_gefs,09,Pressure_Pa,12,100507.328125
gep09,00,2025-12-25,2026-01-06,gcrew,noaa_gefs,09,RH_percent_mean,12,62.17771530151367
gep09,00,2025-12-25,2026-01-06,gcrew,noaa_gefs,09,Rain_mm_sum,12,2.100000001490116
gep09,00,2025-12-25,2026-01-06,gcrew,noaa_gefs,09,ShortwaveRadiation_Wm2,12,120
gep09,00,2025-12-25,2026-01-06,gcrew,noaa_gefs,09,WindSpeed_ms_mean,12,7.1292139542536495
gep09,00,2025-12-25,2026-01-07,gcrew,noaa_gefs,09,AirTemp_C_mean,13,3.4188171386718977
gep09,00,2025-12-25,2026-01-07,gcrew,noaa_gefs,09,Pressure_Pa,13,101833.490234375
gep09,00,2025-12-25,2026-01-07,gcrew,noaa_gefs,09,RH_percent_mean,13,53.679908752441406
gep09,00,2025-12-25,2026-01-07,gcrew,noaa_gefs,09,Rain_mm_sum,13,0
gep09,00,2025-12-25,2026-01-07,gcrew,noaa_gefs,09,ShortwaveRadiation_Wm2,13,117.5
gep09,00,2025-12-25,2026-01-07,gcrew,noaa_gefs,09,WindSpeed_ms_mean,13,6.966477756083384
gep09,00,2025-12-25,2026-01-08,gcrew,noaa_gefs,09,AirTemp_C_mean,14,7.357942199707054
gep09,00,2025-12-25,2026-01-08,gcrew,noaa_gefs,09,Pressure_Pa,14,102328.623046875
gep09,00,2025-12-25,2026-01-08,gcrew,noaa_gefs,09,RH_percent_mean,14,55.181633949279785
gep09,00,2025-12-25,2026-01-08,gcrew,noaa_gefs,09,Rain_mm_sum,14,0
gep09,00,2025-12-25,2026-01-08,gcrew,noaa_gefs,09,ShortwaveRadiation_Wm2,14,121.5
gep09,00,2025-12-25,2026-01-08,gcrew,noaa_gefs,09,WindSpeed_ms_mean,14,4.329537463391383
gep09,00,2025-12-25,2026-01-09,gcrew,noaa_gefs,09,AirTemp_C_mean,15,6.292359924316429
gep09,00,2025-12-25,2026-01-09,gcrew,noaa_gefs,09,Pressure_Pa,15,102513.65625
gep09,00,2025-12-25,2026-01-09,gcrew,noaa_gefs,09,RH_percent_mean,15,66.9400224685669
gep09,00,2025-12-25,2026-01-09,gcrew,noaa_gefs,09,Rain_mm_sum,15,0
gep09,00,2025-12-25,2026-01-09,gcrew,noaa_gefs,09,ShortwaveRadiation_Wm2,15,116.5
gep09,00,2025-12-25,2026-01-09,gcrew,noaa_gefs,09,WindSpeed_ms_mean,15,4.169523961397145
gep09,00,2025-12-25,2026-01-10,gcrew,noaa_gefs,09,AirTemp_C_mean,16,8.230760192871116
gep09,00,2025-12-25,2026-01-10,gcrew,noaa_gefs,09,Pressure_Pa,16,100988.9765625
gep09,00,2025-12-25,2026-01-10,gcrew,noaa_gefs,09,RH_percent_mean,16,92.44572067260742
gep09,00,2025-12-25,2026-01-10,gcrew,noaa_gefs,09,Rain_mm_sum,16,47.500000953674316
gep09,00,2025-12-25,2026-01-10,gcrew,noaa_gefs,09,ShortwaveRadiation_Wm2,16,3.5
gep09,00,2025-12-25,2026-01-10,gcrew,noaa_gefs,09,WindSpeed_ms_mean,16,9.299799855644833
gep09,00,2025-12-25,2026-01-11,gcrew,noaa_gefs,09,AirTemp_C_mean,17,0.273957824707054
gep09,00,2025-12-25,2026-01-11,gcrew,noaa_gefs,09,Pressure_Pa,17,101742.986328125
gep09,00,2025-12-25,2026-01-11,gcrew,noaa_gefs,09,RH_percent_mean,17,69.99894523620605
gep09,00,2025-12-25,2026-01-11,gcrew,noaa_gefs,09,Rain_mm_sum,17,7.200000002980232
gep09,00,2025-12-25,2026-01-11,gcrew,noaa_gefs,09,ShortwaveRadiation_Wm2,17,127.25
gep09,00,2025-12-25,2026-01-11,gcrew,noaa_gefs,09,WindSpeed_ms_mean,17,7.6638541985328805
gep09,00,2025-12-25,2026-01-12,gcrew,noaa_gefs,09,AirTemp_C_mean,18,2.171846008300804
gep09,00,2025-12-25,2026-01-12,gcrew,noaa_gefs,09,Pressure_Pa,18,102770.083984375
gep09,00,2025-12-25,2026-01-12,gcrew,noaa_gefs,09,RH_percent_mean,18,69.03396034240723
gep09,00,2025-12-25,2026-01-12,gcrew,noaa_gefs,09,Rain_mm_sum,18,0
gep09,00,2025-12-25,2026-01-12,gcrew,noaa_gefs,09,ShortwaveRadiation_Wm2,18,127.5
gep09,00,2025-12-25,2026-01-12,gcrew,noaa_gefs,09,WindSpeed_ms_mean,18,3.4622293096336105
gep09,00,2025-12-25,2026-01-13,gcrew,noaa_gefs,09,AirTemp_C_mean,19,3.1381164550781477
gep09,00,2025-12-25,2026-01-13,gcrew,noaa_gefs,09,Pressure_Pa,19,102732.630859375
gep09,00,2025-12-25,2026-01-13,gcrew,noaa_gefs,09,RH_percent_mean,19,70.09601783752441
gep09,00,2025-12-25,2026-01-13,gcrew,noaa_gefs,09,Rain_mm_sum,19,0
gep09,00,2025-12-25,2026-01-13,gcrew,noaa_gefs,09,ShortwaveRadiation_Wm2,19,116.5
gep09,00,2025-12-25,2026-01-13,gcrew,noaa_gefs,09,WindSpeed_ms_mean,19,3.4455094842593312
gep09,00,2025-12-25,2026-01-14,gcrew,noaa_gefs,09,AirTemp_C_mean,20,4.095193481445335
gep09,00,2025-12-25,2026-01-14,gcrew,noaa_gefs,09,Pressure_Pa,20,102669.79296875
gep09,00,2025-12-25,2026-01-14,gcrew,noaa_gefs,09,RH_percent_mean,20,83.62176322937012
gep09,00,2025-12-25,2026-01-14,gcrew,noaa_gefs,09,Rain_mm_sum,20,0
gep09,00,2025-12-25,2026-01-14,gcrew,noaa_gefs,09,ShortwaveRadiation_Wm2,20,117.75
gep09,00,2025-12-25,2026-01-14,gcrew,noaa_gefs,09,WindSpeed_ms_mean,20,2.7496518864059034
gep09,00,2025-12-25,2026-01-15,gcrew,noaa_gefs,09,AirTemp_C_mean,21,4.34229431152346
gep09,00,2025-12-25,2026-01-15,gcrew,noaa_gefs,09,Pressure_Pa,21,102705.73828125
gep09,00,2025-12-25,2026-01-15,gcrew,noaa_gefs,09,RH_percent_mean,21,87.58064270019531
gep09,00,2025-12-25,2026-01-15,gcrew,noaa_gefs,09,Rain_mm_sum,21,0.10000000149011612
gep09,00,2025-12-25,2026-01-15,gcrew,noaa_gefs,09,ShortwaveRadiation_Wm2,21,94.5
gep09,00,2025-12-25,2026-01-15,gcrew,noaa_gefs,09,WindSpeed_ms_mean,21,3.556685238735195
gep09,00,2025-12-25,2026-01-16,gcrew,noaa_gefs,09,AirTemp_C_mean,22,12.23005065917971
gep09,00,2025-12-25,2026-01-16,gcrew,noaa_gefs,09,Pressure_Pa,22,100937.822265625
gep09,00,2025-12-25,2026-01-16,gcrew,noaa_gefs,09,RH_percent_mean,22,94.87235832214355
gep09,00,2025-12-25,2026-01-16,gcrew,noaa_gefs,09,Rain_mm_sum,22,22.100001096725464
gep09,00,2025-12-25,2026-01-16,gcrew,noaa_gefs,09,ShortwaveRadiation_Wm2,22,9.75
gep09,00,2025-12-25,2026-01-16,gcrew,noaa_gefs,09,WindSpeed_ms_mean,22,7.712571493864753
gep09,00,2025-12-25,2026-01-17,gcrew,noaa_gefs,09,AirTemp_C_mean,23,8.732659912109398
gep09,00,2025-12-25,2026-01-17,gcrew,noaa_gefs,09,Pressure_Pa,23,101839.7109375
gep09,00,2025-12-25,2026-01-17,gcrew,noaa_gefs,09,RH_percent_mean,23,72.87350654602051
gep09,00,2025-12-25,2026-01-17,gcrew,noaa_gefs,09,Rain_mm_sum,23,0.800000011920929
gep09,00,2025-12-25,2026-01-17,gcrew,noaa_gefs,09,ShortwaveRadiation_Wm2,23,130
gep09,00,2025-12-25,2026-01-17,gcrew,noaa_gefs,09,WindSpeed_ms_mean,23,4.503928313302021
gep09,00,2025-12-25,2026-01-18,gcrew,noaa_gefs,09,AirTemp_C_mean,24,8.240655517578148
gep09,00,2025-12-25,2026-01-18,gcrew,noaa_gefs,09,Pressure_Pa,24,102885.134765625
gep09,00,2025-12-25,2026-01-18,gcrew,noaa_gefs,09,RH_percent_mean,24,67.80245590209961
gep09,00,2025-12-25,2026-01-18,gcrew,noaa_gefs,09,Rain_mm_sum,24,0
gep09,00,2025-12-25,2026-01-18,gcrew,noaa_gefs,09,ShortwaveRadiation_Wm2,24,128.5
gep09,00,2025-12-25,2026-01-18,gcrew,noaa_gefs,09,WindSpeed_ms_mean,24,3.7670321862484957
gep09,00,2025-12-25,2026-01-19,gcrew,noaa_gefs,09,AirTemp_C_mean,25,8.329751586914085
gep09,00,2025-12-25,2026-01-19,gcrew,noaa_gefs,09,Pressure_Pa,25,102533.533203125
gep09,00,2025-12-25,2026-01-19,gcrew,noaa_gefs,09,RH_percent_mean,25,78.15633964538574
gep09,00,2025-12-25,2026-01-19,gcrew,noaa_gefs,09,Rain_mm_sum,25,0
gep09,00,2025-12-25,2026-01-19,gcrew,noaa_gefs,09,ShortwaveRadiation_Wm2,25,60.75
gep09,00,2025-12-25,2026-01-19,gcrew,noaa_gefs,09,WindSpeed_ms_mean,25,5.590911795586785
gep09,00,2025-12-25,2026-01-20,gcrew,noaa_gefs,09,AirTemp_C_mean,26,8.121881103515648
gep09,00,2025-12-25,2026-01-20,gcrew,noaa_gefs,09,Pressure_Pa,26,101917.162109375
gep09,00,2025-12-25,2026-01-20,gcrew,noaa_gefs,09,RH_percent_mean,26,79.7828426361084
gep09,00,2025-12-25,2026-01-20,gcrew,noaa_gefs,09,Rain_mm_sum,26,0.699999988079071
gep09,00,2025-12-25,2026-01-20,gcrew,noaa_gefs,09,ShortwaveRadiation_Wm2,26,35
gep09,00,2025-12-25,2026-01-20,gcrew,noaa_gefs,09,WindSpeed_ms_mean,26,5.416574993003485
gep09,00,2025-12-25,2026-01-21,gcrew,noaa_gefs,09,AirTemp_C_mean,27,1.0910888671875227
gep09,00,2025-12-25,2026-01-21,gcrew,noaa_gefs,09,Pressure_Pa,27,102745.556640625
gep09,00,2025-12-25,2026-01-21,gcrew,noaa_gefs,09,RH_percent_mean,27,69.12549591064453
gep09,00,2025-12-25,2026-01-21,gcrew,noaa_gefs,09,Rain_mm_sum,27,1.2000000029802322
gep09,00,2025-12-25,2026-01-21,gcrew,noaa_gefs,09,ShortwaveRadiation_Wm2,27,28
gep09,00,2025-12-25,2026-01-21,gcrew,noaa_gefs,09,WindSpeed_ms_mean,27,5.47850488358735
gep09,00,2025-12-25,2026-01-22,gcrew,noaa_gefs,09,AirTemp_C_mean,28,5.676553344726585
gep09,00,2025-12-25,2026-01-22,gcrew,noaa_gefs,09,Pressure_Pa,28,100303.91796875
gep09,00,2025-12-25,2026-01-22,gcrew,noaa_gefs,09,RH_percent_mean,28,72.28020286560059
gep09,00,2025-12-25,2026-01-22,gcrew,noaa_gefs,09,Rain_mm_sum,28,11.300000190734863
gep09,00,2025-12-25,2026-01-22,gcrew,noaa_gefs,09,ShortwaveRadiation_Wm2,28,132
gep09,00,2025-12-25,2026-01-22,gcrew,noaa_gefs,09,WindSpeed_ms_mean,28,10.069496986572068
gep09,00,2025-12-25,2026-01-23,gcrew,noaa_gefs,09,AirTemp_C_mean,29,2.7060104370117415
gep09,00,2025-12-25,2026-01-23,gcrew,noaa_gefs,09,Pressure_Pa,29,101102.13671875
gep09,00,2025-12-25,2026-01-23,gcrew,noaa_gefs,09,RH_percent_mean,29,59.599411964416504
gep09,00,2025-12-25,2026-01-23,gcrew,noaa_gefs,09,Rain_mm_sum,29,0
gep09,00,2025-12-25,2026-01-23,gcrew,noaa_gefs,09,ShortwaveRadiation_Wm2,29,137.5
gep09,00,2025-12-25,2026-01-23,gcrew,noaa_gefs,09,WindSpeed_ms_mean,29,5.521899992654974
gep09,00,2025-12-25,2026-01-24,gcrew,noaa_gefs,09,AirTemp_C_mean,30,4.12842712402346
gep09,00,2025-12-25,2026-01-24,gcrew,noaa_gefs,09,Pressure_Pa,30,101227.48828125
gep09,00,2025-12-25,2026-01-24,gcrew,noaa_gefs,09,RH_percent_mean,30,72.47355461120605
gep09,00,2025-12-25,2026-01-24,gcrew,noaa_gefs,09,Rain_mm_sum,30,0
gep09,00,2025-12-25,2026-01-24,gcrew,noaa_gefs,09,ShortwaveRadiation_Wm2,30,127.25
gep09,00,2025-12-25,2026-01-24,gcrew,noaa_gefs,09,WindSpeed_ms_mean,30,5.117748884369503
gep09,00,2025-12-25,2026-01-25,gcrew,noaa_gefs,09,AirTemp_C_mean,31,-0.6562637329101335
gep09,00,2025-12-25,2026-01-25,gcrew,noaa_gefs,09,Pressure_Pa,31,101961.154296875
gep09,00,2025-12-25,2026-01-25,gcrew,noaa_gefs,09,RH_percent_mean,31,57.30247402191162
gep09,00,2025-12-25,2026-01-25,gcrew,noaa_gefs,09,Rain_mm_sum,31,0
gep09,00,2025-12-25,2026-01-25,gcrew,noaa_gefs,09,ShortwaveRadiation_Wm2,31,145.25
gep09,00,2025-12-25,2026-01-25,gcrew,noaa_gefs,09,WindSpeed_ms_mean,31,4.7448173419903386
gep09,00,2025-12-25,2026-01-26,gcrew,noaa_gefs,09,AirTemp_C_mean,32,2.824037170410179
gep09,00,2025-12-25,2026-01-26,gcrew,noaa_gefs,09,Pressure_Pa,32,101941.466796875
gep09,00,2025-12-25,2026-01-26,gcrew,noaa_gefs,09,RH_percent_mean,32,70.92254638671875
gep09,00,2025-12-25,2026-01-26,gcrew,noaa_gefs,09,Rain_mm_sum,32,0
gep09,00,2025-12-25,2026-01-26,gcrew,noaa_gefs,09,ShortwaveRadiation_Wm2,32,138.25
gep09,00,2025-12-25,2026-01-26,gcrew,noaa_gefs,09,WindSpeed_ms_mean,32,3.546680545310956
gep09,00,2025-12-25,2026-01-27,gcrew,noaa_gefs,09,AirTemp_C_mean,33,2.880342102050804
gep09,00,2025-12-25,2026-01-27,gcrew,noaa_gefs,09,Pressure_Pa,33,102457.599609375
gep09,00,2025-12-25,2026-01-27,gcrew,noaa_gefs,09,RH_percent_mean,33,78.3819751739502
gep09,00,2025-12-25,2026-01-27,gcrew,noaa_gefs,09,Rain_mm_sum,33,0
gep09,00,2025-12-25,2026-01-27,gcrew,noaa_gefs,09,ShortwaveRadiation_Wm2,33,142.5
gep09,00,2025-12-25,2026-01-27,gcrew,noaa_gefs,09,WindSpeed_ms_mean,33,3.633655032610908
gep09,00,2025-12-25,2026-01-28,gcrew,noaa_gefs,09,AirTemp_C_mean,34,4.36011657714846
gep09,00,2025-12-25,2026-01-28,gcrew,noaa_gefs,09,Pressure_Pa,34,102016.24609375
gep09,00,2025-12-25,2026-01-28,gcrew,noaa_gefs,09,RH_percent_mean,34,86.29985618591309
gep09,00,2025-12-25,2026-01-28,gcrew,noaa_gefs,09,Rain_mm_sum,34,0.20000000298023224
gep09,00,2025-12-25,2026-01-28,gcrew,noaa_gefs,09,ShortwaveRadiation_Wm2,34,67.25
gep09,00,2025-12-25,2026-01-28,gcrew,noaa_gefs,09,WindSpeed_ms_mean,34,2.304446884715268
gep10,00,2025-12-25,2025-12-26,gcrew,noaa_gefs,10,AirTemp_C_mean,1,1.4191566467285384
gep10,00,2025-12-25,2025-12-26,gcrew,noaa_gefs,10,Pressure_Pa,1,101883.013671875
gep10,00,2025-12-25,2025-12-26,gcrew,noaa_gefs,10,RH_percent_mean,1,59.10939836502075
gep10,00,2025-12-25,2025-12-26,gcrew,noaa_gefs,10,Rain_mm_sum,1,5.929999861866236
gep10,00,2025-12-25,2025-12-26,gcrew,noaa_gefs,10,ShortwaveRadiation_Wm2,1,52.5
gep10,00,2025-12-25,2025-12-26,gcrew,noaa_gefs,10,WindSpeed_ms_mean,1,5.719543666158366
gep10,00,2025-12-25,2025-12-27,gcrew,noaa_gefs,10,AirTemp_C_mean,2,4.553342437744163
gep10,00,2025-12-25,2025-12-27,gcrew,noaa_gefs,10,Pressure_Pa,2,101374.94921875
gep10,00,2025-12-25,2025-12-27,gcrew,noaa_gefs,10,RH_percent_mean,2,78.51494789123535
gep10,00,2025-12-25,2025-12-27,gcrew,noaa_gefs,10,Rain_mm_sum,2,5.500000089406967
gep10,00,2025-12-25,2025-12-27,gcrew,noaa_gefs,10,ShortwaveRadiation_Wm2,2,106.25
gep10,00,2025-12-25,2025-12-27,gcrew,noaa_gefs,10,WindSpeed_ms_mean,2,6.923660931417801
gep10,00,2025-12-25,2025-12-28,gcrew,noaa_gefs,10,AirTemp_C_mean,3,3.017091369628929
gep10,00,2025-12-25,2025-12-28,gcrew,noaa_gefs,10,Pressure_Pa,3,102237.642578125
gep10,00,2025-12-25,2025-12-28,gcrew,noaa_gefs,10,RH_percent_mean,3,72.99352979660034
gep10,00,2025-12-25,2025-12-28,gcrew,noaa_gefs,10,Rain_mm_sum,3,0
gep10,00,2025-12-25,2025-12-28,gcrew,noaa_gefs,10,ShortwaveRadiation_Wm2,3,105
gep10,00,2025-12-25,2025-12-28,gcrew,noaa_gefs,10,WindSpeed_ms_mean,3,2.948875395899818
gep10,00,2025-12-25,2025-12-29,gcrew,noaa_gefs,10,AirTemp_C_mean,4,8.150354003906273
gep10,00,2025-12-25,2025-12-29,gcrew,noaa_gefs,10,Pressure_Pa,4,100520.205078125
gep10,00,2025-12-25,2025-12-29,gcrew,noaa_gefs,10,RH_percent_mean,4,75.22460079193115
gep10,00,2025-12-25,2025-12-29,gcrew,noaa_gefs,10,Rain_mm_sum,4,0.8000000268220901
gep10,00,2025-12-25,2025-12-29,gcrew,noaa_gefs,10,ShortwaveRadiation_Wm2,4,62.5
gep10,00,2025-12-25,2025-12-29,gcrew,noaa_gefs,10,WindSpeed_ms_mean,4,7.362543468483011
gep10,00,2025-12-25,2025-12-30,gcrew,noaa_gefs,10,AirTemp_C_mean,5,0.325959777832054
gep10,00,2025-12-25,2025-12-30,gcrew,noaa_gefs,10,Pressure_Pa,5,100803.0263671875
gep10,00,2025-12-25,2025-12-30,gcrew,noaa_gefs,10,RH_percent_mean,5,53.082125186920166
gep10,00,2025-12-25,2025-12-30,gcrew,noaa_gefs,10,Rain_mm_sum,5,0
gep10,00,2025-12-25,2025-12-30,gcrew,noaa_gefs,10,ShortwaveRadiation_Wm2,5,100.5
gep10,00,2025-12-25,2025-12-30,gcrew,noaa_gefs,10,WindSpeed_ms_mean,5,8.02044107296069
gep10,00,2025-12-25,2025-12-31,gcrew,noaa_gefs,10,AirTemp_C_mean,6,-0.5309776306152116
gep10,00,2025-12-25,2025-12-31,gcrew,noaa_gefs,10,Pressure_Pa,6,101757.0849609375
gep10,00,2025-12-25,2025-12-31,gcrew,noaa_gefs,10,RH_percent_mean,6,49.53283452987671
gep10,00,2025-12-25,2025-12-31,gcrew,noaa_gefs,10,Rain_mm_sum,6,0
gep10,00,2025-12-25,2025-12-31,gcrew,noaa_gefs,10,ShortwaveRadiation_Wm2,6,116.25
gep10,00,2025-12-25,2025-12-31,gcrew,noaa_gefs,10,WindSpeed_ms_mean,6,5.239858882636157
gep10,00,2025-12-25,2026-01-01,gcrew,noaa_gefs,10,AirTemp_C_mean,7,3.5077911376953352
gep10,00,2025-12-25,2026-01-01,gcrew,noaa_gefs,10,Pressure_Pa,7,101793.2197265625
gep10,00,2025-12-25,2026-01-01,gcrew,noaa_gefs,10,RH_percent_mean,7,61.349281787872314
gep10,00,2025-12-25,2026-01-01,gcrew,noaa_gefs,10,Rain_mm_sum,7,0
gep10,00,2025-12-25,2026-01-01,gcrew,noaa_gefs,10,ShortwaveRadiation_Wm2,7,87.5
gep10,00,2025-12-25,2026-01-01,gcrew,noaa_gefs,10,WindSpeed_ms_mean,7,4.304550169616287
gep10,00,2025-12-25,2026-01-02,gcrew,noaa_gefs,10,AirTemp_C_mean,8,5.137780761718773
gep10,00,2025-12-25,2026-01-02,gcrew,noaa_gefs,10,Pressure_Pa,8,101893.263671875
gep10,00,2025-12-25,2026-01-02,gcrew,noaa_gefs,10,RH_percent_mean,8,76.17369937896729
gep10,00,2025-12-25,2026-01-02,gcrew,noaa_gefs,10,Rain_mm_sum,8,0
gep10,00,2025-12-25,2026-01-02,gcrew,noaa_gefs,10,ShortwaveRadiation_Wm2,8,99.375
gep10,00,2025-12-25,2026-01-02,gcrew,noaa_gefs,10,WindSpeed_ms_mean,8,2.9946754157667765
gep10,00,2025-12-25,2026-01-03,gcrew,noaa_gefs,10,AirTemp_C_mean,9,7.461868722098237
gep10,00,2025-12-25,2026-01-03,gcrew,noaa_gefs,10,Pressure_Pa,9,101427.07589285714
gep10,00,2025-12-25,2026-01-03,gcrew,noaa_gefs,10,RH_percent_mean,9,83.19520568847656
gep10,00,2025-12-25,2026-01-03,gcrew,noaa_gefs,10,Rain_mm_sum,9,0.6100000236183405
gep10,00,2025-12-25,2026-01-03,gcrew,noaa_gefs,10,ShortwaveRadiation_Wm2,9,25.714285714285715
gep10,00,2025-12-25,2026-01-03,gcrew,noaa_gefs,10,WindSpeed_ms_mean,9,5.107335579865194
gep10,00,2025-12-25,2026-01-04,gcrew,noaa_gefs,10,AirTemp_C_mean,10,10.889909362792991
gep10,00,2025-12-25,2026-01-04,gcrew,noaa_gefs,10,Pressure_Pa,10,101268.140625
gep10,00,2025-12-25,2026-01-04,gcrew,noaa_gefs,10,RH_percent_mean,10,86.44726371765137
gep10,00,2025-12-25,2026-01-04,gcrew,noaa_gefs,10,Rain_mm_sum,10,0
gep10,00,2025-12-25,2026-01-04,gcrew,noaa_gefs,10,ShortwaveRadiation_Wm2,10,85
gep10,00,2025-12-25,2026-01-04,gcrew,noaa_gefs,10,WindSpeed_ms_mean,10,3.600210788901469
gep10,00,2025-12-25,2026-01-05,gcrew,noaa_gefs,10,AirTemp_C_mean,11,14.514237976074241
gep10,00,2025-12-25,2026-01-05,gcrew,noaa_gefs,10,Pressure_Pa,11,100406.498046875
gep10,00,2025-12-25,2026-01-05,gcrew,noaa_gefs,10,RH_percent_mean,11,85.23000907897949
gep10,00,2025-12-25,2026-01-05,gcrew,noaa_gefs,10,Rain_mm_sum,11,3.7000000178813934
gep10,00,2025-12-25,2026-01-05,gcrew,noaa_gefs,10,ShortwaveRadiation_Wm2,11,42.5
gep10,00,2025-12-25,2026-01-05,gcrew,noaa_gefs,10,WindSpeed_ms_mean,11,5.815003334458832
gep10,00,2025-12-25,2026-01-06,gcrew,noaa_gefs,10,AirTemp_C_mean,12,4.505242919921898
gep10,00,2025-12-25,2026-01-06,gcrew,noaa_gefs,10,Pressure_Pa,12,100507.328125
gep10,00,2025-12-25,2026-01-06,gcrew,noaa_gefs,10,RH_percent_mean,12,62.17771530151367
gep10,00,2025-12-25,2026-01-06,gcrew,noaa_gefs,10,Rain_mm_sum,12,2.100000001490116
gep10,00,2025-12-25,2026-01-06,gcrew,noaa_gefs,10,ShortwaveRadiation_Wm2,12,120
gep10,00,2025-12-25,2026-01-06,gcrew,noaa_gefs,10,WindSpeed_ms_mean,12,7.1292139542536495
gep10,00,2025-12-25,2026-01-07,gcrew,noaa_gefs,10,AirTemp_C_mean,13,3.4188171386718977
gep10,00,2025-12-25,2026-01-07,gcrew,noaa_gefs,10,Pressure_Pa,13,101833.490234375
gep10,00,2025-12-25,2026-01-07,gcrew,noaa_gefs,10,RH_percent_mean,13,53.679908752441406
gep10,00,2025-12-25,2026-01-07,gcrew,noaa_gefs,10,Rain_mm_sum,13,0
gep10,00,2025-12-25,2026-01-07,gcrew,noaa_gefs,10,ShortwaveRadiation_Wm2,13,117.5
gep10,00,2025-12-25,2026-01-07,gcrew,noaa_gefs,10,WindSpeed_ms_mean,13,6.966477756083384
gep10,00,2025-12-25,2026-01-08,gcrew,noaa_gefs,10,AirTemp_C_mean,14,7.357942199707054
gep10,00,2025-12-25,2026-01-08,gcrew,noaa_gefs,10,Pressure_Pa,14,102328.623046875
gep10,00,2025-12-25,2026-01-08,gcrew,noaa_gefs,10,RH_percent_mean,14,55.181633949279785
gep10,00,2025-12-25,2026-01-08,gcrew,noaa_gefs,10,Rain_mm_sum,14,0
gep10,00,2025-12-25,2026-01-08,gcrew,noaa_gefs,10,ShortwaveRadiation_Wm2,14,121.5
gep10,00,2025-12-25,2026-01-08,gcrew,noaa_gefs,10,WindSpeed_ms_mean,14,4.329537463391383
gep10,00,2025-12-25,2026-01-09,gcrew,noaa_gefs,10,AirTemp_C_mean,15,6.292359924316429
gep10,00,2025-12-25,2026-01-09,gcrew,noaa_gefs,10,Pressure_Pa,15,102513.65625
gep10,00,2025-12-25,2026-01-09,gcrew,noaa_gefs,10,RH_percent_mean,15,66.9400224685669
gep10,00,2025-12-25,2026-01-09,gcrew,noaa_gefs,10,Rain_mm_sum,15,0
gep10,00,2025-12-25,2026-01-09,gcrew,noaa_gefs,10,ShortwaveRadiation_Wm2,15,116.5
gep10,00,2025-12-25,2026-01-09,gcrew,noaa_gefs,10,WindSpeed_ms_mean,15,4.169523961397145
gep10,00,2025-12-25,2026-01-10,gcrew,noaa_gefs,10,AirTemp_C_mean,16,8.230760192871116
gep10,00,2025-12-25,2026-01-10,gcrew,noaa_gefs,10,Pressure_Pa,16,100988.9765625
gep10,00,2025-12-25,2026-01-10,gcrew,noaa_gefs,10,RH_percent_mean,16,92.44572067260742
gep10,00,2025-12-25,2026-01-10,gcrew,noaa_gefs,10,Rain_mm_sum,16,47.500000953674316
gep10,00,2025-12-25,2026-01-10,gcrew,noaa_gefs,10,ShortwaveRadiation_Wm2,16,3.5
gep10,00,2025-12-25,2026-01-10,gcrew,noaa_gefs,10,WindSpeed_ms_mean,16,9.299799855644833
gep10,00,2025-12-25,2026-01-11,gcrew,noaa_gefs,10,AirTemp_C_mean,17,0.273957824707054
gep10,00,2025-12-25,2026-01-11,gcrew,noaa_gefs,10,Pressure_Pa,17,101742.986328125
gep10,00,2025-12-25,2026-01-11,gcrew,noaa_gefs,10,RH_percent_mean,17,69.99894523620605
gep10,00,2025-12-25,2026-01-11,gcrew,noaa_gefs,10,Rain_mm_sum,17,7.200000002980232
gep10,00,2025-12-25,2026-01-11,gcrew,noaa_gefs,10,ShortwaveRadiation_Wm2,17,127.25
gep10,00,2025-12-25,2026-01-11,gcrew,noaa_gefs,10,WindSpeed_ms_mean,17,7.6638541985328805
gep10,00,2025-12-25,2026-01-12,gcrew,noaa_gefs,10,AirTemp_C_mean,18,2.171846008300804
gep10,00,2025-12-25,2026-01-12,gcrew,noaa_gefs,10,Pressure_Pa,18,102770.083984375
gep10,00,2025-12-25,2026-01-12,gcrew,noaa_gefs,10,RH_percent_mean,18,69.03396034240723
gep10,00,2025-12-25,2026-01-12,gcrew,noaa_gefs,10,Rain_mm_sum,18,0
gep10,00,2025-12-25,2026-01-12,gcrew,noaa_gefs,10,ShortwaveRadiation_Wm2,18,127.5
gep10,00,2025-12-25,2026-01-12,gcrew,noaa_gefs,10,WindSpeed_ms_mean,18,3.4622293096336105
gep10,00,2025-12-25,2026-01-13,gcrew,noaa_gefs,10,AirTemp_C_mean,19,3.1381164550781477
gep10,00,2025-12-25,2026-01-13,gcrew,noaa_gefs,10,Pressure_Pa,19,102732.630859375
gep10,00,2025-12-25,2026-01-13,gcrew,noaa_gefs,10,RH_percent_mean,19,70.09601783752441
gep10,00,2025-12-25,2026-01-13,gcrew,noaa_gefs,10,Rain_mm_sum,19,0
gep10,00,2025-12-25,2026-01-13,gcrew,noaa_gefs,10,ShortwaveRadiation_Wm2,19,116.5
gep10,00,2025-12-25,2026-01-13,gcrew,noaa_gefs,10,WindSpeed_ms_mean,19,3.4455094842593312
gep10,00,2025-12-25,2026-01-14,gcrew,noaa_gefs,10,AirTemp_C_mean,20,4.095193481445335
gep10,00,2025-12-25,2026-01-14,gcrew,noaa_gefs,10,Pressure_Pa,20,102669.79296875
gep10,00,2025-12-25,2026-01-14,gcrew,noaa_gefs,10,RH_percent_mean,20,83.62176322937012
gep10,00,2025-12-25,2026-01-14,gcrew,noaa_gefs,10,Rain_mm_sum,20,0
gep10,00,2025-12-25,2026-01-14,gcrew,noaa_gefs,10,ShortwaveRadiation_Wm2,20,117.75
gep10,00,2025-12-25,2026-01-14,gcrew,noaa_gefs,10,WindSpeed_ms_mean,20,2.7496518864059034
gep10,00,2025-12-25,2026-01-15,gcrew,noaa_gefs,10,AirTemp_C_mean,21,4.34229431152346
gep10,00,2025-12-25,2026-01-15,gcrew,noaa_gefs,10,Pressure_Pa,21,102705.73828125
gep10,00,2025-12-25,2026-01-15,gcrew,noaa_gefs,10,RH_percent_mean,21,87.58064270019531
gep10,00,2025-12-25,2026-01-15,gcrew,noaa_gefs,10,Rain_mm_sum,21,0.10000000149011612
gep10,00,2025-12-25,2026-01-15,gcrew,noaa_gefs,10,ShortwaveRadiation_Wm2,21,94.5
gep10,00,2025-12-25,2026-01-15,gcrew,noaa_gefs,10,WindSpeed_ms_mean,21,3.556685238735195
gep10,00,2025-12-25,2026-01-16,gcrew,noaa_gefs,10,AirTemp_C_mean,22,12.23005065917971
gep10,00,2025-12-25,2026-01-16,gcrew,noaa_gefs,10,Pressure_Pa,22,100937.822265625
gep10,00,2025-12-25,2026-01-16,gcrew,noaa_gefs,10,RH_percent_mean,22,94.87235832214355
gep10,00,2025-12-25,2026-01-16,gcrew,noaa_gefs,10,Rain_mm_sum,22,22.100001096725464
gep10,00,2025-12-25,2026-01-16,gcrew,noaa_gefs,10,ShortwaveRadiation_Wm2,22,9.75
gep10,00,2025-12-25,2026-01-16,gcrew,noaa_gefs,10,WindSpeed_ms_mean,22,7.712571493864753
gep10,00,2025-12-25,2026-01-17,gcrew,noaa_gefs,10,AirTemp_C_mean,23,8.732659912109398
gep10,00,2025-12-25,2026-01-17,gcrew,noaa_gefs,10,Pressure_Pa,23,101839.7109375
gep10,00,2025-12-25,2026-01-17,gcrew,noaa_gefs,10,RH_percent_mean,23,72.87350654602051
gep10,00,2025-12-25,2026-01-17,gcrew,noaa_gefs,10,Rain_mm_sum,23,0.800000011920929
gep10,00,2025-12-25,2026-01-17,gcrew,noaa_gefs,10,ShortwaveRadiation_Wm2,23,130
gep10,00,2025-12-25,2026-01-17,gcrew,noaa_gefs,10,WindSpeed_ms_mean,23,4.503928313302021
gep10,00,2025-12-25,2026-01-18,gcrew,noaa_gefs,10,AirTemp_C_mean,24,8.240655517578148
gep10,00,2025-12-25,2026-01-18,gcrew,noaa_gefs,10,Pressure_Pa,24,102885.134765625
gep10,00,2025-12-25,2026-01-18,gcrew,noaa_gefs,10,RH_percent_mean,24,67.80245590209961
gep10,00,2025-12-25,2026-01-18,gcrew,noaa_gefs,10,Rain_mm_sum,24,0
gep10,00,2025-12-25,2026-01-18,gcrew,noaa_gefs,10,ShortwaveRadiation_Wm2,24,128.5
gep10,00,2025-12-25,2026-01-18,gcrew,noaa_gefs,10,WindSpeed_ms_mean,24,3.7670321862484957
gep10,00,2025-12-25,2026-01-19,gcrew,noaa_gefs,10,AirTemp_C_mean,25,8.329751586914085
gep10,00,2025-12-25,2026-01-19,gcrew,noaa_gefs,10,Pressure_Pa,25,102533.533203125
gep10,00,2025-12-25,2026-01-19,gcrew,noaa_gefs,10,RH_percent_mean,25,78.15633964538574
gep10,00,2025-12-25,2026-01-19,gcrew,noaa_gefs,10,Rain_mm_sum,25,0
gep10,00,2025-12-25,2026-01-19,gcrew,noaa_gefs,10,ShortwaveRadiation_Wm2,25,60.75
gep10,00,2025-12-25,2026-01-19,gcrew,noaa_gefs,10,WindSpeed_ms_mean,25,5.590911795586785
gep10,00,2025-12-25,2026-01-20,gcrew,noaa_gefs,10,AirTemp_C_mean,26,8.121881103515648
gep10,00,2025-12-25,2026-01-20,gcrew,noaa_gefs,10,Pressure_Pa,26,101917.162109375
gep10,00,2025-12-25,2026-01-20,gcrew,noaa_gefs,10,RH_percent_mean,26,79.7828426361084
gep10,00,2025-12-25,2026-01-20,gcrew,noaa_gefs,10,Rain_mm_sum,26,0.699999988079071
gep10,00,2025-12-25,2026-01-20,gcrew,noaa_gefs,10,ShortwaveRadiation_Wm2,26,35
gep10,00,2025-12-25,2026-01-20,gcrew,noaa_gefs,10,WindSpeed_ms_mean,26,5.416574993003485
gep10,00,2025-12-25,2026-01-21,gcrew,noaa_gefs,10,AirTemp_C_mean,27,1.0910888671875227
gep10,00,2025-12-25,2026-01-21,gcrew,noaa_gefs,10,Pressure_Pa,27,102745.556640625
gep10,00,2025-12-25,2026-01-21,gcrew,noaa_gefs,10,RH_percent_mean,27,69.12549591064453
gep10,00,2025-12-25,2026-01-21,gcrew,noaa_gefs,10,Rain_mm_sum,27,1.2000000029802322
gep10,00,2025-12-25,2026-01-21,gcrew,noaa_gefs,10,ShortwaveRadiation_Wm2,27,28
gep10,00,2025-12-25,2026-01-21,gcrew,noaa_gefs,10,WindSpeed_ms_mean,27,5.47850488358735
gep10,00,2025-12-25,2026-01-22,gcrew,noaa_gefs,10,AirTemp_C_mean,28,5.676553344726585
gep10,00,2025-12-25,2026-01-22,gcrew,noaa_gefs,10,Pressure_Pa,28,100303.91796875
gep10,00,2025-12-25,2026-01-22,gcrew,noaa_gefs,10,RH_percent_mean,28,72.28020286560059
gep10,00,2025-12-25,2026-01-22,gcrew,noaa_gefs,10,Rain_mm_sum,28,11.300000190734863
gep10,00,2025-12-25,2026-01-22,gcrew,noaa_gefs,10,ShortwaveRadiation_Wm2,28,132
gep10,00,2025-12-25,2026-01-22,gcrew,noaa_gefs,10,WindSpeed_ms_mean,28,10.069496986572068
gep10,00,2025-12-25,2026-01-23,gcrew,noaa_gefs,10,AirTemp_C_mean,29,2.7060104370117415
gep10,00,2025-12-25,2026-01-23,gcrew,noaa_gefs,10,Pressure_Pa,29,101102.13671875
gep10,00,2025-12-25,2026-01-23,gcrew,noaa_gefs,10,RH_percent_mean,29,59.599411964416504
gep10,00,2025-12-25,2026-01-23,gcrew,noaa_gefs,10,Rain_mm_sum,29,0
gep10,00,2025-12-25,2026-01-23,gcrew,noaa_gefs,10,ShortwaveRadiation_Wm2,29,137.5
gep10,00,2025-12-25,2026-01-23,gcrew,noaa_gefs,10,WindSpeed_ms_mean,29,5.521899992654974
gep10,00,2025-12-25,2026-01-24,gcrew,noaa_gefs,10,AirTemp_C_mean,30,4.12842712402346
gep10,00,2025-12-25,2026-01-24,gcrew,noaa_gefs,10,Pressure_Pa,30,101227.48828125
gep10,00,2025-12-25,2026-01-24,gcrew,noaa_gefs,10,RH_percent_mean,30,72.47355461120605
gep10,00,2025-12-25,2026-01-24,gcrew,noaa_gefs,10,Rain_mm_sum,30,0
gep10,00,2025-12-25,2026-01-24,gcrew,noaa_gefs,10,ShortwaveRadiation_Wm2,30,127.25
gep10,00,2025-12-25,2026-01-24,gcrew,noaa_gefs,10,WindSpeed_ms_mean,30,5.117748884369503
gep10,00,2025-12-25,2026-01-25,gcrew,noaa_gefs,10,AirTemp_C_mean,31,-0.6562637329101335
gep10,00,2025-12-25,2026-01-25,gcrew,noaa_gefs,10,Pressure_Pa,31,101961.154296875
gep10,00,2025-12-25,2026-01-25,gcrew,noaa_gefs,10,RH_percent_mean,31,57.30247402191162
gep10,00,2025-12-25,2026-01-25,gcrew,noaa_gefs,10,Rain_mm_sum,31,0
gep10,00,2025-12-25,2026-01-25,gcrew,noaa_gefs,10,ShortwaveRadiation_Wm2,31,145.25
gep10,00,2025-12-25,2026-01-25,gcrew,noaa_gefs,10,WindSpeed_ms_mean,31,4.7448173419903386
gep10,00,2025-12-25,2026-01-26,gcrew,noaa_gefs,10,AirTemp_C_mean,32,2.824037170410179
gep10,00,2025-12-25,2026-01-26,gcrew,noaa_gefs,10,Pressure_Pa,32,101941.466796875
gep10,00,2025-12-25,2026-01-26,gcrew,noaa_gefs,10,RH_percent_mean,32,70.92254638671875
gep10,00,2025-12-25,2026-01-26,gcrew,noaa_gefs,10,Rain_mm_sum,32,0
gep10,00,2025-12-25,2026-01-26,gcrew,noaa_gefs,10,ShortwaveRadiation_Wm2,32,138.25
gep10,00,2025-12-25,2026-01-26,gcrew,noaa_gefs,10,WindSpeed_ms_mean,32,3.546680545310956
gep10,00,2025-12-25,2026-01-27,gcrew,noaa_gefs,10,AirTemp_C_mean,33,2.880342102050804
gep10,00,2025-12-25,2026-01-27,gcrew,noaa_gefs,10,Pressure_Pa,33,102457.599609375
gep10,00,2025-12-25,2026-01-27,gcrew,noaa_gefs,10,RH_percent_mean,33,78.3819751739502
gep10,00,2025-12-25,2026-01-27,gcrew,noaa_gefs,10,Rain_mm_sum,33,0
gep10,00,2025-12-25,2026-01-27,gcrew,noaa_gefs,10,ShortwaveRadiation_Wm2,33,142.5
gep10,00,2025-12-25,2026-01-27,gcrew,noaa_gefs,10,WindSpeed_ms_mean,33,3.633655032610908
gep10,00,2025-12-25,2026-01-28,gcrew,noaa_gefs,10,AirTemp_C_mean,34,4.36011657714846
gep10,00,2025-12-25,2026-01-28,gcrew,noaa_gefs,10,Pressure_Pa,34,102016.24609375
gep10,00,2025-12-25,2026-01-28,gcrew,noaa_gefs,10,RH_percent_mean,34,86.29985618591309
gep10,00,2025-12-25,2026-01-28,gcrew,noaa_gefs,10,Rain_mm_sum,34,0.20000000298023224
gep10,00,2025-12-25,2026-01-28,gcrew,noaa_gefs,10,ShortwaveRadiation_Wm2,34,67.25
gep10,00,2025-12-25,2026-01-28,gcrew,noaa_gefs,10,WindSpeed_ms_mean,34,2.304446884715268
gep11,00,2025-12-25,2025-12-26,gcrew,noaa_gefs,11,AirTemp_C_mean,1,1.4191566467285384
gep11,00,2025-12-25,2025-12-26,gcrew,noaa_gefs,11,Pressure_Pa,1,101883.013671875
gep11,00,2025-12-25,2025-12-26,gcrew,noaa_gefs,11,RH_percent_mean,1,59.10939836502075
gep11,00,2025-12-25,2025-12-26,gcrew,noaa_gefs,11,Rain_mm_sum,1,5.929999861866236
gep11,00,2025-12-25,2025-12-26,gcrew,noaa_gefs,11,ShortwaveRadiation_Wm2,1,52.5
gep11,00,2025-12-25,2025-12-26,gcrew,noaa_gefs,11,WindSpeed_ms_mean,1,5.719543666158366
gep11,00,2025-12-25,2025-12-27,gcrew,noaa_gefs,11,AirTemp_C_mean,2,4.553342437744163
gep11,00,2025-12-25,2025-12-27,gcrew,noaa_gefs,11,Pressure_Pa,2,101374.94921875
gep11,00,2025-12-25,2025-12-27,gcrew,noaa_gefs,11,RH_percent_mean,2,78.51494789123535
gep11,00,2025-12-25,2025-12-27,gcrew,noaa_gefs,11,Rain_mm_sum,2,5.500000089406967
gep11,00,2025-12-25,2025-12-27,gcrew,noaa_gefs,11,ShortwaveRadiation_Wm2,2,106.25
gep11,00,2025-12-25,2025-12-27,gcrew,noaa_gefs,11,WindSpeed_ms_mean,2,6.923660931417801
gep11,00,2025-12-25,2025-12-28,gcrew,noaa_gefs,11,AirTemp_C_mean,3,3.017091369628929
gep11,00,2025-12-25,2025-12-28,gcrew,noaa_gefs,11,Pressure_Pa,3,102237.642578125
gep11,00,2025-12-25,2025-12-28,gcrew,noaa_gefs,11,RH_percent_mean,3,72.99352979660034
gep11,00,2025-12-25,2025-12-28,gcrew,noaa_gefs,11,Rain_mm_sum,3,0
gep11,00,2025-12-25,2025-12-28,gcrew,noaa_gefs,11,ShortwaveRadiation_Wm2,3,105
gep11,00,2025-12-25,2025-12-28,gcrew,noaa_gefs,11,WindSpeed_ms_mean,3,2.948875395899818
gep11,00,2025-12-25,2025-12-29,gcrew,noaa_gefs,11,AirTemp_C_mean,4,8.150354003906273
gep11,00,2025-12-25,2025-12-29,gcrew,noaa_gefs,11,Pressure_Pa,4,100520.205078125
gep11,00,2025-12-25,2025-12-29,gcrew,noaa_gefs,11,RH_percent_mean,4,75.22460079193115
gep11,00,2025-12-25,2025-12-29,gcrew,noaa_gefs,11,Rain_mm_sum,4,0.8000000268220901
gep11,00,2025-12-25,2025-12-29,gcrew,noaa_gefs,11,ShortwaveRadiation_Wm2,4,62.5
gep11,00,2025-12-25,2025-12-29,gcrew,noaa_gefs,11,WindSpeed_ms_mean,4,7.362543468483011
gep11,00,2025-12-25,2025-12-30,gcrew,noaa_gefs,11,AirTemp_C_mean,5,0.325959777832054
gep11,00,2025-12-25,2025-12-30,gcrew,noaa_gefs,11,Pressure_Pa,5,100803.0263671875
gep11,00,2025-12-25,2025-12-30,gcrew,noaa_gefs,11,RH_percent_mean,5,53.082125186920166
gep11,00,2025-12-25,2025-12-30,gcrew,noaa_gefs,11,Rain_mm_sum,5,0
gep11,00,2025-12-25,2025-12-30,gcrew,noaa_gefs,11,ShortwaveRadiation_Wm2,5,100.5
gep11,00,2025-12-25,2025-12-30,gcrew,noaa_gefs,11,WindSpeed_ms_mean,5,8.02044107296069
gep11,00,2025-12-25,2025-12-31,gcrew,noaa_gefs,11,AirTemp_C_mean,6,-0.5309776306152116
gep11,00,2025-12-25,2025-12-31,gcrew,noaa_gefs,11,Pressure_Pa,6,101757.0849609375
gep11,00,2025-12-25,2025-12-31,gcrew,noaa_gefs,11,RH_percent_mean,6,49.53283452987671
gep11,00,2025-12-25,2025-12-31,gcrew,noaa_gefs,11,Rain_mm_sum,6,0
gep11,00,2025-12-25,2025-12-31,gcrew,noaa_gefs,11,ShortwaveRadiation_Wm2,6,116.25
gep11,00,2025-12-25,2025-12-31,gcrew,noaa_gefs,11,WindSpeed_ms_mean,6,5.239858882636157
gep11,00,2025-12-25,2026-01-01,gcrew,noaa_gefs,11,AirTemp_C_mean,7,3.5077911376953352
gep11,00,2025-12-25,2026-01-01,gcrew,noaa_gefs,11,Pressure_Pa,7,101793.2197265625
gep11,00,2025-12-25,2026-01-01,gcrew,noaa_gefs,11,RH_percent_mean,7,61.349281787872314
gep11,00,2025-12-25,2026-01-01,gcrew,noaa_gefs,11,Rain_mm_sum,7,0
gep11,00,2025-12-25,2026-01-01,gcrew,noaa_gefs,11,ShortwaveRadiation_Wm2,7,87.5
gep11,00,2025-12-25,2026-01-01,gcrew,noaa_gefs,11,WindSpeed_ms_mean,7,4.304550169616287
gep11,00,2025-12-25,2026-01-02,gcrew,noaa_gefs,11,AirTemp_C_mean,8,5.137780761718773
gep11,00,2025-12-25,2026-01-02,gcrew,noaa_gefs,11,Pressure_Pa,8,101893.263671875
gep11,00,2025-12-25,2026-01-02,gcrew,noaa_gefs,11,RH_percent_mean,8,76.17369937896729
gep11,00,2025-12-25,2026-01-02,gcrew,noaa_gefs,11,Rain_mm_sum,8,0
gep11,00,2025-12-25,2026-01-02,gcrew,noaa_gefs,11,ShortwaveRadiation_Wm2,8,99.375
gep11,00,2025-12-25,2026-01-02,gcrew,noaa_gefs,11,WindSpeed_ms_mean,8,2.9946754157667765
gep11,00,2025-12-25,2026-01-03,gcrew,noaa_gefs,11,AirTemp_C_mean,9,7.461868722098237
gep11,00,2025-12-25,2026-01-03,gcrew,noaa_gefs,11,Pressure_Pa,9,101427.07589285714
gep11,00,2025-12-25,2026-01-03,gcrew,noaa_gefs,11,RH_percent_mean,9,83.19520568847656
gep11,00,2025-12-25,2026-01-03,gcrew,noaa_gefs,11,Rain_mm_sum,9,0.6100000236183405
gep11,00,2025-12-25,2026-01-03,gcrew,noaa_gefs,11,ShortwaveRadiation_Wm2,9,25.714285714285715
gep11,00,2025-12-25,2026-01-03,gcrew,noaa_gefs,11,WindSpeed_ms_mean,9,5.107335579865194
gep11,00,2025-12-25,2026-01-04,gcrew,noaa_gefs,11,AirTemp_C_mean,10,10.889909362792991
gep11,00,2025-12-25,2026-01-04,gcrew,noaa_gefs,11,Pressure_Pa,10,101268.140625
gep11,00,2025-12-25,2026-01-04,gcrew,noaa_gefs,11,RH_percent_mean,10,86.44726371765137
gep11,00,2025-12-25,2026-01-04,gcrew,noaa_gefs,11,Rain_mm_sum,10,0
gep11,00,2025-12-25,2026-01-04,gcrew,noaa_gefs,11,ShortwaveRadiation_Wm2,10,85
gep11,00,2025-12-25,2026-01-04,gcrew,noaa_gefs,11,WindSpeed_ms_mean,10,3.600210788901469
gep11,00,2025-12-25,2026-01-05,gcrew,noaa_gefs,11,AirTemp_C_mean,11,14.514237976074241
gep11,00,2025-12-25,2026-01-05,gcrew,noaa_gefs,11,Pressure_Pa,11,100406.498046875
gep11,00,2025-12-25,2026-01-05,gcrew,noaa_gefs,11,RH_percent_mean,11,85.23000907897949
gep11,00,2025-12-25,2026-01-05,gcrew,noaa_gefs,11,Rain_mm_sum,11,3.7000000178813934
gep11,00,2025-12-25,2026-01-05,gcrew,noaa_gefs,11,ShortwaveRadiation_Wm2,11,42.5
gep11,00,2025-12-25,2026-01-05,gcrew,noaa_gefs,11,WindSpeed_ms_mean,11,5.815003334458832
gep11,00,2025-12-25,2026-01-06,gcrew,noaa_gefs,11,AirTemp_C_mean,12,4.505242919921898
gep11,00,2025-12-25,2026-01-06,gcrew,noaa_gefs,11,Pressure_Pa,12,100507.328125
gep11,00,2025-12-25,2026-01-06,gcrew,noaa_gefs,11,RH_percent_mean,12,62.17771530151367
gep11,00,2025-12-25,2026-01-06,gcrew,noaa_gefs,11,Rain_mm_sum,12,2.100000001490116
gep11,00,2025-12-25,2026-01-06,gcrew,noaa_gefs,11,ShortwaveRadiation_Wm2,12,120
gep11,00,2025-12-25,2026-01-06,gcrew,noaa_gefs,11,WindSpeed_ms_mean,12,7.1292139542536495
gep11,00,2025-12-25,2026-01-07,gcrew,noaa_gefs,11,AirTemp_C_mean,13,3.4188171386718977
gep11,00,2025-12-25,2026-01-07,gcrew,noaa_gefs,11,Pressure_Pa,13,101833.490234375
gep11,00,2025-12-25,2026-01-07,gcrew,noaa_gefs,11,RH_percent_mean,13,53.679908752441406
gep11,00,2025-12-25,2026-01-07,gcrew,noaa_gefs,11,Rain_mm_sum,13,0
gep11,00,2025-12-25,2026-01-07,gcrew,noaa_gefs,11,ShortwaveRadiation_Wm2,13,117.5
gep11,00,2025-12-25,2026-01-07,gcrew,noaa_gefs,11,WindSpeed_ms_mean,13,6.966477756083384
gep11,00,2025-12-25,2026-01-08,gcrew,noaa_gefs,11,AirTemp_C_mean,14,7.357942199707054
gep11,00,2025-12-25,2026-01-08,gcrew,noaa_gefs,11,Pressure_Pa,14,102328.623046875
gep11,00,2025-12-25,2026-01-08,gcrew,noaa_gefs,11,RH_percent_mean,14,55.181633949279785
gep11,00,2025-12-25,2026-01-08,gcrew,noaa_gefs,11,Rain_mm_sum,14,0
gep11,00,2025-12-25,2026-01-08,gcrew,noaa_gefs,11,ShortwaveRadiation_Wm2,14,121.5
gep11,00,2025-12-25,2026-01-08,gcrew,noaa_gefs,11,WindSpeed_ms_mean,14,4.329537463391383
gep11,00,2025-12-25,2026-01-09,gcrew,noaa_gefs,11,AirTemp_C_mean,15,6.292359924316429
gep11,00,2025-12-25,2026-01-09,gcrew,noaa_gefs,11,Pressure_Pa,15,102513.65625
gep11,00,2025-12-25,2026-01-09,gcrew,noaa_gefs,11,RH_percent_mean,15,66.9400224685669
gep11,00,2025-12-25,2026-01-09,gcrew,noaa_gefs,11,Rain_mm_sum,15,0
gep11,00,2025-12-25,2026-01-09,gcrew,noaa_gefs,11,ShortwaveRadiation_Wm2,15,116.5
gep11,00,2025-12-25,2026-01-09,gcrew,noaa_gefs,11,WindSpeed_ms_mean,15,4.169523961397145
gep11,00,2025-12-25,2026-01-10,gcrew,noaa_gefs,11,AirTemp_C_mean,16,8.230760192871116
gep11,00,2025-12-25,2026-01-10,gcrew,noaa_gefs,11,Pressure_Pa,16,100988.9765625
gep11,00,2025-12-25,2026-01-10,gcrew,noaa_gefs,11,RH_percent_mean,16,92.44572067260742
gep11,00,2025-12-25,2026-01-10,gcrew,noaa_gefs,11,Rain_mm_sum,16,47.500000953674316
gep11,00,2025-12-25,2026-01-10,gcrew,noaa_gefs,11,ShortwaveRadiation_Wm2,16,3.5
gep11,00,2025-12-25,2026-01-10,gcrew,noaa_gefs,11,WindSpeed_ms_mean,16,9.299799855644833
gep11,00,2025-12-25,2026-01-11,gcrew,noaa_gefs,11,AirTemp_C_mean,17,0.273957824707054
gep11,00,2025-12-25,2026-01-11,gcrew,noaa_gefs,11,Pressure_Pa,17,101742.986328125
gep11,00,2025-12-25,2026-01-11,gcrew,noaa_gefs,11,RH_percent_mean,17,69.99894523620605
gep11,00,2025-12-25,2026-01-11,gcrew,noaa_gefs,11,Rain_mm_sum,17,7.200000002980232
gep11,00,2025-12-25,2026-01-11,gcrew,noaa_gefs,11,ShortwaveRadiation_Wm2,17,127.25
gep11,00,2025-12-25,2026-01-11,gcrew,noaa_gefs,11,WindSpeed_ms_mean,17,7.6638541985328805
gep11,00,2025-12-25,2026-01-12,gcrew,noaa_gefs,11,AirTemp_C_mean,18,2.171846008300804
gep11,00,2025-12-25,2026-01-12,gcrew,noaa_gefs,11,Pressure_Pa,18,102770.083984375
gep11,00,2025-12-25,2026-01-12,gcrew,noaa_gefs,11,RH_percent_mean,18,69.03396034240723
gep11,00,2025-12-25,2026-01-12,gcrew,noaa_gefs,11,Rain_mm_sum,18,0
gep11,00,2025-12-25,2026-01-12,gcrew,noaa_gefs,11,ShortwaveRadiation_Wm2,18,127.5
gep11,00,2025-12-25,2026-01-12,gcrew,noaa_gefs,11,WindSpeed_ms_mean,18,3.4622293096336105
gep11,00,2025-12-25,2026-01-13,gcrew,noaa_gefs,11,AirTemp_C_mean,19,3.1381164550781477
gep11,00,2025-12-25,2026-01-13,gcrew,noaa_gefs,11,Pressure_Pa,19,102732.630859375
gep11,00,2025-12-25,2026-01-13,gcrew,noaa_gefs,11,RH_percent_mean,19,70.09601783752441
gep11,00,2025-12-25,2026-01-13,gcrew,noaa_gefs,11,Rain_mm_sum,19,0
gep11,00,2025-12-25,2026-01-13,gcrew,noaa_gefs,11,ShortwaveRadiation_Wm2,19,116.5
gep11,00,2025-12-25,2026-01-13,gcrew,noaa_gefs,11,WindSpeed_ms_mean,19,3.4455094842593312
gep11,00,2025-12-25,2026-01-14,gcrew,noaa_gefs,11,AirTemp_C_mean,20,4.095193481445335
gep11,00,2025-12-25,2026-01-14,gcrew,noaa_gefs,11,Pressure_Pa,20,102669.79296875
gep11,00,2025-12-25,2026-01-14,gcrew,noaa_gefs,11,RH_percent_mean,20,83.62176322937012
gep11,00,2025-12-25,2026-01-14,gcrew,noaa_gefs,11,Rain_mm_sum,20,0
gep11,00,2025-12-25,2026-01-14,gcrew,noaa_gefs,11,ShortwaveRadiation_Wm2,20,117.75
gep11,00,2025-12-25,2026-01-14,gcrew,noaa_gefs,11,WindSpeed_ms_mean,20,2.7496518864059034
gep11,00,2025-12-25,2026-01-15,gcrew,noaa_gefs,11,AirTemp_C_mean,21,4.34229431152346
gep11,00,2025-12-25,2026-01-15,gcrew,noaa_gefs,11,Pressure_Pa,21,102705.73828125
gep11,00,2025-12-25,2026-01-15,gcrew,noaa_gefs,11,RH_percent_mean,21,87.58064270019531
gep11,00,2025-12-25,2026-01-15,gcrew,noaa_gefs,11,Rain_mm_sum,21,0.10000000149011612
gep11,00,2025-12-25,2026-01-15,gcrew,noaa_gefs,11,ShortwaveRadiation_Wm2,21,94.5
gep11,00,2025-12-25,2026-01-15,gcrew,noaa_gefs,11,WindSpeed_ms_mean,21,3.556685238735195
gep11,00,2025-12-25,2026-01-16,gcrew,noaa_gefs,11,AirTemp_C_mean,22,12.23005065917971
gep11,00,2025-12-25,2026-01-16,gcrew,noaa_gefs,11,Pressure_Pa,22,100937.822265625
gep11,00,2025-12-25,2026-01-16,gcrew,noaa_gefs,11,RH_percent_mean,22,94.87235832214355
gep11,00,2025-12-25,2026-01-16,gcrew,noaa_gefs,11,Rain_mm_sum,22,22.100001096725464
gep11,00,2025-12-25,2026-01-16,gcrew,noaa_gefs,11,ShortwaveRadiation_Wm2,22,9.75
gep11,00,2025-12-25,2026-01-16,gcrew,noaa_gefs,11,WindSpeed_ms_mean,22,7.712571493864753
gep11,00,2025-12-25,2026-01-17,gcrew,noaa_gefs,11,AirTemp_C_mean,23,8.732659912109398
gep11,00,2025-12-25,2026-01-17,gcrew,noaa_gefs,11,Pressure_Pa,23,101839.7109375
gep11,00,2025-12-25,2026-01-17,gcrew,noaa_gefs,11,RH_percent_mean,23,72.87350654602051
gep11,00,2025-12-25,2026-01-17,gcrew,noaa_gefs,11,Rain_mm_sum,23,0.800000011920929
gep11,00,2025-12-25,2026-01-17,gcrew,noaa_gefs,11,ShortwaveRadiation_Wm2,23,130
gep11,00,2025-12-25,2026-01-17,gcrew,noaa_gefs,11,WindSpeed_ms_mean,23,4.503928313302021
gep11,00,2025-12-25,2026-01-18,gcrew,noaa_gefs,11,AirTemp_C_mean,24,8.240655517578148
gep11,00,2025-12-25,2026-01-18,gcrew,noaa_gefs,11,Pressure_Pa,24,102885.134765625
gep11,00,2025-12-25,2026-01-18,gcrew,noaa_gefs,11,RH_percent_mean,24,67.80245590209961
gep11,00,2025-12-25,2026-01-18,gcrew,noaa_gefs,11,Rain_mm_sum,24,0
gep11,00,2025-12-25,2026-01-18,gcrew,noaa_gefs,11,ShortwaveRadiation_Wm2,24,128.5
gep11,00,2025-12-25,2026-01-18,gcrew,noaa_gefs,11,WindSpeed_ms_mean,24,3.7670321862484957
gep11,00,2025-12-25,2026-01-19,gcrew,noaa_gefs,11,AirTemp_C_mean,25,8.329751586914085
gep11,00,2025-12-25,2026-01-19,gcrew,noaa_gefs,11,Pressure_Pa,25,102533.533203125
gep11,00,2025-12-25,2026-01-19,gcrew,noaa_gefs,11,RH_percent_mean,25,78.15633964538574
gep11,00,2025-12-25,2026-01-19,gcrew,noaa_gefs,11,Rain_mm_sum,25,0
gep11,00,2025-12-25,2026-01-19,gcrew,noaa_gefs,11,ShortwaveRadiation_Wm2,25,60.75
gep11,00,2025-12-25,2026-01-19,gcrew,noaa_gefs,11,WindSpeed_ms_mean,25,5.590911795586785
gep11,00,2025-12-25,2026-01-20,gcrew,noaa_gefs,11,AirTemp_C_mean,26,8.121881103515648
gep11,00,2025-12-25,2026-01-20,gcrew,noaa_gefs,11,Pressure_Pa,26,101917.162109375
gep11,00,2025-12-25,2026-01-20,gcrew,noaa_gefs,11,RH_percent_mean,26,79.7828426361084
gep11,00,2025-12-25,2026-01-20,gcrew,noaa_gefs,11,Rain_mm_sum,26,0.699999988079071
gep11,00,2025-12-25,2026-01-20,gcrew,noaa_gefs,11,ShortwaveRadiation_Wm2,26,35
gep11,00,2025-12-25,2026-01-20,gcrew,noaa_gefs,11,WindSpeed_ms_mean,26,5.416574993003485
gep11,00,2025-12-25,2026-01-21,gcrew,noaa_gefs,11,AirTemp_C_mean,27,1.0910888671875227
gep11,00,2025-12-25,2026-01-21,gcrew,noaa_gefs,11,Pressure_Pa,27,102745.556640625
gep11,00,2025-12-25,2026-01-21,gcrew,noaa_gefs,11,RH_percent_mean,27,69.12549591064453
gep11,00,2025-12-25,2026-01-21,gcrew,noaa_gefs,11,Rain_mm_sum,27,1.2000000029802322
gep11,00,2025-12-25,2026-01-21,gcrew,noaa_gefs,11,ShortwaveRadiation_Wm2,27,28
gep11,00,2025-12-25,2026-01-21,gcrew,noaa_gefs,11,WindSpeed_ms_mean,27,5.47850488358735
gep11,00,2025-12-25,2026-01-22,gcrew,noaa_gefs,11,AirTemp_C_mean,28,5.676553344726585
gep11,00,2025-12-25,2026-01-22,gcrew,noaa_gefs,11,Pressure_Pa,28,100303.91796875
gep11,00,2025-12-25,2026-01-22,gcrew,noaa_gefs,11,RH_percent_mean,28,72.28020286560059
gep11,00,2025-12-25,2026-01-22,gcrew,noaa_gefs,11,Rain_mm_sum,28,11.300000190734863
gep11,00,2025-12-25,2026-01-22,gcrew,noaa_gefs,11,ShortwaveRadiation_Wm2,28,132
gep11,00,2025-12-25,2026-01-22,gcrew,noaa_gefs,11,WindSpeed_ms_mean,28,10.069496986572068
gep11,00,2025-12-25,2026-01-23,gcrew,noaa_gefs,11,AirTemp_C_mean,29,2.7060104370117415
gep11,00,2025-12-25,2026-01-23,gcrew,noaa_gefs,11,Pressure_Pa,29,101102.13671875
gep11,00,2025-12-25,2026-01-23,gcrew,noaa_gefs,11,RH_percent_mean,29,59.599411964416504
gep11,00,2025-12-25,2026-01-23,gcrew,noaa_gefs,11,Rain_mm_sum,29,0
gep11,00,2025-12-25,2026-01-23,gcrew,noaa_gefs,11,ShortwaveRadiation_Wm2,29,137.5
gep11,00,2025-12-25,2026-01-23,gcrew,noaa_gefs,11,WindSpeed_ms_mean,29,5.521899992654974
gep11,00,2025-12-25,2026-01-24,gcrew,noaa_gefs,11,AirTemp_C_mean,30,4.12842712402346
gep11,00,2025-12-25,2026-01-24,gcrew,noaa_gefs,11,Pressure_Pa,30,101227.48828125
gep11,00,2025-12-25,2026-01-24,gcrew,noaa_gefs,11,RH_percent_mean,30,72.47355461120605
gep11,00,2025-12-25,2026-01-24,gcrew,noaa_gefs,11,Rain_mm_sum,30,0
gep11,00,2025-12-25,2026-01-24,gcrew,noaa_gefs,11,ShortwaveRadiation_Wm2,30,127.25
gep11,00,2025-12-25,2026-01-24,gcrew,noaa_gefs,11,WindSpeed_ms_mean,30,5.117748884369503
gep11,00,2025-12-25,2026-01-25,gcrew,noaa_gefs,11,AirTemp_C_mean,31,-0.6562637329101335
gep11,00,2025-12-25,2026-01-25,gcrew,noaa_gefs,11,Pressure_Pa,31,101961.154296875
gep11,00,2025-12-25,2026-01-25,gcrew,noaa_gefs,11,RH_percent_mean,31,57.30247402191162
gep11,00,2025-12-25,2026-01-25,gcrew,noaa_gefs,11,Rain_mm_sum,31,0
gep11,00,2025-12-25,2026-01-25,gcrew,noaa_gefs,11,ShortwaveRadiation_Wm2,31,145.25
gep11,00,2025-12-25,2026-01-25,gcrew,noaa_gefs,11,WindSpeed_ms_mean,31,4.7448173419903386
gep11,00,2025-12-25,2026-01-26,gcrew,noaa_gefs,11,AirTemp_C_mean,32,2.824037170410179
gep11,00,2025-12-25,2026-01-26,gcrew,noaa_gefs,11,Pressure_Pa,32,101941.466796875
gep11,00,2025-12-25,2026-01-26,gcrew,noaa_gefs,11,RH_percent_mean,32,70.92254638671875
gep11,00,2025-12-25,2026-01-26,gcrew,noaa_gefs,11,Rain_mm_sum,32,0
gep11,00,2025-12-25,2026-01-26,gcrew,noaa_gefs,11,ShortwaveRadiation_Wm2,32,138.25
gep11,00,2025-12-25,2026-01-26,gcrew,noaa_gefs,11,WindSpeed_ms_mean,32,3.546680545310956
gep11,00,2025-12-25,2026-01-27,gcrew,noaa_gefs,11,AirTemp_C_mean,33,2.880342102050804
gep11,00,2025-12-25,2026-01-27,gcrew,noaa_gefs,11,Pressure_Pa,33,102457.599609375
gep11,00,2025-12-25,2026-01-27,gcrew,noaa_gefs,11,RH_percent_mean,33,78.3819751739502
gep11,00,2025-12-25,2026-01-27,gcrew,noaa_gefs,11,Rain_mm_sum,33,0
gep11,00,2025-12-25,2026-01-27,gcrew,noaa_gefs,11,ShortwaveRadiation_Wm2,33,142.5
gep11,00,2025-12-25,2026-01-27,gcrew,noaa_gefs,11,WindSpeed_ms_mean,33,3.633655032610908
gep11,00,2025-12-25,2026-01-28,gcrew,noaa_gefs,11,AirTemp_C_mean,34,4.36011657714846
gep11,00,2025-12-25,2026-01-28,gcrew,noaa_gefs,11,Pressure_Pa,34,102016.24609375
gep11,00,2025-12-25,2026-01-28,gcrew,noaa_gefs,11,RH_percent_mean,34,86.29985618591309
gep11,00,2025-12-25,2026-01-28,gcrew,noaa_gefs,11,Rain_mm_sum,34,0.20000000298023224
gep11,00,2025-12-25,2026-01-28,gcrew,noaa_gefs,11,ShortwaveRadiation_Wm2,34,67.25
gep11,00,2025-12-25,2026-01-28,gcrew,noaa_gefs,11,WindSpeed_ms_mean,34,2.304446884715268
gep12,00,2025-12-25,2025-12-26,gcrew,noaa_gefs,12,AirTemp_C_mean,1,1.4191566467285384
gep12,00,2025-12-25,2025-12-26,gcrew,noaa_gefs,12,Pressure_Pa,1,101883.013671875
gep12,00,2025-12-25,2025-12-26,gcrew,noaa_gefs,12,RH_percent_mean,1,59.10939836502075
gep12,00,2025-12-25,2025-12-26,gcrew,noaa_gefs,12,Rain_mm_sum,1,5.929999861866236
gep12,00,2025-12-25,2025-12-26,gcrew,noaa_gefs,12,ShortwaveRadiation_Wm2,1,52.5
gep12,00,2025-12-25,2025-12-26,gcrew,noaa_gefs,12,WindSpeed_ms_mean,1,5.719543666158366
gep12,00,2025-12-25,2025-12-27,gcrew,noaa_gefs,12,AirTemp_C_mean,2,4.553342437744163
gep12,00,2025-12-25,2025-12-27,gcrew,noaa_gefs,12,Pressure_Pa,2,101374.94921875
gep12,00,2025-12-25,2025-12-27,gcrew,noaa_gefs,12,RH_percent_mean,2,78.51494789123535
gep12,00,2025-12-25,2025-12-27,gcrew,noaa_gefs,12,Rain_mm_sum,2,5.500000089406967
gep12,00,2025-12-25,2025-12-27,gcrew,noaa_gefs,12,ShortwaveRadiation_Wm2,2,106.25
gep12,00,2025-12-25,2025-12-27,gcrew,noaa_gefs,12,WindSpeed_ms_mean,2,6.923660931417801
gep12,00,2025-12-25,2025-12-28,gcrew,noaa_gefs,12,AirTemp_C_mean,3,3.017091369628929
gep12,00,2025-12-25,2025-12-28,gcrew,noaa_gefs,12,Pressure_Pa,3,102237.642578125
gep12,00,2025-12-25,2025-12-28,gcrew,noaa_gefs,12,RH_percent_mean,3,72.99352979660034
gep12,00,2025-12-25,2025-12-28,gcrew,noaa_gefs,12,Rain_mm_sum,3,0
gep12,00,2025-12-25,2025-12-28,gcrew,noaa_gefs,12,ShortwaveRadiation_Wm2,3,105
gep12,00,2025-12-25,2025-12-28,gcrew,noaa_gefs,12,WindSpeed_ms_mean,3,2.948875395899818
gep12,00,2025-12-25,2025-12-29,gcrew,noaa_gefs,12,AirTemp_C_mean,4,8.150354003906273
gep12,00,2025-12-25,2025-12-29,gcrew,noaa_gefs,12,Pressure_Pa,4,100520.205078125
gep12,00,2025-12-25,2025-12-29,gcrew,noaa_gefs,12,RH_percent_mean,4,75.22460079193115
gep12,00,2025-12-25,2025-12-29,gcrew,noaa_gefs,12,Rain_mm_sum,4,0.8000000268220901
gep12,00,2025-12-25,2025-12-29,gcrew,noaa_gefs,12,ShortwaveRadiation_Wm2,4,62.5
gep12,00,2025-12-25,2025-12-29,gcrew,noaa_gefs,12,WindSpeed_ms_mean,4,7.362543468483011
gep12,00,2025-12-25,2025-12-30,gcrew,noaa_gefs,12,AirTemp_C_mean,5,0.325959777832054
gep12,00,2025-12-25,2025-12-30,gcrew,noaa_gefs,12,Pressure_Pa,5,100803.0263671875
gep12,00,2025-12-25,2025-12-30,gcrew,noaa_gefs,12,RH_percent_mean,5,53.082125186920166
gep12,00,2025-12-25,2025-12-30,gcrew,noaa_gefs,12,Rain_mm_sum,5,0
gep12,00,2025-12-25,2025-12-30,gcrew,noaa_gefs,12,ShortwaveRadiation_Wm2,5,100.5
gep12,00,2025-12-25,2025-12-30,gcrew,noaa_gefs,12,WindSpeed_ms_mean,5,8.02044107296069
gep12,00,2025-12-25,2025-12-31,gcrew,noaa_gefs,12,AirTemp_C_mean,6,-0.5309776306152116
gep12,00,2025-12-25,2025-12-31,gcrew,noaa_gefs,12,Pressure_Pa,6,101757.0849609375
gep12,00,2025-12-25,2025-12-31,gcrew,noaa_gefs,12,RH_percent_mean,6,49.53283452987671
gep12,00,2025-12-25,2025-12-31,gcrew,noaa_gefs,12,Rain_mm_sum,6,0
gep12,00,2025-12-25,2025-12-31,gcrew,noaa_gefs,12,ShortwaveRadiation_Wm2,6,116.25
gep12,00,2025-12-25,2025-12-31,gcrew,noaa_gefs,12,WindSpeed_ms_mean,6,5.239858882636157
gep12,00,2025-12-25,2026-01-01,gcrew,noaa_gefs,12,AirTemp_C_mean,7,3.5077911376953352
gep12,00,2025-12-25,2026-01-01,gcrew,noaa_gefs,12,Pressure_Pa,7,101793.2197265625
gep12,00,2025-12-25,2026-01-01,gcrew,noaa_gefs,12,RH_percent_mean,7,61.349281787872314
gep12,00,2025-12-25,2026-01-01,gcrew,noaa_gefs,12,Rain_mm_sum,7,0
gep12,00,2025-12-25,2026-01-01,gcrew,noaa_gefs,12,ShortwaveRadiation_Wm2,7,87.5
gep12,00,2025-12-25,2026-01-01,gcrew,noaa_gefs,12,WindSpeed_ms_mean,7,4.304550169616287
gep12,00,2025-12-25,2026-01-02,gcrew,noaa_gefs,12,AirTemp_C_mean,8,5.137780761718773
gep12,00,2025-12-25,2026-01-02,gcrew,noaa_gefs,12,Pressure_Pa,8,101893.263671875
gep12,00,2025-12-25,2026-01-02,gcrew,noaa_gefs,12,RH_percent_mean,8,76.17369937896729
gep12,00,2025-12-25,2026-01-02,gcrew,noaa_gefs,12,Rain_mm_sum,8,0
gep12,00,2025-12-25,2026-01-02,gcrew,noaa_gefs,12,ShortwaveRadiation_Wm2,8,99.375
gep12,00,2025-12-25,2026-01-02,gcrew,noaa_gefs,12,WindSpeed_ms_mean,8,2.9946754157667765
gep12,00,2025-12-25,2026-01-03,gcrew,noaa_gefs,12,AirTemp_C_mean,9,7.461868722098237
gep12,00,2025-12-25,2026-01-03,gcrew,noaa_gefs,12,Pressure_Pa,9,101427.07589285714
gep12,00,2025-12-25,2026-01-03,gcrew,noaa_gefs,12,RH_percent_mean,9,83.19520568847656
gep12,00,2025-12-25,2026-01-03,gcrew,noaa_gefs,12,Rain_mm_sum,9,0.6100000236183405
gep12,00,2025-12-25,2026-01-03,gcrew,noaa_gefs,12,ShortwaveRadiation_Wm2,9,25.714285714285715
gep12,00,2025-12-25,2026-01-03,gcrew,noaa_gefs,12,WindSpeed_ms_mean,9,5.107335579865194
gep12,00,2025-12-25,2026-01-04,gcrew,noaa_gefs,12,AirTemp_C_mean,10,10.889909362792991
gep12,00,2025-12-25,2026-01-04,gcrew,noaa_gefs,12,Pressure_Pa,10,101268.140625
gep12,00,2025-12-25,2026-01-04,gcrew,noaa_gefs,12,RH_percent_mean,10,86.44726371765137
gep12,00,2025-12-25,2026-01-04,gcrew,noaa_gefs,12,Rain_mm_sum,10,0
gep12,00,2025-12-25,2026-01-04,gcrew,noaa_gefs,12,ShortwaveRadiation_Wm2,10,85
gep12,00,2025-12-25,2026-01-04,gcrew,noaa_gefs,12,WindSpeed_ms_mean,10,3.600210788901469
gep12,00,2025-12-25,2026-01-05,gcrew,noaa_gefs,12,AirTemp_C_mean,11,14.514237976074241
gep12,00,2025-12-25,2026-01-05,gcrew,noaa_gefs,12,Pressure_Pa,11,100406.498046875
gep12,00,2025-12-25,2026-01-05,gcrew,noaa_gefs,12,RH_percent_mean,11,85.23000907897949
gep12,00,2025-12-25,2026-01-05,gcrew,noaa_gefs,12,Rain_mm_sum,11,3.7000000178813934
gep12,00,2025-12-25,2026-01-05,gcrew,noaa_gefs,12,ShortwaveRadiation_Wm2,11,42.5
gep12,00,2025-12-25,2026-01-05,gcrew,noaa_gefs,12,WindSpeed_ms_mean,11,5.815003334458832
gep12,00,2025-12-25,2026-01-06,gcrew,noaa_gefs,12,AirTemp_C_mean,12,4.505242919921898
gep12,00,2025-12-25,2026-01-06,gcrew,noaa_gefs,12,Pressure_Pa,12,100507.328125
gep12,00,2025-12-25,2026-01-06,gcrew,noaa_gefs,12,RH_percent_mean,12,62.17771530151367
gep12,00,2025-12-25,2026-01-06,gcrew,noaa_gefs,12,Rain_mm_sum,12,2.100000001490116
gep12,00,2025-12-25,2026-01-06,gcrew,noaa_gefs,12,ShortwaveRadiation_Wm2,12,120
gep12,00,2025-12-25,2026-01-06,gcrew,noaa_gefs,12,WindSpeed_ms_mean,12,7.1292139542536495
gep12,00,2025-12-25,2026-01-07,gcrew,noaa_gefs,12,AirTemp_C_mean,13,3.4188171386718977
gep12,00,2025-12-25,2026-01-07,gcrew,noaa_gefs,12,Pressure_Pa,13,101833.490234375
gep12,00,2025-12-25,2026-01-07,gcrew,noaa_gefs,12,RH_percent_mean,13,53.679908752441406
gep12,00,2025-12-25,2026-01-07,gcrew,noaa_gefs,12,Rain_mm_sum,13,0
gep12,00,2025-12-25,2026-01-07,gcrew,noaa_gefs,12,ShortwaveRadiation_Wm2,13,117.5
gep12,00,2025-12-25,2026-01-07,gcrew,noaa_gefs,12,WindSpeed_ms_mean,13,6.966477756083384
gep12,00,2025-12-25,2026-01-08,gcrew,noaa_gefs,12,AirTemp_C_mean,14,7.357942199707054
gep12,00,2025-12-25,2026-01-08,gcrew,noaa_gefs,12,Pressure_Pa,14,102328.623046875
gep12,00,2025-12-25,2026-01-08,gcrew,noaa_gefs,12,RH_percent_mean,14,55.181633949279785
gep12,00,2025-12-25,2026-01-08,gcrew,noaa_gefs,12,Rain_mm_sum,14,0
gep12,00,2025-12-25,2026-01-08,gcrew,noaa_gefs,12,ShortwaveRadiation_Wm2,14,121.5
gep12,00,2025-12-25,2026-01-08,gcrew,noaa_gefs,12,WindSpeed_ms_mean,14,4.329537463391383
gep12,00,2025-12-25,2026-01-09,gcrew,noaa_gefs,12,AirTemp_C_mean,15,6.292359924316429
gep12,00,2025-12-25,2026-01-09,gcrew,noaa_gefs,12,Pressure_Pa,15,102513.65625
gep12,00,2025-12-25,2026-01-09,gcrew,noaa_gefs,12,RH_percent_mean,15,66.9400224685669
gep12,00,2025-12-25,2026-01-09,gcrew,noaa_gefs,12,Rain_mm_sum,15,0
gep12,00,2025-12-25,2026-01-09,gcrew,noaa_gefs,12,ShortwaveRadiation_Wm2,15,116.5
gep12,00,2025-12-25,2026-01-09,gcrew,noaa_gefs,12,WindSpeed_ms_mean,15,4.169523961397145
gep12,00,2025-12-25,2026-01-10,gcrew,noaa_gefs,12,AirTemp_C_mean,16,8.230760192871116
gep12,00,2025-12-25,2026-01-10,gcrew,noaa_gefs,12,Pressure_Pa,16,100988.9765625
gep12,00,2025-12-25,2026-01-10,gcrew,noaa_gefs,12,RH_percent_mean,16,92.44572067260742
gep12,00,2025-12-25,2026-01-10,gcrew,noaa_gefs,12,Rain_mm_sum,16,47.500000953674316
gep12,00,2025-12-25,2026-01-10,gcrew,noaa_gefs,12,ShortwaveRadiation_Wm2,16,3.5
gep12,00,2025-12-25,2026-01-10,gcrew,noaa_gefs,12,WindSpeed_ms_mean,16,9.299799855644833
gep12,00,2025-12-25,2026-01-11,gcrew,noaa_gefs,12,AirTemp_C_mean,17,0.273957824707054
gep12,00,2025-12-25,2026-01-11,gcrew,noaa_gefs,12,Pressure_Pa,17,101742.986328125
gep12,00,2025-12-25,2026-01-11,gcrew,noaa_gefs,12,RH_percent_mean,17,69.99894523620605
gep12,00,2025-12-25,2026-01-11,gcrew,noaa_gefs,12,Rain_mm_sum,17,7.200000002980232
gep12,00,2025-12-25,2026-01-11,gcrew,noaa_gefs,12,ShortwaveRadiation_Wm2,17,127.25
gep12,00,2025-12-25,2026-01-11,gcrew,noaa_gefs,12,WindSpeed_ms_mean,17,7.6638541985328805
gep12,00,2025-12-25,2026-01-12,gcrew,noaa_gefs,12,AirTemp_C_mean,18,2.171846008300804
gep12,00,2025-12-25,2026-01-12,gcrew,noaa_gefs,12,Pressure_Pa,18,102770.083984375
gep12,00,2025-12-25,2026-01-12,gcrew,noaa_gefs,12,RH_percent_mean,18,69.03396034240723
gep12,00,2025-12-25,2026-01-12,gcrew,noaa_gefs,12,Rain_mm_sum,18,0
gep12,00,2025-12-25,2026-01-12,gcrew,noaa_gefs,12,ShortwaveRadiation_Wm2,18,127.5
gep12,00,2025-12-25,2026-01-12,gcrew,noaa_gefs,12,WindSpeed_ms_mean,18,3.4622293096336105
gep12,00,2025-12-25,2026-01-13,gcrew,noaa_gefs,12,AirTemp_C_mean,19,3.1381164550781477
gep12,00,2025-12-25,2026-01-13,gcrew,noaa_gefs,12,Pressure_Pa,19,102732.630859375
gep12,00,2025-12-25,2026-01-13,gcrew,noaa_gefs,12,RH_percent_mean,19,70.09601783752441
gep12,00,2025-12-25,2026-01-13,gcrew,noaa_gefs,12,Rain_mm_sum,19,0
gep12,00,2025-12-25,2026-01-13,gcrew,noaa_gefs,12,ShortwaveRadiation_Wm2,19,116.5
gep12,00,2025-12-25,2026-01-13,gcrew,noaa_gefs,12,WindSpeed_ms_mean,19,3.4455094842593312
gep12,00,2025-12-25,2026-01-14,gcrew,noaa_gefs,12,AirTemp_C_mean,20,4.095193481445335
gep12,00,2025-12-25,2026-01-14,gcrew,noaa_gefs,12,Pressure_Pa,20,102669.79296875
gep12,00,2025-12-25,2026-01-14,gcrew,noaa_gefs,12,RH_percent_mean,20,83.62176322937012
gep12,00,2025-12-25,2026-01-14,gcrew,noaa_gefs,12,Rain_mm_sum,20,0
gep12,00,2025-12-25,2026-01-14,gcrew,noaa_gefs,12,ShortwaveRadiation_Wm2,20,117.75
gep12,00,2025-12-25,2026-01-14,gcrew,noaa_gefs,12,WindSpeed_ms_mean,20,2.7496518864059034
gep12,00,2025-12-25,2026-01-15,gcrew,noaa_gefs,12,AirTemp_C_mean,21,4.34229431152346
gep12,00,2025-12-25,2026-01-15,gcrew,noaa_gefs,12,Pressure_Pa,21,102705.73828125
gep12,00,2025-12-25,2026-01-15,gcrew,noaa_gefs,12,RH_percent_mean,21,87.58064270019531
gep12,00,2025-12-25,2026-01-15,gcrew,noaa_gefs,12,Rain_mm_sum,21,0.10000000149011612
gep12,00,2025-12-25,2026-01-15,gcrew,noaa_gefs,12,ShortwaveRadiation_Wm2,21,94.5
gep12,00,2025-12-25,2026-01-15,gcrew,noaa_gefs,12,WindSpeed_ms_mean,21,3.556685238735195
gep12,00,2025-12-25,2026-01-16,gcrew,noaa_gefs,12,AirTemp_C_mean,22,12.23005065917971
gep12,00,2025-12-25,2026-01-16,gcrew,noaa_gefs,12,Pressure_Pa,22,100937.822265625
gep12,00,2025-12-25,2026-01-16,gcrew,noaa_gefs,12,RH_percent_mean,22,94.87235832214355
gep12,00,2025-12-25,2026-01-16,gcrew,noaa_gefs,12,Rain_mm_sum,22,22.100001096725464
gep12,00,2025-12-25,2026-01-16,gcrew,noaa_gefs,12,ShortwaveRadiation_Wm2,22,9.75
gep12,00,2025-12-25,2026-01-16,gcrew,noaa_gefs,12,WindSpeed_ms_mean,22,7.712571493864753
gep12,00,2025-12-25,2026-01-17,gcrew,noaa_gefs,12,AirTemp_C_mean,23,8.732659912109398
gep12,00,2025-12-25,2026-01-17,gcrew,noaa_gefs,12,Pressure_Pa,23,101839.7109375
gep12,00,2025-12-25,2026-01-17,gcrew,noaa_gefs,12,RH_percent_mean,23,72.87350654602051
gep12,00,2025-12-25,2026-01-17,gcrew,noaa_gefs,12,Rain_mm_sum,23,0.800000011920929
gep12,00,2025-12-25,2026-01-17,gcrew,noaa_gefs,12,ShortwaveRadiation_Wm2,23,130
gep12,00,2025-12-25,2026-01-17,gcrew,noaa_gefs,12,WindSpeed_ms_mean,23,4.503928313302021
gep12,00,2025-12-25,2026-01-18,gcrew,noaa_gefs,12,AirTemp_C_mean,24,8.240655517578148
gep12,00,2025-12-25,2026-01-18,gcrew,noaa_gefs,12,Pressure_Pa,24,102885.134765625
gep12,00,2025-12-25,2026-01-18,gcrew,noaa_gefs,12,RH_percent_mean,24,67.80245590209961
gep12,00,2025-12-25,2026-01-18,gcrew,noaa_gefs,12,Rain_mm_sum,24,0
gep12,00,2025-12-25,2026-01-18,gcrew,noaa_gefs,12,ShortwaveRadiation_Wm2,24,128.5
gep12,00,2025-12-25,2026-01-18,gcrew,noaa_gefs,12,WindSpeed_ms_mean,24,3.7670321862484957
gep12,00,2025-12-25,2026-01-19,gcrew,noaa_gefs,12,AirTemp_C_mean,25,8.329751586914085
gep12,00,2025-12-25,2026-01-19,gcrew,noaa_gefs,12,Pressure_Pa,25,102533.533203125
gep12,00,2025-12-25,2026-01-19,gcrew,noaa_gefs,12,RH_percent_mean,25,78.15633964538574
gep12,00,2025-12-25,2026-01-19,gcrew,noaa_gefs,12,Rain_mm_sum,25,0
gep12,00,2025-12-25,2026-01-19,gcrew,noaa_gefs,12,ShortwaveRadiation_Wm2,25,60.75
gep12,00,2025-12-25,2026-01-19,gcrew,noaa_gefs,12,WindSpeed_ms_mean,25,5.590911795586785
gep12,00,2025-12-25,2026-01-20,gcrew,noaa_gefs,12,AirTemp_C_mean,26,8.121881103515648
gep12,00,2025-12-25,2026-01-20,gcrew,noaa_gefs,12,Pressure_Pa,26,101917.162109375
gep12,00,2025-12-25,2026-01-20,gcrew,noaa_gefs,12,RH_percent_mean,26,79.7828426361084
gep12,00,2025-12-25,2026-01-20,gcrew,noaa_gefs,12,Rain_mm_sum,26,0.699999988079071
gep12,00,2025-12-25,2026-01-20,gcrew,noaa_gefs,12,ShortwaveRadiation_Wm2,26,35
gep12,00,2025-12-25,2026-01-20,gcrew,noaa_gefs,12,WindSpeed_ms_mean,26,5.416574993003485
gep12,00,2025-12-25,2026-01-21,gcrew,noaa_gefs,12,AirTemp_C_mean,27,1.0910888671875227
gep12,00,2025-12-25,2026-01-21,gcrew,noaa_gefs,12,Pressure_Pa,27,102745.556640625
gep12,00,2025-12-25,2026-01-21,gcrew,noaa_gefs,12,RH_percent_mean,27,69.12549591064453
gep12,00,2025-12-25,2026-01-21,gcrew,noaa_gefs,12,Rain_mm_sum,27,1.2000000029802322
gep12,00,2025-12-25,2026-01-21,gcrew,noaa_gefs,12,ShortwaveRadiation_Wm2,27,28
gep12,00,2025-12-25,2026-01-21,gcrew,noaa_gefs,12,WindSpeed_ms_mean,27,5.47850488358735
gep12,00,2025-12-25,2026-01-22,gcrew,noaa_gefs,12,AirTemp_C_mean,28,5.676553344726585
gep12,00,2025-12-25,2026-01-22,gcrew,noaa_gefs,12,Pressure_Pa,28,100303.91796875
gep12,00,2025-12-25,2026-01-22,gcrew,noaa_gefs,12,RH_percent_mean,28,72.28020286560059
gep12,00,2025-12-25,2026-01-22,gcrew,noaa_gefs,12,Rain_mm_sum,28,11.300000190734863
gep12,00,2025-12-25,2026-01-22,gcrew,noaa_gefs,12,ShortwaveRadiation_Wm2,28,132
gep12,00,2025-12-25,2026-01-22,gcrew,noaa_gefs,12,WindSpeed_ms_mean,28,10.069496986572068
gep12,00,2025-12-25,2026-01-23,gcrew,noaa_gefs,12,AirTemp_C_mean,29,2.7060104370117415
gep12,00,2025-12-25,2026-01-23,gcrew,noaa_gefs,12,Pressure_Pa,29,101102.13671875
gep12,00,2025-12-25,2026-01-23,gcrew,noaa_gefs,12,RH_percent_mean,29,59.599411964416504
gep12,00,2025-12-25,2026-01-23,gcrew,noaa_gefs,12,Rain_mm_sum,29,0
gep12,00,2025-12-25,2026-01-23,gcrew,noaa_gefs,12,ShortwaveRadiation_Wm2,29,137.5
gep12,00,2025-12-25,2026-01-23,gcrew,noaa_gefs,12,WindSpeed_ms_mean,29,5.521899992654974
gep12,00,2025-12-25,2026-01-24,gcrew,noaa_gefs,12,AirTemp_C_mean,30,4.12842712402346
gep12,00,2025-12-25,2026-01-24,gcrew,noaa_gefs,12,Pressure_Pa,30,101227.48828125
gep12,00,2025-12-25,2026-01-24,gcrew,noaa_gefs,12,RH_percent_mean,30,72.47355461120605
gep12,00,2025-12-25,2026-01-24,gcrew,noaa_gefs,12,Rain_mm_sum,30,0
gep12,00,2025-12-25,2026-01-24,gcrew,noaa_gefs,12,ShortwaveRadiation_Wm2,30,127.25
gep12,00,2025-12-25,2026-01-24,gcrew,noaa_gefs,12,WindSpeed_ms_mean,30,5.117748884369503
gep12,00,2025-12-25,2026-01-25,gcrew,noaa_gefs,12,AirTemp_C_mean,31,-0.6562637329101335
gep12,00,2025-12-25,2026-01-25,gcrew,noaa_gefs,12,Pressure_Pa,31,101961.154296875
gep12,00,2025-12-25,2026-01-25,gcrew,noaa_gefs,12,RH_percent_mean,31,57.30247402191162
gep12,00,2025-12-25,2026-01-25,gcrew,noaa_gefs,12,Rain_mm_sum,31,0
gep12,00,2025-12-25,2026-01-25,gcrew,noaa_gefs,12,ShortwaveRadiation_Wm2,31,145.25
gep12,00,2025-12-25,2026-01-25,gcrew,noaa_gefs,12,WindSpeed_ms_mean,31,4.7448173419903386
gep12,00,2025-12-25,2026-01-26,gcrew,noaa_gefs,12,AirTemp_C_mean,32,2.824037170410179
gep12,00,2025-12-25,2026-01-26,gcrew,noaa_gefs,12,Pressure_Pa,32,101941.466796875
gep12,00,2025-12-25,2026-01-26,gcrew,noaa_gefs,12,RH_percent_mean,32,70.92254638671875
gep12,00,2025-12-25,2026-01-26,gcrew,noaa_gefs,12,Rain_mm_sum,32,0
gep12,00,2025-12-25,2026-01-26,gcrew,noaa_gefs,12,ShortwaveRadiation_Wm2,32,138.25
gep12,00,2025-12-25,2026-01-26,gcrew,noaa_gefs,12,WindSpeed_ms_mean,32,3.546680545310956
gep12,00,2025-12-25,2026-01-27,gcrew,noaa_gefs,12,AirTemp_C_mean,33,2.880342102050804
gep12,00,2025-12-25,2026-01-27,gcrew,noaa_gefs,12,Pressure_Pa,33,102457.599609375
gep12,00,2025-12-25,2026-01-27,gcrew,noaa_gefs,12,RH_percent_mean,33,78.3819751739502
gep12,00,2025-12-25,2026-01-27,gcrew,noaa_gefs,12,Rain_mm_sum,33,0
gep12,00,2025-12-25,2026-01-27,gcrew,noaa_gefs,12,ShortwaveRadiation_Wm2,33,142.5
gep12,00,2025-12-25,2026-01-27,gcrew,noaa_gefs,12,WindSpeed_ms_mean,33,3.633655032610908
gep12,00,2025-12-25,2026-01-28,gcrew,noaa_gefs,12,AirTemp_C_mean,34,4.36011657714846
gep12,00,2025-12-25,2026-01-28,gcrew,noaa_gefs,12,Pressure_Pa,34,102016.24609375
gep12,00,2025-12-25,2026-01-28,gcrew,noaa_gefs,12,RH_percent_mean,34,86.29985618591309
gep12,00,2025-12-25,2026-01-28,gcrew,noaa_gefs,12,Rain_mm_sum,34,0.20000000298023224
gep12,00,2025-12-25,2026-01-28,gcrew,noaa_gefs,12,ShortwaveRadiation_Wm2,34,67.25
gep12,00,2025-12-25,2026-01-28,gcrew,noaa_gefs,12,WindSpeed_ms_mean,34,2.304446884715268
gep13,00,2025-12-25,2025-12-26,gcrew,noaa_gefs,13,AirTemp_C_mean,1,1.4191566467285384
gep13,00,2025-12-25,2025-12-26,gcrew,noaa_gefs,13,Pressure_Pa,1,101883.013671875
gep13,00,2025-12-25,2025-12-26,gcrew,noaa_gefs,13,RH_percent_mean,1,59.10939836502075
gep13,00,2025-12-25,2025-12-26,gcrew,noaa_gefs,13,Rain_mm_sum,1,5.929999861866236
gep13,00,2025-12-25,2025-12-26,gcrew,noaa_gefs,13,ShortwaveRadiation_Wm2,1,52.5
gep13,00,2025-12-25,2025-12-26,gcrew,noaa_gefs,13,WindSpeed_ms_mean,1,5.719543666158366
gep13,00,2025-12-25,2025-12-27,gcrew,noaa_gefs,13,AirTemp_C_mean,2,4.553342437744163
gep13,00,2025-12-25,2025-12-27,gcrew,noaa_gefs,13,Pressure_Pa,2,101374.94921875
gep13,00,2025-12-25,2025-12-27,gcrew,noaa_gefs,13,RH_percent_mean,2,78.51494789123535
gep13,00,2025-12-25,2025-12-27,gcrew,noaa_gefs,13,Rain_mm_sum,2,5.500000089406967
gep13,00,2025-12-25,2025-12-27,gcrew,noaa_gefs,13,ShortwaveRadiation_Wm2,2,106.25
gep13,00,2025-12-25,2025-12-27,gcrew,noaa_gefs,13,WindSpeed_ms_mean,2,6.923660931417801
gep13,00,2025-12-25,2025-12-28,gcrew,noaa_gefs,13,AirTemp_C_mean,3,3.017091369628929
gep13,00,2025-12-25,2025-12-28,gcrew,noaa_gefs,13,Pressure_Pa,3,102237.642578125
gep13,00,2025-12-25,2025-12-28,gcrew,noaa_gefs,13,RH_percent_mean,3,72.99352979660034
gep13,00,2025-12-25,2025-12-28,gcrew,noaa_gefs,13,Rain_mm_sum,3,0
gep13,00,2025-12-25,2025-12-28,gcrew,noaa_gefs,13,ShortwaveRadiation_Wm2,3,105
gep13,00,2025-12-25,2025-12-28,gcrew,noaa_gefs,13,WindSpeed_ms_mean,3,2.948875395899818
gep13,00,2025-12-25,2025-12-29,gcrew,noaa_gefs,13,AirTemp_C_mean,4,8.150354003906273
gep13,00,2025-12-25,2025-12-29,gcrew,noaa_gefs,13,Pressure_Pa,4,100520.205078125
gep13,00,2025-12-25,2025-12-29,gcrew,noaa_gefs,13,RH_percent_mean,4,75.22460079193115
gep13,00,2025-12-25,2025-12-29,gcrew,noaa_gefs,13,Rain_mm_sum,4,0.8000000268220901
gep13,00,2025-12-25,2025-12-29,gcrew,noaa_gefs,13,ShortwaveRadiation_Wm2,4,62.5
gep13,00,2025-12-25,2025-12-29,gcrew,noaa_gefs,13,WindSpeed_ms_mean,4,7.362543468483011
gep13,00,2025-12-25,2025-12-30,gcrew,noaa_gefs,13,AirTemp_C_mean,5,0.325959777832054
gep13,00,2025-12-25,2025-12-30,gcrew,noaa_gefs,13,Pressure_Pa,5,100803.0263671875
gep13,00,2025-12-25,2025-12-30,gcrew,noaa_gefs,13,RH_percent_mean,5,53.082125186920166
gep13,00,2025-12-25,2025-12-30,gcrew,noaa_gefs,13,Rain_mm_sum,5,0
gep13,00,2025-12-25,2025-12-30,gcrew,noaa_gefs,13,ShortwaveRadiation_Wm2,5,100.5
gep13,00,2025-12-25,2025-12-30,gcrew,noaa_gefs,13,WindSpeed_ms_mean,5,8.02044107296069
gep13,00,2025-12-25,2025-12-31,gcrew,noaa_gefs,13,AirTemp_C_mean,6,-0.5309776306152116
gep13,00,2025-12-25,2025-12-31,gcrew,noaa_gefs,13,Pressure_Pa,6,101757.0849609375
gep13,00,2025-12-25,2025-12-31,gcrew,noaa_gefs,13,RH_percent_mean,6,49.53283452987671
gep13,00,2025-12-25,2025-12-31,gcrew,noaa_gefs,13,Rain_mm_sum,6,0
gep13,00,2025-12-25,2025-12-31,gcrew,noaa_gefs,13,ShortwaveRadiation_Wm2,6,116.25
gep13,00,2025-12-25,2025-12-31,gcrew,noaa_gefs,13,WindSpeed_ms_mean,6,5.239858882636157
gep13,00,2025-12-25,2026-01-01,gcrew,noaa_gefs,13,AirTemp_C_mean,7,3.5077911376953352
gep13,00,2025-12-25,2026-01-01,gcrew,noaa_gefs,13,Pressure_Pa,7,101793.2197265625
gep13,00,2025-12-25,2026-01-01,gcrew,noaa_gefs,13,RH_percent_mean,7,61.349281787872314
gep13,00,2025-12-25,2026-01-01,gcrew,noaa_gefs,13,Rain_mm_sum,7,0
gep13,00,2025-12-25,2026-01-01,gcrew,noaa_gefs,13,ShortwaveRadiation_Wm2,7,87.5
gep13,00,2025-12-25,2026-01-01,gcrew,noaa_gefs,13,WindSpeed_ms_mean,7,4.304550169616287
gep13,00,2025-12-25,2026-01-02,gcrew,noaa_gefs,13,AirTemp_C_mean,8,5.137780761718773
gep13,00,2025-12-25,2026-01-02,gcrew,noaa_gefs,13,Pressure_Pa,8,101893.263671875
gep13,00,2025-12-25,2026-01-02,gcrew,noaa_gefs,13,RH_percent_mean,8,76.17369937896729
gep13,00,2025-12-25,2026-01-02,gcrew,noaa_gefs,13,Rain_mm_sum,8,0
gep13,00,2025-12-25,2026-01-02,gcrew,noaa_gefs,13,ShortwaveRadiation_Wm2,8,99.375
gep13,00,2025-12-25,2026-01-02,gcrew,noaa_gefs,13,WindSpeed_ms_mean,8,2.9946754157667765
gep13,00,2025-12-25,2026-01-03,gcrew,noaa_gefs,13,AirTemp_C_mean,9,7.461868722098237
gep13,00,2025-12-25,2026-01-03,gcrew,noaa_gefs,13,Pressure_Pa,9,101427.07589285714
gep13,00,2025-12-25,2026-01-03,gcrew,noaa_gefs,13,RH_percent_mean,9,83.19520568847656
gep13,00,2025-12-25,2026-01-03,gcrew,noaa_gefs,13,Rain_mm_sum,9,0.6100000236183405
gep13,00,2025-12-25,2026-01-03,gcrew,noaa_gefs,13,ShortwaveRadiation_Wm2,9,25.714285714285715
gep13,00,2025-12-25,2026-01-03,gcrew,noaa_gefs,13,WindSpeed_ms_mean,9,5.107335579865194
gep13,00,2025-12-25,2026-01-04,gcrew,noaa_gefs,13,AirTemp_C_mean,10,10.889909362792991
gep13,00,2025-12-25,2026-01-04,gcrew,noaa_gefs,13,Pressure_Pa,10,101268.140625
gep13,00,2025-12-25,2026-01-04,gcrew,noaa_gefs,13,RH_percent_mean,10,86.44726371765137
gep13,00,2025-12-25,2026-01-04,gcrew,noaa_gefs,13,Rain_mm_sum,10,0
gep13,00,2025-12-25,2026-01-04,gcrew,noaa_gefs,13,ShortwaveRadiation_Wm2,10,85
gep13,00,2025-12-25,2026-01-04,gcrew,noaa_gefs,13,WindSpeed_ms_mean,10,3.600210788901469
gep13,00,2025-12-25,2026-01-05,gcrew,noaa_gefs,13,AirTemp_C_mean,11,14.514237976074241
gep13,00,2025-12-25,2026-01-05,gcrew,noaa_gefs,13,Pressure_Pa,11,100406.498046875
gep13,00,2025-12-25,2026-01-05,gcrew,noaa_gefs,13,RH_percent_mean,11,85.23000907897949
gep13,00,2025-12-25,2026-01-05,gcrew,noaa_gefs,13,Rain_mm_sum,11,3.7000000178813934
gep13,00,2025-12-25,2026-01-05,gcrew,noaa_gefs,13,ShortwaveRadiation_Wm2,11,42.5
gep13,00,2025-12-25,2026-01-05,gcrew,noaa_gefs,13,WindSpeed_ms_mean,11,5.815003334458832
gep13,00,2025-12-25,2026-01-06,gcrew,noaa_gefs,13,AirTemp_C_mean,12,4.505242919921898
gep13,00,2025-12-25,2026-01-06,gcrew,noaa_gefs,13,Pressure_Pa,12,100507.328125
gep13,00,2025-12-25,2026-01-06,gcrew,noaa_gefs,13,RH_percent_mean,12,62.17771530151367
gep13,00,2025-12-25,2026-01-06,gcrew,noaa_gefs,13,Rain_mm_sum,12,2.100000001490116
gep13,00,2025-12-25,2026-01-06,gcrew,noaa_gefs,13,ShortwaveRadiation_Wm2,12,120
gep13,00,2025-12-25,2026-01-06,gcrew,noaa_gefs,13,WindSpeed_ms_mean,12,7.1292139542536495
gep13,00,2025-12-25,2026-01-07,gcrew,noaa_gefs,13,AirTemp_C_mean,13,3.4188171386718977
gep13,00,2025-12-25,2026-01-07,gcrew,noaa_gefs,13,Pressure_Pa,13,101833.490234375
gep13,00,2025-12-25,2026-01-07,gcrew,noaa_gefs,13,RH_percent_mean,13,53.679908752441406
gep13,00,2025-12-25,2026-01-07,gcrew,noaa_gefs,13,Rain_mm_sum,13,0
gep13,00,2025-12-25,2026-01-07,gcrew,noaa_gefs,13,ShortwaveRadiation_Wm2,13,117.5
gep13,00,2025-12-25,2026-01-07,gcrew,noaa_gefs,13,WindSpeed_ms_mean,13,6.966477756083384
gep13,00,2025-12-25,2026-01-08,gcrew,noaa_gefs,13,AirTemp_C_mean,14,7.357942199707054
gep13,00,2025-12-25,2026-01-08,gcrew,noaa_gefs,13,Pressure_Pa,14,102328.623046875
gep13,00,2025-12-25,2026-01-08,gcrew,noaa_gefs,13,RH_percent_mean,14,55.181633949279785
gep13,00,2025-12-25,2026-01-08,gcrew,noaa_gefs,13,Rain_mm_sum,14,0
gep13,00,2025-12-25,2026-01-08,gcrew,noaa_gefs,13,ShortwaveRadiation_Wm2,14,121.5
gep13,00,2025-12-25,2026-01-08,gcrew,noaa_gefs,13,WindSpeed_ms_mean,14,4.329537463391383
gep13,00,2025-12-25,2026-01-09,gcrew,noaa_gefs,13,AirTemp_C_mean,15,6.292359924316429
gep13,00,2025-12-25,2026-01-09,gcrew,noaa_gefs,13,Pressure_Pa,15,102513.65625
gep13,00,2025-12-25,2026-01-09,gcrew,noaa_gefs,13,RH_percent_mean,15,66.9400224685669
gep13,00,2025-12-25,2026-01-09,gcrew,noaa_gefs,13,Rain_mm_sum,15,0
gep13,00,2025-12-25,2026-01-09,gcrew,noaa_gefs,13,ShortwaveRadiation_Wm2,15,116.5
gep13,00,2025-12-25,2026-01-09,gcrew,noaa_gefs,13,WindSpeed_ms_mean,15,4.169523961397145
gep13,00,2025-12-25,2026-01-10,gcrew,noaa_gefs,13,AirTemp_C_mean,16,8.230760192871116
gep13,00,2025-12-25,2026-01-10,gcrew,noaa_gefs,13,Pressure_Pa,16,100988.9765625
gep13,00,2025-12-25,2026-01-10,gcrew,noaa_gefs,13,RH_percent_mean,16,92.44572067260742
gep13,00,2025-12-25,2026-01-10,gcrew,noaa_gefs,13,Rain_mm_sum,16,47.500000953674316
gep13,00,2025-12-25,2026-01-10,gcrew,noaa_gefs,13,ShortwaveRadiation_Wm2,16,3.5
gep13,00,2025-12-25,2026-01-10,gcrew,noaa_gefs,13,WindSpeed_ms_mean,16,9.299799855644833
gep13,00,2025-12-25,2026-01-11,gcrew,noaa_gefs,13,AirTemp_C_mean,17,0.273957824707054
gep13,00,2025-12-25,2026-01-11,gcrew,noaa_gefs,13,Pressure_Pa,17,101742.986328125
gep13,00,2025-12-25,2026-01-11,gcrew,noaa_gefs,13,RH_percent_mean,17,69.99894523620605
gep13,00,2025-12-25,2026-01-11,gcrew,noaa_gefs,13,Rain_mm_sum,17,7.200000002980232
gep13,00,2025-12-25,2026-01-11,gcrew,noaa_gefs,13,ShortwaveRadiation_Wm2,17,127.25
gep13,00,2025-12-25,2026-01-11,gcrew,noaa_gefs,13,WindSpeed_ms_mean,17,7.6638541985328805
gep13,00,2025-12-25,2026-01-12,gcrew,noaa_gefs,13,AirTemp_C_mean,18,2.171846008300804
gep13,00,2025-12-25,2026-01-12,gcrew,noaa_gefs,13,Pressure_Pa,18,102770.083984375
gep13,00,2025-12-25,2026-01-12,gcrew,noaa_gefs,13,RH_percent_mean,18,69.03396034240723
gep13,00,2025-12-25,2026-01-12,gcrew,noaa_gefs,13,Rain_mm_sum,18,0
gep13,00,2025-12-25,2026-01-12,gcrew,noaa_gefs,13,ShortwaveRadiation_Wm2,18,127.5
gep13,00,2025-12-25,2026-01-12,gcrew,noaa_gefs,13,WindSpeed_ms_mean,18,3.4622293096336105
gep13,00,2025-12-25,2026-01-13,gcrew,noaa_gefs,13,AirTemp_C_mean,19,3.1381164550781477
gep13,00,2025-12-25,2026-01-13,gcrew,noaa_gefs,13,Pressure_Pa,19,102732.630859375
gep13,00,2025-12-25,2026-01-13,gcrew,noaa_gefs,13,RH_percent_mean,19,70.09601783752441
gep13,00,2025-12-25,2026-01-13,gcrew,noaa_gefs,13,Rain_mm_sum,19,0
gep13,00,2025-12-25,2026-01-13,gcrew,noaa_gefs,13,ShortwaveRadiation_Wm2,19,116.5
gep13,00,2025-12-25,2026-01-13,gcrew,noaa_gefs,13,WindSpeed_ms_mean,19,3.4455094842593312
gep13,00,2025-12-25,2026-01-14,gcrew,noaa_gefs,13,AirTemp_C_mean,20,4.095193481445335
gep13,00,2025-12-25,2026-01-14,gcrew,noaa_gefs,13,Pressure_Pa,20,102669.79296875
gep13,00,2025-12-25,2026-01-14,gcrew,noaa_gefs,13,RH_percent_mean,20,83.62176322937012
gep13,00,2025-12-25,2026-01-14,gcrew,noaa_gefs,13,Rain_mm_sum,20,0
gep13,00,2025-12-25,2026-01-14,gcrew,noaa_gefs,13,ShortwaveRadiation_Wm2,20,117.75
gep13,00,2025-12-25,2026-01-14,gcrew,noaa_gefs,13,WindSpeed_ms_mean,20,2.7496518864059034
gep13,00,2025-12-25,2026-01-15,gcrew,noaa_gefs,13,AirTemp_C_mean,21,4.34229431152346
gep13,00,2025-12-25,2026-01-15,gcrew,noaa_gefs,13,Pressure_Pa,21,102705.73828125
gep13,00,2025-12-25,2026-01-15,gcrew,noaa_gefs,13,RH_percent_mean,21,87.58064270019531
gep13,00,2025-12-25,2026-01-15,gcrew,noaa_gefs,13,Rain_mm_sum,21,0.10000000149011612
gep13,00,2025-12-25,2026-01-15,gcrew,noaa_gefs,13,ShortwaveRadiation_Wm2,21,94.5
gep13,00,2025-12-25,2026-01-15,gcrew,noaa_gefs,13,WindSpeed_ms_mean,21,3.556685238735195
gep13,00,2025-12-25,2026-01-16,gcrew,noaa_gefs,13,AirTemp_C_mean,22,12.23005065917971
gep13,00,2025-12-25,2026-01-16,gcrew,noaa_gefs,13,Pressure_Pa,22,100937.822265625
gep13,00,2025-12-25,2026-01-16,gcrew,noaa_gefs,13,RH_percent_mean,22,94.87235832214355
gep13,00,2025-12-25,2026-01-16,gcrew,noaa_gefs,13,Rain_mm_sum,22,22.100001096725464
gep13,00,2025-12-25,2026-01-16,gcrew,noaa_gefs,13,ShortwaveRadiation_Wm2,22,9.75
gep13,00,2025-12-25,2026-01-16,gcrew,noaa_gefs,13,WindSpeed_ms_mean,22,7.712571493864753
gep13,00,2025-12-25,2026-01-17,gcrew,noaa_gefs,13,AirTemp_C_mean,23,8.732659912109398
gep13,00,2025-12-25,2026-01-17,gcrew,noaa_gefs,13,Pressure_Pa,23,101839.7109375
gep13,00,2025-12-25,2026-01-17,gcrew,noaa_gefs,13,RH_percent_mean,23,72.87350654602051
gep13,00,2025-12-25,2026-01-17,gcrew,noaa_gefs,13,Rain_mm_sum,23,0.800000011920929
gep13,00,2025-12-25,2026-01-17,gcrew,noaa_gefs,13,ShortwaveRadiation_Wm2,23,130
gep13,00,2025-12-25,2026-01-17,gcrew,noaa_gefs,13,WindSpeed_ms_mean,23,4.503928313302021
gep13,00,2025-12-25,2026-01-18,gcrew,noaa_gefs,13,AirTemp_C_mean,24,8.240655517578148
gep13,00,2025-12-25,2026-01-18,gcrew,noaa_gefs,13,Pressure_Pa,24,102885.134765625
gep13,00,2025-12-25,2026-01-18,gcrew,noaa_gefs,13,RH_percent_mean,24,67.80245590209961
gep13,00,2025-12-25,2026-01-18,gcrew,noaa_gefs,13,Rain_mm_sum,24,0
gep13,00,2025-12-25,2026-01-18,gcrew,noaa_gefs,13,ShortwaveRadiation_Wm2,24,128.5
gep13,00,2025-12-25,2026-01-18,gcrew,noaa_gefs,13,WindSpeed_ms_mean,24,3.7670321862484957
gep13,00,2025-12-25,2026-01-19,gcrew,noaa_gefs,13,AirTemp_C_mean,25,8.329751586914085
gep13,00,2025-12-25,2026-01-19,gcrew,noaa_gefs,13,Pressure_Pa,25,102533.533203125
gep13,00,2025-12-25,2026-01-19,gcrew,noaa_gefs,13,RH_percent_mean,25,78.15633964538574
gep13,00,2025-12-25,2026-01-19,gcrew,noaa_gefs,13,Rain_mm_sum,25,0
gep13,00,2025-12-25,2026-01-19,gcrew,noaa_gefs,13,ShortwaveRadiation_Wm2,25,60.75
gep13,00,2025-12-25,2026-01-19,gcrew,noaa_gefs,13,WindSpeed_ms_mean,25,5.590911795586785
gep13,00,2025-12-25,2026-01-20,gcrew,noaa_gefs,13,AirTemp_C_mean,26,8.121881103515648
gep13,00,2025-12-25,2026-01-20,gcrew,noaa_gefs,13,Pressure_Pa,26,101917.162109375
gep13,00,2025-12-25,2026-01-20,gcrew,noaa_gefs,13,RH_percent_mean,26,79.7828426361084
gep13,00,2025-12-25,2026-01-20,gcrew,noaa_gefs,13,Rain_mm_sum,26,0.699999988079071
gep13,00,2025-12-25,2026-01-20,gcrew,noaa_gefs,13,ShortwaveRadiation_Wm2,26,35
gep13,00,2025-12-25,2026-01-20,gcrew,noaa_gefs,13,WindSpeed_ms_mean,26,5.416574993003485
gep13,00,2025-12-25,2026-01-21,gcrew,noaa_gefs,13,AirTemp_C_mean,27,1.0910888671875227
gep13,00,2025-12-25,2026-01-21,gcrew,noaa_gefs,13,Pressure_Pa,27,102745.556640625
gep13,00,2025-12-25,2026-01-21,gcrew,noaa_gefs,13,RH_percent_mean,27,69.12549591064453
gep13,00,2025-12-25,2026-01-21,gcrew,noaa_gefs,13,Rain_mm_sum,27,1.2000000029802322
gep13,00,2025-12-25,2026-01-21,gcrew,noaa_gefs,13,ShortwaveRadiation_Wm2,27,28
gep13,00,2025-12-25,2026-01-21,gcrew,noaa_gefs,13,WindSpeed_ms_mean,27,5.47850488358735
gep13,00,2025-12-25,2026-01-22,gcrew,noaa_gefs,13,AirTemp_C_mean,28,5.676553344726585
gep13,00,2025-12-25,2026-01-22,gcrew,noaa_gefs,13,Pressure_Pa,28,100303.91796875
gep13,00,2025-12-25,2026-01-22,gcrew,noaa_gefs,13,RH_percent_mean,28,72.28020286560059
gep13,00,2025-12-25,2026-01-22,gcrew,noaa_gefs,13,Rain_mm_sum,28,11.300000190734863
gep13,00,2025-12-25,2026-01-22,gcrew,noaa_gefs,13,ShortwaveRadiation_Wm2,28,132
gep13,00,2025-12-25,2026-01-22,gcrew,noaa_gefs,13,WindSpeed_ms_mean,28,10.069496986572068
gep13,00,2025-12-25,2026-01-23,gcrew,noaa_gefs,13,AirTemp_C_mean,29,2.7060104370117415
gep13,00,2025-12-25,2026-01-23,gcrew,noaa_gefs,13,Pressure_Pa,29,101102.13671875
gep13,00,2025-12-25,2026-01-23,gcrew,noaa_gefs,13,RH_percent_mean,29,59.599411964416504
gep13,00,2025-12-25,2026-01-23,gcrew,noaa_gefs,13,Rain_mm_sum,29,0
gep13,00,2025-12-25,2026-01-23,gcrew,noaa_gefs,13,ShortwaveRadiation_Wm2,29,137.5
gep13,00,2025-12-25,2026-01-23,gcrew,noaa_gefs,13,WindSpeed_ms_mean,29,5.521899992654974
gep13,00,2025-12-25,2026-01-24,gcrew,noaa_gefs,13,AirTemp_C_mean,30,4.12842712402346
gep13,00,2025-12-25,2026-01-24,gcrew,noaa_gefs,13,Pressure_Pa,30,101227.48828125
gep13,00,2025-12-25,2026-01-24,gcrew,noaa_gefs,13,RH_percent_mean,30,72.47355461120605
gep13,00,2025-12-25,2026-01-24,gcrew,noaa_gefs,13,Rain_mm_sum,30,0
gep13,00,2025-12-25,2026-01-24,gcrew,noaa_gefs,13,ShortwaveRadiation_Wm2,30,127.25
gep13,00,2025-12-25,2026-01-24,gcrew,noaa_gefs,13,WindSpeed_ms_mean,30,5.117748884369503
gep13,00,2025-12-25,2026-01-25,gcrew,noaa_gefs,13,AirTemp_C_mean,31,-0.6562637329101335
gep13,00,2025-12-25,2026-01-25,gcrew,noaa_gefs,13,Pressure_Pa,31,101961.154296875
gep13,00,2025-12-25,2026-01-25,gcrew,noaa_gefs,13,RH_percent_mean,31,57.30247402191162
gep13,00,2025-12-25,2026-01-25,gcrew,noaa_gefs,13,Rain_mm_sum,31,0
gep13,00,2025-12-25,2026-01-25,gcrew,noaa_gefs,13,ShortwaveRadiation_Wm2,31,145.25
gep13,00,2025-12-25,2026-01-25,gcrew,noaa_gefs,13,WindSpeed_ms_mean,31,4.7448173419903386
gep13,00,2025-12-25,2026-01-26,gcrew,noaa_gefs,13,AirTemp_C_mean,32,2.824037170410179
gep13,00,2025-12-25,2026-01-26,gcrew,noaa_gefs,13,Pressure_Pa,32,101941.466796875
gep13,00,2025-12-25,2026-01-26,gcrew,noaa_gefs,13,RH_percent_mean,32,70.92254638671875
gep13,00,2025-12-25,2026-01-26,gcrew,noaa_gefs,13,Rain_mm_sum,32,0
gep13,00,2025-12-25,2026-01-26,gcrew,noaa_gefs,13,ShortwaveRadiation_Wm2,32,138.25
gep13,00,2025-12-25,2026-01-26,gcrew,noaa_gefs,13,WindSpeed_ms_mean,32,3.546680545310956
gep13,00,2025-12-25,2026-01-27,gcrew,noaa_gefs,13,AirTemp_C_mean,33,2.880342102050804
gep13,00,2025-12-25,2026-01-27,gcrew,noaa_gefs,13,Pressure_Pa,33,102457.599609375
gep13,00,2025-12-25,2026-01-27,gcrew,noaa_gefs,13,RH_percent_mean,33,78.3819751739502
gep13,00,2025-12-25,2026-01-27,gcrew,noaa_gefs,13,Rain_mm_sum,33,0
gep13,00,2025-12-25,2026-01-27,gcrew,noaa_gefs,13,ShortwaveRadiation_Wm2,33,142.5
gep13,00,2025-12-25,2026-01-27,gcrew,noaa_gefs,13,WindSpeed_ms_mean,33,3.633655032610908
gep13,00,2025-12-25,2026-01-28,gcrew,noaa_gefs,13,AirTemp_C_mean,34,4.36011657714846
gep13,00,2025-12-25,2026-01-28,gcrew,noaa_gefs,13,Pressure_Pa,34,102016.24609375
gep13,00,2025-12-25,2026-01-28,gcrew,noaa_gefs,13,RH_percent_mean,34,86.29985618591309
gep13,00,2025-12-25,2026-01-28,gcrew,noaa_gefs,13,Rain_mm_sum,34,0.20000000298023224
gep13,00,2025-12-25,2026-01-28,gcrew,noaa_gefs,13,ShortwaveRadiation_Wm2,34,67.25
gep13,00,2025-12-25,2026-01-28,gcrew,noaa_gefs,13,WindSpeed_ms_mean,34,2.304446884715268
gep14,00,2025-12-25,2025-12-26,gcrew,noaa_gefs,14,AirTemp_C_mean,1,1.4191566467285384
gep14,00,2025-12-25,2025-12-26,gcrew,noaa_gefs,14,Pressure_Pa,1,101883.013671875
gep14,00,2025-12-25,2025-12-26,gcrew,noaa_gefs,14,RH_percent_mean,1,59.10939836502075
gep14,00,2025-12-25,2025-12-26,gcrew,noaa_gefs,14,Rain_mm_sum,1,5.929999861866236
gep14,00,2025-12-25,2025-12-26,gcrew,noaa_gefs,14,ShortwaveRadiation_Wm2,1,52.5
gep14,00,2025-12-25,2025-12-26,gcrew,noaa_gefs,14,WindSpeed_ms_mean,1,5.719543666158366
gep14,00,2025-12-25,2025-12-27,gcrew,noaa_gefs,14,AirTemp_C_mean,2,4.553342437744163
gep14,00,2025-12-25,2025-12-27,gcrew,noaa_gefs,14,Pressure_Pa,2,101374.94921875
gep14,00,2025-12-25,2025-12-27,gcrew,noaa_gefs,14,RH_percent_mean,2,78.51494789123535
gep14,00,2025-12-25,2025-12-27,gcrew,noaa_gefs,14,Rain_mm_sum,2,5.500000089406967
gep14,00,2025-12-25,2025-12-27,gcrew,noaa_gefs,14,ShortwaveRadiation_Wm2,2,106.25
gep14,00,2025-12-25,2025-12-27,gcrew,noaa_gefs,14,WindSpeed_ms_mean,2,6.923660931417801
gep14,00,2025-12-25,2025-12-28,gcrew,noaa_gefs,14,AirTemp_C_mean,3,3.017091369628929
gep14,00,2025-12-25,2025-12-28,gcrew,noaa_gefs,14,Pressure_Pa,3,102237.642578125
gep14,00,2025-12-25,2025-12-28,gcrew,noaa_gefs,14,RH_percent_mean,3,72.99352979660034
gep14,00,2025-12-25,2025-12-28,gcrew,noaa_gefs,14,Rain_mm_sum,3,0
gep14,00,2025-12-25,2025-12-28,gcrew,noaa_gefs,14,ShortwaveRadiation_Wm2,3,105
gep14,00,2025-12-25,2025-12-28,gcrew,noaa_gefs,14,WindSpeed_ms_mean,3,2.948875395899818
gep14,00,2025-12-25,2025-12-29,gcrew,noaa_gefs,14,AirTemp_C_mean,4,8.150354003906273
gep14,00,2025-12-25,2025-12-29,gcrew,noaa_gefs,14,Pressure_Pa,4,100520.205078125
gep14,00,2025-12-25,2025-12-29,gcrew,noaa_gefs,14,RH_percent_mean,4,75.22460079193115
gep14,00,2025-12-25,2025-12-29,gcrew,noaa_gefs,14,Rain_mm_sum,4,0.8000000268220901
gep14,00,2025-12-25,2025-12-29,gcrew,noaa_gefs,14,ShortwaveRadiation_Wm2,4,62.5
gep14,00,2025-12-25,2025-12-29,gcrew,noaa_gefs,14,WindSpeed_ms_mean,4,7.362543468483011
gep14,00,2025-12-25,2025-12-30,gcrew,noaa_gefs,14,AirTemp_C_mean,5,0.325959777832054
gep14,00,2025-12-25,2025-12-30,gcrew,noaa_gefs,14,Pressure_Pa,5,100803.0263671875
gep14,00,2025-12-25,2025-12-30,gcrew,noaa_gefs,14,RH_percent_mean,5,53.082125186920166
gep14,00,2025-12-25,2025-12-30,gcrew,noaa_gefs,14,Rain_mm_sum,5,0
gep14,00,2025-12-25,2025-12-30,gcrew,noaa_gefs,14,ShortwaveRadiation_Wm2,5,100.5
gep14,00,2025-12-25,2025-12-30,gcrew,noaa_gefs,14,WindSpeed_ms_mean,5,8.02044107296069
gep14,00,2025-12-25,2025-12-31,gcrew,noaa_gefs,14,AirTemp_C_mean,6,-0.5309776306152116
gep14,00,2025-12-25,2025-12-31,gcrew,noaa_gefs,14,Pressure_Pa,6,101757.0849609375
gep14,00,2025-12-25,2025-12-31,gcrew,noaa_gefs,14,RH_percent_mean,6,49.53283452987671
gep14,00,2025-12-25,2025-12-31,gcrew,noaa_gefs,14,Rain_mm_sum,6,0
gep14,00,2025-12-25,2025-12-31,gcrew,noaa_gefs,14,ShortwaveRadiation_Wm2,6,116.25
gep14,00,2025-12-25,2025-12-31,gcrew,noaa_gefs,14,WindSpeed_ms_mean,6,5.239858882636157
gep14,00,2025-12-25,2026-01-01,gcrew,noaa_gefs,14,AirTemp_C_mean,7,3.5077911376953352
gep14,00,2025-12-25,2026-01-01,gcrew,noaa_gefs,14,Pressure_Pa,7,101793.2197265625
gep14,00,2025-12-25,2026-01-01,gcrew,noaa_gefs,14,RH_percent_mean,7,61.349281787872314
gep14,00,2025-12-25,2026-01-01,gcrew,noaa_gefs,14,Rain_mm_sum,7,0
gep14,00,2025-12-25,2026-01-01,gcrew,noaa_gefs,14,ShortwaveRadiation_Wm2,7,87.5
gep14,00,2025-12-25,2026-01-01,gcrew,noaa_gefs,14,WindSpeed_ms_mean,7,4.304550169616287
gep14,00,2025-12-25,2026-01-02,gcrew,noaa_gefs,14,AirTemp_C_mean,8,5.137780761718773
gep14,00,2025-12-25,2026-01-02,gcrew,noaa_gefs,14,Pressure_Pa,8,101893.263671875
gep14,00,2025-12-25,2026-01-02,gcrew,noaa_gefs,14,RH_percent_mean,8,76.17369937896729
gep14,00,2025-12-25,2026-01-02,gcrew,noaa_gefs,14,Rain_mm_sum,8,0
gep14,00,2025-12-25,2026-01-02,gcrew,noaa_gefs,14,ShortwaveRadiation_Wm2,8,99.375
gep14,00,2025-12-25,2026-01-02,gcrew,noaa_gefs,14,WindSpeed_ms_mean,8,2.9946754157667765
gep14,00,2025-12-25,2026-01-03,gcrew,noaa_gefs,14,AirTemp_C_mean,9,7.461868722098237
gep14,00,2025-12-25,2026-01-03,gcrew,noaa_gefs,14,Pressure_Pa,9,101427.07589285714
gep14,00,2025-12-25,2026-01-03,gcrew,noaa_gefs,14,RH_percent_mean,9,83.19520568847656
gep14,00,2025-12-25,2026-01-03,gcrew,noaa_gefs,14,Rain_mm_sum,9,0.6100000236183405
gep14,00,2025-12-25,2026-01-03,gcrew,noaa_gefs,14,ShortwaveRadiation_Wm2,9,25.714285714285715
gep14,00,2025-12-25,2026-01-03,gcrew,noaa_gefs,14,WindSpeed_ms_mean,9,5.107335579865194
gep14,00,2025-12-25,2026-01-04,gcrew,noaa_gefs,14,AirTemp_C_mean,10,10.889909362792991
gep14,00,2025-12-25,2026-01-04,gcrew,noaa_gefs,14,Pressure_Pa,10,101268.140625
gep14,00,2025-12-25,2026-01-04,gcrew,noaa_gefs,14,RH_percent_mean,10,86.44726371765137
gep14,00,2025-12-25,2026-01-04,gcrew,noaa_gefs,14,Rain_mm_sum,10,0
gep14,00,2025-12-25,2026-01-04,gcrew,noaa_gefs,14,ShortwaveRadiation_Wm2,10,85
gep14,00,2025-12-25,2026-01-04,gcrew,noaa_gefs,14,WindSpeed_ms_mean,10,3.600210788901469
gep14,00,2025-12-25,2026-01-05,gcrew,noaa_gefs,14,AirTemp_C_mean,11,14.514237976074241
gep14,00,2025-12-25,2026-01-05,gcrew,noaa_gefs,14,Pressure_Pa,11,100406.498046875
gep14,00,2025-12-25,2026-01-05,gcrew,noaa_gefs,14,RH_percent_mean,11,85.23000907897949
gep14,00,2025-12-25,2026-01-05,gcrew,noaa_gefs,14,Rain_mm_sum,11,3.7000000178813934
gep14,00,2025-12-25,2026-01-05,gcrew,noaa_gefs,14,ShortwaveRadiation_Wm2,11,42.5
gep14,00,2025-12-25,2026-01-05,gcrew,noaa_gefs,14,WindSpeed_ms_mean,11,5.815003334458832
gep14,00,2025-12-25,2026-01-06,gcrew,noaa_gefs,14,AirTemp_C_mean,12,4.505242919921898
gep14,00,2025-12-25,2026-01-06,gcrew,noaa_gefs,14,Pressure_Pa,12,100507.328125
gep14,00,2025-12-25,2026-01-06,gcrew,noaa_gefs,14,RH_percent_mean,12,62.17771530151367
gep14,00,2025-12-25,2026-01-06,gcrew,noaa_gefs,14,Rain_mm_sum,12,2.100000001490116
gep14,00,2025-12-25,2026-01-06,gcrew,noaa_gefs,14,ShortwaveRadiation_Wm2,12,120
gep14,00,2025-12-25,2026-01-06,gcrew,noaa_gefs,14,WindSpeed_ms_mean,12,7.1292139542536495
gep14,00,2025-12-25,2026-01-07,gcrew,noaa_gefs,14,AirTemp_C_mean,13,3.4188171386718977
gep14,00,2025-12-25,2026-01-07,gcrew,noaa_gefs,14,Pressure_Pa,13,101833.490234375
gep14,00,2025-12-25,2026-01-07,gcrew,noaa_gefs,14,RH_percent_mean,13,53.679908752441406
gep14,00,2025-12-25,2026-01-07,gcrew,noaa_gefs,14,Rain_mm_sum,13,0
gep14,00,2025-12-25,2026-01-07,gcrew,noaa_gefs,14,ShortwaveRadiation_Wm2,13,117.5
gep14,00,2025-12-25,2026-01-07,gcrew,noaa_gefs,14,WindSpeed_ms_mean,13,6.966477756083384
gep14,00,2025-12-25,2026-01-08,gcrew,noaa_gefs,14,AirTemp_C_mean,14,7.357942199707054
gep14,00,2025-12-25,2026-01-08,gcrew,noaa_gefs,14,Pressure_Pa,14,102328.623046875
gep14,00,2025-12-25,2026-01-08,gcrew,noaa_gefs,14,RH_percent_mean,14,55.181633949279785
gep14,00,2025-12-25,2026-01-08,gcrew,noaa_gefs,14,Rain_mm_sum,14,0
gep14,00,2025-12-25,2026-01-08,gcrew,noaa_gefs,14,ShortwaveRadiation_Wm2,14,121.5
gep14,00,2025-12-25,2026-01-08,gcrew,noaa_gefs,14,WindSpeed_ms_mean,14,4.329537463391383
gep14,00,2025-12-25,2026-01-09,gcrew,noaa_gefs,14,AirTemp_C_mean,15,6.292359924316429
gep14,00,2025-12-25,2026-01-09,gcrew,noaa_gefs,14,Pressure_Pa,15,102513.65625
gep14,00,2025-12-25,2026-01-09,gcrew,noaa_gefs,14,RH_percent_mean,15,66.9400224685669
gep14,00,2025-12-25,2026-01-09,gcrew,noaa_gefs,14,Rain_mm_sum,15,0
gep14,00,2025-12-25,2026-01-09,gcrew,noaa_gefs,14,ShortwaveRadiation_Wm2,15,116.5
gep14,00,2025-12-25,2026-01-09,gcrew,noaa_gefs,14,WindSpeed_ms_mean,15,4.169523961397145
gep14,00,2025-12-25,2026-01-10,gcrew,noaa_gefs,14,AirTemp_C_mean,16,8.230760192871116
gep14,00,2025-12-25,2026-01-10,gcrew,noaa_gefs,14,Pressure_Pa,16,100988.9765625
gep14,00,2025-12-25,2026-01-10,gcrew,noaa_gefs,14,RH_percent_mean,16,92.44572067260742
gep14,00,2025-12-25,2026-01-10,gcrew,noaa_gefs,14,Rain_mm_sum,16,47.500000953674316
gep14,00,2025-12-25,2026-01-10,gcrew,noaa_gefs,14,ShortwaveRadiation_Wm2,16,3.5
gep14,00,2025-12-25,2026-01-10,gcrew,noaa_gefs,14,WindSpeed_ms_mean,16,9.299799855644833
gep14,00,2025-12-25,2026-01-11,gcrew,noaa_gefs,14,AirTemp_C_mean,17,0.273957824707054
gep14,00,2025-12-25,2026-01-11,gcrew,noaa_gefs,14,Pressure_Pa,17,101742.986328125
gep14,00,2025-12-25,2026-01-11,gcrew,noaa_gefs,14,RH_percent_mean,17,69.99894523620605
gep14,00,2025-12-25,2026-01-11,gcrew,noaa_gefs,14,Rain_mm_sum,17,7.200000002980232
gep14,00,2025-12-25,2026-01-11,gcrew,noaa_gefs,14,ShortwaveRadiation_Wm2,17,127.25
gep14,00,2025-12-25,2026-01-11,gcrew,noaa_gefs,14,WindSpeed_ms_mean,17,7.6638541985328805
gep14,00,2025-12-25,2026-01-12,gcrew,noaa_gefs,14,AirTemp_C_mean,18,2.171846008300804
gep14,00,2025-12-25,2026-01-12,gcrew,noaa_gefs,14,Pressure_Pa,18,102770.083984375
gep14,00,2025-12-25,2026-01-12,gcrew,noaa_gefs,14,RH_percent_mean,18,69.03396034240723
gep14,00,2025-12-25,2026-01-12,gcrew,noaa_gefs,14,Rain_mm_sum,18,0
gep14,00,2025-12-25,2026-01-12,gcrew,noaa_gefs,14,ShortwaveRadiation_Wm2,18,127.5
gep14,00,2025-12-25,2026-01-12,gcrew,noaa_gefs,14,WindSpeed_ms_mean,18,3.4622293096336105
gep14,00,2025-12-25,2026-01-13,gcrew,noaa_gefs,14,AirTemp_C_mean,19,3.1381164550781477
gep14,00,2025-12-25,2026-01-13,gcrew,noaa_gefs,14,Pressure_Pa,19,102732.630859375
gep14,00,2025-12-25,2026-01-13,gcrew,noaa_gefs,14,RH_percent_mean,19,70.09601783752441
gep14,00,2025-12-25,2026-01-13,gcrew,noaa_gefs,14,Rain_mm_sum,19,0
gep14,00,2025-12-25,2026-01-13,gcrew,noaa_gefs,14,ShortwaveRadiation_Wm2,19,116.5
gep14,00,2025-12-25,2026-01-13,gcrew,noaa_gefs,14,WindSpeed_ms_mean,19,3.4455094842593312
gep14,00,2025-12-25,2026-01-14,gcrew,noaa_gefs,14,AirTemp_C_mean,20,4.095193481445335
gep14,00,2025-12-25,2026-01-14,gcrew,noaa_gefs,14,Pressure_Pa,20,102669.79296875
gep14,00,2025-12-25,2026-01-14,gcrew,noaa_gefs,14,RH_percent_mean,20,83.62176322937012
gep14,00,2025-12-25,2026-01-14,gcrew,noaa_gefs,14,Rain_mm_sum,20,0
gep14,00,2025-12-25,2026-01-14,gcrew,noaa_gefs,14,ShortwaveRadiation_Wm2,20,117.75
gep14,00,2025-12-25,2026-01-14,gcrew,noaa_gefs,14,WindSpeed_ms_mean,20,2.7496518864059034
gep14,00,2025-12-25,2026-01-15,gcrew,noaa_gefs,14,AirTemp_C_mean,21,4.34229431152346
gep14,00,2025-12-25,2026-01-15,gcrew,noaa_gefs,14,Pressure_Pa,21,102705.73828125
gep14,00,2025-12-25,2026-01-15,gcrew,noaa_gefs,14,RH_percent_mean,21,87.58064270019531
gep14,00,2025-12-25,2026-01-15,gcrew,noaa_gefs,14,Rain_mm_sum,21,0.10000000149011612
gep14,00,2025-12-25,2026-01-15,gcrew,noaa_gefs,14,ShortwaveRadiation_Wm2,21,94.5
gep14,00,2025-12-25,2026-01-15,gcrew,noaa_gefs,14,WindSpeed_ms_mean,21,3.556685238735195
gep14,00,2025-12-25,2026-01-16,gcrew,noaa_gefs,14,AirTemp_C_mean,22,12.23005065917971
gep14,00,2025-12-25,2026-01-16,gcrew,noaa_gefs,14,Pressure_Pa,22,100937.822265625
gep14,00,2025-12-25,2026-01-16,gcrew,noaa_gefs,14,RH_percent_mean,22,94.87235832214355
gep14,00,2025-12-25,2026-01-16,gcrew,noaa_gefs,14,Rain_mm_sum,22,22.100001096725464
gep14,00,2025-12-25,2026-01-16,gcrew,noaa_gefs,14,ShortwaveRadiation_Wm2,22,9.75
gep14,00,2025-12-25,2026-01-16,gcrew,noaa_gefs,14,WindSpeed_ms_mean,22,7.712571493864753
gep14,00,2025-12-25,2026-01-17,gcrew,noaa_gefs,14,AirTemp_C_mean,23,8.732659912109398
gep14,00,2025-12-25,2026-01-17,gcrew,noaa_gefs,14,Pressure_Pa,23,101839.7109375
gep14,00,2025-12-25,2026-01-17,gcrew,noaa_gefs,14,RH_percent_mean,23,72.87350654602051
gep14,00,2025-12-25,2026-01-17,gcrew,noaa_gefs,14,Rain_mm_sum,23,0.800000011920929
gep14,00,2025-12-25,2026-01-17,gcrew,noaa_gefs,14,ShortwaveRadiation_Wm2,23,130
gep14,00,2025-12-25,2026-01-17,gcrew,noaa_gefs,14,WindSpeed_ms_mean,23,4.503928313302021
gep14,00,2025-12-25,2026-01-18,gcrew,noaa_gefs,14,AirTemp_C_mean,24,8.240655517578148
gep14,00,2025-12-25,2026-01-18,gcrew,noaa_gefs,14,Pressure_Pa,24,102885.134765625
gep14,00,2025-12-25,2026-01-18,gcrew,noaa_gefs,14,RH_percent_mean,24,67.80245590209961
gep14,00,2025-12-25,2026-01-18,gcrew,noaa_gefs,14,Rain_mm_sum,24,0
gep14,00,2025-12-25,2026-01-18,gcrew,noaa_gefs,14,ShortwaveRadiation_Wm2,24,128.5
gep14,00,2025-12-25,2026-01-18,gcrew,noaa_gefs,14,WindSpeed_ms_mean,24,3.7670321862484957
gep14,00,2025-12-25,2026-01-19,gcrew,noaa_gefs,14,AirTemp_C_mean,25,8.329751586914085
gep14,00,2025-12-25,2026-01-19,gcrew,noaa_gefs,14,Pressure_Pa,25,102533.533203125
gep14,00,2025-12-25,2026-01-19,gcrew,noaa_gefs,14,RH_percent_mean,25,78.15633964538574
gep14,00,2025-12-25,2026-01-19,gcrew,noaa_gefs,14,Rain_mm_sum,25,0
gep14,00,2025-12-25,2026-01-19,gcrew,noaa_gefs,14,ShortwaveRadiation_Wm2,25,60.75
gep14,00,2025-12-25,2026-01-19,gcrew,noaa_gefs,14,WindSpeed_ms_mean,25,5.590911795586785
gep14,00,2025-12-25,2026-01-20,gcrew,noaa_gefs,14,AirTemp_C_mean,26,8.121881103515648
gep14,00,2025-12-25,2026-01-20,gcrew,noaa_gefs,14,Pressure_Pa,26,101917.162109375
gep14,00,2025-12-25,2026-01-20,gcrew,noaa_gefs,14,RH_percent_mean,26,79.7828426361084
gep14,00,2025-12-25,2026-01-20,gcrew,noaa_gefs,14,Rain_mm_sum,26,0.699999988079071
gep14,00,2025-12-25,2026-01-20,gcrew,noaa_gefs,14,ShortwaveRadiation_Wm2,26,35
gep14,00,2025-12-25,2026-01-20,gcrew,noaa_gefs,14,WindSpeed_ms_mean,26,5.416574993003485
gep14,00,2025-12-25,2026-01-21,gcrew,noaa_gefs,14,AirTemp_C_mean,27,1.0910888671875227
gep14,00,2025-12-25,2026-01-21,gcrew,noaa_gefs,14,Pressure_Pa,27,102745.556640625
gep14,00,2025-12-25,2026-01-21,gcrew,noaa_gefs,14,RH_percent_mean,27,69.12549591064453
gep14,00,2025-12-25,2026-01-21,gcrew,noaa_gefs,14,Rain_mm_sum,27,1.2000000029802322
gep14,00,2025-12-25,2026-01-21,gcrew,noaa_gefs,14,ShortwaveRadiation_Wm2,27,28
gep14,00,2025-12-25,2026-01-21,gcrew,noaa_gefs,14,WindSpeed_ms_mean,27,5.47850488358735
gep14,00,2025-12-25,2026-01-22,gcrew,noaa_gefs,14,AirTemp_C_mean,28,5.676553344726585
gep14,00,2025-12-25,2026-01-22,gcrew,noaa_gefs,14,Pressure_Pa,28,100303.91796875
gep14,00,2025-12-25,2026-01-22,gcrew,noaa_gefs,14,RH_percent_mean,28,72.28020286560059
gep14,00,2025-12-25,2026-01-22,gcrew,noaa_gefs,14,Rain_mm_sum,28,11.300000190734863
gep14,00,2025-12-25,2026-01-22,gcrew,noaa_gefs,14,ShortwaveRadiation_Wm2,28,132
gep14,00,2025-12-25,2026-01-22,gcrew,noaa_gefs,14,WindSpeed_ms_mean,28,10.069496986572068
gep14,00,2025-12-25,2026-01-23,gcrew,noaa_gefs,14,AirTemp_C_mean,29,2.7060104370117415
gep14,00,2025-12-25,2026-01-23,gcrew,noaa_gefs,14,Pressure_Pa,29,101102.13671875
gep14,00,2025-12-25,2026-01-23,gcrew,noaa_gefs,14,RH_percent_mean,29,59.599411964416504
gep14,00,2025-12-25,2026-01-23,gcrew,noaa_gefs,14,Rain_mm_sum,29,0
gep14,00,2025-12-25,2026-01-23,gcrew,noaa_gefs,14,ShortwaveRadiation_Wm2,29,137.5
gep14,00,2025-12-25,2026-01-23,gcrew,noaa_gefs,14,WindSpeed_ms_mean,29,5.521899992654974
gep14,00,2025-12-25,2026-01-24,gcrew,noaa_gefs,14,AirTemp_C_mean,30,4.12842712402346
gep14,00,2025-12-25,2026-01-24,gcrew,noaa_gefs,14,Pressure_Pa,30,101227.48828125
gep14,00,2025-12-25,2026-01-24,gcrew,noaa_gefs,14,RH_percent_mean,30,72.47355461120605
gep14,00,2025-12-25,2026-01-24,gcrew,noaa_gefs,14,Rain_mm_sum,30,0
gep14,00,2025-12-25,2026-01-24,gcrew,noaa_gefs,14,ShortwaveRadiation_Wm2,30,127.25
gep14,00,2025-12-25,2026-01-24,gcrew,noaa_gefs,14,WindSpeed_ms_mean,30,5.117748884369503
gep14,00,2025-12-25,2026-01-25,gcrew,noaa_gefs,14,AirTemp_C_mean,31,-0.6562637329101335
gep14,00,2025-12-25,2026-01-25,gcrew,noaa_gefs,14,Pressure_Pa,31,101961.154296875
gep14,00,2025-12-25,2026-01-25,gcrew,noaa_gefs,14,RH_percent_mean,31,57.30247402191162
gep14,00,2025-12-25,2026-01-25,gcrew,noaa_gefs,14,Rain_mm_sum,31,0
gep14,00,2025-12-25,2026-01-25,gcrew,noaa_gefs,14,ShortwaveRadiation_Wm2,31,145.25
gep14,00,2025-12-25,2026-01-25,gcrew,noaa_gefs,14,WindSpeed_ms_mean,31,4.7448173419903386
gep14,00,2025-12-25,2026-01-26,gcrew,noaa_gefs,14,AirTemp_C_mean,32,2.824037170410179
gep14,00,2025-12-25,2026-01-26,gcrew,noaa_gefs,14,Pressure_Pa,32,101941.466796875
gep14,00,2025-12-25,2026-01-26,gcrew,noaa_gefs,14,RH_percent_mean,32,70.92254638671875
gep14,00,2025-12-25,2026-01-26,gcrew,noaa_gefs,14,Rain_mm_sum,32,0
gep14,00,2025-12-25,2026-01-26,gcrew,noaa_gefs,14,ShortwaveRadiation_Wm2,32,138.25
gep14,00,2025-12-25,2026-01-26,gcrew,noaa_gefs,14,WindSpeed_ms_mean,32,3.546680545310956
gep14,00,2025-12-25,2026-01-27,gcrew,noaa_gefs,14,AirTemp_C_mean,33,2.880342102050804
gep14,00,2025-12-25,2026-01-27,gcrew,noaa_gefs,14,Pressure_Pa,33,102457.599609375
gep14,00,2025-12-25,2026-01-27,gcrew,noaa_gefs,14,RH_percent_mean,33,78.3819751739502
gep14,00,2025-12-25,2026-01-27,gcrew,noaa_gefs,14,Rain_mm_sum,33,0
gep14,00,2025-12-25,2026-01-27,gcrew,noaa_gefs,14,ShortwaveRadiation_Wm2,33,142.5
gep14,00,2025-12-25,2026-01-27,gcrew,noaa_gefs,14,WindSpeed_ms_mean,33,3.633655032610908
gep14,00,2025-12-25,2026-01-28,gcrew,noaa_gefs,14,AirTemp_C_mean,34,4.36011657714846
gep14,00,2025-12-25,2026-01-28,gcrew,noaa_gefs,14,Pressure_Pa,34,102016.24609375
gep14,00,2025-12-25,2026-01-28,gcrew,noaa_gefs,14,RH_percent_mean,34,86.29985618591309
gep14,00,2025-12-25,2026-01-28,gcrew,noaa_gefs,14,Rain_mm_sum,34,0.20000000298023224
gep14,00,2025-12-25,2026-01-28,gcrew,noaa_gefs,14,ShortwaveRadiation_Wm2,34,67.25
gep14,00,2025-12-25,2026-01-28,gcrew,noaa_gefs,14,WindSpeed_ms_mean,34,2.304446884715268
gep15,00,2025-12-25,2025-12-26,gcrew,noaa_gefs,15,AirTemp_C_mean,1,1.4191566467285384
gep15,00,2025-12-25,2025-12-26,gcrew,noaa_gefs,15,Pressure_Pa,1,101883.013671875
gep15,00,2025-12-25,2025-12-26,gcrew,noaa_gefs,15,RH_percent_mean,1,59.10939836502075
gep15,00,2025-12-25,2025-12-26,gcrew,noaa_gefs,15,Rain_mm_sum,1,5.929999861866236
gep15,00,2025-12-25,2025-12-26,gcrew,noaa_gefs,15,ShortwaveRadiation_Wm2,1,52.5
gep15,00,2025-12-25,2025-12-26,gcrew,noaa_gefs,15,WindSpeed_ms_mean,1,5.719543666158366
gep15,00,2025-12-25,2025-12-27,gcrew,noaa_gefs,15,AirTemp_C_mean,2,4.553342437744163
gep15,00,2025-12-25,2025-12-27,gcrew,noaa_gefs,15,Pressure_Pa,2,101374.94921875
gep15,00,2025-12-25,2025-12-27,gcrew,noaa_gefs,15,RH_percent_mean,2,78.51494789123535
gep15,00,2025-12-25,2025-12-27,gcrew,noaa_gefs,15,Rain_mm_sum,2,5.500000089406967
gep15,00,2025-12-25,2025-12-27,gcrew,noaa_gefs,15,ShortwaveRadiation_Wm2,2,106.25
gep15,00,2025-12-25,2025-12-27,gcrew,noaa_gefs,15,WindSpeed_ms_mean,2,6.923660931417801
gep15,00,2025-12-25,2025-12-28,gcrew,noaa_gefs,15,AirTemp_C_mean,3,3.017091369628929
gep15,00,2025-12-25,2025-12-28,gcrew,noaa_gefs,15,Pressure_Pa,3,102237.642578125
gep15,00,2025-12-25,2025-12-28,gcrew,noaa_gefs,15,RH_percent_mean,3,72.99352979660034
gep15,00,2025-12-25,2025-12-28,gcrew,noaa_gefs,15,Rain_mm_sum,3,0
gep15,00,2025-12-25,2025-12-28,gcrew,noaa_gefs,15,ShortwaveRadiation_Wm2,3,105
gep15,00,2025-12-25,2025-12-28,gcrew,noaa_gefs,15,WindSpeed_ms_mean,3,2.948875395899818
gep15,00,2025-12-25,2025-12-29,gcrew,noaa_gefs,15,AirTemp_C_mean,4,8.150354003906273
gep15,00,2025-12-25,2025-12-29,gcrew,noaa_gefs,15,Pressure_Pa,4,100520.205078125
gep15,00,2025-12-25,2025-12-29,gcrew,noaa_gefs,15,RH_percent_mean,4,75.22460079193115
gep15,00,2025-12-25,2025-12-29,gcrew,noaa_gefs,15,Rain_mm_sum,4,0.8000000268220901
gep15,00,2025-12-25,2025-12-29,gcrew,noaa_gefs,15,ShortwaveRadiation_Wm2,4,62.5
gep15,00,2025-12-25,2025-12-29,gcrew,noaa_gefs,15,WindSpeed_ms_mean,4,7.362543468483011
gep15,00,2025-12-25,2025-12-30,gcrew,noaa_gefs,15,AirTemp_C_mean,5,0.325959777832054
gep15,00,2025-12-25,2025-12-30,gcrew,noaa_gefs,15,Pressure_Pa,5,100803.0263671875
gep15,00,2025-12-25,2025-12-30,gcrew,noaa_gefs,15,RH_percent_mean,5,53.082125186920166
gep15,00,2025-12-25,2025-12-30,gcrew,noaa_gefs,15,Rain_mm_sum,5,0
gep15,00,2025-12-25,2025-12-30,gcrew,noaa_gefs,15,ShortwaveRadiation_Wm2,5,100.5
gep15,00,2025-12-25,2025-12-30,gcrew,noaa_gefs,15,WindSpeed_ms_mean,5,8.02044107296069
gep15,00,2025-12-25,2025-12-31,gcrew,noaa_gefs,15,AirTemp_C_mean,6,-0.5309776306152116
gep15,00,2025-12-25,2025-12-31,gcrew,noaa_gefs,15,Pressure_Pa,6,101757.0849609375
gep15,00,2025-12-25,2025-12-31,gcrew,noaa_gefs,15,RH_percent_mean,6,49.53283452987671
gep15,00,2025-12-25,2025-12-31,gcrew,noaa_gefs,15,Rain_mm_sum,6,0
gep15,00,2025-12-25,2025-12-31,gcrew,noaa_gefs,15,ShortwaveRadiation_Wm2,6,116.25
gep15,00,2025-12-25,2025-12-31,gcrew,noaa_gefs,15,WindSpeed_ms_mean,6,5.239858882636157
gep15,00,2025-12-25,2026-01-01,gcrew,noaa_gefs,15,AirTemp_C_mean,7,3.5077911376953352
gep15,00,2025-12-25,2026-01-01,gcrew,noaa_gefs,15,Pressure_Pa,7,101793.2197265625
gep15,00,2025-12-25,2026-01-01,gcrew,noaa_gefs,15,RH_percent_mean,7,61.349281787872314
gep15,00,2025-12-25,2026-01-01,gcrew,noaa_gefs,15,Rain_mm_sum,7,0
gep15,00,2025-12-25,2026-01-01,gcrew,noaa_gefs,15,ShortwaveRadiation_Wm2,7,87.5
gep15,00,2025-12-25,2026-01-01,gcrew,noaa_gefs,15,WindSpeed_ms_mean,7,4.304550169616287
gep15,00,2025-12-25,2026-01-02,gcrew,noaa_gefs,15,AirTemp_C_mean,8,5.137780761718773
gep15,00,2025-12-25,2026-01-02,gcrew,noaa_gefs,15,Pressure_Pa,8,101893.263671875
gep15,00,2025-12-25,2026-01-02,gcrew,noaa_gefs,15,RH_percent_mean,8,76.17369937896729
gep15,00,2025-12-25,2026-01-02,gcrew,noaa_gefs,15,Rain_mm_sum,8,0
gep15,00,2025-12-25,2026-01-02,gcrew,noaa_gefs,15,ShortwaveRadiation_Wm2,8,99.375
gep15,00,2025-12-25,2026-01-02,gcrew,noaa_gefs,15,WindSpeed_ms_mean,8,2.9946754157667765
gep15,00,2025-12-25,2026-01-03,gcrew,noaa_gefs,15,AirTemp_C_mean,9,7.461868722098237
gep15,00,2025-12-25,2026-01-03,gcrew,noaa_gefs,15,Pressure_Pa,9,101427.07589285714
gep15,00,2025-12-25,2026-01-03,gcrew,noaa_gefs,15,RH_percent_mean,9,83.19520568847656
gep15,00,2025-12-25,2026-01-03,gcrew,noaa_gefs,15,Rain_mm_sum,9,0.6100000236183405
gep15,00,2025-12-25,2026-01-03,gcrew,noaa_gefs,15,ShortwaveRadiation_Wm2,9,25.714285714285715
gep15,00,2025-12-25,2026-01-03,gcrew,noaa_gefs,15,WindSpeed_ms_mean,9,5.107335579865194
gep15,00,2025-12-25,2026-01-04,gcrew,noaa_gefs,15,AirTemp_C_mean,10,10.889909362792991
gep15,00,2025-12-25,2026-01-04,gcrew,noaa_gefs,15,Pressure_Pa,10,101268.140625
gep15,00,2025-12-25,2026-01-04,gcrew,noaa_gefs,15,RH_percent_mean,10,86.44726371765137
gep15,00,2025-12-25,2026-01-04,gcrew,noaa_gefs,15,Rain_mm_sum,10,0
gep15,00,2025-12-25,2026-01-04,gcrew,noaa_gefs,15,ShortwaveRadiation_Wm2,10,85
gep15,00,2025-12-25,2026-01-04,gcrew,noaa_gefs,15,WindSpeed_ms_mean,10,3.600210788901469
gep15,00,2025-12-25,2026-01-05,gcrew,noaa_gefs,15,AirTemp_C_mean,11,14.514237976074241
gep15,00,2025-12-25,2026-01-05,gcrew,noaa_gefs,15,Pressure_Pa,11,100406.498046875
gep15,00,2025-12-25,2026-01-05,gcrew,noaa_gefs,15,RH_percent_mean,11,85.23000907897949
gep15,00,2025-12-25,2026-01-05,gcrew,noaa_gefs,15,Rain_mm_sum,11,3.7000000178813934
gep15,00,2025-12-25,2026-01-05,gcrew,noaa_gefs,15,ShortwaveRadiation_Wm2,11,42.5
gep15,00,2025-12-25,2026-01-05,gcrew,noaa_gefs,15,WindSpeed_ms_mean,11,5.815003334458832
gep15,00,2025-12-25,2026-01-06,gcrew,noaa_gefs,15,AirTemp_C_mean,12,4.505242919921898
gep15,00,2025-12-25,2026-01-06,gcrew,noaa_gefs,15,Pressure_Pa,12,100507.328125
gep15,00,2025-12-25,2026-01-06,gcrew,noaa_gefs,15,RH_percent_mean,12,62.17771530151367
gep15,00,2025-12-25,2026-01-06,gcrew,noaa_gefs,15,Rain_mm_sum,12,2.100000001490116
gep15,00,2025-12-25,2026-01-06,gcrew,noaa_gefs,15,ShortwaveRadiation_Wm2,12,120
gep15,00,2025-12-25,2026-01-06,gcrew,noaa_gefs,15,WindSpeed_ms_mean,12,7.1292139542536495
gep15,00,2025-12-25,2026-01-07,gcrew,noaa_gefs,15,AirTemp_C_mean,13,3.4188171386718977
gep15,00,2025-12-25,2026-01-07,gcrew,noaa_gefs,15,Pressure_Pa,13,101833.490234375
gep15,00,2025-12-25,2026-01-07,gcrew,noaa_gefs,15,RH_percent_mean,13,53.679908752441406
gep15,00,2025-12-25,2026-01-07,gcrew,noaa_gefs,15,Rain_mm_sum,13,0
gep15,00,2025-12-25,2026-01-07,gcrew,noaa_gefs,15,ShortwaveRadiation_Wm2,13,117.5
gep15,00,2025-12-25,2026-01-07,gcrew,noaa_gefs,15,WindSpeed_ms_mean,13,6.966477756083384
gep15,00,2025-12-25,2026-01-08,gcrew,noaa_gefs,15,AirTemp_C_mean,14,7.357942199707054
gep15,00,2025-12-25,2026-01-08,gcrew,noaa_gefs,15,Pressure_Pa,14,102328.623046875
gep15,00,2025-12-25,2026-01-08,gcrew,noaa_gefs,15,RH_percent_mean,14,55.181633949279785
gep15,00,2025-12-25,2026-01-08,gcrew,noaa_gefs,15,Rain_mm_sum,14,0
gep15,00,2025-12-25,2026-01-08,gcrew,noaa_gefs,15,ShortwaveRadiation_Wm2,14,121.5
gep15,00,2025-12-25,2026-01-08,gcrew,noaa_gefs,15,WindSpeed_ms_mean,14,4.329537463391383
gep15,00,2025-12-25,2026-01-09,gcrew,noaa_gefs,15,AirTemp_C_mean,15,6.292359924316429
gep15,00,2025-12-25,2026-01-09,gcrew,noaa_gefs,15,Pressure_Pa,15,102513.65625
gep15,00,2025-12-25,2026-01-09,gcrew,noaa_gefs,15,RH_percent_mean,15,66.9400224685669
gep15,00,2025-12-25,2026-01-09,gcrew,noaa_gefs,15,Rain_mm_sum,15,0
gep15,00,2025-12-25,2026-01-09,gcrew,noaa_gefs,15,ShortwaveRadiation_Wm2,15,116.5
gep15,00,2025-12-25,2026-01-09,gcrew,noaa_gefs,15,WindSpeed_ms_mean,15,4.169523961397145
gep15,00,2025-12-25,2026-01-10,gcrew,noaa_gefs,15,AirTemp_C_mean,16,8.230760192871116
gep15,00,2025-12-25,2026-01-10,gcrew,noaa_gefs,15,Pressure_Pa,16,100988.9765625
gep15,00,2025-12-25,2026-01-10,gcrew,noaa_gefs,15,RH_percent_mean,16,92.44572067260742
gep15,00,2025-12-25,2026-01-10,gcrew,noaa_gefs,15,Rain_mm_sum,16,47.500000953674316
gep15,00,2025-12-25,2026-01-10,gcrew,noaa_gefs,15,ShortwaveRadiation_Wm2,16,3.5
gep15,00,2025-12-25,2026-01-10,gcrew,noaa_gefs,15,WindSpeed_ms_mean,16,9.299799855644833
gep15,00,2025-12-25,2026-01-11,gcrew,noaa_gefs,15,AirTemp_C_mean,17,0.273957824707054
gep15,00,2025-12-25,2026-01-11,gcrew,noaa_gefs,15,Pressure_Pa,17,101742.986328125
gep15,00,2025-12-25,2026-01-11,gcrew,noaa_gefs,15,RH_percent_mean,17,69.99894523620605
gep15,00,2025-12-25,2026-01-11,gcrew,noaa_gefs,15,Rain_mm_sum,17,7.200000002980232
gep15,00,2025-12-25,2026-01-11,gcrew,noaa_gefs,15,ShortwaveRadiation_Wm2,17,127.25
gep15,00,2025-12-25,2026-01-11,gcrew,noaa_gefs,15,WindSpeed_ms_mean,17,7.6638541985328805
gep15,00,2025-12-25,2026-01-12,gcrew,noaa_gefs,15,AirTemp_C_mean,18,2.171846008300804
gep15,00,2025-12-25,2026-01-12,gcrew,noaa_gefs,15,Pressure_Pa,18,102770.083984375
gep15,00,2025-12-25,2026-01-12,gcrew,noaa_gefs,15,RH_percent_mean,18,69.03396034240723
gep15,00,2025-12-25,2026-01-12,gcrew,noaa_gefs,15,Rain_mm_sum,18,0
gep15,00,2025-12-25,2026-01-12,gcrew,noaa_gefs,15,ShortwaveRadiation_Wm2,18,127.5
gep15,00,2025-12-25,2026-01-12,gcrew,noaa_gefs,15,WindSpeed_ms_mean,18,3.4622293096336105
gep15,00,2025-12-25,2026-01-13,gcrew,noaa_gefs,15,AirTemp_C_mean,19,3.1381164550781477
gep15,00,2025-12-25,2026-01-13,gcrew,noaa_gefs,15,Pressure_Pa,19,102732.630859375
gep15,00,2025-12-25,2026-01-13,gcrew,noaa_gefs,15,RH_percent_mean,19,70.09601783752441
gep15,00,2025-12-25,2026-01-13,gcrew,noaa_gefs,15,Rain_mm_sum,19,0
gep15,00,2025-12-25,2026-01-13,gcrew,noaa_gefs,15,ShortwaveRadiation_Wm2,19,116.5
gep15,00,2025-12-25,2026-01-13,gcrew,noaa_gefs,15,WindSpeed_ms_mean,19,3.4455094842593312
gep15,00,2025-12-25,2026-01-14,gcrew,noaa_gefs,15,AirTemp_C_mean,20,4.095193481445335
gep15,00,2025-12-25,2026-01-14,gcrew,noaa_gefs,15,Pressure_Pa,20,102669.79296875
gep15,00,2025-12-25,2026-01-14,gcrew,noaa_gefs,15,RH_percent_mean,20,83.62176322937012
gep15,00,2025-12-25,2026-01-14,gcrew,noaa_gefs,15,Rain_mm_sum,20,0
gep15,00,2025-12-25,2026-01-14,gcrew,noaa_gefs,15,ShortwaveRadiation_Wm2,20,117.75
gep15,00,2025-12-25,2026-01-14,gcrew,noaa_gefs,15,WindSpeed_ms_mean,20,2.7496518864059034
gep15,00,2025-12-25,2026-01-15,gcrew,noaa_gefs,15,AirTemp_C_mean,21,4.34229431152346
gep15,00,2025-12-25,2026-01-15,gcrew,noaa_gefs,15,Pressure_Pa,21,102705.73828125
gep15,00,2025-12-25,2026-01-15,gcrew,noaa_gefs,15,RH_percent_mean,21,87.58064270019531
gep15,00,2025-12-25,2026-01-15,gcrew,noaa_gefs,15,Rain_mm_sum,21,0.10000000149011612
gep15,00,2025-12-25,2026-01-15,gcrew,noaa_gefs,15,ShortwaveRadiation_Wm2,21,94.5
gep15,00,2025-12-25,2026-01-15,gcrew,noaa_gefs,15,WindSpeed_ms_mean,21,3.556685238735195
gep15,00,2025-12-25,2026-01-16,gcrew,noaa_gefs,15,AirTemp_C_mean,22,12.23005065917971
gep15,00,2025-12-25,2026-01-16,gcrew,noaa_gefs,15,Pressure_Pa,22,100937.822265625
gep15,00,2025-12-25,2026-01-16,gcrew,noaa_gefs,15,RH_percent_mean,22,94.87235832214355
gep15,00,2025-12-25,2026-01-16,gcrew,noaa_gefs,15,Rain_mm_sum,22,22.100001096725464
gep15,00,2025-12-25,2026-01-16,gcrew,noaa_gefs,15,ShortwaveRadiation_Wm2,22,9.75
gep15,00,2025-12-25,2026-01-16,gcrew,noaa_gefs,15,WindSpeed_ms_mean,22,7.712571493864753
gep15,00,2025-12-25,2026-01-17,gcrew,noaa_gefs,15,AirTemp_C_mean,23,8.732659912109398
gep15,00,2025-12-25,2026-01-17,gcrew,noaa_gefs,15,Pressure_Pa,23,101839.7109375
gep15,00,2025-12-25,2026-01-17,gcrew,noaa_gefs,15,RH_percent_mean,23,72.87350654602051
gep15,00,2025-12-25,2026-01-17,gcrew,noaa_gefs,15,Rain_mm_sum,23,0.800000011920929
gep15,00,2025-12-25,2026-01-17,gcrew,noaa_gefs,15,ShortwaveRadiation_Wm2,23,130
gep15,00,2025-12-25,2026-01-17,gcrew,noaa_gefs,15,WindSpeed_ms_mean,23,4.503928313302021
gep15,00,2025-12-25,2026-01-18,gcrew,noaa_gefs,15,AirTemp_C_mean,24,8.240655517578148
gep15,00,2025-12-25,2026-01-18,gcrew,noaa_gefs,15,Pressure_Pa,24,102885.134765625
gep15,00,2025-12-25,2026-01-18,gcrew,noaa_gefs,15,RH_percent_mean,24,67.80245590209961
gep15,00,2025-12-25,2026-01-18,gcrew,noaa_gefs,15,Rain_mm_sum,24,0
gep15,00,2025-12-25,2026-01-18,gcrew,noaa_gefs,15,ShortwaveRadiation_Wm2,24,128.5
gep15,00,2025-12-25,2026-01-18,gcrew,noaa_gefs,15,WindSpeed_ms_mean,24,3.7670321862484957
gep15,00,2025-12-25,2026-01-19,gcrew,noaa_gefs,15,AirTemp_C_mean,25,8.329751586914085
gep15,00,2025-12-25,2026-01-19,gcrew,noaa_gefs,15,Pressure_Pa,25,102533.533203125
gep15,00,2025-12-25,2026-01-19,gcrew,noaa_gefs,15,RH_percent_mean,25,78.15633964538574
gep15,00,2025-12-25,2026-01-19,gcrew,noaa_gefs,15,Rain_mm_sum,25,0
gep15,00,2025-12-25,2026-01-19,gcrew,noaa_gefs,15,ShortwaveRadiation_Wm2,25,60.75
gep15,00,2025-12-25,2026-01-19,gcrew,noaa_gefs,15,WindSpeed_ms_mean,25,5.590911795586785
gep15,00,2025-12-25,2026-01-20,gcrew,noaa_gefs,15,AirTemp_C_mean,26,8.121881103515648
gep15,00,2025-12-25,2026-01-20,gcrew,noaa_gefs,15,Pressure_Pa,26,101917.162109375
gep15,00,2025-12-25,2026-01-20,gcrew,noaa_gefs,15,RH_percent_mean,26,79.7828426361084
gep15,00,2025-12-25,2026-01-20,gcrew,noaa_gefs,15,Rain_mm_sum,26,0.699999988079071
gep15,00,2025-12-25,2026-01-20,gcrew,noaa_gefs,15,ShortwaveRadiation_Wm2,26,35
gep15,00,2025-12-25,2026-01-20,gcrew,noaa_gefs,15,WindSpeed_ms_mean,26,5.416574993003485
gep15,00,2025-12-25,2026-01-21,gcrew,noaa_gefs,15,AirTemp_C_mean,27,1.0910888671875227
gep15,00,2025-12-25,2026-01-21,gcrew,noaa_gefs,15,Pressure_Pa,27,102745.556640625
gep15,00,2025-12-25,2026-01-21,gcrew,noaa_gefs,15,RH_percent_mean,27,69.12549591064453
gep15,00,2025-12-25,2026-01-21,gcrew,noaa_gefs,15,Rain_mm_sum,27,1.2000000029802322
gep15,00,2025-12-25,2026-01-21,gcrew,noaa_gefs,15,ShortwaveRadiation_Wm2,27,28
gep15,00,2025-12-25,2026-01-21,gcrew,noaa_gefs,15,WindSpeed_ms_mean,27,5.47850488358735
gep15,00,2025-12-25,2026-01-22,gcrew,noaa_gefs,15,AirTemp_C_mean,28,5.676553344726585
gep15,00,2025-12-25,2026-01-22,gcrew,noaa_gefs,15,Pressure_Pa,28,100303.91796875
gep15,00,2025-12-25,2026-01-22,gcrew,noaa_gefs,15,RH_percent_mean,28,72.28020286560059
gep15,00,2025-12-25,2026-01-22,gcrew,noaa_gefs,15,Rain_mm_sum,28,11.300000190734863
gep15,00,2025-12-25,2026-01-22,gcrew,noaa_gefs,15,ShortwaveRadiation_Wm2,28,132
gep15,00,2025-12-25,2026-01-22,gcrew,noaa_gefs,15,WindSpeed_ms_mean,28,10.069496986572068
gep15,00,2025-12-25,2026-01-23,gcrew,noaa_gefs,15,AirTemp_C_mean,29,2.7060104370117415
gep15,00,2025-12-25,2026-01-23,gcrew,noaa_gefs,15,Pressure_Pa,29,101102.13671875
gep15,00,2025-12-25,2026-01-23,gcrew,noaa_gefs,15,RH_percent_mean,29,59.599411964416504
gep15,00,2025-12-25,2026-01-23,gcrew,noaa_gefs,15,Rain_mm_sum,29,0
gep15,00,2025-12-25,2026-01-23,gcrew,noaa_gefs,15,ShortwaveRadiation_Wm2,29,137.5
gep15,00,2025-12-25,2026-01-23,gcrew,noaa_gefs,15,WindSpeed_ms_mean,29,5.521899992654974
gep15,00,2025-12-25,2026-01-24,gcrew,noaa_gefs,15,AirTemp_C_mean,30,4.12842712402346
gep15,00,2025-12-25,2026-01-24,gcrew,noaa_gefs,15,Pressure_Pa,30,101227.48828125
gep15,00,2025-12-25,2026-01-24,gcrew,noaa_gefs,15,RH_percent_mean,30,72.47355461120605
gep15,00,2025-12-25,2026-01-24,gcrew,noaa_gefs,15,Rain_mm_sum,30,0
gep15,00,2025-12-25,2026-01-24,gcrew,noaa_gefs,15,ShortwaveRadiation_Wm2,30,127.25
gep15,00,2025-12-25,2026-01-24,gcrew,noaa_gefs,15,WindSpeed_ms_mean,30,5.117748884369503
gep15,00,2025-12-25,2026-01-25,gcrew,noaa_gefs,15,AirTemp_C_mean,31,-0.6562637329101335
gep15,00,2025-12-25,2026-01-25,gcrew,noaa_gefs,15,Pressure_Pa,31,101961.154296875
gep15,00,2025-12-25,2026-01-25,gcrew,noaa_gefs,15,RH_percent_mean,31,57.30247402191162
gep15,00,2025-12-25,2026-01-25,gcrew,noaa_gefs,15,Rain_mm_sum,31,0
gep15,00,2025-12-25,2026-01-25,gcrew,noaa_gefs,15,ShortwaveRadiation_Wm2,31,145.25
gep15,00,2025-12-25,2026-01-25,gcrew,noaa_gefs,15,WindSpeed_ms_mean,31,4.7448173419903386
gep15,00,2025-12-25,2026-01-26,gcrew,noaa_gefs,15,AirTemp_C_mean,32,2.824037170410179
gep15,00,2025-12-25,2026-01-26,gcrew,noaa_gefs,15,Pressure_Pa,32,101941.466796875
gep15,00,2025-12-25,2026-01-26,gcrew,noaa_gefs,15,RH_percent_mean,32,70.92254638671875
gep15,00,2025-12-25,2026-01-26,gcrew,noaa_gefs,15,Rain_mm_sum,32,0
gep15,00,2025-12-25,2026-01-26,gcrew,noaa_gefs,15,ShortwaveRadiation_Wm2,32,138.25
gep15,00,2025-12-25,2026-01-26,gcrew,noaa_gefs,15,WindSpeed_ms_mean,32,3.546680545310956
gep15,00,2025-12-25,2026-01-27,gcrew,noaa_gefs,15,AirTemp_C_mean,33,2.880342102050804
gep15,00,2025-12-25,2026-01-27,gcrew,noaa_gefs,15,Pressure_Pa,33,102457.599609375
gep15,00,2025-12-25,2026-01-27,gcrew,noaa_gefs,15,RH_percent_mean,33,78.3819751739502
gep15,00,2025-12-25,2026-01-27,gcrew,noaa_gefs,15,Rain_mm_sum,33,0
gep15,00,2025-12-25,2026-01-27,gcrew,noaa_gefs,15,ShortwaveRadiation_Wm2,33,142.5
gep15,00,2025-12-25,2026-01-27,gcrew,noaa_gefs,15,WindSpeed_ms_mean,33,3.633655032610908
gep15,00,2025-12-25,2026-01-28,gcrew,noaa_gefs,15,AirTemp_C_mean,34,4.36011657714846
gep15,00,2025-12-25,2026-01-28,gcrew,noaa_gefs,15,Pressure_Pa,34,102016.24609375
gep15,00,2025-12-25,2026-01-28,gcrew,noaa_gefs,15,RH_percent_mean,34,86.29985618591309
gep15,00,2025-12-25,2026-01-28,gcrew,noaa_gefs,15,Rain_mm_sum,34,0.20000000298023224
gep15,00,2025-12-25,2026-01-28,gcrew,noaa_gefs,15,ShortwaveRadiation_Wm2,34,67.25
gep15,00,2025-12-25,2026-01-28,gcrew,noaa_gefs,15,WindSpeed_ms_mean,34,2.304446884715268
gep16,00,2025-12-25,2025-12-26,gcrew,noaa_gefs,16,AirTemp_C_mean,1,1.4191566467285384
gep16,00,2025-12-25,2025-12-26,gcrew,noaa_gefs,16,Pressure_Pa,1,101883.013671875
gep16,00,2025-12-25,2025-12-26,gcrew,noaa_gefs,16,RH_percent_mean,1,59.10939836502075
gep16,00,2025-12-25,2025-12-26,gcrew,noaa_gefs,16,Rain_mm_sum,1,5.929999861866236
gep16,00,2025-12-25,2025-12-26,gcrew,noaa_gefs,16,ShortwaveRadiation_Wm2,1,52.5
gep16,00,2025-12-25,2025-12-26,gcrew,noaa_gefs,16,WindSpeed_ms_mean,1,5.719543666158366
gep16,00,2025-12-25,2025-12-27,gcrew,noaa_gefs,16,AirTemp_C_mean,2,4.553342437744163
gep16,00,2025-12-25,2025-12-27,gcrew,noaa_gefs,16,Pressure_Pa,2,101374.94921875
gep16,00,2025-12-25,2025-12-27,gcrew,noaa_gefs,16,RH_percent_mean,2,78.51494789123535
gep16,00,2025-12-25,2025-12-27,gcrew,noaa_gefs,16,Rain_mm_sum,2,5.500000089406967
gep16,00,2025-12-25,2025-12-27,gcrew,noaa_gefs,16,ShortwaveRadiation_Wm2,2,106.25
gep16,00,2025-12-25,2025-12-27,gcrew,noaa_gefs,16,WindSpeed_ms_mean,2,6.923660931417801
gep16,00,2025-12-25,2025-12-28,gcrew,noaa_gefs,16,AirTemp_C_mean,3,3.017091369628929
gep16,00,2025-12-25,2025-12-28,gcrew,noaa_gefs,16,Pressure_Pa,3,102237.642578125
gep16,00,2025-12-25,2025-12-28,gcrew,noaa_gefs,16,RH_percent_mean,3,72.99352979660034
gep16,00,2025-12-25,2025-12-28,gcrew,noaa_gefs,16,Rain_mm_sum,3,0
gep16,00,2025-12-25,2025-12-28,gcrew,noaa_gefs,16,ShortwaveRadiation_Wm2,3,105
gep16,00,2025-12-25,2025-12-28,gcrew,noaa_gefs,16,WindSpeed_ms_mean,3,2.948875395899818
gep16,00,2025-12-25,2025-12-29,gcrew,noaa_gefs,16,AirTemp_C_mean,4,8.150354003906273
gep16,00,2025-12-25,2025-12-29,gcrew,noaa_gefs,16,Pressure_Pa,4,100520.205078125
gep16,00,2025-12-25,2025-12-29,gcrew,noaa_gefs,16,RH_percent_mean,4,75.22460079193115
gep16,00,2025-12-25,2025-12-29,gcrew,noaa_gefs,16,Rain_mm_sum,4,0.8000000268220901
gep16,00,2025-12-25,2025-12-29,gcrew,noaa_gefs,16,ShortwaveRadiation_Wm2,4,62.5
gep16,00,2025-12-25,2025-12-29,gcrew,noaa_gefs,16,WindSpeed_ms_mean,4,7.362543468483011
gep16,00,2025-12-25,2025-12-30,gcrew,noaa_gefs,16,AirTemp_C_mean,5,0.325959777832054
gep16,00,2025-12-25,2025-12-30,gcrew,noaa_gefs,16,Pressure_Pa,5,100803.0263671875
gep16,00,2025-12-25,2025-12-30,gcrew,noaa_gefs,16,RH_percent_mean,5,53.082125186920166
gep16,00,2025-12-25,2025-12-30,gcrew,noaa_gefs,16,Rain_mm_sum,5,0
gep16,00,2025-12-25,2025-12-30,gcrew,noaa_gefs,16,ShortwaveRadiation_Wm2,5,100.5
gep16,00,2025-12-25,2025-12-30,gcrew,noaa_gefs,16,WindSpeed_ms_mean,5,8.02044107296069
gep16,00,2025-12-25,2025-12-31,gcrew,noaa_gefs,16,AirTemp_C_mean,6,-0.5309776306152116
gep16,00,2025-12-25,2025-12-31,gcrew,noaa_gefs,16,Pressure_Pa,6,101757.0849609375
gep16,00,2025-12-25,2025-12-31,gcrew,noaa_gefs,16,RH_percent_mean,6,49.53283452987671
gep16,00,2025-12-25,2025-12-31,gcrew,noaa_gefs,16,Rain_mm_sum,6,0
gep16,00,2025-12-25,2025-12-31,gcrew,noaa_gefs,16,ShortwaveRadiation_Wm2,6,116.25
gep16,00,2025-12-25,2025-12-31,gcrew,noaa_gefs,16,WindSpeed_ms_mean,6,5.239858882636157
gep16,00,2025-12-25,2026-01-01,gcrew,noaa_gefs,16,AirTemp_C_mean,7,3.5077911376953352
gep16,00,2025-12-25,2026-01-01,gcrew,noaa_gefs,16,Pressure_Pa,7,101793.2197265625
gep16,00,2025-12-25,2026-01-01,gcrew,noaa_gefs,16,RH_percent_mean,7,61.349281787872314
gep16,00,2025-12-25,2026-01-01,gcrew,noaa_gefs,16,Rain_mm_sum,7,0
gep16,00,2025-12-25,2026-01-01,gcrew,noaa_gefs,16,ShortwaveRadiation_Wm2,7,87.5
gep16,00,2025-12-25,2026-01-01,gcrew,noaa_gefs,16,WindSpeed_ms_mean,7,4.304550169616287
gep16,00,2025-12-25,2026-01-02,gcrew,noaa_gefs,16,AirTemp_C_mean,8,5.137780761718773
gep16,00,2025-12-25,2026-01-02,gcrew,noaa_gefs,16,Pressure_Pa,8,101893.263671875
gep16,00,2025-12-25,2026-01-02,gcrew,noaa_gefs,16,RH_percent_mean,8,76.17369937896729
gep16,00,2025-12-25,2026-01-02,gcrew,noaa_gefs,16,Rain_mm_sum,8,0
gep16,00,2025-12-25,2026-01-02,gcrew,noaa_gefs,16,ShortwaveRadiation_Wm2,8,99.375
gep16,00,2025-12-25,2026-01-02,gcrew,noaa_gefs,16,WindSpeed_ms_mean,8,2.9946754157667765
gep16,00,2025-12-25,2026-01-03,gcrew,noaa_gefs,16,AirTemp_C_mean,9,7.461868722098237
gep16,00,2025-12-25,2026-01-03,gcrew,noaa_gefs,16,Pressure_Pa,9,101427.07589285714
gep16,00,2025-12-25,2026-01-03,gcrew,noaa_gefs,16,RH_percent_mean,9,83.19520568847656
gep16,00,2025-12-25,2026-01-03,gcrew,noaa_gefs,16,Rain_mm_sum,9,0.6100000236183405
gep16,00,2025-12-25,2026-01-03,gcrew,noaa_gefs,16,ShortwaveRadiation_Wm2,9,25.714285714285715
gep16,00,2025-12-25,2026-01-03,gcrew,noaa_gefs,16,WindSpeed_ms_mean,9,5.107335579865194
gep16,00,2025-12-25,2026-01-04,gcrew,noaa_gefs,16,AirTemp_C_mean,10,10.889909362792991
gep16,00,2025-12-25,2026-01-04,gcrew,noaa_gefs,16,Pressure_Pa,10,101268.140625
gep16,00,2025-12-25,2026-01-04,gcrew,noaa_gefs,16,RH_percent_mean,10,86.44726371765137
gep16,00,2025-12-25,2026-01-04,gcrew,noaa_gefs,16,Rain_mm_sum,10,0
gep16,00,2025-12-25,2026-01-04,gcrew,noaa_gefs,16,ShortwaveRadiation_Wm2,10,85
gep16,00,2025-12-25,2026-01-04,gcrew,noaa_gefs,16,WindSpeed_ms_mean,10,3.600210788901469
gep16,00,2025-12-25,2026-01-05,gcrew,noaa_gefs,16,AirTemp_C_mean,11,14.514237976074241
gep16,00,2025-12-25,2026-01-05,gcrew,noaa_gefs,16,Pressure_Pa,11,100406.498046875
gep16,00,2025-12-25,2026-01-05,gcrew,noaa_gefs,16,RH_percent_mean,11,85.23000907897949
gep16,00,2025-12-25,2026-01-05,gcrew,noaa_gefs,16,Rain_mm_sum,11,3.7000000178813934
gep16,00,2025-12-25,2026-01-05,gcrew,noaa_gefs,16,ShortwaveRadiation_Wm2,11,42.5
gep16,00,2025-12-25,2026-01-05,gcrew,noaa_gefs,16,WindSpeed_ms_mean,11,5.815003334458832
gep16,00,2025-12-25,2026-01-06,gcrew,noaa_gefs,16,AirTemp_C_mean,12,4.505242919921898
gep16,00,2025-12-25,2026-01-06,gcrew,noaa_gefs,16,Pressure_Pa,12,100507.328125
gep16,00,2025-12-25,2026-01-06,gcrew,noaa_gefs,16,RH_percent_mean,12,62.17771530151367
gep16,00,2025-12-25,2026-01-06,gcrew,noaa_gefs,16,Rain_mm_sum,12,2.100000001490116
gep16,00,2025-12-25,2026-01-06,gcrew,noaa_gefs,16,ShortwaveRadiation_Wm2,12,120
gep16,00,2025-12-25,2026-01-06,gcrew,noaa_gefs,16,WindSpeed_ms_mean,12,7.1292139542536495
gep16,00,2025-12-25,2026-01-07,gcrew,noaa_gefs,16,AirTemp_C_mean,13,3.4188171386718977
gep16,00,2025-12-25,2026-01-07,gcrew,noaa_gefs,16,Pressure_Pa,13,101833.490234375
gep16,00,2025-12-25,2026-01-07,gcrew,noaa_gefs,16,RH_percent_mean,13,53.679908752441406
gep16,00,2025-12-25,2026-01-07,gcrew,noaa_gefs,16,Rain_mm_sum,13,0
gep16,00,2025-12-25,2026-01-07,gcrew,noaa_gefs,16,ShortwaveRadiation_Wm2,13,117.5
gep16,00,2025-12-25,2026-01-07,gcrew,noaa_gefs,16,WindSpeed_ms_mean,13,6.966477756083384
gep16,00,2025-12-25,2026-01-08,gcrew,noaa_gefs,16,AirTemp_C_mean,14,7.357942199707054
gep16,00,2025-12-25,2026-01-08,gcrew,noaa_gefs,16,Pressure_Pa,14,102328.623046875
gep16,00,2025-12-25,2026-01-08,gcrew,noaa_gefs,16,RH_percent_mean,14,55.181633949279785
gep16,00,2025-12-25,2026-01-08,gcrew,noaa_gefs,16,Rain_mm_sum,14,0
gep16,00,2025-12-25,2026-01-08,gcrew,noaa_gefs,16,ShortwaveRadiation_Wm2,14,121.5
gep16,00,2025-12-25,2026-01-08,gcrew,noaa_gefs,16,WindSpeed_ms_mean,14,4.329537463391383
gep16,00,2025-12-25,2026-01-09,gcrew,noaa_gefs,16,AirTemp_C_mean,15,6.292359924316429
gep16,00,2025-12-25,2026-01-09,gcrew,noaa_gefs,16,Pressure_Pa,15,102513.65625
gep16,00,2025-12-25,2026-01-09,gcrew,noaa_gefs,16,RH_percent_mean,15,66.9400224685669
gep16,00,2025-12-25,2026-01-09,gcrew,noaa_gefs,16,Rain_mm_sum,15,0
gep16,00,2025-12-25,2026-01-09,gcrew,noaa_gefs,16,ShortwaveRadiation_Wm2,15,116.5
gep16,00,2025-12-25,2026-01-09,gcrew,noaa_gefs,16,WindSpeed_ms_mean,15,4.169523961397145
gep16,00,2025-12-25,2026-01-10,gcrew,noaa_gefs,16,AirTemp_C_mean,16,8.230760192871116
gep16,00,2025-12-25,2026-01-10,gcrew,noaa_gefs,16,Pressure_Pa,16,100988.9765625
gep16,00,2025-12-25,2026-01-10,gcrew,noaa_gefs,16,RH_percent_mean,16,92.44572067260742
gep16,00,2025-12-25,2026-01-10,gcrew,noaa_gefs,16,Rain_mm_sum,16,47.500000953674316
gep16,00,2025-12-25,2026-01-10,gcrew,noaa_gefs,16,ShortwaveRadiation_Wm2,16,3.5
gep16,00,2025-12-25,2026-01-10,gcrew,noaa_gefs,16,WindSpeed_ms_mean,16,9.299799855644833
gep16,00,2025-12-25,2026-01-11,gcrew,noaa_gefs,16,AirTemp_C_mean,17,0.273957824707054
gep16,00,2025-12-25,2026-01-11,gcrew,noaa_gefs,16,Pressure_Pa,17,101742.986328125
gep16,00,2025-12-25,2026-01-11,gcrew,noaa_gefs,16,RH_percent_mean,17,69.99894523620605
gep16,00,2025-12-25,2026-01-11,gcrew,noaa_gefs,16,Rain_mm_sum,17,7.200000002980232
gep16,00,2025-12-25,2026-01-11,gcrew,noaa_gefs,16,ShortwaveRadiation_Wm2,17,127.25
gep16,00,2025-12-25,2026-01-11,gcrew,noaa_gefs,16,WindSpeed_ms_mean,17,7.6638541985328805
gep16,00,2025-12-25,2026-01-12,gcrew,noaa_gefs,16,AirTemp_C_mean,18,2.171846008300804
gep16,00,2025-12-25,2026-01-12,gcrew,noaa_gefs,16,Pressure_Pa,18,102770.083984375
gep16,00,2025-12-25,2026-01-12,gcrew,noaa_gefs,16,RH_percent_mean,18,69.03396034240723
gep16,00,2025-12-25,2026-01-12,gcrew,noaa_gefs,16,Rain_mm_sum,18,0
gep16,00,2025-12-25,2026-01-12,gcrew,noaa_gefs,16,ShortwaveRadiation_Wm2,18,127.5
gep16,00,2025-12-25,2026-01-12,gcrew,noaa_gefs,16,WindSpeed_ms_mean,18,3.4622293096336105
gep16,00,2025-12-25,2026-01-13,gcrew,noaa_gefs,16,AirTemp_C_mean,19,3.1381164550781477
gep16,00,2025-12-25,2026-01-13,gcrew,noaa_gefs,16,Pressure_Pa,19,102732.630859375
gep16,00,2025-12-25,2026-01-13,gcrew,noaa_gefs,16,RH_percent_mean,19,70.09601783752441
gep16,00,2025-12-25,2026-01-13,gcrew,noaa_gefs,16,Rain_mm_sum,19,0
gep16,00,2025-12-25,2026-01-13,gcrew,noaa_gefs,16,ShortwaveRadiation_Wm2,19,116.5
gep16,00,2025-12-25,2026-01-13,gcrew,noaa_gefs,16,WindSpeed_ms_mean,19,3.4455094842593312
gep16,00,2025-12-25,2026-01-14,gcrew,noaa_gefs,16,AirTemp_C_mean,20,4.095193481445335
gep16,00,2025-12-25,2026-01-14,gcrew,noaa_gefs,16,Pressure_Pa,20,102669.79296875
gep16,00,2025-12-25,2026-01-14,gcrew,noaa_gefs,16,RH_percent_mean,20,83.62176322937012
gep16,00,2025-12-25,2026-01-14,gcrew,noaa_gefs,16,Rain_mm_sum,20,0
gep16,00,2025-12-25,2026-01-14,gcrew,noaa_gefs,16,ShortwaveRadiation_Wm2,20,117.75
gep16,00,2025-12-25,2026-01-14,gcrew,noaa_gefs,16,WindSpeed_ms_mean,20,2.7496518864059034
gep16,00,2025-12-25,2026-01-15,gcrew,noaa_gefs,16,AirTemp_C_mean,21,4.34229431152346
gep16,00,2025-12-25,2026-01-15,gcrew,noaa_gefs,16,Pressure_Pa,21,102705.73828125
gep16,00,2025-12-25,2026-01-15,gcrew,noaa_gefs,16,RH_percent_mean,21,87.58064270019531
gep16,00,2025-12-25,2026-01-15,gcrew,noaa_gefs,16,Rain_mm_sum,21,0.10000000149011612
gep16,00,2025-12-25,2026-01-15,gcrew,noaa_gefs,16,ShortwaveRadiation_Wm2,21,94.5
gep16,00,2025-12-25,2026-01-15,gcrew,noaa_gefs,16,WindSpeed_ms_mean,21,3.556685238735195
gep16,00,2025-12-25,2026-01-16,gcrew,noaa_gefs,16,AirTemp_C_mean,22,12.23005065917971
gep16,00,2025-12-25,2026-01-16,gcrew,noaa_gefs,16,Pressure_Pa,22,100937.822265625
gep16,00,2025-12-25,2026-01-16,gcrew,noaa_gefs,16,RH_percent_mean,22,94.87235832214355
gep16,00,2025-12-25,2026-01-16,gcrew,noaa_gefs,16,Rain_mm_sum,22,22.100001096725464
gep16,00,2025-12-25,2026-01-16,gcrew,noaa_gefs,16,ShortwaveRadiation_Wm2,22,9.75
gep16,00,2025-12-25,2026-01-16,gcrew,noaa_gefs,16,WindSpeed_ms_mean,22,7.712571493864753
gep16,00,2025-12-25,2026-01-17,gcrew,noaa_gefs,16,AirTemp_C_mean,23,8.732659912109398
gep16,00,2025-12-25,2026-01-17,gcrew,noaa_gefs,16,Pressure_Pa,23,101839.7109375
gep16,00,2025-12-25,2026-01-17,gcrew,noaa_gefs,16,RH_percent_mean,23,72.87350654602051
gep16,00,2025-12-25,2026-01-17,gcrew,noaa_gefs,16,Rain_mm_sum,23,0.800000011920929
gep16,00,2025-12-25,2026-01-17,gcrew,noaa_gefs,16,ShortwaveRadiation_Wm2,23,130
gep16,00,2025-12-25,2026-01-17,gcrew,noaa_gefs,16,WindSpeed_ms_mean,23,4.503928313302021
gep16,00,2025-12-25,2026-01-18,gcrew,noaa_gefs,16,AirTemp_C_mean,24,8.240655517578148
gep16,00,2025-12-25,2026-01-18,gcrew,noaa_gefs,16,Pressure_Pa,24,102885.134765625
gep16,00,2025-12-25,2026-01-18,gcrew,noaa_gefs,16,RH_percent_mean,24,67.80245590209961
gep16,00,2025-12-25,2026-01-18,gcrew,noaa_gefs,16,Rain_mm_sum,24,0
gep16,00,2025-12-25,2026-01-18,gcrew,noaa_gefs,16,ShortwaveRadiation_Wm2,24,128.5
gep16,00,2025-12-25,2026-01-18,gcrew,noaa_gefs,16,WindSpeed_ms_mean,24,3.7670321862484957
gep16,00,2025-12-25,2026-01-19,gcrew,noaa_gefs,16,AirTemp_C_mean,25,8.329751586914085
gep16,00,2025-12-25,2026-01-19,gcrew,noaa_gefs,16,Pressure_Pa,25,102533.533203125
gep16,00,2025-12-25,2026-01-19,gcrew,noaa_gefs,16,RH_percent_mean,25,78.15633964538574
gep16,00,2025-12-25,2026-01-19,gcrew,noaa_gefs,16,Rain_mm_sum,25,0
gep16,00,2025-12-25,2026-01-19,gcrew,noaa_gefs,16,ShortwaveRadiation_Wm2,25,60.75
gep16,00,2025-12-25,2026-01-19,gcrew,noaa_gefs,16,WindSpeed_ms_mean,25,5.590911795586785
gep16,00,2025-12-25,2026-01-20,gcrew,noaa_gefs,16,AirTemp_C_mean,26,8.121881103515648
gep16,00,2025-12-25,2026-01-20,gcrew,noaa_gefs,16,Pressure_Pa,26,101917.162109375
gep16,00,2025-12-25,2026-01-20,gcrew,noaa_gefs,16,RH_percent_mean,26,79.7828426361084
gep16,00,2025-12-25,2026-01-20,gcrew,noaa_gefs,16,Rain_mm_sum,26,0.699999988079071
gep16,00,2025-12-25,2026-01-20,gcrew,noaa_gefs,16,ShortwaveRadiation_Wm2,26,35
gep16,00,2025-12-25,2026-01-20,gcrew,noaa_gefs,16,WindSpeed_ms_mean,26,5.416574993003485
gep16,00,2025-12-25,2026-01-21,gcrew,noaa_gefs,16,AirTemp_C_mean,27,1.0910888671875227
gep16,00,2025-12-25,2026-01-21,gcrew,noaa_gefs,16,Pressure_Pa,27,102745.556640625
gep16,00,2025-12-25,2026-01-21,gcrew,noaa_gefs,16,RH_percent_mean,27,69.12549591064453
gep16,00,2025-12-25,2026-01-21,gcrew,noaa_gefs,16,Rain_mm_sum,27,1.2000000029802322
gep16,00,2025-12-25,2026-01-21,gcrew,noaa_gefs,16,ShortwaveRadiation_Wm2,27,28
gep16,00,2025-12-25,2026-01-21,gcrew,noaa_gefs,16,WindSpeed_ms_mean,27,5.47850488358735
gep16,00,2025-12-25,2026-01-22,gcrew,noaa_gefs,16,AirTemp_C_mean,28,5.676553344726585
gep16,00,2025-12-25,2026-01-22,gcrew,noaa_gefs,16,Pressure_Pa,28,100303.91796875
gep16,00,2025-12-25,2026-01-22,gcrew,noaa_gefs,16,RH_percent_mean,28,72.28020286560059
gep16,00,2025-12-25,2026-01-22,gcrew,noaa_gefs,16,Rain_mm_sum,28,11.300000190734863
gep16,00,2025-12-25,2026-01-22,gcrew,noaa_gefs,16,ShortwaveRadiation_Wm2,28,132
gep16,00,2025-12-25,2026-01-22,gcrew,noaa_gefs,16,WindSpeed_ms_mean,28,10.069496986572068
gep16,00,2025-12-25,2026-01-23,gcrew,noaa_gefs,16,AirTemp_C_mean,29,2.7060104370117415
gep16,00,2025-12-25,2026-01-23,gcrew,noaa_gefs,16,Pressure_Pa,29,101102.13671875
gep16,00,2025-12-25,2026-01-23,gcrew,noaa_gefs,16,RH_percent_mean,29,59.599411964416504
gep16,00,2025-12-25,2026-01-23,gcrew,noaa_gefs,16,Rain_mm_sum,29,0
gep16,00,2025-12-25,2026-01-23,gcrew,noaa_gefs,16,ShortwaveRadiation_Wm2,29,137.5
gep16,00,2025-12-25,2026-01-23,gcrew,noaa_gefs,16,WindSpeed_ms_mean,29,5.521899992654974
gep16,00,2025-12-25,2026-01-24,gcrew,noaa_gefs,16,AirTemp_C_mean,30,4.12842712402346
gep16,00,2025-12-25,2026-01-24,gcrew,noaa_gefs,16,Pressure_Pa,30,101227.48828125
gep16,00,2025-12-25,2026-01-24,gcrew,noaa_gefs,16,RH_percent_mean,30,72.47355461120605
gep16,00,2025-12-25,2026-01-24,gcrew,noaa_gefs,16,Rain_mm_sum,30,0
gep16,00,2025-12-25,2026-01-24,gcrew,noaa_gefs,16,ShortwaveRadiation_Wm2,30,127.25
gep16,00,2025-12-25,2026-01-24,gcrew,noaa_gefs,16,WindSpeed_ms_mean,30,5.117748884369503
gep16,00,2025-12-25,2026-01-25,gcrew,noaa_gefs,16,AirTemp_C_mean,31,-0.6562637329101335
gep16,00,2025-12-25,2026-01-25,gcrew,noaa_gefs,16,Pressure_Pa,31,101961.154296875
gep16,00,2025-12-25,2026-01-25,gcrew,noaa_gefs,16,RH_percent_mean,31,57.30247402191162
gep16,00,2025-12-25,2026-01-25,gcrew,noaa_gefs,16,Rain_mm_sum,31,0
gep16,00,2025-12-25,2026-01-25,gcrew,noaa_gefs,16,ShortwaveRadiation_Wm2,31,145.25
gep16,00,2025-12-25,2026-01-25,gcrew,noaa_gefs,16,WindSpeed_ms_mean,31,4.7448173419903386
gep16,00,2025-12-25,2026-01-26,gcrew,noaa_gefs,16,AirTemp_C_mean,32,2.824037170410179
gep16,00,2025-12-25,2026-01-26,gcrew,noaa_gefs,16,Pressure_Pa,32,101941.466796875
gep16,00,2025-12-25,2026-01-26,gcrew,noaa_gefs,16,RH_percent_mean,32,70.92254638671875
gep16,00,2025-12-25,2026-01-26,gcrew,noaa_gefs,16,Rain_mm_sum,32,0
gep16,00,2025-12-25,2026-01-26,gcrew,noaa_gefs,16,ShortwaveRadiation_Wm2,32,138.25
gep16,00,2025-12-25,2026-01-26,gcrew,noaa_gefs,16,WindSpeed_ms_mean,32,3.546680545310956
gep16,00,2025-12-25,2026-01-27,gcrew,noaa_gefs,16,AirTemp_C_mean,33,2.880342102050804
gep16,00,2025-12-25,2026-01-27,gcrew,noaa_gefs,16,Pressure_Pa,33,102457.599609375
gep16,00,2025-12-25,2026-01-27,gcrew,noaa_gefs,16,RH_percent_mean,33,78.3819751739502
gep16,00,2025-12-25,2026-01-27,gcrew,noaa_gefs,16,Rain_mm_sum,33,0
gep16,00,2025-12-25,2026-01-27,gcrew,noaa_gefs,16,ShortwaveRadiation_Wm2,33,142.5
gep16,00,2025-12-25,2026-01-27,gcrew,noaa_gefs,16,WindSpeed_ms_mean,33,3.633655032610908
gep16,00,2025-12-25,2026-01-28,gcrew,noaa_gefs,16,AirTemp_C_mean,34,4.36011657714846
gep16,00,2025-12-25,2026-01-28,gcrew,noaa_gefs,16,Pressure_Pa,34,102016.24609375
gep16,00,2025-12-25,2026-01-28,gcrew,noaa_gefs,16,RH_percent_mean,34,86.29985618591309
gep16,00,2025-12-25,2026-01-28,gcrew,noaa_gefs,16,Rain_mm_sum,34,0.20000000298023224
gep16,00,2025-12-25,2026-01-28,gcrew,noaa_gefs,16,ShortwaveRadiation_Wm2,34,67.25
gep16,00,2025-12-25,2026-01-28,gcrew,noaa_gefs,16,WindSpeed_ms_mean,34,2.304446884715268
gep17,00,2025-12-25,2025-12-26,gcrew,noaa_gefs,17,AirTemp_C_mean,1,1.4191566467285384
gep17,00,2025-12-25,2025-12-26,gcrew,noaa_gefs,17,Pressure_Pa,1,101883.013671875
gep17,00,2025-12-25,2025-12-26,gcrew,noaa_gefs,17,RH_percent_mean,1,59.10939836502075
gep17,00,2025-12-25,2025-12-26,gcrew,noaa_gefs,17,Rain_mm_sum,1,5.929999861866236
gep17,00,2025-12-25,2025-12-26,gcrew,noaa_gefs,17,ShortwaveRadiation_Wm2,1,52.5
gep17,00,2025-12-25,2025-12-26,gcrew,noaa_gefs,17,WindSpeed_ms_mean,1,5.719543666158366
gep17,00,2025-12-25,2025-12-27,gcrew,noaa_gefs,17,AirTemp_C_mean,2,4.553342437744163
gep17,00,2025-12-25,2025-12-27,gcrew,noaa_gefs,17,Pressure_Pa,2,101374.94921875
gep17,00,2025-12-25,2025-12-27,gcrew,noaa_gefs,17,RH_percent_mean,2,78.51494789123535
gep17,00,2025-12-25,2025-12-27,gcrew,noaa_gefs,17,Rain_mm_sum,2,5.500000089406967
gep17,00,2025-12-25,2025-12-27,gcrew,noaa_gefs,17,ShortwaveRadiation_Wm2,2,106.25
gep17,00,2025-12-25,2025-12-27,gcrew,noaa_gefs,17,WindSpeed_ms_mean,2,6.923660931417801
gep17,00,2025-12-25,2025-12-28,gcrew,noaa_gefs,17,AirTemp_C_mean,3,3.017091369628929
gep17,00,2025-12-25,2025-12-28,gcrew,noaa_gefs,17,Pressure_Pa,3,102237.642578125
gep17,00,2025-12-25,2025-12-28,gcrew,noaa_gefs,17,RH_percent_mean,3,72.99352979660034
gep17,00,2025-12-25,2025-12-28,gcrew,noaa_gefs,17,Rain_mm_sum,3,0
gep17,00,2025-12-25,2025-12-28,gcrew,noaa_gefs,17,ShortwaveRadiation_Wm2,3,105
gep17,00,2025-12-25,2025-12-28,gcrew,noaa_gefs,17,WindSpeed_ms_mean,3,2.948875395899818
gep17,00,2025-12-25,2025-12-29,gcrew,noaa_gefs,17,AirTemp_C_mean,4,8.150354003906273
gep17,00,2025-12-25,2025-12-29,gcrew,noaa_gefs,17,Pressure_Pa,4,100520.205078125
gep17,00,2025-12-25,2025-12-29,gcrew,noaa_gefs,17,RH_percent_mean,4,75.22460079193115
gep17,00,2025-12-25,2025-12-29,gcrew,noaa_gefs,17,Rain_mm_sum,4,0.8000000268220901
gep17,00,2025-12-25,2025-12-29,gcrew,noaa_gefs,17,ShortwaveRadiation_Wm2,4,62.5
gep17,00,2025-12-25,2025-12-29,gcrew,noaa_gefs,17,WindSpeed_ms_mean,4,7.362543468483011
gep17,00,2025-12-25,2025-12-30,gcrew,noaa_gefs,17,AirTemp_C_mean,5,0.325959777832054
gep17,00,2025-12-25,2025-12-30,gcrew,noaa_gefs,17,Pressure_Pa,5,100803.0263671875
gep17,00,2025-12-25,2025-12-30,gcrew,noaa_gefs,17,RH_percent_mean,5,53.082125186920166
gep17,00,2025-12-25,2025-12-30,gcrew,noaa_gefs,17,Rain_mm_sum,5,0
gep17,00,2025-12-25,2025-12-30,gcrew,noaa_gefs,17,ShortwaveRadiation_Wm2,5,100.5
gep17,00,2025-12-25,2025-12-30,gcrew,noaa_gefs,17,WindSpeed_ms_mean,5,8.02044107296069
gep17,00,2025-12-25,2025-12-31,gcrew,noaa_gefs,17,AirTemp_C_mean,6,-0.5309776306152116
gep17,00,2025-12-25,2025-12-31,gcrew,noaa_gefs,17,Pressure_Pa,6,101757.0849609375
gep17,00,2025-12-25,2025-12-31,gcrew,noaa_gefs,17,RH_percent_mean,6,49.53283452987671
gep17,00,2025-12-25,2025-12-31,gcrew,noaa_gefs,17,Rain_mm_sum,6,0
gep17,00,2025-12-25,2025-12-31,gcrew,noaa_gefs,17,ShortwaveRadiation_Wm2,6,116.25
gep17,00,2025-12-25,2025-12-31,gcrew,noaa_gefs,17,WindSpeed_ms_mean,6,5.239858882636157
gep17,00,2025-12-25,2026-01-01,gcrew,noaa_gefs,17,AirTemp_C_mean,7,3.5077911376953352
gep17,00,2025-12-25,2026-01-01,gcrew,noaa_gefs,17,Pressure_Pa,7,101793.2197265625
gep17,00,2025-12-25,2026-01-01,gcrew,noaa_gefs,17,RH_percent_mean,7,61.349281787872314
gep17,00,2025-12-25,2026-01-01,gcrew,noaa_gefs,17,Rain_mm_sum,7,0
gep17,00,2025-12-25,2026-01-01,gcrew,noaa_gefs,17,ShortwaveRadiation_Wm2,7,87.5
gep17,00,2025-12-25,2026-01-01,gcrew,noaa_gefs,17,WindSpeed_ms_mean,7,4.304550169616287
gep17,00,2025-12-25,2026-01-02,gcrew,noaa_gefs,17,AirTemp_C_mean,8,5.137780761718773
gep17,00,2025-12-25,2026-01-02,gcrew,noaa_gefs,17,Pressure_Pa,8,101893.263671875
gep17,00,2025-12-25,2026-01-02,gcrew,noaa_gefs,17,RH_percent_mean,8,76.17369937896729
gep17,00,2025-12-25,2026-01-02,gcrew,noaa_gefs,17,Rain_mm_sum,8,0
gep17,00,2025-12-25,2026-01-02,gcrew,noaa_gefs,17,ShortwaveRadiation_Wm2,8,99.375
gep17,00,2025-12-25,2026-01-02,gcrew,noaa_gefs,17,WindSpeed_ms_mean,8,2.9946754157667765
gep17,00,2025-12-25,2026-01-03,gcrew,noaa_gefs,17,AirTemp_C_mean,9,7.461868722098237
gep17,00,2025-12-25,2026-01-03,gcrew,noaa_gefs,17,Pressure_Pa,9,101427.07589285714
gep17,00,2025-12-25,2026-01-03,gcrew,noaa_gefs,17,RH_percent_mean,9,83.19520568847656
gep17,00,2025-12-25,2026-01-03,gcrew,noaa_gefs,17,Rain_mm_sum,9,0.6100000236183405
gep17,00,2025-12-25,2026-01-03,gcrew,noaa_gefs,17,ShortwaveRadiation_Wm2,9,25.714285714285715
gep17,00,2025-12-25,2026-01-03,gcrew,noaa_gefs,17,WindSpeed_ms_mean,9,5.107335579865194
gep17,00,2025-12-25,2026-01-04,gcrew,noaa_gefs,17,AirTemp_C_mean,10,10.889909362792991
gep17,00,2025-12-25,2026-01-04,gcrew,noaa_gefs,17,Pressure_Pa,10,101268.140625
gep17,00,2025-12-25,2026-01-04,gcrew,noaa_gefs,17,RH_percent_mean,10,86.44726371765137
gep17,00,2025-12-25,2026-01-04,gcrew,noaa_gefs,17,Rain_mm_sum,10,0
gep17,00,2025-12-25,2026-01-04,gcrew,noaa_gefs,17,ShortwaveRadiation_Wm2,10,85
gep17,00,2025-12-25,2026-01-04,gcrew,noaa_gefs,17,WindSpeed_ms_mean,10,3.600210788901469
gep17,00,2025-12-25,2026-01-05,gcrew,noaa_gefs,17,AirTemp_C_mean,11,14.514237976074241
gep17,00,2025-12-25,2026-01-05,gcrew,noaa_gefs,17,Pressure_Pa,11,100406.498046875
gep17,00,2025-12-25,2026-01-05,gcrew,noaa_gefs,17,RH_percent_mean,11,85.23000907897949
gep17,00,2025-12-25,2026-01-05,gcrew,noaa_gefs,17,Rain_mm_sum,11,3.7000000178813934
gep17,00,2025-12-25,2026-01-05,gcrew,noaa_gefs,17,ShortwaveRadiation_Wm2,11,42.5
gep17,00,2025-12-25,2026-01-05,gcrew,noaa_gefs,17,WindSpeed_ms_mean,11,5.815003334458832
gep17,00,2025-12-25,2026-01-06,gcrew,noaa_gefs,17,AirTemp_C_mean,12,4.505242919921898
gep17,00,2025-12-25,2026-01-06,gcrew,noaa_gefs,17,Pressure_Pa,12,100507.328125
gep17,00,2025-12-25,2026-01-06,gcrew,noaa_gefs,17,RH_percent_mean,12,62.17771530151367
gep17,00,2025-12-25,2026-01-06,gcrew,noaa_gefs,17,Rain_mm_sum,12,2.100000001490116
gep17,00,2025-12-25,2026-01-06,gcrew,noaa_gefs,17,ShortwaveRadiation_Wm2,12,120
gep17,00,2025-12-25,2026-01-06,gcrew,noaa_gefs,17,WindSpeed_ms_mean,12,7.1292139542536495
gep17,00,2025-12-25,2026-01-07,gcrew,noaa_gefs,17,AirTemp_C_mean,13,3.4188171386718977
gep17,00,2025-12-25,2026-01-07,gcrew,noaa_gefs,17,Pressure_Pa,13,101833.490234375
gep17,00,2025-12-25,2026-01-07,gcrew,noaa_gefs,17,RH_percent_mean,13,53.679908752441406
gep17,00,2025-12-25,2026-01-07,gcrew,noaa_gefs,17,Rain_mm_sum,13,0
gep17,00,2025-12-25,2026-01-07,gcrew,noaa_gefs,17,ShortwaveRadiation_Wm2,13,117.5
gep17,00,2025-12-25,2026-01-07,gcrew,noaa_gefs,17,WindSpeed_ms_mean,13,6.966477756083384
gep17,00,2025-12-25,2026-01-08,gcrew,noaa_gefs,17,AirTemp_C_mean,14,7.357942199707054
gep17,00,2025-12-25,2026-01-08,gcrew,noaa_gefs,17,Pressure_Pa,14,102328.623046875
gep17,00,2025-12-25,2026-01-08,gcrew,noaa_gefs,17,RH_percent_mean,14,55.181633949279785
gep17,00,2025-12-25,2026-01-08,gcrew,noaa_gefs,17,Rain_mm_sum,14,0
gep17,00,2025-12-25,2026-01-08,gcrew,noaa_gefs,17,ShortwaveRadiation_Wm2,14,121.5
gep17,00,2025-12-25,2026-01-08,gcrew,noaa_gefs,17,WindSpeed_ms_mean,14,4.329537463391383
gep17,00,2025-12-25,2026-01-09,gcrew,noaa_gefs,17,AirTemp_C_mean,15,6.292359924316429
gep17,00,2025-12-25,2026-01-09,gcrew,noaa_gefs,17,Pressure_Pa,15,102513.65625
gep17,00,2025-12-25,2026-01-09,gcrew,noaa_gefs,17,RH_percent_mean,15,66.9400224685669
gep17,00,2025-12-25,2026-01-09,gcrew,noaa_gefs,17,Rain_mm_sum,15,0
gep17,00,2025-12-25,2026-01-09,gcrew,noaa_gefs,17,ShortwaveRadiation_Wm2,15,116.5
gep17,00,2025-12-25,2026-01-09,gcrew,noaa_gefs,17,WindSpeed_ms_mean,15,4.169523961397145
gep17,00,2025-12-25,2026-01-10,gcrew,noaa_gefs,17,AirTemp_C_mean,16,8.230760192871116
gep17,00,2025-12-25,2026-01-10,gcrew,noaa_gefs,17,Pressure_Pa,16,100988.9765625
gep17,00,2025-12-25,2026-01-10,gcrew,noaa_gefs,17,RH_percent_mean,16,92.44572067260742
gep17,00,2025-12-25,2026-01-10,gcrew,noaa_gefs,17,Rain_mm_sum,16,47.500000953674316
gep17,00,2025-12-25,2026-01-10,gcrew,noaa_gefs,17,ShortwaveRadiation_Wm2,16,3.5
gep17,00,2025-12-25,2026-01-10,gcrew,noaa_gefs,17,WindSpeed_ms_mean,16,9.299799855644833
gep17,00,2025-12-25,2026-01-11,gcrew,noaa_gefs,17,AirTemp_C_mean,17,0.273957824707054
gep17,00,2025-12-25,2026-01-11,gcrew,noaa_gefs,17,Pressure_Pa,17,101742.986328125
gep17,00,2025-12-25,2026-01-11,gcrew,noaa_gefs,17,RH_percent_mean,17,69.99894523620605
gep17,00,2025-12-25,2026-01-11,gcrew,noaa_gefs,17,Rain_mm_sum,17,7.200000002980232
gep17,00,2025-12-25,2026-01-11,gcrew,noaa_gefs,17,ShortwaveRadiation_Wm2,17,127.25
gep17,00,2025-12-25,2026-01-11,gcrew,noaa_gefs,17,WindSpeed_ms_mean,17,7.6638541985328805
gep17,00,2025-12-25,2026-01-12,gcrew,noaa_gefs,17,AirTemp_C_mean,18,2.171846008300804
gep17,00,2025-12-25,2026-01-12,gcrew,noaa_gefs,17,Pressure_Pa,18,102770.083984375
gep17,00,2025-12-25,2026-01-12,gcrew,noaa_gefs,17,RH_percent_mean,18,69.03396034240723
gep17,00,2025-12-25,2026-01-12,gcrew,noaa_gefs,17,Rain_mm_sum,18,0
gep17,00,2025-12-25,2026-01-12,gcrew,noaa_gefs,17,ShortwaveRadiation_Wm2,18,127.5
gep17,00,2025-12-25,2026-01-12,gcrew,noaa_gefs,17,WindSpeed_ms_mean,18,3.4622293096336105
gep17,00,2025-12-25,2026-01-13,gcrew,noaa_gefs,17,AirTemp_C_mean,19,3.1381164550781477
gep17,00,2025-12-25,2026-01-13,gcrew,noaa_gefs,17,Pressure_Pa,19,102732.630859375
gep17,00,2025-12-25,2026-01-13,gcrew,noaa_gefs,17,RH_percent_mean,19,70.09601783752441
gep17,00,2025-12-25,2026-01-13,gcrew,noaa_gefs,17,Rain_mm_sum,19,0
gep17,00,2025-12-25,2026-01-13,gcrew,noaa_gefs,17,ShortwaveRadiation_Wm2,19,116.5
gep17,00,2025-12-25,2026-01-13,gcrew,noaa_gefs,17,WindSpeed_ms_mean,19,3.4455094842593312
gep17,00,2025-12-25,2026-01-14,gcrew,noaa_gefs,17,AirTemp_C_mean,20,4.095193481445335
gep17,00,2025-12-25,2026-01-14,gcrew,noaa_gefs,17,Pressure_Pa,20,102669.79296875
gep17,00,2025-12-25,2026-01-14,gcrew,noaa_gefs,17,RH_percent_mean,20,83.62176322937012
gep17,00,2025-12-25,2026-01-14,gcrew,noaa_gefs,17,Rain_mm_sum,20,0
gep17,00,2025-12-25,2026-01-14,gcrew,noaa_gefs,17,ShortwaveRadiation_Wm2,20,117.75
gep17,00,2025-12-25,2026-01-14,gcrew,noaa_gefs,17,WindSpeed_ms_mean,20,2.7496518864059034
gep17,00,2025-12-25,2026-01-15,gcrew,noaa_gefs,17,AirTemp_C_mean,21,4.34229431152346
gep17,00,2025-12-25,2026-01-15,gcrew,noaa_gefs,17,Pressure_Pa,21,102705.73828125
gep17,00,2025-12-25,2026-01-15,gcrew,noaa_gefs,17,RH_percent_mean,21,87.58064270019531
gep17,00,2025-12-25,2026-01-15,gcrew,noaa_gefs,17,Rain_mm_sum,21,0.10000000149011612
gep17,00,2025-12-25,2026-01-15,gcrew,noaa_gefs,17,ShortwaveRadiation_Wm2,21,94.5
gep17,00,2025-12-25,2026-01-15,gcrew,noaa_gefs,17,WindSpeed_ms_mean,21,3.556685238735195
gep17,00,2025-12-25,2026-01-16,gcrew,noaa_gefs,17,AirTemp_C_mean,22,12.23005065917971
gep17,00,2025-12-25,2026-01-16,gcrew,noaa_gefs,17,Pressure_Pa,22,100937.822265625
gep17,00,2025-12-25,2026-01-16,gcrew,noaa_gefs,17,RH_percent_mean,22,94.87235832214355
gep17,00,2025-12-25,2026-01-16,gcrew,noaa_gefs,17,Rain_mm_sum,22,22.100001096725464
gep17,00,2025-12-25,2026-01-16,gcrew,noaa_gefs,17,ShortwaveRadiation_Wm2,22,9.75
gep17,00,2025-12-25,2026-01-16,gcrew,noaa_gefs,17,WindSpeed_ms_mean,22,7.712571493864753
gep17,00,2025-12-25,2026-01-17,gcrew,noaa_gefs,17,AirTemp_C_mean,23,8.732659912109398
gep17,00,2025-12-25,2026-01-17,gcrew,noaa_gefs,17,Pressure_Pa,23,101839.7109375
gep17,00,2025-12-25,2026-01-17,gcrew,noaa_gefs,17,RH_percent_mean,23,72.87350654602051
gep17,00,2025-12-25,2026-01-17,gcrew,noaa_gefs,17,Rain_mm_sum,23,0.800000011920929
gep17,00,2025-12-25,2026-01-17,gcrew,noaa_gefs,17,ShortwaveRadiation_Wm2,23,130
gep17,00,2025-12-25,2026-01-17,gcrew,noaa_gefs,17,WindSpeed_ms_mean,23,4.503928313302021
gep17,00,2025-12-25,2026-01-18,gcrew,noaa_gefs,17,AirTemp_C_mean,24,8.240655517578148
gep17,00,2025-12-25,2026-01-18,gcrew,noaa_gefs,17,Pressure_Pa,24,102885.134765625
gep17,00,2025-12-25,2026-01-18,gcrew,noaa_gefs,17,RH_percent_mean,24,67.80245590209961
gep17,00,2025-12-25,2026-01-18,gcrew,noaa_gefs,17,Rain_mm_sum,24,0
gep17,00,2025-12-25,2026-01-18,gcrew,noaa_gefs,17,ShortwaveRadiation_Wm2,24,128.5
gep17,00,2025-12-25,2026-01-18,gcrew,noaa_gefs,17,WindSpeed_ms_mean,24,3.7670321862484957
gep17,00,2025-12-25,2026-01-19,gcrew,noaa_gefs,17,AirTemp_C_mean,25,8.329751586914085
gep17,00,2025-12-25,2026-01-19,gcrew,noaa_gefs,17,Pressure_Pa,25,102533.533203125
gep17,00,2025-12-25,2026-01-19,gcrew,noaa_gefs,17,RH_percent_mean,25,78.15633964538574
gep17,00,2025-12-25,2026-01-19,gcrew,noaa_gefs,17,Rain_mm_sum,25,0
gep17,00,2025-12-25,2026-01-19,gcrew,noaa_gefs,17,ShortwaveRadiation_Wm2,25,60.75
gep17,00,2025-12-25,2026-01-19,gcrew,noaa_gefs,17,WindSpeed_ms_mean,25,5.590911795586785
gep17,00,2025-12-25,2026-01-20,gcrew,noaa_gefs,17,AirTemp_C_mean,26,8.121881103515648
gep17,00,2025-12-25,2026-01-20,gcrew,noaa_gefs,17,Pressure_Pa,26,101917.162109375
gep17,00,2025-12-25,2026-01-20,gcrew,noaa_gefs,17,RH_percent_mean,26,79.7828426361084
gep17,00,2025-12-25,2026-01-20,gcrew,noaa_gefs,17,Rain_mm_sum,26,0.699999988079071
gep17,00,2025-12-25,2026-01-20,gcrew,noaa_gefs,17,ShortwaveRadiation_Wm2,26,35
gep17,00,2025-12-25,2026-01-20,gcrew,noaa_gefs,17,WindSpeed_ms_mean,26,5.416574993003485
gep17,00,2025-12-25,2026-01-21,gcrew,noaa_gefs,17,AirTemp_C_mean,27,1.0910888671875227
gep17,00,2025-12-25,2026-01-21,gcrew,noaa_gefs,17,Pressure_Pa,27,102745.556640625
gep17,00,2025-12-25,2026-01-21,gcrew,noaa_gefs,17,RH_percent_mean,27,69.12549591064453
gep17,00,2025-12-25,2026-01-21,gcrew,noaa_gefs,17,Rain_mm_sum,27,1.2000000029802322
gep17,00,2025-12-25,2026-01-21,gcrew,noaa_gefs,17,ShortwaveRadiation_Wm2,27,28
gep17,00,2025-12-25,2026-01-21,gcrew,noaa_gefs,17,WindSpeed_ms_mean,27,5.47850488358735
gep17,00,2025-12-25,2026-01-22,gcrew,noaa_gefs,17,AirTemp_C_mean,28,5.676553344726585
gep17,00,2025-12-25,2026-01-22,gcrew,noaa_gefs,17,Pressure_Pa,28,100303.91796875
gep17,00,2025-12-25,2026-01-22,gcrew,noaa_gefs,17,RH_percent_mean,28,72.28020286560059
gep17,00,2025-12-25,2026-01-22,gcrew,noaa_gefs,17,Rain_mm_sum,28,11.300000190734863
gep17,00,2025-12-25,2026-01-22,gcrew,noaa_gefs,17,ShortwaveRadiation_Wm2,28,132
gep17,00,2025-12-25,2026-01-22,gcrew,noaa_gefs,17,WindSpeed_ms_mean,28,10.069496986572068
gep17,00,2025-12-25,2026-01-23,gcrew,noaa_gefs,17,AirTemp_C_mean,29,2.7060104370117415
gep17,00,2025-12-25,2026-01-23,gcrew,noaa_gefs,17,Pressure_Pa,29,101102.13671875
gep17,00,2025-12-25,2026-01-23,gcrew,noaa_gefs,17,RH_percent_mean,29,59.599411964416504
gep17,00,2025-12-25,2026-01-23,gcrew,noaa_gefs,17,Rain_mm_sum,29,0
gep17,00,2025-12-25,2026-01-23,gcrew,noaa_gefs,17,ShortwaveRadiation_Wm2,29,137.5
gep17,00,2025-12-25,2026-01-23,gcrew,noaa_gefs,17,WindSpeed_ms_mean,29,5.521899992654974
gep17,00,2025-12-25,2026-01-24,gcrew,noaa_gefs,17,AirTemp_C_mean,30,4.12842712402346
gep17,00,2025-12-25,2026-01-24,gcrew,noaa_gefs,17,Pressure_Pa,30,101227.48828125
gep17,00,2025-12-25,2026-01-24,gcrew,noaa_gefs,17,RH_percent_mean,30,72.47355461120605
gep17,00,2025-12-25,2026-01-24,gcrew,noaa_gefs,17,Rain_mm_sum,30,0
gep17,00,2025-12-25,2026-01-24,gcrew,noaa_gefs,17,ShortwaveRadiation_Wm2,30,127.25
gep17,00,2025-12-25,2026-01-24,gcrew,noaa_gefs,17,WindSpeed_ms_mean,30,5.117748884369503
gep17,00,2025-12-25,2026-01-25,gcrew,noaa_gefs,17,AirTemp_C_mean,31,-0.6562637329101335
gep17,00,2025-12-25,2026-01-25,gcrew,noaa_gefs,17,Pressure_Pa,31,101961.154296875
gep17,00,2025-12-25,2026-01-25,gcrew,noaa_gefs,17,RH_percent_mean,31,57.30247402191162
gep17,00,2025-12-25,2026-01-25,gcrew,noaa_gefs,17,Rain_mm_sum,31,0
gep17,00,2025-12-25,2026-01-25,gcrew,noaa_gefs,17,ShortwaveRadiation_Wm2,31,145.25
gep17,00,2025-12-25,2026-01-25,gcrew,noaa_gefs,17,WindSpeed_ms_mean,31,4.7448173419903386
gep17,00,2025-12-25,2026-01-26,gcrew,noaa_gefs,17,AirTemp_C_mean,32,2.824037170410179
gep17,00,2025-12-25,2026-01-26,gcrew,noaa_gefs,17,Pressure_Pa,32,101941.466796875
gep17,00,2025-12-25,2026-01-26,gcrew,noaa_gefs,17,RH_percent_mean,32,70.92254638671875
gep17,00,2025-12-25,2026-01-26,gcrew,noaa_gefs,17,Rain_mm_sum,32,0
gep17,00,2025-12-25,2026-01-26,gcrew,noaa_gefs,17,ShortwaveRadiation_Wm2,32,138.25
gep17,00,2025-12-25,2026-01-26,gcrew,noaa_gefs,17,WindSpeed_ms_mean,32,3.546680545310956
gep17,00,2025-12-25,2026-01-27,gcrew,noaa_gefs,17,AirTemp_C_mean,33,2.880342102050804
gep17,00,2025-12-25,2026-01-27,gcrew,noaa_gefs,17,Pressure_Pa,33,102457.599609375
gep17,00,2025-12-25,2026-01-27,gcrew,noaa_gefs,17,RH_percent_mean,33,78.3819751739502
gep17,00,2025-12-25,2026-01-27,gcrew,noaa_gefs,17,Rain_mm_sum,33,0
gep17,00,2025-12-25,2026-01-27,gcrew,noaa_gefs,17,ShortwaveRadiation_Wm2,33,142.5
gep17,00,2025-12-25,2026-01-27,gcrew,noaa_gefs,17,WindSpeed_ms_mean,33,3.633655032610908
gep17,00,2025-12-25,2026-01-28,gcrew,noaa_gefs,17,AirTemp_C_mean,34,4.36011657714846
gep17,00,2025-12-25,2026-01-28,gcrew,noaa_gefs,17,Pressure_Pa,34,102016.24609375
gep17,00,2025-12-25,2026-01-28,gcrew,noaa_gefs,17,RH_percent_mean,34,86.29985618591309
gep17,00,2025-12-25,2026-01-28,gcrew,noaa_gefs,17,Rain_mm_sum,34,0.20000000298023224
gep17,00,2025-12-25,2026-01-28,gcrew,noaa_gefs,17,ShortwaveRadiation_Wm2,34,67.25
gep17,00,2025-12-25,2026-01-28,gcrew,noaa_gefs,17,WindSpeed_ms_mean,34,2.304446884715268
gep18,00,2025-12-25,2025-12-26,gcrew,noaa_gefs,18,AirTemp_C_mean,1,1.4191566467285384
gep18,00,2025-12-25,2025-12-26,gcrew,noaa_gefs,18,Pressure_Pa,1,101883.013671875
gep18,00,2025-12-25,2025-12-26,gcrew,noaa_gefs,18,RH_percent_mean,1,59.10939836502075
gep18,00,2025-12-25,2025-12-26,gcrew,noaa_gefs,18,Rain_mm_sum,1,5.929999861866236
gep18,00,2025-12-25,2025-12-26,gcrew,noaa_gefs,18,ShortwaveRadiation_Wm2,1,52.5
gep18,00,2025-12-25,2025-12-26,gcrew,noaa_gefs,18,WindSpeed_ms_mean,1,5.719543666158366
gep18,00,2025-12-25,2025-12-27,gcrew,noaa_gefs,18,AirTemp_C_mean,2,4.553342437744163
gep18,00,2025-12-25,2025-12-27,gcrew,noaa_gefs,18,Pressure_Pa,2,101374.94921875
gep18,00,2025-12-25,2025-12-27,gcrew,noaa_gefs,18,RH_percent_mean,2,78.51494789123535
gep18,00,2025-12-25,2025-12-27,gcrew,noaa_gefs,18,Rain_mm_sum,2,5.500000089406967
gep18,00,2025-12-25,2025-12-27,gcrew,noaa_gefs,18,ShortwaveRadiation_Wm2,2,106.25
gep18,00,2025-12-25,2025-12-27,gcrew,noaa_gefs,18,WindSpeed_ms_mean,2,6.923660931417801
gep18,00,2025-12-25,2025-12-28,gcrew,noaa_gefs,18,AirTemp_C_mean,3,3.017091369628929
gep18,00,2025-12-25,2025-12-28,gcrew,noaa_gefs,18,Pressure_Pa,3,102237.642578125
gep18,00,2025-12-25,2025-12-28,gcrew,noaa_gefs,18,RH_percent_mean,3,72.99352979660034
gep18,00,2025-12-25,2025-12-28,gcrew,noaa_gefs,18,Rain_mm_sum,3,0
gep18,00,2025-12-25,2025-12-28,gcrew,noaa_gefs,18,ShortwaveRadiation_Wm2,3,105
gep18,00,2025-12-25,2025-12-28,gcrew,noaa_gefs,18,WindSpeed_ms_mean,3,2.948875395899818
gep18,00,2025-12-25,2025-12-29,gcrew,noaa_gefs,18,AirTemp_C_mean,4,8.150354003906273
gep18,00,2025-12-25,2025-12-29,gcrew,noaa_gefs,18,Pressure_Pa,4,100520.205078125
gep18,00,2025-12-25,2025-12-29,gcrew,noaa_gefs,18,RH_percent_mean,4,75.22460079193115
gep18,00,2025-12-25,2025-12-29,gcrew,noaa_gefs,18,Rain_mm_sum,4,0.8000000268220901
gep18,00,2025-12-25,2025-12-29,gcrew,noaa_gefs,18,ShortwaveRadiation_Wm2,4,62.5
gep18,00,2025-12-25,2025-12-29,gcrew,noaa_gefs,18,WindSpeed_ms_mean,4,7.362543468483011
gep18,00,2025-12-25,2025-12-30,gcrew,noaa_gefs,18,AirTemp_C_mean,5,0.325959777832054
gep18,00,2025-12-25,2025-12-30,gcrew,noaa_gefs,18,Pressure_Pa,5,100803.0263671875
gep18,00,2025-12-25,2025-12-30,gcrew,noaa_gefs,18,RH_percent_mean,5,53.082125186920166
gep18,00,2025-12-25,2025-12-30,gcrew,noaa_gefs,18,Rain_mm_sum,5,0
gep18,00,2025-12-25,2025-12-30,gcrew,noaa_gefs,18,ShortwaveRadiation_Wm2,5,100.5
gep18,00,2025-12-25,2025-12-30,gcrew,noaa_gefs,18,WindSpeed_ms_mean,5,8.02044107296069
gep18,00,2025-12-25,2025-12-31,gcrew,noaa_gefs,18,AirTemp_C_mean,6,-0.5309776306152116
gep18,00,2025-12-25,2025-12-31,gcrew,noaa_gefs,18,Pressure_Pa,6,101757.0849609375
gep18,00,2025-12-25,2025-12-31,gcrew,noaa_gefs,18,RH_percent_mean,6,49.53283452987671
gep18,00,2025-12-25,2025-12-31,gcrew,noaa_gefs,18,Rain_mm_sum,6,0
gep18,00,2025-12-25,2025-12-31,gcrew,noaa_gefs,18,ShortwaveRadiation_Wm2,6,116.25
gep18,00,2025-12-25,2025-12-31,gcrew,noaa_gefs,18,WindSpeed_ms_mean,6,5.239858882636157
gep18,00,2025-12-25,2026-01-01,gcrew,noaa_gefs,18,AirTemp_C_mean,7,3.5077911376953352
gep18,00,2025-12-25,2026-01-01,gcrew,noaa_gefs,18,Pressure_Pa,7,101793.2197265625
gep18,00,2025-12-25,2026-01-01,gcrew,noaa_gefs,18,RH_percent_mean,7,61.349281787872314
gep18,00,2025-12-25,2026-01-01,gcrew,noaa_gefs,18,Rain_mm_sum,7,0
gep18,00,2025-12-25,2026-01-01,gcrew,noaa_gefs,18,ShortwaveRadiation_Wm2,7,87.5
gep18,00,2025-12-25,2026-01-01,gcrew,noaa_gefs,18,WindSpeed_ms_mean,7,4.304550169616287
gep18,00,2025-12-25,2026-01-02,gcrew,noaa_gefs,18,AirTemp_C_mean,8,5.137780761718773
gep18,00,2025-12-25,2026-01-02,gcrew,noaa_gefs,18,Pressure_Pa,8,101893.263671875
gep18,00,2025-12-25,2026-01-02,gcrew,noaa_gefs,18,RH_percent_mean,8,76.17369937896729
gep18,00,2025-12-25,2026-01-02,gcrew,noaa_gefs,18,Rain_mm_sum,8,0
gep18,00,2025-12-25,2026-01-02,gcrew,noaa_gefs,18,ShortwaveRadiation_Wm2,8,99.375
gep18,00,2025-12-25,2026-01-02,gcrew,noaa_gefs,18,WindSpeed_ms_mean,8,2.9946754157667765
gep18,00,2025-12-25,2026-01-03,gcrew,noaa_gefs,18,AirTemp_C_mean,9,7.461868722098237
gep18,00,2025-12-25,2026-01-03,gcrew,noaa_gefs,18,Pressure_Pa,9,101427.07589285714
gep18,00,2025-12-25,2026-01-03,gcrew,noaa_gefs,18,RH_percent_mean,9,83.19520568847656
gep18,00,2025-12-25,2026-01-03,gcrew,noaa_gefs,18,Rain_mm_sum,9,0.6100000236183405
gep18,00,2025-12-25,2026-01-03,gcrew,noaa_gefs,18,ShortwaveRadiation_Wm2,9,25.714285714285715
gep18,00,2025-12-25,2026-01-03,gcrew,noaa_gefs,18,WindSpeed_ms_mean,9,5.107335579865194
gep18,00,2025-12-25,2026-01-04,gcrew,noaa_gefs,18,AirTemp_C_mean,10,10.889909362792991
gep18,00,2025-12-25,2026-01-04,gcrew,noaa_gefs,18,Pressure_Pa,10,101268.140625
gep18,00,2025-12-25,2026-01-04,gcrew,noaa_gefs,18,RH_percent_mean,10,86.44726371765137
gep18,00,2025-12-25,2026-01-04,gcrew,noaa_gefs,18,Rain_mm_sum,10,0
gep18,00,2025-12-25,2026-01-04,gcrew,noaa_gefs,18,ShortwaveRadiation_Wm2,10,85
gep18,00,2025-12-25,2026-01-04,gcrew,noaa_gefs,18,WindSpeed_ms_mean,10,3.600210788901469
gep18,00,2025-12-25,2026-01-05,gcrew,noaa_gefs,18,AirTemp_C_mean,11,14.514237976074241
gep18,00,2025-12-25,2026-01-05,gcrew,noaa_gefs,18,Pressure_Pa,11,100406.498046875
gep18,00,2025-12-25,2026-01-05,gcrew,noaa_gefs,18,RH_percent_mean,11,85.23000907897949
gep18,00,2025-12-25,2026-01-05,gcrew,noaa_gefs,18,Rain_mm_sum,11,3.7000000178813934
gep18,00,2025-12-25,2026-01-05,gcrew,noaa_gefs,18,ShortwaveRadiation_Wm2,11,42.5
gep18,00,2025-12-25,2026-01-05,gcrew,noaa_gefs,18,WindSpeed_ms_mean,11,5.815003334458832
gep18,00,2025-12-25,2026-01-06,gcrew,noaa_gefs,18,AirTemp_C_mean,12,4.505242919921898
gep18,00,2025-12-25,2026-01-06,gcrew,noaa_gefs,18,Pressure_Pa,12,100507.328125
gep18,00,2025-12-25,2026-01-06,gcrew,noaa_gefs,18,RH_percent_mean,12,62.17771530151367
gep18,00,2025-12-25,2026-01-06,gcrew,noaa_gefs,18,Rain_mm_sum,12,2.100000001490116
gep18,00,2025-12-25,2026-01-06,gcrew,noaa_gefs,18,ShortwaveRadiation_Wm2,12,120
gep18,00,2025-12-25,2026-01-06,gcrew,noaa_gefs,18,WindSpeed_ms_mean,12,7.1292139542536495
gep18,00,2025-12-25,2026-01-07,gcrew,noaa_gefs,18,AirTemp_C_mean,13,3.4188171386718977
gep18,00,2025-12-25,2026-01-07,gcrew,noaa_gefs,18,Pressure_Pa,13,101833.490234375
gep18,00,2025-12-25,2026-01-07,gcrew,noaa_gefs,18,RH_percent_mean,13,53.679908752441406
gep18,00,2025-12-25,2026-01-07,gcrew,noaa_gefs,18,Rain_mm_sum,13,0
gep18,00,2025-12-25,2026-01-07,gcrew,noaa_gefs,18,ShortwaveRadiation_Wm2,13,117.5
gep18,00,2025-12-25,2026-01-07,gcrew,noaa_gefs,18,WindSpeed_ms_mean,13,6.966477756083384
gep18,00,2025-12-25,2026-01-08,gcrew,noaa_gefs,18,AirTemp_C_mean,14,7.357942199707054
gep18,00,2025-12-25,2026-01-08,gcrew,noaa_gefs,18,Pressure_Pa,14,102328.623046875
gep18,00,2025-12-25,2026-01-08,gcrew,noaa_gefs,18,RH_percent_mean,14,55.181633949279785
gep18,00,2025-12-25,2026-01-08,gcrew,noaa_gefs,18,Rain_mm_sum,14,0
gep18,00,2025-12-25,2026-01-08,gcrew,noaa_gefs,18,ShortwaveRadiation_Wm2,14,121.5
gep18,00,2025-12-25,2026-01-08,gcrew,noaa_gefs,18,WindSpeed_ms_mean,14,4.329537463391383
gep18,00,2025-12-25,2026-01-09,gcrew,noaa_gefs,18,AirTemp_C_mean,15,6.292359924316429
gep18,00,2025-12-25,2026-01-09,gcrew,noaa_gefs,18,Pressure_Pa,15,102513.65625
gep18,00,2025-12-25,2026-01-09,gcrew,noaa_gefs,18,RH_percent_mean,15,66.9400224685669
gep18,00,2025-12-25,2026-01-09,gcrew,noaa_gefs,18,Rain_mm_sum,15,0
gep18,00,2025-12-25,2026-01-09,gcrew,noaa_gefs,18,ShortwaveRadiation_Wm2,15,116.5
gep18,00,2025-12-25,2026-01-09,gcrew,noaa_gefs,18,WindSpeed_ms_mean,15,4.169523961397145
gep18,00,2025-12-25,2026-01-10,gcrew,noaa_gefs,18,AirTemp_C_mean,16,8.230760192871116
gep18,00,2025-12-25,2026-01-10,gcrew,noaa_gefs,18,Pressure_Pa,16,100988.9765625
gep18,00,2025-12-25,2026-01-10,gcrew,noaa_gefs,18,RH_percent_mean,16,92.44572067260742
gep18,00,2025-12-25,2026-01-10,gcrew,noaa_gefs,18,Rain_mm_sum,16,47.500000953674316
gep18,00,2025-12-25,2026-01-10,gcrew,noaa_gefs,18,ShortwaveRadiation_Wm2,16,3.5
gep18,00,2025-12-25,2026-01-10,gcrew,noaa_gefs,18,WindSpeed_ms_mean,16,9.299799855644833
gep18,00,2025-12-25,2026-01-11,gcrew,noaa_gefs,18,AirTemp_C_mean,17,0.273957824707054
gep18,00,2025-12-25,2026-01-11,gcrew,noaa_gefs,18,Pressure_Pa,17,101742.986328125
gep18,00,2025-12-25,2026-01-11,gcrew,noaa_gefs,18,RH_percent_mean,17,69.99894523620605
gep18,00,2025-12-25,2026-01-11,gcrew,noaa_gefs,18,Rain_mm_sum,17,7.200000002980232
gep18,00,2025-12-25,2026-01-11,gcrew,noaa_gefs,18,ShortwaveRadiation_Wm2,17,127.25
gep18,00,2025-12-25,2026-01-11,gcrew,noaa_gefs,18,WindSpeed_ms_mean,17,7.6638541985328805
gep18,00,2025-12-25,2026-01-12,gcrew,noaa_gefs,18,AirTemp_C_mean,18,2.171846008300804
gep18,00,2025-12-25,2026-01-12,gcrew,noaa_gefs,18,Pressure_Pa,18,102770.083984375
gep18,00,2025-12-25,2026-01-12,gcrew,noaa_gefs,18,RH_percent_mean,18,69.03396034240723
gep18,00,2025-12-25,2026-01-12,gcrew,noaa_gefs,18,Rain_mm_sum,18,0
gep18,00,2025-12-25,2026-01-12,gcrew,noaa_gefs,18,ShortwaveRadiation_Wm2,18,127.5
gep18,00,2025-12-25,2026-01-12,gcrew,noaa_gefs,18,WindSpeed_ms_mean,18,3.4622293096336105
gep18,00,2025-12-25,2026-01-13,gcrew,noaa_gefs,18,AirTemp_C_mean,19,3.1381164550781477
gep18,00,2025-12-25,2026-01-13,gcrew,noaa_gefs,18,Pressure_Pa,19,102732.630859375
gep18,00,2025-12-25,2026-01-13,gcrew,noaa_gefs,18,RH_percent_mean,19,70.09601783752441
gep18,00,2025-12-25,2026-01-13,gcrew,noaa_gefs,18,Rain_mm_sum,19,0
gep18,00,2025-12-25,2026-01-13,gcrew,noaa_gefs,18,ShortwaveRadiation_Wm2,19,116.5
gep18,00,2025-12-25,2026-01-13,gcrew,noaa_gefs,18,WindSpeed_ms_mean,19,3.4455094842593312
gep18,00,2025-12-25,2026-01-14,gcrew,noaa_gefs,18,AirTemp_C_mean,20,4.095193481445335
gep18,00,2025-12-25,2026-01-14,gcrew,noaa_gefs,18,Pressure_Pa,20,102669.79296875
gep18,00,2025-12-25,2026-01-14,gcrew,noaa_gefs,18,RH_percent_mean,20,83.62176322937012
gep18,00,2025-12-25,2026-01-14,gcrew,noaa_gefs,18,Rain_mm_sum,20,0
gep18,00,2025-12-25,2026-01-14,gcrew,noaa_gefs,18,ShortwaveRadiation_Wm2,20,117.75
gep18,00,2025-12-25,2026-01-14,gcrew,noaa_gefs,18,WindSpeed_ms_mean,20,2.7496518864059034
gep18,00,2025-12-25,2026-01-15,gcrew,noaa_gefs,18,AirTemp_C_mean,21,4.34229431152346
gep18,00,2025-12-25,2026-01-15,gcrew,noaa_gefs,18,Pressure_Pa,21,102705.73828125
gep18,00,2025-12-25,2026-01-15,gcrew,noaa_gefs,18,RH_percent_mean,21,87.58064270019531
gep18,00,2025-12-25,2026-01-15,gcrew,noaa_gefs,18,Rain_mm_sum,21,0.10000000149011612
gep18,00,2025-12-25,2026-01-15,gcrew,noaa_gefs,18,ShortwaveRadiation_Wm2,21,94.5
gep18,00,2025-12-25,2026-01-15,gcrew,noaa_gefs,18,WindSpeed_ms_mean,21,3.556685238735195
gep18,00,2025-12-25,2026-01-16,gcrew,noaa_gefs,18,AirTemp_C_mean,22,12.23005065917971
gep18,00,2025-12-25,2026-01-16,gcrew,noaa_gefs,18,Pressure_Pa,22,100937.822265625
gep18,00,2025-12-25,2026-01-16,gcrew,noaa_gefs,18,RH_percent_mean,22,94.87235832214355
gep18,00,2025-12-25,2026-01-16,gcrew,noaa_gefs,18,Rain_mm_sum,22,22.100001096725464
gep18,00,2025-12-25,2026-01-16,gcrew,noaa_gefs,18,ShortwaveRadiation_Wm2,22,9.75
gep18,00,2025-12-25,2026-01-16,gcrew,noaa_gefs,18,WindSpeed_ms_mean,22,7.712571493864753
gep18,00,2025-12-25,2026-01-17,gcrew,noaa_gefs,18,AirTemp_C_mean,23,8.732659912109398
gep18,00,2025-12-25,2026-01-17,gcrew,noaa_gefs,18,Pressure_Pa,23,101839.7109375
gep18,00,2025-12-25,2026-01-17,gcrew,noaa_gefs,18,RH_percent_mean,23,72.87350654602051
gep18,00,2025-12-25,2026-01-17,gcrew,noaa_gefs,18,Rain_mm_sum,23,0.800000011920929
gep18,00,2025-12-25,2026-01-17,gcrew,noaa_gefs,18,ShortwaveRadiation_Wm2,23,130
gep18,00,2025-12-25,2026-01-17,gcrew,noaa_gefs,18,WindSpeed_ms_mean,23,4.503928313302021
gep18,00,2025-12-25,2026-01-18,gcrew,noaa_gefs,18,AirTemp_C_mean,24,8.240655517578148
gep18,00,2025-12-25,2026-01-18,gcrew,noaa_gefs,18,Pressure_Pa,24,102885.134765625
gep18,00,2025-12-25,2026-01-18,gcrew,noaa_gefs,18,RH_percent_mean,24,67.80245590209961
gep18,00,2025-12-25,2026-01-18,gcrew,noaa_gefs,18,Rain_mm_sum,24,0
gep18,00,2025-12-25,2026-01-18,gcrew,noaa_gefs,18,ShortwaveRadiation_Wm2,24,128.5
gep18,00,2025-12-25,2026-01-18,gcrew,noaa_gefs,18,WindSpeed_ms_mean,24,3.7670321862484957
gep18,00,2025-12-25,2026-01-19,gcrew,noaa_gefs,18,AirTemp_C_mean,25,8.329751586914085
gep18,00,2025-12-25,2026-01-19,gcrew,noaa_gefs,18,Pressure_Pa,25,102533.533203125
gep18,00,2025-12-25,2026-01-19,gcrew,noaa_gefs,18,RH_percent_mean,25,78.15633964538574
gep18,00,2025-12-25,2026-01-19,gcrew,noaa_gefs,18,Rain_mm_sum,25,0
gep18,00,2025-12-25,2026-01-19,gcrew,noaa_gefs,18,ShortwaveRadiation_Wm2,25,60.75
gep18,00,2025-12-25,2026-01-19,gcrew,noaa_gefs,18,WindSpeed_ms_mean,25,5.590911795586785
gep18,00,2025-12-25,2026-01-20,gcrew,noaa_gefs,18,AirTemp_C_mean,26,8.121881103515648
gep18,00,2025-12-25,2026-01-20,gcrew,noaa_gefs,18,Pressure_Pa,26,101917.162109375
gep18,00,2025-12-25,2026-01-20,gcrew,noaa_gefs,18,RH_percent_mean,26,79.7828426361084
gep18,00,2025-12-25,2026-01-20,gcrew,noaa_gefs,18,Rain_mm_sum,26,0.699999988079071
gep18,00,2025-12-25,2026-01-20,gcrew,noaa_gefs,18,ShortwaveRadiation_Wm2,26,35
gep18,00,2025-12-25,2026-01-20,gcrew,noaa_gefs,18,WindSpeed_ms_mean,26,5.416574993003485
gep18,00,2025-12-25,2026-01-21,gcrew,noaa_gefs,18,AirTemp_C_mean,27,1.0910888671875227
gep18,00,2025-12-25,2026-01-21,gcrew,noaa_gefs,18,Pressure_Pa,27,102745.556640625
gep18,00,2025-12-25,2026-01-21,gcrew,noaa_gefs,18,RH_percent_mean,27,69.12549591064453
gep18,00,2025-12-25,2026-01-21,gcrew,noaa_gefs,18,Rain_mm_sum,27,1.2000000029802322
gep18,00,2025-12-25,2026-01-21,gcrew,noaa_gefs,18,ShortwaveRadiation_Wm2,27,28
gep18,00,2025-12-25,2026-01-21,gcrew,noaa_gefs,18,WindSpeed_ms_mean,27,5.47850488358735
gep18,00,2025-12-25,2026-01-22,gcrew,noaa_gefs,18,AirTemp_C_mean,28,5.676553344726585
gep18,00,2025-12-25,2026-01-22,gcrew,noaa_gefs,18,Pressure_Pa,28,100303.91796875
gep18,00,2025-12-25,2026-01-22,gcrew,noaa_gefs,18,RH_percent_mean,28,72.28020286560059
gep18,00,2025-12-25,2026-01-22,gcrew,noaa_gefs,18,Rain_mm_sum,28,11.300000190734863
gep18,00,2025-12-25,2026-01-22,gcrew,noaa_gefs,18,ShortwaveRadiation_Wm2,28,132
gep18,00,2025-12-25,2026-01-22,gcrew,noaa_gefs,18,WindSpeed_ms_mean,28,10.069496986572068
gep18,00,2025-12-25,2026-01-23,gcrew,noaa_gefs,18,AirTemp_C_mean,29,2.7060104370117415
gep18,00,2025-12-25,2026-01-23,gcrew,noaa_gefs,18,Pressure_Pa,29,101102.13671875
gep18,00,2025-12-25,2026-01-23,gcrew,noaa_gefs,18,RH_percent_mean,29,59.599411964416504
gep18,00,2025-12-25,2026-01-23,gcrew,noaa_gefs,18,Rain_mm_sum,29,0
gep18,00,2025-12-25,2026-01-23,gcrew,noaa_gefs,18,ShortwaveRadiation_Wm2,29,137.5
gep18,00,2025-12-25,2026-01-23,gcrew,noaa_gefs,18,WindSpeed_ms_mean,29,5.521899992654974
gep18,00,2025-12-25,2026-01-24,gcrew,noaa_gefs,18,AirTemp_C_mean,30,4.12842712402346
gep18,00,2025-12-25,2026-01-24,gcrew,noaa_gefs,18,Pressure_Pa,30,101227.48828125
gep18,00,2025-12-25,2026-01-24,gcrew,noaa_gefs,18,RH_percent_mean,30,72.47355461120605
gep18,00,2025-12-25,2026-01-24,gcrew,noaa_gefs,18,Rain_mm_sum,30,0
gep18,00,2025-12-25,2026-01-24,gcrew,noaa_gefs,18,ShortwaveRadiation_Wm2,30,127.25
gep18,00,2025-12-25,2026-01-24,gcrew,noaa_gefs,18,WindSpeed_ms_mean,30,5.117748884369503
gep18,00,2025-12-25,2026-01-25,gcrew,noaa_gefs,18,AirTemp_C_mean,31,-0.6562637329101335
gep18,00,2025-12-25,2026-01-25,gcrew,noaa_gefs,18,Pressure_Pa,31,101961.154296875
gep18,00,2025-12-25,2026-01-25,gcrew,noaa_gefs,18,RH_percent_mean,31,57.30247402191162
gep18,00,2025-12-25,2026-01-25,gcrew,noaa_gefs,18,Rain_mm_sum,31,0
gep18,00,2025-12-25,2026-01-25,gcrew,noaa_gefs,18,ShortwaveRadiation_Wm2,31,145.25
gep18,00,2025-12-25,2026-01-25,gcrew,noaa_gefs,18,WindSpeed_ms_mean,31,4.7448173419903386
gep18,00,2025-12-25,2026-01-26,gcrew,noaa_gefs,18,AirTemp_C_mean,32,2.824037170410179
gep18,00,2025-12-25,2026-01-26,gcrew,noaa_gefs,18,Pressure_Pa,32,101941.466796875
gep18,00,2025-12-25,2026-01-26,gcrew,noaa_gefs,18,RH_percent_mean,32,70.92254638671875
gep18,00,2025-12-25,2026-01-26,gcrew,noaa_gefs,18,Rain_mm_sum,32,0
gep18,00,2025-12-25,2026-01-26,gcrew,noaa_gefs,18,ShortwaveRadiation_Wm2,32,138.25
gep18,00,2025-12-25,2026-01-26,gcrew,noaa_gefs,18,WindSpeed_ms_mean,32,3.546680545310956
gep18,00,2025-12-25,2026-01-27,gcrew,noaa_gefs,18,AirTemp_C_mean,33,2.880342102050804
gep18,00,2025-12-25,2026-01-27,gcrew,noaa_gefs,18,Pressure_Pa,33,102457.599609375
gep18,00,2025-12-25,2026-01-27,gcrew,noaa_gefs,18,RH_percent_mean,33,78.3819751739502
gep18,00,2025-12-25,2026-01-27,gcrew,noaa_gefs,18,Rain_mm_sum,33,0
gep18,00,2025-12-25,2026-01-27,gcrew,noaa_gefs,18,ShortwaveRadiation_Wm2,33,142.5
gep18,00,2025-12-25,2026-01-27,gcrew,noaa_gefs,18,WindSpeed_ms_mean,33,3.633655032610908
gep18,00,2025-12-25,2026-01-28,gcrew,noaa_gefs,18,AirTemp_C_mean,34,4.36011657714846
gep18,00,2025-12-25,2026-01-28,gcrew,noaa_gefs,18,Pressure_Pa,34,102016.24609375
gep18,00,2025-12-25,2026-01-28,gcrew,noaa_gefs,18,RH_percent_mean,34,86.29985618591309
gep18,00,2025-12-25,2026-01-28,gcrew,noaa_gefs,18,Rain_mm_sum,34,0.20000000298023224
gep18,00,2025-12-25,2026-01-28,gcrew,noaa_gefs,18,ShortwaveRadiation_Wm2,34,67.25
gep18,00,2025-12-25,2026-01-28,gcrew,noaa_gefs,18,WindSpeed_ms_mean,34,2.304446884715268
gep19,00,2025-12-25,2025-12-26,gcrew,noaa_gefs,19,AirTemp_C_mean,1,1.4191566467285384
gep19,00,2025-12-25,2025-12-26,gcrew,noaa_gefs,19,Pressure_Pa,1,101883.013671875
gep19,00,2025-12-25,2025-12-26,gcrew,noaa_gefs,19,RH_percent_mean,1,59.10939836502075
gep19,00,2025-12-25,2025-12-26,gcrew,noaa_gefs,19,Rain_mm_sum,1,5.929999861866236
gep19,00,2025-12-25,2025-12-26,gcrew,noaa_gefs,19,ShortwaveRadiation_Wm2,1,52.5
gep19,00,2025-12-25,2025-12-26,gcrew,noaa_gefs,19,WindSpeed_ms_mean,1,5.719543666158366
gep19,00,2025-12-25,2025-12-27,gcrew,noaa_gefs,19,AirTemp_C_mean,2,4.553342437744163
gep19,00,2025-12-25,2025-12-27,gcrew,noaa_gefs,19,Pressure_Pa,2,101374.94921875
gep19,00,2025-12-25,2025-12-27,gcrew,noaa_gefs,19,RH_percent_mean,2,78.51494789123535
gep19,00,2025-12-25,2025-12-27,gcrew,noaa_gefs,19,Rain_mm_sum,2,5.500000089406967
gep19,00,2025-12-25,2025-12-27,gcrew,noaa_gefs,19,ShortwaveRadiation_Wm2,2,106.25
gep19,00,2025-12-25,2025-12-27,gcrew,noaa_gefs,19,WindSpeed_ms_mean,2,6.923660931417801
gep19,00,2025-12-25,2025-12-28,gcrew,noaa_gefs,19,AirTemp_C_mean,3,3.017091369628929
gep19,00,2025-12-25,2025-12-28,gcrew,noaa_gefs,19,Pressure_Pa,3,102237.642578125
gep19,00,2025-12-25,2025-12-28,gcrew,noaa_gefs,19,RH_percent_mean,3,72.99352979660034
gep19,00,2025-12-25,2025-12-28,gcrew,noaa_gefs,19,Rain_mm_sum,3,0
gep19,00,2025-12-25,2025-12-28,gcrew,noaa_gefs,19,ShortwaveRadiation_Wm2,3,105
gep19,00,2025-12-25,2025-12-28,gcrew,noaa_gefs,19,WindSpeed_ms_mean,3,2.948875395899818
gep19,00,2025-12-25,2025-12-29,gcrew,noaa_gefs,19,AirTemp_C_mean,4,8.150354003906273
gep19,00,2025-12-25,2025-12-29,gcrew,noaa_gefs,19,Pressure_Pa,4,100520.205078125
gep19,00,2025-12-25,2025-12-29,gcrew,noaa_gefs,19,RH_percent_mean,4,75.22460079193115
gep19,00,2025-12-25,2025-12-29,gcrew,noaa_gefs,19,Rain_mm_sum,4,0.8000000268220901
gep19,00,2025-12-25,2025-12-29,gcrew,noaa_gefs,19,ShortwaveRadiation_Wm2,4,62.5
gep19,00,2025-12-25,2025-12-29,gcrew,noaa_gefs,19,WindSpeed_ms_mean,4,7.362543468483011
gep19,00,2025-12-25,2025-12-30,gcrew,noaa_gefs,19,AirTemp_C_mean,5,0.325959777832054
gep19,00,2025-12-25,2025-12-30,gcrew,noaa_gefs,19,Pressure_Pa,5,100803.0263671875
gep19,00,2025-12-25,2025-12-30,gcrew,noaa_gefs,19,RH_percent_mean,5,53.082125186920166
gep19,00,2025-12-25,2025-12-30,gcrew,noaa_gefs,19,Rain_mm_sum,5,0
gep19,00,2025-12-25,2025-12-30,gcrew,noaa_gefs,19,ShortwaveRadiation_Wm2,5,100.5
gep19,00,2025-12-25,2025-12-30,gcrew,noaa_gefs,19,WindSpeed_ms_mean,5,8.02044107296069
gep19,00,2025-12-25,2025-12-31,gcrew,noaa_gefs,19,AirTemp_C_mean,6,-0.5309776306152116
gep19,00,2025-12-25,2025-12-31,gcrew,noaa_gefs,19,Pressure_Pa,6,101757.0849609375
gep19,00,2025-12-25,2025-12-31,gcrew,noaa_gefs,19,RH_percent_mean,6,49.53283452987671
gep19,00,2025-12-25,2025-12-31,gcrew,noaa_gefs,19,Rain_mm_sum,6,0
gep19,00,2025-12-25,2025-12-31,gcrew,noaa_gefs,19,ShortwaveRadiation_Wm2,6,116.25
gep19,00,2025-12-25,2025-12-31,gcrew,noaa_gefs,19,WindSpeed_ms_mean,6,5.239858882636157
gep19,00,2025-12-25,2026-01-01,gcrew,noaa_gefs,19,AirTemp_C_mean,7,3.5077911376953352
gep19,00,2025-12-25,2026-01-01,gcrew,noaa_gefs,19,Pressure_Pa,7,101793.2197265625
gep19,00,2025-12-25,2026-01-01,gcrew,noaa_gefs,19,RH_percent_mean,7,61.349281787872314
gep19,00,2025-12-25,2026-01-01,gcrew,noaa_gefs,19,Rain_mm_sum,7,0
gep19,00,2025-12-25,2026-01-01,gcrew,noaa_gefs,19,ShortwaveRadiation_Wm2,7,87.5
gep19,00,2025-12-25,2026-01-01,gcrew,noaa_gefs,19,WindSpeed_ms_mean,7,4.304550169616287
gep19,00,2025-12-25,2026-01-02,gcrew,noaa_gefs,19,AirTemp_C_mean,8,5.137780761718773
gep19,00,2025-12-25,2026-01-02,gcrew,noaa_gefs,19,Pressure_Pa,8,101893.263671875
gep19,00,2025-12-25,2026-01-02,gcrew,noaa_gefs,19,RH_percent_mean,8,76.17369937896729
gep19,00,2025-12-25,2026-01-02,gcrew,noaa_gefs,19,Rain_mm_sum,8,0
gep19,00,2025-12-25,2026-01-02,gcrew,noaa_gefs,19,ShortwaveRadiation_Wm2,8,99.375
gep19,00,2025-12-25,2026-01-02,gcrew,noaa_gefs,19,WindSpeed_ms_mean,8,2.9946754157667765
gep19,00,2025-12-25,2026-01-03,gcrew,noaa_gefs,19,AirTemp_C_mean,9,7.461868722098237
gep19,00,2025-12-25,2026-01-03,gcrew,noaa_gefs,19,Pressure_Pa,9,101427.07589285714
gep19,00,2025-12-25,2026-01-03,gcrew,noaa_gefs,19,RH_percent_mean,9,83.19520568847656
gep19,00,2025-12-25,2026-01-03,gcrew,noaa_gefs,19,Rain_mm_sum,9,0.6100000236183405
gep19,00,2025-12-25,2026-01-03,gcrew,noaa_gefs,19,ShortwaveRadiation_Wm2,9,25.714285714285715
gep19,00,2025-12-25,2026-01-03,gcrew,noaa_gefs,19,WindSpeed_ms_mean,9,5.107335579865194
gep19,00,2025-12-25,2026-01-04,gcrew,noaa_gefs,19,AirTemp_C_mean,10,10.889909362792991
gep19,00,2025-12-25,2026-01-04,gcrew,noaa_gefs,19,Pressure_Pa,10,101268.140625
gep19,00,2025-12-25,2026-01-04,gcrew,noaa_gefs,19,RH_percent_mean,10,86.44726371765137
gep19,00,2025-12-25,2026-01-04,gcrew,noaa_gefs,19,Rain_mm_sum,10,0
gep19,00,2025-12-25,2026-01-04,gcrew,noaa_gefs,19,ShortwaveRadiation_Wm2,10,85
gep19,00,2025-12-25,2026-01-04,gcrew,noaa_gefs,19,WindSpeed_ms_mean,10,3.600210788901469
gep19,00,2025-12-25,2026-01-05,gcrew,noaa_gefs,19,AirTemp_C_mean,11,14.514237976074241
gep19,00,2025-12-25,2026-01-05,gcrew,noaa_gefs,19,Pressure_Pa,11,100406.498046875
gep19,00,2025-12-25,2026-01-05,gcrew,noaa_gefs,19,RH_percent_mean,11,85.23000907897949
gep19,00,2025-12-25,2026-01-05,gcrew,noaa_gefs,19,Rain_mm_sum,11,3.7000000178813934
gep19,00,2025-12-25,2026-01-05,gcrew,noaa_gefs,19,ShortwaveRadiation_Wm2,11,42.5
gep19,00,2025-12-25,2026-01-05,gcrew,noaa_gefs,19,WindSpeed_ms_mean,11,5.815003334458832
gep19,00,2025-12-25,2026-01-06,gcrew,noaa_gefs,19,AirTemp_C_mean,12,4.505242919921898
gep19,00,2025-12-25,2026-01-06,gcrew,noaa_gefs,19,Pressure_Pa,12,100507.328125
gep19,00,2025-12-25,2026-01-06,gcrew,noaa_gefs,19,RH_percent_mean,12,62.17771530151367
gep19,00,2025-12-25,2026-01-06,gcrew,noaa_gefs,19,Rain_mm_sum,12,2.100000001490116
gep19,00,2025-12-25,2026-01-06,gcrew,noaa_gefs,19,ShortwaveRadiation_Wm2,12,120
gep19,00,2025-12-25,2026-01-06,gcrew,noaa_gefs,19,WindSpeed_ms_mean,12,7.1292139542536495
gep19,00,2025-12-25,2026-01-07,gcrew,noaa_gefs,19,AirTemp_C_mean,13,3.4188171386718977
gep19,00,2025-12-25,2026-01-07,gcrew,noaa_gefs,19,Pressure_Pa,13,101833.490234375
gep19,00,2025-12-25,2026-01-07,gcrew,noaa_gefs,19,RH_percent_mean,13,53.679908752441406
gep19,00,2025-12-25,2026-01-07,gcrew,noaa_gefs,19,Rain_mm_sum,13,0
gep19,00,2025-12-25,2026-01-07,gcrew,noaa_gefs,19,ShortwaveRadiation_Wm2,13,117.5
gep19,00,2025-12-25,2026-01-07,gcrew,noaa_gefs,19,WindSpeed_ms_mean,13,6.966477756083384
gep19,00,2025-12-25,2026-01-08,gcrew,noaa_gefs,19,AirTemp_C_mean,14,7.357942199707054
gep19,00,2025-12-25,2026-01-08,gcrew,noaa_gefs,19,Pressure_Pa,14,102328.623046875
gep19,00,2025-12-25,2026-01-08,gcrew,noaa_gefs,19,RH_percent_mean,14,55.181633949279785
gep19,00,2025-12-25,2026-01-08,gcrew,noaa_gefs,19,Rain_mm_sum,14,0
gep19,00,2025-12-25,2026-01-08,gcrew,noaa_gefs,19,ShortwaveRadiation_Wm2,14,121.5
gep19,00,2025-12-25,2026-01-08,gcrew,noaa_gefs,19,WindSpeed_ms_mean,14,4.329537463391383
gep19,00,2025-12-25,2026-01-09,gcrew,noaa_gefs,19,AirTemp_C_mean,15,6.292359924316429
gep19,00,2025-12-25,2026-01-09,gcrew,noaa_gefs,19,Pressure_Pa,15,102513.65625
gep19,00,2025-12-25,2026-01-09,gcrew,noaa_gefs,19,RH_percent_mean,15,66.9400224685669
gep19,00,2025-12-25,2026-01-09,gcrew,noaa_gefs,19,Rain_mm_sum,15,0
gep19,00,2025-12-25,2026-01-09,gcrew,noaa_gefs,19,ShortwaveRadiation_Wm2,15,116.5
gep19,00,2025-12-25,2026-01-09,gcrew,noaa_gefs,19,WindSpeed_ms_mean,15,4.169523961397145
gep19,00,2025-12-25,2026-01-10,gcrew,noaa_gefs,19,AirTemp_C_mean,16,8.230760192871116
gep19,00,2025-12-25,2026-01-10,gcrew,noaa_gefs,19,Pressure_Pa,16,100988.9765625
gep19,00,2025-12-25,2026-01-10,gcrew,noaa_gefs,19,RH_percent_mean,16,92.44572067260742
gep19,00,2025-12-25,2026-01-10,gcrew,noaa_gefs,19,Rain_mm_sum,16,47.500000953674316
gep19,00,2025-12-25,2026-01-10,gcrew,noaa_gefs,19,ShortwaveRadiation_Wm2,16,3.5
gep19,00,2025-12-25,2026-01-10,gcrew,noaa_gefs,19,WindSpeed_ms_mean,16,9.299799855644833
gep19,00,2025-12-25,2026-01-11,gcrew,noaa_gefs,19,AirTemp_C_mean,17,0.273957824707054
gep19,00,2025-12-25,2026-01-11,gcrew,noaa_gefs,19,Pressure_Pa,17,101742.986328125
gep19,00,2025-12-25,2026-01-11,gcrew,noaa_gefs,19,RH_percent_mean,17,69.99894523620605
gep19,00,2025-12-25,2026-01-11,gcrew,noaa_gefs,19,Rain_mm_sum,17,7.200000002980232
gep19,00,2025-12-25,2026-01-11,gcrew,noaa_gefs,19,ShortwaveRadiation_Wm2,17,127.25
gep19,00,2025-12-25,2026-01-11,gcrew,noaa_gefs,19,WindSpeed_ms_mean,17,7.6638541985328805
gep19,00,2025-12-25,2026-01-12,gcrew,noaa_gefs,19,AirTemp_C_mean,18,2.171846008300804
gep19,00,2025-12-25,2026-01-12,gcrew,noaa_gefs,19,Pressure_Pa,18,102770.083984375
gep19,00,2025-12-25,2026-01-12,gcrew,noaa_gefs,19,RH_percent_mean,18,69.03396034240723
gep19,00,2025-12-25,2026-01-12,gcrew,noaa_gefs,19,Rain_mm_sum,18,0
gep19,00,2025-12-25,2026-01-12,gcrew,noaa_gefs,19,ShortwaveRadiation_Wm2,18,127.5
gep19,00,2025-12-25,2026-01-12,gcrew,noaa_gefs,19,WindSpeed_ms_mean,18,3.4622293096336105
gep19,00,2025-12-25,2026-01-13,gcrew,noaa_gefs,19,AirTemp_C_mean,19,3.1381164550781477
gep19,00,2025-12-25,2026-01-13,gcrew,noaa_gefs,19,Pressure_Pa,19,102732.630859375
gep19,00,2025-12-25,2026-01-13,gcrew,noaa_gefs,19,RH_percent_mean,19,70.09601783752441
gep19,00,2025-12-25,2026-01-13,gcrew,noaa_gefs,19,Rain_mm_sum,19,0
gep19,00,2025-12-25,2026-01-13,gcrew,noaa_gefs,19,ShortwaveRadiation_Wm2,19,116.5
gep19,00,2025-12-25,2026-01-13,gcrew,noaa_gefs,19,WindSpeed_ms_mean,19,3.4455094842593312
gep19,00,2025-12-25,2026-01-14,gcrew,noaa_gefs,19,AirTemp_C_mean,20,4.095193481445335
gep19,00,2025-12-25,2026-01-14,gcrew,noaa_gefs,19,Pressure_Pa,20,102669.79296875
gep19,00,2025-12-25,2026-01-14,gcrew,noaa_gefs,19,RH_percent_mean,20,83.62176322937012
gep19,00,2025-12-25,2026-01-14,gcrew,noaa_gefs,19,Rain_mm_sum,20,0
gep19,00,2025-12-25,2026-01-14,gcrew,noaa_gefs,19,ShortwaveRadiation_Wm2,20,117.75
gep19,00,2025-12-25,2026-01-14,gcrew,noaa_gefs,19,WindSpeed_ms_mean,20,2.7496518864059034
gep19,00,2025-12-25,2026-01-15,gcrew,noaa_gefs,19,AirTemp_C_mean,21,4.34229431152346
gep19,00,2025-12-25,2026-01-15,gcrew,noaa_gefs,19,Pressure_Pa,21,102705.73828125
gep19,00,2025-12-25,2026-01-15,gcrew,noaa_gefs,19,RH_percent_mean,21,87.58064270019531
gep19,00,2025-12-25,2026-01-15,gcrew,noaa_gefs,19,Rain_mm_sum,21,0.10000000149011612
gep19,00,2025-12-25,2026-01-15,gcrew,noaa_gefs,19,ShortwaveRadiation_Wm2,21,94.5
gep19,00,2025-12-25,2026-01-15,gcrew,noaa_gefs,19,WindSpeed_ms_mean,21,3.556685238735195
gep19,00,2025-12-25,2026-01-16,gcrew,noaa_gefs,19,AirTemp_C_mean,22,12.23005065917971
gep19,00,2025-12-25,2026-01-16,gcrew,noaa_gefs,19,Pressure_Pa,22,100937.822265625
gep19,00,2025-12-25,2026-01-16,gcrew,noaa_gefs,19,RH_percent_mean,22,94.87235832214355
gep19,00,2025-12-25,2026-01-16,gcrew,noaa_gefs,19,Rain_mm_sum,22,22.100001096725464
gep19,00,2025-12-25,2026-01-16,gcrew,noaa_gefs,19,ShortwaveRadiation_Wm2,22,9.75
gep19,00,2025-12-25,2026-01-16,gcrew,noaa_gefs,19,WindSpeed_ms_mean,22,7.712571493864753
gep19,00,2025-12-25,2026-01-17,gcrew,noaa_gefs,19,AirTemp_C_mean,23,8.732659912109398
gep19,00,2025-12-25,2026-01-17,gcrew,noaa_gefs,19,Pressure_Pa,23,101839.7109375
gep19,00,2025-12-25,2026-01-17,gcrew,noaa_gefs,19,RH_percent_mean,23,72.87350654602051
gep19,00,2025-12-25,2026-01-17,gcrew,noaa_gefs,19,Rain_mm_sum,23,0.800000011920929
gep19,00,2025-12-25,2026-01-17,gcrew,noaa_gefs,19,ShortwaveRadiation_Wm2,23,130
gep19,00,2025-12-25,2026-01-17,gcrew,noaa_gefs,19,WindSpeed_ms_mean,23,4.503928313302021
gep19,00,2025-12-25,2026-01-18,gcrew,noaa_gefs,19,AirTemp_C_mean,24,8.240655517578148
gep19,00,2025-12-25,2026-01-18,gcrew,noaa_gefs,19,Pressure_Pa,24,102885.134765625
gep19,00,2025-12-25,2026-01-18,gcrew,noaa_gefs,19,RH_percent_mean,24,67.80245590209961
gep19,00,2025-12-25,2026-01-18,gcrew,noaa_gefs,19,Rain_mm_sum,24,0
gep19,00,2025-12-25,2026-01-18,gcrew,noaa_gefs,19,ShortwaveRadiation_Wm2,24,128.5
gep19,00,2025-12-25,2026-01-18,gcrew,noaa_gefs,19,WindSpeed_ms_mean,24,3.7670321862484957
gep19,00,2025-12-25,2026-01-19,gcrew,noaa_gefs,19,AirTemp_C_mean,25,8.329751586914085
gep19,00,2025-12-25,2026-01-19,gcrew,noaa_gefs,19,Pressure_Pa,25,102533.533203125
gep19,00,2025-12-25,2026-01-19,gcrew,noaa_gefs,19,RH_percent_mean,25,78.15633964538574
gep19,00,2025-12-25,2026-01-19,gcrew,noaa_gefs,19,Rain_mm_sum,25,0
gep19,00,2025-12-25,2026-01-19,gcrew,noaa_gefs,19,ShortwaveRadiation_Wm2,25,60.75
gep19,00,2025-12-25,2026-01-19,gcrew,noaa_gefs,19,WindSpeed_ms_mean,25,5.590911795586785
gep19,00,2025-12-25,2026-01-20,gcrew,noaa_gefs,19,AirTemp_C_mean,26,8.121881103515648
gep19,00,2025-12-25,2026-01-20,gcrew,noaa_gefs,19,Pressure_Pa,26,101917.162109375
gep19,00,2025-12-25,2026-01-20,gcrew,noaa_gefs,19,RH_percent_mean,26,79.7828426361084
gep19,00,2025-12-25,2026-01-20,gcrew,noaa_gefs,19,Rain_mm_sum,26,0.699999988079071
gep19,00,2025-12-25,2026-01-20,gcrew,noaa_gefs,19,ShortwaveRadiation_Wm2,26,35
gep19,00,2025-12-25,2026-01-20,gcrew,noaa_gefs,19,WindSpeed_ms_mean,26,5.416574993003485
gep19,00,2025-12-25,2026-01-21,gcrew,noaa_gefs,19,AirTemp_C_mean,27,1.0910888671875227
gep19,00,2025-12-25,2026-01-21,gcrew,noaa_gefs,19,Pressure_Pa,27,102745.556640625
gep19,00,2025-12-25,2026-01-21,gcrew,noaa_gefs,19,RH_percent_mean,27,69.12549591064453
gep19,00,2025-12-25,2026-01-21,gcrew,noaa_gefs,19,Rain_mm_sum,27,1.2000000029802322
gep19,00,2025-12-25,2026-01-21,gcrew,noaa_gefs,19,ShortwaveRadiation_Wm2,27,28
gep19,00,2025-12-25,2026-01-21,gcrew,noaa_gefs,19,WindSpeed_ms_mean,27,5.47850488358735
gep19,00,2025-12-25,2026-01-22,gcrew,noaa_gefs,19,AirTemp_C_mean,28,5.676553344726585
gep19,00,2025-12-25,2026-01-22,gcrew,noaa_gefs,19,Pressure_Pa,28,100303.91796875
gep19,00,2025-12-25,2026-01-22,gcrew,noaa_gefs,19,RH_percent_mean,28,72.28020286560059
gep19,00,2025-12-25,2026-01-22,gcrew,noaa_gefs,19,Rain_mm_sum,28,11.300000190734863
gep19,00,2025-12-25,2026-01-22,gcrew,noaa_gefs,19,ShortwaveRadiation_Wm2,28,132
gep19,00,2025-12-25,2026-01-22,gcrew,noaa_gefs,19,WindSpeed_ms_mean,28,10.069496986572068
gep19,00,2025-12-25,2026-01-23,gcrew,noaa_gefs,19,AirTemp_C_mean,29,2.7060104370117415
gep19,00,2025-12-25,2026-01-23,gcrew,noaa_gefs,19,Pressure_Pa,29,101102.13671875
gep19,00,2025-12-25,2026-01-23,gcrew,noaa_gefs,19,RH_percent_mean,29,59.599411964416504
gep19,00,2025-12-25,2026-01-23,gcrew,noaa_gefs,19,Rain_mm_sum,29,0
gep19,00,2025-12-25,2026-01-23,gcrew,noaa_gefs,19,ShortwaveRadiation_Wm2,29,137.5
gep19,00,2025-12-25,2026-01-23,gcrew,noaa_gefs,19,WindSpeed_ms_mean,29,5.521899992654974
gep19,00,2025-12-25,2026-01-24,gcrew,noaa_gefs,19,AirTemp_C_mean,30,4.12842712402346
gep19,00,2025-12-25,2026-01-24,gcrew,noaa_gefs,19,Pressure_Pa,30,101227.48828125
gep19,00,2025-12-25,2026-01-24,gcrew,noaa_gefs,19,RH_percent_mean,30,72.47355461120605
gep19,00,2025-12-25,2026-01-24,gcrew,noaa_gefs,19,Rain_mm_sum,30,0
gep19,00,2025-12-25,2026-01-24,gcrew,noaa_gefs,19,ShortwaveRadiation_Wm2,30,127.25
gep19,00,2025-12-25,2026-01-24,gcrew,noaa_gefs,19,WindSpeed_ms_mean,30,5.117748884369503
gep19,00,2025-12-25,2026-01-25,gcrew,noaa_gefs,19,AirTemp_C_mean,31,-0.6562637329101335
gep19,00,2025-12-25,2026-01-25,gcrew,noaa_gefs,19,Pressure_Pa,31,101961.154296875
gep19,00,2025-12-25,2026-01-25,gcrew,noaa_gefs,19,RH_percent_mean,31,57.30247402191162
gep19,00,2025-12-25,2026-01-25,gcrew,noaa_gefs,19,Rain_mm_sum,31,0
gep19,00,2025-12-25,2026-01-25,gcrew,noaa_gefs,19,ShortwaveRadiation_Wm2,31,145.25
gep19,00,2025-12-25,2026-01-25,gcrew,noaa_gefs,19,WindSpeed_ms_mean,31,4.7448173419903386
gep19,00,2025-12-25,2026-01-26,gcrew,noaa_gefs,19,AirTemp_C_mean,32,2.824037170410179
gep19,00,2025-12-25,2026-01-26,gcrew,noaa_gefs,19,Pressure_Pa,32,101941.466796875
gep19,00,2025-12-25,2026-01-26,gcrew,noaa_gefs,19,RH_percent_mean,32,70.92254638671875
gep19,00,2025-12-25,2026-01-26,gcrew,noaa_gefs,19,Rain_mm_sum,32,0
gep19,00,2025-12-25,2026-01-26,gcrew,noaa_gefs,19,ShortwaveRadiation_Wm2,32,138.25
gep19,00,2025-12-25,2026-01-26,gcrew,noaa_gefs,19,WindSpeed_ms_mean,32,3.546680545310956
gep19,00,2025-12-25,2026-01-27,gcrew,noaa_gefs,19,AirTemp_C_mean,33,2.880342102050804
gep19,00,2025-12-25,2026-01-27,gcrew,noaa_gefs,19,Pressure_Pa,33,102457.599609375
gep19,00,2025-12-25,2026-01-27,gcrew,noaa_gefs,19,RH_percent_mean,33,78.3819751739502
gep19,00,2025-12-25,2026-01-27,gcrew,noaa_gefs,19,Rain_mm_sum,33,0
gep19,00,2025-12-25,2026-01-27,gcrew,noaa_gefs,19,ShortwaveRadiation_Wm2,33,142.5
gep19,00,2025-12-25,2026-01-27,gcrew,noaa_gefs,19,WindSpeed_ms_mean,33,3.633655032610908
gep19,00,2025-12-25,2026-01-28,gcrew,noaa_gefs,19,AirTemp_C_mean,34,4.36011657714846
gep19,00,2025-12-25,2026-01-28,gcrew,noaa_gefs,19,Pressure_Pa,34,102016.24609375
gep19,00,2025-12-25,2026-01-28,gcrew,noaa_gefs,19,RH_percent_mean,34,86.29985618591309
gep19,00,2025-12-25,2026-01-28,gcrew,noaa_gefs,19,Rain_mm_sum,34,0.20000000298023224
gep19,00,2025-12-25,2026-01-28,gcrew,noaa_gefs,19,ShortwaveRadiation_Wm2,34,67.25
gep19,00,2025-12-25,2026-01-28,gcrew,noaa_gefs,19,WindSpeed_ms_mean,34,2.304446884715268
gep20,00,2025-12-25,2025-12-26,gcrew,noaa_gefs,20,AirTemp_C_mean,1,1.4191566467285384
gep20,00,2025-12-25,2025-12-26,gcrew,noaa_gefs,20,Pressure_Pa,1,101883.013671875
gep20,00,2025-12-25,2025-12-26,gcrew,noaa_gefs,20,RH_percent_mean,1,59.10939836502075
gep20,00,2025-12-25,2025-12-26,gcrew,noaa_gefs,20,Rain_mm_sum,1,5.929999861866236
gep20,00,2025-12-25,2025-12-26,gcrew,noaa_gefs,20,ShortwaveRadiation_Wm2,1,52.5
gep20,00,2025-12-25,2025-12-26,gcrew,noaa_gefs,20,WindSpeed_ms_mean,1,5.719543666158366
gep20,00,2025-12-25,2025-12-27,gcrew,noaa_gefs,20,AirTemp_C_mean,2,4.553342437744163
gep20,00,2025-12-25,2025-12-27,gcrew,noaa_gefs,20,Pressure_Pa,2,101374.94921875
gep20,00,2025-12-25,2025-12-27,gcrew,noaa_gefs,20,RH_percent_mean,2,78.51494789123535
gep20,00,2025-12-25,2025-12-27,gcrew,noaa_gefs,20,Rain_mm_sum,2,5.500000089406967
gep20,00,2025-12-25,2025-12-27,gcrew,noaa_gefs,20,ShortwaveRadiation_Wm2,2,106.25
gep20,00,2025-12-25,2025-12-27,gcrew,noaa_gefs,20,WindSpeed_ms_mean,2,6.923660931417801
gep20,00,2025-12-25,2025-12-28,gcrew,noaa_gefs,20,AirTemp_C_mean,3,3.017091369628929
gep20,00,2025-12-25,2025-12-28,gcrew,noaa_gefs,20,Pressure_Pa,3,102237.642578125
gep20,00,2025-12-25,2025-12-28,gcrew,noaa_gefs,20,RH_percent_mean,3,72.99352979660034
gep20,00,2025-12-25,2025-12-28,gcrew,noaa_gefs,20,Rain_mm_sum,3,0
gep20,00,2025-12-25,2025-12-28,gcrew,noaa_gefs,20,ShortwaveRadiation_Wm2,3,105
gep20,00,2025-12-25,2025-12-28,gcrew,noaa_gefs,20,WindSpeed_ms_mean,3,2.948875395899818
gep20,00,2025-12-25,2025-12-29,gcrew,noaa_gefs,20,AirTemp_C_mean,4,8.150354003906273
gep20,00,2025-12-25,2025-12-29,gcrew,noaa_gefs,20,Pressure_Pa,4,100520.205078125
gep20,00,2025-12-25,2025-12-29,gcrew,noaa_gefs,20,RH_percent_mean,4,75.22460079193115
gep20,00,2025-12-25,2025-12-29,gcrew,noaa_gefs,20,Rain_mm_sum,4,0.8000000268220901
gep20,00,2025-12-25,2025-12-29,gcrew,noaa_gefs,20,ShortwaveRadiation_Wm2,4,62.5
gep20,00,2025-12-25,2025-12-29,gcrew,noaa_gefs,20,WindSpeed_ms_mean,4,7.362543468483011
gep20,00,2025-12-25,2025-12-30,gcrew,noaa_gefs,20,AirTemp_C_mean,5,0.325959777832054
gep20,00,2025-12-25,2025-12-30,gcrew,noaa_gefs,20,Pressure_Pa,5,100803.0263671875
gep20,00,2025-12-25,2025-12-30,gcrew,noaa_gefs,20,RH_percent_mean,5,53.082125186920166
gep20,00,2025-12-25,2025-12-30,gcrew,noaa_gefs,20,Rain_mm_sum,5,0
gep20,00,2025-12-25,2025-12-30,gcrew,noaa_gefs,20,ShortwaveRadiation_Wm2,5,100.5
gep20,00,2025-12-25,2025-12-30,gcrew,noaa_gefs,20,WindSpeed_ms_mean,5,8.02044107296069
gep20,00,2025-12-25,2025-12-31,gcrew,noaa_gefs,20,AirTemp_C_mean,6,-0.5309776306152116
gep20,00,2025-12-25,2025-12-31,gcrew,noaa_gefs,20,Pressure_Pa,6,101757.0849609375
gep20,00,2025-12-25,2025-12-31,gcrew,noaa_gefs,20,RH_percent_mean,6,49.53283452987671
gep20,00,2025-12-25,2025-12-31,gcrew,noaa_gefs,20,Rain_mm_sum,6,0
gep20,00,2025-12-25,2025-12-31,gcrew,noaa_gefs,20,ShortwaveRadiation_Wm2,6,116.25
gep20,00,2025-12-25,2025-12-31,gcrew,noaa_gefs,20,WindSpeed_ms_mean,6,5.239858882636157
gep20,00,2025-12-25,2026-01-01,gcrew,noaa_gefs,20,AirTemp_C_mean,7,3.5077911376953352
gep20,00,2025-12-25,2026-01-01,gcrew,noaa_gefs,20,Pressure_Pa,7,101793.2197265625
gep20,00,2025-12-25,2026-01-01,gcrew,noaa_gefs,20,RH_percent_mean,7,61.349281787872314
gep20,00,2025-12-25,2026-01-01,gcrew,noaa_gefs,20,Rain_mm_sum,7,0
gep20,00,2025-12-25,2026-01-01,gcrew,noaa_gefs,20,ShortwaveRadiation_Wm2,7,87.5
gep20,00,2025-12-25,2026-01-01,gcrew,noaa_gefs,20,WindSpeed_ms_mean,7,4.304550169616287
gep20,00,2025-12-25,2026-01-02,gcrew,noaa_gefs,20,AirTemp_C_mean,8,5.137780761718773
gep20,00,2025-12-25,2026-01-02,gcrew,noaa_gefs,20,Pressure_Pa,8,101893.263671875
gep20,00,2025-12-25,2026-01-02,gcrew,noaa_gefs,20,RH_percent_mean,8,76.17369937896729
gep20,00,2025-12-25,2026-01-02,gcrew,noaa_gefs,20,Rain_mm_sum,8,0
gep20,00,2025-12-25,2026-01-02,gcrew,noaa_gefs,20,ShortwaveRadiation_Wm2,8,99.375
gep20,00,2025-12-25,2026-01-02,gcrew,noaa_gefs,20,WindSpeed_ms_mean,8,2.9946754157667765
gep20,00,2025-12-25,2026-01-03,gcrew,noaa_gefs,20,AirTemp_C_mean,9,7.461868722098237
gep20,00,2025-12-25,2026-01-03,gcrew,noaa_gefs,20,Pressure_Pa,9,101427.07589285714
gep20,00,2025-12-25,2026-01-03,gcrew,noaa_gefs,20,RH_percent_mean,9,83.19520568847656
gep20,00,2025-12-25,2026-01-03,gcrew,noaa_gefs,20,Rain_mm_sum,9,0.6100000236183405
gep20,00,2025-12-25,2026-01-03,gcrew,noaa_gefs,20,ShortwaveRadiation_Wm2,9,25.714285714285715
gep20,00,2025-12-25,2026-01-03,gcrew,noaa_gefs,20,WindSpeed_ms_mean,9,5.107335579865194
gep20,00,2025-12-25,2026-01-04,gcrew,noaa_gefs,20,AirTemp_C_mean,10,10.889909362792991
gep20,00,2025-12-25,2026-01-04,gcrew,noaa_gefs,20,Pressure_Pa,10,101268.140625
gep20,00,2025-12-25,2026-01-04,gcrew,noaa_gefs,20,RH_percent_mean,10,86.44726371765137
gep20,00,2025-12-25,2026-01-04,gcrew,noaa_gefs,20,Rain_mm_sum,10,0
gep20,00,2025-12-25,2026-01-04,gcrew,noaa_gefs,20,ShortwaveRadiation_Wm2,10,85
gep20,00,2025-12-25,2026-01-04,gcrew,noaa_gefs,20,WindSpeed_ms_mean,10,3.600210788901469
gep20,00,2025-12-25,2026-01-05,gcrew,noaa_gefs,20,AirTemp_C_mean,11,14.514237976074241
gep20,00,2025-12-25,2026-01-05,gcrew,noaa_gefs,20,Pressure_Pa,11,100406.498046875
gep20,00,2025-12-25,2026-01-05,gcrew,noaa_gefs,20,RH_percent_mean,11,85.23000907897949
gep20,00,2025-12-25,2026-01-05,gcrew,noaa_gefs,20,Rain_mm_sum,11,3.7000000178813934
gep20,00,2025-12-25,2026-01-05,gcrew,noaa_gefs,20,ShortwaveRadiation_Wm2,11,42.5
gep20,00,2025-12-25,2026-01-05,gcrew,noaa_gefs,20,WindSpeed_ms_mean,11,5.815003334458832
gep20,00,2025-12-25,2026-01-06,gcrew,noaa_gefs,20,AirTemp_C_mean,12,4.505242919921898
gep20,00,2025-12-25,2026-01-06,gcrew,noaa_gefs,20,Pressure_Pa,12,100507.328125
gep20,00,2025-12-25,2026-01-06,gcrew,noaa_gefs,20,RH_percent_mean,12,62.17771530151367
gep20,00,2025-12-25,2026-01-06,gcrew,noaa_gefs,20,Rain_mm_sum,12,2.100000001490116
gep20,00,2025-12-25,2026-01-06,gcrew,noaa_gefs,20,ShortwaveRadiation_Wm2,12,120
gep20,00,2025-12-25,2026-01-06,gcrew,noaa_gefs,20,WindSpeed_ms_mean,12,7.1292139542536495
gep20,00,2025-12-25,2026-01-07,gcrew,noaa_gefs,20,AirTemp_C_mean,13,3.4188171386718977
gep20,00,2025-12-25,2026-01-07,gcrew,noaa_gefs,20,Pressure_Pa,13,101833.490234375
gep20,00,2025-12-25,2026-01-07,gcrew,noaa_gefs,20,RH_percent_mean,13,53.679908752441406
gep20,00,2025-12-25,2026-01-07,gcrew,noaa_gefs,20,Rain_mm_sum,13,0
gep20,00,2025-12-25,2026-01-07,gcrew,noaa_gefs,20,ShortwaveRadiation_Wm2,13,117.5
gep20,00,2025-12-25,2026-01-07,gcrew,noaa_gefs,20,WindSpeed_ms_mean,13,6.966477756083384
gep20,00,2025-12-25,2026-01-08,gcrew,noaa_gefs,20,AirTemp_C_mean,14,7.357942199707054
gep20,00,2025-12-25,2026-01-08,gcrew,noaa_gefs,20,Pressure_Pa,14,102328.623046875
gep20,00,2025-12-25,2026-01-08,gcrew,noaa_gefs,20,RH_percent_mean,14,55.181633949279785
gep20,00,2025-12-25,2026-01-08,gcrew,noaa_gefs,20,Rain_mm_sum,14,0
gep20,00,2025-12-25,2026-01-08,gcrew,noaa_gefs,20,ShortwaveRadiation_Wm2,14,121.5
gep20,00,2025-12-25,2026-01-08,gcrew,noaa_gefs,20,WindSpeed_ms_mean,14,4.329537463391383
gep20,00,2025-12-25,2026-01-09,gcrew,noaa_gefs,20,AirTemp_C_mean,15,6.292359924316429
gep20,00,2025-12-25,2026-01-09,gcrew,noaa_gefs,20,Pressure_Pa,15,102513.65625
gep20,00,2025-12-25,2026-01-09,gcrew,noaa_gefs,20,RH_percent_mean,15,66.9400224685669
gep20,00,2025-12-25,2026-01-09,gcrew,noaa_gefs,20,Rain_mm_sum,15,0
gep20,00,2025-12-25,2026-01-09,gcrew,noaa_gefs,20,ShortwaveRadiation_Wm2,15,116.5
gep20,00,2025-12-25,2026-01-09,gcrew,noaa_gefs,20,WindSpeed_ms_mean,15,4.169523961397145
gep20,00,2025-12-25,2026-01-10,gcrew,noaa_gefs,20,AirTemp_C_mean,16,8.230760192871116
gep20,00,2025-12-25,2026-01-10,gcrew,noaa_gefs,20,Pressure_Pa,16,100988.9765625
gep20,00,2025-12-25,2026-01-10,gcrew,noaa_gefs,20,RH_percent_mean,16,92.44572067260742
gep20,00,2025-12-25,2026-01-10,gcrew,noaa_gefs,20,Rain_mm_sum,16,47.500000953674316
gep20,00,2025-12-25,2026-01-10,gcrew,noaa_gefs,20,ShortwaveRadiation_Wm2,16,3.5
gep20,00,2025-12-25,2026-01-10,gcrew,noaa_gefs,20,WindSpeed_ms_mean,16,9.299799855644833
gep20,00,2025-12-25,2026-01-11,gcrew,noaa_gefs,20,AirTemp_C_mean,17,0.273957824707054
gep20,00,2025-12-25,2026-01-11,gcrew,noaa_gefs,20,Pressure_Pa,17,101742.986328125
gep20,00,2025-12-25,2026-01-11,gcrew,noaa_gefs,20,RH_percent_mean,17,69.99894523620605
gep20,00,2025-12-25,2026-01-11,gcrew,noaa_gefs,20,Rain_mm_sum,17,7.200000002980232
gep20,00,2025-12-25,2026-01-11,gcrew,noaa_gefs,20,ShortwaveRadiation_Wm2,17,127.25
gep20,00,2025-12-25,2026-01-11,gcrew,noaa_gefs,20,WindSpeed_ms_mean,17,7.6638541985328805
gep20,00,2025-12-25,2026-01-12,gcrew,noaa_gefs,20,AirTemp_C_mean,18,2.171846008300804
gep20,00,2025-12-25,2026-01-12,gcrew,noaa_gefs,20,Pressure_Pa,18,102770.083984375
gep20,00,2025-12-25,2026-01-12,gcrew,noaa_gefs,20,RH_percent_mean,18,69.03396034240723
gep20,00,2025-12-25,2026-01-12,gcrew,noaa_gefs,20,Rain_mm_sum,18,0
gep20,00,2025-12-25,2026-01-12,gcrew,noaa_gefs,20,ShortwaveRadiation_Wm2,18,127.5
gep20,00,2025-12-25,2026-01-12,gcrew,noaa_gefs,20,WindSpeed_ms_mean,18,3.4622293096336105
gep20,00,2025-12-25,2026-01-13,gcrew,noaa_gefs,20,AirTemp_C_mean,19,3.1381164550781477
gep20,00,2025-12-25,2026-01-13,gcrew,noaa_gefs,20,Pressure_Pa,19,102732.630859375
gep20,00,2025-12-25,2026-01-13,gcrew,noaa_gefs,20,RH_percent_mean,19,70.09601783752441
gep20,00,2025-12-25,2026-01-13,gcrew,noaa_gefs,20,Rain_mm_sum,19,0
gep20,00,2025-12-25,2026-01-13,gcrew,noaa_gefs,20,ShortwaveRadiation_Wm2,19,116.5
gep20,00,2025-12-25,2026-01-13,gcrew,noaa_gefs,20,WindSpeed_ms_mean,19,3.4455094842593312
gep20,00,2025-12-25,2026-01-14,gcrew,noaa_gefs,20,AirTemp_C_mean,20,4.095193481445335
gep20,00,2025-12-25,2026-01-14,gcrew,noaa_gefs,20,Pressure_Pa,20,102669.79296875
gep20,00,2025-12-25,2026-01-14,gcrew,noaa_gefs,20,RH_percent_mean,20,83.62176322937012
gep20,00,2025-12-25,2026-01-14,gcrew,noaa_gefs,20,Rain_mm_sum,20,0
gep20,00,2025-12-25,2026-01-14,gcrew,noaa_gefs,20,ShortwaveRadiation_Wm2,20,117.75
gep20,00,2025-12-25,2026-01-14,gcrew,noaa_gefs,20,WindSpeed_ms_mean,20,2.7496518864059034
gep20,00,2025-12-25,2026-01-15,gcrew,noaa_gefs,20,AirTemp_C_mean,21,4.34229431152346
gep20,00,2025-12-25,2026-01-15,gcrew,noaa_gefs,20,Pressure_Pa,21,102705.73828125
gep20,00,2025-12-25,2026-01-15,gcrew,noaa_gefs,20,RH_percent_mean,21,87.58064270019531
gep20,00,2025-12-25,2026-01-15,gcrew,noaa_gefs,20,Rain_mm_sum,21,0.10000000149011612
gep20,00,2025-12-25,2026-01-15,gcrew,noaa_gefs,20,ShortwaveRadiation_Wm2,21,94.5
gep20,00,2025-12-25,2026-01-15,gcrew,noaa_gefs,20,WindSpeed_ms_mean,21,3.556685238735195
gep20,00,2025-12-25,2026-01-16,gcrew,noaa_gefs,20,AirTemp_C_mean,22,12.23005065917971
gep20,00,2025-12-25,2026-01-16,gcrew,noaa_gefs,20,Pressure_Pa,22,100937.822265625
gep20,00,2025-12-25,2026-01-16,gcrew,noaa_gefs,20,RH_percent_mean,22,94.87235832214355
gep20,00,2025-12-25,2026-01-16,gcrew,noaa_gefs,20,Rain_mm_sum,22,22.100001096725464
gep20,00,2025-12-25,2026-01-16,gcrew,noaa_gefs,20,ShortwaveRadiation_Wm2,22,9.75
gep20,00,2025-12-25,2026-01-16,gcrew,noaa_gefs,20,WindSpeed_ms_mean,22,7.712571493864753
gep20,00,2025-12-25,2026-01-17,gcrew,noaa_gefs,20,AirTemp_C_mean,23,8.732659912109398
gep20,00,2025-12-25,2026-01-17,gcrew,noaa_gefs,20,Pressure_Pa,23,101839.7109375
gep20,00,2025-12-25,2026-01-17,gcrew,noaa_gefs,20,RH_percent_mean,23,72.87350654602051
gep20,00,2025-12-25,2026-01-17,gcrew,noaa_gefs,20,Rain_mm_sum,23,0.800000011920929
gep20,00,2025-12-25,2026-01-17,gcrew,noaa_gefs,20,ShortwaveRadiation_Wm2,23,130
gep20,00,2025-12-25,2026-01-17,gcrew,noaa_gefs,20,WindSpeed_ms_mean,23,4.503928313302021
gep20,00,2025-12-25,2026-01-18,gcrew,noaa_gefs,20,AirTemp_C_mean,24,8.240655517578148
gep20,00,2025-12-25,2026-01-18,gcrew,noaa_gefs,20,Pressure_Pa,24,102885.134765625
gep20,00,2025-12-25,2026-01-18,gcrew,noaa_gefs,20,RH_percent_mean,24,67.80245590209961
gep20,00,2025-12-25,2026-01-18,gcrew,noaa_gefs,20,Rain_mm_sum,24,0
gep20,00,2025-12-25,2026-01-18,gcrew,noaa_gefs,20,ShortwaveRadiation_Wm2,24,128.5
gep20,00,2025-12-25,2026-01-18,gcrew,noaa_gefs,20,WindSpeed_ms_mean,24,3.7670321862484957
gep20,00,2025-12-25,2026-01-19,gcrew,noaa_gefs,20,AirTemp_C_mean,25,8.329751586914085
gep20,00,2025-12-25,2026-01-19,gcrew,noaa_gefs,20,Pressure_Pa,25,102533.533203125
gep20,00,2025-12-25,2026-01-19,gcrew,noaa_gefs,20,RH_percent_mean,25,78.15633964538574
gep20,00,2025-12-25,2026-01-19,gcrew,noaa_gefs,20,Rain_mm_sum,25,0
gep20,00,2025-12-25,2026-01-19,gcrew,noaa_gefs,20,ShortwaveRadiation_Wm2,25,60.75
gep20,00,2025-12-25,2026-01-19,gcrew,noaa_gefs,20,WindSpeed_ms_mean,25,5.590911795586785
gep20,00,2025-12-25,2026-01-20,gcrew,noaa_gefs,20,AirTemp_C_mean,26,8.121881103515648
gep20,00,2025-12-25,2026-01-20,gcrew,noaa_gefs,20,Pressure_Pa,26,101917.162109375
gep20,00,2025-12-25,2026-01-20,gcrew,noaa_gefs,20,RH_percent_mean,26,79.7828426361084
gep20,00,2025-12-25,2026-01-20,gcrew,noaa_gefs,20,Rain_mm_sum,26,0.699999988079071
gep20,00,2025-12-25,2026-01-20,gcrew,noaa_gefs,20,ShortwaveRadiation_Wm2,26,35
gep20,00,2025-12-25,2026-01-20,gcrew,noaa_gefs,20,WindSpeed_ms_mean,26,5.416574993003485
gep20,00,2025-12-25,2026-01-21,gcrew,noaa_gefs,20,AirTemp_C_mean,27,1.0910888671875227
gep20,00,2025-12-25,2026-01-21,gcrew,noaa_gefs,20,Pressure_Pa,27,102745.556640625
gep20,00,2025-12-25,2026-01-21,gcrew,noaa_gefs,20,RH_percent_mean,27,69.12549591064453
gep20,00,2025-12-25,2026-01-21,gcrew,noaa_gefs,20,Rain_mm_sum,27,1.2000000029802322
gep20,00,2025-12-25,2026-01-21,gcrew,noaa_gefs,20,ShortwaveRadiation_Wm2,27,28
gep20,00,2025-12-25,2026-01-21,gcrew,noaa_gefs,20,WindSpeed_ms_mean,27,5.47850488358735
gep20,00,2025-12-25,2026-01-22,gcrew,noaa_gefs,20,AirTemp_C_mean,28,5.676553344726585
gep20,00,2025-12-25,2026-01-22,gcrew,noaa_gefs,20,Pressure_Pa,28,100303.91796875
gep20,00,2025-12-25,2026-01-22,gcrew,noaa_gefs,20,RH_percent_mean,28,72.28020286560059
gep20,00,2025-12-25,2026-01-22,gcrew,noaa_gefs,20,Rain_mm_sum,28,11.300000190734863
gep20,00,2025-12-25,2026-01-22,gcrew,noaa_gefs,20,ShortwaveRadiation_Wm2,28,132
gep20,00,2025-12-25,2026-01-22,gcrew,noaa_gefs,20,WindSpeed_ms_mean,28,10.069496986572068
gep20,00,2025-12-25,2026-01-23,gcrew,noaa_gefs,20,AirTemp_C_mean,29,2.7060104370117415
gep20,00,2025-12-25,2026-01-23,gcrew,noaa_gefs,20,Pressure_Pa,29,101102.13671875
gep20,00,2025-12-25,2026-01-23,gcrew,noaa_gefs,20,RH_percent_mean,29,59.599411964416504
gep20,00,2025-12-25,2026-01-23,gcrew,noaa_gefs,20,Rain_mm_sum,29,0
gep20,00,2025-12-25,2026-01-23,gcrew,noaa_gefs,20,ShortwaveRadiation_Wm2,29,137.5
gep20,00,2025-12-25,2026-01-23,gcrew,noaa_gefs,20,WindSpeed_ms_mean,29,5.521899992654974
gep20,00,2025-12-25,2026-01-24,gcrew,noaa_gefs,20,AirTemp_C_mean,30,4.12842712402346
gep20,00,2025-12-25,2026-01-24,gcrew,noaa_gefs,20,Pressure_Pa,30,101227.48828125
gep20,00,2025-12-25,2026-01-24,gcrew,noaa_gefs,20,RH_percent_mean,30,72.47355461120605
gep20,00,2025-12-25,2026-01-24,gcrew,noaa_gefs,20,Rain_mm_sum,30,0
gep20,00,2025-12-25,2026-01-24,gcrew,noaa_gefs,20,ShortwaveRadiation_Wm2,30,127.25
gep20,00,2025-12-25,2026-01-24,gcrew,noaa_gefs,20,WindSpeed_ms_mean,30,5.117748884369503
gep20,00,2025-12-25,2026-01-25,gcrew,noaa_gefs,20,AirTemp_C_mean,31,-0.6562637329101335
gep20,00,2025-12-25,2026-01-25,gcrew,noaa_gefs,20,Pressure_Pa,31,101961.154296875
gep20,00,2025-12-25,2026-01-25,gcrew,noaa_gefs,20,RH_percent_mean,31,57.30247402191162
gep20,00,2025-12-25,2026-01-25,gcrew,noaa_gefs,20,Rain_mm_sum,31,0
gep20,00,2025-12-25,2026-01-25,gcrew,noaa_gefs,20,ShortwaveRadiation_Wm2,31,145.25
gep20,00,2025-12-25,2026-01-25,gcrew,noaa_gefs,20,WindSpeed_ms_mean,31,4.7448173419903386
gep20,00,2025-12-25,2026-01-26,gcrew,noaa_gefs,20,AirTemp_C_mean,32,2.824037170410179
gep20,00,2025-12-25,2026-01-26,gcrew,noaa_gefs,20,Pressure_Pa,32,101941.466796875
gep20,00,2025-12-25,2026-01-26,gcrew,noaa_gefs,20,RH_percent_mean,32,70.92254638671875
gep20,00,2025-12-25,2026-01-26,gcrew,noaa_gefs,20,Rain_mm_sum,32,0
gep20,00,2025-12-25,2026-01-26,gcrew,noaa_gefs,20,ShortwaveRadiation_Wm2,32,138.25
gep20,00,2025-12-25,2026-01-26,gcrew,noaa_gefs,20,WindSpeed_ms_mean,32,3.546680545310956
gep20,00,2025-12-25,2026-01-27,gcrew,noaa_gefs,20,AirTemp_C_mean,33,2.880342102050804
gep20,00,2025-12-25,2026-01-27,gcrew,noaa_gefs,20,Pressure_Pa,33,102457.599609375
gep20,00,2025-12-25,2026-01-27,gcrew,noaa_gefs,20,RH_percent_mean,33,78.3819751739502
gep20,00,2025-12-25,2026-01-27,gcrew,noaa_gefs,20,Rain_mm_sum,33,0
gep20,00,2025-12-25,2026-01-27,gcrew,noaa_gefs,20,ShortwaveRadiation_Wm2,33,142.5
gep20,00,2025-12-25,2026-01-27,gcrew,noaa_gefs,20,WindSpeed_ms_mean,33,3.633655032610908
gep20,00,2025-12-25,2026-01-28,gcrew,noaa_gefs,20,AirTemp_C_mean,34,4.36011657714846
gep20,00,2025-12-25,2026-01-28,gcrew,noaa_gefs,20,Pressure_Pa,34,102016.24609375
gep20,00,2025-12-25,2026-01-28,gcrew,noaa_gefs,20,RH_percent_mean,34,86.29985618591309
gep20,00,2025-12-25,2026-01-28,gcrew,noaa_gefs,20,Rain_mm_sum,34,0.20000000298023224
gep20,00,2025-12-25,2026-01-28,gcrew,noaa_gefs,20,ShortwaveRadiation_Wm2,34,67.25
gep20,00,2025-12-25,2026-01-28,gcrew,noaa_gefs,20,WindSpeed_ms_mean,34,2.304446884715268
gep21,00,2025-12-25,2025-12-26,gcrew,noaa_gefs,21,AirTemp_C_mean,1,1.4191566467285384
gep21,00,2025-12-25,2025-12-26,gcrew,noaa_gefs,21,Pressure_Pa,1,101883.013671875
gep21,00,2025-12-25,2025-12-26,gcrew,noaa_gefs,21,RH_percent_mean,1,59.10939836502075
gep21,00,2025-12-25,2025-12-26,gcrew,noaa_gefs,21,Rain_mm_sum,1,5.929999861866236
gep21,00,2025-12-25,2025-12-26,gcrew,noaa_gefs,21,ShortwaveRadiation_Wm2,1,52.5
gep21,00,2025-12-25,2025-12-26,gcrew,noaa_gefs,21,WindSpeed_ms_mean,1,5.719543666158366
gep21,00,2025-12-25,2025-12-27,gcrew,noaa_gefs,21,AirTemp_C_mean,2,4.553342437744163
gep21,00,2025-12-25,2025-12-27,gcrew,noaa_gefs,21,Pressure_Pa,2,101374.94921875
gep21,00,2025-12-25,2025-12-27,gcrew,noaa_gefs,21,RH_percent_mean,2,78.51494789123535
gep21,00,2025-12-25,2025-12-27,gcrew,noaa_gefs,21,Rain_mm_sum,2,5.500000089406967
gep21,00,2025-12-25,2025-12-27,gcrew,noaa_gefs,21,ShortwaveRadiation_Wm2,2,106.25
gep21,00,2025-12-25,2025-12-27,gcrew,noaa_gefs,21,WindSpeed_ms_mean,2,6.923660931417801
gep21,00,2025-12-25,2025-12-28,gcrew,noaa_gefs,21,AirTemp_C_mean,3,3.017091369628929
gep21,00,2025-12-25,2025-12-28,gcrew,noaa_gefs,21,Pressure_Pa,3,102237.642578125
gep21,00,2025-12-25,2025-12-28,gcrew,noaa_gefs,21,RH_percent_mean,3,72.99352979660034
gep21,00,2025-12-25,2025-12-28,gcrew,noaa_gefs,21,Rain_mm_sum,3,0
gep21,00,2025-12-25,2025-12-28,gcrew,noaa_gefs,21,ShortwaveRadiation_Wm2,3,105
gep21,00,2025-12-25,2025-12-28,gcrew,noaa_gefs,21,WindSpeed_ms_mean,3,2.948875395899818
gep21,00,2025-12-25,2025-12-29,gcrew,noaa_gefs,21,AirTemp_C_mean,4,8.150354003906273
gep21,00,2025-12-25,2025-12-29,gcrew,noaa_gefs,21,Pressure_Pa,4,100520.205078125
gep21,00,2025-12-25,2025-12-29,gcrew,noaa_gefs,21,RH_percent_mean,4,75.22460079193115
gep21,00,2025-12-25,2025-12-29,gcrew,noaa_gefs,21,Rain_mm_sum,4,0.8000000268220901
gep21,00,2025-12-25,2025-12-29,gcrew,noaa_gefs,21,ShortwaveRadiation_Wm2,4,62.5
gep21,00,2025-12-25,2025-12-29,gcrew,noaa_gefs,21,WindSpeed_ms_mean,4,7.362543468483011
gep21,00,2025-12-25,2025-12-30,gcrew,noaa_gefs,21,AirTemp_C_mean,5,0.325959777832054
gep21,00,2025-12-25,2025-12-30,gcrew,noaa_gefs,21,Pressure_Pa,5,100803.0263671875
gep21,00,2025-12-25,2025-12-30,gcrew,noaa_gefs,21,RH_percent_mean,5,53.082125186920166
gep21,00,2025-12-25,2025-12-30,gcrew,noaa_gefs,21,Rain_mm_sum,5,0
gep21,00,2025-12-25,2025-12-30,gcrew,noaa_gefs,21,ShortwaveRadiation_Wm2,5,100.5
gep21,00,2025-12-25,2025-12-30,gcrew,noaa_gefs,21,WindSpeed_ms_mean,5,8.02044107296069
gep21,00,2025-12-25,2025-12-31,gcrew,noaa_gefs,21,AirTemp_C_mean,6,-0.5309776306152116
gep21,00,2025-12-25,2025-12-31,gcrew,noaa_gefs,21,Pressure_Pa,6,101757.0849609375
gep21,00,2025-12-25,2025-12-31,gcrew,noaa_gefs,21,RH_percent_mean,6,49.53283452987671
gep21,00,2025-12-25,2025-12-31,gcrew,noaa_gefs,21,Rain_mm_sum,6,0
gep21,00,2025-12-25,2025-12-31,gcrew,noaa_gefs,21,ShortwaveRadiation_Wm2,6,116.25
gep21,00,2025-12-25,2025-12-31,gcrew,noaa_gefs,21,WindSpeed_ms_mean,6,5.239858882636157
gep21,00,2025-12-25,2026-01-01,gcrew,noaa_gefs,21,AirTemp_C_mean,7,3.5077911376953352
gep21,00,2025-12-25,2026-01-01,gcrew,noaa_gefs,21,Pressure_Pa,7,101793.2197265625
gep21,00,2025-12-25,2026-01-01,gcrew,noaa_gefs,21,RH_percent_mean,7,61.349281787872314
gep21,00,2025-12-25,2026-01-01,gcrew,noaa_gefs,21,Rain_mm_sum,7,0
gep21,00,2025-12-25,2026-01-01,gcrew,noaa_gefs,21,ShortwaveRadiation_Wm2,7,87.5
gep21,00,2025-12-25,2026-01-01,gcrew,noaa_gefs,21,WindSpeed_ms_mean,7,4.304550169616287
gep21,00,2025-12-25,2026-01-02,gcrew,noaa_gefs,21,AirTemp_C_mean,8,5.137780761718773
gep21,00,2025-12-25,2026-01-02,gcrew,noaa_gefs,21,Pressure_Pa,8,101893.263671875
gep21,00,2025-12-25,2026-01-02,gcrew,noaa_gefs,21,RH_percent_mean,8,76.17369937896729
gep21,00,2025-12-25,2026-01-02,gcrew,noaa_gefs,21,Rain_mm_sum,8,0
gep21,00,2025-12-25,2026-01-02,gcrew,noaa_gefs,21,ShortwaveRadiation_Wm2,8,99.375
gep21,00,2025-12-25,2026-01-02,gcrew,noaa_gefs,21,WindSpeed_ms_mean,8,2.9946754157667765
gep21,00,2025-12-25,2026-01-03,gcrew,noaa_gefs,21,AirTemp_C_mean,9,7.461868722098237
gep21,00,2025-12-25,2026-01-03,gcrew,noaa_gefs,21,Pressure_Pa,9,101427.07589285714
gep21,00,2025-12-25,2026-01-03,gcrew,noaa_gefs,21,RH_percent_mean,9,83.19520568847656
gep21,00,2025-12-25,2026-01-03,gcrew,noaa_gefs,21,Rain_mm_sum,9,0.6100000236183405
gep21,00,2025-12-25,2026-01-03,gcrew,noaa_gefs,21,ShortwaveRadiation_Wm2,9,25.714285714285715
gep21,00,2025-12-25,2026-01-03,gcrew,noaa_gefs,21,WindSpeed_ms_mean,9,5.107335579865194
gep21,00,2025-12-25,2026-01-04,gcrew,noaa_gefs,21,AirTemp_C_mean,10,10.889909362792991
gep21,00,2025-12-25,2026-01-04,gcrew,noaa_gefs,21,Pressure_Pa,10,101268.140625
gep21,00,2025-12-25,2026-01-04,gcrew,noaa_gefs,21,RH_percent_mean,10,86.44726371765137
gep21,00,2025-12-25,2026-01-04,gcrew,noaa_gefs,21,Rain_mm_sum,10,0
gep21,00,2025-12-25,2026-01-04,gcrew,noaa_gefs,21,ShortwaveRadiation_Wm2,10,85
gep21,00,2025-12-25,2026-01-04,gcrew,noaa_gefs,21,WindSpeed_ms_mean,10,3.600210788901469
gep21,00,2025-12-25,2026-01-05,gcrew,noaa_gefs,21,AirTemp_C_mean,11,14.514237976074241
gep21,00,2025-12-25,2026-01-05,gcrew,noaa_gefs,21,Pressure_Pa,11,100406.498046875
gep21,00,2025-12-25,2026-01-05,gcrew,noaa_gefs,21,RH_percent_mean,11,85.23000907897949
gep21,00,2025-12-25,2026-01-05,gcrew,noaa_gefs,21,Rain_mm_sum,11,3.7000000178813934
gep21,00,2025-12-25,2026-01-05,gcrew,noaa_gefs,21,ShortwaveRadiation_Wm2,11,42.5
gep21,00,2025-12-25,2026-01-05,gcrew,noaa_gefs,21,WindSpeed_ms_mean,11,5.815003334458832
gep21,00,2025-12-25,2026-01-06,gcrew,noaa_gefs,21,AirTemp_C_mean,12,4.505242919921898
gep21,00,2025-12-25,2026-01-06,gcrew,noaa_gefs,21,Pressure_Pa,12,100507.328125
gep21,00,2025-12-25,2026-01-06,gcrew,noaa_gefs,21,RH_percent_mean,12,62.17771530151367
gep21,00,2025-12-25,2026-01-06,gcrew,noaa_gefs,21,Rain_mm_sum,12,2.100000001490116
gep21,00,2025-12-25,2026-01-06,gcrew,noaa_gefs,21,ShortwaveRadiation_Wm2,12,120
gep21,00,2025-12-25,2026-01-06,gcrew,noaa_gefs,21,WindSpeed_ms_mean,12,7.1292139542536495
gep21,00,2025-12-25,2026-01-07,gcrew,noaa_gefs,21,AirTemp_C_mean,13,3.4188171386718977
gep21,00,2025-12-25,2026-01-07,gcrew,noaa_gefs,21,Pressure_Pa,13,101833.490234375
gep21,00,2025-12-25,2026-01-07,gcrew,noaa_gefs,21,RH_percent_mean,13,53.679908752441406
gep21,00,2025-12-25,2026-01-07,gcrew,noaa_gefs,21,Rain_mm_sum,13,0
gep21,00,2025-12-25,2026-01-07,gcrew,noaa_gefs,21,ShortwaveRadiation_Wm2,13,117.5
gep21,00,2025-12-25,2026-01-07,gcrew,noaa_gefs,21,WindSpeed_ms_mean,13,6.966477756083384
gep21,00,2025-12-25,2026-01-08,gcrew,noaa_gefs,21,AirTemp_C_mean,14,7.357942199707054
gep21,00,2025-12-25,2026-01-08,gcrew,noaa_gefs,21,Pressure_Pa,14,102328.623046875
gep21,00,2025-12-25,2026-01-08,gcrew,noaa_gefs,21,RH_percent_mean,14,55.181633949279785
gep21,00,2025-12-25,2026-01-08,gcrew,noaa_gefs,21,Rain_mm_sum,14,0
gep21,00,2025-12-25,2026-01-08,gcrew,noaa_gefs,21,ShortwaveRadiation_Wm2,14,121.5
gep21,00,2025-12-25,2026-01-08,gcrew,noaa_gefs,21,WindSpeed_ms_mean,14,4.329537463391383
gep21,00,2025-12-25,2026-01-09,gcrew,noaa_gefs,21,AirTemp_C_mean,15,6.292359924316429
gep21,00,2025-12-25,2026-01-09,gcrew,noaa_gefs,21,Pressure_Pa,15,102513.65625
gep21,00,2025-12-25,2026-01-09,gcrew,noaa_gefs,21,RH_percent_mean,15,66.9400224685669
gep21,00,2025-12-25,2026-01-09,gcrew,noaa_gefs,21,Rain_mm_sum,15,0
gep21,00,2025-12-25,2026-01-09,gcrew,noaa_gefs,21,ShortwaveRadiation_Wm2,15,116.5
gep21,00,2025-12-25,2026-01-09,gcrew,noaa_gefs,21,WindSpeed_ms_mean,15,4.169523961397145
gep21,00,2025-12-25,2026-01-10,gcrew,noaa_gefs,21,AirTemp_C_mean,16,8.230760192871116
gep21,00,2025-12-25,2026-01-10,gcrew,noaa_gefs,21,Pressure_Pa,16,100988.9765625
gep21,00,2025-12-25,2026-01-10,gcrew,noaa_gefs,21,RH_percent_mean,16,92.44572067260742
gep21,00,2025-12-25,2026-01-10,gcrew,noaa_gefs,21,Rain_mm_sum,16,47.500000953674316
gep21,00,2025-12-25,2026-01-10,gcrew,noaa_gefs,21,ShortwaveRadiation_Wm2,16,3.5
gep21,00,2025-12-25,2026-01-10,gcrew,noaa_gefs,21,WindSpeed_ms_mean,16,9.299799855644833
gep21,00,2025-12-25,2026-01-11,gcrew,noaa_gefs,21,AirTemp_C_mean,17,0.273957824707054
gep21,00,2025-12-25,2026-01-11,gcrew,noaa_gefs,21,Pressure_Pa,17,101742.986328125
gep21,00,2025-12-25,2026-01-11,gcrew,noaa_gefs,21,RH_percent_mean,17,69.99894523620605
gep21,00,2025-12-25,2026-01-11,gcrew,noaa_gefs,21,Rain_mm_sum,17,7.200000002980232
gep21,00,2025-12-25,2026-01-11,gcrew,noaa_gefs,21,ShortwaveRadiation_Wm2,17,127.25
gep21,00,2025-12-25,2026-01-11,gcrew,noaa_gefs,21,WindSpeed_ms_mean,17,7.6638541985328805
gep21,00,2025-12-25,2026-01-12,gcrew,noaa_gefs,21,AirTemp_C_mean,18,2.171846008300804
gep21,00,2025-12-25,2026-01-12,gcrew,noaa_gefs,21,Pressure_Pa,18,102770.083984375
gep21,00,2025-12-25,2026-01-12,gcrew,noaa_gefs,21,RH_percent_mean,18,69.03396034240723
gep21,00,2025-12-25,2026-01-12,gcrew,noaa_gefs,21,Rain_mm_sum,18,0
gep21,00,2025-12-25,2026-01-12,gcrew,noaa_gefs,21,ShortwaveRadiation_Wm2,18,127.5
gep21,00,2025-12-25,2026-01-12,gcrew,noaa_gefs,21,WindSpeed_ms_mean,18,3.4622293096336105
gep21,00,2025-12-25,2026-01-13,gcrew,noaa_gefs,21,AirTemp_C_mean,19,3.1381164550781477
gep21,00,2025-12-25,2026-01-13,gcrew,noaa_gefs,21,Pressure_Pa,19,102732.630859375
gep21,00,2025-12-25,2026-01-13,gcrew,noaa_gefs,21,RH_percent_mean,19,70.09601783752441
gep21,00,2025-12-25,2026-01-13,gcrew,noaa_gefs,21,Rain_mm_sum,19,0
gep21,00,2025-12-25,2026-01-13,gcrew,noaa_gefs,21,ShortwaveRadiation_Wm2,19,116.5
gep21,00,2025-12-25,2026-01-13,gcrew,noaa_gefs,21,WindSpeed_ms_mean,19,3.4455094842593312
gep21,00,2025-12-25,2026-01-14,gcrew,noaa_gefs,21,AirTemp_C_mean,20,4.095193481445335
gep21,00,2025-12-25,2026-01-14,gcrew,noaa_gefs,21,Pressure_Pa,20,102669.79296875
gep21,00,2025-12-25,2026-01-14,gcrew,noaa_gefs,21,RH_percent_mean,20,83.62176322937012
gep21,00,2025-12-25,2026-01-14,gcrew,noaa_gefs,21,Rain_mm_sum,20,0
gep21,00,2025-12-25,2026-01-14,gcrew,noaa_gefs,21,ShortwaveRadiation_Wm2,20,117.75
gep21,00,2025-12-25,2026-01-14,gcrew,noaa_gefs,21,WindSpeed_ms_mean,20,2.7496518864059034
gep21,00,2025-12-25,2026-01-15,gcrew,noaa_gefs,21,AirTemp_C_mean,21,4.34229431152346
gep21,00,2025-12-25,2026-01-15,gcrew,noaa_gefs,21,Pressure_Pa,21,102705.73828125
gep21,00,2025-12-25,2026-01-15,gcrew,noaa_gefs,21,RH_percent_mean,21,87.58064270019531
gep21,00,2025-12-25,2026-01-15,gcrew,noaa_gefs,21,Rain_mm_sum,21,0.10000000149011612
gep21,00,2025-12-25,2026-01-15,gcrew,noaa_gefs,21,ShortwaveRadiation_Wm2,21,94.5
gep21,00,2025-12-25,2026-01-15,gcrew,noaa_gefs,21,WindSpeed_ms_mean,21,3.556685238735195
gep21,00,2025-12-25,2026-01-16,gcrew,noaa_gefs,21,AirTemp_C_mean,22,12.23005065917971
gep21,00,2025-12-25,2026-01-16,gcrew,noaa_gefs,21,Pressure_Pa,22,100937.822265625
gep21,00,2025-12-25,2026-01-16,gcrew,noaa_gefs,21,RH_percent_mean,22,94.87235832214355
gep21,00,2025-12-25,2026-01-16,gcrew,noaa_gefs,21,Rain_mm_sum,22,22.100001096725464
gep21,00,2025-12-25,2026-01-16,gcrew,noaa_gefs,21,ShortwaveRadiation_Wm2,22,9.75
gep21,00,2025-12-25,2026-01-16,gcrew,noaa_gefs,21,WindSpeed_ms_mean,22,7.712571493864753
gep21,00,2025-12-25,2026-01-17,gcrew,noaa_gefs,21,AirTemp_C_mean,23,8.732659912109398
gep21,00,2025-12-25,2026-01-17,gcrew,noaa_gefs,21,Pressure_Pa,23,101839.7109375
gep21,00,2025-12-25,2026-01-17,gcrew,noaa_gefs,21,RH_percent_mean,23,72.87350654602051
gep21,00,2025-12-25,2026-01-17,gcrew,noaa_gefs,21,Rain_mm_sum,23,0.800000011920929
gep21,00,2025-12-25,2026-01-17,gcrew,noaa_gefs,21,ShortwaveRadiation_Wm2,23,130
gep21,00,2025-12-25,2026-01-17,gcrew,noaa_gefs,21,WindSpeed_ms_mean,23,4.503928313302021
gep21,00,2025-12-25,2026-01-18,gcrew,noaa_gefs,21,AirTemp_C_mean,24,8.240655517578148
gep21,00,2025-12-25,2026-01-18,gcrew,noaa_gefs,21,Pressure_Pa,24,102885.134765625
gep21,00,2025-12-25,2026-01-18,gcrew,noaa_gefs,21,RH_percent_mean,24,67.80245590209961
gep21,00,2025-12-25,2026-01-18,gcrew,noaa_gefs,21,Rain_mm_sum,24,0
gep21,00,2025-12-25,2026-01-18,gcrew,noaa_gefs,21,ShortwaveRadiation_Wm2,24,128.5
gep21,00,2025-12-25,2026-01-18,gcrew,noaa_gefs,21,WindSpeed_ms_mean,24,3.7670321862484957
gep21,00,2025-12-25,2026-01-19,gcrew,noaa_gefs,21,AirTemp_C_mean,25,8.329751586914085
gep21,00,2025-12-25,2026-01-19,gcrew,noaa_gefs,21,Pressure_Pa,25,102533.533203125
gep21,00,2025-12-25,2026-01-19,gcrew,noaa_gefs,21,RH_percent_mean,25,78.15633964538574
gep21,00,2025-12-25,2026-01-19,gcrew,noaa_gefs,21,Rain_mm_sum,25,0
gep21,00,2025-12-25,2026-01-19,gcrew,noaa_gefs,21,ShortwaveRadiation_Wm2,25,60.75
gep21,00,2025-12-25,2026-01-19,gcrew,noaa_gefs,21,WindSpeed_ms_mean,25,5.590911795586785
gep21,00,2025-12-25,2026-01-20,gcrew,noaa_gefs,21,AirTemp_C_mean,26,8.121881103515648
gep21,00,2025-12-25,2026-01-20,gcrew,noaa_gefs,21,Pressure_Pa,26,101917.162109375
gep21,00,2025-12-25,2026-01-20,gcrew,noaa_gefs,21,RH_percent_mean,26,79.7828426361084
gep21,00,2025-12-25,2026-01-20,gcrew,noaa_gefs,21,Rain_mm_sum,26,0.699999988079071
gep21,00,2025-12-25,2026-01-20,gcrew,noaa_gefs,21,ShortwaveRadiation_Wm2,26,35
gep21,00,2025-12-25,2026-01-20,gcrew,noaa_gefs,21,WindSpeed_ms_mean,26,5.416574993003485
gep21,00,2025-12-25,2026-01-21,gcrew,noaa_gefs,21,AirTemp_C_mean,27,1.0910888671875227
gep21,00,2025-12-25,2026-01-21,gcrew,noaa_gefs,21,Pressure_Pa,27,102745.556640625
gep21,00,2025-12-25,2026-01-21,gcrew,noaa_gefs,21,RH_percent_mean,27,69.12549591064453
gep21,00,2025-12-25,2026-01-21,gcrew,noaa_gefs,21,Rain_mm_sum,27,1.2000000029802322
gep21,00,2025-12-25,2026-01-21,gcrew,noaa_gefs,21,ShortwaveRadiation_Wm2,27,28
gep21,00,2025-12-25,2026-01-21,gcrew,noaa_gefs,21,WindSpeed_ms_mean,27,5.47850488358735
gep21,00,2025-12-25,2026-01-22,gcrew,noaa_gefs,21,AirTemp_C_mean,28,5.676553344726585
gep21,00,2025-12-25,2026-01-22,gcrew,noaa_gefs,21,Pressure_Pa,28,100303.91796875
gep21,00,2025-12-25,2026-01-22,gcrew,noaa_gefs,21,RH_percent_mean,28,72.28020286560059
gep21,00,2025-12-25,2026-01-22,gcrew,noaa_gefs,21,Rain_mm_sum,28,11.300000190734863
gep21,00,2025-12-25,2026-01-22,gcrew,noaa_gefs,21,ShortwaveRadiation_Wm2,28,132
gep21,00,2025-12-25,2026-01-22,gcrew,noaa_gefs,21,WindSpeed_ms_mean,28,10.069496986572068
gep21,00,2025-12-25,2026-01-23,gcrew,noaa_gefs,21,AirTemp_C_mean,29,2.7060104370117415
gep21,00,2025-12-25,2026-01-23,gcrew,noaa_gefs,21,Pressure_Pa,29,101102.13671875
gep21,00,2025-12-25,2026-01-23,gcrew,noaa_gefs,21,RH_percent_mean,29,59.599411964416504
gep21,00,2025-12-25,2026-01-23,gcrew,noaa_gefs,21,Rain_mm_sum,29,0
gep21,00,2025-12-25,2026-01-23,gcrew,noaa_gefs,21,ShortwaveRadiation_Wm2,29,137.5
gep21,00,2025-12-25,2026-01-23,gcrew,noaa_gefs,21,WindSpeed_ms_mean,29,5.521899992654974
gep21,00,2025-12-25,2026-01-24,gcrew,noaa_gefs,21,AirTemp_C_mean,30,4.12842712402346
gep21,00,2025-12-25,2026-01-24,gcrew,noaa_gefs,21,Pressure_Pa,30,101227.48828125
gep21,00,2025-12-25,2026-01-24,gcrew,noaa_gefs,21,RH_percent_mean,30,72.47355461120605
gep21,00,2025-12-25,2026-01-24,gcrew,noaa_gefs,21,Rain_mm_sum,30,0
gep21,00,2025-12-25,2026-01-24,gcrew,noaa_gefs,21,ShortwaveRadiation_Wm2,30,127.25
gep21,00,2025-12-25,2026-01-24,gcrew,noaa_gefs,21,WindSpeed_ms_mean,30,5.117748884369503
gep21,00,2025-12-25,2026-01-25,gcrew,noaa_gefs,21,AirTemp_C_mean,31,-0.6562637329101335
gep21,00,2025-12-25,2026-01-25,gcrew,noaa_gefs,21,Pressure_Pa,31,101961.154296875
gep21,00,2025-12-25,2026-01-25,gcrew,noaa_gefs,21,RH_percent_mean,31,57.30247402191162
gep21,00,2025-12-25,2026-01-25,gcrew,noaa_gefs,21,Rain_mm_sum,31,0
gep21,00,2025-12-25,2026-01-25,gcrew,noaa_gefs,21,ShortwaveRadiation_Wm2,31,145.25
gep21,00,2025-12-25,2026-01-25,gcrew,noaa_gefs,21,WindSpeed_ms_mean,31,4.7448173419903386
gep21,00,2025-12-25,2026-01-26,gcrew,noaa_gefs,21,AirTemp_C_mean,32,2.824037170410179
gep21,00,2025-12-25,2026-01-26,gcrew,noaa_gefs,21,Pressure_Pa,32,101941.466796875
gep21,00,2025-12-25,2026-01-26,gcrew,noaa_gefs,21,RH_percent_mean,32,70.92254638671875
gep21,00,2025-12-25,2026-01-26,gcrew,noaa_gefs,21,Rain_mm_sum,32,0
gep21,00,2025-12-25,2026-01-26,gcrew,noaa_gefs,21,ShortwaveRadiation_Wm2,32,138.25
gep21,00,2025-12-25,2026-01-26,gcrew,noaa_gefs,21,WindSpeed_ms_mean,32,3.546680545310956
gep21,00,2025-12-25,2026-01-27,gcrew,noaa_gefs,21,AirTemp_C_mean,33,2.880342102050804
gep21,00,2025-12-25,2026-01-27,gcrew,noaa_gefs,21,Pressure_Pa,33,102457.599609375
gep21,00,2025-12-25,2026-01-27,gcrew,noaa_gefs,21,RH_percent_mean,33,78.3819751739502
gep21,00,2025-12-25,2026-01-27,gcrew,noaa_gefs,21,Rain_mm_sum,33,0
gep21,00,2025-12-25,2026-01-27,gcrew,noaa_gefs,21,ShortwaveRadiation_Wm2,33,142.5
gep21,00,2025-12-25,2026-01-27,gcrew,noaa_gefs,21,WindSpeed_ms_mean,33,3.633655032610908
gep21,00,2025-12-25,2026-01-28,gcrew,noaa_gefs,21,AirTemp_C_mean,34,4.36011657714846
gep21,00,2025-12-25,2026-01-28,gcrew,noaa_gefs,21,Pressure_Pa,34,102016.24609375
gep21,00,2025-12-25,2026-01-28,gcrew,noaa_gefs,21,RH_percent_mean,34,86.29985618591309
gep21,00,2025-12-25,2026-01-28,gcrew,noaa_gefs,21,Rain_mm_sum,34,0.20000000298023224
gep21,00,2025-12-25,2026-01-28,gcrew,noaa_gefs,21,ShortwaveRadiation_Wm2,34,67.25
gep21,00,2025-12-25,2026-01-28,gcrew,noaa_gefs,21,WindSpeed_ms_mean,34,2.304446884715268
gep22,00,2025-12-25,2025-12-26,gcrew,noaa_gefs,22,AirTemp_C_mean,1,1.4191566467285384
gep22,00,2025-12-25,2025-12-26,gcrew,noaa_gefs,22,Pressure_Pa,1,101883.013671875
gep22,00,2025-12-25,2025-12-26,gcrew,noaa_gefs,22,RH_percent_mean,1,59.10939836502075
gep22,00,2025-12-25,2025-12-26,gcrew,noaa_gefs,22,Rain_mm_sum,1,5.929999861866236
gep22,00,2025-12-25,2025-12-26,gcrew,noaa_gefs,22,ShortwaveRadiation_Wm2,1,52.5
gep22,00,2025-12-25,2025-12-26,gcrew,noaa_gefs,22,WindSpeed_ms_mean,1,5.719543666158366
gep22,00,2025-12-25,2025-12-27,gcrew,noaa_gefs,22,AirTemp_C_mean,2,4.553342437744163
gep22,00,2025-12-25,2025-12-27,gcrew,noaa_gefs,22,Pressure_Pa,2,101374.94921875
gep22,00,2025-12-25,2025-12-27,gcrew,noaa_gefs,22,RH_percent_mean,2,78.51494789123535
gep22,00,2025-12-25,2025-12-27,gcrew,noaa_gefs,22,Rain_mm_sum,2,5.500000089406967
gep22,00,2025-12-25,2025-12-27,gcrew,noaa_gefs,22,ShortwaveRadiation_Wm2,2,106.25
gep22,00,2025-12-25,2025-12-27,gcrew,noaa_gefs,22,WindSpeed_ms_mean,2,6.923660931417801
gep22,00,2025-12-25,2025-12-28,gcrew,noaa_gefs,22,AirTemp_C_mean,3,3.017091369628929
gep22,00,2025-12-25,2025-12-28,gcrew,noaa_gefs,22,Pressure_Pa,3,102237.642578125
gep22,00,2025-12-25,2025-12-28,gcrew,noaa_gefs,22,RH_percent_mean,3,72.99352979660034
gep22,00,2025-12-25,2025-12-28,gcrew,noaa_gefs,22,Rain_mm_sum,3,0
gep22,00,2025-12-25,2025-12-28,gcrew,noaa_gefs,22,ShortwaveRadiation_Wm2,3,105
gep22,00,2025-12-25,2025-12-28,gcrew,noaa_gefs,22,WindSpeed_ms_mean,3,2.948875395899818
gep22,00,2025-12-25,2025-12-29,gcrew,noaa_gefs,22,AirTemp_C_mean,4,8.150354003906273
gep22,00,2025-12-25,2025-12-29,gcrew,noaa_gefs,22,Pressure_Pa,4,100520.205078125
gep22,00,2025-12-25,2025-12-29,gcrew,noaa_gefs,22,RH_percent_mean,4,75.22460079193115
gep22,00,2025-12-25,2025-12-29,gcrew,noaa_gefs,22,Rain_mm_sum,4,0.8000000268220901
gep22,00,2025-12-25,2025-12-29,gcrew,noaa_gefs,22,ShortwaveRadiation_Wm2,4,62.5
gep22,00,2025-12-25,2025-12-29,gcrew,noaa_gefs,22,WindSpeed_ms_mean,4,7.362543468483011
gep22,00,2025-12-25,2025-12-30,gcrew,noaa_gefs,22,AirTemp_C_mean,5,0.325959777832054
gep22,00,2025-12-25,2025-12-30,gcrew,noaa_gefs,22,Pressure_Pa,5,100803.0263671875
gep22,00,2025-12-25,2025-12-30,gcrew,noaa_gefs,22,RH_percent_mean,5,53.082125186920166
gep22,00,2025-12-25,2025-12-30,gcrew,noaa_gefs,22,Rain_mm_sum,5,0
gep22,00,2025-12-25,2025-12-30,gcrew,noaa_gefs,22,ShortwaveRadiation_Wm2,5,100.5
gep22,00,2025-12-25,2025-12-30,gcrew,noaa_gefs,22,WindSpeed_ms_mean,5,8.02044107296069
gep22,00,2025-12-25,2025-12-31,gcrew,noaa_gefs,22,AirTemp_C_mean,6,-0.5309776306152116
gep22,00,2025-12-25,2025-12-31,gcrew,noaa_gefs,22,Pressure_Pa,6,101757.0849609375
gep22,00,2025-12-25,2025-12-31,gcrew,noaa_gefs,22,RH_percent_mean,6,49.53283452987671
gep22,00,2025-12-25,2025-12-31,gcrew,noaa_gefs,22,Rain_mm_sum,6,0
gep22,00,2025-12-25,2025-12-31,gcrew,noaa_gefs,22,ShortwaveRadiation_Wm2,6,116.25
gep22,00,2025-12-25,2025-12-31,gcrew,noaa_gefs,22,WindSpeed_ms_mean,6,5.239858882636157
gep22,00,2025-12-25,2026-01-01,gcrew,noaa_gefs,22,AirTemp_C_mean,7,3.5077911376953352
gep22,00,2025-12-25,2026-01-01,gcrew,noaa_gefs,22,Pressure_Pa,7,101793.2197265625
gep22,00,2025-12-25,2026-01-01,gcrew,noaa_gefs,22,RH_percent_mean,7,61.349281787872314
gep22,00,2025-12-25,2026-01-01,gcrew,noaa_gefs,22,Rain_mm_sum,7,0
gep22,00,2025-12-25,2026-01-01,gcrew,noaa_gefs,22,ShortwaveRadiation_Wm2,7,87.5
gep22,00,2025-12-25,2026-01-01,gcrew,noaa_gefs,22,WindSpeed_ms_mean,7,4.304550169616287
gep22,00,2025-12-25,2026-01-02,gcrew,noaa_gefs,22,AirTemp_C_mean,8,5.137780761718773
gep22,00,2025-12-25,2026-01-02,gcrew,noaa_gefs,22,Pressure_Pa,8,101893.263671875
gep22,00,2025-12-25,2026-01-02,gcrew,noaa_gefs,22,RH_percent_mean,8,76.17369937896729
gep22,00,2025-12-25,2026-01-02,gcrew,noaa_gefs,22,Rain_mm_sum,8,0
gep22,00,2025-12-25,2026-01-02,gcrew,noaa_gefs,22,ShortwaveRadiation_Wm2,8,99.375
gep22,00,2025-12-25,2026-01-02,gcrew,noaa_gefs,22,WindSpeed_ms_mean,8,2.9946754157667765
gep22,00,2025-12-25,2026-01-03,gcrew,noaa_gefs,22,AirTemp_C_mean,9,7.461868722098237
gep22,00,2025-12-25,2026-01-03,gcrew,noaa_gefs,22,Pressure_Pa,9,101427.07589285714
gep22,00,2025-12-25,2026-01-03,gcrew,noaa_gefs,22,RH_percent_mean,9,83.19520568847656
gep22,00,2025-12-25,2026-01-03,gcrew,noaa_gefs,22,Rain_mm_sum,9,0.6100000236183405
gep22,00,2025-12-25,2026-01-03,gcrew,noaa_gefs,22,ShortwaveRadiation_Wm2,9,25.714285714285715
gep22,00,2025-12-25,2026-01-03,gcrew,noaa_gefs,22,WindSpeed_ms_mean,9,5.107335579865194
gep22,00,2025-12-25,2026-01-04,gcrew,noaa_gefs,22,AirTemp_C_mean,10,10.889909362792991
gep22,00,2025-12-25,2026-01-04,gcrew,noaa_gefs,22,Pressure_Pa,10,101268.140625
gep22,00,2025-12-25,2026-01-04,gcrew,noaa_gefs,22,RH_percent_mean,10,86.44726371765137
gep22,00,2025-12-25,2026-01-04,gcrew,noaa_gefs,22,Rain_mm_sum,10,0
gep22,00,2025-12-25,2026-01-04,gcrew,noaa_gefs,22,ShortwaveRadiation_Wm2,10,85
gep22,00,2025-12-25,2026-01-04,gcrew,noaa_gefs,22,WindSpeed_ms_mean,10,3.600210788901469
gep22,00,2025-12-25,2026-01-05,gcrew,noaa_gefs,22,AirTemp_C_mean,11,14.514237976074241
gep22,00,2025-12-25,2026-01-05,gcrew,noaa_gefs,22,Pressure_Pa,11,100406.498046875
gep22,00,2025-12-25,2026-01-05,gcrew,noaa_gefs,22,RH_percent_mean,11,85.23000907897949
gep22,00,2025-12-25,2026-01-05,gcrew,noaa_gefs,22,Rain_mm_sum,11,3.7000000178813934
gep22,00,2025-12-25,2026-01-05,gcrew,noaa_gefs,22,ShortwaveRadiation_Wm2,11,42.5
gep22,00,2025-12-25,2026-01-05,gcrew,noaa_gefs,22,WindSpeed_ms_mean,11,5.815003334458832
gep22,00,2025-12-25,2026-01-06,gcrew,noaa_gefs,22,AirTemp_C_mean,12,4.505242919921898
gep22,00,2025-12-25,2026-01-06,gcrew,noaa_gefs,22,Pressure_Pa,12,100507.328125
gep22,00,2025-12-25,2026-01-06,gcrew,noaa_gefs,22,RH_percent_mean,12,62.17771530151367
gep22,00,2025-12-25,2026-01-06,gcrew,noaa_gefs,22,Rain_mm_sum,12,2.100000001490116
gep22,00,2025-12-25,2026-01-06,gcrew,noaa_gefs,22,ShortwaveRadiation_Wm2,12,120
gep22,00,2025-12-25,2026-01-06,gcrew,noaa_gefs,22,WindSpeed_ms_mean,12,7.1292139542536495
gep22,00,2025-12-25,2026-01-07,gcrew,noaa_gefs,22,AirTemp_C_mean,13,3.4188171386718977
gep22,00,2025-12-25,2026-01-07,gcrew,noaa_gefs,22,Pressure_Pa,13,101833.490234375
gep22,00,2025-12-25,2026-01-07,gcrew,noaa_gefs,22,RH_percent_mean,13,53.679908752441406
gep22,00,2025-12-25,2026-01-07,gcrew,noaa_gefs,22,Rain_mm_sum,13,0
gep22,00,2025-12-25,2026-01-07,gcrew,noaa_gefs,22,ShortwaveRadiation_Wm2,13,117.5
gep22,00,2025-12-25,2026-01-07,gcrew,noaa_gefs,22,WindSpeed_ms_mean,13,6.966477756083384
gep22,00,2025-12-25,2026-01-08,gcrew,noaa_gefs,22,AirTemp_C_mean,14,7.357942199707054
gep22,00,2025-12-25,2026-01-08,gcrew,noaa_gefs,22,Pressure_Pa,14,102328.623046875
gep22,00,2025-12-25,2026-01-08,gcrew,noaa_gefs,22,RH_percent_mean,14,55.181633949279785
gep22,00,2025-12-25,2026-01-08,gcrew,noaa_gefs,22,Rain_mm_sum,14,0
gep22,00,2025-12-25,2026-01-08,gcrew,noaa_gefs,22,ShortwaveRadiation_Wm2,14,121.5
gep22,00,2025-12-25,2026-01-08,gcrew,noaa_gefs,22,WindSpeed_ms_mean,14,4.329537463391383
gep22,00,2025-12-25,2026-01-09,gcrew,noaa_gefs,22,AirTemp_C_mean,15,6.292359924316429
gep22,00,2025-12-25,2026-01-09,gcrew,noaa_gefs,22,Pressure_Pa,15,102513.65625
gep22,00,2025-12-25,2026-01-09,gcrew,noaa_gefs,22,RH_percent_mean,15,66.9400224685669
gep22,00,2025-12-25,2026-01-09,gcrew,noaa_gefs,22,Rain_mm_sum,15,0
gep22,00,2025-12-25,2026-01-09,gcrew,noaa_gefs,22,ShortwaveRadiation_Wm2,15,116.5
gep22,00,2025-12-25,2026-01-09,gcrew,noaa_gefs,22,WindSpeed_ms_mean,15,4.169523961397145
gep22,00,2025-12-25,2026-01-10,gcrew,noaa_gefs,22,AirTemp_C_mean,16,8.230760192871116
gep22,00,2025-12-25,2026-01-10,gcrew,noaa_gefs,22,Pressure_Pa,16,100988.9765625
gep22,00,2025-12-25,2026-01-10,gcrew,noaa_gefs,22,RH_percent_mean,16,92.44572067260742
gep22,00,2025-12-25,2026-01-10,gcrew,noaa_gefs,22,Rain_mm_sum,16,47.500000953674316
gep22,00,2025-12-25,2026-01-10,gcrew,noaa_gefs,22,ShortwaveRadiation_Wm2,16,3.5
gep22,00,2025-12-25,2026-01-10,gcrew,noaa_gefs,22,WindSpeed_ms_mean,16,9.299799855644833
gep22,00,2025-12-25,2026-01-11,gcrew,noaa_gefs,22,AirTemp_C_mean,17,0.273957824707054
gep22,00,2025-12-25,2026-01-11,gcrew,noaa_gefs,22,Pressure_Pa,17,101742.986328125
gep22,00,2025-12-25,2026-01-11,gcrew,noaa_gefs,22,RH_percent_mean,17,69.99894523620605
gep22,00,2025-12-25,2026-01-11,gcrew,noaa_gefs,22,Rain_mm_sum,17,7.200000002980232
gep22,00,2025-12-25,2026-01-11,gcrew,noaa_gefs,22,ShortwaveRadiation_Wm2,17,127.25
gep22,00,2025-12-25,2026-01-11,gcrew,noaa_gefs,22,WindSpeed_ms_mean,17,7.6638541985328805
gep22,00,2025-12-25,2026-01-12,gcrew,noaa_gefs,22,AirTemp_C_mean,18,2.171846008300804
gep22,00,2025-12-25,2026-01-12,gcrew,noaa_gefs,22,Pressure_Pa,18,102770.083984375
gep22,00,2025-12-25,2026-01-12,gcrew,noaa_gefs,22,RH_percent_mean,18,69.03396034240723
gep22,00,2025-12-25,2026-01-12,gcrew,noaa_gefs,22,Rain_mm_sum,18,0
gep22,00,2025-12-25,2026-01-12,gcrew,noaa_gefs,22,ShortwaveRadiation_Wm2,18,127.5
gep22,00,2025-12-25,2026-01-12,gcrew,noaa_gefs,22,WindSpeed_ms_mean,18,3.4622293096336105
gep22,00,2025-12-25,2026-01-13,gcrew,noaa_gefs,22,AirTemp_C_mean,19,3.1381164550781477
gep22,00,2025-12-25,2026-01-13,gcrew,noaa_gefs,22,Pressure_Pa,19,102732.630859375
gep22,00,2025-12-25,2026-01-13,gcrew,noaa_gefs,22,RH_percent_mean,19,70.09601783752441
gep22,00,2025-12-25,2026-01-13,gcrew,noaa_gefs,22,Rain_mm_sum,19,0
gep22,00,2025-12-25,2026-01-13,gcrew,noaa_gefs,22,ShortwaveRadiation_Wm2,19,116.5
gep22,00,2025-12-25,2026-01-13,gcrew,noaa_gefs,22,WindSpeed_ms_mean,19,3.4455094842593312
gep22,00,2025-12-25,2026-01-14,gcrew,noaa_gefs,22,AirTemp_C_mean,20,4.095193481445335
gep22,00,2025-12-25,2026-01-14,gcrew,noaa_gefs,22,Pressure_Pa,20,102669.79296875
gep22,00,2025-12-25,2026-01-14,gcrew,noaa_gefs,22,RH_percent_mean,20,83.62176322937012
gep22,00,2025-12-25,2026-01-14,gcrew,noaa_gefs,22,Rain_mm_sum,20,0
gep22,00,2025-12-25,2026-01-14,gcrew,noaa_gefs,22,ShortwaveRadiation_Wm2,20,117.75
gep22,00,2025-12-25,2026-01-14,gcrew,noaa_gefs,22,WindSpeed_ms_mean,20,2.7496518864059034
gep22,00,2025-12-25,2026-01-15,gcrew,noaa_gefs,22,AirTemp_C_mean,21,4.34229431152346
gep22,00,2025-12-25,2026-01-15,gcrew,noaa_gefs,22,Pressure_Pa,21,102705.73828125
gep22,00,2025-12-25,2026-01-15,gcrew,noaa_gefs,22,RH_percent_mean,21,87.58064270019531
gep22,00,2025-12-25,2026-01-15,gcrew,noaa_gefs,22,Rain_mm_sum,21,0.10000000149011612
gep22,00,2025-12-25,2026-01-15,gcrew,noaa_gefs,22,ShortwaveRadiation_Wm2,21,94.5
gep22,00,2025-12-25,2026-01-15,gcrew,noaa_gefs,22,WindSpeed_ms_mean,21,3.556685238735195
gep22,00,2025-12-25,2026-01-16,gcrew,noaa_gefs,22,AirTemp_C_mean,22,12.23005065917971
gep22,00,2025-12-25,2026-01-16,gcrew,noaa_gefs,22,Pressure_Pa,22,100937.822265625
gep22,00,2025-12-25,2026-01-16,gcrew,noaa_gefs,22,RH_percent_mean,22,94.87235832214355
gep22,00,2025-12-25,2026-01-16,gcrew,noaa_gefs,22,Rain_mm_sum,22,22.100001096725464
gep22,00,2025-12-25,2026-01-16,gcrew,noaa_gefs,22,ShortwaveRadiation_Wm2,22,9.75
gep22,00,2025-12-25,2026-01-16,gcrew,noaa_gefs,22,WindSpeed_ms_mean,22,7.712571493864753
gep22,00,2025-12-25,2026-01-17,gcrew,noaa_gefs,22,AirTemp_C_mean,23,8.732659912109398
gep22,00,2025-12-25,2026-01-17,gcrew,noaa_gefs,22,Pressure_Pa,23,101839.7109375
gep22,00,2025-12-25,2026-01-17,gcrew,noaa_gefs,22,RH_percent_mean,23,72.87350654602051
gep22,00,2025-12-25,2026-01-17,gcrew,noaa_gefs,22,Rain_mm_sum,23,0.800000011920929
gep22,00,2025-12-25,2026-01-17,gcrew,noaa_gefs,22,ShortwaveRadiation_Wm2,23,130
gep22,00,2025-12-25,2026-01-17,gcrew,noaa_gefs,22,WindSpeed_ms_mean,23,4.503928313302021
gep22,00,2025-12-25,2026-01-18,gcrew,noaa_gefs,22,AirTemp_C_mean,24,8.240655517578148
gep22,00,2025-12-25,2026-01-18,gcrew,noaa_gefs,22,Pressure_Pa,24,102885.134765625
gep22,00,2025-12-25,2026-01-18,gcrew,noaa_gefs,22,RH_percent_mean,24,67.80245590209961
gep22,00,2025-12-25,2026-01-18,gcrew,noaa_gefs,22,Rain_mm_sum,24,0
gep22,00,2025-12-25,2026-01-18,gcrew,noaa_gefs,22,ShortwaveRadiation_Wm2,24,128.5
gep22,00,2025-12-25,2026-01-18,gcrew,noaa_gefs,22,WindSpeed_ms_mean,24,3.7670321862484957
gep22,00,2025-12-25,2026-01-19,gcrew,noaa_gefs,22,AirTemp_C_mean,25,8.329751586914085
gep22,00,2025-12-25,2026-01-19,gcrew,noaa_gefs,22,Pressure_Pa,25,102533.533203125
gep22,00,2025-12-25,2026-01-19,gcrew,noaa_gefs,22,RH_percent_mean,25,78.15633964538574
gep22,00,2025-12-25,2026-01-19,gcrew,noaa_gefs,22,Rain_mm_sum,25,0
gep22,00,2025-12-25,2026-01-19,gcrew,noaa_gefs,22,ShortwaveRadiation_Wm2,25,60.75
gep22,00,2025-12-25,2026-01-19,gcrew,noaa_gefs,22,WindSpeed_ms_mean,25,5.590911795586785
gep22,00,2025-12-25,2026-01-20,gcrew,noaa_gefs,22,AirTemp_C_mean,26,8.121881103515648
gep22,00,2025-12-25,2026-01-20,gcrew,noaa_gefs,22,Pressure_Pa,26,101917.162109375
gep22,00,2025-12-25,2026-01-20,gcrew,noaa_gefs,22,RH_percent_mean,26,79.7828426361084
gep22,00,2025-12-25,2026-01-20,gcrew,noaa_gefs,22,Rain_mm_sum,26,0.699999988079071
gep22,00,2025-12-25,2026-01-20,gcrew,noaa_gefs,22,ShortwaveRadiation_Wm2,26,35
gep22,00,2025-12-25,2026-01-20,gcrew,noaa_gefs,22,WindSpeed_ms_mean,26,5.416574993003485
gep22,00,2025-12-25,2026-01-21,gcrew,noaa_gefs,22,AirTemp_C_mean,27,1.0910888671875227
gep22,00,2025-12-25,2026-01-21,gcrew,noaa_gefs,22,Pressure_Pa,27,102745.556640625
gep22,00,2025-12-25,2026-01-21,gcrew,noaa_gefs,22,RH_percent_mean,27,69.12549591064453
gep22,00,2025-12-25,2026-01-21,gcrew,noaa_gefs,22,Rain_mm_sum,27,1.2000000029802322
gep22,00,2025-12-25,2026-01-21,gcrew,noaa_gefs,22,ShortwaveRadiation_Wm2,27,28
gep22,00,2025-12-25,2026-01-21,gcrew,noaa_gefs,22,WindSpeed_ms_mean,27,5.47850488358735
gep22,00,2025-12-25,2026-01-22,gcrew,noaa_gefs,22,AirTemp_C_mean,28,5.676553344726585
gep22,00,2025-12-25,2026-01-22,gcrew,noaa_gefs,22,Pressure_Pa,28,100303.91796875
gep22,00,2025-12-25,2026-01-22,gcrew,noaa_gefs,22,RH_percent_mean,28,72.28020286560059
gep22,00,2025-12-25,2026-01-22,gcrew,noaa_gefs,22,Rain_mm_sum,28,11.300000190734863
gep22,00,2025-12-25,2026-01-22,gcrew,noaa_gefs,22,ShortwaveRadiation_Wm2,28,132
gep22,00,2025-12-25,2026-01-22,gcrew,noaa_gefs,22,WindSpeed_ms_mean,28,10.069496986572068
gep22,00,2025-12-25,2026-01-23,gcrew,noaa_gefs,22,AirTemp_C_mean,29,2.7060104370117415
gep22,00,2025-12-25,2026-01-23,gcrew,noaa_gefs,22,Pressure_Pa,29,101102.13671875
gep22,00,2025-12-25,2026-01-23,gcrew,noaa_gefs,22,RH_percent_mean,29,59.599411964416504
gep22,00,2025-12-25,2026-01-23,gcrew,noaa_gefs,22,Rain_mm_sum,29,0
gep22,00,2025-12-25,2026-01-23,gcrew,noaa_gefs,22,ShortwaveRadiation_Wm2,29,137.5
gep22,00,2025-12-25,2026-01-23,gcrew,noaa_gefs,22,WindSpeed_ms_mean,29,5.521899992654974
gep22,00,2025-12-25,2026-01-24,gcrew,noaa_gefs,22,AirTemp_C_mean,30,4.12842712402346
gep22,00,2025-12-25,2026-01-24,gcrew,noaa_gefs,22,Pressure_Pa,30,101227.48828125
gep22,00,2025-12-25,2026-01-24,gcrew,noaa_gefs,22,RH_percent_mean,30,72.47355461120605
gep22,00,2025-12-25,2026-01-24,gcrew,noaa_gefs,22,Rain_mm_sum,30,0
gep22,00,2025-12-25,2026-01-24,gcrew,noaa_gefs,22,ShortwaveRadiation_Wm2,30,127.25
gep22,00,2025-12-25,2026-01-24,gcrew,noaa_gefs,22,WindSpeed_ms_mean,30,5.117748884369503
gep22,00,2025-12-25,2026-01-25,gcrew,noaa_gefs,22,AirTemp_C_mean,31,-0.6562637329101335
gep22,00,2025-12-25,2026-01-25,gcrew,noaa_gefs,22,Pressure_Pa,31,101961.154296875
gep22,00,2025-12-25,2026-01-25,gcrew,noaa_gefs,22,RH_percent_mean,31,57.30247402191162
gep22,00,2025-12-25,2026-01-25,gcrew,noaa_gefs,22,Rain_mm_sum,31,0
gep22,00,2025-12-25,2026-01-25,gcrew,noaa_gefs,22,ShortwaveRadiation_Wm2,31,145.25
gep22,00,2025-12-25,2026-01-25,gcrew,noaa_gefs,22,WindSpeed_ms_mean,31,4.7448173419903386
gep22,00,2025-12-25,2026-01-26,gcrew,noaa_gefs,22,AirTemp_C_mean,32,2.824037170410179
gep22,00,2025-12-25,2026-01-26,gcrew,noaa_gefs,22,Pressure_Pa,32,101941.466796875
gep22,00,2025-12-25,2026-01-26,gcrew,noaa_gefs,22,RH_percent_mean,32,70.92254638671875
gep22,00,2025-12-25,2026-01-26,gcrew,noaa_gefs,22,Rain_mm_sum,32,0
gep22,00,2025-12-25,2026-01-26,gcrew,noaa_gefs,22,ShortwaveRadiation_Wm2,32,138.25
gep22,00,2025-12-25,2026-01-26,gcrew,noaa_gefs,22,WindSpeed_ms_mean,32,3.546680545310956
gep22,00,2025-12-25,2026-01-27,gcrew,noaa_gefs,22,AirTemp_C_mean,33,2.880342102050804
gep22,00,2025-12-25,2026-01-27,gcrew,noaa_gefs,22,Pressure_Pa,33,102457.599609375
gep22,00,2025-12-25,2026-01-27,gcrew,noaa_gefs,22,RH_percent_mean,33,78.3819751739502
gep22,00,2025-12-25,2026-01-27,gcrew,noaa_gefs,22,Rain_mm_sum,33,0
gep22,00,2025-12-25,2026-01-27,gcrew,noaa_gefs,22,ShortwaveRadiation_Wm2,33,142.5
gep22,00,2025-12-25,2026-01-27,gcrew,noaa_gefs,22,WindSpeed_ms_mean,33,3.633655032610908
gep22,00,2025-12-25,2026-01-28,gcrew,noaa_gefs,22,AirTemp_C_mean,34,4.36011657714846
gep22,00,2025-12-25,2026-01-28,gcrew,noaa_gefs,22,Pressure_Pa,34,102016.24609375
gep22,00,2025-12-25,2026-01-28,gcrew,noaa_gefs,22,RH_percent_mean,34,86.29985618591309
gep22,00,2025-12-25,2026-01-28,gcrew,noaa_gefs,22,Rain_mm_sum,34,0.20000000298023224
gep22,00,2025-12-25,2026-01-28,gcrew,noaa_gefs,22,ShortwaveRadiation_Wm2,34,67.25
gep22,00,2025-12-25,2026-01-28,gcrew,noaa_gefs,22,WindSpeed_ms_mean,34,2.304446884715268
gep23,00,2025-12-25,2025-12-26,gcrew,noaa_gefs,23,AirTemp_C_mean,1,1.4191566467285384
gep23,00,2025-12-25,2025-12-26,gcrew,noaa_gefs,23,Pressure_Pa,1,101883.013671875
gep23,00,2025-12-25,2025-12-26,gcrew,noaa_gefs,23,RH_percent_mean,1,59.10939836502075
gep23,00,2025-12-25,2025-12-26,gcrew,noaa_gefs,23,Rain_mm_sum,1,5.929999861866236
gep23,00,2025-12-25,2025-12-26,gcrew,noaa_gefs,23,ShortwaveRadiation_Wm2,1,52.5
gep23,00,2025-12-25,2025-12-26,gcrew,noaa_gefs,23,WindSpeed_ms_mean,1,5.719543666158366
gep23,00,2025-12-25,2025-12-27,gcrew,noaa_gefs,23,AirTemp_C_mean,2,4.553342437744163
gep23,00,2025-12-25,2025-12-27,gcrew,noaa_gefs,23,Pressure_Pa,2,101374.94921875
gep23,00,2025-12-25,2025-12-27,gcrew,noaa_gefs,23,RH_percent_mean,2,78.51494789123535
gep23,00,2025-12-25,2025-12-27,gcrew,noaa_gefs,23,Rain_mm_sum,2,5.500000089406967
gep23,00,2025-12-25,2025-12-27,gcrew,noaa_gefs,23,ShortwaveRadiation_Wm2,2,106.25
gep23,00,2025-12-25,2025-12-27,gcrew,noaa_gefs,23,WindSpeed_ms_mean,2,6.923660931417801
gep23,00,2025-12-25,2025-12-28,gcrew,noaa_gefs,23,AirTemp_C_mean,3,3.017091369628929
gep23,00,2025-12-25,2025-12-28,gcrew,noaa_gefs,23,Pressure_Pa,3,102237.642578125
gep23,00,2025-12-25,2025-12-28,gcrew,noaa_gefs,23,RH_percent_mean,3,72.99352979660034
gep23,00,2025-12-25,2025-12-28,gcrew,noaa_gefs,23,Rain_mm_sum,3,0
gep23,00,2025-12-25,2025-12-28,gcrew,noaa_gefs,23,ShortwaveRadiation_Wm2,3,105
gep23,00,2025-12-25,2025-12-28,gcrew,noaa_gefs,23,WindSpeed_ms_mean,3,2.948875395899818
gep23,00,2025-12-25,2025-12-29,gcrew,noaa_gefs,23,AirTemp_C_mean,4,8.150354003906273
gep23,00,2025-12-25,2025-12-29,gcrew,noaa_gefs,23,Pressure_Pa,4,100520.205078125
gep23,00,2025-12-25,2025-12-29,gcrew,noaa_gefs,23,RH_percent_mean,4,75.22460079193115
gep23,00,2025-12-25,2025-12-29,gcrew,noaa_gefs,23,Rain_mm_sum,4,0.8000000268220901
gep23,00,2025-12-25,2025-12-29,gcrew,noaa_gefs,23,ShortwaveRadiation_Wm2,4,62.5
gep23,00,2025-12-25,2025-12-29,gcrew,noaa_gefs,23,WindSpeed_ms_mean,4,7.362543468483011
gep23,00,2025-12-25,2025-12-30,gcrew,noaa_gefs,23,AirTemp_C_mean,5,0.325959777832054
gep23,00,2025-12-25,2025-12-30,gcrew,noaa_gefs,23,Pressure_Pa,5,100803.0263671875
gep23,00,2025-12-25,2025-12-30,gcrew,noaa_gefs,23,RH_percent_mean,5,53.082125186920166
gep23,00,2025-12-25,2025-12-30,gcrew,noaa_gefs,23,Rain_mm_sum,5,0
gep23,00,2025-12-25,2025-12-30,gcrew,noaa_gefs,23,ShortwaveRadiation_Wm2,5,100.5
gep23,00,2025-12-25,2025-12-30,gcrew,noaa_gefs,23,WindSpeed_ms_mean,5,8.02044107296069
gep23,00,2025-12-25,2025-12-31,gcrew,noaa_gefs,23,AirTemp_C_mean,6,-0.5309776306152116
gep23,00,2025-12-25,2025-12-31,gcrew,noaa_gefs,23,Pressure_Pa,6,101757.0849609375
gep23,00,2025-12-25,2025-12-31,gcrew,noaa_gefs,23,RH_percent_mean,6,49.53283452987671
gep23,00,2025-12-25,2025-12-31,gcrew,noaa_gefs,23,Rain_mm_sum,6,0
gep23,00,2025-12-25,2025-12-31,gcrew,noaa_gefs,23,ShortwaveRadiation_Wm2,6,116.25
gep23,00,2025-12-25,2025-12-31,gcrew,noaa_gefs,23,WindSpeed_ms_mean,6,5.239858882636157
gep23,00,2025-12-25,2026-01-01,gcrew,noaa_gefs,23,AirTemp_C_mean,7,3.5077911376953352
gep23,00,2025-12-25,2026-01-01,gcrew,noaa_gefs,23,Pressure_Pa,7,101793.2197265625
gep23,00,2025-12-25,2026-01-01,gcrew,noaa_gefs,23,RH_percent_mean,7,61.349281787872314
gep23,00,2025-12-25,2026-01-01,gcrew,noaa_gefs,23,Rain_mm_sum,7,0
gep23,00,2025-12-25,2026-01-01,gcrew,noaa_gefs,23,ShortwaveRadiation_Wm2,7,87.5
gep23,00,2025-12-25,2026-01-01,gcrew,noaa_gefs,23,WindSpeed_ms_mean,7,4.304550169616287
gep23,00,2025-12-25,2026-01-02,gcrew,noaa_gefs,23,AirTemp_C_mean,8,5.137780761718773
gep23,00,2025-12-25,2026-01-02,gcrew,noaa_gefs,23,Pressure_Pa,8,101893.263671875
gep23,00,2025-12-25,2026-01-02,gcrew,noaa_gefs,23,RH_percent_mean,8,76.17369937896729
gep23,00,2025-12-25,2026-01-02,gcrew,noaa_gefs,23,Rain_mm_sum,8,0
gep23,00,2025-12-25,2026-01-02,gcrew,noaa_gefs,23,ShortwaveRadiation_Wm2,8,99.375
gep23,00,2025-12-25,2026-01-02,gcrew,noaa_gefs,23,WindSpeed_ms_mean,8,2.9946754157667765
gep23,00,2025-12-25,2026-01-03,gcrew,noaa_gefs,23,AirTemp_C_mean,9,7.461868722098237
gep23,00,2025-12-25,2026-01-03,gcrew,noaa_gefs,23,Pressure_Pa,9,101427.07589285714
gep23,00,2025-12-25,2026-01-03,gcrew,noaa_gefs,23,RH_percent_mean,9,83.19520568847656
gep23,00,2025-12-25,2026-01-03,gcrew,noaa_gefs,23,Rain_mm_sum,9,0.6100000236183405
gep23,00,2025-12-25,2026-01-03,gcrew,noaa_gefs,23,ShortwaveRadiation_Wm2,9,25.714285714285715
gep23,00,2025-12-25,2026-01-03,gcrew,noaa_gefs,23,WindSpeed_ms_mean,9,5.107335579865194
gep23,00,2025-12-25,2026-01-04,gcrew,noaa_gefs,23,AirTemp_C_mean,10,10.889909362792991
gep23,00,2025-12-25,2026-01-04,gcrew,noaa_gefs,23,Pressure_Pa,10,101268.140625
gep23,00,2025-12-25,2026-01-04,gcrew,noaa_gefs,23,RH_percent_mean,10,86.44726371765137
gep23,00,2025-12-25,2026-01-04,gcrew,noaa_gefs,23,Rain_mm_sum,10,0
gep23,00,2025-12-25,2026-01-04,gcrew,noaa_gefs,23,ShortwaveRadiation_Wm2,10,85
gep23,00,2025-12-25,2026-01-04,gcrew,noaa_gefs,23,WindSpeed_ms_mean,10,3.600210788901469
gep23,00,2025-12-25,2026-01-05,gcrew,noaa_gefs,23,AirTemp_C_mean,11,14.514237976074241
gep23,00,2025-12-25,2026-01-05,gcrew,noaa_gefs,23,Pressure_Pa,11,100406.498046875
gep23,00,2025-12-25,2026-01-05,gcrew,noaa_gefs,23,RH_percent_mean,11,85.23000907897949
gep23,00,2025-12-25,2026-01-05,gcrew,noaa_gefs,23,Rain_mm_sum,11,3.7000000178813934
gep23,00,2025-12-25,2026-01-05,gcrew,noaa_gefs,23,ShortwaveRadiation_Wm2,11,42.5
gep23,00,2025-12-25,2026-01-05,gcrew,noaa_gefs,23,WindSpeed_ms_mean,11,5.815003334458832
gep23,00,2025-12-25,2026-01-06,gcrew,noaa_gefs,23,AirTemp_C_mean,12,4.505242919921898
gep23,00,2025-12-25,2026-01-06,gcrew,noaa_gefs,23,Pressure_Pa,12,100507.328125
gep23,00,2025-12-25,2026-01-06,gcrew,noaa_gefs,23,RH_percent_mean,12,62.17771530151367
gep23,00,2025-12-25,2026-01-06,gcrew,noaa_gefs,23,Rain_mm_sum,12,2.100000001490116
gep23,00,2025-12-25,2026-01-06,gcrew,noaa_gefs,23,ShortwaveRadiation_Wm2,12,120
gep23,00,2025-12-25,2026-01-06,gcrew,noaa_gefs,23,WindSpeed_ms_mean,12,7.1292139542536495
gep23,00,2025-12-25,2026-01-07,gcrew,noaa_gefs,23,AirTemp_C_mean,13,3.4188171386718977
gep23,00,2025-12-25,2026-01-07,gcrew,noaa_gefs,23,Pressure_Pa,13,101833.490234375
gep23,00,2025-12-25,2026-01-07,gcrew,noaa_gefs,23,RH_percent_mean,13,53.679908752441406
gep23,00,2025-12-25,2026-01-07,gcrew,noaa_gefs,23,Rain_mm_sum,13,0
gep23,00,2025-12-25,2026-01-07,gcrew,noaa_gefs,23,ShortwaveRadiation_Wm2,13,117.5
gep23,00,2025-12-25,2026-01-07,gcrew,noaa_gefs,23,WindSpeed_ms_mean,13,6.966477756083384
gep23,00,2025-12-25,2026-01-08,gcrew,noaa_gefs,23,AirTemp_C_mean,14,7.357942199707054
gep23,00,2025-12-25,2026-01-08,gcrew,noaa_gefs,23,Pressure_Pa,14,102328.623046875
gep23,00,2025-12-25,2026-01-08,gcrew,noaa_gefs,23,RH_percent_mean,14,55.181633949279785
gep23,00,2025-12-25,2026-01-08,gcrew,noaa_gefs,23,Rain_mm_sum,14,0
gep23,00,2025-12-25,2026-01-08,gcrew,noaa_gefs,23,ShortwaveRadiation_Wm2,14,121.5
gep23,00,2025-12-25,2026-01-08,gcrew,noaa_gefs,23,WindSpeed_ms_mean,14,4.329537463391383
gep23,00,2025-12-25,2026-01-09,gcrew,noaa_gefs,23,AirTemp_C_mean,15,6.292359924316429
gep23,00,2025-12-25,2026-01-09,gcrew,noaa_gefs,23,Pressure_Pa,15,102513.65625
gep23,00,2025-12-25,2026-01-09,gcrew,noaa_gefs,23,RH_percent_mean,15,66.9400224685669
gep23,00,2025-12-25,2026-01-09,gcrew,noaa_gefs,23,Rain_mm_sum,15,0
gep23,00,2025-12-25,2026-01-09,gcrew,noaa_gefs,23,ShortwaveRadiation_Wm2,15,116.5
gep23,00,2025-12-25,2026-01-09,gcrew,noaa_gefs,23,WindSpeed_ms_mean,15,4.169523961397145
gep23,00,2025-12-25,2026-01-10,gcrew,noaa_gefs,23,AirTemp_C_mean,16,8.230760192871116
gep23,00,2025-12-25,2026-01-10,gcrew,noaa_gefs,23,Pressure_Pa,16,100988.9765625
gep23,00,2025-12-25,2026-01-10,gcrew,noaa_gefs,23,RH_percent_mean,16,92.44572067260742
gep23,00,2025-12-25,2026-01-10,gcrew,noaa_gefs,23,Rain_mm_sum,16,47.500000953674316
gep23,00,2025-12-25,2026-01-10,gcrew,noaa_gefs,23,ShortwaveRadiation_Wm2,16,3.5
gep23,00,2025-12-25,2026-01-10,gcrew,noaa_gefs,23,WindSpeed_ms_mean,16,9.299799855644833
gep23,00,2025-12-25,2026-01-11,gcrew,noaa_gefs,23,AirTemp_C_mean,17,0.273957824707054
gep23,00,2025-12-25,2026-01-11,gcrew,noaa_gefs,23,Pressure_Pa,17,101742.986328125
gep23,00,2025-12-25,2026-01-11,gcrew,noaa_gefs,23,RH_percent_mean,17,69.99894523620605
gep23,00,2025-12-25,2026-01-11,gcrew,noaa_gefs,23,Rain_mm_sum,17,7.200000002980232
gep23,00,2025-12-25,2026-01-11,gcrew,noaa_gefs,23,ShortwaveRadiation_Wm2,17,127.25
gep23,00,2025-12-25,2026-01-11,gcrew,noaa_gefs,23,WindSpeed_ms_mean,17,7.6638541985328805
gep23,00,2025-12-25,2026-01-12,gcrew,noaa_gefs,23,AirTemp_C_mean,18,2.171846008300804
gep23,00,2025-12-25,2026-01-12,gcrew,noaa_gefs,23,Pressure_Pa,18,102770.083984375
gep23,00,2025-12-25,2026-01-12,gcrew,noaa_gefs,23,RH_percent_mean,18,69.03396034240723
gep23,00,2025-12-25,2026-01-12,gcrew,noaa_gefs,23,Rain_mm_sum,18,0
gep23,00,2025-12-25,2026-01-12,gcrew,noaa_gefs,23,ShortwaveRadiation_Wm2,18,127.5
gep23,00,2025-12-25,2026-01-12,gcrew,noaa_gefs,23,WindSpeed_ms_mean,18,3.4622293096336105
gep23,00,2025-12-25,2026-01-13,gcrew,noaa_gefs,23,AirTemp_C_mean,19,3.1381164550781477
gep23,00,2025-12-25,2026-01-13,gcrew,noaa_gefs,23,Pressure_Pa,19,102732.630859375
gep23,00,2025-12-25,2026-01-13,gcrew,noaa_gefs,23,RH_percent_mean,19,70.09601783752441
gep23,00,2025-12-25,2026-01-13,gcrew,noaa_gefs,23,Rain_mm_sum,19,0
gep23,00,2025-12-25,2026-01-13,gcrew,noaa_gefs,23,ShortwaveRadiation_Wm2,19,116.5
gep23,00,2025-12-25,2026-01-13,gcrew,noaa_gefs,23,WindSpeed_ms_mean,19,3.4455094842593312
gep23,00,2025-12-25,2026-01-14,gcrew,noaa_gefs,23,AirTemp_C_mean,20,4.095193481445335
gep23,00,2025-12-25,2026-01-14,gcrew,noaa_gefs,23,Pressure_Pa,20,102669.79296875
gep23,00,2025-12-25,2026-01-14,gcrew,noaa_gefs,23,RH_percent_mean,20,83.62176322937012
gep23,00,2025-12-25,2026-01-14,gcrew,noaa_gefs,23,Rain_mm_sum,20,0
gep23,00,2025-12-25,2026-01-14,gcrew,noaa_gefs,23,ShortwaveRadiation_Wm2,20,117.75
gep23,00,2025-12-25,2026-01-14,gcrew,noaa_gefs,23,WindSpeed_ms_mean,20,2.7496518864059034
gep23,00,2025-12-25,2026-01-15,gcrew,noaa_gefs,23,AirTemp_C_mean,21,4.34229431152346
gep23,00,2025-12-25,2026-01-15,gcrew,noaa_gefs,23,Pressure_Pa,21,102705.73828125
gep23,00,2025-12-25,2026-01-15,gcrew,noaa_gefs,23,RH_percent_mean,21,87.58064270019531
gep23,00,2025-12-25,2026-01-15,gcrew,noaa_gefs,23,Rain_mm_sum,21,0.10000000149011612
gep23,00,2025-12-25,2026-01-15,gcrew,noaa_gefs,23,ShortwaveRadiation_Wm2,21,94.5
gep23,00,2025-12-25,2026-01-15,gcrew,noaa_gefs,23,WindSpeed_ms_mean,21,3.556685238735195
gep23,00,2025-12-25,2026-01-16,gcrew,noaa_gefs,23,AirTemp_C_mean,22,12.23005065917971
gep23,00,2025-12-25,2026-01-16,gcrew,noaa_gefs,23,Pressure_Pa,22,100937.822265625
gep23,00,2025-12-25,2026-01-16,gcrew,noaa_gefs,23,RH_percent_mean,22,94.87235832214355
gep23,00,2025-12-25,2026-01-16,gcrew,noaa_gefs,23,Rain_mm_sum,22,22.100001096725464
gep23,00,2025-12-25,2026-01-16,gcrew,noaa_gefs,23,ShortwaveRadiation_Wm2,22,9.75
gep23,00,2025-12-25,2026-01-16,gcrew,noaa_gefs,23,WindSpeed_ms_mean,22,7.712571493864753
gep23,00,2025-12-25,2026-01-17,gcrew,noaa_gefs,23,AirTemp_C_mean,23,8.732659912109398
gep23,00,2025-12-25,2026-01-17,gcrew,noaa_gefs,23,Pressure_Pa,23,101839.7109375
gep23,00,2025-12-25,2026-01-17,gcrew,noaa_gefs,23,RH_percent_mean,23,72.87350654602051
gep23,00,2025-12-25,2026-01-17,gcrew,noaa_gefs,23,Rain_mm_sum,23,0.800000011920929
gep23,00,2025-12-25,2026-01-17,gcrew,noaa_gefs,23,ShortwaveRadiation_Wm2,23,130
gep23,00,2025-12-25,2026-01-17,gcrew,noaa_gefs,23,WindSpeed_ms_mean,23,4.503928313302021
gep23,00,2025-12-25,2026-01-18,gcrew,noaa_gefs,23,AirTemp_C_mean,24,8.240655517578148
gep23,00,2025-12-25,2026-01-18,gcrew,noaa_gefs,23,Pressure_Pa,24,102885.134765625
gep23,00,2025-12-25,2026-01-18,gcrew,noaa_gefs,23,RH_percent_mean,24,67.80245590209961
gep23,00,2025-12-25,2026-01-18,gcrew,noaa_gefs,23,Rain_mm_sum,24,0
gep23,00,2025-12-25,2026-01-18,gcrew,noaa_gefs,23,ShortwaveRadiation_Wm2,24,128.5
gep23,00,2025-12-25,2026-01-18,gcrew,noaa_gefs,23,WindSpeed_ms_mean,24,3.7670321862484957
gep23,00,2025-12-25,2026-01-19,gcrew,noaa_gefs,23,AirTemp_C_mean,25,8.329751586914085
gep23,00,2025-12-25,2026-01-19,gcrew,noaa_gefs,23,Pressure_Pa,25,102533.533203125
gep23,00,2025-12-25,2026-01-19,gcrew,noaa_gefs,23,RH_percent_mean,25,78.15633964538574
gep23,00,2025-12-25,2026-01-19,gcrew,noaa_gefs,23,Rain_mm_sum,25,0
gep23,00,2025-12-25,2026-01-19,gcrew,noaa_gefs,23,ShortwaveRadiation_Wm2,25,60.75
gep23,00,2025-12-25,2026-01-19,gcrew,noaa_gefs,23,WindSpeed_ms_mean,25,5.590911795586785
gep23,00,2025-12-25,2026-01-20,gcrew,noaa_gefs,23,AirTemp_C_mean,26,8.121881103515648
gep23,00,2025-12-25,2026-01-20,gcrew,noaa_gefs,23,Pressure_Pa,26,101917.162109375
gep23,00,2025-12-25,2026-01-20,gcrew,noaa_gefs,23,RH_percent_mean,26,79.7828426361084
gep23,00,2025-12-25,2026-01-20,gcrew,noaa_gefs,23,Rain_mm_sum,26,0.699999988079071
gep23,00,2025-12-25,2026-01-20,gcrew,noaa_gefs,23,ShortwaveRadiation_Wm2,26,35
gep23,00,2025-12-25,2026-01-20,gcrew,noaa_gefs,23,WindSpeed_ms_mean,26,5.416574993003485
gep23,00,2025-12-25,2026-01-21,gcrew,noaa_gefs,23,AirTemp_C_mean,27,1.0910888671875227
gep23,00,2025-12-25,2026-01-21,gcrew,noaa_gefs,23,Pressure_Pa,27,102745.556640625
gep23,00,2025-12-25,2026-01-21,gcrew,noaa_gefs,23,RH_percent_mean,27,69.12549591064453
gep23,00,2025-12-25,2026-01-21,gcrew,noaa_gefs,23,Rain_mm_sum,27,1.2000000029802322
gep23,00,2025-12-25,2026-01-21,gcrew,noaa_gefs,23,ShortwaveRadiation_Wm2,27,28
gep23,00,2025-12-25,2026-01-21,gcrew,noaa_gefs,23,WindSpeed_ms_mean,27,5.47850488358735
gep23,00,2025-12-25,2026-01-22,gcrew,noaa_gefs,23,AirTemp_C_mean,28,5.676553344726585
gep23,00,2025-12-25,2026-01-22,gcrew,noaa_gefs,23,Pressure_Pa,28,100303.91796875
gep23,00,2025-12-25,2026-01-22,gcrew,noaa_gefs,23,RH_percent_mean,28,72.28020286560059
gep23,00,2025-12-25,2026-01-22,gcrew,noaa_gefs,23,Rain_mm_sum,28,11.300000190734863
gep23,00,2025-12-25,2026-01-22,gcrew,noaa_gefs,23,ShortwaveRadiation_Wm2,28,132
gep23,00,2025-12-25,2026-01-22,gcrew,noaa_gefs,23,WindSpeed_ms_mean,28,10.069496986572068
gep23,00,2025-12-25,2026-01-23,gcrew,noaa_gefs,23,AirTemp_C_mean,29,2.7060104370117415
gep23,00,2025-12-25,2026-01-23,gcrew,noaa_gefs,23,Pressure_Pa,29,101102.13671875
gep23,00,2025-12-25,2026-01-23,gcrew,noaa_gefs,23,RH_percent_mean,29,59.599411964416504
gep23,00,2025-12-25,2026-01-23,gcrew,noaa_gefs,23,Rain_mm_sum,29,0
gep23,00,2025-12-25,2026-01-23,gcrew,noaa_gefs,23,ShortwaveRadiation_Wm2,29,137.5
gep23,00,2025-12-25,2026-01-23,gcrew,noaa_gefs,23,WindSpeed_ms_mean,29,5.521899992654974
gep23,00,2025-12-25,2026-01-24,gcrew,noaa_gefs,23,AirTemp_C_mean,30,4.12842712402346
gep23,00,2025-12-25,2026-01-24,gcrew,noaa_gefs,23,Pressure_Pa,30,101227.48828125
gep23,00,2025-12-25,2026-01-24,gcrew,noaa_gefs,23,RH_percent_mean,30,72.47355461120605
gep23,00,2025-12-25,2026-01-24,gcrew,noaa_gefs,23,Rain_mm_sum,30,0
gep23,00,2025-12-25,2026-01-24,gcrew,noaa_gefs,23,ShortwaveRadiation_Wm2,30,127.25
gep23,00,2025-12-25,2026-01-24,gcrew,noaa_gefs,23,WindSpeed_ms_mean,30,5.117748884369503
gep23,00,2025-12-25,2026-01-25,gcrew,noaa_gefs,23,AirTemp_C_mean,31,-0.6562637329101335
gep23,00,2025-12-25,2026-01-25,gcrew,noaa_gefs,23,Pressure_Pa,31,101961.154296875
gep23,00,2025-12-25,2026-01-25,gcrew,noaa_gefs,23,RH_percent_mean,31,57.30247402191162
gep23,00,2025-12-25,2026-01-25,gcrew,noaa_gefs,23,Rain_mm_sum,31,0
gep23,00,2025-12-25,2026-01-25,gcrew,noaa_gefs,23,ShortwaveRadiation_Wm2,31,145.25
gep23,00,2025-12-25,2026-01-25,gcrew,noaa_gefs,23,WindSpeed_ms_mean,31,4.7448173419903386
gep23,00,2025-12-25,2026-01-26,gcrew,noaa_gefs,23,AirTemp_C_mean,32,2.824037170410179
gep23,00,2025-12-25,2026-01-26,gcrew,noaa_gefs,23,Pressure_Pa,32,101941.466796875
gep23,00,2025-12-25,2026-01-26,gcrew,noaa_gefs,23,RH_percent_mean,32,70.92254638671875
gep23,00,2025-12-25,2026-01-26,gcrew,noaa_gefs,23,Rain_mm_sum,32,0
gep23,00,2025-12-25,2026-01-26,gcrew,noaa_gefs,23,ShortwaveRadiation_Wm2,32,138.25
gep23,00,2025-12-25,2026-01-26,gcrew,noaa_gefs,23,WindSpeed_ms_mean,32,3.546680545310956
gep23,00,2025-12-25,2026-01-27,gcrew,noaa_gefs,23,AirTemp_C_mean,33,2.880342102050804
gep23,00,2025-12-25,2026-01-27,gcrew,noaa_gefs,23,Pressure_Pa,33,102457.599609375
gep23,00,2025-12-25,2026-01-27,gcrew,noaa_gefs,23,RH_percent_mean,33,78.3819751739502
gep23,00,2025-12-25,2026-01-27,gcrew,noaa_gefs,23,Rain_mm_sum,33,0
gep23,00,2025-12-25,2026-01-27,gcrew,noaa_gefs,23,ShortwaveRadiation_Wm2,33,142.5
gep23,00,2025-12-25,2026-01-27,gcrew,noaa_gefs,23,WindSpeed_ms_mean,33,3.633655032610908
gep23,00,2025-12-25,2026-01-28,gcrew,noaa_gefs,23,AirTemp_C_mean,34,4.36011657714846
gep23,00,2025-12-25,2026-01-28,gcrew,noaa_gefs,23,Pressure_Pa,34,102016.24609375
gep23,00,2025-12-25,2026-01-28,gcrew,noaa_gefs,23,RH_percent_mean,34,86.29985618591309
gep23,00,2025-12-25,2026-01-28,gcrew,noaa_gefs,23,Rain_mm_sum,34,0.20000000298023224
gep23,00,2025-12-25,2026-01-28,gcrew,noaa_gefs,23,ShortwaveRadiation_Wm2,34,67.25
gep23,00,2025-12-25,2026-01-28,gcrew,noaa_gefs,23,WindSpeed_ms_mean,34,2.304446884715268
gep24,00,2025-12-25,2025-12-26,gcrew,noaa_gefs,24,AirTemp_C_mean,1,1.4191566467285384
gep24,00,2025-12-25,2025-12-26,gcrew,noaa_gefs,24,Pressure_Pa,1,101883.013671875
gep24,00,2025-12-25,2025-12-26,gcrew,noaa_gefs,24,RH_percent_mean,1,59.10939836502075
gep24,00,2025-12-25,2025-12-26,gcrew,noaa_gefs,24,Rain_mm_sum,1,5.929999861866236
gep24,00,2025-12-25,2025-12-26,gcrew,noaa_gefs,24,ShortwaveRadiation_Wm2,1,52.5
gep24,00,2025-12-25,2025-12-26,gcrew,noaa_gefs,24,WindSpeed_ms_mean,1,5.719543666158366
gep24,00,2025-12-25,2025-12-27,gcrew,noaa_gefs,24,AirTemp_C_mean,2,4.553342437744163
gep24,00,2025-12-25,2025-12-27,gcrew,noaa_gefs,24,Pressure_Pa,2,101374.94921875
gep24,00,2025-12-25,2025-12-27,gcrew,noaa_gefs,24,RH_percent_mean,2,78.51494789123535
gep24,00,2025-12-25,2025-12-27,gcrew,noaa_gefs,24,Rain_mm_sum,2,5.500000089406967
gep24,00,2025-12-25,2025-12-27,gcrew,noaa_gefs,24,ShortwaveRadiation_Wm2,2,106.25
gep24,00,2025-12-25,2025-12-27,gcrew,noaa_gefs,24,WindSpeed_ms_mean,2,6.923660931417801
gep24,00,2025-12-25,2025-12-28,gcrew,noaa_gefs,24,AirTemp_C_mean,3,3.017091369628929
gep24,00,2025-12-25,2025-12-28,gcrew,noaa_gefs,24,Pressure_Pa,3,102237.642578125
gep24,00,2025-12-25,2025-12-28,gcrew,noaa_gefs,24,RH_percent_mean,3,72.99352979660034
gep24,00,2025-12-25,2025-12-28,gcrew,noaa_gefs,24,Rain_mm_sum,3,0
gep24,00,2025-12-25,2025-12-28,gcrew,noaa_gefs,24,ShortwaveRadiation_Wm2,3,105
gep24,00,2025-12-25,2025-12-28,gcrew,noaa_gefs,24,WindSpeed_ms_mean,3,2.948875395899818
gep24,00,2025-12-25,2025-12-29,gcrew,noaa_gefs,24,AirTemp_C_mean,4,8.150354003906273
gep24,00,2025-12-25,2025-12-29,gcrew,noaa_gefs,24,Pressure_Pa,4,100520.205078125
gep24,00,2025-12-25,2025-12-29,gcrew,noaa_gefs,24,RH_percent_mean,4,75.22460079193115
gep24,00,2025-12-25,2025-12-29,gcrew,noaa_gefs,24,Rain_mm_sum,4,0.8000000268220901
gep24,00,2025-12-25,2025-12-29,gcrew,noaa_gefs,24,ShortwaveRadiation_Wm2,4,62.5
gep24,00,2025-12-25,2025-12-29,gcrew,noaa_gefs,24,WindSpeed_ms_mean,4,7.362543468483011
gep24,00,2025-12-25,2025-12-30,gcrew,noaa_gefs,24,AirTemp_C_mean,5,0.325959777832054
gep24,00,2025-12-25,2025-12-30,gcrew,noaa_gefs,24,Pressure_Pa,5,100803.0263671875
gep24,00,2025-12-25,2025-12-30,gcrew,noaa_gefs,24,RH_percent_mean,5,53.082125186920166
gep24,00,2025-12-25,2025-12-30,gcrew,noaa_gefs,24,Rain_mm_sum,5,0
gep24,00,2025-12-25,2025-12-30,gcrew,noaa_gefs,24,ShortwaveRadiation_Wm2,5,100.5
gep24,00,2025-12-25,2025-12-30,gcrew,noaa_gefs,24,WindSpeed_ms_mean,5,8.02044107296069
gep24,00,2025-12-25,2025-12-31,gcrew,noaa_gefs,24,AirTemp_C_mean,6,-0.5309776306152116
gep24,00,2025-12-25,2025-12-31,gcrew,noaa_gefs,24,Pressure_Pa,6,101757.0849609375
gep24,00,2025-12-25,2025-12-31,gcrew,noaa_gefs,24,RH_percent_mean,6,49.53283452987671
gep24,00,2025-12-25,2025-12-31,gcrew,noaa_gefs,24,Rain_mm_sum,6,0
gep24,00,2025-12-25,2025-12-31,gcrew,noaa_gefs,24,ShortwaveRadiation_Wm2,6,116.25
gep24,00,2025-12-25,2025-12-31,gcrew,noaa_gefs,24,WindSpeed_ms_mean,6,5.239858882636157
gep24,00,2025-12-25,2026-01-01,gcrew,noaa_gefs,24,AirTemp_C_mean,7,3.5077911376953352
gep24,00,2025-12-25,2026-01-01,gcrew,noaa_gefs,24,Pressure_Pa,7,101793.2197265625
gep24,00,2025-12-25,2026-01-01,gcrew,noaa_gefs,24,RH_percent_mean,7,61.349281787872314
gep24,00,2025-12-25,2026-01-01,gcrew,noaa_gefs,24,Rain_mm_sum,7,0
gep24,00,2025-12-25,2026-01-01,gcrew,noaa_gefs,24,ShortwaveRadiation_Wm2,7,87.5
gep24,00,2025-12-25,2026-01-01,gcrew,noaa_gefs,24,WindSpeed_ms_mean,7,4.304550169616287
gep24,00,2025-12-25,2026-01-02,gcrew,noaa_gefs,24,AirTemp_C_mean,8,5.137780761718773
gep24,00,2025-12-25,2026-01-02,gcrew,noaa_gefs,24,Pressure_Pa,8,101893.263671875
gep24,00,2025-12-25,2026-01-02,gcrew,noaa_gefs,24,RH_percent_mean,8,76.17369937896729
gep24,00,2025-12-25,2026-01-02,gcrew,noaa_gefs,24,Rain_mm_sum,8,0
gep24,00,2025-12-25,2026-01-02,gcrew,noaa_gefs,24,ShortwaveRadiation_Wm2,8,99.375
gep24,00,2025-12-25,2026-01-02,gcrew,noaa_gefs,24,WindSpeed_ms_mean,8,2.9946754157667765
gep24,00,2025-12-25,2026-01-03,gcrew,noaa_gefs,24,AirTemp_C_mean,9,7.461868722098237
gep24,00,2025-12-25,2026-01-03,gcrew,noaa_gefs,24,Pressure_Pa,9,101427.07589285714
gep24,00,2025-12-25,2026-01-03,gcrew,noaa_gefs,24,RH_percent_mean,9,83.19520568847656
gep24,00,2025-12-25,2026-01-03,gcrew,noaa_gefs,24,Rain_mm_sum,9,0.6100000236183405
gep24,00,2025-12-25,2026-01-03,gcrew,noaa_gefs,24,ShortwaveRadiation_Wm2,9,25.714285714285715
gep24,00,2025-12-25,2026-01-03,gcrew,noaa_gefs,24,WindSpeed_ms_mean,9,5.107335579865194
gep24,00,2025-12-25,2026-01-04,gcrew,noaa_gefs,24,AirTemp_C_mean,10,10.889909362792991
gep24,00,2025-12-25,2026-01-04,gcrew,noaa_gefs,24,Pressure_Pa,10,101268.140625
gep24,00,2025-12-25,2026-01-04,gcrew,noaa_gefs,24,RH_percent_mean,10,86.44726371765137
gep24,00,2025-12-25,2026-01-04,gcrew,noaa_gefs,24,Rain_mm_sum,10,0
gep24,00,2025-12-25,2026-01-04,gcrew,noaa_gefs,24,ShortwaveRadiation_Wm2,10,85
gep24,00,2025-12-25,2026-01-04,gcrew,noaa_gefs,24,WindSpeed_ms_mean,10,3.600210788901469
gep24,00,2025-12-25,2026-01-05,gcrew,noaa_gefs,24,AirTemp_C_mean,11,14.514237976074241
gep24,00,2025-12-25,2026-01-05,gcrew,noaa_gefs,24,Pressure_Pa,11,100406.498046875
gep24,00,2025-12-25,2026-01-05,gcrew,noaa_gefs,24,RH_percent_mean,11,85.23000907897949
gep24,00,2025-12-25,2026-01-05,gcrew,noaa_gefs,24,Rain_mm_sum,11,3.7000000178813934
gep24,00,2025-12-25,2026-01-05,gcrew,noaa_gefs,24,ShortwaveRadiation_Wm2,11,42.5
gep24,00,2025-12-25,2026-01-05,gcrew,noaa_gefs,24,WindSpeed_ms_mean,11,5.815003334458832
gep24,00,2025-12-25,2026-01-06,gcrew,noaa_gefs,24,AirTemp_C_mean,12,4.505242919921898
gep24,00,2025-12-25,2026-01-06,gcrew,noaa_gefs,24,Pressure_Pa,12,100507.328125
gep24,00,2025-12-25,2026-01-06,gcrew,noaa_gefs,24,RH_percent_mean,12,62.17771530151367
gep24,00,2025-12-25,2026-01-06,gcrew,noaa_gefs,24,Rain_mm_sum,12,2.100000001490116
gep24,00,2025-12-25,2026-01-06,gcrew,noaa_gefs,24,ShortwaveRadiation_Wm2,12,120
gep24,00,2025-12-25,2026-01-06,gcrew,noaa_gefs,24,WindSpeed_ms_mean,12,7.1292139542536495
gep24,00,2025-12-25,2026-01-07,gcrew,noaa_gefs,24,AirTemp_C_mean,13,3.4188171386718977
gep24,00,2025-12-25,2026-01-07,gcrew,noaa_gefs,24,Pressure_Pa,13,101833.490234375
gep24,00,2025-12-25,2026-01-07,gcrew,noaa_gefs,24,RH_percent_mean,13,53.679908752441406
gep24,00,2025-12-25,2026-01-07,gcrew,noaa_gefs,24,Rain_mm_sum,13,0
gep24,00,2025-12-25,2026-01-07,gcrew,noaa_gefs,24,ShortwaveRadiation_Wm2,13,117.5
gep24,00,2025-12-25,2026-01-07,gcrew,noaa_gefs,24,WindSpeed_ms_mean,13,6.966477756083384
gep24,00,2025-12-25,2026-01-08,gcrew,noaa_gefs,24,AirTemp_C_mean,14,7.357942199707054
gep24,00,2025-12-25,2026-01-08,gcrew,noaa_gefs,24,Pressure_Pa,14,102328.623046875
gep24,00,2025-12-25,2026-01-08,gcrew,noaa_gefs,24,RH_percent_mean,14,55.181633949279785
gep24,00,2025-12-25,2026-01-08,gcrew,noaa_gefs,24,Rain_mm_sum,14,0
gep24,00,2025-12-25,2026-01-08,gcrew,noaa_gefs,24,ShortwaveRadiation_Wm2,14,121.5
gep24,00,2025-12-25,2026-01-08,gcrew,noaa_gefs,24,WindSpeed_ms_mean,14,4.329537463391383
gep24,00,2025-12-25,2026-01-09,gcrew,noaa_gefs,24,AirTemp_C_mean,15,6.292359924316429
gep24,00,2025-12-25,2026-01-09,gcrew,noaa_gefs,24,Pressure_Pa,15,102513.65625
gep24,00,2025-12-25,2026-01-09,gcrew,noaa_gefs,24,RH_percent_mean,15,66.9400224685669
gep24,00,2025-12-25,2026-01-09,gcrew,noaa_gefs,24,Rain_mm_sum,15,0
gep24,00,2025-12-25,2026-01-09,gcrew,noaa_gefs,24,ShortwaveRadiation_Wm2,15,116.5
gep24,00,2025-12-25,2026-01-09,gcrew,noaa_gefs,24,WindSpeed_ms_mean,15,4.169523961397145
gep24,00,2025-12-25,2026-01-10,gcrew,noaa_gefs,24,AirTemp_C_mean,16,8.230760192871116
gep24,00,2025-12-25,2026-01-10,gcrew,noaa_gefs,24,Pressure_Pa,16,100988.9765625
gep24,00,2025-12-25,2026-01-10,gcrew,noaa_gefs,24,RH_percent_mean,16,92.44572067260742
gep24,00,2025-12-25,2026-01-10,gcrew,noaa_gefs,24,Rain_mm_sum,16,47.500000953674316
gep24,00,2025-12-25,2026-01-10,gcrew,noaa_gefs,24,ShortwaveRadiation_Wm2,16,3.5
gep24,00,2025-12-25,2026-01-10,gcrew,noaa_gefs,24,WindSpeed_ms_mean,16,9.299799855644833
gep24,00,2025-12-25,2026-01-11,gcrew,noaa_gefs,24,AirTemp_C_mean,17,0.273957824707054
gep24,00,2025-12-25,2026-01-11,gcrew,noaa_gefs,24,Pressure_Pa,17,101742.986328125
gep24,00,2025-12-25,2026-01-11,gcrew,noaa_gefs,24,RH_percent_mean,17,69.99894523620605
gep24,00,2025-12-25,2026-01-11,gcrew,noaa_gefs,24,Rain_mm_sum,17,7.200000002980232
gep24,00,2025-12-25,2026-01-11,gcrew,noaa_gefs,24,ShortwaveRadiation_Wm2,17,127.25
gep24,00,2025-12-25,2026-01-11,gcrew,noaa_gefs,24,WindSpeed_ms_mean,17,7.6638541985328805
gep24,00,2025-12-25,2026-01-12,gcrew,noaa_gefs,24,AirTemp_C_mean,18,2.171846008300804
gep24,00,2025-12-25,2026-01-12,gcrew,noaa_gefs,24,Pressure_Pa,18,102770.083984375
gep24,00,2025-12-25,2026-01-12,gcrew,noaa_gefs,24,RH_percent_mean,18,69.03396034240723
gep24,00,2025-12-25,2026-01-12,gcrew,noaa_gefs,24,Rain_mm_sum,18,0
gep24,00,2025-12-25,2026-01-12,gcrew,noaa_gefs,24,ShortwaveRadiation_Wm2,18,127.5
gep24,00,2025-12-25,2026-01-12,gcrew,noaa_gefs,24,WindSpeed_ms_mean,18,3.4622293096336105
gep24,00,2025-12-25,2026-01-13,gcrew,noaa_gefs,24,AirTemp_C_mean,19,3.1381164550781477
gep24,00,2025-12-25,2026-01-13,gcrew,noaa_gefs,24,Pressure_Pa,19,102732.630859375
gep24,00,2025-12-25,2026-01-13,gcrew,noaa_gefs,24,RH_percent_mean,19,70.09601783752441
gep24,00,2025-12-25,2026-01-13,gcrew,noaa_gefs,24,Rain_mm_sum,19,0
gep24,00,2025-12-25,2026-01-13,gcrew,noaa_gefs,24,ShortwaveRadiation_Wm2,19,116.5
gep24,00,2025-12-25,2026-01-13,gcrew,noaa_gefs,24,WindSpeed_ms_mean,19,3.4455094842593312
gep24,00,2025-12-25,2026-01-14,gcrew,noaa_gefs,24,AirTemp_C_mean,20,4.095193481445335
gep24,00,2025-12-25,2026-01-14,gcrew,noaa_gefs,24,Pressure_Pa,20,102669.79296875
gep24,00,2025-12-25,2026-01-14,gcrew,noaa_gefs,24,RH_percent_mean,20,83.62176322937012
gep24,00,2025-12-25,2026-01-14,gcrew,noaa_gefs,24,Rain_mm_sum,20,0
gep24,00,2025-12-25,2026-01-14,gcrew,noaa_gefs,24,ShortwaveRadiation_Wm2,20,117.75
gep24,00,2025-12-25,2026-01-14,gcrew,noaa_gefs,24,WindSpeed_ms_mean,20,2.7496518864059034
gep24,00,2025-12-25,2026-01-15,gcrew,noaa_gefs,24,AirTemp_C_mean,21,4.34229431152346
gep24,00,2025-12-25,2026-01-15,gcrew,noaa_gefs,24,Pressure_Pa,21,102705.73828125
gep24,00,2025-12-25,2026-01-15,gcrew,noaa_gefs,24,RH_percent_mean,21,87.58064270019531
gep24,00,2025-12-25,2026-01-15,gcrew,noaa_gefs,24,Rain_mm_sum,21,0.10000000149011612
gep24,00,2025-12-25,2026-01-15,gcrew,noaa_gefs,24,ShortwaveRadiation_Wm2,21,94.5
gep24,00,2025-12-25,2026-01-15,gcrew,noaa_gefs,24,WindSpeed_ms_mean,21,3.556685238735195
gep24,00,2025-12-25,2026-01-16,gcrew,noaa_gefs,24,AirTemp_C_mean,22,12.23005065917971
gep24,00,2025-12-25,2026-01-16,gcrew,noaa_gefs,24,Pressure_Pa,22,100937.822265625
gep24,00,2025-12-25,2026-01-16,gcrew,noaa_gefs,24,RH_percent_mean,22,94.87235832214355
gep24,00,2025-12-25,2026-01-16,gcrew,noaa_gefs,24,Rain_mm_sum,22,22.100001096725464
gep24,00,2025-12-25,2026-01-16,gcrew,noaa_gefs,24,ShortwaveRadiation_Wm2,22,9.75
gep24,00,2025-12-25,2026-01-16,gcrew,noaa_gefs,24,WindSpeed_ms_mean,22,7.712571493864753
gep24,00,2025-12-25,2026-01-17,gcrew,noaa_gefs,24,AirTemp_C_mean,23,8.732659912109398
gep24,00,2025-12-25,2026-01-17,gcrew,noaa_gefs,24,Pressure_Pa,23,101839.7109375
gep24,00,2025-12-25,2026-01-17,gcrew,noaa_gefs,24,RH_percent_mean,23,72.87350654602051
gep24,00,2025-12-25,2026-01-17,gcrew,noaa_gefs,24,Rain_mm_sum,23,0.800000011920929
gep24,00,2025-12-25,2026-01-17,gcrew,noaa_gefs,24,ShortwaveRadiation_Wm2,23,130
gep24,00,2025-12-25,2026-01-17,gcrew,noaa_gefs,24,WindSpeed_ms_mean,23,4.503928313302021
gep24,00,2025-12-25,2026-01-18,gcrew,noaa_gefs,24,AirTemp_C_mean,24,8.240655517578148
gep24,00,2025-12-25,2026-01-18,gcrew,noaa_gefs,24,Pressure_Pa,24,102885.134765625
gep24,00,2025-12-25,2026-01-18,gcrew,noaa_gefs,24,RH_percent_mean,24,67.80245590209961
gep24,00,2025-12-25,2026-01-18,gcrew,noaa_gefs,24,Rain_mm_sum,24,0
gep24,00,2025-12-25,2026-01-18,gcrew,noaa_gefs,24,ShortwaveRadiation_Wm2,24,128.5
gep24,00,2025-12-25,2026-01-18,gcrew,noaa_gefs,24,WindSpeed_ms_mean,24,3.7670321862484957
gep24,00,2025-12-25,2026-01-19,gcrew,noaa_gefs,24,AirTemp_C_mean,25,8.329751586914085
gep24,00,2025-12-25,2026-01-19,gcrew,noaa_gefs,24,Pressure_Pa,25,102533.533203125
gep24,00,2025-12-25,2026-01-19,gcrew,noaa_gefs,24,RH_percent_mean,25,78.15633964538574
gep24,00,2025-12-25,2026-01-19,gcrew,noaa_gefs,24,Rain_mm_sum,25,0
gep24,00,2025-12-25,2026-01-19,gcrew,noaa_gefs,24,ShortwaveRadiation_Wm2,25,60.75
gep24,00,2025-12-25,2026-01-19,gcrew,noaa_gefs,24,WindSpeed_ms_mean,25,5.590911795586785
gep24,00,2025-12-25,2026-01-20,gcrew,noaa_gefs,24,AirTemp_C_mean,26,8.121881103515648
gep24,00,2025-12-25,2026-01-20,gcrew,noaa_gefs,24,Pressure_Pa,26,101917.162109375
gep24,00,2025-12-25,2026-01-20,gcrew,noaa_gefs,24,RH_percent_mean,26,79.7828426361084
gep24,00,2025-12-25,2026-01-20,gcrew,noaa_gefs,24,Rain_mm_sum,26,0.699999988079071
gep24,00,2025-12-25,2026-01-20,gcrew,noaa_gefs,24,ShortwaveRadiation_Wm2,26,35
gep24,00,2025-12-25,2026-01-20,gcrew,noaa_gefs,24,WindSpeed_ms_mean,26,5.416574993003485
gep24,00,2025-12-25,2026-01-21,gcrew,noaa_gefs,24,AirTemp_C_mean,27,1.0910888671875227
gep24,00,2025-12-25,2026-01-21,gcrew,noaa_gefs,24,Pressure_Pa,27,102745.556640625
gep24,00,2025-12-25,2026-01-21,gcrew,noaa_gefs,24,RH_percent_mean,27,69.12549591064453
gep24,00,2025-12-25,2026-01-21,gcrew,noaa_gefs,24,Rain_mm_sum,27,1.2000000029802322
gep24,00,2025-12-25,2026-01-21,gcrew,noaa_gefs,24,ShortwaveRadiation_Wm2,27,28
gep24,00,2025-12-25,2026-01-21,gcrew,noaa_gefs,24,WindSpeed_ms_mean,27,5.47850488358735
gep24,00,2025-12-25,2026-01-22,gcrew,noaa_gefs,24,AirTemp_C_mean,28,5.676553344726585
gep24,00,2025-12-25,2026-01-22,gcrew,noaa_gefs,24,Pressure_Pa,28,100303.91796875
gep24,00,2025-12-25,2026-01-22,gcrew,noaa_gefs,24,RH_percent_mean,28,72.28020286560059
gep24,00,2025-12-25,2026-01-22,gcrew,noaa_gefs,24,Rain_mm_sum,28,11.300000190734863
gep24,00,2025-12-25,2026-01-22,gcrew,noaa_gefs,24,ShortwaveRadiation_Wm2,28,132
gep24,00,2025-12-25,2026-01-22,gcrew,noaa_gefs,24,WindSpeed_ms_mean,28,10.069496986572068
gep24,00,2025-12-25,2026-01-23,gcrew,noaa_gefs,24,AirTemp_C_mean,29,2.7060104370117415
gep24,00,2025-12-25,2026-01-23,gcrew,noaa_gefs,24,Pressure_Pa,29,101102.13671875
gep24,00,2025-12-25,2026-01-23,gcrew,noaa_gefs,24,RH_percent_mean,29,59.599411964416504
gep24,00,2025-12-25,2026-01-23,gcrew,noaa_gefs,24,Rain_mm_sum,29,0
gep24,00,2025-12-25,2026-01-23,gcrew,noaa_gefs,24,ShortwaveRadiation_Wm2,29,137.5
gep24,00,2025-12-25,2026-01-23,gcrew,noaa_gefs,24,WindSpeed_ms_mean,29,5.521899992654974
gep24,00,2025-12-25,2026-01-24,gcrew,noaa_gefs,24,AirTemp_C_mean,30,4.12842712402346
gep24,00,2025-12-25,2026-01-24,gcrew,noaa_gefs,24,Pressure_Pa,30,101227.48828125
gep24,00,2025-12-25,2026-01-24,gcrew,noaa_gefs,24,RH_percent_mean,30,72.47355461120605
gep24,00,2025-12-25,2026-01-24,gcrew,noaa_gefs,24,Rain_mm_sum,30,0
gep24,00,2025-12-25,2026-01-24,gcrew,noaa_gefs,24,ShortwaveRadiation_Wm2,30,127.25
gep24,00,2025-12-25,2026-01-24,gcrew,noaa_gefs,24,WindSpeed_ms_mean,30,5.117748884369503
gep24,00,2025-12-25,2026-01-25,gcrew,noaa_gefs,24,AirTemp_C_mean,31,-0.6562637329101335
gep24,00,2025-12-25,2026-01-25,gcrew,noaa_gefs,24,Pressure_Pa,31,101961.154296875
gep24,00,2025-12-25,2026-01-25,gcrew,noaa_gefs,24,RH_percent_mean,31,57.30247402191162
gep24,00,2025-12-25,2026-01-25,gcrew,noaa_gefs,24,Rain_mm_sum,31,0
gep24,00,2025-12-25,2026-01-25,gcrew,noaa_gefs,24,ShortwaveRadiation_Wm2,31,145.25
gep24,00,2025-12-25,2026-01-25,gcrew,noaa_gefs,24,WindSpeed_ms_mean,31,4.7448173419903386
gep24,00,2025-12-25,2026-01-26,gcrew,noaa_gefs,24,AirTemp_C_mean,32,2.824037170410179
gep24,00,2025-12-25,2026-01-26,gcrew,noaa_gefs,24,Pressure_Pa,32,101941.466796875
gep24,00,2025-12-25,2026-01-26,gcrew,noaa_gefs,24,RH_percent_mean,32,70.92254638671875
gep24,00,2025-12-25,2026-01-26,gcrew,noaa_gefs,24,Rain_mm_sum,32,0
gep24,00,2025-12-25,2026-01-26,gcrew,noaa_gefs,24,ShortwaveRadiation_Wm2,32,138.25
gep24,00,2025-12-25,2026-01-26,gcrew,noaa_gefs,24,WindSpeed_ms_mean,32,3.546680545310956
gep24,00,2025-12-25,2026-01-27,gcrew,noaa_gefs,24,AirTemp_C_mean,33,2.880342102050804
gep24,00,2025-12-25,2026-01-27,gcrew,noaa_gefs,24,Pressure_Pa,33,102457.599609375
gep24,00,2025-12-25,2026-01-27,gcrew,noaa_gefs,24,RH_percent_mean,33,78.3819751739502
gep24,00,2025-12-25,2026-01-27,gcrew,noaa_gefs,24,Rain_mm_sum,33,0
gep24,00,2025-12-25,2026-01-27,gcrew,noaa_gefs,24,ShortwaveRadiation_Wm2,33,142.5
gep24,00,2025-12-25,2026-01-27,gcrew,noaa_gefs,24,WindSpeed_ms_mean,33,3.633655032610908
gep24,00,2025-12-25,2026-01-28,gcrew,noaa_gefs,24,AirTemp_C_mean,34,4.36011657714846
gep24,00,2025-12-25,2026-01-28,gcrew,noaa_gefs,24,Pressure_Pa,34,102016.24609375
gep24,00,2025-12-25,2026-01-28,gcrew,noaa_gefs,24,RH_percent_mean,34,86.29985618591309
gep24,00,2025-12-25,2026-01-28,gcrew,noaa_gefs,24,Rain_mm_sum,34,0.20000000298023224
gep24,00,2025-12-25,2026-01-28,gcrew,noaa_gefs,24,ShortwaveRadiation_Wm2,34,67.25
gep24,00,2025-12-25,2026-01-28,gcrew,noaa_gefs,24,WindSpeed_ms_mean,34,2.304446884715268
gep25,00,2025-12-25,2025-12-26,gcrew,noaa_gefs,25,AirTemp_C_mean,1,1.4191566467285384
gep25,00,2025-12-25,2025-12-26,gcrew,noaa_gefs,25,Pressure_Pa,1,101883.013671875
gep25,00,2025-12-25,2025-12-26,gcrew,noaa_gefs,25,RH_percent_mean,1,59.10939836502075
gep25,00,2025-12-25,2025-12-26,gcrew,noaa_gefs,25,Rain_mm_sum,1,5.929999861866236
gep25,00,2025-12-25,2025-12-26,gcrew,noaa_gefs,25,ShortwaveRadiation_Wm2,1,52.5
gep25,00,2025-12-25,2025-12-26,gcrew,noaa_gefs,25,WindSpeed_ms_mean,1,5.719543666158366
gep25,00,2025-12-25,2025-12-27,gcrew,noaa_gefs,25,AirTemp_C_mean,2,4.553342437744163
gep25,00,2025-12-25,2025-12-27,gcrew,noaa_gefs,25,Pressure_Pa,2,101374.94921875
gep25,00,2025-12-25,2025-12-27,gcrew,noaa_gefs,25,RH_percent_mean,2,78.51494789123535
gep25,00,2025-12-25,2025-12-27,gcrew,noaa_gefs,25,Rain_mm_sum,2,5.500000089406967
gep25,00,2025-12-25,2025-12-27,gcrew,noaa_gefs,25,ShortwaveRadiation_Wm2,2,106.25
gep25,00,2025-12-25,2025-12-27,gcrew,noaa_gefs,25,WindSpeed_ms_mean,2,6.923660931417801
gep25,00,2025-12-25,2025-12-28,gcrew,noaa_gefs,25,AirTemp_C_mean,3,3.017091369628929
gep25,00,2025-12-25,2025-12-28,gcrew,noaa_gefs,25,Pressure_Pa,3,102237.642578125
gep25,00,2025-12-25,2025-12-28,gcrew,noaa_gefs,25,RH_percent_mean,3,72.99352979660034
gep25,00,2025-12-25,2025-12-28,gcrew,noaa_gefs,25,Rain_mm_sum,3,0
gep25,00,2025-12-25,2025-12-28,gcrew,noaa_gefs,25,ShortwaveRadiation_Wm2,3,105
gep25,00,2025-12-25,2025-12-28,gcrew,noaa_gefs,25,WindSpeed_ms_mean,3,2.948875395899818
gep25,00,2025-12-25,2025-12-29,gcrew,noaa_gefs,25,AirTemp_C_mean,4,8.150354003906273
gep25,00,2025-12-25,2025-12-29,gcrew,noaa_gefs,25,Pressure_Pa,4,100520.205078125
gep25,00,2025-12-25,2025-12-29,gcrew,noaa_gefs,25,RH_percent_mean,4,75.22460079193115
gep25,00,2025-12-25,2025-12-29,gcrew,noaa_gefs,25,Rain_mm_sum,4,0.8000000268220901
gep25,00,2025-12-25,2025-12-29,gcrew,noaa_gefs,25,ShortwaveRadiation_Wm2,4,62.5
gep25,00,2025-12-25,2025-12-29,gcrew,noaa_gefs,25,WindSpeed_ms_mean,4,7.362543468483011
gep25,00,2025-12-25,2025-12-30,gcrew,noaa_gefs,25,AirTemp_C_mean,5,0.325959777832054
gep25,00,2025-12-25,2025-12-30,gcrew,noaa_gefs,25,Pressure_Pa,5,100803.0263671875
gep25,00,2025-12-25,2025-12-30,gcrew,noaa_gefs,25,RH_percent_mean,5,53.082125186920166
gep25,00,2025-12-25,2025-12-30,gcrew,noaa_gefs,25,Rain_mm_sum,5,0
gep25,00,2025-12-25,2025-12-30,gcrew,noaa_gefs,25,ShortwaveRadiation_Wm2,5,100.5
gep25,00,2025-12-25,2025-12-30,gcrew,noaa_gefs,25,WindSpeed_ms_mean,5,8.02044107296069
gep25,00,2025-12-25,2025-12-31,gcrew,noaa_gefs,25,AirTemp_C_mean,6,-0.5309776306152116
gep25,00,2025-12-25,2025-12-31,gcrew,noaa_gefs,25,Pressure_Pa,6,101757.0849609375
gep25,00,2025-12-25,2025-12-31,gcrew,noaa_gefs,25,RH_percent_mean,6,49.53283452987671
gep25,00,2025-12-25,2025-12-31,gcrew,noaa_gefs,25,Rain_mm_sum,6,0
gep25,00,2025-12-25,2025-12-31,gcrew,noaa_gefs,25,ShortwaveRadiation_Wm2,6,116.25
gep25,00,2025-12-25,2025-12-31,gcrew,noaa_gefs,25,WindSpeed_ms_mean,6,5.239858882636157
gep25,00,2025-12-25,2026-01-01,gcrew,noaa_gefs,25,AirTemp_C_mean,7,3.5077911376953352
gep25,00,2025-12-25,2026-01-01,gcrew,noaa_gefs,25,Pressure_Pa,7,101793.2197265625
gep25,00,2025-12-25,2026-01-01,gcrew,noaa_gefs,25,RH_percent_mean,7,61.349281787872314
gep25,00,2025-12-25,2026-01-01,gcrew,noaa_gefs,25,Rain_mm_sum,7,0
gep25,00,2025-12-25,2026-01-01,gcrew,noaa_gefs,25,ShortwaveRadiation_Wm2,7,87.5
gep25,00,2025-12-25,2026-01-01,gcrew,noaa_gefs,25,WindSpeed_ms_mean,7,4.304550169616287
gep25,00,2025-12-25,2026-01-02,gcrew,noaa_gefs,25,AirTemp_C_mean,8,5.137780761718773
gep25,00,2025-12-25,2026-01-02,gcrew,noaa_gefs,25,Pressure_Pa,8,101893.263671875
gep25,00,2025-12-25,2026-01-02,gcrew,noaa_gefs,25,RH_percent_mean,8,76.17369937896729
gep25,00,2025-12-25,2026-01-02,gcrew,noaa_gefs,25,Rain_mm_sum,8,0
gep25,00,2025-12-25,2026-01-02,gcrew,noaa_gefs,25,ShortwaveRadiation_Wm2,8,99.375
gep25,00,2025-12-25,2026-01-02,gcrew,noaa_gefs,25,WindSpeed_ms_mean,8,2.9946754157667765
gep25,00,2025-12-25,2026-01-03,gcrew,noaa_gefs,25,AirTemp_C_mean,9,7.461868722098237
gep25,00,2025-12-25,2026-01-03,gcrew,noaa_gefs,25,Pressure_Pa,9,101427.07589285714
gep25,00,2025-12-25,2026-01-03,gcrew,noaa_gefs,25,RH_percent_mean,9,83.19520568847656
gep25,00,2025-12-25,2026-01-03,gcrew,noaa_gefs,25,Rain_mm_sum,9,0.6100000236183405
gep25,00,2025-12-25,2026-01-03,gcrew,noaa_gefs,25,ShortwaveRadiation_Wm2,9,25.714285714285715
gep25,00,2025-12-25,2026-01-03,gcrew,noaa_gefs,25,WindSpeed_ms_mean,9,5.107335579865194
gep25,00,2025-12-25,2026-01-04,gcrew,noaa_gefs,25,AirTemp_C_mean,10,10.889909362792991
gep25,00,2025-12-25,2026-01-04,gcrew,noaa_gefs,25,Pressure_Pa,10,101268.140625
gep25,00,2025-12-25,2026-01-04,gcrew,noaa_gefs,25,RH_percent_mean,10,86.44726371765137
gep25,00,2025-12-25,2026-01-04,gcrew,noaa_gefs,25,Rain_mm_sum,10,0
gep25,00,2025-12-25,2026-01-04,gcrew,noaa_gefs,25,ShortwaveRadiation_Wm2,10,85
gep25,00,2025-12-25,2026-01-04,gcrew,noaa_gefs,25,WindSpeed_ms_mean,10,3.600210788901469
gep25,00,2025-12-25,2026-01-05,gcrew,noaa_gefs,25,AirTemp_C_mean,11,14.514237976074241
gep25,00,2025-12-25,2026-01-05,gcrew,noaa_gefs,25,Pressure_Pa,11,100406.498046875
gep25,00,2025-12-25,2026-01-05,gcrew,noaa_gefs,25,RH_percent_mean,11,85.23000907897949
gep25,00,2025-12-25,2026-01-05,gcrew,noaa_gefs,25,Rain_mm_sum,11,3.7000000178813934
gep25,00,2025-12-25,2026-01-05,gcrew,noaa_gefs,25,ShortwaveRadiation_Wm2,11,42.5
gep25,00,2025-12-25,2026-01-05,gcrew,noaa_gefs,25,WindSpeed_ms_mean,11,5.815003334458832
gep25,00,2025-12-25,2026-01-06,gcrew,noaa_gefs,25,AirTemp_C_mean,12,4.505242919921898
gep25,00,2025-12-25,2026-01-06,gcrew,noaa_gefs,25,Pressure_Pa,12,100507.328125
gep25,00,2025-12-25,2026-01-06,gcrew,noaa_gefs,25,RH_percent_mean,12,62.17771530151367
gep25,00,2025-12-25,2026-01-06,gcrew,noaa_gefs,25,Rain_mm_sum,12,2.100000001490116
gep25,00,2025-12-25,2026-01-06,gcrew,noaa_gefs,25,ShortwaveRadiation_Wm2,12,120
gep25,00,2025-12-25,2026-01-06,gcrew,noaa_gefs,25,WindSpeed_ms_mean,12,7.1292139542536495
gep25,00,2025-12-25,2026-01-07,gcrew,noaa_gefs,25,AirTemp_C_mean,13,3.4188171386718977
gep25,00,2025-12-25,2026-01-07,gcrew,noaa_gefs,25,Pressure_Pa,13,101833.490234375
gep25,00,2025-12-25,2026-01-07,gcrew,noaa_gefs,25,RH_percent_mean,13,53.679908752441406
gep25,00,2025-12-25,2026-01-07,gcrew,noaa_gefs,25,Rain_mm_sum,13,0
gep25,00,2025-12-25,2026-01-07,gcrew,noaa_gefs,25,ShortwaveRadiation_Wm2,13,117.5
gep25,00,2025-12-25,2026-01-07,gcrew,noaa_gefs,25,WindSpeed_ms_mean,13,6.966477756083384
gep25,00,2025-12-25,2026-01-08,gcrew,noaa_gefs,25,AirTemp_C_mean,14,7.357942199707054
gep25,00,2025-12-25,2026-01-08,gcrew,noaa_gefs,25,Pressure_Pa,14,102328.623046875
gep25,00,2025-12-25,2026-01-08,gcrew,noaa_gefs,25,RH_percent_mean,14,55.181633949279785
gep25,00,2025-12-25,2026-01-08,gcrew,noaa_gefs,25,Rain_mm_sum,14,0
gep25,00,2025-12-25,2026-01-08,gcrew,noaa_gefs,25,ShortwaveRadiation_Wm2,14,121.5
gep25,00,2025-12-25,2026-01-08,gcrew,noaa_gefs,25,WindSpeed_ms_mean,14,4.329537463391383
gep25,00,2025-12-25,2026-01-09,gcrew,noaa_gefs,25,AirTemp_C_mean,15,6.292359924316429
gep25,00,2025-12-25,2026-01-09,gcrew,noaa_gefs,25,Pressure_Pa,15,102513.65625
gep25,00,2025-12-25,2026-01-09,gcrew,noaa_gefs,25,RH_percent_mean,15,66.9400224685669
gep25,00,2025-12-25,2026-01-09,gcrew,noaa_gefs,25,Rain_mm_sum,15,0
gep25,00,2025-12-25,2026-01-09,gcrew,noaa_gefs,25,ShortwaveRadiation_Wm2,15,116.5
gep25,00,2025-12-25,2026-01-09,gcrew,noaa_gefs,25,WindSpeed_ms_mean,15,4.169523961397145
gep25,00,2025-12-25,2026-01-10,gcrew,noaa_gefs,25,AirTemp_C_mean,16,8.230760192871116
gep25,00,2025-12-25,2026-01-10,gcrew,noaa_gefs,25,Pressure_Pa,16,100988.9765625
gep25,00,2025-12-25,2026-01-10,gcrew,noaa_gefs,25,RH_percent_mean,16,92.44572067260742
gep25,00,2025-12-25,2026-01-10,gcrew,noaa_gefs,25,Rain_mm_sum,16,47.500000953674316
gep25,00,2025-12-25,2026-01-10,gcrew,noaa_gefs,25,ShortwaveRadiation_Wm2,16,3.5
gep25,00,2025-12-25,2026-01-10,gcrew,noaa_gefs,25,WindSpeed_ms_mean,16,9.299799855644833
gep25,00,2025-12-25,2026-01-11,gcrew,noaa_gefs,25,AirTemp_C_mean,17,0.273957824707054
gep25,00,2025-12-25,2026-01-11,gcrew,noaa_gefs,25,Pressure_Pa,17,101742.986328125
gep25,00,2025-12-25,2026-01-11,gcrew,noaa_gefs,25,RH_percent_mean,17,69.99894523620605
gep25,00,2025-12-25,2026-01-11,gcrew,noaa_gefs,25,Rain_mm_sum,17,7.200000002980232
gep25,00,2025-12-25,2026-01-11,gcrew,noaa_gefs,25,ShortwaveRadiation_Wm2,17,127.25
gep25,00,2025-12-25,2026-01-11,gcrew,noaa_gefs,25,WindSpeed_ms_mean,17,7.6638541985328805
gep25,00,2025-12-25,2026-01-12,gcrew,noaa_gefs,25,AirTemp_C_mean,18,2.171846008300804
gep25,00,2025-12-25,2026-01-12,gcrew,noaa_gefs,25,Pressure_Pa,18,102770.083984375
gep25,00,2025-12-25,2026-01-12,gcrew,noaa_gefs,25,RH_percent_mean,18,69.03396034240723
gep25,00,2025-12-25,2026-01-12,gcrew,noaa_gefs,25,Rain_mm_sum,18,0
gep25,00,2025-12-25,2026-01-12,gcrew,noaa_gefs,25,ShortwaveRadiation_Wm2,18,127.5
gep25,00,2025-12-25,2026-01-12,gcrew,noaa_gefs,25,WindSpeed_ms_mean,18,3.4622293096336105
gep25,00,2025-12-25,2026-01-13,gcrew,noaa_gefs,25,AirTemp_C_mean,19,3.1381164550781477
gep25,00,2025-12-25,2026-01-13,gcrew,noaa_gefs,25,Pressure_Pa,19,102732.630859375
gep25,00,2025-12-25,2026-01-13,gcrew,noaa_gefs,25,RH_percent_mean,19,70.09601783752441
gep25,00,2025-12-25,2026-01-13,gcrew,noaa_gefs,25,Rain_mm_sum,19,0
gep25,00,2025-12-25,2026-01-13,gcrew,noaa_gefs,25,ShortwaveRadiation_Wm2,19,116.5
gep25,00,2025-12-25,2026-01-13,gcrew,noaa_gefs,25,WindSpeed_ms_mean,19,3.4455094842593312
gep25,00,2025-12-25,2026-01-14,gcrew,noaa_gefs,25,AirTemp_C_mean,20,4.095193481445335
gep25,00,2025-12-25,2026-01-14,gcrew,noaa_gefs,25,Pressure_Pa,20,102669.79296875
gep25,00,2025-12-25,2026-01-14,gcrew,noaa_gefs,25,RH_percent_mean,20,83.62176322937012
gep25,00,2025-12-25,2026-01-14,gcrew,noaa_gefs,25,Rain_mm_sum,20,0
gep25,00,2025-12-25,2026-01-14,gcrew,noaa_gefs,25,ShortwaveRadiation_Wm2,20,117.75
gep25,00,2025-12-25,2026-01-14,gcrew,noaa_gefs,25,WindSpeed_ms_mean,20,2.7496518864059034
gep25,00,2025-12-25,2026-01-15,gcrew,noaa_gefs,25,AirTemp_C_mean,21,4.34229431152346
gep25,00,2025-12-25,2026-01-15,gcrew,noaa_gefs,25,Pressure_Pa,21,102705.73828125
gep25,00,2025-12-25,2026-01-15,gcrew,noaa_gefs,25,RH_percent_mean,21,87.58064270019531
gep25,00,2025-12-25,2026-01-15,gcrew,noaa_gefs,25,Rain_mm_sum,21,0.10000000149011612
gep25,00,2025-12-25,2026-01-15,gcrew,noaa_gefs,25,ShortwaveRadiation_Wm2,21,94.5
gep25,00,2025-12-25,2026-01-15,gcrew,noaa_gefs,25,WindSpeed_ms_mean,21,3.556685238735195
gep25,00,2025-12-25,2026-01-16,gcrew,noaa_gefs,25,AirTemp_C_mean,22,12.23005065917971
gep25,00,2025-12-25,2026-01-16,gcrew,noaa_gefs,25,Pressure_Pa,22,100937.822265625
gep25,00,2025-12-25,2026-01-16,gcrew,noaa_gefs,25,RH_percent_mean,22,94.87235832214355
gep25,00,2025-12-25,2026-01-16,gcrew,noaa_gefs,25,Rain_mm_sum,22,22.100001096725464
gep25,00,2025-12-25,2026-01-16,gcrew,noaa_gefs,25,ShortwaveRadiation_Wm2,22,9.75
gep25,00,2025-12-25,2026-01-16,gcrew,noaa_gefs,25,WindSpeed_ms_mean,22,7.712571493864753
gep25,00,2025-12-25,2026-01-17,gcrew,noaa_gefs,25,AirTemp_C_mean,23,8.732659912109398
gep25,00,2025-12-25,2026-01-17,gcrew,noaa_gefs,25,Pressure_Pa,23,101839.7109375
gep25,00,2025-12-25,2026-01-17,gcrew,noaa_gefs,25,RH_percent_mean,23,72.87350654602051
gep25,00,2025-12-25,2026-01-17,gcrew,noaa_gefs,25,Rain_mm_sum,23,0.800000011920929
gep25,00,2025-12-25,2026-01-17,gcrew,noaa_gefs,25,ShortwaveRadiation_Wm2,23,130
gep25,00,2025-12-25,2026-01-17,gcrew,noaa_gefs,25,WindSpeed_ms_mean,23,4.503928313302021
gep25,00,2025-12-25,2026-01-18,gcrew,noaa_gefs,25,AirTemp_C_mean,24,8.240655517578148
gep25,00,2025-12-25,2026-01-18,gcrew,noaa_gefs,25,Pressure_Pa,24,102885.134765625
gep25,00,2025-12-25,2026-01-18,gcrew,noaa_gefs,25,RH_percent_mean,24,67.80245590209961
gep25,00,2025-12-25,2026-01-18,gcrew,noaa_gefs,25,Rain_mm_sum,24,0
gep25,00,2025-12-25,2026-01-18,gcrew,noaa_gefs,25,ShortwaveRadiation_Wm2,24,128.5
gep25,00,2025-12-25,2026-01-18,gcrew,noaa_gefs,25,WindSpeed_ms_mean,24,3.7670321862484957
gep25,00,2025-12-25,2026-01-19,gcrew,noaa_gefs,25,AirTemp_C_mean,25,8.329751586914085
gep25,00,2025-12-25,2026-01-19,gcrew,noaa_gefs,25,Pressure_Pa,25,102533.533203125
gep25,00,2025-12-25,2026-01-19,gcrew,noaa_gefs,25,RH_percent_mean,25,78.15633964538574
gep25,00,2025-12-25,2026-01-19,gcrew,noaa_gefs,25,Rain_mm_sum,25,0
gep25,00,2025-12-25,2026-01-19,gcrew,noaa_gefs,25,ShortwaveRadiation_Wm2,25,60.75
gep25,00,2025-12-25,2026-01-19,gcrew,noaa_gefs,25,WindSpeed_ms_mean,25,5.590911795586785
gep25,00,2025-12-25,2026-01-20,gcrew,noaa_gefs,25,AirTemp_C_mean,26,8.121881103515648
gep25,00,2025-12-25,2026-01-20,gcrew,noaa_gefs,25,Pressure_Pa,26,101917.162109375
gep25,00,2025-12-25,2026-01-20,gcrew,noaa_gefs,25,RH_percent_mean,26,79.7828426361084
gep25,00,2025-12-25,2026-01-20,gcrew,noaa_gefs,25,Rain_mm_sum,26,0.699999988079071
gep25,00,2025-12-25,2026-01-20,gcrew,noaa_gefs,25,ShortwaveRadiation_Wm2,26,35
gep25,00,2025-12-25,2026-01-20,gcrew,noaa_gefs,25,WindSpeed_ms_mean,26,5.416574993003485
gep25,00,2025-12-25,2026-01-21,gcrew,noaa_gefs,25,AirTemp_C_mean,27,1.0910888671875227
gep25,00,2025-12-25,2026-01-21,gcrew,noaa_gefs,25,Pressure_Pa,27,102745.556640625
gep25,00,2025-12-25,2026-01-21,gcrew,noaa_gefs,25,RH_percent_mean,27,69.12549591064453
gep25,00,2025-12-25,2026-01-21,gcrew,noaa_gefs,25,Rain_mm_sum,27,1.2000000029802322
gep25,00,2025-12-25,2026-01-21,gcrew,noaa_gefs,25,ShortwaveRadiation_Wm2,27,28
gep25,00,2025-12-25,2026-01-21,gcrew,noaa_gefs,25,WindSpeed_ms_mean,27,5.47850488358735
gep25,00,2025-12-25,2026-01-22,gcrew,noaa_gefs,25,AirTemp_C_mean,28,5.676553344726585
gep25,00,2025-12-25,2026-01-22,gcrew,noaa_gefs,25,Pressure_Pa,28,100303.91796875
gep25,00,2025-12-25,2026-01-22,gcrew,noaa_gefs,25,RH_percent_mean,28,72.28020286560059
gep25,00,2025-12-25,2026-01-22,gcrew,noaa_gefs,25,Rain_mm_sum,28,11.300000190734863
gep25,00,2025-12-25,2026-01-22,gcrew,noaa_gefs,25,ShortwaveRadiation_Wm2,28,132
gep25,00,2025-12-25,2026-01-22,gcrew,noaa_gefs,25,WindSpeed_ms_mean,28,10.069496986572068
gep25,00,2025-12-25,2026-01-23,gcrew,noaa_gefs,25,AirTemp_C_mean,29,2.7060104370117415
gep25,00,2025-12-25,2026-01-23,gcrew,noaa_gefs,25,Pressure_Pa,29,101102.13671875
gep25,00,2025-12-25,2026-01-23,gcrew,noaa_gefs,25,RH_percent_mean,29,59.599411964416504
gep25,00,2025-12-25,2026-01-23,gcrew,noaa_gefs,25,Rain_mm_sum,29,0
gep25,00,2025-12-25,2026-01-23,gcrew,noaa_gefs,25,ShortwaveRadiation_Wm2,29,137.5
gep25,00,2025-12-25,2026-01-23,gcrew,noaa_gefs,25,WindSpeed_ms_mean,29,5.521899992654974
gep25,00,2025-12-25,2026-01-24,gcrew,noaa_gefs,25,AirTemp_C_mean,30,4.12842712402346
gep25,00,2025-12-25,2026-01-24,gcrew,noaa_gefs,25,Pressure_Pa,30,101227.48828125
gep25,00,2025-12-25,2026-01-24,gcrew,noaa_gefs,25,RH_percent_mean,30,72.47355461120605
gep25,00,2025-12-25,2026-01-24,gcrew,noaa_gefs,25,Rain_mm_sum,30,0
gep25,00,2025-12-25,2026-01-24,gcrew,noaa_gefs,25,ShortwaveRadiation_Wm2,30,127.25
gep25,00,2025-12-25,2026-01-24,gcrew,noaa_gefs,25,WindSpeed_ms_mean,30,5.117748884369503
gep25,00,2025-12-25,2026-01-25,gcrew,noaa_gefs,25,AirTemp_C_mean,31,-0.6562637329101335
gep25,00,2025-12-25,2026-01-25,gcrew,noaa_gefs,25,Pressure_Pa,31,101961.154296875
gep25,00,2025-12-25,2026-01-25,gcrew,noaa_gefs,25,RH_percent_mean,31,57.30247402191162
gep25,00,2025-12-25,2026-01-25,gcrew,noaa_gefs,25,Rain_mm_sum,31,0
gep25,00,2025-12-25,2026-01-25,gcrew,noaa_gefs,25,ShortwaveRadiation_Wm2,31,145.25
gep25,00,2025-12-25,2026-01-25,gcrew,noaa_gefs,25,WindSpeed_ms_mean,31,4.7448173419903386
gep25,00,2025-12-25,2026-01-26,gcrew,noaa_gefs,25,AirTemp_C_mean,32,2.824037170410179
gep25,00,2025-12-25,2026-01-26,gcrew,noaa_gefs,25,Pressure_Pa,32,101941.466796875
gep25,00,2025-12-25,2026-01-26,gcrew,noaa_gefs,25,RH_percent_mean,32,70.92254638671875
gep25,00,2025-12-25,2026-01-26,gcrew,noaa_gefs,25,Rain_mm_sum,32,0
gep25,00,2025-12-25,2026-01-26,gcrew,noaa_gefs,25,ShortwaveRadiation_Wm2,32,138.25
gep25,00,2025-12-25,2026-01-26,gcrew,noaa_gefs,25,WindSpeed_ms_mean,32,3.546680545310956
gep25,00,2025-12-25,2026-01-27,gcrew,noaa_gefs,25,AirTemp_C_mean,33,2.880342102050804
gep25,00,2025-12-25,2026-01-27,gcrew,noaa_gefs,25,Pressure_Pa,33,102457.599609375
gep25,00,2025-12-25,2026-01-27,gcrew,noaa_gefs,25,RH_percent_mean,33,78.3819751739502
gep25,00,2025-12-25,2026-01-27,gcrew,noaa_gefs,25,Rain_mm_sum,33,0
gep25,00,2025-12-25,2026-01-27,gcrew,noaa_gefs,25,ShortwaveRadiation_Wm2,33,142.5
gep25,00,2025-12-25,2026-01-27,gcrew,noaa_gefs,25,WindSpeed_ms_mean,33,3.633655032610908
gep25,00,2025-12-25,2026-01-28,gcrew,noaa_gefs,25,AirTemp_C_mean,34,4.36011657714846
gep25,00,2025-12-25,2026-01-28,gcrew,noaa_gefs,25,Pressure_Pa,34,102016.24609375
gep25,00,2025-12-25,2026-01-28,gcrew,noaa_gefs,25,RH_percent_mean,34,86.29985618591309
gep25,00,2025-12-25,2026-01-28,gcrew,noaa_gefs,25,Rain_mm_sum,34,0.20000000298023224
gep25,00,2025-12-25,2026-01-28,gcrew,noaa_gefs,25,ShortwaveRadiation_Wm2,34,67.25
gep25,00,2025-12-25,2026-01-28,gcrew,noaa_gefs,25,WindSpeed_ms_mean,34,2.304446884715268
gep26,00,2025-12-25,2025-12-26,gcrew,noaa_gefs,26,AirTemp_C_mean,1,1.4191566467285384
gep26,00,2025-12-25,2025-12-26,gcrew,noaa_gefs,26,Pressure_Pa,1,101883.013671875
gep26,00,2025-12-25,2025-12-26,gcrew,noaa_gefs,26,RH_percent_mean,1,59.10939836502075
gep26,00,2025-12-25,2025-12-26,gcrew,noaa_gefs,26,Rain_mm_sum,1,5.929999861866236
gep26,00,2025-12-25,2025-12-26,gcrew,noaa_gefs,26,ShortwaveRadiation_Wm2,1,52.5
gep26,00,2025-12-25,2025-12-26,gcrew,noaa_gefs,26,WindSpeed_ms_mean,1,5.719543666158366
gep26,00,2025-12-25,2025-12-27,gcrew,noaa_gefs,26,AirTemp_C_mean,2,4.553342437744163
gep26,00,2025-12-25,2025-12-27,gcrew,noaa_gefs,26,Pressure_Pa,2,101374.94921875
gep26,00,2025-12-25,2025-12-27,gcrew,noaa_gefs,26,RH_percent_mean,2,78.51494789123535
gep26,00,2025-12-25,2025-12-27,gcrew,noaa_gefs,26,Rain_mm_sum,2,5.500000089406967
gep26,00,2025-12-25,2025-12-27,gcrew,noaa_gefs,26,ShortwaveRadiation_Wm2,2,106.25
gep26,00,2025-12-25,2025-12-27,gcrew,noaa_gefs,26,WindSpeed_ms_mean,2,6.923660931417801
gep26,00,2025-12-25,2025-12-28,gcrew,noaa_gefs,26,AirTemp_C_mean,3,3.017091369628929
gep26,00,2025-12-25,2025-12-28,gcrew,noaa_gefs,26,Pressure_Pa,3,102237.642578125
gep26,00,2025-12-25,2025-12-28,gcrew,noaa_gefs,26,RH_percent_mean,3,72.99352979660034
gep26,00,2025-12-25,2025-12-28,gcrew,noaa_gefs,26,Rain_mm_sum,3,0
gep26,00,2025-12-25,2025-12-28,gcrew,noaa_gefs,26,ShortwaveRadiation_Wm2,3,105
gep26,00,2025-12-25,2025-12-28,gcrew,noaa_gefs,26,WindSpeed_ms_mean,3,2.948875395899818
gep26,00,2025-12-25,2025-12-29,gcrew,noaa_gefs,26,AirTemp_C_mean,4,8.150354003906273
gep26,00,2025-12-25,2025-12-29,gcrew,noaa_gefs,26,Pressure_Pa,4,100520.205078125
gep26,00,2025-12-25,2025-12-29,gcrew,noaa_gefs,26,RH_percent_mean,4,75.22460079193115
gep26,00,2025-12-25,2025-12-29,gcrew,noaa_gefs,26,Rain_mm_sum,4,0.8000000268220901
gep26,00,2025-12-25,2025-12-29,gcrew,noaa_gefs,26,ShortwaveRadiation_Wm2,4,62.5
gep26,00,2025-12-25,2025-12-29,gcrew,noaa_gefs,26,WindSpeed_ms_mean,4,7.362543468483011
gep26,00,2025-12-25,2025-12-30,gcrew,noaa_gefs,26,AirTemp_C_mean,5,0.325959777832054
gep26,00,2025-12-25,2025-12-30,gcrew,noaa_gefs,26,Pressure_Pa,5,100803.0263671875
gep26,00,2025-12-25,2025-12-30,gcrew,noaa_gefs,26,RH_percent_mean,5,53.082125186920166
gep26,00,2025-12-25,2025-12-30,gcrew,noaa_gefs,26,Rain_mm_sum,5,0
gep26,00,2025-12-25,2025-12-30,gcrew,noaa_gefs,26,ShortwaveRadiation_Wm2,5,100.5
gep26,00,2025-12-25,2025-12-30,gcrew,noaa_gefs,26,WindSpeed_ms_mean,5,8.02044107296069
gep26,00,2025-12-25,2025-12-31,gcrew,noaa_gefs,26,AirTemp_C_mean,6,-0.5309776306152116
gep26,00,2025-12-25,2025-12-31,gcrew,noaa_gefs,26,Pressure_Pa,6,101757.0849609375
gep26,00,2025-12-25,2025-12-31,gcrew,noaa_gefs,26,RH_percent_mean,6,49.53283452987671
gep26,00,2025-12-25,2025-12-31,gcrew,noaa_gefs,26,Rain_mm_sum,6,0
gep26,00,2025-12-25,2025-12-31,gcrew,noaa_gefs,26,ShortwaveRadiation_Wm2,6,116.25
gep26,00,2025-12-25,2025-12-31,gcrew,noaa_gefs,26,WindSpeed_ms_mean,6,5.239858882636157
gep26,00,2025-12-25,2026-01-01,gcrew,noaa_gefs,26,AirTemp_C_mean,7,3.5077911376953352
gep26,00,2025-12-25,2026-01-01,gcrew,noaa_gefs,26,Pressure_Pa,7,101793.2197265625
gep26,00,2025-12-25,2026-01-01,gcrew,noaa_gefs,26,RH_percent_mean,7,61.349281787872314
gep26,00,2025-12-25,2026-01-01,gcrew,noaa_gefs,26,Rain_mm_sum,7,0
gep26,00,2025-12-25,2026-01-01,gcrew,noaa_gefs,26,ShortwaveRadiation_Wm2,7,87.5
gep26,00,2025-12-25,2026-01-01,gcrew,noaa_gefs,26,WindSpeed_ms_mean,7,4.304550169616287
gep26,00,2025-12-25,2026-01-02,gcrew,noaa_gefs,26,AirTemp_C_mean,8,5.137780761718773
gep26,00,2025-12-25,2026-01-02,gcrew,noaa_gefs,26,Pressure_Pa,8,101893.263671875
gep26,00,2025-12-25,2026-01-02,gcrew,noaa_gefs,26,RH_percent_mean,8,76.17369937896729
gep26,00,2025-12-25,2026-01-02,gcrew,noaa_gefs,26,Rain_mm_sum,8,0
gep26,00,2025-12-25,2026-01-02,gcrew,noaa_gefs,26,ShortwaveRadiation_Wm2,8,99.375
gep26,00,2025-12-25,2026-01-02,gcrew,noaa_gefs,26,WindSpeed_ms_mean,8,2.9946754157667765
gep26,00,2025-12-25,2026-01-03,gcrew,noaa_gefs,26,AirTemp_C_mean,9,7.461868722098237
gep26,00,2025-12-25,2026-01-03,gcrew,noaa_gefs,26,Pressure_Pa,9,101427.07589285714
gep26,00,2025-12-25,2026-01-03,gcrew,noaa_gefs,26,RH_percent_mean,9,83.19520568847656
gep26,00,2025-12-25,2026-01-03,gcrew,noaa_gefs,26,Rain_mm_sum,9,0.6100000236183405
gep26,00,2025-12-25,2026-01-03,gcrew,noaa_gefs,26,ShortwaveRadiation_Wm2,9,25.714285714285715
gep26,00,2025-12-25,2026-01-03,gcrew,noaa_gefs,26,WindSpeed_ms_mean,9,5.107335579865194
gep26,00,2025-12-25,2026-01-04,gcrew,noaa_gefs,26,AirTemp_C_mean,10,10.889909362792991
gep26,00,2025-12-25,2026-01-04,gcrew,noaa_gefs,26,Pressure_Pa,10,101268.140625
gep26,00,2025-12-25,2026-01-04,gcrew,noaa_gefs,26,RH_percent_mean,10,86.44726371765137
gep26,00,2025-12-25,2026-01-04,gcrew,noaa_gefs,26,Rain_mm_sum,10,0
gep26,00,2025-12-25,2026-01-04,gcrew,noaa_gefs,26,ShortwaveRadiation_Wm2,10,85
gep26,00,2025-12-25,2026-01-04,gcrew,noaa_gefs,26,WindSpeed_ms_mean,10,3.600210788901469
gep26,00,2025-12-25,2026-01-05,gcrew,noaa_gefs,26,AirTemp_C_mean,11,14.514237976074241
gep26,00,2025-12-25,2026-01-05,gcrew,noaa_gefs,26,Pressure_Pa,11,100406.498046875
gep26,00,2025-12-25,2026-01-05,gcrew,noaa_gefs,26,RH_percent_mean,11,85.23000907897949
gep26,00,2025-12-25,2026-01-05,gcrew,noaa_gefs,26,Rain_mm_sum,11,3.7000000178813934
gep26,00,2025-12-25,2026-01-05,gcrew,noaa_gefs,26,ShortwaveRadiation_Wm2,11,42.5
gep26,00,2025-12-25,2026-01-05,gcrew,noaa_gefs,26,WindSpeed_ms_mean,11,5.815003334458832
gep26,00,2025-12-25,2026-01-06,gcrew,noaa_gefs,26,AirTemp_C_mean,12,4.505242919921898
gep26,00,2025-12-25,2026-01-06,gcrew,noaa_gefs,26,Pressure_Pa,12,100507.328125
gep26,00,2025-12-25,2026-01-06,gcrew,noaa_gefs,26,RH_percent_mean,12,62.17771530151367
gep26,00,2025-12-25,2026-01-06,gcrew,noaa_gefs,26,Rain_mm_sum,12,2.100000001490116
gep26,00,2025-12-25,2026-01-06,gcrew,noaa_gefs,26,ShortwaveRadiation_Wm2,12,120
gep26,00,2025-12-25,2026-01-06,gcrew,noaa_gefs,26,WindSpeed_ms_mean,12,7.1292139542536495
gep26,00,2025-12-25,2026-01-07,gcrew,noaa_gefs,26,AirTemp_C_mean,13,3.4188171386718977
gep26,00,2025-12-25,2026-01-07,gcrew,noaa_gefs,26,Pressure_Pa,13,101833.490234375
gep26,00,2025-12-25,2026-01-07,gcrew,noaa_gefs,26,RH_percent_mean,13,53.679908752441406
gep26,00,2025-12-25,2026-01-07,gcrew,noaa_gefs,26,Rain_mm_sum,13,0
gep26,00,2025-12-25,2026-01-07,gcrew,noaa_gefs,26,ShortwaveRadiation_Wm2,13,117.5
gep26,00,2025-12-25,2026-01-07,gcrew,noaa_gefs,26,WindSpeed_ms_mean,13,6.966477756083384
gep26,00,2025-12-25,2026-01-08,gcrew,noaa_gefs,26,AirTemp_C_mean,14,7.357942199707054
gep26,00,2025-12-25,2026-01-08,gcrew,noaa_gefs,26,Pressure_Pa,14,102328.623046875
gep26,00,2025-12-25,2026-01-08,gcrew,noaa_gefs,26,RH_percent_mean,14,55.181633949279785
gep26,00,2025-12-25,2026-01-08,gcrew,noaa_gefs,26,Rain_mm_sum,14,0
gep26,00,2025-12-25,2026-01-08,gcrew,noaa_gefs,26,ShortwaveRadiation_Wm2,14,121.5
gep26,00,2025-12-25,2026-01-08,gcrew,noaa_gefs,26,WindSpeed_ms_mean,14,4.329537463391383
gep26,00,2025-12-25,2026-01-09,gcrew,noaa_gefs,26,AirTemp_C_mean,15,6.292359924316429
gep26,00,2025-12-25,2026-01-09,gcrew,noaa_gefs,26,Pressure_Pa,15,102513.65625
gep26,00,2025-12-25,2026-01-09,gcrew,noaa_gefs,26,RH_percent_mean,15,66.9400224685669
gep26,00,2025-12-25,2026-01-09,gcrew,noaa_gefs,26,Rain_mm_sum,15,0
gep26,00,2025-12-25,2026-01-09,gcrew,noaa_gefs,26,ShortwaveRadiation_Wm2,15,116.5
gep26,00,2025-12-25,2026-01-09,gcrew,noaa_gefs,26,WindSpeed_ms_mean,15,4.169523961397145
gep26,00,2025-12-25,2026-01-10,gcrew,noaa_gefs,26,AirTemp_C_mean,16,8.230760192871116
gep26,00,2025-12-25,2026-01-10,gcrew,noaa_gefs,26,Pressure_Pa,16,100988.9765625
gep26,00,2025-12-25,2026-01-10,gcrew,noaa_gefs,26,RH_percent_mean,16,92.44572067260742
gep26,00,2025-12-25,2026-01-10,gcrew,noaa_gefs,26,Rain_mm_sum,16,47.500000953674316
gep26,00,2025-12-25,2026-01-10,gcrew,noaa_gefs,26,ShortwaveRadiation_Wm2,16,3.5
gep26,00,2025-12-25,2026-01-10,gcrew,noaa_gefs,26,WindSpeed_ms_mean,16,9.299799855644833
gep26,00,2025-12-25,2026-01-11,gcrew,noaa_gefs,26,AirTemp_C_mean,17,0.273957824707054
gep26,00,2025-12-25,2026-01-11,gcrew,noaa_gefs,26,Pressure_Pa,17,101742.986328125
gep26,00,2025-12-25,2026-01-11,gcrew,noaa_gefs,26,RH_percent_mean,17,69.99894523620605
gep26,00,2025-12-25,2026-01-11,gcrew,noaa_gefs,26,Rain_mm_sum,17,7.200000002980232
gep26,00,2025-12-25,2026-01-11,gcrew,noaa_gefs,26,ShortwaveRadiation_Wm2,17,127.25
gep26,00,2025-12-25,2026-01-11,gcrew,noaa_gefs,26,WindSpeed_ms_mean,17,7.6638541985328805
gep26,00,2025-12-25,2026-01-12,gcrew,noaa_gefs,26,AirTemp_C_mean,18,2.171846008300804
gep26,00,2025-12-25,2026-01-12,gcrew,noaa_gefs,26,Pressure_Pa,18,102770.083984375
gep26,00,2025-12-25,2026-01-12,gcrew,noaa_gefs,26,RH_percent_mean,18,69.03396034240723
gep26,00,2025-12-25,2026-01-12,gcrew,noaa_gefs,26,Rain_mm_sum,18,0
gep26,00,2025-12-25,2026-01-12,gcrew,noaa_gefs,26,ShortwaveRadiation_Wm2,18,127.5
gep26,00,2025-12-25,2026-01-12,gcrew,noaa_gefs,26,WindSpeed_ms_mean,18,3.4622293096336105
gep26,00,2025-12-25,2026-01-13,gcrew,noaa_gefs,26,AirTemp_C_mean,19,3.1381164550781477
gep26,00,2025-12-25,2026-01-13,gcrew,noaa_gefs,26,Pressure_Pa,19,102732.630859375
gep26,00,2025-12-25,2026-01-13,gcrew,noaa_gefs,26,RH_percent_mean,19,70.09601783752441
gep26,00,2025-12-25,2026-01-13,gcrew,noaa_gefs,26,Rain_mm_sum,19,0
gep26,00,2025-12-25,2026-01-13,gcrew,noaa_gefs,26,ShortwaveRadiation_Wm2,19,116.5
gep26,00,2025-12-25,2026-01-13,gcrew,noaa_gefs,26,WindSpeed_ms_mean,19,3.4455094842593312
gep26,00,2025-12-25,2026-01-14,gcrew,noaa_gefs,26,AirTemp_C_mean,20,4.095193481445335
gep26,00,2025-12-25,2026-01-14,gcrew,noaa_gefs,26,Pressure_Pa,20,102669.79296875
gep26,00,2025-12-25,2026-01-14,gcrew,noaa_gefs,26,RH_percent_mean,20,83.62176322937012
gep26,00,2025-12-25,2026-01-14,gcrew,noaa_gefs,26,Rain_mm_sum,20,0
gep26,00,2025-12-25,2026-01-14,gcrew,noaa_gefs,26,ShortwaveRadiation_Wm2,20,117.75
gep26,00,2025-12-25,2026-01-14,gcrew,noaa_gefs,26,WindSpeed_ms_mean,20,2.7496518864059034
gep26,00,2025-12-25,2026-01-15,gcrew,noaa_gefs,26,AirTemp_C_mean,21,4.34229431152346
gep26,00,2025-12-25,2026-01-15,gcrew,noaa_gefs,26,Pressure_Pa,21,102705.73828125
gep26,00,2025-12-25,2026-01-15,gcrew,noaa_gefs,26,RH_percent_mean,21,87.58064270019531
gep26,00,2025-12-25,2026-01-15,gcrew,noaa_gefs,26,Rain_mm_sum,21,0.10000000149011612
gep26,00,2025-12-25,2026-01-15,gcrew,noaa_gefs,26,ShortwaveRadiation_Wm2,21,94.5
gep26,00,2025-12-25,2026-01-15,gcrew,noaa_gefs,26,WindSpeed_ms_mean,21,3.556685238735195
gep26,00,2025-12-25,2026-01-16,gcrew,noaa_gefs,26,AirTemp_C_mean,22,12.23005065917971
gep26,00,2025-12-25,2026-01-16,gcrew,noaa_gefs,26,Pressure_Pa,22,100937.822265625
gep26,00,2025-12-25,2026-01-16,gcrew,noaa_gefs,26,RH_percent_mean,22,94.87235832214355
gep26,00,2025-12-25,2026-01-16,gcrew,noaa_gefs,26,Rain_mm_sum,22,22.100001096725464
gep26,00,2025-12-25,2026-01-16,gcrew,noaa_gefs,26,ShortwaveRadiation_Wm2,22,9.75
gep26,00,2025-12-25,2026-01-16,gcrew,noaa_gefs,26,WindSpeed_ms_mean,22,7.712571493864753
gep26,00,2025-12-25,2026-01-17,gcrew,noaa_gefs,26,AirTemp_C_mean,23,8.732659912109398
gep26,00,2025-12-25,2026-01-17,gcrew,noaa_gefs,26,Pressure_Pa,23,101839.7109375
gep26,00,2025-12-25,2026-01-17,gcrew,noaa_gefs,26,RH_percent_mean,23,72.87350654602051
gep26,00,2025-12-25,2026-01-17,gcrew,noaa_gefs,26,Rain_mm_sum,23,0.800000011920929
gep26,00,2025-12-25,2026-01-17,gcrew,noaa_gefs,26,ShortwaveRadiation_Wm2,23,130
gep26,00,2025-12-25,2026-01-17,gcrew,noaa_gefs,26,WindSpeed_ms_mean,23,4.503928313302021
gep26,00,2025-12-25,2026-01-18,gcrew,noaa_gefs,26,AirTemp_C_mean,24,8.240655517578148
gep26,00,2025-12-25,2026-01-18,gcrew,noaa_gefs,26,Pressure_Pa,24,102885.134765625
gep26,00,2025-12-25,2026-01-18,gcrew,noaa_gefs,26,RH_percent_mean,24,67.80245590209961
gep26,00,2025-12-25,2026-01-18,gcrew,noaa_gefs,26,Rain_mm_sum,24,0
gep26,00,2025-12-25,2026-01-18,gcrew,noaa_gefs,26,ShortwaveRadiation_Wm2,24,128.5
gep26,00,2025-12-25,2026-01-18,gcrew,noaa_gefs,26,WindSpeed_ms_mean,24,3.7670321862484957
gep26,00,2025-12-25,2026-01-19,gcrew,noaa_gefs,26,AirTemp_C_mean,25,8.329751586914085
gep26,00,2025-12-25,2026-01-19,gcrew,noaa_gefs,26,Pressure_Pa,25,102533.533203125
gep26,00,2025-12-25,2026-01-19,gcrew,noaa_gefs,26,RH_percent_mean,25,78.15633964538574
gep26,00,2025-12-25,2026-01-19,gcrew,noaa_gefs,26,Rain_mm_sum,25,0
gep26,00,2025-12-25,2026-01-19,gcrew,noaa_gefs,26,ShortwaveRadiation_Wm2,25,60.75
gep26,00,2025-12-25,2026-01-19,gcrew,noaa_gefs,26,WindSpeed_ms_mean,25,5.590911795586785
gep26,00,2025-12-25,2026-01-20,gcrew,noaa_gefs,26,AirTemp_C_mean,26,8.121881103515648
gep26,00,2025-12-25,2026-01-20,gcrew,noaa_gefs,26,Pressure_Pa,26,101917.162109375
gep26,00,2025-12-25,2026-01-20,gcrew,noaa_gefs,26,RH_percent_mean,26,79.7828426361084
gep26,00,2025-12-25,2026-01-20,gcrew,noaa_gefs,26,Rain_mm_sum,26,0.699999988079071
gep26,00,2025-12-25,2026-01-20,gcrew,noaa_gefs,26,ShortwaveRadiation_Wm2,26,35
gep26,00,2025-12-25,2026-01-20,gcrew,noaa_gefs,26,WindSpeed_ms_mean,26,5.416574993003485
gep26,00,2025-12-25,2026-01-21,gcrew,noaa_gefs,26,AirTemp_C_mean,27,1.0910888671875227
gep26,00,2025-12-25,2026-01-21,gcrew,noaa_gefs,26,Pressure_Pa,27,102745.556640625
gep26,00,2025-12-25,2026-01-21,gcrew,noaa_gefs,26,RH_percent_mean,27,69.12549591064453
gep26,00,2025-12-25,2026-01-21,gcrew,noaa_gefs,26,Rain_mm_sum,27,1.2000000029802322
gep26,00,2025-12-25,2026-01-21,gcrew,noaa_gefs,26,ShortwaveRadiation_Wm2,27,28
gep26,00,2025-12-25,2026-01-21,gcrew,noaa_gefs,26,WindSpeed_ms_mean,27,5.47850488358735
gep26,00,2025-12-25,2026-01-22,gcrew,noaa_gefs,26,AirTemp_C_mean,28,5.676553344726585
gep26,00,2025-12-25,2026-01-22,gcrew,noaa_gefs,26,Pressure_Pa,28,100303.91796875
gep26,00,2025-12-25,2026-01-22,gcrew,noaa_gefs,26,RH_percent_mean,28,72.28020286560059
gep26,00,2025-12-25,2026-01-22,gcrew,noaa_gefs,26,Rain_mm_sum,28,11.300000190734863
gep26,00,2025-12-25,2026-01-22,gcrew,noaa_gefs,26,ShortwaveRadiation_Wm2,28,132
gep26,00,2025-12-25,2026-01-22,gcrew,noaa_gefs,26,WindSpeed_ms_mean,28,10.069496986572068
gep26,00,2025-12-25,2026-01-23,gcrew,noaa_gefs,26,AirTemp_C_mean,29,2.7060104370117415
gep26,00,2025-12-25,2026-01-23,gcrew,noaa_gefs,26,Pressure_Pa,29,101102.13671875
gep26,00,2025-12-25,2026-01-23,gcrew,noaa_gefs,26,RH_percent_mean,29,59.599411964416504
gep26,00,2025-12-25,2026-01-23,gcrew,noaa_gefs,26,Rain_mm_sum,29,0
gep26,00,2025-12-25,2026-01-23,gcrew,noaa_gefs,26,ShortwaveRadiation_Wm2,29,137.5
gep26,00,2025-12-25,2026-01-23,gcrew,noaa_gefs,26,WindSpeed_ms_mean,29,5.521899992654974
gep26,00,2025-12-25,2026-01-24,gcrew,noaa_gefs,26,AirTemp_C_mean,30,4.12842712402346
gep26,00,2025-12-25,2026-01-24,gcrew,noaa_gefs,26,Pressure_Pa,30,101227.48828125
gep26,00,2025-12-25,2026-01-24,gcrew,noaa_gefs,26,RH_percent_mean,30,72.47355461120605
gep26,00,2025-12-25,2026-01-24,gcrew,noaa_gefs,26,Rain_mm_sum,30,0
gep26,00,2025-12-25,2026-01-24,gcrew,noaa_gefs,26,ShortwaveRadiation_Wm2,30,127.25
gep26,00,2025-12-25,2026-01-24,gcrew,noaa_gefs,26,WindSpeed_ms_mean,30,5.117748884369503
gep26,00,2025-12-25,2026-01-25,gcrew,noaa_gefs,26,AirTemp_C_mean,31,-0.6562637329101335
gep26,00,2025-12-25,2026-01-25,gcrew,noaa_gefs,26,Pressure_Pa,31,101961.154296875
gep26,00,2025-12-25,2026-01-25,gcrew,noaa_gefs,26,RH_percent_mean,31,57.30247402191162
gep26,00,2025-12-25,2026-01-25,gcrew,noaa_gefs,26,Rain_mm_sum,31,0
gep26,00,2025-12-25,2026-01-25,gcrew,noaa_gefs,26,ShortwaveRadiation_Wm2,31,145.25
gep26,00,2025-12-25,2026-01-25,gcrew,noaa_gefs,26,WindSpeed_ms_mean,31,4.7448173419903386
gep26,00,2025-12-25,2026-01-26,gcrew,noaa_gefs,26,AirTemp_C_mean,32,2.824037170410179
gep26,00,2025-12-25,2026-01-26,gcrew,noaa_gefs,26,Pressure_Pa,32,101941.466796875
gep26,00,2025-12-25,2026-01-26,gcrew,noaa_gefs,26,RH_percent_mean,32,70.92254638671875
gep26,00,2025-12-25,2026-01-26,gcrew,noaa_gefs,26,Rain_mm_sum,32,0
gep26,00,2025-12-25,2026-01-26,gcrew,noaa_gefs,26,ShortwaveRadiation_Wm2,32,138.25
gep26,00,2025-12-25,2026-01-26,gcrew,noaa_gefs,26,WindSpeed_ms_mean,32,3.546680545310956
gep26,00,2025-12-25,2026-01-27,gcrew,noaa_gefs,26,AirTemp_C_mean,33,2.880342102050804
gep26,00,2025-12-25,2026-01-27,gcrew,noaa_gefs,26,Pressure_Pa,33,102457.599609375
gep26,00,2025-12-25,2026-01-27,gcrew,noaa_gefs,26,RH_percent_mean,33,78.3819751739502
gep26,00,2025-12-25,2026-01-27,gcrew,noaa_gefs,26,Rain_mm_sum,33,0
gep26,00,2025-12-25,2026-01-27,gcrew,noaa_gefs,26,ShortwaveRadiation_Wm2,33,142.5
gep26,00,2025-12-25,2026-01-27,gcrew,noaa_gefs,26,WindSpeed_ms_mean,33,3.633655032610908
gep26,00,2025-12-25,2026-01-28,gcrew,noaa_gefs,26,AirTemp_C_mean,34,4.36011657714846
gep26,00,2025-12-25,2026-01-28,gcrew,noaa_gefs,26,Pressure_Pa,34,102016.24609375
gep26,00,2025-12-25,2026-01-28,gcrew,noaa_gefs,26,RH_percent_mean,34,86.29985618591309
gep26,00,2025-12-25,2026-01-28,gcrew,noaa_gefs,26,Rain_mm_sum,34,0.20000000298023224
gep26,00,2025-12-25,2026-01-28,gcrew,noaa_gefs,26,ShortwaveRadiation_Wm2,34,67.25
gep26,00,2025-12-25,2026-01-28,gcrew,noaa_gefs,26,WindSpeed_ms_mean,34,2.304446884715268
gep27,00,2025-12-25,2025-12-26,gcrew,noaa_gefs,27,AirTemp_C_mean,1,1.4191566467285384
gep27,00,2025-12-25,2025-12-26,gcrew,noaa_gefs,27,Pressure_Pa,1,101883.013671875
gep27,00,2025-12-25,2025-12-26,gcrew,noaa_gefs,27,RH_percent_mean,1,59.10939836502075
gep27,00,2025-12-25,2025-12-26,gcrew,noaa_gefs,27,Rain_mm_sum,1,5.929999861866236
gep27,00,2025-12-25,2025-12-26,gcrew,noaa_gefs,27,ShortwaveRadiation_Wm2,1,52.5
gep27,00,2025-12-25,2025-12-26,gcrew,noaa_gefs,27,WindSpeed_ms_mean,1,5.719543666158366
gep27,00,2025-12-25,2025-12-27,gcrew,noaa_gefs,27,AirTemp_C_mean,2,4.553342437744163
gep27,00,2025-12-25,2025-12-27,gcrew,noaa_gefs,27,Pressure_Pa,2,101374.94921875
gep27,00,2025-12-25,2025-12-27,gcrew,noaa_gefs,27,RH_percent_mean,2,78.51494789123535
gep27,00,2025-12-25,2025-12-27,gcrew,noaa_gefs,27,Rain_mm_sum,2,5.500000089406967
gep27,00,2025-12-25,2025-12-27,gcrew,noaa_gefs,27,ShortwaveRadiation_Wm2,2,106.25
gep27,00,2025-12-25,2025-12-27,gcrew,noaa_gefs,27,WindSpeed_ms_mean,2,6.923660931417801
gep27,00,2025-12-25,2025-12-28,gcrew,noaa_gefs,27,AirTemp_C_mean,3,3.017091369628929
gep27,00,2025-12-25,2025-12-28,gcrew,noaa_gefs,27,Pressure_Pa,3,102237.642578125
gep27,00,2025-12-25,2025-12-28,gcrew,noaa_gefs,27,RH_percent_mean,3,72.99352979660034
gep27,00,2025-12-25,2025-12-28,gcrew,noaa_gefs,27,Rain_mm_sum,3,0
gep27,00,2025-12-25,2025-12-28,gcrew,noaa_gefs,27,ShortwaveRadiation_Wm2,3,105
gep27,00,2025-12-25,2025-12-28,gcrew,noaa_gefs,27,WindSpeed_ms_mean,3,2.948875395899818
gep27,00,2025-12-25,2025-12-29,gcrew,noaa_gefs,27,AirTemp_C_mean,4,8.150354003906273
gep27,00,2025-12-25,2025-12-29,gcrew,noaa_gefs,27,Pressure_Pa,4,100520.205078125
gep27,00,2025-12-25,2025-12-29,gcrew,noaa_gefs,27,RH_percent_mean,4,75.22460079193115
gep27,00,2025-12-25,2025-12-29,gcrew,noaa_gefs,27,Rain_mm_sum,4,0.8000000268220901
gep27,00,2025-12-25,2025-12-29,gcrew,noaa_gefs,27,ShortwaveRadiation_Wm2,4,62.5
gep27,00,2025-12-25,2025-12-29,gcrew,noaa_gefs,27,WindSpeed_ms_mean,4,7.362543468483011
gep27,00,2025-12-25,2025-12-30,gcrew,noaa_gefs,27,AirTemp_C_mean,5,0.325959777832054
gep27,00,2025-12-25,2025-12-30,gcrew,noaa_gefs,27,Pressure_Pa,5,100803.0263671875
gep27,00,2025-12-25,2025-12-30,gcrew,noaa_gefs,27,RH_percent_mean,5,53.082125186920166
gep27,00,2025-12-25,2025-12-30,gcrew,noaa_gefs,27,Rain_mm_sum,5,0
gep27,00,2025-12-25,2025-12-30,gcrew,noaa_gefs,27,ShortwaveRadiation_Wm2,5,100.5
gep27,00,2025-12-25,2025-12-30,gcrew,noaa_gefs,27,WindSpeed_ms_mean,5,8.02044107296069
gep27,00,2025-12-25,2025-12-31,gcrew,noaa_gefs,27,AirTemp_C_mean,6,-0.5309776306152116
gep27,00,2025-12-25,2025-12-31,gcrew,noaa_gefs,27,Pressure_Pa,6,101757.0849609375
gep27,00,2025-12-25,2025-12-31,gcrew,noaa_gefs,27,RH_percent_mean,6,49.53283452987671
gep27,00,2025-12-25,2025-12-31,gcrew,noaa_gefs,27,Rain_mm_sum,6,0
gep27,00,2025-12-25,2025-12-31,gcrew,noaa_gefs,27,ShortwaveRadiation_Wm2,6,116.25
gep27,00,2025-12-25,2025-12-31,gcrew,noaa_gefs,27,WindSpeed_ms_mean,6,5.239858882636157
gep27,00,2025-12-25,2026-01-01,gcrew,noaa_gefs,27,AirTemp_C_mean,7,3.5077911376953352
gep27,00,2025-12-25,2026-01-01,gcrew,noaa_gefs,27,Pressure_Pa,7,101793.2197265625
gep27,00,2025-12-25,2026-01-01,gcrew,noaa_gefs,27,RH_percent_mean,7,61.349281787872314
gep27,00,2025-12-25,2026-01-01,gcrew,noaa_gefs,27,Rain_mm_sum,7,0
gep27,00,2025-12-25,2026-01-01,gcrew,noaa_gefs,27,ShortwaveRadiation_Wm2,7,87.5
gep27,00,2025-12-25,2026-01-01,gcrew,noaa_gefs,27,WindSpeed_ms_mean,7,4.304550169616287
gep27,00,2025-12-25,2026-01-02,gcrew,noaa_gefs,27,AirTemp_C_mean,8,5.137780761718773
gep27,00,2025-12-25,2026-01-02,gcrew,noaa_gefs,27,Pressure_Pa,8,101893.263671875
gep27,00,2025-12-25,2026-01-02,gcrew,noaa_gefs,27,RH_percent_mean,8,76.17369937896729
gep27,00,2025-12-25,2026-01-02,gcrew,noaa_gefs,27,Rain_mm_sum,8,0
gep27,00,2025-12-25,2026-01-02,gcrew,noaa_gefs,27,ShortwaveRadiation_Wm2,8,99.375
gep27,00,2025-12-25,2026-01-02,gcrew,noaa_gefs,27,WindSpeed_ms_mean,8,2.9946754157667765
gep27,00,2025-12-25,2026-01-03,gcrew,noaa_gefs,27,AirTemp_C_mean,9,7.461868722098237
gep27,00,2025-12-25,2026-01-03,gcrew,noaa_gefs,27,Pressure_Pa,9,101427.07589285714
gep27,00,2025-12-25,2026-01-03,gcrew,noaa_gefs,27,RH_percent_mean,9,83.19520568847656
gep27,00,2025-12-25,2026-01-03,gcrew,noaa_gefs,27,Rain_mm_sum,9,0.6100000236183405
gep27,00,2025-12-25,2026-01-03,gcrew,noaa_gefs,27,ShortwaveRadiation_Wm2,9,25.714285714285715
gep27,00,2025-12-25,2026-01-03,gcrew,noaa_gefs,27,WindSpeed_ms_mean,9,5.107335579865194
gep27,00,2025-12-25,2026-01-04,gcrew,noaa_gefs,27,AirTemp_C_mean,10,10.889909362792991
gep27,00,2025-12-25,2026-01-04,gcrew,noaa_gefs,27,Pressure_Pa,10,101268.140625
gep27,00,2025-12-25,2026-01-04,gcrew,noaa_gefs,27,RH_percent_mean,10,86.44726371765137
gep27,00,2025-12-25,2026-01-04,gcrew,noaa_gefs,27,Rain_mm_sum,10,0
gep27,00,2025-12-25,2026-01-04,gcrew,noaa_gefs,27,ShortwaveRadiation_Wm2,10,85
gep27,00,2025-12-25,2026-01-04,gcrew,noaa_gefs,27,WindSpeed_ms_mean,10,3.600210788901469
gep27,00,2025-12-25,2026-01-05,gcrew,noaa_gefs,27,AirTemp_C_mean,11,14.514237976074241
gep27,00,2025-12-25,2026-01-05,gcrew,noaa_gefs,27,Pressure_Pa,11,100406.498046875
gep27,00,2025-12-25,2026-01-05,gcrew,noaa_gefs,27,RH_percent_mean,11,85.23000907897949
gep27,00,2025-12-25,2026-01-05,gcrew,noaa_gefs,27,Rain_mm_sum,11,3.7000000178813934
gep27,00,2025-12-25,2026-01-05,gcrew,noaa_gefs,27,ShortwaveRadiation_Wm2,11,42.5
gep27,00,2025-12-25,2026-01-05,gcrew,noaa_gefs,27,WindSpeed_ms_mean,11,5.815003334458832
gep27,00,2025-12-25,2026-01-06,gcrew,noaa_gefs,27,AirTemp_C_mean,12,4.505242919921898
gep27,00,2025-12-25,2026-01-06,gcrew,noaa_gefs,27,Pressure_Pa,12,100507.328125
gep27,00,2025-12-25,2026-01-06,gcrew,noaa_gefs,27,RH_percent_mean,12,62.17771530151367
gep27,00,2025-12-25,2026-01-06,gcrew,noaa_gefs,27,Rain_mm_sum,12,2.100000001490116
gep27,00,2025-12-25,2026-01-06,gcrew,noaa_gefs,27,ShortwaveRadiation_Wm2,12,120
gep27,00,2025-12-25,2026-01-06,gcrew,noaa_gefs,27,WindSpeed_ms_mean,12,7.1292139542536495
gep27,00,2025-12-25,2026-01-07,gcrew,noaa_gefs,27,AirTemp_C_mean,13,3.4188171386718977
gep27,00,2025-12-25,2026-01-07,gcrew,noaa_gefs,27,Pressure_Pa,13,101833.490234375
gep27,00,2025-12-25,2026-01-07,gcrew,noaa_gefs,27,RH_percent_mean,13,53.679908752441406
gep27,00,2025-12-25,2026-01-07,gcrew,noaa_gefs,27,Rain_mm_sum,13,0
gep27,00,2025-12-25,2026-01-07,gcrew,noaa_gefs,27,ShortwaveRadiation_Wm2,13,117.5
gep27,00,2025-12-25,2026-01-07,gcrew,noaa_gefs,27,WindSpeed_ms_mean,13,6.966477756083384
gep27,00,2025-12-25,2026-01-08,gcrew,noaa_gefs,27,AirTemp_C_mean,14,7.357942199707054
gep27,00,2025-12-25,2026-01-08,gcrew,noaa_gefs,27,Pressure_Pa,14,102328.623046875
gep27,00,2025-12-25,2026-01-08,gcrew,noaa_gefs,27,RH_percent_mean,14,55.181633949279785
gep27,00,2025-12-25,2026-01-08,gcrew,noaa_gefs,27,Rain_mm_sum,14,0
gep27,00,2025-12-25,2026-01-08,gcrew,noaa_gefs,27,ShortwaveRadiation_Wm2,14,121.5
gep27,00,2025-12-25,2026-01-08,gcrew,noaa_gefs,27,WindSpeed_ms_mean,14,4.329537463391383
gep27,00,2025-12-25,2026-01-09,gcrew,noaa_gefs,27,AirTemp_C_mean,15,6.292359924316429
gep27,00,2025-12-25,2026-01-09,gcrew,noaa_gefs,27,Pressure_Pa,15,102513.65625
gep27,00,2025-12-25,2026-01-09,gcrew,noaa_gefs,27,RH_percent_mean,15,66.9400224685669
gep27,00,2025-12-25,2026-01-09,gcrew,noaa_gefs,27,Rain_mm_sum,15,0
gep27,00,2025-12-25,2026-01-09,gcrew,noaa_gefs,27,ShortwaveRadiation_Wm2,15,116.5
gep27,00,2025-12-25,2026-01-09,gcrew,noaa_gefs,27,WindSpeed_ms_mean,15,4.169523961397145
gep27,00,2025-12-25,2026-01-10,gcrew,noaa_gefs,27,AirTemp_C_mean,16,8.230760192871116
gep27,00,2025-12-25,2026-01-10,gcrew,noaa_gefs,27,Pressure_Pa,16,100988.9765625
gep27,00,2025-12-25,2026-01-10,gcrew,noaa_gefs,27,RH_percent_mean,16,92.44572067260742
gep27,00,2025-12-25,2026-01-10,gcrew,noaa_gefs,27,Rain_mm_sum,16,47.500000953674316
gep27,00,2025-12-25,2026-01-10,gcrew,noaa_gefs,27,ShortwaveRadiation_Wm2,16,3.5
gep27,00,2025-12-25,2026-01-10,gcrew,noaa_gefs,27,WindSpeed_ms_mean,16,9.299799855644833
gep27,00,2025-12-25,2026-01-11,gcrew,noaa_gefs,27,AirTemp_C_mean,17,0.273957824707054
gep27,00,2025-12-25,2026-01-11,gcrew,noaa_gefs,27,Pressure_Pa,17,101742.986328125
gep27,00,2025-12-25,2026-01-11,gcrew,noaa_gefs,27,RH_percent_mean,17,69.99894523620605
gep27,00,2025-12-25,2026-01-11,gcrew,noaa_gefs,27,Rain_mm_sum,17,7.200000002980232
gep27,00,2025-12-25,2026-01-11,gcrew,noaa_gefs,27,ShortwaveRadiation_Wm2,17,127.25
gep27,00,2025-12-25,2026-01-11,gcrew,noaa_gefs,27,WindSpeed_ms_mean,17,7.6638541985328805
gep27,00,2025-12-25,2026-01-12,gcrew,noaa_gefs,27,AirTemp_C_mean,18,2.171846008300804
gep27,00,2025-12-25,2026-01-12,gcrew,noaa_gefs,27,Pressure_Pa,18,102770.083984375
gep27,00,2025-12-25,2026-01-12,gcrew,noaa_gefs,27,RH_percent_mean,18,69.03396034240723
gep27,00,2025-12-25,2026-01-12,gcrew,noaa_gefs,27,Rain_mm_sum,18,0
gep27,00,2025-12-25,2026-01-12,gcrew,noaa_gefs,27,ShortwaveRadiation_Wm2,18,127.5
gep27,00,2025-12-25,2026-01-12,gcrew,noaa_gefs,27,WindSpeed_ms_mean,18,3.4622293096336105
gep27,00,2025-12-25,2026-01-13,gcrew,noaa_gefs,27,AirTemp_C_mean,19,3.1381164550781477
gep27,00,2025-12-25,2026-01-13,gcrew,noaa_gefs,27,Pressure_Pa,19,102732.630859375
gep27,00,2025-12-25,2026-01-13,gcrew,noaa_gefs,27,RH_percent_mean,19,70.09601783752441
gep27,00,2025-12-25,2026-01-13,gcrew,noaa_gefs,27,Rain_mm_sum,19,0
gep27,00,2025-12-25,2026-01-13,gcrew,noaa_gefs,27,ShortwaveRadiation_Wm2,19,116.5
gep27,00,2025-12-25,2026-01-13,gcrew,noaa_gefs,27,WindSpeed_ms_mean,19,3.4455094842593312
gep27,00,2025-12-25,2026-01-14,gcrew,noaa_gefs,27,AirTemp_C_mean,20,4.095193481445335
gep27,00,2025-12-25,2026-01-14,gcrew,noaa_gefs,27,Pressure_Pa,20,102669.79296875
gep27,00,2025-12-25,2026-01-14,gcrew,noaa_gefs,27,RH_percent_mean,20,83.62176322937012
gep27,00,2025-12-25,2026-01-14,gcrew,noaa_gefs,27,Rain_mm_sum,20,0
gep27,00,2025-12-25,2026-01-14,gcrew,noaa_gefs,27,ShortwaveRadiation_Wm2,20,117.75
gep27,00,2025-12-25,2026-01-14,gcrew,noaa_gefs,27,WindSpeed_ms_mean,20,2.7496518864059034
gep27,00,2025-12-25,2026-01-15,gcrew,noaa_gefs,27,AirTemp_C_mean,21,4.34229431152346
gep27,00,2025-12-25,2026-01-15,gcrew,noaa_gefs,27,Pressure_Pa,21,102705.73828125
gep27,00,2025-12-25,2026-01-15,gcrew,noaa_gefs,27,RH_percent_mean,21,87.58064270019531
gep27,00,2025-12-25,2026-01-15,gcrew,noaa_gefs,27,Rain_mm_sum,21,0.10000000149011612
gep27,00,2025-12-25,2026-01-15,gcrew,noaa_gefs,27,ShortwaveRadiation_Wm2,21,94.5
gep27,00,2025-12-25,2026-01-15,gcrew,noaa_gefs,27,WindSpeed_ms_mean,21,3.556685238735195
gep27,00,2025-12-25,2026-01-16,gcrew,noaa_gefs,27,AirTemp_C_mean,22,12.23005065917971
gep27,00,2025-12-25,2026-01-16,gcrew,noaa_gefs,27,Pressure_Pa,22,100937.822265625
gep27,00,2025-12-25,2026-01-16,gcrew,noaa_gefs,27,RH_percent_mean,22,94.87235832214355
gep27,00,2025-12-25,2026-01-16,gcrew,noaa_gefs,27,Rain_mm_sum,22,22.100001096725464
gep27,00,2025-12-25,2026-01-16,gcrew,noaa_gefs,27,ShortwaveRadiation_Wm2,22,9.75
gep27,00,2025-12-25,2026-01-16,gcrew,noaa_gefs,27,WindSpeed_ms_mean,22,7.712571493864753
gep27,00,2025-12-25,2026-01-17,gcrew,noaa_gefs,27,AirTemp_C_mean,23,8.732659912109398
gep27,00,2025-12-25,2026-01-17,gcrew,noaa_gefs,27,Pressure_Pa,23,101839.7109375
gep27,00,2025-12-25,2026-01-17,gcrew,noaa_gefs,27,RH_percent_mean,23,72.87350654602051
gep27,00,2025-12-25,2026-01-17,gcrew,noaa_gefs,27,Rain_mm_sum,23,0.800000011920929
gep27,00,2025-12-25,2026-01-17,gcrew,noaa_gefs,27,ShortwaveRadiation_Wm2,23,130
gep27,00,2025-12-25,2026-01-17,gcrew,noaa_gefs,27,WindSpeed_ms_mean,23,4.503928313302021
gep27,00,2025-12-25,2026-01-18,gcrew,noaa_gefs,27,AirTemp_C_mean,24,8.240655517578148
gep27,00,2025-12-25,2026-01-18,gcrew,noaa_gefs,27,Pressure_Pa,24,102885.134765625
gep27,00,2025-12-25,2026-01-18,gcrew,noaa_gefs,27,RH_percent_mean,24,67.80245590209961
gep27,00,2025-12-25,2026-01-18,gcrew,noaa_gefs,27,Rain_mm_sum,24,0
gep27,00,2025-12-25,2026-01-18,gcrew,noaa_gefs,27,ShortwaveRadiation_Wm2,24,128.5
gep27,00,2025-12-25,2026-01-18,gcrew,noaa_gefs,27,WindSpeed_ms_mean,24,3.7670321862484957
gep27,00,2025-12-25,2026-01-19,gcrew,noaa_gefs,27,AirTemp_C_mean,25,8.329751586914085
gep27,00,2025-12-25,2026-01-19,gcrew,noaa_gefs,27,Pressure_Pa,25,102533.533203125
gep27,00,2025-12-25,2026-01-19,gcrew,noaa_gefs,27,RH_percent_mean,25,78.15633964538574
gep27,00,2025-12-25,2026-01-19,gcrew,noaa_gefs,27,Rain_mm_sum,25,0
gep27,00,2025-12-25,2026-01-19,gcrew,noaa_gefs,27,ShortwaveRadiation_Wm2,25,60.75
gep27,00,2025-12-25,2026-01-19,gcrew,noaa_gefs,27,WindSpeed_ms_mean,25,5.590911795586785
gep27,00,2025-12-25,2026-01-20,gcrew,noaa_gefs,27,AirTemp_C_mean,26,8.121881103515648
gep27,00,2025-12-25,2026-01-20,gcrew,noaa_gefs,27,Pressure_Pa,26,101917.162109375
gep27,00,2025-12-25,2026-01-20,gcrew,noaa_gefs,27,RH_percent_mean,26,79.7828426361084
gep27,00,2025-12-25,2026-01-20,gcrew,noaa_gefs,27,Rain_mm_sum,26,0.699999988079071
gep27,00,2025-12-25,2026-01-20,gcrew,noaa_gefs,27,ShortwaveRadiation_Wm2,26,35
gep27,00,2025-12-25,2026-01-20,gcrew,noaa_gefs,27,WindSpeed_ms_mean,26,5.416574993003485
gep27,00,2025-12-25,2026-01-21,gcrew,noaa_gefs,27,AirTemp_C_mean,27,1.0910888671875227
gep27,00,2025-12-25,2026-01-21,gcrew,noaa_gefs,27,Pressure_Pa,27,102745.556640625
gep27,00,2025-12-25,2026-01-21,gcrew,noaa_gefs,27,RH_percent_mean,27,69.12549591064453
gep27,00,2025-12-25,2026-01-21,gcrew,noaa_gefs,27,Rain_mm_sum,27,1.2000000029802322
gep27,00,2025-12-25,2026-01-21,gcrew,noaa_gefs,27,ShortwaveRadiation_Wm2,27,28
gep27,00,2025-12-25,2026-01-21,gcrew,noaa_gefs,27,WindSpeed_ms_mean,27,5.47850488358735
gep27,00,2025-12-25,2026-01-22,gcrew,noaa_gefs,27,AirTemp_C_mean,28,5.676553344726585
gep27,00,2025-12-25,2026-01-22,gcrew,noaa_gefs,27,Pressure_Pa,28,100303.91796875
gep27,00,2025-12-25,2026-01-22,gcrew,noaa_gefs,27,RH_percent_mean,28,72.28020286560059
gep27,00,2025-12-25,2026-01-22,gcrew,noaa_gefs,27,Rain_mm_sum,28,11.300000190734863
gep27,00,2025-12-25,2026-01-22,gcrew,noaa_gefs,27,ShortwaveRadiation_Wm2,28,132
gep27,00,2025-12-25,2026-01-22,gcrew,noaa_gefs,27,WindSpeed_ms_mean,28,10.069496986572068
gep27,00,2025-12-25,2026-01-23,gcrew,noaa_gefs,27,AirTemp_C_mean,29,2.7060104370117415
gep27,00,2025-12-25,2026-01-23,gcrew,noaa_gefs,27,Pressure_Pa,29,101102.13671875
gep27,00,2025-12-25,2026-01-23,gcrew,noaa_gefs,27,RH_percent_mean,29,59.599411964416504
gep27,00,2025-12-25,2026-01-23,gcrew,noaa_gefs,27,Rain_mm_sum,29,0
gep27,00,2025-12-25,2026-01-23,gcrew,noaa_gefs,27,ShortwaveRadiation_Wm2,29,137.5
gep27,00,2025-12-25,2026-01-23,gcrew,noaa_gefs,27,WindSpeed_ms_mean,29,5.521899992654974
gep27,00,2025-12-25,2026-01-24,gcrew,noaa_gefs,27,AirTemp_C_mean,30,4.12842712402346
gep27,00,2025-12-25,2026-01-24,gcrew,noaa_gefs,27,Pressure_Pa,30,101227.48828125
gep27,00,2025-12-25,2026-01-24,gcrew,noaa_gefs,27,RH_percent_mean,30,72.47355461120605
gep27,00,2025-12-25,2026-01-24,gcrew,noaa_gefs,27,Rain_mm_sum,30,0
gep27,00,2025-12-25,2026-01-24,gcrew,noaa_gefs,27,ShortwaveRadiation_Wm2,30,127.25
gep27,00,2025-12-25,2026-01-24,gcrew,noaa_gefs,27,WindSpeed_ms_mean,30,5.117748884369503
gep27,00,2025-12-25,2026-01-25,gcrew,noaa_gefs,27,AirTemp_C_mean,31,-0.6562637329101335
gep27,00,2025-12-25,2026-01-25,gcrew,noaa_gefs,27,Pressure_Pa,31,101961.154296875
gep27,00,2025-12-25,2026-01-25,gcrew,noaa_gefs,27,RH_percent_mean,31,57.30247402191162
gep27,00,2025-12-25,2026-01-25,gcrew,noaa_gefs,27,Rain_mm_sum,31,0
gep27,00,2025-12-25,2026-01-25,gcrew,noaa_gefs,27,ShortwaveRadiation_Wm2,31,145.25
gep27,00,2025-12-25,2026-01-25,gcrew,noaa_gefs,27,WindSpeed_ms_mean,31,4.7448173419903386
gep27,00,2025-12-25,2026-01-26,gcrew,noaa_gefs,27,AirTemp_C_mean,32,2.824037170410179
gep27,00,2025-12-25,2026-01-26,gcrew,noaa_gefs,27,Pressure_Pa,32,101941.466796875
gep27,00,2025-12-25,2026-01-26,gcrew,noaa_gefs,27,RH_percent_mean,32,70.92254638671875
gep27,00,2025-12-25,2026-01-26,gcrew,noaa_gefs,27,Rain_mm_sum,32,0
gep27,00,2025-12-25,2026-01-26,gcrew,noaa_gefs,27,ShortwaveRadiation_Wm2,32,138.25
gep27,00,2025-12-25,2026-01-26,gcrew,noaa_gefs,27,WindSpeed_ms_mean,32,3.546680545310956
gep27,00,2025-12-25,2026-01-27,gcrew,noaa_gefs,27,AirTemp_C_mean,33,2.880342102050804
gep27,00,2025-12-25,2026-01-27,gcrew,noaa_gefs,27,Pressure_Pa,33,102457.599609375
gep27,00,2025-12-25,2026-01-27,gcrew,noaa_gefs,27,RH_percent_mean,33,78.3819751739502
gep27,00,2025-12-25,2026-01-27,gcrew,noaa_gefs,27,Rain_mm_sum,33,0
gep27,00,2025-12-25,2026-01-27,gcrew,noaa_gefs,27,ShortwaveRadiation_Wm2,33,142.5
gep27,00,2025-12-25,2026-01-27,gcrew,noaa_gefs,27,WindSpeed_ms_mean,33,3.633655032610908
gep27,00,2025-12-25,2026-01-28,gcrew,noaa_gefs,27,AirTemp_C_mean,34,4.36011657714846
gep27,00,2025-12-25,2026-01-28,gcrew,noaa_gefs,27,Pressure_Pa,34,102016.24609375
gep27,00,2025-12-25,2026-01-28,gcrew,noaa_gefs,27,RH_percent_mean,34,86.29985618591309
gep27,00,2025-12-25,2026-01-28,gcrew,noaa_gefs,27,Rain_mm_sum,34,0.20000000298023224
gep27,00,2025-12-25,2026-01-28,gcrew,noaa_gefs,27,ShortwaveRadiation_Wm2,34,67.25
gep27,00,2025-12-25,2026-01-28,gcrew,noaa_gefs,27,WindSpeed_ms_mean,34,2.304446884715268
gep28,00,2025-12-25,2025-12-26,gcrew,noaa_gefs,28,AirTemp_C_mean,1,1.4191566467285384
gep28,00,2025-12-25,2025-12-26,gcrew,noaa_gefs,28,Pressure_Pa,1,101883.013671875
gep28,00,2025-12-25,2025-12-26,gcrew,noaa_gefs,28,RH_percent_mean,1,59.10939836502075
gep28,00,2025-12-25,2025-12-26,gcrew,noaa_gefs,28,Rain_mm_sum,1,5.929999861866236
gep28,00,2025-12-25,2025-12-26,gcrew,noaa_gefs,28,ShortwaveRadiation_Wm2,1,52.5
gep28,00,2025-12-25,2025-12-26,gcrew,noaa_gefs,28,WindSpeed_ms_mean,1,5.719543666158366
gep28,00,2025-12-25,2025-12-27,gcrew,noaa_gefs,28,AirTemp_C_mean,2,4.553342437744163
gep28,00,2025-12-25,2025-12-27,gcrew,noaa_gefs,28,Pressure_Pa,2,101374.94921875
gep28,00,2025-12-25,2025-12-27,gcrew,noaa_gefs,28,RH_percent_mean,2,78.51494789123535
gep28,00,2025-12-25,2025-12-27,gcrew,noaa_gefs,28,Rain_mm_sum,2,5.500000089406967
gep28,00,2025-12-25,2025-12-27,gcrew,noaa_gefs,28,ShortwaveRadiation_Wm2,2,106.25
gep28,00,2025-12-25,2025-12-27,gcrew,noaa_gefs,28,WindSpeed_ms_mean,2,6.923660931417801
gep28,00,2025-12-25,2025-12-28,gcrew,noaa_gefs,28,AirTemp_C_mean,3,3.017091369628929
gep28,00,2025-12-25,2025-12-28,gcrew,noaa_gefs,28,Pressure_Pa,3,102237.642578125
gep28,00,2025-12-25,2025-12-28,gcrew,noaa_gefs,28,RH_percent_mean,3,72.99352979660034
gep28,00,2025-12-25,2025-12-28,gcrew,noaa_gefs,28,Rain_mm_sum,3,0
gep28,00,2025-12-25,2025-12-28,gcrew,noaa_gefs,28,ShortwaveRadiation_Wm2,3,105
gep28,00,2025-12-25,2025-12-28,gcrew,noaa_gefs,28,WindSpeed_ms_mean,3,2.948875395899818
gep28,00,2025-12-25,2025-12-29,gcrew,noaa_gefs,28,AirTemp_C_mean,4,8.150354003906273
gep28,00,2025-12-25,2025-12-29,gcrew,noaa_gefs,28,Pressure_Pa,4,100520.205078125
gep28,00,2025-12-25,2025-12-29,gcrew,noaa_gefs,28,RH_percent_mean,4,75.22460079193115
gep28,00,2025-12-25,2025-12-29,gcrew,noaa_gefs,28,Rain_mm_sum,4,0.8000000268220901
gep28,00,2025-12-25,2025-12-29,gcrew,noaa_gefs,28,ShortwaveRadiation_Wm2,4,62.5
gep28,00,2025-12-25,2025-12-29,gcrew,noaa_gefs,28,WindSpeed_ms_mean,4,7.362543468483011
gep28,00,2025-12-25,2025-12-30,gcrew,noaa_gefs,28,AirTemp_C_mean,5,0.325959777832054
gep28,00,2025-12-25,2025-12-30,gcrew,noaa_gefs,28,Pressure_Pa,5,100803.0263671875
gep28,00,2025-12-25,2025-12-30,gcrew,noaa_gefs,28,RH_percent_mean,5,53.082125186920166
gep28,00,2025-12-25,2025-12-30,gcrew,noaa_gefs,28,Rain_mm_sum,5,0
gep28,00,2025-12-25,2025-12-30,gcrew,noaa_gefs,28,ShortwaveRadiation_Wm2,5,100.5
gep28,00,2025-12-25,2025-12-30,gcrew,noaa_gefs,28,WindSpeed_ms_mean,5,8.02044107296069
gep28,00,2025-12-25,2025-12-31,gcrew,noaa_gefs,28,AirTemp_C_mean,6,-0.5309776306152116
gep28,00,2025-12-25,2025-12-31,gcrew,noaa_gefs,28,Pressure_Pa,6,101757.0849609375
gep28,00,2025-12-25,2025-12-31,gcrew,noaa_gefs,28,RH_percent_mean,6,49.53283452987671
gep28,00,2025-12-25,2025-12-31,gcrew,noaa_gefs,28,Rain_mm_sum,6,0
gep28,00,2025-12-25,2025-12-31,gcrew,noaa_gefs,28,ShortwaveRadiation_Wm2,6,116.25
gep28,00,2025-12-25,2025-12-31,gcrew,noaa_gefs,28,WindSpeed_ms_mean,6,5.239858882636157
gep28,00,2025-12-25,2026-01-01,gcrew,noaa_gefs,28,AirTemp_C_mean,7,3.5077911376953352
gep28,00,2025-12-25,2026-01-01,gcrew,noaa_gefs,28,Pressure_Pa,7,101793.2197265625
gep28,00,2025-12-25,2026-01-01,gcrew,noaa_gefs,28,RH_percent_mean,7,61.349281787872314
gep28,00,2025-12-25,2026-01-01,gcrew,noaa_gefs,28,Rain_mm_sum,7,0
gep28,00,2025-12-25,2026-01-01,gcrew,noaa_gefs,28,ShortwaveRadiation_Wm2,7,87.5
gep28,00,2025-12-25,2026-01-01,gcrew,noaa_gefs,28,WindSpeed_ms_mean,7,4.304550169616287
gep28,00,2025-12-25,2026-01-02,gcrew,noaa_gefs,28,AirTemp_C_mean,8,5.137780761718773
gep28,00,2025-12-25,2026-01-02,gcrew,noaa_gefs,28,Pressure_Pa,8,101893.263671875
gep28,00,2025-12-25,2026-01-02,gcrew,noaa_gefs,28,RH_percent_mean,8,76.17369937896729
gep28,00,2025-12-25,2026-01-02,gcrew,noaa_gefs,28,Rain_mm_sum,8,0
gep28,00,2025-12-25,2026-01-02,gcrew,noaa_gefs,28,ShortwaveRadiation_Wm2,8,99.375
gep28,00,2025-12-25,2026-01-02,gcrew,noaa_gefs,28,WindSpeed_ms_mean,8,2.9946754157667765
gep28,00,2025-12-25,2026-01-03,gcrew,noaa_gefs,28,AirTemp_C_mean,9,7.461868722098237
gep28,00,2025-12-25,2026-01-03,gcrew,noaa_gefs,28,Pressure_Pa,9,101427.07589285714
gep28,00,2025-12-25,2026-01-03,gcrew,noaa_gefs,28,RH_percent_mean,9,83.19520568847656
gep28,00,2025-12-25,2026-01-03,gcrew,noaa_gefs,28,Rain_mm_sum,9,0.6100000236183405
gep28,00,2025-12-25,2026-01-03,gcrew,noaa_gefs,28,ShortwaveRadiation_Wm2,9,25.714285714285715
gep28,00,2025-12-25,2026-01-03,gcrew,noaa_gefs,28,WindSpeed_ms_mean,9,5.107335579865194
gep28,00,2025-12-25,2026-01-04,gcrew,noaa_gefs,28,AirTemp_C_mean,10,10.889909362792991
gep28,00,2025-12-25,2026-01-04,gcrew,noaa_gefs,28,Pressure_Pa,10,101268.140625
gep28,00,2025-12-25,2026-01-04,gcrew,noaa_gefs,28,RH_percent_mean,10,86.44726371765137
gep28,00,2025-12-25,2026-01-04,gcrew,noaa_gefs,28,Rain_mm_sum,10,0
gep28,00,2025-12-25,2026-01-04,gcrew,noaa_gefs,28,ShortwaveRadiation_Wm2,10,85
gep28,00,2025-12-25,2026-01-04,gcrew,noaa_gefs,28,WindSpeed_ms_mean,10,3.600210788901469
gep28,00,2025-12-25,2026-01-05,gcrew,noaa_gefs,28,AirTemp_C_mean,11,14.514237976074241
gep28,00,2025-12-25,2026-01-05,gcrew,noaa_gefs,28,Pressure_Pa,11,100406.498046875
gep28,00,2025-12-25,2026-01-05,gcrew,noaa_gefs,28,RH_percent_mean,11,85.23000907897949
gep28,00,2025-12-25,2026-01-05,gcrew,noaa_gefs,28,Rain_mm_sum,11,3.7000000178813934
gep28,00,2025-12-25,2026-01-05,gcrew,noaa_gefs,28,ShortwaveRadiation_Wm2,11,42.5
gep28,00,2025-12-25,2026-01-05,gcrew,noaa_gefs,28,WindSpeed_ms_mean,11,5.815003334458832
gep28,00,2025-12-25,2026-01-06,gcrew,noaa_gefs,28,AirTemp_C_mean,12,4.505242919921898
gep28,00,2025-12-25,2026-01-06,gcrew,noaa_gefs,28,Pressure_Pa,12,100507.328125
gep28,00,2025-12-25,2026-01-06,gcrew,noaa_gefs,28,RH_percent_mean,12,62.17771530151367
gep28,00,2025-12-25,2026-01-06,gcrew,noaa_gefs,28,Rain_mm_sum,12,2.100000001490116
gep28,00,2025-12-25,2026-01-06,gcrew,noaa_gefs,28,ShortwaveRadiation_Wm2,12,120
gep28,00,2025-12-25,2026-01-06,gcrew,noaa_gefs,28,WindSpeed_ms_mean,12,7.1292139542536495
gep28,00,2025-12-25,2026-01-07,gcrew,noaa_gefs,28,AirTemp_C_mean,13,3.4188171386718977
gep28,00,2025-12-25,2026-01-07,gcrew,noaa_gefs,28,Pressure_Pa,13,101833.490234375
gep28,00,2025-12-25,2026-01-07,gcrew,noaa_gefs,28,RH_percent_mean,13,53.679908752441406
gep28,00,2025-12-25,2026-01-07,gcrew,noaa_gefs,28,Rain_mm_sum,13,0
gep28,00,2025-12-25,2026-01-07,gcrew,noaa_gefs,28,ShortwaveRadiation_Wm2,13,117.5
gep28,00,2025-12-25,2026-01-07,gcrew,noaa_gefs,28,WindSpeed_ms_mean,13,6.966477756083384
gep28,00,2025-12-25,2026-01-08,gcrew,noaa_gefs,28,AirTemp_C_mean,14,7.357942199707054
gep28,00,2025-12-25,2026-01-08,gcrew,noaa_gefs,28,Pressure_Pa,14,102328.623046875
gep28,00,2025-12-25,2026-01-08,gcrew,noaa_gefs,28,RH_percent_mean,14,55.181633949279785
gep28,00,2025-12-25,2026-01-08,gcrew,noaa_gefs,28,Rain_mm_sum,14,0
gep28,00,2025-12-25,2026-01-08,gcrew,noaa_gefs,28,ShortwaveRadiation_Wm2,14,121.5
gep28,00,2025-12-25,2026-01-08,gcrew,noaa_gefs,28,WindSpeed_ms_mean,14,4.329537463391383
gep28,00,2025-12-25,2026-01-09,gcrew,noaa_gefs,28,AirTemp_C_mean,15,6.292359924316429
gep28,00,2025-12-25,2026-01-09,gcrew,noaa_gefs,28,Pressure_Pa,15,102513.65625
gep28,00,2025-12-25,2026-01-09,gcrew,noaa_gefs,28,RH_percent_mean,15,66.9400224685669
gep28,00,2025-12-25,2026-01-09,gcrew,noaa_gefs,28,Rain_mm_sum,15,0
gep28,00,2025-12-25,2026-01-09,gcrew,noaa_gefs,28,ShortwaveRadiation_Wm2,15,116.5
gep28,00,2025-12-25,2026-01-09,gcrew,noaa_gefs,28,WindSpeed_ms_mean,15,4.169523961397145
gep28,00,2025-12-25,2026-01-10,gcrew,noaa_gefs,28,AirTemp_C_mean,16,8.230760192871116
gep28,00,2025-12-25,2026-01-10,gcrew,noaa_gefs,28,Pressure_Pa,16,100988.9765625
gep28,00,2025-12-25,2026-01-10,gcrew,noaa_gefs,28,RH_percent_mean,16,92.44572067260742
gep28,00,2025-12-25,2026-01-10,gcrew,noaa_gefs,28,Rain_mm_sum,16,47.500000953674316
gep28,00,2025-12-25,2026-01-10,gcrew,noaa_gefs,28,ShortwaveRadiation_Wm2,16,3.5
gep28,00,2025-12-25,2026-01-10,gcrew,noaa_gefs,28,WindSpeed_ms_mean,16,9.299799855644833
gep28,00,2025-12-25,2026-01-11,gcrew,noaa_gefs,28,AirTemp_C_mean,17,0.273957824707054
gep28,00,2025-12-25,2026-01-11,gcrew,noaa_gefs,28,Pressure_Pa,17,101742.986328125
gep28,00,2025-12-25,2026-01-11,gcrew,noaa_gefs,28,RH_percent_mean,17,69.99894523620605
gep28,00,2025-12-25,2026-01-11,gcrew,noaa_gefs,28,Rain_mm_sum,17,7.200000002980232
gep28,00,2025-12-25,2026-01-11,gcrew,noaa_gefs,28,ShortwaveRadiation_Wm2,17,127.25
gep28,00,2025-12-25,2026-01-11,gcrew,noaa_gefs,28,WindSpeed_ms_mean,17,7.6638541985328805
gep28,00,2025-12-25,2026-01-12,gcrew,noaa_gefs,28,AirTemp_C_mean,18,2.171846008300804
gep28,00,2025-12-25,2026-01-12,gcrew,noaa_gefs,28,Pressure_Pa,18,102770.083984375
gep28,00,2025-12-25,2026-01-12,gcrew,noaa_gefs,28,RH_percent_mean,18,69.03396034240723
gep28,00,2025-12-25,2026-01-12,gcrew,noaa_gefs,28,Rain_mm_sum,18,0
gep28,00,2025-12-25,2026-01-12,gcrew,noaa_gefs,28,ShortwaveRadiation_Wm2,18,127.5
gep28,00,2025-12-25,2026-01-12,gcrew,noaa_gefs,28,WindSpeed_ms_mean,18,3.4622293096336105
gep28,00,2025-12-25,2026-01-13,gcrew,noaa_gefs,28,AirTemp_C_mean,19,3.1381164550781477
gep28,00,2025-12-25,2026-01-13,gcrew,noaa_gefs,28,Pressure_Pa,19,102732.630859375
gep28,00,2025-12-25,2026-01-13,gcrew,noaa_gefs,28,RH_percent_mean,19,70.09601783752441
gep28,00,2025-12-25,2026-01-13,gcrew,noaa_gefs,28,Rain_mm_sum,19,0
gep28,00,2025-12-25,2026-01-13,gcrew,noaa_gefs,28,ShortwaveRadiation_Wm2,19,116.5
gep28,00,2025-12-25,2026-01-13,gcrew,noaa_gefs,28,WindSpeed_ms_mean,19,3.4455094842593312
gep28,00,2025-12-25,2026-01-14,gcrew,noaa_gefs,28,AirTemp_C_mean,20,4.095193481445335
gep28,00,2025-12-25,2026-01-14,gcrew,noaa_gefs,28,Pressure_Pa,20,102669.79296875
gep28,00,2025-12-25,2026-01-14,gcrew,noaa_gefs,28,RH_percent_mean,20,83.62176322937012
gep28,00,2025-12-25,2026-01-14,gcrew,noaa_gefs,28,Rain_mm_sum,20,0
gep28,00,2025-12-25,2026-01-14,gcrew,noaa_gefs,28,ShortwaveRadiation_Wm2,20,117.75
gep28,00,2025-12-25,2026-01-14,gcrew,noaa_gefs,28,WindSpeed_ms_mean,20,2.7496518864059034
gep28,00,2025-12-25,2026-01-15,gcrew,noaa_gefs,28,AirTemp_C_mean,21,4.34229431152346
gep28,00,2025-12-25,2026-01-15,gcrew,noaa_gefs,28,Pressure_Pa,21,102705.73828125
gep28,00,2025-12-25,2026-01-15,gcrew,noaa_gefs,28,RH_percent_mean,21,87.58064270019531
gep28,00,2025-12-25,2026-01-15,gcrew,noaa_gefs,28,Rain_mm_sum,21,0.10000000149011612
gep28,00,2025-12-25,2026-01-15,gcrew,noaa_gefs,28,ShortwaveRadiation_Wm2,21,94.5
gep28,00,2025-12-25,2026-01-15,gcrew,noaa_gefs,28,WindSpeed_ms_mean,21,3.556685238735195
gep28,00,2025-12-25,2026-01-16,gcrew,noaa_gefs,28,AirTemp_C_mean,22,12.23005065917971
gep28,00,2025-12-25,2026-01-16,gcrew,noaa_gefs,28,Pressure_Pa,22,100937.822265625
gep28,00,2025-12-25,2026-01-16,gcrew,noaa_gefs,28,RH_percent_mean,22,94.87235832214355
gep28,00,2025-12-25,2026-01-16,gcrew,noaa_gefs,28,Rain_mm_sum,22,22.100001096725464
gep28,00,2025-12-25,2026-01-16,gcrew,noaa_gefs,28,ShortwaveRadiation_Wm2,22,9.75
gep28,00,2025-12-25,2026-01-16,gcrew,noaa_gefs,28,WindSpeed_ms_mean,22,7.712571493864753
gep28,00,2025-12-25,2026-01-17,gcrew,noaa_gefs,28,AirTemp_C_mean,23,8.732659912109398
gep28,00,2025-12-25,2026-01-17,gcrew,noaa_gefs,28,Pressure_Pa,23,101839.7109375
gep28,00,2025-12-25,2026-01-17,gcrew,noaa_gefs,28,RH_percent_mean,23,72.87350654602051
gep28,00,2025-12-25,2026-01-17,gcrew,noaa_gefs,28,Rain_mm_sum,23,0.800000011920929
gep28,00,2025-12-25,2026-01-17,gcrew,noaa_gefs,28,ShortwaveRadiation_Wm2,23,130
gep28,00,2025-12-25,2026-01-17,gcrew,noaa_gefs,28,WindSpeed_ms_mean,23,4.503928313302021
gep28,00,2025-12-25,2026-01-18,gcrew,noaa_gefs,28,AirTemp_C_mean,24,8.240655517578148
gep28,00,2025-12-25,2026-01-18,gcrew,noaa_gefs,28,Pressure_Pa,24,102885.134765625
gep28,00,2025-12-25,2026-01-18,gcrew,noaa_gefs,28,RH_percent_mean,24,67.80245590209961
gep28,00,2025-12-25,2026-01-18,gcrew,noaa_gefs,28,Rain_mm_sum,24,0
gep28,00,2025-12-25,2026-01-18,gcrew,noaa_gefs,28,ShortwaveRadiation_Wm2,24,128.5
gep28,00,2025-12-25,2026-01-18,gcrew,noaa_gefs,28,WindSpeed_ms_mean,24,3.7670321862484957
gep28,00,2025-12-25,2026-01-19,gcrew,noaa_gefs,28,AirTemp_C_mean,25,8.329751586914085
gep28,00,2025-12-25,2026-01-19,gcrew,noaa_gefs,28,Pressure_Pa,25,102533.533203125
gep28,00,2025-12-25,2026-01-19,gcrew,noaa_gefs,28,RH_percent_mean,25,78.15633964538574
gep28,00,2025-12-25,2026-01-19,gcrew,noaa_gefs,28,Rain_mm_sum,25,0
gep28,00,2025-12-25,2026-01-19,gcrew,noaa_gefs,28,ShortwaveRadiation_Wm2,25,60.75
gep28,00,2025-12-25,2026-01-19,gcrew,noaa_gefs,28,WindSpeed_ms_mean,25,5.590911795586785
gep28,00,2025-12-25,2026-01-20,gcrew,noaa_gefs,28,AirTemp_C_mean,26,8.121881103515648
gep28,00,2025-12-25,2026-01-20,gcrew,noaa_gefs,28,Pressure_Pa,26,101917.162109375
gep28,00,2025-12-25,2026-01-20,gcrew,noaa_gefs,28,RH_percent_mean,26,79.7828426361084
gep28,00,2025-12-25,2026-01-20,gcrew,noaa_gefs,28,Rain_mm_sum,26,0.699999988079071
gep28,00,2025-12-25,2026-01-20,gcrew,noaa_gefs,28,ShortwaveRadiation_Wm2,26,35
gep28,00,2025-12-25,2026-01-20,gcrew,noaa_gefs,28,WindSpeed_ms_mean,26,5.416574993003485
gep28,00,2025-12-25,2026-01-21,gcrew,noaa_gefs,28,AirTemp_C_mean,27,1.0910888671875227
gep28,00,2025-12-25,2026-01-21,gcrew,noaa_gefs,28,Pressure_Pa,27,102745.556640625
gep28,00,2025-12-25,2026-01-21,gcrew,noaa_gefs,28,RH_percent_mean,27,69.12549591064453
gep28,00,2025-12-25,2026-01-21,gcrew,noaa_gefs,28,Rain_mm_sum,27,1.2000000029802322
gep28,00,2025-12-25,2026-01-21,gcrew,noaa_gefs,28,ShortwaveRadiation_Wm2,27,28
gep28,00,2025-12-25,2026-01-21,gcrew,noaa_gefs,28,WindSpeed_ms_mean,27,5.47850488358735
gep28,00,2025-12-25,2026-01-22,gcrew,noaa_gefs,28,AirTemp_C_mean,28,5.676553344726585
gep28,00,2025-12-25,2026-01-22,gcrew,noaa_gefs,28,Pressure_Pa,28,100303.91796875
gep28,00,2025-12-25,2026-01-22,gcrew,noaa_gefs,28,RH_percent_mean,28,72.28020286560059
gep28,00,2025-12-25,2026-01-22,gcrew,noaa_gefs,28,Rain_mm_sum,28,11.300000190734863
gep28,00,2025-12-25,2026-01-22,gcrew,noaa_gefs,28,ShortwaveRadiation_Wm2,28,132
gep28,00,2025-12-25,2026-01-22,gcrew,noaa_gefs,28,WindSpeed_ms_mean,28,10.069496986572068
gep28,00,2025-12-25,2026-01-23,gcrew,noaa_gefs,28,AirTemp_C_mean,29,2.7060104370117415
gep28,00,2025-12-25,2026-01-23,gcrew,noaa_gefs,28,Pressure_Pa,29,101102.13671875
gep28,00,2025-12-25,2026-01-23,gcrew,noaa_gefs,28,RH_percent_mean,29,59.599411964416504
gep28,00,2025-12-25,2026-01-23,gcrew,noaa_gefs,28,Rain_mm_sum,29,0
gep28,00,2025-12-25,2026-01-23,gcrew,noaa_gefs,28,ShortwaveRadiation_Wm2,29,137.5
gep28,00,2025-12-25,2026-01-23,gcrew,noaa_gefs,28,WindSpeed_ms_mean,29,5.521899992654974
gep28,00,2025-12-25,2026-01-24,gcrew,noaa_gefs,28,AirTemp_C_mean,30,4.12842712402346
gep28,00,2025-12-25,2026-01-24,gcrew,noaa_gefs,28,Pressure_Pa,30,101227.48828125
gep28,00,2025-12-25,2026-01-24,gcrew,noaa_gefs,28,RH_percent_mean,30,72.47355461120605
gep28,00,2025-12-25,2026-01-24,gcrew,noaa_gefs,28,Rain_mm_sum,30,0
gep28,00,2025-12-25,2026-01-24,gcrew,noaa_gefs,28,ShortwaveRadiation_Wm2,30,127.25
gep28,00,2025-12-25,2026-01-24,gcrew,noaa_gefs,28,WindSpeed_ms_mean,30,5.117748884369503
gep28,00,2025-12-25,2026-01-25,gcrew,noaa_gefs,28,AirTemp_C_mean,31,-0.6562637329101335
gep28,00,2025-12-25,2026-01-25,gcrew,noaa_gefs,28,Pressure_Pa,31,101961.154296875
gep28,00,2025-12-25,2026-01-25,gcrew,noaa_gefs,28,RH_percent_mean,31,57.30247402191162
gep28,00,2025-12-25,2026-01-25,gcrew,noaa_gefs,28,Rain_mm_sum,31,0
gep28,00,2025-12-25,2026-01-25,gcrew,noaa_gefs,28,ShortwaveRadiation_Wm2,31,145.25
gep28,00,2025-12-25,2026-01-25,gcrew,noaa_gefs,28,WindSpeed_ms_mean,31,4.7448173419903386
gep28,00,2025-12-25,2026-01-26,gcrew,noaa_gefs,28,AirTemp_C_mean,32,2.824037170410179
gep28,00,2025-12-25,2026-01-26,gcrew,noaa_gefs,28,Pressure_Pa,32,101941.466796875
gep28,00,2025-12-25,2026-01-26,gcrew,noaa_gefs,28,RH_percent_mean,32,70.92254638671875
gep28,00,2025-12-25,2026-01-26,gcrew,noaa_gefs,28,Rain_mm_sum,32,0
gep28,00,2025-12-25,2026-01-26,gcrew,noaa_gefs,28,ShortwaveRadiation_Wm2,32,138.25
gep28,00,2025-12-25,2026-01-26,gcrew,noaa_gefs,28,WindSpeed_ms_mean,32,3.546680545310956
gep28,00,2025-12-25,2026-01-27,gcrew,noaa_gefs,28,AirTemp_C_mean,33,2.880342102050804
gep28,00,2025-12-25,2026-01-27,gcrew,noaa_gefs,28,Pressure_Pa,33,102457.599609375
gep28,00,2025-12-25,2026-01-27,gcrew,noaa_gefs,28,RH_percent_mean,33,78.3819751739502
gep28,00,2025-12-25,2026-01-27,gcrew,noaa_gefs,28,Rain_mm_sum,33,0
gep28,00,2025-12-25,2026-01-27,gcrew,noaa_gefs,28,ShortwaveRadiation_Wm2,33,142.5
gep28,00,2025-12-25,2026-01-27,gcrew,noaa_gefs,28,WindSpeed_ms_mean,33,3.633655032610908
gep28,00,2025-12-25,2026-01-28,gcrew,noaa_gefs,28,AirTemp_C_mean,34,4.36011657714846
gep28,00,2025-12-25,2026-01-28,gcrew,noaa_gefs,28,Pressure_Pa,34,102016.24609375
gep28,00,2025-12-25,2026-01-28,gcrew,noaa_gefs,28,RH_percent_mean,34,86.29985618591309
gep28,00,2025-12-25,2026-01-28,gcrew,noaa_gefs,28,Rain_mm_sum,34,0.20000000298023224
gep28,00,2025-12-25,2026-01-28,gcrew,noaa_gefs,28,ShortwaveRadiation_Wm2,34,67.25
gep28,00,2025-12-25,2026-01-28,gcrew,noaa_gefs,28,WindSpeed_ms_mean,34,2.304446884715268
gep29,00,2025-12-25,2025-12-26,gcrew,noaa_gefs,29,AirTemp_C_mean,1,1.4191566467285384
gep29,00,2025-12-25,2025-12-26,gcrew,noaa_gefs,29,Pressure_Pa,1,101883.013671875
gep29,00,2025-12-25,2025-12-26,gcrew,noaa_gefs,29,RH_percent_mean,1,59.10939836502075
gep29,00,2025-12-25,2025-12-26,gcrew,noaa_gefs,29,Rain_mm_sum,1,5.929999861866236
gep29,00,2025-12-25,2025-12-26,gcrew,noaa_gefs,29,ShortwaveRadiation_Wm2,1,52.5
gep29,00,2025-12-25,2025-12-26,gcrew,noaa_gefs,29,WindSpeed_ms_mean,1,5.719543666158366
gep29,00,2025-12-25,2025-12-27,gcrew,noaa_gefs,29,AirTemp_C_mean,2,4.553342437744163
gep29,00,2025-12-25,2025-12-27,gcrew,noaa_gefs,29,Pressure_Pa,2,101374.94921875
gep29,00,2025-12-25,2025-12-27,gcrew,noaa_gefs,29,RH_percent_mean,2,78.51494789123535
gep29,00,2025-12-25,2025-12-27,gcrew,noaa_gefs,29,Rain_mm_sum,2,5.500000089406967
gep29,00,2025-12-25,2025-12-27,gcrew,noaa_gefs,29,ShortwaveRadiation_Wm2,2,106.25
gep29,00,2025-12-25,2025-12-27,gcrew,noaa_gefs,29,WindSpeed_ms_mean,2,6.923660931417801
gep29,00,2025-12-25,2025-12-28,gcrew,noaa_gefs,29,AirTemp_C_mean,3,3.017091369628929
gep29,00,2025-12-25,2025-12-28,gcrew,noaa_gefs,29,Pressure_Pa,3,102237.642578125
gep29,00,2025-12-25,2025-12-28,gcrew,noaa_gefs,29,RH_percent_mean,3,72.99352979660034
gep29,00,2025-12-25,2025-12-28,gcrew,noaa_gefs,29,Rain_mm_sum,3,0
gep29,00,2025-12-25,2025-12-28,gcrew,noaa_gefs,29,ShortwaveRadiation_Wm2,3,105
gep29,00,2025-12-25,2025-12-28,gcrew,noaa_gefs,29,WindSpeed_ms_mean,3,2.948875395899818
gep29,00,2025-12-25,2025-12-29,gcrew,noaa_gefs,29,AirTemp_C_mean,4,8.150354003906273
gep29,00,2025-12-25,2025-12-29,gcrew,noaa_gefs,29,Pressure_Pa,4,100520.205078125
gep29,00,2025-12-25,2025-12-29,gcrew,noaa_gefs,29,RH_percent_mean,4,75.22460079193115
gep29,00,2025-12-25,2025-12-29,gcrew,noaa_gefs,29,Rain_mm_sum,4,0.8000000268220901
gep29,00,2025-12-25,2025-12-29,gcrew,noaa_gefs,29,ShortwaveRadiation_Wm2,4,62.5
gep29,00,2025-12-25,2025-12-29,gcrew,noaa_gefs,29,WindSpeed_ms_mean,4,7.362543468483011
gep29,00,2025-12-25,2025-12-30,gcrew,noaa_gefs,29,AirTemp_C_mean,5,0.325959777832054
gep29,00,2025-12-25,2025-12-30,gcrew,noaa_gefs,29,Pressure_Pa,5,100803.0263671875
gep29,00,2025-12-25,2025-12-30,gcrew,noaa_gefs,29,RH_percent_mean,5,53.082125186920166
gep29,00,2025-12-25,2025-12-30,gcrew,noaa_gefs,29,Rain_mm_sum,5,0
gep29,00,2025-12-25,2025-12-30,gcrew,noaa_gefs,29,ShortwaveRadiation_Wm2,5,100.5
gep29,00,2025-12-25,2025-12-30,gcrew,noaa_gefs,29,WindSpeed_ms_mean,5,8.02044107296069
gep29,00,2025-12-25,2025-12-31,gcrew,noaa_gefs,29,AirTemp_C_mean,6,-0.5309776306152116
gep29,00,2025-12-25,2025-12-31,gcrew,noaa_gefs,29,Pressure_Pa,6,101757.0849609375
gep29,00,2025-12-25,2025-12-31,gcrew,noaa_gefs,29,RH_percent_mean,6,49.53283452987671
gep29,00,2025-12-25,2025-12-31,gcrew,noaa_gefs,29,Rain_mm_sum,6,0
gep29,00,2025-12-25,2025-12-31,gcrew,noaa_gefs,29,ShortwaveRadiation_Wm2,6,116.25
gep29,00,2025-12-25,2025-12-31,gcrew,noaa_gefs,29,WindSpeed_ms_mean,6,5.239858882636157
gep29,00,2025-12-25,2026-01-01,gcrew,noaa_gefs,29,AirTemp_C_mean,7,3.5077911376953352
gep29,00,2025-12-25,2026-01-01,gcrew,noaa_gefs,29,Pressure_Pa,7,101793.2197265625
gep29,00,2025-12-25,2026-01-01,gcrew,noaa_gefs,29,RH_percent_mean,7,61.349281787872314
gep29,00,2025-12-25,2026-01-01,gcrew,noaa_gefs,29,Rain_mm_sum,7,0
gep29,00,2025-12-25,2026-01-01,gcrew,noaa_gefs,29,ShortwaveRadiation_Wm2,7,87.5
gep29,00,2025-12-25,2026-01-01,gcrew,noaa_gefs,29,WindSpeed_ms_mean,7,4.304550169616287
gep29,00,2025-12-25,2026-01-02,gcrew,noaa_gefs,29,AirTemp_C_mean,8,5.137780761718773
gep29,00,2025-12-25,2026-01-02,gcrew,noaa_gefs,29,Pressure_Pa,8,101893.263671875
gep29,00,2025-12-25,2026-01-02,gcrew,noaa_gefs,29,RH_percent_mean,8,76.17369937896729
gep29,00,2025-12-25,2026-01-02,gcrew,noaa_gefs,29,Rain_mm_sum,8,0
gep29,00,2025-12-25,2026-01-02,gcrew,noaa_gefs,29,ShortwaveRadiation_Wm2,8,99.375
gep29,00,2025-12-25,2026-01-02,gcrew,noaa_gefs,29,WindSpeed_ms_mean,8,2.9946754157667765
gep29,00,2025-12-25,2026-01-03,gcrew,noaa_gefs,29,AirTemp_C_mean,9,7.461868722098237
gep29,00,2025-12-25,2026-01-03,gcrew,noaa_gefs,29,Pressure_Pa,9,101427.07589285714
gep29,00,2025-12-25,2026-01-03,gcrew,noaa_gefs,29,RH_percent_mean,9,83.19520568847656
gep29,00,2025-12-25,2026-01-03,gcrew,noaa_gefs,29,Rain_mm_sum,9,0.6100000236183405
gep29,00,2025-12-25,2026-01-03,gcrew,noaa_gefs,29,ShortwaveRadiation_Wm2,9,25.714285714285715
gep29,00,2025-12-25,2026-01-03,gcrew,noaa_gefs,29,WindSpeed_ms_mean,9,5.107335579865194
gep29,00,2025-12-25,2026-01-04,gcrew,noaa_gefs,29,AirTemp_C_mean,10,10.889909362792991
gep29,00,2025-12-25,2026-01-04,gcrew,noaa_gefs,29,Pressure_Pa,10,101268.140625
gep29,00,2025-12-25,2026-01-04,gcrew,noaa_gefs,29,RH_percent_mean,10,86.44726371765137
gep29,00,2025-12-25,2026-01-04,gcrew,noaa_gefs,29,Rain_mm_sum,10,0
gep29,00,2025-12-25,2026-01-04,gcrew,noaa_gefs,29,ShortwaveRadiation_Wm2,10,85
gep29,00,2025-12-25,2026-01-04,gcrew,noaa_gefs,29,WindSpeed_ms_mean,10,3.600210788901469
gep29,00,2025-12-25,2026-01-05,gcrew,noaa_gefs,29,AirTemp_C_mean,11,14.514237976074241
gep29,00,2025-12-25,2026-01-05,gcrew,noaa_gefs,29,Pressure_Pa,11,100406.498046875
gep29,00,2025-12-25,2026-01-05,gcrew,noaa_gefs,29,RH_percent_mean,11,85.23000907897949
gep29,00,2025-12-25,2026-01-05,gcrew,noaa_gefs,29,Rain_mm_sum,11,3.7000000178813934
gep29,00,2025-12-25,2026-01-05,gcrew,noaa_gefs,29,ShortwaveRadiation_Wm2,11,42.5
gep29,00,2025-12-25,2026-01-05,gcrew,noaa_gefs,29,WindSpeed_ms_mean,11,5.815003334458832
gep29,00,2025-12-25,2026-01-06,gcrew,noaa_gefs,29,AirTemp_C_mean,12,4.505242919921898
gep29,00,2025-12-25,2026-01-06,gcrew,noaa_gefs,29,Pressure_Pa,12,100507.328125
gep29,00,2025-12-25,2026-01-06,gcrew,noaa_gefs,29,RH_percent_mean,12,62.17771530151367
gep29,00,2025-12-25,2026-01-06,gcrew,noaa_gefs,29,Rain_mm_sum,12,2.100000001490116
gep29,00,2025-12-25,2026-01-06,gcrew,noaa_gefs,29,ShortwaveRadiation_Wm2,12,120
gep29,00,2025-12-25,2026-01-06,gcrew,noaa_gefs,29,WindSpeed_ms_mean,12,7.1292139542536495
gep29,00,2025-12-25,2026-01-07,gcrew,noaa_gefs,29,AirTemp_C_mean,13,3.4188171386718977
gep29,00,2025-12-25,2026-01-07,gcrew,noaa_gefs,29,Pressure_Pa,13,101833.490234375
gep29,00,2025-12-25,2026-01-07,gcrew,noaa_gefs,29,RH_percent_mean,13,53.679908752441406
gep29,00,2025-12-25,2026-01-07,gcrew,noaa_gefs,29,Rain_mm_sum,13,0
gep29,00,2025-12-25,2026-01-07,gcrew,noaa_gefs,29,ShortwaveRadiation_Wm2,13,117.5
gep29,00,2025-12-25,2026-01-07,gcrew,noaa_gefs,29,WindSpeed_ms_mean,13,6.966477756083384
gep29,00,2025-12-25,2026-01-08,gcrew,noaa_gefs,29,AirTemp_C_mean,14,7.357942199707054
gep29,00,2025-12-25,2026-01-08,gcrew,noaa_gefs,29,Pressure_Pa,14,102328.623046875
gep29,00,2025-12-25,2026-01-08,gcrew,noaa_gefs,29,RH_percent_mean,14,55.181633949279785
gep29,00,2025-12-25,2026-01-08,gcrew,noaa_gefs,29,Rain_mm_sum,14,0
gep29,00,2025-12-25,2026-01-08,gcrew,noaa_gefs,29,ShortwaveRadiation_Wm2,14,121.5
gep29,00,2025-12-25,2026-01-08,gcrew,noaa_gefs,29,WindSpeed_ms_mean,14,4.329537463391383
gep29,00,2025-12-25,2026-01-09,gcrew,noaa_gefs,29,AirTemp_C_mean,15,6.292359924316429
gep29,00,2025-12-25,2026-01-09,gcrew,noaa_gefs,29,Pressure_Pa,15,102513.65625
gep29,00,2025-12-25,2026-01-09,gcrew,noaa_gefs,29,RH_percent_mean,15,66.9400224685669
gep29,00,2025-12-25,2026-01-09,gcrew,noaa_gefs,29,Rain_mm_sum,15,0
gep29,00,2025-12-25,2026-01-09,gcrew,noaa_gefs,29,ShortwaveRadiation_Wm2,15,116.5
gep29,00,2025-12-25,2026-01-09,gcrew,noaa_gefs,29,WindSpeed_ms_mean,15,4.169523961397145
gep29,00,2025-12-25,2026-01-10,gcrew,noaa_gefs,29,AirTemp_C_mean,16,8.230760192871116
gep29,00,2025-12-25,2026-01-10,gcrew,noaa_gefs,29,Pressure_Pa,16,100988.9765625
gep29,00,2025-12-25,2026-01-10,gcrew,noaa_gefs,29,RH_percent_mean,16,92.44572067260742
gep29,00,2025-12-25,2026-01-10,gcrew,noaa_gefs,29,Rain_mm_sum,16,47.500000953674316
gep29,00,2025-12-25,2026-01-10,gcrew,noaa_gefs,29,ShortwaveRadiation_Wm2,16,3.5
gep29,00,2025-12-25,2026-01-10,gcrew,noaa_gefs,29,WindSpeed_ms_mean,16,9.299799855644833
gep29,00,2025-12-25,2026-01-11,gcrew,noaa_gefs,29,AirTemp_C_mean,17,0.273957824707054
gep29,00,2025-12-25,2026-01-11,gcrew,noaa_gefs,29,Pressure_Pa,17,101742.986328125
gep29,00,2025-12-25,2026-01-11,gcrew,noaa_gefs,29,RH_percent_mean,17,69.99894523620605
gep29,00,2025-12-25,2026-01-11,gcrew,noaa_gefs,29,Rain_mm_sum,17,7.200000002980232
gep29,00,2025-12-25,2026-01-11,gcrew,noaa_gefs,29,ShortwaveRadiation_Wm2,17,127.25
gep29,00,2025-12-25,2026-01-11,gcrew,noaa_gefs,29,WindSpeed_ms_mean,17,7.6638541985328805
gep29,00,2025-12-25,2026-01-12,gcrew,noaa_gefs,29,AirTemp_C_mean,18,2.171846008300804
gep29,00,2025-12-25,2026-01-12,gcrew,noaa_gefs,29,Pressure_Pa,18,102770.083984375
gep29,00,2025-12-25,2026-01-12,gcrew,noaa_gefs,29,RH_percent_mean,18,69.03396034240723
gep29,00,2025-12-25,2026-01-12,gcrew,noaa_gefs,29,Rain_mm_sum,18,0
gep29,00,2025-12-25,2026-01-12,gcrew,noaa_gefs,29,ShortwaveRadiation_Wm2,18,127.5
gep29,00,2025-12-25,2026-01-12,gcrew,noaa_gefs,29,WindSpeed_ms_mean,18,3.4622293096336105
gep29,00,2025-12-25,2026-01-13,gcrew,noaa_gefs,29,AirTemp_C_mean,19,3.1381164550781477
gep29,00,2025-12-25,2026-01-13,gcrew,noaa_gefs,29,Pressure_Pa,19,102732.630859375
gep29,00,2025-12-25,2026-01-13,gcrew,noaa_gefs,29,RH_percent_mean,19,70.09601783752441
gep29,00,2025-12-25,2026-01-13,gcrew,noaa_gefs,29,Rain_mm_sum,19,0
gep29,00,2025-12-25,2026-01-13,gcrew,noaa_gefs,29,ShortwaveRadiation_Wm2,19,116.5
gep29,00,2025-12-25,2026-01-13,gcrew,noaa_gefs,29,WindSpeed_ms_mean,19,3.4455094842593312
gep29,00,2025-12-25,2026-01-14,gcrew,noaa_gefs,29,AirTemp_C_mean,20,4.095193481445335
gep29,00,2025-12-25,2026-01-14,gcrew,noaa_gefs,29,Pressure_Pa,20,102669.79296875
gep29,00,2025-12-25,2026-01-14,gcrew,noaa_gefs,29,RH_percent_mean,20,83.62176322937012
gep29,00,2025-12-25,2026-01-14,gcrew,noaa_gefs,29,Rain_mm_sum,20,0
gep29,00,2025-12-25,2026-01-14,gcrew,noaa_gefs,29,ShortwaveRadiation_Wm2,20,117.75
gep29,00,2025-12-25,2026-01-14,gcrew,noaa_gefs,29,WindSpeed_ms_mean,20,2.7496518864059034
gep29,00,2025-12-25,2026-01-15,gcrew,noaa_gefs,29,AirTemp_C_mean,21,4.34229431152346
gep29,00,2025-12-25,2026-01-15,gcrew,noaa_gefs,29,Pressure_Pa,21,102705.73828125
gep29,00,2025-12-25,2026-01-15,gcrew,noaa_gefs,29,RH_percent_mean,21,87.58064270019531
gep29,00,2025-12-25,2026-01-15,gcrew,noaa_gefs,29,Rain_mm_sum,21,0.10000000149011612
gep29,00,2025-12-25,2026-01-15,gcrew,noaa_gefs,29,ShortwaveRadiation_Wm2,21,94.5
gep29,00,2025-12-25,2026-01-15,gcrew,noaa_gefs,29,WindSpeed_ms_mean,21,3.556685238735195
gep29,00,2025-12-25,2026-01-16,gcrew,noaa_gefs,29,AirTemp_C_mean,22,12.23005065917971
gep29,00,2025-12-25,2026-01-16,gcrew,noaa_gefs,29,Pressure_Pa,22,100937.822265625
gep29,00,2025-12-25,2026-01-16,gcrew,noaa_gefs,29,RH_percent_mean,22,94.87235832214355
gep29,00,2025-12-25,2026-01-16,gcrew,noaa_gefs,29,Rain_mm_sum,22,22.100001096725464
gep29,00,2025-12-25,2026-01-16,gcrew,noaa_gefs,29,ShortwaveRadiation_Wm2,22,9.75
gep29,00,2025-12-25,2026-01-16,gcrew,noaa_gefs,29,WindSpeed_ms_mean,22,7.712571493864753
gep29,00,2025-12-25,2026-01-17,gcrew,noaa_gefs,29,AirTemp_C_mean,23,8.732659912109398
gep29,00,2025-12-25,2026-01-17,gcrew,noaa_gefs,29,Pressure_Pa,23,101839.7109375
gep29,00,2025-12-25,2026-01-17,gcrew,noaa_gefs,29,RH_percent_mean,23,72.87350654602051
gep29,00,2025-12-25,2026-01-17,gcrew,noaa_gefs,29,Rain_mm_sum,23,0.800000011920929
gep29,00,2025-12-25,2026-01-17,gcrew,noaa_gefs,29,ShortwaveRadiation_Wm2,23,130
gep29,00,2025-12-25,2026-01-17,gcrew,noaa_gefs,29,WindSpeed_ms_mean,23,4.503928313302021
gep29,00,2025-12-25,2026-01-18,gcrew,noaa_gefs,29,AirTemp_C_mean,24,8.240655517578148
gep29,00,2025-12-25,2026-01-18,gcrew,noaa_gefs,29,Pressure_Pa,24,102885.134765625
gep29,00,2025-12-25,2026-01-18,gcrew,noaa_gefs,29,RH_percent_mean,24,67.80245590209961
gep29,00,2025-12-25,2026-01-18,gcrew,noaa_gefs,29,Rain_mm_sum,24,0
gep29,00,2025-12-25,2026-01-18,gcrew,noaa_gefs,29,ShortwaveRadiation_Wm2,24,128.5
gep29,00,2025-12-25,2026-01-18,gcrew,noaa_gefs,29,WindSpeed_ms_mean,24,3.7670321862484957
gep29,00,2025-12-25,2026-01-19,gcrew,noaa_gefs,29,AirTemp_C_mean,25,8.329751586914085
gep29,00,2025-12-25,2026-01-19,gcrew,noaa_gefs,29,Pressure_Pa,25,102533.533203125
gep29,00,2025-12-25,2026-01-19,gcrew,noaa_gefs,29,RH_percent_mean,25,78.15633964538574
gep29,00,2025-12-25,2026-01-19,gcrew,noaa_gefs,29,Rain_mm_sum,25,0
gep29,00,2025-12-25,2026-01-19,gcrew,noaa_gefs,29,ShortwaveRadiation_Wm2,25,60.75
gep29,00,2025-12-25,2026-01-19,gcrew,noaa_gefs,29,WindSpeed_ms_mean,25,5.590911795586785
gep29,00,2025-12-25,2026-01-20,gcrew,noaa_gefs,29,AirTemp_C_mean,26,8.121881103515648
gep29,00,2025-12-25,2026-01-20,gcrew,noaa_gefs,29,Pressure_Pa,26,101917.162109375
gep29,00,2025-12-25,2026-01-20,gcrew,noaa_gefs,29,RH_percent_mean,26,79.7828426361084
gep29,00,2025-12-25,2026-01-20,gcrew,noaa_gefs,29,Rain_mm_sum,26,0.699999988079071
gep29,00,2025-12-25,2026-01-20,gcrew,noaa_gefs,29,ShortwaveRadiation_Wm2,26,35
gep29,00,2025-12-25,2026-01-20,gcrew,noaa_gefs,29,WindSpeed_ms_mean,26,5.416574993003485
gep29,00,2025-12-25,2026-01-21,gcrew,noaa_gefs,29,AirTemp_C_mean,27,1.0910888671875227
gep29,00,2025-12-25,2026-01-21,gcrew,noaa_gefs,29,Pressure_Pa,27,102745.556640625
gep29,00,2025-12-25,2026-01-21,gcrew,noaa_gefs,29,RH_percent_mean,27,69.12549591064453
gep29,00,2025-12-25,2026-01-21,gcrew,noaa_gefs,29,Rain_mm_sum,27,1.2000000029802322
gep29,00,2025-12-25,2026-01-21,gcrew,noaa_gefs,29,ShortwaveRadiation_Wm2,27,28
gep29,00,2025-12-25,2026-01-21,gcrew,noaa_gefs,29,WindSpeed_ms_mean,27,5.47850488358735
gep29,00,2025-12-25,2026-01-22,gcrew,noaa_gefs,29,AirTemp_C_mean,28,5.676553344726585
gep29,00,2025-12-25,2026-01-22,gcrew,noaa_gefs,29,Pressure_Pa,28,100303.91796875
gep29,00,2025-12-25,2026-01-22,gcrew,noaa_gefs,29,RH_percent_mean,28,72.28020286560059
gep29,00,2025-12-25,2026-01-22,gcrew,noaa_gefs,29,Rain_mm_sum,28,11.300000190734863
gep29,00,2025-12-25,2026-01-22,gcrew,noaa_gefs,29,ShortwaveRadiation_Wm2,28,132
gep29,00,2025-12-25,2026-01-22,gcrew,noaa_gefs,29,WindSpeed_ms_mean,28,10.069496986572068
gep29,00,2025-12-25,2026-01-23,gcrew,noaa_gefs,29,AirTemp_C_mean,29,2.7060104370117415
gep29,00,2025-12-25,2026-01-23,gcrew,noaa_gefs,29,Pressure_Pa,29,101102.13671875
gep29,00,2025-12-25,2026-01-23,gcrew,noaa_gefs,29,RH_percent_mean,29,59.599411964416504
gep29,00,2025-12-25,2026-01-23,gcrew,noaa_gefs,29,Rain_mm_sum,29,0
gep29,00,2025-12-25,2026-01-23,gcrew,noaa_gefs,29,ShortwaveRadiation_Wm2,29,137.5
gep29,00,2025-12-25,2026-01-23,gcrew,noaa_gefs,29,WindSpeed_ms_mean,29,5.521899992654974
gep29,00,2025-12-25,2026-01-24,gcrew,noaa_gefs,29,AirTemp_C_mean,30,4.12842712402346
gep29,00,2025-12-25,2026-01-24,gcrew,noaa_gefs,29,Pressure_Pa,30,101227.48828125
gep29,00,2025-12-25,2026-01-24,gcrew,noaa_gefs,29,RH_percent_mean,30,72.47355461120605
gep29,00,2025-12-25,2026-01-24,gcrew,noaa_gefs,29,Rain_mm_sum,30,0
gep29,00,2025-12-25,2026-01-24,gcrew,noaa_gefs,29,ShortwaveRadiation_Wm2,30,127.25
gep29,00,2025-12-25,2026-01-24,gcrew,noaa_gefs,29,WindSpeed_ms_mean,30,5.117748884369503
gep29,00,2025-12-25,2026-01-25,gcrew,noaa_gefs,29,AirTemp_C_mean,31,-0.6562637329101335
gep29,00,2025-12-25,2026-01-25,gcrew,noaa_gefs,29,Pressure_Pa,31,101961.154296875
gep29,00,2025-12-25,2026-01-25,gcrew,noaa_gefs,29,RH_percent_mean,31,57.30247402191162
gep29,00,2025-12-25,2026-01-25,gcrew,noaa_gefs,29,Rain_mm_sum,31,0
gep29,00,2025-12-25,2026-01-25,gcrew,noaa_gefs,29,ShortwaveRadiation_Wm2,31,145.25
gep29,00,2025-12-25,2026-01-25,gcrew,noaa_gefs,29,WindSpeed_ms_mean,31,4.7448173419903386
gep29,00,2025-12-25,2026-01-26,gcrew,noaa_gefs,29,AirTemp_C_mean,32,2.824037170410179
gep29,00,2025-12-25,2026-01-26,gcrew,noaa_gefs,29,Pressure_Pa,32,101941.466796875
gep29,00,2025-12-25,2026-01-26,gcrew,noaa_gefs,29,RH_percent_mean,32,70.92254638671875
gep29,00,2025-12-25,2026-01-26,gcrew,noaa_gefs,29,Rain_mm_sum,32,0
gep29,00,2025-12-25,2026-01-26,gcrew,noaa_gefs,29,ShortwaveRadiation_Wm2,32,138.25
gep29,00,2025-12-25,2026-01-26,gcrew,noaa_gefs,29,WindSpeed_ms_mean,32,3.546680545310956
gep29,00,2025-12-25,2026-01-27,gcrew,noaa_gefs,29,AirTemp_C_mean,33,2.880342102050804
gep29,00,2025-12-25,2026-01-27,gcrew,noaa_gefs,29,Pressure_Pa,33,102457.599609375
gep29,00,2025-12-25,2026-01-27,gcrew,noaa_gefs,29,RH_percent_mean,33,78.3819751739502
gep29,00,2025-12-25,2026-01-27,gcrew,noaa_gefs,29,Rain_mm_sum,33,0
gep29,00,2025-12-25,2026-01-27,gcrew,noaa_gefs,29,ShortwaveRadiation_Wm2,33,142.5
gep29,00,2025-12-25,2026-01-27,gcrew,noaa_gefs,29,WindSpeed_ms_mean,33,3.633655032610908
gep29,00,2025-12-25,2026-01-28,gcrew,noaa_gefs,29,AirTemp_C_mean,34,4.36011657714846
gep29,00,2025-12-25,2026-01-28,gcrew,noaa_gefs,29,Pressure_Pa,34,102016.24609375
gep29,00,2025-12-25,2026-01-28,gcrew,noaa_gefs,29,RH_percent_mean,34,86.29985618591309
gep29,00,2025-12-25,2026-01-28,gcrew,noaa_gefs,29,Rain_mm_sum,34,0.20000000298023224
gep29,00,2025-12-25,2026-01-28,gcrew,noaa_gefs,29,ShortwaveRadiation_Wm2,34,67.25
gep29,00,2025-12-25,2026-01-28,gcrew,noaa_gefs,29,WindSpeed_ms_mean,34,2.304446884715268
gep30,00,2025-12-25,2025-12-26,gcrew,noaa_gefs,30,AirTemp_C_mean,1,1.4191566467285384
gep30,00,2025-12-25,2025-12-26,gcrew,noaa_gefs,30,Pressure_Pa,1,101883.013671875
gep30,00,2025-12-25,2025-12-26,gcrew,noaa_gefs,30,RH_percent_mean,1,59.10939836502075
gep30,00,2025-12-25,2025-12-26,gcrew,noaa_gefs,30,Rain_mm_sum,1,5.929999861866236
gep30,00,2025-12-25,2025-12-26,gcrew,noaa_gefs,30,ShortwaveRadiation_Wm2,1,52.5
gep30,00,2025-12-25,2025-12-26,gcrew,noaa_gefs,30,WindSpeed_ms_mean,1,5.719543666158366
gep30,00,2025-12-25,2025-12-27,gcrew,noaa_gefs,30,AirTemp_C_mean,2,4.553342437744163
gep30,00,2025-12-25,2025-12-27,gcrew,noaa_gefs,30,Pressure_Pa,2,101374.94921875
gep30,00,2025-12-25,2025-12-27,gcrew,noaa_gefs,30,RH_percent_mean,2,78.51494789123535
gep30,00,2025-12-25,2025-12-27,gcrew,noaa_gefs,30,Rain_mm_sum,2,5.500000089406967
gep30,00,2025-12-25,2025-12-27,gcrew,noaa_gefs,30,ShortwaveRadiation_Wm2,2,106.25
gep30,00,2025-12-25,2025-12-27,gcrew,noaa_gefs,30,WindSpeed_ms_mean,2,6.923660931417801
gep30,00,2025-12-25,2025-12-28,gcrew,noaa_gefs,30,AirTemp_C_mean,3,3.017091369628929
gep30,00,2025-12-25,2025-12-28,gcrew,noaa_gefs,30,Pressure_Pa,3,102237.642578125
gep30,00,2025-12-25,2025-12-28,gcrew,noaa_gefs,30,RH_percent_mean,3,72.99352979660034
gep30,00,2025-12-25,2025-12-28,gcrew,noaa_gefs,30,Rain_mm_sum,3,0
gep30,00,2025-12-25,2025-12-28,gcrew,noaa_gefs,30,ShortwaveRadiation_Wm2,3,105
gep30,00,2025-12-25,2025-12-28,gcrew,noaa_gefs,30,WindSpeed_ms_mean,3,2.948875395899818
gep30,00,2025-12-25,2025-12-29,gcrew,noaa_gefs,30,AirTemp_C_mean,4,8.150354003906273
gep30,00,2025-12-25,2025-12-29,gcrew,noaa_gefs,30,Pressure_Pa,4,100520.205078125
gep30,00,2025-12-25,2025-12-29,gcrew,noaa_gefs,30,RH_percent_mean,4,75.22460079193115
gep30,00,2025-12-25,2025-12-29,gcrew,noaa_gefs,30,Rain_mm_sum,4,0.8000000268220901
gep30,00,2025-12-25,2025-12-29,gcrew,noaa_gefs,30,ShortwaveRadiation_Wm2,4,62.5
gep30,00,2025-12-25,2025-12-29,gcrew,noaa_gefs,30,WindSpeed_ms_mean,4,7.362543468483011
gep30,00,2025-12-25,2025-12-30,gcrew,noaa_gefs,30,AirTemp_C_mean,5,0.325959777832054
gep30,00,2025-12-25,2025-12-30,gcrew,noaa_gefs,30,Pressure_Pa,5,100803.0263671875
gep30,00,2025-12-25,2025-12-30,gcrew,noaa_gefs,30,RH_percent_mean,5,53.082125186920166
gep30,00,2025-12-25,2025-12-30,gcrew,noaa_gefs,30,Rain_mm_sum,5,0
gep30,00,2025-12-25,2025-12-30,gcrew,noaa_gefs,30,ShortwaveRadiation_Wm2,5,100.5
gep30,00,2025-12-25,2025-12-30,gcrew,noaa_gefs,30,WindSpeed_ms_mean,5,8.02044107296069
gep30,00,2025-12-25,2025-12-31,gcrew,noaa_gefs,30,AirTemp_C_mean,6,-0.5309776306152116
gep30,00,2025-12-25,2025-12-31,gcrew,noaa_gefs,30,Pressure_Pa,6,101757.0849609375
gep30,00,2025-12-25,2025-12-31,gcrew,noaa_gefs,30,RH_percent_mean,6,49.53283452987671
gep30,00,2025-12-25,2025-12-31,gcrew,noaa_gefs,30,Rain_mm_sum,6,0
gep30,00,2025-12-25,2025-12-31,gcrew,noaa_gefs,30,ShortwaveRadiation_Wm2,6,116.25
gep30,00,2025-12-25,2025-12-31,gcrew,noaa_gefs,30,WindSpeed_ms_mean,6,5.239858882636157
gep30,00,2025-12-25,2026-01-01,gcrew,noaa_gefs,30,AirTemp_C_mean,7,3.5077911376953352
gep30,00,2025-12-25,2026-01-01,gcrew,noaa_gefs,30,Pressure_Pa,7,101793.2197265625
gep30,00,2025-12-25,2026-01-01,gcrew,noaa_gefs,30,RH_percent_mean,7,61.349281787872314
gep30,00,2025-12-25,2026-01-01,gcrew,noaa_gefs,30,Rain_mm_sum,7,0
gep30,00,2025-12-25,2026-01-01,gcrew,noaa_gefs,30,ShortwaveRadiation_Wm2,7,87.5
gep30,00,2025-12-25,2026-01-01,gcrew,noaa_gefs,30,WindSpeed_ms_mean,7,4.304550169616287
gep30,00,2025-12-25,2026-01-02,gcrew,noaa_gefs,30,AirTemp_C_mean,8,5.137780761718773
gep30,00,2025-12-25,2026-01-02,gcrew,noaa_gefs,30,Pressure_Pa,8,101893.263671875
gep30,00,2025-12-25,2026-01-02,gcrew,noaa_gefs,30,RH_percent_mean,8,76.17369937896729
gep30,00,2025-12-25,2026-01-02,gcrew,noaa_gefs,30,Rain_mm_sum,8,0
gep30,00,2025-12-25,2026-01-02,gcrew,noaa_gefs,30,ShortwaveRadiation_Wm2,8,99.375
gep30,00,2025-12-25,2026-01-02,gcrew,noaa_gefs,30,WindSpeed_ms_mean,8,2.9946754157667765
gep30,00,2025-12-25,2026-01-03,gcrew,noaa_gefs,30,AirTemp_C_mean,9,7.461868722098237
gep30,00,2025-12-25,2026-01-03,gcrew,noaa_gefs,30,Pressure_Pa,9,101427.07589285714
gep30,00,2025-12-25,2026-01-03,gcrew,noaa_gefs,30,RH_percent_mean,9,83.19520568847656
gep30,00,2025-12-25,2026-01-03,gcrew,noaa_gefs,30,Rain_mm_sum,9,0.6100000236183405
gep30,00,2025-12-25,2026-01-03,gcrew,noaa_gefs,30,ShortwaveRadiation_Wm2,9,25.714285714285715
gep30,00,2025-12-25,2026-01-03,gcrew,noaa_gefs,30,WindSpeed_ms_mean,9,5.107335579865194
gep30,00,2025-12-25,2026-01-04,gcrew,noaa_gefs,30,AirTemp_C_mean,10,10.889909362792991
gep30,00,2025-12-25,2026-01-04,gcrew,noaa_gefs,30,Pressure_Pa,10,101268.140625
gep30,00,2025-12-25,2026-01-04,gcrew,noaa_gefs,30,RH_percent_mean,10,86.44726371765137
gep30,00,2025-12-25,2026-01-04,gcrew,noaa_gefs,30,Rain_mm_sum,10,0
gep30,00,2025-12-25,2026-01-04,gcrew,noaa_gefs,30,ShortwaveRadiation_Wm2,10,85
gep30,00,2025-12-25,2026-01-04,gcrew,noaa_gefs,30,WindSpeed_ms_mean,10,3.600210788901469
gep30,00,2025-12-25,2026-01-05,gcrew,noaa_gefs,30,AirTemp_C_mean,11,14.514237976074241
gep30,00,2025-12-25,2026-01-05,gcrew,noaa_gefs,30,Pressure_Pa,11,100406.498046875
gep30,00,2025-12-25,2026-01-05,gcrew,noaa_gefs,30,RH_percent_mean,11,85.23000907897949
gep30,00,2025-12-25,2026-01-05,gcrew,noaa_gefs,30,Rain_mm_sum,11,3.7000000178813934
gep30,00,2025-12-25,2026-01-05,gcrew,noaa_gefs,30,ShortwaveRadiation_Wm2,11,42.5
gep30,00,2025-12-25,2026-01-05,gcrew,noaa_gefs,30,WindSpeed_ms_mean,11,5.815003334458832
gep30,00,2025-12-25,2026-01-06,gcrew,noaa_gefs,30,AirTemp_C_mean,12,4.505242919921898
gep30,00,2025-12-25,2026-01-06,gcrew,noaa_gefs,30,Pressure_Pa,12,100507.328125
gep30,00,2025-12-25,2026-01-06,gcrew,noaa_gefs,30,RH_percent_mean,12,62.17771530151367
gep30,00,2025-12-25,2026-01-06,gcrew,noaa_gefs,30,Rain_mm_sum,12,2.100000001490116
gep30,00,2025-12-25,2026-01-06,gcrew,noaa_gefs,30,ShortwaveRadiation_Wm2,12,120
gep30,00,2025-12-25,2026-01-06,gcrew,noaa_gefs,30,WindSpeed_ms_mean,12,7.1292139542536495
gep30,00,2025-12-25,2026-01-07,gcrew,noaa_gefs,30,AirTemp_C_mean,13,3.4188171386718977
gep30,00,2025-12-25,2026-01-07,gcrew,noaa_gefs,30,Pressure_Pa,13,101833.490234375
gep30,00,2025-12-25,2026-01-07,gcrew,noaa_gefs,30,RH_percent_mean,13,53.679908752441406
gep30,00,2025-12-25,2026-01-07,gcrew,noaa_gefs,30,Rain_mm_sum,13,0
gep30,00,2025-12-25,2026-01-07,gcrew,noaa_gefs,30,ShortwaveRadiation_Wm2,13,117.5
gep30,00,2025-12-25,2026-01-07,gcrew,noaa_gefs,30,WindSpeed_ms_mean,13,6.966477756083384
gep30,00,2025-12-25,2026-01-08,gcrew,noaa_gefs,30,AirTemp_C_mean,14,7.357942199707054
gep30,00,2025-12-25,2026-01-08,gcrew,noaa_gefs,30,Pressure_Pa,14,102328.623046875
gep30,00,2025-12-25,2026-01-08,gcrew,noaa_gefs,30,RH_percent_mean,14,55.181633949279785
gep30,00,2025-12-25,2026-01-08,gcrew,noaa_gefs,30,Rain_mm_sum,14,0
gep30,00,2025-12-25,2026-01-08,gcrew,noaa_gefs,30,ShortwaveRadiation_Wm2,14,121.5
gep30,00,2025-12-25,2026-01-08,gcrew,noaa_gefs,30,WindSpeed_ms_mean,14,4.329537463391383
gep30,00,2025-12-25,2026-01-09,gcrew,noaa_gefs,30,AirTemp_C_mean,15,6.292359924316429
gep30,00,2025-12-25,2026-01-09,gcrew,noaa_gefs,30,Pressure_Pa,15,102513.65625
gep30,00,2025-12-25,2026-01-09,gcrew,noaa_gefs,30,RH_percent_mean,15,66.9400224685669
gep30,00,2025-12-25,2026-01-09,gcrew,noaa_gefs,30,Rain_mm_sum,15,0
gep30,00,2025-12-25,2026-01-09,gcrew,noaa_gefs,30,ShortwaveRadiation_Wm2,15,116.5
gep30,00,2025-12-25,2026-01-09,gcrew,noaa_gefs,30,WindSpeed_ms_mean,15,4.169523961397145
gep30,00,2025-12-25,2026-01-10,gcrew,noaa_gefs,30,AirTemp_C_mean,16,8.230760192871116
gep30,00,2025-12-25,2026-01-10,gcrew,noaa_gefs,30,Pressure_Pa,16,100988.9765625
gep30,00,2025-12-25,2026-01-10,gcrew,noaa_gefs,30,RH_percent_mean,16,92.44572067260742
gep30,00,2025-12-25,2026-01-10,gcrew,noaa_gefs,30,Rain_mm_sum,16,47.500000953674316
gep30,00,2025-12-25,2026-01-10,gcrew,noaa_gefs,30,ShortwaveRadiation_Wm2,16,3.5
gep30,00,2025-12-25,2026-01-10,gcrew,noaa_gefs,30,WindSpeed_ms_mean,16,9.299799855644833
gep30,00,2025-12-25,2026-01-11,gcrew,noaa_gefs,30,AirTemp_C_mean,17,0.273957824707054
gep30,00,2025-12-25,2026-01-11,gcrew,noaa_gefs,30,Pressure_Pa,17,101742.986328125
gep30,00,2025-12-25,2026-01-11,gcrew,noaa_gefs,30,RH_percent_mean,17,69.99894523620605
gep30,00,2025-12-25,2026-01-11,gcrew,noaa_gefs,30,Rain_mm_sum,17,7.200000002980232
gep30,00,2025-12-25,2026-01-11,gcrew,noaa_gefs,30,ShortwaveRadiation_Wm2,17,127.25
gep30,00,2025-12-25,2026-01-11,gcrew,noaa_gefs,30,WindSpeed_ms_mean,17,7.6638541985328805
gep30,00,2025-12-25,2026-01-12,gcrew,noaa_gefs,30,AirTemp_C_mean,18,2.171846008300804
gep30,00,2025-12-25,2026-01-12,gcrew,noaa_gefs,30,Pressure_Pa,18,102770.083984375
gep30,00,2025-12-25,2026-01-12,gcrew,noaa_gefs,30,RH_percent_mean,18,69.03396034240723
gep30,00,2025-12-25,2026-01-12,gcrew,noaa_gefs,30,Rain_mm_sum,18,0
gep30,00,2025-12-25,2026-01-12,gcrew,noaa_gefs,30,ShortwaveRadiation_Wm2,18,127.5
gep30,00,2025-12-25,2026-01-12,gcrew,noaa_gefs,30,WindSpeed_ms_mean,18,3.4622293096336105
gep30,00,2025-12-25,2026-01-13,gcrew,noaa_gefs,30,AirTemp_C_mean,19,3.1381164550781477
gep30,00,2025-12-25,2026-01-13,gcrew,noaa_gefs,30,Pressure_Pa,19,102732.630859375
gep30,00,2025-12-25,2026-01-13,gcrew,noaa_gefs,30,RH_percent_mean,19,70.09601783752441
gep30,00,2025-12-25,2026-01-13,gcrew,noaa_gefs,30,Rain_mm_sum,19,0
gep30,00,2025-12-25,2026-01-13,gcrew,noaa_gefs,30,ShortwaveRadiation_Wm2,19,116.5
gep30,00,2025-12-25,2026-01-13,gcrew,noaa_gefs,30,WindSpeed_ms_mean,19,3.4455094842593312
gep30,00,2025-12-25,2026-01-14,gcrew,noaa_gefs,30,AirTemp_C_mean,20,4.095193481445335
gep30,00,2025-12-25,2026-01-14,gcrew,noaa_gefs,30,Pressure_Pa,20,102669.79296875
gep30,00,2025-12-25,2026-01-14,gcrew,noaa_gefs,30,RH_percent_mean,20,83.62176322937012
gep30,00,2025-12-25,2026-01-14,gcrew,noaa_gefs,30,Rain_mm_sum,20,0
gep30,00,2025-12-25,2026-01-14,gcrew,noaa_gefs,30,ShortwaveRadiation_Wm2,20,117.75
gep30,00,2025-12-25,2026-01-14,gcrew,noaa_gefs,30,WindSpeed_ms_mean,20,2.7496518864059034
gep30,00,2025-12-25,2026-01-15,gcrew,noaa_gefs,30,AirTemp_C_mean,21,4.34229431152346
gep30,00,2025-12-25,2026-01-15,gcrew,noaa_gefs,30,Pressure_Pa,21,102705.73828125
gep30,00,2025-12-25,2026-01-15,gcrew,noaa_gefs,30,RH_percent_mean,21,87.58064270019531
gep30,00,2025-12-25,2026-01-15,gcrew,noaa_gefs,30,Rain_mm_sum,21,0.10000000149011612
gep30,00,2025-12-25,2026-01-15,gcrew,noaa_gefs,30,ShortwaveRadiation_Wm2,21,94.5
gep30,00,2025-12-25,2026-01-15,gcrew,noaa_gefs,30,WindSpeed_ms_mean,21,3.556685238735195
gep30,00,2025-12-25,2026-01-16,gcrew,noaa_gefs,30,AirTemp_C_mean,22,12.23005065917971
gep30,00,2025-12-25,2026-01-16,gcrew,noaa_gefs,30,Pressure_Pa,22,100937.822265625
gep30,00,2025-12-25,2026-01-16,gcrew,noaa_gefs,30,RH_percent_mean,22,94.87235832214355
gep30,00,2025-12-25,2026-01-16,gcrew,noaa_gefs,30,Rain_mm_sum,22,22.100001096725464
gep30,00,2025-12-25,2026-01-16,gcrew,noaa_gefs,30,ShortwaveRadiation_Wm2,22,9.75
gep30,00,2025-12-25,2026-01-16,gcrew,noaa_gefs,30,WindSpeed_ms_mean,22,7.712571493864753
gep30,00,2025-12-25,2026-01-17,gcrew,noaa_gefs,30,AirTemp_C_mean,23,8.732659912109398
gep30,00,2025-12-25,2026-01-17,gcrew,noaa_gefs,30,Pressure_Pa,23,101839.7109375
gep30,00,2025-12-25,2026-01-17,gcrew,noaa_gefs,30,RH_percent_mean,23,72.87350654602051
gep30,00,2025-12-25,2026-01-17,gcrew,noaa_gefs,30,Rain_mm_sum,23,0.800000011920929
gep30,00,2025-12-25,2026-01-17,gcrew,noaa_gefs,30,ShortwaveRadiation_Wm2,23,130
gep30,00,2025-12-25,2026-01-17,gcrew,noaa_gefs,30,WindSpeed_ms_mean,23,4.503928313302021
gep30,00,2025-12-25,2026-01-18,gcrew,noaa_gefs,30,AirTemp_C_mean,24,8.240655517578148
gep30,00,2025-12-25,2026-01-18,gcrew,noaa_gefs,30,Pressure_Pa,24,102885.134765625
gep30,00,2025-12-25,2026-01-18,gcrew,noaa_gefs,30,RH_percent_mean,24,67.80245590209961
gep30,00,2025-12-25,2026-01-18,gcrew,noaa_gefs,30,Rain_mm_sum,24,0
gep30,00,2025-12-25,2026-01-18,gcrew,noaa_gefs,30,ShortwaveRadiation_Wm2,24,128.5
gep30,00,2025-12-25,2026-01-18,gcrew,noaa_gefs,30,WindSpeed_ms_mean,24,3.7670321862484957
gep30,00,2025-12-25,2026-01-19,gcrew,noaa_gefs,30,AirTemp_C_mean,25,8.329751586914085
gep30,00,2025-12-25,2026-01-19,gcrew,noaa_gefs,30,Pressure_Pa,25,102533.533203125
gep30,00,2025-12-25,2026-01-19,gcrew,noaa_gefs,30,RH_percent_mean,25,78.15633964538574
gep30,00,2025-12-25,2026-01-19,gcrew,noaa_gefs,30,Rain_mm_sum,25,0
gep30,00,2025-12-25,2026-01-19,gcrew,noaa_gefs,30,ShortwaveRadiation_Wm2,25,60.75
gep30,00,2025-12-25,2026-01-19,gcrew,noaa_gefs,30,WindSpeed_ms_mean,25,5.590911795586785
gep30,00,2025-12-25,2026-01-20,gcrew,noaa_gefs,30,AirTemp_C_mean,26,8.121881103515648
gep30,00,2025-12-25,2026-01-20,gcrew,noaa_gefs,30,Pressure_Pa,26,101917.162109375
gep30,00,2025-12-25,2026-01-20,gcrew,noaa_gefs,30,RH_percent_mean,26,79.7828426361084
gep30,00,2025-12-25,2026-01-20,gcrew,noaa_gefs,30,Rain_mm_sum,26,0.699999988079071
gep30,00,2025-12-25,2026-01-20,gcrew,noaa_gefs,30,ShortwaveRadiation_Wm2,26,35
gep30,00,2025-12-25,2026-01-20,gcrew,noaa_gefs,30,WindSpeed_ms_mean,26,5.416574993003485
gep30,00,2025-12-25,2026-01-21,gcrew,noaa_gefs,30,AirTemp_C_mean,27,1.0910888671875227
gep30,00,2025-12-25,2026-01-21,gcrew,noaa_gefs,30,Pressure_Pa,27,102745.556640625
gep30,00,2025-12-25,2026-01-21,gcrew,noaa_gefs,30,RH_percent_mean,27,69.12549591064453
gep30,00,2025-12-25,2026-01-21,gcrew,noaa_gefs,30,Rain_mm_sum,27,1.2000000029802322
gep30,00,2025-12-25,2026-01-21,gcrew,noaa_gefs,30,ShortwaveRadiation_Wm2,27,28
gep30,00,2025-12-25,2026-01-21,gcrew,noaa_gefs,30,WindSpeed_ms_mean,27,5.47850488358735
gep30,00,2025-12-25,2026-01-22,gcrew,noaa_gefs,30,AirTemp_C_mean,28,5.676553344726585
gep30,00,2025-12-25,2026-01-22,gcrew,noaa_gefs,30,Pressure_Pa,28,100303.91796875
gep30,00,2025-12-25,2026-01-22,gcrew,noaa_gefs,30,RH_percent_mean,28,72.28020286560059
gep30,00,2025-12-25,2026-01-22,gcrew,noaa_gefs,30,Rain_mm_sum,28,11.300000190734863
gep30,00,2025-12-25,2026-01-22,gcrew,noaa_gefs,30,ShortwaveRadiation_Wm2,28,132
gep30,00,2025-12-25,2026-01-22,gcrew,noaa_gefs,30,WindSpeed_ms_mean,28,10.069496986572068
gep30,00,2025-12-25,2026-01-23,gcrew,noaa_gefs,30,AirTemp_C_mean,29,2.7060104370117415
gep30,00,2025-12-25,2026-01-23,gcrew,noaa_gefs,30,Pressure_Pa,29,101102.13671875
gep30,00,2025-12-25,2026-01-23,gcrew,noaa_gefs,30,RH_percent_mean,29,59.599411964416504
gep30,00,2025-12-25,2026-01-23,gcrew,noaa_gefs,30,Rain_mm_sum,29,0
gep30,00,2025-12-25,2026-01-23,gcrew,noaa_gefs,30,ShortwaveRadiation_Wm2,29,137.5
gep30,00,2025-12-25,2026-01-23,gcrew,noaa_gefs,30,WindSpeed_ms_mean,29,5.521899992654974
gep30,00,2025-12-25,2026-01-24,gcrew,noaa_gefs,30,AirTemp_C_mean,30,4.12842712402346
gep30,00,2025-12-25,2026-01-24,gcrew,noaa_gefs,30,Pressure_Pa,30,101227.48828125
gep30,00,2025-12-25,2026-01-24,gcrew,noaa_gefs,30,RH_percent_mean,30,72.47355461120605
gep30,00,2025-12-25,2026-01-24,gcrew,noaa_gefs,30,Rain_mm_sum,30,0
gep30,00,2025-12-25,2026-01-24,gcrew,noaa_gefs,30,ShortwaveRadiation_Wm2,30,127.25
gep30,00,2025-12-25,2026-01-24,gcrew,noaa_gefs,30,WindSpeed_ms_mean,30,5.117748884369503
gep30,00,2025-12-25,2026-01-25,gcrew,noaa_gefs,30,AirTemp_C_mean,31,-0.6562637329101335
gep30,00,2025-12-25,2026-01-25,gcrew,noaa_gefs,30,Pressure_Pa,31,101961.154296875
gep30,00,2025-12-25,2026-01-25,gcrew,noaa_gefs,30,RH_percent_mean,31,57.30247402191162
gep30,00,2025-12-25,2026-01-25,gcrew,noaa_gefs,30,Rain_mm_sum,31,0
gep30,00,2025-12-25,2026-01-25,gcrew,noaa_gefs,30,ShortwaveRadiation_Wm2,31,145.25
gep30,00,2025-12-25,2026-01-25,gcrew,noaa_gefs,30,WindSpeed_ms_mean,31,4.7448173419903386
gep30,00,2025-12-25,2026-01-26,gcrew,noaa_gefs,30,AirTemp_C_mean,32,2.824037170410179
gep30,00,2025-12-25,2026-01-26,gcrew,noaa_gefs,30,Pressure_Pa,32,101941.466796875
gep30,00,2025-12-25,2026-01-26,gcrew,noaa_gefs,30,RH_percent_mean,32,70.92254638671875
gep30,00,2025-12-25,2026-01-26,gcrew,noaa_gefs,30,Rain_mm_sum,32,0
gep30,00,2025-12-25,2026-01-26,gcrew,noaa_gefs,30,ShortwaveRadiation_Wm2,32,138.25
gep30,00,2025-12-25,2026-01-26,gcrew,noaa_gefs,30,WindSpeed_ms_mean,32,3.546680545310956
gep30,00,2025-12-25,2026-01-27,gcrew,noaa_gefs,30,AirTemp_C_mean,33,2.880342102050804
gep30,00,2025-12-25,2026-01-27,gcrew,noaa_gefs,30,Pressure_Pa,33,102457.599609375
gep30,00,2025-12-25,2026-01-27,gcrew,noaa_gefs,30,RH_percent_mean,33,78.3819751739502
gep30,00,2025-12-25,2026-01-27,gcrew,noaa_gefs,30,Rain_mm_sum,33,0
gep30,00,2025-12-25,2026-01-27,gcrew,noaa_gefs,30,ShortwaveRadiation_Wm2,33,142.5
gep30,00,2025-12-25,2026-01-27,gcrew,noaa_gefs,30,WindSpeed_ms_mean,33,3.633655032610908
gep30,00,2025-12-25,2026-01-28,gcrew,noaa_gefs,30,AirTemp_C_mean,34,4.36011657714846
gep30,00,2025-12-25,2026-01-28,gcrew,noaa_gefs,30,Pressure_Pa,34,102016.24609375
gep30,00,2025-12-25,2026-01-28,gcrew,noaa_gefs,30,RH_percent_mean,34,86.29985618591309
gep30,00,2025-12-25,2026-01-28,gcrew,noaa_gefs,30,Rain_mm_sum,34,0.20000000298023224
gep30,00,2025-12-25,2026-01-28,gcrew,noaa_gefs,30,ShortwaveRadiation_Wm2,34,67.25
gep30,00,2025-12-25,2026-01-28,gcrew,noaa_gefs,30,WindSpeed_ms_mean,34,2.304446884715268
