ensemble,cycle,reference_datetime,datetime,site_id,model_id,parameter,variable,horizon,prediction
gec00,00,2026-04-27,2026-04-28,gcrew,noaa_gefs,00,AirTemp_C_mean,1,11.579675292968773
gec00,00,2026-04-27,2026-04-28,gcrew,noaa_gefs,00,Pressure_Pa,1,101858.66796875
gec00,00,2026-04-27,2026-04-28,gcrew,noaa_gefs,00,RH_percent_mean,1,70.0107069015503
gec00,00,2026-04-27,2026-04-28,gcrew,noaa_gefs,00,Rain_mm_sum,1,2.1800000071525574
gec00,00,2026-04-27,2026-04-28,gcrew,noaa_gefs,00,ShortwaveRadiation_Wm2,1,182.375
gec00,00,2026-04-27,2026-04-28,gcrew,noaa_gefs,00,WindSpeed_ms_mean,1,3.144690806609595
gec00,00,2026-04-27,2026-04-29,gcrew,noaa_gefs,00,AirTemp_C_mean,2,13.038072204589866
gec00,00,2026-04-27,2026-04-29,gcrew,noaa_gefs,00,Pressure_Pa,2,100681.7392578125
gec00,00,2026-04-27,2026-04-29,gcrew,noaa_gefs,00,RH_percent_mean,2,79.37301731109619
gec00,00,2026-04-27,2026-04-29,gcrew,noaa_gefs,00,Rain_mm_sum,2,5.650000095367432
gec00,00,2026-04-27,2026-04-29,gcrew,noaa_gefs,00,ShortwaveRadiation_Wm2,2,123.125
gec00,00,2026-04-27,2026-04-29,gcrew,noaa_gefs,00,WindSpeed_ms_mean,2,6.751690838700274
gec00,00,2026-04-27,2026-04-30,gcrew,noaa_gefs,00,AirTemp_C_mean,3,12.374749755859398
gec00,00,2026-04-27,2026-04-30,gcrew,noaa_gefs,00,Pressure_Pa,3,100118.521484375
gec00,00,2026-04-27,2026-04-30,gcrew,noaa_gefs,00,RH_percent_mean,3,68.30331468582153
gec00,00,2026-04-27,2026-04-30,gcrew,noaa_gefs,00,Rain_mm_sum,3,2.200000047683716
gec00,00,2026-04-27,2026-04-30,gcrew,noaa_gefs,00,ShortwaveRadiation_Wm2,3,336.75
gec00,00,2026-04-27,2026-04-30,gcrew,noaa_gefs,00,WindSpeed_ms_mean,3,6.3404068339236375
gec00,00,2026-04-27,2026-05-01,gcrew,noaa_gefs,00,AirTemp_C_mean,4,11.863782501220726
gec00,00,2026-04-27,2026-05-01,gcrew,noaa_gefs,00,Pressure_Pa,4,100457.115234375
gec00,00,2026-04-27,2026-05-01,gcrew,noaa_gefs,00,RH_percent_mean,4,63.77413034439087
gec00,00,2026-04-27,2026-05-01,gcrew,noaa_gefs,00,Rain_mm_sum,4,0.14999999105930328
gec00,00,2026-04-27,2026-05-01,gcrew,noaa_gefs,00,ShortwaveRadiation_Wm2,4,305.75
gec00,00,2026-04-27,2026-05-01,gcrew,noaa_gefs,00,WindSpeed_ms_mean,4,4.420050426615207
gec00,00,2026-04-27,2026-05-02,gcrew,noaa_gefs,00,AirTemp_C_mean,5,9.424409484863304
gec00,00,2026-04-27,2026-05-02,gcrew,noaa_gefs,00,Pressure_Pa,5,100060.8115234375
gec00,00,2026-04-27,2026-05-02,gcrew,noaa_gefs,00,RH_percent_mean,5,85.62604904174805
gec00,00,2026-04-27,2026-05-02,gcrew,noaa_gefs,00,Rain_mm_sum,5,10.500000223517418
gec00,00,2026-04-27,2026-05-02,gcrew,noaa_gefs,00,ShortwaveRadiation_Wm2,5,49.625
gec00,00,2026-04-27,2026-05-02,gcrew,noaa_gefs,00,WindSpeed_ms_mean,5,6.559776809952508
gec00,00,2026-04-27,2026-05-03,gcrew,noaa_gefs,00,AirTemp_C_mean,6,10.825589752197288
gec00,00,2026-04-27,2026-05-03,gcrew,noaa_gefs,00,Pressure_Pa,6,100683.826171875
gec00,00,2026-04-27,2026-05-03,gcrew,noaa_gefs,00,RH_percent_mean,6,70.58711957931519
gec00,00,2026-04-27,2026-05-03,gcrew,noaa_gefs,00,Rain_mm_sum,6,2.5999999791383743
gec00,00,2026-04-27,2026-05-03,gcrew,noaa_gefs,00,ShortwaveRadiation_Wm2,6,228.625
gec00,00,2026-04-27,2026-05-03,gcrew,noaa_gefs,00,WindSpeed_ms_mean,6,6.259846307795703
gec00,00,2026-04-27,2026-05-04,gcrew,noaa_gefs,00,AirTemp_C_mean,7,12.645486450195335
gec00,00,2026-04-27,2026-05-04,gcrew,noaa_gefs,00,Pressure_Pa,7,101078.326171875
gec00,00,2026-04-27,2026-05-04,gcrew,noaa_gefs,00,RH_percent_mean,7,65.15876054763794
gec00,00,2026-04-27,2026-05-04,gcrew,noaa_gefs,00,Rain_mm_sum,7,0
gec00,00,2026-04-27,2026-05-04,gcrew,noaa_gefs,00,ShortwaveRadiation_Wm2,7,330.375
gec00,00,2026-04-27,2026-05-04,gcrew,noaa_gefs,00,WindSpeed_ms_mean,7,4.1287794168947265
gec00,00,2026-04-27,2026-05-05,gcrew,noaa_gefs,00,AirTemp_C_mean,8,13.514123535156273
gec00,00,2026-04-27,2026-05-05,gcrew,noaa_gefs,00,Pressure_Pa,8,100674.3935546875
gec00,00,2026-04-27,2026-05-05,gcrew,noaa_gefs,00,RH_percent_mean,8,77.96095371246338
gec00,00,2026-04-27,2026-05-05,gcrew,noaa_gefs,00,Rain_mm_sum,8,6.429999984800816
gec00,00,2026-04-27,2026-05-05,gcrew,noaa_gefs,00,ShortwaveRadiation_Wm2,8,102.75
gec00,00,2026-04-27,2026-05-05,gcrew,noaa_gefs,00,WindSpeed_ms_mean,8,3.340704722164043
gec00,00,2026-04-27,2026-05-06,gcrew,noaa_gefs,00,AirTemp_C_mean,9,14.66842476981029
gec00,00,2026-04-27,2026-05-06,gcrew,noaa_gefs,00,Pressure_Pa,9,100426.58035714286
gec00,00,2026-04-27,2026-05-06,gcrew,noaa_gefs,00,RH_percent_mean,9,74.78257206508091
gec00,00,2026-04-27,2026-05-06,gcrew,noaa_gefs,00,Rain_mm_sum,9,2.800000049173832
gec00,00,2026-04-27,2026-05-06,gcrew,noaa_gefs,00,ShortwaveRadiation_Wm2,9,226.57142857142858
gec00,00,2026-04-27,2026-05-06,gcrew,noaa_gefs,00,WindSpeed_ms_mean,9,2.962092818850805
gec00,00,2026-04-27,2026-05-07,gcrew,noaa_gefs,00,AirTemp_C_mean,10,13.210267639160179
gec00,00,2026-04-27,2026-05-07,gcrew,noaa_gefs,00,Pressure_Pa,10,100801.388671875
gec00,00,2026-04-27,2026-05-07,gcrew,noaa_gefs,00,RH_percent_mean,10,64.8941125869751
gec00,00,2026-04-27,2026-05-07,gcrew,noaa_gefs,00,Rain_mm_sum,10,0
gec00,00,2026-04-27,2026-05-07,gcrew,noaa_gefs,00,ShortwaveRadiation_Wm2,10,333.25
gec00,00,2026-04-27,2026-05-07,gcrew,noaa_gefs,00,WindSpeed_ms_mean,10,5.7470248717601695
gec00,00,2026-04-27,2026-05-08,gcrew,noaa_gefs,00,AirTemp_C_mean,11,14.233064270019554
gec00,00,2026-04-27,2026-05-08,gcrew,noaa_gefs,00,Pressure_Pa,11,100949.1875
gec00,00,2026-04-27,2026-05-08,gcrew,noaa_gefs,00,RH_percent_mean,11,63.45889949798584
gec00,00,2026-04-27,2026-05-08,gcrew,noaa_gefs,00,Rain_mm_sum,11,0
gec00,00,2026-04-27,2026-05-08,gcrew,noaa_gefs,00,ShortwaveRadiation_Wm2,11,323.25
gec00,00,2026-04-27,2026-05-08,gcrew,noaa_gefs,00,WindSpeed_ms_mean,11,4.1680753706171
gec00,00,2026-04-27,2026-05-09,gcrew,noaa_gefs,00,AirTemp_C_mean,12,16.69899139404299
gec00,00,2026-04-27,2026-05-09,gcrew,noaa_gefs,00,Pressure_Pa,12,99939.416015625
gec00,00,2026-04-27,2026-05-09,gcrew,noaa_gefs,00,RH_percent_mean,12,93.10905075073242
gec00,00,2026-04-27,2026-05-09,gcrew,noaa_gefs,00,Rain_mm_sum,12,19.40000009536743
gec00,00,2026-04-27,2026-05-09,gcrew,noaa_gefs,00,ShortwaveRadiation_Wm2,12,75
gec00,00,2026-04-27,2026-05-09,gcrew,noaa_gefs,00,WindSpeed_ms_mean,12,5.098757673087844
gec00,00,2026-04-27,2026-05-10,gcrew,noaa_gefs,00,AirTemp_C_mean,13,13.901696777343773
gec00,00,2026-04-27,2026-05-10,gcrew,noaa_gefs,00,Pressure_Pa,13,101187.380859375
gec00,00,2026-04-27,2026-05-10,gcrew,noaa_gefs,00,RH_percent_mean,13,62.095730781555176
gec00,00,2026-04-27,2026-05-10,gcrew,noaa_gefs,00,Rain_mm_sum,13,0.10000000149011612
gec00,00,2026-04-27,2026-05-10,gcrew,noaa_gefs,00,ShortwaveRadiation_Wm2,13,344.5
gec00,00,2026-04-27,2026-05-10,gcrew,noaa_gefs,00,WindSpeed_ms_mean,13,4.143133742887205
gec00,00,2026-04-27,2026-05-11,gcrew,noaa_gefs,00,AirTemp_C_mean,14,15.09168395996096
gec00,00,2026-04-27,2026-05-11,gcrew,noaa_gefs,00,Pressure_Pa,14,102241.033203125
gec00,00,2026-04-27,2026-05-11,gcrew,noaa_gefs,00,RH_percent_mean,14,62.015602111816406
gec00,00,2026-04-27,2026-05-11,gcrew,noaa_gefs,00,Rain_mm_sum,14,0
gec00,00,2026-04-27,2026-05-11,gcrew,noaa_gefs,00,ShortwaveRadiation_Wm2,14,339.75
gec00,00,2026-04-27,2026-05-11,gcrew,noaa_gefs,00,WindSpeed_ms_mean,14,4.706386471173322
gec00,00,2026-04-27,2026-05-12,gcrew,noaa_gefs,00,AirTemp_C_mean,15,17.251084899902366
gec00,00,2026-04-27,2026-05-12,gcrew,noaa_gefs,00,Pressure_Pa,15,102263.9921875
gec00,00,2026-04-27,2026-05-12,gcrew,noaa_gefs,00,RH_percent_mean,15,75.52095794677734
gec00,00,2026-04-27,2026-05-12,gcrew,noaa_gefs,00,Rain_mm_sum,15,0
gec00,00,2026-04-27,2026-05-12,gcrew,noaa_gefs,00,ShortwaveRadiation_Wm2,15,336
gec00,00,2026-04-27,2026-05-12,gcrew,noaa_gefs,00,WindSpeed_ms_mean,15,7.010430330005118
gec00,00,2026-04-27,2026-05-13,gcrew,noaa_gefs,00,AirTemp_C_mean,16,19.49273834228518
gec00,00,2026-04-27,2026-05-13,gcrew,noaa_gefs,00,Pressure_Pa,16,101710.423828125
gec00,00,2026-04-27,2026-05-13,gcrew,noaa_gefs,00,RH_percent_mean,16,90.239959716796875
gec00,00,2026-04-27,2026-05-13,gcrew,noaa_gefs,00,Rain_mm_sum,16,2.800000049173832
gec00,00,2026-04-27,2026-05-13,gcrew,noaa_gefs,00,ShortwaveRadiation_Wm2,16,215.75
gec00,00,2026-04-27,2026-05-13,gcrew,noaa_gefs,00,WindSpeed_ms_mean,16,6.026004144410448
gec00,00,2026-04-27,2026-05-14,gcrew,noaa_gefs,00,AirTemp_C_mean,17,18.513650512695335
gec00,00,2026-04-27,2026-05-14,gcrew,noaa_gefs,00,Pressure_Pa,17,101608.88671875
gec00,00,2026-04-27,2026-05-14,gcrew,noaa_gefs,00,RH_percent_mean,17,86.30577850341797
gec00,00,2026-04-27,2026-05-14,gcrew,noaa_gefs,00,Rain_mm_sum,17,12.900000095367432
gec00,00,2026-04-27,2026-05-14,gcrew,noaa_gefs,00,ShortwaveRadiation_Wm2,17,185.75
gec00,00,2026-04-27,2026-05-14,gcrew,noaa_gefs,00,WindSpeed_ms_mean,17,4.270036840520563
gec00,00,2026-04-27,2026-05-15,gcrew,noaa_gefs,00,AirTemp_C_mean,18,15.910485839843773
gec00,00,2026-04-27,2026-05-15,gcrew,noaa_gefs,00,Pressure_Pa,18,102181.615234375
gec00,00,2026-04-27,2026-05-15,gcrew,noaa_gefs,00,RH_percent_mean,18,76.19487285614014
gec00,00,2026-04-27,2026-05-15,gcrew,noaa_gefs,00,Rain_mm_sum,18,0
gec00,00,2026-04-27,2026-05-15,gcrew,noaa_gefs,00,ShortwaveRadiation_Wm2,18,343.5
gec00,00,2026-04-27,2026-05-15,gcrew,noaa_gefs,00,WindSpeed_ms_mean,18,3.9490240974844317
gec00,00,2026-04-27,2026-05-16,gcrew,noaa_gefs,00,AirTemp_C_mean,19,20.577661132812523
gec00,00,2026-04-27,2026-05-16,gcrew,noaa_gefs,00,Pressure_Pa,19,101713.755859375
gec00,00,2026-04-27,2026-05-16,gcrew,noaa_gefs,00,RH_percent_mean,19,80.4810848236084
gec00,00,2026-04-27,2026-05-16,gcrew,noaa_gefs,00,Rain_mm_sum,19,1.1000000014901161
gec00,00,2026-04-27,2026-05-16,gcrew,noaa_gefs,00,ShortwaveRadiation_Wm2,19,322.75
gec00,00,2026-04-27,2026-05-16,gcrew,noaa_gefs,00,WindSpeed_ms_mean,19,4.781925626210346
gec00,00,2026-04-27,2026-05-17,gcrew,noaa_gefs,00,AirTemp_C_mean,20,22.937905883789085
gec00,00,2026-04-27,2026-05-17,gcrew,noaa_gefs,00,Pressure_Pa,20,101673.8359375
gec00,00,2026-04-27,2026-05-17,gcrew,noaa_gefs,00,RH_percent_mean,20,77.38579750061035
gec00,00,2026-04-27,2026-05-17,gcrew,noaa_gefs,00,Rain_mm_sum,20,4.300000049173832
gec00,00,2026-04-27,2026-05-17,gcrew,noaa_gefs,00,ShortwaveRadiation_Wm2,20,295.25
gec00,00,2026-04-27,2026-05-17,gcrew,noaa_gefs,00,WindSpeed_ms_mean,20,3.0308602990974056
gec00,00,2026-04-27,2026-05-18,gcrew,noaa_gefs,00,AirTemp_C_mean,21,24.01905212402346
gec00,00,2026-04-27,2026-05-18,gcrew,noaa_gefs,00,Pressure_Pa,21,101460.267578125
gec00,00,2026-04-27,2026-05-18,gcrew,noaa_gefs,00,RH_percent_mean,21,76.18959331512451
gec00,00,2026-04-27,2026-05-18,gcrew,noaa_gefs,00,Rain_mm_sum,21,16.80000078678131
gec00,00,2026-04-27,2026-05-18,gcrew,noaa_gefs,00,ShortwaveRadiation_Wm2,21,296
gec00,00,2026-04-27,2026-05-18,gcrew,noaa_gefs,00,WindSpeed_ms_mean,21,3.073193730264629
gec00,00,2026-04-27,2026-05-19,gcrew,noaa_gefs,00,AirTemp_C_mean,22,25.510980224609398
gec00,00,2026-04-27,2026-05-19,gcrew,noaa_gefs,00,Pressure_Pa,22,100955.107421875
gec00,00,2026-04-27,2026-05-19,gcrew,noaa_gefs,00,RH_percent_mean,22,70.90894889831543
gec00,00,2026-04-27,2026-05-19,gcrew,noaa_gefs,00,Rain_mm_sum,22,1.600000038743019
gec00,00,2026-04-27,2026-05-19,gcrew,noaa_gefs,00,ShortwaveRadiation_Wm2,22,224
gec00,00,2026-04-27,2026-05-19,gcrew,noaa_gefs,00,WindSpeed_ms_mean,22,2.4858541001805587
gec00,00,2026-04-27,2026-05-20,gcrew,noaa_gefs,00,AirTemp_C_mean,23,21.864289855957054
gec00,00,2026-04-27,2026-05-20,gcrew,noaa_gefs,00,Pressure_Pa,23,101018.095703125
gec00,00,2026-04-27,2026-05-20,gcrew,noaa_gefs,00,RH_percent_mean,23,67.23811626434326
gec00,00,2026-04-27,2026-05-20,gcrew,noaa_gefs,00,Rain_mm_sum,23,0.30000001192092896
gec00,00,2026-04-27,2026-05-20,gcrew,noaa_gefs,00,ShortwaveRadiation_Wm2,23,327.25
gec00,00,2026-04-27,2026-05-20,gcrew,noaa_gefs,00,WindSpeed_ms_mean,23,4.555111160571268
gec00,00,2026-04-27,2026-05-21,gcrew,noaa_gefs,00,AirTemp_C_mean,24,19.262673950195335
gec00,00,2026-04-27,2026-05-21,gcrew,noaa_gefs,00,Pressure_Pa,24,101705.2734375
gec00,00,2026-04-27,2026-05-21,gcrew,noaa_gefs,00,RH_percent_mean,24,62.426734924316406
gec00,00,2026-04-27,2026-05-21,gcrew,noaa_gefs,00,Rain_mm_sum,24,0
gec00,00,2026-04-27,2026-05-21,gcrew,noaa_gefs,00,ShortwaveRadiation_Wm2,24,345.75
gec00,00,2026-04-27,2026-05-21,gcrew,noaa_gefs,00,WindSpeed_ms_mean,24,2.407734619792761
gec00,00,2026-04-27,2026-05-22,gcrew,noaa_gefs,00,AirTemp_C_mean,25,19.581025695800804
gec00,00,2026-04-27,2026-05-22,gcrew,noaa_gefs,00,Pressure_Pa,25,101598.32421875
gec00,00,2026-04-27,2026-05-22,gcrew,noaa_gefs,00,RH_percent_mean,25,67.51792812347412
gec00,00,2026-04-27,2026-05-22,gcrew,noaa_gefs,00,Rain_mm_sum,25,0
gec00,00,2026-04-27,2026-05-22,gcrew,noaa_gefs,00,ShortwaveRadiation_Wm2,25,339.25
gec00,00,2026-04-27,2026-05-22,gcrew,noaa_gefs,00,WindSpeed_ms_mean,25,4.837275644483171
gec00,00,2026-04-27,2026-05-23,gcrew,noaa_gefs,00,AirTemp_C_mean,26,19.05195007324221
gec00,00,2026-04-27,2026-05-23,gcrew,noaa_gefs,00,Pressure_Pa,26,101465.875
gec00,00,2026-04-27,2026-05-23,gcrew,noaa_gefs,00,RH_percent_mean,26,65.91939640045166
gec00,00,2026-04-27,2026-05-23,gcrew,noaa_gefs,00,Rain_mm_sum,26,0
gec00,00,2026-04-27,2026-05-23,gcrew,noaa_gefs,00,ShortwaveRadiation_Wm2,26,342.25
gec00,00,2026-04-27,2026-05-23,gcrew,noaa_gefs,00,WindSpeed_ms_mean,26,3.9395944856956513
gec00,00,2026-04-27,2026-05-24,gcrew,noaa_gefs,00,AirTemp_C_mean,27,19.98945007324221
gec00,00,2026-04-27,2026-05-24,gcrew,noaa_gefs,00,Pressure_Pa,27,101342.990234375
gec00,00,2026-04-27,2026-05-24,gcrew,noaa_gefs,00,RH_percent_mean,27,67.63784408569336
gec00,00,2026-04-27,2026-05-24,gcrew,noaa_gefs,00,Rain_mm_sum,27,0
gec00,00,2026-04-27,2026-05-24,gcrew,noaa_gefs,00,ShortwaveRadiation_Wm2,27,291.25
gec00,00,2026-04-27,2026-05-24,gcrew,noaa_gefs,00,WindSpeed_ms_mean,27,1.8987633133925008
gec00,00,2026-04-27,2026-05-25,gcrew,noaa_gefs,00,AirTemp_C_mean,28,20.29615173339846
gec00,00,2026-04-27,2026-05-25,gcrew,noaa_gefs,00,Pressure_Pa,28,100799.01953125
gec00,00,2026-04-27,2026-05-25,gcrew,noaa_gefs,00,RH_percent_mean,28,68.97553539276123
gec00,00,2026-04-27,2026-05-25,gcrew,noaa_gefs,00,Rain_mm_sum,28,0
gec00,00,2026-04-27,2026-05-25,gcrew,noaa_gefs,00,ShortwaveRadiation_Wm2,28,309.75
gec00,00,2026-04-27,2026-05-25,gcrew,noaa_gefs,00,WindSpeed_ms_mean,28,3.282312133189652
gec00,00,2026-04-27,2026-05-26,gcrew,noaa_gefs,00,AirTemp_C_mean,29,23.21851501464846
gec00,00,2026-04-27,2026-05-26,gcrew,noaa_gefs,00,Pressure_Pa,29,100695.197265625
gec00,00,2026-04-27,2026-05-26,gcrew,noaa_gefs,00,RH_percent_mean,29,82.25054931640625
gec00,00,2026-04-27,2026-05-26,gcrew,noaa_gefs,00,Rain_mm_sum,29,4.899999916553497
gec00,00,2026-04-27,2026-05-26,gcrew,noaa_gefs,00,ShortwaveRadiation_Wm2,29,325.5
gec00,00,2026-04-27,2026-05-26,gcrew,noaa_gefs,00,WindSpeed_ms_mean,29,3.3496704517798257
gec00,00,2026-04-27,2026-05-27,gcrew,noaa_gefs,00,AirTemp_C_mean,30,21.77124176025393
gec00,00,2026-04-27,2026-05-27,gcrew,noaa_gefs,00,Pressure_Pa,30,101327.005859375
gec00,00,2026-04-27,2026-05-27,gcrew,noaa_gefs,00,RH_percent_mean,30,82.51387405395508
gec00,00,2026-04-27,2026-05-27,gcrew,noaa_gefs,00,Rain_mm_sum,30,0
gec00,00,2026-04-27,2026-05-27,gcrew,noaa_gefs,00,ShortwaveRadiation_Wm2,30,325.75
gec00,00,2026-04-27,2026-05-27,gcrew,noaa_gefs,00,WindSpeed_ms_mean,30,4.527820202533626
gec00,00,2026-04-27,2026-05-28,gcrew,noaa_gefs,00,AirTemp_C_mean,31,24.39227447509768
gec00,00,2026-04-27,2026-05-28,gcrew,noaa_gefs,00,Pressure_Pa,31,101159.59375
gec00,00,2026-04-27,2026-05-28,gcrew,noaa_gefs,00,RH_percent_mean,31,79.66389560699463
gec00,00,2026-04-27,2026-05-28,gcrew,noaa_gefs,00,Rain_mm_sum,31,2.9999999552965164
gec00,00,2026-04-27,2026-05-28,gcrew,noaa_gefs,00,ShortwaveRadiation_Wm2,31,332.5
gec00,00,2026-04-27,2026-05-28,gcrew,noaa_gefs,00,WindSpeed_ms_mean,31,3.941846018368561
gec00,00,2026-04-27,2026-05-29,gcrew,noaa_gefs,00,AirTemp_C_mean,32,23.499902343750023
gec00,00,2026-04-27,2026-05-29,gcrew,noaa_gefs,00,Pressure_Pa,32,101534.01171875
gec00,00,2026-04-27,2026-05-29,gcrew,noaa_gefs,00,RH_percent_mean,32,81.16684532165527
gec00,00,2026-04-27,2026-05-29,gcrew,noaa_gefs,00,Rain_mm_sum,32,3.3000000715255737
gec00,00,2026-04-27,2026-05-29,gcrew,noaa_gefs,00,ShortwaveRadiation_Wm2,32,322.75
gec00,00,2026-04-27,2026-05-29,gcrew,noaa_gefs,00,WindSpeed_ms_mean,32,3.215779983650272
gec00,00,2026-04-27,2026-05-30,gcrew,noaa_gefs,00,AirTemp_C_mean,33,25.719346618652366
gec00,00,2026-04-27,2026-05-30,gcrew,noaa_gefs,00,Pressure_Pa,33,101169.580078125
gec00,00,2026-04-27,2026-05-30,gcrew,noaa_gefs,00,RH_percent_mean,33,69.18948173522949
gec00,00,2026-04-27,2026-05-30,gcrew,noaa_gefs,00,Rain_mm_sum,33,5.900000095367432
gec00,00,2026-04-27,2026-05-30,gcrew,noaa_gefs,00,ShortwaveRadiation_Wm2,33,328
gec00,00,2026-04-27,2026-05-30,gcrew,noaa_gefs,00,WindSpeed_ms_mean,33,5.024491839967965
gec00,00,2026-04-27,2026-05-31,gcrew,noaa_gefs,00,AirTemp_C_mean,34,19.59900054931643
gec00,00,2026-04-27,2026-05-31,gcrew,noaa_gefs,00,Pressure_Pa,34,101853.44140625
gec00,00,2026-04-27,2026-05-31,gcrew,noaa_gefs,00,RH_percent_mean,34,62.48447799682617
gec00,00,2026-04-27,2026-05-31,gcrew,noaa_gefs,00,Rain_mm_sum,34,0
gec00,00,2026-04-27,2026-05-31,gcrew,noaa_gefs,00,ShortwaveRadiation_Wm2,34,360.25
gec00,00,2026-04-27,2026-05-31,gcrew,noaa_gefs,00,WindSpeed_ms_mean,34,4.692275223673417
gep01,00,2026-04-27,2026-04-28,gcrew,noaa_gefs,01,AirTemp_C_mean,1,11.579675292968773
gep01,00,2026-04-27,2026-04-28,gcrew,noaa_gefs,01,Pressure_Pa,1,101858.66796875
gep01,00,2026-04-27,2026-04-28,gcrew,noaa_gefs,01,RH_percent_mean,1,70.0107069015503
gep01,00,2026-04-27,2026-04-28,gcrew,noaa_gefs,01,Rain_mm_sum,1,2.1800000071525574
gep01,00,2026-04-27,2026-04-28,gcrew,noaa_gefs,01,ShortwaveRadiation_Wm2,1,182.375
gep01,00,2026-04-27,2026-04-28,gcrew,noaa_gefs,01,WindSpeed_ms_mean,1,3.144690806609595
gep01,00,2026-04-27,2026-04-29,gcrew,noaa_gefs,01,AirTemp_C_mean,2,13.038072204589866
gep01,00,2026-04-27,2026-04-29,gcrew,noaa_gefs,01,Pressure_Pa,2,100681.7392578125
gep01,00,2026-04-27,2026-04-29,gcrew,noaa_gefs,01,RH_percent_mean,2,79.37301731109619
gep01,00,2026-04-27,2026-04-29,gcrew,noaa_gefs,01,Rain_mm_sum,2,5.650000095367432
gep01,00,2026-04-27,2026-04-29,gcrew,noaa_gefs,01,ShortwaveRadiation_Wm2,2,123.125
gep01,00,2026-04-27,2026-04-29,gcrew,noaa_gefs,01,WindSpeed_ms_mean,2,6.751690838700274
gep01,00,2026-04-27,2026-04-30,gcrew,noaa_gefs,01,AirTemp_C_mean,3,12.374749755859398
gep01,00,2026-04-27,2026-04-30,gcrew,noaa_gefs,01,Pressure_Pa,3,100118.521484375
gep01,00,2026-04-27,2026-04-30,gcrew,noaa_gefs,01,RH_percent_mean,3,68.30331468582153
gep01,00,2026-04-27,2026-04-30,gcrew,noaa_gefs,01,Rain_mm_sum,3,2.200000047683716
gep01,00,2026-04-27,2026-04-30,gcrew,noaa_gefs,01,ShortwaveRadiation_Wm2,3,336.75
gep01,00,2026-04-27,2026-04-30,gcrew,noaa_gefs,01,WindSpeed_ms_mean,3,6.3404068339236375
gep01,00,2026-04-27,2026-05-01,gcrew,noaa_gefs,01,AirTemp_C_mean,4,11.863782501220726
gep01,00,2026-04-27,2026-05-01,gcrew,noaa_gefs,01,Pressure_Pa,4,100457.115234375
gep01,00,2026-04-27,2026-05-01,gcrew,noaa_gefs,01,RH_percent_mean,4,63.77413034439087
gep01,00,2026-04-27,2026-05-01,gcrew,noaa_gefs,01,Rain_mm_sum,4,0.14999999105930328
gep01,00,2026-04-27,2026-05-01,gcrew,noaa_gefs,01,ShortwaveRadiation_Wm2,4,305.75
gep01,00,2026-04-27,2026-05-01,gcrew,noaa_gefs,01,WindSpeed_ms_mean,4,4.420050426615207
gep01,00,2026-04-27,2026-05-02,gcrew,noaa_gefs,01,AirTemp_C_mean,5,9.424409484863304
gep01,00,2026-04-27,2026-05-02,gcrew,noaa_gefs,01,Pressure_Pa,5,100060.8115234375
gep01,00,2026-04-27,2026-05-02,gcrew,noaa_gefs,01,RH_percent_mean,5,85.62604904174805
gep01,00,2026-04-27,2026-05-02,gcrew,noaa_gefs,01,Rain_mm_sum,5,10.500000223517418
gep01,00,2026-04-27,2026-05-02,gcrew,noaa_gefs,01,ShortwaveRadiation_Wm2,5,49.625
gep01,00,2026-04-27,2026-05-02,gcrew,noaa_gefs,01,WindSpeed_ms_mean,5,6.559776809952508
gep01,00,2026-04-27,2026-05-03,gcrew,noaa_gefs,01,AirTemp_C_mean,6,10.825589752197288
gep01,00,2026-04-27,2026-05-03,gcrew,noaa_gefs,01,Pressure_Pa,6,100683.826171875
gep01,00,2026-04-27,2026-05-03,gcrew,noaa_gefs,01,RH_percent_mean,6,70.58711957931519
gep01,00,2026-04-27,2026-05-03,gcrew,noaa_gefs,01,Rain_mm_sum,6,2.5999999791383743
gep01,00,2026-04-27,2026-05-03,gcrew,noaa_gefs,01,ShortwaveRadiation_Wm2,6,228.625
gep01,00,2026-04-27,2026-05-03,gcrew,noaa_gefs,01,WindSpeed_ms_mean,6,6.259846307795703
gep01,00,2026-04-27,2026-05-04,gcrew,noaa_gefs,01,AirTemp_C_mean,7,12.645486450195335
gep01,00,2026-04-27,2026-05-04,gcrew,noaa_gefs,01,Pressure_Pa,7,101078.326171875
gep01,00,2026-04-27,2026-05-04,gcrew,noaa_gefs,01,RH_percent_mean,7,65.15876054763794
gep01,00,2026-04-27,2026-05-04,gcrew,noaa_gefs,01,Rain_mm_sum,7,0
gep01,00,2026-04-27,2026-05-04,gcrew,noaa_gefs,01,ShortwaveRadiation_Wm2,7,330.375
gep01,00,2026-04-27,2026-05-04,gcrew,noaa_gefs,01,WindSpeed_ms_mean,7,4.1287794168947265
gep01,00,2026-04-27,2026-05-05,gcrew,noaa_gefs,01,AirTemp_C_mean,8,13.514123535156273
gep01,00,2026-04-27,2026-05-05,gcrew,noaa_gefs,01,Pressure_Pa,8,100674.3935546875
gep01,00,2026-04-27,2026-05-05,gcrew,noaa_gefs,01,RH_percent_mean,8,77.96095371246338
gep01,00,2026-04-27,2026-05-05,gcrew,noaa_gefs,01,Rain_mm_sum,8,6.429999984800816
gep01,00,2026-04-27,2026-05-05,gcrew,noaa_gefs,01,ShortwaveRadiation_Wm2,8,102.75
gep01,00,2026-04-27,2026-05-05,gcrew,noaa_gefs,01,WindSpeed_ms_mean,8,3.340704722164043
gep01,00,2026-04-27,2026-05-06,gcrew,noaa_gefs,01,AirTemp_C_mean,9,14.66842476981029
gep01,00,2026-04-27,2026-05-06,gcrew,noaa_gefs,01,Pressure_Pa,9,100426.58035714286
gep01,00,2026-04-27,2026-05-06,gcrew,noaa_gefs,01,RH_percent_mean,9,74.78257206508091
gep01,00,2026-04-27,2026-05-06,gcrew,noaa_gefs,01,Rain_mm_sum,9,2.800000049173832
gep01,00,2026-04-27,2026-05-06,gcrew,noaa_gefs,01,ShortwaveRadiation_Wm2,9,226.57142857142858
gep01,00,2026-04-27,2026-05-06,gcrew,noaa_gefs,01,WindSpeed_ms_mean,9,2.962092818850805
gep01,00,2026-04-27,2026-05-07,gcrew,noaa_gefs,01,AirTemp_C_mean,10,13.210267639160179
gep01,00,2026-04-27,2026-05-07,gcrew,noaa_gefs,01,Pressure_Pa,10,100801.388671875
gep01,00,2026-04-27,2026-05-07,gcrew,noaa_gefs,01,RH_percent_mean,10,64.8941125869751
gep01,00,2026-04-27,2026-05-07,gcrew,noaa_gefs,01,Rain_mm_sum,10,0
gep01,00,2026-04-27,2026-05-07,gcrew,noaa_gefs,01,ShortwaveRadiation_Wm2,10,333.25
gep01,00,2026-04-27,2026-05-07,gcrew,noaa_gefs,01,WindSpeed_ms_mean,10,5.7470248717601695
gep01,00,2026-04-27,2026-05-08,gcrew,noaa_gefs,01,AirTemp_C_mean,11,14.233064270019554
gep01,00,2026-04-27,2026-05-08,gcrew,noaa_gefs,01,Pressure_Pa,11,100949.1875
gep01,00,2026-04-27,2026-05-08,gcrew,noaa_gefs,01,RH_percent_mean,11,63.45889949798584
gep01,00,2026-04-27,2026-05-08,gcrew,noaa_gefs,01,Rain_mm_sum,11,0
gep01,00,2026-04-27,2026-05-08,gcrew,noaa_gefs,01,ShortwaveRadiation_Wm2,11,323.25
gep01,00,2026-04-27,2026-05-08,gcrew,noaa_gefs,01,WindSpeed_ms_mean,11,4.1680753706171
gep01,00,2026-04-27,2026-05-09,gcrew,noaa_gefs,01,AirTemp_C_mean,12,16.69899139404299
gep01,00,2026-04-27,2026-05-09,gcrew,noaa_gefs,01,Pressure_Pa,12,99939.416015625
gep01,00,2026-04-27,2026-05-09,gcrew,noaa_gefs,01,RH_percent_mean,12,93.10905075073242
gep01,00,2026-04-27,2026-05-09,gcrew,noaa_gefs,01,Rain_mm_sum,12,19.40000009536743
gep01,00,2026-04-27,2026-05-09,gcrew,noaa_gefs,01,ShortwaveRadiation_Wm2,12,75
gep01,00,2026-04-27,2026-05-09,gcrew,noaa_gefs,01,WindSpeed_ms_mean,12,5.098757673087844
gep01,00,2026-04-27,2026-05-10,gcrew,noaa_gefs,01,AirTemp_C_mean,13,13.901696777343773
gep01,00,2026-04-27,2026-05-10,gcrew,noaa_gefs,01,Pressure_Pa,13,101187.380859375
gep01,00,2026-04-27,2026-05-10,gcrew,noaa_gefs,01,RH_percent_mean,13,62.095730781555176
gep01,00,2026-04-27,2026-05-10,gcrew,noaa_gefs,01,Rain_mm_sum,13,0.10000000149011612
gep01,00,2026-04-27,2026-05-10,gcrew,noaa_gefs,01,ShortwaveRadiation_Wm2,13,344.5
gep01,00,2026-04-27,2026-05-10,gcrew,noaa_gefs,01,WindSpeed_ms_mean,13,4.143133742887205
gep01,00,2026-04-27,2026-05-11,gcrew,noaa_gefs,01,AirTemp_C_mean,14,15.09168395996096
gep01,00,2026-04-27,2026-05-11,gcrew,noaa_gefs,01,Pressure_Pa,14,102241.033203125
gep01,00,2026-04-27,2026-05-11,gcrew,noaa_gefs,01,RH_percent_mean,14,62.015602111816406
gep01,00,2026-04-27,2026-05-11,gcrew,noaa_gefs,01,Rain_mm_sum,14,0
gep01,00,2026-04-27,2026-05-11,gcrew,noaa_gefs,01,ShortwaveRadiation_Wm2,14,339.75
gep01,00,2026-04-27,2026-05-11,gcrew,noaa_gefs,01,WindSpeed_ms_mean,14,4.706386471173322
gep01,00,2026-04-27,2026-05-12,gcrew,noaa_gefs,01,AirTemp_C_mean,15,17.251084899902366
gep01,00,2026-04-27,2026-05-12,gcrew,noaa_gefs,01,Pressure_Pa,15,102263.9921875
gep01,00,2026-04-27,2026-05-12,gcrew,noaa_gefs,01,RH_percent_mean,15,75.52095794677734
gep01,00,2026-04-27,2026-05-12,gcrew,noaa_gefs,01,Rain_mm_sum,15,0
gep01,00,2026-04-27,2026-05-12,gcrew,noaa_gefs,01,ShortwaveRadiation_Wm2,15,336
gep01,00,2026-04-27,2026-05-12,gcrew,noaa_gefs,01,WindSpeed_ms_mean,15,7.010430330005118
gep01,00,2026-04-27,2026-05-13,gcrew,noaa_gefs,01,AirTemp_C_mean,16,19.49273834228518
gep01,00,2026-04-27,2026-05-13,gcrew,noaa_gefs,01,Pressure_Pa,16,101710.423828125
gep01,00,2026-04-27,2026-05-13,gcrew,noaa_gefs,01,RH_percent_mean,16,90.239959716796875
gep01,00,2026-04-27,2026-05-13,gcrew,noaa_gefs,01,Rain_mm_sum,16,2.800000049173832
gep01,00,2026-04-27,2026-05-13,gcrew,noaa_gefs,01,ShortwaveRadiation_Wm2,16,215.75
gep01,00,2026-04-27,2026-05-13,gcrew,noaa_gefs,01,WindSpeed_ms_mean,16,6.026004144410448
gep01,00,2026-04-27,2026-05-14,gcrew,noaa_gefs,01,AirTemp_C_mean,17,18.513650512695335
gep01,00,2026-04-27,2026-05-14,gcrew,noaa_gefs,01,Pressure_Pa,17,101608.88671875
gep01,00,2026-04-27,2026-05-14,gcrew,noaa_gefs,01,RH_percent_mean,17,86.30577850341797
gep01,00,2026-04-27,2026-05-14,gcrew,noaa_gefs,01,Rain_mm_sum,17,12.900000095367432
gep01,00,2026-04-27,2026-05-14,gcrew,noaa_gefs,01,ShortwaveRadiation_Wm2,17,185.75
gep01,00,2026-04-27,2026-05-14,gcrew,noaa_gefs,01,WindSpeed_ms_mean,17,4.270036840520563
gep01,00,2026-04-27,2026-05-15,gcrew,noaa_gefs,01,AirTemp_C_mean,18,15.910485839843773
gep01,00,2026-04-27,2026-05-15,gcrew,noaa_gefs,01,Pressure_Pa,18,102181.615234375
gep01,00,2026-04-27,2026-05-15,gcrew,noaa_gefs,01,RH_percent_mean,18,76.19487285614014
gep01,00,2026-04-27,2026-05-15,gcrew,noaa_gefs,01,Rain_mm_sum,18,0
gep01,00,2026-04-27,2026-05-15,gcrew,noaa_gefs,01,ShortwaveRadiation_Wm2,18,343.5
gep01,00,2026-04-27,2026-05-15,gcrew,noaa_gefs,01,WindSpeed_ms_mean,18,3.9490240974844317
gep01,00,2026-04-27,2026-05-16,gcrew,noaa_gefs,01,AirTemp_C_mean,19,20.577661132812523
gep01,00,2026-04-27,2026-05-16,gcrew,noaa_gefs,01,Pressure_Pa,19,101713.755859375
gep01,00,2026-04-27,2026-05-16,gcrew,noaa_gefs,01,RH_percent_mean,19,80.4810848236084
gep01,00,2026-04-27,2026-05-16,gcrew,noaa_gefs,01,Rain_mm_sum,19,1.1000000014901161
gep01,00,2026-04-27,2026-05-16,gcrew,noaa_gefs,01,ShortwaveRadiation_Wm2,19,322.75
gep01,00,2026-04-27,2026-05-16,gcrew,noaa_gefs,01,WindSpeed_ms_mean,19,4.781925626210346
gep01,00,2026-04-27,2026-05-17,gcrew,noaa_gefs,01,AirTemp_C_mean,20,22.937905883789085
gep01,00,2026-04-27,2026-05-17,gcrew,noaa_gefs,01,Pressure_Pa,20,101673.8359375
gep01,00,2026-04-27,2026-05-17,gcrew,noaa_gefs,01,RH_percent_mean,20,77.38579750061035
gep01,00,2026-04-27,2026-05-17,gcrew,noaa_gefs,01,Rain_mm_sum,20,4.300000049173832
gep01,00,2026-04-27,2026-05-17,gcrew,noaa_gefs,01,ShortwaveRadiation_Wm2,20,295.25
gep01,00,2026-04-27,2026-05-17,gcrew,noaa_gefs,01,WindSpeed_ms_mean,20,3.0308602990974056
gep01,00,2026-04-27,2026-05-18,gcrew,noaa_gefs,01,AirTemp_C_mean,21,24.01905212402346
gep01,00,2026-04-27,2026-05-18,gcrew,noaa_gefs,01,Pressure_Pa,21,101460.267578125
gep01,00,2026-04-27,2026-05-18,gcrew,noaa_gefs,01,RH_percent_mean,21,76.18959331512451
gep01,00,2026-04-27,2026-05-18,gcrew,noaa_gefs,01,Rain_mm_sum,21,16.80000078678131
gep01,00,2026-04-27,2026-05-18,gcrew,noaa_gefs,01,ShortwaveRadiation_Wm2,21,296
gep01,00,2026-04-27,2026-05-18,gcrew,noaa_gefs,01,WindSpeed_ms_mean,21,3.073193730264629
gep01,00,2026-04-27,2026-05-19,gcrew,noaa_gefs,01,AirTemp_C_mean,22,25.510980224609398
gep01,00,2026-04-27,2026-05-19,gcrew,noaa_gefs,01,Pressure_Pa,22,100955.107421875
gep01,00,2026-04-27,2026-05-19,gcrew,noaa_gefs,01,RH_percent_mean,22,70.90894889831543
gep01,00,2026-04-27,2026-05-19,gcrew,noaa_gefs,01,Rain_mm_sum,22,1.600000038743019
gep01,00,2026-04-27,2026-05-19,gcrew,noaa_gefs,01,ShortwaveRadiation_Wm2,22,224
gep01,00,2026-04-27,2026-05-19,gcrew,noaa_gefs,01,WindSpeed_ms_mean,22,2.4858541001805587
gep01,00,2026-04-27,2026-05-20,gcrew,noaa_gefs,01,AirTemp_C_mean,23,21.864289855957054
gep01,00,2026-04-27,2026-05-20,gcrew,noaa_gefs,01,Pressure_Pa,23,101018.095703125
gep01,00,2026-04-27,2026-05-20,gcrew,noaa_gefs,01,RH_percent_mean,23,67.23811626434326
gep01,00,2026-04-27,2026-05-20,gcrew,noaa_gefs,01,Rain_mm_sum,23,0.30000001192092896
gep01,00,2026-04-27,2026-05-20,gcrew,noaa_gefs,01,ShortwaveRadiation_Wm2,23,327.25
gep01,00,2026-04-27,2026-05-20,gcrew,noaa_gefs,01,WindSpeed_ms_mean,23,4.555111160571268
gep01,00,2026-04-27,2026-05-21,gcrew,noaa_gefs,01,AirTemp_C_mean,24,19.262673950195335
gep01,00,2026-04-27,2026-05-21,gcrew,noaa_gefs,01,Pressure_Pa,24,101705.2734375
gep01,00,2026-04-27,2026-05-21,gcrew,noaa_gefs,01,RH_percent_mean,24,62.426734924316406
gep01,00,2026-04-27,2026-05-21,gcrew,noaa_gefs,01,Rain_mm_sum,24,0
gep01,00,2026-04-27,2026-05-21,gcrew,noaa_gefs,01,ShortwaveRadiation_Wm2,24,345.75
gep01,00,2026-04-27,2026-05-21,gcrew,noaa_gefs,01,WindSpeed_ms_mean,24,2.407734619792761
gep01,00,2026-04-27,2026-05-22,gcrew,noaa_gefs,01,AirTemp_C_mean,25,19.581025695800804
gep01,00,2026-04-27,2026-05-22,gcrew,noaa_gefs,01,Pressure_Pa,25,101598.32421875
gep01,00,2026-04-27,2026-05-22,gcrew,noaa_gefs,01,RH_percent_mean,25,67.51792812347412
gep01,00,2026-04-27,2026-05-22,gcrew,noaa_gefs,01,Rain_mm_sum,25,0
gep01,00,2026-04-27,2026-05-22,gcrew,noaa_gefs,01,ShortwaveRadiation_Wm2,25,339.25
gep01,00,2026-04-27,2026-05-22,gcrew,noaa_gefs,01,WindSpeed_ms_mean,25,4.837275644483171
gep01,00,2026-04-27,2026-05-23,gcrew,noaa_gefs,01,AirTemp_C_mean,26,19.05195007324221
gep01,00,2026-04-27,2026-05-23,gcrew,noaa_gefs,01,Pressure_Pa,26,101465.875
gep01,00,2026-04-27,2026-05-23,gcrew,noaa_gefs,01,RH_percent_mean,26,65.91939640045166
gep01,00,2026-04-27,2026-05-23,gcrew,noaa_gefs,01,Rain_mm_sum,26,0
gep01,00,2026-04-27,2026-05-23,gcrew,noaa_gefs,01,ShortwaveRadiation_Wm2,26,342.25
gep01,00,2026-04-27,2026-05-23,gcrew,noaa_gefs,01,WindSpeed_ms_mean,26,3.9395944856956513
gep01,00,2026-04-27,2026-05-24,gcrew,noaa_gefs,01,AirTemp_C_mean,27,19.98945007324221
gep01,00,2026-04-27,2026-05-24,gcrew,noaa_gefs,01,Pressure_Pa,27,101342.990234375
gep01,00,2026-04-27,2026-05-24,gcrew,noaa_gefs,01,RH_percent_mean,27,67.63784408569336
gep01,00,2026-04-27,2026-05-24,gcrew,noaa_gefs,01,Rain_mm_sum,27,0
gep01,00,2026-04-27,2026-05-24,gcrew,noaa_gefs,01,ShortwaveRadiation_Wm2,27,291.25
gep01,00,2026-04-27,2026-05-24,gcrew,noaa_gefs,01,WindSpeed_ms_mean,27,1.8987633133925008
gep01,00,2026-04-27,2026-05-25,gcrew,noaa_gefs,01,AirTemp_C_mean,28,20.29615173339846
gep01,00,2026-04-27,2026-05-25,gcrew,noaa_gefs,01,Pressure_Pa,28,100799.01953125
gep01,00,2026-04-27,2026-05-25,gcrew,noaa_gefs,01,RH_percent_mean,28,68.97553539276123
gep01,00,2026-04-27,2026-05-25,gcrew,noaa_gefs,01,Rain_mm_sum,28,0
gep01,00,2026-04-27,2026-05-25,gcrew,noaa_gefs,01,ShortwaveRadiation_Wm2,28,309.75
gep01,00,2026-04-27,2026-05-25,gcrew,noaa_gefs,01,WindSpeed_ms_mean,28,3.282312133189652
gep01,00,2026-04-27,2026-05-26,gcrew,noaa_gefs,01,AirTemp_C_mean,29,23.21851501464846
gep01,00,2026-04-27,2026-05-26,gcrew,noaa_gefs,01,Pressure_Pa,29,100695.197265625
gep01,00,2026-04-27,2026-05-26,gcrew,noaa_gefs,01,RH_percent_mean,29,82.25054931640625
gep01,00,2026-04-27,2026-05-26,gcrew,noaa_gefs,01,Rain_mm_sum,29,4.899999916553497
gep01,00,2026-04-27,2026-05-26,gcrew,noaa_gefs,01,ShortwaveRadiation_Wm2,29,325.5
gep01,00,2026-04-27,2026-05-26,gcrew,noaa_gefs,01,WindSpeed_ms_mean,29,3.3496704517798257
gep01,00,2026-04-27,2026-05-27,gcrew,noaa_gefs,01,AirTemp_C_mean,30,21.77124176025393
gep01,00,2026-04-27,2026-05-27,gcrew,noaa_gefs,01,Pressure_Pa,30,101327.005859375
gep01,00,2026-04-27,2026-05-27,gcrew,noaa_gefs,01,RH_percent_mean,30,82.51387405395508
gep01,00,2026-04-27,2026-05-27,gcrew,noaa_gefs,01,Rain_mm_sum,30,0
gep01,00,2026-04-27,2026-05-27,gcrew,noaa_gefs,01,ShortwaveRadiation_Wm2,30,325.75
gep01,00,2026-04-27,2026-05-27,gcrew,noaa_gefs,01,WindSpeed_ms_mean,30,4.527820202533626
gep01,00,2026-04-27,2026-05-28,gcrew,noaa_gefs,01,AirTemp_C_mean,31,24.39227447509768
gep01,00,2026-04-27,2026-05-28,gcrew,noaa_gefs,01,Pressure_Pa,31,101159.59375
gep01,00,2026-04-27,2026-05-28,gcrew,noaa_gefs,01,RH_percent_mean,31,79.66389560699463
gep01,00,2026-04-27,2026-05-28,gcrew,noaa_gefs,01,Rain_mm_sum,31,2.9999999552965164
gep01,00,2026-04-27,2026-05-28,gcrew,noaa_gefs,01,ShortwaveRadiation_Wm2,31,332.5
gep01,00,2026-04-27,2026-05-28,gcrew,noaa_gefs,01,WindSpeed_ms_mean,31,3.941846018368561
gep01,00,2026-04-27,2026-05-29,gcrew,noaa_gefs,01,AirTemp_C_mean,32,23.499902343750023
gep01,00,2026-04-27,2026-05-29,gcrew,noaa_gefs,01,Pressure_Pa,32,101534.01171875
gep01,00,2026-04-27,2026-05-29,gcrew,noaa_gefs,01,RH_percent_mean,32,81.16684532165527
gep01,00,2026-04-27,2026-05-29,gcrew,noaa_gefs,01,Rain_mm_sum,32,3.3000000715255737
gep01,00,2026-04-27,2026-05-29,gcrew,noaa_gefs,01,ShortwaveRadiation_Wm2,32,322.75
gep01,00,2026-04-27,2026-05-29,gcrew,noaa_gefs,01,WindSpeed_ms_mean,32,3.215779983650272
gep01,00,2026-04-27,2026-05-30,gcrew,noaa_gefs,01,AirTemp_C_mean,33,25.719346618652366
gep01,00,2026-04-27,2026-05-30,gcrew,noaa_gefs,01,Pressure_Pa,33,101169.580078125
gep01,00,2026-04-27,2026-05-30,gcrew,noaa_gefs,01,RH_percent_mean,33,69.18948173522949
gep01,00,2026-04-27,2026-05-30,gcrew,noaa_gefs,01,Rain_mm_sum,33,5.900000095367432
gep01,00,2026-04-27,2026-05-30,gcrew,noaa_gefs,01,ShortwaveRadiation_Wm2,33,328
gep01,00,2026-04-27,2026-05-30,gcrew,noaa_gefs,01,WindSpeed_ms_mean,33,5.024491839967965
gep01,00,2026-04-27,2026-05-31,gcrew,noaa_gefs,01,AirTemp_C_mean,34,19.59900054931643
gep01,00,2026-04-27,2026-05-31,gcrew,noaa_gefs,01,Pressure_Pa,34,101853.44140625
gep01,00,2026-04-27,2026-05-31,gcrew,noaa_gefs,01,RH_percent_mean,34,62.48447799682617
gep01,00,2026-04-27,2026-05-31,gcrew,noaa_gefs,01,Rain_mm_sum,34,0
gep01,00,2026-04-27,2026-05-31,gcrew,noaa_gefs,01,ShortwaveRadiation_Wm2,34,360.25
gep01,00,2026-04-27,2026-05-31,gcrew,noaa_gefs,01,WindSpeed_ms_mean,34,4.692275223673417
gep02,00,2026-04-27,2026-04-28,gcrew,noaa_gefs,02,AirTemp_C_mean,1,11.579675292968773
gep02,00,2026-04-27,2026-04-28,gcrew,noaa_gefs,02,Pressure_Pa,1,101858.66796875
gep02,00,2026-04-27,2026-04-28,gcrew,noaa_gefs,02,RH_percent_mean,1,70.0107069015503
gep02,00,2026-04-27,2026-04-28,gcrew,noaa_gefs,02,Rain_mm_sum,1,2.1800000071525574
gep02,00,2026-04-27,2026-04-28,gcrew,noaa_gefs,02,ShortwaveRadiation_Wm2,1,182.375
gep02,00,2026-04-27,2026-04-28,gcrew,noaa_gefs,02,WindSpeed_ms_mean,1,3.144690806609595
gep02,00,2026-04-27,2026-04-29,gcrew,noaa_gefs,02,AirTemp_C_mean,2,13.038072204589866
gep02,00,2026-04-27,2026-04-29,gcrew,noaa_gefs,02,Pressure_Pa,2,100681.7392578125
gep02,00,2026-04-27,2026-04-29,gcrew,noaa_gefs,02,RH_percent_mean,2,79.37301731109619
gep02,00,2026-04-27,2026-04-29,gcrew,noaa_gefs,02,Rain_mm_sum,2,5.650000095367432
gep02,00,2026-04-27,2026-04-29,gcrew,noaa_gefs,02,ShortwaveRadiation_Wm2,2,123.125
gep02,00,2026-04-27,2026-04-29,gcrew,noaa_gefs,02,WindSpeed_ms_mean,2,6.751690838700274
gep02,00,2026-04-27,2026-04-30,gcrew,noaa_gefs,02,AirTemp_C_mean,3,12.374749755859398
gep02,00,2026-04-27,2026-04-30,gcrew,noaa_gefs,02,Pressure_Pa,3,100118.521484375
gep02,00,2026-04-27,2026-04-30,gcrew,noaa_gefs,02,RH_percent_mean,3,68.30331468582153
gep02,00,2026-04-27,2026-04-30,gcrew,noaa_gefs,02,Rain_mm_sum,3,2.200000047683716
gep02,00,2026-04-27,2026-04-30,gcrew,noaa_gefs,02,ShortwaveRadiation_Wm2,3,336.75
gep02,00,2026-04-27,2026-04-30,gcrew,noaa_gefs,02,WindSpeed_ms_mean,3,6.3404068339236375
gep02,00,2026-04-27,2026-05-01,gcrew,noaa_gefs,02,AirTemp_C_mean,4,11.863782501220726
gep02,00,2026-04-27,2026-05-01,gcrew,noaa_gefs,02,Pressure_Pa,4,100457.115234375
gep02,00,2026-04-27,2026-05-01,gcrew,noaa_gefs,02,RH_percent_mean,4,63.77413034439087
gep02,00,2026-04-27,2026-05-01,gcrew,noaa_gefs,02,Rain_mm_sum,4,0.14999999105930328
gep02,00,2026-04-27,2026-05-01,gcrew,noaa_gefs,02,ShortwaveRadiation_Wm2,4,305.75
gep02,00,2026-04-27,2026-05-01,gcrew,noaa_gefs,02,WindSpeed_ms_mean,4,4.420050426615207
gep02,00,2026-04-27,2026-05-02,gcrew,noaa_gefs,02,AirTemp_C_mean,5,9.424409484863304
gep02,00,2026-04-27,2026-05-02,gcrew,noaa_gefs,02,Pressure_Pa,5,100060.8115234375
gep02,00,2026-04-27,2026-05-02,gcrew,noaa_gefs,02,RH_percent_mean,5,85.62604904174805
gep02,00,2026-04-27,2026-05-02,gcrew,noaa_gefs,02,Rain_mm_sum,5,10.500000223517418
gep02,00,2026-04-27,2026-05-02,gcrew,noaa_gefs,02,ShortwaveRadiation_Wm2,5,49.625
gep02,00,2026-04-27,2026-05-02,gcrew,noaa_gefs,02,WindSpeed_ms_mean,5,6.559776809952508
gep02,00,2026-04-27,2026-05-03,gcrew,noaa_gefs,02,AirTemp_C_mean,6,10.825589752197288
gep02,00,2026-04-27,2026-05-03,gcrew,noaa_gefs,02,Pressure_Pa,6,100683.826171875
gep02,00,2026-04-27,2026-05-03,gcrew,noaa_gefs,02,RH_percent_mean,6,70.58711957931519
gep02,00,2026-04-27,2026-05-03,gcrew,noaa_gefs,02,Rain_mm_sum,6,2.5999999791383743
gep02,00,2026-04-27,2026-05-03,gcrew,noaa_gefs,02,ShortwaveRadiation_Wm2,6,228.625
gep02,00,2026-04-27,2026-05-03,gcrew,noaa_gefs,02,WindSpeed_ms_mean,6,6.259846307795703
gep02,00,2026-04-27,2026-05-04,gcrew,noaa_gefs,02,AirTemp_C_mean,7,12.645486450195335
gep02,00,2026-04-27,2026-05-04,gcrew,noaa_gefs,02,Pressure_Pa,7,101078.326171875
gep02,00,2026-04-27,2026-05-04,gcrew,noaa_gefs,02,RH_percent_mean,7,65.15876054763794
gep02,00,2026-04-27,2026-05-04,gcrew,noaa_gefs,02,Rain_mm_sum,7,0
gep02,00,2026-04-27,2026-05-04,gcrew,noaa_gefs,02,ShortwaveRadiation_Wm2,7,330.375
gep02,00,2026-04-27,2026-05-04,gcrew,noaa_gefs,02,WindSpeed_ms_mean,7,4.1287794168947265
gep02,00,2026-04-27,2026-05-05,gcrew,noaa_gefs,02,AirTemp_C_mean,8,13.514123535156273
gep02,00,2026-04-27,2026-05-05,gcrew,noaa_gefs,02,Pressure_Pa,8,100674.3935546875
gep02,00,2026-04-27,2026-05-05,gcrew,noaa_gefs,02,RH_percent_mean,8,77.96095371246338
gep02,00,2026-04-27,2026-05-05,gcrew,noaa_gefs,02,Rain_mm_sum,8,6.429999984800816
gep02,00,2026-04-27,2026-05-05,gcrew,noaa_gefs,02,ShortwaveRadiation_Wm2,8,102.75
gep02,00,2026-04-27,2026-05-05,gcrew,noaa_gefs,02,WindSpeed_ms_mean,8,3.340704722164043
gep02,00,2026-04-27,2026-05-06,gcrew,noaa_gefs,02,AirTemp_C_mean,9,14.66842476981029
gep02,00,2026-04-27,2026-05-06,gcrew,noaa_gefs,02,Pressure_Pa,9,100426.58035714286
gep02,00,2026-04-27,2026-05-06,gcrew,noaa_gefs,02,RH_percent_mean,9,74.78257206508091
gep02,00,2026-04-27,2026-05-06,gcrew,noaa_gefs,02,Rain_mm_sum,9,2.800000049173832
gep02,00,2026-04-27,2026-05-06,gcrew,noaa_gefs,02,ShortwaveRadiation_Wm2,9,226.57142857142858
gep02,00,2026-04-27,2026-05-06,gcrew,noaa_gefs,02,WindSpeed_ms_mean,9,2.962092818850805
gep02,00,2026-04-27,2026-05-07,gcrew,noaa_gefs,02,AirTemp_C_mean,10,13.210267639160179
gep02,00,2026-04-27,2026-05-07,gcrew,noaa_gefs,02,Pressure_Pa,10,100801.388671875
gep02,00,2026-04-27,2026-05-07,gcrew,noaa_gefs,02,RH_percent_mean,10,64.8941125869751
gep02,00,2026-04-27,2026-05-07,gcrew,noaa_gefs,02,Rain_mm_sum,10,0
gep02,00,2026-04-27,2026-05-07,gcrew,noaa_gefs,02,ShortwaveRadiation_Wm2,10,333.25
gep02,00,2026-04-27,2026-05-07,gcrew,noaa_gefs,02,WindSpeed_ms_mean,10,5.7470248717601695
gep02,00,2026-04-27,2026-05-08,gcrew,noaa_gefs,02,AirTemp_C_mean,11,14.233064270019554
gep02,00,2026-04-27,2026-05-08,gcrew,noaa_gefs,02,Pressure_Pa,11,100949.1875
gep02,00,2026-04-27,2026-05-08,gcrew,noaa_gefs,02,RH_percent_mean,11,63.45889949798584
gep02,00,2026-04-27,2026-05-08,gcrew,noaa_gefs,02,Rain_mm_sum,11,0
gep02,00,2026-04-27,2026-05-08,gcrew,noaa_gefs,02,ShortwaveRadiation_Wm2,11,323.25
gep02,00,2026-04-27,2026-05-08,gcrew,noaa_gefs,02,WindSpeed_ms_mean,11,4.1680753706171
gep02,00,2026-04-27,2026-05-09,gcrew,noaa_gefs,02,AirTemp_C_mean,12,16.69899139404299
gep02,00,2026-04-27,2026-05-09,gcrew,noaa_gefs,02,Pressure_Pa,12,99939.416015625
gep02,00,2026-04-27,2026-05-09,gcrew,noaa_gefs,02,RH_percent_mean,12,93.10905075073242
gep02,00,2026-04-27,2026-05-09,gcrew,noaa_gefs,02,Rain_mm_sum,12,19.40000009536743
gep02,00,2026-04-27,2026-05-09,gcrew,noaa_gefs,02,ShortwaveRadiation_Wm2,12,75
gep02,00,2026-04-27,2026-05-09,gcrew,noaa_gefs,02,WindSpeed_ms_mean,12,5.098757673087844
gep02,00,2026-04-27,2026-05-10,gcrew,noaa_gefs,02,AirTemp_C_mean,13,13.901696777343773
gep02,00,2026-04-27,2026-05-10,gcrew,noaa_gefs,02,Pressure_Pa,13,101187.380859375
gep02,00,2026-04-27,2026-05-10,gcrew,noaa_gefs,02,RH_percent_mean,13,62.095730781555176
gep02,00,2026-04-27,2026-05-10,gcrew,noaa_gefs,02,Rain_mm_sum,13,0.10000000149011612
gep02,00,2026-04-27,2026-05-10,gcrew,noaa_gefs,02,ShortwaveRadiation_Wm2,13,344.5
gep02,00,2026-04-27,2026-05-10,gcrew,noaa_gefs,02,WindSpeed_ms_mean,13,4.143133742887205
gep02,00,2026-04-27,2026-05-11,gcrew,noaa_gefs,02,AirTemp_C_mean,14,15.09168395996096
gep02,00,2026-04-27,2026-05-11,gcrew,noaa_gefs,02,Pressure_Pa,14,102241.033203125
gep02,00,2026-04-27,2026-05-11,gcrew,noaa_gefs,02,RH_percent_mean,14,62.015602111816406
gep02,00,2026-04-27,2026-05-11,gcrew,noaa_gefs,02,Rain_mm_sum,14,0
gep02,00,2026-04-27,2026-05-11,gcrew,noaa_gefs,02,ShortwaveRadiation_Wm2,14,339.75
gep02,00,2026-04-27,2026-05-11,gcrew,noaa_gefs,02,WindSpeed_ms_mean,14,4.706386471173322
gep02,00,2026-04-27,2026-05-12,gcrew,noaa_gefs,02,AirTemp_C_mean,15,17.251084899902366
gep02,00,2026-04-27,2026-05-12,gcrew,noaa_gefs,02,Pressure_Pa,15,102263.9921875
gep02,00,2026-04-27,2026-05-12,gcrew,noaa_gefs,02,RH_percent_mean,15,75.52095794677734
gep02,00,2026-04-27,2026-05-12,gcrew,noaa_gefs,02,Rain_mm_sum,15,0
gep02,00,2026-04-27,2026-05-12,gcrew,noaa_gefs,02,ShortwaveRadiation_Wm2,15,336
gep02,00,2026-04-27,2026-05-12,gcrew,noaa_gefs,02,WindSpeed_ms_mean,15,7.010430330005118
gep02,00,2026-04-27,2026-05-13,gcrew,noaa_gefs,02,AirTemp_C_mean,16,19.49273834228518
gep02,00,2026-04-27,2026-05-13,gcrew,noaa_gefs,02,Pressure_Pa,16,101710.423828125
gep02,00,2026-04-27,2026-05-13,gcrew,noaa_gefs,02,RH_percent_mean,16,90.239959716796875
gep02,00,2026-04-27,2026-05-13,gcrew,noaa_gefs,02,Rain_mm_sum,16,2.800000049173832
gep02,00,2026-04-27,2026-05-13,gcrew,noaa_gefs,02,ShortwaveRadiation_Wm2,16,215.75
gep02,00,2026-04-27,2026-05-13,gcrew,noaa_gefs,02,WindSpeed_ms_mean,16,6.026004144410448
gep02,00,2026-04-27,2026-05-14,gcrew,noaa_gefs,02,AirTemp_C_mean,17,18.513650512695335
gep02,00,2026-04-27,2026-05-14,gcrew,noaa_gefs,02,Pressure_Pa,17,101608.88671875
gep02,00,2026-04-27,2026-05-14,gcrew,noaa_gefs,02,RH_percent_mean,17,86.30577850341797
gep02,00,2026-04-27,2026-05-14,gcrew,noaa_gefs,02,Rain_mm_sum,17,12.900000095367432
gep02,00,2026-04-27,2026-05-14,gcrew,noaa_gefs,02,ShortwaveRadiation_Wm2,17,185.75
gep02,00,2026-04-27,2026-05-14,gcrew,noaa_gefs,02,WindSpeed_ms_mean,17,4.270036840520563
gep02,00,2026-04-27,2026-05-15,gcrew,noaa_gefs,02,AirTemp_C_mean,18,15.910485839843773
gep02,00,2026-04-27,2026-05-15,gcrew,noaa_gefs,02,Pressure_Pa,18,102181.615234375
gep02,00,2026-04-27,2026-05-15,gcrew,noaa_gefs,02,RH_percent_mean,18,76.19487285614014
gep02,00,2026-04-27,2026-05-15,gcrew,noaa_gefs,02,Rain_mm_sum,18,0
gep02,00,2026-04-27,2026-05-15,gcrew,noaa_gefs,02,ShortwaveRadiation_Wm2,18,343.5
gep02,00,2026-04-27,2026-05-15,gcrew,noaa_gefs,02,WindSpeed_ms_mean,18,3.9490240974844317
gep02,00,2026-04-27,2026-05-16,gcrew,noaa_gefs,02,AirTemp_C_mean,19,20.577661132812523
gep02,00,2026-04-27,2026-05-16,gcrew,noaa_gefs,02,Pressure_Pa,19,101713.755859375
gep02,00,2026-04-27,2026-05-16,gcrew,noaa_gefs,02,RH_percent_mean,19,80.4810848236084
gep02,00,2026-04-27,2026-05-16,gcrew,noaa_gefs,02,Rain_mm_sum,19,1.1000000014901161
gep02,00,2026-04-27,2026-05-16,gcrew,noaa_gefs,02,ShortwaveRadiation_Wm2,19,322.75
gep02,00,2026-04-27,2026-05-16,gcrew,noaa_gefs,02,WindSpeed_ms_mean,19,4.781925626210346
gep02,00,2026-04-27,2026-05-17,gcrew,noaa_gefs,02,AirTemp_C_mean,20,22.937905883789085
gep02,00,2026-04-27,2026-05-17,gcrew,noaa_gefs,02,Pressure_Pa,20,101673.8359375
gep02,00,2026-04-27,2026-05-17,gcrew,noaa_gefs,02,RH_percent_mean,20,77.38579750061035
gep02,00,2026-04-27,2026-05-17,gcrew,noaa_gefs,02,Rain_mm_sum,20,4.300000049173832
gep02,00,2026-04-27,2026-05-17,gcrew,noaa_gefs,02,ShortwaveRadiation_Wm2,20,295.25
gep02,00,2026-04-27,2026-05-17,gcrew,noaa_gefs,02,WindSpeed_ms_mean,20,3.0308602990974056
gep02,00,2026-04-27,2026-05-18,gcrew,noaa_gefs,02,AirTemp_C_mean,21,24.01905212402346
gep02,00,2026-04-27,2026-05-18,gcrew,noaa_gefs,02,Pressure_Pa,21,101460.267578125
gep02,00,2026-04-27,2026-05-18,gcrew,noaa_gefs,02,RH_percent_mean,21,76.18959331512451
gep02,00,2026-04-27,2026-05-18,gcrew,noaa_gefs,02,Rain_mm_sum,21,16.80000078678131
gep02,00,2026-04-27,2026-05-18,gcrew,noaa_gefs,02,ShortwaveRadiation_Wm2,21,296
gep02,00,2026-04-27,2026-05-18,gcrew,noaa_gefs,02,WindSpeed_ms_mean,21,3.073193730264629
gep02,00,2026-04-27,2026-05-19,gcrew,noaa_gefs,02,AirTemp_C_mean,22,25.510980224609398
gep02,00,2026-04-27,2026-05-19,gcrew,noaa_gefs,02,Pressure_Pa,22,100955.107421875
gep02,00,2026-04-27,2026-05-19,gcrew,noaa_gefs,02,RH_percent_mean,22,70.90894889831543
gep02,00,2026-04-27,2026-05-19,gcrew,noaa_gefs,02,Rain_mm_sum,22,1.600000038743019
gep02,00,2026-04-27,2026-05-19,gcrew,noaa_gefs,02,ShortwaveRadiation_Wm2,22,224
gep02,00,2026-04-27,2026-05-19,gcrew,noaa_gefs,02,WindSpeed_ms_mean,22,2.4858541001805587
gep02,00,2026-04-27,2026-05-20,gcrew,noaa_gefs,02,AirTemp_C_mean,23,21.864289855957054
gep02,00,2026-04-27,2026-05-20,gcrew,noaa_gefs,02,Pressure_Pa,23,101018.095703125
gep02,00,2026-04-27,2026-05-20,gcrew,noaa_gefs,02,RH_percent_mean,23,67.23811626434326
gep02,00,2026-04-27,2026-05-20,gcrew,noaa_gefs,02,Rain_mm_sum,23,0.30000001192092896
gep02,00,2026-04-27,2026-05-20,gcrew,noaa_gefs,02,ShortwaveRadiation_Wm2,23,327.25
gep02,00,2026-04-27,2026-05-20,gcrew,noaa_gefs,02,WindSpeed_ms_mean,23,4.555111160571268
gep02,00,2026-04-27,2026-05-21,gcrew,noaa_gefs,02,AirTemp_C_mean,24,19.262673950195335
gep02,00,2026-04-27,2026-05-21,gcrew,noaa_gefs,02,Pressure_Pa,24,101705.2734375
gep02,00,2026-04-27,2026-05-21,gcrew,noaa_gefs,02,RH_percent_mean,24,62.426734924316406
gep02,00,2026-04-27,2026-05-21,gcrew,noaa_gefs,02,Rain_mm_sum,24,0
gep02,00,2026-04-27,2026-05-21,gcrew,noaa_gefs,02,ShortwaveRadiation_Wm2,24,345.75
gep02,00,2026-04-27,2026-05-21,gcrew,noaa_gefs,02,WindSpeed_ms_mean,24,2.407734619792761
gep02,00,2026-04-27,2026-05-22,gcrew,noaa_gefs,02,AirTemp_C_mean,25,19.581025695800804
gep02,00,2026-04-27,2026-05-22,gcrew,noaa_gefs,02,Pressure_Pa,25,101598.32421875
gep02,00,2026-04-27,2026-05-22,gcrew,noaa_gefs,02,RH_percent_mean,25,67.51792812347412
gep02,00,2026-04-27,2026-05-22,gcrew,noaa_gefs,02,Rain_mm_sum,25,0
gep02,00,2026-04-27,2026-05-22,gcrew,noaa_gefs,02,ShortwaveRadiation_Wm2,25,339.25
gep02,00,2026-04-27,2026-05-22,gcrew,noaa_gefs,02,WindSpeed_ms_mean,25,4.837275644483171
gep02,00,2026-04-27,2026-05-23,gcrew,noaa_gefs,02,AirTemp_C_mean,26,19.05195007324221
gep02,00,2026-04-27,2026-05-23,gcrew,noaa_gefs,02,Pressure_Pa,26,101465.875
gep02,00,2026-04-27,2026-05-23,gcrew,noaa_gefs,02,RH_percent_mean,26,65.91939640045166
gep02,00,2026-04-27,2026-05-23,gcrew,noaa_gefs,02,Rain_mm_sum,26,0
gep02,00,2026-04-27,2026-05-23,gcrew,noaa_gefs,02,ShortwaveRadiation_Wm2,26,342.25
gep02,00,2026-04-27,2026-05-23,gcrew,noaa_gefs,02,WindSpeed_ms_mean,26,3.9395944856956513
gep02,00,2026-04-27,2026-05-24,gcrew,noaa_gefs,02,AirTemp_C_mean,27,19.98945007324221
gep02,00,2026-04-27,2026-05-24,gcrew,noaa_gefs,02,Pressure_Pa,27,101342.990234375
gep02,00,2026-04-27,2026-05-24,gcrew,noaa_gefs,02,RH_percent_mean,27,67.63784408569336
gep02,00,2026-04-27,2026-05-24,gcrew,noaa_gefs,02,Rain_mm_sum,27,0
gep02,00,2026-04-27,2026-05-24,gcrew,noaa_gefs,02,ShortwaveRadiation_Wm2,27,291.25
gep02,00,2026-04-27,2026-05-24,gcrew,noaa_gefs,02,WindSpeed_ms_mean,27,1.8987633133925008
gep02,00,2026-04-27,2026-05-25,gcrew,noaa_gefs,02,AirTemp_C_mean,28,20.29615173339846
gep02,00,2026-04-27,2026-05-25,gcrew,noaa_gefs,02,Pressure_Pa,28,100799.01953125
gep02,00,2026-04-27,2026-05-25,gcrew,noaa_gefs,02,RH_percent_mean,28,68.97553539276123
gep02,00,2026-04-27,2026-05-25,gcrew,noaa_gefs,02,Rain_mm_sum,28,0
gep02,00,2026-04-27,2026-05-25,gcrew,noaa_gefs,02,ShortwaveRadiation_Wm2,28,309.75
gep02,00,2026-04-27,2026-05-25,gcrew,noaa_gefs,02,WindSpeed_ms_mean,28,3.282312133189652
gep02,00,2026-04-27,2026-05-26,gcrew,noaa_gefs,02,AirTemp_C_mean,29,23.21851501464846
gep02,00,2026-04-27,2026-05-26,gcrew,noaa_gefs,02,Pressure_Pa,29,100695.197265625
gep02,00,2026-04-27,2026-05-26,gcrew,noaa_gefs,02,RH_percent_mean,29,82.25054931640625
gep02,00,2026-04-27,2026-05-26,gcrew,noaa_gefs,02,Rain_mm_sum,29,4.899999916553497
gep02,00,2026-04-27,2026-05-26,gcrew,noaa_gefs,02,ShortwaveRadiation_Wm2,29,325.5
gep02,00,2026-04-27,2026-05-26,gcrew,noaa_gefs,02,WindSpeed_ms_mean,29,3.3496704517798257
gep02,00,2026-04-27,2026-05-27,gcrew,noaa_gefs,02,AirTemp_C_mean,30,21.77124176025393
gep02,00,2026-04-27,2026-05-27,gcrew,noaa_gefs,02,Pressure_Pa,30,101327.005859375
gep02,00,2026-04-27,2026-05-27,gcrew,noaa_gefs,02,RH_percent_mean,30,82.51387405395508
gep02,00,2026-04-27,2026-05-27,gcrew,noaa_gefs,02,Rain_mm_sum,30,0
gep02,00,2026-04-27,2026-05-27,gcrew,noaa_gefs,02,ShortwaveRadiation_Wm2,30,325.75
gep02,00,2026-04-27,2026-05-27,gcrew,noaa_gefs,02,WindSpeed_ms_mean,30,4.527820202533626
gep02,00,2026-04-27,2026-05-28,gcrew,noaa_gefs,02,AirTemp_C_mean,31,24.39227447509768
gep02,00,2026-04-27,2026-05-28,gcrew,noaa_gefs,02,Pressure_Pa,31,101159.59375
gep02,00,2026-04-27,2026-05-28,gcrew,noaa_gefs,02,RH_percent_mean,31,79.66389560699463
gep02,00,2026-04-27,2026-05-28,gcrew,noaa_gefs,02,Rain_mm_sum,31,2.9999999552965164
gep02,00,2026-04-27,2026-05-28,gcrew,noaa_gefs,02,ShortwaveRadiation_Wm2,31,332.5
gep02,00,2026-04-27,2026-05-28,gcrew,noaa_gefs,02,WindSpeed_ms_mean,31,3.941846018368561
gep02,00,2026-04-27,2026-05-29,gcrew,noaa_gefs,02,AirTemp_C_mean,32,23.499902343750023
gep02,00,2026-04-27,2026-05-29,gcrew,noaa_gefs,02,Pressure_Pa,32,101534.01171875
gep02,00,2026-04-27,2026-05-29,gcrew,noaa_gefs,02,RH_percent_mean,32,81.16684532165527
gep02,00,2026-04-27,2026-05-29,gcrew,noaa_gefs,02,Rain_mm_sum,32,3.3000000715255737
gep02,00,2026-04-27,2026-05-29,gcrew,noaa_gefs,02,ShortwaveRadiation_Wm2,32,322.75
gep02,00,2026-04-27,2026-05-29,gcrew,noaa_gefs,02,WindSpeed_ms_mean,32,3.215779983650272
gep02,00,2026-04-27,2026-05-30,gcrew,noaa_gefs,02,AirTemp_C_mean,33,25.719346618652366
gep02,00,2026-04-27,2026-05-30,gcrew,noaa_gefs,02,Pressure_Pa,33,101169.580078125
gep02,00,2026-04-27,2026-05-30,gcrew,noaa_gefs,02,RH_percent_mean,33,69.18948173522949
gep02,00,2026-04-27,2026-05-30,gcrew,noaa_gefs,02,Rain_mm_sum,33,5.900000095367432
gep02,00,2026-04-27,2026-05-30,gcrew,noaa_gefs,02,ShortwaveRadiation_Wm2,33,328
gep02,00,2026-04-27,2026-05-30,gcrew,noaa_gefs,02,WindSpeed_ms_mean,33,5.024491839967965
gep02,00,2026-04-27,2026-05-31,gcrew,noaa_gefs,02,AirTemp_C_mean,34,19.59900054931643
gep02,00,2026-04-27,2026-05-31,gcrew,noaa_gefs,02,Pressure_Pa,34,101853.44140625
gep02,00,2026-04-27,2026-05-31,gcrew,noaa_gefs,02,RH_percent_mean,34,62.48447799682617
gep02,00,2026-04-27,2026-05-31,gcrew,noaa_gefs,02,Rain_mm_sum,34,0
gep02,00,2026-04-27,2026-05-31,gcrew,noaa_gefs,02,ShortwaveRadiation_Wm2,34,360.25
gep02,00,2026-04-27,2026-05-31,gcrew,noaa_gefs,02,WindSpeed_ms_mean,34,4.692275223673417
gep03,00,2026-04-27,2026-04-28,gcrew,noaa_gefs,03,AirTemp_C_mean,1,11.579675292968773
gep03,00,2026-04-27,2026-04-28,gcrew,noaa_gefs,03,Pressure_Pa,1,101858.66796875
gep03,00,2026-04-27,2026-04-28,gcrew,noaa_gefs,03,RH_percent_mean,1,70.0107069015503
gep03,00,2026-04-27,2026-04-28,gcrew,noaa_gefs,03,Rain_mm_sum,1,2.1800000071525574
gep03,00,2026-04-27,2026-04-28,gcrew,noaa_gefs,03,ShortwaveRadiation_Wm2,1,182.375
gep03,00,2026-04-27,2026-04-28,gcrew,noaa_gefs,03,WindSpeed_ms_mean,1,3.144690806609595
gep03,00,2026-04-27,2026-04-29,gcrew,noaa_gefs,03,AirTemp_C_mean,2,13.038072204589866
gep03,00,2026-04-27,2026-04-29,gcrew,noaa_gefs,03,Pressure_Pa,2,100681.7392578125
gep03,00,2026-04-27,2026-04-29,gcrew,noaa_gefs,03,RH_percent_mean,2,79.37301731109619
gep03,00,2026-04-27,2026-04-29,gcrew,noaa_gefs,03,Rain_mm_sum,2,5.650000095367432
gep03,00,2026-04-27,2026-04-29,gcrew,noaa_gefs,03,ShortwaveRadiation_Wm2,2,123.125
gep03,00,2026-04-27,2026-04-29,gcrew,noaa_gefs,03,WindSpeed_ms_mean,2,6.751690838700274
gep03,00,2026-04-27,2026-04-30,gcrew,noaa_gefs,03,AirTemp_C_mean,3,12.374749755859398
gep03,00,2026-04-27,2026-04-30,gcrew,noaa_gefs,03,Pressure_Pa,3,100118.521484375
gep03,00,2026-04-27,2026-04-30,gcrew,noaa_gefs,03,RH_percent_mean,3,68.30331468582153
gep03,00,2026-04-27,2026-04-30,gcrew,noaa_gefs,03,Rain_mm_sum,3,2.200000047683716
gep03,00,2026-04-27,2026-04-30,gcrew,noaa_gefs,03,ShortwaveRadiation_Wm2,3,336.75
gep03,00,2026-04-27,2026-04-30,gcrew,noaa_gefs,03,WindSpeed_ms_mean,3,6.3404068339236375
gep03,00,2026-04-27,2026-05-01,gcrew,noaa_gefs,03,AirTemp_C_mean,4,11.863782501220726
gep03,00,2026-04-27,2026-05-01,gcrew,noaa_gefs,03,Pressure_Pa,4,100457.115234375
gep03,00,2026-04-27,2026-05-01,gcrew,noaa_gefs,03,RH_percent_mean,4,63.77413034439087
gep03,00,2026-04-27,2026-05-01,gcrew,noaa_gefs,03,Rain_mm_sum,4,0.14999999105930328
gep03,00,2026-04-27,2026-05-01,gcrew,noaa_gefs,03,ShortwaveRadiation_Wm2,4,305.75
gep03,00,2026-04-27,2026-05-01,gcrew,noaa_gefs,03,WindSpeed_ms_mean,4,4.420050426615207
gep03,00,2026-04-27,2026-05-02,gcrew,noaa_gefs,03,AirTemp_C_mean,5,9.424409484863304
gep03,00,2026-04-27,2026-05-02,gcrew,noaa_gefs,03,Pressure_Pa,5,100060.8115234375
gep03,00,2026-04-27,2026-05-02,gcrew,noaa_gefs,03,RH_percent_mean,5,85.62604904174805
gep03,00,2026-04-27,2026-05-02,gcrew,noaa_gefs,03,Rain_mm_sum,5,10.500000223517418
gep03,00,2026-04-27,2026-05-02,gcrew,noaa_gefs,03,ShortwaveRadiation_Wm2,5,49.625
gep03,00,2026-04-27,2026-05-02,gcrew,noaa_gefs,03,WindSpeed_ms_mean,5,6.559776809952508
gep03,00,2026-04-27,2026-05-03,gcrew,noaa_gefs,03,AirTemp_C_mean,6,10.825589752197288
gep03,00,2026-04-27,2026-05-03,gcrew,noaa_gefs,03,Pressure_Pa,6,100683.826171875
gep03,00,2026-04-27,2026-05-03,gcrew,noaa_gefs,03,RH_percent_mean,6,70.58711957931519
gep03,00,2026-04-27,2026-05-03,gcrew,noaa_gefs,03,Rain_mm_sum,6,2.5999999791383743
gep03,00,2026-04-27,2026-05-03,gcrew,noaa_gefs,03,ShortwaveRadiation_Wm2,6,228.625
gep03,00,2026-04-27,2026-05-03,gcrew,noaa_gefs,03,WindSpeed_ms_mean,6,6.259846307795703
gep03,00,2026-04-27,2026-05-04,gcrew,noaa_gefs,03,AirTemp_C_mean,7,12.645486450195335
gep03,00,2026-04-27,2026-05-04,gcrew,noaa_gefs,03,Pressure_Pa,7,101078.326171875
gep03,00,2026-04-27,2026-05-04,gcrew,noaa_gefs,03,RH_percent_mean,7,65.15876054763794
gep03,00,2026-04-27,2026-05-04,gcrew,noaa_gefs,03,Rain_mm_sum,7,0
gep03,00,2026-04-27,2026-05-04,gcrew,noaa_gefs,03,ShortwaveRadiation_Wm2,7,330.375
gep03,00,2026-04-27,2026-05-04,gcrew,noaa_gefs,03,WindSpeed_ms_mean,7,4.1287794168947265
gep03,00,2026-04-27,2026-05-05,gcrew,noaa_gefs,03,AirTemp_C_mean,8,13.514123535156273
gep03,00,2026-04-27,2026-05-05,gcrew,noaa_gefs,03,Pressure_Pa,8,100674.3935546875
gep03,00,2026-04-27,2026-05-05,gcrew,noaa_gefs,03,RH_percent_mean,8,77.96095371246338
gep03,00,2026-04-27,2026-05-05,gcrew,noaa_gefs,03,Rain_mm_sum,8,6.429999984800816
gep03,00,2026-04-27,2026-05-05,gcrew,noaa_gefs,03,ShortwaveRadiation_Wm2,8,102.75
gep03,00,2026-04-27,2026-05-05,gcrew,noaa_gefs,03,WindSpeed_ms_mean,8,3.340704722164043
gep03,00,2026-04-27,2026-05-06,gcrew,noaa_gefs,03,AirTemp_C_mean,9,14.66842476981029
gep03,00,2026-04-27,2026-05-06,gcrew,noaa_gefs,03,Pressure_Pa,9,100426.58035714286
gep03,00,2026-04-27,2026-05-06,gcrew,noaa_gefs,03,RH_percent_mean,9,74.78257206508091
gep03,00,2026-04-27,2026-05-06,gcrew,noaa_gefs,03,Rain_mm_sum,9,2.800000049173832
gep03,00,2026-04-27,2026-05-06,gcrew,noaa_gefs,03,ShortwaveRadiation_Wm2,9,226.57142857142858
gep03,00,2026-04-27,2026-05-06,gcrew,noaa_gefs,03,WindSpeed_ms_mean,9,2.962092818850805
gep03,00,2026-04-27,2026-05-07,gcrew,noaa_gefs,03,AirTemp_C_mean,10,13.210267639160179
gep03,00,2026-04-27,2026-05-07,gcrew,noaa_gefs,03,Pressure_Pa,10,100801.388671875
gep03,00,2026-04-27,2026-05-07,gcrew,noaa_gefs,03,RH_percent_mean,10,64.8941125869751
gep03,00,2026-04-27,2026-05-07,gcrew,noaa_gefs,03,Rain_mm_sum,10,0
gep03,00,2026-04-27,2026-05-07,gcrew,noaa_gefs,03,ShortwaveRadiation_Wm2,10,333.25
gep03,00,2026-04-27,2026-05-07,gcrew,noaa_gefs,03,WindSpeed_ms_mean,10,5.7470248717601695
gep03,00,2026-04-27,2026-05-08,gcrew,noaa_gefs,03,AirTemp_C_mean,11,14.233064270019554
gep03,00,2026-04-27,2026-05-08,gcrew,noaa_gefs,03,Pressure_Pa,11,100949.1875
gep03,00,2026-04-27,2026-05-08,gcrew,noaa_gefs,03,RH_percent_mean,11,63.45889949798584
gep03,00,2026-04-27,2026-05-08,gcrew,noaa_gefs,03,Rain_mm_sum,11,0
gep03,00,2026-04-27,2026-05-08,gcrew,noaa_gefs,03,ShortwaveRadiation_Wm2,11,323.25
gep03,00,2026-04-27,2026-05-08,gcrew,noaa_gefs,03,WindSpeed_ms_mean,11,4.1680753706171
gep03,00,2026-04-27,2026-05-09,gcrew,noaa_gefs,03,AirTemp_C_mean,12,16.69899139404299
gep03,00,2026-04-27,2026-05-09,gcrew,noaa_gefs,03,Pressure_Pa,12,99939.416015625
gep03,00,2026-04-27,2026-05-09,gcrew,noaa_gefs,03,RH_percent_mean,12,93.10905075073242
gep03,00,2026-04-27,2026-05-09,gcrew,noaa_gefs,03,Rain_mm_sum,12,19.40000009536743
gep03,00,2026-04-27,2026-05-09,gcrew,noaa_gefs,03,ShortwaveRadiation_Wm2,12,75
gep03,00,2026-04-27,2026-05-09,gcrew,noaa_gefs,03,WindSpeed_ms_mean,12,5.098757673087844
gep03,00,2026-04-27,2026-05-10,gcrew,noaa_gefs,03,AirTemp_C_mean,13,13.901696777343773
gep03,00,2026-04-27,2026-05-10,gcrew,noaa_gefs,03,Pressure_Pa,13,101187.380859375
gep03,00,2026-04-27,2026-05-10,gcrew,noaa_gefs,03,RH_percent_mean,13,62.095730781555176
gep03,00,2026-04-27,2026-05-10,gcrew,noaa_gefs,03,Rain_mm_sum,13,0.10000000149011612
gep03,00,2026-04-27,2026-05-10,gcrew,noaa_gefs,03,ShortwaveRadiation_Wm2,13,344.5
gep03,00,2026-04-27,2026-05-10,gcrew,noaa_gefs,03,WindSpeed_ms_mean,13,4.143133742887205
gep03,00,2026-04-27,2026-05-11,gcrew,noaa_gefs,03,AirTemp_C_mean,14,15.09168395996096
gep03,00,2026-04-27,2026-05-11,gcrew,noaa_gefs,03,Pressure_Pa,14,102241.033203125
gep03,00,2026-04-27,2026-05-11,gcrew,noaa_gefs,03,RH_percent_mean,14,62.015602111816406
gep03,00,2026-04-27,2026-05-11,gcrew,noaa_gefs,03,Rain_mm_sum,14,0
gep03,00,2026-04-27,2026-05-11,gcrew,noaa_gefs,03,ShortwaveRadiation_Wm2,14,339.75
gep03,00,2026-04-27,2026-05-11,gcrew,noaa_gefs,03,WindSpeed_ms_mean,14,4.706386471173322
gep03,00,2026-04-27,2026-05-12,gcrew,noaa_gefs,03,AirTemp_C_mean,15,17.251084899902366
gep03,00,2026-04-27,2026-05-12,gcrew,noaa_gefs,03,Pressure_Pa,15,102263.9921875
gep03,00,2026-04-27,2026-05-12,gcrew,noaa_gefs,03,RH_percent_mean,15,75.52095794677734
gep03,00,2026-04-27,2026-05-12,gcrew,noaa_gefs,03,Rain_mm_sum,15,0
gep03,00,2026-04-27,2026-05-12,gcrew,noaa_gefs,03,ShortwaveRadiation_Wm2,15,336
gep03,00,2026-04-27,2026-05-12,gcrew,noaa_gefs,03,WindSpeed_ms_mean,15,7.010430330005118
gep03,00,2026-04-27,2026-05-13,gcrew,noaa_gefs,03,AirTemp_C_mean,16,19.49273834228518
gep03,00,2026-04-27,2026-05-13,gcrew,noaa_gefs,03,Pressure_Pa,16,101710.423828125
gep03,00,2026-04-27,2026-05-13,gcrew,noaa_gefs,03,RH_percent_mean,16,90.239959716796875
gep03,00,2026-04-27,2026-05-13,gcrew,noaa_gefs,03,Rain_mm_sum,16,2.800000049173832
gep03,00,2026-04-27,2026-05-13,gcrew,noaa_gefs,03,ShortwaveRadiation_Wm2,16,215.75
gep03,00,2026-04-27,2026-05-13,gcrew,noaa_gefs,03,WindSpeed_ms_mean,16,6.026004144410448
gep03,00,2026-04-27,2026-05-14,gcrew,noaa_gefs,03,AirTemp_C_mean,17,18.513650512695335
gep03,00,2026-04-27,2026-05-14,gcrew,noaa_gefs,03,Pressure_Pa,17,101608.88671875
gep03,00,2026-04-27,2026-05-14,gcrew,noaa_gefs,03,RH_percent_mean,17,86.30577850341797
gep03,00,2026-04-27,2026-05-14,gcrew,noaa_gefs,03,Rain_mm_sum,17,12.900000095367432
gep03,00,2026-04-27,2026-05-14,gcrew,noaa_gefs,03,ShortwaveRadiation_Wm2,17,185.75
gep03,00,2026-04-27,2026-05-14,gcrew,noaa_gefs,03,WindSpeed_ms_mean,17,4.270036840520563
gep03,00,2026-04-27,2026-05-15,gcrew,noaa_gefs,03,AirTemp_C_mean,18,15.910485839843773
gep03,00,2026-04-27,2026-05-15,gcrew,noaa_gefs,03,Pressure_Pa,18,102181.615234375
gep03,00,2026-04-27,2026-05-15,gcrew,noaa_gefs,03,RH_percent_mean,18,76.19487285614014
gep03,00,2026-04-27,2026-05-15,gcrew,noaa_gefs,03,Rain_mm_sum,18,0
gep03,00,2026-04-27,2026-05-15,gcrew,noaa_gefs,03,ShortwaveRadiation_Wm2,18,343.5
gep03,00,2026-04-27,2026-05-15,gcrew,noaa_gefs,03,WindSpeed_ms_mean,18,3.9490240974844317
gep03,00,2026-04-27,2026-05-16,gcrew,noaa_gefs,03,AirTemp_C_mean,19,20.577661132812523
gep03,00,2026-04-27,2026-05-16,gcrew,noaa_gefs,03,Pressure_Pa,19,101713.755859375
gep03,00,2026-04-27,2026-05-16,gcrew,noaa_gefs,03,RH_percent_mean,19,80.4810848236084
gep03,00,2026-04-27,2026-05-16,gcrew,noaa_gefs,03,Rain_mm_sum,19,1.1000000014901161
gep03,00,2026-04-27,2026-05-16,gcrew,noaa_gefs,03,ShortwaveRadiation_Wm2,19,322.75
gep03,00,2026-04-27,2026-05-16,gcrew,noaa_gefs,03,WindSpeed_ms_mean,19,4.781925626210346
gep03,00,2026-04-27,2026-05-17,gcrew,noaa_gefs,03,AirTemp_C_mean,20,22.937905883789085
gep03,00,2026-04-27,2026-05-17,gcrew,noaa_gefs,03,Pressure_Pa,20,101673.8359375
gep03,00,2026-04-27,2026-05-17,gcrew,noaa_gefs,03,RH_percent_mean,20,77.38579750061035
gep03,00,2026-04-27,2026-05-17,gcrew,noaa_gefs,03,Rain_mm_sum,20,4.300000049173832
gep03,00,2026-04-27,2026-05-17,gcrew,noaa_gefs,03,ShortwaveRadiation_Wm2,20,295.25
gep03,00,2026-04-27,2026-05-17,gcrew,noaa_gefs,03,WindSpeed_ms_mean,20,3.0308602990974056
gep03,00,2026-04-27,2026-05-18,gcrew,noaa_gefs,03,AirTemp_C_mean,21,24.01905212402346
gep03,00,2026-04-27,2026-05-18,gcrew,noaa_gefs,03,Pressure_Pa,21,101460.267578125
gep03,00,2026-04-27,2026-05-18,gcrew,noaa_gefs,03,RH_percent_mean,21,76.18959331512451
gep03,00,2026-04-27,2026-05-18,gcrew,noaa_gefs,03,Rain_mm_sum,21,16.80000078678131
gep03,00,2026-04-27,2026-05-18,gcrew,noaa_gefs,03,ShortwaveRadiation_Wm2,21,296
gep03,00,2026-04-27,2026-05-18,gcrew,noaa_gefs,03,WindSpeed_ms_mean,21,3.073193730264629
gep03,00,2026-04-27,2026-05-19,gcrew,noaa_gefs,03,AirTemp_C_mean,22,25.510980224609398
gep03,00,2026-04-27,2026-05-19,gcrew,noaa_gefs,03,Pressure_Pa,22,100955.107421875
gep03,00,2026-04-27,2026-05-19,gcrew,noaa_gefs,03,RH_percent_mean,22,70.90894889831543
gep03,00,2026-04-27,2026-05-19,gcrew,noaa_gefs,03,Rain_mm_sum,22,1.600000038743019
gep03,00,2026-04-27,2026-05-19,gcrew,noaa_gefs,03,ShortwaveRadiation_Wm2,22,224
gep03,00,2026-04-27,2026-05-19,gcrew,noaa_gefs,03,WindSpeed_ms_mean,22,2.4858541001805587
gep03,00,2026-04-27,2026-05-20,gcrew,noaa_gefs,03,AirTemp_C_mean,23,21.864289855957054
gep03,00,2026-04-27,2026-05-20,gcrew,noaa_gefs,03,Pressure_Pa,23,101018.095703125
gep03,00,2026-04-27,2026-05-20,gcrew,noaa_gefs,03,RH_percent_mean,23,67.23811626434326
gep03,00,2026-04-27,2026-05-20,gcrew,noaa_gefs,03,Rain_mm_sum,23,0.30000001192092896
gep03,00,2026-04-27,2026-05-20,gcrew,noaa_gefs,03,ShortwaveRadiation_Wm2,23,327.25
gep03,00,2026-04-27,2026-05-20,gcrew,noaa_gefs,03,WindSpeed_ms_mean,23,4.555111160571268
gep03,00,2026-04-27,2026-05-21,gcrew,noaa_gefs,03,AirTemp_C_mean,24,19.262673950195335
gep03,00,2026-04-27,2026-05-21,gcrew,noaa_gefs,03,Pressure_Pa,24,101705.2734375
gep03,00,2026-04-27,2026-05-21,gcrew,noaa_gefs,03,RH_percent_mean,24,62.426734924316406
gep03,00,2026-04-27,2026-05-21,gcrew,noaa_gefs,03,Rain_mm_sum,24,0
gep03,00,2026-04-27,2026-05-21,gcrew,noaa_gefs,03,ShortwaveRadiation_Wm2,24,345.75
gep03,00,2026-04-27,2026-05-21,gcrew,noaa_gefs,03,WindSpeed_ms_mean,24,2.407734619792761
gep03,00,2026-04-27,2026-05-22,gcrew,noaa_gefs,03,AirTemp_C_mean,25,19.581025695800804
gep03,00,2026-04-27,2026-05-22,gcrew,noaa_gefs,03,Pressure_Pa,25,101598.32421875
gep03,00,2026-04-27,2026-05-22,gcrew,noaa_gefs,03,RH_percent_mean,25,67.51792812347412
gep03,00,2026-04-27,2026-05-22,gcrew,noaa_gefs,03,Rain_mm_sum,25,0
gep03,00,2026-04-27,2026-05-22,gcrew,noaa_gefs,03,ShortwaveRadiation_Wm2,25,339.25
gep03,00,2026-04-27,2026-05-22,gcrew,noaa_gefs,03,WindSpeed_ms_mean,25,4.837275644483171
gep03,00,2026-04-27,2026-05-23,gcrew,noaa_gefs,03,AirTemp_C_mean,26,19.05195007324221
gep03,00,2026-04-27,2026-05-23,gcrew,noaa_gefs,03,Pressure_Pa,26,101465.875
gep03,00,2026-04-27,2026-05-23,gcrew,noaa_gefs,03,RH_percent_mean,26,65.91939640045166
gep03,00,2026-04-27,2026-05-23,gcrew,noaa_gefs,03,Rain_mm_sum,26,0
gep03,00,2026-04-27,2026-05-23,gcrew,noaa_gefs,03,ShortwaveRadiation_Wm2,26,342.25
gep03,00,2026-04-27,2026-05-23,gcrew,noaa_gefs,03,WindSpeed_ms_mean,26,3.9395944856956513
gep03,00,2026-04-27,2026-05-24,gcrew,noaa_gefs,03,AirTemp_C_mean,27,19.98945007324221
gep03,00,2026-04-27,2026-05-24,gcrew,noaa_gefs,03,Pressure_Pa,27,101342.990234375
gep03,00,2026-04-27,2026-05-24,gcrew,noaa_gefs,03,RH_percent_mean,27,67.63784408569336
gep03,00,2026-04-27,2026-05-24,gcrew,noaa_gefs,03,Rain_mm_sum,27,0
gep03,00,2026-04-27,2026-05-24,gcrew,noaa_gefs,03,ShortwaveRadiation_Wm2,27,291.25
gep03,00,2026-04-27,2026-05-24,gcrew,noaa_gefs,03,WindSpeed_ms_mean,27,1.8987633133925008
gep03,00,2026-04-27,2026-05-25,gcrew,noaa_gefs,03,AirTemp_C_mean,28,20.29615173339846
gep03,00,2026-04-27,2026-05-25,gcrew,noaa_gefs,03,Pressure_Pa,28,100799.01953125
gep03,00,2026-04-27,2026-05-25,gcrew,noaa_gefs,03,RH_percent_mean,28,68.97553539276123
gep03,00,2026-04-27,2026-05-25,gcrew,noaa_gefs,03,Rain_mm_sum,28,0
gep03,00,2026-04-27,2026-05-25,gcrew,noaa_gefs,03,ShortwaveRadiation_Wm2,28,309.75
gep03,00,2026-04-27,2026-05-25,gcrew,noaa_gefs,03,WindSpeed_ms_mean,28,3.282312133189652
gep03,00,2026-04-27,2026-05-26,gcrew,noaa_gefs,03,AirTemp_C_mean,29,23.21851501464846
gep03,00,2026-04-27,2026-05-26,gcrew,noaa_gefs,03,Pressure_Pa,29,100695.197265625
gep03,00,2026-04-27,2026-05-26,gcrew,noaa_gefs,03,RH_percent_mean,29,82.25054931640625
gep03,00,2026-04-27,2026-05-26,gcrew,noaa_gefs,03,Rain_mm_sum,29,4.899999916553497
gep03,00,2026-04-27,2026-05-26,gcrew,noaa_gefs,03,ShortwaveRadiation_Wm2,29,325.5
gep03,00,2026-04-27,2026-05-26,gcrew,noaa_gefs,03,WindSpeed_ms_mean,29,3.3496704517798257
gep03,00,2026-04-27,2026-05-27,gcrew,noaa_gefs,03,AirTemp_C_mean,30,21.77124176025393
gep03,00,2026-04-27,2026-05-27,gcrew,noaa_gefs,03,Pressure_Pa,30,101327.005859375
gep03,00,2026-04-27,2026-05-27,gcrew,noaa_gefs,03,RH_percent_mean,30,82.51387405395508
gep03,00,2026-04-27,2026-05-27,gcrew,noaa_gefs,03,Rain_mm_sum,30,0
gep03,00,2026-04-27,2026-05-27,gcrew,noaa_gefs,03,ShortwaveRadiation_Wm2,30,325.75
gep03,00,2026-04-27,2026-05-27,gcrew,noaa_gefs,03,WindSpeed_ms_mean,30,4.527820202533626
gep03,00,2026-04-27,2026-05-28,gcrew,noaa_gefs,03,AirTemp_C_mean,31,24.39227447509768
gep03,00,2026-04-27,2026-05-28,gcrew,noaa_gefs,03,Pressure_Pa,31,101159.59375
gep03,00,2026-04-27,2026-05-28,gcrew,noaa_gefs,03,RH_percent_mean,31,79.66389560699463
gep03,00,2026-04-27,2026-05-28,gcrew,noaa_gefs,03,Rain_mm_sum,31,2.9999999552965164
gep03,00,2026-04-27,2026-05-28,gcrew,noaa_gefs,03,ShortwaveRadiation_Wm2,31,332.5
gep03,00,2026-04-27,2026-05-28,gcrew,noaa_gefs,03,WindSpeed_ms_mean,31,3.941846018368561
gep03,00,2026-04-27,2026-05-29,gcrew,noaa_gefs,03,AirTemp_C_mean,32,23.499902343750023
gep03,00,2026-04-27,2026-05-29,gcrew,noaa_gefs,03,Pressure_Pa,32,101534.01171875
gep03,00,2026-04-27,2026-05-29,gcrew,noaa_gefs,03,RH_percent_mean,32,81.16684532165527
gep03,00,2026-04-27,2026-05-29,gcrew,noaa_gefs,03,Rain_mm_sum,32,3.3000000715255737
gep03,00,2026-04-27,2026-05-29,gcrew,noaa_gefs,03,ShortwaveRadiation_Wm2,32,322.75
gep03,00,2026-04-27,2026-05-29,gcrew,noaa_gefs,03,WindSpeed_ms_mean,32,3.215779983650272
gep03,00,2026-04-27,2026-05-30,gcrew,noaa_gefs,03,AirTemp_C_mean,33,25.719346618652366
gep03,00,2026-04-27,2026-05-30,gcrew,noaa_gefs,03,Pressure_Pa,33,101169.580078125
gep03,00,2026-04-27,2026-05-30,gcrew,noaa_gefs,03,RH_percent_mean,33,69.18948173522949
gep03,00,2026-04-27,2026-05-30,gcrew,noaa_gefs,03,Rain_mm_sum,33,5.900000095367432
gep03,00,2026-04-27,2026-05-30,gcrew,noaa_gefs,03,ShortwaveRadiation_Wm2,33,328
gep03,00,2026-04-27,2026-05-30,gcrew,noaa_gefs,03,WindSpeed_ms_mean,33,5.024491839967965
gep03,00,2026-04-27,2026-05-31,gcrew,noaa_gefs,03,AirTemp_C_mean,34,19.59900054931643
gep03,00,2026-04-27,2026-05-31,gcrew,noaa_gefs,03,Pressure_Pa,34,101853.44140625
gep03,00,2026-04-27,2026-05-31,gcrew,noaa_gefs,03,RH_percent_mean,34,62.48447799682617
gep03,00,2026-04-27,2026-05-31,gcrew,noaa_gefs,03,Rain_mm_sum,34,0
gep03,00,2026-04-27,2026-05-31,gcrew,noaa_gefs,03,ShortwaveRadiation_Wm2,34,360.25
gep03,00,2026-04-27,2026-05-31,gcrew,noaa_gefs,03,WindSpeed_ms_mean,34,4.692275223673417
gep04,00,2026-04-27,2026-04-28,gcrew,noaa_gefs,04,AirTemp_C_mean,1,11.579675292968773
gep04,00,2026-04-27,2026-04-28,gcrew,noaa_gefs,04,Pressure_Pa,1,101858.66796875
gep04,00,2026-04-27,2026-04-28,gcrew,noaa_gefs,04,RH_percent_mean,1,70.0107069015503
gep04,00,2026-04-27,2026-04-28,gcrew,noaa_gefs,04,Rain_mm_sum,1,2.1800000071525574
gep04,00,2026-04-27,2026-04-28,gcrew,noaa_gefs,04,ShortwaveRadiation_Wm2,1,182.375
gep04,00,2026-04-27,2026-04-28,gcrew,noaa_gefs,04,WindSpeed_ms_mean,1,3.144690806609595
gep04,00,2026-04-27,2026-04-29,gcrew,noaa_gefs,04,AirTemp_C_mean,2,13.038072204589866
gep04,00,2026-04-27,2026-04-29,gcrew,noaa_gefs,04,Pressure_Pa,2,100681.7392578125
gep04,00,2026-04-27,2026-04-29,gcrew,noaa_gefs,04,RH_percent_mean,2,79.37301731109619
gep04,00,2026-04-27,2026-04-29,gcrew,noaa_gefs,04,Rain_mm_sum,2,5.650000095367432
gep04,00,2026-04-27,2026-04-29,gcrew,noaa_gefs,04,ShortwaveRadiation_Wm2,2,123.125
gep04,00,2026-04-27,2026-04-29,gcrew,noaa_gefs,04,WindSpeed_ms_mean,2,6.751690838700274
gep04,00,2026-04-27,2026-04-30,gcrew,noaa_gefs,04,AirTemp_C_mean,3,12.374749755859398
gep04,00,2026-04-27,2026-04-30,gcrew,noaa_gefs,04,Pressure_Pa,3,100118.521484375
gep04,00,2026-04-27,2026-04-30,gcrew,noaa_gefs,04,RH_percent_mean,3,68.30331468582153
gep04,00,2026-04-27,2026-04-30,gcrew,noaa_gefs,04,Rain_mm_sum,3,2.200000047683716
gep04,00,2026-04-27,2026-04-30,gcrew,noaa_gefs,04,ShortwaveRadiation_Wm2,3,336.75
gep04,00,2026-04-27,2026-04-30,gcrew,noaa_gefs,04,WindSpeed_ms_mean,3,6.3404068339236375
gep04,00,2026-04-27,2026-05-01,gcrew,noaa_gefs,04,AirTemp_C_mean,4,11.863782501220726
gep04,00,2026-04-27,2026-05-01,gcrew,noaa_gefs,04,Pressure_Pa,4,100457.115234375
gep04,00,2026-04-27,2026-05-01,gcrew,noaa_gefs,04,RH_percent_mean,4,63.77413034439087
gep04,00,2026-04-27,2026-05-01,gcrew,noaa_gefs,04,Rain_mm_sum,4,0.14999999105930328
gep04,00,2026-04-27,2026-05-01,gcrew,noaa_gefs,04,ShortwaveRadiation_Wm2,4,305.75
gep04,00,2026-04-27,2026-05-01,gcrew,noaa_gefs,04,WindSpeed_ms_mean,4,4.420050426615207
gep04,00,2026-04-27,2026-05-02,gcrew,noaa_gefs,04,AirTemp_C_mean,5,9.424409484863304
gep04,00,2026-04-27,2026-05-02,gcrew,noaa_gefs,04,Pressure_Pa,5,100060.8115234375
gep04,00,2026-04-27,2026-05-02,gcrew,noaa_gefs,04,RH_percent_mean,5,85.62604904174805
gep04,00,2026-04-27,2026-05-02,gcrew,noaa_gefs,04,Rain_mm_sum,5,10.500000223517418
gep04,00,2026-04-27,2026-05-02,gcrew,noaa_gefs,04,ShortwaveRadiation_Wm2,5,49.625
gep04,00,2026-04-27,2026-05-02,gcrew,noaa_gefs,04,WindSpeed_ms_mean,5,6.559776809952508
gep04,00,2026-04-27,2026-05-03,gcrew,noaa_gefs,04,AirTemp_C_mean,6,10.825589752197288
gep04,00,2026-04-27,2026-05-03,gcrew,noaa_gefs,04,Pressure_Pa,6,100683.826171875
gep04,00,2026-04-27,2026-05-03,gcrew,noaa_gefs,04,RH_percent_mean,6,70.58711957931519
gep04,00,2026-04-27,2026-05-03,gcrew,noaa_gefs,04,Rain_mm_sum,6,2.5999999791383743
gep04,00,2026-04-27,2026-05-03,gcrew,noaa_gefs,04,ShortwaveRadiation_Wm2,6,228.625
gep04,00,2026-04-27,2026-05-03,gcrew,noaa_gefs,04,WindSpeed_ms_mean,6,6.259846307795703
gep04,00,2026-04-27,2026-05-04,gcrew,noaa_gefs,04,AirTemp_C_mean,7,12.645486450195335
gep04,00,2026-04-27,2026-05-04,gcrew,noaa_gefs,04,Pressure_Pa,7,101078.326171875
gep04,00,2026-04-27,2026-05-04,gcrew,noaa_gefs,04,RH_percent_mean,7,65.15876054763794
gep04,00,2026-04-27,2026-05-04,gcrew,noaa_gefs,04,Rain_mm_sum,7,0
gep04,00,2026-04-27,2026-05-04,gcrew,noaa_gefs,04,ShortwaveRadiation_Wm2,7,330.375
gep04,00,2026-04-27,2026-05-04,gcrew,noaa_gefs,04,WindSpeed_ms_mean,7,4.1287794168947265
gep04,00,2026-04-27,2026-05-05,gcrew,noaa_gefs,04,AirTemp_C_mean,8,13.514123535156273
gep04,00,2026-04-27,2026-05-05,gcrew,noaa_gefs,04,Pressure_Pa,8,100674.3935546875
gep04,00,2026-04-27,2026-05-05,gcrew,noaa_gefs,04,RH_percent_mean,8,77.96095371246338
gep04,00,2026-04-27,2026-05-05,gcrew,noaa_gefs,04,Rain_mm_sum,8,6.429999984800816
gep04,00,2026-04-27,2026-05-05,gcrew,noaa_gefs,04,ShortwaveRadiation_Wm2,8,102.75
gep04,00,2026-04-27,2026-05-05,gcrew,noaa_gefs,04,WindSpeed_ms_mean,8,3.340704722164043
gep04,00,2026-04-27,2026-05-06,gcrew,noaa_gefs,04,AirTemp_C_mean,9,14.66842476981029
gep04,00,2026-04-27,2026-05-06,gcrew,noaa_gefs,04,Pressure_Pa,9,100426.58035714286
gep04,00,2026-04-27,2026-05-06,gcrew,noaa_gefs,04,RH_percent_mean,9,74.78257206508091
gep04,00,2026-04-27,2026-05-06,gcrew,noaa_gefs,04,Rain_mm_sum,9,2.800000049173832
gep04,00,2026-04-27,2026-05-06,gcrew,noaa_gefs,04,ShortwaveRadiation_Wm2,9,226.57142857142858
gep04,00,2026-04-27,2026-05-06,gcrew,noaa_gefs,04,WindSpeed_ms_mean,9,2.962092818850805
gep04,00,2026-04-27,2026-05-07,gcrew,noaa_gefs,04,AirTemp_C_mean,10,13.210267639160179
gep04,00,2026-04-27,2026-05-07,gcrew,noaa_gefs,04,Pressure_Pa,10,100801.388671875
gep04,00,2026-04-27,2026-05-07,gcrew,noaa_gefs,04,RH_percent_mean,10,64.8941125869751
gep04,00,2026-04-27,2026-05-07,gcrew,noaa_gefs,04,Rain_mm_sum,10,0
gep04,00,2026-04-27,2026-05-07,gcrew,noaa_gefs,04,ShortwaveRadiation_Wm2,10,333.25
gep04,00,2026-04-27,2026-05-07,gcrew,noaa_gefs,04,WindSpeed_ms_mean,10,5.7470248717601695
gep04,00,2026-04-27,2026-05-08,gcrew,noaa_gefs,04,AirTemp_C_mean,11,14.233064270019554
gep04,00,2026-04-27,2026-05-08,gcrew,noaa_gefs,04,Pressure_Pa,11,100949.1875
gep04,00,2026-04-27,2026-05-08,gcrew,noaa_gefs,04,RH_percent_mean,11,63.45889949798584
gep04,00,2026-04-27,2026-05-08,gcrew,noaa_gefs,04,Rain_mm_sum,11,0
gep04,00,2026-04-27,2026-05-08,gcrew,noaa_gefs,04,ShortwaveRadiation_Wm2,11,323.25
gep04,00,2026-04-27,2026-05-08,gcrew,noaa_gefs,04,WindSpeed_ms_mean,11,4.1680753706171
gep04,00,2026-04-27,2026-05-09,gcrew,noaa_gefs,04,AirTemp_C_mean,12,16.69899139404299
gep04,00,2026-04-27,2026-05-09,gcrew,noaa_gefs,04,Pressure_Pa,12,99939.416015625
gep04,00,2026-04-27,2026-05-09,gcrew,noaa_gefs,04,RH_percent_mean,12,93.10905075073242
gep04,00,2026-04-27,2026-05-09,gcrew,noaa_gefs,04,Rain_mm_sum,12,19.40000009536743
gep04,00,2026-04-27,2026-05-09,gcrew,noaa_gefs,04,ShortwaveRadiation_Wm2,12,75
gep04,00,2026-04-27,2026-05-09,gcrew,noaa_gefs,04,WindSpeed_ms_mean,12,5.098757673087844
gep04,00,2026-04-27,2026-05-10,gcrew,noaa_gefs,04,AirTemp_C_mean,13,13.901696777343773
gep04,00,2026-04-27,2026-05-10,gcrew,noaa_gefs,04,Pressure_Pa,13,101187.380859375
gep04,00,2026-04-27,2026-05-10,gcrew,noaa_gefs,04,RH_percent_mean,13,62.095730781555176
gep04,00,2026-04-27,2026-05-10,gcrew,noaa_gefs,04,Rain_mm_sum,13,0.10000000149011612
gep04,00,2026-04-27,2026-05-10,gcrew,noaa_gefs,04,ShortwaveRadiation_Wm2,13,344.5
gep04,00,2026-04-27,2026-05-10,gcrew,noaa_gefs,04,WindSpeed_ms_mean,13,4.143133742887205
gep04,00,2026-04-27,2026-05-11,gcrew,noaa_gefs,04,AirTemp_C_mean,14,15.09168395996096
gep04,00,2026-04-27,2026-05-11,gcrew,noaa_gefs,04,Pressure_Pa,14,102241.033203125
gep04,00,2026-04-27,2026-05-11,gcrew,noaa_gefs,04,RH_percent_mean,14,62.015602111816406
gep04,00,2026-04-27,2026-05-11,gcrew,noaa_gefs,04,Rain_mm_sum,14,0
gep04,00,2026-04-27,2026-05-11,gcrew,noaa_gefs,04,ShortwaveRadiation_Wm2,14,339.75
gep04,00,2026-04-27,2026-05-11,gcrew,noaa_gefs,04,WindSpeed_ms_mean,14,4.706386471173322
gep04,00,2026-04-27,2026-05-12,gcrew,noaa_gefs,04,AirTemp_C_mean,15,17.251084899902366
gep04,00,2026-04-27,2026-05-12,gcrew,noaa_gefs,04,Pressure_Pa,15,102263.9921875
gep04,00,2026-04-27,2026-05-12,gcrew,noaa_gefs,04,RH_percent_mean,15,75.52095794677734
gep04,00,2026-04-27,2026-05-12,gcrew,noaa_gefs,04,Rain_mm_sum,15,0
gep04,00,2026-04-27,2026-05-12,gcrew,noaa_gefs,04,ShortwaveRadiation_Wm2,15,336
gep04,00,2026-04-27,2026-05-12,gcrew,noaa_gefs,04,WindSpeed_ms_mean,15,7.010430330005118
gep04,00,2026-04-27,2026-05-13,gcrew,noaa_gefs,04,AirTemp_C_mean,16,19.49273834228518
gep04,00,2026-04-27,2026-05-13,gcrew,noaa_gefs,04,Pressure_Pa,16,101710.423828125
gep04,00,2026-04-27,2026-05-13,gcrew,noaa_gefs,04,RH_percent_mean,16,90.239959716796875
gep04,00,2026-04-27,2026-05-13,gcrew,noaa_gefs,04,Rain_mm_sum,16,2.800000049173832
gep04,00,2026-04-27,2026-05-13,gcrew,noaa_gefs,04,ShortwaveRadiation_Wm2,16,215.75
gep04,00,2026-04-27,2026-05-13,gcrew,noaa_gefs,04,WindSpeed_ms_mean,16,6.026004144410448
gep04,00,2026-04-27,2026-05-14,gcrew,noaa_gefs,04,AirTemp_C_mean,17,18.513650512695335
gep04,00,2026-04-27,2026-05-14,gcrew,noaa_gefs,04,Pressure_Pa,17,101608.88671875
gep04,00,2026-04-27,2026-05-14,gcrew,noaa_gefs,04,RH_percent_mean,17,86.30577850341797
gep04,00,2026-04-27,2026-05-14,gcrew,noaa_gefs,04,Rain_mm_sum,17,12.900000095367432
gep04,00,2026-04-27,2026-05-14,gcrew,noaa_gefs,04,ShortwaveRadiation_Wm2,17,185.75
gep04,00,2026-04-27,2026-05-14,gcrew,noaa_gefs,04,WindSpeed_ms_mean,17,4.270036840520563
gep04,00,2026-04-27,2026-05-15,gcrew,noaa_gefs,04,AirTemp_C_mean,18,15.910485839843773
gep04,00,2026-04-27,2026-05-15,gcrew,noaa_gefs,04,Pressure_Pa,18,102181.615234375
gep04,00,2026-04-27,2026-05-15,gcrew,noaa_gefs,04,RH_percent_mean,18,76.19487285614014
gep04,00,2026-04-27,2026-05-15,gcrew,noaa_gefs,04,Rain_mm_sum,18,0
gep04,00,2026-04-27,2026-05-15,gcrew,noaa_gefs,04,ShortwaveRadiation_Wm2,18,343.5
gep04,00,2026-04-27,2026-05-15,gcrew,noaa_gefs,04,WindSpeed_ms_mean,18,3.9490240974844317
gep04,00,2026-04-27,2026-05-16,gcrew,noaa_gefs,04,AirTemp_C_mean,19,20.577661132812523
gep04,00,2026-04-27,2026-05-16,gcrew,noaa_gefs,04,Pressure_Pa,19,101713.755859375
gep04,00,2026-04-27,2026-05-16,gcrew,noaa_gefs,04,RH_percent_mean,19,80.4810848236084
gep04,00,2026-04-27,2026-05-16,gcrew,noaa_gefs,04,Rain_mm_sum,19,1.1000000014901161
gep04,00,2026-04-27,2026-05-16,gcrew,noaa_gefs,04,ShortwaveRadiation_Wm2,19,322.75
gep04,00,2026-04-27,2026-05-16,gcrew,noaa_gefs,04,WindSpeed_ms_mean,19,4.781925626210346
gep04,00,2026-04-27,2026-05-17,gcrew,noaa_gefs,04,AirTemp_C_mean,20,22.937905883789085
gep04,00,2026-04-27,2026-05-17,gcrew,noaa_gefs,04,Pressure_Pa,20,101673.8359375
gep04,00,2026-04-27,2026-05-17,gcrew,noaa_gefs,04,RH_percent_mean,20,77.38579750061035
gep04,00,2026-04-27,2026-05-17,gcrew,noaa_gefs,04,Rain_mm_sum,20,4.300000049173832
gep04,00,2026-04-27,2026-05-17,gcrew,noaa_gefs,04,ShortwaveRadiation_Wm2,20,295.25
gep04,00,2026-04-27,2026-05-17,gcrew,noaa_gefs,04,WindSpeed_ms_mean,20,3.0308602990974056
gep04,00,2026-04-27,2026-05-18,gcrew,noaa_gefs,04,AirTemp_C_mean,21,24.01905212402346
gep04,00,2026-04-27,2026-05-18,gcrew,noaa_gefs,04,Pressure_Pa,21,101460.267578125
gep04,00,2026-04-27,2026-05-18,gcrew,noaa_gefs,04,RH_percent_mean,21,76.18959331512451
gep04,00,2026-04-27,2026-05-18,gcrew,noaa_gefs,04,Rain_mm_sum,21,16.80000078678131
gep04,00,2026-04-27,2026-05-18,gcrew,noaa_gefs,04,ShortwaveRadiation_Wm2,21,296
gep04,00,2026-04-27,2026-05-18,gcrew,noaa_gefs,04,WindSpeed_ms_mean,21,3.073193730264629
gep04,00,2026-04-27,2026-05-19,gcrew,noaa_gefs,04,AirTemp_C_mean,22,25.510980224609398
gep04,00,2026-04-27,2026-05-19,gcrew,noaa_gefs,04,Pressure_Pa,22,100955.107421875
gep04,00,2026-04-27,2026-05-19,gcrew,noaa_gefs,04,RH_percent_mean,22,70.90894889831543
gep04,00,2026-04-27,2026-05-19,gcrew,noaa_gefs,04,Rain_mm_sum,22,1.600000038743019
gep04,00,2026-04-27,2026-05-19,gcrew,noaa_gefs,04,ShortwaveRadiation_Wm2,22,224
gep04,00,2026-04-27,2026-05-19,gcrew,noaa_gefs,04,WindSpeed_ms_mean,22,2.4858541001805587
gep04,00,2026-04-27,2026-05-20,gcrew,noaa_gefs,04,AirTemp_C_mean,23,21.864289855957054
gep04,00,2026-04-27,2026-05-20,gcrew,noaa_gefs,04,Pressure_Pa,23,101018.095703125
gep04,00,2026-04-27,2026-05-20,gcrew,noaa_gefs,04,RH_percent_mean,23,67.23811626434326
gep04,00,2026-04-27,2026-05-20,gcrew,noaa_gefs,04,Rain_mm_sum,23,0.30000001192092896
gep04,00,2026-04-27,2026-05-20,gcrew,noaa_gefs,04,ShortwaveRadiation_Wm2,23,327.25
gep04,00,2026-04-27,2026-05-20,gcrew,noaa_gefs,04,WindSpeed_ms_mean,23,4.555111160571268
gep04,00,2026-04-27,2026-05-21,gcrew,noaa_gefs,04,AirTemp_C_mean,24,19.262673950195335
gep04,00,2026-04-27,2026-05-21,gcrew,noaa_gefs,04,Pressure_Pa,24,101705.2734375
gep04,00,2026-04-27,2026-05-21,gcrew,noaa_gefs,04,RH_percent_mean,24,62.426734924316406
gep04,00,2026-04-27,2026-05-21,gcrew,noaa_gefs,04,Rain_mm_sum,24,0
gep04,00,2026-04-27,2026-05-21,gcrew,noaa_gefs,04,ShortwaveRadiation_Wm2,24,345.75
gep04,00,2026-04-27,2026-05-21,gcrew,noaa_gefs,04,WindSpeed_ms_mean,24,2.407734619792761
gep04,00,2026-04-27,2026-05-22,gcrew,noaa_gefs,04,AirTemp_C_mean,25,19.581025695800804
gep04,00,2026-04-27,2026-05-22,gcrew,noaa_gefs,04,Pressure_Pa,25,101598.32421875
gep04,00,2026-04-27,2026-05-22,gcrew,noaa_gefs,04,RH_percent_mean,25,67.51792812347412
gep04,00,2026-04-27,2026-05-22,gcrew,noaa_gefs,04,Rain_mm_sum,25,0
gep04,00,2026-04-27,2026-05-22,gcrew,noaa_gefs,04,ShortwaveRadiation_Wm2,25,339.25
gep04,00,2026-04-27,2026-05-22,gcrew,noaa_gefs,04,WindSpeed_ms_mean,25,4.837275644483171
gep04,00,2026-04-27,2026-05-23,gcrew,noaa_gefs,04,AirTemp_C_mean,26,19.05195007324221
gep04,00,2026-04-27,2026-05-23,gcrew,noaa_gefs,04,Pressure_Pa,26,101465.875
gep04,00,2026-04-27,2026-05-23,gcrew,noaa_gefs,04,RH_percent_mean,26,65.91939640045166
gep04,00,2026-04-27,2026-05-23,gcrew,noaa_gefs,04,Rain_mm_sum,26,0
gep04,00,2026-04-27,2026-05-23,gcrew,noaa_gefs,04,ShortwaveRadiation_Wm2,26,342.25
gep04,00,2026-04-27,2026-05-23,gcrew,noaa_gefs,04,WindSpeed_ms_mean,26,3.9395944856956513
gep04,00,2026-04-27,2026-05-24,gcrew,noaa_gefs,04,AirTemp_C_mean,27,19.98945007324221
gep04,00,2026-04-27,2026-05-24,gcrew,noaa_gefs,04,Pressure_Pa,27,101342.990234375
gep04,00,2026-04-27,2026-05-24,gcrew,noaa_gefs,04,RH_percent_mean,27,67.63784408569336
gep04,00,2026-04-27,2026-05-24,gcrew,noaa_gefs,04,Rain_mm_sum,27,0
gep04,00,2026-04-27,2026-05-24,gcrew,noaa_gefs,04,ShortwaveRadiation_Wm2,27,291.25
gep04,00,2026-04-27,2026-05-24,gcrew,noaa_gefs,04,WindSpeed_ms_mean,27,1.8987633133925008
gep04,00,2026-04-27,2026-05-25,gcrew,noaa_gefs,04,AirTemp_C_mean,28,20.29615173339846
gep04,00,2026-04-27,2026-05-25,gcrew,noaa_gefs,04,Pressure_Pa,28,100799.01953125
gep04,00,2026-04-27,2026-05-25,gcrew,noaa_gefs,04,RH_percent_mean,28,68.97553539276123
gep04,00,2026-04-27,2026-05-25,gcrew,noaa_gefs,04,Rain_mm_sum,28,0
gep04,00,2026-04-27,2026-05-25,gcrew,noaa_gefs,04,ShortwaveRadiation_Wm2,28,309.75
gep04,00,2026-04-27,2026-05-25,gcrew,noaa_gefs,04,WindSpeed_ms_mean,28,3.282312133189652
gep04,00,2026-04-27,2026-05-26,gcrew,noaa_gefs,04,AirTemp_C_mean,29,23.21851501464846
gep04,00,2026-04-27,2026-05-26,gcrew,noaa_gefs,04,Pressure_Pa,29,100695.197265625
gep04,00,2026-04-27,2026-05-26,gcrew,noaa_gefs,04,RH_percent_mean,29,82.25054931640625
gep04,00,2026-04-27,2026-05-26,gcrew,noaa_gefs,04,Rain_mm_sum,29,4.899999916553497
gep04,00,2026-04-27,2026-05-26,gcrew,noaa_gefs,04,ShortwaveRadiation_Wm2,29,325.5
gep04,00,2026-04-27,2026-05-26,gcrew,noaa_gefs,04,WindSpeed_ms_mean,29,3.3496704517798257
gep04,00,2026-04-27,2026-05-27,gcrew,noaa_gefs,04,AirTemp_C_mean,30,21.77124176025393
gep04,00,2026-04-27,2026-05-27,gcrew,noaa_gefs,04,Pressure_Pa,30,101327.005859375
gep04,00,2026-04-27,2026-05-27,gcrew,noaa_gefs,04,RH_percent_mean,30,82.51387405395508
gep04,00,2026-04-27,2026-05-27,gcrew,noaa_gefs,04,Rain_mm_sum,30,0
gep04,00,2026-04-27,2026-05-27,gcrew,noaa_gefs,04,ShortwaveRadiation_Wm2,30,325.75
gep04,00,2026-04-27,2026-05-27,gcrew,noaa_gefs,04,WindSpeed_ms_mean,30,4.527820202533626
gep04,00,2026-04-27,2026-05-28,gcrew,noaa_gefs,04,AirTemp_C_mean,31,24.39227447509768
gep04,00,2026-04-27,2026-05-28,gcrew,noaa_gefs,04,Pressure_Pa,31,101159.59375
gep04,00,2026-04-27,2026-05-28,gcrew,noaa_gefs,04,RH_percent_mean,31,79.66389560699463
gep04,00,2026-04-27,2026-05-28,gcrew,noaa_gefs,04,Rain_mm_sum,31,2.9999999552965164
gep04,00,2026-04-27,2026-05-28,gcrew,noaa_gefs,04,ShortwaveRadiation_Wm2,31,332.5
gep04,00,2026-04-27,2026-05-28,gcrew,noaa_gefs,04,WindSpeed_ms_mean,31,3.941846018368561
gep04,00,2026-04-27,2026-05-29,gcrew,noaa_gefs,04,AirTemp_C_mean,32,23.499902343750023
gep04,00,2026-04-27,2026-05-29,gcrew,noaa_gefs,04,Pressure_Pa,32,101534.01171875
gep04,00,2026-04-27,2026-05-29,gcrew,noaa_gefs,04,RH_percent_mean,32,81.16684532165527
gep04,00,2026-04-27,2026-05-29,gcrew,noaa_gefs,04,Rain_mm_sum,32,3.3000000715255737
gep04,00,2026-04-27,2026-05-29,gcrew,noaa_gefs,04,ShortwaveRadiation_Wm2,32,322.75
gep04,00,2026-04-27,2026-05-29,gcrew,noaa_gefs,04,WindSpeed_ms_mean,32,3.215779983650272
gep04,00,2026-04-27,2026-05-30,gcrew,noaa_gefs,04,AirTemp_C_mean,33,25.719346618652366
gep04,00,2026-04-27,2026-05-30,gcrew,noaa_gefs,04,Pressure_Pa,33,101169.580078125
gep04,00,2026-04-27,2026-05-30,gcrew,noaa_gefs,04,RH_percent_mean,33,69.18948173522949
gep04,00,2026-04-27,2026-05-30,gcrew,noaa_gefs,04,Rain_mm_sum,33,5.900000095367432
gep04,00,2026-04-27,2026-05-30,gcrew,noaa_gefs,04,ShortwaveRadiation_Wm2,33,328
gep04,00,2026-04-27,2026-05-30,gcrew,noaa_gefs,04,WindSpeed_ms_mean,33,5.024491839967965
gep04,00,2026-04-27,2026-05-31,gcrew,noaa_gefs,04,AirTemp_C_mean,34,19.59900054931643
gep04,00,2026-04-27,2026-05-31,gcrew,noaa_gefs,04,Pressure_Pa,34,101853.44140625
gep04,00,2026-04-27,2026-05-31,gcrew,noaa_gefs,04,RH_percent_mean,34,62.48447799682617
gep04,00,2026-04-27,2026-05-31,gcrew,noaa_gefs,04,Rain_mm_sum,34,0
gep04,00,2026-04-27,2026-05-31,gcrew,noaa_gefs,04,ShortwaveRadiation_Wm2,34,360.25
gep04,00,2026-04-27,2026-05-31,gcrew,noaa_gefs,04,WindSpeed_ms_mean,34,4.692275223673417
gep05,00,2026-04-27,2026-04-28,gcrew,noaa_gefs,05,AirTemp_C_mean,1,11.579675292968773
gep05,00,2026-04-27,2026-04-28,gcrew,noaa_gefs,05,Pressure_Pa,1,101858.66796875
gep05,00,2026-04-27,2026-04-28,gcrew,noaa_gefs,05,RH_percent_mean,1,70.0107069015503
gep05,00,2026-04-27,2026-04-28,gcrew,noaa_gefs,05,Rain_mm_sum,1,2.1800000071525574
gep05,00,2026-04-27,2026-04-28,gcrew,noaa_gefs,05,ShortwaveRadiation_Wm2,1,182.375
gep05,00,2026-04-27,2026-04-28,gcrew,noaa_gefs,05,WindSpeed_ms_mean,1,3.144690806609595
gep05,00,2026-04-27,2026-04-29,gcrew,noaa_gefs,05,AirTemp_C_mean,2,13.038072204589866
gep05,00,2026-04-27,2026-04-29,gcrew,noaa_gefs,05,Pressure_Pa,2,100681.7392578125
gep05,00,2026-04-27,2026-04-29,gcrew,noaa_gefs,05,RH_percent_mean,2,79.37301731109619
gep05,00,2026-04-27,2026-04-29,gcrew,noaa_gefs,05,Rain_mm_sum,2,5.650000095367432
gep05,00,2026-04-27,2026-04-29,gcrew,noaa_gefs,05,ShortwaveRadiation_Wm2,2,123.125
gep05,00,2026-04-27,2026-04-29,gcrew,noaa_gefs,05,WindSpeed_ms_mean,2,6.751690838700274
gep05,00,2026-04-27,2026-04-30,gcrew,noaa_gefs,05,AirTemp_C_mean,3,12.374749755859398
gep05,00,2026-04-27,2026-04-30,gcrew,noaa_gefs,05,Pressure_Pa,3,100118.521484375
gep05,00,2026-04-27,2026-04-30,gcrew,noaa_gefs,05,RH_percent_mean,3,68.30331468582153
gep05,00,2026-04-27,2026-04-30,gcrew,noaa_gefs,05,Rain_mm_sum,3,2.200000047683716
gep05,00,2026-04-27,2026-04-30,gcrew,noaa_gefs,05,ShortwaveRadiation_Wm2,3,336.75
gep05,00,2026-04-27,2026-04-30,gcrew,noaa_gefs,05,WindSpeed_ms_mean,3,6.3404068339236375
gep05,00,2026-04-27,2026-05-01,gcrew,noaa_gefs,05,AirTemp_C_mean,4,11.863782501220726
gep05,00,2026-04-27,2026-05-01,gcrew,noaa_gefs,05,Pressure_Pa,4,100457.115234375
gep05,00,2026-04-27,2026-05-01,gcrew,noaa_gefs,05,RH_percent_mean,4,63.77413034439087
gep05,00,2026-04-27,2026-05-01,gcrew,noaa_gefs,05,Rain_mm_sum,4,0.14999999105930328
gep05,00,2026-04-27,2026-05-01,gcrew,noaa_gefs,05,ShortwaveRadiation_Wm2,4,305.75
gep05,00,2026-04-27,2026-05-01,gcrew,noaa_gefs,05,WindSpeed_ms_mean,4,4.420050426615207
gep05,00,2026-04-27,2026-05-02,gcrew,noaa_gefs,05,AirTemp_C_mean,5,9.424409484863304
gep05,00,2026-04-27,2026-05-02,gcrew,noaa_gefs,05,Pressure_Pa,5,100060.8115234375
gep05,00,2026-04-27,2026-05-02,gcrew,noaa_gefs,05,RH_percent_mean,5,85.62604904174805
gep05,00,2026-04-27,2026-05-02,gcrew,noaa_gefs,05,Rain_mm_sum,5,10.500000223517418
gep05,00,2026-04-27,2026-05-02,gcrew,noaa_gefs,05,ShortwaveRadiation_Wm2,5,49.625
gep05,00,2026-04-27,2026-05-02,gcrew,noaa_gefs,05,WindSpeed_ms_mean,5,6.559776809952508
gep05,00,2026-04-27,2026-05-03,gcrew,noaa_gefs,05,AirTemp_C_mean,6,10.825589752197288
gep05,00,2026-04-27,2026-05-03,gcrew,noaa_gefs,05,Pressure_Pa,6,100683.826171875
gep05,00,2026-04-27,2026-05-03,gcrew,noaa_gefs,05,RH_percent_mean,6,70.58711957931519
gep05,00,2026-04-27,2026-05-03,gcrew,noaa_gefs,05,Rain_mm_sum,6,2.5999999791383743
gep05,00,2026-04-27,2026-05-03,gcrew,noaa_gefs,05,ShortwaveRadiation_Wm2,6,228.625
gep05,00,2026-04-27,2026-05-03,gcrew,noaa_gefs,05,WindSpeed_ms_mean,6,6.259846307795703
gep05,00,2026-04-27,2026-05-04,gcrew,noaa_gefs,05,AirTemp_C_mean,7,12.645486450195335
gep05,00,2026-04-27,2026-05-04,gcrew,noaa_gefs,05,Pressure_Pa,7,101078.326171875
gep05,00,2026-04-27,2026-05-04,gcrew,noaa_gefs,05,RH_percent_mean,7,65.15876054763794
gep05,00,2026-04-27,2026-05-04,gcrew,noaa_gefs,05,Rain_mm_sum,7,0
gep05,00,2026-04-27,2026-05-04,gcrew,noaa_gefs,05,ShortwaveRadiation_Wm2,7,330.375
gep05,00,2026-04-27,2026-05-04,gcrew,noaa_gefs,05,WindSpeed_ms_mean,7,4.1287794168947265
gep05,00,2026-04-27,2026-05-05,gcrew,noaa_gefs,05,AirTemp_C_mean,8,13.514123535156273
gep05,00,2026-04-27,2026-05-05,gcrew,noaa_gefs,05,Pressure_Pa,8,100674.3935546875
gep05,00,2026-04-27,2026-05-05,gcrew,noaa_gefs,05,RH_percent_mean,8,77.96095371246338
gep05,00,2026-04-27,2026-05-05,gcrew,noaa_gefs,05,Rain_mm_sum,8,6.429999984800816
gep05,00,2026-04-27,2026-05-05,gcrew,noaa_gefs,05,ShortwaveRadiation_Wm2,8,102.75
gep05,00,2026-04-27,2026-05-05,gcrew,noaa_gefs,05,WindSpeed_ms_mean,8,3.340704722164043
gep05,00,2026-04-27,2026-05-06,gcrew,noaa_gefs,05,AirTemp_C_mean,9,14.66842476981029
gep05,00,2026-04-27,2026-05-06,gcrew,noaa_gefs,05,Pressure_Pa,9,100426.58035714286
gep05,00,2026-04-27,2026-05-06,gcrew,noaa_gefs,05,RH_percent_mean,9,74.78257206508091
gep05,00,2026-04-27,2026-05-06,gcrew,noaa_gefs,05,Rain_mm_sum,9,2.800000049173832
gep05,00,2026-04-27,2026-05-06,gcrew,noaa_gefs,05,ShortwaveRadiation_Wm2,9,226.57142857142858
gep05,00,2026-04-27,2026-05-06,gcrew,noaa_gefs,05,WindSpeed_ms_mean,9,2.962092818850805
gep05,00,2026-04-27,2026-05-07,gcrew,noaa_gefs,05,AirTemp_C_mean,10,13.210267639160179
gep05,00,2026-04-27,2026-05-07,gcrew,noaa_gefs,05,Pressure_Pa,10,100801.388671875
gep05,00,2026-04-27,2026-05-07,gcrew,noaa_gefs,05,RH_percent_mean,10,64.8941125869751
gep05,00,2026-04-27,2026-05-07,gcrew,noaa_gefs,05,Rain_mm_sum,10,0
gep05,00,2026-04-27,2026-05-07,gcrew,noaa_gefs,05,ShortwaveRadiation_Wm2,10,333.25
gep05,00,2026-04-27,2026-05-07,gcrew,noaa_gefs,05,WindSpeed_ms_mean,10,5.7470248717601695
gep05,00,2026-04-27,2026-05-08,gcrew,noaa_gefs,05,AirTemp_C_mean,11,14.233064270019554
gep05,00,2026-04-27,2026-05-08,gcrew,noaa_gefs,05,Pressure_Pa,11,100949.1875
gep05,00,2026-04-27,2026-05-08,gcrew,noaa_gefs,05,RH_percent_mean,11,63.45889949798584
gep05,00,2026-04-27,2026-05-08,gcrew,noaa_gefs,05,Rain_mm_sum,11,0
gep05,00,2026-04-27,2026-05-08,gcrew,noaa_gefs,05,ShortwaveRadiation_Wm2,11,323.25
gep05,00,2026-04-27,2026-05-08,gcrew,noaa_gefs,05,WindSpeed_ms_mean,11,4.1680753706171
gep05,00,2026-04-27,2026-05-09,gcrew,noaa_gefs,05,AirTemp_C_mean,12,16.69899139404299
gep05,00,2026-04-27,2026-05-09,gcrew,noaa_gefs,05,Pressure_Pa,12,99939.416015625
gep05,00,2026-04-27,2026-05-09,gcrew,noaa_gefs,05,RH_percent_mean,12,93.10905075073242
gep05,00,2026-04-27,2026-05-09,gcrew,noaa_gefs,05,Rain_mm_sum,12,19.40000009536743
gep05,00,2026-04-27,2026-05-09,gcrew,noaa_gefs,05,ShortwaveRadiation_Wm2,12,75
gep05,00,2026-04-27,2026-05-09,gcrew,noaa_gefs,05,WindSpeed_ms_mean,12,5.098757673087844
gep05,00,2026-04-27,2026-05-10,gcrew,noaa_gefs,05,AirTemp_C_mean,13,13.901696777343773
gep05,00,2026-04-27,2026-05-10,gcrew,noaa_gefs,05,Pressure_Pa,13,101187.380859375
gep05,00,2026-04-27,2026-05-10,gcrew,noaa_gefs,05,RH_percent_mean,13,62.095730781555176
gep05,00,2026-04-27,2026-05-10,gcrew,noaa_gefs,05,Rain_mm_sum,13,0.10000000149011612
gep05,00,2026-04-27,2026-05-10,gcrew,noaa_gefs,05,ShortwaveRadiation_Wm2,13,344.5
gep05,00,2026-04-27,2026-05-10,gcrew,noaa_gefs,05,WindSpeed_ms_mean,13,4.143133742887205
gep05,00,2026-04-27,2026-05-11,gcrew,noaa_gefs,05,AirTemp_C_mean,14,15.09168395996096
gep05,00,2026-04-27,2026-05-11,gcrew,noaa_gefs,05,Pressure_Pa,14,102241.033203125
gep05,00,2026-04-27,2026-05-11,gcrew,noaa_gefs,05,RH_percent_mean,14,62.015602111816406
gep05,00,2026-04-27,2026-05-11,gcrew,noaa_gefs,05,Rain_mm_sum,14,0
gep05,00,2026-04-27,2026-05-11,gcrew,noaa_gefs,05,ShortwaveRadiation_Wm2,14,339.75
gep05,00,2026-04-27,2026-05-11,gcrew,noaa_gefs,05,WindSpeed_ms_mean,14,4.706386471173322
gep05,00,2026-04-27,2026-05-12,gcrew,noaa_gefs,05,AirTemp_C_mean,15,17.251084899902366
gep05,00,2026-04-27,2026-05-12,gcrew,noaa_gefs,05,Pressure_Pa,15,102263.9921875
gep05,00,2026-04-27,2026-05-12,gcrew,noaa_gefs,05,RH_percent_mean,15,75.52095794677734
gep05,00,2026-04-27,2026-05-12,gcrew,noaa_gefs,05,Rain_mm_sum,15,0
gep05,00,2026-04-27,2026-05-12,gcrew,noaa_gefs,05,ShortwaveRadiation_Wm2,15,336
gep05,00,2026-04-27,2026-05-12,gcrew,noaa_gefs,05,WindSpeed_ms_mean,15,7.010430330005118
gep05,00,2026-04-27,2026-05-13,gcrew,noaa_gefs,05,AirTemp_C_mean,16,19.49273834228518
gep05,00,2026-04-27,2026-05-13,gcrew,noaa_gefs,05,Pressure_Pa,16,101710.423828125
gep05,00,2026-04-27,2026-05-13,gcrew,noaa_gefs,05,RH_percent_mean,16,90.239959716796875
gep05,00,2026-04-27,2026-05-13,gcrew,noaa_gefs,05,Rain_mm_sum,16,2.800000049173832
gep05,00,2026-04-27,2026-05-13,gcrew,noaa_gefs,05,ShortwaveRadiation_Wm2,16,215.75
gep05,00,2026-04-27,2026-05-13,gcrew,noaa_gefs,05,WindSpeed_ms_mean,16,6.026004144410448
gep05,00,2026-04-27,2026-05-14,gcrew,noaa_gefs,05,AirTemp_C_mean,17,18.513650512695335
gep05,00,2026-04-27,2026-05-14,gcrew,noaa_gefs,05,Pressure_Pa,17,101608.88671875
gep05,00,2026-04-27,2026-05-14,gcrew,noaa_gefs,05,RH_percent_mean,17,86.30577850341797
gep05,00,2026-04-27,2026-05-14,gcrew,noaa_gefs,05,Rain_mm_sum,17,12.900000095367432
gep05,00,2026-04-27,2026-05-14,gcrew,noaa_gefs,05,ShortwaveRadiation_Wm2,17,185.75
gep05,00,2026-04-27,2026-05-14,gcrew,noaa_gefs,05,WindSpeed_ms_mean,17,4.270036840520563
gep05,00,2026-04-27,2026-05-15,gcrew,noaa_gefs,05,AirTemp_C_mean,18,15.910485839843773
gep05,00,2026-04-27,2026-05-15,gcrew,noaa_gefs,05,Pressure_Pa,18,102181.615234375
gep05,00,2026-04-27,2026-05-15,gcrew,noaa_gefs,05,RH_percent_mean,18,76.19487285614014
gep05,00,2026-04-27,2026-05-15,gcrew,noaa_gefs,05,Rain_mm_sum,18,0
gep05,00,2026-04-27,2026-05-15,gcrew,noaa_gefs,05,ShortwaveRadiation_Wm2,18,343.5
gep05,00,2026-04-27,2026-05-15,gcrew,noaa_gefs,05,WindSpeed_ms_mean,18,3.9490240974844317
gep05,00,2026-04-27,2026-05-16,gcrew,noaa_gefs,05,AirTemp_C_mean,19,20.577661132812523
gep05,00,2026-04-27,2026-05-16,gcrew,noaa_gefs,05,Pressure_Pa,19,101713.755859375
gep05,00,2026-04-27,2026-05-16,gcrew,noaa_gefs,05,RH_percent_mean,19,80.4810848236084
gep05,00,2026-04-27,2026-05-16,gcrew,noaa_gefs,05,Rain_mm_sum,19,1.1000000014901161
gep05,00,2026-04-27,2026-05-16,gcrew,noaa_gefs,05,ShortwaveRadiation_Wm2,19,322.75
gep05,00,2026-04-27,2026-05-16,gcrew,noaa_gefs,05,WindSpeed_ms_mean,19,4.781925626210346
gep05,00,2026-04-27,2026-05-17,gcrew,noaa_gefs,05,AirTemp_C_mean,20,22.937905883789085
gep05,00,2026-04-27,2026-05-17,gcrew,noaa_gefs,05,Pressure_Pa,20,101673.8359375
gep05,00,2026-04-27,2026-05-17,gcrew,noaa_gefs,05,RH_percent_mean,20,77.38579750061035
gep05,00,2026-04-27,2026-05-17,gcrew,noaa_gefs,05,Rain_mm_sum,20,4.300000049173832
gep05,00,2026-04-27,2026-05-17,gcrew,noaa_gefs,05,ShortwaveRadiation_Wm2,20,295.25
gep05,00,2026-04-27,2026-05-17,gcrew,noaa_gefs,05,WindSpeed_ms_mean,20,3.0308602990974056
gep05,00,2026-04-27,2026-05-18,gcrew,noaa_gefs,05,AirTemp_C_mean,21,24.01905212402346
gep05,00,2026-04-27,2026-05-18,gcrew,noaa_gefs,05,Pressure_Pa,21,101460.267578125
gep05,00,2026-04-27,2026-05-18,gcrew,noaa_gefs,05,RH_percent_mean,21,76.18959331512451
gep05,00,2026-04-27,2026-05-18,gcrew,noaa_gefs,05,Rain_mm_sum,21,16.80000078678131
gep05,00,2026-04-27,2026-05-18,gcrew,noaa_gefs,05,ShortwaveRadiation_Wm2,21,296
gep05,00,2026-04-27,2026-05-18,gcrew,noaa_gefs,05,WindSpeed_ms_mean,21,3.073193730264629
gep05,00,2026-04-27,2026-05-19,gcrew,noaa_gefs,05,AirTemp_C_mean,22,25.510980224609398
gep05,00,2026-04-27,2026-05-19,gcrew,noaa_gefs,05,Pressure_Pa,22,100955.107421875
gep05,00,2026-04-27,2026-05-19,gcrew,noaa_gefs,05,RH_percent_mean,22,70.90894889831543
gep05,00,2026-04-27,2026-05-19,gcrew,noaa_gefs,05,Rain_mm_sum,22,1.600000038743019
gep05,00,2026-04-27,2026-05-19,gcrew,noaa_gefs,05,ShortwaveRadiation_Wm2,22,224
gep05,00,2026-04-27,2026-05-19,gcrew,noaa_gefs,05,WindSpeed_ms_mean,22,2.4858541001805587
gep05,00,2026-04-27,2026-05-20,gcrew,noaa_gefs,05,AirTemp_C_mean,23,21.864289855957054
gep05,00,2026-04-27,2026-05-20,gcrew,noaa_gefs,05,Pressure_Pa,23,101018.095703125
gep05,00,2026-04-27,2026-05-20,gcrew,noaa_gefs,05,RH_percent_mean,23,67.23811626434326
gep05,00,2026-04-27,2026-05-20,gcrew,noaa_gefs,05,Rain_mm_sum,23,0.30000001192092896
gep05,00,2026-04-27,2026-05-20,gcrew,noaa_gefs,05,ShortwaveRadiation_Wm2,23,327.25
gep05,00,2026-04-27,2026-05-20,gcrew,noaa_gefs,05,WindSpeed_ms_mean,23,4.555111160571268
gep05,00,2026-04-27,2026-05-21,gcrew,noaa_gefs,05,AirTemp_C_mean,24,19.262673950195335
gep05,00,2026-04-27,2026-05-21,gcrew,noaa_gefs,05,Pressure_Pa,24,101705.2734375
gep05,00,2026-04-27,2026-05-21,gcrew,noaa_gefs,05,RH_percent_mean,24,62.426734924316406
gep05,00,2026-04-27,2026-05-21,gcrew,noaa_gefs,05,Rain_mm_sum,24,0
gep05,00,2026-04-27,2026-05-21,gcrew,noaa_gefs,05,ShortwaveRadiation_Wm2,24,345.75
gep05,00,2026-04-27,2026-05-21,gcrew,noaa_gefs,05,WindSpeed_ms_mean,24,2.407734619792761
gep05,00,2026-04-27,2026-05-22,gcrew,noaa_gefs,05,AirTemp_C_mean,25,19.581025695800804
gep05,00,2026-04-27,2026-05-22,gcrew,noaa_gefs,05,Pressure_Pa,25,101598.32421875
gep05,00,2026-04-27,2026-05-22,gcrew,noaa_gefs,05,RH_percent_mean,25,67.51792812347412
gep05,00,2026-04-27,2026-05-22,gcrew,noaa_gefs,05,Rain_mm_sum,25,0
gep05,00,2026-04-27,2026-05-22,gcrew,noaa_gefs,05,ShortwaveRadiation_Wm2,25,339.25
gep05,00,2026-04-27,2026-05-22,gcrew,noaa_gefs,05,WindSpeed_ms_mean,25,4.837275644483171
gep05,00,2026-04-27,2026-05-23,gcrew,noaa_gefs,05,AirTemp_C_mean,26,19.05195007324221
gep05,00,2026-04-27,2026-05-23,gcrew,noaa_gefs,05,Pressure_Pa,26,101465.875
gep05,00,2026-04-27,2026-05-23,gcrew,noaa_gefs,05,RH_percent_mean,26,65.91939640045166
gep05,00,2026-04-27,2026-05-23,gcrew,noaa_gefs,05,Rain_mm_sum,26,0
gep05,00,2026-04-27,2026-05-23,gcrew,noaa_gefs,05,ShortwaveRadiation_Wm2,26,342.25
gep05,00,2026-04-27,2026-05-23,gcrew,noaa_gefs,05,WindSpeed_ms_mean,26,3.9395944856956513
gep05,00,2026-04-27,2026-05-24,gcrew,noaa_gefs,05,AirTemp_C_mean,27,19.98945007324221
gep05,00,2026-04-27,2026-05-24,gcrew,noaa_gefs,05,Pressure_Pa,27,101342.990234375
gep05,00,2026-04-27,2026-05-24,gcrew,noaa_gefs,05,RH_percent_mean,27,67.63784408569336
gep05,00,2026-04-27,2026-05-24,gcrew,noaa_gefs,05,Rain_mm_sum,27,0
gep05,00,2026-04-27,2026-05-24,gcrew,noaa_gefs,05,ShortwaveRadiation_Wm2,27,291.25
gep05,00,2026-04-27,2026-05-24,gcrew,noaa_gefs,05,WindSpeed_ms_mean,27,1.8987633133925008
gep05,00,2026-04-27,2026-05-25,gcrew,noaa_gefs,05,AirTemp_C_mean,28,20.29615173339846
gep05,00,2026-04-27,2026-05-25,gcrew,noaa_gefs,05,Pressure_Pa,28,100799.01953125
gep05,00,2026-04-27,2026-05-25,gcrew,noaa_gefs,05,RH_percent_mean,28,68.97553539276123
gep05,00,2026-04-27,2026-05-25,gcrew,noaa_gefs,05,Rain_mm_sum,28,0
gep05,00,2026-04-27,2026-05-25,gcrew,noaa_gefs,05,ShortwaveRadiation_Wm2,28,309.75
gep05,00,2026-04-27,2026-05-25,gcrew,noaa_gefs,05,WindSpeed_ms_mean,28,3.282312133189652
gep05,00,2026-04-27,2026-05-26,gcrew,noaa_gefs,05,AirTemp_C_mean,29,23.21851501464846
gep05,00,2026-04-27,2026-05-26,gcrew,noaa_gefs,05,Pressure_Pa,29,100695.197265625
gep05,00,2026-04-27,2026-05-26,gcrew,noaa_gefs,05,RH_percent_mean,29,82.25054931640625
gep05,00,2026-04-27,2026-05-26,gcrew,noaa_gefs,05,Rain_mm_sum,29,4.899999916553497
gep05,00,2026-04-27,2026-05-26,gcrew,noaa_gefs,05,ShortwaveRadiation_Wm2,29,325.5
gep05,00,2026-04-27,2026-05-26,gcrew,noaa_gefs,05,WindSpeed_ms_mean,29,3.3496704517798257
gep05,00,2026-04-27,2026-05-27,gcrew,noaa_gefs,05,AirTemp_C_mean,30,21.77124176025393
gep05,00,2026-04-27,2026-05-27,gcrew,noaa_gefs,05,Pressure_Pa,30,101327.005859375
gep05,00,2026-04-27,2026-05-27,gcrew,noaa_gefs,05,RH_percent_mean,30,82.51387405395508
gep05,00,2026-04-27,2026-05-27,gcrew,noaa_gefs,05,Rain_mm_sum,30,0
gep05,00,2026-04-27,2026-05-27,gcrew,noaa_gefs,05,ShortwaveRadiation_Wm2,30,325.75
gep05,00,2026-04-27,2026-05-27,gcrew,noaa_gefs,05,WindSpeed_ms_mean,30,4.527820202533626
gep05,00,2026-04-27,2026-05-28,gcrew,noaa_gefs,05,AirTemp_C_mean,31,24.39227447509768
gep05,00,2026-04-27,2026-05-28,gcrew,noaa_gefs,05,Pressure_Pa,31,101159.59375
gep05,00,2026-04-27,2026-05-28,gcrew,noaa_gefs,05,RH_percent_mean,31,79.66389560699463
gep05,00,2026-04-27,2026-05-28,gcrew,noaa_gefs,05,Rain_mm_sum,31,2.9999999552965164
gep05,00,2026-04-27,2026-05-28,gcrew,noaa_gefs,05,ShortwaveRadiation_Wm2,31,332.5
gep05,00,2026-04-27,2026-05-28,gcrew,noaa_gefs,05,WindSpeed_ms_mean,31,3.941846018368561
gep05,00,2026-04-27,2026-05-29,gcrew,noaa_gefs,05,AirTemp_C_mean,32,23.499902343750023
gep05,00,2026-04-27,2026-05-29,gcrew,noaa_gefs,05,Pressure_Pa,32,101534.01171875
gep05,00,2026-04-27,2026-05-29,gcrew,noaa_gefs,05,RH_percent_mean,32,81.16684532165527
gep05,00,2026-04-27,2026-05-29,gcrew,noaa_gefs,05,Rain_mm_sum,32,3.3000000715255737
gep05,00,2026-04-27,2026-05-29,gcrew,noaa_gefs,05,ShortwaveRadiation_Wm2,32,322.75
gep05,00,2026-04-27,2026-05-29,gcrew,noaa_gefs,05,WindSpeed_ms_mean,32,3.215779983650272
gep05,00,2026-04-27,2026-05-30,gcrew,noaa_gefs,05,AirTemp_C_mean,33,25.719346618652366
gep05,00,2026-04-27,2026-05-30,gcrew,noaa_gefs,05,Pressure_Pa,33,101169.580078125
gep05,00,2026-04-27,2026-05-30,gcrew,noaa_gefs,05,RH_percent_mean,33,69.18948173522949
gep05,00,2026-04-27,2026-05-30,gcrew,noaa_gefs,05,Rain_mm_sum,33,5.900000095367432
gep05,00,2026-04-27,2026-05-30,gcrew,noaa_gefs,05,ShortwaveRadiation_Wm2,33,328
gep05,00,2026-04-27,2026-05-30,gcrew,noaa_gefs,05,WindSpeed_ms_mean,33,5.024491839967965
gep05,00,2026-04-27,2026-05-31,gcrew,noaa_gefs,05,AirTemp_C_mean,34,19.59900054931643
gep05,00,2026-04-27,2026-05-31,gcrew,noaa_gefs,05,Pressure_Pa,34,101853.44140625
gep05,00,2026-04-27,2026-05-31,gcrew,noaa_gefs,05,RH_percent_mean,34,62.48447799682617
gep05,00,2026-04-27,2026-05-31,gcrew,noaa_gefs,05,Rain_mm_sum,34,0
gep05,00,2026-04-27,2026-05-31,gcrew,noaa_gefs,05,ShortwaveRadiation_Wm2,34,360.25
gep05,00,2026-04-27,2026-05-31,gcrew,noaa_gefs,05,WindSpeed_ms_mean,34,4.692275223673417
gep06,00,2026-04-27,2026-04-28,gcrew,noaa_gefs,06,AirTemp_C_mean,1,11.579675292968773
gep06,00,2026-04-27,2026-04-28,gcrew,noaa_gefs,06,Pressure_Pa,1,101858.66796875
gep06,00,2026-04-27,2026-04-28,gcrew,noaa_gefs,06,RH_percent_mean,1,70.0107069015503
gep06,00,2026-04-27,2026-04-28,gcrew,noaa_gefs,06,Rain_mm_sum,1,2.1800000071525574
gep06,00,2026-04-27,2026-04-28,gcrew,noaa_gefs,06,ShortwaveRadiation_Wm2,1,182.375
gep06,00,2026-04-27,2026-04-28,gcrew,noaa_gefs,06,WindSpeed_ms_mean,1,3.144690806609595
gep06,00,2026-04-27,2026-04-29,gcrew,noaa_gefs,06,AirTemp_C_mean,2,13.038072204589866
gep06,00,2026-04-27,2026-04-29,gcrew,noaa_gefs,06,Pressure_Pa,2,100681.7392578125
gep06,00,2026-04-27,2026-04-29,gcrew,noaa_gefs,06,RH_percent_mean,2,79.37301731109619
gep06,00,2026-04-27,2026-04-29,gcrew,noaa_gefs,06,Rain_mm_sum,2,5.650000095367432
gep06,00,2026-04-27,2026-04-29,gcrew,noaa_gefs,06,ShortwaveRadiation_Wm2,2,123.125
gep06,00,2026-04-27,2026-04-29,gcrew,noaa_gefs,06,WindSpeed_ms_mean,2,6.751690838700274
gep06,00,2026-04-27,2026-04-30,gcrew,noaa_gefs,06,AirTemp_C_mean,3,12.374749755859398
gep06,00,2026-04-27,2026-04-30,gcrew,noaa_gefs,06,Pressure_Pa,3,100118.521484375
gep06,00,2026-04-27,2026-04-30,gcrew,noaa_gefs,06,RH_percent_mean,3,68.30331468582153
gep06,00,2026-04-27,2026-04-30,gcrew,noaa_gefs,06,Rain_mm_sum,3,2.200000047683716
gep06,00,2026-04-27,2026-04-30,gcrew,noaa_gefs,06,ShortwaveRadiation_Wm2,3,336.75
gep06,00,2026-04-27,2026-04-30,gcrew,noaa_gefs,06,WindSpeed_ms_mean,3,6.3404068339236375
gep06,00,2026-04-27,2026-05-01,gcrew,noaa_gefs,06,AirTemp_C_mean,4,11.863782501220726
gep06,00,2026-04-27,2026-05-01,gcrew,noaa_gefs,06,Pressure_Pa,4,100457.115234375
gep06,00,2026-04-27,2026-05-01,gcrew,noaa_gefs,06,RH_percent_mean,4,63.77413034439087
gep06,00,2026-04-27,2026-05-01,gcrew,noaa_gefs,06,Rain_mm_sum,4,0.14999999105930328
gep06,00,2026-04-27,2026-05-01,gcrew,noaa_gefs,06,ShortwaveRadiation_Wm2,4,305.75
gep06,00,2026-04-27,2026-05-01,gcrew,noaa_gefs,06,WindSpeed_ms_mean,4,4.420050426615207
gep06,00,2026-04-27,2026-05-02,gcrew,noaa_gefs,06,AirTemp_C_mean,5,9.424409484863304
gep06,00,2026-04-27,2026-05-02,gcrew,noaa_gefs,06,Pressure_Pa,5,100060.8115234375
gep06,00,2026-04-27,2026-05-02,gcrew,noaa_gefs,06,RH_percent_mean,5,85.62604904174805
gep06,00,2026-04-27,2026-05-02,gcrew,noaa_gefs,06,Rain_mm_sum,5,10.500000223517418
gep06,00,2026-04-27,2026-05-02,gcrew,noaa_gefs,06,ShortwaveRadiation_Wm2,5,49.625
gep06,00,2026-04-27,2026-05-02,gcrew,noaa_gefs,06,WindSpeed_ms_mean,5,6.559776809952508
gep06,00,2026-04-27,2026-05-03,gcrew,noaa_gefs,06,AirTemp_C_mean,6,10.825589752197288
gep06,00,2026-04-27,2026-05-03,gcrew,noaa_gefs,06,Pressure_Pa,6,100683.826171875
gep06,00,2026-04-27,2026-05-03,gcrew,noaa_gefs,06,RH_percent_mean,6,70.58711957931519
gep06,00,2026-04-27,2026-05-03,gcrew,noaa_gefs,06,Rain_mm_sum,6,2.5999999791383743
gep06,00,2026-04-27,2026-05-03,gcrew,noaa_gefs,06,ShortwaveRadiation_Wm2,6,228.625
gep06,00,2026-04-27,2026-05-03,gcrew,noaa_gefs,06,WindSpeed_ms_mean,6,6.259846307795703
gep06,00,2026-04-27,2026-05-04,gcrew,noaa_gefs,06,AirTemp_C_mean,7,12.645486450195335
gep06,00,2026-04-27,2026-05-04,gcrew,noaa_gefs,06,Pressure_Pa,7,101078.326171875
gep06,00,2026-04-27,2026-05-04,gcrew,noaa_gefs,06,RH_percent_mean,7,65.15876054763794
gep06,00,2026-04-27,2026-05-04,gcrew,noaa_gefs,06,Rain_mm_sum,7,0
gep06,00,2026-04-27,2026-05-04,gcrew,noaa_gefs,06,ShortwaveRadiation_Wm2,7,330.375
gep06,00,2026-04-27,2026-05-04,gcrew,noaa_gefs,06,WindSpeed_ms_mean,7,4.1287794168947265
gep06,00,2026-04-27,2026-05-05,gcrew,noaa_gefs,06,AirTemp_C_mean,8,13.514123535156273
gep06,00,2026-04-27,2026-05-05,gcrew,noaa_gefs,06,Pressure_Pa,8,100674.3935546875
gep06,00,2026-04-27,2026-05-05,gcrew,noaa_gefs,06,RH_percent_mean,8,77.96095371246338
gep06,00,2026-04-27,2026-05-05,gcrew,noaa_gefs,06,Rain_mm_sum,8,6.429999984800816
gep06,00,2026-04-27,2026-05-05,gcrew,noaa_gefs,06,ShortwaveRadiation_Wm2,8,102.75
gep06,00,2026-04-27,2026-05-05,gcrew,noaa_gefs,06,WindSpeed_ms_mean,8,3.340704722164043
gep06,00,2026-04-27,2026-05-06,gcrew,noaa_gefs,06,AirTemp_C_mean,9,14.66842476981029
gep06,00,2026-04-27,2026-05-06,gcrew,noaa_gefs,06,Pressure_Pa,9,100426.58035714286
gep06,00,2026-04-27,2026-05-06,gcrew,noaa_gefs,06,RH_percent_mean,9,74.78257206508091
gep06,00,2026-04-27,2026-05-06,gcrew,noaa_gefs,06,Rain_mm_sum,9,2.800000049173832
gep06,00,2026-04-27,2026-05-06,gcrew,noaa_gefs,06,ShortwaveRadiation_Wm2,9,226.57142857142858
gep06,00,2026-04-27,2026-05-06,gcrew,noaa_gefs,06,WindSpeed_ms_mean,9,2.962092818850805
gep06,00,2026-04-27,2026-05-07,gcrew,noaa_gefs,06,AirTemp_C_mean,10,13.210267639160179
gep06,00,2026-04-27,2026-05-07,gcrew,noaa_gefs,06,Pressure_Pa,10,100801.388671875
gep06,00,2026-04-27,2026-05-07,gcrew,noaa_gefs,06,RH_percent_mean,10,64.8941125869751
gep06,00,2026-04-27,2026-05-07,gcrew,noaa_gefs,06,Rain_mm_sum,10,0
gep06,00,2026-04-27,2026-05-07,gcrew,noaa_gefs,06,ShortwaveRadiation_Wm2,10,333.25
gep06,00,2026-04-27,2026-05-07,gcrew,noaa_gefs,06,WindSpeed_ms_mean,10,5.7470248717601695
gep06,00,2026-04-27,2026-05-08,gcrew,noaa_gefs,06,AirTemp_C_mean,11,14.233064270019554
gep06,00,2026-04-27,2026-05-08,gcrew,noaa_gefs,06,Pressure_Pa,11,100949.1875
gep06,00,2026-04-27,2026-05-08,gcrew,noaa_gefs,06,RH_percent_mean,11,63.45889949798584
gep06,00,2026-04-27,2026-05-08,gcrew,noaa_gefs,06,Rain_mm_sum,11,0
gep06,00,2026-04-27,2026-05-08,gcrew,noaa_gefs,06,ShortwaveRadiation_Wm2,11,323.25
gep06,00,2026-04-27,2026-05-08,gcrew,noaa_gefs,06,WindSpeed_ms_mean,11,4.1680753706171
gep06,00,2026-04-27,2026-05-09,gcrew,noaa_gefs,06,AirTemp_C_mean,12,16.69899139404299
gep06,00,2026-04-27,2026-05-09,gcrew,noaa_gefs,06,Pressure_Pa,12,99939.416015625
gep06,00,2026-04-27,2026-05-09,gcrew,noaa_gefs,06,RH_percent_mean,12,93.10905075073242
gep06,00,2026-04-27,2026-05-09,gcrew,noaa_gefs,06,Rain_mm_sum,12,19.40000009536743
gep06,00,2026-04-27,2026-05-09,gcrew,noaa_gefs,06,ShortwaveRadiation_Wm2,12,75
gep06,00,2026-04-27,2026-05-09,gcrew,noaa_gefs,06,WindSpeed_ms_mean,12,5.098757673087844
gep06,00,2026-04-27,2026-05-10,gcrew,noaa_gefs,06,AirTemp_C_mean,13,13.901696777343773
gep06,00,2026-04-27,2026-05-10,gcrew,noaa_gefs,06,Pressure_Pa,13,101187.380859375
gep06,00,2026-04-27,2026-05-10,gcrew,noaa_gefs,06,RH_percent_mean,13,62.095730781555176
gep06,00,2026-04-27,2026-05-10,gcrew,noaa_gefs,06,Rain_mm_sum,13,0.10000000149011612
gep06,00,2026-04-27,2026-05-10,gcrew,noaa_gefs,06,ShortwaveRadiation_Wm2,13,344.5
gep06,00,2026-04-27,2026-05-10,gcrew,noaa_gefs,06,WindSpeed_ms_mean,13,4.143133742887205
gep06,00,2026-04-27,2026-05-11,gcrew,noaa_gefs,06,AirTemp_C_mean,14,15.09168395996096
gep06,00,2026-04-27,2026-05-11,gcrew,noaa_gefs,06,Pressure_Pa,14,102241.033203125
gep06,00,2026-04-27,2026-05-11,gcrew,noaa_gefs,06,RH_percent_mean,14,62.015602111816406
gep06,00,2026-04-27,2026-05-11,gcrew,noaa_gefs,06,Rain_mm_sum,14,0
gep06,00,2026-04-27,2026-05-11,gcrew,noaa_gefs,06,ShortwaveRadiation_Wm2,14,339.75
gep06,00,2026-04-27,2026-05-11,gcrew,noaa_gefs,06,WindSpeed_ms_mean,14,4.706386471173322
gep06,00,2026-04-27,2026-05-12,gcrew,noaa_gefs,06,AirTemp_C_mean,15,17.251084899902366
gep06,00,2026-04-27,2026-05-12,gcrew,noaa_gefs,06,Pressure_Pa,15,102263.9921875
gep06,00,2026-04-27,2026-05-12,gcrew,noaa_gefs,06,RH_percent_mean,15,75.52095794677734
gep06,00,2026-04-27,2026-05-12,gcrew,noaa_gefs,06,Rain_mm_sum,15,0
gep06,00,2026-04-27,2026-05-12,gcrew,noaa_gefs,06,ShortwaveRadiation_Wm2,15,336
gep06,00,2026-04-27,2026-05-12,gcrew,noaa_gefs,06,WindSpeed_ms_mean,15,7.010430330005118
gep06,00,2026-04-27,2026-05-13,gcrew,noaa_gefs,06,AirTemp_C_mean,16,19.49273834228518
gep06,00,2026-04-27,2026-05-13,gcrew,noaa_gefs,06,Pressure_Pa,16,101710.423828125
gep06,00,2026-04-27,2026-05-13,gcrew,noaa_gefs,06,RH_percent_mean,16,90.239959716796875
gep06,00,2026-04-27,2026-05-13,gcrew,noaa_gefs,06,Rain_mm_sum,16,2.800000049173832
gep06,00,2026-04-27,2026-05-13,gcrew,noaa_gefs,06,ShortwaveRadiation_Wm2,16,215.75
gep06,00,2026-04-27,2026-05-13,gcrew,noaa_gefs,06,WindSpeed_ms_mean,16,6.026004144410448
gep06,00,2026-04-27,2026-05-14,gcrew,noaa_gefs,06,AirTemp_C_mean,17,18.513650512695335
gep06,00,2026-04-27,2026-05-14,gcrew,noaa_gefs,06,Pressure_Pa,17,101608.88671875
gep06,00,2026-04-27,2026-05-14,gcrew,noaa_gefs,06,RH_percent_mean,17,86.30577850341797
gep06,00,2026-04-27,2026-05-14,gcrew,noaa_gefs,06,Rain_mm_sum,17,12.900000095367432
gep06,00,2026-04-27,2026-05-14,gcrew,noaa_gefs,06,ShortwaveRadiation_Wm2,17,185.75
gep06,00,2026-04-27,2026-05-14,gcrew,noaa_gefs,06,WindSpeed_ms_mean,17,4.270036840520563
gep06,00,2026-04-27,2026-05-15,gcrew,noaa_gefs,06,AirTemp_C_mean,18,15.910485839843773
gep06,00,2026-04-27,2026-05-15,gcrew,noaa_gefs,06,Pressure_Pa,18,102181.615234375
gep06,00,2026-04-27,2026-05-15,gcrew,noaa_gefs,06,RH_percent_mean,18,76.19487285614014
gep06,00,2026-04-27,2026-05-15,gcrew,noaa_gefs,06,Rain_mm_sum,18,0
gep06,00,2026-04-27,2026-05-15,gcrew,noaa_gefs,06,ShortwaveRadiation_Wm2,18,343.5
gep06,00,2026-04-27,2026-05-15,gcrew,noaa_gefs,06,WindSpeed_ms_mean,18,3.9490240974844317
gep06,00,2026-04-27,2026-05-16,gcrew,noaa_gefs,06,AirTemp_C_mean,19,20.577661132812523
gep06,00,2026-04-27,2026-05-16,gcrew,noaa_gefs,06,Pressure_Pa,19,101713.755859375
gep06,00,2026-04-27,2026-05-16,gcrew,noaa_gefs,06,RH_percent_mean,19,80.4810848236084
gep06,00,2026-04-27,2026-05-16,gcrew,noaa_gefs,06,Rain_mm_sum,19,1.1000000014901161
gep06,00,2026-04-27,2026-05-16,gcrew,noaa_gefs,06,ShortwaveRadiation_Wm2,19,322.75
gep06,00,2026-04-27,2026-05-16,gcrew,noaa_gefs,06,WindSpeed_ms_mean,19,4.781925626210346
gep06,00,2026-04-27,2026-05-17,gcrew,noaa_gefs,06,AirTemp_C_mean,20,22.937905883789085
gep06,00,2026-04-27,2026-05-17,gcrew,noaa_gefs,06,Pressure_Pa,20,101673.8359375
gep06,00,2026-04-27,2026-05-17,gcrew,noaa_gefs,06,RH_percent_mean,20,77.38579750061035
gep06,00,2026-04-27,2026-05-17,gcrew,noaa_gefs,06,Rain_mm_sum,20,4.300000049173832
gep06,00,2026-04-27,2026-05-17,gcrew,noaa_gefs,06,ShortwaveRadiation_Wm2,20,295.25
gep06,00,2026-04-27,2026-05-17,gcrew,noaa_gefs,06,WindSpeed_ms_mean,20,3.0308602990974056
gep06,00,2026-04-27,2026-05-18,gcrew,noaa_gefs,06,AirTemp_C_mean,21,24.01905212402346
gep06,00,2026-04-27,2026-05-18,gcrew,noaa_gefs,06,Pressure_Pa,21,101460.267578125
gep06,00,2026-04-27,2026-05-18,gcrew,noaa_gefs,06,RH_percent_mean,21,76.18959331512451
gep06,00,2026-04-27,2026-05-18,gcrew,noaa_gefs,06,Rain_mm_sum,21,16.80000078678131
gep06,00,2026-04-27,2026-05-18,gcrew,noaa_gefs,06,ShortwaveRadiation_Wm2,21,296
gep06,00,2026-04-27,2026-05-18,gcrew,noaa_gefs,06,WindSpeed_ms_mean,21,3.073193730264629
gep06,00,2026-04-27,2026-05-19,gcrew,noaa_gefs,06,AirTemp_C_mean,22,25.510980224609398
gep06,00,2026-04-27,2026-05-19,gcrew,noaa_gefs,06,Pressure_Pa,22,100955.107421875
gep06,00,2026-04-27,2026-05-19,gcrew,noaa_gefs,06,RH_percent_mean,22,70.90894889831543
gep06,00,2026-04-27,2026-05-19,gcrew,noaa_gefs,06,Rain_mm_sum,22,1.600000038743019
gep06,00,2026-04-27,2026-05-19,gcrew,noaa_gefs,06,ShortwaveRadiation_Wm2,22,224
gep06,00,2026-04-27,2026-05-19,gcrew,noaa_gefs,06,WindSpeed_ms_mean,22,2.4858541001805587
gep06,00,2026-04-27,2026-05-20,gcrew,noaa_gefs,06,AirTemp_C_mean,23,21.864289855957054
gep06,00,2026-04-27,2026-05-20,gcrew,noaa_gefs,06,Pressure_Pa,23,101018.095703125
gep06,00,2026-04-27,2026-05-20,gcrew,noaa_gefs,06,RH_percent_mean,23,67.23811626434326
gep06,00,2026-04-27,2026-05-20,gcrew,noaa_gefs,06,Rain_mm_sum,23,0.30000001192092896
gep06,00,2026-04-27,2026-05-20,gcrew,noaa_gefs,06,ShortwaveRadiation_Wm2,23,327.25
gep06,00,2026-04-27,2026-05-20,gcrew,noaa_gefs,06,WindSpeed_ms_mean,23,4.555111160571268
gep06,00,2026-04-27,2026-05-21,gcrew,noaa_gefs,06,AirTemp_C_mean,24,19.262673950195335
gep06,00,2026-04-27,2026-05-21,gcrew,noaa_gefs,06,Pressure_Pa,24,101705.2734375
gep06,00,2026-04-27,2026-05-21,gcrew,noaa_gefs,06,RH_percent_mean,24,62.426734924316406
gep06,00,2026-04-27,2026-05-21,gcrew,noaa_gefs,06,Rain_mm_sum,24,0
gep06,00,2026-04-27,2026-05-21,gcrew,noaa_gefs,06,ShortwaveRadiation_Wm2,24,345.75
gep06,00,2026-04-27,2026-05-21,gcrew,noaa_gefs,06,WindSpeed_ms_mean,24,2.407734619792761
gep06,00,2026-04-27,2026-05-22,gcrew,noaa_gefs,06,AirTemp_C_mean,25,19.581025695800804
gep06,00,2026-04-27,2026-05-22,gcrew,noaa_gefs,06,Pressure_Pa,25,101598.32421875
gep06,00,2026-04-27,2026-05-22,gcrew,noaa_gefs,06,RH_percent_mean,25,67.51792812347412
gep06,00,2026-04-27,2026-05-22,gcrew,noaa_gefs,06,Rain_mm_sum,25,0
gep06,00,2026-04-27,2026-05-22,gcrew,noaa_gefs,06,ShortwaveRadiation_Wm2,25,339.25
gep06,00,2026-04-27,2026-05-22,gcrew,noaa_gefs,06,WindSpeed_ms_mean,25,4.837275644483171
gep06,00,2026-04-27,2026-05-23,gcrew,noaa_gefs,06,AirTemp_C_mean,26,19.05195007324221
gep06,00,2026-04-27,2026-05-23,gcrew,noaa_gefs,06,Pressure_Pa,26,101465.875
gep06,00,2026-04-27,2026-05-23,gcrew,noaa_gefs,06,RH_percent_mean,26,65.91939640045166
gep06,00,2026-04-27,2026-05-23,gcrew,noaa_gefs,06,Rain_mm_sum,26,0
gep06,00,2026-04-27,2026-05-23,gcrew,noaa_gefs,06,ShortwaveRadiation_Wm2,26,342.25
gep06,00,2026-04-27,2026-05-23,gcrew,noaa_gefs,06,WindSpeed_ms_mean,26,3.9395944856956513
gep06,00,2026-04-27,2026-05-24,gcrew,noaa_gefs,06,AirTemp_C_mean,27,19.98945007324221
gep06,00,2026-04-27,2026-05-24,gcrew,noaa_gefs,06,Pressure_Pa,27,101342.990234375
gep06,00,2026-04-27,2026-05-24,gcrew,noaa_gefs,06,RH_percent_mean,27,67.63784408569336
gep06,00,2026-04-27,2026-05-24,gcrew,noaa_gefs,06,Rain_mm_sum,27,0
gep06,00,2026-04-27,2026-05-24,gcrew,noaa_gefs,06,ShortwaveRadiation_Wm2,27,291.25
gep06,00,2026-04-27,2026-05-24,gcrew,noaa_gefs,06,WindSpeed_ms_mean,27,1.8987633133925008
gep06,00,2026-04-27,2026-05-25,gcrew,noaa_gefs,06,AirTemp_C_mean,28,20.29615173339846
gep06,00,2026-04-27,2026-05-25,gcrew,noaa_gefs,06,Pressure_Pa,28,100799.01953125
gep06,00,2026-04-27,2026-05-25,gcrew,noaa_gefs,06,RH_percent_mean,28,68.97553539276123
gep06,00,2026-04-27,2026-05-25,gcrew,noaa_gefs,06,Rain_mm_sum,28,0
gep06,00,2026-04-27,2026-05-25,gcrew,noaa_gefs,06,ShortwaveRadiation_Wm2,28,309.75
gep06,00,2026-04-27,2026-05-25,gcrew,noaa_gefs,06,WindSpeed_ms_mean,28,3.282312133189652
gep06,00,2026-04-27,2026-05-26,gcrew,noaa_gefs,06,AirTemp_C_mean,29,23.21851501464846
gep06,00,2026-04-27,2026-05-26,gcrew,noaa_gefs,06,Pressure_Pa,29,100695.197265625
gep06,00,2026-04-27,2026-05-26,gcrew,noaa_gefs,06,RH_percent_mean,29,82.25054931640625
gep06,00,2026-04-27,2026-05-26,gcrew,noaa_gefs,06,Rain_mm_sum,29,4.899999916553497
gep06,00,2026-04-27,2026-05-26,gcrew,noaa_gefs,06,ShortwaveRadiation_Wm2,29,325.5
gep06,00,2026-04-27,2026-05-26,gcrew,noaa_gefs,06,WindSpeed_ms_mean,29,3.3496704517798257
gep06,00,2026-04-27,2026-05-27,gcrew,noaa_gefs,06,AirTemp_C_mean,30,21.77124176025393
gep06,00,2026-04-27,2026-05-27,gcrew,noaa_gefs,06,Pressure_Pa,30,101327.005859375
gep06,00,2026-04-27,2026-05-27,gcrew,noaa_gefs,06,RH_percent_mean,30,82.51387405395508
gep06,00,2026-04-27,2026-05-27,gcrew,noaa_gefs,06,Rain_mm_sum,30,0
gep06,00,2026-04-27,2026-05-27,gcrew,noaa_gefs,06,ShortwaveRadiation_Wm2,30,325.75
gep06,00,2026-04-27,2026-05-27,gcrew,noaa_gefs,06,WindSpeed_ms_mean,30,4.527820202533626
gep06,00,2026-04-27,2026-05-28,gcrew,noaa_gefs,06,AirTemp_C_mean,31,24.39227447509768
gep06,00,2026-04-27,2026-05-28,gcrew,noaa_gefs,06,Pressure_Pa,31,101159.59375
gep06,00,2026-04-27,2026-05-28,gcrew,noaa_gefs,06,RH_percent_mean,31,79.66389560699463
gep06,00,2026-04-27,2026-05-28,gcrew,noaa_gefs,06,Rain_mm_sum,31,2.9999999552965164
gep06,00,2026-04-27,2026-05-28,gcrew,noaa_gefs,06,ShortwaveRadiation_Wm2,31,332.5
gep06,00,2026-04-27,2026-05-28,gcrew,noaa_gefs,06,WindSpeed_ms_mean,31,3.941846018368561
gep06,00,2026-04-27,2026-05-29,gcrew,noaa_gefs,06,AirTemp_C_mean,32,23.499902343750023
gep06,00,2026-04-27,2026-05-29,gcrew,noaa_gefs,06,Pressure_Pa,32,101534.01171875
gep06,00,2026-04-27,2026-05-29,gcrew,noaa_gefs,06,RH_percent_mean,32,81.16684532165527
gep06,00,2026-04-27,2026-05-29,gcrew,noaa_gefs,06,Rain_mm_sum,32,3.3000000715255737
gep06,00,2026-04-27,2026-05-29,gcrew,noaa_gefs,06,ShortwaveRadiation_Wm2,32,322.75
gep06,00,2026-04-27,2026-05-29,gcrew,noaa_gefs,06,WindSpeed_ms_mean,32,3.215779983650272
gep06,00,2026-04-27,2026-05-30,gcrew,noaa_gefs,06,AirTemp_C_mean,33,25.719346618652366
gep06,00,2026-04-27,2026-05-30,gcrew,noaa_gefs,06,Pressure_Pa,33,101169.580078125
gep06,00,2026-04-27,2026-05-30,gcrew,noaa_gefs,06,RH_percent_mean,33,69.18948173522949
gep06,00,2026-04-27,2026-05-30,gcrew,noaa_gefs,06,Rain_mm_sum,33,5.900000095367432
gep06,00,2026-04-27,2026-05-30,gcrew,noaa_gefs,06,ShortwaveRadiation_Wm2,33,328
gep06,00,2026-04-27,2026-05-30,gcrew,noaa_gefs,06,WindSpeed_ms_mean,33,5.024491839967965
gep06,00,2026-04-27,2026-05-31,gcrew,noaa_gefs,06,AirTemp_C_mean,34,19.59900054931643
gep06,00,2026-04-27,2026-05-31,gcrew,noaa_gefs,06,Pressure_Pa,34,101853.44140625
gep06,00,2026-04-27,2026-05-31,gcrew,noaa_gefs,06,RH_percent_mean,34,62.48447799682617
gep06,00,2026-04-27,2026-05-31,gcrew,noaa_gefs,06,Rain_mm_sum,34,0
gep06,00,2026-04-27,2026-05-31,gcrew,noaa_gefs,06,ShortwaveRadiation_Wm2,34,360.25
gep06,00,2026-04-27,2026-05-31,gcrew,noaa_gefs,06,WindSpeed_ms_mean,34,4.692275223673417
gep07,00,2026-04-27,2026-04-28,gcrew,noaa_gefs,07,AirTemp_C_mean,1,11.579675292968773
gep07,00,2026-04-27,2026-04-28,gcrew,noaa_gefs,07,Pressure_Pa,1,101858.66796875
gep07,00,2026-04-27,2026-04-28,gcrew,noaa_gefs,07,RH_percent_mean,1,70.0107069015503
gep07,00,2026-04-27,2026-04-28,gcrew,noaa_gefs,07,Rain_mm_sum,1,2.1800000071525574
gep07,00,2026-04-27,2026-04-28,gcrew,noaa_gefs,07,ShortwaveRadiation_Wm2,1,182.375
gep07,00,2026-04-27,2026-04-28,gcrew,noaa_gefs,07,WindSpeed_ms_mean,1,3.144690806609595
gep07,00,2026-04-27,2026-04-29,gcrew,noaa_gefs,07,AirTemp_C_mean,2,13.038072204589866
gep07,00,2026-04-27,2026-04-29,gcrew,noaa_gefs,07,Pressure_Pa,2,100681.7392578125
gep07,00,2026-04-27,2026-04-29,gcrew,noaa_gefs,07,RH_percent_mean,2,79.37301731109619
gep07,00,2026-04-27,2026-04-29,gcrew,noaa_gefs,07,Rain_mm_sum,2,5.650000095367432
gep07,00,2026-04-27,2026-04-29,gcrew,noaa_gefs,07,ShortwaveRadiation_Wm2,2,123.125
gep07,00,2026-04-27,2026-04-29,gcrew,noaa_gefs,07,WindSpeed_ms_mean,2,6.751690838700274
gep07,00,2026-04-27,2026-04-30,gcrew,noaa_gefs,07,AirTemp_C_mean,3,12.374749755859398
gep07,00,2026-04-27,2026-04-30,gcrew,noaa_gefs,07,Pressure_Pa,3,100118.521484375
gep07,00,2026-04-27,2026-04-30,gcrew,noaa_gefs,07,RH_percent_mean,3,68.30331468582153
gep07,00,2026-04-27,2026-04-30,gcrew,noaa_gefs,07,Rain_mm_sum,3,2.200000047683716
gep07,00,2026-04-27,2026-04-30,gcrew,noaa_gefs,07,ShortwaveRadiation_Wm2,3,336.75
gep07,00,2026-04-27,2026-04-30,gcrew,noaa_gefs,07,WindSpeed_ms_mean,3,6.3404068339236375
gep07,00,2026-04-27,2026-05-01,gcrew,noaa_gefs,07,AirTemp_C_mean,4,11.863782501220726
gep07,00,2026-04-27,2026-05-01,gcrew,noaa_gefs,07,Pressure_Pa,4,100457.115234375
gep07,00,2026-04-27,2026-05-01,gcrew,noaa_gefs,07,RH_percent_mean,4,63.77413034439087
gep07,00,2026-04-27,2026-05-01,gcrew,noaa_gefs,07,Rain_mm_sum,4,0.14999999105930328
gep07,00,2026-04-27,2026-05-01,gcrew,noaa_gefs,07,ShortwaveRadiation_Wm2,4,305.75
gep07,00,2026-04-27,2026-05-01,gcrew,noaa_gefs,07,WindSpeed_ms_mean,4,4.420050426615207
gep07,00,2026-04-27,2026-05-02,gcrew,noaa_gefs,07,AirTemp_C_mean,5,9.424409484863304
gep07,00,2026-04-27,2026-05-02,gcrew,noaa_gefs,07,Pressure_Pa,5,100060.8115234375
gep07,00,2026-04-27,2026-05-02,gcrew,noaa_gefs,07,RH_percent_mean,5,85.62604904174805
gep07,00,2026-04-27,2026-05-02,gcrew,noaa_gefs,07,Rain_mm_sum,5,10.500000223517418
gep07,00,2026-04-27,2026-05-02,gcrew,noaa_gefs,07,ShortwaveRadiation_Wm2,5,49.625
gep07,00,2026-04-27,2026-05-02,gcrew,noaa_gefs,07,WindSpeed_ms_mean,5,6.559776809952508
gep07,00,2026-04-27,2026-05-03,gcrew,noaa_gefs,07,AirTemp_C_mean,6,10.825589752197288
gep07,00,2026-04-27,2026-05-03,gcrew,noaa_gefs,07,Pressure_Pa,6,100683.826171875
gep07,00,2026-04-27,2026-05-03,gcrew,noaa_gefs,07,RH_percent_mean,6,70.58711957931519
gep07,00,2026-04-27,2026-05-03,gcrew,noaa_gefs,07,Rain_mm_sum,6,2.5999999791383743
gep07,00,2026-04-27,2026-05-03,gcrew,noaa_gefs,07,ShortwaveRadiation_Wm2,6,228.625
gep07,00,2026-04-27,2026-05-03,gcrew,noaa_gefs,07,WindSpeed_ms_mean,6,6.259846307795703
gep07,00,2026-04-27,2026-05-04,gcrew,noaa_gefs,07,AirTemp_C_mean,7,12.645486450195335
gep07,00,2026-04-27,2026-05-04,gcrew,noaa_gefs,07,Pressure_Pa,7,101078.326171875
gep07,00,2026-04-27,2026-05-04,gcrew,noaa_gefs,07,RH_percent_mean,7,65.15876054763794
gep07,00,2026-04-27,2026-05-04,gcrew,noaa_gefs,07,Rain_mm_sum,7,0
gep07,00,2026-04-27,2026-05-04,gcrew,noaa_gefs,07,ShortwaveRadiation_Wm2,7,330.375
gep07,00,2026-04-27,2026-05-04,gcrew,noaa_gefs,07,WindSpeed_ms_mean,7,4.1287794168947265
gep07,00,2026-04-27,2026-05-05,gcrew,noaa_gefs,07,AirTemp_C_mean,8,13.514123535156273
gep07,00,2026-04-27,2026-05-05,gcrew,noaa_gefs,07,Pressure_Pa,8,100674.3935546875
gep07,00,2026-04-27,2026-05-05,gcrew,noaa_gefs,07,RH_percent_mean,8,77.96095371246338
gep07,00,2026-04-27,2026-05-05,gcrew,noaa_gefs,07,Rain_mm_sum,8,6.429999984800816
gep07,00,2026-04-27,2026-05-05,gcrew,noaa_gefs,07,ShortwaveRadiation_Wm2,8,102.75
gep07,00,2026-04-27,2026-05-05,gcrew,noaa_gefs,07,WindSpeed_ms_mean,8,3.340704722164043
gep07,00,2026-04-27,2026-05-06,gcrew,noaa_gefs,07,AirTemp_C_mean,9,14.66842476981029
gep07,00,2026-04-27,2026-05-06,gcrew,noaa_gefs,07,Pressure_Pa,9,100426.58035714286
gep07,00,2026-04-27,2026-05-06,gcrew,noaa_gefs,07,RH_percent_mean,9,74.78257206508091
gep07,00,2026-04-27,2026-05-06,gcrew,noaa_gefs,07,Rain_mm_sum,9,2.800000049173832
gep07,00,2026-04-27,2026-05-06,gcrew,noaa_gefs,07,ShortwaveRadiation_Wm2,9,226.57142857142858
gep07,00,2026-04-27,2026-05-06,gcrew,noaa_gefs,07,WindSpeed_ms_mean,9,2.962092818850805
gep07,00,2026-04-27,2026-05-07,gcrew,noaa_gefs,07,AirTemp_C_mean,10,13.210267639160179
gep07,00,2026-04-27,2026-05-07,gcrew,noaa_gefs,07,Pressure_Pa,10,100801.388671875
gep07,00,2026-04-27,2026-05-07,gcrew,noaa_gefs,07,RH_percent_mean,10,64.8941125869751
gep07,00,2026-04-27,2026-05-07,gcrew,noaa_gefs,07,Rain_mm_sum,10,0
gep07,00,2026-04-27,2026-05-07,gcrew,noaa_gefs,07,ShortwaveRadiation_Wm2,10,333.25
gep07,00,2026-04-27,2026-05-07,gcrew,noaa_gefs,07,WindSpeed_ms_mean,10,5.7470248717601695
gep07,00,2026-04-27,2026-05-08,gcrew,noaa_gefs,07,AirTemp_C_mean,11,14.233064270019554
gep07,00,2026-04-27,2026-05-08,gcrew,noaa_gefs,07,Pressure_Pa,11,100949.1875
gep07,00,2026-04-27,2026-05-08,gcrew,noaa_gefs,07,RH_percent_mean,11,63.45889949798584
gep07,00,2026-04-27,2026-05-08,gcrew,noaa_gefs,07,Rain_mm_sum,11,0
gep07,00,2026-04-27,2026-05-08,gcrew,noaa_gefs,07,ShortwaveRadiation_Wm2,11,323.25
gep07,00,2026-04-27,2026-05-08,gcrew,noaa_gefs,07,WindSpeed_ms_mean,11,4.1680753706171
gep07,00,2026-04-27,2026-05-09,gcrew,noaa_gefs,07,AirTemp_C_mean,12,16.69899139404299
gep07,00,2026-04-27,2026-05-09,gcrew,noaa_gefs,07,Pressure_Pa,12,99939.416015625
gep07,00,2026-04-27,2026-05-09,gcrew,noaa_gefs,07,RH_percent_mean,12,93.10905075073242
gep07,00,2026-04-27,2026-05-09,gcrew,noaa_gefs,07,Rain_mm_sum,12,19.40000009536743
gep07,00,2026-04-27,2026-05-09,gcrew,noaa_gefs,07,ShortwaveRadiation_Wm2,12,75
gep07,00,2026-04-27,2026-05-09,gcrew,noaa_gefs,07,WindSpeed_ms_mean,12,5.098757673087844
gep07,00,2026-04-27,2026-05-10,gcrew,noaa_gefs,07,AirTemp_C_mean,13,13.901696777343773
gep07,00,2026-04-27,2026-05-10,gcrew,noaa_gefs,07,Pressure_Pa,13,101187.380859375
gep07,00,2026-04-27,2026-05-10,gcrew,noaa_gefs,07,RH_percent_mean,13,62.095730781555176
gep07,00,2026-04-27,2026-05-10,gcrew,noaa_gefs,07,Rain_mm_sum,13,0.10000000149011612
gep07,00,2026-04-27,2026-05-10,gcrew,noaa_gefs,07,ShortwaveRadiation_Wm2,13,344.5
gep07,00,2026-04-27,2026-05-10,gcrew,noaa_gefs,07,WindSpeed_ms_mean,13,4.143133742887205
gep07,00,2026-04-27,2026-05-11,gcrew,noaa_gefs,07,AirTemp_C_mean,14,15.09168395996096
gep07,00,2026-04-27,2026-05-11,gcrew,noaa_gefs,07,Pressure_Pa,14,102241.033203125
gep07,00,2026-04-27,2026-05-11,gcrew,noaa_gefs,07,RH_percent_mean,14,62.015602111816406
gep07,00,2026-04-27,2026-05-11,gcrew,noaa_gefs,07,Rain_mm_sum,14,0
gep07,00,2026-04-27,2026-05-11,gcrew,noaa_gefs,07,ShortwaveRadiation_Wm2,14,339.75
gep07,00,2026-04-27,2026-05-11,gcrew,noaa_gefs,07,WindSpeed_ms_mean,14,4.706386471173322
gep07,00,2026-04-27,2026-05-12,gcrew,noaa_gefs,07,AirTemp_C_mean,15,17.251084899902366
gep07,00,2026-04-27,2026-05-12,gcrew,noaa_gefs,07,Pressure_Pa,15,102263.9921875
gep07,00,2026-04-27,2026-05-12,gcrew,noaa_gefs,07,RH_percent_mean,15,75.52095794677734
gep07,00,2026-04-27,2026-05-12,gcrew,noaa_gefs,07,Rain_mm_sum,15,0
gep07,00,2026-04-27,2026-05-12,gcrew,noaa_gefs,07,ShortwaveRadiation_Wm2,15,336
gep07,00,2026-04-27,2026-05-12,gcrew,noaa_gefs,07,WindSpeed_ms_mean,15,7.010430330005118
gep07,00,2026-04-27,2026-05-13,gcrew,noaa_gefs,07,AirTemp_C_mean,16,19.49273834228518
gep07,00,2026-04-27,2026-05-13,gcrew,noaa_gefs,07,Pressure_Pa,16,101710.423828125
gep07,00,2026-04-27,2026-05-13,gcrew,noaa_gefs,07,RH_percent_mean,16,90.239959716796875
gep07,00,2026-04-27,2026-05-13,gcrew,noaa_gefs,07,Rain_mm_sum,16,2.800000049173832
gep07,00,2026-04-27,2026-05-13,gcrew,noaa_gefs,07,ShortwaveRadiation_Wm2,16,215.75
gep07,00,2026-04-27,2026-05-13,gcrew,noaa_gefs,07,WindSpeed_ms_mean,16,6.026004144410448
gep07,00,2026-04-27,2026-05-14,gcrew,noaa_gefs,07,AirTemp_C_mean,17,18.513650512695335
gep07,00,2026-04-27,2026-05-14,gcrew,noaa_gefs,07,Pressure_Pa,17,101608.88671875
gep07,00,2026-04-27,2026-05-14,gcrew,noaa_gefs,07,RH_percent_mean,17,86.30577850341797
gep07,00,2026-04-27,2026-05-14,gcrew,noaa_gefs,07,Rain_mm_sum,17,12.900000095367432
gep07,00,2026-04-27,2026-05-14,gcrew,noaa_gefs,07,ShortwaveRadiation_Wm2,17,185.75
gep07,00,2026-04-27,2026-05-14,gcrew,noaa_gefs,07,WindSpeed_ms_mean,17,4.270036840520563
gep07,00,2026-04-27,2026-05-15,gcrew,noaa_gefs,07,AirTemp_C_mean,18,15.910485839843773
gep07,00,2026-04-27,2026-05-15,gcrew,noaa_gefs,07,Pressure_Pa,18,102181.615234375
gep07,00,2026-04-27,2026-05-15,gcrew,noaa_gefs,07,RH_percent_mean,18,76.19487285614014
gep07,00,2026-04-27,2026-05-15,gcrew,noaa_gefs,07,Rain_mm_sum,18,0
gep07,00,2026-04-27,2026-05-15,gcrew,noaa_gefs,07,ShortwaveRadiation_Wm2,18,343.5
gep07,00,2026-04-27,2026-05-15,gcrew,noaa_gefs,07,WindSpeed_ms_mean,18,3.9490240974844317
gep07,00,2026-04-27,2026-05-16,gcrew,noaa_gefs,07,AirTemp_C_mean,19,20.577661132812523
gep07,00,2026-04-27,2026-05-16,gcrew,noaa_gefs,07,Pressure_Pa,19,101713.755859375
gep07,00,2026-04-27,2026-05-16,gcrew,noaa_gefs,07,RH_percent_mean,19,80.4810848236084
gep07,00,2026-04-27,2026-05-16,gcrew,noaa_gefs,07,Rain_mm_sum,19,1.1000000014901161
gep07,00,2026-04-27,2026-05-16,gcrew,noaa_gefs,07,ShortwaveRadiation_Wm2,19,322.75
gep07,00,2026-04-27,2026-05-16,gcrew,noaa_gefs,07,WindSpeed_ms_mean,19,4.781925626210346
gep07,00,2026-04-27,2026-05-17,gcrew,noaa_gefs,07,AirTemp_C_mean,20,22.937905883789085
gep07,00,2026-04-27,2026-05-17,gcrew,noaa_gefs,07,Pressure_Pa,20,101673.8359375
gep07,00,2026-04-27,2026-05-17,gcrew,noaa_gefs,07,RH_percent_mean,20,77.38579750061035
gep07,00,2026-04-27,2026-05-17,gcrew,noaa_gefs,07,Rain_mm_sum,20,4.300000049173832
gep07,00,2026-04-27,2026-05-17,gcrew,noaa_gefs,07,ShortwaveRadiation_Wm2,20,295.25
gep07,00,2026-04-27,2026-05-17,gcrew,noaa_gefs,07,WindSpeed_ms_mean,20,3.0308602990974056
gep07,00,2026-04-27,2026-05-18,gcrew,noaa_gefs,07,AirTemp_C_mean,21,24.01905212402346
gep07,00,2026-04-27,2026-05-18,gcrew,noaa_gefs,07,Pressure_Pa,21,101460.267578125
gep07,00,2026-04-27,2026-05-18,gcrew,noaa_gefs,07,RH_percent_mean,21,76.18959331512451
gep07,00,2026-04-27,2026-05-18,gcrew,noaa_gefs,07,Rain_mm_sum,21,16.80000078678131
gep07,00,2026-04-27,2026-05-18,gcrew,noaa_gefs,07,ShortwaveRadiation_Wm2,21,296
gep07,00,2026-04-27,2026-05-18,gcrew,noaa_gefs,07,WindSpeed_ms_mean,21,3.073193730264629
gep07,00,2026-04-27,2026-05-19,gcrew,noaa_gefs,07,AirTemp_C_mean,22,25.510980224609398
gep07,00,2026-04-27,2026-05-19,gcrew,noaa_gefs,07,Pressure_Pa,22,100955.107421875
gep07,00,2026-04-27,2026-05-19,gcrew,noaa_gefs,07,RH_percent_mean,22,70.90894889831543
gep07,00,2026-04-27,2026-05-19,gcrew,noaa_gefs,07,Rain_mm_sum,22,1.600000038743019
gep07,00,2026-04-27,2026-05-19,gcrew,noaa_gefs,07,ShortwaveRadiation_Wm2,22,224
gep07,00,2026-04-27,2026-05-19,gcrew,noaa_gefs,07,WindSpeed_ms_mean,22,2.4858541001805587
gep07,00,2026-04-27,2026-05-20,gcrew,noaa_gefs,07,AirTemp_C_mean,23,21.864289855957054
gep07,00,2026-04-27,2026-05-20,gcrew,noaa_gefs,07,Pressure_Pa,23,101018.095703125
gep07,00,2026-04-27,2026-05-20,gcrew,noaa_gefs,07,RH_percent_mean,23,67.23811626434326
gep07,00,2026-04-27,2026-05-20,gcrew,noaa_gefs,07,Rain_mm_sum,23,0.30000001192092896
gep07,00,2026-04-27,2026-05-20,gcrew,noaa_gefs,07,ShortwaveRadiation_Wm2,23,327.25
gep07,00,2026-04-27,2026-05-20,gcrew,noaa_gefs,07,WindSpeed_ms_mean,23,4.555111160571268
gep07,00,2026-04-27,2026-05-21,gcrew,noaa_gefs,07,AirTemp_C_mean,24,19.262673950195335
gep07,00,2026-04-27,2026-05-21,gcrew,noaa_gefs,07,Pressure_Pa,24,101705.2734375
gep07,00,2026-04-27,2026-05-21,gcrew,noaa_gefs,07,RH_percent_mean,24,62.426734924316406
gep07,00,2026-04-27,2026-05-21,gcrew,noaa_gefs,07,Rain_mm_sum,24,0
gep07,00,2026-04-27,2026-05-21,gcrew,noaa_gefs,07,ShortwaveRadiation_Wm2,24,345.75
gep07,00,2026-04-27,2026-05-21,gcrew,noaa_gefs,07,WindSpeed_ms_mean,24,2.407734619792761
gep07,00,2026-04-27,2026-05-22,gcrew,noaa_gefs,07,AirTemp_C_mean,25,19.581025695800804
gep07,00,2026-04-27,2026-05-22,gcrew,noaa_gefs,07,Pressure_Pa,25,101598.32421875
gep07,00,2026-04-27,2026-05-22,gcrew,noaa_gefs,07,RH_percent_mean,25,67.51792812347412
gep07,00,2026-04-27,2026-05-22,gcrew,noaa_gefs,07,Rain_mm_sum,25,0
gep07,00,2026-04-27,2026-05-22,gcrew,noaa_gefs,07,ShortwaveRadiation_Wm2,25,339.25
gep07,00,2026-04-27,2026-05-22,gcrew,noaa_gefs,07,WindSpeed_ms_mean,25,4.837275644483171
gep07,00,2026-04-27,2026-05-23,gcrew,noaa_gefs,07,AirTemp_C_mean,26,19.05195007324221
gep07,00,2026-04-27,2026-05-23,gcrew,noaa_gefs,07,Pressure_Pa,26,101465.875
gep07,00,2026-04-27,2026-05-23,gcrew,noaa_gefs,07,RH_percent_mean,26,65.91939640045166
gep07,00,2026-04-27,2026-05-23,gcrew,noaa_gefs,07,Rain_mm_sum,26,0
gep07,00,2026-04-27,2026-05-23,gcrew,noaa_gefs,07,ShortwaveRadiation_Wm2,26,342.25
gep07,00,2026-04-27,2026-05-23,gcrew,noaa_gefs,07,WindSpeed_ms_mean,26,3.9395944856956513
gep07,00,2026-04-27,2026-05-24,gcrew,noaa_gefs,07,AirTemp_C_mean,27,19.98945007324221
gep07,00,2026-04-27,2026-05-24,gcrew,noaa_gefs,07,Pressure_Pa,27,101342.990234375
gep07,00,2026-04-27,2026-05-24,gcrew,noaa_gefs,07,RH_percent_mean,27,67.63784408569336
gep07,00,2026-04-27,2026-05-24,gcrew,noaa_gefs,07,Rain_mm_sum,27,0
gep07,00,2026-04-27,2026-05-24,gcrew,noaa_gefs,07,ShortwaveRadiation_Wm2,27,291.25
gep07,00,2026-04-27,2026-05-24,gcrew,noaa_gefs,07,WindSpeed_ms_mean,27,1.8987633133925008
gep07,00,2026-04-27,2026-05-25,gcrew,noaa_gefs,07,AirTemp_C_mean,28,20.29615173339846
gep07,00,2026-04-27,2026-05-25,gcrew,noaa_gefs,07,Pressure_Pa,28,100799.01953125
gep07,00,2026-04-27,2026-05-25,gcrew,noaa_gefs,07,RH_percent_mean,28,68.97553539276123
gep07,00,2026-04-27,2026-05-25,gcrew,noaa_gefs,07,Rain_mm_sum,28,0
gep07,00,2026-04-27,2026-05-25,gcrew,noaa_gefs,07,ShortwaveRadiation_Wm2,28,309.75
gep07,00,2026-04-27,2026-05-25,gcrew,noaa_gefs,07,WindSpeed_ms_mean,28,3.282312133189652
gep07,00,2026-04-27,2026-05-26,gcrew,noaa_gefs,07,AirTemp_C_mean,29,23.21851501464846
gep07,00,2026-04-27,2026-05-26,gcrew,noaa_gefs,07,Pressure_Pa,29,100695.197265625
gep07,00,2026-04-27,2026-05-26,gcrew,noaa_gefs,07,RH_percent_mean,29,82.25054931640625
gep07,00,2026-04-27,2026-05-26,gcrew,noaa_gefs,07,Rain_mm_sum,29,4.899999916553497
gep07,00,2026-04-27,2026-05-26,gcrew,noaa_gefs,07,ShortwaveRadiation_Wm2,29,325.5
gep07,00,2026-04-27,2026-05-26,gcrew,noaa_gefs,07,WindSpeed_ms_mean,29,3.3496704517798257
gep07,00,2026-04-27,2026-05-27,gcrew,noaa_gefs,07,AirTemp_C_mean,30,21.77124176025393
gep07,00,2026-04-27,2026-05-27,gcrew,noaa_gefs,07,Pressure_Pa,30,101327.005859375
gep07,00,2026-04-27,2026-05-27,gcrew,noaa_gefs,07,RH_percent_mean,30,82.51387405395508
gep07,00,2026-04-27,2026-05-27,gcrew,noaa_gefs,07,Rain_mm_sum,30,0
gep07,00,2026-04-27,2026-05-27,gcrew,noaa_gefs,07,ShortwaveRadiation_Wm2,30,325.75
gep07,00,2026-04-27,2026-05-27,gcrew,noaa_gefs,07,WindSpeed_ms_mean,30,4.527820202533626
gep07,00,2026-04-27,2026-05-28,gcrew,noaa_gefs,07,AirTemp_C_mean,31,24.39227447509768
gep07,00,2026-04-27,2026-05-28,gcrew,noaa_gefs,07,Pressure_Pa,31,101159.59375
gep07,00,2026-04-27,2026-05-28,gcrew,noaa_gefs,07,RH_percent_mean,31,79.66389560699463
gep07,00,2026-04-27,2026-05-28,gcrew,noaa_gefs,07,Rain_mm_sum,31,2.9999999552965164
gep07,00,2026-04-27,2026-05-28,gcrew,noaa_gefs,07,ShortwaveRadiation_Wm2,31,332.5
gep07,00,2026-04-27,2026-05-28,gcrew,noaa_gefs,07,WindSpeed_ms_mean,31,3.941846018368561
gep07,00,2026-04-27,2026-05-29,gcrew,noaa_gefs,07,AirTemp_C_mean,32,23.499902343750023
gep07,00,2026-04-27,2026-05-29,gcrew,noaa_gefs,07,Pressure_Pa,32,101534.01171875
gep07,00,2026-04-27,2026-05-29,gcrew,noaa_gefs,07,RH_percent_mean,32,81.16684532165527
gep07,00,2026-04-27,2026-05-29,gcrew,noaa_gefs,07,Rain_mm_sum,32,3.3000000715255737
gep07,00,2026-04-27,2026-05-29,gcrew,noaa_gefs,07,ShortwaveRadiation_Wm2,32,322.75
gep07,00,2026-04-27,2026-05-29,gcrew,noaa_gefs,07,WindSpeed_ms_mean,32,3.215779983650272
gep07,00,2026-04-27,2026-05-30,gcrew,noaa_gefs,07,AirTemp_C_mean,33,25.719346618652366
gep07,00,2026-04-27,2026-05-30,gcrew,noaa_gefs,07,Pressure_Pa,33,101169.580078125
gep07,00,2026-04-27,2026-05-30,gcrew,noaa_gefs,07,RH_percent_mean,33,69.18948173522949
gep07,00,2026-04-27,2026-05-30,gcrew,noaa_gefs,07,Rain_mm_sum,33,5.900000095367432
gep07,00,2026-04-27,2026-05-30,gcrew,noaa_gefs,07,ShortwaveRadiation_Wm2,33,328
gep07,00,2026-04-27,2026-05-30,gcrew,noaa_gefs,07,WindSpeed_ms_mean,33,5.024491839967965
gep07,00,2026-04-27,2026-05-31,gcrew,noaa_gefs,07,AirTemp_C_mean,34,19.59900054931643
gep07,00,2026-04-27,2026-05-31,gcrew,noaa_gefs,07,Pressure_Pa,34,101853.44140625
gep07,00,2026-04-27,2026-05-31,gcrew,noaa_gefs,07,RH_percent_mean,34,62.48447799682617
gep07,00,2026-04-27,2026-05-31,gcrew,noaa_gefs,07,Rain_mm_sum,34,0
gep07,00,2026-04-27,2026-05-31,gcrew,noaa_gefs,07,ShortwaveRadiation_Wm2,34,360.25
gep07,00,2026-04-27,2026-05-31,gcrew,noaa_gefs,07,WindSpeed_ms_mean,34,4.692275223673417
gep08,00,2026-04-27,2026-04-28,gcrew,noaa_gefs,08,AirTemp_C_mean,1,11.579675292968773
gep08,00,2026-04-27,2026-04-28,gcrew,noaa_gefs,08,Pressure_Pa,1,101858.66796875
gep08,00,2026-04-27,2026-04-28,gcrew,noaa_gefs,08,RH_percent_mean,1,70.0107069015503
gep08,00,2026-04-27,2026-04-28,gcrew,noaa_gefs,08,Rain_mm_sum,1,2.1800000071525574
gep08,00,2026-04-27,2026-04-28,gcrew,noaa_gefs,08,ShortwaveRadiation_Wm2,1,182.375
gep08,00,2026-04-27,2026-04-28,gcrew,noaa_gefs,08,WindSpeed_ms_mean,1,3.144690806609595
gep08,00,2026-04-27,2026-04-29,gcrew,noaa_gefs,08,AirTemp_C_mean,2,13.038072204589866
gep08,00,2026-04-27,2026-04-29,gcrew,noaa_gefs,08,Pressure_Pa,2,100681.7392578125
gep08,00,2026-04-27,2026-04-29,gcrew,noaa_gefs,08,RH_percent_mean,2,79.37301731109619
gep08,00,2026-04-27,2026-04-29,gcrew,noaa_gefs,08,Rain_mm_sum,2,5.650000095367432
gep08,00,2026-04-27,2026-04-29,gcrew,noaa_gefs,08,ShortwaveRadiation_Wm2,2,123.125
gep08,00,2026-04-27,2026-04-29,gcrew,noaa_gefs,08,WindSpeed_ms_mean,2,6.751690838700274
gep08,00,2026-04-27,2026-04-30,gcrew,noaa_gefs,08,AirTemp_C_mean,3,12.374749755859398
gep08,00,2026-04-27,2026-04-30,gcrew,noaa_gefs,08,Pressure_Pa,3,100118.521484375
gep08,00,2026-04-27,2026-04-30,gcrew,noaa_gefs,08,RH_percent_mean,3,68.30331468582153
gep08,00,2026-04-27,2026-04-30,gcrew,noaa_gefs,08,Rain_mm_sum,3,2.200000047683716
gep08,00,2026-04-27,2026-04-30,gcrew,noaa_gefs,08,ShortwaveRadiation_Wm2,3,336.75
gep08,00,2026-04-27,2026-04-30,gcrew,noaa_gefs,08,WindSpeed_ms_mean,3,6.3404068339236375
gep08,00,2026-04-27,2026-05-01,gcrew,noaa_gefs,08,AirTemp_C_mean,4,11.863782501220726
gep08,00,2026-04-27,2026-05-01,gcrew,noaa_gefs,08,Pressure_Pa,4,100457.115234375
gep08,00,2026-04-27,2026-05-01,gcrew,noaa_gefs,08,RH_percent_mean,4,63.77413034439087
gep08,00,2026-04-27,2026-05-01,gcrew,noaa_gefs,08,Rain_mm_sum,4,0.14999999105930328
gep08,00,2026-04-27,2026-05-01,gcrew,noaa_gefs,08,ShortwaveRadiation_Wm2,4,305.75
gep08,00,2026-04-27,2026-05-01,gcrew,noaa_gefs,08,WindSpeed_ms_mean,4,4.420050426615207
gep08,00,2026-04-27,2026-05-02,gcrew,noaa_gefs,08,AirTemp_C_mean,5,9.424409484863304
gep08,00,2026-04-27,2026-05-02,gcrew,noaa_gefs,08,Pressure_Pa,5,100060.8115234375
gep08,00,2026-04-27,2026-05-02,gcrew,noaa_gefs,08,RH_percent_mean,5,85.62604904174805
gep08,00,2026-04-27,2026-05-02,gcrew,noaa_gefs,08,Rain_mm_sum,5,10.500000223517418
gep08,00,2026-04-27,2026-05-02,gcrew,noaa_gefs,08,ShortwaveRadiation_Wm2,5,49.625
gep08,00,2026-04-27,2026-05-02,gcrew,noaa_gefs,08,WindSpeed_ms_mean,5,6.559776809952508
gep08,00,2026-04-27,2026-05-03,gcrew,noaa_gefs,08,AirTemp_C_mean,6,10.825589752197288
gep08,00,2026-04-27,2026-05-03,gcrew,noaa_gefs,08,Pressure_Pa,6,100683.826171875
gep08,00,2026-04-27,2026-05-03,gcrew,noaa_gefs,08,RH_percent_mean,6,70.58711957931519
gep08,00,2026-04-27,2026-05-03,gcrew,noaa_gefs,08,Rain_mm_sum,6,2.5999999791383743
gep08,00,2026-04-27,2026-05-03,gcrew,noaa_gefs,08,ShortwaveRadiation_Wm2,6,228.625
gep08,00,2026-04-27,2026-05-03,gcrew,noaa_gefs,08,WindSpeed_ms_mean,6,6.259846307795703
gep08,00,2026-04-27,2026-05-04,gcrew,noaa_gefs,08,AirTemp_C_mean,7,12.645486450195335
gep08,00,2026-04-27,2026-05-04,gcrew,noaa_gefs,08,Pressure_Pa,7,101078.326171875
gep08,00,2026-04-27,2026-05-04,gcrew,noaa_gefs,08,RH_percent_mean,7,65.15876054763794
gep08,00,2026-04-27,2026-05-04,gcrew,noaa_gefs,08,Rain_mm_sum,7,0
gep08,00,2026-04-27,2026-05-04,gcrew,noaa_gefs,08,ShortwaveRadiation_Wm2,7,330.375
gep08,00,2026-04-27,2026-05-04,gcrew,noaa_gefs,08,WindSpeed_ms_mean,7,4.1287794168947265
gep08,00,2026-04-27,2026-05-05,gcrew,noaa_gefs,08,AirTemp_C_mean,8,13.514123535156273
gep08,00,2026-04-27,2026-05-05,gcrew,noaa_gefs,08,Pressure_Pa,8,100674.3935546875
gep08,00,2026-04-27,2026-05-05,gcrew,noaa_gefs,08,RH_percent_mean,8,77.96095371246338
gep08,00,2026-04-27,2026-05-05,gcrew,noaa_gefs,08,Rain_mm_sum,8,6.429999984800816
gep08,00,2026-04-27,2026-05-05,gcrew,noaa_gefs,08,ShortwaveRadiation_Wm2,8,102.75
gep08,00,2026-04-27,2026-05-05,gcrew,noaa_gefs,08,WindSpeed_ms_mean,8,3.340704722164043
gep08,00,2026-04-27,2026-05-06,gcrew,noaa_gefs,08,AirTemp_C_mean,9,14.66842476981029
gep08,00,2026-04-27,2026-05-06,gcrew,noaa_gefs,08,Pressure_Pa,9,100426.58035714286
gep08,00,2026-04-27,2026-05-06,gcrew,noaa_gefs,08,RH_percent_mean,9,74.78257206508091
gep08,00,2026-04-27,2026-05-06,gcrew,noaa_gefs,08,Rain_mm_sum,9,2.800000049173832
gep08,00,2026-04-27,2026-05-06,gcrew,noaa_gefs,08,ShortwaveRadiation_Wm2,9,226.57142857142858
gep08,00,2026-04-27,2026-05-06,gcrew,noaa_gefs,08,WindSpeed_ms_mean,9,2.962092818850805
gep08,00,2026-04-27,2026-05-07,gcrew,noaa_gefs,08,AirTemp_C_mean,10,13.210267639160179
gep08,00,2026-04-27,2026-05-07,gcrew,noaa_gefs,08,Pressure_Pa,10,100801.388671875
gep08,00,2026-04-27,2026-05-07,gcrew,noaa_gefs,08,RH_percent_mean,10,64.8941125869751
gep08,00,2026-04-27,2026-05-07,gcrew,noaa_gefs,08,Rain_mm_sum,10,0
gep08,00,2026-04-27,2026-05-07,gcrew,noaa_gefs,08,ShortwaveRadiation_Wm2,10,333.25
gep08,00,2026-04-27,2026-05-07,gcrew,noaa_gefs,08,WindSpeed_ms_mean,10,5.7470248717601695
gep08,00,2026-04-27,2026-05-08,gcrew,noaa_gefs,08,AirTemp_C_mean,11,14.233064270019554
gep08,00,2026-04-27,2026-05-08,gcrew,noaa_gefs,08,Pressure_Pa,11,100949.1875
gep08,00,2026-04-27,2026-05-08,gcrew,noaa_gefs,08,RH_percent_mean,11,63.45889949798584
gep08,00,2026-04-27,2026-05-08,gcrew,noaa_gefs,08,Rain_mm_sum,11,0
gep08,00,2026-04-27,2026-05-08,gcrew,noaa_gefs,08,ShortwaveRadiation_Wm2,11,323.25
gep08,00,2026-04-27,2026-05-08,gcrew,noaa_gefs,08,WindSpeed_ms_mean,11,4.1680753706171
gep08,00,2026-04-27,2026-05-09,gcrew,noaa_gefs,08,AirTemp_C_mean,12,16.69899139404299
gep08,00,2026-04-27,2026-05-09,gcrew,noaa_gefs,08,Pressure_Pa,12,99939.416015625
gep08,00,2026-04-27,2026-05-09,gcrew,noaa_gefs,08,RH_percent_mean,12,93.10905075073242
gep08,00,2026-04-27,2026-05-09,gcrew,noaa_gefs,08,Rain_mm_sum,12,19.40000009536743
gep08,00,2026-04-27,2026-05-09,gcrew,noaa_gefs,08,ShortwaveRadiation_Wm2,12,75
gep08,00,2026-04-27,2026-05-09,gcrew,noaa_gefs,08,WindSpeed_ms_mean,12,5.098757673087844
gep08,00,2026-04-27,2026-05-10,gcrew,noaa_gefs,08,AirTemp_C_mean,13,13.901696777343773
gep08,00,2026-04-27,2026-05-10,gcrew,noaa_gefs,08,Pressure_Pa,13,101187.380859375
gep08,00,2026-04-27,2026-05-10,gcrew,noaa_gefs,08,RH_percent_mean,13,62.095730781555176
gep08,00,2026-04-27,2026-05-10,gcrew,noaa_gefs,08,Rain_mm_sum,13,0.10000000149011612
gep08,00,2026-04-27,2026-05-10,gcrew,noaa_gefs,08,ShortwaveRadiation_Wm2,13,344.5
gep08,00,2026-04-27,2026-05-10,gcrew,noaa_gefs,08,WindSpeed_ms_mean,13,4.143133742887205
gep08,00,2026-04-27,2026-05-11,gcrew,noaa_gefs,08,AirTemp_C_mean,14,15.09168395996096
gep08,00,2026-04-27,2026-05-11,gcrew,noaa_gefs,08,Pressure_Pa,14,102241.033203125
gep08,00,2026-04-27,2026-05-11,gcrew,noaa_gefs,08,RH_percent_mean,14,62.015602111816406
gep08,00,2026-04-27,2026-05-11,gcrew,noaa_gefs,08,Rain_mm_sum,14,0
gep08,00,2026-04-27,2026-05-11,gcrew,noaa_gefs,08,ShortwaveRadiation_Wm2,14,339.75
gep08,00,2026-04-27,2026-05-11,gcrew,noaa_gefs,08,WindSpeed_ms_mean,14,4.706386471173322
gep08,00,2026-04-27,2026-05-12,gcrew,noaa_gefs,08,AirTemp_C_mean,15,17.251084899902366
gep08,00,2026-04-27,2026-05-12,gcrew,noaa_gefs,08,Pressure_Pa,15,102263.9921875
gep08,00,2026-04-27,2026-05-12,gcrew,noaa_gefs,08,RH_percent_mean,15,75.52095794677734
gep08,00,2026-04-27,2026-05-12,gcrew,noaa_gefs,08,Rain_mm_sum,15,0
gep08,00,2026-04-27,2026-05-12,gcrew,noaa_gefs,08,ShortwaveRadiation_Wm2,15,336
gep08,00,2026-04-27,2026-05-12,gcrew,noaa_gefs,08,WindSpeed_ms_mean,15,7.010430330005118
gep08,00,2026-04-27,2026-05-13,gcrew,noaa_gefs,08,AirTemp_C_mean,16,19.49273834228518
gep08,00,2026-04-27,2026-05-13,gcrew,noaa_gefs,08,Pressure_Pa,16,101710.423828125
gep08,00,2026-04-27,2026-05-13,gcrew,noaa_gefs,08,RH_percent_mean,16,90.239959716796875
gep08,00,2026-04-27,2026-05-13,gcrew,noaa_gefs,08,Rain_mm_sum,16,2.800000049173832
gep08,00,2026-04-27,2026-05-13,gcrew,noaa_gefs,08,ShortwaveRadiation_Wm2,16,215.75
gep08,00,2026-04-27,2026-05-13,gcrew,noaa_gefs,08,WindSpeed_ms_mean,16,6.026004144410448
gep08,00,2026-04-27,2026-05-14,gcrew,noaa_gefs,08,AirTemp_C_mean,17,18.513650512695335
gep08,00,2026-04-27,2026-05-14,gcrew,noaa_gefs,08,Pressure_Pa,17,101608.88671875
gep08,00,2026-04-27,2026-05-14,gcrew,noaa_gefs,08,RH_percent_mean,17,86.30577850341797
gep08,00,2026-04-27,2026-05-14,gcrew,noaa_gefs,08,Rain_mm_sum,17,12.900000095367432
gep08,00,2026-04-27,2026-05-14,gcrew,noaa_gefs,08,ShortwaveRadiation_Wm2,17,185.75
gep08,00,2026-04-27,2026-05-14,gcrew,noaa_gefs,08,WindSpeed_ms_mean,17,4.270036840520563
gep08,00,2026-04-27,2026-05-15,gcrew,noaa_gefs,08,AirTemp_C_mean,18,15.910485839843773
gep08,00,2026-04-27,2026-05-15,gcrew,noaa_gefs,08,Pressure_Pa,18,102181.615234375
gep08,00,2026-04-27,2026-05-15,gcrew,noaa_gefs,08,RH_percent_mean,18,76.19487285614014
gep08,00,2026-04-27,2026-05-15,gcrew,noaa_gefs,08,Rain_mm_sum,18,0
gep08,00,2026-04-27,2026-05-15,gcrew,noaa_gefs,08,ShortwaveRadiation_Wm2,18,343.5
gep08,00,2026-04-27,2026-05-15,gcrew,noaa_gefs,08,WindSpeed_ms_mean,18,3.9490240974844317
gep08,00,2026-04-27,2026-05-16,gcrew,noaa_gefs,08,AirTemp_C_mean,19,20.577661132812523
gep08,00,2026-04-27,2026-05-16,gcrew,noaa_gefs,08,Pressure_Pa,19,101713.755859375
gep08,00,2026-04-27,2026-05-16,gcrew,noaa_gefs,08,RH_percent_mean,19,80.4810848236084
gep08,00,2026-04-27,2026-05-16,gcrew,noaa_gefs,08,Rain_mm_sum,19,1.1000000014901161
gep08,00,2026-04-27,2026-05-16,gcrew,noaa_gefs,08,ShortwaveRadiation_Wm2,19,322.75
gep08,00,2026-04-27,2026-05-16,gcrew,noaa_gefs,08,WindSpeed_ms_mean,19,4.781925626210346
gep08,00,2026-04-27,2026-05-17,gcrew,noaa_gefs,08,AirTemp_C_mean,20,22.937905883789085
gep08,00,2026-04-27,2026-05-17,gcrew,noaa_gefs,08,Pressure_Pa,20,101673.8359375
gep08,00,2026-04-27,2026-05-17,gcrew,noaa_gefs,08,RH_percent_mean,20,77.38579750061035
gep08,00,2026-04-27,2026-05-17,gcrew,noaa_gefs,08,Rain_mm_sum,20,4.300000049173832
gep08,00,2026-04-27,2026-05-17,gcrew,noaa_gefs,08,ShortwaveRadiation_Wm2,20,295.25
gep08,00,2026-04-27,2026-05-17,gcrew,noaa_gefs,08,WindSpeed_ms_mean,20,3.0308602990974056
gep08,00,2026-04-27,2026-05-18,gcrew,noaa_gefs,08,AirTemp_C_mean,21,24.01905212402346
gep08,00,2026-04-27,2026-05-18,gcrew,noaa_gefs,08,Pressure_Pa,21,101460.267578125
gep08,00,2026-04-27,2026-05-18,gcrew,noaa_gefs,08,RH_percent_mean,21,76.18959331512451
gep08,00,2026-04-27,2026-05-18,gcrew,noaa_gefs,08,Rain_mm_sum,21,16.80000078678131
gep08,00,2026-04-27,2026-05-18,gcrew,noaa_gefs,08,ShortwaveRadiation_Wm2,21,296
gep08,00,2026-04-27,2026-05-18,gcrew,noaa_gefs,08,WindSpeed_ms_mean,21,3.073193730264629
gep08,00,2026-04-27,2026-05-19,gcrew,noaa_gefs,08,AirTemp_C_mean,22,25.510980224609398
gep08,00,2026-04-27,2026-05-19,gcrew,noaa_gefs,08,Pressure_Pa,22,100955.107421875
gep08,00,2026-04-27,2026-05-19,gcrew,noaa_gefs,08,RH_percent_mean,22,70.90894889831543
gep08,00,2026-04-27,2026-05-19,gcrew,noaa_gefs,08,Rain_mm_sum,22,1.600000038743019
gep08,00,2026-04-27,2026-05-19,gcrew,noaa_gefs,08,ShortwaveRadiation_Wm2,22,224
gep08,00,2026-04-27,2026-05-19,gcrew,noaa_gefs,08,WindSpeed_ms_mean,22,2.4858541001805587
gep08,00,2026-04-27,2026-05-20,gcrew,noaa_gefs,08,AirTemp_C_mean,23,21.864289855957054
gep08,00,2026-04-27,2026-05-20,gcrew,noaa_gefs,08,Pressure_Pa,23,101018.095703125
gep08,00,2026-04-27,2026-05-20,gcrew,noaa_gefs,08,RH_percent_mean,23,67.23811626434326
gep08,00,2026-04-27,2026-05-20,gcrew,noaa_gefs,08,Rain_mm_sum,23,0.30000001192092896
gep08,00,2026-04-27,2026-05-20,gcrew,noaa_gefs,08,ShortwaveRadiation_Wm2,23,327.25
gep08,00,2026-04-27,2026-05-20,gcrew,noaa_gefs,08,WindSpeed_ms_mean,23,4.555111160571268
gep08,00,2026-04-27,2026-05-21,gcrew,noaa_gefs,08,AirTemp_C_mean,24,19.262673950195335
gep08,00,2026-04-27,2026-05-21,gcrew,noaa_gefs,08,Pressure_Pa,24,101705.2734375
gep08,00,2026-04-27,2026-05-21,gcrew,noaa_gefs,08,RH_percent_mean,24,62.426734924316406
gep08,00,2026-04-27,2026-05-21,gcrew,noaa_gefs,08,Rain_mm_sum,24,0
gep08,00,2026-04-27,2026-05-21,gcrew,noaa_gefs,08,ShortwaveRadiation_Wm2,24,345.75
gep08,00,2026-04-27,2026-05-21,gcrew,noaa_gefs,08,WindSpeed_ms_mean,24,2.407734619792761
gep08,00,2026-04-27,2026-05-22,gcrew,noaa_gefs,08,AirTemp_C_mean,25,19.581025695800804
gep08,00,2026-04-27,2026-05-22,gcrew,noaa_gefs,08,Pressure_Pa,25,101598.32421875
gep08,00,2026-04-27,2026-05-22,gcrew,noaa_gefs,08,RH_percent_mean,25,67.51792812347412
gep08,00,2026-04-27,2026-05-22,gcrew,noaa_gefs,08,Rain_mm_sum,25,0
gep08,00,2026-04-27,2026-05-22,gcrew,noaa_gefs,08,ShortwaveRadiation_Wm2,25,339.25
gep08,00,2026-04-27,2026-05-22,gcrew,noaa_gefs,08,WindSpeed_ms_mean,25,4.837275644483171
gep08,00,2026-04-27,2026-05-23,gcrew,noaa_gefs,08,AirTemp_C_mean,26,19.05195007324221
gep08,00,2026-04-27,2026-05-23,gcrew,noaa_gefs,08,Pressure_Pa,26,101465.875
gep08,00,2026-04-27,2026-05-23,gcrew,noaa_gefs,08,RH_percent_mean,26,65.91939640045166
gep08,00,2026-04-27,2026-05-23,gcrew,noaa_gefs,08,Rain_mm_sum,26,0
gep08,00,2026-04-27,2026-05-23,gcrew,noaa_gefs,08,ShortwaveRadiation_Wm2,26,342.25
gep08,00,2026-04-27,2026-05-23,gcrew,noaa_gefs,08,WindSpeed_ms_mean,26,3.9395944856956513
gep08,00,2026-04-27,2026-05-24,gcrew,noaa_gefs,08,AirTemp_C_mean,27,19.98945007324221
gep08,00,2026-04-27,2026-05-24,gcrew,noaa_gefs,08,Pressure_Pa,27,101342.990234375
gep08,00,2026-04-27,2026-05-24,gcrew,noaa_gefs,08,RH_percent_mean,27,67.63784408569336
gep08,00,2026-04-27,2026-05-24,gcrew,noaa_gefs,08,Rain_mm_sum,27,0
gep08,00,2026-04-27,2026-05-24,gcrew,noaa_gefs,08,ShortwaveRadiation_Wm2,27,291.25
gep08,00,2026-04-27,2026-05-24,gcrew,noaa_gefs,08,WindSpeed_ms_mean,27,1.8987633133925008
gep08,00,2026-04-27,2026-05-25,gcrew,noaa_gefs,08,AirTemp_C_mean,28,20.29615173339846
gep08,00,2026-04-27,2026-05-25,gcrew,noaa_gefs,08,Pressure_Pa,28,100799.01953125
gep08,00,2026-04-27,2026-05-25,gcrew,noaa_gefs,08,RH_percent_mean,28,68.97553539276123
gep08,00,2026-04-27,2026-05-25,gcrew,noaa_gefs,08,Rain_mm_sum,28,0
gep08,00,2026-04-27,2026-05-25,gcrew,noaa_gefs,08,ShortwaveRadiation_Wm2,28,309.75
gep08,00,2026-04-27,2026-05-25,gcrew,noaa_gefs,08,WindSpeed_ms_mean,28,3.282312133189652
gep08,00,2026-04-27,2026-05-26,gcrew,noaa_gefs,08,AirTemp_C_mean,29,23.21851501464846
gep08,00,2026-04-27,2026-05-26,gcrew,noaa_gefs,08,Pressure_Pa,29,100695.197265625
gep08,00,2026-04-27,2026-05-26,gcrew,noaa_gefs,08,RH_percent_mean,29,82.25054931640625
gep08,00,2026-04-27,2026-05-26,gcrew,noaa_gefs,08,Rain_mm_sum,29,4.899999916553497
gep08,00,2026-04-27,2026-05-26,gcrew,noaa_gefs,08,ShortwaveRadiation_Wm2,29,325.5
gep08,00,2026-04-27,2026-05-26,gcrew,noaa_gefs,08,WindSpeed_ms_mean,29,3.3496704517798257
gep08,00,2026-04-27,2026-05-27,gcrew,noaa_gefs,08,AirTemp_C_mean,30,21.77124176025393
gep08,00,2026-04-27,2026-05-27,gcrew,noaa_gefs,08,Pressure_Pa,30,101327.005859375
gep08,00,2026-04-27,2026-05-27,gcrew,noaa_gefs,08,RH_percent_mean,30,82.51387405395508
gep08,00,2026-04-27,2026-05-27,gcrew,noaa_gefs,08,Rain_mm_sum,30,0
gep08,00,2026-04-27,2026-05-27,gcrew,noaa_gefs,08,ShortwaveRadiation_Wm2,30,325.75
gep08,00,2026-04-27,2026-05-27,gcrew,noaa_gefs,08,WindSpeed_ms_mean,30,4.527820202533626
gep08,00,2026-04-27,2026-05-28,gcrew,noaa_gefs,08,AirTemp_C_mean,31,24.39227447509768
gep08,00,2026-04-27,2026-05-28,gcrew,noaa_gefs,08,Pressure_Pa,31,101159.59375
gep08,00,2026-04-27,2026-05-28,gcrew,noaa_gefs,08,RH_percent_mean,31,79.66389560699463
gep08,00,2026-04-27,2026-05-28,gcrew,noaa_gefs,08,Rain_mm_sum,31,2.9999999552965164
gep08,00,2026-04-27,2026-05-28,gcrew,noaa_gefs,08,ShortwaveRadiation_Wm2,31,332.5
gep08,00,2026-04-27,2026-05-28,gcrew,noaa_gefs,08,WindSpeed_ms_mean,31,3.941846018368561
gep08,00,2026-04-27,2026-05-29,gcrew,noaa_gefs,08,AirTemp_C_mean,32,23.499902343750023
gep08,00,2026-04-27,2026-05-29,gcrew,noaa_gefs,08,Pressure_Pa,32,101534.01171875
gep08,00,2026-04-27,2026-05-29,gcrew,noaa_gefs,08,RH_percent_mean,32,81.16684532165527
gep08,00,2026-04-27,2026-05-29,gcrew,noaa_gefs,08,Rain_mm_sum,32,3.3000000715255737
gep08,00,2026-04-27,2026-05-29,gcrew,noaa_gefs,08,ShortwaveRadiation_Wm2,32,322.75
gep08,00,2026-04-27,2026-05-29,gcrew,noaa_gefs,08,WindSpeed_ms_mean,32,3.215779983650272
gep08,00,2026-04-27,2026-05-30,gcrew,noaa_gefs,08,AirTemp_C_mean,33,25.719346618652366
gep08,00,2026-04-27,2026-05-30,gcrew,noaa_gefs,08,Pressure_Pa,33,101169.580078125
gep08,00,2026-04-27,2026-05-30,gcrew,noaa_gefs,08,RH_percent_mean,33,69.18948173522949
gep08,00,2026-04-27,2026-05-30,gcrew,noaa_gefs,08,Rain_mm_sum,33,5.900000095367432
gep08,00,2026-04-27,2026-05-30,gcrew,noaa_gefs,08,ShortwaveRadiation_Wm2,33,328
gep08,00,2026-04-27,2026-05-30,gcrew,noaa_gefs,08,WindSpeed_ms_mean,33,5.024491839967965
gep08,00,2026-04-27,2026-05-31,gcrew,noaa_gefs,08,AirTemp_C_mean,34,19.59900054931643
gep08,00,2026-04-27,2026-05-31,gcrew,noaa_gefs,08,Pressure_Pa,34,101853.44140625
gep08,00,2026-04-27,2026-05-31,gcrew,noaa_gefs,08,RH_percent_mean,34,62.48447799682617
gep08,00,2026-04-27,2026-05-31,gcrew,noaa_gefs,08,Rain_mm_sum,34,0
gep08,00,2026-04-27,2026-05-31,gcrew,noaa_gefs,08,ShortwaveRadiation_Wm2,34,360.25
gep08,00,2026-04-27,2026-05-31,gcrew,noaa_gefs,08,WindSpeed_ms_mean,34,4.692275223673417
gep09,00,2026-04-27,2026-04-28,gcrew,noaa_gefs,09,AirTemp_C_mean,1,11.579675292968773
gep09,00,2026-04-27,2026-04-28,gcrew,noaa_gefs,09,Pressure_Pa,1,101858.66796875
gep09,00,2026-04-27,2026-04-28,gcrew,noaa_gefs,09,RH_percent_mean,1,70.0107069015503
gep09,00,2026-04-27,2026-04-28,gcrew,noaa_gefs,09,Rain_mm_sum,1,2.1800000071525574
gep09,00,2026-04-27,2026-04-28,gcrew,noaa_gefs,09,ShortwaveRadiation_Wm2,1,182.375
gep09,00,2026-04-27,2026-04-28,gcrew,noaa_gefs,09,WindSpeed_ms_mean,1,3.144690806609595
gep09,00,2026-04-27,2026-04-29,gcrew,noaa_gefs,09,AirTemp_C_mean,2,13.038072204589866
gep09,00,2026-04-27,2026-04-29,gcrew,noaa_gefs,09,Pressure_Pa,2,100681.7392578125
gep09,00,2026-04-27,2026-04-29,gcrew,noaa_gefs,09,RH_percent_mean,2,79.37301731109619
gep09,00,2026-04-27,2026-04-29,gcrew,noaa_gefs,09,Rain_mm_sum,2,5.650000095367432
gep09,00,2026-04-27,2026-04-29,gcrew,noaa_gefs,09,ShortwaveRadiation_Wm2,2,123.125
gep09,00,2026-04-27,2026-04-29,gcrew,noaa_gefs,09,WindSpeed_ms_mean,2,6.751690838700274
gep09,00,2026-04-27,2026-04-30,gcrew,noaa_gefs,09,AirTemp_C_mean,3,12.374749755859398
gep09,00,2026-04-27,2026-04-30,gcrew,noaa_gefs,09,Pressure_Pa,3,100118.521484375
gep09,00,2026-04-27,2026-04-30,gcrew,noaa_gefs,09,RH_percent_mean,3,68.30331468582153
gep09,00,2026-04-27,2026-04-30,gcrew,noaa_gefs,09,Rain_mm_sum,3,2.200000047683716
gep09,00,2026-04-27,2026-04-30,gcrew,noaa_gefs,09,ShortwaveRadiation_Wm2,3,336.75
gep09,00,2026-04-27,2026-04-30,gcrew,noaa_gefs,09,WindSpeed_ms_mean,3,6.3404068339236375
gep09,00,2026-04-27,2026-05-01,gcrew,noaa_gefs,09,AirTemp_C_mean,4,11.863782501220726
gep09,00,2026-04-27,2026-05-01,gcrew,noaa_gefs,09,Pressure_Pa,4,100457.115234375
gep09,00,2026-04-27,2026-05-01,gcrew,noaa_gefs,09,RH_percent_mean,4,63.77413034439087
gep09,00,2026-04-27,2026-05-01,gcrew,noaa_gefs,09,Rain_mm_sum,4,0.14999999105930328
gep09,00,2026-04-27,2026-05-01,gcrew,noaa_gefs,09,ShortwaveRadiation_Wm2,4,305.75
gep09,00,2026-04-27,2026-05-01,gcrew,noaa_gefs,09,WindSpeed_ms_mean,4,4.420050426615207
gep09,00,2026-04-27,2026-05-02,gcrew,noaa_gefs,09,AirTemp_C_mean,5,9.424409484863304
gep09,00,2026-04-27,2026-05-02,gcrew,noaa_gefs,09,Pressure_Pa,5,100060.8115234375
gep09,00,2026-04-27,2026-05-02,gcrew,noaa_gefs,09,RH_percent_mean,5,85.62604904174805
gep09,00,2026-04-27,2026-05-02,gcrew,noaa_gefs,09,Rain_mm_sum,5,10.500000223517418
gep09,00,2026-04-27,2026-05-02,gcrew,noaa_gefs,09,ShortwaveRadiation_Wm2,5,49.625
gep09,00,2026-04-27,2026-05-02,gcrew,noaa_gefs,09,WindSpeed_ms_mean,5,6.559776809952508
gep09,00,2026-04-27,2026-05-03,gcrew,noaa_gefs,09,AirTemp_C_mean,6,10.825589752197288
gep09,00,2026-04-27,2026-05-03,gcrew,noaa_gefs,09,Pressure_Pa,6,100683.826171875
gep09,00,2026-04-27,2026-05-03,gcrew,noaa_gefs,09,RH_percent_mean,6,70.58711957931519
gep09,00,2026-04-27,2026-05-03,gcrew,noaa_gefs,09,Rain_mm_sum,6,2.5999999791383743
gep09,00,2026-04-27,2026-05-03,gcrew,noaa_gefs,09,ShortwaveRadiation_Wm2,6,228.625
gep09,00,2026-04-27,2026-05-03,gcrew,noaa_gefs,09,WindSpeed_ms_mean,6,6.259846307795703
gep09,00,2026-04-27,2026-05-04,gcrew,noaa_gefs,09,AirTemp_C_mean,7,12.645486450195335
gep09,00,2026-04-27,2026-05-04,gcrew,noaa_gefs,09,Pressure_Pa,7,101078.326171875
gep09,00,2026-04-27,2026-05-04,gcrew,noaa_gefs,09,RH_percent_mean,7,65.15876054763794
gep09,00,2026-04-27,2026-05-04,gcrew,noaa_gefs,09,Rain_mm_sum,7,0
gep09,00,2026-04-27,2026-05-04,gcrew,noaa_gefs,09,ShortwaveRadiation_Wm2,7,330.375
gep09,00,2026-04-27,2026-05-04,gcrew,noaa_gefs,09,WindSpeed_ms_mean,7,4.1287794168947265
gep09,00,2026-04-27,2026-05-05,gcrew,noaa_gefs,09,AirTemp_C_mean,8,13.514123535156273
gep09,00,2026-04-27,2026-05-05,gcrew,noaa_gefs,09,Pressure_Pa,8,100674.3935546875
gep09,00,2026-04-27,2026-05-05,gcrew,noaa_gefs,09,RH_percent_mean,8,77.96095371246338
gep09,00,2026-04-27,2026-05-05,gcrew,noaa_gefs,09,Rain_mm_sum,8,6.429999984800816
gep09,00,2026-04-27,2026-05-05,gcrew,noaa_gefs,09,ShortwaveRadiation_Wm2,8,102.75
gep09,00,2026-04-27,2026-05-05,gcrew,noaa_gefs,09,WindSpeed_ms_mean,8,3.340704722164043
gep09,00,2026-04-27,2026-05-06,gcrew,noaa_gefs,09,AirTemp_C_mean,9,14.66842476981029
gep09,00,2026-04-27,2026-05-06,gcrew,noaa_gefs,09,Pressure_Pa,9,100426.58035714286
gep09,00,2026-04-27,2026-05-06,gcrew,noaa_gefs,09,RH_percent_mean,9,74.78257206508091
gep09,00,2026-04-27,2026-05-06,gcrew,noaa_gefs,09,Rain_mm_sum,9,2.800000049173832
gep09,00,2026-04-27,2026-05-06,gcrew,noaa_gefs,09,ShortwaveRadiation_Wm2,9,226.57142857142858
gep09,00,2026-04-27,2026-05-06,gcrew,noaa_gefs,09,WindSpeed_ms_mean,9,2.962092818850805
gep09,00,2026-04-27,2026-05-07,gcrew,noaa_gefs,09,AirTemp_C_mean,10,13.210267639160179
gep09,00,2026-04-27,2026-05-07,gcrew,noaa_gefs,09,Pressure_Pa,10,100801.388671875
gep09,00,2026-04-27,2026-05-07,gcrew,noaa_gefs,09,RH_percent_mean,10,64.8941125869751
gep09,00,2026-04-27,2026-05-07,gcrew,noaa_gefs,09,Rain_mm_sum,10,0
gep09,00,2026-04-27,2026-05-07,gcrew,noaa_gefs,09,ShortwaveRadiation_Wm2,10,333.25
gep09,00,2026-04-27,2026-05-07,gcrew,noaa_gefs,09,WindSpeed_ms_mean,10,5.7470248717601695
gep09,00,2026-04-27,2026-05-08,gcrew,noaa_gefs,09,AirTemp_C_mean,11,14.233064270019554
gep09,00,2026-04-27,2026-05-08,gcrew,noaa_gefs,09,Pressure_Pa,11,100949.1875
gep09,00,2026-04-27,2026-05-08,gcrew,noaa_gefs,09,RH_percent_mean,11,63.45889949798584
gep09,00,2026-04-27,2026-05-08,gcrew,noaa_gefs,09,Rain_mm_sum,11,0
gep09,00,2026-04-27,2026-05-08,gcrew,noaa_gefs,09,ShortwaveRadiation_Wm2,11,323.25
gep09,00,2026-04-27,2026-05-08,gcrew,noaa_gefs,09,WindSpeed_ms_mean,11,4.1680753706171
gep09,00,2026-04-27,2026-05-09,gcrew,noaa_gefs,09,AirTemp_C_mean,12,16.69899139404299
gep09,00,2026-04-27,2026-05-09,gcrew,noaa_gefs,09,Pressure_Pa,12,99939.416015625
gep09,00,2026-04-27,2026-05-09,gcrew,noaa_gefs,09,RH_percent_mean,12,93.10905075073242
gep09,00,2026-04-27,2026-05-09,gcrew,noaa_gefs,09,Rain_mm_sum,12,19.40000009536743
gep09,00,2026-04-27,2026-05-09,gcrew,noaa_gefs,09,ShortwaveRadiation_Wm2,12,75
gep09,00,2026-04-27,2026-05-09,gcrew,noaa_gefs,09,WindSpeed_ms_mean,12,5.098757673087844
gep09,00,2026-04-27,2026-05-10,gcrew,noaa_gefs,09,AirTemp_C_mean,13,13.901696777343773
gep09,00,2026-04-27,2026-05-10,gcrew,noaa_gefs,09,Pressure_Pa,13,101187.380859375
gep09,00,2026-04-27,2026-05-10,gcrew,noaa_gefs,09,RH_percent_mean,13,62.095730781555176
gep09,00,2026-04-27,2026-05-10,gcrew,noaa_gefs,09,Rain_mm_sum,13,0.10000000149011612
gep09,00,2026-04-27,2026-05-10,gcrew,noaa_gefs,09,ShortwaveRadiation_Wm2,13,344.5
gep09,00,2026-04-27,2026-05-10,gcrew,noaa_gefs,09,WindSpeed_ms_mean,13,4.143133742887205
gep09,00,2026-04-27,2026-05-11,gcrew,noaa_gefs,09,AirTemp_C_mean,14,15.09168395996096
gep09,00,2026-04-27,2026-05-11,gcrew,noaa_gefs,09,Pressure_Pa,14,102241.033203125
gep09,00,2026-04-27,2026-05-11,gcrew,noaa_gefs,09,RH_percent_mean,14,62.015602111816406
gep09,00,2026-04-27,2026-05-11,gcrew,noaa_gefs,09,Rain_mm_sum,14,0
gep09,00,2026-04-27,2026-05-11,gcrew,noaa_gefs,09,ShortwaveRadiation_Wm2,14,339.75
gep09,00,2026-04-27,2026-05-11,gcrew,noaa_gefs,09,WindSpeed_ms_mean,14,4.706386471173322
gep09,00,2026-04-27,2026-05-12,gcrew,noaa_gefs,09,AirTemp_C_mean,15,17.251084899902366
gep09,00,2026-04-27,2026-05-12,gcrew,noaa_gefs,09,Pressure_Pa,15,102263.9921875
gep09,00,2026-04-27,2026-05-12,gcrew,noaa_gefs,09,RH_percent_mean,15,75.52095794677734
gep09,00,2026-04-27,2026-05-12,gcrew,noaa_gefs,09,Rain_mm_sum,15,0
gep09,00,2026-04-27,2026-05-12,gcrew,noaa_gefs,09,ShortwaveRadiation_Wm2,15,336
gep09,00,2026-04-27,2026-05-12,gcrew,noaa_gefs,09,WindSpeed_ms_mean,15,7.010430330005118
gep09,00,2026-04-27,2026-05-13,gcrew,noaa_gefs,09,AirTemp_C_mean,16,19.49273834228518
gep09,00,2026-04-27,2026-05-13,gcrew,noaa_gefs,09,Pressure_Pa,16,101710.423828125
gep09,00,2026-04-27,2026-05-13,gcrew,noaa_gefs,09,RH_percent_mean,16,90.239959716796875
gep09,00,2026-04-27,2026-05-13,gcrew,noaa_gefs,09,Rain_mm_sum,16,2.800000049173832
gep09,00,2026-04-27,2026-05-13,gcrew,noaa_gefs,09,ShortwaveRadiation_Wm2,16,215.75
gep09,00,2026-04-27,2026-05-13,gcrew,noaa_gefs,09,WindSpeed_ms_mean,16,6.026004144410448
gep09,00,2026-04-27,2026-05-14,gcrew,noaa_gefs,09,AirTemp_C_mean,17,18.513650512695335
gep09,00,2026-04-27,2026-05-14,gcrew,noaa_gefs,09,Pressure_Pa,17,101608.88671875
gep09,00,2026-04-27,2026-05-14,gcrew,noaa_gefs,09,RH_percent_mean,17,86.30577850341797
gep09,00,2026-04-27,2026-05-14,gcrew,noaa_gefs,09,Rain_mm_sum,17,12.900000095367432
gep09,00,2026-04-27,2026-05-14,gcrew,noaa_gefs,09,ShortwaveRadiation_Wm2,17,185.75
gep09,00,2026-04-27,2026-05-14,gcrew,noaa_gefs,09,WindSpeed_ms_mean,17,4.270036840520563
gep09,00,2026-04-27,2026-05-15,gcrew,noaa_gefs,09,AirTemp_C_mean,18,15.910485839843773
gep09,00,2026-04-27,2026-05-15,gcrew,noaa_gefs,09,Pressure_Pa,18,102181.615234375
gep09,00,2026-04-27,2026-05-15,gcrew,noaa_gefs,09,RH_percent_mean,18,76.19487285614014
gep09,00,2026-04-27,2026-05-15,gcrew,noaa_gefs,09,Rain_mm_sum,18,0
gep09,00,2026-04-27,2026-05-15,gcrew,noaa_gefs,09,ShortwaveRadiation_Wm2,18,343.5
gep09,00,2026-04-27,2026-05-15,gcrew,noaa_gefs,09,WindSpeed_ms_mean,18,3.9490240974844317
gep09,00,2026-04-27,2026-05-16,gcrew,noaa_gefs,09,AirTemp_C_mean,19,20.577661132812523
gep09,00,2026-04-27,2026-05-16,gcrew,noaa_gefs,09,Pressure_Pa,19,101713.755859375
gep09,00,2026-04-27,2026-05-16,gcrew,noaa_gefs,09,RH_percent_mean,19,80.4810848236084
gep09,00,2026-04-27,2026-05-16,gcrew,noaa_gefs,09,Rain_mm_sum,19,1.1000000014901161
gep09,00,2026-04-27,2026-05-16,gcrew,noaa_gefs,09,ShortwaveRadiation_Wm2,19,322.75
gep09,00,2026-04-27,2026-05-16,gcrew,noaa_gefs,09,WindSpeed_ms_mean,19,4.781925626210346
gep09,00,2026-04-27,2026-05-17,gcrew,noaa_gefs,09,AirTemp_C_mean,20,22.937905883789085
gep09,00,2026-04-27,2026-05-17,gcrew,noaa_gefs,09,Pressure_Pa,20,101673.8359375
gep09,00,2026-04-27,2026-05-17,gcrew,noaa_gefs,09,RH_percent_mean,20,77.38579750061035
gep09,00,2026-04-27,2026-05-17,gcrew,noaa_gefs,09,Rain_mm_sum,20,4.300000049173832
gep09,00,2026-04-27,2026-05-17,gcrew,noaa_gefs,09,ShortwaveRadiation_Wm2,20,295.25
gep09,00,2026-04-27,2026-05-17,gcrew,noaa_gefs,09,WindSpeed_ms_mean,20,3.0308602990974056
gep09,00,2026-04-27,2026-05-18,gcrew,noaa_gefs,09,AirTemp_C_mean,21,24.01905212402346
gep09,00,2026-04-27,2026-05-18,gcrew,noaa_gefs,09,Pressure_Pa,21,101460.267578125
gep09,00,2026-04-27,2026-05-18,gcrew,noaa_gefs,09,RH_percent_mean,21,76.18959331512451
gep09,00,2026-04-27,2026-05-18,gcrew,noaa_gefs,09,Rain_mm_sum,21,16.80000078678131
gep09,00,2026-04-27,2026-05-18,gcrew,noaa_gefs,09,ShortwaveRadiation_Wm2,21,296
gep09,00,2026-04-27,2026-05-18,gcrew,noaa_gefs,09,WindSpeed_ms_mean,21,3.073193730264629
gep09,00,2026-04-27,2026-05-19,gcrew,noaa_gefs,09,AirTemp_C_mean,22,25.510980224609398
gep09,00,2026-04-27,2026-05-19,gcrew,noaa_gefs,09,Pressure_Pa,22,100955.107421875
gep09,00,2026-04-27,2026-05-19,gcrew,noaa_gefs,09,RH_percent_mean,22,70.90894889831543
gep09,00,2026-04-27,2026-05-19,gcrew,noaa_gefs,09,Rain_mm_sum,22,1.600000038743019
gep09,00,2026-04-27,2026-05-19,gcrew,noaa_gefs,09,ShortwaveRadiation_Wm2,22,224
gep09,00,2026-04-27,2026-05-19,gcrew,noaa_gefs,09,WindSpeed_ms_mean,22,2.4858541001805587
gep09,00,2026-04-27,2026-05-20,gcrew,noaa_gefs,09,AirTemp_C_mean,23,21.864289855957054
gep09,00,2026-04-27,2026-05-20,gcrew,noaa_gefs,09,Pressure_Pa,23,101018.095703125
gep09,00,2026-04-27,2026-05-20,gcrew,noaa_gefs,09,RH_percent_mean,23,67.23811626434326
gep09,00,2026-04-27,2026-05-20,gcrew,noaa_gefs,09,Rain_mm_sum,23,0.30000001192092896
gep09,00,2026-04-27,2026-05-20,gcrew,noaa_gefs,09,ShortwaveRadiation_Wm2,23,327.25
gep09,00,2026-04-27,2026-05-20,gcrew,noaa_gefs,09,WindSpeed_ms_mean,23,4.555111160571268
gep09,00,2026-04-27,2026-05-21,gcrew,noaa_gefs,09,AirTemp_C_mean,24,19.262673950195335
gep09,00,2026-04-27,2026-05-21,gcrew,noaa_gefs,09,Pressure_Pa,24,101705.2734375
gep09,00,2026-04-27,2026-05-21,gcrew,noaa_gefs,09,RH_percent_mean,24,62.426734924316406
gep09,00,2026-04-27,2026-05-21,gcrew,noaa_gefs,09,Rain_mm_sum,24,0
gep09,00,2026-04-27,2026-05-21,gcrew,noaa_gefs,09,ShortwaveRadiation_Wm2,24,345.75
gep09,00,2026-04-27,2026-05-21,gcrew,noaa_gefs,09,WindSpeed_ms_mean,24,2.407734619792761
gep09,00,2026-04-27,2026-05-22,gcrew,noaa_gefs,09,AirTemp_C_mean,25,19.581025695800804
gep09,00,2026-04-27,2026-05-22,gcrew,noaa_gefs,09,Pressure_Pa,25,101598.32421875
gep09,00,2026-04-27,2026-05-22,gcrew,noaa_gefs,09,RH_percent_mean,25,67.51792812347412
gep09,00,2026-04-27,2026-05-22,gcrew,noaa_gefs,09,Rain_mm_sum,25,0
gep09,00,2026-04-27,2026-05-22,gcrew,noaa_gefs,09,ShortwaveRadiation_Wm2,25,339.25
gep09,00,2026-04-27,2026-05-22,gcrew,noaa_gefs,09,WindSpeed_ms_mean,25,4.837275644483171
gep09,00,2026-04-27,2026-05-23,gcrew,noaa_gefs,09,AirTemp_C_mean,26,19.05195007324221
gep09,00,2026-04-27,2026-05-23,gcrew,noaa_gefs,09,Pressure_Pa,26,101465.875
gep09,00,2026-04-27,2026-05-23,gcrew,noaa_gefs,09,RH_percent_mean,26,65.91939640045166
gep09,00,2026-04-27,2026-05-23,gcrew,noaa_gefs,09,Rain_mm_sum,26,0
gep09,00,2026-04-27,2026-05-23,gcrew,noaa_gefs,09,ShortwaveRadiation_Wm2,26,342.25
gep09,00,2026-04-27,2026-05-23,gcrew,noaa_gefs,09,WindSpeed_ms_mean,26,3.9395944856956513
gep09,00,2026-04-27,2026-05-24,gcrew,noaa_gefs,09,AirTemp_C_mean,27,19.98945007324221
gep09,00,2026-04-27,2026-05-24,gcrew,noaa_gefs,09,Pressure_Pa,27,101342.990234375
gep09,00,2026-04-27,2026-05-24,gcrew,noaa_gefs,09,RH_percent_mean,27,67.63784408569336
gep09,00,2026-04-27,2026-05-24,gcrew,noaa_gefs,09,Rain_mm_sum,27,0
gep09,00,2026-04-27,2026-05-24,gcrew,noaa_gefs,09,ShortwaveRadiation_Wm2,27,291.25
gep09,00,2026-04-27,2026-05-24,gcrew,noaa_gefs,09,WindSpeed_ms_mean,27,1.8987633133925008
gep09,00,2026-04-27,2026-05-25,gcrew,noaa_gefs,09,AirTemp_C_mean,28,20.29615173339846
gep09,00,2026-04-27,2026-05-25,gcrew,noaa_gefs,09,Pressure_Pa,28,100799.01953125
gep09,00,2026-04-27,2026-05-25,gcrew,noaa_gefs,09,RH_percent_mean,28,68.97553539276123
gep09,00,2026-04-27,2026-05-25,gcrew,noaa_gefs,09,Rain_mm_sum,28,0
gep09,00,2026-04-27,2026-05-25,gcrew,noaa_gefs,09,ShortwaveRadiation_Wm2,28,309.75
gep09,00,2026-04-27,2026-05-25,gcrew,noaa_gefs,09,WindSpeed_ms_mean,28,3.282312133189652
gep09,00,2026-04-27,2026-05-26,gcrew,noaa_gefs,09,AirTemp_C_mean,29,23.21851501464846
gep09,00,2026-04-27,2026-05-26,gcrew,noaa_gefs,09,Pressure_Pa,29,100695.197265625
gep09,00,2026-04-27,2026-05-26,gcrew,noaa_gefs,09,RH_percent_mean,29,82.25054931640625
gep09,00,2026-04-27,2026-05-26,gcrew,noaa_gefs,09,Rain_mm_sum,29,4.899999916553497
gep09,00,2026-04-27,2026-05-26,gcrew,noaa_gefs,09,ShortwaveRadiation_Wm2,29,325.5
gep09,00,2026-04-27,2026-05-26,gcrew,noaa_gefs,09,WindSpeed_ms_mean,29,3.3496704517798257
gep09,00,2026-04-27,2026-05-27,gcrew,noaa_gefs,09,AirTemp_C_mean,30,21.77124176025393
gep09,00,2026-04-27,2026-05-27,gcrew,noaa_gefs,09,Pressure_Pa,30,101327.005859375
gep09,00,2026-04-27,2026-05-27,gcrew,noaa_gefs,09,RH_percent_mean,30,82.51387405395508
gep09,00,2026-04-27,2026-05-27,gcrew,noaa_gefs,09,Rain_mm_sum,30,0
gep09,00,2026-04-27,2026-05-27,gcrew,noaa_gefs,09,ShortwaveRadiation_Wm2,30,325.75
gep09,00,2026-04-27,2026-05-27,gcrew,noaa_gefs,09,WindSpeed_ms_mean,30,4.527820202533626
gep09,00,2026-04-27,2026-05-28,gcrew,noaa_gefs,09,AirTemp_C_mean,31,24.39227447509768
gep09,00,2026-04-27,2026-05-28,gcrew,noaa_gefs,09,Pressure_Pa,31,101159.59375
gep09,00,2026-04-27,2026-05-28,gcrew,noaa_gefs,09,RH_percent_mean,31,79.66389560699463
gep09,00,2026-04-27,2026-05-28,gcrew,noaa_gefs,09,Rain_mm_sum,31,2.9999999552965164
gep09,00,2026-04-27,2026-05-28,gcrew,noaa_gefs,09,ShortwaveRadiation_Wm2,31,332.5
gep09,00,2026-04-27,2026-05-28,gcrew,noaa_gefs,09,WindSpeed_ms_mean,31,3.941846018368561
gep09,00,2026-04-27,2026-05-29,gcrew,noaa_gefs,09,AirTemp_C_mean,32,23.499902343750023
gep09,00,2026-04-27,2026-05-29,gcrew,noaa_gefs,09,Pressure_Pa,32,101534.01171875
gep09,00,2026-04-27,2026-05-29,gcrew,noaa_gefs,09,RH_percent_mean,32,81.16684532165527
gep09,00,2026-04-27,2026-05-29,gcrew,noaa_gefs,09,Rain_mm_sum,32,3.3000000715255737
gep09,00,2026-04-27,2026-05-29,gcrew,noaa_gefs,09,ShortwaveRadiation_Wm2,32,322.75
gep09,00,2026-04-27,2026-05-29,gcrew,noaa_gefs,09,WindSpeed_ms_mean,32,3.215779983650272
gep09,00,2026-04-27,2026-05-30,gcrew,noaa_gefs,09,AirTemp_C_mean,33,25.719346618652366
gep09,00,2026-04-27,2026-05-30,gcrew,noaa_gefs,09,Pressure_Pa,33,101169.580078125
gep09,00,2026-04-27,2026-05-30,gcrew,noaa_gefs,09,RH_percent_mean,33,69.18948173522949
gep09,00,2026-04-27,2026-05-30,gcrew,noaa_gefs,09,Rain_mm_sum,33,5.900000095367432
gep09,00,2026-04-27,2026-05-30,gcrew,noaa_gefs,09,ShortwaveRadiation_Wm2,33,328
gep09,00,2026-04-27,2026-05-30,gcrew,noaa_gefs,09,WindSpeed_ms_mean,33,5.024491839967965
gep09,00,2026-04-27,2026-05-31,gcrew,noaa_gefs,09,AirTemp_C_mean,34,19.59900054931643
gep09,00,2026-04-27,2026-05-31,gcrew,noaa_gefs,09,Pressure_Pa,34,101853.44140625
gep09,00,2026-04-27,2026-05-31,gcrew,noaa_gefs,09,RH_percent_mean,34,62.48447799682617
gep09,00,2026-04-27,2026-05-31,gcrew,noaa_gefs,09,Rain_mm_sum,34,0
gep09,00,2026-04-27,2026-05-31,gcrew,noaa_gefs,09,ShortwaveRadiation_Wm2,34,360.25
gep09,00,2026-04-27,2026-05-31,gcrew,noaa_gefs,09,WindSpeed_ms_mean,34,4.692275223673417
gep10,00,2026-04-27,2026-04-28,gcrew,noaa_gefs,10,AirTemp_C_mean,1,11.579675292968773
gep10,00,2026-04-27,2026-04-28,gcrew,noaa_gefs,10,Pressure_Pa,1,101858.66796875
gep10,00,2026-04-27,2026-04-28,gcrew,noaa_gefs,10,RH_percent_mean,1,70.0107069015503
gep10,00,2026-04-27,2026-04-28,gcrew,noaa_gefs,10,Rain_mm_sum,1,2.1800000071525574
gep10,00,2026-04-27,2026-04-28,gcrew,noaa_gefs,10,ShortwaveRadiation_Wm2,1,182.375
gep10,00,2026-04-27,2026-04-28,gcrew,noaa_gefs,10,WindSpeed_ms_mean,1,3.144690806609595
gep10,00,2026-04-27,2026-04-29,gcrew,noaa_gefs,10,AirTemp_C_mean,2,13.038072204589866
gep10,00,2026-04-27,2026-04-29,gcrew,noaa_gefs,10,Pressure_Pa,2,100681.7392578125
gep10,00,2026-04-27,2026-04-29,gcrew,noaa_gefs,10,RH_percent_mean,2,79.37301731109619
gep10,00,2026-04-27,2026-04-29,gcrew,noaa_gefs,10,Rain_mm_sum,2,5.650000095367432
gep10,00,2026-04-27,2026-04-29,gcrew,noaa_gefs,10,ShortwaveRadiation_Wm2,2,123.125
gep10,00,2026-04-27,2026-04-29,gcrew,noaa_gefs,10,WindSpeed_ms_mean,2,6.751690838700274
gep10,00,2026-04-27,2026-04-30,gcrew,noaa_gefs,10,AirTemp_C_mean,3,12.374749755859398
gep10,00,2026-04-27,2026-04-30,gcrew,noaa_gefs,10,Pressure_Pa,3,100118.521484375
gep10,00,2026-04-27,2026-04-30,gcrew,noaa_gefs,10,RH_percent_mean,3,68.30331468582153
gep10,00,2026-04-27,2026-04-30,gcrew,noaa_gefs,10,Rain_mm_sum,3,2.200000047683716
gep10,00,2026-04-27,2026-04-30,gcrew,noaa_gefs,10,ShortwaveRadiation_Wm2,3,336.75
gep10,00,2026-04-27,2026-04-30,gcrew,noaa_gefs,10,WindSpeed_ms_mean,3,6.3404068339236375
gep10,00,2026-04-27,2026-05-01,gcrew,noaa_gefs,10,AirTemp_C_mean,4,11.863782501220726
gep10,00,2026-04-27,2026-05-01,gcrew,noaa_gefs,10,Pressure_Pa,4,100457.115234375
gep10,00,2026-04-27,2026-05-01,gcrew,noaa_gefs,10,RH_percent_mean,4,63.77413034439087
gep10,00,2026-04-27,2026-05-01,gcrew,noaa_gefs,10,Rain_mm_sum,4,0.14999999105930328
gep10,00,2026-04-27,2026-05-01,gcrew,noaa_gefs,10,ShortwaveRadiation_Wm2,4,305.75
gep10,00,2026-04-27,2026-05-01,gcrew,noaa_gefs,10,WindSpeed_ms_mean,4,4.420050426615207
gep10,00,2026-04-27,2026-05-02,gcrew,noaa_gefs,10,AirTemp_C_mean,5,9.424409484863304
gep10,00,2026-04-27,2026-05-02,gcrew,noaa_gefs,10,Pressure_Pa,5,100060.8115234375
gep10,00,2026-04-27,2026-05-02,gcrew,noaa_gefs,10,RH_percent_mean,5,85.62604904174805
gep10,00,2026-04-27,2026-05-02,gcrew,noaa_gefs,10,Rain_mm_sum,5,10.500000223517418
gep10,00,2026-04-27,2026-05-02,gcrew,noaa_gefs,10,ShortwaveRadiation_Wm2,5,49.625
gep10,00,2026-04-27,2026-05-02,gcrew,noaa_gefs,10,WindSpeed_ms_mean,5,6.559776809952508
gep10,00,2026-04-27,2026-05-03,gcrew,noaa_gefs,10,AirTemp_C_mean,6,10.825589752197288
gep10,00,2026-04-27,2026-05-03,gcrew,noaa_gefs,10,Pressure_Pa,6,100683.826171875
gep10,00,2026-04-27,2026-05-03,gcrew,noaa_gefs,10,RH_percent_mean,6,70.58711957931519
gep10,00,2026-04-27,2026-05-03,gcrew,noaa_gefs,10,Rain_mm_sum,6,2.5999999791383743
gep10,00,2026-04-27,2026-05-03,gcrew,noaa_gefs,10,ShortwaveRadiation_Wm2,6,228.625
gep10,00,2026-04-27,2026-05-03,gcrew,noaa_gefs,10,WindSpeed_ms_mean,6,6.259846307795703
gep10,00,2026-04-27,2026-05-04,gcrew,noaa_gefs,10,AirTemp_C_mean,7,12.645486450195335
gep10,00,2026-04-27,2026-05-04,gcrew,noaa_gefs,10,Pressure_Pa,7,101078.326171875
gep10,00,2026-04-27,2026-05-04,gcrew,noaa_gefs,10,RH_percent_mean,7,65.15876054763794
gep10,00,2026-04-27,2026-05-04,gcrew,noaa_gefs,10,Rain_mm_sum,7,0
gep10,00,2026-04-27,2026-05-04,gcrew,noaa_gefs,10,ShortwaveRadiation_Wm2,7,330.375
gep10,00,2026-04-27,2026-05-04,gcrew,noaa_gefs,10,WindSpeed_ms_mean,7,4.1287794168947265
gep10,00,2026-04-27,2026-05-05,gcrew,noaa_gefs,10,AirTemp_C_mean,8,13.514123535156273
gep10,00,2026-04-27,2026-05-05,gcrew,noaa_gefs,10,Pressure_Pa,8,100674.3935546875
gep10,00,2026-04-27,2026-05-05,gcrew,noaa_gefs,10,RH_percent_mean,8,77.96095371246338
gep10,00,2026-04-27,2026-05-05,gcrew,noaa_gefs,10,Rain_mm_sum,8,6.429999984800816
gep10,00,2026-04-27,2026-05-05,gcrew,noaa_gefs,10,ShortwaveRadiation_Wm2,8,102.75
gep10,00,2026-04-27,2026-05-05,gcrew,noaa_gefs,10,WindSpeed_ms_mean,8,3.340704722164043
gep10,00,2026-04-27,2026-05-06,gcrew,noaa_gefs,10,AirTemp_C_mean,9,14.66842476981029
gep10,00,2026-04-27,2026-05-06,gcrew,noaa_gefs,10,Pressure_Pa,9,100426.58035714286
gep10,00,2026-04-27,2026-05-06,gcrew,noaa_gefs,10,RH_percent_mean,9,74.78257206508091
gep10,00,2026-04-27,2026-05-06,gcrew,noaa_gefs,10,Rain_mm_sum,9,2.800000049173832
gep10,00,2026-04-27,2026-05-06,gcrew,noaa_gefs,10,ShortwaveRadiation_Wm2,9,226.57142857142858
gep10,00,2026-04-27,2026-05-06,gcrew,noaa_gefs,10,WindSpeed_ms_mean,9,2.962092818850805
gep10,00,2026-04-27,2026-05-07,gcrew,noaa_gefs,10,AirTemp_C_mean,10,13.210267639160179
gep10,00,2026-04-27,2026-05-07,gcrew,noaa_gefs,10,Pressure_Pa,10,100801.388671875
gep10,00,2026-04-27,2026-05-07,gcrew,noaa_gefs,10,RH_percent_mean,10,64.8941125869751
gep10,00,2026-04-27,2026-05-07,gcrew,noaa_gefs,10,Rain_mm_sum,10,0
gep10,00,2026-04-27,2026-05-07,gcrew,noaa_gefs,10,ShortwaveRadiation_Wm2,10,333.25
gep10,00,2026-04-27,2026-05-07,gcrew,noaa_gefs,10,WindSpeed_ms_mean,10,5.7470248717601695
gep10,00,2026-04-27,2026-05-08,gcrew,noaa_gefs,10,AirTemp_C_mean,11,14.233064270019554
gep10,00,2026-04-27,2026-05-08,gcrew,noaa_gefs,10,Pressure_Pa,11,100949.1875
gep10,00,2026-04-27,2026-05-08,gcrew,noaa_gefs,10,RH_percent_mean,11,63.45889949798584
gep10,00,2026-04-27,2026-05-08,gcrew,noaa_gefs,10,Rain_mm_sum,11,0
gep10,00,2026-04-27,2026-05-08,gcrew,noaa_gefs,10,ShortwaveRadiation_Wm2,11,323.25
gep10,00,2026-04-27,2026-05-08,gcrew,noaa_gefs,10,WindSpeed_ms_mean,11,4.1680753706171
gep10,00,2026-04-27,2026-05-09,gcrew,noaa_gefs,10,AirTemp_C_mean,12,16.69899139404299
gep10,00,2026-04-27,2026-05-09,gcrew,noaa_gefs,10,Pressure_Pa,12,99939.416015625
gep10,00,2026-04-27,2026-05-09,gcrew,noaa_gefs,10,RH_percent_mean,12,93.10905075073242
gep10,00,2026-04-27,2026-05-09,gcrew,noaa_gefs,10,Rain_mm_sum,12,19.40000009536743
gep10,00,2026-04-27,2026-05-09,gcrew,noaa_gefs,10,ShortwaveRadiation_Wm2,12,75
gep10,00,2026-04-27,2026-05-09,gcrew,noaa_gefs,10,WindSpeed_ms_mean,12,5.098757673087844
gep10,00,2026-04-27,2026-05-10,gcrew,noaa_gefs,10,AirTemp_C_mean,13,13.901696777343773
gep10,00,2026-04-27,2026-05-10,gcrew,noaa_gefs,10,Pressure_Pa,13,101187.380859375
gep10,00,2026-04-27,2026-05-10,gcrew,noaa_gefs,10,RH_percent_mean,13,62.095730781555176
gep10,00,2026-04-27,2026-05-10,gcrew,noaa_gefs,10,Rain_mm_sum,13,0.10000000149011612
gep10,00,2026-04-27,2026-05-10,gcrew,noaa_gefs,10,ShortwaveRadiation_Wm2,13,344.5
gep10,00,2026-04-27,2026-05-10,gcrew,noaa_gefs,10,WindSpeed_ms_mean,13,4.143133742887205
gep10,00,2026-04-27,2026-05-11,gcrew,noaa_gefs,10,AirTemp_C_mean,14,15.09168395996096
gep10,00,2026-04-27,2026-05-11,gcrew,noaa_gefs,10,Pressure_Pa,14,102241.033203125
gep10,00,2026-04-27,2026-05-11,gcrew,noaa_gefs,10,RH_percent_mean,14,62.015602111816406
gep10,00,2026-04-27,2026-05-11,gcrew,noaa_gefs,10,Rain_mm_sum,14,0
gep10,00,2026-04-27,2026-05-11,gcrew,noaa_gefs,10,ShortwaveRadiation_Wm2,14,339.75
gep10,00,2026-04-27,2026-05-11,gcrew,noaa_gefs,10,WindSpeed_ms_mean,14,4.706386471173322
gep10,00,2026-04-27,2026-05-12,gcrew,noaa_gefs,10,AirTemp_C_mean,15,17.251084899902366
gep10,00,2026-04-27,2026-05-12,gcrew,noaa_gefs,10,Pressure_Pa,15,102263.9921875
gep10,00,2026-04-27,2026-05-12,gcrew,noaa_gefs,10,RH_percent_mean,15,75.52095794677734
gep10,00,2026-04-27,2026-05-12,gcrew,noaa_gefs,10,Rain_mm_sum,15,0
gep10,00,2026-04-27,2026-05-12,gcrew,noaa_gefs,10,ShortwaveRadiation_Wm2,15,336
gep10,00,2026-04-27,2026-05-12,gcrew,noaa_gefs,10,WindSpeed_ms_mean,15,7.010430330005118
gep10,00,2026-04-27,2026-05-13,gcrew,noaa_gefs,10,AirTemp_C_mean,16,19.49273834228518
gep10,00,2026-04-27,2026-05-13,gcrew,noaa_gefs,10,Pressure_Pa,16,101710.423828125
gep10,00,2026-04-27,2026-05-13,gcrew,noaa_gefs,10,RH_percent_mean,16,90.239959716796875
gep10,00,2026-04-27,2026-05-13,gcrew,noaa_gefs,10,Rain_mm_sum,16,2.800000049173832
gep10,00,2026-04-27,2026-05-13,gcrew,noaa_gefs,10,ShortwaveRadiation_Wm2,16,215.75
gep10,00,2026-04-27,2026-05-13,gcrew,noaa_gefs,10,WindSpeed_ms_mean,16,6.026004144410448
gep10,00,2026-04-27,2026-05-14,gcrew,noaa_gefs,10,AirTemp_C_mean,17,18.513650512695335
gep10,00,2026-04-27,2026-05-14,gcrew,noaa_gefs,10,Pressure_Pa,17,101608.88671875
gep10,00,2026-04-27,2026-05-14,gcrew,noaa_gefs,10,RH_percent_mean,17,86.30577850341797
gep10,00,2026-04-27,2026-05-14,gcrew,noaa_gefs,10,Rain_mm_sum,17,12.900000095367432
gep10,00,2026-04-27,2026-05-14,gcrew,noaa_gefs,10,ShortwaveRadiation_Wm2,17,185.75
gep10,00,2026-04-27,2026-05-14,gcrew,noaa_gefs,10,WindSpeed_ms_mean,17,4.270036840520563
gep10,00,2026-04-27,2026-05-15,gcrew,noaa_gefs,10,AirTemp_C_mean,18,15.910485839843773
gep10,00,2026-04-27,2026-05-15,gcrew,noaa_gefs,10,Pressure_Pa,18,102181.615234375
gep10,00,2026-04-27,2026-05-15,gcrew,noaa_gefs,10,RH_percent_mean,18,76.19487285614014
gep10,00,2026-04-27,2026-05-15,gcrew,noaa_gefs,10,Rain_mm_sum,18,0
gep10,00,2026-04-27,2026-05-15,gcrew,noaa_gefs,10,ShortwaveRadiation_Wm2,18,343.5
gep10,00,2026-04-27,2026-05-15,gcrew,noaa_gefs,10,WindSpeed_ms_mean,18,3.9490240974844317
gep10,00,2026-04-27,2026-05-16,gcrew,noaa_gefs,10,AirTemp_C_mean,19,20.577661132812523
gep10,00,2026-04-27,2026-05-16,gcrew,noaa_gefs,10,Pressure_Pa,19,101713.755859375
gep10,00,2026-04-27,2026-05-16,gcrew,noaa_gefs,10,RH_percent_mean,19,80.4810848236084
gep10,00,2026-04-27,2026-05-16,gcrew,noaa_gefs,10,Rain_mm_sum,19,1.1000000014901161
gep10,00,2026-04-27,2026-05-16,gcrew,noaa_gefs,10,ShortwaveRadiation_Wm2,19,322.75
gep10,00,2026-04-27,2026-05-16,gcrew,noaa_gefs,10,WindSpeed_ms_mean,19,4.781925626210346
gep10,00,2026-04-27,2026-05-17,gcrew,noaa_gefs,10,AirTemp_C_mean,20,22.937905883789085
gep10,00,2026-04-27,2026-05-17,gcrew,noaa_gefs,10,Pressure_Pa,20,101673.8359375
gep10,00,2026-04-27,2026-05-17,gcrew,noaa_gefs,10,RH_percent_mean,20,77.38579750061035
gep10,00,2026-04-27,2026-05-17,gcrew,noaa_gefs,10,Rain_mm_sum,20,4.300000049173832
gep10,00,2026-04-27,2026-05-17,gcrew,noaa_gefs,10,ShortwaveRadiation_Wm2,20,295.25
gep10,00,2026-04-27,2026-05-17,gcrew,noaa_gefs,10,WindSpeed_ms_mean,20,3.0308602990974056
gep10,00,2026-04-27,2026-05-18,gcrew,noaa_gefs,10,AirTemp_C_mean,21,24.01905212402346
gep10,00,2026-04-27,2026-05-18,gcrew,noaa_gefs,10,Pressure_Pa,21,101460.267578125
gep10,00,2026-04-27,2026-05-18,gcrew,noaa_gefs,10,RH_percent_mean,21,76.18959331512451
gep10,00,2026-04-27,2026-05-18,gcrew,noaa_gefs,10,Rain_mm_sum,21,16.80000078678131
gep10,00,2026-04-27,2026-05-18,gcrew,noaa_gefs,10,ShortwaveRadiation_Wm2,21,296
gep10,00,2026-04-27,2026-05-18,gcrew,noaa_gefs,10,WindSpeed_ms_mean,21,3.073193730264629
gep10,00,2026-04-27,2026-05-19,gcrew,noaa_gefs,10,AirTemp_C_mean,22,25.510980224609398
gep10,00,2026-04-27,2026-05-19,gcrew,noaa_gefs,10,Pressure_Pa,22,100955.107421875
gep10,00,2026-04-27,2026-05-19,gcrew,noaa_gefs,10,RH_percent_mean,22,70.90894889831543
gep10,00,2026-04-27,2026-05-19,gcrew,noaa_gefs,10,Rain_mm_sum,22,1.600000038743019
gep10,00,2026-04-27,2026-05-19,gcrew,noaa_gefs,10,ShortwaveRadiation_Wm2,22,224
gep10,00,2026-04-27,2026-05-19,gcrew,noaa_gefs,10,WindSpeed_ms_mean,22,2.4858541001805587
gep10,00,2026-04-27,2026-05-20,gcrew,noaa_gefs,10,AirTemp_C_mean,23,21.864289855957054
gep10,00,2026-04-27,2026-05-20,gcrew,noaa_gefs,10,Pressure_Pa,23,101018.095703125
gep10,00,2026-04-27,2026-05-20,gcrew,noaa_gefs,10,RH_percent_mean,23,67.23811626434326
gep10,00,2026-04-27,2026-05-20,gcrew,noaa_gefs,10,Rain_mm_sum,23,0.30000001192092896
gep10,00,2026-04-27,2026-05-20,gcrew,noaa_gefs,10,ShortwaveRadiation_Wm2,23,327.25
gep10,00,2026-04-27,2026-05-20,gcrew,noaa_gefs,10,WindSpeed_ms_mean,23,4.555111160571268
gep10,00,2026-04-27,2026-05-21,gcrew,noaa_gefs,10,AirTemp_C_mean,24,19.262673950195335
gep10,00,2026-04-27,2026-05-21,gcrew,noaa_gefs,10,Pressure_Pa,24,101705.2734375
gep10,00,2026-04-27,2026-05-21,gcrew,noaa_gefs,10,RH_percent_mean,24,62.426734924316406
gep10,00,2026-04-27,2026-05-21,gcrew,noaa_gefs,10,Rain_mm_sum,24,0
gep10,00,2026-04-27,2026-05-21,gcrew,noaa_gefs,10,ShortwaveRadiation_Wm2,24,345.75
gep10,00,2026-04-27,2026-05-21,gcrew,noaa_gefs,10,WindSpeed_ms_mean,24,2.407734619792761
gep10,00,2026-04-27,2026-05-22,gcrew,noaa_gefs,10,AirTemp_C_mean,25,19.581025695800804
gep10,00,2026-04-27,2026-05-22,gcrew,noaa_gefs,10,Pressure_Pa,25,101598.32421875
gep10,00,2026-04-27,2026-05-22,gcrew,noaa_gefs,10,RH_percent_mean,25,67.51792812347412
gep10,00,2026-04-27,2026-05-22,gcrew,noaa_gefs,10,Rain_mm_sum,25,0
gep10,00,2026-04-27,2026-05-22,gcrew,noaa_gefs,10,ShortwaveRadiation_Wm2,25,339.25
gep10,00,2026-04-27,2026-05-22,gcrew,noaa_gefs,10,WindSpeed_ms_mean,25,4.837275644483171
gep10,00,2026-04-27,2026-05-23,gcrew,noaa_gefs,10,AirTemp_C_mean,26,19.05195007324221
gep10,00,2026-04-27,2026-05-23,gcrew,noaa_gefs,10,Pressure_Pa,26,101465.875
gep10,00,2026-04-27,2026-05-23,gcrew,noaa_gefs,10,RH_percent_mean,26,65.91939640045166
gep10,00,2026-04-27,2026-05-23,gcrew,noaa_gefs,10,Rain_mm_sum,26,0
gep10,00,2026-04-27,2026-05-23,gcrew,noaa_gefs,10,ShortwaveRadiation_Wm2,26,342.25
gep10,00,2026-04-27,2026-05-23,gcrew,noaa_gefs,10,WindSpeed_ms_mean,26,3.9395944856956513
gep10,00,2026-04-27,2026-05-24,gcrew,noaa_gefs,10,AirTemp_C_mean,27,19.98945007324221
gep10,00,2026-04-27,2026-05-24,gcrew,noaa_gefs,10,Pressure_Pa,27,101342.990234375
gep10,00,2026-04-27,2026-05-24,gcrew,noaa_gefs,10,RH_percent_mean,27,67.63784408569336
gep10,00,2026-04-27,2026-05-24,gcrew,noaa_gefs,10,Rain_mm_sum,27,0
gep10,00,2026-04-27,2026-05-24,gcrew,noaa_gefs,10,ShortwaveRadiation_Wm2,27,291.25
gep10,00,2026-04-27,2026-05-24,gcrew,noaa_gefs,10,WindSpeed_ms_mean,27,1.8987633133925008
gep10,00,2026-04-27,2026-05-25,gcrew,noaa_gefs,10,AirTemp_C_mean,28,20.29615173339846
gep10,00,2026-04-27,2026-05-25,gcrew,noaa_gefs,10,Pressure_Pa,28,100799.01953125
gep10,00,2026-04-27,2026-05-25,gcrew,noaa_gefs,10,RH_percent_mean,28,68.97553539276123
gep10,00,2026-04-27,2026-05-25,gcrew,noaa_gefs,10,Rain_mm_sum,28,0
gep10,00,2026-04-27,2026-05-25,gcrew,noaa_gefs,10,ShortwaveRadiation_Wm2,28,309.75
gep10,00,2026-04-27,2026-05-25,gcrew,noaa_gefs,10,WindSpeed_ms_mean,28,3.282312133189652
gep10,00,2026-04-27,2026-05-26,gcrew,noaa_gefs,10,AirTemp_C_mean,29,23.21851501464846
gep10,00,2026-04-27,2026-05-26,gcrew,noaa_gefs,10,Pressure_Pa,29,100695.197265625
gep10,00,2026-04-27,2026-05-26,gcrew,noaa_gefs,10,RH_percent_mean,29,82.25054931640625
gep10,00,2026-04-27,2026-05-26,gcrew,noaa_gefs,10,Rain_mm_sum,29,4.899999916553497
gep10,00,2026-04-27,2026-05-26,gcrew,noaa_gefs,10,ShortwaveRadiation_Wm2,29,325.5
gep10,00,2026-04-27,2026-05-26,gcrew,noaa_gefs,10,WindSpeed_ms_mean,29,3.3496704517798257
gep10,00,2026-04-27,2026-05-27,gcrew,noaa_gefs,10,AirTemp_C_mean,30,21.77124176025393
gep10,00,2026-04-27,2026-05-27,gcrew,noaa_gefs,10,Pressure_Pa,30,101327.005859375
gep10,00,2026-04-27,2026-05-27,gcrew,noaa_gefs,10,RH_percent_mean,30,82.51387405395508
gep10,00,2026-04-27,2026-05-27,gcrew,noaa_gefs,10,Rain_mm_sum,30,0
gep10,00,2026-04-27,2026-05-27,gcrew,noaa_gefs,10,ShortwaveRadiation_Wm2,30,325.75
gep10,00,2026-04-27,2026-05-27,gcrew,noaa_gefs,10,WindSpeed_ms_mean,30,4.527820202533626
gep10,00,2026-04-27,2026-05-28,gcrew,noaa_gefs,10,AirTemp_C_mean,31,24.39227447509768
gep10,00,2026-04-27,2026-05-28,gcrew,noaa_gefs,10,Pressure_Pa,31,101159.59375
gep10,00,2026-04-27,2026-05-28,gcrew,noaa_gefs,10,RH_percent_mean,31,79.66389560699463
gep10,00,2026-04-27,2026-05-28,gcrew,noaa_gefs,10,Rain_mm_sum,31,2.9999999552965164
gep10,00,2026-04-27,2026-05-28,gcrew,noaa_gefs,10,ShortwaveRadiation_Wm2,31,332.5
gep10,00,2026-04-27,2026-05-28,gcrew,noaa_gefs,10,WindSpeed_ms_mean,31,3.941846018368561
gep10,00,2026-04-27,2026-05-29,gcrew,noaa_gefs,10,AirTemp_C_mean,32,23.499902343750023
gep10,00,2026-04-27,2026-05-29,gcrew,noaa_gefs,10,Pressure_Pa,32,101534.01171875
gep10,00,2026-04-27,2026-05-29,gcrew,noaa_gefs,10,RH_percent_mean,32,81.16684532165527
gep10,00,2026-04-27,2026-05-29,gcrew,noaa_gefs,10,Rain_mm_sum,32,3.3000000715255737
gep10,00,2026-04-27,2026-05-29,gcrew,noaa_gefs,10,ShortwaveRadiation_Wm2,32,322.75
gep10,00,2026-04-27,2026-05-29,gcrew,noaa_gefs,10,WindSpeed_ms_mean,32,3.215779983650272
gep10,00,2026-04-27,2026-05-30,gcrew,noaa_gefs,10,AirTemp_C_mean,33,25.719346618652366
gep10,00,2026-04-27,2026-05-30,gcrew,noaa_gefs,10,Pressure_Pa,33,101169.580078125
gep10,00,2026-04-27,2026-05-30,gcrew,noaa_gefs,10,RH_percent_mean,33,69.18948173522949
gep10,00,2026-04-27,2026-05-30,gcrew,noaa_gefs,10,Rain_mm_sum,33,5.900000095367432
gep10,00,2026-04-27,2026-05-30,gcrew,noaa_gefs,10,ShortwaveRadiation_Wm2,33,328
gep10,00,2026-04-27,2026-05-30,gcrew,noaa_gefs,10,WindSpeed_ms_mean,33,5.024491839967965
gep10,00,2026-04-27,2026-05-31,gcrew,noaa_gefs,10,AirTemp_C_mean,34,19.59900054931643
gep10,00,2026-04-27,2026-05-31,gcrew,noaa_gefs,10,Pressure_Pa,34,101853.44140625
gep10,00,2026-04-27,2026-05-31,gcrew,noaa_gefs,10,RH_percent_mean,34,62.48447799682617
gep10,00,2026-04-27,2026-05-31,gcrew,noaa_gefs,10,Rain_mm_sum,34,0
gep10,00,2026-04-27,2026-05-31,gcrew,noaa_gefs,10,ShortwaveRadiation_Wm2,34,360.25
gep10,00,2026-04-27,2026-05-31,gcrew,noaa_gefs,10,WindSpeed_ms_mean,34,4.692275223673417
gep11,00,2026-04-27,2026-04-28,gcrew,noaa_gefs,11,AirTemp_C_mean,1,11.579675292968773
gep11,00,2026-04-27,2026-04-28,gcrew,noaa_gefs,11,Pressure_Pa,1,101858.66796875
gep11,00,2026-04-27,2026-04-28,gcrew,noaa_gefs,11,RH_percent_mean,1,70.0107069015503
gep11,00,2026-04-27,2026-04-28,gcrew,noaa_gefs,11,Rain_mm_sum,1,2.1800000071525574
gep11,00,2026-04-27,2026-04-28,gcrew,noaa_gefs,11,ShortwaveRadiation_Wm2,1,182.375
gep11,00,2026-04-27,2026-04-28,gcrew,noaa_gefs,11,WindSpeed_ms_mean,1,3.144690806609595
gep11,00,2026-04-27,2026-04-29,gcrew,noaa_gefs,11,AirTemp_C_mean,2,13.038072204589866
gep11,00,2026-04-27,2026-04-29,gcrew,noaa_gefs,11,Pressure_Pa,2,100681.7392578125
gep11,00,2026-04-27,2026-04-29,gcrew,noaa_gefs,11,RH_percent_mean,2,79.37301731109619
gep11,00,2026-04-27,2026-04-29,gcrew,noaa_gefs,11,Rain_mm_sum,2,5.650000095367432
gep11,00,2026-04-27,2026-04-29,gcrew,noaa_gefs,11,ShortwaveRadiation_Wm2,2,123.125
gep11,00,2026-04-27,2026-04-29,gcrew,noaa_gefs,11,WindSpeed_ms_mean,2,6.751690838700274
gep11,00,2026-04-27,2026-04-30,gcrew,noaa_gefs,11,AirTemp_C_mean,3,12.374749755859398
gep11,00,2026-04-27,2026-04-30,gcrew,noaa_gefs,11,Pressure_Pa,3,100118.521484375
gep11,00,2026-04-27,2026-04-30,gcrew,noaa_gefs,11,RH_percent_mean,3,68.30331468582153
gep11,00,2026-04-27,2026-04-30,gcrew,noaa_gefs,11,Rain_mm_sum,3,2.200000047683716
gep11,00,2026-04-27,2026-04-30,gcrew,noaa_gefs,11,ShortwaveRadiation_Wm2,3,336.75
gep11,00,2026-04-27,2026-04-30,gcrew,noaa_gefs,11,WindSpeed_ms_mean,3,6.3404068339236375
gep11,00,2026-04-27,2026-05-01,gcrew,noaa_gefs,11,AirTemp_C_mean,4,11.863782501220726
gep11,00,2026-04-27,2026-05-01,gcrew,noaa_gefs,11,Pressure_Pa,4,100457.115234375
gep11,00,2026-04-27,2026-05-01,gcrew,noaa_gefs,11,RH_percent_mean,4,63.77413034439087
gep11,00,2026-04-27,2026-05-01,gcrew,noaa_gefs,11,Rain_mm_sum,4,0.14999999105930328
gep11,00,2026-04-27,2026-05-01,gcrew,noaa_gefs,11,ShortwaveRadiation_Wm2,4,305.75
gep11,00,2026-04-27,2026-05-01,gcrew,noaa_gefs,11,WindSpeed_ms_mean,4,4.420050426615207
gep11,00,2026-04-27,2026-05-02,gcrew,noaa_gefs,11,AirTemp_C_mean,5,9.424409484863304
gep11,00,2026-04-27,2026-05-02,gcrew,noaa_gefs,11,Pressure_Pa,5,100060.8115234375
gep11,00,2026-04-27,2026-05-02,gcrew,noaa_gefs,11,RH_percent_mean,5,85.62604904174805
gep11,00,2026-04-27,2026-05-02,gcrew,noaa_gefs,11,Rain_mm_sum,5,10.500000223517418
gep11,00,2026-04-27,2026-05-02,gcrew,noaa_gefs,11,ShortwaveRadiation_Wm2,5,49.625
gep11,00,2026-04-27,2026-05-02,gcrew,noaa_gefs,11,WindSpeed_ms_mean,5,6.559776809952508
gep11,00,2026-04-27,2026-05-03,gcrew,noaa_gefs,11,AirTemp_C_mean,6,10.825589752197288
gep11,00,2026-04-27,2026-05-03,gcrew,noaa_gefs,11,Pressure_Pa,6,100683.826171875
gep11,00,2026-04-27,2026-05-03,gcrew,noaa_gefs,11,RH_percent_mean,6,70.58711957931519
gep11,00,2026-04-27,2026-05-03,gcrew,noaa_gefs,11,Rain_mm_sum,6,2.5999999791383743
gep11,00,2026-04-27,2026-05-03,gcrew,noaa_gefs,11,ShortwaveRadiation_Wm2,6,228.625
gep11,00,2026-04-27,2026-05-03,gcrew,noaa_gefs,11,WindSpeed_ms_mean,6,6.259846307795703
gep11,00,2026-04-27,2026-05-04,gcrew,noaa_gefs,11,AirTemp_C_mean,7,12.645486450195335
gep11,00,2026-04-27,2026-05-04,gcrew,noaa_gefs,11,Pressure_Pa,7,101078.326171875
gep11,00,2026-04-27,2026-05-04,gcrew,noaa_gefs,11,RH_percent_mean,7,65.15876054763794
gep11,00,2026-04-27,2026-05-04,gcrew,noaa_gefs,11,Rain_mm_sum,7,0
gep11,00,2026-04-27,2026-05-04,gcrew,noaa_gefs,11,ShortwaveRadiation_Wm2,7,330.375
gep11,00,2026-04-27,2026-05-04,gcrew,noaa_gefs,11,WindSpeed_ms_mean,7,4.1287794168947265
gep11,00,2026-04-27,2026-05-05,gcrew,noaa_gefs,11,AirTemp_C_mean,8,13.514123535156273
gep11,00,2026-04-27,2026-05-05,gcrew,noaa_gefs,11,Pressure_Pa,8,100674.3935546875
gep11,00,2026-04-27,2026-05-05,gcrew,noaa_gefs,11,RH_percent_mean,8,77.96095371246338
gep11,00,2026-04-27,2026-05-05,gcrew,noaa_gefs,11,Rain_mm_sum,8,6.429999984800816
gep11,00,2026-04-27,2026-05-05,gcrew,noaa_gefs,11,ShortwaveRadiation_Wm2,8,102.75
gep11,00,2026-04-27,2026-05-05,gcrew,noaa_gefs,11,WindSpeed_ms_mean,8,3.340704722164043
gep11,00,2026-04-27,2026-05-06,gcrew,noaa_gefs,11,AirTemp_C_mean,9,14.66842476981029
gep11,00,2026-04-27,2026-05-06,gcrew,noaa_gefs,11,Pressure_Pa,9,100426.58035714286
gep11,00,2026-04-27,2026-05-06,gcrew,noaa_gefs,11,RH_percent_mean,9,74.78257206508091
gep11,00,2026-04-27,2026-05-06,gcrew,noaa_gefs,11,Rain_mm_sum,9,2.800000049173832
gep11,00,2026-04-27,2026-05-06,gcrew,noaa_gefs,11,ShortwaveRadiation_Wm2,9,226.57142857142858
gep11,00,2026-04-27,2026-05-06,gcrew,noaa_gefs,11,WindSpeed_ms_mean,9,2.962092818850805
gep11,00,2026-04-27,2026-05-07,gcrew,noaa_gefs,11,AirTemp_C_mean,10,13.210267639160179
gep11,00,2026-04-27,2026-05-07,gcrew,noaa_gefs,11,Pressure_Pa,10,100801.388671875
gep11,00,2026-04-27,2026-05-07,gcrew,noaa_gefs,11,RH_percent_mean,10,64.8941125869751
gep11,00,2026-04-27,2026-05-07,gcrew,noaa_gefs,11,Rain_mm_sum,10,0
gep11,00,2026-04-27,2026-05-07,gcrew,noaa_gefs,11,ShortwaveRadiation_Wm2,10,333.25
gep11,00,2026-04-27,2026-05-07,gcrew,noaa_gefs,11,WindSpeed_ms_mean,10,5.7470248717601695
gep11,00,2026-04-27,2026-05-08,gcrew,noaa_gefs,11,AirTemp_C_mean,11,14.233064270019554
gep11,00,2026-04-27,2026-05-08,gcrew,noaa_gefs,11,Pressure_Pa,11,100949.1875
gep11,00,2026-04-27,2026-05-08,gcrew,noaa_gefs,11,RH_percent_mean,11,63.45889949798584
gep11,00,2026-04-27,2026-05-08,gcrew,noaa_gefs,11,Rain_mm_sum,11,0
gep11,00,2026-04-27,2026-05-08,gcrew,noaa_gefs,11,ShortwaveRadiation_Wm2,11,323.25
gep11,00,2026-04-27,2026-05-08,gcrew,noaa_gefs,11,WindSpeed_ms_mean,11,4.1680753706171
gep11,00,2026-04-27,2026-05-09,gcrew,noaa_gefs,11,AirTemp_C_mean,12,16.69899139404299
gep11,00,2026-04-27,2026-05-09,gcrew,noaa_gefs,11,Pressure_Pa,12,99939.416015625
gep11,00,2026-04-27,2026-05-09,gcrew,noaa_gefs,11,RH_percent_mean,12,93.10905075073242
gep11,00,2026-04-27,2026-05-09,gcrew,noaa_gefs,11,Rain_mm_sum,12,19.40000009536743
gep11,00,2026-04-27,2026-05-09,gcrew,noaa_gefs,11,ShortwaveRadiation_Wm2,12,75
gep11,00,2026-04-27,2026-05-09,gcrew,noaa_gefs,11,WindSpeed_ms_mean,12,5.098757673087844
gep11,00,2026-04-27,2026-05-10,gcrew,noaa_gefs,11,AirTemp_C_mean,13,13.901696777343773
gep11,00,2026-04-27,2026-05-10,gcrew,noaa_gefs,11,Pressure_Pa,13,101187.380859375
gep11,00,2026-04-27,2026-05-10,gcrew,noaa_gefs,11,RH_percent_mean,13,62.095730781555176
gep11,00,2026-04-27,2026-05-10,gcrew,noaa_gefs,11,Rain_mm_sum,13,0.10000000149011612
gep11,00,2026-04-27,2026-05-10,gcrew,noaa_gefs,11,ShortwaveRadiation_Wm2,13,344.5
gep11,00,2026-04-27,2026-05-10,gcrew,noaa_gefs,11,WindSpeed_ms_mean,13,4.143133742887205
gep11,00,2026-04-27,2026-05-11,gcrew,noaa_gefs,11,AirTemp_C_mean,14,15.09168395996096
gep11,00,2026-04-27,2026-05-11,gcrew,noaa_gefs,11,Pressure_Pa,14,102241.033203125
gep11,00,2026-04-27,2026-05-11,gcrew,noaa_gefs,11,RH_percent_mean,14,62.015602111816406
gep11,00,2026-04-27,2026-05-11,gcrew,noaa_gefs,11,Rain_mm_sum,14,0
gep11,00,2026-04-27,2026-05-11,gcrew,noaa_gefs,11,ShortwaveRadiation_Wm2,14,339.75
gep11,00,2026-04-27,2026-05-11,gcrew,noaa_gefs,11,WindSpeed_ms_mean,14,4.706386471173322
gep11,00,2026-04-27,2026-05-12,gcrew,noaa_gefs,11,AirTemp_C_mean,15,17.251084899902366
gep11,00,2026-04-27,2026-05-12,gcrew,noaa_gefs,11,Pressure_Pa,15,102263.9921875
gep11,00,2026-04-27,2026-05-12,gcrew,noaa_gefs,11,RH_percent_mean,15,75.52095794677734
gep11,00,2026-04-27,2026-05-12,gcrew,noaa_gefs,11,Rain_mm_sum,15,0
gep11,00,2026-04-27,2026-05-12,gcrew,noaa_gefs,11,ShortwaveRadiation_Wm2,15,336
gep11,00,2026-04-27,2026-05-12,gcrew,noaa_gefs,11,WindSpeed_ms_mean,15,7.010430330005118
gep11,00,2026-04-27,2026-05-13,gcrew,noaa_gefs,11,AirTemp_C_mean,16,19.49273834228518
gep11,00,2026-04-27,2026-05-13,gcrew,noaa_gefs,11,Pressure_Pa,16,101710.423828125
gep11,00,2026-04-27,2026-05-13,gcrew,noaa_gefs,11,RH_percent_mean,16,90.239959716796875
gep11,00,2026-04-27,2026-05-13,gcrew,noaa_gefs,11,Rain_mm_sum,16,2.800000049173832
gep11,00,2026-04-27,2026-05-13,gcrew,noaa_gefs,11,ShortwaveRadiation_Wm2,16,215.75
gep11,00,2026-04-27,2026-05-13,gcrew,noaa_gefs,11,WindSpeed_ms_mean,16,6.026004144410448
gep11,00,2026-04-27,2026-05-14,gcrew,noaa_gefs,11,AirTemp_C_mean,17,18.513650512695335
gep11,00,2026-04-27,2026-05-14,gcrew,noaa_gefs,11,Pressure_Pa,17,101608.88671875
gep11,00,2026-04-27,2026-05-14,gcrew,noaa_gefs,11,RH_percent_mean,17,86.30577850341797
gep11,00,2026-04-27,2026-05-14,gcrew,noaa_gefs,11,Rain_mm_sum,17,12.900000095367432
gep11,00,2026-04-27,2026-05-14,gcrew,noaa_gefs,11,ShortwaveRadiation_Wm2,17,185.75
gep11,00,2026-04-27,2026-05-14,gcrew,noaa_gefs,11,WindSpeed_ms_mean,17,4.270036840520563
gep11,00,2026-04-27,2026-05-15,gcrew,noaa_gefs,11,AirTemp_C_mean,18,15.910485839843773
gep11,00,2026-04-27,2026-05-15,gcrew,noaa_gefs,11,Pressure_Pa,18,102181.615234375
gep11,00,2026-04-27,2026-05-15,gcrew,noaa_gefs,11,RH_percent_mean,18,76.19487285614014
gep11,00,2026-04-27,2026-05-15,gcrew,noaa_gefs,11,Rain_mm_sum,18,0
gep11,00,2026-04-27,2026-05-15,gcrew,noaa_gefs,11,ShortwaveRadiation_Wm2,18,343.5
gep11,00,2026-04-27,2026-05-15,gcrew,noaa_gefs,11,WindSpeed_ms_mean,18,3.9490240974844317
gep11,00,2026-04-27,2026-05-16,gcrew,noaa_gefs,11,AirTemp_C_mean,19,20.577661132812523
gep11,00,2026-04-27,2026-05-16,gcrew,noaa_gefs,11,Pressure_Pa,19,101713.755859375
gep11,00,2026-04-27,2026-05-16,gcrew,noaa_gefs,11,RH_percent_mean,19,80.4810848236084
gep11,00,2026-04-27,2026-05-16,gcrew,noaa_gefs,11,Rain_mm_sum,19,1.1000000014901161
gep11,00,2026-04-27,2026-05-16,gcrew,noaa_gefs,11,ShortwaveRadiation_Wm2,19,322.75
gep11,00,2026-04-27,2026-05-16,gcrew,noaa_gefs,11,WindSpeed_ms_mean,19,4.781925626210346
gep11,00,2026-04-27,2026-05-17,gcrew,noaa_gefs,11,AirTemp_C_mean,20,22.937905883789085
gep11,00,2026-04-27,2026-05-17,gcrew,noaa_gefs,11,Pressure_Pa,20,101673.8359375
gep11,00,2026-04-27,2026-05-17,gcrew,noaa_gefs,11,RH_percent_mean,20,77.38579750061035
gep11,00,2026-04-27,2026-05-17,gcrew,noaa_gefs,11,Rain_mm_sum,20,4.300000049173832
gep11,00,2026-04-27,2026-05-17,gcrew,noaa_gefs,11,ShortwaveRadiation_Wm2,20,295.25
gep11,00,2026-04-27,2026-05-17,gcrew,noaa_gefs,11,WindSpeed_ms_mean,20,3.0308602990974056
gep11,00,2026-04-27,2026-05-18,gcrew,noaa_gefs,11,AirTemp_C_mean,21,24.01905212402346
gep11,00,2026-04-27,2026-05-18,gcrew,noaa_gefs,11,Pressure_Pa,21,101460.267578125
gep11,00,2026-04-27,2026-05-18,gcrew,noaa_gefs,11,RH_percent_mean,21,76.18959331512451
gep11,00,2026-04-27,2026-05-18,gcrew,noaa_gefs,11,Rain_mm_sum,21,16.80000078678131
gep11,00,2026-04-27,2026-05-18,gcrew,noaa_gefs,11,ShortwaveRadiation_Wm2,21,296
gep11,00,2026-04-27,2026-05-18,gcrew,noaa_gefs,11,WindSpeed_ms_mean,21,3.073193730264629
gep11,00,2026-04-27,2026-05-19,gcrew,noaa_gefs,11,AirTemp_C_mean,22,25.510980224609398
gep11,00,2026-04-27,2026-05-19,gcrew,noaa_gefs,11,Pressure_Pa,22,100955.107421875
gep11,00,2026-04-27,2026-05-19,gcrew,noaa_gefs,11,RH_percent_mean,22,70.90894889831543
gep11,00,2026-04-27,2026-05-19,gcrew,noaa_gefs,11,Rain_mm_sum,22,1.600000038743019
gep11,00,2026-04-27,2026-05-19,gcrew,noaa_gefs,11,ShortwaveRadiation_Wm2,22,224
gep11,00,2026-04-27,2026-05-19,gcrew,noaa_gefs,11,WindSpeed_ms_mean,22,2.4858541001805587
gep11,00,2026-04-27,2026-05-20,gcrew,noaa_gefs,11,AirTemp_C_mean,23,21.864289855957054
gep11,00,2026-04-27,2026-05-20,gcrew,noaa_gefs,11,Pressure_Pa,23,101018.095703125
gep11,00,2026-04-27,2026-05-20,gcrew,noaa_gefs,11,RH_percent_mean,23,67.23811626434326
gep11,00,2026-04-27,2026-05-20,gcrew,noaa_gefs,11,Rain_mm_sum,23,0.30000001192092896
gep11,00,2026-04-27,2026-05-20,gcrew,noaa_gefs,11,ShortwaveRadiation_Wm2,23,327.25
gep11,00,2026-04-27,2026-05-20,gcrew,noaa_gefs,11,WindSpeed_ms_mean,23,4.555111160571268
gep11,00,2026-04-27,2026-05-21,gcrew,noaa_gefs,11,AirTemp_C_mean,24,19.262673950195335
gep11,00,2026-04-27,2026-05-21,gcrew,noaa_gefs,11,Pressure_Pa,24,101705.2734375
gep11,00,2026-04-27,2026-05-21,gcrew,noaa_gefs,11,RH_percent_mean,24,62.426734924316406
gep11,00,2026-04-27,2026-05-21,gcrew,noaa_gefs,11,Rain_mm_sum,24,0
gep11,00,2026-04-27,2026-05-21,gcrew,noaa_gefs,11,ShortwaveRadiation_Wm2,24,345.75
gep11,00,2026-04-27,2026-05-21,gcrew,noaa_gefs,11,WindSpeed_ms_mean,24,2.407734619792761
gep11,00,2026-04-27,2026-05-22,gcrew,noaa_gefs,11,AirTemp_C_mean,25,19.581025695800804
gep11,00,2026-04-27,2026-05-22,gcrew,noaa_gefs,11,Pressure_Pa,25,101598.32421875
gep11,00,2026-04-27,2026-05-22,gcrew,noaa_gefs,11,RH_percent_mean,25,67.51792812347412
gep11,00,2026-04-27,2026-05-22,gcrew,noaa_gefs,11,Rain_mm_sum,25,0
gep11,00,2026-04-27,2026-05-22,gcrew,noaa_gefs,11,ShortwaveRadiation_Wm2,25,339.25
gep11,00,2026-04-27,2026-05-22,gcrew,noaa_gefs,11,WindSpeed_ms_mean,25,4.837275644483171
gep11,00,2026-04-27,2026-05-23,gcrew,noaa_gefs,11,AirTemp_C_mean,26,19.05195007324221
gep11,00,2026-04-27,2026-05-23,gcrew,noaa_gefs,11,Pressure_Pa,26,101465.875
gep11,00,2026-04-27,2026-05-23,gcrew,noaa_gefs,11,RH_percent_mean,26,65.91939640045166
gep11,00,2026-04-27,2026-05-23,gcrew,noaa_gefs,11,Rain_mm_sum,26,0
gep11,00,2026-04-27,2026-05-23,gcrew,noaa_gefs,11,ShortwaveRadiation_Wm2,26,342.25
gep11,00,2026-04-27,2026-05-23,gcrew,noaa_gefs,11,WindSpeed_ms_mean,26,3.9395944856956513
gep11,00,2026-04-27,2026-05-24,gcrew,noaa_gefs,11,AirTemp_C_mean,27,19.98945007324221
gep11,00,2026-04-27,2026-05-24,gcrew,noaa_gefs,11,Pressure_Pa,27,101342.990234375
gep11,00,2026-04-27,2026-05-24,gcrew,noaa_gefs,11,RH_percent_mean,27,67.63784408569336
gep11,00,2026-04-27,2026-05-24,gcrew,noaa_gefs,11,Rain_mm_sum,27,0
gep11,00,2026-04-27,2026-05-24,gcrew,noaa_gefs,11,ShortwaveRadiation_Wm2,27,291.25
gep11,00,2026-04-27,2026-05-24,gcrew,noaa_gefs,11,WindSpeed_ms_mean,27,1.8987633133925008
gep11,00,2026-04-27,2026-05-25,gcrew,noaa_gefs,11,AirTemp_C_mean,28,20.29615173339846
gep11,00,2026-04-27,2026-05-25,gcrew,noaa_gefs,11,Pressure_Pa,28,100799.01953125
gep11,00,2026-04-27,2026-05-25,gcrew,noaa_gefs,11,RH_percent_mean,28,68.97553539276123
gep11,00,2026-04-27,2026-05-25,gcrew,noaa_gefs,11,Rain_mm_sum,28,0
gep11,00,2026-04-27,2026-05-25,gcrew,noaa_gefs,11,ShortwaveRadiation_Wm2,28,309.75
gep11,00,2026-04-27,2026-05-25,gcrew,noaa_gefs,11,WindSpeed_ms_mean,28,3.282312133189652
gep11,00,2026-04-27,2026-05-26,gcrew,noaa_gefs,11,AirTemp_C_mean,29,23.21851501464846
gep11,00,2026-04-27,2026-05-26,gcrew,noaa_gefs,11,Pressure_Pa,29,100695.197265625
gep11,00,2026-04-27,2026-05-26,gcrew,noaa_gefs,11,RH_percent_mean,29,82.25054931640625
gep11,00,2026-04-27,2026-05-26,gcrew,noaa_gefs,11,Rain_mm_sum,29,4.899999916553497
gep11,00,2026-04-27,2026-05-26,gcrew,noaa_gefs,11,ShortwaveRadiation_Wm2,29,325.5
gep11,00,2026-04-27,2026-05-26,gcrew,noaa_gefs,11,WindSpeed_ms_mean,29,3.3496704517798257
gep11,00,2026-04-27,2026-05-27,gcrew,noaa_gefs,11,AirTemp_C_mean,30,21.77124176025393
gep11,00,2026-04-27,2026-05-27,gcrew,noaa_gefs,11,Pressure_Pa,30,101327.005859375
gep11,00,2026-04-27,2026-05-27,gcrew,noaa_gefs,11,RH_percent_mean,30,82.51387405395508
gep11,00,2026-04-27,2026-05-27,gcrew,noaa_gefs,11,Rain_mm_sum,30,0
gep11,00,2026-04-27,2026-05-27,gcrew,noaa_gefs,11,ShortwaveRadiation_Wm2,30,325.75
gep11,00,2026-04-27,2026-05-27,gcrew,noaa_gefs,11,WindSpeed_ms_mean,30,4.527820202533626
gep11,00,2026-04-27,2026-05-28,gcrew,noaa_gefs,11,AirTemp_C_mean,31,24.39227447509768
gep11,00,2026-04-27,2026-05-28,gcrew,noaa_gefs,11,Pressure_Pa,31,101159.59375
gep11,00,2026-04-27,2026-05-28,gcrew,noaa_gefs,11,RH_percent_mean,31,79.66389560699463
gep11,00,2026-04-27,2026-05-28,gcrew,noaa_gefs,11,Rain_mm_sum,31,2.9999999552965164
gep11,00,2026-04-27,2026-05-28,gcrew,noaa_gefs,11,ShortwaveRadiation_Wm2,31,332.5
gep11,00,2026-04-27,2026-05-28,gcrew,noaa_gefs,11,WindSpeed_ms_mean,31,3.941846018368561
gep11,00,2026-04-27,2026-05-29,gcrew,noaa_gefs,11,AirTemp_C_mean,32,23.499902343750023
gep11,00,2026-04-27,2026-05-29,gcrew,noaa_gefs,11,Pressure_Pa,32,101534.01171875
gep11,00,2026-04-27,2026-05-29,gcrew,noaa_gefs,11,RH_percent_mean,32,81.16684532165527
gep11,00,2026-04-27,2026-05-29,gcrew,noaa_gefs,11,Rain_mm_sum,32,3.3000000715255737
gep11,00,2026-04-27,2026-05-29,gcrew,noaa_gefs,11,ShortwaveRadiation_Wm2,32,322.75
gep11,00,2026-04-27,2026-05-29,gcrew,noaa_gefs,11,WindSpeed_ms_mean,32,3.215779983650272
gep11,00,2026-04-27,2026-05-30,gcrew,noaa_gefs,11,AirTemp_C_mean,33,25.719346618652366
gep11,00,2026-04-27,2026-05-30,gcrew,noaa_gefs,11,Pressure_Pa,33,101169.580078125
gep11,00,2026-04-27,2026-05-30,gcrew,noaa_gefs,11,RH_percent_mean,33,69.18948173522949
gep11,00,2026-04-27,2026-05-30,gcrew,noaa_gefs,11,Rain_mm_sum,33,5.900000095367432
gep11,00,2026-04-27,2026-05-30,gcrew,noaa_gefs,11,ShortwaveRadiation_Wm2,33,328
gep11,00,2026-04-27,2026-05-30,gcrew,noaa_gefs,11,WindSpeed_ms_mean,33,5.024491839967965
gep11,00,2026-04-27,2026-05-31,gcrew,noaa_gefs,11,AirTemp_C_mean,34,19.59900054931643
gep11,00,2026-04-27,2026-05-31,gcrew,noaa_gefs,11,Pressure_Pa,34,101853.44140625
gep11,00,2026-04-27,2026-05-31,gcrew,noaa_gefs,11,RH_percent_mean,34,62.48447799682617
gep11,00,2026-04-27,2026-05-31,gcrew,noaa_gefs,11,Rain_mm_sum,34,0
gep11,00,2026-04-27,2026-05-31,gcrew,noaa_gefs,11,ShortwaveRadiation_Wm2,34,360.25
gep11,00,2026-04-27,2026-05-31,gcrew,noaa_gefs,11,WindSpeed_ms_mean,34,4.692275223673417
gep12,00,2026-04-27,2026-04-28,gcrew,noaa_gefs,12,AirTemp_C_mean,1,11.579675292968773
gep12,00,2026-04-27,2026-04-28,gcrew,noaa_gefs,12,Pressure_Pa,1,101858.66796875
gep12,00,2026-04-27,2026-04-28,gcrew,noaa_gefs,12,RH_percent_mean,1,70.0107069015503
gep12,00,2026-04-27,2026-04-28,gcrew,noaa_gefs,12,Rain_mm_sum,1,2.1800000071525574
gep12,00,2026-04-27,2026-04-28,gcrew,noaa_gefs,12,ShortwaveRadiation_Wm2,1,182.375
gep12,00,2026-04-27,2026-04-28,gcrew,noaa_gefs,12,WindSpeed_ms_mean,1,3.144690806609595
gep12,00,2026-04-27,2026-04-29,gcrew,noaa_gefs,12,AirTemp_C_mean,2,13.038072204589866
gep12,00,2026-04-27,2026-04-29,gcrew,noaa_gefs,12,Pressure_Pa,2,100681.7392578125
gep12,00,2026-04-27,2026-04-29,gcrew,noaa_gefs,12,RH_percent_mean,2,79.37301731109619
gep12,00,2026-04-27,2026-04-29,gcrew,noaa_gefs,12,Rain_mm_sum,2,5.650000095367432
gep12,00,2026-04-27,2026-04-29,gcrew,noaa_gefs,12,ShortwaveRadiation_Wm2,2,123.125
gep12,00,2026-04-27,2026-04-29,gcrew,noaa_gefs,12,WindSpeed_ms_mean,2,6.751690838700274
gep12,00,2026-04-27,2026-04-30,gcrew,noaa_gefs,12,AirTemp_C_mean,3,12.374749755859398
gep12,00,2026-04-27,2026-04-30,gcrew,noaa_gefs,12,Pressure_Pa,3,100118.521484375
gep12,00,2026-04-27,2026-04-30,gcrew,noaa_gefs,12,RH_percent_mean,3,68.30331468582153
gep12,00,2026-04-27,2026-04-30,gcrew,noaa_gefs,12,Rain_mm_sum,3,2.200000047683716
gep12,00,2026-04-27,2026-04-30,gcrew,noaa_gefs,12,ShortwaveRadiation_Wm2,3,336.75
gep12,00,2026-04-27,2026-04-30,gcrew,noaa_gefs,12,WindSpeed_ms_mean,3,6.3404068339236375
gep12,00,2026-04-27,2026-05-01,gcrew,noaa_gefs,12,AirTemp_C_mean,4,11.863782501220726
gep12,00,2026-04-27,2026-05-01,gcrew,noaa_gefs,12,Pressure_Pa,4,100457.115234375
gep12,00,2026-04-27,2026-05-01,gcrew,noaa_gefs,12,RH_percent_mean,4,63.77413034439087
gep12,00,2026-04-27,2026-05-01,gcrew,noaa_gefs,12,Rain_mm_sum,4,0.14999999105930328
gep12,00,2026-04-27,2026-05-01,gcrew,noaa_gefs,12,ShortwaveRadiation_Wm2,4,305.75
gep12,00,2026-04-27,2026-05-01,gcrew,noaa_gefs,12,WindSpeed_ms_mean,4,4.420050426615207
gep12,00,2026-04-27,2026-05-02,gcrew,noaa_gefs,12,AirTemp_C_mean,5,9.424409484863304
gep12,00,2026-04-27,2026-05-02,gcrew,noaa_gefs,12,Pressure_Pa,5,100060.8115234375
gep12,00,2026-04-27,2026-05-02,gcrew,noaa_gefs,12,RH_percent_mean,5,85.62604904174805
gep12,00,2026-04-27,2026-05-02,gcrew,noaa_gefs,12,Rain_mm_sum,5,10.500000223517418
gep12,00,2026-04-27,2026-05-02,gcrew,noaa_gefs,12,ShortwaveRadiation_Wm2,5,49.625
gep12,00,2026-04-27,2026-05-02,gcrew,noaa_gefs,12,WindSpeed_ms_mean,5,6.559776809952508
gep12,00,2026-04-27,2026-05-03,gcrew,noaa_gefs,12,AirTemp_C_mean,6,10.825589752197288
gep12,00,2026-04-27,2026-05-03,gcrew,noaa_gefs,12,Pressure_Pa,6,100683.826171875
gep12,00,2026-04-27,2026-05-03,gcrew,noaa_gefs,12,RH_percent_mean,6,70.58711957931519
gep12,00,2026-04-27,2026-05-03,gcrew,noaa_gefs,12,Rain_mm_sum,6,2.5999999791383743
gep12,00,2026-04-27,2026-05-03,gcrew,noaa_gefs,12,ShortwaveRadiation_Wm2,6,228.625
gep12,00,2026-04-27,2026-05-03,gcrew,noaa_gefs,12,WindSpeed_ms_mean,6,6.259846307795703
gep12,00,2026-04-27,2026-05-04,gcrew,noaa_gefs,12,AirTemp_C_mean,7,12.645486450195335
gep12,00,2026-04-27,2026-05-04,gcrew,noaa_gefs,12,Pressure_Pa,7,101078.326171875
gep12,00,2026-04-27,2026-05-04,gcrew,noaa_gefs,12,RH_percent_mean,7,65.15876054763794
gep12,00,2026-04-27,2026-05-04,gcrew,noaa_gefs,12,Rain_mm_sum,7,0
gep12,00,2026-04-27,2026-05-04,gcrew,noaa_gefs,12,ShortwaveRadiation_Wm2,7,330.375
gep12,00,2026-04-27,2026-05-04,gcrew,noaa_gefs,12,WindSpeed_ms_mean,7,4.1287794168947265
gep12,00,2026-04-27,2026-05-05,gcrew,noaa_gefs,12,AirTemp_C_mean,8,13.514123535156273
gep12,00,2026-04-27,2026-05-05,gcrew,noaa_gefs,12,Pressure_Pa,8,100674.3935546875
gep12,00,2026-04-27,2026-05-05,gcrew,noaa_gefs,12,RH_percent_mean,8,77.96095371246338
gep12,00,2026-04-27,2026-05-05,gcrew,noaa_gefs,12,Rain_mm_sum,8,6.429999984800816
gep12,00,2026-04-27,2026-05-05,gcrew,noaa_gefs,12,ShortwaveRadiation_Wm2,8,102.75
gep12,00,2026-04-27,2026-05-05,gcrew,noaa_gefs,12,WindSpeed_ms_mean,8,3.340704722164043
gep12,00,2026-04-27,2026-05-06,gcrew,noaa_gefs,12,AirTemp_C_mean,9,14.66842476981029
gep12,00,2026-04-27,2026-05-06,gcrew,noaa_gefs,12,Pressure_Pa,9,100426.58035714286
gep12,00,2026-04-27,2026-05-06,gcrew,noaa_gefs,12,RH_percent_mean,9,74.78257206508091
gep12,00,2026-04-27,2026-05-06,gcrew,noaa_gefs,12,Rain_mm_sum,9,2.800000049173832
gep12,00,2026-04-27,2026-05-06,gcrew,noaa_gefs,12,ShortwaveRadiation_Wm2,9,226.57142857142858
gep12,00,2026-04-27,2026-05-06,gcrew,noaa_gefs,12,WindSpeed_ms_mean,9,2.962092818850805
gep12,00,2026-04-27,2026-05-07,gcrew,noaa_gefs,12,AirTemp_C_mean,10,13.210267639160179
gep12,00,2026-04-27,2026-05-07,gcrew,noaa_gefs,12,Pressure_Pa,10,100801.388671875
gep12,00,2026-04-27,2026-05-07,gcrew,noaa_gefs,12,RH_percent_mean,10,64.8941125869751
gep12,00,2026-04-27,2026-05-07,gcrew,noaa_gefs,12,Rain_mm_sum,10,0
gep12,00,2026-04-27,2026-05-07,gcrew,noaa_gefs,12,ShortwaveRadiation_Wm2,10,333.25
gep12,00,2026-04-27,2026-05-07,gcrew,noaa_gefs,12,WindSpeed_ms_mean,10,5.7470248717601695
gep12,00,2026-04-27,2026-05-08,gcrew,noaa_gefs,12,AirTemp_C_mean,11,14.233064270019554
gep12,00,2026-04-27,2026-05-08,gcrew,noaa_gefs,12,Pressure_Pa,11,100949.1875
gep12,00,2026-04-27,2026-05-08,gcrew,noaa_gefs,12,RH_percent_mean,11,63.45889949798584
gep12,00,2026-04-27,2026-05-08,gcrew,noaa_gefs,12,Rain_mm_sum,11,0
gep12,00,2026-04-27,2026-05-08,gcrew,noaa_gefs,12,ShortwaveRadiation_Wm2,11,323.25
gep12,00,2026-04-27,2026-05-08,gcrew,noaa_gefs,12,WindSpeed_ms_mean,11,4.1680753706171
gep12,00,2026-04-27,2026-05-09,gcrew,noaa_gefs,12,AirTemp_C_mean,12,16.69899139404299
gep12,00,2026-04-27,2026-05-09,gcrew,noaa_gefs,12,Pressure_Pa,12,99939.416015625
gep12,00,2026-04-27,2026-05-09,gcrew,noaa_gefs,12,RH_percent_mean,12,93.10905075073242
gep12,00,2026-04-27,2026-05-09,gcrew,noaa_gefs,12,Rain_mm_sum,12,19.40000009536743
gep12,00,2026-04-27,2026-05-09,gcrew,noaa_gefs,12,ShortwaveRadiation_Wm2,12,75
gep12,00,2026-04-27,2026-05-09,gcrew,noaa_gefs,12,WindSpeed_ms_mean,12,5.098757673087844
gep12,00,2026-04-27,2026-05-10,gcrew,noaa_gefs,12,AirTemp_C_mean,13,13.901696777343773
gep12,00,2026-04-27,2026-05-10,gcrew,noaa_gefs,12,Pressure_Pa,13,101187.380859375
gep12,00,2026-04-27,2026-05-10,gcrew,noaa_gefs,12,RH_percent_mean,13,62.095730781555176
gep12,00,2026-04-27,2026-05-10,gcrew,noaa_gefs,12,Rain_mm_sum,13,0.10000000149011612
gep12,00,2026-04-27,2026-05-10,gcrew,noaa_gefs,12,ShortwaveRadiation_Wm2,13,344.5
gep12,00,2026-04-27,2026-05-10,gcrew,noaa_gefs,12,WindSpeed_ms_mean,13,4.143133742887205
gep12,00,2026-04-27,2026-05-11,gcrew,noaa_gefs,12,AirTemp_C_mean,14,15.09168395996096
gep12,00,2026-04-27,2026-05-11,gcrew,noaa_gefs,12,Pressure_Pa,14,102241.033203125
gep12,00,2026-04-27,2026-05-11,gcrew,noaa_gefs,12,RH_percent_mean,14,62.015602111816406
gep12,00,2026-04-27,2026-05-11,gcrew,noaa_gefs,12,Rain_mm_sum,14,0
gep12,00,2026-04-27,2026-05-11,gcrew,noaa_gefs,12,ShortwaveRadiation_Wm2,14,339.75
gep12,00,2026-04-27,2026-05-11,gcrew,noaa_gefs,12,WindSpeed_ms_mean,14,4.706386471173322
gep12,00,2026-04-27,2026-05-12,gcrew,noaa_gefs,12,AirTemp_C_mean,15,17.251084899902366
gep12,00,2026-04-27,2026-05-12,gcrew,noaa_gefs,12,Pressure_Pa,15,102263.9921875
gep12,00,2026-04-27,2026-05-12,gcrew,noaa_gefs,12,RH_percent_mean,15,75.52095794677734
gep12,00,2026-04-27,2026-05-12,gcrew,noaa_gefs,12,Rain_mm_sum,15,0
gep12,00,2026-04-27,2026-05-12,gcrew,noaa_gefs,12,ShortwaveRadiation_Wm2,15,336
gep12,00,2026-04-27,2026-05-12,gcrew,noaa_gefs,12,WindSpeed_ms_mean,15,7.010430330005118
gep12,00,2026-04-27,2026-05-13,gcrew,noaa_gefs,12,AirTemp_C_mean,16,19.49273834228518
gep12,00,2026-04-27,2026-05-13,gcrew,noaa_gefs,12,Pressure_Pa,16,101710.423828125
gep12,00,2026-04-27,2026-05-13,gcrew,noaa_gefs,12,RH_percent_mean,16,90.239959716796875
gep12,00,2026-04-27,2026-05-13,gcrew,noaa_gefs,12,Rain_mm_sum,16,2.800000049173832
gep12,00,2026-04-27,2026-05-13,gcrew,noaa_gefs,12,ShortwaveRadiation_Wm2,16,215.75
gep12,00,2026-04-27,2026-05-13,gcrew,noaa_gefs,12,WindSpeed_ms_mean,16,6.026004144410448
gep12,00,2026-04-27,2026-05-14,gcrew,noaa_gefs,12,AirTemp_C_mean,17,18.513650512695335
gep12,00,2026-04-27,2026-05-14,gcrew,noaa_gefs,12,Pressure_Pa,17,101608.88671875
gep12,00,2026-04-27,2026-05-14,gcrew,noaa_gefs,12,RH_percent_mean,17,86.30577850341797
gep12,00,2026-04-27,2026-05-14,gcrew,noaa_gefs,12,Rain_mm_sum,17,12.900000095367432
gep12,00,2026-04-27,2026-05-14,gcrew,noaa_gefs,12,ShortwaveRadiation_Wm2,17,185.75
gep12,00,2026-04-27,2026-05-14,gcrew,noaa_gefs,12,WindSpeed_ms_mean,17,4.270036840520563
gep12,00,2026-04-27,2026-05-15,gcrew,noaa_gefs,12,AirTemp_C_mean,18,15.910485839843773
gep12,00,2026-04-27,2026-05-15,gcrew,noaa_gefs,12,Pressure_Pa,18,102181.615234375
gep12,00,2026-04-27,2026-05-15,gcrew,noaa_gefs,12,RH_percent_mean,18,76.19487285614014
gep12,00,2026-04-27,2026-05-15,gcrew,noaa_gefs,12,Rain_mm_sum,18,0
gep12,00,2026-04-27,2026-05-15,gcrew,noaa_gefs,12,ShortwaveRadiation_Wm2,18,343.5
gep12,00,2026-04-27,2026-05-15,gcrew,noaa_gefs,12,WindSpeed_ms_mean,18,3.9490240974844317
gep12,00,2026-04-27,2026-05-16,gcrew,noaa_gefs,12,AirTemp_C_mean,19,20.577661132812523
gep12,00,2026-04-27,2026-05-16,gcrew,noaa_gefs,12,Pressure_Pa,19,101713.755859375
gep12,00,2026-04-27,2026-05-16,gcrew,noaa_gefs,12,RH_percent_mean,19,80.4810848236084
gep12,00,2026-04-27,2026-05-16,gcrew,noaa_gefs,12,Rain_mm_sum,19,1.1000000014901161
gep12,00,2026-04-27,2026-05-16,gcrew,noaa_gefs,12,ShortwaveRadiation_Wm2,19,322.75
gep12,00,2026-04-27,2026-05-16,gcrew,noaa_gefs,12,WindSpeed_ms_mean,19,4.781925626210346
gep12,00,2026-04-27,2026-05-17,gcrew,noaa_gefs,12,AirTemp_C_mean,20,22.937905883789085
gep12,00,2026-04-27,2026-05-17,gcrew,noaa_gefs,12,Pressure_Pa,20,101673.8359375
gep12,00,2026-04-27,2026-05-17,gcrew,noaa_gefs,12,RH_percent_mean,20,77.38579750061035
gep12,00,2026-04-27,2026-05-17,gcrew,noaa_gefs,12,Rain_mm_sum,20,4.300000049173832
gep12,00,2026-04-27,2026-05-17,gcrew,noaa_gefs,12,ShortwaveRadiation_Wm2,20,295.25
gep12,00,2026-04-27,2026-05-17,gcrew,noaa_gefs,12,WindSpeed_ms_mean,20,3.0308602990974056
gep12,00,2026-04-27,2026-05-18,gcrew,noaa_gefs,12,AirTemp_C_mean,21,24.01905212402346
gep12,00,2026-04-27,2026-05-18,gcrew,noaa_gefs,12,Pressure_Pa,21,101460.267578125
gep12,00,2026-04-27,2026-05-18,gcrew,noaa_gefs,12,RH_percent_mean,21,76.18959331512451
gep12,00,2026-04-27,2026-05-18,gcrew,noaa_gefs,12,Rain_mm_sum,21,16.80000078678131
gep12,00,2026-04-27,2026-05-18,gcrew,noaa_gefs,12,ShortwaveRadiation_Wm2,21,296
gep12,00,2026-04-27,2026-05-18,gcrew,noaa_gefs,12,WindSpeed_ms_mean,21,3.073193730264629
gep12,00,2026-04-27,2026-05-19,gcrew,noaa_gefs,12,AirTemp_C_mean,22,25.510980224609398
gep12,00,2026-04-27,2026-05-19,gcrew,noaa_gefs,12,Pressure_Pa,22,100955.107421875
gep12,00,2026-04-27,2026-05-19,gcrew,noaa_gefs,12,RH_percent_mean,22,70.90894889831543
gep12,00,2026-04-27,2026-05-19,gcrew,noaa_gefs,12,Rain_mm_sum,22,1.600000038743019
gep12,00,2026-04-27,2026-05-19,gcrew,noaa_gefs,12,ShortwaveRadiation_Wm2,22,224
gep12,00,2026-04-27,2026-05-19,gcrew,noaa_gefs,12,WindSpeed_ms_mean,22,2.4858541001805587
gep12,00,2026-04-27,2026-05-20,gcrew,noaa_gefs,12,AirTemp_C_mean,23,21.864289855957054
gep12,00,2026-04-27,2026-05-20,gcrew,noaa_gefs,12,Pressure_Pa,23,101018.095703125
gep12,00,2026-04-27,2026-05-20,gcrew,noaa_gefs,12,RH_percent_mean,23,67.23811626434326
gep12,00,2026-04-27,2026-05-20,gcrew,noaa_gefs,12,Rain_mm_sum,23,0.30000001192092896
gep12,00,2026-04-27,2026-05-20,gcrew,noaa_gefs,12,ShortwaveRadiation_Wm2,23,327.25
gep12,00,2026-04-27,2026-05-20,gcrew,noaa_gefs,12,WindSpeed_ms_mean,23,4.555111160571268
gep12,00,2026-04-27,2026-05-21,gcrew,noaa_gefs,12,AirTemp_C_mean,24,19.262673950195335
gep12,00,2026-04-27,2026-05-21,gcrew,noaa_gefs,12,Pressure_Pa,24,101705.2734375
gep12,00,2026-04-27,2026-05-21,gcrew,noaa_gefs,12,RH_percent_mean,24,62.426734924316406
gep12,00,2026-04-27,2026-05-21,gcrew,noaa_gefs,12,Rain_mm_sum,24,0
gep12,00,2026-04-27,2026-05-21,gcrew,noaa_gefs,12,ShortwaveRadiation_Wm2,24,345.75
gep12,00,2026-04-27,2026-05-21,gcrew,noaa_gefs,12,WindSpeed_ms_mean,24,2.407734619792761
gep12,00,2026-04-27,2026-05-22,gcrew,noaa_gefs,12,AirTemp_C_mean,25,19.581025695800804
gep12,00,2026-04-27,2026-05-22,gcrew,noaa_gefs,12,Pressure_Pa,25,101598.32421875
gep12,00,2026-04-27,2026-05-22,gcrew,noaa_gefs,12,RH_percent_mean,25,67.51792812347412
gep12,00,2026-04-27,2026-05-22,gcrew,noaa_gefs,12,Rain_mm_sum,25,0
gep12,00,2026-04-27,2026-05-22,gcrew,noaa_gefs,12,ShortwaveRadiation_Wm2,25,339.25
gep12,00,2026-04-27,2026-05-22,gcrew,noaa_gefs,12,WindSpeed_ms_mean,25,4.837275644483171
gep12,00,2026-04-27,2026-05-23,gcrew,noaa_gefs,12,AirTemp_C_mean,26,19.05195007324221
gep12,00,2026-04-27,2026-05-23,gcrew,noaa_gefs,12,Pressure_Pa,26,101465.875
gep12,00,2026-04-27,2026-05-23,gcrew,noaa_gefs,12,RH_percent_mean,26,65.91939640045166
gep12,00,2026-04-27,2026-05-23,gcrew,noaa_gefs,12,Rain_mm_sum,26,0
gep12,00,2026-04-27,2026-05-23,gcrew,noaa_gefs,12,ShortwaveRadiation_Wm2,26,342.25
gep12,00,2026-04-27,2026-05-23,gcrew,noaa_gefs,12,WindSpeed_ms_mean,26,3.9395944856956513
gep12,00,2026-04-27,2026-05-24,gcrew,noaa_gefs,12,AirTemp_C_mean,27,19.98945007324221
gep12,00,2026-04-27,2026-05-24,gcrew,noaa_gefs,12,Pressure_Pa,27,101342.990234375
gep12,00,2026-04-27,2026-05-24,gcrew,noaa_gefs,12,RH_percent_mean,27,67.63784408569336
gep12,00,2026-04-27,2026-05-24,gcrew,noaa_gefs,12,Rain_mm_sum,27,0
gep12,00,2026-04-27,2026-05-24,gcrew,noaa_gefs,12,ShortwaveRadiation_Wm2,27,291.25
gep12,00,2026-04-27,2026-05-24,gcrew,noaa_gefs,12,WindSpeed_ms_mean,27,1.8987633133925008
gep12,00,2026-04-27,2026-05-25,gcrew,noaa_gefs,12,AirTemp_C_mean,28,20.29615173339846
gep12,00,2026-04-27,2026-05-25,gcrew,noaa_gefs,12,Pressure_Pa,28,100799.01953125
gep12,00,2026-04-27,2026-05-25,gcrew,noaa_gefs,12,RH_percent_mean,28,68.97553539276123
gep12,00,2026-04-27,2026-05-25,gcrew,noaa_gefs,12,Rain_mm_sum,28,0
gep12,00,2026-04-27,2026-05-25,gcrew,noaa_gefs,12,ShortwaveRadiation_Wm2,28,309.75
gep12,00,2026-04-27,2026-05-25,gcrew,noaa_gefs,12,WindSpeed_ms_mean,28,3.282312133189652
gep12,00,2026-04-27,2026-05-26,gcrew,noaa_gefs,12,AirTemp_C_mean,29,23.21851501464846
gep12,00,2026-04-27,2026-05-26,gcrew,noaa_gefs,12,Pressure_Pa,29,100695.197265625
gep12,00,2026-04-27,2026-05-26,gcrew,noaa_gefs,12,RH_percent_mean,29,82.25054931640625
gep12,00,2026-04-27,2026-05-26,gcrew,noaa_gefs,12,Rain_mm_sum,29,4.899999916553497
gep12,00,2026-04-27,2026-05-26,gcrew,noaa_gefs,12,ShortwaveRadiation_Wm2,29,325.5
gep12,00,2026-04-27,2026-05-26,gcrew,noaa_gefs,12,WindSpeed_ms_mean,29,3.3496704517798257
gep12,00,2026-04-27,2026-05-27,gcrew,noaa_gefs,12,AirTemp_C_mean,30,21.77124176025393
gep12,00,2026-04-27,2026-05-27,gcrew,noaa_gefs,12,Pressure_Pa,30,101327.005859375
gep12,00,2026-04-27,2026-05-27,gcrew,noaa_gefs,12,RH_percent_mean,30,82.51387405395508
gep12,00,2026-04-27,2026-05-27,gcrew,noaa_gefs,12,Rain_mm_sum,30,0
gep12,00,2026-04-27,2026-05-27,gcrew,noaa_gefs,12,ShortwaveRadiation_Wm2,30,325.75
gep12,00,2026-04-27,2026-05-27,gcrew,noaa_gefs,12,WindSpeed_ms_mean,30,4.527820202533626
gep12,00,2026-04-27,2026-05-28,gcrew,noaa_gefs,12,AirTemp_C_mean,31,24.39227447509768
gep12,00,2026-04-27,2026-05-28,gcrew,noaa_gefs,12,Pressure_Pa,31,101159.59375
gep12,00,2026-04-27,2026-05-28,gcrew,noaa_gefs,12,RH_percent_mean,31,79.66389560699463
gep12,00,2026-04-27,2026-05-28,gcrew,noaa_gefs,12,Rain_mm_sum,31,2.9999999552965164
gep12,00,2026-04-27,2026-05-28,gcrew,noaa_gefs,12,ShortwaveRadiation_Wm2,31,332.5
gep12,00,2026-04-27,2026-05-28,gcrew,noaa_gefs,12,WindSpeed_ms_mean,31,3.941846018368561
gep12,00,2026-04-27,2026-05-29,gcrew,noaa_gefs,12,AirTemp_C_mean,32,23.499902343750023
gep12,00,2026-04-27,2026-05-29,gcrew,noaa_gefs,12,Pressure_Pa,32,101534.01171875
gep12,00,2026-04-27,2026-05-29,gcrew,noaa_gefs,12,RH_percent_mean,32,81.16684532165527
gep12,00,2026-04-27,2026-05-29,gcrew,noaa_gefs,12,Rain_mm_sum,32,3.3000000715255737
gep12,00,2026-04-27,2026-05-29,gcrew,noaa_gefs,12,ShortwaveRadiation_Wm2,32,322.75
gep12,00,2026-04-27,2026-05-29,gcrew,noaa_gefs,12,WindSpeed_ms_mean,32,3.215779983650272
gep12,00,2026-04-27,2026-05-30,gcrew,noaa_gefs,12,AirTemp_C_mean,33,25.719346618652366
gep12,00,2026-04-27,2026-05-30,gcrew,noaa_gefs,12,Pressure_Pa,33,101169.580078125
gep12,00,2026-04-27,2026-05-30,gcrew,noaa_gefs,12,RH_percent_mean,33,69.18948173522949
gep12,00,2026-04-27,2026-05-30,gcrew,noaa_gefs,12,Rain_mm_sum,33,5.900000095367432
gep12,00,2026-04-27,2026-05-30,gcrew,noaa_gefs,12,ShortwaveRadiation_Wm2,33,328
gep12,00,2026-04-27,2026-05-30,gcrew,noaa_gefs,12,WindSpeed_ms_mean,33,5.024491839967965
gep12,00,2026-04-27,2026-05-31,gcrew,noaa_gefs,12,AirTemp_C_mean,34,19.59900054931643
gep12,00,2026-04-27,2026-05-31,gcrew,noaa_gefs,12,Pressure_Pa,34,101853.44140625
gep12,00,2026-04-27,2026-05-31,gcrew,noaa_gefs,12,RH_percent_mean,34,62.48447799682617
gep12,00,2026-04-27,2026-05-31,gcrew,noaa_gefs,12,Rain_mm_sum,34,0
gep12,00,2026-04-27,2026-05-31,gcrew,noaa_gefs,12,ShortwaveRadiation_Wm2,34,360.25
gep12,00,2026-04-27,2026-05-31,gcrew,noaa_gefs,12,WindSpeed_ms_mean,34,4.692275223673417
gep13,00,2026-04-27,2026-04-28,gcrew,noaa_gefs,13,AirTemp_C_mean,1,11.579675292968773
gep13,00,2026-04-27,2026-04-28,gcrew,noaa_gefs,13,Pressure_Pa,1,101858.66796875
gep13,00,2026-04-27,2026-04-28,gcrew,noaa_gefs,13,RH_percent_mean,1,70.0107069015503
gep13,00,2026-04-27,2026-04-28,gcrew,noaa_gefs,13,Rain_mm_sum,1,2.1800000071525574
gep13,00,2026-04-27,2026-04-28,gcrew,noaa_gefs,13,ShortwaveRadiation_Wm2,1,182.375
gep13,00,2026-04-27,2026-04-28,gcrew,noaa_gefs,13,WindSpeed_ms_mean,1,3.144690806609595
gep13,00,2026-04-27,2026-04-29,gcrew,noaa_gefs,13,AirTemp_C_mean,2,13.038072204589866
gep13,00,2026-04-27,2026-04-29,gcrew,noaa_gefs,13,Pressure_Pa,2,100681.7392578125
gep13,00,2026-04-27,2026-04-29,gcrew,noaa_gefs,13,RH_percent_mean,2,79.37301731109619
gep13,00,2026-04-27,2026-04-29,gcrew,noaa_gefs,13,Rain_mm_sum,2,5.650000095367432
gep13,00,2026-04-27,2026-04-29,gcrew,noaa_gefs,13,ShortwaveRadiation_Wm2,2,123.125
gep13,00,2026-04-27,2026-04-29,gcrew,noaa_gefs,13,WindSpeed_ms_mean,2,6.751690838700274
gep13,00,2026-04-27,2026-04-30,gcrew,noaa_gefs,13,AirTemp_C_mean,3,12.374749755859398
gep13,00,2026-04-27,2026-04-30,gcrew,noaa_gefs,13,Pressure_Pa,3,100118.521484375
gep13,00,2026-04-27,2026-04-30,gcrew,noaa_gefs,13,RH_percent_mean,3,68.30331468582153
gep13,00,2026-04-27,2026-04-30,gcrew,noaa_gefs,13,Rain_mm_sum,3,2.200000047683716
gep13,00,2026-04-27,2026-04-30,gcrew,noaa_gefs,13,ShortwaveRadiation_Wm2,3,336.75
gep13,00,2026-04-27,2026-04-30,gcrew,noaa_gefs,13,WindSpeed_ms_mean,3,6.3404068339236375
gep13,00,2026-04-27,2026-05-01,gcrew,noaa_gefs,13,AirTemp_C_mean,4,11.863782501220726
gep13,00,2026-04-27,2026-05-01,gcrew,noaa_gefs,13,Pressure_Pa,4,100457.115234375
gep13,00,2026-04-27,2026-05-01,gcrew,noaa_gefs,13,RH_percent_mean,4,63.77413034439087
gep13,00,2026-04-27,2026-05-01,gcrew,noaa_gefs,13,Rain_mm_sum,4,0.14999999105930328
gep13,00,2026-04-27,2026-05-01,gcrew,noaa_gefs,13,ShortwaveRadiation_Wm2,4,305.75
gep13,00,2026-04-27,2026-05-01,gcrew,noaa_gefs,13,WindSpeed_ms_mean,4,4.420050426615207
gep13,00,2026-04-27,2026-05-02,gcrew,noaa_gefs,13,AirTemp_C_mean,5,9.424409484863304
gep13,00,2026-04-27,2026-05-02,gcrew,noaa_gefs,13,Pressure_Pa,5,100060.8115234375
gep13,00,2026-04-27,2026-05-02,gcrew,noaa_gefs,13,RH_percent_mean,5,85.62604904174805
gep13,00,2026-04-27,2026-05-02,gcrew,noaa_gefs,13,Rain_mm_sum,5,10.500000223517418
gep13,00,2026-04-27,2026-05-02,gcrew,noaa_gefs,13,ShortwaveRadiation_Wm2,5,49.625
gep13,00,2026-04-27,2026-05-02,gcrew,noaa_gefs,13,WindSpeed_ms_mean,5,6.559776809952508
gep13,00,2026-04-27,2026-05-03,gcrew,noaa_gefs,13,AirTemp_C_mean,6,10.825589752197288
gep13,00,2026-04-27,2026-05-03,gcrew,noaa_gefs,13,Pressure_Pa,6,100683.826171875
gep13,00,2026-04-27,2026-05-03,gcrew,noaa_gefs,13,RH_percent_mean,6,70.58711957931519
gep13,00,2026-04-27,2026-05-03,gcrew,noaa_gefs,13,Rain_mm_sum,6,2.5999999791383743
gep13,00,2026-04-27,2026-05-03,gcrew,noaa_gefs,13,ShortwaveRadiation_Wm2,6,228.625
gep13,00,2026-04-27,2026-05-03,gcrew,noaa_gefs,13,WindSpeed_ms_mean,6,6.259846307795703
gep13,00,2026-04-27,2026-05-04,gcrew,noaa_gefs,13,AirTemp_C_mean,7,12.645486450195335
gep13,00,2026-04-27,2026-05-04,gcrew,noaa_gefs,13,Pressure_Pa,7,101078.326171875
gep13,00,2026-04-27,2026-05-04,gcrew,noaa_gefs,13,RH_percent_mean,7,65.15876054763794
gep13,00,2026-04-27,2026-05-04,gcrew,noaa_gefs,13,Rain_mm_sum,7,0
gep13,00,2026-04-27,2026-05-04,gcrew,noaa_gefs,13,ShortwaveRadiation_Wm2,7,330.375
gep13,00,2026-04-27,2026-05-04,gcrew,noaa_gefs,13,WindSpeed_ms_mean,7,4.1287794168947265
gep13,00,2026-04-27,2026-05-05,gcrew,noaa_gefs,13,AirTemp_C_mean,8,13.514123535156273
gep13,00,2026-04-27,2026-05-05,gcrew,noaa_gefs,13,Pressure_Pa,8,100674.3935546875
gep13,00,2026-04-27,2026-05-05,gcrew,noaa_gefs,13,RH_percent_mean,8,77.96095371246338
gep13,00,2026-04-27,2026-05-05,gcrew,noaa_gefs,13,Rain_mm_sum,8,6.429999984800816
gep13,00,2026-04-27,2026-05-05,gcrew,noaa_gefs,13,ShortwaveRadiation_Wm2,8,102.75
gep13,00,2026-04-27,2026-05-05,gcrew,noaa_gefs,13,WindSpeed_ms_mean,8,3.340704722164043
gep13,00,2026-04-27,2026-05-06,gcrew,noaa_gefs,13,AirTemp_C_mean,9,14.66842476981029
gep13,00,2026-04-27,2026-05-06,gcrew,noaa_gefs,13,Pressure_Pa,9,100426.58035714286
gep13,00,2026-04-27,2026-05-06,gcrew,noaa_gefs,13,RH_percent_mean,9,74.78257206508091
gep13,00,2026-04-27,2026-05-06,gcrew,noaa_gefs,13,Rain_mm_sum,9,2.800000049173832
gep13,00,2026-04-27,2026-05-06,gcrew,noaa_gefs,13,ShortwaveRadiation_Wm2,9,226.57142857142858
gep13,00,2026-04-27,2026-05-06,gcrew,noaa_gefs,13,WindSpeed_ms_mean,9,2.962092818850805
gep13,00,2026-04-27,2026-05-07,gcrew,noaa_gefs,13,AirTemp_C_mean,10,13.210267639160179
gep13,00,2026-04-27,2026-05-07,gcrew,noaa_gefs,13,Pressure_Pa,10,100801.388671875
gep13,00,2026-04-27,2026-05-07,gcrew,noaa_gefs,13,RH_percent_mean,10,64.8941125869751
gep13,00,2026-04-27,2026-05-07,gcrew,noaa_gefs,13,Rain_mm_sum,10,0
gep13,00,2026-04-27,2026-05-07,gcrew,noaa_gefs,13,ShortwaveRadiation_Wm2,10,333.25
gep13,00,2026-04-27,2026-05-07,gcrew,noaa_gefs,13,WindSpeed_ms_mean,10,5.7470248717601695
gep13,00,2026-04-27,2026-05-08,gcrew,noaa_gefs,13,AirTemp_C_mean,11,14.233064270019554
gep13,00,2026-04-27,2026-05-08,gcrew,noaa_gefs,13,Pressure_Pa,11,100949.1875
gep13,00,2026-04-27,2026-05-08,gcrew,noaa_gefs,13,RH_percent_mean,11,63.45889949798584
gep13,00,2026-04-27,2026-05-08,gcrew,noaa_gefs,13,Rain_mm_sum,11,0
gep13,00,2026-04-27,2026-05-08,gcrew,noaa_gefs,13,ShortwaveRadiation_Wm2,11,323.25
gep13,00,2026-04-27,2026-05-08,gcrew,noaa_gefs,13,WindSpeed_ms_mean,11,4.1680753706171
gep13,00,2026-04-27,2026-05-09,gcrew,noaa_gefs,13,AirTemp_C_mean,12,16.69899139404299
gep13,00,2026-04-27,2026-05-09,gcrew,noaa_gefs,13,Pressure_Pa,12,99939.416015625
gep13,00,2026-04-27,2026-05-09,gcrew,noaa_gefs,13,RH_percent_mean,12,93.10905075073242
gep13,00,2026-04-27,2026-05-09,gcrew,noaa_gefs,13,Rain_mm_sum,12,19.40000009536743
gep13,00,2026-04-27,2026-05-09,gcrew,noaa_gefs,13,ShortwaveRadiation_Wm2,12,75
gep13,00,2026-04-27,2026-05-09,gcrew,noaa_gefs,13,WindSpeed_ms_mean,12,5.098757673087844
gep13,00,2026-04-27,2026-05-10,gcrew,noaa_gefs,13,AirTemp_C_mean,13,13.901696777343773
gep13,00,2026-04-27,2026-05-10,gcrew,noaa_gefs,13,Pressure_Pa,13,101187.380859375
gep13,00,2026-04-27,2026-05-10,gcrew,noaa_gefs,13,RH_percent_mean,13,62.095730781555176
gep13,00,2026-04-27,2026-05-10,gcrew,noaa_gefs,13,Rain_mm_sum,13,0.10000000149011612
gep13,00,2026-04-27,2026-05-10,gcrew,noaa_gefs,13,ShortwaveRadiation_Wm2,13,344.5
gep13,00,2026-04-27,2026-05-10,gcrew,noaa_gefs,13,WindSpeed_ms_mean,13,4.143133742887205
gep13,00,2026-04-27,2026-05-11,gcrew,noaa_gefs,13,AirTemp_C_mean,14,15.09168395996096
gep13,00,2026-04-27,2026-05-11,gcrew,noaa_gefs,13,Pressure_Pa,14,102241.033203125
gep13,00,2026-04-27,2026-05-11,gcrew,noaa_gefs,13,RH_percent_mean,14,62.015602111816406
gep13,00,2026-04-27,2026-05-11,gcrew,noaa_gefs,13,Rain_mm_sum,14,0
gep13,00,2026-04-27,2026-05-11,gcrew,noaa_gefs,13,ShortwaveRadiation_Wm2,14,339.75
gep13,00,2026-04-27,2026-05-11,gcrew,noaa_gefs,13,WindSpeed_ms_mean,14,4.706386471173322
gep13,00,2026-04-27,2026-05-12,gcrew,noaa_gefs,13,AirTemp_C_mean,15,17.251084899902366
gep13,00,2026-04-27,2026-05-12,gcrew,noaa_gefs,13,Pressure_Pa,15,102263.9921875
gep13,00,2026-04-27,2026-05-12,gcrew,noaa_gefs,13,RH_percent_mean,15,75.52095794677734
gep13,00,2026-04-27,2026-05-12,gcrew,noaa_gefs,13,Rain_mm_sum,15,0
gep13,00,2026-04-27,2026-05-12,gcrew,noaa_gefs,13,ShortwaveRadiation_Wm2,15,336
gep13,00,2026-04-27,2026-05-12,gcrew,noaa_gefs,13,WindSpeed_ms_mean,15,7.010430330005118
gep13,00,2026-04-27,2026-05-13,gcrew,noaa_gefs,13,AirTemp_C_mean,16,19.49273834228518
gep13,00,2026-04-27,2026-05-13,gcrew,noaa_gefs,13,Pressure_Pa,16,101710.423828125
gep13,00,2026-04-27,2026-05-13,gcrew,noaa_gefs,13,RH_percent_mean,16,90.239959716796875
gep13,00,2026-04-27,2026-05-13,gcrew,noaa_gefs,13,Rain_mm_sum,16,2.800000049173832
gep13,00,2026-04-27,2026-05-13,gcrew,noaa_gefs,13,ShortwaveRadiation_Wm2,16,215.75
gep13,00,2026-04-27,2026-05-13,gcrew,noaa_gefs,13,WindSpeed_ms_mean,16,6.026004144410448
gep13,00,2026-04-27,2026-05-14,gcrew,noaa_gefs,13,AirTemp_C_mean,17,18.513650512695335
gep13,00,2026-04-27,2026-05-14,gcrew,noaa_gefs,13,Pressure_Pa,17,101608.88671875
gep13,00,2026-04-27,2026-05-14,gcrew,noaa_gefs,13,RH_percent_mean,17,86.30577850341797
gep13,00,2026-04-27,2026-05-14,gcrew,noaa_gefs,13,Rain_mm_sum,17,12.900000095367432
gep13,00,2026-04-27,2026-05-14,gcrew,noaa_gefs,13,ShortwaveRadiation_Wm2,17,185.75
gep13,00,2026-04-27,2026-05-14,gcrew,noaa_gefs,13,WindSpeed_ms_mean,17,4.270036840520563
gep13,00,2026-04-27,2026-05-15,gcrew,noaa_gefs,13,AirTemp_C_mean,18,15.910485839843773
gep13,00,2026-04-27,2026-05-15,gcrew,noaa_gefs,13,Pressure_Pa,18,102181.615234375
gep13,00,2026-04-27,2026-05-15,gcrew,noaa_gefs,13,RH_percent_mean,18,76.19487285614014
gep13,00,2026-04-27,2026-05-15,gcrew,noaa_gefs,13,Rain_mm_sum,18,0
gep13,00,2026-04-27,2026-05-15,gcrew,noaa_gefs,13,ShortwaveRadiation_Wm2,18,343.5
gep13,00,2026-04-27,2026-05-15,gcrew,noaa_gefs,13,WindSpeed_ms_mean,18,3.9490240974844317
gep13,00,2026-04-27,2026-05-16,gcrew,noaa_gefs,13,AirTemp_C_mean,19,20.577661132812523
gep13,00,2026-04-27,2026-05-16,gcrew,noaa_gefs,13,Pressure_Pa,19,101713.755859375
gep13,00,2026-04-27,2026-05-16,gcrew,noaa_gefs,13,RH_percent_mean,19,80.4810848236084
gep13,00,2026-04-27,2026-05-16,gcrew,noaa_gefs,13,Rain_mm_sum,19,1.1000000014901161
gep13,00,2026-04-27,2026-05-16,gcrew,noaa_gefs,13,ShortwaveRadiation_Wm2,19,322.75
gep13,00,2026-04-27,2026-05-16,gcrew,noaa_gefs,13,WindSpeed_ms_mean,19,4.781925626210346
gep13,00,2026-04-27,2026-05-17,gcrew,noaa_gefs,13,AirTemp_C_mean,20,22.937905883789085
gep13,00,2026-04-27,2026-05-17,gcrew,noaa_gefs,13,Pressure_Pa,20,101673.8359375
gep13,00,2026-04-27,2026-05-17,gcrew,noaa_gefs,13,RH_percent_mean,20,77.38579750061035
gep13,00,2026-04-27,2026-05-17,gcrew,noaa_gefs,13,Rain_mm_sum,20,4.300000049173832
gep13,00,2026-04-27,2026-05-17,gcrew,noaa_gefs,13,ShortwaveRadiation_Wm2,20,295.25
gep13,00,2026-04-27,2026-05-17,gcrew,noaa_gefs,13,WindSpeed_ms_mean,20,3.0308602990974056
gep13,00,2026-04-27,2026-05-18,gcrew,noaa_gefs,13,AirTemp_C_mean,21,24.01905212402346
gep13,00,2026-04-27,2026-05-18,gcrew,noaa_gefs,13,Pressure_Pa,21,101460.267578125
gep13,00,2026-04-27,2026-05-18,gcrew,noaa_gefs,13,RH_percent_mean,21,76.18959331512451
gep13,00,2026-04-27,2026-05-18,gcrew,noaa_gefs,13,Rain_mm_sum,21,16.80000078678131
gep13,00,2026-04-27,2026-05-18,gcrew,noaa_gefs,13,ShortwaveRadiation_Wm2,21,296
gep13,00,2026-04-27,2026-05-18,gcrew,noaa_gefs,13,WindSpeed_ms_mean,21,3.073193730264629
gep13,00,2026-04-27,2026-05-19,gcrew,noaa_gefs,13,AirTemp_C_mean,22,25.510980224609398
gep13,00,2026-04-27,2026-05-19,gcrew,noaa_gefs,13,Pressure_Pa,22,100955.107421875
gep13,00,2026-04-27,2026-05-19,gcrew,noaa_gefs,13,RH_percent_mean,22,70.90894889831543
gep13,00,2026-04-27,2026-05-19,gcrew,noaa_gefs,13,Rain_mm_sum,22,1.600000038743019
gep13,00,2026-04-27,2026-05-19,gcrew,noaa_gefs,13,ShortwaveRadiation_Wm2,22,224
gep13,00,2026-04-27,2026-05-19,gcrew,noaa_gefs,13,WindSpeed_ms_mean,22,2.4858541001805587
gep13,00,2026-04-27,2026-05-20,gcrew,noaa_gefs,13,AirTemp_C_mean,23,21.864289855957054
gep13,00,2026-04-27,2026-05-20,gcrew,noaa_gefs,13,Pressure_Pa,23,101018.095703125
gep13,00,2026-04-27,2026-05-20,gcrew,noaa_gefs,13,RH_percent_mean,23,67.23811626434326
gep13,00,2026-04-27,2026-05-20,gcrew,noaa_gefs,13,Rain_mm_sum,23,0.30000001192092896
gep13,00,2026-04-27,2026-05-20,gcrew,noaa_gefs,13,ShortwaveRadiation_Wm2,23,327.25
gep13,00,2026-04-27,2026-05-20,gcrew,noaa_gefs,13,WindSpeed_ms_mean,23,4.555111160571268
gep13,00,2026-04-27,2026-05-21,gcrew,noaa_gefs,13,AirTemp_C_mean,24,19.262673950195335
gep13,00,2026-04-27,2026-05-21,gcrew,noaa_gefs,13,Pressure_Pa,24,101705.2734375
gep13,00,2026-04-27,2026-05-21,gcrew,noaa_gefs,13,RH_percent_mean,24,62.426734924316406
gep13,00,2026-04-27,2026-05-21,gcrew,noaa_gefs,13,Rain_mm_sum,24,0
gep13,00,2026-04-27,2026-05-21,gcrew,noaa_gefs,13,ShortwaveRadiation_Wm2,24,345.75
gep13,00,2026-04-27,2026-05-21,gcrew,noaa_gefs,13,WindSpeed_ms_mean,24,2.407734619792761
gep13,00,2026-04-27,2026-05-22,gcrew,noaa_gefs,13,AirTemp_C_mean,25,19.581025695800804
gep13,00,2026-04-27,2026-05-22,gcrew,noaa_gefs,13,Pressure_Pa,25,101598.32421875
gep13,00,2026-04-27,2026-05-22,gcrew,noaa_gefs,13,RH_percent_mean,25,67.51792812347412
gep13,00,2026-04-27,2026-05-22,gcrew,noaa_gefs,13,Rain_mm_sum,25,0
gep13,00,2026-04-27,2026-05-22,gcrew,noaa_gefs,13,ShortwaveRadiation_Wm2,25,339.25
gep13,00,2026-04-27,2026-05-22,gcrew,noaa_gefs,13,WindSpeed_ms_mean,25,4.837275644483171
gep13,00,2026-04-27,2026-05-23,gcrew,noaa_gefs,13,AirTemp_C_mean,26,19.05195007324221
gep13,00,2026-04-27,2026-05-23,gcrew,noaa_gefs,13,Pressure_Pa,26,101465.875
gep13,00,2026-04-27,2026-05-23,gcrew,noaa_gefs,13,RH_percent_mean,26,65.91939640045166
gep13,00,2026-04-27,2026-05-23,gcrew,noaa_gefs,13,Rain_mm_sum,26,0
gep13,00,2026-04-27,2026-05-23,gcrew,noaa_gefs,13,ShortwaveRadiation_Wm2,26,342.25
gep13,00,2026-04-27,2026-05-23,gcrew,noaa_gefs,13,WindSpeed_ms_mean,26,3.9395944856956513
gep13,00,2026-04-27,2026-05-24,gcrew,noaa_gefs,13,AirTemp_C_mean,27,19.98945007324221
gep13,00,2026-04-27,2026-05-24,gcrew,noaa_gefs,13,Pressure_Pa,27,101342.990234375
gep13,00,2026-04-27,2026-05-24,gcrew,noaa_gefs,13,RH_percent_mean,27,67.63784408569336
gep13,00,2026-04-27,2026-05-24,gcrew,noaa_gefs,13,Rain_mm_sum,27,0
gep13,00,2026-04-27,2026-05-24,gcrew,noaa_gefs,13,ShortwaveRadiation_Wm2,27,291.25
gep13,00,2026-04-27,2026-05-24,gcrew,noaa_gefs,13,WindSpeed_ms_mean,27,1.8987633133925008
gep13,00,2026-04-27,2026-05-25,gcrew,noaa_gefs,13,AirTemp_C_mean,28,20.29615173339846
gep13,00,2026-04-27,2026-05-25,gcrew,noaa_gefs,13,Pressure_Pa,28,100799.01953125
gep13,00,2026-04-27,2026-05-25,gcrew,noaa_gefs,13,RH_percent_mean,28,68.97553539276123
gep13,00,2026-04-27,2026-05-25,gcrew,noaa_gefs,13,Rain_mm_sum,28,0
gep13,00,2026-04-27,2026-05-25,gcrew,noaa_gefs,13,ShortwaveRadiation_Wm2,28,309.75
gep13,00,2026-04-27,2026-05-25,gcrew,noaa_gefs,13,WindSpeed_ms_mean,28,3.282312133189652
gep13,00,2026-04-27,2026-05-26,gcrew,noaa_gefs,13,AirTemp_C_mean,29,23.21851501464846
gep13,00,2026-04-27,2026-05-26,gcrew,noaa_gefs,13,Pressure_Pa,29,100695.197265625
gep13,00,2026-04-27,2026-05-26,gcrew,noaa_gefs,13,RH_percent_mean,29,82.25054931640625
gep13,00,2026-04-27,2026-05-26,gcrew,noaa_gefs,13,Rain_mm_sum,29,4.899999916553497
gep13,00,2026-04-27,2026-05-26,gcrew,noaa_gefs,13,ShortwaveRadiation_Wm2,29,325.5
gep13,00,2026-04-27,2026-05-26,gcrew,noaa_gefs,13,WindSpeed_ms_mean,29,3.3496704517798257
gep13,00,2026-04-27,2026-05-27,gcrew,noaa_gefs,13,AirTemp_C_mean,30,21.77124176025393
gep13,00,2026-04-27,2026-05-27,gcrew,noaa_gefs,13,Pressure_Pa,30,101327.005859375
gep13,00,2026-04-27,2026-05-27,gcrew,noaa_gefs,13,RH_percent_mean,30,82.51387405395508
gep13,00,2026-04-27,2026-05-27,gcrew,noaa_gefs,13,Rain_mm_sum,30,0
gep13,00,2026-04-27,2026-05-27,gcrew,noaa_gefs,13,ShortwaveRadiation_Wm2,30,325.75
gep13,00,2026-04-27,2026-05-27,gcrew,noaa_gefs,13,WindSpeed_ms_mean,30,4.527820202533626
gep13,00,2026-04-27,2026-05-28,gcrew,noaa_gefs,13,AirTemp_C_mean,31,24.39227447509768
gep13,00,2026-04-27,2026-05-28,gcrew,noaa_gefs,13,Pressure_Pa,31,101159.59375
gep13,00,2026-04-27,2026-05-28,gcrew,noaa_gefs,13,RH_percent_mean,31,79.66389560699463
gep13,00,2026-04-27,2026-05-28,gcrew,noaa_gefs,13,Rain_mm_sum,31,2.9999999552965164
gep13,00,2026-04-27,2026-05-28,gcrew,noaa_gefs,13,ShortwaveRadiation_Wm2,31,332.5
gep13,00,2026-04-27,2026-05-28,gcrew,noaa_gefs,13,WindSpeed_ms_mean,31,3.941846018368561
gep13,00,2026-04-27,2026-05-29,gcrew,noaa_gefs,13,AirTemp_C_mean,32,23.499902343750023
gep13,00,2026-04-27,2026-05-29,gcrew,noaa_gefs,13,Pressure_Pa,32,101534.01171875
gep13,00,2026-04-27,2026-05-29,gcrew,noaa_gefs,13,RH_percent_mean,32,81.16684532165527
gep13,00,2026-04-27,2026-05-29,gcrew,noaa_gefs,13,Rain_mm_sum,32,3.3000000715255737
gep13,00,2026-04-27,2026-05-29,gcrew,noaa_gefs,13,ShortwaveRadiation_Wm2,32,322.75
gep13,00,2026-04-27,2026-05-29,gcrew,noaa_gefs,13,WindSpeed_ms_mean,32,3.215779983650272
gep13,00,2026-04-27,2026-05-30,gcrew,noaa_gefs,13,AirTemp_C_mean,33,25.719346618652366
gep13,00,2026-04-27,2026-05-30,gcrew,noaa_gefs,13,Pressure_Pa,33,101169.580078125
gep13,00,2026-04-27,2026-05-30,gcrew,noaa_gefs,13,RH_percent_mean,33,69.18948173522949
gep13,00,2026-04-27,2026-05-30,gcrew,noaa_gefs,13,Rain_mm_sum,33,5.900000095367432
gep13,00,2026-04-27,2026-05-30,gcrew,noaa_gefs,13,ShortwaveRadiation_Wm2,33,328
gep13,00,2026-04-27,2026-05-30,gcrew,noaa_gefs,13,WindSpeed_ms_mean,33,5.024491839967965
gep13,00,2026-04-27,2026-05-31,gcrew,noaa_gefs,13,AirTemp_C_mean,34,19.59900054931643
gep13,00,2026-04-27,2026-05-31,gcrew,noaa_gefs,13,Pressure_Pa,34,101853.44140625
gep13,00,2026-04-27,2026-05-31,gcrew,noaa_gefs,13,RH_percent_mean,34,62.48447799682617
gep13,00,2026-04-27,2026-05-31,gcrew,noaa_gefs,13,Rain_mm_sum,34,0
gep13,00,2026-04-27,2026-05-31,gcrew,noaa_gefs,13,ShortwaveRadiation_Wm2,34,360.25
gep13,00,2026-04-27,2026-05-31,gcrew,noaa_gefs,13,WindSpeed_ms_mean,34,4.692275223673417
gep14,00,2026-04-27,2026-04-28,gcrew,noaa_gefs,14,AirTemp_C_mean,1,11.579675292968773
gep14,00,2026-04-27,2026-04-28,gcrew,noaa_gefs,14,Pressure_Pa,1,101858.66796875
gep14,00,2026-04-27,2026-04-28,gcrew,noaa_gefs,14,RH_percent_mean,1,70.0107069015503
gep14,00,2026-04-27,2026-04-28,gcrew,noaa_gefs,14,Rain_mm_sum,1,2.1800000071525574
gep14,00,2026-04-27,2026-04-28,gcrew,noaa_gefs,14,ShortwaveRadiation_Wm2,1,182.375
gep14,00,2026-04-27,2026-04-28,gcrew,noaa_gefs,14,WindSpeed_ms_mean,1,3.144690806609595
gep14,00,2026-04-27,2026-04-29,gcrew,noaa_gefs,14,AirTemp_C_mean,2,13.038072204589866
gep14,00,2026-04-27,2026-04-29,gcrew,noaa_gefs,14,Pressure_Pa,2,100681.7392578125
gep14,00,2026-04-27,2026-04-29,gcrew,noaa_gefs,14,RH_percent_mean,2,79.37301731109619
gep14,00,2026-04-27,2026-04-29,gcrew,noaa_gefs,14,Rain_mm_sum,2,5.650000095367432
gep14,00,2026-04-27,2026-04-29,gcrew,noaa_gefs,14,ShortwaveRadiation_Wm2,2,123.125
gep14,00,2026-04-27,2026-04-29,gcrew,noaa_gefs,14,WindSpeed_ms_mean,2,6.751690838700274
gep14,00,2026-04-27,2026-04-30,gcrew,noaa_gefs,14,AirTemp_C_mean,3,12.374749755859398
gep14,00,2026-04-27,2026-04-30,gcrew,noaa_gefs,14,Pressure_Pa,3,100118.521484375
gep14,00,2026-04-27,2026-04-30,gcrew,noaa_gefs,14,RH_percent_mean,3,68.30331468582153
gep14,00,2026-04-27,2026-04-30,gcrew,noaa_gefs,14,Rain_mm_sum,3,2.200000047683716
gep14,00,2026-04-27,2026-04-30,gcrew,noaa_gefs,14,ShortwaveRadiation_Wm2,3,336.75
gep14,00,2026-04-27,2026-04-30,gcrew,noaa_gefs,14,WindSpeed_ms_mean,3,6.3404068339236375
gep14,00,2026-04-27,2026-05-01,gcrew,noaa_gefs,14,AirTemp_C_mean,4,11.863782501220726
gep14,00,2026-04-27,2026-05-01,gcrew,noaa_gefs,14,Pressure_Pa,4,100457.115234375
gep14,00,2026-04-27,2026-05-01,gcrew,noaa_gefs,14,RH_percent_mean,4,63.77413034439087
gep14,00,2026-04-27,2026-05-01,gcrew,noaa_gefs,14,Rain_mm_sum,4,0.14999999105930328
gep14,00,2026-04-27,2026-05-01,gcrew,noaa_gefs,14,ShortwaveRadiation_Wm2,4,305.75
gep14,00,2026-04-27,2026-05-01,gcrew,noaa_gefs,14,WindSpeed_ms_mean,4,4.420050426615207
gep14,00,2026-04-27,2026-05-02,gcrew,noaa_gefs,14,AirTemp_C_mean,5,9.424409484863304
gep14,00,2026-04-27,2026-05-02,gcrew,noaa_gefs,14,Pressure_Pa,5,100060.8115234375
gep14,00,2026-04-27,2026-05-02,gcrew,noaa_gefs,14,RH_percent_mean,5,85.62604904174805
gep14,00,2026-04-27,2026-05-02,gcrew,noaa_gefs,14,Rain_mm_sum,5,10.500000223517418
gep14,00,2026-04-27,2026-05-02,gcrew,noaa_gefs,14,ShortwaveRadiation_Wm2,5,49.625
gep14,00,2026-04-27,2026-05-02,gcrew,noaa_gefs,14,WindSpeed_ms_mean,5,6.559776809952508
gep14,00,2026-04-27,2026-05-03,gcrew,noaa_gefs,14,AirTemp_C_mean,6,10.825589752197288
gep14,00,2026-04-27,2026-05-03,gcrew,noaa_gefs,14,Pressure_Pa,6,100683.826171875
gep14,00,2026-04-27,2026-05-03,gcrew,noaa_gefs,14,RH_percent_mean,6,70.58711957931519
gep14,00,2026-04-27,2026-05-03,gcrew,noaa_gefs,14,Rain_mm_sum,6,2.5999999791383743
gep14,00,2026-04-27,2026-05-03,gcrew,noaa_gefs,14,ShortwaveRadiation_Wm2,6,228.625
gep14,00,2026-04-27,2026-05-03,gcrew,noaa_gefs,14,WindSpeed_ms_mean,6,6.259846307795703
gep14,00,2026-04-27,2026-05-04,gcrew,noaa_gefs,14,AirTemp_C_mean,7,12.645486450195335
gep14,00,2026-04-27,2026-05-04,gcrew,noaa_gefs,14,Pressure_Pa,7,101078.326171875
gep14,00,2026-04-27,2026-05-04,gcrew,noaa_gefs,14,RH_percent_mean,7,65.15876054763794
gep14,00,2026-04-27,2026-05-04,gcrew,noaa_gefs,14,Rain_mm_sum,7,0
gep14,00,2026-04-27,2026-05-04,gcrew,noaa_gefs,14,ShortwaveRadiation_Wm2,7,330.375
gep14,00,2026-04-27,2026-05-04,gcrew,noaa_gefs,14,WindSpeed_ms_mean,7,4.1287794168947265
gep14,00,2026-04-27,2026-05-05,gcrew,noaa_gefs,14,AirTemp_C_mean,8,13.514123535156273
gep14,00,2026-04-27,2026-05-05,gcrew,noaa_gefs,14,Pressure_Pa,8,100674.3935546875
gep14,00,2026-04-27,2026-05-05,gcrew,noaa_gefs,14,RH_percent_mean,8,77.96095371246338
gep14,00,2026-04-27,2026-05-05,gcrew,noaa_gefs,14,Rain_mm_sum,8,6.429999984800816
gep14,00,2026-04-27,2026-05-05,gcrew,noaa_gefs,14,ShortwaveRadiation_Wm2,8,102.75
gep14,00,2026-04-27,2026-05-05,gcrew,noaa_gefs,14,WindSpeed_ms_mean,8,3.340704722164043
gep14,00,2026-04-27,2026-05-06,gcrew,noaa_gefs,14,AirTemp_C_mean,9,14.66842476981029
gep14,00,2026-04-27,2026-05-06,gcrew,noaa_gefs,14,Pressure_Pa,9,100426.58035714286
gep14,00,2026-04-27,2026-05-06,gcrew,noaa_gefs,14,RH_percent_mean,9,74.78257206508091
gep14,00,2026-04-27,2026-05-06,gcrew,noaa_gefs,14,Rain_mm_sum,9,2.800000049173832
gep14,00,2026-04-27,2026-05-06,gcrew,noaa_gefs,14,ShortwaveRadiation_Wm2,9,226.57142857142858
gep14,00,2026-04-27,2026-05-06,gcrew,noaa_gefs,14,WindSpeed_ms_mean,9,2.962092818850805
gep14,00,2026-04-27,2026-05-07,gcrew,noaa_gefs,14,AirTemp_C_mean,10,13.210267639160179
gep14,00,2026-04-27,2026-05-07,gcrew,noaa_gefs,14,Pressure_Pa,10,100801.388671875
gep14,00,2026-04-27,2026-05-07,gcrew,noaa_gefs,14,RH_percent_mean,10,64.8941125869751
gep14,00,2026-04-27,2026-05-07,gcrew,noaa_gefs,14,Rain_mm_sum,10,0
gep14,00,2026-04-27,2026-05-07,gcrew,noaa_gefs,14,ShortwaveRadiation_Wm2,10,333.25
gep14,00,2026-04-27,2026-05-07,gcrew,noaa_gefs,14,WindSpeed_ms_mean,10,5.7470248717601695
gep14,00,2026-04-27,2026-05-08,gcrew,noaa_gefs,14,AirTemp_C_mean,11,14.233064270019554
gep14,00,2026-04-27,2026-05-08,gcrew,noaa_gefs,14,Pressure_Pa,11,100949.1875
gep14,00,2026-04-27,2026-05-08,gcrew,noaa_gefs,14,RH_percent_mean,11,63.45889949798584
gep14,00,2026-04-27,2026-05-08,gcrew,noaa_gefs,14,Rain_mm_sum,11,0
gep14,00,2026-04-27,2026-05-08,gcrew,noaa_gefs,14,ShortwaveRadiation_Wm2,11,323.25
gep14,00,2026-04-27,2026-05-08,gcrew,noaa_gefs,14,WindSpeed_ms_mean,11,4.1680753706171
gep14,00,2026-04-27,2026-05-09,gcrew,noaa_gefs,14,AirTemp_C_mean,12,16.69899139404299
gep14,00,2026-04-27,2026-05-09,gcrew,noaa_gefs,14,Pressure_Pa,12,99939.416015625
gep14,00,2026-04-27,2026-05-09,gcrew,noaa_gefs,14,RH_percent_mean,12,93.10905075073242
gep14,00,2026-04-27,2026-05-09,gcrew,noaa_gefs,14,Rain_mm_sum,12,19.40000009536743
gep14,00,2026-04-27,2026-05-09,gcrew,noaa_gefs,14,ShortwaveRadiation_Wm2,12,75
gep14,00,2026-04-27,2026-05-09,gcrew,noaa_gefs,14,WindSpeed_ms_mean,12,5.098757673087844
gep14,00,2026-04-27,2026-05-10,gcrew,noaa_gefs,14,AirTemp_C_mean,13,13.901696777343773
gep14,00,2026-04-27,2026-05-10,gcrew,noaa_gefs,14,Pressure_Pa,13,101187.380859375
gep14,00,2026-04-27,2026-05-10,gcrew,noaa_gefs,14,RH_percent_mean,13,62.095730781555176
gep14,00,2026-04-27,2026-05-10,gcrew,noaa_gefs,14,Rain_mm_sum,13,0.10000000149011612
gep14,00,2026-04-27,2026-05-10,gcrew,noaa_gefs,14,ShortwaveRadiation_Wm2,13,344.5
gep14,00,2026-04-27,2026-05-10,gcrew,noaa_gefs,14,WindSpeed_ms_mean,13,4.143133742887205
gep14,00,2026-04-27,2026-05-11,gcrew,noaa_gefs,14,AirTemp_C_mean,14,15.09168395996096
gep14,00,2026-04-27,2026-05-11,gcrew,noaa_gefs,14,Pressure_Pa,14,102241.033203125
gep14,00,2026-04-27,2026-05-11,gcrew,noaa_gefs,14,RH_percent_mean,14,62.015602111816406
gep14,00,2026-04-27,2026-05-11,gcrew,noaa_gefs,14,Rain_mm_sum,14,0
gep14,00,2026-04-27,2026-05-11,gcrew,noaa_gefs,14,ShortwaveRadiation_Wm2,14,339.75
gep14,00,2026-04-27,2026-05-11,gcrew,noaa_gefs,14,WindSpeed_ms_mean,14,4.706386471173322
gep14,00,2026-04-27,2026-05-12,gcrew,noaa_gefs,14,AirTemp_C_mean,15,17.251084899902366
gep14,00,2026-04-27,2026-05-12,gcrew,noaa_gefs,14,Pressure_Pa,15,102263.9921875
gep14,00,2026-04-27,2026-05-12,gcrew,noaa_gefs,14,RH_percent_mean,15,75.52095794677734
gep14,00,2026-04-27,2026-05-12,gcrew,noaa_gefs,14,Rain_mm_sum,15,0
gep14,00,2026-04-27,2026-05-12,gcrew,noaa_gefs,14,ShortwaveRadiation_Wm2,15,336
gep14,00,2026-04-27,2026-05-12,gcrew,noaa_gefs,14,WindSpeed_ms_mean,15,7.010430330005118
gep14,00,2026-04-27,2026-05-13,gcrew,noaa_gefs,14,AirTemp_C_mean,16,19.49273834228518
gep14,00,2026-04-27,2026-05-13,gcrew,noaa_gefs,14,Pressure_Pa,16,101710.423828125
gep14,00,2026-04-27,2026-05-13,gcrew,noaa_gefs,14,RH_percent_mean,16,90.239959716796875
gep14,00,2026-04-27,2026-05-13,gcrew,noaa_gefs,14,Rain_mm_sum,16,2.800000049173832
gep14,00,2026-04-27,2026-05-13,gcrew,noaa_gefs,14,ShortwaveRadiation_Wm2,16,215.75
gep14,00,2026-04-27,2026-05-13,gcrew,noaa_gefs,14,WindSpeed_ms_mean,16,6.026004144410448
gep14,00,2026-04-27,2026-05-14,gcrew,noaa_gefs,14,AirTemp_C_mean,17,18.513650512695335
gep14,00,2026-04-27,2026-05-14,gcrew,noaa_gefs,14,Pressure_Pa,17,101608.88671875
gep14,00,2026-04-27,2026-05-14,gcrew,noaa_gefs,14,RH_percent_mean,17,86.30577850341797
gep14,00,2026-04-27,2026-05-14,gcrew,noaa_gefs,14,Rain_mm_sum,17,12.900000095367432
gep14,00,2026-04-27,2026-05-14,gcrew,noaa_gefs,14,ShortwaveRadiation_Wm2,17,185.75
gep14,00,2026-04-27,2026-05-14,gcrew,noaa_gefs,14,WindSpeed_ms_mean,17,4.270036840520563
gep14,00,2026-04-27,2026-05-15,gcrew,noaa_gefs,14,AirTemp_C_mean,18,15.910485839843773
gep14,00,2026-04-27,2026-05-15,gcrew,noaa_gefs,14,Pressure_Pa,18,102181.615234375
gep14,00,2026-04-27,2026-05-15,gcrew,noaa_gefs,14,RH_percent_mean,18,76.19487285614014
gep14,00,2026-04-27,2026-05-15,gcrew,noaa_gefs,14,Rain_mm_sum,18,0
gep14,00,2026-04-27,2026-05-15,gcrew,noaa_gefs,14,ShortwaveRadiation_Wm2,18,343.5
gep14,00,2026-04-27,2026-05-15,gcrew,noaa_gefs,14,WindSpeed_ms_mean,18,3.9490240974844317
gep14,00,2026-04-27,2026-05-16,gcrew,noaa_gefs,14,AirTemp_C_mean,19,20.577661132812523
gep14,00,2026-04-27,2026-05-16,gcrew,noaa_gefs,14,Pressure_Pa,19,101713.755859375
gep14,00,2026-04-27,2026-05-16,gcrew,noaa_gefs,14,RH_percent_mean,19,80.4810848236084
gep14,00,2026-04-27,2026-05-16,gcrew,noaa_gefs,14,Rain_mm_sum,19,1.1000000014901161
gep14,00,2026-04-27,2026-05-16,gcrew,noaa_gefs,14,ShortwaveRadiation_Wm2,19,322.75
gep14,00,2026-04-27,2026-05-16,gcrew,noaa_gefs,14,WindSpeed_ms_mean,19,4.781925626210346
gep14,00,2026-04-27,2026-05-17,gcrew,noaa_gefs,14,AirTemp_C_mean,20,22.937905883789085
gep14,00,2026-04-27,2026-05-17,gcrew,noaa_gefs,14,Pressure_Pa,20,101673.8359375
gep14,00,2026-04-27,2026-05-17,gcrew,noaa_gefs,14,RH_percent_mean,20,77.38579750061035
gep14,00,2026-04-27,2026-05-17,gcrew,noaa_gefs,14,Rain_mm_sum,20,4.300000049173832
gep14,00,2026-04-27,2026-05-17,gcrew,noaa_gefs,14,ShortwaveRadiation_Wm2,20,295.25
gep14,00,2026-04-27,2026-05-17,gcrew,noaa_gefs,14,WindSpeed_ms_mean,20,3.0308602990974056
gep14,00,2026-04-27,2026-05-18,gcrew,noaa_gefs,14,AirTemp_C_mean,21,24.01905212402346
gep14,00,2026-04-27,2026-05-18,gcrew,noaa_gefs,14,Pressure_Pa,21,101460.267578125
gep14,00,2026-04-27,2026-05-18,gcrew,noaa_gefs,14,RH_percent_mean,21,76.18959331512451
gep14,00,2026-04-27,2026-05-18,gcrew,noaa_gefs,14,Rain_mm_sum,21,16.80000078678131
gep14,00,2026-04-27,2026-05-18,gcrew,noaa_gefs,14,ShortwaveRadiation_Wm2,21,296
gep14,00,2026-04-27,2026-05-18,gcrew,noaa_gefs,14,WindSpeed_ms_mean,21,3.073193730264629
gep14,00,2026-04-27,2026-05-19,gcrew,noaa_gefs,14,AirTemp_C_mean,22,25.510980224609398
gep14,00,2026-04-27,2026-05-19,gcrew,noaa_gefs,14,Pressure_Pa,22,100955.107421875
gep14,00,2026-04-27,2026-05-19,gcrew,noaa_gefs,14,RH_percent_mean,22,70.90894889831543
gep14,00,2026-04-27,2026-05-19,gcrew,noaa_gefs,14,Rain_mm_sum,22,1.600000038743019
gep14,00,2026-04-27,2026-05-19,gcrew,noaa_gefs,14,ShortwaveRadiation_Wm2,22,224
gep14,00,2026-04-27,2026-05-19,gcrew,noaa_gefs,14,WindSpeed_ms_mean,22,2.4858541001805587
gep14,00,2026-04-27,2026-05-20,gcrew,noaa_gefs,14,AirTemp_C_mean,23,21.864289855957054
gep14,00,2026-04-27,2026-05-20,gcrew,noaa_gefs,14,Pressure_Pa,23,101018.095703125
gep14,00,2026-04-27,2026-05-20,gcrew,noaa_gefs,14,RH_percent_mean,23,67.23811626434326
gep14,00,2026-04-27,2026-05-20,gcrew,noaa_gefs,14,Rain_mm_sum,23,0.30000001192092896
gep14,00,2026-04-27,2026-05-20,gcrew,noaa_gefs,14,ShortwaveRadiation_Wm2,23,327.25
gep14,00,2026-04-27,2026-05-20,gcrew,noaa_gefs,14,WindSpeed_ms_mean,23,4.555111160571268
gep14,00,2026-04-27,2026-05-21,gcrew,noaa_gefs,14,AirTemp_C_mean,24,19.262673950195335
gep14,00,2026-04-27,2026-05-21,gcrew,noaa_gefs,14,Pressure_Pa,24,101705.2734375
gep14,00,2026-04-27,2026-05-21,gcrew,noaa_gefs,14,RH_percent_mean,24,62.426734924316406
gep14,00,2026-04-27,2026-05-21,gcrew,noaa_gefs,14,Rain_mm_sum,24,0
gep14,00,2026-04-27,2026-05-21,gcrew,noaa_gefs,14,ShortwaveRadiation_Wm2,24,345.75
gep14,00,2026-04-27,2026-05-21,gcrew,noaa_gefs,14,WindSpeed_ms_mean,24,2.407734619792761
gep14,00,2026-04-27,2026-05-22,gcrew,noaa_gefs,14,AirTemp_C_mean,25,19.581025695800804
gep14,00,2026-04-27,2026-05-22,gcrew,noaa_gefs,14,Pressure_Pa,25,101598.32421875
gep14,00,2026-04-27,2026-05-22,gcrew,noaa_gefs,14,RH_percent_mean,25,67.51792812347412
gep14,00,2026-04-27,2026-05-22,gcrew,noaa_gefs,14,Rain_mm_sum,25,0
gep14,00,2026-04-27,2026-05-22,gcrew,noaa_gefs,14,ShortwaveRadiation_Wm2,25,339.25
gep14,00,2026-04-27,2026-05-22,gcrew,noaa_gefs,14,WindSpeed_ms_mean,25,4.837275644483171
gep14,00,2026-04-27,2026-05-23,gcrew,noaa_gefs,14,AirTemp_C_mean,26,19.05195007324221
gep14,00,2026-04-27,2026-05-23,gcrew,noaa_gefs,14,Pressure_Pa,26,101465.875
gep14,00,2026-04-27,2026-05-23,gcrew,noaa_gefs,14,RH_percent_mean,26,65.91939640045166
gep14,00,2026-04-27,2026-05-23,gcrew,noaa_gefs,14,Rain_mm_sum,26,0
gep14,00,2026-04-27,2026-05-23,gcrew,noaa_gefs,14,ShortwaveRadiation_Wm2,26,342.25
gep14,00,2026-04-27,2026-05-23,gcrew,noaa_gefs,14,WindSpeed_ms_mean,26,3.9395944856956513
gep14,00,2026-04-27,2026-05-24,gcrew,noaa_gefs,14,AirTemp_C_mean,27,19.98945007324221
gep14,00,2026-04-27,2026-05-24,gcrew,noaa_gefs,14,Pressure_Pa,27,101342.990234375
gep14,00,2026-04-27,2026-05-24,gcrew,noaa_gefs,14,RH_percent_mean,27,67.63784408569336
gep14,00,2026-04-27,2026-05-24,gcrew,noaa_gefs,14,Rain_mm_sum,27,0
gep14,00,2026-04-27,2026-05-24,gcrew,noaa_gefs,14,ShortwaveRadiation_Wm2,27,291.25
gep14,00,2026-04-27,2026-05-24,gcrew,noaa_gefs,14,WindSpeed_ms_mean,27,1.8987633133925008
gep14,00,2026-04-27,2026-05-25,gcrew,noaa_gefs,14,AirTemp_C_mean,28,20.29615173339846
gep14,00,2026-04-27,2026-05-25,gcrew,noaa_gefs,14,Pressure_Pa,28,100799.01953125
gep14,00,2026-04-27,2026-05-25,gcrew,noaa_gefs,14,RH_percent_mean,28,68.97553539276123
gep14,00,2026-04-27,2026-05-25,gcrew,noaa_gefs,14,Rain_mm_sum,28,0
gep14,00,2026-04-27,2026-05-25,gcrew,noaa_gefs,14,ShortwaveRadiation_Wm2,28,309.75
gep14,00,2026-04-27,2026-05-25,gcrew,noaa_gefs,14,WindSpeed_ms_mean,28,3.282312133189652
gep14,00,2026-04-27,2026-05-26,gcrew,noaa_gefs,14,AirTemp_C_mean,29,23.21851501464846
gep14,00,2026-04-27,2026-05-26,gcrew,noaa_gefs,14,Pressure_Pa,29,100695.197265625
gep14,00,2026-04-27,2026-05-26,gcrew,noaa_gefs,14,RH_percent_mean,29,82.25054931640625
gep14,00,2026-04-27,2026-05-26,gcrew,noaa_gefs,14,Rain_mm_sum,29,4.899999916553497
gep14,00,2026-04-27,2026-05-26,gcrew,noaa_gefs,14,ShortwaveRadiation_Wm2,29,325.5
gep14,00,2026-04-27,2026-05-26,gcrew,noaa_gefs,14,WindSpeed_ms_mean,29,3.3496704517798257
gep14,00,2026-04-27,2026-05-27,gcrew,noaa_gefs,14,AirTemp_C_mean,30,21.77124176025393
gep14,00,2026-04-27,2026-05-27,gcrew,noaa_gefs,14,Pressure_Pa,30,101327.005859375
gep14,00,2026-04-27,2026-05-27,gcrew,noaa_gefs,14,RH_percent_mean,30,82.51387405395508
gep14,00,2026-04-27,2026-05-27,gcrew,noaa_gefs,14,Rain_mm_sum,30,0
gep14,00,2026-04-27,2026-05-27,gcrew,noaa_gefs,14,ShortwaveRadiation_Wm2,30,325.75
gep14,00,2026-04-27,2026-05-27,gcrew,noaa_gefs,14,WindSpeed_ms_mean,30,4.527820202533626
gep14,00,2026-04-27,2026-05-28,gcrew,noaa_gefs,14,AirTemp_C_mean,31,24.39227447509768
gep14,00,2026-04-27,2026-05-28,gcrew,noaa_gefs,14,Pressure_Pa,31,101159.59375
gep14,00,2026-04-27,2026-05-28,gcrew,noaa_gefs,14,RH_percent_mean,31,79.66389560699463
gep14,00,2026-04-27,2026-05-28,gcrew,noaa_gefs,14,Rain_mm_sum,31,2.9999999552965164
gep14,00,2026-04-27,2026-05-28,gcrew,noaa_gefs,14,ShortwaveRadiation_Wm2,31,332.5
gep14,00,2026-04-27,2026-05-28,gcrew,noaa_gefs,14,WindSpeed_ms_mean,31,3.941846018368561
gep14,00,2026-04-27,2026-05-29,gcrew,noaa_gefs,14,AirTemp_C_mean,32,23.499902343750023
gep14,00,2026-04-27,2026-05-29,gcrew,noaa_gefs,14,Pressure_Pa,32,101534.01171875
gep14,00,2026-04-27,2026-05-29,gcrew,noaa_gefs,14,RH_percent_mean,32,81.16684532165527
gep14,00,2026-04-27,2026-05-29,gcrew,noaa_gefs,14,Rain_mm_sum,32,3.3000000715255737
gep14,00,2026-04-27,2026-05-29,gcrew,noaa_gefs,14,ShortwaveRadiation_Wm2,32,322.75
gep14,00,2026-04-27,2026-05-29,gcrew,noaa_gefs,14,WindSpeed_ms_mean,32,3.215779983650272
gep14,00,2026-04-27,2026-05-30,gcrew,noaa_gefs,14,AirTemp_C_mean,33,25.719346618652366
gep14,00,2026-04-27,2026-05-30,gcrew,noaa_gefs,14,Pressure_Pa,33,101169.580078125
gep14,00,2026-04-27,2026-05-30,gcrew,noaa_gefs,14,RH_percent_mean,33,69.18948173522949
gep14,00,2026-04-27,2026-05-30,gcrew,noaa_gefs,14,Rain_mm_sum,33,5.900000095367432
gep14,00,2026-04-27,2026-05-30,gcrew,noaa_gefs,14,ShortwaveRadiation_Wm2,33,328
gep14,00,2026-04-27,2026-05-30,gcrew,noaa_gefs,14,WindSpeed_ms_mean,33,5.024491839967965
gep14,00,2026-04-27,2026-05-31,gcrew,noaa_gefs,14,AirTemp_C_mean,34,19.59900054931643
gep14,00,2026-04-27,2026-05-31,gcrew,noaa_gefs,14,Pressure_Pa,34,101853.44140625
gep14,00,2026-04-27,2026-05-31,gcrew,noaa_gefs,14,RH_percent_mean,34,62.48447799682617
gep14,00,2026-04-27,2026-05-31,gcrew,noaa_gefs,14,Rain_mm_sum,34,0
gep14,00,2026-04-27,2026-05-31,gcrew,noaa_gefs,14,ShortwaveRadiation_Wm2,34,360.25
gep14,00,2026-04-27,2026-05-31,gcrew,noaa_gefs,14,WindSpeed_ms_mean,34,4.692275223673417
gep15,00,2026-04-27,2026-04-28,gcrew,noaa_gefs,15,AirTemp_C_mean,1,11.579675292968773
gep15,00,2026-04-27,2026-04-28,gcrew,noaa_gefs,15,Pressure_Pa,1,101858.66796875
gep15,00,2026-04-27,2026-04-28,gcrew,noaa_gefs,15,RH_percent_mean,1,70.0107069015503
gep15,00,2026-04-27,2026-04-28,gcrew,noaa_gefs,15,Rain_mm_sum,1,2.1800000071525574
gep15,00,2026-04-27,2026-04-28,gcrew,noaa_gefs,15,ShortwaveRadiation_Wm2,1,182.375
gep15,00,2026-04-27,2026-04-28,gcrew,noaa_gefs,15,WindSpeed_ms_mean,1,3.144690806609595
gep15,00,2026-04-27,2026-04-29,gcrew,noaa_gefs,15,AirTemp_C_mean,2,13.038072204589866
gep15,00,2026-04-27,2026-04-29,gcrew,noaa_gefs,15,Pressure_Pa,2,100681.7392578125
gep15,00,2026-04-27,2026-04-29,gcrew,noaa_gefs,15,RH_percent_mean,2,79.37301731109619
gep15,00,2026-04-27,2026-04-29,gcrew,noaa_gefs,15,Rain_mm_sum,2,5.650000095367432
gep15,00,2026-04-27,2026-04-29,gcrew,noaa_gefs,15,ShortwaveRadiation_Wm2,2,123.125
gep15,00,2026-04-27,2026-04-29,gcrew,noaa_gefs,15,WindSpeed_ms_mean,2,6.751690838700274
gep15,00,2026-04-27,2026-04-30,gcrew,noaa_gefs,15,AirTemp_C_mean,3,12.374749755859398
gep15,00,2026-04-27,2026-04-30,gcrew,noaa_gefs,15,Pressure_Pa,3,100118.521484375
gep15,00,2026-04-27,2026-04-30,gcrew,noaa_gefs,15,RH_percent_mean,3,68.30331468582153
gep15,00,2026-04-27,2026-04-30,gcrew,noaa_gefs,15,Rain_mm_sum,3,2.200000047683716
gep15,00,2026-04-27,2026-04-30,gcrew,noaa_gefs,15,ShortwaveRadiation_Wm2,3,336.75
gep15,00,2026-04-27,2026-04-30,gcrew,noaa_gefs,15,WindSpeed_ms_mean,3,6.3404068339236375
gep15,00,2026-04-27,2026-05-01,gcrew,noaa_gefs,15,AirTemp_C_mean,4,11.863782501220726
gep15,00,2026-04-27,2026-05-01,gcrew,noaa_gefs,15,Pressure_Pa,4,100457.115234375
gep15,00,2026-04-27,2026-05-01,gcrew,noaa_gefs,15,RH_percent_mean,4,63.77413034439087
gep15,00,2026-04-27,2026-05-01,gcrew,noaa_gefs,15,Rain_mm_sum,4,0.14999999105930328
gep15,00,2026-04-27,2026-05-01,gcrew,noaa_gefs,15,ShortwaveRadiation_Wm2,4,305.75
gep15,00,2026-04-27,2026-05-01,gcrew,noaa_gefs,15,WindSpeed_ms_mean,4,4.420050426615207
gep15,00,2026-04-27,2026-05-02,gcrew,noaa_gefs,15,AirTemp_C_mean,5,9.424409484863304
gep15,00,2026-04-27,2026-05-02,gcrew,noaa_gefs,15,Pressure_Pa,5,100060.8115234375
gep15,00,2026-04-27,2026-05-02,gcrew,noaa_gefs,15,RH_percent_mean,5,85.62604904174805
gep15,00,2026-04-27,2026-05-02,gcrew,noaa_gefs,15,Rain_mm_sum,5,10.500000223517418
gep15,00,2026-04-27,2026-05-02,gcrew,noaa_gefs,15,ShortwaveRadiation_Wm2,5,49.625
gep15,00,2026-04-27,2026-05-02,gcrew,noaa_gefs,15,WindSpeed_ms_mean,5,6.559776809952508
gep15,00,2026-04-27,2026-05-03,gcrew,noaa_gefs,15,AirTemp_C_mean,6,10.825589752197288
gep15,00,2026-04-27,2026-05-03,gcrew,noaa_gefs,15,Pressure_Pa,6,100683.826171875
gep15,00,2026-04-27,2026-05-03,gcrew,noaa_gefs,15,RH_percent_mean,6,70.58711957931519
gep15,00,2026-04-27,2026-05-03,gcrew,noaa_gefs,15,Rain_mm_sum,6,2.5999999791383743
gep15,00,2026-04-27,2026-05-03,gcrew,noaa_gefs,15,ShortwaveRadiation_Wm2,6,228.625
gep15,00,2026-04-27,2026-05-03,gcrew,noaa_gefs,15,WindSpeed_ms_mean,6,6.259846307795703
gep15,00,2026-04-27,2026-05-04,gcrew,noaa_gefs,15,AirTemp_C_mean,7,12.645486450195335
gep15,00,2026-04-27,2026-05-04,gcrew,noaa_gefs,15,Pressure_Pa,7,101078.326171875
gep15,00,2026-04-27,2026-05-04,gcrew,noaa_gefs,15,RH_percent_mean,7,65.15876054763794
gep15,00,2026-04-27,2026-05-04,gcrew,noaa_gefs,15,Rain_mm_sum,7,0
gep15,00,2026-04-27,2026-05-04,gcrew,noaa_gefs,15,ShortwaveRadiation_Wm2,7,330.375
gep15,00,2026-04-27,2026-05-04,gcrew,noaa_gefs,15,WindSpeed_ms_mean,7,4.1287794168947265
gep15,00,2026-04-27,2026-05-05,gcrew,noaa_gefs,15,AirTemp_C_mean,8,13.514123535156273
gep15,00,2026-04-27,2026-05-05,gcrew,noaa_gefs,15,Pressure_Pa,8,100674.3935546875
gep15,00,2026-04-27,2026-05-05,gcrew,noaa_gefs,15,RH_percent_mean,8,77.96095371246338
gep15,00,2026-04-27,2026-05-05,gcrew,noaa_gefs,15,Rain_mm_sum,8,6.429999984800816
gep15,00,2026-04-27,2026-05-05,gcrew,noaa_gefs,15,ShortwaveRadiation_Wm2,8,102.75
gep15,00,2026-04-27,2026-05-05,gcrew,noaa_gefs,15,WindSpeed_ms_mean,8,3.340704722164043
gep15,00,2026-04-27,2026-05-06,gcrew,noaa_gefs,15,AirTemp_C_mean,9,14.66842476981029
gep15,00,2026-04-27,2026-05-06,gcrew,noaa_gefs,15,Pressure_Pa,9,100426.58035714286
gep15,00,2026-04-27,2026-05-06,gcrew,noaa_gefs,15,RH_percent_mean,9,74.78257206508091
gep15,00,2026-04-27,2026-05-06,gcrew,noaa_gefs,15,Rain_mm_sum,9,2.800000049173832
gep15,00,2026-04-27,2026-05-06,gcrew,noaa_gefs,15,ShortwaveRadiation_Wm2,9,226.57142857142858
gep15,00,2026-04-27,2026-05-06,gcrew,noaa_gefs,15,WindSpeed_ms_mean,9,2.962092818850805
gep15,00,2026-04-27,2026-05-07,gcrew,noaa_gefs,15,AirTemp_C_mean,10,13.210267639160179
gep15,00,2026-04-27,2026-05-07,gcrew,noaa_gefs,15,Pressure_Pa,10,100801.388671875
gep15,00,2026-04-27,2026-05-07,gcrew,noaa_gefs,15,RH_percent_mean,10,64.8941125869751
gep15,00,2026-04-27,2026-05-07,gcrew,noaa_gefs,15,Rain_mm_sum,10,0
gep15,00,2026-04-27,2026-05-07,gcrew,noaa_gefs,15,ShortwaveRadiation_Wm2,10,333.25
gep15,00,2026-04-27,2026-05-07,gcrew,noaa_gefs,15,WindSpeed_ms_mean,10,5.7470248717601695
gep15,00,2026-04-27,2026-05-08,gcrew,noaa_gefs,15,AirTemp_C_mean,11,14.233064270019554
gep15,00,2026-04-27,2026-05-08,gcrew,noaa_gefs,15,Pressure_Pa,11,100949.1875
gep15,00,2026-04-27,2026-05-08,gcrew,noaa_gefs,15,RH_percent_mean,11,63.45889949798584
gep15,00,2026-04-27,2026-05-08,gcrew,noaa_gefs,15,Rain_mm_sum,11,0
gep15,00,2026-04-27,2026-05-08,gcrew,noaa_gefs,15,ShortwaveRadiation_Wm2,11,323.25
gep15,00,2026-04-27,2026-05-08,gcrew,noaa_gefs,15,WindSpeed_ms_mean,11,4.1680753706171
gep15,00,2026-04-27,2026-05-09,gcrew,noaa_gefs,15,AirTemp_C_mean,12,16.69899139404299
gep15,00,2026-04-27,2026-05-09,gcrew,noaa_gefs,15,Pressure_Pa,12,99939.416015625
gep15,00,2026-04-27,2026-05-09,gcrew,noaa_gefs,15,RH_percent_mean,12,93.10905075073242
gep15,00,2026-04-27,2026-05-09,gcrew,noaa_gefs,15,Rain_mm_sum,12,19.40000009536743
gep15,00,2026-04-27,2026-05-09,gcrew,noaa_gefs,15,ShortwaveRadiation_Wm2,12,75
gep15,00,2026-04-27,2026-05-09,gcrew,noaa_gefs,15,WindSpeed_ms_mean,12,5.098757673087844
gep15,00,2026-04-27,2026-05-10,gcrew,noaa_gefs,15,AirTemp_C_mean,13,13.901696777343773
gep15,00,2026-04-27,2026-05-10,gcrew,noaa_gefs,15,Pressure_Pa,13,101187.380859375
gep15,00,2026-04-27,2026-05-10,gcrew,noaa_gefs,15,RH_percent_mean,13,62.095730781555176
gep15,00,2026-04-27,2026-05-10,gcrew,noaa_gefs,15,Rain_mm_sum,13,0.10000000149011612
gep15,00,2026-04-27,2026-05-10,gcrew,noaa_gefs,15,ShortwaveRadiation_Wm2,13,344.5
gep15,00,2026-04-27,2026-05-10,gcrew,noaa_gefs,15,WindSpeed_ms_mean,13,4.143133742887205
gep15,00,2026-04-27,2026-05-11,gcrew,noaa_gefs,15,AirTemp_C_mean,14,15.09168395996096
gep15,00,2026-04-27,2026-05-11,gcrew,noaa_gefs,15,Pressure_Pa,14,102241.033203125
gep15,00,2026-04-27,2026-05-11,gcrew,noaa_gefs,15,RH_percent_mean,14,62.015602111816406
gep15,00,2026-04-27,2026-05-11,gcrew,noaa_gefs,15,Rain_mm_sum,14,0
gep15,00,2026-04-27,2026-05-11,gcrew,noaa_gefs,15,ShortwaveRadiation_Wm2,14,339.75
gep15,00,2026-04-27,2026-05-11,gcrew,noaa_gefs,15,WindSpeed_ms_mean,14,4.706386471173322
gep15,00,2026-04-27,2026-05-12,gcrew,noaa_gefs,15,AirTemp_C_mean,15,17.251084899902366
gep15,00,2026-04-27,2026-05-12,gcrew,noaa_gefs,15,Pressure_Pa,15,102263.9921875
gep15,00,2026-04-27,2026-05-12,gcrew,noaa_gefs,15,RH_percent_mean,15,75.52095794677734
gep15,00,2026-04-27,2026-05-12,gcrew,noaa_gefs,15,Rain_mm_sum,15,0
gep15,00,2026-04-27,2026-05-12,gcrew,noaa_gefs,15,ShortwaveRadiation_Wm2,15,336
gep15,00,2026-04-27,2026-05-12,gcrew,noaa_gefs,15,WindSpeed_ms_mean,15,7.010430330005118
gep15,00,2026-04-27,2026-05-13,gcrew,noaa_gefs,15,AirTemp_C_mean,16,19.49273834228518
gep15,00,2026-04-27,2026-05-13,gcrew,noaa_gefs,15,Pressure_Pa,16,101710.423828125
gep15,00,2026-04-27,2026-05-13,gcrew,noaa_gefs,15,RH_percent_mean,16,90.239959716796875
gep15,00,2026-04-27,2026-05-13,gcrew,noaa_gefs,15,Rain_mm_sum,16,2.800000049173832
gep15,00,2026-04-27,2026-05-13,gcrew,noaa_gefs,15,ShortwaveRadiation_Wm2,16,215.75
gep15,00,2026-04-27,2026-05-13,gcrew,noaa_gefs,15,WindSpeed_ms_mean,16,6.026004144410448
gep15,00,2026-04-27,2026-05-14,gcrew,noaa_gefs,15,AirTemp_C_mean,17,18.513650512695335
gep15,00,2026-04-27,2026-05-14,gcrew,noaa_gefs,15,Pressure_Pa,17,101608.88671875
gep15,00,2026-04-27,2026-05-14,gcrew,noaa_gefs,15,RH_percent_mean,17,86.30577850341797
gep15,00,2026-04-27,2026-05-14,gcrew,noaa_gefs,15,Rain_mm_sum,17,12.900000095367432
gep15,00,2026-04-27,2026-05-14,gcrew,noaa_gefs,15,ShortwaveRadiation_Wm2,17,185.75
gep15,00,2026-04-27,2026-05-14,gcrew,noaa_gefs,15,WindSpeed_ms_mean,17,4.270036840520563
gep15,00,2026-04-27,2026-05-15,gcrew,noaa_gefs,15,AirTemp_C_mean,18,15.910485839843773
gep15,00,2026-04-27,2026-05-15,gcrew,noaa_gefs,15,Pressure_Pa,18,102181.615234375
gep15,00,2026-04-27,2026-05-15,gcrew,noaa_gefs,15,RH_percent_mean,18,76.19487285614014
gep15,00,2026-04-27,2026-05-15,gcrew,noaa_gefs,15,Rain_mm_sum,18,0
gep15,00,2026-04-27,2026-05-15,gcrew,noaa_gefs,15,ShortwaveRadiation_Wm2,18,343.5
gep15,00,2026-04-27,2026-05-15,gcrew,noaa_gefs,15,WindSpeed_ms_mean,18,3.9490240974844317
gep15,00,2026-04-27,2026-05-16,gcrew,noaa_gefs,15,AirTemp_C_mean,19,20.577661132812523
gep15,00,2026-04-27,2026-05-16,gcrew,noaa_gefs,15,Pressure_Pa,19,101713.755859375
gep15,00,2026-04-27,2026-05-16,gcrew,noaa_gefs,15,RH_percent_mean,19,80.4810848236084
gep15,00,2026-04-27,2026-05-16,gcrew,noaa_gefs,15,Rain_mm_sum,19,1.1000000014901161
gep15,00,2026-04-27,2026-05-16,gcrew,noaa_gefs,15,ShortwaveRadiation_Wm2,19,322.75
gep15,00,2026-04-27,2026-05-16,gcrew,noaa_gefs,15,WindSpeed_ms_mean,19,4.781925626210346
gep15,00,2026-04-27,2026-05-17,gcrew,noaa_gefs,15,AirTemp_C_mean,20,22.937905883789085
gep15,00,2026-04-27,2026-05-17,gcrew,noaa_gefs,15,Pressure_Pa,20,101673.8359375
gep15,00,2026-04-27,2026-05-17,gcrew,noaa_gefs,15,RH_percent_mean,20,77.38579750061035
gep15,00,2026-04-27,2026-05-17,gcrew,noaa_gefs,15,Rain_mm_sum,20,4.300000049173832
gep15,00,2026-04-27,2026-05-17,gcrew,noaa_gefs,15,ShortwaveRadiation_Wm2,20,295.25
gep15,00,2026-04-27,2026-05-17,gcrew,noaa_gefs,15,WindSpeed_ms_mean,20,3.0308602990974056
gep15,00,2026-04-27,2026-05-18,gcrew,noaa_gefs,15,AirTemp_C_mean,21,24.01905212402346
gep15,00,2026-04-27,2026-05-18,gcrew,noaa_gefs,15,Pressure_Pa,21,101460.267578125
gep15,00,2026-04-27,2026-05-18,gcrew,noaa_gefs,15,RH_percent_mean,21,76.18959331512451
gep15,00,2026-04-27,2026-05-18,gcrew,noaa_gefs,15,Rain_mm_sum,21,16.80000078678131
gep15,00,2026-04-27,2026-05-18,gcrew,noaa_gefs,15,ShortwaveRadiation_Wm2,21,296
gep15,00,2026-04-27,2026-05-18,gcrew,noaa_gefs,15,WindSpeed_ms_mean,21,3.073193730264629
gep15,00,2026-04-27,2026-05-19,gcrew,noaa_gefs,15,AirTemp_C_mean,22,25.510980224609398
gep15,00,2026-04-27,2026-05-19,gcrew,noaa_gefs,15,Pressure_Pa,22,100955.107421875
gep15,00,2026-04-27,2026-05-19,gcrew,noaa_gefs,15,RH_percent_mean,22,70.90894889831543
gep15,00,2026-04-27,2026-05-19,gcrew,noaa_gefs,15,Rain_mm_sum,22,1.600000038743019
gep15,00,2026-04-27,2026-05-19,gcrew,noaa_gefs,15,ShortwaveRadiation_Wm2,22,224
gep15,00,2026-04-27,2026-05-19,gcrew,noaa_gefs,15,WindSpeed_ms_mean,22,2.4858541001805587
gep15,00,2026-04-27,2026-05-20,gcrew,noaa_gefs,15,AirTemp_C_mean,23,21.864289855957054
gep15,00,2026-04-27,2026-05-20,gcrew,noaa_gefs,15,Pressure_Pa,23,101018.095703125
gep15,00,2026-04-27,2026-05-20,gcrew,noaa_gefs,15,RH_percent_mean,23,67.23811626434326
gep15,00,2026-04-27,2026-05-20,gcrew,noaa_gefs,15,Rain_mm_sum,23,0.30000001192092896
gep15,00,2026-04-27,2026-05-20,gcrew,noaa_gefs,15,ShortwaveRadiation_Wm2,23,327.25
gep15,00,2026-04-27,2026-05-20,gcrew,noaa_gefs,15,WindSpeed_ms_mean,23,4.555111160571268
gep15,00,2026-04-27,2026-05-21,gcrew,noaa_gefs,15,AirTemp_C_mean,24,19.262673950195335
gep15,00,2026-04-27,2026-05-21,gcrew,noaa_gefs,15,Pressure_Pa,24,101705.2734375
gep15,00,2026-04-27,2026-05-21,gcrew,noaa_gefs,15,RH_percent_mean,24,62.426734924316406
gep15,00,2026-04-27,2026-05-21,gcrew,noaa_gefs,15,Rain_mm_sum,24,0
gep15,00,2026-04-27,2026-05-21,gcrew,noaa_gefs,15,ShortwaveRadiation_Wm2,24,345.75
gep15,00,2026-04-27,2026-05-21,gcrew,noaa_gefs,15,WindSpeed_ms_mean,24,2.407734619792761
gep15,00,2026-04-27,2026-05-22,gcrew,noaa_gefs,15,AirTemp_C_mean,25,19.581025695800804
gep15,00,2026-04-27,2026-05-22,gcrew,noaa_gefs,15,Pressure_Pa,25,101598.32421875
gep15,00,2026-04-27,2026-05-22,gcrew,noaa_gefs,15,RH_percent_mean,25,67.51792812347412
gep15,00,2026-04-27,2026-05-22,gcrew,noaa_gefs,15,Rain_mm_sum,25,0
gep15,00,2026-04-27,2026-05-22,gcrew,noaa_gefs,15,ShortwaveRadiation_Wm2,25,339.25
gep15,00,2026-04-27,2026-05-22,gcrew,noaa_gefs,15,WindSpeed_ms_mean,25,4.837275644483171
gep15,00,2026-04-27,2026-05-23,gcrew,noaa_gefs,15,AirTemp_C_mean,26,19.05195007324221
gep15,00,2026-04-27,2026-05-23,gcrew,noaa_gefs,15,Pressure_Pa,26,101465.875
gep15,00,2026-04-27,2026-05-23,gcrew,noaa_gefs,15,RH_percent_mean,26,65.91939640045166
gep15,00,2026-04-27,2026-05-23,gcrew,noaa_gefs,15,Rain_mm_sum,26,0
gep15,00,2026-04-27,2026-05-23,gcrew,noaa_gefs,15,ShortwaveRadiation_Wm2,26,342.25
gep15,00,2026-04-27,2026-05-23,gcrew,noaa_gefs,15,WindSpeed_ms_mean,26,3.9395944856956513
gep15,00,2026-04-27,2026-05-24,gcrew,noaa_gefs,15,AirTemp_C_mean,27,19.98945007324221
gep15,00,2026-04-27,2026-05-24,gcrew,noaa_gefs,15,Pressure_Pa,27,101342.990234375
gep15,00,2026-04-27,2026-05-24,gcrew,noaa_gefs,15,RH_percent_mean,27,67.63784408569336
gep15,00,2026-04-27,2026-05-24,gcrew,noaa_gefs,15,Rain_mm_sum,27,0
gep15,00,2026-04-27,2026-05-24,gcrew,noaa_gefs,15,ShortwaveRadiation_Wm2,27,291.25
gep15,00,2026-04-27,2026-05-24,gcrew,noaa_gefs,15,WindSpeed_ms_mean,27,1.8987633133925008
gep15,00,2026-04-27,2026-05-25,gcrew,noaa_gefs,15,AirTemp_C_mean,28,20.29615173339846
gep15,00,2026-04-27,2026-05-25,gcrew,noaa_gefs,15,Pressure_Pa,28,100799.01953125
gep15,00,2026-04-27,2026-05-25,gcrew,noaa_gefs,15,RH_percent_mean,28,68.97553539276123
gep15,00,2026-04-27,2026-05-25,gcrew,noaa_gefs,15,Rain_mm_sum,28,0
gep15,00,2026-04-27,2026-05-25,gcrew,noaa_gefs,15,ShortwaveRadiation_Wm2,28,309.75
gep15,00,2026-04-27,2026-05-25,gcrew,noaa_gefs,15,WindSpeed_ms_mean,28,3.282312133189652
gep15,00,2026-04-27,2026-05-26,gcrew,noaa_gefs,15,AirTemp_C_mean,29,23.21851501464846
gep15,00,2026-04-27,2026-05-26,gcrew,noaa_gefs,15,Pressure_Pa,29,100695.197265625
gep15,00,2026-04-27,2026-05-26,gcrew,noaa_gefs,15,RH_percent_mean,29,82.25054931640625
gep15,00,2026-04-27,2026-05-26,gcrew,noaa_gefs,15,Rain_mm_sum,29,4.899999916553497
gep15,00,2026-04-27,2026-05-26,gcrew,noaa_gefs,15,ShortwaveRadiation_Wm2,29,325.5
gep15,00,2026-04-27,2026-05-26,gcrew,noaa_gefs,15,WindSpeed_ms_mean,29,3.3496704517798257
gep15,00,2026-04-27,2026-05-27,gcrew,noaa_gefs,15,AirTemp_C_mean,30,21.77124176025393
gep15,00,2026-04-27,2026-05-27,gcrew,noaa_gefs,15,Pressure_Pa,30,101327.005859375
gep15,00,2026-04-27,2026-05-27,gcrew,noaa_gefs,15,RH_percent_mean,30,82.51387405395508
gep15,00,2026-04-27,2026-05-27,gcrew,noaa_gefs,15,Rain_mm_sum,30,0
gep15,00,2026-04-27,2026-05-27,gcrew,noaa_gefs,15,ShortwaveRadiation_Wm2,30,325.75
gep15,00,2026-04-27,2026-05-27,gcrew,noaa_gefs,15,WindSpeed_ms_mean,30,4.527820202533626
gep15,00,2026-04-27,2026-05-28,gcrew,noaa_gefs,15,AirTemp_C_mean,31,24.39227447509768
gep15,00,2026-04-27,2026-05-28,gcrew,noaa_gefs,15,Pressure_Pa,31,101159.59375
gep15,00,2026-04-27,2026-05-28,gcrew,noaa_gefs,15,RH_percent_mean,31,79.66389560699463
gep15,00,2026-04-27,2026-05-28,gcrew,noaa_gefs,15,Rain_mm_sum,31,2.9999999552965164
gep15,00,2026-04-27,2026-05-28,gcrew,noaa_gefs,15,ShortwaveRadiation_Wm2,31,332.5
gep15,00,2026-04-27,2026-05-28,gcrew,noaa_gefs,15,WindSpeed_ms_mean,31,3.941846018368561
gep15,00,2026-04-27,2026-05-29,gcrew,noaa_gefs,15,AirTemp_C_mean,32,23.499902343750023
gep15,00,2026-04-27,2026-05-29,gcrew,noaa_gefs,15,Pressure_Pa,32,101534.01171875
gep15,00,2026-04-27,2026-05-29,gcrew,noaa_gefs,15,RH_percent_mean,32,81.16684532165527
gep15,00,2026-04-27,2026-05-29,gcrew,noaa_gefs,15,Rain_mm_sum,32,3.3000000715255737
gep15,00,2026-04-27,2026-05-29,gcrew,noaa_gefs,15,ShortwaveRadiation_Wm2,32,322.75
gep15,00,2026-04-27,2026-05-29,gcrew,noaa_gefs,15,WindSpeed_ms_mean,32,3.215779983650272
gep15,00,2026-04-27,2026-05-30,gcrew,noaa_gefs,15,AirTemp_C_mean,33,25.719346618652366
gep15,00,2026-04-27,2026-05-30,gcrew,noaa_gefs,15,Pressure_Pa,33,101169.580078125
gep15,00,2026-04-27,2026-05-30,gcrew,noaa_gefs,15,RH_percent_mean,33,69.18948173522949
gep15,00,2026-04-27,2026-05-30,gcrew,noaa_gefs,15,Rain_mm_sum,33,5.900000095367432
gep15,00,2026-04-27,2026-05-30,gcrew,noaa_gefs,15,ShortwaveRadiation_Wm2,33,328
gep15,00,2026-04-27,2026-05-30,gcrew,noaa_gefs,15,WindSpeed_ms_mean,33,5.024491839967965
gep15,00,2026-04-27,2026-05-31,gcrew,noaa_gefs,15,AirTemp_C_mean,34,19.59900054931643
gep15,00,2026-04-27,2026-05-31,gcrew,noaa_gefs,15,Pressure_Pa,34,101853.44140625
gep15,00,2026-04-27,2026-05-31,gcrew,noaa_gefs,15,RH_percent_mean,34,62.48447799682617
gep15,00,2026-04-27,2026-05-31,gcrew,noaa_gefs,15,Rain_mm_sum,34,0
gep15,00,2026-04-27,2026-05-31,gcrew,noaa_gefs,15,ShortwaveRadiation_Wm2,34,360.25
gep15,00,2026-04-27,2026-05-31,gcrew,noaa_gefs,15,WindSpeed_ms_mean,34,4.692275223673417
gep16,00,2026-04-27,2026-04-28,gcrew,noaa_gefs,16,AirTemp_C_mean,1,11.579675292968773
gep16,00,2026-04-27,2026-04-28,gcrew,noaa_gefs,16,Pressure_Pa,1,101858.66796875
gep16,00,2026-04-27,2026-04-28,gcrew,noaa_gefs,16,RH_percent_mean,1,70.0107069015503
gep16,00,2026-04-27,2026-04-28,gcrew,noaa_gefs,16,Rain_mm_sum,1,2.1800000071525574
gep16,00,2026-04-27,2026-04-28,gcrew,noaa_gefs,16,ShortwaveRadiation_Wm2,1,182.375
gep16,00,2026-04-27,2026-04-28,gcrew,noaa_gefs,16,WindSpeed_ms_mean,1,3.144690806609595
gep16,00,2026-04-27,2026-04-29,gcrew,noaa_gefs,16,AirTemp_C_mean,2,13.038072204589866
gep16,00,2026-04-27,2026-04-29,gcrew,noaa_gefs,16,Pressure_Pa,2,100681.7392578125
gep16,00,2026-04-27,2026-04-29,gcrew,noaa_gefs,16,RH_percent_mean,2,79.37301731109619
gep16,00,2026-04-27,2026-04-29,gcrew,noaa_gefs,16,Rain_mm_sum,2,5.650000095367432
gep16,00,2026-04-27,2026-04-29,gcrew,noaa_gefs,16,ShortwaveRadiation_Wm2,2,123.125
gep16,00,2026-04-27,2026-04-29,gcrew,noaa_gefs,16,WindSpeed_ms_mean,2,6.751690838700274
gep16,00,2026-04-27,2026-04-30,gcrew,noaa_gefs,16,AirTemp_C_mean,3,12.374749755859398
gep16,00,2026-04-27,2026-04-30,gcrew,noaa_gefs,16,Pressure_Pa,3,100118.521484375
gep16,00,2026-04-27,2026-04-30,gcrew,noaa_gefs,16,RH_percent_mean,3,68.30331468582153
gep16,00,2026-04-27,2026-04-30,gcrew,noaa_gefs,16,Rain_mm_sum,3,2.200000047683716
gep16,00,2026-04-27,2026-04-30,gcrew,noaa_gefs,16,ShortwaveRadiation_Wm2,3,336.75
gep16,00,2026-04-27,2026-04-30,gcrew,noaa_gefs,16,WindSpeed_ms_mean,3,6.3404068339236375
gep16,00,2026-04-27,2026-05-01,gcrew,noaa_gefs,16,AirTemp_C_mean,4,11.863782501220726
gep16,00,2026-04-27,2026-05-01,gcrew,noaa_gefs,16,Pressure_Pa,4,100457.115234375
gep16,00,2026-04-27,2026-05-01,gcrew,noaa_gefs,16,RH_percent_mean,4,63.77413034439087
gep16,00,2026-04-27,2026-05-01,gcrew,noaa_gefs,16,Rain_mm_sum,4,0.14999999105930328
gep16,00,2026-04-27,2026-05-01,gcrew,noaa_gefs,16,ShortwaveRadiation_Wm2,4,305.75
gep16,00,2026-04-27,2026-05-01,gcrew,noaa_gefs,16,WindSpeed_ms_mean,4,4.420050426615207
gep16,00,2026-04-27,2026-05-02,gcrew,noaa_gefs,16,AirTemp_C_mean,5,9.424409484863304
gep16,00,2026-04-27,2026-05-02,gcrew,noaa_gefs,16,Pressure_Pa,5,100060.8115234375
gep16,00,2026-04-27,2026-05-02,gcrew,noaa_gefs,16,RH_percent_mean,5,85.62604904174805
gep16,00,2026-04-27,2026-05-02,gcrew,noaa_gefs,16,Rain_mm_sum,5,10.500000223517418
gep16,00,2026-04-27,2026-05-02,gcrew,noaa_gefs,16,ShortwaveRadiation_Wm2,5,49.625
gep16,00,2026-04-27,2026-05-02,gcrew,noaa_gefs,16,WindSpeed_ms_mean,5,6.559776809952508
gep16,00,2026-04-27,2026-05-03,gcrew,noaa_gefs,16,AirTemp_C_mean,6,10.825589752197288
gep16,00,2026-04-27,2026-05-03,gcrew,noaa_gefs,16,Pressure_Pa,6,100683.826171875
gep16,00,2026-04-27,2026-05-03,gcrew,noaa_gefs,16,RH_percent_mean,6,70.58711957931519
gep16,00,2026-04-27,2026-05-03,gcrew,noaa_gefs,16,Rain_mm_sum,6,2.5999999791383743
gep16,00,2026-04-27,2026-05-03,gcrew,noaa_gefs,16,ShortwaveRadiation_Wm2,6,228.625
gep16,00,2026-04-27,2026-05-03,gcrew,noaa_gefs,16,WindSpeed_ms_mean,6,6.259846307795703
gep16,00,2026-04-27,2026-05-04,gcrew,noaa_gefs,16,AirTemp_C_mean,7,12.645486450195335
gep16,00,2026-04-27,2026-05-04,gcrew,noaa_gefs,16,Pressure_Pa,7,101078.326171875
gep16,00,2026-04-27,2026-05-04,gcrew,noaa_gefs,16,RH_percent_mean,7,65.15876054763794
gep16,00,2026-04-27,2026-05-04,gcrew,noaa_gefs,16,Rain_mm_sum,7,0
gep16,00,2026-04-27,2026-05-04,gcrew,noaa_gefs,16,ShortwaveRadiation_Wm2,7,330.375
gep16,00,2026-04-27,2026-05-04,gcrew,noaa_gefs,16,WindSpeed_ms_mean,7,4.1287794168947265
gep16,00,2026-04-27,2026-05-05,gcrew,noaa_gefs,16,AirTemp_C_mean,8,13.514123535156273
gep16,00,2026-04-27,2026-05-05,gcrew,noaa_gefs,16,Pressure_Pa,8,100674.3935546875
gep16,00,2026-04-27,2026-05-05,gcrew,noaa_gefs,16,RH_percent_mean,8,77.96095371246338
gep16,00,2026-04-27,2026-05-05,gcrew,noaa_gefs,16,Rain_mm_sum,8,6.429999984800816
gep16,00,2026-04-27,2026-05-05,gcrew,noaa_gefs,16,ShortwaveRadiation_Wm2,8,102.75
gep16,00,2026-04-27,2026-05-05,gcrew,noaa_gefs,16,WindSpeed_ms_mean,8,3.340704722164043
gep16,00,2026-04-27,2026-05-06,gcrew,noaa_gefs,16,AirTemp_C_mean,9,14.66842476981029
gep16,00,2026-04-27,2026-05-06,gcrew,noaa_gefs,16,Pressure_Pa,9,100426.58035714286
gep16,00,2026-04-27,2026-05-06,gcrew,noaa_gefs,16,RH_percent_mean,9,74.78257206508091
gep16,00,2026-04-27,2026-05-06,gcrew,noaa_gefs,16,Rain_mm_sum,9,2.800000049173832
gep16,00,2026-04-27,2026-05-06,gcrew,noaa_gefs,16,ShortwaveRadiation_Wm2,9,226.57142857142858
gep16,00,2026-04-27,2026-05-06,gcrew,noaa_gefs,16,WindSpeed_ms_mean,9,2.962092818850805
gep16,00,2026-04-27,2026-05-07,gcrew,noaa_gefs,16,AirTemp_C_mean,10,13.210267639160179
gep16,00,2026-04-27,2026-05-07,gcrew,noaa_gefs,16,Pressure_Pa,10,100801.388671875
gep16,00,2026-04-27,2026-05-07,gcrew,noaa_gefs,16,RH_percent_mean,10,64.8941125869751
gep16,00,2026-04-27,2026-05-07,gcrew,noaa_gefs,16,Rain_mm_sum,10,0
gep16,00,2026-04-27,2026-05-07,gcrew,noaa_gefs,16,ShortwaveRadiation_Wm2,10,333.25
gep16,00,2026-04-27,2026-05-07,gcrew,noaa_gefs,16,WindSpeed_ms_mean,10,5.7470248717601695
gep16,00,2026-04-27,2026-05-08,gcrew,noaa_gefs,16,AirTemp_C_mean,11,14.233064270019554
gep16,00,2026-04-27,2026-05-08,gcrew,noaa_gefs,16,Pressure_Pa,11,100949.1875
gep16,00,2026-04-27,2026-05-08,gcrew,noaa_gefs,16,RH_percent_mean,11,63.45889949798584
gep16,00,2026-04-27,2026-05-08,gcrew,noaa_gefs,16,Rain_mm_sum,11,0
gep16,00,2026-04-27,2026-05-08,gcrew,noaa_gefs,16,ShortwaveRadiation_Wm2,11,323.25
gep16,00,2026-04-27,2026-05-08,gcrew,noaa_gefs,16,WindSpeed_ms_mean,11,4.1680753706171
gep16,00,2026-04-27,2026-05-09,gcrew,noaa_gefs,16,AirTemp_C_mean,12,16.69899139404299
gep16,00,2026-04-27,2026-05-09,gcrew,noaa_gefs,16,Pressure_Pa,12,99939.416015625
gep16,00,2026-04-27,2026-05-09,gcrew,noaa_gefs,16,RH_percent_mean,12,93.10905075073242
gep16,00,2026-04-27,2026-05-09,gcrew,noaa_gefs,16,Rain_mm_sum,12,19.40000009536743
gep16,00,2026-04-27,2026-05-09,gcrew,noaa_gefs,16,ShortwaveRadiation_Wm2,12,75
gep16,00,2026-04-27,2026-05-09,gcrew,noaa_gefs,16,WindSpeed_ms_mean,12,5.098757673087844
gep16,00,2026-04-27,2026-05-10,gcrew,noaa_gefs,16,AirTemp_C_mean,13,13.901696777343773
gep16,00,2026-04-27,2026-05-10,gcrew,noaa_gefs,16,Pressure_Pa,13,101187.380859375
gep16,00,2026-04-27,2026-05-10,gcrew,noaa_gefs,16,RH_percent_mean,13,62.095730781555176
gep16,00,2026-04-27,2026-05-10,gcrew,noaa_gefs,16,Rain_mm_sum,13,0.10000000149011612
gep16,00,2026-04-27,2026-05-10,gcrew,noaa_gefs,16,ShortwaveRadiation_Wm2,13,344.5
gep16,00,2026-04-27,2026-05-10,gcrew,noaa_gefs,16,WindSpeed_ms_mean,13,4.143133742887205
gep16,00,2026-04-27,2026-05-11,gcrew,noaa_gefs,16,AirTemp_C_mean,14,15.09168395996096
gep16,00,2026-04-27,2026-05-11,gcrew,noaa_gefs,16,Pressure_Pa,14,102241.033203125
gep16,00,2026-04-27,2026-05-11,gcrew,noaa_gefs,16,RH_percent_mean,14,62.015602111816406
gep16,00,2026-04-27,2026-05-11,gcrew,noaa_gefs,16,Rain_mm_sum,14,0
gep16,00,2026-04-27,2026-05-11,gcrew,noaa_gefs,16,ShortwaveRadiation_Wm2,14,339.75
gep16,00,2026-04-27,2026-05-11,gcrew,noaa_gefs,16,WindSpeed_ms_mean,14,4.706386471173322
gep16,00,2026-04-27,2026-05-12,gcrew,noaa_gefs,16,AirTemp_C_mean,15,17.251084899902366
gep16,00,2026-04-27,2026-05-12,gcrew,noaa_gefs,16,Pressure_Pa,15,102263.9921875
gep16,00,2026-04-27,2026-05-12,gcrew,noaa_gefs,16,RH_percent_mean,15,75.52095794677734
gep16,00,2026-04-27,2026-05-12,gcrew,noaa_gefs,16,Rain_mm_sum,15,0
gep16,00,2026-04-27,2026-05-12,gcrew,noaa_gefs,16,ShortwaveRadiation_Wm2,15,336
gep16,00,2026-04-27,2026-05-12,gcrew,noaa_gefs,16,WindSpeed_ms_mean,15,7.010430330005118
gep16,00,2026-04-27,2026-05-13,gcrew,noaa_gefs,16,AirTemp_C_mean,16,19.49273834228518
gep16,00,2026-04-27,2026-05-13,gcrew,noaa_gefs,16,Pressure_Pa,16,101710.423828125
gep16,00,2026-04-27,2026-05-13,gcrew,noaa_gefs,16,RH_percent_mean,16,90.239959716796875
gep16,00,2026-04-27,2026-05-13,gcrew,noaa_gefs,16,Rain_mm_sum,16,2.800000049173832
gep16,00,2026-04-27,2026-05-13,gcrew,noaa_gefs,16,ShortwaveRadiation_Wm2,16,215.75
gep16,00,2026-04-27,2026-05-13,gcrew,noaa_gefs,16,WindSpeed_ms_mean,16,6.026004144410448
gep16,00,2026-04-27,2026-05-14,gcrew,noaa_gefs,16,AirTemp_C_mean,17,18.513650512695335
gep16,00,2026-04-27,2026-05-14,gcrew,noaa_gefs,16,Pressure_Pa,17,101608.88671875
gep16,00,2026-04-27,2026-05-14,gcrew,noaa_gefs,16,RH_percent_mean,17,86.30577850341797
gep16,00,2026-04-27,2026-05-14,gcrew,noaa_gefs,16,Rain_mm_sum,17,12.900000095367432
gep16,00,2026-04-27,2026-05-14,gcrew,noaa_gefs,16,ShortwaveRadiation_Wm2,17,185.75
gep16,00,2026-04-27,2026-05-14,gcrew,noaa_gefs,16,WindSpeed_ms_mean,17,4.270036840520563
gep16,00,2026-04-27,2026-05-15,gcrew,noaa_gefs,16,AirTemp_C_mean,18,15.910485839843773
gep16,00,2026-04-27,2026-05-15,gcrew,noaa_gefs,16,Pressure_Pa,18,102181.615234375
gep16,00,2026-04-27,2026-05-15,gcrew,noaa_gefs,16,RH_percent_mean,18,76.19487285614014
gep16,00,2026-04-27,2026-05-15,gcrew,noaa_gefs,16,Rain_mm_sum,18,0
gep16,00,2026-04-27,2026-05-15,gcrew,noaa_gefs,16,ShortwaveRadiation_Wm2,18,343.5
gep16,00,2026-04-27,2026-05-15,gcrew,noaa_gefs,16,WindSpeed_ms_mean,18,3.9490240974844317
gep16,00,2026-04-27,2026-05-16,gcrew,noaa_gefs,16,AirTemp_C_mean,19,20.577661132812523
gep16,00,2026-04-27,2026-05-16,gcrew,noaa_gefs,16,Pressure_Pa,19,101713.755859375
gep16,00,2026-04-27,2026-05-16,gcrew,noaa_gefs,16,RH_percent_mean,19,80.4810848236084
gep16,00,2026-04-27,2026-05-16,gcrew,noaa_gefs,16,Rain_mm_sum,19,1.1000000014901161
gep16,00,2026-04-27,2026-05-16,gcrew,noaa_gefs,16,ShortwaveRadiation_Wm2,19,322.75
gep16,00,2026-04-27,2026-05-16,gcrew,noaa_gefs,16,WindSpeed_ms_mean,19,4.781925626210346
gep16,00,2026-04-27,2026-05-17,gcrew,noaa_gefs,16,AirTemp_C_mean,20,22.937905883789085
gep16,00,2026-04-27,2026-05-17,gcrew,noaa_gefs,16,Pressure_Pa,20,101673.8359375
gep16,00,2026-04-27,2026-05-17,gcrew,noaa_gefs,16,RH_percent_mean,20,77.38579750061035
gep16,00,2026-04-27,2026-05-17,gcrew,noaa_gefs,16,Rain_mm_sum,20,4.300000049173832
gep16,00,2026-04-27,2026-05-17,gcrew,noaa_gefs,16,ShortwaveRadiation_Wm2,20,295.25
gep16,00,2026-04-27,2026-05-17,gcrew,noaa_gefs,16,WindSpeed_ms_mean,20,3.0308602990974056
gep16,00,2026-04-27,2026-05-18,gcrew,noaa_gefs,16,AirTemp_C_mean,21,24.01905212402346
gep16,00,2026-04-27,2026-05-18,gcrew,noaa_gefs,16,Pressure_Pa,21,101460.267578125
gep16,00,2026-04-27,2026-05-18,gcrew,noaa_gefs,16,RH_percent_mean,21,76.18959331512451
gep16,00,2026-04-27,2026-05-18,gcrew,noaa_gefs,16,Rain_mm_sum,21,16.80000078678131
gep16,00,2026-04-27,2026-05-18,gcrew,noaa_gefs,16,ShortwaveRadiation_Wm2,21,296
gep16,00,2026-04-27,2026-05-18,gcrew,noaa_gefs,16,WindSpeed_ms_mean,21,3.073193730264629
gep16,00,2026-04-27,2026-05-19,gcrew,noaa_gefs,16,AirTemp_C_mean,22,25.510980224609398
gep16,00,2026-04-27,2026-05-19,gcrew,noaa_gefs,16,Pressure_Pa,22,100955.107421875
gep16,00,2026-04-27,2026-05-19,gcrew,noaa_gefs,16,RH_percent_mean,22,70.90894889831543
gep16,00,2026-04-27,2026-05-19,gcrew,noaa_gefs,16,Rain_mm_sum,22,1.600000038743019
gep16,00,2026-04-27,2026-05-19,gcrew,noaa_gefs,16,ShortwaveRadiation_Wm2,22,224
gep16,00,2026-04-27,2026-05-19,gcrew,noaa_gefs,16,WindSpeed_ms_mean,22,2.4858541001805587
gep16,00,2026-04-27,2026-05-20,gcrew,noaa_gefs,16,AirTemp_C_mean,23,21.864289855957054
gep16,00,2026-04-27,2026-05-20,gcrew,noaa_gefs,16,Pressure_Pa,23,101018.095703125
gep16,00,2026-04-27,2026-05-20,gcrew,noaa_gefs,16,RH_percent_mean,23,67.23811626434326
gep16,00,2026-04-27,2026-05-20,gcrew,noaa_gefs,16,Rain_mm_sum,23,0.30000001192092896
gep16,00,2026-04-27,2026-05-20,gcrew,noaa_gefs,16,ShortwaveRadiation_Wm2,23,327.25
gep16,00,2026-04-27,2026-05-20,gcrew,noaa_gefs,16,WindSpeed_ms_mean,23,4.555111160571268
gep16,00,2026-04-27,2026-05-21,gcrew,noaa_gefs,16,AirTemp_C_mean,24,19.262673950195335
gep16,00,2026-04-27,2026-05-21,gcrew,noaa_gefs,16,Pressure_Pa,24,101705.2734375
gep16,00,2026-04-27,2026-05-21,gcrew,noaa_gefs,16,RH_percent_mean,24,62.426734924316406
gep16,00,2026-04-27,2026-05-21,gcrew,noaa_gefs,16,Rain_mm_sum,24,0
gep16,00,2026-04-27,2026-05-21,gcrew,noaa_gefs,16,ShortwaveRadiation_Wm2,24,345.75
gep16,00,2026-04-27,2026-05-21,gcrew,noaa_gefs,16,WindSpeed_ms_mean,24,2.407734619792761
gep16,00,2026-04-27,2026-05-22,gcrew,noaa_gefs,16,AirTemp_C_mean,25,19.581025695800804
gep16,00,2026-04-27,2026-05-22,gcrew,noaa_gefs,16,Pressure_Pa,25,101598.32421875
gep16,00,2026-04-27,2026-05-22,gcrew,noaa_gefs,16,RH_percent_mean,25,67.51792812347412
gep16,00,2026-04-27,2026-05-22,gcrew,noaa_gefs,16,Rain_mm_sum,25,0
gep16,00,2026-04-27,2026-05-22,gcrew,noaa_gefs,16,ShortwaveRadiation_Wm2,25,339.25
gep16,00,2026-04-27,2026-05-22,gcrew,noaa_gefs,16,WindSpeed_ms_mean,25,4.837275644483171
gep16,00,2026-04-27,2026-05-23,gcrew,noaa_gefs,16,AirTemp_C_mean,26,19.05195007324221
gep16,00,2026-04-27,2026-05-23,gcrew,noaa_gefs,16,Pressure_Pa,26,101465.875
gep16,00,2026-04-27,2026-05-23,gcrew,noaa_gefs,16,RH_percent_mean,26,65.91939640045166
gep16,00,2026-04-27,2026-05-23,gcrew,noaa_gefs,16,Rain_mm_sum,26,0
gep16,00,2026-04-27,2026-05-23,gcrew,noaa_gefs,16,ShortwaveRadiation_Wm2,26,342.25
gep16,00,2026-04-27,2026-05-23,gcrew,noaa_gefs,16,WindSpeed_ms_mean,26,3.9395944856956513
gep16,00,2026-04-27,2026-05-24,gcrew,noaa_gefs,16,AirTemp_C_mean,27,19.98945007324221
gep16,00,2026-04-27,2026-05-24,gcrew,noaa_gefs,16,Pressure_Pa,27,101342.990234375
gep16,00,2026-04-27,2026-05-24,gcrew,noaa_gefs,16,RH_percent_mean,27,67.63784408569336
gep16,00,2026-04-27,2026-05-24,gcrew,noaa_gefs,16,Rain_mm_sum,27,0
gep16,00,2026-04-27,2026-05-24,gcrew,noaa_gefs,16,ShortwaveRadiation_Wm2,27,291.25
gep16,00,2026-04-27,2026-05-24,gcrew,noaa_gefs,16,WindSpeed_ms_mean,27,1.8987633133925008
gep16,00,2026-04-27,2026-05-25,gcrew,noaa_gefs,16,AirTemp_C_mean,28,20.29615173339846
gep16,00,2026-04-27,2026-05-25,gcrew,noaa_gefs,16,Pressure_Pa,28,100799.01953125
gep16,00,2026-04-27,2026-05-25,gcrew,noaa_gefs,16,RH_percent_mean,28,68.97553539276123
gep16,00,2026-04-27,2026-05-25,gcrew,noaa_gefs,16,Rain_mm_sum,28,0
gep16,00,2026-04-27,2026-05-25,gcrew,noaa_gefs,16,ShortwaveRadiation_Wm2,28,309.75
gep16,00,2026-04-27,2026-05-25,gcrew,noaa_gefs,16,WindSpeed_ms_mean,28,3.282312133189652
gep16,00,2026-04-27,2026-05-26,gcrew,noaa_gefs,16,AirTemp_C_mean,29,23.21851501464846
gep16,00,2026-04-27,2026-05-26,gcrew,noaa_gefs,16,Pressure_Pa,29,100695.197265625
gep16,00,2026-04-27,2026-05-26,gcrew,noaa_gefs,16,RH_percent_mean,29,82.25054931640625
gep16,00,2026-04-27,2026-05-26,gcrew,noaa_gefs,16,Rain_mm_sum,29,4.899999916553497
gep16,00,2026-04-27,2026-05-26,gcrew,noaa_gefs,16,ShortwaveRadiation_Wm2,29,325.5
gep16,00,2026-04-27,2026-05-26,gcrew,noaa_gefs,16,WindSpeed_ms_mean,29,3.3496704517798257
gep16,00,2026-04-27,2026-05-27,gcrew,noaa_gefs,16,AirTemp_C_mean,30,21.77124176025393
gep16,00,2026-04-27,2026-05-27,gcrew,noaa_gefs,16,Pressure_Pa,30,101327.005859375
gep16,00,2026-04-27,2026-05-27,gcrew,noaa_gefs,16,RH_percent_mean,30,82.51387405395508
gep16,00,2026-04-27,2026-05-27,gcrew,noaa_gefs,16,Rain_mm_sum,30,0
gep16,00,2026-04-27,2026-05-27,gcrew,noaa_gefs,16,ShortwaveRadiation_Wm2,30,325.75
gep16,00,2026-04-27,2026-05-27,gcrew,noaa_gefs,16,WindSpeed_ms_mean,30,4.527820202533626
gep16,00,2026-04-27,2026-05-28,gcrew,noaa_gefs,16,AirTemp_C_mean,31,24.39227447509768
gep16,00,2026-04-27,2026-05-28,gcrew,noaa_gefs,16,Pressure_Pa,31,101159.59375
gep16,00,2026-04-27,2026-05-28,gcrew,noaa_gefs,16,RH_percent_mean,31,79.66389560699463
gep16,00,2026-04-27,2026-05-28,gcrew,noaa_gefs,16,Rain_mm_sum,31,2.9999999552965164
gep16,00,2026-04-27,2026-05-28,gcrew,noaa_gefs,16,ShortwaveRadiation_Wm2,31,332.5
gep16,00,2026-04-27,2026-05-28,gcrew,noaa_gefs,16,WindSpeed_ms_mean,31,3.941846018368561
gep16,00,2026-04-27,2026-05-29,gcrew,noaa_gefs,16,AirTemp_C_mean,32,23.499902343750023
gep16,00,2026-04-27,2026-05-29,gcrew,noaa_gefs,16,Pressure_Pa,32,101534.01171875
gep16,00,2026-04-27,2026-05-29,gcrew,noaa_gefs,16,RH_percent_mean,32,81.16684532165527
gep16,00,2026-04-27,2026-05-29,gcrew,noaa_gefs,16,Rain_mm_sum,32,3.3000000715255737
gep16,00,2026-04-27,2026-05-29,gcrew,noaa_gefs,16,ShortwaveRadiation_Wm2,32,322.75
gep16,00,2026-04-27,2026-05-29,gcrew,noaa_gefs,16,WindSpeed_ms_mean,32,3.215779983650272
gep16,00,2026-04-27,2026-05-30,gcrew,noaa_gefs,16,AirTemp_C_mean,33,25.719346618652366
gep16,00,2026-04-27,2026-05-30,gcrew,noaa_gefs,16,Pressure_Pa,33,101169.580078125
gep16,00,2026-04-27,2026-05-30,gcrew,noaa_gefs,16,RH_percent_mean,33,69.18948173522949
gep16,00,2026-04-27,2026-05-30,gcrew,noaa_gefs,16,Rain_mm_sum,33,5.900000095367432
gep16,00,2026-04-27,2026-05-30,gcrew,noaa_gefs,16,ShortwaveRadiation_Wm2,33,328
gep16,00,2026-04-27,2026-05-30,gcrew,noaa_gefs,16,WindSpeed_ms_mean,33,5.024491839967965
gep16,00,2026-04-27,2026-05-31,gcrew,noaa_gefs,16,AirTemp_C_mean,34,19.59900054931643
gep16,00,2026-04-27,2026-05-31,gcrew,noaa_gefs,16,Pressure_Pa,34,101853.44140625
gep16,00,2026-04-27,2026-05-31,gcrew,noaa_gefs,16,RH_percent_mean,34,62.48447799682617
gep16,00,2026-04-27,2026-05-31,gcrew,noaa_gefs,16,Rain_mm_sum,34,0
gep16,00,2026-04-27,2026-05-31,gcrew,noaa_gefs,16,ShortwaveRadiation_Wm2,34,360.25
gep16,00,2026-04-27,2026-05-31,gcrew,noaa_gefs,16,WindSpeed_ms_mean,34,4.692275223673417
gep17,00,2026-04-27,2026-04-28,gcrew,noaa_gefs,17,AirTemp_C_mean,1,11.579675292968773
gep17,00,2026-04-27,2026-04-28,gcrew,noaa_gefs,17,Pressure_Pa,1,101858.66796875
gep17,00,2026-04-27,2026-04-28,gcrew,noaa_gefs,17,RH_percent_mean,1,70.0107069015503
gep17,00,2026-04-27,2026-04-28,gcrew,noaa_gefs,17,Rain_mm_sum,1,2.1800000071525574
gep17,00,2026-04-27,2026-04-28,gcrew,noaa_gefs,17,ShortwaveRadiation_Wm2,1,182.375
gep17,00,2026-04-27,2026-04-28,gcrew,noaa_gefs,17,WindSpeed_ms_mean,1,3.144690806609595
gep17,00,2026-04-27,2026-04-29,gcrew,noaa_gefs,17,AirTemp_C_mean,2,13.038072204589866
gep17,00,2026-04-27,2026-04-29,gcrew,noaa_gefs,17,Pressure_Pa,2,100681.7392578125
gep17,00,2026-04-27,2026-04-29,gcrew,noaa_gefs,17,RH_percent_mean,2,79.37301731109619
gep17,00,2026-04-27,2026-04-29,gcrew,noaa_gefs,17,Rain_mm_sum,2,5.650000095367432
gep17,00,2026-04-27,2026-04-29,gcrew,noaa_gefs,17,ShortwaveRadiation_Wm2,2,123.125
gep17,00,2026-04-27,2026-04-29,gcrew,noaa_gefs,17,WindSpeed_ms_mean,2,6.751690838700274
gep17,00,2026-04-27,2026-04-30,gcrew,noaa_gefs,17,AirTemp_C_mean,3,12.374749755859398
gep17,00,2026-04-27,2026-04-30,gcrew,noaa_gefs,17,Pressure_Pa,3,100118.521484375
gep17,00,2026-04-27,2026-04-30,gcrew,noaa_gefs,17,RH_percent_mean,3,68.30331468582153
gep17,00,2026-04-27,2026-04-30,gcrew,noaa_gefs,17,Rain_mm_sum,3,2.200000047683716
gep17,00,2026-04-27,2026-04-30,gcrew,noaa_gefs,17,ShortwaveRadiation_Wm2,3,336.75
gep17,00,2026-04-27,2026-04-30,gcrew,noaa_gefs,17,WindSpeed_ms_mean,3,6.3404068339236375
gep17,00,2026-04-27,2026-05-01,gcrew,noaa_gefs,17,AirTemp_C_mean,4,11.863782501220726
gep17,00,2026-04-27,2026-05-01,gcrew,noaa_gefs,17,Pressure_Pa,4,100457.115234375
gep17,00,2026-04-27,2026-05-01,gcrew,noaa_gefs,17,RH_percent_mean,4,63.77413034439087
gep17,00,2026-04-27,2026-05-01,gcrew,noaa_gefs,17,Rain_mm_sum,4,0.14999999105930328
gep17,00,2026-04-27,2026-05-01,gcrew,noaa_gefs,17,ShortwaveRadiation_Wm2,4,305.75
gep17,00,2026-04-27,2026-05-01,gcrew,noaa_gefs,17,WindSpeed_ms_mean,4,4.420050426615207
gep17,00,2026-04-27,2026-05-02,gcrew,noaa_gefs,17,AirTemp_C_mean,5,9.424409484863304
gep17,00,2026-04-27,2026-05-02,gcrew,noaa_gefs,17,Pressure_Pa,5,100060.8115234375
gep17,00,2026-04-27,2026-05-02,gcrew,noaa_gefs,17,RH_percent_mean,5,85.62604904174805
gep17,00,2026-04-27,2026-05-02,gcrew,noaa_gefs,17,Rain_mm_sum,5,10.500000223517418
gep17,00,2026-04-27,2026-05-02,gcrew,noaa_gefs,17,ShortwaveRadiation_Wm2,5,49.625
gep17,00,2026-04-27,2026-05-02,gcrew,noaa_gefs,17,WindSpeed_ms_mean,5,6.559776809952508
gep17,00,2026-04-27,2026-05-03,gcrew,noaa_gefs,17,AirTemp_C_mean,6,10.825589752197288
gep17,00,2026-04-27,2026-05-03,gcrew,noaa_gefs,17,Pressure_Pa,6,100683.826171875
gep17,00,2026-04-27,2026-05-03,gcrew,noaa_gefs,17,RH_percent_mean,6,70.58711957931519
gep17,00,2026-04-27,2026-05-03,gcrew,noaa_gefs,17,Rain_mm_sum,6,2.5999999791383743
gep17,00,2026-04-27,2026-05-03,gcrew,noaa_gefs,17,ShortwaveRadiation_Wm2,6,228.625
gep17,00,2026-04-27,2026-05-03,gcrew,noaa_gefs,17,WindSpeed_ms_mean,6,6.259846307795703
gep17,00,2026-04-27,2026-05-04,gcrew,noaa_gefs,17,AirTemp_C_mean,7,12.645486450195335
gep17,00,2026-04-27,2026-05-04,gcrew,noaa_gefs,17,Pressure_Pa,7,101078.326171875
gep17,00,2026-04-27,2026-05-04,gcrew,noaa_gefs,17,RH_percent_mean,7,65.15876054763794
gep17,00,2026-04-27,2026-05-04,gcrew,noaa_gefs,17,Rain_mm_sum,7,0
gep17,00,2026-04-27,2026-05-04,gcrew,noaa_gefs,17,ShortwaveRadiation_Wm2,7,330.375
gep17,00,2026-04-27,2026-05-04,gcrew,noaa_gefs,17,WindSpeed_ms_mean,7,4.1287794168947265
gep17,00,2026-04-27,2026-05-05,gcrew,noaa_gefs,17,AirTemp_C_mean,8,13.514123535156273
gep17,00,2026-04-27,2026-05-05,gcrew,noaa_gefs,17,Pressure_Pa,8,100674.3935546875
gep17,00,2026-04-27,2026-05-05,gcrew,noaa_gefs,17,RH_percent_mean,8,77.96095371246338
gep17,00,2026-04-27,2026-05-05,gcrew,noaa_gefs,17,Rain_mm_sum,8,6.429999984800816
gep17,00,2026-04-27,2026-05-05,gcrew,noaa_gefs,17,ShortwaveRadiation_Wm2,8,102.75
gep17,00,2026-04-27,2026-05-05,gcrew,noaa_gefs,17,WindSpeed_ms_mean,8,3.340704722164043
gep17,00,2026-04-27,2026-05-06,gcrew,noaa_gefs,17,AirTemp_C_mean,9,14.66842476981029
gep17,00,2026-04-27,2026-05-06,gcrew,noaa_gefs,17,Pressure_Pa,9,100426.58035714286
gep17,00,2026-04-27,2026-05-06,gcrew,noaa_gefs,17,RH_percent_mean,9,74.78257206508091
gep17,00,2026-04-27,2026-05-06,gcrew,noaa_gefs,17,Rain_mm_sum,9,2.800000049173832
gep17,00,2026-04-27,2026-05-06,gcrew,noaa_gefs,17,ShortwaveRadiation_Wm2,9,226.57142857142858
gep17,00,2026-04-27,2026-05-06,gcrew,noaa_gefs,17,WindSpeed_ms_mean,9,2.962092818850805
gep17,00,2026-04-27,2026-05-07,gcrew,noaa_gefs,17,AirTemp_C_mean,10,13.210267639160179
gep17,00,2026-04-27,2026-05-07,gcrew,noaa_gefs,17,Pressure_Pa,10,100801.388671875
gep17,00,2026-04-27,2026-05-07,gcrew,noaa_gefs,17,RH_percent_mean,10,64.8941125869751
gep17,00,2026-04-27,2026-05-07,gcrew,noaa_gefs,17,Rain_mm_sum,10,0
gep17,00,2026-04-27,2026-05-07,gcrew,noaa_gefs,17,ShortwaveRadiation_Wm2,10,333.25
gep17,00,2026-04-27,2026-05-07,gcrew,noaa_gefs,17,WindSpeed_ms_mean,10,5.7470248717601695
gep17,00,2026-04-27,2026-05-08,gcrew,noaa_gefs,17,AirTemp_C_mean,11,14.233064270019554
gep17,00,2026-04-27,2026-05-08,gcrew,noaa_gefs,17,Pressure_Pa,11,100949.1875
gep17,00,2026-04-27,2026-05-08,gcrew,noaa_gefs,17,RH_percent_mean,11,63.45889949798584
gep17,00,2026-04-27,2026-05-08,gcrew,noaa_gefs,17,Rain_mm_sum,11,0
gep17,00,2026-04-27,2026-05-08,gcrew,noaa_gefs,17,ShortwaveRadiation_Wm2,11,323.25
gep17,00,2026-04-27,2026-05-08,gcrew,noaa_gefs,17,WindSpeed_ms_mean,11,4.1680753706171
gep17,00,2026-04-27,2026-05-09,gcrew,noaa_gefs,17,AirTemp_C_mean,12,16.69899139404299
gep17,00,2026-04-27,2026-05-09,gcrew,noaa_gefs,17,Pressure_Pa,12,99939.416015625
gep17,00,2026-04-27,2026-05-09,gcrew,noaa_gefs,17,RH_percent_mean,12,93.10905075073242
gep17,00,2026-04-27,2026-05-09,gcrew,noaa_gefs,17,Rain_mm_sum,12,19.40000009536743
gep17,00,2026-04-27,2026-05-09,gcrew,noaa_gefs,17,ShortwaveRadiation_Wm2,12,75
gep17,00,2026-04-27,2026-05-09,gcrew,noaa_gefs,17,WindSpeed_ms_mean,12,5.098757673087844
gep17,00,2026-04-27,2026-05-10,gcrew,noaa_gefs,17,AirTemp_C_mean,13,13.901696777343773
gep17,00,2026-04-27,2026-05-10,gcrew,noaa_gefs,17,Pressure_Pa,13,101187.380859375
gep17,00,2026-04-27,2026-05-10,gcrew,noaa_gefs,17,RH_percent_mean,13,62.095730781555176
gep17,00,2026-04-27,2026-05-10,gcrew,noaa_gefs,17,Rain_mm_sum,13,0.10000000149011612
gep17,00,2026-04-27,2026-05-10,gcrew,noaa_gefs,17,ShortwaveRadiation_Wm2,13,344.5
gep17,00,2026-04-27,2026-05-10,gcrew,noaa_gefs,17,WindSpeed_ms_mean,13,4.143133742887205
gep17,00,2026-04-27,2026-05-11,gcrew,noaa_gefs,17,AirTemp_C_mean,14,15.09168395996096
gep17,00,2026-04-27,2026-05-11,gcrew,noaa_gefs,17,Pressure_Pa,14,102241.033203125
gep17,00,2026-04-27,2026-05-11,gcrew,noaa_gefs,17,RH_percent_mean,14,62.015602111816406
gep17,00,2026-04-27,2026-05-11,gcrew,noaa_gefs,17,Rain_mm_sum,14,0
gep17,00,2026-04-27,2026-05-11,gcrew,noaa_gefs,17,ShortwaveRadiation_Wm2,14,339.75
gep17,00,2026-04-27,2026-05-11,gcrew,noaa_gefs,17,WindSpeed_ms_mean,14,4.706386471173322
gep17,00,2026-04-27,2026-05-12,gcrew,noaa_gefs,17,AirTemp_C_mean,15,17.251084899902366
gep17,00,2026-04-27,2026-05-12,gcrew,noaa_gefs,17,Pressure_Pa,15,102263.9921875
gep17,00,2026-04-27,2026-05-12,gcrew,noaa_gefs,17,RH_percent_mean,15,75.52095794677734
gep17,00,2026-04-27,2026-05-12,gcrew,noaa_gefs,17,Rain_mm_sum,15,0
gep17,00,2026-04-27,2026-05-12,gcrew,noaa_gefs,17,ShortwaveRadiation_Wm2,15,336
gep17,00,2026-04-27,2026-05-12,gcrew,noaa_gefs,17,WindSpeed_ms_mean,15,7.010430330005118
gep17,00,2026-04-27,2026-05-13,gcrew,noaa_gefs,17,AirTemp_C_mean,16,19.49273834228518
gep17,00,2026-04-27,2026-05-13,gcrew,noaa_gefs,17,Pressure_Pa,16,101710.423828125
gep17,00,2026-04-27,2026-05-13,gcrew,noaa_gefs,17,RH_percent_mean,16,90.239959716796875
gep17,00,2026-04-27,2026-05-13,gcrew,noaa_gefs,17,Rain_mm_sum,16,2.800000049173832
gep17,00,2026-04-27,2026-05-13,gcrew,noaa_gefs,17,ShortwaveRadiation_Wm2,16,215.75
gep17,00,2026-04-27,2026-05-13,gcrew,noaa_gefs,17,WindSpeed_ms_mean,16,6.026004144410448
gep17,00,2026-04-27,2026-05-14,gcrew,noaa_gefs,17,AirTemp_C_mean,17,18.513650512695335
gep17,00,2026-04-27,2026-05-14,gcrew,noaa_gefs,17,Pressure_Pa,17,101608.88671875
gep17,00,2026-04-27,2026-05-14,gcrew,noaa_gefs,17,RH_percent_mean,17,86.30577850341797
gep17,00,2026-04-27,2026-05-14,gcrew,noaa_gefs,17,Rain_mm_sum,17,12.900000095367432
gep17,00,2026-04-27,2026-05-14,gcrew,noaa_gefs,17,ShortwaveRadiation_Wm2,17,185.75
gep17,00,2026-04-27,2026-05-14,gcrew,noaa_gefs,17,WindSpeed_ms_mean,17,4.270036840520563
gep17,00,2026-04-27,2026-05-15,gcrew,noaa_gefs,17,AirTemp_C_mean,18,15.910485839843773
gep17,00,2026-04-27,2026-05-15,gcrew,noaa_gefs,17,Pressure_Pa,18,102181.615234375
gep17,00,2026-04-27,2026-05-15,gcrew,noaa_gefs,17,RH_percent_mean,18,76.19487285614014
gep17,00,2026-04-27,2026-05-15,gcrew,noaa_gefs,17,Rain_mm_sum,18,0
gep17,00,2026-04-27,2026-05-15,gcrew,noaa_gefs,17,ShortwaveRadiation_Wm2,18,343.5
gep17,00,2026-04-27,2026-05-15,gcrew,noaa_gefs,17,WindSpeed_ms_mean,18,3.9490240974844317
gep17,00,2026-04-27,2026-05-16,gcrew,noaa_gefs,17,AirTemp_C_mean,19,20.577661132812523
gep17,00,2026-04-27,2026-05-16,gcrew,noaa_gefs,17,Pressure_Pa,19,101713.755859375
gep17,00,2026-04-27,2026-05-16,gcrew,noaa_gefs,17,RH_percent_mean,19,80.4810848236084
gep17,00,2026-04-27,2026-05-16,gcrew,noaa_gefs,17,Rain_mm_sum,19,1.1000000014901161
gep17,00,2026-04-27,2026-05-16,gcrew,noaa_gefs,17,ShortwaveRadiation_Wm2,19,322.75
gep17,00,2026-04-27,2026-05-16,gcrew,noaa_gefs,17,WindSpeed_ms_mean,19,4.781925626210346
gep17,00,2026-04-27,2026-05-17,gcrew,noaa_gefs,17,AirTemp_C_mean,20,22.937905883789085
gep17,00,2026-04-27,2026-05-17,gcrew,noaa_gefs,17,Pressure_Pa,20,101673.8359375
gep17,00,2026-04-27,2026-05-17,gcrew,noaa_gefs,17,RH_percent_mean,20,77.38579750061035
gep17,00,2026-04-27,2026-05-17,gcrew,noaa_gefs,17,Rain_mm_sum,20,4.300000049173832
gep17,00,2026-04-27,2026-05-17,gcrew,noaa_gefs,17,ShortwaveRadiation_Wm2,20,295.25
gep17,00,2026-04-27,2026-05-17,gcrew,noaa_gefs,17,WindSpeed_ms_mean,20,3.0308602990974056
gep17,00,2026-04-27,2026-05-18,gcrew,noaa_gefs,17,AirTemp_C_mean,21,24.01905212402346
gep17,00,2026-04-27,2026-05-18,gcrew,noaa_gefs,17,Pressure_Pa,21,101460.267578125
gep17,00,2026-04-27,2026-05-18,gcrew,noaa_gefs,17,RH_percent_mean,21,76.18959331512451
gep17,00,2026-04-27,2026-05-18,gcrew,noaa_gefs,17,Rain_mm_sum,21,16.80000078678131
gep17,00,2026-04-27,2026-05-18,gcrew,noaa_gefs,17,ShortwaveRadiation_Wm2,21,296
gep17,00,2026-04-27,2026-05-18,gcrew,noaa_gefs,17,WindSpeed_ms_mean,21,3.073193730264629
gep17,00,2026-04-27,2026-05-19,gcrew,noaa_gefs,17,AirTemp_C_mean,22,25.510980224609398
gep17,00,2026-04-27,2026-05-19,gcrew,noaa_gefs,17,Pressure_Pa,22,100955.107421875
gep17,00,2026-04-27,2026-05-19,gcrew,noaa_gefs,17,RH_percent_mean,22,70.90894889831543
gep17,00,2026-04-27,2026-05-19,gcrew,noaa_gefs,17,Rain_mm_sum,22,1.600000038743019
gep17,00,2026-04-27,2026-05-19,gcrew,noaa_gefs,17,ShortwaveRadiation_Wm2,22,224
gep17,00,2026-04-27,2026-05-19,gcrew,noaa_gefs,17,WindSpeed_ms_mean,22,2.4858541001805587
gep17,00,2026-04-27,2026-05-20,gcrew,noaa_gefs,17,AirTemp_C_mean,23,21.864289855957054
gep17,00,2026-04-27,2026-05-20,gcrew,noaa_gefs,17,Pressure_Pa,23,101018.095703125
gep17,00,2026-04-27,2026-05-20,gcrew,noaa_gefs,17,RH_percent_mean,23,67.23811626434326
gep17,00,2026-04-27,2026-05-20,gcrew,noaa_gefs,17,Rain_mm_sum,23,0.30000001192092896
gep17,00,2026-04-27,2026-05-20,gcrew,noaa_gefs,17,ShortwaveRadiation_Wm2,23,327.25
gep17,00,2026-04-27,2026-05-20,gcrew,noaa_gefs,17,WindSpeed_ms_mean,23,4.555111160571268
gep17,00,2026-04-27,2026-05-21,gcrew,noaa_gefs,17,AirTemp_C_mean,24,19.262673950195335
gep17,00,2026-04-27,2026-05-21,gcrew,noaa_gefs,17,Pressure_Pa,24,101705.2734375
gep17,00,2026-04-27,2026-05-21,gcrew,noaa_gefs,17,RH_percent_mean,24,62.426734924316406
gep17,00,2026-04-27,2026-05-21,gcrew,noaa_gefs,17,Rain_mm_sum,24,0
gep17,00,2026-04-27,2026-05-21,gcrew,noaa_gefs,17,ShortwaveRadiation_Wm2,24,345.75
gep17,00,2026-04-27,2026-05-21,gcrew,noaa_gefs,17,WindSpeed_ms_mean,24,2.407734619792761
gep17,00,2026-04-27,2026-05-22,gcrew,noaa_gefs,17,AirTemp_C_mean,25,19.581025695800804
gep17,00,2026-04-27,2026-05-22,gcrew,noaa_gefs,17,Pressure_Pa,25,101598.32421875
gep17,00,2026-04-27,2026-05-22,gcrew,noaa_gefs,17,RH_percent_mean,25,67.51792812347412
gep17,00,2026-04-27,2026-05-22,gcrew,noaa_gefs,17,Rain_mm_sum,25,0
gep17,00,2026-04-27,2026-05-22,gcrew,noaa_gefs,17,ShortwaveRadiation_Wm2,25,339.25
gep17,00,2026-04-27,2026-05-22,gcrew,noaa_gefs,17,WindSpeed_ms_mean,25,4.837275644483171
gep17,00,2026-04-27,2026-05-23,gcrew,noaa_gefs,17,AirTemp_C_mean,26,19.05195007324221
gep17,00,2026-04-27,2026-05-23,gcrew,noaa_gefs,17,Pressure_Pa,26,101465.875
gep17,00,2026-04-27,2026-05-23,gcrew,noaa_gefs,17,RH_percent_mean,26,65.91939640045166
gep17,00,2026-04-27,2026-05-23,gcrew,noaa_gefs,17,Rain_mm_sum,26,0
gep17,00,2026-04-27,2026-05-23,gcrew,noaa_gefs,17,ShortwaveRadiation_Wm2,26,342.25
gep17,00,2026-04-27,2026-05-23,gcrew,noaa_gefs,17,WindSpeed_ms_mean,26,3.9395944856956513
gep17,00,2026-04-27,2026-05-24,gcrew,noaa_gefs,17,AirTemp_C_mean,27,19.98945007324221
gep17,00,2026-04-27,2026-05-24,gcrew,noaa_gefs,17,Pressure_Pa,27,101342.990234375
gep17,00,2026-04-27,2026-05-24,gcrew,noaa_gefs,17,RH_percent_mean,27,67.63784408569336
gep17,00,2026-04-27,2026-05-24,gcrew,noaa_gefs,17,Rain_mm_sum,27,0
gep17,00,2026-04-27,2026-05-24,gcrew,noaa_gefs,17,ShortwaveRadiation_Wm2,27,291.25
gep17,00,2026-04-27,2026-05-24,gcrew,noaa_gefs,17,WindSpeed_ms_mean,27,1.8987633133925008
gep17,00,2026-04-27,2026-05-25,gcrew,noaa_gefs,17,AirTemp_C_mean,28,20.29615173339846
gep17,00,2026-04-27,2026-05-25,gcrew,noaa_gefs,17,Pressure_Pa,28,100799.01953125
gep17,00,2026-04-27,2026-05-25,gcrew,noaa_gefs,17,RH_percent_mean,28,68.97553539276123
gep17,00,2026-04-27,2026-05-25,gcrew,noaa_gefs,17,Rain_mm_sum,28,0
gep17,00,2026-04-27,2026-05-25,gcrew,noaa_gefs,17,ShortwaveRadiation_Wm2,28,309.75
gep17,00,2026-04-27,2026-05-25,gcrew,noaa_gefs,17,WindSpeed_ms_mean,28,3.282312133189652
gep17,00,2026-04-27,2026-05-26,gcrew,noaa_gefs,17,AirTemp_C_mean,29,23.21851501464846
gep17,00,2026-04-27,2026-05-26,gcrew,noaa_gefs,17,Pressure_Pa,29,100695.197265625
gep17,00,2026-04-27,2026-05-26,gcrew,noaa_gefs,17,RH_percent_mean,29,82.25054931640625
gep17,00,2026-04-27,2026-05-26,gcrew,noaa_gefs,17,Rain_mm_sum,29,4.899999916553497
gep17,00,2026-04-27,2026-05-26,gcrew,noaa_gefs,17,ShortwaveRadiation_Wm2,29,325.5
gep17,00,2026-04-27,2026-05-26,gcrew,noaa_gefs,17,WindSpeed_ms_mean,29,3.3496704517798257
gep17,00,2026-04-27,2026-05-27,gcrew,noaa_gefs,17,AirTemp_C_mean,30,21.77124176025393
gep17,00,2026-04-27,2026-05-27,gcrew,noaa_gefs,17,Pressure_Pa,30,101327.005859375
gep17,00,2026-04-27,2026-05-27,gcrew,noaa_gefs,17,RH_percent_mean,30,82.51387405395508
gep17,00,2026-04-27,2026-05-27,gcrew,noaa_gefs,17,Rain_mm_sum,30,0
gep17,00,2026-04-27,2026-05-27,gcrew,noaa_gefs,17,ShortwaveRadiation_Wm2,30,325.75
gep17,00,2026-04-27,2026-05-27,gcrew,noaa_gefs,17,WindSpeed_ms_mean,30,4.527820202533626
gep17,00,2026-04-27,2026-05-28,gcrew,noaa_gefs,17,AirTemp_C_mean,31,24.39227447509768
gep17,00,2026-04-27,2026-05-28,gcrew,noaa_gefs,17,Pressure_Pa,31,101159.59375
gep17,00,2026-04-27,2026-05-28,gcrew,noaa_gefs,17,RH_percent_mean,31,79.66389560699463
gep17,00,2026-04-27,2026-05-28,gcrew,noaa_gefs,17,Rain_mm_sum,31,2.9999999552965164
gep17,00,2026-04-27,2026-05-28,gcrew,noaa_gefs,17,ShortwaveRadiation_Wm2,31,332.5
gep17,00,2026-04-27,2026-05-28,gcrew,noaa_gefs,17,WindSpeed_ms_mean,31,3.941846018368561
gep17,00,2026-04-27,2026-05-29,gcrew,noaa_gefs,17,AirTemp_C_mean,32,23.499902343750023
gep17,00,2026-04-27,2026-05-29,gcrew,noaa_gefs,17,Pressure_Pa,32,101534.01171875
gep17,00,2026-04-27,2026-05-29,gcrew,noaa_gefs,17,RH_percent_mean,32,81.16684532165527
gep17,00,2026-04-27,2026-05-29,gcrew,noaa_gefs,17,Rain_mm_sum,32,3.3000000715255737
gep17,00,2026-04-27,2026-05-29,gcrew,noaa_gefs,17,ShortwaveRadiation_Wm2,32,322.75
gep17,00,2026-04-27,2026-05-29,gcrew,noaa_gefs,17,WindSpeed_ms_mean,32,3.215779983650272
gep17,00,2026-04-27,2026-05-30,gcrew,noaa_gefs,17,AirTemp_C_mean,33,25.719346618652366
gep17,00,2026-04-27,2026-05-30,gcrew,noaa_gefs,17,Pressure_Pa,33,101169.580078125
gep17,00,2026-04-27,2026-05-30,gcrew,noaa_gefs,17,RH_percent_mean,33,69.18948173522949
gep17,00,2026-04-27,2026-05-30,gcrew,noaa_gefs,17,Rain_mm_sum,33,5.900000095367432
gep17,00,2026-04-27,2026-05-30,gcrew,noaa_gefs,17,ShortwaveRadiation_Wm2,33,328
gep17,00,2026-04-27,2026-05-30,gcrew,noaa_gefs,17,WindSpeed_ms_mean,33,5.024491839967965
gep17,00,2026-04-27,2026-05-31,gcrew,noaa_gefs,17,AirTemp_C_mean,34,19.59900054931643
gep17,00,2026-04-27,2026-05-31,gcrew,noaa_gefs,17,Pressure_Pa,34,101853.44140625
gep17,00,2026-04-27,2026-05-31,gcrew,noaa_gefs,17,RH_percent_mean,34,62.48447799682617
gep17,00,2026-04-27,2026-05-31,gcrew,noaa_gefs,17,Rain_mm_sum,34,0
gep17,00,2026-04-27,2026-05-31,gcrew,noaa_gefs,17,ShortwaveRadiation_Wm2,34,360.25
gep17,00,2026-04-27,2026-05-31,gcrew,noaa_gefs,17,WindSpeed_ms_mean,34,4.692275223673417
gep18,00,2026-04-27,2026-04-28,gcrew,noaa_gefs,18,AirTemp_C_mean,1,11.579675292968773
gep18,00,2026-04-27,2026-04-28,gcrew,noaa_gefs,18,Pressure_Pa,1,101858.66796875
gep18,00,2026-04-27,2026-04-28,gcrew,noaa_gefs,18,RH_percent_mean,1,70.0107069015503
gep18,00,2026-04-27,2026-04-28,gcrew,noaa_gefs,18,Rain_mm_sum,1,2.1800000071525574
gep18,00,2026-04-27,2026-04-28,gcrew,noaa_gefs,18,ShortwaveRadiation_Wm2,1,182.375
gep18,00,2026-04-27,2026-04-28,gcrew,noaa_gefs,18,WindSpeed_ms_mean,1,3.144690806609595
gep18,00,2026-04-27,2026-04-29,gcrew,noaa_gefs,18,AirTemp_C_mean,2,13.038072204589866
gep18,00,2026-04-27,2026-04-29,gcrew,noaa_gefs,18,Pressure_Pa,2,100681.7392578125
gep18,00,2026-04-27,2026-04-29,gcrew,noaa_gefs,18,RH_percent_mean,2,79.37301731109619
gep18,00,2026-04-27,2026-04-29,gcrew,noaa_gefs,18,Rain_mm_sum,2,5.650000095367432
gep18,00,2026-04-27,2026-04-29,gcrew,noaa_gefs,18,ShortwaveRadiation_Wm2,2,123.125
gep18,00,2026-04-27,2026-04-29,gcrew,noaa_gefs,18,WindSpeed_ms_mean,2,6.751690838700274
gep18,00,2026-04-27,2026-04-30,gcrew,noaa_gefs,18,AirTemp_C_mean,3,12.374749755859398
gep18,00,2026-04-27,2026-04-30,gcrew,noaa_gefs,18,Pressure_Pa,3,100118.521484375
gep18,00,2026-04-27,2026-04-30,gcrew,noaa_gefs,18,RH_percent_mean,3,68.30331468582153
gep18,00,2026-04-27,2026-04-30,gcrew,noaa_gefs,18,Rain_mm_sum,3,2.200000047683716
gep18,00,2026-04-27,2026-04-30,gcrew,noaa_gefs,18,ShortwaveRadiation_Wm2,3,336.75
gep18,00,2026-04-27,2026-04-30,gcrew,noaa_gefs,18,WindSpeed_ms_mean,3,6.3404068339236375
gep18,00,2026-04-27,2026-05-01,gcrew,noaa_gefs,18,AirTemp_C_mean,4,11.863782501220726
gep18,00,2026-04-27,2026-05-01,gcrew,noaa_gefs,18,Pressure_Pa,4,100457.115234375
gep18,00,2026-04-27,2026-05-01,gcrew,noaa_gefs,18,RH_percent_mean,4,63.77413034439087
gep18,00,2026-04-27,2026-05-01,gcrew,noaa_gefs,18,Rain_mm_sum,4,0.14999999105930328
gep18,00,2026-04-27,2026-05-01,gcrew,noaa_gefs,18,ShortwaveRadiation_Wm2,4,305.75
gep18,00,2026-04-27,2026-05-01,gcrew,noaa_gefs,18,WindSpeed_ms_mean,4,4.420050426615207
gep18,00,2026-04-27,2026-05-02,gcrew,noaa_gefs,18,AirTemp_C_mean,5,9.424409484863304
gep18,00,2026-04-27,2026-05-02,gcrew,noaa_gefs,18,Pressure_Pa,5,100060.8115234375
gep18,00,2026-04-27,2026-05-02,gcrew,noaa_gefs,18,RH_percent_mean,5,85.62604904174805
gep18,00,2026-04-27,2026-05-02,gcrew,noaa_gefs,18,Rain_mm_sum,5,10.500000223517418
gep18,00,2026-04-27,2026-05-02,gcrew,noaa_gefs,18,ShortwaveRadiation_Wm2,5,49.625
gep18,00,2026-04-27,2026-05-02,gcrew,noaa_gefs,18,WindSpeed_ms_mean,5,6.559776809952508
gep18,00,2026-04-27,2026-05-03,gcrew,noaa_gefs,18,AirTemp_C_mean,6,10.825589752197288
gep18,00,2026-04-27,2026-05-03,gcrew,noaa_gefs,18,Pressure_Pa,6,100683.826171875
gep18,00,2026-04-27,2026-05-03,gcrew,noaa_gefs,18,RH_percent_mean,6,70.58711957931519
gep18,00,2026-04-27,2026-05-03,gcrew,noaa_gefs,18,Rain_mm_sum,6,2.5999999791383743
gep18,00,2026-04-27,2026-05-03,gcrew,noaa_gefs,18,ShortwaveRadiation_Wm2,6,228.625
gep18,00,2026-04-27,2026-05-03,gcrew,noaa_gefs,18,WindSpeed_ms_mean,6,6.259846307795703
gep18,00,2026-04-27,2026-05-04,gcrew,noaa_gefs,18,AirTemp_C_mean,7,12.645486450195335
gep18,00,2026-04-27,2026-05-04,gcrew,noaa_gefs,18,Pressure_Pa,7,101078.326171875
gep18,00,2026-04-27,2026-05-04,gcrew,noaa_gefs,18,RH_percent_mean,7,65.15876054763794
gep18,00,2026-04-27,2026-05-04,gcrew,noaa_gefs,18,Rain_mm_sum,7,0
gep18,00,2026-04-27,2026-05-04,gcrew,noaa_gefs,18,ShortwaveRadiation_Wm2,7,330.375
gep18,00,2026-04-27,2026-05-04,gcrew,noaa_gefs,18,WindSpeed_ms_mean,7,4.1287794168947265
gep18,00,2026-04-27,2026-05-05,gcrew,noaa_gefs,18,AirTemp_C_mean,8,13.514123535156273
gep18,00,2026-04-27,2026-05-05,gcrew,noaa_gefs,18,Pressure_Pa,8,100674.3935546875
gep18,00,2026-04-27,2026-05-05,gcrew,noaa_gefs,18,RH_percent_mean,8,77.96095371246338
gep18,00,2026-04-27,2026-05-05,gcrew,noaa_gefs,18,Rain_mm_sum,8,6.429999984800816
gep18,00,2026-04-27,2026-05-05,gcrew,noaa_gefs,18,ShortwaveRadiation_Wm2,8,102.75
gep18,00,2026-04-27,2026-05-05,gcrew,noaa_gefs,18,WindSpeed_ms_mean,8,3.340704722164043
gep18,00,2026-04-27,2026-05-06,gcrew,noaa_gefs,18,AirTemp_C_mean,9,14.66842476981029
gep18,00,2026-04-27,2026-05-06,gcrew,noaa_gefs,18,Pressure_Pa,9,100426.58035714286
gep18,00,2026-04-27,2026-05-06,gcrew,noaa_gefs,18,RH_percent_mean,9,74.78257206508091
gep18,00,2026-04-27,2026-05-06,gcrew,noaa_gefs,18,Rain_mm_sum,9,2.800000049173832
gep18,00,2026-04-27,2026-05-06,gcrew,noaa_gefs,18,ShortwaveRadiation_Wm2,9,226.57142857142858
gep18,00,2026-04-27,2026-05-06,gcrew,noaa_gefs,18,WindSpeed_ms_mean,9,2.962092818850805
gep18,00,2026-04-27,2026-05-07,gcrew,noaa_gefs,18,AirTemp_C_mean,10,13.210267639160179
gep18,00,2026-04-27,2026-05-07,gcrew,noaa_gefs,18,Pressure_Pa,10,100801.388671875
gep18,00,2026-04-27,2026-05-07,gcrew,noaa_gefs,18,RH_percent_mean,10,64.8941125869751
gep18,00,2026-04-27,2026-05-07,gcrew,noaa_gefs,18,Rain_mm_sum,10,0
gep18,00,2026-04-27,2026-05-07,gcrew,noaa_gefs,18,ShortwaveRadiation_Wm2,10,333.25
gep18,00,2026-04-27,2026-05-07,gcrew,noaa_gefs,18,WindSpeed_ms_mean,10,5.7470248717601695
gep18,00,2026-04-27,2026-05-08,gcrew,noaa_gefs,18,AirTemp_C_mean,11,14.233064270019554
gep18,00,2026-04-27,2026-05-08,gcrew,noaa_gefs,18,Pressure_Pa,11,100949.1875
gep18,00,2026-04-27,2026-05-08,gcrew,noaa_gefs,18,RH_percent_mean,11,63.45889949798584
gep18,00,2026-04-27,2026-05-08,gcrew,noaa_gefs,18,Rain_mm_sum,11,0
gep18,00,2026-04-27,2026-05-08,gcrew,noaa_gefs,18,ShortwaveRadiation_Wm2,11,323.25
gep18,00,2026-04-27,2026-05-08,gcrew,noaa_gefs,18,WindSpeed_ms_mean,11,4.1680753706171
gep18,00,2026-04-27,2026-05-09,gcrew,noaa_gefs,18,AirTemp_C_mean,12,16.69899139404299
gep18,00,2026-04-27,2026-05-09,gcrew,noaa_gefs,18,Pressure_Pa,12,99939.416015625
gep18,00,2026-04-27,2026-05-09,gcrew,noaa_gefs,18,RH_percent_mean,12,93.10905075073242
gep18,00,2026-04-27,2026-05-09,gcrew,noaa_gefs,18,Rain_mm_sum,12,19.40000009536743
gep18,00,2026-04-27,2026-05-09,gcrew,noaa_gefs,18,ShortwaveRadiation_Wm2,12,75
gep18,00,2026-04-27,2026-05-09,gcrew,noaa_gefs,18,WindSpeed_ms_mean,12,5.098757673087844
gep18,00,2026-04-27,2026-05-10,gcrew,noaa_gefs,18,AirTemp_C_mean,13,13.901696777343773
gep18,00,2026-04-27,2026-05-10,gcrew,noaa_gefs,18,Pressure_Pa,13,101187.380859375
gep18,00,2026-04-27,2026-05-10,gcrew,noaa_gefs,18,RH_percent_mean,13,62.095730781555176
gep18,00,2026-04-27,2026-05-10,gcrew,noaa_gefs,18,Rain_mm_sum,13,0.10000000149011612
gep18,00,2026-04-27,2026-05-10,gcrew,noaa_gefs,18,ShortwaveRadiation_Wm2,13,344.5
gep18,00,2026-04-27,2026-05-10,gcrew,noaa_gefs,18,WindSpeed_ms_mean,13,4.143133742887205
gep18,00,2026-04-27,2026-05-11,gcrew,noaa_gefs,18,AirTemp_C_mean,14,15.09168395996096
gep18,00,2026-04-27,2026-05-11,gcrew,noaa_gefs,18,Pressure_Pa,14,102241.033203125
gep18,00,2026-04-27,2026-05-11,gcrew,noaa_gefs,18,RH_percent_mean,14,62.015602111816406
gep18,00,2026-04-27,2026-05-11,gcrew,noaa_gefs,18,Rain_mm_sum,14,0
gep18,00,2026-04-27,2026-05-11,gcrew,noaa_gefs,18,ShortwaveRadiation_Wm2,14,339.75
gep18,00,2026-04-27,2026-05-11,gcrew,noaa_gefs,18,WindSpeed_ms_mean,14,4.706386471173322
gep18,00,2026-04-27,2026-05-12,gcrew,noaa_gefs,18,AirTemp_C_mean,15,17.251084899902366
gep18,00,2026-04-27,2026-05-12,gcrew,noaa_gefs,18,Pressure_Pa,15,102263.9921875
gep18,00,2026-04-27,2026-05-12,gcrew,noaa_gefs,18,RH_percent_mean,15,75.52095794677734
gep18,00,2026-04-27,2026-05-12,gcrew,noaa_gefs,18,Rain_mm_sum,15,0
gep18,00,2026-04-27,2026-05-12,gcrew,noaa_gefs,18,ShortwaveRadiation_Wm2,15,336
gep18,00,2026-04-27,2026-05-12,gcrew,noaa_gefs,18,WindSpeed_ms_mean,15,7.010430330005118
gep18,00,2026-04-27,2026-05-13,gcrew,noaa_gefs,18,AirTemp_C_mean,16,19.49273834228518
gep18,00,2026-04-27,2026-05-13,gcrew,noaa_gefs,18,Pressure_Pa,16,101710.423828125
gep18,00,2026-04-27,2026-05-13,gcrew,noaa_gefs,18,RH_percent_mean,16,90.239959716796875
gep18,00,2026-04-27,2026-05-13,gcrew,noaa_gefs,18,Rain_mm_sum,16,2.800000049173832
gep18,00,2026-04-27,2026-05-13,gcrew,noaa_gefs,18,ShortwaveRadiation_Wm2,16,215.75
gep18,00,2026-04-27,2026-05-13,gcrew,noaa_gefs,18,WindSpeed_ms_mean,16,6.026004144410448
gep18,00,2026-04-27,2026-05-14,gcrew,noaa_gefs,18,AirTemp_C_mean,17,18.513650512695335
gep18,00,2026-04-27,2026-05-14,gcrew,noaa_gefs,18,Pressure_Pa,17,101608.88671875
gep18,00,2026-04-27,2026-05-14,gcrew,noaa_gefs,18,RH_percent_mean,17,86.30577850341797
gep18,00,2026-04-27,2026-05-14,gcrew,noaa_gefs,18,Rain_mm_sum,17,12.900000095367432
gep18,00,2026-04-27,2026-05-14,gcrew,noaa_gefs,18,ShortwaveRadiation_Wm2,17,185.75
gep18,00,2026-04-27,2026-05-14,gcrew,noaa_gefs,18,WindSpeed_ms_mean,17,4.270036840520563
gep18,00,2026-04-27,2026-05-15,gcrew,noaa_gefs,18,AirTemp_C_mean,18,15.910485839843773
gep18,00,2026-04-27,2026-05-15,gcrew,noaa_gefs,18,Pressure_Pa,18,102181.615234375
gep18,00,2026-04-27,2026-05-15,gcrew,noaa_gefs,18,RH_percent_mean,18,76.19487285614014
gep18,00,2026-04-27,2026-05-15,gcrew,noaa_gefs,18,Rain_mm_sum,18,0
gep18,00,2026-04-27,2026-05-15,gcrew,noaa_gefs,18,ShortwaveRadiation_Wm2,18,343.5
gep18,00,2026-04-27,2026-05-15,gcrew,noaa_gefs,18,WindSpeed_ms_mean,18,3.9490240974844317
gep18,00,2026-04-27,2026-05-16,gcrew,noaa_gefs,18,AirTemp_C_mean,19,20.577661132812523
gep18,00,2026-04-27,2026-05-16,gcrew,noaa_gefs,18,Pressure_Pa,19,101713.755859375
gep18,00,2026-04-27,2026-05-16,gcrew,noaa_gefs,18,RH_percent_mean,19,80.4810848236084
gep18,00,2026-04-27,2026-05-16,gcrew,noaa_gefs,18,Rain_mm_sum,19,1.1000000014901161
gep18,00,2026-04-27,2026-05-16,gcrew,noaa_gefs,18,ShortwaveRadiation_Wm2,19,322.75
gep18,00,2026-04-27,2026-05-16,gcrew,noaa_gefs,18,WindSpeed_ms_mean,19,4.781925626210346
gep18,00,2026-04-27,2026-05-17,gcrew,noaa_gefs,18,AirTemp_C_mean,20,22.937905883789085
gep18,00,2026-04-27,2026-05-17,gcrew,noaa_gefs,18,Pressure_Pa,20,101673.8359375
gep18,00,2026-04-27,2026-05-17,gcrew,noaa_gefs,18,RH_percent_mean,20,77.38579750061035
gep18,00,2026-04-27,2026-05-17,gcrew,noaa_gefs,18,Rain_mm_sum,20,4.300000049173832
gep18,00,2026-04-27,2026-05-17,gcrew,noaa_gefs,18,ShortwaveRadiation_Wm2,20,295.25
gep18,00,2026-04-27,2026-05-17,gcrew,noaa_gefs,18,WindSpeed_ms_mean,20,3.0308602990974056
gep18,00,2026-04-27,2026-05-18,gcrew,noaa_gefs,18,AirTemp_C_mean,21,24.01905212402346
gep18,00,2026-04-27,2026-05-18,gcrew,noaa_gefs,18,Pressure_Pa,21,101460.267578125
gep18,00,2026-04-27,2026-05-18,gcrew,noaa_gefs,18,RH_percent_mean,21,76.18959331512451
gep18,00,2026-04-27,2026-05-18,gcrew,noaa_gefs,18,Rain_mm_sum,21,16.80000078678131
gep18,00,2026-04-27,2026-05-18,gcrew,noaa_gefs,18,ShortwaveRadiation_Wm2,21,296
gep18,00,2026-04-27,2026-05-18,gcrew,noaa_gefs,18,WindSpeed_ms_mean,21,3.073193730264629
gep18,00,2026-04-27,2026-05-19,gcrew,noaa_gefs,18,AirTemp_C_mean,22,25.510980224609398
gep18,00,2026-04-27,2026-05-19,gcrew,noaa_gefs,18,Pressure_Pa,22,100955.107421875
gep18,00,2026-04-27,2026-05-19,gcrew,noaa_gefs,18,RH_percent_mean,22,70.90894889831543
gep18,00,2026-04-27,2026-05-19,gcrew,noaa_gefs,18,Rain_mm_sum,22,1.600000038743019
gep18,00,2026-04-27,2026-05-19,gcrew,noaa_gefs,18,ShortwaveRadiation_Wm2,22,224
gep18,00,2026-04-27,2026-05-19,gcrew,noaa_gefs,18,WindSpeed_ms_mean,22,2.4858541001805587
gep18,00,2026-04-27,2026-05-20,gcrew,noaa_gefs,18,AirTemp_C_mean,23,21.864289855957054
gep18,00,2026-04-27,2026-05-20,gcrew,noaa_gefs,18,Pressure_Pa,23,101018.095703125
gep18,00,2026-04-27,2026-05-20,gcrew,noaa_gefs,18,RH_percent_mean,23,67.23811626434326
gep18,00,2026-04-27,2026-05-20,gcrew,noaa_gefs,18,Rain_mm_sum,23,0.30000001192092896
gep18,00,2026-04-27,2026-05-20,gcrew,noaa_gefs,18,ShortwaveRadiation_Wm2,23,327.25
gep18,00,2026-04-27,2026-05-20,gcrew,noaa_gefs,18,WindSpeed_ms_mean,23,4.555111160571268
gep18,00,2026-04-27,2026-05-21,gcrew,noaa_gefs,18,AirTemp_C_mean,24,19.262673950195335
gep18,00,2026-04-27,2026-05-21,gcrew,noaa_gefs,18,Pressure_Pa,24,101705.2734375
gep18,00,2026-04-27,2026-05-21,gcrew,noaa_gefs,18,RH_percent_mean,24,62.426734924316406
gep18,00,2026-04-27,2026-05-21,gcrew,noaa_gefs,18,Rain_mm_sum,24,0
gep18,00,2026-04-27,2026-05-21,gcrew,noaa_gefs,18,ShortwaveRadiation_Wm2,24,345.75
gep18,00,2026-04-27,2026-05-21,gcrew,noaa_gefs,18,WindSpeed_ms_mean,24,2.407734619792761
gep18,00,2026-04-27,2026-05-22,gcrew,noaa_gefs,18,AirTemp_C_mean,25,19.581025695800804
gep18,00,2026-04-27,2026-05-22,gcrew,noaa_gefs,18,Pressure_Pa,25,101598.32421875
gep18,00,2026-04-27,2026-05-22,gcrew,noaa_gefs,18,RH_percent_mean,25,67.51792812347412
gep18,00,2026-04-27,2026-05-22,gcrew,noaa_gefs,18,Rain_mm_sum,25,0
gep18,00,2026-04-27,2026-05-22,gcrew,noaa_gefs,18,ShortwaveRadiation_Wm2,25,339.25
gep18,00,2026-04-27,2026-05-22,gcrew,noaa_gefs,18,WindSpeed_ms_mean,25,4.837275644483171
gep18,00,2026-04-27,2026-05-23,gcrew,noaa_gefs,18,AirTemp_C_mean,26,19.05195007324221
gep18,00,2026-04-27,2026-05-23,gcrew,noaa_gefs,18,Pressure_Pa,26,101465.875
gep18,00,2026-04-27,2026-05-23,gcrew,noaa_gefs,18,RH_percent_mean,26,65.91939640045166
gep18,00,2026-04-27,2026-05-23,gcrew,noaa_gefs,18,Rain_mm_sum,26,0
gep18,00,2026-04-27,2026-05-23,gcrew,noaa_gefs,18,ShortwaveRadiation_Wm2,26,342.25
gep18,00,2026-04-27,2026-05-23,gcrew,noaa_gefs,18,WindSpeed_ms_mean,26,3.9395944856956513
gep18,00,2026-04-27,2026-05-24,gcrew,noaa_gefs,18,AirTemp_C_mean,27,19.98945007324221
gep18,00,2026-04-27,2026-05-24,gcrew,noaa_gefs,18,Pressure_Pa,27,101342.990234375
gep18,00,2026-04-27,2026-05-24,gcrew,noaa_gefs,18,RH_percent_mean,27,67.63784408569336
gep18,00,2026-04-27,2026-05-24,gcrew,noaa_gefs,18,Rain_mm_sum,27,0
gep18,00,2026-04-27,2026-05-24,gcrew,noaa_gefs,18,ShortwaveRadiation_Wm2,27,291.25
gep18,00,2026-04-27,2026-05-24,gcrew,noaa_gefs,18,WindSpeed_ms_mean,27,1.8987633133925008
gep18,00,2026-04-27,2026-05-25,gcrew,noaa_gefs,18,AirTemp_C_mean,28,20.29615173339846
gep18,00,2026-04-27,2026-05-25,gcrew,noaa_gefs,18,Pressure_Pa,28,100799.01953125
gep18,00,2026-04-27,2026-05-25,gcrew,noaa_gefs,18,RH_percent_mean,28,68.97553539276123
gep18,00,2026-04-27,2026-05-25,gcrew,noaa_gefs,18,Rain_mm_sum,28,0
gep18,00,2026-04-27,2026-05-25,gcrew,noaa_gefs,18,ShortwaveRadiation_Wm2,28,309.75
gep18,00,2026-04-27,2026-05-25,gcrew,noaa_gefs,18,WindSpeed_ms_mean,28,3.282312133189652
gep18,00,2026-04-27,2026-05-26,gcrew,noaa_gefs,18,AirTemp_C_mean,29,23.21851501464846
gep18,00,2026-04-27,2026-05-26,gcrew,noaa_gefs,18,Pressure_Pa,29,100695.197265625
gep18,00,2026-04-27,2026-05-26,gcrew,noaa_gefs,18,RH_percent_mean,29,82.25054931640625
gep18,00,2026-04-27,2026-05-26,gcrew,noaa_gefs,18,Rain_mm_sum,29,4.899999916553497
gep18,00,2026-04-27,2026-05-26,gcrew,noaa_gefs,18,ShortwaveRadiation_Wm2,29,325.5
gep18,00,2026-04-27,2026-05-26,gcrew,noaa_gefs,18,WindSpeed_ms_mean,29,3.3496704517798257
gep18,00,2026-04-27,2026-05-27,gcrew,noaa_gefs,18,AirTemp_C_mean,30,21.77124176025393
gep18,00,2026-04-27,2026-05-27,gcrew,noaa_gefs,18,Pressure_Pa,30,101327.005859375
gep18,00,2026-04-27,2026-05-27,gcrew,noaa_gefs,18,RH_percent_mean,30,82.51387405395508
gep18,00,2026-04-27,2026-05-27,gcrew,noaa_gefs,18,Rain_mm_sum,30,0
gep18,00,2026-04-27,2026-05-27,gcrew,noaa_gefs,18,ShortwaveRadiation_Wm2,30,325.75
gep18,00,2026-04-27,2026-05-27,gcrew,noaa_gefs,18,WindSpeed_ms_mean,30,4.527820202533626
gep18,00,2026-04-27,2026-05-28,gcrew,noaa_gefs,18,AirTemp_C_mean,31,24.39227447509768
gep18,00,2026-04-27,2026-05-28,gcrew,noaa_gefs,18,Pressure_Pa,31,101159.59375
gep18,00,2026-04-27,2026-05-28,gcrew,noaa_gefs,18,RH_percent_mean,31,79.66389560699463
gep18,00,2026-04-27,2026-05-28,gcrew,noaa_gefs,18,Rain_mm_sum,31,2.9999999552965164
gep18,00,2026-04-27,2026-05-28,gcrew,noaa_gefs,18,ShortwaveRadiation_Wm2,31,332.5
gep18,00,2026-04-27,2026-05-28,gcrew,noaa_gefs,18,WindSpeed_ms_mean,31,3.941846018368561
gep18,00,2026-04-27,2026-05-29,gcrew,noaa_gefs,18,AirTemp_C_mean,32,23.499902343750023
gep18,00,2026-04-27,2026-05-29,gcrew,noaa_gefs,18,Pressure_Pa,32,101534.01171875
gep18,00,2026-04-27,2026-05-29,gcrew,noaa_gefs,18,RH_percent_mean,32,81.16684532165527
gep18,00,2026-04-27,2026-05-29,gcrew,noaa_gefs,18,Rain_mm_sum,32,3.3000000715255737
gep18,00,2026-04-27,2026-05-29,gcrew,noaa_gefs,18,ShortwaveRadiation_Wm2,32,322.75
gep18,00,2026-04-27,2026-05-29,gcrew,noaa_gefs,18,WindSpeed_ms_mean,32,3.215779983650272
gep18,00,2026-04-27,2026-05-30,gcrew,noaa_gefs,18,AirTemp_C_mean,33,25.719346618652366
gep18,00,2026-04-27,2026-05-30,gcrew,noaa_gefs,18,Pressure_Pa,33,101169.580078125
gep18,00,2026-04-27,2026-05-30,gcrew,noaa_gefs,18,RH_percent_mean,33,69.18948173522949
gep18,00,2026-04-27,2026-05-30,gcrew,noaa_gefs,18,Rain_mm_sum,33,5.900000095367432
gep18,00,2026-04-27,2026-05-30,gcrew,noaa_gefs,18,ShortwaveRadiation_Wm2,33,328
gep18,00,2026-04-27,2026-05-30,gcrew,noaa_gefs,18,WindSpeed_ms_mean,33,5.024491839967965
gep18,00,2026-04-27,2026-05-31,gcrew,noaa_gefs,18,AirTemp_C_mean,34,19.59900054931643
gep18,00,2026-04-27,2026-05-31,gcrew,noaa_gefs,18,Pressure_Pa,34,101853.44140625
gep18,00,2026-04-27,2026-05-31,gcrew,noaa_gefs,18,RH_percent_mean,34,62.48447799682617
gep18,00,2026-04-27,2026-05-31,gcrew,noaa_gefs,18,Rain_mm_sum,34,0
gep18,00,2026-04-27,2026-05-31,gcrew,noaa_gefs,18,ShortwaveRadiation_Wm2,34,360.25
gep18,00,2026-04-27,2026-05-31,gcrew,noaa_gefs,18,WindSpeed_ms_mean,34,4.692275223673417
gep19,00,2026-04-27,2026-04-28,gcrew,noaa_gefs,19,AirTemp_C_mean,1,11.579675292968773
gep19,00,2026-04-27,2026-04-28,gcrew,noaa_gefs,19,Pressure_Pa,1,101858.66796875
gep19,00,2026-04-27,2026-04-28,gcrew,noaa_gefs,19,RH_percent_mean,1,70.0107069015503
gep19,00,2026-04-27,2026-04-28,gcrew,noaa_gefs,19,Rain_mm_sum,1,2.1800000071525574
gep19,00,2026-04-27,2026-04-28,gcrew,noaa_gefs,19,ShortwaveRadiation_Wm2,1,182.375
gep19,00,2026-04-27,2026-04-28,gcrew,noaa_gefs,19,WindSpeed_ms_mean,1,3.144690806609595
gep19,00,2026-04-27,2026-04-29,gcrew,noaa_gefs,19,AirTemp_C_mean,2,13.038072204589866
gep19,00,2026-04-27,2026-04-29,gcrew,noaa_gefs,19,Pressure_Pa,2,100681.7392578125
gep19,00,2026-04-27,2026-04-29,gcrew,noaa_gefs,19,RH_percent_mean,2,79.37301731109619
gep19,00,2026-04-27,2026-04-29,gcrew,noaa_gefs,19,Rain_mm_sum,2,5.650000095367432
gep19,00,2026-04-27,2026-04-29,gcrew,noaa_gefs,19,ShortwaveRadiation_Wm2,2,123.125
gep19,00,2026-04-27,2026-04-29,gcrew,noaa_gefs,19,WindSpeed_ms_mean,2,6.751690838700274
gep19,00,2026-04-27,2026-04-30,gcrew,noaa_gefs,19,AirTemp_C_mean,3,12.374749755859398
gep19,00,2026-04-27,2026-04-30,gcrew,noaa_gefs,19,Pressure_Pa,3,100118.521484375
gep19,00,2026-04-27,2026-04-30,gcrew,noaa_gefs,19,RH_percent_mean,3,68.30331468582153
gep19,00,2026-04-27,2026-04-30,gcrew,noaa_gefs,19,Rain_mm_sum,3,2.200000047683716
gep19,00,2026-04-27,2026-04-30,gcrew,noaa_gefs,19,ShortwaveRadiation_Wm2,3,336.75
gep19,00,2026-04-27,2026-04-30,gcrew,noaa_gefs,19,WindSpeed_ms_mean,3,6.3404068339236375
gep19,00,2026-04-27,2026-05-01,gcrew,noaa_gefs,19,AirTemp_C_mean,4,11.863782501220726
gep19,00,2026-04-27,2026-05-01,gcrew,noaa_gefs,19,Pressure_Pa,4,100457.115234375
gep19,00,2026-04-27,2026-05-01,gcrew,noaa_gefs,19,RH_percent_mean,4,63.77413034439087
gep19,00,2026-04-27,2026-05-01,gcrew,noaa_gefs,19,Rain_mm_sum,4,0.14999999105930328
gep19,00,2026-04-27,2026-05-01,gcrew,noaa_gefs,19,ShortwaveRadiation_Wm2,4,305.75
gep19,00,2026-04-27,2026-05-01,gcrew,noaa_gefs,19,WindSpeed_ms_mean,4,4.420050426615207
gep19,00,2026-04-27,2026-05-02,gcrew,noaa_gefs,19,AirTemp_C_mean,5,9.424409484863304
gep19,00,2026-04-27,2026-05-02,gcrew,noaa_gefs,19,Pressure_Pa,5,100060.8115234375
gep19,00,2026-04-27,2026-05-02,gcrew,noaa_gefs,19,RH_percent_mean,5,85.62604904174805
gep19,00,2026-04-27,2026-05-02,gcrew,noaa_gefs,19,Rain_mm_sum,5,10.500000223517418
gep19,00,2026-04-27,2026-05-02,gcrew,noaa_gefs,19,ShortwaveRadiation_Wm2,5,49.625
gep19,00,2026-04-27,2026-05-02,gcrew,noaa_gefs,19,WindSpeed_ms_mean,5,6.559776809952508
gep19,00,2026-04-27,2026-05-03,gcrew,noaa_gefs,19,AirTemp_C_mean,6,10.825589752197288
gep19,00,2026-04-27,2026-05-03,gcrew,noaa_gefs,19,Pressure_Pa,6,100683.826171875
gep19,00,2026-04-27,2026-05-03,gcrew,noaa_gefs,19,RH_percent_mean,6,70.58711957931519
gep19,00,2026-04-27,2026-05-03,gcrew,noaa_gefs,19,Rain_mm_sum,6,2.5999999791383743
gep19,00,2026-04-27,2026-05-03,gcrew,noaa_gefs,19,ShortwaveRadiation_Wm2,6,228.625
gep19,00,2026-04-27,2026-05-03,gcrew,noaa_gefs,19,WindSpeed_ms_mean,6,6.259846307795703
gep19,00,2026-04-27,2026-05-04,gcrew,noaa_gefs,19,AirTemp_C_mean,7,12.645486450195335
gep19,00,2026-04-27,2026-05-04,gcrew,noaa_gefs,19,Pressure_Pa,7,101078.326171875
gep19,00,2026-04-27,2026-05-04,gcrew,noaa_gefs,19,RH_percent_mean,7,65.15876054763794
gep19,00,2026-04-27,2026-05-04,gcrew,noaa_gefs,19,Rain_mm_sum,7,0
gep19,00,2026-04-27,2026-05-04,gcrew,noaa_gefs,19,ShortwaveRadiation_Wm2,7,330.375
gep19,00,2026-04-27,2026-05-04,gcrew,noaa_gefs,19,WindSpeed_ms_mean,7,4.1287794168947265
gep19,00,2026-04-27,2026-05-05,gcrew,noaa_gefs,19,AirTemp_C_mean,8,13.514123535156273
gep19,00,2026-04-27,2026-05-05,gcrew,noaa_gefs,19,Pressure_Pa,8,100674.3935546875
gep19,00,2026-04-27,2026-05-05,gcrew,noaa_gefs,19,RH_percent_mean,8,77.96095371246338
gep19,00,2026-04-27,2026-05-05,gcrew,noaa_gefs,19,Rain_mm_sum,8,6.429999984800816
gep19,00,2026-04-27,2026-05-05,gcrew,noaa_gefs,19,ShortwaveRadiation_Wm2,8,102.75
gep19,00,2026-04-27,2026-05-05,gcrew,noaa_gefs,19,WindSpeed_ms_mean,8,3.340704722164043
gep19,00,2026-04-27,2026-05-06,gcrew,noaa_gefs,19,AirTemp_C_mean,9,14.66842476981029
gep19,00,2026-04-27,2026-05-06,gcrew,noaa_gefs,19,Pressure_Pa,9,100426.58035714286
gep19,00,2026-04-27,2026-05-06,gcrew,noaa_gefs,19,RH_percent_mean,9,74.78257206508091
gep19,00,2026-04-27,2026-05-06,gcrew,noaa_gefs,19,Rain_mm_sum,9,2.800000049173832
gep19,00,2026-04-27,2026-05-06,gcrew,noaa_gefs,19,ShortwaveRadiation_Wm2,9,226.57142857142858
gep19,00,2026-04-27,2026-05-06,gcrew,noaa_gefs,19,WindSpeed_ms_mean,9,2.962092818850805
gep19,00,2026-04-27,2026-05-07,gcrew,noaa_gefs,19,AirTemp_C_mean,10,13.210267639160179
gep19,00,2026-04-27,2026-05-07,gcrew,noaa_gefs,19,Pressure_Pa,10,100801.388671875
gep19,00,2026-04-27,2026-05-07,gcrew,noaa_gefs,19,RH_percent_mean,10,64.8941125869751
gep19,00,2026-04-27,2026-05-07,gcrew,noaa_gefs,19,Rain_mm_sum,10,0
gep19,00,2026-04-27,2026-05-07,gcrew,noaa_gefs,19,ShortwaveRadiation_Wm2,10,333.25
gep19,00,2026-04-27,2026-05-07,gcrew,noaa_gefs,19,WindSpeed_ms_mean,10,5.7470248717601695
gep19,00,2026-04-27,2026-05-08,gcrew,noaa_gefs,19,AirTemp_C_mean,11,14.233064270019554
gep19,00,2026-04-27,2026-05-08,gcrew,noaa_gefs,19,Pressure_Pa,11,100949.1875
gep19,00,2026-04-27,2026-05-08,gcrew,noaa_gefs,19,RH_percent_mean,11,63.45889949798584
gep19,00,2026-04-27,2026-05-08,gcrew,noaa_gefs,19,Rain_mm_sum,11,0
gep19,00,2026-04-27,2026-05-08,gcrew,noaa_gefs,19,ShortwaveRadiation_Wm2,11,323.25
gep19,00,2026-04-27,2026-05-08,gcrew,noaa_gefs,19,WindSpeed_ms_mean,11,4.1680753706171
gep19,00,2026-04-27,2026-05-09,gcrew,noaa_gefs,19,AirTemp_C_mean,12,16.69899139404299
gep19,00,2026-04-27,2026-05-09,gcrew,noaa_gefs,19,Pressure_Pa,12,99939.416015625
gep19,00,2026-04-27,2026-05-09,gcrew,noaa_gefs,19,RH_percent_mean,12,93.10905075073242
gep19,00,2026-04-27,2026-05-09,gcrew,noaa_gefs,19,Rain_mm_sum,12,19.40000009536743
gep19,00,2026-04-27,2026-05-09,gcrew,noaa_gefs,19,ShortwaveRadiation_Wm2,12,75
gep19,00,2026-04-27,2026-05-09,gcrew,noaa_gefs,19,WindSpeed_ms_mean,12,5.098757673087844
gep19,00,2026-04-27,2026-05-10,gcrew,noaa_gefs,19,AirTemp_C_mean,13,13.901696777343773
gep19,00,2026-04-27,2026-05-10,gcrew,noaa_gefs,19,Pressure_Pa,13,101187.380859375
gep19,00,2026-04-27,2026-05-10,gcrew,noaa_gefs,19,RH_percent_mean,13,62.095730781555176
gep19,00,2026-04-27,2026-05-10,gcrew,noaa_gefs,19,Rain_mm_sum,13,0.10000000149011612
gep19,00,2026-04-27,2026-05-10,gcrew,noaa_gefs,19,ShortwaveRadiation_Wm2,13,344.5
gep19,00,2026-04-27,2026-05-10,gcrew,noaa_gefs,19,WindSpeed_ms_mean,13,4.143133742887205
gep19,00,2026-04-27,2026-05-11,gcrew,noaa_gefs,19,AirTemp_C_mean,14,15.09168395996096
gep19,00,2026-04-27,2026-05-11,gcrew,noaa_gefs,19,Pressure_Pa,14,102241.033203125
gep19,00,2026-04-27,2026-05-11,gcrew,noaa_gefs,19,RH_percent_mean,14,62.015602111816406
gep19,00,2026-04-27,2026-05-11,gcrew,noaa_gefs,19,Rain_mm_sum,14,0
gep19,00,2026-04-27,2026-05-11,gcrew,noaa_gefs,19,ShortwaveRadiation_Wm2,14,339.75
gep19,00,2026-04-27,2026-05-11,gcrew,noaa_gefs,19,WindSpeed_ms_mean,14,4.706386471173322
gep19,00,2026-04-27,2026-05-12,gcrew,noaa_gefs,19,AirTemp_C_mean,15,17.251084899902366
gep19,00,2026-04-27,2026-05-12,gcrew,noaa_gefs,19,Pressure_Pa,15,102263.9921875
gep19,00,2026-04-27,2026-05-12,gcrew,noaa_gefs,19,RH_percent_mean,15,75.52095794677734
gep19,00,2026-04-27,2026-05-12,gcrew,noaa_gefs,19,Rain_mm_sum,15,0
gep19,00,2026-04-27,2026-05-12,gcrew,noaa_gefs,19,ShortwaveRadiation_Wm2,15,336
gep19,00,2026-04-27,2026-05-12,gcrew,noaa_gefs,19,WindSpeed_ms_mean,15,7.010430330005118
gep19,00,2026-04-27,2026-05-13,gcrew,noaa_gefs,19,AirTemp_C_mean,16,19.49273834228518
gep19,00,2026-04-27,2026-05-13,gcrew,noaa_gefs,19,Pressure_Pa,16,101710.423828125
gep19,00,2026-04-27,2026-05-13,gcrew,noaa_gefs,19,RH_percent_mean,16,90.239959716796875
gep19,00,2026-04-27,2026-05-13,gcrew,noaa_gefs,19,Rain_mm_sum,16,2.800000049173832
gep19,00,2026-04-27,2026-05-13,gcrew,noaa_gefs,19,ShortwaveRadiation_Wm2,16,215.75
gep19,00,2026-04-27,2026-05-13,gcrew,noaa_gefs,19,WindSpeed_ms_mean,16,6.026004144410448
gep19,00,2026-04-27,2026-05-14,gcrew,noaa_gefs,19,AirTemp_C_mean,17,18.513650512695335
gep19,00,2026-04-27,2026-05-14,gcrew,noaa_gefs,19,Pressure_Pa,17,101608.88671875
gep19,00,2026-04-27,2026-05-14,gcrew,noaa_gefs,19,RH_percent_mean,17,86.30577850341797
gep19,00,2026-04-27,2026-05-14,gcrew,noaa_gefs,19,Rain_mm_sum,17,12.900000095367432
gep19,00,2026-04-27,2026-05-14,gcrew,noaa_gefs,19,ShortwaveRadiation_Wm2,17,185.75
gep19,00,2026-04-27,2026-05-14,gcrew,noaa_gefs,19,WindSpeed_ms_mean,17,4.270036840520563
gep19,00,2026-04-27,2026-05-15,gcrew,noaa_gefs,19,AirTemp_C_mean,18,15.910485839843773
gep19,00,2026-04-27,2026-05-15,gcrew,noaa_gefs,19,Pressure_Pa,18,102181.615234375
gep19,00,2026-04-27,2026-05-15,gcrew,noaa_gefs,19,RH_percent_mean,18,76.19487285614014
gep19,00,2026-04-27,2026-05-15,gcrew,noaa_gefs,19,Rain_mm_sum,18,0
gep19,00,2026-04-27,2026-05-15,gcrew,noaa_gefs,19,ShortwaveRadiation_Wm2,18,343.5
gep19,00,2026-04-27,2026-05-15,gcrew,noaa_gefs,19,WindSpeed_ms_mean,18,3.9490240974844317
gep19,00,2026-04-27,2026-05-16,gcrew,noaa_gefs,19,AirTemp_C_mean,19,20.577661132812523
gep19,00,2026-04-27,2026-05-16,gcrew,noaa_gefs,19,Pressure_Pa,19,101713.755859375
gep19,00,2026-04-27,2026-05-16,gcrew,noaa_gefs,19,RH_percent_mean,19,80.4810848236084
gep19,00,2026-04-27,2026-05-16,gcrew,noaa_gefs,19,Rain_mm_sum,19,1.1000000014901161
gep19,00,2026-04-27,2026-05-16,gcrew,noaa_gefs,19,ShortwaveRadiation_Wm2,19,322.75
gep19,00,2026-04-27,2026-05-16,gcrew,noaa_gefs,19,WindSpeed_ms_mean,19,4.781925626210346
gep19,00,2026-04-27,2026-05-17,gcrew,noaa_gefs,19,AirTemp_C_mean,20,22.937905883789085
gep19,00,2026-04-27,2026-05-17,gcrew,noaa_gefs,19,Pressure_Pa,20,101673.8359375
gep19,00,2026-04-27,2026-05-17,gcrew,noaa_gefs,19,RH_percent_mean,20,77.38579750061035
gep19,00,2026-04-27,2026-05-17,gcrew,noaa_gefs,19,Rain_mm_sum,20,4.300000049173832
gep19,00,2026-04-27,2026-05-17,gcrew,noaa_gefs,19,ShortwaveRadiation_Wm2,20,295.25
gep19,00,2026-04-27,2026-05-17,gcrew,noaa_gefs,19,WindSpeed_ms_mean,20,3.0308602990974056
gep19,00,2026-04-27,2026-05-18,gcrew,noaa_gefs,19,AirTemp_C_mean,21,24.01905212402346
gep19,00,2026-04-27,2026-05-18,gcrew,noaa_gefs,19,Pressure_Pa,21,101460.267578125
gep19,00,2026-04-27,2026-05-18,gcrew,noaa_gefs,19,RH_percent_mean,21,76.18959331512451
gep19,00,2026-04-27,2026-05-18,gcrew,noaa_gefs,19,Rain_mm_sum,21,16.80000078678131
gep19,00,2026-04-27,2026-05-18,gcrew,noaa_gefs,19,ShortwaveRadiation_Wm2,21,296
gep19,00,2026-04-27,2026-05-18,gcrew,noaa_gefs,19,WindSpeed_ms_mean,21,3.073193730264629
gep19,00,2026-04-27,2026-05-19,gcrew,noaa_gefs,19,AirTemp_C_mean,22,25.510980224609398
gep19,00,2026-04-27,2026-05-19,gcrew,noaa_gefs,19,Pressure_Pa,22,100955.107421875
gep19,00,2026-04-27,2026-05-19,gcrew,noaa_gefs,19,RH_percent_mean,22,70.90894889831543
gep19,00,2026-04-27,2026-05-19,gcrew,noaa_gefs,19,Rain_mm_sum,22,1.600000038743019
gep19,00,2026-04-27,2026-05-19,gcrew,noaa_gefs,19,ShortwaveRadiation_Wm2,22,224
gep19,00,2026-04-27,2026-05-19,gcrew,noaa_gefs,19,WindSpeed_ms_mean,22,2.4858541001805587
gep19,00,2026-04-27,2026-05-20,gcrew,noaa_gefs,19,AirTemp_C_mean,23,21.864289855957054
gep19,00,2026-04-27,2026-05-20,gcrew,noaa_gefs,19,Pressure_Pa,23,101018.095703125
gep19,00,2026-04-27,2026-05-20,gcrew,noaa_gefs,19,RH_percent_mean,23,67.23811626434326
gep19,00,2026-04-27,2026-05-20,gcrew,noaa_gefs,19,Rain_mm_sum,23,0.30000001192092896
gep19,00,2026-04-27,2026-05-20,gcrew,noaa_gefs,19,ShortwaveRadiation_Wm2,23,327.25
gep19,00,2026-04-27,2026-05-20,gcrew,noaa_gefs,19,WindSpeed_ms_mean,23,4.555111160571268
gep19,00,2026-04-27,2026-05-21,gcrew,noaa_gefs,19,AirTemp_C_mean,24,19.262673950195335
gep19,00,2026-04-27,2026-05-21,gcrew,noaa_gefs,19,Pressure_Pa,24,101705.2734375
gep19,00,2026-04-27,2026-05-21,gcrew,noaa_gefs,19,RH_percent_mean,24,62.426734924316406
gep19,00,2026-04-27,2026-05-21,gcrew,noaa_gefs,19,Rain_mm_sum,24,0
gep19,00,2026-04-27,2026-05-21,gcrew,noaa_gefs,19,ShortwaveRadiation_Wm2,24,345.75
gep19,00,2026-04-27,2026-05-21,gcrew,noaa_gefs,19,WindSpeed_ms_mean,24,2.407734619792761
gep19,00,2026-04-27,2026-05-22,gcrew,noaa_gefs,19,AirTemp_C_mean,25,19.581025695800804
gep19,00,2026-04-27,2026-05-22,gcrew,noaa_gefs,19,Pressure_Pa,25,101598.32421875
gep19,00,2026-04-27,2026-05-22,gcrew,noaa_gefs,19,RH_percent_mean,25,67.51792812347412
gep19,00,2026-04-27,2026-05-22,gcrew,noaa_gefs,19,Rain_mm_sum,25,0
gep19,00,2026-04-27,2026-05-22,gcrew,noaa_gefs,19,ShortwaveRadiation_Wm2,25,339.25
gep19,00,2026-04-27,2026-05-22,gcrew,noaa_gefs,19,WindSpeed_ms_mean,25,4.837275644483171
gep19,00,2026-04-27,2026-05-23,gcrew,noaa_gefs,19,AirTemp_C_mean,26,19.05195007324221
gep19,00,2026-04-27,2026-05-23,gcrew,noaa_gefs,19,Pressure_Pa,26,101465.875
gep19,00,2026-04-27,2026-05-23,gcrew,noaa_gefs,19,RH_percent_mean,26,65.91939640045166
gep19,00,2026-04-27,2026-05-23,gcrew,noaa_gefs,19,Rain_mm_sum,26,0
gep19,00,2026-04-27,2026-05-23,gcrew,noaa_gefs,19,ShortwaveRadiation_Wm2,26,342.25
gep19,00,2026-04-27,2026-05-23,gcrew,noaa_gefs,19,WindSpeed_ms_mean,26,3.9395944856956513
gep19,00,2026-04-27,2026-05-24,gcrew,noaa_gefs,19,AirTemp_C_mean,27,19.98945007324221
gep19,00,2026-04-27,2026-05-24,gcrew,noaa_gefs,19,Pressure_Pa,27,101342.990234375
gep19,00,2026-04-27,2026-05-24,gcrew,noaa_gefs,19,RH_percent_mean,27,67.63784408569336
gep19,00,2026-04-27,2026-05-24,gcrew,noaa_gefs,19,Rain_mm_sum,27,0
gep19,00,2026-04-27,2026-05-24,gcrew,noaa_gefs,19,ShortwaveRadiation_Wm2,27,291.25
gep19,00,2026-04-27,2026-05-24,gcrew,noaa_gefs,19,WindSpeed_ms_mean,27,1.8987633133925008
gep19,00,2026-04-27,2026-05-25,gcrew,noaa_gefs,19,AirTemp_C_mean,28,20.29615173339846
gep19,00,2026-04-27,2026-05-25,gcrew,noaa_gefs,19,Pressure_Pa,28,100799.01953125
gep19,00,2026-04-27,2026-05-25,gcrew,noaa_gefs,19,RH_percent_mean,28,68.97553539276123
gep19,00,2026-04-27,2026-05-25,gcrew,noaa_gefs,19,Rain_mm_sum,28,0
gep19,00,2026-04-27,2026-05-25,gcrew,noaa_gefs,19,ShortwaveRadiation_Wm2,28,309.75
gep19,00,2026-04-27,2026-05-25,gcrew,noaa_gefs,19,WindSpeed_ms_mean,28,3.282312133189652
gep19,00,2026-04-27,2026-05-26,gcrew,noaa_gefs,19,AirTemp_C_mean,29,23.21851501464846
gep19,00,2026-04-27,2026-05-26,gcrew,noaa_gefs,19,Pressure_Pa,29,100695.197265625
gep19,00,2026-04-27,2026-05-26,gcrew,noaa_gefs,19,RH_percent_mean,29,82.25054931640625
gep19,00,2026-04-27,2026-05-26,gcrew,noaa_gefs,19,Rain_mm_sum,29,4.899999916553497
gep19,00,2026-04-27,2026-05-26,gcrew,noaa_gefs,19,ShortwaveRadiation_Wm2,29,325.5
gep19,00,2026-04-27,2026-05-26,gcrew,noaa_gefs,19,WindSpeed_ms_mean,29,3.3496704517798257
gep19,00,2026-04-27,2026-05-27,gcrew,noaa_gefs,19,AirTemp_C_mean,30,21.77124176025393
gep19,00,2026-04-27,2026-05-27,gcrew,noaa_gefs,19,Pressure_Pa,30,101327.005859375
gep19,00,2026-04-27,2026-05-27,gcrew,noaa_gefs,19,RH_percent_mean,30,82.51387405395508
gep19,00,2026-04-27,2026-05-27,gcrew,noaa_gefs,19,Rain_mm_sum,30,0
gep19,00,2026-04-27,2026-05-27,gcrew,noaa_gefs,19,ShortwaveRadiation_Wm2,30,325.75
gep19,00,2026-04-27,2026-05-27,gcrew,noaa_gefs,19,WindSpeed_ms_mean,30,4.527820202533626
gep19,00,2026-04-27,2026-05-28,gcrew,noaa_gefs,19,AirTemp_C_mean,31,24.39227447509768
gep19,00,2026-04-27,2026-05-28,gcrew,noaa_gefs,19,Pressure_Pa,31,101159.59375
gep19,00,2026-04-27,2026-05-28,gcrew,noaa_gefs,19,RH_percent_mean,31,79.66389560699463
gep19,00,2026-04-27,2026-05-28,gcrew,noaa_gefs,19,Rain_mm_sum,31,2.9999999552965164
gep19,00,2026-04-27,2026-05-28,gcrew,noaa_gefs,19,ShortwaveRadiation_Wm2,31,332.5
gep19,00,2026-04-27,2026-05-28,gcrew,noaa_gefs,19,WindSpeed_ms_mean,31,3.941846018368561
gep19,00,2026-04-27,2026-05-29,gcrew,noaa_gefs,19,AirTemp_C_mean,32,23.499902343750023
gep19,00,2026-04-27,2026-05-29,gcrew,noaa_gefs,19,Pressure_Pa,32,101534.01171875
gep19,00,2026-04-27,2026-05-29,gcrew,noaa_gefs,19,RH_percent_mean,32,81.16684532165527
gep19,00,2026-04-27,2026-05-29,gcrew,noaa_gefs,19,Rain_mm_sum,32,3.3000000715255737
gep19,00,2026-04-27,2026-05-29,gcrew,noaa_gefs,19,ShortwaveRadiation_Wm2,32,322.75
gep19,00,2026-04-27,2026-05-29,gcrew,noaa_gefs,19,WindSpeed_ms_mean,32,3.215779983650272
gep19,00,2026-04-27,2026-05-30,gcrew,noaa_gefs,19,AirTemp_C_mean,33,25.719346618652366
gep19,00,2026-04-27,2026-05-30,gcrew,noaa_gefs,19,Pressure_Pa,33,101169.580078125
gep19,00,2026-04-27,2026-05-30,gcrew,noaa_gefs,19,RH_percent_mean,33,69.18948173522949
gep19,00,2026-04-27,2026-05-30,gcrew,noaa_gefs,19,Rain_mm_sum,33,5.900000095367432
gep19,00,2026-04-27,2026-05-30,gcrew,noaa_gefs,19,ShortwaveRadiation_Wm2,33,328
gep19,00,2026-04-27,2026-05-30,gcrew,noaa_gefs,19,WindSpeed_ms_mean,33,5.024491839967965
gep19,00,2026-04-27,2026-05-31,gcrew,noaa_gefs,19,AirTemp_C_mean,34,19.59900054931643
gep19,00,2026-04-27,2026-05-31,gcrew,noaa_gefs,19,Pressure_Pa,34,101853.44140625
gep19,00,2026-04-27,2026-05-31,gcrew,noaa_gefs,19,RH_percent_mean,34,62.48447799682617
gep19,00,2026-04-27,2026-05-31,gcrew,noaa_gefs,19,Rain_mm_sum,34,0
gep19,00,2026-04-27,2026-05-31,gcrew,noaa_gefs,19,ShortwaveRadiation_Wm2,34,360.25
gep19,00,2026-04-27,2026-05-31,gcrew,noaa_gefs,19,WindSpeed_ms_mean,34,4.692275223673417
gep20,00,2026-04-27,2026-04-28,gcrew,noaa_gefs,20,AirTemp_C_mean,1,11.579675292968773
gep20,00,2026-04-27,2026-04-28,gcrew,noaa_gefs,20,Pressure_Pa,1,101858.66796875
gep20,00,2026-04-27,2026-04-28,gcrew,noaa_gefs,20,RH_percent_mean,1,70.0107069015503
gep20,00,2026-04-27,2026-04-28,gcrew,noaa_gefs,20,Rain_mm_sum,1,2.1800000071525574
gep20,00,2026-04-27,2026-04-28,gcrew,noaa_gefs,20,ShortwaveRadiation_Wm2,1,182.375
gep20,00,2026-04-27,2026-04-28,gcrew,noaa_gefs,20,WindSpeed_ms_mean,1,3.144690806609595
gep20,00,2026-04-27,2026-04-29,gcrew,noaa_gefs,20,AirTemp_C_mean,2,13.038072204589866
gep20,00,2026-04-27,2026-04-29,gcrew,noaa_gefs,20,Pressure_Pa,2,100681.7392578125
gep20,00,2026-04-27,2026-04-29,gcrew,noaa_gefs,20,RH_percent_mean,2,79.37301731109619
gep20,00,2026-04-27,2026-04-29,gcrew,noaa_gefs,20,Rain_mm_sum,2,5.650000095367432
gep20,00,2026-04-27,2026-04-29,gcrew,noaa_gefs,20,ShortwaveRadiation_Wm2,2,123.125
gep20,00,2026-04-27,2026-04-29,gcrew,noaa_gefs,20,WindSpeed_ms_mean,2,6.751690838700274
gep20,00,2026-04-27,2026-04-30,gcrew,noaa_gefs,20,AirTemp_C_mean,3,12.374749755859398
gep20,00,2026-04-27,2026-04-30,gcrew,noaa_gefs,20,Pressure_Pa,3,100118.521484375
gep20,00,2026-04-27,2026-04-30,gcrew,noaa_gefs,20,RH_percent_mean,3,68.30331468582153
gep20,00,2026-04-27,2026-04-30,gcrew,noaa_gefs,20,Rain_mm_sum,3,2.200000047683716
gep20,00,2026-04-27,2026-04-30,gcrew,noaa_gefs,20,ShortwaveRadiation_Wm2,3,336.75
gep20,00,2026-04-27,2026-04-30,gcrew,noaa_gefs,20,WindSpeed_ms_mean,3,6.3404068339236375
gep20,00,2026-04-27,2026-05-01,gcrew,noaa_gefs,20,AirTemp_C_mean,4,11.863782501220726
gep20,00,2026-04-27,2026-05-01,gcrew,noaa_gefs,20,Pressure_Pa,4,100457.115234375
gep20,00,2026-04-27,2026-05-01,gcrew,noaa_gefs,20,RH_percent_mean,4,63.77413034439087
gep20,00,2026-04-27,2026-05-01,gcrew,noaa_gefs,20,Rain_mm_sum,4,0.14999999105930328
gep20,00,2026-04-27,2026-05-01,gcrew,noaa_gefs,20,ShortwaveRadiation_Wm2,4,305.75
gep20,00,2026-04-27,2026-05-01,gcrew,noaa_gefs,20,WindSpeed_ms_mean,4,4.420050426615207
gep20,00,2026-04-27,2026-05-02,gcrew,noaa_gefs,20,AirTemp_C_mean,5,9.424409484863304
gep20,00,2026-04-27,2026-05-02,gcrew,noaa_gefs,20,Pressure_Pa,5,100060.8115234375
gep20,00,2026-04-27,2026-05-02,gcrew,noaa_gefs,20,RH_percent_mean,5,85.62604904174805
gep20,00,2026-04-27,2026-05-02,gcrew,noaa_gefs,20,Rain_mm_sum,5,10.500000223517418
gep20,00,2026-04-27,2026-05-02,gcrew,noaa_gefs,20,ShortwaveRadiation_Wm2,5,49.625
gep20,00,2026-04-27,2026-05-02,gcrew,noaa_gefs,20,WindSpeed_ms_mean,5,6.559776809952508
gep20,00,2026-04-27,2026-05-03,gcrew,noaa_gefs,20,AirTemp_C_mean,6,10.825589752197288
gep20,00,2026-04-27,2026-05-03,gcrew,noaa_gefs,20,Pressure_Pa,6,100683.826171875
gep20,00,2026-04-27,2026-05-03,gcrew,noaa_gefs,20,RH_percent_mean,6,70.58711957931519
gep20,00,2026-04-27,2026-05-03,gcrew,noaa_gefs,20,Rain_mm_sum,6,2.5999999791383743
gep20,00,2026-04-27,2026-05-03,gcrew,noaa_gefs,20,ShortwaveRadiation_Wm2,6,228.625
gep20,00,2026-04-27,2026-05-03,gcrew,noaa_gefs,20,WindSpeed_ms_mean,6,6.259846307795703
gep20,00,2026-04-27,2026-05-04,gcrew,noaa_gefs,20,AirTemp_C_mean,7,12.645486450195335
gep20,00,2026-04-27,2026-05-04,gcrew,noaa_gefs,20,Pressure_Pa,7,101078.326171875
gep20,00,2026-04-27,2026-05-04,gcrew,noaa_gefs,20,RH_percent_mean,7,65.15876054763794
gep20,00,2026-04-27,2026-05-04,gcrew,noaa_gefs,20,Rain_mm_sum,7,0
gep20,00,2026-04-27,2026-05-04,gcrew,noaa_gefs,20,ShortwaveRadiation_Wm2,7,330.375
gep20,00,2026-04-27,2026-05-04,gcrew,noaa_gefs,20,WindSpeed_ms_mean,7,4.1287794168947265
gep20,00,2026-04-27,2026-05-05,gcrew,noaa_gefs,20,AirTemp_C_mean,8,13.514123535156273
gep20,00,2026-04-27,2026-05-05,gcrew,noaa_gefs,20,Pressure_Pa,8,100674.3935546875
gep20,00,2026-04-27,2026-05-05,gcrew,noaa_gefs,20,RH_percent_mean,8,77.96095371246338
gep20,00,2026-04-27,2026-05-05,gcrew,noaa_gefs,20,Rain_mm_sum,8,6.429999984800816
gep20,00,2026-04-27,2026-05-05,gcrew,noaa_gefs,20,ShortwaveRadiation_Wm2,8,102.75
gep20,00,2026-04-27,2026-05-05,gcrew,noaa_gefs,20,WindSpeed_ms_mean,8,3.340704722164043
gep20,00,2026-04-27,2026-05-06,gcrew,noaa_gefs,20,AirTemp_C_mean,9,14.66842476981029
gep20,00,2026-04-27,2026-05-06,gcrew,noaa_gefs,20,Pressure_Pa,9,100426.58035714286
gep20,00,2026-04-27,2026-05-06,gcrew,noaa_gefs,20,RH_percent_mean,9,74.78257206508091
gep20,00,2026-04-27,2026-05-06,gcrew,noaa_gefs,20,Rain_mm_sum,9,2.800000049173832
gep20,00,2026-04-27,2026-05-06,gcrew,noaa_gefs,20,ShortwaveRadiation_Wm2,9,226.57142857142858
gep20,00,2026-04-27,2026-05-06,gcrew,noaa_gefs,20,WindSpeed_ms_mean,9,2.962092818850805
gep20,00,2026-04-27,2026-05-07,gcrew,noaa_gefs,20,AirTemp_C_mean,10,13.210267639160179
gep20,00,2026-04-27,2026-05-07,gcrew,noaa_gefs,20,Pressure_Pa,10,100801.388671875
gep20,00,2026-04-27,2026-05-07,gcrew,noaa_gefs,20,RH_percent_mean,10,64.8941125869751
gep20,00,2026-04-27,2026-05-07,gcrew,noaa_gefs,20,Rain_mm_sum,10,0
gep20,00,2026-04-27,2026-05-07,gcrew,noaa_gefs,20,ShortwaveRadiation_Wm2,10,333.25
gep20,00,2026-04-27,2026-05-07,gcrew,noaa_gefs,20,WindSpeed_ms_mean,10,5.7470248717601695
gep20,00,2026-04-27,2026-05-08,gcrew,noaa_gefs,20,AirTemp_C_mean,11,14.233064270019554
gep20,00,2026-04-27,2026-05-08,gcrew,noaa_gefs,20,Pressure_Pa,11,100949.1875
gep20,00,2026-04-27,2026-05-08,gcrew,noaa_gefs,20,RH_percent_mean,11,63.45889949798584
gep20,00,2026-04-27,2026-05-08,gcrew,noaa_gefs,20,Rain_mm_sum,11,0
gep20,00,2026-04-27,2026-05-08,gcrew,noaa_gefs,20,ShortwaveRadiation_Wm2,11,323.25
gep20,00,2026-04-27,2026-05-08,gcrew,noaa_gefs,20,WindSpeed_ms_mean,11,4.1680753706171
gep20,00,2026-04-27,2026-05-09,gcrew,noaa_gefs,20,AirTemp_C_mean,12,16.69899139404299
gep20,00,2026-04-27,2026-05-09,gcrew,noaa_gefs,20,Pressure_Pa,12,99939.416015625
gep20,00,2026-04-27,2026-05-09,gcrew,noaa_gefs,20,RH_percent_mean,12,93.10905075073242
gep20,00,2026-04-27,2026-05-09,gcrew,noaa_gefs,20,Rain_mm_sum,12,19.40000009536743
gep20,00,2026-04-27,2026-05-09,gcrew,noaa_gefs,20,ShortwaveRadiation_Wm2,12,75
gep20,00,2026-04-27,2026-05-09,gcrew,noaa_gefs,20,WindSpeed_ms_mean,12,5.098757673087844
gep20,00,2026-04-27,2026-05-10,gcrew,noaa_gefs,20,AirTemp_C_mean,13,13.901696777343773
gep20,00,2026-04-27,2026-05-10,gcrew,noaa_gefs,20,Pressure_Pa,13,101187.380859375
gep20,00,2026-04-27,2026-05-10,gcrew,noaa_gefs,20,RH_percent_mean,13,62.095730781555176
gep20,00,2026-04-27,2026-05-10,gcrew,noaa_gefs,20,Rain_mm_sum,13,0.10000000149011612
gep20,00,2026-04-27,2026-05-10,gcrew,noaa_gefs,20,ShortwaveRadiation_Wm2,13,344.5
gep20,00,2026-04-27,2026-05-10,gcrew,noaa_gefs,20,WindSpeed_ms_mean,13,4.143133742887205
gep20,00,2026-04-27,2026-05-11,gcrew,noaa_gefs,20,AirTemp_C_mean,14,15.09168395996096
gep20,00,2026-04-27,2026-05-11,gcrew,noaa_gefs,20,Pressure_Pa,14,102241.033203125
gep20,00,2026-04-27,2026-05-11,gcrew,noaa_gefs,20,RH_percent_mean,14,62.015602111816406
gep20,00,2026-04-27,2026-05-11,gcrew,noaa_gefs,20,Rain_mm_sum,14,0
gep20,00,2026-04-27,2026-05-11,gcrew,noaa_gefs,20,ShortwaveRadiation_Wm2,14,339.75
gep20,00,2026-04-27,2026-05-11,gcrew,noaa_gefs,20,WindSpeed_ms_mean,14,4.706386471173322
gep20,00,2026-04-27,2026-05-12,gcrew,noaa_gefs,20,AirTemp_C_mean,15,17.251084899902366
gep20,00,2026-04-27,2026-05-12,gcrew,noaa_gefs,20,Pressure_Pa,15,102263.9921875
gep20,00,2026-04-27,2026-05-12,gcrew,noaa_gefs,20,RH_percent_mean,15,75.52095794677734
gep20,00,2026-04-27,2026-05-12,gcrew,noaa_gefs,20,Rain_mm_sum,15,0
gep20,00,2026-04-27,2026-05-12,gcrew,noaa_gefs,20,ShortwaveRadiation_Wm2,15,336
gep20,00,2026-04-27,2026-05-12,gcrew,noaa_gefs,20,WindSpeed_ms_mean,15,7.010430330005118
gep20,00,2026-04-27,2026-05-13,gcrew,noaa_gefs,20,AirTemp_C_mean,16,19.49273834228518
gep20,00,2026-04-27,2026-05-13,gcrew,noaa_gefs,20,Pressure_Pa,16,101710.423828125
gep20,00,2026-04-27,2026-05-13,gcrew,noaa_gefs,20,RH_percent_mean,16,90.239959716796875
gep20,00,2026-04-27,2026-05-13,gcrew,noaa_gefs,20,Rain_mm_sum,16,2.800000049173832
gep20,00,2026-04-27,2026-05-13,gcrew,noaa_gefs,20,ShortwaveRadiation_Wm2,16,215.75
gep20,00,2026-04-27,2026-05-13,gcrew,noaa_gefs,20,WindSpeed_ms_mean,16,6.026004144410448
gep20,00,2026-04-27,2026-05-14,gcrew,noaa_gefs,20,AirTemp_C_mean,17,18.513650512695335
gep20,00,2026-04-27,2026-05-14,gcrew,noaa_gefs,20,Pressure_Pa,17,101608.88671875
gep20,00,2026-04-27,2026-05-14,gcrew,noaa_gefs,20,RH_percent_mean,17,86.30577850341797
gep20,00,2026-04-27,2026-05-14,gcrew,noaa_gefs,20,Rain_mm_sum,17,12.900000095367432
gep20,00,2026-04-27,2026-05-14,gcrew,noaa_gefs,20,ShortwaveRadiation_Wm2,17,185.75
gep20,00,2026-04-27,2026-05-14,gcrew,noaa_gefs,20,WindSpeed_ms_mean,17,4.270036840520563
gep20,00,2026-04-27,2026-05-15,gcrew,noaa_gefs,20,AirTemp_C_mean,18,15.910485839843773
gep20,00,2026-04-27,2026-05-15,gcrew,noaa_gefs,20,Pressure_Pa,18,102181.615234375
gep20,00,2026-04-27,2026-05-15,gcrew,noaa_gefs,20,RH_percent_mean,18,76.19487285614014
gep20,00,2026-04-27,2026-05-15,gcrew,noaa_gefs,20,Rain_mm_sum,18,0
gep20,00,2026-04-27,2026-05-15,gcrew,noaa_gefs,20,ShortwaveRadiation_Wm2,18,343.5
gep20,00,2026-04-27,2026-05-15,gcrew,noaa_gefs,20,WindSpeed_ms_mean,18,3.9490240974844317
gep20,00,2026-04-27,2026-05-16,gcrew,noaa_gefs,20,AirTemp_C_mean,19,20.577661132812523
gep20,00,2026-04-27,2026-05-16,gcrew,noaa_gefs,20,Pressure_Pa,19,101713.755859375
gep20,00,2026-04-27,2026-05-16,gcrew,noaa_gefs,20,RH_percent_mean,19,80.4810848236084
gep20,00,2026-04-27,2026-05-16,gcrew,noaa_gefs,20,Rain_mm_sum,19,1.1000000014901161
gep20,00,2026-04-27,2026-05-16,gcrew,noaa_gefs,20,ShortwaveRadiation_Wm2,19,322.75
gep20,00,2026-04-27,2026-05-16,gcrew,noaa_gefs,20,WindSpeed_ms_mean,19,4.781925626210346
gep20,00,2026-04-27,2026-05-17,gcrew,noaa_gefs,20,AirTemp_C_mean,20,22.937905883789085
gep20,00,2026-04-27,2026-05-17,gcrew,noaa_gefs,20,Pressure_Pa,20,101673.8359375
gep20,00,2026-04-27,2026-05-17,gcrew,noaa_gefs,20,RH_percent_mean,20,77.38579750061035
gep20,00,2026-04-27,2026-05-17,gcrew,noaa_gefs,20,Rain_mm_sum,20,4.300000049173832
gep20,00,2026-04-27,2026-05-17,gcrew,noaa_gefs,20,ShortwaveRadiation_Wm2,20,295.25
gep20,00,2026-04-27,2026-05-17,gcrew,noaa_gefs,20,WindSpeed_ms_mean,20,3.0308602990974056
gep20,00,2026-04-27,2026-05-18,gcrew,noaa_gefs,20,AirTemp_C_mean,21,24.01905212402346
gep20,00,2026-04-27,2026-05-18,gcrew,noaa_gefs,20,Pressure_Pa,21,101460.267578125
gep20,00,2026-04-27,2026-05-18,gcrew,noaa_gefs,20,RH_percent_mean,21,76.18959331512451
gep20,00,2026-04-27,2026-05-18,gcrew,noaa_gefs,20,Rain_mm_sum,21,16.80000078678131
gep20,00,2026-04-27,2026-05-18,gcrew,noaa_gefs,20,ShortwaveRadiation_Wm2,21,296
gep20,00,2026-04-27,2026-05-18,gcrew,noaa_gefs,20,WindSpeed_ms_mean,21,3.073193730264629
gep20,00,2026-04-27,2026-05-19,gcrew,noaa_gefs,20,AirTemp_C_mean,22,25.510980224609398
gep20,00,2026-04-27,2026-05-19,gcrew,noaa_gefs,20,Pressure_Pa,22,100955.107421875
gep20,00,2026-04-27,2026-05-19,gcrew,noaa_gefs,20,RH_percent_mean,22,70.90894889831543
gep20,00,2026-04-27,2026-05-19,gcrew,noaa_gefs,20,Rain_mm_sum,22,1.600000038743019
gep20,00,2026-04-27,2026-05-19,gcrew,noaa_gefs,20,ShortwaveRadiation_Wm2,22,224
gep20,00,2026-04-27,2026-05-19,gcrew,noaa_gefs,20,WindSpeed_ms_mean,22,2.4858541001805587
gep20,00,2026-04-27,2026-05-20,gcrew,noaa_gefs,20,AirTemp_C_mean,23,21.864289855957054
gep20,00,2026-04-27,2026-05-20,gcrew,noaa_gefs,20,Pressure_Pa,23,101018.095703125
gep20,00,2026-04-27,2026-05-20,gcrew,noaa_gefs,20,RH_percent_mean,23,67.23811626434326
gep20,00,2026-04-27,2026-05-20,gcrew,noaa_gefs,20,Rain_mm_sum,23,0.30000001192092896
gep20,00,2026-04-27,2026-05-20,gcrew,noaa_gefs,20,ShortwaveRadiation_Wm2,23,327.25
gep20,00,2026-04-27,2026-05-20,gcrew,noaa_gefs,20,WindSpeed_ms_mean,23,4.555111160571268
gep20,00,2026-04-27,2026-05-21,gcrew,noaa_gefs,20,AirTemp_C_mean,24,19.262673950195335
gep20,00,2026-04-27,2026-05-21,gcrew,noaa_gefs,20,Pressure_Pa,24,101705.2734375
gep20,00,2026-04-27,2026-05-21,gcrew,noaa_gefs,20,RH_percent_mean,24,62.426734924316406
gep20,00,2026-04-27,2026-05-21,gcrew,noaa_gefs,20,Rain_mm_sum,24,0
gep20,00,2026-04-27,2026-05-21,gcrew,noaa_gefs,20,ShortwaveRadiation_Wm2,24,345.75
gep20,00,2026-04-27,2026-05-21,gcrew,noaa_gefs,20,WindSpeed_ms_mean,24,2.407734619792761
gep20,00,2026-04-27,2026-05-22,gcrew,noaa_gefs,20,AirTemp_C_mean,25,19.581025695800804
gep20,00,2026-04-27,2026-05-22,gcrew,noaa_gefs,20,Pressure_Pa,25,101598.32421875
gep20,00,2026-04-27,2026-05-22,gcrew,noaa_gefs,20,RH_percent_mean,25,67.51792812347412
gep20,00,2026-04-27,2026-05-22,gcrew,noaa_gefs,20,Rain_mm_sum,25,0
gep20,00,2026-04-27,2026-05-22,gcrew,noaa_gefs,20,ShortwaveRadiation_Wm2,25,339.25
gep20,00,2026-04-27,2026-05-22,gcrew,noaa_gefs,20,WindSpeed_ms_mean,25,4.837275644483171
gep20,00,2026-04-27,2026-05-23,gcrew,noaa_gefs,20,AirTemp_C_mean,26,19.05195007324221
gep20,00,2026-04-27,2026-05-23,gcrew,noaa_gefs,20,Pressure_Pa,26,101465.875
gep20,00,2026-04-27,2026-05-23,gcrew,noaa_gefs,20,RH_percent_mean,26,65.91939640045166
gep20,00,2026-04-27,2026-05-23,gcrew,noaa_gefs,20,Rain_mm_sum,26,0
gep20,00,2026-04-27,2026-05-23,gcrew,noaa_gefs,20,ShortwaveRadiation_Wm2,26,342.25
gep20,00,2026-04-27,2026-05-23,gcrew,noaa_gefs,20,WindSpeed_ms_mean,26,3.9395944856956513
gep20,00,2026-04-27,2026-05-24,gcrew,noaa_gefs,20,AirTemp_C_mean,27,19.98945007324221
gep20,00,2026-04-27,2026-05-24,gcrew,noaa_gefs,20,Pressure_Pa,27,101342.990234375
gep20,00,2026-04-27,2026-05-24,gcrew,noaa_gefs,20,RH_percent_mean,27,67.63784408569336
gep20,00,2026-04-27,2026-05-24,gcrew,noaa_gefs,20,Rain_mm_sum,27,0
gep20,00,2026-04-27,2026-05-24,gcrew,noaa_gefs,20,ShortwaveRadiation_Wm2,27,291.25
gep20,00,2026-04-27,2026-05-24,gcrew,noaa_gefs,20,WindSpeed_ms_mean,27,1.8987633133925008
gep20,00,2026-04-27,2026-05-25,gcrew,noaa_gefs,20,AirTemp_C_mean,28,20.29615173339846
gep20,00,2026-04-27,2026-05-25,gcrew,noaa_gefs,20,Pressure_Pa,28,100799.01953125
gep20,00,2026-04-27,2026-05-25,gcrew,noaa_gefs,20,RH_percent_mean,28,68.97553539276123
gep20,00,2026-04-27,2026-05-25,gcrew,noaa_gefs,20,Rain_mm_sum,28,0
gep20,00,2026-04-27,2026-05-25,gcrew,noaa_gefs,20,ShortwaveRadiation_Wm2,28,309.75
gep20,00,2026-04-27,2026-05-25,gcrew,noaa_gefs,20,WindSpeed_ms_mean,28,3.282312133189652
gep20,00,2026-04-27,2026-05-26,gcrew,noaa_gefs,20,AirTemp_C_mean,29,23.21851501464846
gep20,00,2026-04-27,2026-05-26,gcrew,noaa_gefs,20,Pressure_Pa,29,100695.197265625
gep20,00,2026-04-27,2026-05-26,gcrew,noaa_gefs,20,RH_percent_mean,29,82.25054931640625
gep20,00,2026-04-27,2026-05-26,gcrew,noaa_gefs,20,Rain_mm_sum,29,4.899999916553497
gep20,00,2026-04-27,2026-05-26,gcrew,noaa_gefs,20,ShortwaveRadiation_Wm2,29,325.5
gep20,00,2026-04-27,2026-05-26,gcrew,noaa_gefs,20,WindSpeed_ms_mean,29,3.3496704517798257
gep20,00,2026-04-27,2026-05-27,gcrew,noaa_gefs,20,AirTemp_C_mean,30,21.77124176025393
gep20,00,2026-04-27,2026-05-27,gcrew,noaa_gefs,20,Pressure_Pa,30,101327.005859375
gep20,00,2026-04-27,2026-05-27,gcrew,noaa_gefs,20,RH_percent_mean,30,82.51387405395508
gep20,00,2026-04-27,2026-05-27,gcrew,noaa_gefs,20,Rain_mm_sum,30,0
gep20,00,2026-04-27,2026-05-27,gcrew,noaa_gefs,20,ShortwaveRadiation_Wm2,30,325.75
gep20,00,2026-04-27,2026-05-27,gcrew,noaa_gefs,20,WindSpeed_ms_mean,30,4.527820202533626
gep20,00,2026-04-27,2026-05-28,gcrew,noaa_gefs,20,AirTemp_C_mean,31,24.39227447509768
gep20,00,2026-04-27,2026-05-28,gcrew,noaa_gefs,20,Pressure_Pa,31,101159.59375
gep20,00,2026-04-27,2026-05-28,gcrew,noaa_gefs,20,RH_percent_mean,31,79.66389560699463
gep20,00,2026-04-27,2026-05-28,gcrew,noaa_gefs,20,Rain_mm_sum,31,2.9999999552965164
gep20,00,2026-04-27,2026-05-28,gcrew,noaa_gefs,20,ShortwaveRadiation_Wm2,31,332.5
gep20,00,2026-04-27,2026-05-28,gcrew,noaa_gefs,20,WindSpeed_ms_mean,31,3.941846018368561
gep20,00,2026-04-27,2026-05-29,gcrew,noaa_gefs,20,AirTemp_C_mean,32,23.499902343750023
gep20,00,2026-04-27,2026-05-29,gcrew,noaa_gefs,20,Pressure_Pa,32,101534.01171875
gep20,00,2026-04-27,2026-05-29,gcrew,noaa_gefs,20,RH_percent_mean,32,81.16684532165527
gep20,00,2026-04-27,2026-05-29,gcrew,noaa_gefs,20,Rain_mm_sum,32,3.3000000715255737
gep20,00,2026-04-27,2026-05-29,gcrew,noaa_gefs,20,ShortwaveRadiation_Wm2,32,322.75
gep20,00,2026-04-27,2026-05-29,gcrew,noaa_gefs,20,WindSpeed_ms_mean,32,3.215779983650272
gep20,00,2026-04-27,2026-05-30,gcrew,noaa_gefs,20,AirTemp_C_mean,33,25.719346618652366
gep20,00,2026-04-27,2026-05-30,gcrew,noaa_gefs,20,Pressure_Pa,33,101169.580078125
gep20,00,2026-04-27,2026-05-30,gcrew,noaa_gefs,20,RH_percent_mean,33,69.18948173522949
gep20,00,2026-04-27,2026-05-30,gcrew,noaa_gefs,20,Rain_mm_sum,33,5.900000095367432
gep20,00,2026-04-27,2026-05-30,gcrew,noaa_gefs,20,ShortwaveRadiation_Wm2,33,328
gep20,00,2026-04-27,2026-05-30,gcrew,noaa_gefs,20,WindSpeed_ms_mean,33,5.024491839967965
gep20,00,2026-04-27,2026-05-31,gcrew,noaa_gefs,20,AirTemp_C_mean,34,19.59900054931643
gep20,00,2026-04-27,2026-05-31,gcrew,noaa_gefs,20,Pressure_Pa,34,101853.44140625
gep20,00,2026-04-27,2026-05-31,gcrew,noaa_gefs,20,RH_percent_mean,34,62.48447799682617
gep20,00,2026-04-27,2026-05-31,gcrew,noaa_gefs,20,Rain_mm_sum,34,0
gep20,00,2026-04-27,2026-05-31,gcrew,noaa_gefs,20,ShortwaveRadiation_Wm2,34,360.25
gep20,00,2026-04-27,2026-05-31,gcrew,noaa_gefs,20,WindSpeed_ms_mean,34,4.692275223673417
gep21,00,2026-04-27,2026-04-28,gcrew,noaa_gefs,21,AirTemp_C_mean,1,11.579675292968773
gep21,00,2026-04-27,2026-04-28,gcrew,noaa_gefs,21,Pressure_Pa,1,101858.66796875
gep21,00,2026-04-27,2026-04-28,gcrew,noaa_gefs,21,RH_percent_mean,1,70.0107069015503
gep21,00,2026-04-27,2026-04-28,gcrew,noaa_gefs,21,Rain_mm_sum,1,2.1800000071525574
gep21,00,2026-04-27,2026-04-28,gcrew,noaa_gefs,21,ShortwaveRadiation_Wm2,1,182.375
gep21,00,2026-04-27,2026-04-28,gcrew,noaa_gefs,21,WindSpeed_ms_mean,1,3.144690806609595
gep21,00,2026-04-27,2026-04-29,gcrew,noaa_gefs,21,AirTemp_C_mean,2,13.038072204589866
gep21,00,2026-04-27,2026-04-29,gcrew,noaa_gefs,21,Pressure_Pa,2,100681.7392578125
gep21,00,2026-04-27,2026-04-29,gcrew,noaa_gefs,21,RH_percent_mean,2,79.37301731109619
gep21,00,2026-04-27,2026-04-29,gcrew,noaa_gefs,21,Rain_mm_sum,2,5.650000095367432
gep21,00,2026-04-27,2026-04-29,gcrew,noaa_gefs,21,ShortwaveRadiation_Wm2,2,123.125
gep21,00,2026-04-27,2026-04-29,gcrew,noaa_gefs,21,WindSpeed_ms_mean,2,6.751690838700274
gep21,00,2026-04-27,2026-04-30,gcrew,noaa_gefs,21,AirTemp_C_mean,3,12.374749755859398
gep21,00,2026-04-27,2026-04-30,gcrew,noaa_gefs,21,Pressure_Pa,3,100118.521484375
gep21,00,2026-04-27,2026-04-30,gcrew,noaa_gefs,21,RH_percent_mean,3,68.30331468582153
gep21,00,2026-04-27,2026-04-30,gcrew,noaa_gefs,21,Rain_mm_sum,3,2.200000047683716
gep21,00,2026-04-27,2026-04-30,gcrew,noaa_gefs,21,ShortwaveRadiation_Wm2,3,336.75
gep21,00,2026-04-27,2026-04-30,gcrew,noaa_gefs,21,WindSpeed_ms_mean,3,6.3404068339236375
gep21,00,2026-04-27,2026-05-01,gcrew,noaa_gefs,21,AirTemp_C_mean,4,11.863782501220726
gep21,00,2026-04-27,2026-05-01,gcrew,noaa_gefs,21,Pressure_Pa,4,100457.115234375
gep21,00,2026-04-27,2026-05-01,gcrew,noaa_gefs,21,RH_percent_mean,4,63.77413034439087
gep21,00,2026-04-27,2026-05-01,gcrew,noaa_gefs,21,Rain_mm_sum,4,0.14999999105930328
gep21,00,2026-04-27,2026-05-01,gcrew,noaa_gefs,21,ShortwaveRadiation_Wm2,4,305.75
gep21,00,2026-04-27,2026-05-01,gcrew,noaa_gefs,21,WindSpeed_ms_mean,4,4.420050426615207
gep21,00,2026-04-27,2026-05-02,gcrew,noaa_gefs,21,AirTemp_C_mean,5,9.424409484863304
gep21,00,2026-04-27,2026-05-02,gcrew,noaa_gefs,21,Pressure_Pa,5,100060.8115234375
gep21,00,2026-04-27,2026-05-02,gcrew,noaa_gefs,21,RH_percent_mean,5,85.62604904174805
gep21,00,2026-04-27,2026-05-02,gcrew,noaa_gefs,21,Rain_mm_sum,5,10.500000223517418
gep21,00,2026-04-27,2026-05-02,gcrew,noaa_gefs,21,ShortwaveRadiation_Wm2,5,49.625
gep21,00,2026-04-27,2026-05-02,gcrew,noaa_gefs,21,WindSpeed_ms_mean,5,6.559776809952508
gep21,00,2026-04-27,2026-05-03,gcrew,noaa_gefs,21,AirTemp_C_mean,6,10.825589752197288
gep21,00,2026-04-27,2026-05-03,gcrew,noaa_gefs,21,Pressure_Pa,6,100683.826171875
gep21,00,2026-04-27,2026-05-03,gcrew,noaa_gefs,21,RH_percent_mean,6,70.58711957931519
gep21,00,2026-04-27,2026-05-03,gcrew,noaa_gefs,21,Rain_mm_sum,6,2.5999999791383743
gep21,00,2026-04-27,2026-05-03,gcrew,noaa_gefs,21,ShortwaveRadiation_Wm2,6,228.625
gep21,00,2026-04-27,2026-05-03,gcrew,noaa_gefs,21,WindSpeed_ms_mean,6,6.259846307795703
gep21,00,2026-04-27,2026-05-04,gcrew,noaa_gefs,21,AirTemp_C_mean,7,12.645486450195335
gep21,00,2026-04-27,2026-05-04,gcrew,noaa_gefs,21,Pressure_Pa,7,101078.326171875
gep21,00,2026-04-27,2026-05-04,gcrew,noaa_gefs,21,RH_percent_mean,7,65.15876054763794
gep21,00,2026-04-27,2026-05-04,gcrew,noaa_gefs,21,Rain_mm_sum,7,0
gep21,00,2026-04-27,2026-05-04,gcrew,noaa_gefs,21,ShortwaveRadiation_Wm2,7,330.375
gep21,00,2026-04-27,2026-05-04,gcrew,noaa_gefs,21,WindSpeed_ms_mean,7,4.1287794168947265
gep21,00,2026-04-27,2026-05-05,gcrew,noaa_gefs,21,AirTemp_C_mean,8,13.514123535156273
gep21,00,2026-04-27,2026-05-05,gcrew,noaa_gefs,21,Pressure_Pa,8,100674.3935546875
gep21,00,2026-04-27,2026-05-05,gcrew,noaa_gefs,21,RH_percent_mean,8,77.96095371246338
gep21,00,2026-04-27,2026-05-05,gcrew,noaa_gefs,21,Rain_mm_sum,8,6.429999984800816
gep21,00,2026-04-27,2026-05-05,gcrew,noaa_gefs,21,ShortwaveRadiation_Wm2,8,102.75
gep21,00,2026-04-27,2026-05-05,gcrew,noaa_gefs,21,WindSpeed_ms_mean,8,3.340704722164043
gep21,00,2026-04-27,2026-05-06,gcrew,noaa_gefs,21,AirTemp_C_mean,9,14.66842476981029
gep21,00,2026-04-27,2026-05-06,gcrew,noaa_gefs,21,Pressure_Pa,9,100426.58035714286
gep21,00,2026-04-27,2026-05-06,gcrew,noaa_gefs,21,RH_percent_mean,9,74.78257206508091
gep21,00,2026-04-27,2026-05-06,gcrew,noaa_gefs,21,Rain_mm_sum,9,2.800000049173832
gep21,00,2026-04-27,2026-05-06,gcrew,noaa_gefs,21,ShortwaveRadiation_Wm2,9,226.57142857142858
gep21,00,2026-04-27,2026-05-06,gcrew,noaa_gefs,21,WindSpeed_ms_mean,9,2.962092818850805
gep21,00,2026-04-27,2026-05-07,gcrew,noaa_gefs,21,AirTemp_C_mean,10,13.210267639160179
gep21,00,2026-04-27,2026-05-07,gcrew,noaa_gefs,21,Pressure_Pa,10,100801.388671875
gep21,00,2026-04-27,2026-05-07,gcrew,noaa_gefs,21,RH_percent_mean,10,64.8941125869751
gep21,00,2026-04-27,2026-05-07,gcrew,noaa_gefs,21,Rain_mm_sum,10,0
gep21,00,2026-04-27,2026-05-07,gcrew,noaa_gefs,21,ShortwaveRadiation_Wm2,10,333.25
gep21,00,2026-04-27,2026-05-07,gcrew,noaa_gefs,21,WindSpeed_ms_mean,10,5.7470248717601695
gep21,00,2026-04-27,2026-05-08,gcrew,noaa_gefs,21,AirTemp_C_mean,11,14.233064270019554
gep21,00,2026-04-27,2026-05-08,gcrew,noaa_gefs,21,Pressure_Pa,11,100949.1875
gep21,00,2026-04-27,2026-05-08,gcrew,noaa_gefs,21,RH_percent_mean,11,63.45889949798584
gep21,00,2026-04-27,2026-05-08,gcrew,noaa_gefs,21,Rain_mm_sum,11,0
gep21,00,2026-04-27,2026-05-08,gcrew,noaa_gefs,21,ShortwaveRadiation_Wm2,11,323.25
gep21,00,2026-04-27,2026-05-08,gcrew,noaa_gefs,21,WindSpeed_ms_mean,11,4.1680753706171
gep21,00,2026-04-27,2026-05-09,gcrew,noaa_gefs,21,AirTemp_C_mean,12,16.69899139404299
gep21,00,2026-04-27,2026-05-09,gcrew,noaa_gefs,21,Pressure_Pa,12,99939.416015625
gep21,00,2026-04-27,2026-05-09,gcrew,noaa_gefs,21,RH_percent_mean,12,93.10905075073242
gep21,00,2026-04-27,2026-05-09,gcrew,noaa_gefs,21,Rain_mm_sum,12,19.40000009536743
gep21,00,2026-04-27,2026-05-09,gcrew,noaa_gefs,21,ShortwaveRadiation_Wm2,12,75
gep21,00,2026-04-27,2026-05-09,gcrew,noaa_gefs,21,WindSpeed_ms_mean,12,5.098757673087844
gep21,00,2026-04-27,2026-05-10,gcrew,noaa_gefs,21,AirTemp_C_mean,13,13.901696777343773
gep21,00,2026-04-27,2026-05-10,gcrew,noaa_gefs,21,Pressure_Pa,13,101187.380859375
gep21,00,2026-04-27,2026-05-10,gcrew,noaa_gefs,21,RH_percent_mean,13,62.095730781555176
gep21,00,2026-04-27,2026-05-10,gcrew,noaa_gefs,21,Rain_mm_sum,13,0.10000000149011612
gep21,00,2026-04-27,2026-05-10,gcrew,noaa_gefs,21,ShortwaveRadiation_Wm2,13,344.5
gep21,00,2026-04-27,2026-05-10,gcrew,noaa_gefs,21,WindSpeed_ms_mean,13,4.143133742887205
gep21,00,2026-04-27,2026-05-11,gcrew,noaa_gefs,21,AirTemp_C_mean,14,15.09168395996096
gep21,00,2026-04-27,2026-05-11,gcrew,noaa_gefs,21,Pressure_Pa,14,102241.033203125
gep21,00,2026-04-27,2026-05-11,gcrew,noaa_gefs,21,RH_percent_mean,14,62.015602111816406
gep21,00,2026-04-27,2026-05-11,gcrew,noaa_gefs,21,Rain_mm_sum,14,0
gep21,00,2026-04-27,2026-05-11,gcrew,noaa_gefs,21,ShortwaveRadiation_Wm2,14,339.75
gep21,00,2026-04-27,2026-05-11,gcrew,noaa_gefs,21,WindSpeed_ms_mean,14,4.706386471173322
gep21,00,2026-04-27,2026-05-12,gcrew,noaa_gefs,21,AirTemp_C_mean,15,17.251084899902366
gep21,00,2026-04-27,2026-05-12,gcrew,noaa_gefs,21,Pressure_Pa,15,102263.9921875
gep21,00,2026-04-27,2026-05-12,gcrew,noaa_gefs,21,RH_percent_mean,15,75.52095794677734
gep21,00,2026-04-27,2026-05-12,gcrew,noaa_gefs,21,Rain_mm_sum,15,0
gep21,00,2026-04-27,2026-05-12,gcrew,noaa_gefs,21,ShortwaveRadiation_Wm2,15,336
gep21,00,2026-04-27,2026-05-12,gcrew,noaa_gefs,21,WindSpeed_ms_mean,15,7.010430330005118
gep21,00,2026-04-27,2026-05-13,gcrew,noaa_gefs,21,AirTemp_C_mean,16,19.49273834228518
gep21,00,2026-04-27,2026-05-13,gcrew,noaa_gefs,21,Pressure_Pa,16,101710.423828125
gep21,00,2026-04-27,2026-05-13,gcrew,noaa_gefs,21,RH_percent_mean,16,90.239959716796875
gep21,00,2026-04-27,2026-05-13,gcrew,noaa_gefs,21,Rain_mm_sum,16,2.800000049173832
gep21,00,2026-04-27,2026-05-13,gcrew,noaa_gefs,21,ShortwaveRadiation_Wm2,16,215.75
gep21,00,2026-04-27,2026-05-13,gcrew,noaa_gefs,21,WindSpeed_ms_mean,16,6.026004144410448
gep21,00,2026-04-27,2026-05-14,gcrew,noaa_gefs,21,AirTemp_C_mean,17,18.513650512695335
gep21,00,2026-04-27,2026-05-14,gcrew,noaa_gefs,21,Pressure_Pa,17,101608.88671875
gep21,00,2026-04-27,2026-05-14,gcrew,noaa_gefs,21,RH_percent_mean,17,86.30577850341797
gep21,00,2026-04-27,2026-05-14,gcrew,noaa_gefs,21,Rain_mm_sum,17,12.900000095367432
gep21,00,2026-04-27,2026-05-14,gcrew,noaa_gefs,21,ShortwaveRadiation_Wm2,17,185.75
gep21,00,2026-04-27,2026-05-14,gcrew,noaa_gefs,21,WindSpeed_ms_mean,17,4.270036840520563
gep21,00,2026-04-27,2026-05-15,gcrew,noaa_gefs,21,AirTemp_C_mean,18,15.910485839843773
gep21,00,2026-04-27,2026-05-15,gcrew,noaa_gefs,21,Pressure_Pa,18,102181.615234375
gep21,00,2026-04-27,2026-05-15,gcrew,noaa_gefs,21,RH_percent_mean,18,76.19487285614014
gep21,00,2026-04-27,2026-05-15,gcrew,noaa_gefs,21,Rain_mm_sum,18,0
gep21,00,2026-04-27,2026-05-15,gcrew,noaa_gefs,21,ShortwaveRadiation_Wm2,18,343.5
gep21,00,2026-04-27,2026-05-15,gcrew,noaa_gefs,21,WindSpeed_ms_mean,18,3.9490240974844317
gep21,00,2026-04-27,2026-05-16,gcrew,noaa_gefs,21,AirTemp_C_mean,19,20.577661132812523
gep21,00,2026-04-27,2026-05-16,gcrew,noaa_gefs,21,Pressure_Pa,19,101713.755859375
gep21,00,2026-04-27,2026-05-16,gcrew,noaa_gefs,21,RH_percent_mean,19,80.4810848236084
gep21,00,2026-04-27,2026-05-16,gcrew,noaa_gefs,21,Rain_mm_sum,19,1.1000000014901161
gep21,00,2026-04-27,2026-05-16,gcrew,noaa_gefs,21,ShortwaveRadiation_Wm2,19,322.75
gep21,00,2026-04-27,2026-05-16,gcrew,noaa_gefs,21,WindSpeed_ms_mean,19,4.781925626210346
gep21,00,2026-04-27,2026-05-17,gcrew,noaa_gefs,21,AirTemp_C_mean,20,22.937905883789085
gep21,00,2026-04-27,2026-05-17,gcrew,noaa_gefs,21,Pressure_Pa,20,101673.8359375
gep21,00,2026-04-27,2026-05-17,gcrew,noaa_gefs,21,RH_percent_mean,20,77.38579750061035
gep21,00,2026-04-27,2026-05-17,gcrew,noaa_gefs,21,Rain_mm_sum,20,4.300000049173832
gep21,00,2026-04-27,2026-05-17,gcrew,noaa_gefs,21,ShortwaveRadiation_Wm2,20,295.25
gep21,00,2026-04-27,2026-05-17,gcrew,noaa_gefs,21,WindSpeed_ms_mean,20,3.0308602990974056
gep21,00,2026-04-27,2026-05-18,gcrew,noaa_gefs,21,AirTemp_C_mean,21,24.01905212402346
gep21,00,2026-04-27,2026-05-18,gcrew,noaa_gefs,21,Pressure_Pa,21,101460.267578125
gep21,00,2026-04-27,2026-05-18,gcrew,noaa_gefs,21,RH_percent_mean,21,76.18959331512451
gep21,00,2026-04-27,2026-05-18,gcrew,noaa_gefs,21,Rain_mm_sum,21,16.80000078678131
gep21,00,2026-04-27,2026-05-18,gcrew,noaa_gefs,21,ShortwaveRadiation_Wm2,21,296
gep21,00,2026-04-27,2026-05-18,gcrew,noaa_gefs,21,WindSpeed_ms_mean,21,3.073193730264629
gep21,00,2026-04-27,2026-05-19,gcrew,noaa_gefs,21,AirTemp_C_mean,22,25.510980224609398
gep21,00,2026-04-27,2026-05-19,gcrew,noaa_gefs,21,Pressure_Pa,22,100955.107421875
gep21,00,2026-04-27,2026-05-19,gcrew,noaa_gefs,21,RH_percent_mean,22,70.90894889831543
gep21,00,2026-04-27,2026-05-19,gcrew,noaa_gefs,21,Rain_mm_sum,22,1.600000038743019
gep21,00,2026-04-27,2026-05-19,gcrew,noaa_gefs,21,ShortwaveRadiation_Wm2,22,224
gep21,00,2026-04-27,2026-05-19,gcrew,noaa_gefs,21,WindSpeed_ms_mean,22,2.4858541001805587
gep21,00,2026-04-27,2026-05-20,gcrew,noaa_gefs,21,AirTemp_C_mean,23,21.864289855957054
gep21,00,2026-04-27,2026-05-20,gcrew,noaa_gefs,21,Pressure_Pa,23,101018.095703125
gep21,00,2026-04-27,2026-05-20,gcrew,noaa_gefs,21,RH_percent_mean,23,67.23811626434326
gep21,00,2026-04-27,2026-05-20,gcrew,noaa_gefs,21,Rain_mm_sum,23,0.30000001192092896
gep21,00,2026-04-27,2026-05-20,gcrew,noaa_gefs,21,ShortwaveRadiation_Wm2,23,327.25
gep21,00,2026-04-27,2026-05-20,gcrew,noaa_gefs,21,WindSpeed_ms_mean,23,4.555111160571268
gep21,00,2026-04-27,2026-05-21,gcrew,noaa_gefs,21,AirTemp_C_mean,24,19.262673950195335
gep21,00,2026-04-27,2026-05-21,gcrew,noaa_gefs,21,Pressure_Pa,24,101705.2734375
gep21,00,2026-04-27,2026-05-21,gcrew,noaa_gefs,21,RH_percent_mean,24,62.426734924316406
gep21,00,2026-04-27,2026-05-21,gcrew,noaa_gefs,21,Rain_mm_sum,24,0
gep21,00,2026-04-27,2026-05-21,gcrew,noaa_gefs,21,ShortwaveRadiation_Wm2,24,345.75
gep21,00,2026-04-27,2026-05-21,gcrew,noaa_gefs,21,WindSpeed_ms_mean,24,2.407734619792761
gep21,00,2026-04-27,2026-05-22,gcrew,noaa_gefs,21,AirTemp_C_mean,25,19.581025695800804
gep21,00,2026-04-27,2026-05-22,gcrew,noaa_gefs,21,Pressure_Pa,25,101598.32421875
gep21,00,2026-04-27,2026-05-22,gcrew,noaa_gefs,21,RH_percent_mean,25,67.51792812347412
gep21,00,2026-04-27,2026-05-22,gcrew,noaa_gefs,21,Rain_mm_sum,25,0
gep21,00,2026-04-27,2026-05-22,gcrew,noaa_gefs,21,ShortwaveRadiation_Wm2,25,339.25
gep21,00,2026-04-27,2026-05-22,gcrew,noaa_gefs,21,WindSpeed_ms_mean,25,4.837275644483171
gep21,00,2026-04-27,2026-05-23,gcrew,noaa_gefs,21,AirTemp_C_mean,26,19.05195007324221
gep21,00,2026-04-27,2026-05-23,gcrew,noaa_gefs,21,Pressure_Pa,26,101465.875
gep21,00,2026-04-27,2026-05-23,gcrew,noaa_gefs,21,RH_percent_mean,26,65.91939640045166
gep21,00,2026-04-27,2026-05-23,gcrew,noaa_gefs,21,Rain_mm_sum,26,0
gep21,00,2026-04-27,2026-05-23,gcrew,noaa_gefs,21,ShortwaveRadiation_Wm2,26,342.25
gep21,00,2026-04-27,2026-05-23,gcrew,noaa_gefs,21,WindSpeed_ms_mean,26,3.9395944856956513
gep21,00,2026-04-27,2026-05-24,gcrew,noaa_gefs,21,AirTemp_C_mean,27,19.98945007324221
gep21,00,2026-04-27,2026-05-24,gcrew,noaa_gefs,21,Pressure_Pa,27,101342.990234375
gep21,00,2026-04-27,2026-05-24,gcrew,noaa_gefs,21,RH_percent_mean,27,67.63784408569336
gep21,00,2026-04-27,2026-05-24,gcrew,noaa_gefs,21,Rain_mm_sum,27,0
gep21,00,2026-04-27,2026-05-24,gcrew,noaa_gefs,21,ShortwaveRadiation_Wm2,27,291.25
gep21,00,2026-04-27,2026-05-24,gcrew,noaa_gefs,21,WindSpeed_ms_mean,27,1.8987633133925008
gep21,00,2026-04-27,2026-05-25,gcrew,noaa_gefs,21,AirTemp_C_mean,28,20.29615173339846
gep21,00,2026-04-27,2026-05-25,gcrew,noaa_gefs,21,Pressure_Pa,28,100799.01953125
gep21,00,2026-04-27,2026-05-25,gcrew,noaa_gefs,21,RH_percent_mean,28,68.97553539276123
gep21,00,2026-04-27,2026-05-25,gcrew,noaa_gefs,21,Rain_mm_sum,28,0
gep21,00,2026-04-27,2026-05-25,gcrew,noaa_gefs,21,ShortwaveRadiation_Wm2,28,309.75
gep21,00,2026-04-27,2026-05-25,gcrew,noaa_gefs,21,WindSpeed_ms_mean,28,3.282312133189652
gep21,00,2026-04-27,2026-05-26,gcrew,noaa_gefs,21,AirTemp_C_mean,29,23.21851501464846
gep21,00,2026-04-27,2026-05-26,gcrew,noaa_gefs,21,Pressure_Pa,29,100695.197265625
gep21,00,2026-04-27,2026-05-26,gcrew,noaa_gefs,21,RH_percent_mean,29,82.25054931640625
gep21,00,2026-04-27,2026-05-26,gcrew,noaa_gefs,21,Rain_mm_sum,29,4.899999916553497
gep21,00,2026-04-27,2026-05-26,gcrew,noaa_gefs,21,ShortwaveRadiation_Wm2,29,325.5
gep21,00,2026-04-27,2026-05-26,gcrew,noaa_gefs,21,WindSpeed_ms_mean,29,3.3496704517798257
gep21,00,2026-04-27,2026-05-27,gcrew,noaa_gefs,21,AirTemp_C_mean,30,21.77124176025393
gep21,00,2026-04-27,2026-05-27,gcrew,noaa_gefs,21,Pressure_Pa,30,101327.005859375
gep21,00,2026-04-27,2026-05-27,gcrew,noaa_gefs,21,RH_percent_mean,30,82.51387405395508
gep21,00,2026-04-27,2026-05-27,gcrew,noaa_gefs,21,Rain_mm_sum,30,0
gep21,00,2026-04-27,2026-05-27,gcrew,noaa_gefs,21,ShortwaveRadiation_Wm2,30,325.75
gep21,00,2026-04-27,2026-05-27,gcrew,noaa_gefs,21,WindSpeed_ms_mean,30,4.527820202533626
gep21,00,2026-04-27,2026-05-28,gcrew,noaa_gefs,21,AirTemp_C_mean,31,24.39227447509768
gep21,00,2026-04-27,2026-05-28,gcrew,noaa_gefs,21,Pressure_Pa,31,101159.59375
gep21,00,2026-04-27,2026-05-28,gcrew,noaa_gefs,21,RH_percent_mean,31,79.66389560699463
gep21,00,2026-04-27,2026-05-28,gcrew,noaa_gefs,21,Rain_mm_sum,31,2.9999999552965164
gep21,00,2026-04-27,2026-05-28,gcrew,noaa_gefs,21,ShortwaveRadiation_Wm2,31,332.5
gep21,00,2026-04-27,2026-05-28,gcrew,noaa_gefs,21,WindSpeed_ms_mean,31,3.941846018368561
gep21,00,2026-04-27,2026-05-29,gcrew,noaa_gefs,21,AirTemp_C_mean,32,23.499902343750023
gep21,00,2026-04-27,2026-05-29,gcrew,noaa_gefs,21,Pressure_Pa,32,101534.01171875
gep21,00,2026-04-27,2026-05-29,gcrew,noaa_gefs,21,RH_percent_mean,32,81.16684532165527
gep21,00,2026-04-27,2026-05-29,gcrew,noaa_gefs,21,Rain_mm_sum,32,3.3000000715255737
gep21,00,2026-04-27,2026-05-29,gcrew,noaa_gefs,21,ShortwaveRadiation_Wm2,32,322.75
gep21,00,2026-04-27,2026-05-29,gcrew,noaa_gefs,21,WindSpeed_ms_mean,32,3.215779983650272
gep21,00,2026-04-27,2026-05-30,gcrew,noaa_gefs,21,AirTemp_C_mean,33,25.719346618652366
gep21,00,2026-04-27,2026-05-30,gcrew,noaa_gefs,21,Pressure_Pa,33,101169.580078125
gep21,00,2026-04-27,2026-05-30,gcrew,noaa_gefs,21,RH_percent_mean,33,69.18948173522949
gep21,00,2026-04-27,2026-05-30,gcrew,noaa_gefs,21,Rain_mm_sum,33,5.900000095367432
gep21,00,2026-04-27,2026-05-30,gcrew,noaa_gefs,21,ShortwaveRadiation_Wm2,33,328
gep21,00,2026-04-27,2026-05-30,gcrew,noaa_gefs,21,WindSpeed_ms_mean,33,5.024491839967965
gep21,00,2026-04-27,2026-05-31,gcrew,noaa_gefs,21,AirTemp_C_mean,34,19.59900054931643
gep21,00,2026-04-27,2026-05-31,gcrew,noaa_gefs,21,Pressure_Pa,34,101853.44140625
gep21,00,2026-04-27,2026-05-31,gcrew,noaa_gefs,21,RH_percent_mean,34,62.48447799682617
gep21,00,2026-04-27,2026-05-31,gcrew,noaa_gefs,21,Rain_mm_sum,34,0
gep21,00,2026-04-27,2026-05-31,gcrew,noaa_gefs,21,ShortwaveRadiation_Wm2,34,360.25
gep21,00,2026-04-27,2026-05-31,gcrew,noaa_gefs,21,WindSpeed_ms_mean,34,4.692275223673417
gep22,00,2026-04-27,2026-04-28,gcrew,noaa_gefs,22,AirTemp_C_mean,1,11.579675292968773
gep22,00,2026-04-27,2026-04-28,gcrew,noaa_gefs,22,Pressure_Pa,1,101858.66796875
gep22,00,2026-04-27,2026-04-28,gcrew,noaa_gefs,22,RH_percent_mean,1,70.0107069015503
gep22,00,2026-04-27,2026-04-28,gcrew,noaa_gefs,22,Rain_mm_sum,1,2.1800000071525574
gep22,00,2026-04-27,2026-04-28,gcrew,noaa_gefs,22,ShortwaveRadiation_Wm2,1,182.375
gep22,00,2026-04-27,2026-04-28,gcrew,noaa_gefs,22,WindSpeed_ms_mean,1,3.144690806609595
gep22,00,2026-04-27,2026-04-29,gcrew,noaa_gefs,22,AirTemp_C_mean,2,13.038072204589866
gep22,00,2026-04-27,2026-04-29,gcrew,noaa_gefs,22,Pressure_Pa,2,100681.7392578125
gep22,00,2026-04-27,2026-04-29,gcrew,noaa_gefs,22,RH_percent_mean,2,79.37301731109619
gep22,00,2026-04-27,2026-04-29,gcrew,noaa_gefs,22,Rain_mm_sum,2,5.650000095367432
gep22,00,2026-04-27,2026-04-29,gcrew,noaa_gefs,22,ShortwaveRadiation_Wm2,2,123.125
gep22,00,2026-04-27,2026-04-29,gcrew,noaa_gefs,22,WindSpeed_ms_mean,2,6.751690838700274
gep22,00,2026-04-27,2026-04-30,gcrew,noaa_gefs,22,AirTemp_C_mean,3,12.374749755859398
gep22,00,2026-04-27,2026-04-30,gcrew,noaa_gefs,22,Pressure_Pa,3,100118.521484375
gep22,00,2026-04-27,2026-04-30,gcrew,noaa_gefs,22,RH_percent_mean,3,68.30331468582153
gep22,00,2026-04-27,2026-04-30,gcrew,noaa_gefs,22,Rain_mm_sum,3,2.200000047683716
gep22,00,2026-04-27,2026-04-30,gcrew,noaa_gefs,22,ShortwaveRadiation_Wm2,3,336.75
gep22,00,2026-04-27,2026-04-30,gcrew,noaa_gefs,22,WindSpeed_ms_mean,3,6.3404068339236375
gep22,00,2026-04-27,2026-05-01,gcrew,noaa_gefs,22,AirTemp_C_mean,4,11.863782501220726
gep22,00,2026-04-27,2026-05-01,gcrew,noaa_gefs,22,Pressure_Pa,4,100457.115234375
gep22,00,2026-04-27,2026-05-01,gcrew,noaa_gefs,22,RH_percent_mean,4,63.77413034439087
gep22,00,2026-04-27,2026-05-01,gcrew,noaa_gefs,22,Rain_mm_sum,4,0.14999999105930328
gep22,00,2026-04-27,2026-05-01,gcrew,noaa_gefs,22,ShortwaveRadiation_Wm2,4,305.75
gep22,00,2026-04-27,2026-05-01,gcrew,noaa_gefs,22,WindSpeed_ms_mean,4,4.420050426615207
gep22,00,2026-04-27,2026-05-02,gcrew,noaa_gefs,22,AirTemp_C_mean,5,9.424409484863304
gep22,00,2026-04-27,2026-05-02,gcrew,noaa_gefs,22,Pressure_Pa,5,100060.8115234375
gep22,00,2026-04-27,2026-05-02,gcrew,noaa_gefs,22,RH_percent_mean,5,85.62604904174805
gep22,00,2026-04-27,2026-05-02,gcrew,noaa_gefs,22,Rain_mm_sum,5,10.500000223517418
gep22,00,2026-04-27,2026-05-02,gcrew,noaa_gefs,22,ShortwaveRadiation_Wm2,5,49.625
gep22,00,2026-04-27,2026-05-02,gcrew,noaa_gefs,22,WindSpeed_ms_mean,5,6.559776809952508
gep22,00,2026-04-27,2026-05-03,gcrew,noaa_gefs,22,AirTemp_C_mean,6,10.825589752197288
gep22,00,2026-04-27,2026-05-03,gcrew,noaa_gefs,22,Pressure_Pa,6,100683.826171875
gep22,00,2026-04-27,2026-05-03,gcrew,noaa_gefs,22,RH_percent_mean,6,70.58711957931519
gep22,00,2026-04-27,2026-05-03,gcrew,noaa_gefs,22,Rain_mm_sum,6,2.5999999791383743
gep22,00,2026-04-27,2026-05-03,gcrew,noaa_gefs,22,ShortwaveRadiation_Wm2,6,228.625
gep22,00,2026-04-27,2026-05-03,gcrew,noaa_gefs,22,WindSpeed_ms_mean,6,6.259846307795703
gep22,00,2026-04-27,2026-05-04,gcrew,noaa_gefs,22,AirTemp_C_mean,7,12.645486450195335
gep22,00,2026-04-27,2026-05-04,gcrew,noaa_gefs,22,Pressure_Pa,7,101078.326171875
gep22,00,2026-04-27,2026-05-04,gcrew,noaa_gefs,22,RH_percent_mean,7,65.15876054763794
gep22,00,2026-04-27,2026-05-04,gcrew,noaa_gefs,22,Rain_mm_sum,7,0
gep22,00,2026-04-27,2026-05-04,gcrew,noaa_gefs,22,ShortwaveRadiation_Wm2,7,330.375
gep22,00,2026-04-27,2026-05-04,gcrew,noaa_gefs,22,WindSpeed_ms_mean,7,4.1287794168947265
gep22,00,2026-04-27,2026-05-05,gcrew,noaa_gefs,22,AirTemp_C_mean,8,13.514123535156273
gep22,00,2026-04-27,2026-05-05,gcrew,noaa_gefs,22,Pressure_Pa,8,100674.3935546875
gep22,00,2026-04-27,2026-05-05,gcrew,noaa_gefs,22,RH_percent_mean,8,77.96095371246338
gep22,00,2026-04-27,2026-05-05,gcrew,noaa_gefs,22,Rain_mm_sum,8,6.429999984800816
gep22,00,2026-04-27,2026-05-05,gcrew,noaa_gefs,22,ShortwaveRadiation_Wm2,8,102.75
gep22,00,2026-04-27,2026-05-05,gcrew,noaa_gefs,22,WindSpeed_ms_mean,8,3.340704722164043
gep22,00,2026-04-27,2026-05-06,gcrew,noaa_gefs,22,AirTemp_C_mean,9,14.66842476981029
gep22,00,2026-04-27,2026-05-06,gcrew,noaa_gefs,22,Pressure_Pa,9,100426.58035714286
gep22,00,2026-04-27,2026-05-06,gcrew,noaa_gefs,22,RH_percent_mean,9,74.78257206508091
gep22,00,2026-04-27,2026-05-06,gcrew,noaa_gefs,22,Rain_mm_sum,9,2.800000049173832
gep22,00,2026-04-27,2026-05-06,gcrew,noaa_gefs,22,ShortwaveRadiation_Wm2,9,226.57142857142858
gep22,00,2026-04-27,2026-05-06,gcrew,noaa_gefs,22,WindSpeed_ms_mean,9,2.962092818850805
gep22,00,2026-04-27,2026-05-07,gcrew,noaa_gefs,22,AirTemp_C_mean,10,13.210267639160179
gep22,00,2026-04-27,2026-05-07,gcrew,noaa_gefs,22,Pressure_Pa,10,100801.388671875
gep22,00,2026-04-27,2026-05-07,gcrew,noaa_gefs,22,RH_percent_mean,10,64.8941125869751
gep22,00,2026-04-27,2026-05-07,gcrew,noaa_gefs,22,Rain_mm_sum,10,0
gep22,00,2026-04-27,2026-05-07,gcrew,noaa_gefs,22,ShortwaveRadiation_Wm2,10,333.25
gep22,00,2026-04-27,2026-05-07,gcrew,noaa_gefs,22,WindSpeed_ms_mean,10,5.7470248717601695
gep22,00,2026-04-27,2026-05-08,gcrew,noaa_gefs,22,AirTemp_C_mean,11,14.233064270019554
gep22,00,2026-04-27,2026-05-08,gcrew,noaa_gefs,22,Pressure_Pa,11,100949.1875
gep22,00,2026-04-27,2026-05-08,gcrew,noaa_gefs,22,RH_percent_mean,11,63.45889949798584
gep22,00,2026-04-27,2026-05-08,gcrew,noaa_gefs,22,Rain_mm_sum,11,0
gep22,00,2026-04-27,2026-05-08,gcrew,noaa_gefs,22,ShortwaveRadiation_Wm2,11,323.25
gep22,00,2026-04-27,2026-05-08,gcrew,noaa_gefs,22,WindSpeed_ms_mean,11,4.1680753706171
gep22,00,2026-04-27,2026-05-09,gcrew,noaa_gefs,22,AirTemp_C_mean,12,16.69899139404299
gep22,00,2026-04-27,2026-05-09,gcrew,noaa_gefs,22,Pressure_Pa,12,99939.416015625
gep22,00,2026-04-27,2026-05-09,gcrew,noaa_gefs,22,RH_percent_mean,12,93.10905075073242
gep22,00,2026-04-27,2026-05-09,gcrew,noaa_gefs,22,Rain_mm_sum,12,19.40000009536743
gep22,00,2026-04-27,2026-05-09,gcrew,noaa_gefs,22,ShortwaveRadiation_Wm2,12,75
gep22,00,2026-04-27,2026-05-09,gcrew,noaa_gefs,22,WindSpeed_ms_mean,12,5.098757673087844
gep22,00,2026-04-27,2026-05-10,gcrew,noaa_gefs,22,AirTemp_C_mean,13,13.901696777343773
gep22,00,2026-04-27,2026-05-10,gcrew,noaa_gefs,22,Pressure_Pa,13,101187.380859375
gep22,00,2026-04-27,2026-05-10,gcrew,noaa_gefs,22,RH_percent_mean,13,62.095730781555176
gep22,00,2026-04-27,2026-05-10,gcrew,noaa_gefs,22,Rain_mm_sum,13,0.10000000149011612
gep22,00,2026-04-27,2026-05-10,gcrew,noaa_gefs,22,ShortwaveRadiation_Wm2,13,344.5
gep22,00,2026-04-27,2026-05-10,gcrew,noaa_gefs,22,WindSpeed_ms_mean,13,4.143133742887205
gep22,00,2026-04-27,2026-05-11,gcrew,noaa_gefs,22,AirTemp_C_mean,14,15.09168395996096
gep22,00,2026-04-27,2026-05-11,gcrew,noaa_gefs,22,Pressure_Pa,14,102241.033203125
gep22,00,2026-04-27,2026-05-11,gcrew,noaa_gefs,22,RH_percent_mean,14,62.015602111816406
gep22,00,2026-04-27,2026-05-11,gcrew,noaa_gefs,22,Rain_mm_sum,14,0
gep22,00,2026-04-27,2026-05-11,gcrew,noaa_gefs,22,ShortwaveRadiation_Wm2,14,339.75
gep22,00,2026-04-27,2026-05-11,gcrew,noaa_gefs,22,WindSpeed_ms_mean,14,4.706386471173322
gep22,00,2026-04-27,2026-05-12,gcrew,noaa_gefs,22,AirTemp_C_mean,15,17.251084899902366
gep22,00,2026-04-27,2026-05-12,gcrew,noaa_gefs,22,Pressure_Pa,15,102263.9921875
gep22,00,2026-04-27,2026-05-12,gcrew,noaa_gefs,22,RH_percent_mean,15,75.52095794677734
gep22,00,2026-04-27,2026-05-12,gcrew,noaa_gefs,22,Rain_mm_sum,15,0
gep22,00,2026-04-27,2026-05-12,gcrew,noaa_gefs,22,ShortwaveRadiation_Wm2,15,336
gep22,00,2026-04-27,2026-05-12,gcrew,noaa_gefs,22,WindSpeed_ms_mean,15,7.010430330005118
gep22,00,2026-04-27,2026-05-13,gcrew,noaa_gefs,22,AirTemp_C_mean,16,19.49273834228518
gep22,00,2026-04-27,2026-05-13,gcrew,noaa_gefs,22,Pressure_Pa,16,101710.423828125
gep22,00,2026-04-27,2026-05-13,gcrew,noaa_gefs,22,RH_percent_mean,16,90.239959716796875
gep22,00,2026-04-27,2026-05-13,gcrew,noaa_gefs,22,Rain_mm_sum,16,2.800000049173832
gep22,00,2026-04-27,2026-05-13,gcrew,noaa_gefs,22,ShortwaveRadiation_Wm2,16,215.75
gep22,00,2026-04-27,2026-05-13,gcrew,noaa_gefs,22,WindSpeed_ms_mean,16,6.026004144410448
gep22,00,2026-04-27,2026-05-14,gcrew,noaa_gefs,22,AirTemp_C_mean,17,18.513650512695335
gep22,00,2026-04-27,2026-05-14,gcrew,noaa_gefs,22,Pressure_Pa,17,101608.88671875
gep22,00,2026-04-27,2026-05-14,gcrew,noaa_gefs,22,RH_percent_mean,17,86.30577850341797
gep22,00,2026-04-27,2026-05-14,gcrew,noaa_gefs,22,Rain_mm_sum,17,12.900000095367432
gep22,00,2026-04-27,2026-05-14,gcrew,noaa_gefs,22,ShortwaveRadiation_Wm2,17,185.75
gep22,00,2026-04-27,2026-05-14,gcrew,noaa_gefs,22,WindSpeed_ms_mean,17,4.270036840520563
gep22,00,2026-04-27,2026-05-15,gcrew,noaa_gefs,22,AirTemp_C_mean,18,15.910485839843773
gep22,00,2026-04-27,2026-05-15,gcrew,noaa_gefs,22,Pressure_Pa,18,102181.615234375
gep22,00,2026-04-27,2026-05-15,gcrew,noaa_gefs,22,RH_percent_mean,18,76.19487285614014
gep22,00,2026-04-27,2026-05-15,gcrew,noaa_gefs,22,Rain_mm_sum,18,0
gep22,00,2026-04-27,2026-05-15,gcrew,noaa_gefs,22,ShortwaveRadiation_Wm2,18,343.5
gep22,00,2026-04-27,2026-05-15,gcrew,noaa_gefs,22,WindSpeed_ms_mean,18,3.9490240974844317
gep22,00,2026-04-27,2026-05-16,gcrew,noaa_gefs,22,AirTemp_C_mean,19,20.577661132812523
gep22,00,2026-04-27,2026-05-16,gcrew,noaa_gefs,22,Pressure_Pa,19,101713.755859375
gep22,00,2026-04-27,2026-05-16,gcrew,noaa_gefs,22,RH_percent_mean,19,80.4810848236084
gep22,00,2026-04-27,2026-05-16,gcrew,noaa_gefs,22,Rain_mm_sum,19,1.1000000014901161
gep22,00,2026-04-27,2026-05-16,gcrew,noaa_gefs,22,ShortwaveRadiation_Wm2,19,322.75
gep22,00,2026-04-27,2026-05-16,gcrew,noaa_gefs,22,WindSpeed_ms_mean,19,4.781925626210346
gep22,00,2026-04-27,2026-05-17,gcrew,noaa_gefs,22,AirTemp_C_mean,20,22.937905883789085
gep22,00,2026-04-27,2026-05-17,gcrew,noaa_gefs,22,Pressure_Pa,20,101673.8359375
gep22,00,2026-04-27,2026-05-17,gcrew,noaa_gefs,22,RH_percent_mean,20,77.38579750061035
gep22,00,2026-04-27,2026-05-17,gcrew,noaa_gefs,22,Rain_mm_sum,20,4.300000049173832
gep22,00,2026-04-27,2026-05-17,gcrew,noaa_gefs,22,ShortwaveRadiation_Wm2,20,295.25
gep22,00,2026-04-27,2026-05-17,gcrew,noaa_gefs,22,WindSpeed_ms_mean,20,3.0308602990974056
gep22,00,2026-04-27,2026-05-18,gcrew,noaa_gefs,22,AirTemp_C_mean,21,24.01905212402346
gep22,00,2026-04-27,2026-05-18,gcrew,noaa_gefs,22,Pressure_Pa,21,101460.267578125
gep22,00,2026-04-27,2026-05-18,gcrew,noaa_gefs,22,RH_percent_mean,21,76.18959331512451
gep22,00,2026-04-27,2026-05-18,gcrew,noaa_gefs,22,Rain_mm_sum,21,16.80000078678131
gep22,00,2026-04-27,2026-05-18,gcrew,noaa_gefs,22,ShortwaveRadiation_Wm2,21,296
gep22,00,2026-04-27,2026-05-18,gcrew,noaa_gefs,22,WindSpeed_ms_mean,21,3.073193730264629
gep22,00,2026-04-27,2026-05-19,gcrew,noaa_gefs,22,AirTemp_C_mean,22,25.510980224609398
gep22,00,2026-04-27,2026-05-19,gcrew,noaa_gefs,22,Pressure_Pa,22,100955.107421875
gep22,00,2026-04-27,2026-05-19,gcrew,noaa_gefs,22,RH_percent_mean,22,70.90894889831543
gep22,00,2026-04-27,2026-05-19,gcrew,noaa_gefs,22,Rain_mm_sum,22,1.600000038743019
gep22,00,2026-04-27,2026-05-19,gcrew,noaa_gefs,22,ShortwaveRadiation_Wm2,22,224
gep22,00,2026-04-27,2026-05-19,gcrew,noaa_gefs,22,WindSpeed_ms_mean,22,2.4858541001805587
gep22,00,2026-04-27,2026-05-20,gcrew,noaa_gefs,22,AirTemp_C_mean,23,21.864289855957054
gep22,00,2026-04-27,2026-05-20,gcrew,noaa_gefs,22,Pressure_Pa,23,101018.095703125
gep22,00,2026-04-27,2026-05-20,gcrew,noaa_gefs,22,RH_percent_mean,23,67.23811626434326
gep22,00,2026-04-27,2026-05-20,gcrew,noaa_gefs,22,Rain_mm_sum,23,0.30000001192092896
gep22,00,2026-04-27,2026-05-20,gcrew,noaa_gefs,22,ShortwaveRadiation_Wm2,23,327.25
gep22,00,2026-04-27,2026-05-20,gcrew,noaa_gefs,22,WindSpeed_ms_mean,23,4.555111160571268
gep22,00,2026-04-27,2026-05-21,gcrew,noaa_gefs,22,AirTemp_C_mean,24,19.262673950195335
gep22,00,2026-04-27,2026-05-21,gcrew,noaa_gefs,22,Pressure_Pa,24,101705.2734375
gep22,00,2026-04-27,2026-05-21,gcrew,noaa_gefs,22,RH_percent_mean,24,62.426734924316406
gep22,00,2026-04-27,2026-05-21,gcrew,noaa_gefs,22,Rain_mm_sum,24,0
gep22,00,2026-04-27,2026-05-21,gcrew,noaa_gefs,22,ShortwaveRadiation_Wm2,24,345.75
gep22,00,2026-04-27,2026-05-21,gcrew,noaa_gefs,22,WindSpeed_ms_mean,24,2.407734619792761
gep22,00,2026-04-27,2026-05-22,gcrew,noaa_gefs,22,AirTemp_C_mean,25,19.581025695800804
gep22,00,2026-04-27,2026-05-22,gcrew,noaa_gefs,22,Pressure_Pa,25,101598.32421875
gep22,00,2026-04-27,2026-05-22,gcrew,noaa_gefs,22,RH_percent_mean,25,67.51792812347412
gep22,00,2026-04-27,2026-05-22,gcrew,noaa_gefs,22,Rain_mm_sum,25,0
gep22,00,2026-04-27,2026-05-22,gcrew,noaa_gefs,22,ShortwaveRadiation_Wm2,25,339.25
gep22,00,2026-04-27,2026-05-22,gcrew,noaa_gefs,22,WindSpeed_ms_mean,25,4.837275644483171
gep22,00,2026-04-27,2026-05-23,gcrew,noaa_gefs,22,AirTemp_C_mean,26,19.05195007324221
gep22,00,2026-04-27,2026-05-23,gcrew,noaa_gefs,22,Pressure_Pa,26,101465.875
gep22,00,2026-04-27,2026-05-23,gcrew,noaa_gefs,22,RH_percent_mean,26,65.91939640045166
gep22,00,2026-04-27,2026-05-23,gcrew,noaa_gefs,22,Rain_mm_sum,26,0
gep22,00,2026-04-27,2026-05-23,gcrew,noaa_gefs,22,ShortwaveRadiation_Wm2,26,342.25
gep22,00,2026-04-27,2026-05-23,gcrew,noaa_gefs,22,WindSpeed_ms_mean,26,3.9395944856956513
gep22,00,2026-04-27,2026-05-24,gcrew,noaa_gefs,22,AirTemp_C_mean,27,19.98945007324221
gep22,00,2026-04-27,2026-05-24,gcrew,noaa_gefs,22,Pressure_Pa,27,101342.990234375
gep22,00,2026-04-27,2026-05-24,gcrew,noaa_gefs,22,RH_percent_mean,27,67.63784408569336
gep22,00,2026-04-27,2026-05-24,gcrew,noaa_gefs,22,Rain_mm_sum,27,0
gep22,00,2026-04-27,2026-05-24,gcrew,noaa_gefs,22,ShortwaveRadiation_Wm2,27,291.25
gep22,00,2026-04-27,2026-05-24,gcrew,noaa_gefs,22,WindSpeed_ms_mean,27,1.8987633133925008
gep22,00,2026-04-27,2026-05-25,gcrew,noaa_gefs,22,AirTemp_C_mean,28,20.29615173339846
gep22,00,2026-04-27,2026-05-25,gcrew,noaa_gefs,22,Pressure_Pa,28,100799.01953125
gep22,00,2026-04-27,2026-05-25,gcrew,noaa_gefs,22,RH_percent_mean,28,68.97553539276123
gep22,00,2026-04-27,2026-05-25,gcrew,noaa_gefs,22,Rain_mm_sum,28,0
gep22,00,2026-04-27,2026-05-25,gcrew,noaa_gefs,22,ShortwaveRadiation_Wm2,28,309.75
gep22,00,2026-04-27,2026-05-25,gcrew,noaa_gefs,22,WindSpeed_ms_mean,28,3.282312133189652
gep22,00,2026-04-27,2026-05-26,gcrew,noaa_gefs,22,AirTemp_C_mean,29,23.21851501464846
gep22,00,2026-04-27,2026-05-26,gcrew,noaa_gefs,22,Pressure_Pa,29,100695.197265625
gep22,00,2026-04-27,2026-05-26,gcrew,noaa_gefs,22,RH_percent_mean,29,82.25054931640625
gep22,00,2026-04-27,2026-05-26,gcrew,noaa_gefs,22,Rain_mm_sum,29,4.899999916553497
gep22,00,2026-04-27,2026-05-26,gcrew,noaa_gefs,22,ShortwaveRadiation_Wm2,29,325.5
gep22,00,2026-04-27,2026-05-26,gcrew,noaa_gefs,22,WindSpeed_ms_mean,29,3.3496704517798257
gep22,00,2026-04-27,2026-05-27,gcrew,noaa_gefs,22,AirTemp_C_mean,30,21.77124176025393
gep22,00,2026-04-27,2026-05-27,gcrew,noaa_gefs,22,Pressure_Pa,30,101327.005859375
gep22,00,2026-04-27,2026-05-27,gcrew,noaa_gefs,22,RH_percent_mean,30,82.51387405395508
gep22,00,2026-04-27,2026-05-27,gcrew,noaa_gefs,22,Rain_mm_sum,30,0
gep22,00,2026-04-27,2026-05-27,gcrew,noaa_gefs,22,ShortwaveRadiation_Wm2,30,325.75
gep22,00,2026-04-27,2026-05-27,gcrew,noaa_gefs,22,WindSpeed_ms_mean,30,4.527820202533626
gep22,00,2026-04-27,2026-05-28,gcrew,noaa_gefs,22,AirTemp_C_mean,31,24.39227447509768
gep22,00,2026-04-27,2026-05-28,gcrew,noaa_gefs,22,Pressure_Pa,31,101159.59375
gep22,00,2026-04-27,2026-05-28,gcrew,noaa_gefs,22,RH_percent_mean,31,79.66389560699463
gep22,00,2026-04-27,2026-05-28,gcrew,noaa_gefs,22,Rain_mm_sum,31,2.9999999552965164
gep22,00,2026-04-27,2026-05-28,gcrew,noaa_gefs,22,ShortwaveRadiation_Wm2,31,332.5
gep22,00,2026-04-27,2026-05-28,gcrew,noaa_gefs,22,WindSpeed_ms_mean,31,3.941846018368561
gep22,00,2026-04-27,2026-05-29,gcrew,noaa_gefs,22,AirTemp_C_mean,32,23.499902343750023
gep22,00,2026-04-27,2026-05-29,gcrew,noaa_gefs,22,Pressure_Pa,32,101534.01171875
gep22,00,2026-04-27,2026-05-29,gcrew,noaa_gefs,22,RH_percent_mean,32,81.16684532165527
gep22,00,2026-04-27,2026-05-29,gcrew,noaa_gefs,22,Rain_mm_sum,32,3.3000000715255737
gep22,00,2026-04-27,2026-05-29,gcrew,noaa_gefs,22,ShortwaveRadiation_Wm2,32,322.75
gep22,00,2026-04-27,2026-05-29,gcrew,noaa_gefs,22,WindSpeed_ms_mean,32,3.215779983650272
gep22,00,2026-04-27,2026-05-30,gcrew,noaa_gefs,22,AirTemp_C_mean,33,25.719346618652366
gep22,00,2026-04-27,2026-05-30,gcrew,noaa_gefs,22,Pressure_Pa,33,101169.580078125
gep22,00,2026-04-27,2026-05-30,gcrew,noaa_gefs,22,RH_percent_mean,33,69.18948173522949
gep22,00,2026-04-27,2026-05-30,gcrew,noaa_gefs,22,Rain_mm_sum,33,5.900000095367432
gep22,00,2026-04-27,2026-05-30,gcrew,noaa_gefs,22,ShortwaveRadiation_Wm2,33,328
gep22,00,2026-04-27,2026-05-30,gcrew,noaa_gefs,22,WindSpeed_ms_mean,33,5.024491839967965
gep22,00,2026-04-27,2026-05-31,gcrew,noaa_gefs,22,AirTemp_C_mean,34,19.59900054931643
gep22,00,2026-04-27,2026-05-31,gcrew,noaa_gefs,22,Pressure_Pa,34,101853.44140625
gep22,00,2026-04-27,2026-05-31,gcrew,noaa_gefs,22,RH_percent_mean,34,62.48447799682617
gep22,00,2026-04-27,2026-05-31,gcrew,noaa_gefs,22,Rain_mm_sum,34,0
gep22,00,2026-04-27,2026-05-31,gcrew,noaa_gefs,22,ShortwaveRadiation_Wm2,34,360.25
gep22,00,2026-04-27,2026-05-31,gcrew,noaa_gefs,22,WindSpeed_ms_mean,34,4.692275223673417
gep23,00,2026-04-27,2026-04-28,gcrew,noaa_gefs,23,AirTemp_C_mean,1,11.579675292968773
gep23,00,2026-04-27,2026-04-28,gcrew,noaa_gefs,23,Pressure_Pa,1,101858.66796875
gep23,00,2026-04-27,2026-04-28,gcrew,noaa_gefs,23,RH_percent_mean,1,70.0107069015503
gep23,00,2026-04-27,2026-04-28,gcrew,noaa_gefs,23,Rain_mm_sum,1,2.1800000071525574
gep23,00,2026-04-27,2026-04-28,gcrew,noaa_gefs,23,ShortwaveRadiation_Wm2,1,182.375
gep23,00,2026-04-27,2026-04-28,gcrew,noaa_gefs,23,WindSpeed_ms_mean,1,3.144690806609595
gep23,00,2026-04-27,2026-04-29,gcrew,noaa_gefs,23,AirTemp_C_mean,2,13.038072204589866
gep23,00,2026-04-27,2026-04-29,gcrew,noaa_gefs,23,Pressure_Pa,2,100681.7392578125
gep23,00,2026-04-27,2026-04-29,gcrew,noaa_gefs,23,RH_percent_mean,2,79.37301731109619
gep23,00,2026-04-27,2026-04-29,gcrew,noaa_gefs,23,Rain_mm_sum,2,5.650000095367432
gep23,00,2026-04-27,2026-04-29,gcrew,noaa_gefs,23,ShortwaveRadiation_Wm2,2,123.125
gep23,00,2026-04-27,2026-04-29,gcrew,noaa_gefs,23,WindSpeed_ms_mean,2,6.751690838700274
gep23,00,2026-04-27,2026-04-30,gcrew,noaa_gefs,23,AirTemp_C_mean,3,12.374749755859398
gep23,00,2026-04-27,2026-04-30,gcrew,noaa_gefs,23,Pressure_Pa,3,100118.521484375
gep23,00,2026-04-27,2026-04-30,gcrew,noaa_gefs,23,RH_percent_mean,3,68.30331468582153
gep23,00,2026-04-27,2026-04-30,gcrew,noaa_gefs,23,Rain_mm_sum,3,2.200000047683716
gep23,00,2026-04-27,2026-04-30,gcrew,noaa_gefs,23,ShortwaveRadiation_Wm2,3,336.75
gep23,00,2026-04-27,2026-04-30,gcrew,noaa_gefs,23,WindSpeed_ms_mean,3,6.3404068339236375
gep23,00,2026-04-27,2026-05-01,gcrew,noaa_gefs,23,AirTemp_C_mean,4,11.863782501220726
gep23,00,2026-04-27,2026-05-01,gcrew,noaa_gefs,23,Pressure_Pa,4,100457.115234375
gep23,00,2026-04-27,2026-05-01,gcrew,noaa_gefs,23,RH_percent_mean,4,63.77413034439087
gep23,00,2026-04-27,2026-05-01,gcrew,noaa_gefs,23,Rain_mm_sum,4,0.14999999105930328
gep23,00,2026-04-27,2026-05-01,gcrew,noaa_gefs,23,ShortwaveRadiation_Wm2,4,305.75
gep23,00,2026-04-27,2026-05-01,gcrew,noaa_gefs,23,WindSpeed_ms_mean,4,4.420050426615207
gep23,00,2026-04-27,2026-05-02,gcrew,noaa_gefs,23,AirTemp_C_mean,5,9.424409484863304
gep23,00,2026-04-27,2026-05-02,gcrew,noaa_gefs,23,Pressure_Pa,5,100060.8115234375
gep23,00,2026-04-27,2026-05-02,gcrew,noaa_gefs,23,RH_percent_mean,5,85.62604904174805
gep23,00,2026-04-27,2026-05-02,gcrew,noaa_gefs,23,Rain_mm_sum,5,10.500000223517418
gep23,00,2026-04-27,2026-05-02,gcrew,noaa_gefs,23,ShortwaveRadiation_Wm2,5,49.625
gep23,00,2026-04-27,2026-05-02,gcrew,noaa_gefs,23,WindSpeed_ms_mean,5,6.559776809952508
gep23,00,2026-04-27,2026-05-03,gcrew,noaa_gefs,23,AirTemp_C_mean,6,10.825589752197288
gep23,00,2026-04-27,2026-05-03,gcrew,noaa_gefs,23,Pressure_Pa,6,100683.826171875
gep23,00,2026-04-27,2026-05-03,gcrew,noaa_gefs,23,RH_percent_mean,6,70.58711957931519
gep23,00,2026-04-27,2026-05-03,gcrew,noaa_gefs,23,Rain_mm_sum,6,2.5999999791383743
gep23,00,2026-04-27,2026-05-03,gcrew,noaa_gefs,23,ShortwaveRadiation_Wm2,6,228.625
gep23,00,2026-04-27,2026-05-03,gcrew,noaa_gefs,23,WindSpeed_ms_mean,6,6.259846307795703
gep23,00,2026-04-27,2026-05-04,gcrew,noaa_gefs,23,AirTemp_C_mean,7,12.645486450195335
gep23,00,2026-04-27,2026-05-04,gcrew,noaa_gefs,23,Pressure_Pa,7,101078.326171875
gep23,00,2026-04-27,2026-05-04,gcrew,noaa_gefs,23,RH_percent_mean,7,65.15876054763794
gep23,00,2026-04-27,2026-05-04,gcrew,noaa_gefs,23,Rain_mm_sum,7,0
gep23,00,2026-04-27,2026-05-04,gcrew,noaa_gefs,23,ShortwaveRadiation_Wm2,7,330.375
gep23,00,2026-04-27,2026-05-04,gcrew,noaa_gefs,23,WindSpeed_ms_mean,7,4.1287794168947265
gep23,00,2026-04-27,2026-05-05,gcrew,noaa_gefs,23,AirTemp_C_mean,8,13.514123535156273
gep23,00,2026-04-27,2026-05-05,gcrew,noaa_gefs,23,Pressure_Pa,8,100674.3935546875
gep23,00,2026-04-27,2026-05-05,gcrew,noaa_gefs,23,RH_percent_mean,8,77.96095371246338
gep23,00,2026-04-27,2026-05-05,gcrew,noaa_gefs,23,Rain_mm_sum,8,6.429999984800816
gep23,00,2026-04-27,2026-05-05,gcrew,noaa_gefs,23,ShortwaveRadiation_Wm2,8,102.75
gep23,00,2026-04-27,2026-05-05,gcrew,noaa_gefs,23,WindSpeed_ms_mean,8,3.340704722164043
gep23,00,2026-04-27,2026-05-06,gcrew,noaa_gefs,23,AirTemp_C_mean,9,14.66842476981029
gep23,00,2026-04-27,2026-05-06,gcrew,noaa_gefs,23,Pressure_Pa,9,100426.58035714286
gep23,00,2026-04-27,2026-05-06,gcrew,noaa_gefs,23,RH_percent_mean,9,74.78257206508091
gep23,00,2026-04-27,2026-05-06,gcrew,noaa_gefs,23,Rain_mm_sum,9,2.800000049173832
gep23,00,2026-04-27,2026-05-06,gcrew,noaa_gefs,23,ShortwaveRadiation_Wm2,9,226.57142857142858
gep23,00,2026-04-27,2026-05-06,gcrew,noaa_gefs,23,WindSpeed_ms_mean,9,2.962092818850805
gep23,00,2026-04-27,2026-05-07,gcrew,noaa_gefs,23,AirTemp_C_mean,10,13.210267639160179
gep23,00,2026-04-27,2026-05-07,gcrew,noaa_gefs,23,Pressure_Pa,10,100801.388671875
gep23,00,2026-04-27,2026-05-07,gcrew,noaa_gefs,23,RH_percent_mean,10,64.8941125869751
gep23,00,2026-04-27,2026-05-07,gcrew,noaa_gefs,23,Rain_mm_sum,10,0
gep23,00,2026-04-27,2026-05-07,gcrew,noaa_gefs,23,ShortwaveRadiation_Wm2,10,333.25
gep23,00,2026-04-27,2026-05-07,gcrew,noaa_gefs,23,WindSpeed_ms_mean,10,5.7470248717601695
gep23,00,2026-04-27,2026-05-08,gcrew,noaa_gefs,23,AirTemp_C_mean,11,14.233064270019554
gep23,00,2026-04-27,2026-05-08,gcrew,noaa_gefs,23,Pressure_Pa,11,100949.1875
gep23,00,2026-04-27,2026-05-08,gcrew,noaa_gefs,23,RH_percent_mean,11,63.45889949798584
gep23,00,2026-04-27,2026-05-08,gcrew,noaa_gefs,23,Rain_mm_sum,11,0
gep23,00,2026-04-27,2026-05-08,gcrew,noaa_gefs,23,ShortwaveRadiation_Wm2,11,323.25
gep23,00,2026-04-27,2026-05-08,gcrew,noaa_gefs,23,WindSpeed_ms_mean,11,4.1680753706171
gep23,00,2026-04-27,2026-05-09,gcrew,noaa_gefs,23,AirTemp_C_mean,12,16.69899139404299
gep23,00,2026-04-27,2026-05-09,gcrew,noaa_gefs,23,Pressure_Pa,12,99939.416015625
gep23,00,2026-04-27,2026-05-09,gcrew,noaa_gefs,23,RH_percent_mean,12,93.10905075073242
gep23,00,2026-04-27,2026-05-09,gcrew,noaa_gefs,23,Rain_mm_sum,12,19.40000009536743
gep23,00,2026-04-27,2026-05-09,gcrew,noaa_gefs,23,ShortwaveRadiation_Wm2,12,75
gep23,00,2026-04-27,2026-05-09,gcrew,noaa_gefs,23,WindSpeed_ms_mean,12,5.098757673087844
gep23,00,2026-04-27,2026-05-10,gcrew,noaa_gefs,23,AirTemp_C_mean,13,13.901696777343773
gep23,00,2026-04-27,2026-05-10,gcrew,noaa_gefs,23,Pressure_Pa,13,101187.380859375
gep23,00,2026-04-27,2026-05-10,gcrew,noaa_gefs,23,RH_percent_mean,13,62.095730781555176
gep23,00,2026-04-27,2026-05-10,gcrew,noaa_gefs,23,Rain_mm_sum,13,0.10000000149011612
gep23,00,2026-04-27,2026-05-10,gcrew,noaa_gefs,23,ShortwaveRadiation_Wm2,13,344.5
gep23,00,2026-04-27,2026-05-10,gcrew,noaa_gefs,23,WindSpeed_ms_mean,13,4.143133742887205
gep23,00,2026-04-27,2026-05-11,gcrew,noaa_gefs,23,AirTemp_C_mean,14,15.09168395996096
gep23,00,2026-04-27,2026-05-11,gcrew,noaa_gefs,23,Pressure_Pa,14,102241.033203125
gep23,00,2026-04-27,2026-05-11,gcrew,noaa_gefs,23,RH_percent_mean,14,62.015602111816406
gep23,00,2026-04-27,2026-05-11,gcrew,noaa_gefs,23,Rain_mm_sum,14,0
gep23,00,2026-04-27,2026-05-11,gcrew,noaa_gefs,23,ShortwaveRadiation_Wm2,14,339.75
gep23,00,2026-04-27,2026-05-11,gcrew,noaa_gefs,23,WindSpeed_ms_mean,14,4.706386471173322
gep23,00,2026-04-27,2026-05-12,gcrew,noaa_gefs,23,AirTemp_C_mean,15,17.251084899902366
gep23,00,2026-04-27,2026-05-12,gcrew,noaa_gefs,23,Pressure_Pa,15,102263.9921875
gep23,00,2026-04-27,2026-05-12,gcrew,noaa_gefs,23,RH_percent_mean,15,75.52095794677734
gep23,00,2026-04-27,2026-05-12,gcrew,noaa_gefs,23,Rain_mm_sum,15,0
gep23,00,2026-04-27,2026-05-12,gcrew,noaa_gefs,23,ShortwaveRadiation_Wm2,15,336
gep23,00,2026-04-27,2026-05-12,gcrew,noaa_gefs,23,WindSpeed_ms_mean,15,7.010430330005118
gep23,00,2026-04-27,2026-05-13,gcrew,noaa_gefs,23,AirTemp_C_mean,16,19.49273834228518
gep23,00,2026-04-27,2026-05-13,gcrew,noaa_gefs,23,Pressure_Pa,16,101710.423828125
gep23,00,2026-04-27,2026-05-13,gcrew,noaa_gefs,23,RH_percent_mean,16,90.239959716796875
gep23,00,2026-04-27,2026-05-13,gcrew,noaa_gefs,23,Rain_mm_sum,16,2.800000049173832
gep23,00,2026-04-27,2026-05-13,gcrew,noaa_gefs,23,ShortwaveRadiation_Wm2,16,215.75
gep23,00,2026-04-27,2026-05-13,gcrew,noaa_gefs,23,WindSpeed_ms_mean,16,6.026004144410448
gep23,00,2026-04-27,2026-05-14,gcrew,noaa_gefs,23,AirTemp_C_mean,17,18.513650512695335
gep23,00,2026-04-27,2026-05-14,gcrew,noaa_gefs,23,Pressure_Pa,17,101608.88671875
gep23,00,2026-04-27,2026-05-14,gcrew,noaa_gefs,23,RH_percent_mean,17,86.30577850341797
gep23,00,2026-04-27,2026-05-14,gcrew,noaa_gefs,23,Rain_mm_sum,17,12.900000095367432
gep23,00,2026-04-27,2026-05-14,gcrew,noaa_gefs,23,ShortwaveRadiation_Wm2,17,185.75
gep23,00,2026-04-27,2026-05-14,gcrew,noaa_gefs,23,WindSpeed_ms_mean,17,4.270036840520563
gep23,00,2026-04-27,2026-05-15,gcrew,noaa_gefs,23,AirTemp_C_mean,18,15.910485839843773
gep23,00,2026-04-27,2026-05-15,gcrew,noaa_gefs,23,Pressure_Pa,18,102181.615234375
gep23,00,2026-04-27,2026-05-15,gcrew,noaa_gefs,23,RH_percent_mean,18,76.19487285614014
gep23,00,2026-04-27,2026-05-15,gcrew,noaa_gefs,23,Rain_mm_sum,18,0
gep23,00,2026-04-27,2026-05-15,gcrew,noaa_gefs,23,ShortwaveRadiation_Wm2,18,343.5
gep23,00,2026-04-27,2026-05-15,gcrew,noaa_gefs,23,WindSpeed_ms_mean,18,3.9490240974844317
gep23,00,2026-04-27,2026-05-16,gcrew,noaa_gefs,23,AirTemp_C_mean,19,20.577661132812523
gep23,00,2026-04-27,2026-05-16,gcrew,noaa_gefs,23,Pressure_Pa,19,101713.755859375
gep23,00,2026-04-27,2026-05-16,gcrew,noaa_gefs,23,RH_percent_mean,19,80.4810848236084
gep23,00,2026-04-27,2026-05-16,gcrew,noaa_gefs,23,Rain_mm_sum,19,1.1000000014901161
gep23,00,2026-04-27,2026-05-16,gcrew,noaa_gefs,23,ShortwaveRadiation_Wm2,19,322.75
gep23,00,2026-04-27,2026-05-16,gcrew,noaa_gefs,23,WindSpeed_ms_mean,19,4.781925626210346
gep23,00,2026-04-27,2026-05-17,gcrew,noaa_gefs,23,AirTemp_C_mean,20,22.937905883789085
gep23,00,2026-04-27,2026-05-17,gcrew,noaa_gefs,23,Pressure_Pa,20,101673.8359375
gep23,00,2026-04-27,2026-05-17,gcrew,noaa_gefs,23,RH_percent_mean,20,77.38579750061035
gep23,00,2026-04-27,2026-05-17,gcrew,noaa_gefs,23,Rain_mm_sum,20,4.300000049173832
gep23,00,2026-04-27,2026-05-17,gcrew,noaa_gefs,23,ShortwaveRadiation_Wm2,20,295.25
gep23,00,2026-04-27,2026-05-17,gcrew,noaa_gefs,23,WindSpeed_ms_mean,20,3.0308602990974056
gep23,00,2026-04-27,2026-05-18,gcrew,noaa_gefs,23,AirTemp_C_mean,21,24.01905212402346
gep23,00,2026-04-27,2026-05-18,gcrew,noaa_gefs,23,Pressure_Pa,21,101460.267578125
gep23,00,2026-04-27,2026-05-18,gcrew,noaa_gefs,23,RH_percent_mean,21,76.18959331512451
gep23,00,2026-04-27,2026-05-18,gcrew,noaa_gefs,23,Rain_mm_sum,21,16.80000078678131
gep23,00,2026-04-27,2026-05-18,gcrew,noaa_gefs,23,ShortwaveRadiation_Wm2,21,296
gep23,00,2026-04-27,2026-05-18,gcrew,noaa_gefs,23,WindSpeed_ms_mean,21,3.073193730264629
gep23,00,2026-04-27,2026-05-19,gcrew,noaa_gefs,23,AirTemp_C_mean,22,25.510980224609398
gep23,00,2026-04-27,2026-05-19,gcrew,noaa_gefs,23,Pressure_Pa,22,100955.107421875
gep23,00,2026-04-27,2026-05-19,gcrew,noaa_gefs,23,RH_percent_mean,22,70.90894889831543
gep23,00,2026-04-27,2026-05-19,gcrew,noaa_gefs,23,Rain_mm_sum,22,1.600000038743019
gep23,00,2026-04-27,2026-05-19,gcrew,noaa_gefs,23,ShortwaveRadiation_Wm2,22,224
gep23,00,2026-04-27,2026-05-19,gcrew,noaa_gefs,23,WindSpeed_ms_mean,22,2.4858541001805587
gep23,00,2026-04-27,2026-05-20,gcrew,noaa_gefs,23,AirTemp_C_mean,23,21.864289855957054
gep23,00,2026-04-27,2026-05-20,gcrew,noaa_gefs,23,Pressure_Pa,23,101018.095703125
gep23,00,2026-04-27,2026-05-20,gcrew,noaa_gefs,23,RH_percent_mean,23,67.23811626434326
gep23,00,2026-04-27,2026-05-20,gcrew,noaa_gefs,23,Rain_mm_sum,23,0.30000001192092896
gep23,00,2026-04-27,2026-05-20,gcrew,noaa_gefs,23,ShortwaveRadiation_Wm2,23,327.25
gep23,00,2026-04-27,2026-05-20,gcrew,noaa_gefs,23,WindSpeed_ms_mean,23,4.555111160571268
gep23,00,2026-04-27,2026-05-21,gcrew,noaa_gefs,23,AirTemp_C_mean,24,19.262673950195335
gep23,00,2026-04-27,2026-05-21,gcrew,noaa_gefs,23,Pressure_Pa,24,101705.2734375
gep23,00,2026-04-27,2026-05-21,gcrew,noaa_gefs,23,RH_percent_mean,24,62.426734924316406
gep23,00,2026-04-27,2026-05-21,gcrew,noaa_gefs,23,Rain_mm_sum,24,0
gep23,00,2026-04-27,2026-05-21,gcrew,noaa_gefs,23,ShortwaveRadiation_Wm2,24,345.75
gep23,00,2026-04-27,2026-05-21,gcrew,noaa_gefs,23,WindSpeed_ms_mean,24,2.407734619792761
gep23,00,2026-04-27,2026-05-22,gcrew,noaa_gefs,23,AirTemp_C_mean,25,19.581025695800804
gep23,00,2026-04-27,2026-05-22,gcrew,noaa_gefs,23,Pressure_Pa,25,101598.32421875
gep23,00,2026-04-27,2026-05-22,gcrew,noaa_gefs,23,RH_percent_mean,25,67.51792812347412
gep23,00,2026-04-27,2026-05-22,gcrew,noaa_gefs,23,Rain_mm_sum,25,0
gep23,00,2026-04-27,2026-05-22,gcrew,noaa_gefs,23,ShortwaveRadiation_Wm2,25,339.25
gep23,00,2026-04-27,2026-05-22,gcrew,noaa_gefs,23,WindSpeed_ms_mean,25,4.837275644483171
gep23,00,2026-04-27,2026-05-23,gcrew,noaa_gefs,23,AirTemp_C_mean,26,19.05195007324221
gep23,00,2026-04-27,2026-05-23,gcrew,noaa_gefs,23,Pressure_Pa,26,101465.875
gep23,00,2026-04-27,2026-05-23,gcrew,noaa_gefs,23,RH_percent_mean,26,65.91939640045166
gep23,00,2026-04-27,2026-05-23,gcrew,noaa_gefs,23,Rain_mm_sum,26,0
gep23,00,2026-04-27,2026-05-23,gcrew,noaa_gefs,23,ShortwaveRadiation_Wm2,26,342.25
gep23,00,2026-04-27,2026-05-23,gcrew,noaa_gefs,23,WindSpeed_ms_mean,26,3.9395944856956513
gep23,00,2026-04-27,2026-05-24,gcrew,noaa_gefs,23,AirTemp_C_mean,27,19.98945007324221
gep23,00,2026-04-27,2026-05-24,gcrew,noaa_gefs,23,Pressure_Pa,27,101342.990234375
gep23,00,2026-04-27,2026-05-24,gcrew,noaa_gefs,23,RH_percent_mean,27,67.63784408569336
gep23,00,2026-04-27,2026-05-24,gcrew,noaa_gefs,23,Rain_mm_sum,27,0
gep23,00,2026-04-27,2026-05-24,gcrew,noaa_gefs,23,ShortwaveRadiation_Wm2,27,291.25
gep23,00,2026-04-27,2026-05-24,gcrew,noaa_gefs,23,WindSpeed_ms_mean,27,1.8987633133925008
gep23,00,2026-04-27,2026-05-25,gcrew,noaa_gefs,23,AirTemp_C_mean,28,20.29615173339846
gep23,00,2026-04-27,2026-05-25,gcrew,noaa_gefs,23,Pressure_Pa,28,100799.01953125
gep23,00,2026-04-27,2026-05-25,gcrew,noaa_gefs,23,RH_percent_mean,28,68.97553539276123
gep23,00,2026-04-27,2026-05-25,gcrew,noaa_gefs,23,Rain_mm_sum,28,0
gep23,00,2026-04-27,2026-05-25,gcrew,noaa_gefs,23,ShortwaveRadiation_Wm2,28,309.75
gep23,00,2026-04-27,2026-05-25,gcrew,noaa_gefs,23,WindSpeed_ms_mean,28,3.282312133189652
gep23,00,2026-04-27,2026-05-26,gcrew,noaa_gefs,23,AirTemp_C_mean,29,23.21851501464846
gep23,00,2026-04-27,2026-05-26,gcrew,noaa_gefs,23,Pressure_Pa,29,100695.197265625
gep23,00,2026-04-27,2026-05-26,gcrew,noaa_gefs,23,RH_percent_mean,29,82.25054931640625
gep23,00,2026-04-27,2026-05-26,gcrew,noaa_gefs,23,Rain_mm_sum,29,4.899999916553497
gep23,00,2026-04-27,2026-05-26,gcrew,noaa_gefs,23,ShortwaveRadiation_Wm2,29,325.5
gep23,00,2026-04-27,2026-05-26,gcrew,noaa_gefs,23,WindSpeed_ms_mean,29,3.3496704517798257
gep23,00,2026-04-27,2026-05-27,gcrew,noaa_gefs,23,AirTemp_C_mean,30,21.77124176025393
gep23,00,2026-04-27,2026-05-27,gcrew,noaa_gefs,23,Pressure_Pa,30,101327.005859375
gep23,00,2026-04-27,2026-05-27,gcrew,noaa_gefs,23,RH_percent_mean,30,82.51387405395508
gep23,00,2026-04-27,2026-05-27,gcrew,noaa_gefs,23,Rain_mm_sum,30,0
gep23,00,2026-04-27,2026-05-27,gcrew,noaa_gefs,23,ShortwaveRadiation_Wm2,30,325.75
gep23,00,2026-04-27,2026-05-27,gcrew,noaa_gefs,23,WindSpeed_ms_mean,30,4.527820202533626
gep23,00,2026-04-27,2026-05-28,gcrew,noaa_gefs,23,AirTemp_C_mean,31,24.39227447509768
gep23,00,2026-04-27,2026-05-28,gcrew,noaa_gefs,23,Pressure_Pa,31,101159.59375
gep23,00,2026-04-27,2026-05-28,gcrew,noaa_gefs,23,RH_percent_mean,31,79.66389560699463
gep23,00,2026-04-27,2026-05-28,gcrew,noaa_gefs,23,Rain_mm_sum,31,2.9999999552965164
gep23,00,2026-04-27,2026-05-28,gcrew,noaa_gefs,23,ShortwaveRadiation_Wm2,31,332.5
gep23,00,2026-04-27,2026-05-28,gcrew,noaa_gefs,23,WindSpeed_ms_mean,31,3.941846018368561
gep23,00,2026-04-27,2026-05-29,gcrew,noaa_gefs,23,AirTemp_C_mean,32,23.499902343750023
gep23,00,2026-04-27,2026-05-29,gcrew,noaa_gefs,23,Pressure_Pa,32,101534.01171875
gep23,00,2026-04-27,2026-05-29,gcrew,noaa_gefs,23,RH_percent_mean,32,81.16684532165527
gep23,00,2026-04-27,2026-05-29,gcrew,noaa_gefs,23,Rain_mm_sum,32,3.3000000715255737
gep23,00,2026-04-27,2026-05-29,gcrew,noaa_gefs,23,ShortwaveRadiation_Wm2,32,322.75
gep23,00,2026-04-27,2026-05-29,gcrew,noaa_gefs,23,WindSpeed_ms_mean,32,3.215779983650272
gep23,00,2026-04-27,2026-05-30,gcrew,noaa_gefs,23,AirTemp_C_mean,33,25.719346618652366
gep23,00,2026-04-27,2026-05-30,gcrew,noaa_gefs,23,Pressure_Pa,33,101169.580078125
gep23,00,2026-04-27,2026-05-30,gcrew,noaa_gefs,23,RH_percent_mean,33,69.18948173522949
gep23,00,2026-04-27,2026-05-30,gcrew,noaa_gefs,23,Rain_mm_sum,33,5.900000095367432
gep23,00,2026-04-27,2026-05-30,gcrew,noaa_gefs,23,ShortwaveRadiation_Wm2,33,328
gep23,00,2026-04-27,2026-05-30,gcrew,noaa_gefs,23,WindSpeed_ms_mean,33,5.024491839967965
gep23,00,2026-04-27,2026-05-31,gcrew,noaa_gefs,23,AirTemp_C_mean,34,19.59900054931643
gep23,00,2026-04-27,2026-05-31,gcrew,noaa_gefs,23,Pressure_Pa,34,101853.44140625
gep23,00,2026-04-27,2026-05-31,gcrew,noaa_gefs,23,RH_percent_mean,34,62.48447799682617
gep23,00,2026-04-27,2026-05-31,gcrew,noaa_gefs,23,Rain_mm_sum,34,0
gep23,00,2026-04-27,2026-05-31,gcrew,noaa_gefs,23,ShortwaveRadiation_Wm2,34,360.25
gep23,00,2026-04-27,2026-05-31,gcrew,noaa_gefs,23,WindSpeed_ms_mean,34,4.692275223673417
gep24,00,2026-04-27,2026-04-28,gcrew,noaa_gefs,24,AirTemp_C_mean,1,11.579675292968773
gep24,00,2026-04-27,2026-04-28,gcrew,noaa_gefs,24,Pressure_Pa,1,101858.66796875
gep24,00,2026-04-27,2026-04-28,gcrew,noaa_gefs,24,RH_percent_mean,1,70.0107069015503
gep24,00,2026-04-27,2026-04-28,gcrew,noaa_gefs,24,Rain_mm_sum,1,2.1800000071525574
gep24,00,2026-04-27,2026-04-28,gcrew,noaa_gefs,24,ShortwaveRadiation_Wm2,1,182.375
gep24,00,2026-04-27,2026-04-28,gcrew,noaa_gefs,24,WindSpeed_ms_mean,1,3.144690806609595
gep24,00,2026-04-27,2026-04-29,gcrew,noaa_gefs,24,AirTemp_C_mean,2,13.038072204589866
gep24,00,2026-04-27,2026-04-29,gcrew,noaa_gefs,24,Pressure_Pa,2,100681.7392578125
gep24,00,2026-04-27,2026-04-29,gcrew,noaa_gefs,24,RH_percent_mean,2,79.37301731109619
gep24,00,2026-04-27,2026-04-29,gcrew,noaa_gefs,24,Rain_mm_sum,2,5.650000095367432
gep24,00,2026-04-27,2026-04-29,gcrew,noaa_gefs,24,ShortwaveRadiation_Wm2,2,123.125
gep24,00,2026-04-27,2026-04-29,gcrew,noaa_gefs,24,WindSpeed_ms_mean,2,6.751690838700274
gep24,00,2026-04-27,2026-04-30,gcrew,noaa_gefs,24,AirTemp_C_mean,3,12.374749755859398
gep24,00,2026-04-27,2026-04-30,gcrew,noaa_gefs,24,Pressure_Pa,3,100118.521484375
gep24,00,2026-04-27,2026-04-30,gcrew,noaa_gefs,24,RH_percent_mean,3,68.30331468582153
gep24,00,2026-04-27,2026-04-30,gcrew,noaa_gefs,24,Rain_mm_sum,3,2.200000047683716
gep24,00,2026-04-27,2026-04-30,gcrew,noaa_gefs,24,ShortwaveRadiation_Wm2,3,336.75
gep24,00,2026-04-27,2026-04-30,gcrew,noaa_gefs,24,WindSpeed_ms_mean,3,6.3404068339236375
gep24,00,2026-04-27,2026-05-01,gcrew,noaa_gefs,24,AirTemp_C_mean,4,11.863782501220726
gep24,00,2026-04-27,2026-05-01,gcrew,noaa_gefs,24,Pressure_Pa,4,100457.115234375
gep24,00,2026-04-27,2026-05-01,gcrew,noaa_gefs,24,RH_percent_mean,4,63.77413034439087
gep24,00,2026-04-27,2026-05-01,gcrew,noaa_gefs,24,Rain_mm_sum,4,0.14999999105930328
gep24,00,2026-04-27,2026-05-01,gcrew,noaa_gefs,24,ShortwaveRadiation_Wm2,4,305.75
gep24,00,2026-04-27,2026-05-01,gcrew,noaa_gefs,24,WindSpeed_ms_mean,4,4.420050426615207
gep24,00,2026-04-27,2026-05-02,gcrew,noaa_gefs,24,AirTemp_C_mean,5,9.424409484863304
gep24,00,2026-04-27,2026-05-02,gcrew,noaa_gefs,24,Pressure_Pa,5,100060.8115234375
gep24,00,2026-04-27,2026-05-02,gcrew,noaa_gefs,24,RH_percent_mean,5,85.62604904174805
gep24,00,2026-04-27,2026-05-02,gcrew,noaa_gefs,24,Rain_mm_sum,5,10.500000223517418
gep24,00,2026-04-27,2026-05-02,gcrew,noaa_gefs,24,ShortwaveRadiation_Wm2,5,49.625
gep24,00,2026-04-27,2026-05-02,gcrew,noaa_gefs,24,WindSpeed_ms_mean,5,6.559776809952508
gep24,00,2026-04-27,2026-05-03,gcrew,noaa_gefs,24,AirTemp_C_mean,6,10.825589752197288
gep24,00,2026-04-27,2026-05-03,gcrew,noaa_gefs,24,Pressure_Pa,6,100683.826171875
gep24,00,2026-04-27,2026-05-03,gcrew,noaa_gefs,24,RH_percent_mean,6,70.58711957931519
gep24,00,2026-04-27,2026-05-03,gcrew,noaa_gefs,24,Rain_mm_sum,6,2.5999999791383743
gep24,00,2026-04-27,2026-05-03,gcrew,noaa_gefs,24,ShortwaveRadiation_Wm2,6,228.625
gep24,00,2026-04-27,2026-05-03,gcrew,noaa_gefs,24,WindSpeed_ms_mean,6,6.259846307795703
gep24,00,2026-04-27,2026-05-04,gcrew,noaa_gefs,24,AirTemp_C_mean,7,12.645486450195335
gep24,00,2026-04-27,2026-05-04,gcrew,noaa_gefs,24,Pressure_Pa,7,101078.326171875
gep24,00,2026-04-27,2026-05-04,gcrew,noaa_gefs,24,RH_percent_mean,7,65.15876054763794
gep24,00,2026-04-27,2026-05-04,gcrew,noaa_gefs,24,Rain_mm_sum,7,0
gep24,00,2026-04-27,2026-05-04,gcrew,noaa_gefs,24,ShortwaveRadiation_Wm2,7,330.375
gep24,00,2026-04-27,2026-05-04,gcrew,noaa_gefs,24,WindSpeed_ms_mean,7,4.1287794168947265
gep24,00,2026-04-27,2026-05-05,gcrew,noaa_gefs,24,AirTemp_C_mean,8,13.514123535156273
gep24,00,2026-04-27,2026-05-05,gcrew,noaa_gefs,24,Pressure_Pa,8,100674.3935546875
gep24,00,2026-04-27,2026-05-05,gcrew,noaa_gefs,24,RH_percent_mean,8,77.96095371246338
gep24,00,2026-04-27,2026-05-05,gcrew,noaa_gefs,24,Rain_mm_sum,8,6.429999984800816
gep24,00,2026-04-27,2026-05-05,gcrew,noaa_gefs,24,ShortwaveRadiation_Wm2,8,102.75
gep24,00,2026-04-27,2026-05-05,gcrew,noaa_gefs,24,WindSpeed_ms_mean,8,3.340704722164043
gep24,00,2026-04-27,2026-05-06,gcrew,noaa_gefs,24,AirTemp_C_mean,9,14.66842476981029
gep24,00,2026-04-27,2026-05-06,gcrew,noaa_gefs,24,Pressure_Pa,9,100426.58035714286
gep24,00,2026-04-27,2026-05-06,gcrew,noaa_gefs,24,RH_percent_mean,9,74.78257206508091
gep24,00,2026-04-27,2026-05-06,gcrew,noaa_gefs,24,Rain_mm_sum,9,2.800000049173832
gep24,00,2026-04-27,2026-05-06,gcrew,noaa_gefs,24,ShortwaveRadiation_Wm2,9,226.57142857142858
gep24,00,2026-04-27,2026-05-06,gcrew,noaa_gefs,24,WindSpeed_ms_mean,9,2.962092818850805
gep24,00,2026-04-27,2026-05-07,gcrew,noaa_gefs,24,AirTemp_C_mean,10,13.210267639160179
gep24,00,2026-04-27,2026-05-07,gcrew,noaa_gefs,24,Pressure_Pa,10,100801.388671875
gep24,00,2026-04-27,2026-05-07,gcrew,noaa_gefs,24,RH_percent_mean,10,64.8941125869751
gep24,00,2026-04-27,2026-05-07,gcrew,noaa_gefs,24,Rain_mm_sum,10,0
gep24,00,2026-04-27,2026-05-07,gcrew,noaa_gefs,24,ShortwaveRadiation_Wm2,10,333.25
gep24,00,2026-04-27,2026-05-07,gcrew,noaa_gefs,24,WindSpeed_ms_mean,10,5.7470248717601695
gep24,00,2026-04-27,2026-05-08,gcrew,noaa_gefs,24,AirTemp_C_mean,11,14.233064270019554
gep24,00,2026-04-27,2026-05-08,gcrew,noaa_gefs,24,Pressure_Pa,11,100949.1875
gep24,00,2026-04-27,2026-05-08,gcrew,noaa_gefs,24,RH_percent_mean,11,63.45889949798584
gep24,00,2026-04-27,2026-05-08,gcrew,noaa_gefs,24,Rain_mm_sum,11,0
gep24,00,2026-04-27,2026-05-08,gcrew,noaa_gefs,24,ShortwaveRadiation_Wm2,11,323.25
gep24,00,2026-04-27,2026-05-08,gcrew,noaa_gefs,24,WindSpeed_ms_mean,11,4.1680753706171
gep24,00,2026-04-27,2026-05-09,gcrew,noaa_gefs,24,AirTemp_C_mean,12,16.69899139404299
gep24,00,2026-04-27,2026-05-09,gcrew,noaa_gefs,24,Pressure_Pa,12,99939.416015625
gep24,00,2026-04-27,2026-05-09,gcrew,noaa_gefs,24,RH_percent_mean,12,93.10905075073242
gep24,00,2026-04-27,2026-05-09,gcrew,noaa_gefs,24,Rain_mm_sum,12,19.40000009536743
gep24,00,2026-04-27,2026-05-09,gcrew,noaa_gefs,24,ShortwaveRadiation_Wm2,12,75
gep24,00,2026-04-27,2026-05-09,gcrew,noaa_gefs,24,WindSpeed_ms_mean,12,5.098757673087844
gep24,00,2026-04-27,2026-05-10,gcrew,noaa_gefs,24,AirTemp_C_mean,13,13.901696777343773
gep24,00,2026-04-27,2026-05-10,gcrew,noaa_gefs,24,Pressure_Pa,13,101187.380859375
gep24,00,2026-04-27,2026-05-10,gcrew,noaa_gefs,24,RH_percent_mean,13,62.095730781555176
gep24,00,2026-04-27,2026-05-10,gcrew,noaa_gefs,24,Rain_mm_sum,13,0.10000000149011612
gep24,00,2026-04-27,2026-05-10,gcrew,noaa_gefs,24,ShortwaveRadiation_Wm2,13,344.5
gep24,00,2026-04-27,2026-05-10,gcrew,noaa_gefs,24,WindSpeed_ms_mean,13,4.143133742887205
gep24,00,2026-04-27,2026-05-11,gcrew,noaa_gefs,24,AirTemp_C_mean,14,15.09168395996096
gep24,00,2026-04-27,2026-05-11,gcrew,noaa_gefs,24,Pressure_Pa,14,102241.033203125
gep24,00,2026-04-27,2026-05-11,gcrew,noaa_gefs,24,RH_percent_mean,14,62.015602111816406
gep24,00,2026-04-27,2026-05-11,gcrew,noaa_gefs,24,Rain_mm_sum,14,0
gep24,00,2026-04-27,2026-05-11,gcrew,noaa_gefs,24,ShortwaveRadiation_Wm2,14,339.75
gep24,00,2026-04-27,2026-05-11,gcrew,noaa_gefs,24,WindSpeed_ms_mean,14,4.706386471173322
gep24,00,2026-04-27,2026-05-12,gcrew,noaa_gefs,24,AirTemp_C_mean,15,17.251084899902366
gep24,00,2026-04-27,2026-05-12,gcrew,noaa_gefs,24,Pressure_Pa,15,102263.9921875
gep24,00,2026-04-27,2026-05-12,gcrew,noaa_gefs,24,RH_percent_mean,15,75.52095794677734
gep24,00,2026-04-27,2026-05-12,gcrew,noaa_gefs,24,Rain_mm_sum,15,0
gep24,00,2026-04-27,2026-05-12,gcrew,noaa_gefs,24,ShortwaveRadiation_Wm2,15,336
gep24,00,2026-04-27,2026-05-12,gcrew,noaa_gefs,24,WindSpeed_ms_mean,15,7.010430330005118
gep24,00,2026-04-27,2026-05-13,gcrew,noaa_gefs,24,AirTemp_C_mean,16,19.49273834228518
gep24,00,2026-04-27,2026-05-13,gcrew,noaa_gefs,24,Pressure_Pa,16,101710.423828125
gep24,00,2026-04-27,2026-05-13,gcrew,noaa_gefs,24,RH_percent_mean,16,90.239959716796875
gep24,00,2026-04-27,2026-05-13,gcrew,noaa_gefs,24,Rain_mm_sum,16,2.800000049173832
gep24,00,2026-04-27,2026-05-13,gcrew,noaa_gefs,24,ShortwaveRadiation_Wm2,16,215.75
gep24,00,2026-04-27,2026-05-13,gcrew,noaa_gefs,24,WindSpeed_ms_mean,16,6.026004144410448
gep24,00,2026-04-27,2026-05-14,gcrew,noaa_gefs,24,AirTemp_C_mean,17,18.513650512695335
gep24,00,2026-04-27,2026-05-14,gcrew,noaa_gefs,24,Pressure_Pa,17,101608.88671875
gep24,00,2026-04-27,2026-05-14,gcrew,noaa_gefs,24,RH_percent_mean,17,86.30577850341797
gep24,00,2026-04-27,2026-05-14,gcrew,noaa_gefs,24,Rain_mm_sum,17,12.900000095367432
gep24,00,2026-04-27,2026-05-14,gcrew,noaa_gefs,24,ShortwaveRadiation_Wm2,17,185.75
gep24,00,2026-04-27,2026-05-14,gcrew,noaa_gefs,24,WindSpeed_ms_mean,17,4.270036840520563
gep24,00,2026-04-27,2026-05-15,gcrew,noaa_gefs,24,AirTemp_C_mean,18,15.910485839843773
gep24,00,2026-04-27,2026-05-15,gcrew,noaa_gefs,24,Pressure_Pa,18,102181.615234375
gep24,00,2026-04-27,2026-05-15,gcrew,noaa_gefs,24,RH_percent_mean,18,76.19487285614014
gep24,00,2026-04-27,2026-05-15,gcrew,noaa_gefs,24,Rain_mm_sum,18,0
gep24,00,2026-04-27,2026-05-15,gcrew,noaa_gefs,24,ShortwaveRadiation_Wm2,18,343.5
gep24,00,2026-04-27,2026-05-15,gcrew,noaa_gefs,24,WindSpeed_ms_mean,18,3.9490240974844317
gep24,00,2026-04-27,2026-05-16,gcrew,noaa_gefs,24,AirTemp_C_mean,19,20.577661132812523
gep24,00,2026-04-27,2026-05-16,gcrew,noaa_gefs,24,Pressure_Pa,19,101713.755859375
gep24,00,2026-04-27,2026-05-16,gcrew,noaa_gefs,24,RH_percent_mean,19,80.4810848236084
gep24,00,2026-04-27,2026-05-16,gcrew,noaa_gefs,24,Rain_mm_sum,19,1.1000000014901161
gep24,00,2026-04-27,2026-05-16,gcrew,noaa_gefs,24,ShortwaveRadiation_Wm2,19,322.75
gep24,00,2026-04-27,2026-05-16,gcrew,noaa_gefs,24,WindSpeed_ms_mean,19,4.781925626210346
gep24,00,2026-04-27,2026-05-17,gcrew,noaa_gefs,24,AirTemp_C_mean,20,22.937905883789085
gep24,00,2026-04-27,2026-05-17,gcrew,noaa_gefs,24,Pressure_Pa,20,101673.8359375
gep24,00,2026-04-27,2026-05-17,gcrew,noaa_gefs,24,RH_percent_mean,20,77.38579750061035
gep24,00,2026-04-27,2026-05-17,gcrew,noaa_gefs,24,Rain_mm_sum,20,4.300000049173832
gep24,00,2026-04-27,2026-05-17,gcrew,noaa_gefs,24,ShortwaveRadiation_Wm2,20,295.25
gep24,00,2026-04-27,2026-05-17,gcrew,noaa_gefs,24,WindSpeed_ms_mean,20,3.0308602990974056
gep24,00,2026-04-27,2026-05-18,gcrew,noaa_gefs,24,AirTemp_C_mean,21,24.01905212402346
gep24,00,2026-04-27,2026-05-18,gcrew,noaa_gefs,24,Pressure_Pa,21,101460.267578125
gep24,00,2026-04-27,2026-05-18,gcrew,noaa_gefs,24,RH_percent_mean,21,76.18959331512451
gep24,00,2026-04-27,2026-05-18,gcrew,noaa_gefs,24,Rain_mm_sum,21,16.80000078678131
gep24,00,2026-04-27,2026-05-18,gcrew,noaa_gefs,24,ShortwaveRadiation_Wm2,21,296
gep24,00,2026-04-27,2026-05-18,gcrew,noaa_gefs,24,WindSpeed_ms_mean,21,3.073193730264629
gep24,00,2026-04-27,2026-05-19,gcrew,noaa_gefs,24,AirTemp_C_mean,22,25.510980224609398
gep24,00,2026-04-27,2026-05-19,gcrew,noaa_gefs,24,Pressure_Pa,22,100955.107421875
gep24,00,2026-04-27,2026-05-19,gcrew,noaa_gefs,24,RH_percent_mean,22,70.90894889831543
gep24,00,2026-04-27,2026-05-19,gcrew,noaa_gefs,24,Rain_mm_sum,22,1.600000038743019
gep24,00,2026-04-27,2026-05-19,gcrew,noaa_gefs,24,ShortwaveRadiation_Wm2,22,224
gep24,00,2026-04-27,2026-05-19,gcrew,noaa_gefs,24,WindSpeed_ms_mean,22,2.4858541001805587
gep24,00,2026-04-27,2026-05-20,gcrew,noaa_gefs,24,AirTemp_C_mean,23,21.864289855957054
gep24,00,2026-04-27,2026-05-20,gcrew,noaa_gefs,24,Pressure_Pa,23,101018.095703125
gep24,00,2026-04-27,2026-05-20,gcrew,noaa_gefs,24,RH_percent_mean,23,67.23811626434326
gep24,00,2026-04-27,2026-05-20,gcrew,noaa_gefs,24,Rain_mm_sum,23,0.30000001192092896
gep24,00,2026-04-27,2026-05-20,gcrew,noaa_gefs,24,ShortwaveRadiation_Wm2,23,327.25
gep24,00,2026-04-27,2026-05-20,gcrew,noaa_gefs,24,WindSpeed_ms_mean,23,4.555111160571268
gep24,00,2026-04-27,2026-05-21,gcrew,noaa_gefs,24,AirTemp_C_mean,24,19.262673950195335
gep24,00,2026-04-27,2026-05-21,gcrew,noaa_gefs,24,Pressure_Pa,24,101705.2734375
gep24,00,2026-04-27,2026-05-21,gcrew,noaa_gefs,24,RH_percent_mean,24,62.426734924316406
gep24,00,2026-04-27,2026-05-21,gcrew,noaa_gefs,24,Rain_mm_sum,24,0
gep24,00,2026-04-27,2026-05-21,gcrew,noaa_gefs,24,ShortwaveRadiation_Wm2,24,345.75
gep24,00,2026-04-27,2026-05-21,gcrew,noaa_gefs,24,WindSpeed_ms_mean,24,2.407734619792761
gep24,00,2026-04-27,2026-05-22,gcrew,noaa_gefs,24,AirTemp_C_mean,25,19.581025695800804
gep24,00,2026-04-27,2026-05-22,gcrew,noaa_gefs,24,Pressure_Pa,25,101598.32421875
gep24,00,2026-04-27,2026-05-22,gcrew,noaa_gefs,24,RH_percent_mean,25,67.51792812347412
gep24,00,2026-04-27,2026-05-22,gcrew,noaa_gefs,24,Rain_mm_sum,25,0
gep24,00,2026-04-27,2026-05-22,gcrew,noaa_gefs,24,ShortwaveRadiation_Wm2,25,339.25
gep24,00,2026-04-27,2026-05-22,gcrew,noaa_gefs,24,WindSpeed_ms_mean,25,4.837275644483171
gep24,00,2026-04-27,2026-05-23,gcrew,noaa_gefs,24,AirTemp_C_mean,26,19.05195007324221
gep24,00,2026-04-27,2026-05-23,gcrew,noaa_gefs,24,Pressure_Pa,26,101465.875
gep24,00,2026-04-27,2026-05-23,gcrew,noaa_gefs,24,RH_percent_mean,26,65.91939640045166
gep24,00,2026-04-27,2026-05-23,gcrew,noaa_gefs,24,Rain_mm_sum,26,0
gep24,00,2026-04-27,2026-05-23,gcrew,noaa_gefs,24,ShortwaveRadiation_Wm2,26,342.25
gep24,00,2026-04-27,2026-05-23,gcrew,noaa_gefs,24,WindSpeed_ms_mean,26,3.9395944856956513
gep24,00,2026-04-27,2026-05-24,gcrew,noaa_gefs,24,AirTemp_C_mean,27,19.98945007324221
gep24,00,2026-04-27,2026-05-24,gcrew,noaa_gefs,24,Pressure_Pa,27,101342.990234375
gep24,00,2026-04-27,2026-05-24,gcrew,noaa_gefs,24,RH_percent_mean,27,67.63784408569336
gep24,00,2026-04-27,2026-05-24,gcrew,noaa_gefs,24,Rain_mm_sum,27,0
gep24,00,2026-04-27,2026-05-24,gcrew,noaa_gefs,24,ShortwaveRadiation_Wm2,27,291.25
gep24,00,2026-04-27,2026-05-24,gcrew,noaa_gefs,24,WindSpeed_ms_mean,27,1.8987633133925008
gep24,00,2026-04-27,2026-05-25,gcrew,noaa_gefs,24,AirTemp_C_mean,28,20.29615173339846
gep24,00,2026-04-27,2026-05-25,gcrew,noaa_gefs,24,Pressure_Pa,28,100799.01953125
gep24,00,2026-04-27,2026-05-25,gcrew,noaa_gefs,24,RH_percent_mean,28,68.97553539276123
gep24,00,2026-04-27,2026-05-25,gcrew,noaa_gefs,24,Rain_mm_sum,28,0
gep24,00,2026-04-27,2026-05-25,gcrew,noaa_gefs,24,ShortwaveRadiation_Wm2,28,309.75
gep24,00,2026-04-27,2026-05-25,gcrew,noaa_gefs,24,WindSpeed_ms_mean,28,3.282312133189652
gep24,00,2026-04-27,2026-05-26,gcrew,noaa_gefs,24,AirTemp_C_mean,29,23.21851501464846
gep24,00,2026-04-27,2026-05-26,gcrew,noaa_gefs,24,Pressure_Pa,29,100695.197265625
gep24,00,2026-04-27,2026-05-26,gcrew,noaa_gefs,24,RH_percent_mean,29,82.25054931640625
gep24,00,2026-04-27,2026-05-26,gcrew,noaa_gefs,24,Rain_mm_sum,29,4.899999916553497
gep24,00,2026-04-27,2026-05-26,gcrew,noaa_gefs,24,ShortwaveRadiation_Wm2,29,325.5
gep24,00,2026-04-27,2026-05-26,gcrew,noaa_gefs,24,WindSpeed_ms_mean,29,3.3496704517798257
gep24,00,2026-04-27,2026-05-27,gcrew,noaa_gefs,24,AirTemp_C_mean,30,21.77124176025393
gep24,00,2026-04-27,2026-05-27,gcrew,noaa_gefs,24,Pressure_Pa,30,101327.005859375
gep24,00,2026-04-27,2026-05-27,gcrew,noaa_gefs,24,RH_percent_mean,30,82.51387405395508
gep24,00,2026-04-27,2026-05-27,gcrew,noaa_gefs,24,Rain_mm_sum,30,0
gep24,00,2026-04-27,2026-05-27,gcrew,noaa_gefs,24,ShortwaveRadiation_Wm2,30,325.75
gep24,00,2026-04-27,2026-05-27,gcrew,noaa_gefs,24,WindSpeed_ms_mean,30,4.527820202533626
gep24,00,2026-04-27,2026-05-28,gcrew,noaa_gefs,24,AirTemp_C_mean,31,24.39227447509768
gep24,00,2026-04-27,2026-05-28,gcrew,noaa_gefs,24,Pressure_Pa,31,101159.59375
gep24,00,2026-04-27,2026-05-28,gcrew,noaa_gefs,24,RH_percent_mean,31,79.66389560699463
gep24,00,2026-04-27,2026-05-28,gcrew,noaa_gefs,24,Rain_mm_sum,31,2.9999999552965164
gep24,00,2026-04-27,2026-05-28,gcrew,noaa_gefs,24,ShortwaveRadiation_Wm2,31,332.5
gep24,00,2026-04-27,2026-05-28,gcrew,noaa_gefs,24,WindSpeed_ms_mean,31,3.941846018368561
gep24,00,2026-04-27,2026-05-29,gcrew,noaa_gefs,24,AirTemp_C_mean,32,23.499902343750023
gep24,00,2026-04-27,2026-05-29,gcrew,noaa_gefs,24,Pressure_Pa,32,101534.01171875
gep24,00,2026-04-27,2026-05-29,gcrew,noaa_gefs,24,RH_percent_mean,32,81.16684532165527
gep24,00,2026-04-27,2026-05-29,gcrew,noaa_gefs,24,Rain_mm_sum,32,3.3000000715255737
gep24,00,2026-04-27,2026-05-29,gcrew,noaa_gefs,24,ShortwaveRadiation_Wm2,32,322.75
gep24,00,2026-04-27,2026-05-29,gcrew,noaa_gefs,24,WindSpeed_ms_mean,32,3.215779983650272
gep24,00,2026-04-27,2026-05-30,gcrew,noaa_gefs,24,AirTemp_C_mean,33,25.719346618652366
gep24,00,2026-04-27,2026-05-30,gcrew,noaa_gefs,24,Pressure_Pa,33,101169.580078125
gep24,00,2026-04-27,2026-05-30,gcrew,noaa_gefs,24,RH_percent_mean,33,69.18948173522949
gep24,00,2026-04-27,2026-05-30,gcrew,noaa_gefs,24,Rain_mm_sum,33,5.900000095367432
gep24,00,2026-04-27,2026-05-30,gcrew,noaa_gefs,24,ShortwaveRadiation_Wm2,33,328
gep24,00,2026-04-27,2026-05-30,gcrew,noaa_gefs,24,WindSpeed_ms_mean,33,5.024491839967965
gep24,00,2026-04-27,2026-05-31,gcrew,noaa_gefs,24,AirTemp_C_mean,34,19.59900054931643
gep24,00,2026-04-27,2026-05-31,gcrew,noaa_gefs,24,Pressure_Pa,34,101853.44140625
gep24,00,2026-04-27,2026-05-31,gcrew,noaa_gefs,24,RH_percent_mean,34,62.48447799682617
gep24,00,2026-04-27,2026-05-31,gcrew,noaa_gefs,24,Rain_mm_sum,34,0
gep24,00,2026-04-27,2026-05-31,gcrew,noaa_gefs,24,ShortwaveRadiation_Wm2,34,360.25
gep24,00,2026-04-27,2026-05-31,gcrew,noaa_gefs,24,WindSpeed_ms_mean,34,4.692275223673417
gep25,00,2026-04-27,2026-04-28,gcrew,noaa_gefs,25,AirTemp_C_mean,1,11.579675292968773
gep25,00,2026-04-27,2026-04-28,gcrew,noaa_gefs,25,Pressure_Pa,1,101858.66796875
gep25,00,2026-04-27,2026-04-28,gcrew,noaa_gefs,25,RH_percent_mean,1,70.0107069015503
gep25,00,2026-04-27,2026-04-28,gcrew,noaa_gefs,25,Rain_mm_sum,1,2.1800000071525574
gep25,00,2026-04-27,2026-04-28,gcrew,noaa_gefs,25,ShortwaveRadiation_Wm2,1,182.375
gep25,00,2026-04-27,2026-04-28,gcrew,noaa_gefs,25,WindSpeed_ms_mean,1,3.144690806609595
gep25,00,2026-04-27,2026-04-29,gcrew,noaa_gefs,25,AirTemp_C_mean,2,13.038072204589866
gep25,00,2026-04-27,2026-04-29,gcrew,noaa_gefs,25,Pressure_Pa,2,100681.7392578125
gep25,00,2026-04-27,2026-04-29,gcrew,noaa_gefs,25,RH_percent_mean,2,79.37301731109619
gep25,00,2026-04-27,2026-04-29,gcrew,noaa_gefs,25,Rain_mm_sum,2,5.650000095367432
gep25,00,2026-04-27,2026-04-29,gcrew,noaa_gefs,25,ShortwaveRadiation_Wm2,2,123.125
gep25,00,2026-04-27,2026-04-29,gcrew,noaa_gefs,25,WindSpeed_ms_mean,2,6.751690838700274
gep25,00,2026-04-27,2026-04-30,gcrew,noaa_gefs,25,AirTemp_C_mean,3,12.374749755859398
gep25,00,2026-04-27,2026-04-30,gcrew,noaa_gefs,25,Pressure_Pa,3,100118.521484375
gep25,00,2026-04-27,2026-04-30,gcrew,noaa_gefs,25,RH_percent_mean,3,68.30331468582153
gep25,00,2026-04-27,2026-04-30,gcrew,noaa_gefs,25,Rain_mm_sum,3,2.200000047683716
gep25,00,2026-04-27,2026-04-30,gcrew,noaa_gefs,25,ShortwaveRadiation_Wm2,3,336.75
gep25,00,2026-04-27,2026-04-30,gcrew,noaa_gefs,25,WindSpeed_ms_mean,3,6.3404068339236375
gep25,00,2026-04-27,2026-05-01,gcrew,noaa_gefs,25,AirTemp_C_mean,4,11.863782501220726
gep25,00,2026-04-27,2026-05-01,gcrew,noaa_gefs,25,Pressure_Pa,4,100457.115234375
gep25,00,2026-04-27,2026-05-01,gcrew,noaa_gefs,25,RH_percent_mean,4,63.77413034439087
gep25,00,2026-04-27,2026-05-01,gcrew,noaa_gefs,25,Rain_mm_sum,4,0.14999999105930328
gep25,00,2026-04-27,2026-05-01,gcrew,noaa_gefs,25,ShortwaveRadiation_Wm2,4,305.75
gep25,00,2026-04-27,2026-05-01,gcrew,noaa_gefs,25,WindSpeed_ms_mean,4,4.420050426615207
gep25,00,2026-04-27,2026-05-02,gcrew,noaa_gefs,25,AirTemp_C_mean,5,9.424409484863304
gep25,00,2026-04-27,2026-05-02,gcrew,noaa_gefs,25,Pressure_Pa,5,100060.8115234375
gep25,00,2026-04-27,2026-05-02,gcrew,noaa_gefs,25,RH_percent_mean,5,85.62604904174805
gep25,00,2026-04-27,2026-05-02,gcrew,noaa_gefs,25,Rain_mm_sum,5,10.500000223517418
gep25,00,2026-04-27,2026-05-02,gcrew,noaa_gefs,25,ShortwaveRadiation_Wm2,5,49.625
gep25,00,2026-04-27,2026-05-02,gcrew,noaa_gefs,25,WindSpeed_ms_mean,5,6.559776809952508
gep25,00,2026-04-27,2026-05-03,gcrew,noaa_gefs,25,AirTemp_C_mean,6,10.825589752197288
gep25,00,2026-04-27,2026-05-03,gcrew,noaa_gefs,25,Pressure_Pa,6,100683.826171875
gep25,00,2026-04-27,2026-05-03,gcrew,noaa_gefs,25,RH_percent_mean,6,70.58711957931519
gep25,00,2026-04-27,2026-05-03,gcrew,noaa_gefs,25,Rain_mm_sum,6,2.5999999791383743
gep25,00,2026-04-27,2026-05-03,gcrew,noaa_gefs,25,ShortwaveRadiation_Wm2,6,228.625
gep25,00,2026-04-27,2026-05-03,gcrew,noaa_gefs,25,WindSpeed_ms_mean,6,6.259846307795703
gep25,00,2026-04-27,2026-05-04,gcrew,noaa_gefs,25,AirTemp_C_mean,7,12.645486450195335
gep25,00,2026-04-27,2026-05-04,gcrew,noaa_gefs,25,Pressure_Pa,7,101078.326171875
gep25,00,2026-04-27,2026-05-04,gcrew,noaa_gefs,25,RH_percent_mean,7,65.15876054763794
gep25,00,2026-04-27,2026-05-04,gcrew,noaa_gefs,25,Rain_mm_sum,7,0
gep25,00,2026-04-27,2026-05-04,gcrew,noaa_gefs,25,ShortwaveRadiation_Wm2,7,330.375
gep25,00,2026-04-27,2026-05-04,gcrew,noaa_gefs,25,WindSpeed_ms_mean,7,4.1287794168947265
gep25,00,2026-04-27,2026-05-05,gcrew,noaa_gefs,25,AirTemp_C_mean,8,13.514123535156273
gep25,00,2026-04-27,2026-05-05,gcrew,noaa_gefs,25,Pressure_Pa,8,100674.3935546875
gep25,00,2026-04-27,2026-05-05,gcrew,noaa_gefs,25,RH_percent_mean,8,77.96095371246338
gep25,00,2026-04-27,2026-05-05,gcrew,noaa_gefs,25,Rain_mm_sum,8,6.429999984800816
gep25,00,2026-04-27,2026-05-05,gcrew,noaa_gefs,25,ShortwaveRadiation_Wm2,8,102.75
gep25,00,2026-04-27,2026-05-05,gcrew,noaa_gefs,25,WindSpeed_ms_mean,8,3.340704722164043
gep25,00,2026-04-27,2026-05-06,gcrew,noaa_gefs,25,AirTemp_C_mean,9,14.66842476981029
gep25,00,2026-04-27,2026-05-06,gcrew,noaa_gefs,25,Pressure_Pa,9,100426.58035714286
gep25,00,2026-04-27,2026-05-06,gcrew,noaa_gefs,25,RH_percent_mean,9,74.78257206508091
gep25,00,2026-04-27,2026-05-06,gcrew,noaa_gefs,25,Rain_mm_sum,9,2.800000049173832
gep25,00,2026-04-27,2026-05-06,gcrew,noaa_gefs,25,ShortwaveRadiation_Wm2,9,226.57142857142858
gep25,00,2026-04-27,2026-05-06,gcrew,noaa_gefs,25,WindSpeed_ms_mean,9,2.962092818850805
gep25,00,2026-04-27,2026-05-07,gcrew,noaa_gefs,25,AirTemp_C_mean,10,13.210267639160179
gep25,00,2026-04-27,2026-05-07,gcrew,noaa_gefs,25,Pressure_Pa,10,100801.388671875
gep25,00,2026-04-27,2026-05-07,gcrew,noaa_gefs,25,RH_percent_mean,10,64.8941125869751
gep25,00,2026-04-27,2026-05-07,gcrew,noaa_gefs,25,Rain_mm_sum,10,0
gep25,00,2026-04-27,2026-05-07,gcrew,noaa_gefs,25,ShortwaveRadiation_Wm2,10,333.25
gep25,00,2026-04-27,2026-05-07,gcrew,noaa_gefs,25,WindSpeed_ms_mean,10,5.7470248717601695
gep25,00,2026-04-27,2026-05-08,gcrew,noaa_gefs,25,AirTemp_C_mean,11,14.233064270019554
gep25,00,2026-04-27,2026-05-08,gcrew,noaa_gefs,25,Pressure_Pa,11,100949.1875
gep25,00,2026-04-27,2026-05-08,gcrew,noaa_gefs,25,RH_percent_mean,11,63.45889949798584
gep25,00,2026-04-27,2026-05-08,gcrew,noaa_gefs,25,Rain_mm_sum,11,0
gep25,00,2026-04-27,2026-05-08,gcrew,noaa_gefs,25,ShortwaveRadiation_Wm2,11,323.25
gep25,00,2026-04-27,2026-05-08,gcrew,noaa_gefs,25,WindSpeed_ms_mean,11,4.1680753706171
gep25,00,2026-04-27,2026-05-09,gcrew,noaa_gefs,25,AirTemp_C_mean,12,16.69899139404299
gep25,00,2026-04-27,2026-05-09,gcrew,noaa_gefs,25,Pressure_Pa,12,99939.416015625
gep25,00,2026-04-27,2026-05-09,gcrew,noaa_gefs,25,RH_percent_mean,12,93.10905075073242
gep25,00,2026-04-27,2026-05-09,gcrew,noaa_gefs,25,Rain_mm_sum,12,19.40000009536743
gep25,00,2026-04-27,2026-05-09,gcrew,noaa_gefs,25,ShortwaveRadiation_Wm2,12,75
gep25,00,2026-04-27,2026-05-09,gcrew,noaa_gefs,25,WindSpeed_ms_mean,12,5.098757673087844
gep25,00,2026-04-27,2026-05-10,gcrew,noaa_gefs,25,AirTemp_C_mean,13,13.901696777343773
gep25,00,2026-04-27,2026-05-10,gcrew,noaa_gefs,25,Pressure_Pa,13,101187.380859375
gep25,00,2026-04-27,2026-05-10,gcrew,noaa_gefs,25,RH_percent_mean,13,62.095730781555176
gep25,00,2026-04-27,2026-05-10,gcrew,noaa_gefs,25,Rain_mm_sum,13,0.10000000149011612
gep25,00,2026-04-27,2026-05-10,gcrew,noaa_gefs,25,ShortwaveRadiation_Wm2,13,344.5
gep25,00,2026-04-27,2026-05-10,gcrew,noaa_gefs,25,WindSpeed_ms_mean,13,4.143133742887205
gep25,00,2026-04-27,2026-05-11,gcrew,noaa_gefs,25,AirTemp_C_mean,14,15.09168395996096
gep25,00,2026-04-27,2026-05-11,gcrew,noaa_gefs,25,Pressure_Pa,14,102241.033203125
gep25,00,2026-04-27,2026-05-11,gcrew,noaa_gefs,25,RH_percent_mean,14,62.015602111816406
gep25,00,2026-04-27,2026-05-11,gcrew,noaa_gefs,25,Rain_mm_sum,14,0
gep25,00,2026-04-27,2026-05-11,gcrew,noaa_gefs,25,ShortwaveRadiation_Wm2,14,339.75
gep25,00,2026-04-27,2026-05-11,gcrew,noaa_gefs,25,WindSpeed_ms_mean,14,4.706386471173322
gep25,00,2026-04-27,2026-05-12,gcrew,noaa_gefs,25,AirTemp_C_mean,15,17.251084899902366
gep25,00,2026-04-27,2026-05-12,gcrew,noaa_gefs,25,Pressure_Pa,15,102263.9921875
gep25,00,2026-04-27,2026-05-12,gcrew,noaa_gefs,25,RH_percent_mean,15,75.52095794677734
gep25,00,2026-04-27,2026-05-12,gcrew,noaa_gefs,25,Rain_mm_sum,15,0
gep25,00,2026-04-27,2026-05-12,gcrew,noaa_gefs,25,ShortwaveRadiation_Wm2,15,336
gep25,00,2026-04-27,2026-05-12,gcrew,noaa_gefs,25,WindSpeed_ms_mean,15,7.010430330005118
gep25,00,2026-04-27,2026-05-13,gcrew,noaa_gefs,25,AirTemp_C_mean,16,19.49273834228518
gep25,00,2026-04-27,2026-05-13,gcrew,noaa_gefs,25,Pressure_Pa,16,101710.423828125
gep25,00,2026-04-27,2026-05-13,gcrew,noaa_gefs,25,RH_percent_mean,16,90.239959716796875
gep25,00,2026-04-27,2026-05-13,gcrew,noaa_gefs,25,Rain_mm_sum,16,2.800000049173832
gep25,00,2026-04-27,2026-05-13,gcrew,noaa_gefs,25,ShortwaveRadiation_Wm2,16,215.75
gep25,00,2026-04-27,2026-05-13,gcrew,noaa_gefs,25,WindSpeed_ms_mean,16,6.026004144410448
gep25,00,2026-04-27,2026-05-14,gcrew,noaa_gefs,25,AirTemp_C_mean,17,18.513650512695335
gep25,00,2026-04-27,2026-05-14,gcrew,noaa_gefs,25,Pressure_Pa,17,101608.88671875
gep25,00,2026-04-27,2026-05-14,gcrew,noaa_gefs,25,RH_percent_mean,17,86.30577850341797
gep25,00,2026-04-27,2026-05-14,gcrew,noaa_gefs,25,Rain_mm_sum,17,12.900000095367432
gep25,00,2026-04-27,2026-05-14,gcrew,noaa_gefs,25,ShortwaveRadiation_Wm2,17,185.75
gep25,00,2026-04-27,2026-05-14,gcrew,noaa_gefs,25,WindSpeed_ms_mean,17,4.270036840520563
gep25,00,2026-04-27,2026-05-15,gcrew,noaa_gefs,25,AirTemp_C_mean,18,15.910485839843773
gep25,00,2026-04-27,2026-05-15,gcrew,noaa_gefs,25,Pressure_Pa,18,102181.615234375
gep25,00,2026-04-27,2026-05-15,gcrew,noaa_gefs,25,RH_percent_mean,18,76.19487285614014
gep25,00,2026-04-27,2026-05-15,gcrew,noaa_gefs,25,Rain_mm_sum,18,0
gep25,00,2026-04-27,2026-05-15,gcrew,noaa_gefs,25,ShortwaveRadiation_Wm2,18,343.5
gep25,00,2026-04-27,2026-05-15,gcrew,noaa_gefs,25,WindSpeed_ms_mean,18,3.9490240974844317
gep25,00,2026-04-27,2026-05-16,gcrew,noaa_gefs,25,AirTemp_C_mean,19,20.577661132812523
gep25,00,2026-04-27,2026-05-16,gcrew,noaa_gefs,25,Pressure_Pa,19,101713.755859375
gep25,00,2026-04-27,2026-05-16,gcrew,noaa_gefs,25,RH_percent_mean,19,80.4810848236084
gep25,00,2026-04-27,2026-05-16,gcrew,noaa_gefs,25,Rain_mm_sum,19,1.1000000014901161
gep25,00,2026-04-27,2026-05-16,gcrew,noaa_gefs,25,ShortwaveRadiation_Wm2,19,322.75
gep25,00,2026-04-27,2026-05-16,gcrew,noaa_gefs,25,WindSpeed_ms_mean,19,4.781925626210346
gep25,00,2026-04-27,2026-05-17,gcrew,noaa_gefs,25,AirTemp_C_mean,20,22.937905883789085
gep25,00,2026-04-27,2026-05-17,gcrew,noaa_gefs,25,Pressure_Pa,20,101673.8359375
gep25,00,2026-04-27,2026-05-17,gcrew,noaa_gefs,25,RH_percent_mean,20,77.38579750061035
gep25,00,2026-04-27,2026-05-17,gcrew,noaa_gefs,25,Rain_mm_sum,20,4.300000049173832
gep25,00,2026-04-27,2026-05-17,gcrew,noaa_gefs,25,ShortwaveRadiation_Wm2,20,295.25
gep25,00,2026-04-27,2026-05-17,gcrew,noaa_gefs,25,WindSpeed_ms_mean,20,3.0308602990974056
gep25,00,2026-04-27,2026-05-18,gcrew,noaa_gefs,25,AirTemp_C_mean,21,24.01905212402346
gep25,00,2026-04-27,2026-05-18,gcrew,noaa_gefs,25,Pressure_Pa,21,101460.267578125
gep25,00,2026-04-27,2026-05-18,gcrew,noaa_gefs,25,RH_percent_mean,21,76.18959331512451
gep25,00,2026-04-27,2026-05-18,gcrew,noaa_gefs,25,Rain_mm_sum,21,16.80000078678131
gep25,00,2026-04-27,2026-05-18,gcrew,noaa_gefs,25,ShortwaveRadiation_Wm2,21,296
gep25,00,2026-04-27,2026-05-18,gcrew,noaa_gefs,25,WindSpeed_ms_mean,21,3.073193730264629
gep25,00,2026-04-27,2026-05-19,gcrew,noaa_gefs,25,AirTemp_C_mean,22,25.510980224609398
gep25,00,2026-04-27,2026-05-19,gcrew,noaa_gefs,25,Pressure_Pa,22,100955.107421875
gep25,00,2026-04-27,2026-05-19,gcrew,noaa_gefs,25,RH_percent_mean,22,70.90894889831543
gep25,00,2026-04-27,2026-05-19,gcrew,noaa_gefs,25,Rain_mm_sum,22,1.600000038743019
gep25,00,2026-04-27,2026-05-19,gcrew,noaa_gefs,25,ShortwaveRadiation_Wm2,22,224
gep25,00,2026-04-27,2026-05-19,gcrew,noaa_gefs,25,WindSpeed_ms_mean,22,2.4858541001805587
gep25,00,2026-04-27,2026-05-20,gcrew,noaa_gefs,25,AirTemp_C_mean,23,21.864289855957054
gep25,00,2026-04-27,2026-05-20,gcrew,noaa_gefs,25,Pressure_Pa,23,101018.095703125
gep25,00,2026-04-27,2026-05-20,gcrew,noaa_gefs,25,RH_percent_mean,23,67.23811626434326
gep25,00,2026-04-27,2026-05-20,gcrew,noaa_gefs,25,Rain_mm_sum,23,0.30000001192092896
gep25,00,2026-04-27,2026-05-20,gcrew,noaa_gefs,25,ShortwaveRadiation_Wm2,23,327.25
gep25,00,2026-04-27,2026-05-20,gcrew,noaa_gefs,25,WindSpeed_ms_mean,23,4.555111160571268
gep25,00,2026-04-27,2026-05-21,gcrew,noaa_gefs,25,AirTemp_C_mean,24,19.262673950195335
gep25,00,2026-04-27,2026-05-21,gcrew,noaa_gefs,25,Pressure_Pa,24,101705.2734375
gep25,00,2026-04-27,2026-05-21,gcrew,noaa_gefs,25,RH_percent_mean,24,62.426734924316406
gep25,00,2026-04-27,2026-05-21,gcrew,noaa_gefs,25,Rain_mm_sum,24,0
gep25,00,2026-04-27,2026-05-21,gcrew,noaa_gefs,25,ShortwaveRadiation_Wm2,24,345.75
gep25,00,2026-04-27,2026-05-21,gcrew,noaa_gefs,25,WindSpeed_ms_mean,24,2.407734619792761
gep25,00,2026-04-27,2026-05-22,gcrew,noaa_gefs,25,AirTemp_C_mean,25,19.581025695800804
gep25,00,2026-04-27,2026-05-22,gcrew,noaa_gefs,25,Pressure_Pa,25,101598.32421875
gep25,00,2026-04-27,2026-05-22,gcrew,noaa_gefs,25,RH_percent_mean,25,67.51792812347412
gep25,00,2026-04-27,2026-05-22,gcrew,noaa_gefs,25,Rain_mm_sum,25,0
gep25,00,2026-04-27,2026-05-22,gcrew,noaa_gefs,25,ShortwaveRadiation_Wm2,25,339.25
gep25,00,2026-04-27,2026-05-22,gcrew,noaa_gefs,25,WindSpeed_ms_mean,25,4.837275644483171
gep25,00,2026-04-27,2026-05-23,gcrew,noaa_gefs,25,AirTemp_C_mean,26,19.05195007324221
gep25,00,2026-04-27,2026-05-23,gcrew,noaa_gefs,25,Pressure_Pa,26,101465.875
gep25,00,2026-04-27,2026-05-23,gcrew,noaa_gefs,25,RH_percent_mean,26,65.91939640045166
gep25,00,2026-04-27,2026-05-23,gcrew,noaa_gefs,25,Rain_mm_sum,26,0
gep25,00,2026-04-27,2026-05-23,gcrew,noaa_gefs,25,ShortwaveRadiation_Wm2,26,342.25
gep25,00,2026-04-27,2026-05-23,gcrew,noaa_gefs,25,WindSpeed_ms_mean,26,3.9395944856956513
gep25,00,2026-04-27,2026-05-24,gcrew,noaa_gefs,25,AirTemp_C_mean,27,19.98945007324221
gep25,00,2026-04-27,2026-05-24,gcrew,noaa_gefs,25,Pressure_Pa,27,101342.990234375
gep25,00,2026-04-27,2026-05-24,gcrew,noaa_gefs,25,RH_percent_mean,27,67.63784408569336
gep25,00,2026-04-27,2026-05-24,gcrew,noaa_gefs,25,Rain_mm_sum,27,0
gep25,00,2026-04-27,2026-05-24,gcrew,noaa_gefs,25,ShortwaveRadiation_Wm2,27,291.25
gep25,00,2026-04-27,2026-05-24,gcrew,noaa_gefs,25,WindSpeed_ms_mean,27,1.8987633133925008
gep25,00,2026-04-27,2026-05-25,gcrew,noaa_gefs,25,AirTemp_C_mean,28,20.29615173339846
gep25,00,2026-04-27,2026-05-25,gcrew,noaa_gefs,25,Pressure_Pa,28,100799.01953125
gep25,00,2026-04-27,2026-05-25,gcrew,noaa_gefs,25,RH_percent_mean,28,68.97553539276123
gep25,00,2026-04-27,2026-05-25,gcrew,noaa_gefs,25,Rain_mm_sum,28,0
gep25,00,2026-04-27,2026-05-25,gcrew,noaa_gefs,25,ShortwaveRadiation_Wm2,28,309.75
gep25,00,2026-04-27,2026-05-25,gcrew,noaa_gefs,25,WindSpeed_ms_mean,28,3.282312133189652
gep25,00,2026-04-27,2026-05-26,gcrew,noaa_gefs,25,AirTemp_C_mean,29,23.21851501464846
gep25,00,2026-04-27,2026-05-26,gcrew,noaa_gefs,25,Pressure_Pa,29,100695.197265625
gep25,00,2026-04-27,2026-05-26,gcrew,noaa_gefs,25,RH_percent_mean,29,82.25054931640625
gep25,00,2026-04-27,2026-05-26,gcrew,noaa_gefs,25,Rain_mm_sum,29,4.899999916553497
gep25,00,2026-04-27,2026-05-26,gcrew,noaa_gefs,25,ShortwaveRadiation_Wm2,29,325.5
gep25,00,2026-04-27,2026-05-26,gcrew,noaa_gefs,25,WindSpeed_ms_mean,29,3.3496704517798257
gep25,00,2026-04-27,2026-05-27,gcrew,noaa_gefs,25,AirTemp_C_mean,30,21.77124176025393
gep25,00,2026-04-27,2026-05-27,gcrew,noaa_gefs,25,Pressure_Pa,30,101327.005859375
gep25,00,2026-04-27,2026-05-27,gcrew,noaa_gefs,25,RH_percent_mean,30,82.51387405395508
gep25,00,2026-04-27,2026-05-27,gcrew,noaa_gefs,25,Rain_mm_sum,30,0
gep25,00,2026-04-27,2026-05-27,gcrew,noaa_gefs,25,ShortwaveRadiation_Wm2,30,325.75
gep25,00,2026-04-27,2026-05-27,gcrew,noaa_gefs,25,WindSpeed_ms_mean,30,4.527820202533626
gep25,00,2026-04-27,2026-05-28,gcrew,noaa_gefs,25,AirTemp_C_mean,31,24.39227447509768
gep25,00,2026-04-27,2026-05-28,gcrew,noaa_gefs,25,Pressure_Pa,31,101159.59375
gep25,00,2026-04-27,2026-05-28,gcrew,noaa_gefs,25,RH_percent_mean,31,79.66389560699463
gep25,00,2026-04-27,2026-05-28,gcrew,noaa_gefs,25,Rain_mm_sum,31,2.9999999552965164
gep25,00,2026-04-27,2026-05-28,gcrew,noaa_gefs,25,ShortwaveRadiation_Wm2,31,332.5
gep25,00,2026-04-27,2026-05-28,gcrew,noaa_gefs,25,WindSpeed_ms_mean,31,3.941846018368561
gep25,00,2026-04-27,2026-05-29,gcrew,noaa_gefs,25,AirTemp_C_mean,32,23.499902343750023
gep25,00,2026-04-27,2026-05-29,gcrew,noaa_gefs,25,Pressure_Pa,32,101534.01171875
gep25,00,2026-04-27,2026-05-29,gcrew,noaa_gefs,25,RH_percent_mean,32,81.16684532165527
gep25,00,2026-04-27,2026-05-29,gcrew,noaa_gefs,25,Rain_mm_sum,32,3.3000000715255737
gep25,00,2026-04-27,2026-05-29,gcrew,noaa_gefs,25,ShortwaveRadiation_Wm2,32,322.75
gep25,00,2026-04-27,2026-05-29,gcrew,noaa_gefs,25,WindSpeed_ms_mean,32,3.215779983650272
gep25,00,2026-04-27,2026-05-30,gcrew,noaa_gefs,25,AirTemp_C_mean,33,25.719346618652366
gep25,00,2026-04-27,2026-05-30,gcrew,noaa_gefs,25,Pressure_Pa,33,101169.580078125
gep25,00,2026-04-27,2026-05-30,gcrew,noaa_gefs,25,RH_percent_mean,33,69.18948173522949
gep25,00,2026-04-27,2026-05-30,gcrew,noaa_gefs,25,Rain_mm_sum,33,5.900000095367432
gep25,00,2026-04-27,2026-05-30,gcrew,noaa_gefs,25,ShortwaveRadiation_Wm2,33,328
gep25,00,2026-04-27,2026-05-30,gcrew,noaa_gefs,25,WindSpeed_ms_mean,33,5.024491839967965
gep25,00,2026-04-27,2026-05-31,gcrew,noaa_gefs,25,AirTemp_C_mean,34,19.59900054931643
gep25,00,2026-04-27,2026-05-31,gcrew,noaa_gefs,25,Pressure_Pa,34,101853.44140625
gep25,00,2026-04-27,2026-05-31,gcrew,noaa_gefs,25,RH_percent_mean,34,62.48447799682617
gep25,00,2026-04-27,2026-05-31,gcrew,noaa_gefs,25,Rain_mm_sum,34,0
gep25,00,2026-04-27,2026-05-31,gcrew,noaa_gefs,25,ShortwaveRadiation_Wm2,34,360.25
gep25,00,2026-04-27,2026-05-31,gcrew,noaa_gefs,25,WindSpeed_ms_mean,34,4.692275223673417
gep26,00,2026-04-27,2026-04-28,gcrew,noaa_gefs,26,AirTemp_C_mean,1,11.579675292968773
gep26,00,2026-04-27,2026-04-28,gcrew,noaa_gefs,26,Pressure_Pa,1,101858.66796875
gep26,00,2026-04-27,2026-04-28,gcrew,noaa_gefs,26,RH_percent_mean,1,70.0107069015503
gep26,00,2026-04-27,2026-04-28,gcrew,noaa_gefs,26,Rain_mm_sum,1,2.1800000071525574
gep26,00,2026-04-27,2026-04-28,gcrew,noaa_gefs,26,ShortwaveRadiation_Wm2,1,182.375
gep26,00,2026-04-27,2026-04-28,gcrew,noaa_gefs,26,WindSpeed_ms_mean,1,3.144690806609595
gep26,00,2026-04-27,2026-04-29,gcrew,noaa_gefs,26,AirTemp_C_mean,2,13.038072204589866
gep26,00,2026-04-27,2026-04-29,gcrew,noaa_gefs,26,Pressure_Pa,2,100681.7392578125
gep26,00,2026-04-27,2026-04-29,gcrew,noaa_gefs,26,RH_percent_mean,2,79.37301731109619
gep26,00,2026-04-27,2026-04-29,gcrew,noaa_gefs,26,Rain_mm_sum,2,5.650000095367432
gep26,00,2026-04-27,2026-04-29,gcrew,noaa_gefs,26,ShortwaveRadiation_Wm2,2,123.125
gep26,00,2026-04-27,2026-04-29,gcrew,noaa_gefs,26,WindSpeed_ms_mean,2,6.751690838700274
gep26,00,2026-04-27,2026-04-30,gcrew,noaa_gefs,26,AirTemp_C_mean,3,12.374749755859398
gep26,00,2026-04-27,2026-04-30,gcrew,noaa_gefs,26,Pressure_Pa,3,100118.521484375
gep26,00,2026-04-27,2026-04-30,gcrew,noaa_gefs,26,RH_percent_mean,3,68.30331468582153
gep26,00,2026-04-27,2026-04-30,gcrew,noaa_gefs,26,Rain_mm_sum,3,2.200000047683716
gep26,00,2026-04-27,2026-04-30,gcrew,noaa_gefs,26,ShortwaveRadiation_Wm2,3,336.75
gep26,00,2026-04-27,2026-04-30,gcrew,noaa_gefs,26,WindSpeed_ms_mean,3,6.3404068339236375
gep26,00,2026-04-27,2026-05-01,gcrew,noaa_gefs,26,AirTemp_C_mean,4,11.863782501220726
gep26,00,2026-04-27,2026-05-01,gcrew,noaa_gefs,26,Pressure_Pa,4,100457.115234375
gep26,00,2026-04-27,2026-05-01,gcrew,noaa_gefs,26,RH_percent_mean,4,63.77413034439087
gep26,00,2026-04-27,2026-05-01,gcrew,noaa_gefs,26,Rain_mm_sum,4,0.14999999105930328
gep26,00,2026-04-27,2026-05-01,gcrew,noaa_gefs,26,ShortwaveRadiation_Wm2,4,305.75
gep26,00,2026-04-27,2026-05-01,gcrew,noaa_gefs,26,WindSpeed_ms_mean,4,4.420050426615207
gep26,00,2026-04-27,2026-05-02,gcrew,noaa_gefs,26,AirTemp_C_mean,5,9.424409484863304
gep26,00,2026-04-27,2026-05-02,gcrew,noaa_gefs,26,Pressure_Pa,5,100060.8115234375
gep26,00,2026-04-27,2026-05-02,gcrew,noaa_gefs,26,RH_percent_mean,5,85.62604904174805
gep26,00,2026-04-27,2026-05-02,gcrew,noaa_gefs,26,Rain_mm_sum,5,10.500000223517418
gep26,00,2026-04-27,2026-05-02,gcrew,noaa_gefs,26,ShortwaveRadiation_Wm2,5,49.625
gep26,00,2026-04-27,2026-05-02,gcrew,noaa_gefs,26,WindSpeed_ms_mean,5,6.559776809952508
gep26,00,2026-04-27,2026-05-03,gcrew,noaa_gefs,26,AirTemp_C_mean,6,10.825589752197288
gep26,00,2026-04-27,2026-05-03,gcrew,noaa_gefs,26,Pressure_Pa,6,100683.826171875
gep26,00,2026-04-27,2026-05-03,gcrew,noaa_gefs,26,RH_percent_mean,6,70.58711957931519
gep26,00,2026-04-27,2026-05-03,gcrew,noaa_gefs,26,Rain_mm_sum,6,2.5999999791383743
gep26,00,2026-04-27,2026-05-03,gcrew,noaa_gefs,26,ShortwaveRadiation_Wm2,6,228.625
gep26,00,2026-04-27,2026-05-03,gcrew,noaa_gefs,26,WindSpeed_ms_mean,6,6.259846307795703
gep26,00,2026-04-27,2026-05-04,gcrew,noaa_gefs,26,AirTemp_C_mean,7,12.645486450195335
gep26,00,2026-04-27,2026-05-04,gcrew,noaa_gefs,26,Pressure_Pa,7,101078.326171875
gep26,00,2026-04-27,2026-05-04,gcrew,noaa_gefs,26,RH_percent_mean,7,65.15876054763794
gep26,00,2026-04-27,2026-05-04,gcrew,noaa_gefs,26,Rain_mm_sum,7,0
gep26,00,2026-04-27,2026-05-04,gcrew,noaa_gefs,26,ShortwaveRadiation_Wm2,7,330.375
gep26,00,2026-04-27,2026-05-04,gcrew,noaa_gefs,26,WindSpeed_ms_mean,7,4.1287794168947265
gep26,00,2026-04-27,2026-05-05,gcrew,noaa_gefs,26,AirTemp_C_mean,8,13.514123535156273
gep26,00,2026-04-27,2026-05-05,gcrew,noaa_gefs,26,Pressure_Pa,8,100674.3935546875
gep26,00,2026-04-27,2026-05-05,gcrew,noaa_gefs,26,RH_percent_mean,8,77.96095371246338
gep26,00,2026-04-27,2026-05-05,gcrew,noaa_gefs,26,Rain_mm_sum,8,6.429999984800816
gep26,00,2026-04-27,2026-05-05,gcrew,noaa_gefs,26,ShortwaveRadiation_Wm2,8,102.75
gep26,00,2026-04-27,2026-05-05,gcrew,noaa_gefs,26,WindSpeed_ms_mean,8,3.340704722164043
gep26,00,2026-04-27,2026-05-06,gcrew,noaa_gefs,26,AirTemp_C_mean,9,14.66842476981029
gep26,00,2026-04-27,2026-05-06,gcrew,noaa_gefs,26,Pressure_Pa,9,100426.58035714286
gep26,00,2026-04-27,2026-05-06,gcrew,noaa_gefs,26,RH_percent_mean,9,74.78257206508091
gep26,00,2026-04-27,2026-05-06,gcrew,noaa_gefs,26,Rain_mm_sum,9,2.800000049173832
gep26,00,2026-04-27,2026-05-06,gcrew,noaa_gefs,26,ShortwaveRadiation_Wm2,9,226.57142857142858
gep26,00,2026-04-27,2026-05-06,gcrew,noaa_gefs,26,WindSpeed_ms_mean,9,2.962092818850805
gep26,00,2026-04-27,2026-05-07,gcrew,noaa_gefs,26,AirTemp_C_mean,10,13.210267639160179
gep26,00,2026-04-27,2026-05-07,gcrew,noaa_gefs,26,Pressure_Pa,10,100801.388671875
gep26,00,2026-04-27,2026-05-07,gcrew,noaa_gefs,26,RH_percent_mean,10,64.8941125869751
gep26,00,2026-04-27,2026-05-07,gcrew,noaa_gefs,26,Rain_mm_sum,10,0
gep26,00,2026-04-27,2026-05-07,gcrew,noaa_gefs,26,ShortwaveRadiation_Wm2,10,333.25
gep26,00,2026-04-27,2026-05-07,gcrew,noaa_gefs,26,WindSpeed_ms_mean,10,5.7470248717601695
gep26,00,2026-04-27,2026-05-08,gcrew,noaa_gefs,26,AirTemp_C_mean,11,14.233064270019554
gep26,00,2026-04-27,2026-05-08,gcrew,noaa_gefs,26,Pressure_Pa,11,100949.1875
gep26,00,2026-04-27,2026-05-08,gcrew,noaa_gefs,26,RH_percent_mean,11,63.45889949798584
gep26,00,2026-04-27,2026-05-08,gcrew,noaa_gefs,26,Rain_mm_sum,11,0
gep26,00,2026-04-27,2026-05-08,gcrew,noaa_gefs,26,ShortwaveRadiation_Wm2,11,323.25
gep26,00,2026-04-27,2026-05-08,gcrew,noaa_gefs,26,WindSpeed_ms_mean,11,4.1680753706171
gep26,00,2026-04-27,2026-05-09,gcrew,noaa_gefs,26,AirTemp_C_mean,12,16.69899139404299
gep26,00,2026-04-27,2026-05-09,gcrew,noaa_gefs,26,Pressure_Pa,12,99939.416015625
gep26,00,2026-04-27,2026-05-09,gcrew,noaa_gefs,26,RH_percent_mean,12,93.10905075073242
gep26,00,2026-04-27,2026-05-09,gcrew,noaa_gefs,26,Rain_mm_sum,12,19.40000009536743
gep26,00,2026-04-27,2026-05-09,gcrew,noaa_gefs,26,ShortwaveRadiation_Wm2,12,75
gep26,00,2026-04-27,2026-05-09,gcrew,noaa_gefs,26,WindSpeed_ms_mean,12,5.098757673087844
gep26,00,2026-04-27,2026-05-10,gcrew,noaa_gefs,26,AirTemp_C_mean,13,13.901696777343773
gep26,00,2026-04-27,2026-05-10,gcrew,noaa_gefs,26,Pressure_Pa,13,101187.380859375
gep26,00,2026-04-27,2026-05-10,gcrew,noaa_gefs,26,RH_percent_mean,13,62.095730781555176
gep26,00,2026-04-27,2026-05-10,gcrew,noaa_gefs,26,Rain_mm_sum,13,0.10000000149011612
gep26,00,2026-04-27,2026-05-10,gcrew,noaa_gefs,26,ShortwaveRadiation_Wm2,13,344.5
gep26,00,2026-04-27,2026-05-10,gcrew,noaa_gefs,26,WindSpeed_ms_mean,13,4.143133742887205
gep26,00,2026-04-27,2026-05-11,gcrew,noaa_gefs,26,AirTemp_C_mean,14,15.09168395996096
gep26,00,2026-04-27,2026-05-11,gcrew,noaa_gefs,26,Pressure_Pa,14,102241.033203125
gep26,00,2026-04-27,2026-05-11,gcrew,noaa_gefs,26,RH_percent_mean,14,62.015602111816406
gep26,00,2026-04-27,2026-05-11,gcrew,noaa_gefs,26,Rain_mm_sum,14,0
gep26,00,2026-04-27,2026-05-11,gcrew,noaa_gefs,26,ShortwaveRadiation_Wm2,14,339.75
gep26,00,2026-04-27,2026-05-11,gcrew,noaa_gefs,26,WindSpeed_ms_mean,14,4.706386471173322
gep26,00,2026-04-27,2026-05-12,gcrew,noaa_gefs,26,AirTemp_C_mean,15,17.251084899902366
gep26,00,2026-04-27,2026-05-12,gcrew,noaa_gefs,26,Pressure_Pa,15,102263.9921875
gep26,00,2026-04-27,2026-05-12,gcrew,noaa_gefs,26,RH_percent_mean,15,75.52095794677734
gep26,00,2026-04-27,2026-05-12,gcrew,noaa_gefs,26,Rain_mm_sum,15,0
gep26,00,2026-04-27,2026-05-12,gcrew,noaa_gefs,26,ShortwaveRadiation_Wm2,15,336
gep26,00,2026-04-27,2026-05-12,gcrew,noaa_gefs,26,WindSpeed_ms_mean,15,7.010430330005118
gep26,00,2026-04-27,2026-05-13,gcrew,noaa_gefs,26,AirTemp_C_mean,16,19.49273834228518
gep26,00,2026-04-27,2026-05-13,gcrew,noaa_gefs,26,Pressure_Pa,16,101710.423828125
gep26,00,2026-04-27,2026-05-13,gcrew,noaa_gefs,26,RH_percent_mean,16,90.239959716796875
gep26,00,2026-04-27,2026-05-13,gcrew,noaa_gefs,26,Rain_mm_sum,16,2.800000049173832
gep26,00,2026-04-27,2026-05-13,gcrew,noaa_gefs,26,ShortwaveRadiation_Wm2,16,215.75
gep26,00,2026-04-27,2026-05-13,gcrew,noaa_gefs,26,WindSpeed_ms_mean,16,6.026004144410448
gep26,00,2026-04-27,2026-05-14,gcrew,noaa_gefs,26,AirTemp_C_mean,17,18.513650512695335
gep26,00,2026-04-27,2026-05-14,gcrew,noaa_gefs,26,Pressure_Pa,17,101608.88671875
gep26,00,2026-04-27,2026-05-14,gcrew,noaa_gefs,26,RH_percent_mean,17,86.30577850341797
gep26,00,2026-04-27,2026-05-14,gcrew,noaa_gefs,26,Rain_mm_sum,17,12.900000095367432
gep26,00,2026-04-27,2026-05-14,gcrew,noaa_gefs,26,ShortwaveRadiation_Wm2,17,185.75
gep26,00,2026-04-27,2026-05-14,gcrew,noaa_gefs,26,WindSpeed_ms_mean,17,4.270036840520563
gep26,00,2026-04-27,2026-05-15,gcrew,noaa_gefs,26,AirTemp_C_mean,18,15.910485839843773
gep26,00,2026-04-27,2026-05-15,gcrew,noaa_gefs,26,Pressure_Pa,18,102181.615234375
gep26,00,2026-04-27,2026-05-15,gcrew,noaa_gefs,26,RH_percent_mean,18,76.19487285614014
gep26,00,2026-04-27,2026-05-15,gcrew,noaa_gefs,26,Rain_mm_sum,18,0
gep26,00,2026-04-27,2026-05-15,gcrew,noaa_gefs,26,ShortwaveRadiation_Wm2,18,343.5
gep26,00,2026-04-27,2026-05-15,gcrew,noaa_gefs,26,WindSpeed_ms_mean,18,3.9490240974844317
gep26,00,2026-04-27,2026-05-16,gcrew,noaa_gefs,26,AirTemp_C_mean,19,20.577661132812523
gep26,00,2026-04-27,2026-05-16,gcrew,noaa_gefs,26,Pressure_Pa,19,101713.755859375
gep26,00,2026-04-27,2026-05-16,gcrew,noaa_gefs,26,RH_percent_mean,19,80.4810848236084
gep26,00,2026-04-27,2026-05-16,gcrew,noaa_gefs,26,Rain_mm_sum,19,1.1000000014901161
gep26,00,2026-04-27,2026-05-16,gcrew,noaa_gefs,26,ShortwaveRadiation_Wm2,19,322.75
gep26,00,2026-04-27,2026-05-16,gcrew,noaa_gefs,26,WindSpeed_ms_mean,19,4.781925626210346
gep26,00,2026-04-27,2026-05-17,gcrew,noaa_gefs,26,AirTemp_C_mean,20,22.937905883789085
gep26,00,2026-04-27,2026-05-17,gcrew,noaa_gefs,26,Pressure_Pa,20,101673.8359375
gep26,00,2026-04-27,2026-05-17,gcrew,noaa_gefs,26,RH_percent_mean,20,77.38579750061035
gep26,00,2026-04-27,2026-05-17,gcrew,noaa_gefs,26,Rain_mm_sum,20,4.300000049173832
gep26,00,2026-04-27,2026-05-17,gcrew,noaa_gefs,26,ShortwaveRadiation_Wm2,20,295.25
gep26,00,2026-04-27,2026-05-17,gcrew,noaa_gefs,26,WindSpeed_ms_mean,20,3.0308602990974056
gep26,00,2026-04-27,2026-05-18,gcrew,noaa_gefs,26,AirTemp_C_mean,21,24.01905212402346
gep26,00,2026-04-27,2026-05-18,gcrew,noaa_gefs,26,Pressure_Pa,21,101460.267578125
gep26,00,2026-04-27,2026-05-18,gcrew,noaa_gefs,26,RH_percent_mean,21,76.18959331512451
gep26,00,2026-04-27,2026-05-18,gcrew,noaa_gefs,26,Rain_mm_sum,21,16.80000078678131
gep26,00,2026-04-27,2026-05-18,gcrew,noaa_gefs,26,ShortwaveRadiation_Wm2,21,296
gep26,00,2026-04-27,2026-05-18,gcrew,noaa_gefs,26,WindSpeed_ms_mean,21,3.073193730264629
gep26,00,2026-04-27,2026-05-19,gcrew,noaa_gefs,26,AirTemp_C_mean,22,25.510980224609398
gep26,00,2026-04-27,2026-05-19,gcrew,noaa_gefs,26,Pressure_Pa,22,100955.107421875
gep26,00,2026-04-27,2026-05-19,gcrew,noaa_gefs,26,RH_percent_mean,22,70.90894889831543
gep26,00,2026-04-27,2026-05-19,gcrew,noaa_gefs,26,Rain_mm_sum,22,1.600000038743019
gep26,00,2026-04-27,2026-05-19,gcrew,noaa_gefs,26,ShortwaveRadiation_Wm2,22,224
gep26,00,2026-04-27,2026-05-19,gcrew,noaa_gefs,26,WindSpeed_ms_mean,22,2.4858541001805587
gep26,00,2026-04-27,2026-05-20,gcrew,noaa_gefs,26,AirTemp_C_mean,23,21.864289855957054
gep26,00,2026-04-27,2026-05-20,gcrew,noaa_gefs,26,Pressure_Pa,23,101018.095703125
gep26,00,2026-04-27,2026-05-20,gcrew,noaa_gefs,26,RH_percent_mean,23,67.23811626434326
gep26,00,2026-04-27,2026-05-20,gcrew,noaa_gefs,26,Rain_mm_sum,23,0.30000001192092896
gep26,00,2026-04-27,2026-05-20,gcrew,noaa_gefs,26,ShortwaveRadiation_Wm2,23,327.25
gep26,00,2026-04-27,2026-05-20,gcrew,noaa_gefs,26,WindSpeed_ms_mean,23,4.555111160571268
gep26,00,2026-04-27,2026-05-21,gcrew,noaa_gefs,26,AirTemp_C_mean,24,19.262673950195335
gep26,00,2026-04-27,2026-05-21,gcrew,noaa_gefs,26,Pressure_Pa,24,101705.2734375
gep26,00,2026-04-27,2026-05-21,gcrew,noaa_gefs,26,RH_percent_mean,24,62.426734924316406
gep26,00,2026-04-27,2026-05-21,gcrew,noaa_gefs,26,Rain_mm_sum,24,0
gep26,00,2026-04-27,2026-05-21,gcrew,noaa_gefs,26,ShortwaveRadiation_Wm2,24,345.75
gep26,00,2026-04-27,2026-05-21,gcrew,noaa_gefs,26,WindSpeed_ms_mean,24,2.407734619792761
gep26,00,2026-04-27,2026-05-22,gcrew,noaa_gefs,26,AirTemp_C_mean,25,19.581025695800804
gep26,00,2026-04-27,2026-05-22,gcrew,noaa_gefs,26,Pressure_Pa,25,101598.32421875
gep26,00,2026-04-27,2026-05-22,gcrew,noaa_gefs,26,RH_percent_mean,25,67.51792812347412
gep26,00,2026-04-27,2026-05-22,gcrew,noaa_gefs,26,Rain_mm_sum,25,0
gep26,00,2026-04-27,2026-05-22,gcrew,noaa_gefs,26,ShortwaveRadiation_Wm2,25,339.25
gep26,00,2026-04-27,2026-05-22,gcrew,noaa_gefs,26,WindSpeed_ms_mean,25,4.837275644483171
gep26,00,2026-04-27,2026-05-23,gcrew,noaa_gefs,26,AirTemp_C_mean,26,19.05195007324221
gep26,00,2026-04-27,2026-05-23,gcrew,noaa_gefs,26,Pressure_Pa,26,101465.875
gep26,00,2026-04-27,2026-05-23,gcrew,noaa_gefs,26,RH_percent_mean,26,65.91939640045166
gep26,00,2026-04-27,2026-05-23,gcrew,noaa_gefs,26,Rain_mm_sum,26,0
gep26,00,2026-04-27,2026-05-23,gcrew,noaa_gefs,26,ShortwaveRadiation_Wm2,26,342.25
gep26,00,2026-04-27,2026-05-23,gcrew,noaa_gefs,26,WindSpeed_ms_mean,26,3.9395944856956513
gep26,00,2026-04-27,2026-05-24,gcrew,noaa_gefs,26,AirTemp_C_mean,27,19.98945007324221
gep26,00,2026-04-27,2026-05-24,gcrew,noaa_gefs,26,Pressure_Pa,27,101342.990234375
gep26,00,2026-04-27,2026-05-24,gcrew,noaa_gefs,26,RH_percent_mean,27,67.63784408569336
gep26,00,2026-04-27,2026-05-24,gcrew,noaa_gefs,26,Rain_mm_sum,27,0
gep26,00,2026-04-27,2026-05-24,gcrew,noaa_gefs,26,ShortwaveRadiation_Wm2,27,291.25
gep26,00,2026-04-27,2026-05-24,gcrew,noaa_gefs,26,WindSpeed_ms_mean,27,1.8987633133925008
gep26,00,2026-04-27,2026-05-25,gcrew,noaa_gefs,26,AirTemp_C_mean,28,20.29615173339846
gep26,00,2026-04-27,2026-05-25,gcrew,noaa_gefs,26,Pressure_Pa,28,100799.01953125
gep26,00,2026-04-27,2026-05-25,gcrew,noaa_gefs,26,RH_percent_mean,28,68.97553539276123
gep26,00,2026-04-27,2026-05-25,gcrew,noaa_gefs,26,Rain_mm_sum,28,0
gep26,00,2026-04-27,2026-05-25,gcrew,noaa_gefs,26,ShortwaveRadiation_Wm2,28,309.75
gep26,00,2026-04-27,2026-05-25,gcrew,noaa_gefs,26,WindSpeed_ms_mean,28,3.282312133189652
gep26,00,2026-04-27,2026-05-26,gcrew,noaa_gefs,26,AirTemp_C_mean,29,23.21851501464846
gep26,00,2026-04-27,2026-05-26,gcrew,noaa_gefs,26,Pressure_Pa,29,100695.197265625
gep26,00,2026-04-27,2026-05-26,gcrew,noaa_gefs,26,RH_percent_mean,29,82.25054931640625
gep26,00,2026-04-27,2026-05-26,gcrew,noaa_gefs,26,Rain_mm_sum,29,4.899999916553497
gep26,00,2026-04-27,2026-05-26,gcrew,noaa_gefs,26,ShortwaveRadiation_Wm2,29,325.5
gep26,00,2026-04-27,2026-05-26,gcrew,noaa_gefs,26,WindSpeed_ms_mean,29,3.3496704517798257
gep26,00,2026-04-27,2026-05-27,gcrew,noaa_gefs,26,AirTemp_C_mean,30,21.77124176025393
gep26,00,2026-04-27,2026-05-27,gcrew,noaa_gefs,26,Pressure_Pa,30,101327.005859375
gep26,00,2026-04-27,2026-05-27,gcrew,noaa_gefs,26,RH_percent_mean,30,82.51387405395508
gep26,00,2026-04-27,2026-05-27,gcrew,noaa_gefs,26,Rain_mm_sum,30,0
gep26,00,2026-04-27,2026-05-27,gcrew,noaa_gefs,26,ShortwaveRadiation_Wm2,30,325.75
gep26,00,2026-04-27,2026-05-27,gcrew,noaa_gefs,26,WindSpeed_ms_mean,30,4.527820202533626
gep26,00,2026-04-27,2026-05-28,gcrew,noaa_gefs,26,AirTemp_C_mean,31,24.39227447509768
gep26,00,2026-04-27,2026-05-28,gcrew,noaa_gefs,26,Pressure_Pa,31,101159.59375
gep26,00,2026-04-27,2026-05-28,gcrew,noaa_gefs,26,RH_percent_mean,31,79.66389560699463
gep26,00,2026-04-27,2026-05-28,gcrew,noaa_gefs,26,Rain_mm_sum,31,2.9999999552965164
gep26,00,2026-04-27,2026-05-28,gcrew,noaa_gefs,26,ShortwaveRadiation_Wm2,31,332.5
gep26,00,2026-04-27,2026-05-28,gcrew,noaa_gefs,26,WindSpeed_ms_mean,31,3.941846018368561
gep26,00,2026-04-27,2026-05-29,gcrew,noaa_gefs,26,AirTemp_C_mean,32,23.499902343750023
gep26,00,2026-04-27,2026-05-29,gcrew,noaa_gefs,26,Pressure_Pa,32,101534.01171875
gep26,00,2026-04-27,2026-05-29,gcrew,noaa_gefs,26,RH_percent_mean,32,81.16684532165527
gep26,00,2026-04-27,2026-05-29,gcrew,noaa_gefs,26,Rain_mm_sum,32,3.3000000715255737
gep26,00,2026-04-27,2026-05-29,gcrew,noaa_gefs,26,ShortwaveRadiation_Wm2,32,322.75
gep26,00,2026-04-27,2026-05-29,gcrew,noaa_gefs,26,WindSpeed_ms_mean,32,3.215779983650272
gep26,00,2026-04-27,2026-05-30,gcrew,noaa_gefs,26,AirTemp_C_mean,33,25.719346618652366
gep26,00,2026-04-27,2026-05-30,gcrew,noaa_gefs,26,Pressure_Pa,33,101169.580078125
gep26,00,2026-04-27,2026-05-30,gcrew,noaa_gefs,26,RH_percent_mean,33,69.18948173522949
gep26,00,2026-04-27,2026-05-30,gcrew,noaa_gefs,26,Rain_mm_sum,33,5.900000095367432
gep26,00,2026-04-27,2026-05-30,gcrew,noaa_gefs,26,ShortwaveRadiation_Wm2,33,328
gep26,00,2026-04-27,2026-05-30,gcrew,noaa_gefs,26,WindSpeed_ms_mean,33,5.024491839967965
gep26,00,2026-04-27,2026-05-31,gcrew,noaa_gefs,26,AirTemp_C_mean,34,19.59900054931643
gep26,00,2026-04-27,2026-05-31,gcrew,noaa_gefs,26,Pressure_Pa,34,101853.44140625
gep26,00,2026-04-27,2026-05-31,gcrew,noaa_gefs,26,RH_percent_mean,34,62.48447799682617
gep26,00,2026-04-27,2026-05-31,gcrew,noaa_gefs,26,Rain_mm_sum,34,0
gep26,00,2026-04-27,2026-05-31,gcrew,noaa_gefs,26,ShortwaveRadiation_Wm2,34,360.25
gep26,00,2026-04-27,2026-05-31,gcrew,noaa_gefs,26,WindSpeed_ms_mean,34,4.692275223673417
gep27,00,2026-04-27,2026-04-28,gcrew,noaa_gefs,27,AirTemp_C_mean,1,11.579675292968773
gep27,00,2026-04-27,2026-04-28,gcrew,noaa_gefs,27,Pressure_Pa,1,101858.66796875
gep27,00,2026-04-27,2026-04-28,gcrew,noaa_gefs,27,RH_percent_mean,1,70.0107069015503
gep27,00,2026-04-27,2026-04-28,gcrew,noaa_gefs,27,Rain_mm_sum,1,2.1800000071525574
gep27,00,2026-04-27,2026-04-28,gcrew,noaa_gefs,27,ShortwaveRadiation_Wm2,1,182.375
gep27,00,2026-04-27,2026-04-28,gcrew,noaa_gefs,27,WindSpeed_ms_mean,1,3.144690806609595
gep27,00,2026-04-27,2026-04-29,gcrew,noaa_gefs,27,AirTemp_C_mean,2,13.038072204589866
gep27,00,2026-04-27,2026-04-29,gcrew,noaa_gefs,27,Pressure_Pa,2,100681.7392578125
gep27,00,2026-04-27,2026-04-29,gcrew,noaa_gefs,27,RH_percent_mean,2,79.37301731109619
gep27,00,2026-04-27,2026-04-29,gcrew,noaa_gefs,27,Rain_mm_sum,2,5.650000095367432
gep27,00,2026-04-27,2026-04-29,gcrew,noaa_gefs,27,ShortwaveRadiation_Wm2,2,123.125
gep27,00,2026-04-27,2026-04-29,gcrew,noaa_gefs,27,WindSpeed_ms_mean,2,6.751690838700274
gep27,00,2026-04-27,2026-04-30,gcrew,noaa_gefs,27,AirTemp_C_mean,3,12.374749755859398
gep27,00,2026-04-27,2026-04-30,gcrew,noaa_gefs,27,Pressure_Pa,3,100118.521484375
gep27,00,2026-04-27,2026-04-30,gcrew,noaa_gefs,27,RH_percent_mean,3,68.30331468582153
gep27,00,2026-04-27,2026-04-30,gcrew,noaa_gefs,27,Rain_mm_sum,3,2.200000047683716
gep27,00,2026-04-27,2026-04-30,gcrew,noaa_gefs,27,ShortwaveRadiation_Wm2,3,336.75
gep27,00,2026-04-27,2026-04-30,gcrew,noaa_gefs,27,WindSpeed_ms_mean,3,6.3404068339236375
gep27,00,2026-04-27,2026-05-01,gcrew,noaa_gefs,27,AirTemp_C_mean,4,11.863782501220726
gep27,00,2026-04-27,2026-05-01,gcrew,noaa_gefs,27,Pressure_Pa,4,100457.115234375
gep27,00,2026-04-27,2026-05-01,gcrew,noaa_gefs,27,RH_percent_mean,4,63.77413034439087
gep27,00,2026-04-27,2026-05-01,gcrew,noaa_gefs,27,Rain_mm_sum,4,0.14999999105930328
gep27,00,2026-04-27,2026-05-01,gcrew,noaa_gefs,27,ShortwaveRadiation_Wm2,4,305.75
gep27,00,2026-04-27,2026-05-01,gcrew,noaa_gefs,27,WindSpeed_ms_mean,4,4.420050426615207
gep27,00,2026-04-27,2026-05-02,gcrew,noaa_gefs,27,AirTemp_C_mean,5,9.424409484863304
gep27,00,2026-04-27,2026-05-02,gcrew,noaa_gefs,27,Pressure_Pa,5,100060.8115234375
gep27,00,2026-04-27,2026-05-02,gcrew,noaa_gefs,27,RH_percent_mean,5,85.62604904174805
gep27,00,2026-04-27,2026-05-02,gcrew,noaa_gefs,27,Rain_mm_sum,5,10.500000223517418
gep27,00,2026-04-27,2026-05-02,gcrew,noaa_gefs,27,ShortwaveRadiation_Wm2,5,49.625
gep27,00,2026-04-27,2026-05-02,gcrew,noaa_gefs,27,WindSpeed_ms_mean,5,6.559776809952508
gep27,00,2026-04-27,2026-05-03,gcrew,noaa_gefs,27,AirTemp_C_mean,6,10.825589752197288
gep27,00,2026-04-27,2026-05-03,gcrew,noaa_gefs,27,Pressure_Pa,6,100683.826171875
gep27,00,2026-04-27,2026-05-03,gcrew,noaa_gefs,27,RH_percent_mean,6,70.58711957931519
gep27,00,2026-04-27,2026-05-03,gcrew,noaa_gefs,27,Rain_mm_sum,6,2.5999999791383743
gep27,00,2026-04-27,2026-05-03,gcrew,noaa_gefs,27,ShortwaveRadiation_Wm2,6,228.625
gep27,00,2026-04-27,2026-05-03,gcrew,noaa_gefs,27,WindSpeed_ms_mean,6,6.259846307795703
gep27,00,2026-04-27,2026-05-04,gcrew,noaa_gefs,27,AirTemp_C_mean,7,12.645486450195335
gep27,00,2026-04-27,2026-05-04,gcrew,noaa_gefs,27,Pressure_Pa,7,101078.326171875
gep27,00,2026-04-27,2026-05-04,gcrew,noaa_gefs,27,RH_percent_mean,7,65.15876054763794
gep27,00,2026-04-27,2026-05-04,gcrew,noaa_gefs,27,Rain_mm_sum,7,0
gep27,00,2026-04-27,2026-05-04,gcrew,noaa_gefs,27,ShortwaveRadiation_Wm2,7,330.375
gep27,00,2026-04-27,2026-05-04,gcrew,noaa_gefs,27,WindSpeed_ms_mean,7,4.1287794168947265
gep27,00,2026-04-27,2026-05-05,gcrew,noaa_gefs,27,AirTemp_C_mean,8,13.514123535156273
gep27,00,2026-04-27,2026-05-05,gcrew,noaa_gefs,27,Pressure_Pa,8,100674.3935546875
gep27,00,2026-04-27,2026-05-05,gcrew,noaa_gefs,27,RH_percent_mean,8,77.96095371246338
gep27,00,2026-04-27,2026-05-05,gcrew,noaa_gefs,27,Rain_mm_sum,8,6.429999984800816
gep27,00,2026-04-27,2026-05-05,gcrew,noaa_gefs,27,ShortwaveRadiation_Wm2,8,102.75
gep27,00,2026-04-27,2026-05-05,gcrew,noaa_gefs,27,WindSpeed_ms_mean,8,3.340704722164043
gep27,00,2026-04-27,2026-05-06,gcrew,noaa_gefs,27,AirTemp_C_mean,9,14.66842476981029
gep27,00,2026-04-27,2026-05-06,gcrew,noaa_gefs,27,Pressure_Pa,9,100426.58035714286
gep27,00,2026-04-27,2026-05-06,gcrew,noaa_gefs,27,RH_percent_mean,9,74.78257206508091
gep27,00,2026-04-27,2026-05-06,gcrew,noaa_gefs,27,Rain_mm_sum,9,2.800000049173832
gep27,00,2026-04-27,2026-05-06,gcrew,noaa_gefs,27,ShortwaveRadiation_Wm2,9,226.57142857142858
gep27,00,2026-04-27,2026-05-06,gcrew,noaa_gefs,27,WindSpeed_ms_mean,9,2.962092818850805
gep27,00,2026-04-27,2026-05-07,gcrew,noaa_gefs,27,AirTemp_C_mean,10,13.210267639160179
gep27,00,2026-04-27,2026-05-07,gcrew,noaa_gefs,27,Pressure_Pa,10,100801.388671875
gep27,00,2026-04-27,2026-05-07,gcrew,noaa_gefs,27,RH_percent_mean,10,64.8941125869751
gep27,00,2026-04-27,2026-05-07,gcrew,noaa_gefs,27,Rain_mm_sum,10,0
gep27,00,2026-04-27,2026-05-07,gcrew,noaa_gefs,27,ShortwaveRadiation_Wm2,10,333.25
gep27,00,2026-04-27,2026-05-07,gcrew,noaa_gefs,27,WindSpeed_ms_mean,10,5.7470248717601695
gep27,00,2026-04-27,2026-05-08,gcrew,noaa_gefs,27,AirTemp_C_mean,11,14.233064270019554
gep27,00,2026-04-27,2026-05-08,gcrew,noaa_gefs,27,Pressure_Pa,11,100949.1875
gep27,00,2026-04-27,2026-05-08,gcrew,noaa_gefs,27,RH_percent_mean,11,63.45889949798584
gep27,00,2026-04-27,2026-05-08,gcrew,noaa_gefs,27,Rain_mm_sum,11,0
gep27,00,2026-04-27,2026-05-08,gcrew,noaa_gefs,27,ShortwaveRadiation_Wm2,11,323.25
gep27,00,2026-04-27,2026-05-08,gcrew,noaa_gefs,27,WindSpeed_ms_mean,11,4.1680753706171
gep27,00,2026-04-27,2026-05-09,gcrew,noaa_gefs,27,AirTemp_C_mean,12,16.69899139404299
gep27,00,2026-04-27,2026-05-09,gcrew,noaa_gefs,27,Pressure_Pa,12,99939.416015625
gep27,00,2026-04-27,2026-05-09,gcrew,noaa_gefs,27,RH_percent_mean,12,93.10905075073242
gep27,00,2026-04-27,2026-05-09,gcrew,noaa_gefs,27,Rain_mm_sum,12,19.40000009536743
gep27,00,2026-04-27,2026-05-09,gcrew,noaa_gefs,27,ShortwaveRadiation_Wm2,12,75
gep27,00,2026-04-27,2026-05-09,gcrew,noaa_gefs,27,WindSpeed_ms_mean,12,5.098757673087844
gep27,00,2026-04-27,2026-05-10,gcrew,noaa_gefs,27,AirTemp_C_mean,13,13.901696777343773
gep27,00,2026-04-27,2026-05-10,gcrew,noaa_gefs,27,Pressure_Pa,13,101187.380859375
gep27,00,2026-04-27,2026-05-10,gcrew,noaa_gefs,27,RH_percent_mean,13,62.095730781555176
gep27,00,2026-04-27,2026-05-10,gcrew,noaa_gefs,27,Rain_mm_sum,13,0.10000000149011612
gep27,00,2026-04-27,2026-05-10,gcrew,noaa_gefs,27,ShortwaveRadiation_Wm2,13,344.5
gep27,00,2026-04-27,2026-05-10,gcrew,noaa_gefs,27,WindSpeed_ms_mean,13,4.143133742887205
gep27,00,2026-04-27,2026-05-11,gcrew,noaa_gefs,27,AirTemp_C_mean,14,15.09168395996096
gep27,00,2026-04-27,2026-05-11,gcrew,noaa_gefs,27,Pressure_Pa,14,102241.033203125
gep27,00,2026-04-27,2026-05-11,gcrew,noaa_gefs,27,RH_percent_mean,14,62.015602111816406
gep27,00,2026-04-27,2026-05-11,gcrew,noaa_gefs,27,Rain_mm_sum,14,0
gep27,00,2026-04-27,2026-05-11,gcrew,noaa_gefs,27,ShortwaveRadiation_Wm2,14,339.75
gep27,00,2026-04-27,2026-05-11,gcrew,noaa_gefs,27,WindSpeed_ms_mean,14,4.706386471173322
gep27,00,2026-04-27,2026-05-12,gcrew,noaa_gefs,27,AirTemp_C_mean,15,17.251084899902366
gep27,00,2026-04-27,2026-05-12,gcrew,noaa_gefs,27,Pressure_Pa,15,102263.9921875
gep27,00,2026-04-27,2026-05-12,gcrew,noaa_gefs,27,RH_percent_mean,15,75.52095794677734
gep27,00,2026-04-27,2026-05-12,gcrew,noaa_gefs,27,Rain_mm_sum,15,0
gep27,00,2026-04-27,2026-05-12,gcrew,noaa_gefs,27,ShortwaveRadiation_Wm2,15,336
gep27,00,2026-04-27,2026-05-12,gcrew,noaa_gefs,27,WindSpeed_ms_mean,15,7.010430330005118
gep27,00,2026-04-27,2026-05-13,gcrew,noaa_gefs,27,AirTemp_C_mean,16,19.49273834228518
gep27,00,2026-04-27,2026-05-13,gcrew,noaa_gefs,27,Pressure_Pa,16,101710.423828125
gep27,00,2026-04-27,2026-05-13,gcrew,noaa_gefs,27,RH_percent_mean,16,90.239959716796875
gep27,00,2026-04-27,2026-05-13,gcrew,noaa_gefs,27,Rain_mm_sum,16,2.800000049173832
gep27,00,2026-04-27,2026-05-13,gcrew,noaa_gefs,27,ShortwaveRadiation_Wm2,16,215.75
gep27,00,2026-04-27,2026-05-13,gcrew,noaa_gefs,27,WindSpeed_ms_mean,16,6.026004144410448
gep27,00,2026-04-27,2026-05-14,gcrew,noaa_gefs,27,AirTemp_C_mean,17,18.513650512695335
gep27,00,2026-04-27,2026-05-14,gcrew,noaa_gefs,27,Pressure_Pa,17,101608.88671875
gep27,00,2026-04-27,2026-05-14,gcrew,noaa_gefs,27,RH_percent_mean,17,86.30577850341797
gep27,00,2026-04-27,2026-05-14,gcrew,noaa_gefs,27,Rain_mm_sum,17,12.900000095367432
gep27,00,2026-04-27,2026-05-14,gcrew,noaa_gefs,27,ShortwaveRadiation_Wm2,17,185.75
gep27,00,2026-04-27,2026-05-14,gcrew,noaa_gefs,27,WindSpeed_ms_mean,17,4.270036840520563
gep27,00,2026-04-27,2026-05-15,gcrew,noaa_gefs,27,AirTemp_C_mean,18,15.910485839843773
gep27,00,2026-04-27,2026-05-15,gcrew,noaa_gefs,27,Pressure_Pa,18,102181.615234375
gep27,00,2026-04-27,2026-05-15,gcrew,noaa_gefs,27,RH_percent_mean,18,76.19487285614014
gep27,00,2026-04-27,2026-05-15,gcrew,noaa_gefs,27,Rain_mm_sum,18,0
gep27,00,2026-04-27,2026-05-15,gcrew,noaa_gefs,27,ShortwaveRadiation_Wm2,18,343.5
gep27,00,2026-04-27,2026-05-15,gcrew,noaa_gefs,27,WindSpeed_ms_mean,18,3.9490240974844317
gep27,00,2026-04-27,2026-05-16,gcrew,noaa_gefs,27,AirTemp_C_mean,19,20.577661132812523
gep27,00,2026-04-27,2026-05-16,gcrew,noaa_gefs,27,Pressure_Pa,19,101713.755859375
gep27,00,2026-04-27,2026-05-16,gcrew,noaa_gefs,27,RH_percent_mean,19,80.4810848236084
gep27,00,2026-04-27,2026-05-16,gcrew,noaa_gefs,27,Rain_mm_sum,19,1.1000000014901161
gep27,00,2026-04-27,2026-05-16,gcrew,noaa_gefs,27,ShortwaveRadiation_Wm2,19,322.75
gep27,00,2026-04-27,2026-05-16,gcrew,noaa_gefs,27,WindSpeed_ms_mean,19,4.781925626210346
gep27,00,2026-04-27,2026-05-17,gcrew,noaa_gefs,27,AirTemp_C_mean,20,22.937905883789085
gep27,00,2026-04-27,2026-05-17,gcrew,noaa_gefs,27,Pressure_Pa,20,101673.8359375
gep27,00,2026-04-27,2026-05-17,gcrew,noaa_gefs,27,RH_percent_mean,20,77.38579750061035
gep27,00,2026-04-27,2026-05-17,gcrew,noaa_gefs,27,Rain_mm_sum,20,4.300000049173832
gep27,00,2026-04-27,2026-05-17,gcrew,noaa_gefs,27,ShortwaveRadiation_Wm2,20,295.25
gep27,00,2026-04-27,2026-05-17,gcrew,noaa_gefs,27,WindSpeed_ms_mean,20,3.0308602990974056
gep27,00,2026-04-27,2026-05-18,gcrew,noaa_gefs,27,AirTemp_C_mean,21,24.01905212402346
gep27,00,2026-04-27,2026-05-18,gcrew,noaa_gefs,27,Pressure_Pa,21,101460.267578125
gep27,00,2026-04-27,2026-05-18,gcrew,noaa_gefs,27,RH_percent_mean,21,76.18959331512451
gep27,00,2026-04-27,2026-05-18,gcrew,noaa_gefs,27,Rain_mm_sum,21,16.80000078678131
gep27,00,2026-04-27,2026-05-18,gcrew,noaa_gefs,27,ShortwaveRadiation_Wm2,21,296
gep27,00,2026-04-27,2026-05-18,gcrew,noaa_gefs,27,WindSpeed_ms_mean,21,3.073193730264629
gep27,00,2026-04-27,2026-05-19,gcrew,noaa_gefs,27,AirTemp_C_mean,22,25.510980224609398
gep27,00,2026-04-27,2026-05-19,gcrew,noaa_gefs,27,Pressure_Pa,22,100955.107421875
gep27,00,2026-04-27,2026-05-19,gcrew,noaa_gefs,27,RH_percent_mean,22,70.90894889831543
gep27,00,2026-04-27,2026-05-19,gcrew,noaa_gefs,27,Rain_mm_sum,22,1.600000038743019
gep27,00,2026-04-27,2026-05-19,gcrew,noaa_gefs,27,ShortwaveRadiation_Wm2,22,224
gep27,00,2026-04-27,2026-05-19,gcrew,noaa_gefs,27,WindSpeed_ms_mean,22,2.4858541001805587
gep27,00,2026-04-27,2026-05-20,gcrew,noaa_gefs,27,AirTemp_C_mean,23,21.864289855957054
gep27,00,2026-04-27,2026-05-20,gcrew,noaa_gefs,27,Pressure_Pa,23,101018.095703125
gep27,00,2026-04-27,2026-05-20,gcrew,noaa_gefs,27,RH_percent_mean,23,67.23811626434326
gep27,00,2026-04-27,2026-05-20,gcrew,noaa_gefs,27,Rain_mm_sum,23,0.30000001192092896
gep27,00,2026-04-27,2026-05-20,gcrew,noaa_gefs,27,ShortwaveRadiation_Wm2,23,327.25
gep27,00,2026-04-27,2026-05-20,gcrew,noaa_gefs,27,WindSpeed_ms_mean,23,4.555111160571268
gep27,00,2026-04-27,2026-05-21,gcrew,noaa_gefs,27,AirTemp_C_mean,24,19.262673950195335
gep27,00,2026-04-27,2026-05-21,gcrew,noaa_gefs,27,Pressure_Pa,24,101705.2734375
gep27,00,2026-04-27,2026-05-21,gcrew,noaa_gefs,27,RH_percent_mean,24,62.426734924316406
gep27,00,2026-04-27,2026-05-21,gcrew,noaa_gefs,27,Rain_mm_sum,24,0
gep27,00,2026-04-27,2026-05-21,gcrew,noaa_gefs,27,ShortwaveRadiation_Wm2,24,345.75
gep27,00,2026-04-27,2026-05-21,gcrew,noaa_gefs,27,WindSpeed_ms_mean,24,2.407734619792761
gep27,00,2026-04-27,2026-05-22,gcrew,noaa_gefs,27,AirTemp_C_mean,25,19.581025695800804
gep27,00,2026-04-27,2026-05-22,gcrew,noaa_gefs,27,Pressure_Pa,25,101598.32421875
gep27,00,2026-04-27,2026-05-22,gcrew,noaa_gefs,27,RH_percent_mean,25,67.51792812347412
gep27,00,2026-04-27,2026-05-22,gcrew,noaa_gefs,27,Rain_mm_sum,25,0
gep27,00,2026-04-27,2026-05-22,gcrew,noaa_gefs,27,ShortwaveRadiation_Wm2,25,339.25
gep27,00,2026-04-27,2026-05-22,gcrew,noaa_gefs,27,WindSpeed_ms_mean,25,4.837275644483171
gep27,00,2026-04-27,2026-05-23,gcrew,noaa_gefs,27,AirTemp_C_mean,26,19.05195007324221
gep27,00,2026-04-27,2026-05-23,gcrew,noaa_gefs,27,Pressure_Pa,26,101465.875
gep27,00,2026-04-27,2026-05-23,gcrew,noaa_gefs,27,RH_percent_mean,26,65.91939640045166
gep27,00,2026-04-27,2026-05-23,gcrew,noaa_gefs,27,Rain_mm_sum,26,0
gep27,00,2026-04-27,2026-05-23,gcrew,noaa_gefs,27,ShortwaveRadiation_Wm2,26,342.25
gep27,00,2026-04-27,2026-05-23,gcrew,noaa_gefs,27,WindSpeed_ms_mean,26,3.9395944856956513
gep27,00,2026-04-27,2026-05-24,gcrew,noaa_gefs,27,AirTemp_C_mean,27,19.98945007324221
gep27,00,2026-04-27,2026-05-24,gcrew,noaa_gefs,27,Pressure_Pa,27,101342.990234375
gep27,00,2026-04-27,2026-05-24,gcrew,noaa_gefs,27,RH_percent_mean,27,67.63784408569336
gep27,00,2026-04-27,2026-05-24,gcrew,noaa_gefs,27,Rain_mm_sum,27,0
gep27,00,2026-04-27,2026-05-24,gcrew,noaa_gefs,27,ShortwaveRadiation_Wm2,27,291.25
gep27,00,2026-04-27,2026-05-24,gcrew,noaa_gefs,27,WindSpeed_ms_mean,27,1.8987633133925008
gep27,00,2026-04-27,2026-05-25,gcrew,noaa_gefs,27,AirTemp_C_mean,28,20.29615173339846
gep27,00,2026-04-27,2026-05-25,gcrew,noaa_gefs,27,Pressure_Pa,28,100799.01953125
gep27,00,2026-04-27,2026-05-25,gcrew,noaa_gefs,27,RH_percent_mean,28,68.97553539276123
gep27,00,2026-04-27,2026-05-25,gcrew,noaa_gefs,27,Rain_mm_sum,28,0
gep27,00,2026-04-27,2026-05-25,gcrew,noaa_gefs,27,ShortwaveRadiation_Wm2,28,309.75
gep27,00,2026-04-27,2026-05-25,gcrew,noaa_gefs,27,WindSpeed_ms_mean,28,3.282312133189652
gep27,00,2026-04-27,2026-05-26,gcrew,noaa_gefs,27,AirTemp_C_mean,29,23.21851501464846
gep27,00,2026-04-27,2026-05-26,gcrew,noaa_gefs,27,Pressure_Pa,29,100695.197265625
gep27,00,2026-04-27,2026-05-26,gcrew,noaa_gefs,27,RH_percent_mean,29,82.25054931640625
gep27,00,2026-04-27,2026-05-26,gcrew,noaa_gefs,27,Rain_mm_sum,29,4.899999916553497
gep27,00,2026-04-27,2026-05-26,gcrew,noaa_gefs,27,ShortwaveRadiation_Wm2,29,325.5
gep27,00,2026-04-27,2026-05-26,gcrew,noaa_gefs,27,WindSpeed_ms_mean,29,3.3496704517798257
gep27,00,2026-04-27,2026-05-27,gcrew,noaa_gefs,27,AirTemp_C_mean,30,21.77124176025393
gep27,00,2026-04-27,2026-05-27,gcrew,noaa_gefs,27,Pressure_Pa,30,101327.005859375
gep27,00,2026-04-27,2026-05-27,gcrew,noaa_gefs,27,RH_percent_mean,30,82.51387405395508
gep27,00,2026-04-27,2026-05-27,gcrew,noaa_gefs,27,Rain_mm_sum,30,0
gep27,00,2026-04-27,2026-05-27,gcrew,noaa_gefs,27,ShortwaveRadiation_Wm2,30,325.75
gep27,00,2026-04-27,2026-05-27,gcrew,noaa_gefs,27,WindSpeed_ms_mean,30,4.527820202533626
gep27,00,2026-04-27,2026-05-28,gcrew,noaa_gefs,27,AirTemp_C_mean,31,24.39227447509768
gep27,00,2026-04-27,2026-05-28,gcrew,noaa_gefs,27,Pressure_Pa,31,101159.59375
gep27,00,2026-04-27,2026-05-28,gcrew,noaa_gefs,27,RH_percent_mean,31,79.66389560699463
gep27,00,2026-04-27,2026-05-28,gcrew,noaa_gefs,27,Rain_mm_sum,31,2.9999999552965164
gep27,00,2026-04-27,2026-05-28,gcrew,noaa_gefs,27,ShortwaveRadiation_Wm2,31,332.5
gep27,00,2026-04-27,2026-05-28,gcrew,noaa_gefs,27,WindSpeed_ms_mean,31,3.941846018368561
gep27,00,2026-04-27,2026-05-29,gcrew,noaa_gefs,27,AirTemp_C_mean,32,23.499902343750023
gep27,00,2026-04-27,2026-05-29,gcrew,noaa_gefs,27,Pressure_Pa,32,101534.01171875
gep27,00,2026-04-27,2026-05-29,gcrew,noaa_gefs,27,RH_percent_mean,32,81.16684532165527
gep27,00,2026-04-27,2026-05-29,gcrew,noaa_gefs,27,Rain_mm_sum,32,3.3000000715255737
gep27,00,2026-04-27,2026-05-29,gcrew,noaa_gefs,27,ShortwaveRadiation_Wm2,32,322.75
gep27,00,2026-04-27,2026-05-29,gcrew,noaa_gefs,27,WindSpeed_ms_mean,32,3.215779983650272
gep27,00,2026-04-27,2026-05-30,gcrew,noaa_gefs,27,AirTemp_C_mean,33,25.719346618652366
gep27,00,2026-04-27,2026-05-30,gcrew,noaa_gefs,27,Pressure_Pa,33,101169.580078125
gep27,00,2026-04-27,2026-05-30,gcrew,noaa_gefs,27,RH_percent_mean,33,69.18948173522949
gep27,00,2026-04-27,2026-05-30,gcrew,noaa_gefs,27,Rain_mm_sum,33,5.900000095367432
gep27,00,2026-04-27,2026-05-30,gcrew,noaa_gefs,27,ShortwaveRadiation_Wm2,33,328
gep27,00,2026-04-27,2026-05-30,gcrew,noaa_gefs,27,WindSpeed_ms_mean,33,5.024491839967965
gep27,00,2026-04-27,2026-05-31,gcrew,noaa_gefs,27,AirTemp_C_mean,34,19.59900054931643
gep27,00,2026-04-27,2026-05-31,gcrew,noaa_gefs,27,Pressure_Pa,34,101853.44140625
gep27,00,2026-04-27,2026-05-31,gcrew,noaa_gefs,27,RH_percent_mean,34,62.48447799682617
gep27,00,2026-04-27,2026-05-31,gcrew,noaa_gefs,27,Rain_mm_sum,34,0
gep27,00,2026-04-27,2026-05-31,gcrew,noaa_gefs,27,ShortwaveRadiation_Wm2,34,360.25
gep27,00,2026-04-27,2026-05-31,gcrew,noaa_gefs,27,WindSpeed_ms_mean,34,4.692275223673417
gep28,00,2026-04-27,2026-04-28,gcrew,noaa_gefs,28,AirTemp_C_mean,1,11.579675292968773
gep28,00,2026-04-27,2026-04-28,gcrew,noaa_gefs,28,Pressure_Pa,1,101858.66796875
gep28,00,2026-04-27,2026-04-28,gcrew,noaa_gefs,28,RH_percent_mean,1,70.0107069015503
gep28,00,2026-04-27,2026-04-28,gcrew,noaa_gefs,28,Rain_mm_sum,1,2.1800000071525574
gep28,00,2026-04-27,2026-04-28,gcrew,noaa_gefs,28,ShortwaveRadiation_Wm2,1,182.375
gep28,00,2026-04-27,2026-04-28,gcrew,noaa_gefs,28,WindSpeed_ms_mean,1,3.144690806609595
gep28,00,2026-04-27,2026-04-29,gcrew,noaa_gefs,28,AirTemp_C_mean,2,13.038072204589866
gep28,00,2026-04-27,2026-04-29,gcrew,noaa_gefs,28,Pressure_Pa,2,100681.7392578125
gep28,00,2026-04-27,2026-04-29,gcrew,noaa_gefs,28,RH_percent_mean,2,79.37301731109619
gep28,00,2026-04-27,2026-04-29,gcrew,noaa_gefs,28,Rain_mm_sum,2,5.650000095367432
gep28,00,2026-04-27,2026-04-29,gcrew,noaa_gefs,28,ShortwaveRadiation_Wm2,2,123.125
gep28,00,2026-04-27,2026-04-29,gcrew,noaa_gefs,28,WindSpeed_ms_mean,2,6.751690838700274
gep28,00,2026-04-27,2026-04-30,gcrew,noaa_gefs,28,AirTemp_C_mean,3,12.374749755859398
gep28,00,2026-04-27,2026-04-30,gcrew,noaa_gefs,28,Pressure_Pa,3,100118.521484375
gep28,00,2026-04-27,2026-04-30,gcrew,noaa_gefs,28,RH_percent_mean,3,68.30331468582153
gep28,00,2026-04-27,2026-04-30,gcrew,noaa_gefs,28,Rain_mm_sum,3,2.200000047683716
gep28,00,2026-04-27,2026-04-30,gcrew,noaa_gefs,28,ShortwaveRadiation_Wm2,3,336.75
gep28,00,2026-04-27,2026-04-30,gcrew,noaa_gefs,28,WindSpeed_ms_mean,3,6.3404068339236375
gep28,00,2026-04-27,2026-05-01,gcrew,noaa_gefs,28,AirTemp_C_mean,4,11.863782501220726
gep28,00,2026-04-27,2026-05-01,gcrew,noaa_gefs,28,Pressure_Pa,4,100457.115234375
gep28,00,2026-04-27,2026-05-01,gcrew,noaa_gefs,28,RH_percent_mean,4,63.77413034439087
gep28,00,2026-04-27,2026-05-01,gcrew,noaa_gefs,28,Rain_mm_sum,4,0.14999999105930328
gep28,00,2026-04-27,2026-05-01,gcrew,noaa_gefs,28,ShortwaveRadiation_Wm2,4,305.75
gep28,00,2026-04-27,2026-05-01,gcrew,noaa_gefs,28,WindSpeed_ms_mean,4,4.420050426615207
gep28,00,2026-04-27,2026-05-02,gcrew,noaa_gefs,28,AirTemp_C_mean,5,9.424409484863304
gep28,00,2026-04-27,2026-05-02,gcrew,noaa_gefs,28,Pressure_Pa,5,100060.8115234375
gep28,00,2026-04-27,2026-05-02,gcrew,noaa_gefs,28,RH_percent_mean,5,85.62604904174805
gep28,00,2026-04-27,2026-05-02,gcrew,noaa_gefs,28,Rain_mm_sum,5,10.500000223517418
gep28,00,2026-04-27,2026-05-02,gcrew,noaa_gefs,28,ShortwaveRadiation_Wm2,5,49.625
gep28,00,2026-04-27,2026-05-02,gcrew,noaa_gefs,28,WindSpeed_ms_mean,5,6.559776809952508
gep28,00,2026-04-27,2026-05-03,gcrew,noaa_gefs,28,AirTemp_C_mean,6,10.825589752197288
gep28,00,2026-04-27,2026-05-03,gcrew,noaa_gefs,28,Pressure_Pa,6,100683.826171875
gep28,00,2026-04-27,2026-05-03,gcrew,noaa_gefs,28,RH_percent_mean,6,70.58711957931519
gep28,00,2026-04-27,2026-05-03,gcrew,noaa_gefs,28,Rain_mm_sum,6,2.5999999791383743
gep28,00,2026-04-27,2026-05-03,gcrew,noaa_gefs,28,ShortwaveRadiation_Wm2,6,228.625
gep28,00,2026-04-27,2026-05-03,gcrew,noaa_gefs,28,WindSpeed_ms_mean,6,6.259846307795703
gep28,00,2026-04-27,2026-05-04,gcrew,noaa_gefs,28,AirTemp_C_mean,7,12.645486450195335
gep28,00,2026-04-27,2026-05-04,gcrew,noaa_gefs,28,Pressure_Pa,7,101078.326171875
gep28,00,2026-04-27,2026-05-04,gcrew,noaa_gefs,28,RH_percent_mean,7,65.15876054763794
gep28,00,2026-04-27,2026-05-04,gcrew,noaa_gefs,28,Rain_mm_sum,7,0
gep28,00,2026-04-27,2026-05-04,gcrew,noaa_gefs,28,ShortwaveRadiation_Wm2,7,330.375
gep28,00,2026-04-27,2026-05-04,gcrew,noaa_gefs,28,WindSpeed_ms_mean,7,4.1287794168947265
gep28,00,2026-04-27,2026-05-05,gcrew,noaa_gefs,28,AirTemp_C_mean,8,13.514123535156273
gep28,00,2026-04-27,2026-05-05,gcrew,noaa_gefs,28,Pressure_Pa,8,100674.3935546875
gep28,00,2026-04-27,2026-05-05,gcrew,noaa_gefs,28,RH_percent_mean,8,77.96095371246338
gep28,00,2026-04-27,2026-05-05,gcrew,noaa_gefs,28,Rain_mm_sum,8,6.429999984800816
gep28,00,2026-04-27,2026-05-05,gcrew,noaa_gefs,28,ShortwaveRadiation_Wm2,8,102.75
gep28,00,2026-04-27,2026-05-05,gcrew,noaa_gefs,28,WindSpeed_ms_mean,8,3.340704722164043
gep28,00,2026-04-27,2026-05-06,gcrew,noaa_gefs,28,AirTemp_C_mean,9,14.66842476981029
gep28,00,2026-04-27,2026-05-06,gcrew,noaa_gefs,28,Pressure_Pa,9,100426.58035714286
gep28,00,2026-04-27,2026-05-06,gcrew,noaa_gefs,28,RH_percent_mean,9,74.78257206508091
gep28,00,2026-04-27,2026-05-06,gcrew,noaa_gefs,28,Rain_mm_sum,9,2.800000049173832
gep28,00,2026-04-27,2026-05-06,gcrew,noaa_gefs,28,ShortwaveRadiation_Wm2,9,226.57142857142858
gep28,00,2026-04-27,2026-05-06,gcrew,noaa_gefs,28,WindSpeed_ms_mean,9,2.962092818850805
gep28,00,2026-04-27,2026-05-07,gcrew,noaa_gefs,28,AirTemp_C_mean,10,13.210267639160179
gep28,00,2026-04-27,2026-05-07,gcrew,noaa_gefs,28,Pressure_Pa,10,100801.388671875
gep28,00,2026-04-27,2026-05-07,gcrew,noaa_gefs,28,RH_percent_mean,10,64.8941125869751
gep28,00,2026-04-27,2026-05-07,gcrew,noaa_gefs,28,Rain_mm_sum,10,0
gep28,00,2026-04-27,2026-05-07,gcrew,noaa_gefs,28,ShortwaveRadiation_Wm2,10,333.25
gep28,00,2026-04-27,2026-05-07,gcrew,noaa_gefs,28,WindSpeed_ms_mean,10,5.7470248717601695
gep28,00,2026-04-27,2026-05-08,gcrew,noaa_gefs,28,AirTemp_C_mean,11,14.233064270019554
gep28,00,2026-04-27,2026-05-08,gcrew,noaa_gefs,28,Pressure_Pa,11,100949.1875
gep28,00,2026-04-27,2026-05-08,gcrew,noaa_gefs,28,RH_percent_mean,11,63.45889949798584
gep28,00,2026-04-27,2026-05-08,gcrew,noaa_gefs,28,Rain_mm_sum,11,0
gep28,00,2026-04-27,2026-05-08,gcrew,noaa_gefs,28,ShortwaveRadiation_Wm2,11,323.25
gep28,00,2026-04-27,2026-05-08,gcrew,noaa_gefs,28,WindSpeed_ms_mean,11,4.1680753706171
gep28,00,2026-04-27,2026-05-09,gcrew,noaa_gefs,28,AirTemp_C_mean,12,16.69899139404299
gep28,00,2026-04-27,2026-05-09,gcrew,noaa_gefs,28,Pressure_Pa,12,99939.416015625
gep28,00,2026-04-27,2026-05-09,gcrew,noaa_gefs,28,RH_percent_mean,12,93.10905075073242
gep28,00,2026-04-27,2026-05-09,gcrew,noaa_gefs,28,Rain_mm_sum,12,19.40000009536743
gep28,00,2026-04-27,2026-05-09,gcrew,noaa_gefs,28,ShortwaveRadiation_Wm2,12,75
gep28,00,2026-04-27,2026-05-09,gcrew,noaa_gefs,28,WindSpeed_ms_mean,12,5.098757673087844
gep28,00,2026-04-27,2026-05-10,gcrew,noaa_gefs,28,AirTemp_C_mean,13,13.901696777343773
gep28,00,2026-04-27,2026-05-10,gcrew,noaa_gefs,28,Pressure_Pa,13,101187.380859375
gep28,00,2026-04-27,2026-05-10,gcrew,noaa_gefs,28,RH_percent_mean,13,62.095730781555176
gep28,00,2026-04-27,2026-05-10,gcrew,noaa_gefs,28,Rain_mm_sum,13,0.10000000149011612
gep28,00,2026-04-27,2026-05-10,gcrew,noaa_gefs,28,ShortwaveRadiation_Wm2,13,344.5
gep28,00,2026-04-27,2026-05-10,gcrew,noaa_gefs,28,WindSpeed_ms_mean,13,4.143133742887205
gep28,00,2026-04-27,2026-05-11,gcrew,noaa_gefs,28,AirTemp_C_mean,14,15.09168395996096
gep28,00,2026-04-27,2026-05-11,gcrew,noaa_gefs,28,Pressure_Pa,14,102241.033203125
gep28,00,2026-04-27,2026-05-11,gcrew,noaa_gefs,28,RH_percent_mean,14,62.015602111816406
gep28,00,2026-04-27,2026-05-11,gcrew,noaa_gefs,28,Rain_mm_sum,14,0
gep28,00,2026-04-27,2026-05-11,gcrew,noaa_gefs,28,ShortwaveRadiation_Wm2,14,339.75
gep28,00,2026-04-27,2026-05-11,gcrew,noaa_gefs,28,WindSpeed_ms_mean,14,4.706386471173322
gep28,00,2026-04-27,2026-05-12,gcrew,noaa_gefs,28,AirTemp_C_mean,15,17.251084899902366
gep28,00,2026-04-27,2026-05-12,gcrew,noaa_gefs,28,Pressure_Pa,15,102263.9921875
gep28,00,2026-04-27,2026-05-12,gcrew,noaa_gefs,28,RH_percent_mean,15,75.52095794677734
gep28,00,2026-04-27,2026-05-12,gcrew,noaa_gefs,28,Rain_mm_sum,15,0
gep28,00,2026-04-27,2026-05-12,gcrew,noaa_gefs,28,ShortwaveRadiation_Wm2,15,336
gep28,00,2026-04-27,2026-05-12,gcrew,noaa_gefs,28,WindSpeed_ms_mean,15,7.010430330005118
gep28,00,2026-04-27,2026-05-13,gcrew,noaa_gefs,28,AirTemp_C_mean,16,19.49273834228518
gep28,00,2026-04-27,2026-05-13,gcrew,noaa_gefs,28,Pressure_Pa,16,101710.423828125
gep28,00,2026-04-27,2026-05-13,gcrew,noaa_gefs,28,RH_percent_mean,16,90.239959716796875
gep28,00,2026-04-27,2026-05-13,gcrew,noaa_gefs,28,Rain_mm_sum,16,2.800000049173832
gep28,00,2026-04-27,2026-05-13,gcrew,noaa_gefs,28,ShortwaveRadiation_Wm2,16,215.75
gep28,00,2026-04-27,2026-05-13,gcrew,noaa_gefs,28,WindSpeed_ms_mean,16,6.026004144410448
gep28,00,2026-04-27,2026-05-14,gcrew,noaa_gefs,28,AirTemp_C_mean,17,18.513650512695335
gep28,00,2026-04-27,2026-05-14,gcrew,noaa_gefs,28,Pressure_Pa,17,101608.88671875
gep28,00,2026-04-27,2026-05-14,gcrew,noaa_gefs,28,RH_percent_mean,17,86.30577850341797
gep28,00,2026-04-27,2026-05-14,gcrew,noaa_gefs,28,Rain_mm_sum,17,12.900000095367432
gep28,00,2026-04-27,2026-05-14,gcrew,noaa_gefs,28,ShortwaveRadiation_Wm2,17,185.75
gep28,00,2026-04-27,2026-05-14,gcrew,noaa_gefs,28,WindSpeed_ms_mean,17,4.270036840520563
gep28,00,2026-04-27,2026-05-15,gcrew,noaa_gefs,28,AirTemp_C_mean,18,15.910485839843773
gep28,00,2026-04-27,2026-05-15,gcrew,noaa_gefs,28,Pressure_Pa,18,102181.615234375
gep28,00,2026-04-27,2026-05-15,gcrew,noaa_gefs,28,RH_percent_mean,18,76.19487285614014
gep28,00,2026-04-27,2026-05-15,gcrew,noaa_gefs,28,Rain_mm_sum,18,0
gep28,00,2026-04-27,2026-05-15,gcrew,noaa_gefs,28,ShortwaveRadiation_Wm2,18,343.5
gep28,00,2026-04-27,2026-05-15,gcrew,noaa_gefs,28,WindSpeed_ms_mean,18,3.9490240974844317
gep28,00,2026-04-27,2026-05-16,gcrew,noaa_gefs,28,AirTemp_C_mean,19,20.577661132812523
gep28,00,2026-04-27,2026-05-16,gcrew,noaa_gefs,28,Pressure_Pa,19,101713.755859375
gep28,00,2026-04-27,2026-05-16,gcrew,noaa_gefs,28,RH_percent_mean,19,80.4810848236084
gep28,00,2026-04-27,2026-05-16,gcrew,noaa_gefs,28,Rain_mm_sum,19,1.1000000014901161
gep28,00,2026-04-27,2026-05-16,gcrew,noaa_gefs,28,ShortwaveRadiation_Wm2,19,322.75
gep28,00,2026-04-27,2026-05-16,gcrew,noaa_gefs,28,WindSpeed_ms_mean,19,4.781925626210346
gep28,00,2026-04-27,2026-05-17,gcrew,noaa_gefs,28,AirTemp_C_mean,20,22.937905883789085
gep28,00,2026-04-27,2026-05-17,gcrew,noaa_gefs,28,Pressure_Pa,20,101673.8359375
gep28,00,2026-04-27,2026-05-17,gcrew,noaa_gefs,28,RH_percent_mean,20,77.38579750061035
gep28,00,2026-04-27,2026-05-17,gcrew,noaa_gefs,28,Rain_mm_sum,20,4.300000049173832
gep28,00,2026-04-27,2026-05-17,gcrew,noaa_gefs,28,ShortwaveRadiation_Wm2,20,295.25
gep28,00,2026-04-27,2026-05-17,gcrew,noaa_gefs,28,WindSpeed_ms_mean,20,3.0308602990974056
gep28,00,2026-04-27,2026-05-18,gcrew,noaa_gefs,28,AirTemp_C_mean,21,24.01905212402346
gep28,00,2026-04-27,2026-05-18,gcrew,noaa_gefs,28,Pressure_Pa,21,101460.267578125
gep28,00,2026-04-27,2026-05-18,gcrew,noaa_gefs,28,RH_percent_mean,21,76.18959331512451
gep28,00,2026-04-27,2026-05-18,gcrew,noaa_gefs,28,Rain_mm_sum,21,16.80000078678131
gep28,00,2026-04-27,2026-05-18,gcrew,noaa_gefs,28,ShortwaveRadiation_Wm2,21,296
gep28,00,2026-04-27,2026-05-18,gcrew,noaa_gefs,28,WindSpeed_ms_mean,21,3.073193730264629
gep28,00,2026-04-27,2026-05-19,gcrew,noaa_gefs,28,AirTemp_C_mean,22,25.510980224609398
gep28,00,2026-04-27,2026-05-19,gcrew,noaa_gefs,28,Pressure_Pa,22,100955.107421875
gep28,00,2026-04-27,2026-05-19,gcrew,noaa_gefs,28,RH_percent_mean,22,70.90894889831543
gep28,00,2026-04-27,2026-05-19,gcrew,noaa_gefs,28,Rain_mm_sum,22,1.600000038743019
gep28,00,2026-04-27,2026-05-19,gcrew,noaa_gefs,28,ShortwaveRadiation_Wm2,22,224
gep28,00,2026-04-27,2026-05-19,gcrew,noaa_gefs,28,WindSpeed_ms_mean,22,2.4858541001805587
gep28,00,2026-04-27,2026-05-20,gcrew,noaa_gefs,28,AirTemp_C_mean,23,21.864289855957054
gep28,00,2026-04-27,2026-05-20,gcrew,noaa_gefs,28,Pressure_Pa,23,101018.095703125
gep28,00,2026-04-27,2026-05-20,gcrew,noaa_gefs,28,RH_percent_mean,23,67.23811626434326
gep28,00,2026-04-27,2026-05-20,gcrew,noaa_gefs,28,Rain_mm_sum,23,0.30000001192092896
gep28,00,2026-04-27,2026-05-20,gcrew,noaa_gefs,28,ShortwaveRadiation_Wm2,23,327.25
gep28,00,2026-04-27,2026-05-20,gcrew,noaa_gefs,28,WindSpeed_ms_mean,23,4.555111160571268
gep28,00,2026-04-27,2026-05-21,gcrew,noaa_gefs,28,AirTemp_C_mean,24,19.262673950195335
gep28,00,2026-04-27,2026-05-21,gcrew,noaa_gefs,28,Pressure_Pa,24,101705.2734375
gep28,00,2026-04-27,2026-05-21,gcrew,noaa_gefs,28,RH_percent_mean,24,62.426734924316406
gep28,00,2026-04-27,2026-05-21,gcrew,noaa_gefs,28,Rain_mm_sum,24,0
gep28,00,2026-04-27,2026-05-21,gcrew,noaa_gefs,28,ShortwaveRadiation_Wm2,24,345.75
gep28,00,2026-04-27,2026-05-21,gcrew,noaa_gefs,28,WindSpeed_ms_mean,24,2.407734619792761
gep28,00,2026-04-27,2026-05-22,gcrew,noaa_gefs,28,AirTemp_C_mean,25,19.581025695800804
gep28,00,2026-04-27,2026-05-22,gcrew,noaa_gefs,28,Pressure_Pa,25,101598.32421875
gep28,00,2026-04-27,2026-05-22,gcrew,noaa_gefs,28,RH_percent_mean,25,67.51792812347412
gep28,00,2026-04-27,2026-05-22,gcrew,noaa_gefs,28,Rain_mm_sum,25,0
gep28,00,2026-04-27,2026-05-22,gcrew,noaa_gefs,28,ShortwaveRadiation_Wm2,25,339.25
gep28,00,2026-04-27,2026-05-22,gcrew,noaa_gefs,28,WindSpeed_ms_mean,25,4.837275644483171
gep28,00,2026-04-27,2026-05-23,gcrew,noaa_gefs,28,AirTemp_C_mean,26,19.05195007324221
gep28,00,2026-04-27,2026-05-23,gcrew,noaa_gefs,28,Pressure_Pa,26,101465.875
gep28,00,2026-04-27,2026-05-23,gcrew,noaa_gefs,28,RH_percent_mean,26,65.91939640045166
gep28,00,2026-04-27,2026-05-23,gcrew,noaa_gefs,28,Rain_mm_sum,26,0
gep28,00,2026-04-27,2026-05-23,gcrew,noaa_gefs,28,ShortwaveRadiation_Wm2,26,342.25
gep28,00,2026-04-27,2026-05-23,gcrew,noaa_gefs,28,WindSpeed_ms_mean,26,3.9395944856956513
gep28,00,2026-04-27,2026-05-24,gcrew,noaa_gefs,28,AirTemp_C_mean,27,19.98945007324221
gep28,00,2026-04-27,2026-05-24,gcrew,noaa_gefs,28,Pressure_Pa,27,101342.990234375
gep28,00,2026-04-27,2026-05-24,gcrew,noaa_gefs,28,RH_percent_mean,27,67.63784408569336
gep28,00,2026-04-27,2026-05-24,gcrew,noaa_gefs,28,Rain_mm_sum,27,0
gep28,00,2026-04-27,2026-05-24,gcrew,noaa_gefs,28,ShortwaveRadiation_Wm2,27,291.25
gep28,00,2026-04-27,2026-05-24,gcrew,noaa_gefs,28,WindSpeed_ms_mean,27,1.8987633133925008
gep28,00,2026-04-27,2026-05-25,gcrew,noaa_gefs,28,AirTemp_C_mean,28,20.29615173339846
gep28,00,2026-04-27,2026-05-25,gcrew,noaa_gefs,28,Pressure_Pa,28,100799.01953125
gep28,00,2026-04-27,2026-05-25,gcrew,noaa_gefs,28,RH_percent_mean,28,68.97553539276123
gep28,00,2026-04-27,2026-05-25,gcrew,noaa_gefs,28,Rain_mm_sum,28,0
gep28,00,2026-04-27,2026-05-25,gcrew,noaa_gefs,28,ShortwaveRadiation_Wm2,28,309.75
gep28,00,2026-04-27,2026-05-25,gcrew,noaa_gefs,28,WindSpeed_ms_mean,28,3.282312133189652
gep28,00,2026-04-27,2026-05-26,gcrew,noaa_gefs,28,AirTemp_C_mean,29,23.21851501464846
gep28,00,2026-04-27,2026-05-26,gcrew,noaa_gefs,28,Pressure_Pa,29,100695.197265625
gep28,00,2026-04-27,2026-05-26,gcrew,noaa_gefs,28,RH_percent_mean,29,82.25054931640625
gep28,00,2026-04-27,2026-05-26,gcrew,noaa_gefs,28,Rain_mm_sum,29,4.899999916553497
gep28,00,2026-04-27,2026-05-26,gcrew,noaa_gefs,28,ShortwaveRadiation_Wm2,29,325.5
gep28,00,2026-04-27,2026-05-26,gcrew,noaa_gefs,28,WindSpeed_ms_mean,29,3.3496704517798257
gep28,00,2026-04-27,2026-05-27,gcrew,noaa_gefs,28,AirTemp_C_mean,30,21.77124176025393
gep28,00,2026-04-27,2026-05-27,gcrew,noaa_gefs,28,Pressure_Pa,30,101327.005859375
gep28,00,2026-04-27,2026-05-27,gcrew,noaa_gefs,28,RH_percent_mean,30,82.51387405395508
gep28,00,2026-04-27,2026-05-27,gcrew,noaa_gefs,28,Rain_mm_sum,30,0
gep28,00,2026-04-27,2026-05-27,gcrew,noaa_gefs,28,ShortwaveRadiation_Wm2,30,325.75
gep28,00,2026-04-27,2026-05-27,gcrew,noaa_gefs,28,WindSpeed_ms_mean,30,4.527820202533626
gep28,00,2026-04-27,2026-05-28,gcrew,noaa_gefs,28,AirTemp_C_mean,31,24.39227447509768
gep28,00,2026-04-27,2026-05-28,gcrew,noaa_gefs,28,Pressure_Pa,31,101159.59375
gep28,00,2026-04-27,2026-05-28,gcrew,noaa_gefs,28,RH_percent_mean,31,79.66389560699463
gep28,00,2026-04-27,2026-05-28,gcrew,noaa_gefs,28,Rain_mm_sum,31,2.9999999552965164
gep28,00,2026-04-27,2026-05-28,gcrew,noaa_gefs,28,ShortwaveRadiation_Wm2,31,332.5
gep28,00,2026-04-27,2026-05-28,gcrew,noaa_gefs,28,WindSpeed_ms_mean,31,3.941846018368561
gep28,00,2026-04-27,2026-05-29,gcrew,noaa_gefs,28,AirTemp_C_mean,32,23.499902343750023
gep28,00,2026-04-27,2026-05-29,gcrew,noaa_gefs,28,Pressure_Pa,32,101534.01171875
gep28,00,2026-04-27,2026-05-29,gcrew,noaa_gefs,28,RH_percent_mean,32,81.16684532165527
gep28,00,2026-04-27,2026-05-29,gcrew,noaa_gefs,28,Rain_mm_sum,32,3.3000000715255737
gep28,00,2026-04-27,2026-05-29,gcrew,noaa_gefs,28,ShortwaveRadiation_Wm2,32,322.75
gep28,00,2026-04-27,2026-05-29,gcrew,noaa_gefs,28,WindSpeed_ms_mean,32,3.215779983650272
gep28,00,2026-04-27,2026-05-30,gcrew,noaa_gefs,28,AirTemp_C_mean,33,25.719346618652366
gep28,00,2026-04-27,2026-05-30,gcrew,noaa_gefs,28,Pressure_Pa,33,101169.580078125
gep28,00,2026-04-27,2026-05-30,gcrew,noaa_gefs,28,RH_percent_mean,33,69.18948173522949
gep28,00,2026-04-27,2026-05-30,gcrew,noaa_gefs,28,Rain_mm_sum,33,5.900000095367432
gep28,00,2026-04-27,2026-05-30,gcrew,noaa_gefs,28,ShortwaveRadiation_Wm2,33,328
gep28,00,2026-04-27,2026-05-30,gcrew,noaa_gefs,28,WindSpeed_ms_mean,33,5.024491839967965
gep28,00,2026-04-27,2026-05-31,gcrew,noaa_gefs,28,AirTemp_C_mean,34,19.59900054931643
gep28,00,2026-04-27,2026-05-31,gcrew,noaa_gefs,28,Pressure_Pa,34,101853.44140625
gep28,00,2026-04-27,2026-05-31,gcrew,noaa_gefs,28,RH_percent_mean,34,62.48447799682617
gep28,00,2026-04-27,2026-05-31,gcrew,noaa_gefs,28,Rain_mm_sum,34,0
gep28,00,2026-04-27,2026-05-31,gcrew,noaa_gefs,28,ShortwaveRadiation_Wm2,34,360.25
gep28,00,2026-04-27,2026-05-31,gcrew,noaa_gefs,28,WindSpeed_ms_mean,34,4.692275223673417
gep29,00,2026-04-27,2026-04-28,gcrew,noaa_gefs,29,AirTemp_C_mean,1,11.579675292968773
gep29,00,2026-04-27,2026-04-28,gcrew,noaa_gefs,29,Pressure_Pa,1,101858.66796875
gep29,00,2026-04-27,2026-04-28,gcrew,noaa_gefs,29,RH_percent_mean,1,70.0107069015503
gep29,00,2026-04-27,2026-04-28,gcrew,noaa_gefs,29,Rain_mm_sum,1,2.1800000071525574
gep29,00,2026-04-27,2026-04-28,gcrew,noaa_gefs,29,ShortwaveRadiation_Wm2,1,182.375
gep29,00,2026-04-27,2026-04-28,gcrew,noaa_gefs,29,WindSpeed_ms_mean,1,3.144690806609595
gep29,00,2026-04-27,2026-04-29,gcrew,noaa_gefs,29,AirTemp_C_mean,2,13.038072204589866
gep29,00,2026-04-27,2026-04-29,gcrew,noaa_gefs,29,Pressure_Pa,2,100681.7392578125
gep29,00,2026-04-27,2026-04-29,gcrew,noaa_gefs,29,RH_percent_mean,2,79.37301731109619
gep29,00,2026-04-27,2026-04-29,gcrew,noaa_gefs,29,Rain_mm_sum,2,5.650000095367432
gep29,00,2026-04-27,2026-04-29,gcrew,noaa_gefs,29,ShortwaveRadiation_Wm2,2,123.125
gep29,00,2026-04-27,2026-04-29,gcrew,noaa_gefs,29,WindSpeed_ms_mean,2,6.751690838700274
gep29,00,2026-04-27,2026-04-30,gcrew,noaa_gefs,29,AirTemp_C_mean,3,12.374749755859398
gep29,00,2026-04-27,2026-04-30,gcrew,noaa_gefs,29,Pressure_Pa,3,100118.521484375
gep29,00,2026-04-27,2026-04-30,gcrew,noaa_gefs,29,RH_percent_mean,3,68.30331468582153
gep29,00,2026-04-27,2026-04-30,gcrew,noaa_gefs,29,Rain_mm_sum,3,2.200000047683716
gep29,00,2026-04-27,2026-04-30,gcrew,noaa_gefs,29,ShortwaveRadiation_Wm2,3,336.75
gep29,00,2026-04-27,2026-04-30,gcrew,noaa_gefs,29,WindSpeed_ms_mean,3,6.3404068339236375
gep29,00,2026-04-27,2026-05-01,gcrew,noaa_gefs,29,AirTemp_C_mean,4,11.863782501220726
gep29,00,2026-04-27,2026-05-01,gcrew,noaa_gefs,29,Pressure_Pa,4,100457.115234375
gep29,00,2026-04-27,2026-05-01,gcrew,noaa_gefs,29,RH_percent_mean,4,63.77413034439087
gep29,00,2026-04-27,2026-05-01,gcrew,noaa_gefs,29,Rain_mm_sum,4,0.14999999105930328
gep29,00,2026-04-27,2026-05-01,gcrew,noaa_gefs,29,ShortwaveRadiation_Wm2,4,305.75
gep29,00,2026-04-27,2026-05-01,gcrew,noaa_gefs,29,WindSpeed_ms_mean,4,4.420050426615207
gep29,00,2026-04-27,2026-05-02,gcrew,noaa_gefs,29,AirTemp_C_mean,5,9.424409484863304
gep29,00,2026-04-27,2026-05-02,gcrew,noaa_gefs,29,Pressure_Pa,5,100060.8115234375
gep29,00,2026-04-27,2026-05-02,gcrew,noaa_gefs,29,RH_percent_mean,5,85.62604904174805
gep29,00,2026-04-27,2026-05-02,gcrew,noaa_gefs,29,Rain_mm_sum,5,10.500000223517418
gep29,00,2026-04-27,2026-05-02,gcrew,noaa_gefs,29,ShortwaveRadiation_Wm2,5,49.625
gep29,00,2026-04-27,2026-05-02,gcrew,noaa_gefs,29,WindSpeed_ms_mean,5,6.559776809952508
gep29,00,2026-04-27,2026-05-03,gcrew,noaa_gefs,29,AirTemp_C_mean,6,10.825589752197288
gep29,00,2026-04-27,2026-05-03,gcrew,noaa_gefs,29,Pressure_Pa,6,100683.826171875
gep29,00,2026-04-27,2026-05-03,gcrew,noaa_gefs,29,RH_percent_mean,6,70.58711957931519
gep29,00,2026-04-27,2026-05-03,gcrew,noaa_gefs,29,Rain_mm_sum,6,2.5999999791383743
gep29,00,2026-04-27,2026-05-03,gcrew,noaa_gefs,29,ShortwaveRadiation_Wm2,6,228.625
gep29,00,2026-04-27,2026-05-03,gcrew,noaa_gefs,29,WindSpeed_ms_mean,6,6.259846307795703
gep29,00,2026-04-27,2026-05-04,gcrew,noaa_gefs,29,AirTemp_C_mean,7,12.645486450195335
gep29,00,2026-04-27,2026-05-04,gcrew,noaa_gefs,29,Pressure_Pa,7,101078.326171875
gep29,00,2026-04-27,2026-05-04,gcrew,noaa_gefs,29,RH_percent_mean,7,65.15876054763794
gep29,00,2026-04-27,2026-05-04,gcrew,noaa_gefs,29,Rain_mm_sum,7,0
gep29,00,2026-04-27,2026-05-04,gcrew,noaa_gefs,29,ShortwaveRadiation_Wm2,7,330.375
gep29,00,2026-04-27,2026-05-04,gcrew,noaa_gefs,29,WindSpeed_ms_mean,7,4.1287794168947265
gep29,00,2026-04-27,2026-05-05,gcrew,noaa_gefs,29,AirTemp_C_mean,8,13.514123535156273
gep29,00,2026-04-27,2026-05-05,gcrew,noaa_gefs,29,Pressure_Pa,8,100674.3935546875
gep29,00,2026-04-27,2026-05-05,gcrew,noaa_gefs,29,RH_percent_mean,8,77.96095371246338
gep29,00,2026-04-27,2026-05-05,gcrew,noaa_gefs,29,Rain_mm_sum,8,6.429999984800816
gep29,00,2026-04-27,2026-05-05,gcrew,noaa_gefs,29,ShortwaveRadiation_Wm2,8,102.75
gep29,00,2026-04-27,2026-05-05,gcrew,noaa_gefs,29,WindSpeed_ms_mean,8,3.340704722164043
gep29,00,2026-04-27,2026-05-06,gcrew,noaa_gefs,29,AirTemp_C_mean,9,14.66842476981029
gep29,00,2026-04-27,2026-05-06,gcrew,noaa_gefs,29,Pressure_Pa,9,100426.58035714286
gep29,00,2026-04-27,2026-05-06,gcrew,noaa_gefs,29,RH_percent_mean,9,74.78257206508091
gep29,00,2026-04-27,2026-05-06,gcrew,noaa_gefs,29,Rain_mm_sum,9,2.800000049173832
gep29,00,2026-04-27,2026-05-06,gcrew,noaa_gefs,29,ShortwaveRadiation_Wm2,9,226.57142857142858
gep29,00,2026-04-27,2026-05-06,gcrew,noaa_gefs,29,WindSpeed_ms_mean,9,2.962092818850805
gep29,00,2026-04-27,2026-05-07,gcrew,noaa_gefs,29,AirTemp_C_mean,10,13.210267639160179
gep29,00,2026-04-27,2026-05-07,gcrew,noaa_gefs,29,Pressure_Pa,10,100801.388671875
gep29,00,2026-04-27,2026-05-07,gcrew,noaa_gefs,29,RH_percent_mean,10,64.8941125869751
gep29,00,2026-04-27,2026-05-07,gcrew,noaa_gefs,29,Rain_mm_sum,10,0
gep29,00,2026-04-27,2026-05-07,gcrew,noaa_gefs,29,ShortwaveRadiation_Wm2,10,333.25
gep29,00,2026-04-27,2026-05-07,gcrew,noaa_gefs,29,WindSpeed_ms_mean,10,5.7470248717601695
gep29,00,2026-04-27,2026-05-08,gcrew,noaa_gefs,29,AirTemp_C_mean,11,14.233064270019554
gep29,00,2026-04-27,2026-05-08,gcrew,noaa_gefs,29,Pressure_Pa,11,100949.1875
gep29,00,2026-04-27,2026-05-08,gcrew,noaa_gefs,29,RH_percent_mean,11,63.45889949798584
gep29,00,2026-04-27,2026-05-08,gcrew,noaa_gefs,29,Rain_mm_sum,11,0
gep29,00,2026-04-27,2026-05-08,gcrew,noaa_gefs,29,ShortwaveRadiation_Wm2,11,323.25
gep29,00,2026-04-27,2026-05-08,gcrew,noaa_gefs,29,WindSpeed_ms_mean,11,4.1680753706171
gep29,00,2026-04-27,2026-05-09,gcrew,noaa_gefs,29,AirTemp_C_mean,12,16.69899139404299
gep29,00,2026-04-27,2026-05-09,gcrew,noaa_gefs,29,Pressure_Pa,12,99939.416015625
gep29,00,2026-04-27,2026-05-09,gcrew,noaa_gefs,29,RH_percent_mean,12,93.10905075073242
gep29,00,2026-04-27,2026-05-09,gcrew,noaa_gefs,29,Rain_mm_sum,12,19.40000009536743
gep29,00,2026-04-27,2026-05-09,gcrew,noaa_gefs,29,ShortwaveRadiation_Wm2,12,75
gep29,00,2026-04-27,2026-05-09,gcrew,noaa_gefs,29,WindSpeed_ms_mean,12,5.098757673087844
gep29,00,2026-04-27,2026-05-10,gcrew,noaa_gefs,29,AirTemp_C_mean,13,13.901696777343773
gep29,00,2026-04-27,2026-05-10,gcrew,noaa_gefs,29,Pressure_Pa,13,101187.380859375
gep29,00,2026-04-27,2026-05-10,gcrew,noaa_gefs,29,RH_percent_mean,13,62.095730781555176
gep29,00,2026-04-27,2026-05-10,gcrew,noaa_gefs,29,Rain_mm_sum,13,0.10000000149011612
gep29,00,2026-04-27,2026-05-10,gcrew,noaa_gefs,29,ShortwaveRadiation_Wm2,13,344.5
gep29,00,2026-04-27,2026-05-10,gcrew,noaa_gefs,29,WindSpeed_ms_mean,13,4.143133742887205
gep29,00,2026-04-27,2026-05-11,gcrew,noaa_gefs,29,AirTemp_C_mean,14,15.09168395996096
gep29,00,2026-04-27,2026-05-11,gcrew,noaa_gefs,29,Pressure_Pa,14,102241.033203125
gep29,00,2026-04-27,2026-05-11,gcrew,noaa_gefs,29,RH_percent_mean,14,62.015602111816406
gep29,00,2026-04-27,2026-05-11,gcrew,noaa_gefs,29,Rain_mm_sum,14,0
gep29,00,2026-04-27,2026-05-11,gcrew,noaa_gefs,29,ShortwaveRadiation_Wm2,14,339.75
gep29,00,2026-04-27,2026-05-11,gcrew,noaa_gefs,29,WindSpeed_ms_mean,14,4.706386471173322
gep29,00,2026-04-27,2026-05-12,gcrew,noaa_gefs,29,AirTemp_C_mean,15,17.251084899902366
gep29,00,2026-04-27,2026-05-12,gcrew,noaa_gefs,29,Pressure_Pa,15,102263.9921875
gep29,00,2026-04-27,2026-05-12,gcrew,noaa_gefs,29,RH_percent_mean,15,75.52095794677734
gep29,00,2026-04-27,2026-05-12,gcrew,noaa_gefs,29,Rain_mm_sum,15,0
gep29,00,2026-04-27,2026-05-12,gcrew,noaa_gefs,29,ShortwaveRadiation_Wm2,15,336
gep29,00,2026-04-27,2026-05-12,gcrew,noaa_gefs,29,WindSpeed_ms_mean,15,7.010430330005118
gep29,00,2026-04-27,2026-05-13,gcrew,noaa_gefs,29,AirTemp_C_mean,16,19.49273834228518
gep29,00,2026-04-27,2026-05-13,gcrew,noaa_gefs,29,Pressure_Pa,16,101710.423828125
gep29,00,2026-04-27,2026-05-13,gcrew,noaa_gefs,29,RH_percent_mean,16,90.239959716796875
gep29,00,2026-04-27,2026-05-13,gcrew,noaa_gefs,29,Rain_mm_sum,16,2.800000049173832
gep29,00,2026-04-27,2026-05-13,gcrew,noaa_gefs,29,ShortwaveRadiation_Wm2,16,215.75
gep29,00,2026-04-27,2026-05-13,gcrew,noaa_gefs,29,WindSpeed_ms_mean,16,6.026004144410448
gep29,00,2026-04-27,2026-05-14,gcrew,noaa_gefs,29,AirTemp_C_mean,17,18.513650512695335
gep29,00,2026-04-27,2026-05-14,gcrew,noaa_gefs,29,Pressure_Pa,17,101608.88671875
gep29,00,2026-04-27,2026-05-14,gcrew,noaa_gefs,29,RH_percent_mean,17,86.30577850341797
gep29,00,2026-04-27,2026-05-14,gcrew,noaa_gefs,29,Rain_mm_sum,17,12.900000095367432
gep29,00,2026-04-27,2026-05-14,gcrew,noaa_gefs,29,ShortwaveRadiation_Wm2,17,185.75
gep29,00,2026-04-27,2026-05-14,gcrew,noaa_gefs,29,WindSpeed_ms_mean,17,4.270036840520563
gep29,00,2026-04-27,2026-05-15,gcrew,noaa_gefs,29,AirTemp_C_mean,18,15.910485839843773
gep29,00,2026-04-27,2026-05-15,gcrew,noaa_gefs,29,Pressure_Pa,18,102181.615234375
gep29,00,2026-04-27,2026-05-15,gcrew,noaa_gefs,29,RH_percent_mean,18,76.19487285614014
gep29,00,2026-04-27,2026-05-15,gcrew,noaa_gefs,29,Rain_mm_sum,18,0
gep29,00,2026-04-27,2026-05-15,gcrew,noaa_gefs,29,ShortwaveRadiation_Wm2,18,343.5
gep29,00,2026-04-27,2026-05-15,gcrew,noaa_gefs,29,WindSpeed_ms_mean,18,3.9490240974844317
gep29,00,2026-04-27,2026-05-16,gcrew,noaa_gefs,29,AirTemp_C_mean,19,20.577661132812523
gep29,00,2026-04-27,2026-05-16,gcrew,noaa_gefs,29,Pressure_Pa,19,101713.755859375
gep29,00,2026-04-27,2026-05-16,gcrew,noaa_gefs,29,RH_percent_mean,19,80.4810848236084
gep29,00,2026-04-27,2026-05-16,gcrew,noaa_gefs,29,Rain_mm_sum,19,1.1000000014901161
gep29,00,2026-04-27,2026-05-16,gcrew,noaa_gefs,29,ShortwaveRadiation_Wm2,19,322.75
gep29,00,2026-04-27,2026-05-16,gcrew,noaa_gefs,29,WindSpeed_ms_mean,19,4.781925626210346
gep29,00,2026-04-27,2026-05-17,gcrew,noaa_gefs,29,AirTemp_C_mean,20,22.937905883789085
gep29,00,2026-04-27,2026-05-17,gcrew,noaa_gefs,29,Pressure_Pa,20,101673.8359375
gep29,00,2026-04-27,2026-05-17,gcrew,noaa_gefs,29,RH_percent_mean,20,77.38579750061035
gep29,00,2026-04-27,2026-05-17,gcrew,noaa_gefs,29,Rain_mm_sum,20,4.300000049173832
gep29,00,2026-04-27,2026-05-17,gcrew,noaa_gefs,29,ShortwaveRadiation_Wm2,20,295.25
gep29,00,2026-04-27,2026-05-17,gcrew,noaa_gefs,29,WindSpeed_ms_mean,20,3.0308602990974056
gep29,00,2026-04-27,2026-05-18,gcrew,noaa_gefs,29,AirTemp_C_mean,21,24.01905212402346
gep29,00,2026-04-27,2026-05-18,gcrew,noaa_gefs,29,Pressure_Pa,21,101460.267578125
gep29,00,2026-04-27,2026-05-18,gcrew,noaa_gefs,29,RH_percent_mean,21,76.18959331512451
gep29,00,2026-04-27,2026-05-18,gcrew,noaa_gefs,29,Rain_mm_sum,21,16.80000078678131
gep29,00,2026-04-27,2026-05-18,gcrew,noaa_gefs,29,ShortwaveRadiation_Wm2,21,296
gep29,00,2026-04-27,2026-05-18,gcrew,noaa_gefs,29,WindSpeed_ms_mean,21,3.073193730264629
gep29,00,2026-04-27,2026-05-19,gcrew,noaa_gefs,29,AirTemp_C_mean,22,25.510980224609398
gep29,00,2026-04-27,2026-05-19,gcrew,noaa_gefs,29,Pressure_Pa,22,100955.107421875
gep29,00,2026-04-27,2026-05-19,gcrew,noaa_gefs,29,RH_percent_mean,22,70.90894889831543
gep29,00,2026-04-27,2026-05-19,gcrew,noaa_gefs,29,Rain_mm_sum,22,1.600000038743019
gep29,00,2026-04-27,2026-05-19,gcrew,noaa_gefs,29,ShortwaveRadiation_Wm2,22,224
gep29,00,2026-04-27,2026-05-19,gcrew,noaa_gefs,29,WindSpeed_ms_mean,22,2.4858541001805587
gep29,00,2026-04-27,2026-05-20,gcrew,noaa_gefs,29,AirTemp_C_mean,23,21.864289855957054
gep29,00,2026-04-27,2026-05-20,gcrew,noaa_gefs,29,Pressure_Pa,23,101018.095703125
gep29,00,2026-04-27,2026-05-20,gcrew,noaa_gefs,29,RH_percent_mean,23,67.23811626434326
gep29,00,2026-04-27,2026-05-20,gcrew,noaa_gefs,29,Rain_mm_sum,23,0.30000001192092896
gep29,00,2026-04-27,2026-05-20,gcrew,noaa_gefs,29,ShortwaveRadiation_Wm2,23,327.25
gep29,00,2026-04-27,2026-05-20,gcrew,noaa_gefs,29,WindSpeed_ms_mean,23,4.555111160571268
gep29,00,2026-04-27,2026-05-21,gcrew,noaa_gefs,29,AirTemp_C_mean,24,19.262673950195335
gep29,00,2026-04-27,2026-05-21,gcrew,noaa_gefs,29,Pressure_Pa,24,101705.2734375
gep29,00,2026-04-27,2026-05-21,gcrew,noaa_gefs,29,RH_percent_mean,24,62.426734924316406
gep29,00,2026-04-27,2026-05-21,gcrew,noaa_gefs,29,Rain_mm_sum,24,0
gep29,00,2026-04-27,2026-05-21,gcrew,noaa_gefs,29,ShortwaveRadiation_Wm2,24,345.75
gep29,00,2026-04-27,2026-05-21,gcrew,noaa_gefs,29,WindSpeed_ms_mean,24,2.407734619792761
gep29,00,2026-04-27,2026-05-22,gcrew,noaa_gefs,29,AirTemp_C_mean,25,19.581025695800804
gep29,00,2026-04-27,2026-05-22,gcrew,noaa_gefs,29,Pressure_Pa,25,101598.32421875
gep29,00,2026-04-27,2026-05-22,gcrew,noaa_gefs,29,RH_percent_mean,25,67.51792812347412
gep29,00,2026-04-27,2026-05-22,gcrew,noaa_gefs,29,Rain_mm_sum,25,0
gep29,00,2026-04-27,2026-05-22,gcrew,noaa_gefs,29,ShortwaveRadiation_Wm2,25,339.25
gep29,00,2026-04-27,2026-05-22,gcrew,noaa_gefs,29,WindSpeed_ms_mean,25,4.837275644483171
gep29,00,2026-04-27,2026-05-23,gcrew,noaa_gefs,29,AirTemp_C_mean,26,19.05195007324221
gep29,00,2026-04-27,2026-05-23,gcrew,noaa_gefs,29,Pressure_Pa,26,101465.875
gep29,00,2026-04-27,2026-05-23,gcrew,noaa_gefs,29,RH_percent_mean,26,65.91939640045166
gep29,00,2026-04-27,2026-05-23,gcrew,noaa_gefs,29,Rain_mm_sum,26,0
gep29,00,2026-04-27,2026-05-23,gcrew,noaa_gefs,29,ShortwaveRadiation_Wm2,26,342.25
gep29,00,2026-04-27,2026-05-23,gcrew,noaa_gefs,29,WindSpeed_ms_mean,26,3.9395944856956513
gep29,00,2026-04-27,2026-05-24,gcrew,noaa_gefs,29,AirTemp_C_mean,27,19.98945007324221
gep29,00,2026-04-27,2026-05-24,gcrew,noaa_gefs,29,Pressure_Pa,27,101342.990234375
gep29,00,2026-04-27,2026-05-24,gcrew,noaa_gefs,29,RH_percent_mean,27,67.63784408569336
gep29,00,2026-04-27,2026-05-24,gcrew,noaa_gefs,29,Rain_mm_sum,27,0
gep29,00,2026-04-27,2026-05-24,gcrew,noaa_gefs,29,ShortwaveRadiation_Wm2,27,291.25
gep29,00,2026-04-27,2026-05-24,gcrew,noaa_gefs,29,WindSpeed_ms_mean,27,1.8987633133925008
gep29,00,2026-04-27,2026-05-25,gcrew,noaa_gefs,29,AirTemp_C_mean,28,20.29615173339846
gep29,00,2026-04-27,2026-05-25,gcrew,noaa_gefs,29,Pressure_Pa,28,100799.01953125
gep29,00,2026-04-27,2026-05-25,gcrew,noaa_gefs,29,RH_percent_mean,28,68.97553539276123
gep29,00,2026-04-27,2026-05-25,gcrew,noaa_gefs,29,Rain_mm_sum,28,0
gep29,00,2026-04-27,2026-05-25,gcrew,noaa_gefs,29,ShortwaveRadiation_Wm2,28,309.75
gep29,00,2026-04-27,2026-05-25,gcrew,noaa_gefs,29,WindSpeed_ms_mean,28,3.282312133189652
gep29,00,2026-04-27,2026-05-26,gcrew,noaa_gefs,29,AirTemp_C_mean,29,23.21851501464846
gep29,00,2026-04-27,2026-05-26,gcrew,noaa_gefs,29,Pressure_Pa,29,100695.197265625
gep29,00,2026-04-27,2026-05-26,gcrew,noaa_gefs,29,RH_percent_mean,29,82.25054931640625
gep29,00,2026-04-27,2026-05-26,gcrew,noaa_gefs,29,Rain_mm_sum,29,4.899999916553497
gep29,00,2026-04-27,2026-05-26,gcrew,noaa_gefs,29,ShortwaveRadiation_Wm2,29,325.5
gep29,00,2026-04-27,2026-05-26,gcrew,noaa_gefs,29,WindSpeed_ms_mean,29,3.3496704517798257
gep29,00,2026-04-27,2026-05-27,gcrew,noaa_gefs,29,AirTemp_C_mean,30,21.77124176025393
gep29,00,2026-04-27,2026-05-27,gcrew,noaa_gefs,29,Pressure_Pa,30,101327.005859375
gep29,00,2026-04-27,2026-05-27,gcrew,noaa_gefs,29,RH_percent_mean,30,82.51387405395508
gep29,00,2026-04-27,2026-05-27,gcrew,noaa_gefs,29,Rain_mm_sum,30,0
gep29,00,2026-04-27,2026-05-27,gcrew,noaa_gefs,29,ShortwaveRadiation_Wm2,30,325.75
gep29,00,2026-04-27,2026-05-27,gcrew,noaa_gefs,29,WindSpeed_ms_mean,30,4.527820202533626
gep29,00,2026-04-27,2026-05-28,gcrew,noaa_gefs,29,AirTemp_C_mean,31,24.39227447509768
gep29,00,2026-04-27,2026-05-28,gcrew,noaa_gefs,29,Pressure_Pa,31,101159.59375
gep29,00,2026-04-27,2026-05-28,gcrew,noaa_gefs,29,RH_percent_mean,31,79.66389560699463
gep29,00,2026-04-27,2026-05-28,gcrew,noaa_gefs,29,Rain_mm_sum,31,2.9999999552965164
gep29,00,2026-04-27,2026-05-28,gcrew,noaa_gefs,29,ShortwaveRadiation_Wm2,31,332.5
gep29,00,2026-04-27,2026-05-28,gcrew,noaa_gefs,29,WindSpeed_ms_mean,31,3.941846018368561
gep29,00,2026-04-27,2026-05-29,gcrew,noaa_gefs,29,AirTemp_C_mean,32,23.499902343750023
gep29,00,2026-04-27,2026-05-29,gcrew,noaa_gefs,29,Pressure_Pa,32,101534.01171875
gep29,00,2026-04-27,2026-05-29,gcrew,noaa_gefs,29,RH_percent_mean,32,81.16684532165527
gep29,00,2026-04-27,2026-05-29,gcrew,noaa_gefs,29,Rain_mm_sum,32,3.3000000715255737
gep29,00,2026-04-27,2026-05-29,gcrew,noaa_gefs,29,ShortwaveRadiation_Wm2,32,322.75
gep29,00,2026-04-27,2026-05-29,gcrew,noaa_gefs,29,WindSpeed_ms_mean,32,3.215779983650272
gep29,00,2026-04-27,2026-05-30,gcrew,noaa_gefs,29,AirTemp_C_mean,33,25.719346618652366
gep29,00,2026-04-27,2026-05-30,gcrew,noaa_gefs,29,Pressure_Pa,33,101169.580078125
gep29,00,2026-04-27,2026-05-30,gcrew,noaa_gefs,29,RH_percent_mean,33,69.18948173522949
gep29,00,2026-04-27,2026-05-30,gcrew,noaa_gefs,29,Rain_mm_sum,33,5.900000095367432
gep29,00,2026-04-27,2026-05-30,gcrew,noaa_gefs,29,ShortwaveRadiation_Wm2,33,328
gep29,00,2026-04-27,2026-05-30,gcrew,noaa_gefs,29,WindSpeed_ms_mean,33,5.024491839967965
gep29,00,2026-04-27,2026-05-31,gcrew,noaa_gefs,29,AirTemp_C_mean,34,19.59900054931643
gep29,00,2026-04-27,2026-05-31,gcrew,noaa_gefs,29,Pressure_Pa,34,101853.44140625
gep29,00,2026-04-27,2026-05-31,gcrew,noaa_gefs,29,RH_percent_mean,34,62.48447799682617
gep29,00,2026-04-27,2026-05-31,gcrew,noaa_gefs,29,Rain_mm_sum,34,0
gep29,00,2026-04-27,2026-05-31,gcrew,noaa_gefs,29,ShortwaveRadiation_Wm2,34,360.25
gep29,00,2026-04-27,2026-05-31,gcrew,noaa_gefs,29,WindSpeed_ms_mean,34,4.692275223673417
gep30,00,2026-04-27,2026-04-28,gcrew,noaa_gefs,30,AirTemp_C_mean,1,11.579675292968773
gep30,00,2026-04-27,2026-04-28,gcrew,noaa_gefs,30,Pressure_Pa,1,101858.66796875
gep30,00,2026-04-27,2026-04-28,gcrew,noaa_gefs,30,RH_percent_mean,1,70.0107069015503
gep30,00,2026-04-27,2026-04-28,gcrew,noaa_gefs,30,Rain_mm_sum,1,2.1800000071525574
gep30,00,2026-04-27,2026-04-28,gcrew,noaa_gefs,30,ShortwaveRadiation_Wm2,1,182.375
gep30,00,2026-04-27,2026-04-28,gcrew,noaa_gefs,30,WindSpeed_ms_mean,1,3.144690806609595
gep30,00,2026-04-27,2026-04-29,gcrew,noaa_gefs,30,AirTemp_C_mean,2,13.038072204589866
gep30,00,2026-04-27,2026-04-29,gcrew,noaa_gefs,30,Pressure_Pa,2,100681.7392578125
gep30,00,2026-04-27,2026-04-29,gcrew,noaa_gefs,30,RH_percent_mean,2,79.37301731109619
gep30,00,2026-04-27,2026-04-29,gcrew,noaa_gefs,30,Rain_mm_sum,2,5.650000095367432
gep30,00,2026-04-27,2026-04-29,gcrew,noaa_gefs,30,ShortwaveRadiation_Wm2,2,123.125
gep30,00,2026-04-27,2026-04-29,gcrew,noaa_gefs,30,WindSpeed_ms_mean,2,6.751690838700274
gep30,00,2026-04-27,2026-04-30,gcrew,noaa_gefs,30,AirTemp_C_mean,3,12.374749755859398
gep30,00,2026-04-27,2026-04-30,gcrew,noaa_gefs,30,Pressure_Pa,3,100118.521484375
gep30,00,2026-04-27,2026-04-30,gcrew,noaa_gefs,30,RH_percent_mean,3,68.30331468582153
gep30,00,2026-04-27,2026-04-30,gcrew,noaa_gefs,30,Rain_mm_sum,3,2.200000047683716
gep30,00,2026-04-27,2026-04-30,gcrew,noaa_gefs,30,ShortwaveRadiation_Wm2,3,336.75
gep30,00,2026-04-27,2026-04-30,gcrew,noaa_gefs,30,WindSpeed_ms_mean,3,6.3404068339236375
gep30,00,2026-04-27,2026-05-01,gcrew,noaa_gefs,30,AirTemp_C_mean,4,11.863782501220726
gep30,00,2026-04-27,2026-05-01,gcrew,noaa_gefs,30,Pressure_Pa,4,100457.115234375
gep30,00,2026-04-27,2026-05-01,gcrew,noaa_gefs,30,RH_percent_mean,4,63.77413034439087
gep30,00,2026-04-27,2026-05-01,gcrew,noaa_gefs,30,Rain_mm_sum,4,0.14999999105930328
gep30,00,2026-04-27,2026-05-01,gcrew,noaa_gefs,30,ShortwaveRadiation_Wm2,4,305.75
gep30,00,2026-04-27,2026-05-01,gcrew,noaa_gefs,30,WindSpeed_ms_mean,4,4.420050426615207
gep30,00,2026-04-27,2026-05-02,gcrew,noaa_gefs,30,AirTemp_C_mean,5,9.424409484863304
gep30,00,2026-04-27,2026-05-02,gcrew,noaa_gefs,30,Pressure_Pa,5,100060.8115234375
gep30,00,2026-04-27,2026-05-02,gcrew,noaa_gefs,30,RH_percent_mean,5,85.62604904174805
gep30,00,2026-04-27,2026-05-02,gcrew,noaa_gefs,30,Rain_mm_sum,5,10.500000223517418
gep30,00,2026-04-27,2026-05-02,gcrew,noaa_gefs,30,ShortwaveRadiation_Wm2,5,49.625
gep30,00,2026-04-27,2026-05-02,gcrew,noaa_gefs,30,WindSpeed_ms_mean,5,6.559776809952508
gep30,00,2026-04-27,2026-05-03,gcrew,noaa_gefs,30,AirTemp_C_mean,6,10.825589752197288
gep30,00,2026-04-27,2026-05-03,gcrew,noaa_gefs,30,Pressure_Pa,6,100683.826171875
gep30,00,2026-04-27,2026-05-03,gcrew,noaa_gefs,30,RH_percent_mean,6,70.58711957931519
gep30,00,2026-04-27,2026-05-03,gcrew,noaa_gefs,30,Rain_mm_sum,6,2.5999999791383743
gep30,00,2026-04-27,2026-05-03,gcrew,noaa_gefs,30,ShortwaveRadiation_Wm2,6,228.625
gep30,00,2026-04-27,2026-05-03,gcrew,noaa_gefs,30,WindSpeed_ms_mean,6,6.259846307795703
gep30,00,2026-04-27,2026-05-04,gcrew,noaa_gefs,30,AirTemp_C_mean,7,12.645486450195335
gep30,00,2026-04-27,2026-05-04,gcrew,noaa_gefs,30,Pressure_Pa,7,101078.326171875
gep30,00,2026-04-27,2026-05-04,gcrew,noaa_gefs,30,RH_percent_mean,7,65.15876054763794
gep30,00,2026-04-27,2026-05-04,gcrew,noaa_gefs,30,Rain_mm_sum,7,0
gep30,00,2026-04-27,2026-05-04,gcrew,noaa_gefs,30,ShortwaveRadiation_Wm2,7,330.375
gep30,00,2026-04-27,2026-05-04,gcrew,noaa_gefs,30,WindSpeed_ms_mean,7,4.1287794168947265
gep30,00,2026-04-27,2026-05-05,gcrew,noaa_gefs,30,AirTemp_C_mean,8,13.514123535156273
gep30,00,2026-04-27,2026-05-05,gcrew,noaa_gefs,30,Pressure_Pa,8,100674.3935546875
gep30,00,2026-04-27,2026-05-05,gcrew,noaa_gefs,30,RH_percent_mean,8,77.96095371246338
gep30,00,2026-04-27,2026-05-05,gcrew,noaa_gefs,30,Rain_mm_sum,8,6.429999984800816
gep30,00,2026-04-27,2026-05-05,gcrew,noaa_gefs,30,ShortwaveRadiation_Wm2,8,102.75
gep30,00,2026-04-27,2026-05-05,gcrew,noaa_gefs,30,WindSpeed_ms_mean,8,3.340704722164043
gep30,00,2026-04-27,2026-05-06,gcrew,noaa_gefs,30,AirTemp_C_mean,9,14.66842476981029
gep30,00,2026-04-27,2026-05-06,gcrew,noaa_gefs,30,Pressure_Pa,9,100426.58035714286
gep30,00,2026-04-27,2026-05-06,gcrew,noaa_gefs,30,RH_percent_mean,9,74.78257206508091
gep30,00,2026-04-27,2026-05-06,gcrew,noaa_gefs,30,Rain_mm_sum,9,2.800000049173832
gep30,00,2026-04-27,2026-05-06,gcrew,noaa_gefs,30,ShortwaveRadiation_Wm2,9,226.57142857142858
gep30,00,2026-04-27,2026-05-06,gcrew,noaa_gefs,30,WindSpeed_ms_mean,9,2.962092818850805
gep30,00,2026-04-27,2026-05-07,gcrew,noaa_gefs,30,AirTemp_C_mean,10,13.210267639160179
gep30,00,2026-04-27,2026-05-07,gcrew,noaa_gefs,30,Pressure_Pa,10,100801.388671875
gep30,00,2026-04-27,2026-05-07,gcrew,noaa_gefs,30,RH_percent_mean,10,64.8941125869751
gep30,00,2026-04-27,2026-05-07,gcrew,noaa_gefs,30,Rain_mm_sum,10,0
gep30,00,2026-04-27,2026-05-07,gcrew,noaa_gefs,30,ShortwaveRadiation_Wm2,10,333.25
gep30,00,2026-04-27,2026-05-07,gcrew,noaa_gefs,30,WindSpeed_ms_mean,10,5.7470248717601695
gep30,00,2026-04-27,2026-05-08,gcrew,noaa_gefs,30,AirTemp_C_mean,11,14.233064270019554
gep30,00,2026-04-27,2026-05-08,gcrew,noaa_gefs,30,Pressure_Pa,11,100949.1875
gep30,00,2026-04-27,2026-05-08,gcrew,noaa_gefs,30,RH_percent_mean,11,63.45889949798584
gep30,00,2026-04-27,2026-05-08,gcrew,noaa_gefs,30,Rain_mm_sum,11,0
gep30,00,2026-04-27,2026-05-08,gcrew,noaa_gefs,30,ShortwaveRadiation_Wm2,11,323.25
gep30,00,2026-04-27,2026-05-08,gcrew,noaa_gefs,30,WindSpeed_ms_mean,11,4.1680753706171
gep30,00,2026-04-27,2026-05-09,gcrew,noaa_gefs,30,AirTemp_C_mean,12,16.69899139404299
gep30,00,2026-04-27,2026-05-09,gcrew,noaa_gefs,30,Pressure_Pa,12,99939.416015625
gep30,00,2026-04-27,2026-05-09,gcrew,noaa_gefs,30,RH_percent_mean,12,93.10905075073242
gep30,00,2026-04-27,2026-05-09,gcrew,noaa_gefs,30,Rain_mm_sum,12,19.40000009536743
gep30,00,2026-04-27,2026-05-09,gcrew,noaa_gefs,30,ShortwaveRadiation_Wm2,12,75
gep30,00,2026-04-27,2026-05-09,gcrew,noaa_gefs,30,WindSpeed_ms_mean,12,5.098757673087844
gep30,00,2026-04-27,2026-05-10,gcrew,noaa_gefs,30,AirTemp_C_mean,13,13.901696777343773
gep30,00,2026-04-27,2026-05-10,gcrew,noaa_gefs,30,Pressure_Pa,13,101187.380859375
gep30,00,2026-04-27,2026-05-10,gcrew,noaa_gefs,30,RH_percent_mean,13,62.095730781555176
gep30,00,2026-04-27,2026-05-10,gcrew,noaa_gefs,30,Rain_mm_sum,13,0.10000000149011612
gep30,00,2026-04-27,2026-05-10,gcrew,noaa_gefs,30,ShortwaveRadiation_Wm2,13,344.5
gep30,00,2026-04-27,2026-05-10,gcrew,noaa_gefs,30,WindSpeed_ms_mean,13,4.143133742887205
gep30,00,2026-04-27,2026-05-11,gcrew,noaa_gefs,30,AirTemp_C_mean,14,15.09168395996096
gep30,00,2026-04-27,2026-05-11,gcrew,noaa_gefs,30,Pressure_Pa,14,102241.033203125
gep30,00,2026-04-27,2026-05-11,gcrew,noaa_gefs,30,RH_percent_mean,14,62.015602111816406
gep30,00,2026-04-27,2026-05-11,gcrew,noaa_gefs,30,Rain_mm_sum,14,0
gep30,00,2026-04-27,2026-05-11,gcrew,noaa_gefs,30,ShortwaveRadiation_Wm2,14,339.75
gep30,00,2026-04-27,2026-05-11,gcrew,noaa_gefs,30,WindSpeed_ms_mean,14,4.706386471173322
gep30,00,2026-04-27,2026-05-12,gcrew,noaa_gefs,30,AirTemp_C_mean,15,17.251084899902366
gep30,00,2026-04-27,2026-05-12,gcrew,noaa_gefs,30,Pressure_Pa,15,102263.9921875
gep30,00,2026-04-27,2026-05-12,gcrew,noaa_gefs,30,RH_percent_mean,15,75.52095794677734
gep30,00,2026-04-27,2026-05-12,gcrew,noaa_gefs,30,Rain_mm_sum,15,0
gep30,00,2026-04-27,2026-05-12,gcrew,noaa_gefs,30,ShortwaveRadiation_Wm2,15,336
gep30,00,2026-04-27,2026-05-12,gcrew,noaa_gefs,30,WindSpeed_ms_mean,15,7.010430330005118
gep30,00,2026-04-27,2026-05-13,gcrew,noaa_gefs,30,AirTemp_C_mean,16,19.49273834228518
gep30,00,2026-04-27,2026-05-13,gcrew,noaa_gefs,30,Pressure_Pa,16,101710.423828125
gep30,00,2026-04-27,2026-05-13,gcrew,noaa_gefs,30,RH_percent_mean,16,90.239959716796875
gep30,00,2026-04-27,2026-05-13,gcrew,noaa_gefs,30,Rain_mm_sum,16,2.800000049173832
gep30,00,2026-04-27,2026-05-13,gcrew,noaa_gefs,30,ShortwaveRadiation_Wm2,16,215.75
gep30,00,2026-04-27,2026-05-13,gcrew,noaa_gefs,30,WindSpeed_ms_mean,16,6.026004144410448
gep30,00,2026-04-27,2026-05-14,gcrew,noaa_gefs,30,AirTemp_C_mean,17,18.513650512695335
gep30,00,2026-04-27,2026-05-14,gcrew,noaa_gefs,30,Pressure_Pa,17,101608.88671875
gep30,00,2026-04-27,2026-05-14,gcrew,noaa_gefs,30,RH_percent_mean,17,86.30577850341797
gep30,00,2026-04-27,2026-05-14,gcrew,noaa_gefs,30,Rain_mm_sum,17,12.900000095367432
gep30,00,2026-04-27,2026-05-14,gcrew,noaa_gefs,30,ShortwaveRadiation_Wm2,17,185.75
gep30,00,2026-04-27,2026-05-14,gcrew,noaa_gefs,30,WindSpeed_ms_mean,17,4.270036840520563
gep30,00,2026-04-27,2026-05-15,gcrew,noaa_gefs,30,AirTemp_C_mean,18,15.910485839843773
gep30,00,2026-04-27,2026-05-15,gcrew,noaa_gefs,30,Pressure_Pa,18,102181.615234375
gep30,00,2026-04-27,2026-05-15,gcrew,noaa_gefs,30,RH_percent_mean,18,76.19487285614014
gep30,00,2026-04-27,2026-05-15,gcrew,noaa_gefs,30,Rain_mm_sum,18,0
gep30,00,2026-04-27,2026-05-15,gcrew,noaa_gefs,30,ShortwaveRadiation_Wm2,18,343.5
gep30,00,2026-04-27,2026-05-15,gcrew,noaa_gefs,30,WindSpeed_ms_mean,18,3.9490240974844317
gep30,00,2026-04-27,2026-05-16,gcrew,noaa_gefs,30,AirTemp_C_mean,19,20.577661132812523
gep30,00,2026-04-27,2026-05-16,gcrew,noaa_gefs,30,Pressure_Pa,19,101713.755859375
gep30,00,2026-04-27,2026-05-16,gcrew,noaa_gefs,30,RH_percent_mean,19,80.4810848236084
gep30,00,2026-04-27,2026-05-16,gcrew,noaa_gefs,30,Rain_mm_sum,19,1.1000000014901161
gep30,00,2026-04-27,2026-05-16,gcrew,noaa_gefs,30,ShortwaveRadiation_Wm2,19,322.75
gep30,00,2026-04-27,2026-05-16,gcrew,noaa_gefs,30,WindSpeed_ms_mean,19,4.781925626210346
gep30,00,2026-04-27,2026-05-17,gcrew,noaa_gefs,30,AirTemp_C_mean,20,22.937905883789085
gep30,00,2026-04-27,2026-05-17,gcrew,noaa_gefs,30,Pressure_Pa,20,101673.8359375
gep30,00,2026-04-27,2026-05-17,gcrew,noaa_gefs,30,RH_percent_mean,20,77.38579750061035
gep30,00,2026-04-27,2026-05-17,gcrew,noaa_gefs,30,Rain_mm_sum,20,4.300000049173832
gep30,00,2026-04-27,2026-05-17,gcrew,noaa_gefs,30,ShortwaveRadiation_Wm2,20,295.25
gep30,00,2026-04-27,2026-05-17,gcrew,noaa_gefs,30,WindSpeed_ms_mean,20,3.0308602990974056
gep30,00,2026-04-27,2026-05-18,gcrew,noaa_gefs,30,AirTemp_C_mean,21,24.01905212402346
gep30,00,2026-04-27,2026-05-18,gcrew,noaa_gefs,30,Pressure_Pa,21,101460.267578125
gep30,00,2026-04-27,2026-05-18,gcrew,noaa_gefs,30,RH_percent_mean,21,76.18959331512451
gep30,00,2026-04-27,2026-05-18,gcrew,noaa_gefs,30,Rain_mm_sum,21,16.80000078678131
gep30,00,2026-04-27,2026-05-18,gcrew,noaa_gefs,30,ShortwaveRadiation_Wm2,21,296
gep30,00,2026-04-27,2026-05-18,gcrew,noaa_gefs,30,WindSpeed_ms_mean,21,3.073193730264629
gep30,00,2026-04-27,2026-05-19,gcrew,noaa_gefs,30,AirTemp_C_mean,22,25.510980224609398
gep30,00,2026-04-27,2026-05-19,gcrew,noaa_gefs,30,Pressure_Pa,22,100955.107421875
gep30,00,2026-04-27,2026-05-19,gcrew,noaa_gefs,30,RH_percent_mean,22,70.90894889831543
gep30,00,2026-04-27,2026-05-19,gcrew,noaa_gefs,30,Rain_mm_sum,22,1.600000038743019
gep30,00,2026-04-27,2026-05-19,gcrew,noaa_gefs,30,ShortwaveRadiation_Wm2,22,224
gep30,00,2026-04-27,2026-05-19,gcrew,noaa_gefs,30,WindSpeed_ms_mean,22,2.4858541001805587
gep30,00,2026-04-27,2026-05-20,gcrew,noaa_gefs,30,AirTemp_C_mean,23,21.864289855957054
gep30,00,2026-04-27,2026-05-20,gcrew,noaa_gefs,30,Pressure_Pa,23,101018.095703125
gep30,00,2026-04-27,2026-05-20,gcrew,noaa_gefs,30,RH_percent_mean,23,67.23811626434326
gep30,00,2026-04-27,2026-05-20,gcrew,noaa_gefs,30,Rain_mm_sum,23,0.30000001192092896
gep30,00,2026-04-27,2026-05-20,gcrew,noaa_gefs,30,ShortwaveRadiation_Wm2,23,327.25
gep30,00,2026-04-27,2026-05-20,gcrew,noaa_gefs,30,WindSpeed_ms_mean,23,4.555111160571268
gep30,00,2026-04-27,2026-05-21,gcrew,noaa_gefs,30,AirTemp_C_mean,24,19.262673950195335
gep30,00,2026-04-27,2026-05-21,gcrew,noaa_gefs,30,Pressure_Pa,24,101705.2734375
gep30,00,2026-04-27,2026-05-21,gcrew,noaa_gefs,30,RH_percent_mean,24,62.426734924316406
gep30,00,2026-04-27,2026-05-21,gcrew,noaa_gefs,30,Rain_mm_sum,24,0
gep30,00,2026-04-27,2026-05-21,gcrew,noaa_gefs,30,ShortwaveRadiation_Wm2,24,345.75
gep30,00,2026-04-27,2026-05-21,gcrew,noaa_gefs,30,WindSpeed_ms_mean,24,2.407734619792761
gep30,00,2026-04-27,2026-05-22,gcrew,noaa_gefs,30,AirTemp_C_mean,25,19.581025695800804
gep30,00,2026-04-27,2026-05-22,gcrew,noaa_gefs,30,Pressure_Pa,25,101598.32421875
gep30,00,2026-04-27,2026-05-22,gcrew,noaa_gefs,30,RH_percent_mean,25,67.51792812347412
gep30,00,2026-04-27,2026-05-22,gcrew,noaa_gefs,30,Rain_mm_sum,25,0
gep30,00,2026-04-27,2026-05-22,gcrew,noaa_gefs,30,ShortwaveRadiation_Wm2,25,339.25
gep30,00,2026-04-27,2026-05-22,gcrew,noaa_gefs,30,WindSpeed_ms_mean,25,4.837275644483171
gep30,00,2026-04-27,2026-05-23,gcrew,noaa_gefs,30,AirTemp_C_mean,26,19.05195007324221
gep30,00,2026-04-27,2026-05-23,gcrew,noaa_gefs,30,Pressure_Pa,26,101465.875
gep30,00,2026-04-27,2026-05-23,gcrew,noaa_gefs,30,RH_percent_mean,26,65.91939640045166
gep30,00,2026-04-27,2026-05-23,gcrew,noaa_gefs,30,Rain_mm_sum,26,0
gep30,00,2026-04-27,2026-05-23,gcrew,noaa_gefs,30,ShortwaveRadiation_Wm2,26,342.25
gep30,00,2026-04-27,2026-05-23,gcrew,noaa_gefs,30,WindSpeed_ms_mean,26,3.9395944856956513
gep30,00,2026-04-27,2026-05-24,gcrew,noaa_gefs,30,AirTemp_C_mean,27,19.98945007324221
gep30,00,2026-04-27,2026-05-24,gcrew,noaa_gefs,30,Pressure_Pa,27,101342.990234375
gep30,00,2026-04-27,2026-05-24,gcrew,noaa_gefs,30,RH_percent_mean,27,67.63784408569336
gep30,00,2026-04-27,2026-05-24,gcrew,noaa_gefs,30,Rain_mm_sum,27,0
gep30,00,2026-04-27,2026-05-24,gcrew,noaa_gefs,30,ShortwaveRadiation_Wm2,27,291.25
gep30,00,2026-04-27,2026-05-24,gcrew,noaa_gefs,30,WindSpeed_ms_mean,27,1.8987633133925008
gep30,00,2026-04-27,2026-05-25,gcrew,noaa_gefs,30,AirTemp_C_mean,28,20.29615173339846
gep30,00,2026-04-27,2026-05-25,gcrew,noaa_gefs,30,Pressure_Pa,28,100799.01953125
gep30,00,2026-04-27,2026-05-25,gcrew,noaa_gefs,30,RH_percent_mean,28,68.97553539276123
gep30,00,2026-04-27,2026-05-25,gcrew,noaa_gefs,30,Rain_mm_sum,28,0
gep30,00,2026-04-27,2026-05-25,gcrew,noaa_gefs,30,ShortwaveRadiation_Wm2,28,309.75
gep30,00,2026-04-27,2026-05-25,gcrew,noaa_gefs,30,WindSpeed_ms_mean,28,3.282312133189652
gep30,00,2026-04-27,2026-05-26,gcrew,noaa_gefs,30,AirTemp_C_mean,29,23.21851501464846
gep30,00,2026-04-27,2026-05-26,gcrew,noaa_gefs,30,Pressure_Pa,29,100695.197265625
gep30,00,2026-04-27,2026-05-26,gcrew,noaa_gefs,30,RH_percent_mean,29,82.25054931640625
gep30,00,2026-04-27,2026-05-26,gcrew,noaa_gefs,30,Rain_mm_sum,29,4.899999916553497
gep30,00,2026-04-27,2026-05-26,gcrew,noaa_gefs,30,ShortwaveRadiation_Wm2,29,325.5
gep30,00,2026-04-27,2026-05-26,gcrew,noaa_gefs,30,WindSpeed_ms_mean,29,3.3496704517798257
gep30,00,2026-04-27,2026-05-27,gcrew,noaa_gefs,30,AirTemp_C_mean,30,21.77124176025393
gep30,00,2026-04-27,2026-05-27,gcrew,noaa_gefs,30,Pressure_Pa,30,101327.005859375
gep30,00,2026-04-27,2026-05-27,gcrew,noaa_gefs,30,RH_percent_mean,30,82.51387405395508
gep30,00,2026-04-27,2026-05-27,gcrew,noaa_gefs,30,Rain_mm_sum,30,0
gep30,00,2026-04-27,2026-05-27,gcrew,noaa_gefs,30,ShortwaveRadiation_Wm2,30,325.75
gep30,00,2026-04-27,2026-05-27,gcrew,noaa_gefs,30,WindSpeed_ms_mean,30,4.527820202533626
gep30,00,2026-04-27,2026-05-28,gcrew,noaa_gefs,30,AirTemp_C_mean,31,24.39227447509768
gep30,00,2026-04-27,2026-05-28,gcrew,noaa_gefs,30,Pressure_Pa,31,101159.59375
gep30,00,2026-04-27,2026-05-28,gcrew,noaa_gefs,30,RH_percent_mean,31,79.66389560699463
gep30,00,2026-04-27,2026-05-28,gcrew,noaa_gefs,30,Rain_mm_sum,31,2.9999999552965164
gep30,00,2026-04-27,2026-05-28,gcrew,noaa_gefs,30,ShortwaveRadiation_Wm2,31,332.5
gep30,00,2026-04-27,2026-05-28,gcrew,noaa_gefs,30,WindSpeed_ms_mean,31,3.941846018368561
gep30,00,2026-04-27,2026-05-29,gcrew,noaa_gefs,30,AirTemp_C_mean,32,23.499902343750023
gep30,00,2026-04-27,2026-05-29,gcrew,noaa_gefs,30,Pressure_Pa,32,101534.01171875
gep30,00,2026-04-27,2026-05-29,gcrew,noaa_gefs,30,RH_percent_mean,32,81.16684532165527
gep30,00,2026-04-27,2026-05-29,gcrew,noaa_gefs,30,Rain_mm_sum,32,3.3000000715255737
gep30,00,2026-04-27,2026-05-29,gcrew,noaa_gefs,30,ShortwaveRadiation_Wm2,32,322.75
gep30,00,2026-04-27,2026-05-29,gcrew,noaa_gefs,30,WindSpeed_ms_mean,32,3.215779983650272
gep30,00,2026-04-27,2026-05-30,gcrew,noaa_gefs,30,AirTemp_C_mean,33,25.719346618652366
gep30,00,2026-04-27,2026-05-30,gcrew,noaa_gefs,30,Pressure_Pa,33,101169.580078125
gep30,00,2026-04-27,2026-05-30,gcrew,noaa_gefs,30,RH_percent_mean,33,69.18948173522949
gep30,00,2026-04-27,2026-05-30,gcrew,noaa_gefs,30,Rain_mm_sum,33,5.900000095367432
gep30,00,2026-04-27,2026-05-30,gcrew,noaa_gefs,30,ShortwaveRadiation_Wm2,33,328
gep30,00,2026-04-27,2026-05-30,gcrew,noaa_gefs,30,WindSpeed_ms_mean,33,5.024491839967965
gep30,00,2026-04-27,2026-05-31,gcrew,noaa_gefs,30,AirTemp_C_mean,34,19.59900054931643
gep30,00,2026-04-27,2026-05-31,gcrew,noaa_gefs,30,Pressure_Pa,34,101853.44140625
gep30,00,2026-04-27,2026-05-31,gcrew,noaa_gefs,30,RH_percent_mean,34,62.48447799682617
gep30,00,2026-04-27,2026-05-31,gcrew,noaa_gefs,30,Rain_mm_sum,34,0
gep30,00,2026-04-27,2026-05-31,gcrew,noaa_gefs,30,ShortwaveRadiation_Wm2,34,360.25
gep30,00,2026-04-27,2026-05-31,gcrew,noaa_gefs,30,WindSpeed_ms_mean,34,4.692275223673417
