ensemble,cycle,reference_datetime,datetime,site_id,model_id,parameter,variable,horizon,prediction
gec00,00,2026-01-28,2026-01-29,gcrew,noaa_gefs,00,AirTemp_C_mean,1,-7.280580902099587
gec00,00,2026-01-28,2026-01-29,gcrew,noaa_gefs,00,Pressure_Pa,1,102287.724609375
gec00,00,2026-01-28,2026-01-29,gcrew,noaa_gefs,00,RH_percent_mean,1,76.07372665405273
gec00,00,2026-01-28,2026-01-29,gcrew,noaa_gefs,00,Rain_mm_sum,1,0.10000000149011612
gec00,00,2026-01-28,2026-01-29,gcrew,noaa_gefs,00,ShortwaveRadiation_Wm2,1,150.125
gec00,00,2026-01-28,2026-01-29,gcrew,noaa_gefs,00,WindSpeed_ms_mean,1,5.488174929013097
gec00,00,2026-01-28,2026-01-30,gcrew,noaa_gefs,00,AirTemp_C_mean,2,-7.0662673950195085
gec00,00,2026-01-28,2026-01-30,gcrew,noaa_gefs,00,Pressure_Pa,2,102186.884765625
gec00,00,2026-01-28,2026-01-30,gcrew,noaa_gefs,00,RH_percent_mean,2,85.883331298828125
gec00,00,2026-01-28,2026-01-30,gcrew,noaa_gefs,00,Rain_mm_sum,2,3.400000035762787
gec00,00,2026-01-28,2026-01-30,gcrew,noaa_gefs,00,ShortwaveRadiation_Wm2,2,91
gec00,00,2026-01-28,2026-01-30,gcrew,noaa_gefs,00,WindSpeed_ms_mean,2,4.310190691157695
gec00,00,2026-01-28,2026-01-31,gcrew,noaa_gefs,00,AirTemp_C_mean,3,-8.19930496215818
gec00,00,2026-01-28,2026-01-31,gcrew,noaa_gefs,00,Pressure_Pa,3,101301.654296875
gec00,00,2026-01-28,2026-01-31,gcrew,noaa_gefs,00,RH_percent_mean,3,95.59107112884521
gec00,00,2026-01-28,2026-01-31,gcrew,noaa_gefs,00,Rain_mm_sum,3,24.890000462532043
gec00,00,2026-01-28,2026-01-31,gcrew,noaa_gefs,00,ShortwaveRadiation_Wm2,3,47
gec00,00,2026-01-28,2026-01-31,gcrew,noaa_gefs,00,WindSpeed_ms_mean,3,10.447140277612919
gec00,00,2026-01-28,2026-02-01,gcrew,noaa_gefs,00,AirTemp_C_mean,4,-5.557821655273415
gec00,00,2026-01-28,2026-02-01,gcrew,noaa_gefs,00,Pressure_Pa,4,99940.41015625
gec00,00,2026-01-28,2026-02-01,gcrew,noaa_gefs,00,RH_percent_mean,4,94.5508918762207
gec00,00,2026-01-28,2026-02-01,gcrew,noaa_gefs,00,Rain_mm_sum,4,22.200000166893005
gec00,00,2026-01-28,2026-02-01,gcrew,noaa_gefs,00,ShortwaveRadiation_Wm2,4,59.5
gec00,00,2026-01-28,2026-02-01,gcrew,noaa_gefs,00,WindSpeed_ms_mean,4,13.510369912418103
gec00,00,2026-01-28,2026-02-02,gcrew,noaa_gefs,00,AirTemp_C_mean,5,-5.524973297119118
gec00,00,2026-01-28,2026-02-02,gcrew,noaa_gefs,00,Pressure_Pa,5,101653.6318359375
gec00,00,2026-01-28,2026-02-02,gcrew,noaa_gefs,00,RH_percent_mean,5,80.55075645446777
gec00,00,2026-01-28,2026-02-02,gcrew,noaa_gefs,00,Rain_mm_sum,5,1.399999976158142
gec00,00,2026-01-28,2026-02-02,gcrew,noaa_gefs,00,ShortwaveRadiation_Wm2,5,151.5
gec00,00,2026-01-28,2026-02-02,gcrew,noaa_gefs,00,WindSpeed_ms_mean,5,8.067561597422333
gec00,00,2026-01-28,2026-02-03,gcrew,noaa_gefs,00,AirTemp_C_mean,6,-5.25441970825193
gec00,00,2026-01-28,2026-02-03,gcrew,noaa_gefs,00,Pressure_Pa,6,102473.724609375
gec00,00,2026-01-28,2026-02-03,gcrew,noaa_gefs,00,RH_percent_mean,6,78.25176620483398
gec00,00,2026-01-28,2026-02-03,gcrew,noaa_gefs,00,Rain_mm_sum,6,0
gec00,00,2026-01-28,2026-02-03,gcrew,noaa_gefs,00,ShortwaveRadiation_Wm2,6,163.375
gec00,00,2026-01-28,2026-02-03,gcrew,noaa_gefs,00,WindSpeed_ms_mean,6,3.967009672131133
gec00,00,2026-01-28,2026-02-04,gcrew,noaa_gefs,00,AirTemp_C_mean,7,-1.8118385314941179
gec00,00,2026-01-28,2026-02-04,gcrew,noaa_gefs,00,Pressure_Pa,7,102940.9130859375
gec00,00,2026-01-28,2026-02-04,gcrew,noaa_gefs,00,RH_percent_mean,7,83.65248394012451
gec00,00,2026-01-28,2026-02-04,gcrew,noaa_gefs,00,Rain_mm_sum,7,0.009999999776482582
gec00,00,2026-01-28,2026-02-04,gcrew,noaa_gefs,00,ShortwaveRadiation_Wm2,7,109.5
gec00,00,2026-01-28,2026-02-04,gcrew,noaa_gefs,00,WindSpeed_ms_mean,7,2.1674175981691817
gec00,00,2026-01-28,2026-02-05,gcrew,noaa_gefs,00,AirTemp_C_mean,8,1.069429016113304
gec00,00,2026-01-28,2026-02-05,gcrew,noaa_gefs,00,Pressure_Pa,8,101906.8251953125
gec00,00,2026-01-28,2026-02-05,gcrew,noaa_gefs,00,RH_percent_mean,8,94.48931217193604
gec00,00,2026-01-28,2026-02-05,gcrew,noaa_gefs,00,Rain_mm_sum,8,0.20000000298023224
gec00,00,2026-01-28,2026-02-05,gcrew,noaa_gefs,00,ShortwaveRadiation_Wm2,8,76.875
gec00,00,2026-01-28,2026-02-05,gcrew,noaa_gefs,00,WindSpeed_ms_mean,8,3.684263806468948
gec00,00,2026-01-28,2026-02-06,gcrew,noaa_gefs,00,AirTemp_C_mean,9,2.753424944196451
gec00,00,2026-01-28,2026-02-06,gcrew,noaa_gefs,00,Pressure_Pa,9,100416.97879464286
gec00,00,2026-01-28,2026-02-06,gcrew,noaa_gefs,00,RH_percent_mean,9,86.28384617396763
gec00,00,2026-01-28,2026-02-06,gcrew,noaa_gefs,00,Rain_mm_sum,9,0.9999999925494194
gec00,00,2026-01-28,2026-02-06,gcrew,noaa_gefs,00,ShortwaveRadiation_Wm2,9,160
gec00,00,2026-01-28,2026-02-06,gcrew,noaa_gefs,00,WindSpeed_ms_mean,9,7.2776915238674205
gec00,00,2026-01-28,2026-02-07,gcrew,noaa_gefs,00,AirTemp_C_mean,10,-5.779425048828102
gec00,00,2026-01-28,2026-02-07,gcrew,noaa_gefs,00,Pressure_Pa,10,101461.65625
gec00,00,2026-01-28,2026-02-07,gcrew,noaa_gefs,00,RH_percent_mean,10,72.17018508911133
gec00,00,2026-01-28,2026-02-07,gcrew,noaa_gefs,00,Rain_mm_sum,10,0
gec00,00,2026-01-28,2026-02-07,gcrew,noaa_gefs,00,ShortwaveRadiation_Wm2,10,149.5
gec00,00,2026-01-28,2026-02-07,gcrew,noaa_gefs,00,WindSpeed_ms_mean,10,4.217680666860886
gec00,00,2026-01-28,2026-02-08,gcrew,noaa_gefs,00,AirTemp_C_mean,11,-7.681547546386696
gec00,00,2026-01-28,2026-02-08,gcrew,noaa_gefs,00,Pressure_Pa,11,102029.173828125
gec00,00,2026-01-28,2026-02-08,gcrew,noaa_gefs,00,RH_percent_mean,11,68.76657009124756
gec00,00,2026-01-28,2026-02-08,gcrew,noaa_gefs,00,Rain_mm_sum,11,0
gec00,00,2026-01-28,2026-02-08,gcrew,noaa_gefs,00,ShortwaveRadiation_Wm2,11,174.25
gec00,00,2026-01-28,2026-02-08,gcrew,noaa_gefs,00,WindSpeed_ms_mean,11,7.886064993607651
gec00,00,2026-01-28,2026-02-09,gcrew,noaa_gefs,00,AirTemp_C_mean,12,-4.058538818359352
gec00,00,2026-01-28,2026-02-09,gcrew,noaa_gefs,00,Pressure_Pa,12,101952.376953125
gec00,00,2026-01-28,2026-02-09,gcrew,noaa_gefs,00,RH_percent_mean,12,68.18047332763672
gec00,00,2026-01-28,2026-02-09,gcrew,noaa_gefs,00,Rain_mm_sum,12,0
gec00,00,2026-01-28,2026-02-09,gcrew,noaa_gefs,00,ShortwaveRadiation_Wm2,12,164.25
gec00,00,2026-01-28,2026-02-09,gcrew,noaa_gefs,00,WindSpeed_ms_mean,12,7.975086568269404
gec00,00,2026-01-28,2026-02-10,gcrew,noaa_gefs,00,AirTemp_C_mean,13,-3.093626403808571
gec00,00,2026-01-28,2026-02-10,gcrew,noaa_gefs,00,Pressure_Pa,13,101960.732421875
gec00,00,2026-01-28,2026-02-10,gcrew,noaa_gefs,00,RH_percent_mean,13,68.68310356140137
gec00,00,2026-01-28,2026-02-10,gcrew,noaa_gefs,00,Rain_mm_sum,13,0
gec00,00,2026-01-28,2026-02-10,gcrew,noaa_gefs,00,ShortwaveRadiation_Wm2,13,134.75
gec00,00,2026-01-28,2026-02-10,gcrew,noaa_gefs,00,WindSpeed_ms_mean,13,5.259966799674645
gec00,00,2026-01-28,2026-02-11,gcrew,noaa_gefs,00,AirTemp_C_mean,14,-4.653044128417946
gec00,00,2026-01-28,2026-02-11,gcrew,noaa_gefs,00,Pressure_Pa,14,101637.04296875
gec00,00,2026-01-28,2026-02-11,gcrew,noaa_gefs,00,RH_percent_mean,14,69.65564918518066
gec00,00,2026-01-28,2026-02-11,gcrew,noaa_gefs,00,Rain_mm_sum,14,0
gec00,00,2026-01-28,2026-02-11,gcrew,noaa_gefs,00,ShortwaveRadiation_Wm2,14,179.5
gec00,00,2026-01-28,2026-02-11,gcrew,noaa_gefs,00,WindSpeed_ms_mean,14,8.026119124547929
gec00,00,2026-01-28,2026-02-12,gcrew,noaa_gefs,00,AirTemp_C_mean,15,-3.519529724121071
gec00,00,2026-01-28,2026-02-12,gcrew,noaa_gefs,00,Pressure_Pa,15,101760.71875
gec00,00,2026-01-28,2026-02-12,gcrew,noaa_gefs,00,RH_percent_mean,15,71.13922119140625
gec00,00,2026-01-28,2026-02-12,gcrew,noaa_gefs,00,Rain_mm_sum,15,0
gec00,00,2026-01-28,2026-02-12,gcrew,noaa_gefs,00,ShortwaveRadiation_Wm2,15,178.25
gec00,00,2026-01-28,2026-02-12,gcrew,noaa_gefs,00,WindSpeed_ms_mean,15,7.753901032955588
gec00,00,2026-01-28,2026-02-13,gcrew,noaa_gefs,00,AirTemp_C_mean,16,-2.7990249633788835
gec00,00,2026-01-28,2026-02-13,gcrew,noaa_gefs,00,Pressure_Pa,16,101736.001953125
gec00,00,2026-01-28,2026-02-13,gcrew,noaa_gefs,00,RH_percent_mean,16,63.89894676208496
gec00,00,2026-01-28,2026-02-13,gcrew,noaa_gefs,00,Rain_mm_sum,16,0
gec00,00,2026-01-28,2026-02-13,gcrew,noaa_gefs,00,ShortwaveRadiation_Wm2,16,143.25
gec00,00,2026-01-28,2026-02-13,gcrew,noaa_gefs,00,WindSpeed_ms_mean,16,6.434746689935362
gec00,00,2026-01-28,2026-02-14,gcrew,noaa_gefs,00,AirTemp_C_mean,17,-2.5064834594726335
gec00,00,2026-01-28,2026-02-14,gcrew,noaa_gefs,00,Pressure_Pa,17,101387.0625
gec00,00,2026-01-28,2026-02-14,gcrew,noaa_gefs,00,RH_percent_mean,17,63.91810321807861
gec00,00,2026-01-28,2026-02-14,gcrew,noaa_gefs,00,Rain_mm_sum,17,0
gec00,00,2026-01-28,2026-02-14,gcrew,noaa_gefs,00,ShortwaveRadiation_Wm2,17,174
gec00,00,2026-01-28,2026-02-14,gcrew,noaa_gefs,00,WindSpeed_ms_mean,17,4.505267943240719
gec00,00,2026-01-28,2026-02-15,gcrew,noaa_gefs,00,AirTemp_C_mean,18,-1.092008972167946
gec00,00,2026-01-28,2026-02-15,gcrew,noaa_gefs,00,Pressure_Pa,18,101645.232421875
gec00,00,2026-01-28,2026-02-15,gcrew,noaa_gefs,00,RH_percent_mean,18,69.99055099487305
gec00,00,2026-01-28,2026-02-15,gcrew,noaa_gefs,00,Rain_mm_sum,18,0
gec00,00,2026-01-28,2026-02-15,gcrew,noaa_gefs,00,ShortwaveRadiation_Wm2,18,159.5
gec00,00,2026-01-28,2026-02-15,gcrew,noaa_gefs,00,WindSpeed_ms_mean,18,3.138143268840961
gec00,00,2026-01-28,2026-02-16,gcrew,noaa_gefs,00,AirTemp_C_mean,19,1.369630432128929
gec00,00,2026-01-28,2026-02-16,gcrew,noaa_gefs,00,Pressure_Pa,19,101803.056640625
gec00,00,2026-01-28,2026-02-16,gcrew,noaa_gefs,00,RH_percent_mean,19,79.61123466491699
gec00,00,2026-01-28,2026-02-16,gcrew,noaa_gefs,00,Rain_mm_sum,19,0.20000000298023224
gec00,00,2026-01-28,2026-02-16,gcrew,noaa_gefs,00,ShortwaveRadiation_Wm2,19,87.75
gec00,00,2026-01-28,2026-02-16,gcrew,noaa_gefs,00,WindSpeed_ms_mean,19,3.3481034252777753
gec00,00,2026-01-28,2026-02-17,gcrew,noaa_gefs,00,AirTemp_C_mean,20,0.7386337280273665
gec00,00,2026-01-28,2026-02-17,gcrew,noaa_gefs,00,Pressure_Pa,20,101786.171875
gec00,00,2026-01-28,2026-02-17,gcrew,noaa_gefs,00,RH_percent_mean,20,84.81830406188965
gec00,00,2026-01-28,2026-02-17,gcrew,noaa_gefs,00,Rain_mm_sum,20,7.099999904632568
gec00,00,2026-01-28,2026-02-17,gcrew,noaa_gefs,00,ShortwaveRadiation_Wm2,20,22.25
gec00,00,2026-01-28,2026-02-17,gcrew,noaa_gefs,00,WindSpeed_ms_mean,20,4.584310341175985
gec00,00,2026-01-28,2026-02-18,gcrew,noaa_gefs,00,AirTemp_C_mean,21,4.854364013671898
gec00,00,2026-01-28,2026-02-18,gcrew,noaa_gefs,00,Pressure_Pa,21,100528.912109375
gec00,00,2026-01-28,2026-02-18,gcrew,noaa_gefs,00,RH_percent_mean,21,98.09432792663574
gec00,00,2026-01-28,2026-02-18,gcrew,noaa_gefs,00,Rain_mm_sum,21,9.100000143051147
gec00,00,2026-01-28,2026-02-18,gcrew,noaa_gefs,00,ShortwaveRadiation_Wm2,21,34
gec00,00,2026-01-28,2026-02-18,gcrew,noaa_gefs,00,WindSpeed_ms_mean,21,2.3743466397881434
gec00,00,2026-01-28,2026-02-19,gcrew,noaa_gefs,00,AirTemp_C_mean,22,2.8552337646484602
gec00,00,2026-01-28,2026-02-19,gcrew,noaa_gefs,00,Pressure_Pa,22,100285.193359375
gec00,00,2026-01-28,2026-02-19,gcrew,noaa_gefs,00,RH_percent_mean,22,85.17862129211426
gec00,00,2026-01-28,2026-02-19,gcrew,noaa_gefs,00,Rain_mm_sum,22,0.30000001192092896
gec00,00,2026-01-28,2026-02-19,gcrew,noaa_gefs,00,ShortwaveRadiation_Wm2,22,69.75
gec00,00,2026-01-28,2026-02-19,gcrew,noaa_gefs,00,WindSpeed_ms_mean,22,4.774511407394309
gec00,00,2026-01-28,2026-02-20,gcrew,noaa_gefs,00,AirTemp_C_mean,23,-9.267301940917946
gec00,00,2026-01-28,2026-02-20,gcrew,noaa_gefs,00,Pressure_Pa,23,101475.0859375
gec00,00,2026-01-28,2026-02-20,gcrew,noaa_gefs,00,RH_percent_mean,23,50.81293869018555
gec00,00,2026-01-28,2026-02-20,gcrew,noaa_gefs,00,Rain_mm_sum,23,0
gec00,00,2026-01-28,2026-02-20,gcrew,noaa_gefs,00,ShortwaveRadiation_Wm2,23,183
gec00,00,2026-01-28,2026-02-20,gcrew,noaa_gefs,00,WindSpeed_ms_mean,23,10.622410091968261
gec00,00,2026-01-28,2026-02-21,gcrew,noaa_gefs,00,AirTemp_C_mean,24,-10.929685974121071
gec00,00,2026-01-28,2026-02-21,gcrew,noaa_gefs,00,Pressure_Pa,24,102074.087890625
gec00,00,2026-01-28,2026-02-21,gcrew,noaa_gefs,00,RH_percent_mean,24,47.823272705078125
gec00,00,2026-01-28,2026-02-21,gcrew,noaa_gefs,00,Rain_mm_sum,24,0
gec00,00,2026-01-28,2026-02-21,gcrew,noaa_gefs,00,ShortwaveRadiation_Wm2,24,187
gec00,00,2026-01-28,2026-02-21,gcrew,noaa_gefs,00,WindSpeed_ms_mean,24,6.5561279655405835
gec00,00,2026-01-28,2026-02-22,gcrew,noaa_gefs,00,AirTemp_C_mean,25,-7.766607666015602
gec00,00,2026-01-28,2026-02-22,gcrew,noaa_gefs,00,Pressure_Pa,25,102546.142578125
gec00,00,2026-01-28,2026-02-22,gcrew,noaa_gefs,00,RH_percent_mean,25,56.11021900177002
gec00,00,2026-01-28,2026-02-22,gcrew,noaa_gefs,00,Rain_mm_sum,25,0
gec00,00,2026-01-28,2026-02-22,gcrew,noaa_gefs,00,ShortwaveRadiation_Wm2,25,200.25
gec00,00,2026-01-28,2026-02-22,gcrew,noaa_gefs,00,WindSpeed_ms_mean,25,7.731225422210707
gec00,00,2026-01-28,2026-02-23,gcrew,noaa_gefs,00,AirTemp_C_mean,26,-2.8251098632812273
gec00,00,2026-01-28,2026-02-23,gcrew,noaa_gefs,00,Pressure_Pa,26,102910.716796875
gec00,00,2026-01-28,2026-02-23,gcrew,noaa_gefs,00,RH_percent_mean,26,53.88744640350342
gec00,00,2026-01-28,2026-02-23,gcrew,noaa_gefs,00,Rain_mm_sum,26,0
gec00,00,2026-01-28,2026-02-23,gcrew,noaa_gefs,00,ShortwaveRadiation_Wm2,26,202.5
gec00,00,2026-01-28,2026-02-23,gcrew,noaa_gefs,00,WindSpeed_ms_mean,26,4.84067752247645
gec00,00,2026-01-28,2026-02-24,gcrew,noaa_gefs,00,AirTemp_C_mean,27,1.597322082519554
gec00,00,2026-01-28,2026-02-24,gcrew,noaa_gefs,00,Pressure_Pa,27,102109.3046875
gec00,00,2026-01-28,2026-02-24,gcrew,noaa_gefs,00,RH_percent_mean,27,62.64256954193115
gec00,00,2026-01-28,2026-02-24,gcrew,noaa_gefs,00,Rain_mm_sum,27,0
gec00,00,2026-01-28,2026-02-24,gcrew,noaa_gefs,00,ShortwaveRadiation_Wm2,27,116.5
gec00,00,2026-01-28,2026-02-24,gcrew,noaa_gefs,00,WindSpeed_ms_mean,27,5.3985288138153145
gec00,00,2026-01-28,2026-02-25,gcrew,noaa_gefs,00,AirTemp_C_mean,28,3.3727813720703352
gec00,00,2026-01-28,2026-02-25,gcrew,noaa_gefs,00,Pressure_Pa,28,101713.029296875
gec00,00,2026-01-28,2026-02-25,gcrew,noaa_gefs,00,RH_percent_mean,28,82.43609428405762
gec00,00,2026-01-28,2026-02-25,gcrew,noaa_gefs,00,Rain_mm_sum,28,0
gec00,00,2026-01-28,2026-02-25,gcrew,noaa_gefs,00,ShortwaveRadiation_Wm2,28,183.25
gec00,00,2026-01-28,2026-02-25,gcrew,noaa_gefs,00,WindSpeed_ms_mean,28,2.7927366152488466
gec00,00,2026-01-28,2026-02-26,gcrew,noaa_gefs,00,AirTemp_C_mean,29,4.269799804687523
gec00,00,2026-01-28,2026-02-26,gcrew,noaa_gefs,00,Pressure_Pa,29,101386.140625
gec00,00,2026-01-28,2026-02-26,gcrew,noaa_gefs,00,RH_percent_mean,29,76.72475337982178
gec00,00,2026-01-28,2026-02-26,gcrew,noaa_gefs,00,Rain_mm_sum,29,0.6100000143051147
gec00,00,2026-01-28,2026-02-26,gcrew,noaa_gefs,00,ShortwaveRadiation_Wm2,29,157.75
gec00,00,2026-01-28,2026-02-26,gcrew,noaa_gefs,00,WindSpeed_ms_mean,29,5.374720606390739
gec00,00,2026-01-28,2026-02-27,gcrew,noaa_gefs,00,AirTemp_C_mean,30,-2.2006057739257585
gec00,00,2026-01-28,2026-02-27,gcrew,noaa_gefs,00,Pressure_Pa,30,102063.791015625
gec00,00,2026-01-28,2026-02-27,gcrew,noaa_gefs,00,RH_percent_mean,30,60.6358585357666
gec00,00,2026-01-28,2026-02-27,gcrew,noaa_gefs,00,Rain_mm_sum,30,0
gec00,00,2026-01-28,2026-02-27,gcrew,noaa_gefs,00,ShortwaveRadiation_Wm2,30,208.75
gec00,00,2026-01-28,2026-02-27,gcrew,noaa_gefs,00,WindSpeed_ms_mean,30,4.223661637522698
gec00,00,2026-01-28,2026-02-28,gcrew,noaa_gefs,00,AirTemp_C_mean,31,2.8180099487304915
gec00,00,2026-01-28,2026-02-28,gcrew,noaa_gefs,00,Pressure_Pa,31,102096.6484375
gec00,00,2026-01-28,2026-02-28,gcrew,noaa_gefs,00,RH_percent_mean,31,73.37237644195557
gec00,00,2026-01-28,2026-02-28,gcrew,noaa_gefs,00,Rain_mm_sum,31,0
gec00,00,2026-01-28,2026-02-28,gcrew,noaa_gefs,00,ShortwaveRadiation_Wm2,31,182.75
gec00,00,2026-01-28,2026-02-28,gcrew,noaa_gefs,00,WindSpeed_ms_mean,31,2.7731910157020536
gec00,00,2026-01-28,2026-03-01,gcrew,noaa_gefs,00,AirTemp_C_mean,32,10.715417480468773
gec00,00,2026-01-28,2026-03-01,gcrew,noaa_gefs,00,Pressure_Pa,32,101821.703125
gec00,00,2026-01-28,2026-03-01,gcrew,noaa_gefs,00,RH_percent_mean,32,78.44407558441162
gec00,00,2026-01-28,2026-03-01,gcrew,noaa_gefs,00,Rain_mm_sum,32,0.10000000149011612
gec00,00,2026-01-28,2026-03-01,gcrew,noaa_gefs,00,ShortwaveRadiation_Wm2,32,188
gec00,00,2026-01-28,2026-03-01,gcrew,noaa_gefs,00,WindSpeed_ms_mean,32,4.440940868795268
gec00,00,2026-01-28,2026-03-02,gcrew,noaa_gefs,00,AirTemp_C_mean,33,8.776765441894554
gec00,00,2026-01-28,2026-03-02,gcrew,noaa_gefs,00,Pressure_Pa,33,102014.58203125
gec00,00,2026-01-28,2026-03-02,gcrew,noaa_gefs,00,RH_percent_mean,33,87.70235443115234
gec00,00,2026-01-28,2026-03-02,gcrew,noaa_gefs,00,Rain_mm_sum,33,1.2000000476837158
gec00,00,2026-01-28,2026-03-02,gcrew,noaa_gefs,00,ShortwaveRadiation_Wm2,33,148.25
gec00,00,2026-01-28,2026-03-02,gcrew,noaa_gefs,00,WindSpeed_ms_mean,33,4.63763027527913
gec00,00,2026-01-28,2026-03-03,gcrew,noaa_gefs,00,AirTemp_C_mean,34,11.128327941894554
gec00,00,2026-01-28,2026-03-03,gcrew,noaa_gefs,00,Pressure_Pa,34,100700.955078125
gec00,00,2026-01-28,2026-03-03,gcrew,noaa_gefs,00,RH_percent_mean,34,81.373138427734375
gec00,00,2026-01-28,2026-03-03,gcrew,noaa_gefs,00,Rain_mm_sum,34,39.5
gec00,00,2026-01-28,2026-03-03,gcrew,noaa_gefs,00,ShortwaveRadiation_Wm2,34,137
gec00,00,2026-01-28,2026-03-03,gcrew,noaa_gefs,00,WindSpeed_ms_mean,34,6.95522383090104
gep01,00,2026-01-28,2026-01-29,gcrew,noaa_gefs,01,AirTemp_C_mean,1,-7.280580902099587
gep01,00,2026-01-28,2026-01-29,gcrew,noaa_gefs,01,Pressure_Pa,1,102287.724609375
gep01,00,2026-01-28,2026-01-29,gcrew,noaa_gefs,01,RH_percent_mean,1,76.07372665405273
gep01,00,2026-01-28,2026-01-29,gcrew,noaa_gefs,01,Rain_mm_sum,1,0.10000000149011612
gep01,00,2026-01-28,2026-01-29,gcrew,noaa_gefs,01,ShortwaveRadiation_Wm2,1,150.125
gep01,00,2026-01-28,2026-01-29,gcrew,noaa_gefs,01,WindSpeed_ms_mean,1,5.488174929013097
gep01,00,2026-01-28,2026-01-30,gcrew,noaa_gefs,01,AirTemp_C_mean,2,-7.0662673950195085
gep01,00,2026-01-28,2026-01-30,gcrew,noaa_gefs,01,Pressure_Pa,2,102186.884765625
gep01,00,2026-01-28,2026-01-30,gcrew,noaa_gefs,01,RH_percent_mean,2,85.883331298828125
gep01,00,2026-01-28,2026-01-30,gcrew,noaa_gefs,01,Rain_mm_sum,2,3.400000035762787
gep01,00,2026-01-28,2026-01-30,gcrew,noaa_gefs,01,ShortwaveRadiation_Wm2,2,91
gep01,00,2026-01-28,2026-01-30,gcrew,noaa_gefs,01,WindSpeed_ms_mean,2,4.310190691157695
gep01,00,2026-01-28,2026-01-31,gcrew,noaa_gefs,01,AirTemp_C_mean,3,-8.19930496215818
gep01,00,2026-01-28,2026-01-31,gcrew,noaa_gefs,01,Pressure_Pa,3,101301.654296875
gep01,00,2026-01-28,2026-01-31,gcrew,noaa_gefs,01,RH_percent_mean,3,95.59107112884521
gep01,00,2026-01-28,2026-01-31,gcrew,noaa_gefs,01,Rain_mm_sum,3,24.890000462532043
gep01,00,2026-01-28,2026-01-31,gcrew,noaa_gefs,01,ShortwaveRadiation_Wm2,3,47
gep01,00,2026-01-28,2026-01-31,gcrew,noaa_gefs,01,WindSpeed_ms_mean,3,10.447140277612919
gep01,00,2026-01-28,2026-02-01,gcrew,noaa_gefs,01,AirTemp_C_mean,4,-5.557821655273415
gep01,00,2026-01-28,2026-02-01,gcrew,noaa_gefs,01,Pressure_Pa,4,99940.41015625
gep01,00,2026-01-28,2026-02-01,gcrew,noaa_gefs,01,RH_percent_mean,4,94.5508918762207
gep01,00,2026-01-28,2026-02-01,gcrew,noaa_gefs,01,Rain_mm_sum,4,22.200000166893005
gep01,00,2026-01-28,2026-02-01,gcrew,noaa_gefs,01,ShortwaveRadiation_Wm2,4,59.5
gep01,00,2026-01-28,2026-02-01,gcrew,noaa_gefs,01,WindSpeed_ms_mean,4,13.510369912418103
gep01,00,2026-01-28,2026-02-02,gcrew,noaa_gefs,01,AirTemp_C_mean,5,-5.524973297119118
gep01,00,2026-01-28,2026-02-02,gcrew,noaa_gefs,01,Pressure_Pa,5,101653.6318359375
gep01,00,2026-01-28,2026-02-02,gcrew,noaa_gefs,01,RH_percent_mean,5,80.55075645446777
gep01,00,2026-01-28,2026-02-02,gcrew,noaa_gefs,01,Rain_mm_sum,5,1.399999976158142
gep01,00,2026-01-28,2026-02-02,gcrew,noaa_gefs,01,ShortwaveRadiation_Wm2,5,151.5
gep01,00,2026-01-28,2026-02-02,gcrew,noaa_gefs,01,WindSpeed_ms_mean,5,8.067561597422333
gep01,00,2026-01-28,2026-02-03,gcrew,noaa_gefs,01,AirTemp_C_mean,6,-5.25441970825193
gep01,00,2026-01-28,2026-02-03,gcrew,noaa_gefs,01,Pressure_Pa,6,102473.724609375
gep01,00,2026-01-28,2026-02-03,gcrew,noaa_gefs,01,RH_percent_mean,6,78.25176620483398
gep01,00,2026-01-28,2026-02-03,gcrew,noaa_gefs,01,Rain_mm_sum,6,0
gep01,00,2026-01-28,2026-02-03,gcrew,noaa_gefs,01,ShortwaveRadiation_Wm2,6,163.375
gep01,00,2026-01-28,2026-02-03,gcrew,noaa_gefs,01,WindSpeed_ms_mean,6,3.967009672131133
gep01,00,2026-01-28,2026-02-04,gcrew,noaa_gefs,01,AirTemp_C_mean,7,-1.8118385314941179
gep01,00,2026-01-28,2026-02-04,gcrew,noaa_gefs,01,Pressure_Pa,7,102940.9130859375
gep01,00,2026-01-28,2026-02-04,gcrew,noaa_gefs,01,RH_percent_mean,7,83.65248394012451
gep01,00,2026-01-28,2026-02-04,gcrew,noaa_gefs,01,Rain_mm_sum,7,0.009999999776482582
gep01,00,2026-01-28,2026-02-04,gcrew,noaa_gefs,01,ShortwaveRadiation_Wm2,7,109.5
gep01,00,2026-01-28,2026-02-04,gcrew,noaa_gefs,01,WindSpeed_ms_mean,7,2.1674175981691817
gep01,00,2026-01-28,2026-02-05,gcrew,noaa_gefs,01,AirTemp_C_mean,8,1.069429016113304
gep01,00,2026-01-28,2026-02-05,gcrew,noaa_gefs,01,Pressure_Pa,8,101906.8251953125
gep01,00,2026-01-28,2026-02-05,gcrew,noaa_gefs,01,RH_percent_mean,8,94.48931217193604
gep01,00,2026-01-28,2026-02-05,gcrew,noaa_gefs,01,Rain_mm_sum,8,0.20000000298023224
gep01,00,2026-01-28,2026-02-05,gcrew,noaa_gefs,01,ShortwaveRadiation_Wm2,8,76.875
gep01,00,2026-01-28,2026-02-05,gcrew,noaa_gefs,01,WindSpeed_ms_mean,8,3.684263806468948
gep01,00,2026-01-28,2026-02-06,gcrew,noaa_gefs,01,AirTemp_C_mean,9,2.753424944196451
gep01,00,2026-01-28,2026-02-06,gcrew,noaa_gefs,01,Pressure_Pa,9,100416.97879464286
gep01,00,2026-01-28,2026-02-06,gcrew,noaa_gefs,01,RH_percent_mean,9,86.28384617396763
gep01,00,2026-01-28,2026-02-06,gcrew,noaa_gefs,01,Rain_mm_sum,9,0.9999999925494194
gep01,00,2026-01-28,2026-02-06,gcrew,noaa_gefs,01,ShortwaveRadiation_Wm2,9,160
gep01,00,2026-01-28,2026-02-06,gcrew,noaa_gefs,01,WindSpeed_ms_mean,9,7.2776915238674205
gep01,00,2026-01-28,2026-02-07,gcrew,noaa_gefs,01,AirTemp_C_mean,10,-5.779425048828102
gep01,00,2026-01-28,2026-02-07,gcrew,noaa_gefs,01,Pressure_Pa,10,101461.65625
gep01,00,2026-01-28,2026-02-07,gcrew,noaa_gefs,01,RH_percent_mean,10,72.17018508911133
gep01,00,2026-01-28,2026-02-07,gcrew,noaa_gefs,01,Rain_mm_sum,10,0
gep01,00,2026-01-28,2026-02-07,gcrew,noaa_gefs,01,ShortwaveRadiation_Wm2,10,149.5
gep01,00,2026-01-28,2026-02-07,gcrew,noaa_gefs,01,WindSpeed_ms_mean,10,4.217680666860886
gep01,00,2026-01-28,2026-02-08,gcrew,noaa_gefs,01,AirTemp_C_mean,11,-7.681547546386696
gep01,00,2026-01-28,2026-02-08,gcrew,noaa_gefs,01,Pressure_Pa,11,102029.173828125
gep01,00,2026-01-28,2026-02-08,gcrew,noaa_gefs,01,RH_percent_mean,11,68.76657009124756
gep01,00,2026-01-28,2026-02-08,gcrew,noaa_gefs,01,Rain_mm_sum,11,0
gep01,00,2026-01-28,2026-02-08,gcrew,noaa_gefs,01,ShortwaveRadiation_Wm2,11,174.25
gep01,00,2026-01-28,2026-02-08,gcrew,noaa_gefs,01,WindSpeed_ms_mean,11,7.886064993607651
gep01,00,2026-01-28,2026-02-09,gcrew,noaa_gefs,01,AirTemp_C_mean,12,-4.058538818359352
gep01,00,2026-01-28,2026-02-09,gcrew,noaa_gefs,01,Pressure_Pa,12,101952.376953125
gep01,00,2026-01-28,2026-02-09,gcrew,noaa_gefs,01,RH_percent_mean,12,68.18047332763672
gep01,00,2026-01-28,2026-02-09,gcrew,noaa_gefs,01,Rain_mm_sum,12,0
gep01,00,2026-01-28,2026-02-09,gcrew,noaa_gefs,01,ShortwaveRadiation_Wm2,12,164.25
gep01,00,2026-01-28,2026-02-09,gcrew,noaa_gefs,01,WindSpeed_ms_mean,12,7.975086568269404
gep01,00,2026-01-28,2026-02-10,gcrew,noaa_gefs,01,AirTemp_C_mean,13,-3.093626403808571
gep01,00,2026-01-28,2026-02-10,gcrew,noaa_gefs,01,Pressure_Pa,13,101960.732421875
gep01,00,2026-01-28,2026-02-10,gcrew,noaa_gefs,01,RH_percent_mean,13,68.68310356140137
gep01,00,2026-01-28,2026-02-10,gcrew,noaa_gefs,01,Rain_mm_sum,13,0
gep01,00,2026-01-28,2026-02-10,gcrew,noaa_gefs,01,ShortwaveRadiation_Wm2,13,134.75
gep01,00,2026-01-28,2026-02-10,gcrew,noaa_gefs,01,WindSpeed_ms_mean,13,5.259966799674645
gep01,00,2026-01-28,2026-02-11,gcrew,noaa_gefs,01,AirTemp_C_mean,14,-4.653044128417946
gep01,00,2026-01-28,2026-02-11,gcrew,noaa_gefs,01,Pressure_Pa,14,101637.04296875
gep01,00,2026-01-28,2026-02-11,gcrew,noaa_gefs,01,RH_percent_mean,14,69.65564918518066
gep01,00,2026-01-28,2026-02-11,gcrew,noaa_gefs,01,Rain_mm_sum,14,0
gep01,00,2026-01-28,2026-02-11,gcrew,noaa_gefs,01,ShortwaveRadiation_Wm2,14,179.5
gep01,00,2026-01-28,2026-02-11,gcrew,noaa_gefs,01,WindSpeed_ms_mean,14,8.026119124547929
gep01,00,2026-01-28,2026-02-12,gcrew,noaa_gefs,01,AirTemp_C_mean,15,-3.519529724121071
gep01,00,2026-01-28,2026-02-12,gcrew,noaa_gefs,01,Pressure_Pa,15,101760.71875
gep01,00,2026-01-28,2026-02-12,gcrew,noaa_gefs,01,RH_percent_mean,15,71.13922119140625
gep01,00,2026-01-28,2026-02-12,gcrew,noaa_gefs,01,Rain_mm_sum,15,0
gep01,00,2026-01-28,2026-02-12,gcrew,noaa_gefs,01,ShortwaveRadiation_Wm2,15,178.25
gep01,00,2026-01-28,2026-02-12,gcrew,noaa_gefs,01,WindSpeed_ms_mean,15,7.753901032955588
gep01,00,2026-01-28,2026-02-13,gcrew,noaa_gefs,01,AirTemp_C_mean,16,-2.7990249633788835
gep01,00,2026-01-28,2026-02-13,gcrew,noaa_gefs,01,Pressure_Pa,16,101736.001953125
gep01,00,2026-01-28,2026-02-13,gcrew,noaa_gefs,01,RH_percent_mean,16,63.89894676208496
gep01,00,2026-01-28,2026-02-13,gcrew,noaa_gefs,01,Rain_mm_sum,16,0
gep01,00,2026-01-28,2026-02-13,gcrew,noaa_gefs,01,ShortwaveRadiation_Wm2,16,143.25
gep01,00,2026-01-28,2026-02-13,gcrew,noaa_gefs,01,WindSpeed_ms_mean,16,6.434746689935362
gep01,00,2026-01-28,2026-02-14,gcrew,noaa_gefs,01,AirTemp_C_mean,17,-2.5064834594726335
gep01,00,2026-01-28,2026-02-14,gcrew,noaa_gefs,01,Pressure_Pa,17,101387.0625
gep01,00,2026-01-28,2026-02-14,gcrew,noaa_gefs,01,RH_percent_mean,17,63.91810321807861
gep01,00,2026-01-28,2026-02-14,gcrew,noaa_gefs,01,Rain_mm_sum,17,0
gep01,00,2026-01-28,2026-02-14,gcrew,noaa_gefs,01,ShortwaveRadiation_Wm2,17,174
gep01,00,2026-01-28,2026-02-14,gcrew,noaa_gefs,01,WindSpeed_ms_mean,17,4.505267943240719
gep01,00,2026-01-28,2026-02-15,gcrew,noaa_gefs,01,AirTemp_C_mean,18,-1.092008972167946
gep01,00,2026-01-28,2026-02-15,gcrew,noaa_gefs,01,Pressure_Pa,18,101645.232421875
gep01,00,2026-01-28,2026-02-15,gcrew,noaa_gefs,01,RH_percent_mean,18,69.99055099487305
gep01,00,2026-01-28,2026-02-15,gcrew,noaa_gefs,01,Rain_mm_sum,18,0
gep01,00,2026-01-28,2026-02-15,gcrew,noaa_gefs,01,ShortwaveRadiation_Wm2,18,159.5
gep01,00,2026-01-28,2026-02-15,gcrew,noaa_gefs,01,WindSpeed_ms_mean,18,3.138143268840961
gep01,00,2026-01-28,2026-02-16,gcrew,noaa_gefs,01,AirTemp_C_mean,19,1.369630432128929
gep01,00,2026-01-28,2026-02-16,gcrew,noaa_gefs,01,Pressure_Pa,19,101803.056640625
gep01,00,2026-01-28,2026-02-16,gcrew,noaa_gefs,01,RH_percent_mean,19,79.61123466491699
gep01,00,2026-01-28,2026-02-16,gcrew,noaa_gefs,01,Rain_mm_sum,19,0.20000000298023224
gep01,00,2026-01-28,2026-02-16,gcrew,noaa_gefs,01,ShortwaveRadiation_Wm2,19,87.75
gep01,00,2026-01-28,2026-02-16,gcrew,noaa_gefs,01,WindSpeed_ms_mean,19,3.3481034252777753
gep01,00,2026-01-28,2026-02-17,gcrew,noaa_gefs,01,AirTemp_C_mean,20,0.7386337280273665
gep01,00,2026-01-28,2026-02-17,gcrew,noaa_gefs,01,Pressure_Pa,20,101786.171875
gep01,00,2026-01-28,2026-02-17,gcrew,noaa_gefs,01,RH_percent_mean,20,84.81830406188965
gep01,00,2026-01-28,2026-02-17,gcrew,noaa_gefs,01,Rain_mm_sum,20,7.099999904632568
gep01,00,2026-01-28,2026-02-17,gcrew,noaa_gefs,01,ShortwaveRadiation_Wm2,20,22.25
gep01,00,2026-01-28,2026-02-17,gcrew,noaa_gefs,01,WindSpeed_ms_mean,20,4.584310341175985
gep01,00,2026-01-28,2026-02-18,gcrew,noaa_gefs,01,AirTemp_C_mean,21,4.854364013671898
gep01,00,2026-01-28,2026-02-18,gcrew,noaa_gefs,01,Pressure_Pa,21,100528.912109375
gep01,00,2026-01-28,2026-02-18,gcrew,noaa_gefs,01,RH_percent_mean,21,98.09432792663574
gep01,00,2026-01-28,2026-02-18,gcrew,noaa_gefs,01,Rain_mm_sum,21,9.100000143051147
gep01,00,2026-01-28,2026-02-18,gcrew,noaa_gefs,01,ShortwaveRadiation_Wm2,21,34
gep01,00,2026-01-28,2026-02-18,gcrew,noaa_gefs,01,WindSpeed_ms_mean,21,2.3743466397881434
gep01,00,2026-01-28,2026-02-19,gcrew,noaa_gefs,01,AirTemp_C_mean,22,2.8552337646484602
gep01,00,2026-01-28,2026-02-19,gcrew,noaa_gefs,01,Pressure_Pa,22,100285.193359375
gep01,00,2026-01-28,2026-02-19,gcrew,noaa_gefs,01,RH_percent_mean,22,85.17862129211426
gep01,00,2026-01-28,2026-02-19,gcrew,noaa_gefs,01,Rain_mm_sum,22,0.30000001192092896
gep01,00,2026-01-28,2026-02-19,gcrew,noaa_gefs,01,ShortwaveRadiation_Wm2,22,69.75
gep01,00,2026-01-28,2026-02-19,gcrew,noaa_gefs,01,WindSpeed_ms_mean,22,4.774511407394309
gep01,00,2026-01-28,2026-02-20,gcrew,noaa_gefs,01,AirTemp_C_mean,23,-9.267301940917946
gep01,00,2026-01-28,2026-02-20,gcrew,noaa_gefs,01,Pressure_Pa,23,101475.0859375
gep01,00,2026-01-28,2026-02-20,gcrew,noaa_gefs,01,RH_percent_mean,23,50.81293869018555
gep01,00,2026-01-28,2026-02-20,gcrew,noaa_gefs,01,Rain_mm_sum,23,0
gep01,00,2026-01-28,2026-02-20,gcrew,noaa_gefs,01,ShortwaveRadiation_Wm2,23,183
gep01,00,2026-01-28,2026-02-20,gcrew,noaa_gefs,01,WindSpeed_ms_mean,23,10.622410091968261
gep01,00,2026-01-28,2026-02-21,gcrew,noaa_gefs,01,AirTemp_C_mean,24,-10.929685974121071
gep01,00,2026-01-28,2026-02-21,gcrew,noaa_gefs,01,Pressure_Pa,24,102074.087890625
gep01,00,2026-01-28,2026-02-21,gcrew,noaa_gefs,01,RH_percent_mean,24,47.823272705078125
gep01,00,2026-01-28,2026-02-21,gcrew,noaa_gefs,01,Rain_mm_sum,24,0
gep01,00,2026-01-28,2026-02-21,gcrew,noaa_gefs,01,ShortwaveRadiation_Wm2,24,187
gep01,00,2026-01-28,2026-02-21,gcrew,noaa_gefs,01,WindSpeed_ms_mean,24,6.5561279655405835
gep01,00,2026-01-28,2026-02-22,gcrew,noaa_gefs,01,AirTemp_C_mean,25,-7.766607666015602
gep01,00,2026-01-28,2026-02-22,gcrew,noaa_gefs,01,Pressure_Pa,25,102546.142578125
gep01,00,2026-01-28,2026-02-22,gcrew,noaa_gefs,01,RH_percent_mean,25,56.11021900177002
gep01,00,2026-01-28,2026-02-22,gcrew,noaa_gefs,01,Rain_mm_sum,25,0
gep01,00,2026-01-28,2026-02-22,gcrew,noaa_gefs,01,ShortwaveRadiation_Wm2,25,200.25
gep01,00,2026-01-28,2026-02-22,gcrew,noaa_gefs,01,WindSpeed_ms_mean,25,7.731225422210707
gep01,00,2026-01-28,2026-02-23,gcrew,noaa_gefs,01,AirTemp_C_mean,26,-2.8251098632812273
gep01,00,2026-01-28,2026-02-23,gcrew,noaa_gefs,01,Pressure_Pa,26,102910.716796875
gep01,00,2026-01-28,2026-02-23,gcrew,noaa_gefs,01,RH_percent_mean,26,53.88744640350342
gep01,00,2026-01-28,2026-02-23,gcrew,noaa_gefs,01,Rain_mm_sum,26,0
gep01,00,2026-01-28,2026-02-23,gcrew,noaa_gefs,01,ShortwaveRadiation_Wm2,26,202.5
gep01,00,2026-01-28,2026-02-23,gcrew,noaa_gefs,01,WindSpeed_ms_mean,26,4.84067752247645
gep01,00,2026-01-28,2026-02-24,gcrew,noaa_gefs,01,AirTemp_C_mean,27,1.597322082519554
gep01,00,2026-01-28,2026-02-24,gcrew,noaa_gefs,01,Pressure_Pa,27,102109.3046875
gep01,00,2026-01-28,2026-02-24,gcrew,noaa_gefs,01,RH_percent_mean,27,62.64256954193115
gep01,00,2026-01-28,2026-02-24,gcrew,noaa_gefs,01,Rain_mm_sum,27,0
gep01,00,2026-01-28,2026-02-24,gcrew,noaa_gefs,01,ShortwaveRadiation_Wm2,27,116.5
gep01,00,2026-01-28,2026-02-24,gcrew,noaa_gefs,01,WindSpeed_ms_mean,27,5.3985288138153145
gep01,00,2026-01-28,2026-02-25,gcrew,noaa_gefs,01,AirTemp_C_mean,28,3.3727813720703352
gep01,00,2026-01-28,2026-02-25,gcrew,noaa_gefs,01,Pressure_Pa,28,101713.029296875
gep01,00,2026-01-28,2026-02-25,gcrew,noaa_gefs,01,RH_percent_mean,28,82.43609428405762
gep01,00,2026-01-28,2026-02-25,gcrew,noaa_gefs,01,Rain_mm_sum,28,0
gep01,00,2026-01-28,2026-02-25,gcrew,noaa_gefs,01,ShortwaveRadiation_Wm2,28,183.25
gep01,00,2026-01-28,2026-02-25,gcrew,noaa_gefs,01,WindSpeed_ms_mean,28,2.7927366152488466
gep01,00,2026-01-28,2026-02-26,gcrew,noaa_gefs,01,AirTemp_C_mean,29,4.269799804687523
gep01,00,2026-01-28,2026-02-26,gcrew,noaa_gefs,01,Pressure_Pa,29,101386.140625
gep01,00,2026-01-28,2026-02-26,gcrew,noaa_gefs,01,RH_percent_mean,29,76.72475337982178
gep01,00,2026-01-28,2026-02-26,gcrew,noaa_gefs,01,Rain_mm_sum,29,0.6100000143051147
gep01,00,2026-01-28,2026-02-26,gcrew,noaa_gefs,01,ShortwaveRadiation_Wm2,29,157.75
gep01,00,2026-01-28,2026-02-26,gcrew,noaa_gefs,01,WindSpeed_ms_mean,29,5.374720606390739
gep01,00,2026-01-28,2026-02-27,gcrew,noaa_gefs,01,AirTemp_C_mean,30,-2.2006057739257585
gep01,00,2026-01-28,2026-02-27,gcrew,noaa_gefs,01,Pressure_Pa,30,102063.791015625
gep01,00,2026-01-28,2026-02-27,gcrew,noaa_gefs,01,RH_percent_mean,30,60.6358585357666
gep01,00,2026-01-28,2026-02-27,gcrew,noaa_gefs,01,Rain_mm_sum,30,0
gep01,00,2026-01-28,2026-02-27,gcrew,noaa_gefs,01,ShortwaveRadiation_Wm2,30,208.75
gep01,00,2026-01-28,2026-02-27,gcrew,noaa_gefs,01,WindSpeed_ms_mean,30,4.223661637522698
gep01,00,2026-01-28,2026-02-28,gcrew,noaa_gefs,01,AirTemp_C_mean,31,2.8180099487304915
gep01,00,2026-01-28,2026-02-28,gcrew,noaa_gefs,01,Pressure_Pa,31,102096.6484375
gep01,00,2026-01-28,2026-02-28,gcrew,noaa_gefs,01,RH_percent_mean,31,73.37237644195557
gep01,00,2026-01-28,2026-02-28,gcrew,noaa_gefs,01,Rain_mm_sum,31,0
gep01,00,2026-01-28,2026-02-28,gcrew,noaa_gefs,01,ShortwaveRadiation_Wm2,31,182.75
gep01,00,2026-01-28,2026-02-28,gcrew,noaa_gefs,01,WindSpeed_ms_mean,31,2.7731910157020536
gep01,00,2026-01-28,2026-03-01,gcrew,noaa_gefs,01,AirTemp_C_mean,32,10.715417480468773
gep01,00,2026-01-28,2026-03-01,gcrew,noaa_gefs,01,Pressure_Pa,32,101821.703125
gep01,00,2026-01-28,2026-03-01,gcrew,noaa_gefs,01,RH_percent_mean,32,78.44407558441162
gep01,00,2026-01-28,2026-03-01,gcrew,noaa_gefs,01,Rain_mm_sum,32,0.10000000149011612
gep01,00,2026-01-28,2026-03-01,gcrew,noaa_gefs,01,ShortwaveRadiation_Wm2,32,188
gep01,00,2026-01-28,2026-03-01,gcrew,noaa_gefs,01,WindSpeed_ms_mean,32,4.440940868795268
gep01,00,2026-01-28,2026-03-02,gcrew,noaa_gefs,01,AirTemp_C_mean,33,8.776765441894554
gep01,00,2026-01-28,2026-03-02,gcrew,noaa_gefs,01,Pressure_Pa,33,102014.58203125
gep01,00,2026-01-28,2026-03-02,gcrew,noaa_gefs,01,RH_percent_mean,33,87.70235443115234
gep01,00,2026-01-28,2026-03-02,gcrew,noaa_gefs,01,Rain_mm_sum,33,1.2000000476837158
gep01,00,2026-01-28,2026-03-02,gcrew,noaa_gefs,01,ShortwaveRadiation_Wm2,33,148.25
gep01,00,2026-01-28,2026-03-02,gcrew,noaa_gefs,01,WindSpeed_ms_mean,33,4.63763027527913
gep01,00,2026-01-28,2026-03-03,gcrew,noaa_gefs,01,AirTemp_C_mean,34,11.128327941894554
gep01,00,2026-01-28,2026-03-03,gcrew,noaa_gefs,01,Pressure_Pa,34,100700.955078125
gep01,00,2026-01-28,2026-03-03,gcrew,noaa_gefs,01,RH_percent_mean,34,81.373138427734375
gep01,00,2026-01-28,2026-03-03,gcrew,noaa_gefs,01,Rain_mm_sum,34,39.5
gep01,00,2026-01-28,2026-03-03,gcrew,noaa_gefs,01,ShortwaveRadiation_Wm2,34,137
gep01,00,2026-01-28,2026-03-03,gcrew,noaa_gefs,01,WindSpeed_ms_mean,34,6.95522383090104
gep02,00,2026-01-28,2026-01-29,gcrew,noaa_gefs,02,AirTemp_C_mean,1,-7.280580902099587
gep02,00,2026-01-28,2026-01-29,gcrew,noaa_gefs,02,Pressure_Pa,1,102287.724609375
gep02,00,2026-01-28,2026-01-29,gcrew,noaa_gefs,02,RH_percent_mean,1,76.07372665405273
gep02,00,2026-01-28,2026-01-29,gcrew,noaa_gefs,02,Rain_mm_sum,1,0.10000000149011612
gep02,00,2026-01-28,2026-01-29,gcrew,noaa_gefs,02,ShortwaveRadiation_Wm2,1,150.125
gep02,00,2026-01-28,2026-01-29,gcrew,noaa_gefs,02,WindSpeed_ms_mean,1,5.488174929013097
gep02,00,2026-01-28,2026-01-30,gcrew,noaa_gefs,02,AirTemp_C_mean,2,-7.0662673950195085
gep02,00,2026-01-28,2026-01-30,gcrew,noaa_gefs,02,Pressure_Pa,2,102186.884765625
gep02,00,2026-01-28,2026-01-30,gcrew,noaa_gefs,02,RH_percent_mean,2,85.883331298828125
gep02,00,2026-01-28,2026-01-30,gcrew,noaa_gefs,02,Rain_mm_sum,2,3.400000035762787
gep02,00,2026-01-28,2026-01-30,gcrew,noaa_gefs,02,ShortwaveRadiation_Wm2,2,91
gep02,00,2026-01-28,2026-01-30,gcrew,noaa_gefs,02,WindSpeed_ms_mean,2,4.310190691157695
gep02,00,2026-01-28,2026-01-31,gcrew,noaa_gefs,02,AirTemp_C_mean,3,-8.19930496215818
gep02,00,2026-01-28,2026-01-31,gcrew,noaa_gefs,02,Pressure_Pa,3,101301.654296875
gep02,00,2026-01-28,2026-01-31,gcrew,noaa_gefs,02,RH_percent_mean,3,95.59107112884521
gep02,00,2026-01-28,2026-01-31,gcrew,noaa_gefs,02,Rain_mm_sum,3,24.890000462532043
gep02,00,2026-01-28,2026-01-31,gcrew,noaa_gefs,02,ShortwaveRadiation_Wm2,3,47
gep02,00,2026-01-28,2026-01-31,gcrew,noaa_gefs,02,WindSpeed_ms_mean,3,10.447140277612919
gep02,00,2026-01-28,2026-02-01,gcrew,noaa_gefs,02,AirTemp_C_mean,4,-5.557821655273415
gep02,00,2026-01-28,2026-02-01,gcrew,noaa_gefs,02,Pressure_Pa,4,99940.41015625
gep02,00,2026-01-28,2026-02-01,gcrew,noaa_gefs,02,RH_percent_mean,4,94.5508918762207
gep02,00,2026-01-28,2026-02-01,gcrew,noaa_gefs,02,Rain_mm_sum,4,22.200000166893005
gep02,00,2026-01-28,2026-02-01,gcrew,noaa_gefs,02,ShortwaveRadiation_Wm2,4,59.5
gep02,00,2026-01-28,2026-02-01,gcrew,noaa_gefs,02,WindSpeed_ms_mean,4,13.510369912418103
gep02,00,2026-01-28,2026-02-02,gcrew,noaa_gefs,02,AirTemp_C_mean,5,-5.524973297119118
gep02,00,2026-01-28,2026-02-02,gcrew,noaa_gefs,02,Pressure_Pa,5,101653.6318359375
gep02,00,2026-01-28,2026-02-02,gcrew,noaa_gefs,02,RH_percent_mean,5,80.55075645446777
gep02,00,2026-01-28,2026-02-02,gcrew,noaa_gefs,02,Rain_mm_sum,5,1.399999976158142
gep02,00,2026-01-28,2026-02-02,gcrew,noaa_gefs,02,ShortwaveRadiation_Wm2,5,151.5
gep02,00,2026-01-28,2026-02-02,gcrew,noaa_gefs,02,WindSpeed_ms_mean,5,8.067561597422333
gep02,00,2026-01-28,2026-02-03,gcrew,noaa_gefs,02,AirTemp_C_mean,6,-5.25441970825193
gep02,00,2026-01-28,2026-02-03,gcrew,noaa_gefs,02,Pressure_Pa,6,102473.724609375
gep02,00,2026-01-28,2026-02-03,gcrew,noaa_gefs,02,RH_percent_mean,6,78.25176620483398
gep02,00,2026-01-28,2026-02-03,gcrew,noaa_gefs,02,Rain_mm_sum,6,0
gep02,00,2026-01-28,2026-02-03,gcrew,noaa_gefs,02,ShortwaveRadiation_Wm2,6,163.375
gep02,00,2026-01-28,2026-02-03,gcrew,noaa_gefs,02,WindSpeed_ms_mean,6,3.967009672131133
gep02,00,2026-01-28,2026-02-04,gcrew,noaa_gefs,02,AirTemp_C_mean,7,-1.8118385314941179
gep02,00,2026-01-28,2026-02-04,gcrew,noaa_gefs,02,Pressure_Pa,7,102940.9130859375
gep02,00,2026-01-28,2026-02-04,gcrew,noaa_gefs,02,RH_percent_mean,7,83.65248394012451
gep02,00,2026-01-28,2026-02-04,gcrew,noaa_gefs,02,Rain_mm_sum,7,0.009999999776482582
gep02,00,2026-01-28,2026-02-04,gcrew,noaa_gefs,02,ShortwaveRadiation_Wm2,7,109.5
gep02,00,2026-01-28,2026-02-04,gcrew,noaa_gefs,02,WindSpeed_ms_mean,7,2.1674175981691817
gep02,00,2026-01-28,2026-02-05,gcrew,noaa_gefs,02,AirTemp_C_mean,8,1.069429016113304
gep02,00,2026-01-28,2026-02-05,gcrew,noaa_gefs,02,Pressure_Pa,8,101906.8251953125
gep02,00,2026-01-28,2026-02-05,gcrew,noaa_gefs,02,RH_percent_mean,8,94.48931217193604
gep02,00,2026-01-28,2026-02-05,gcrew,noaa_gefs,02,Rain_mm_sum,8,0.20000000298023224
gep02,00,2026-01-28,2026-02-05,gcrew,noaa_gefs,02,ShortwaveRadiation_Wm2,8,76.875
gep02,00,2026-01-28,2026-02-05,gcrew,noaa_gefs,02,WindSpeed_ms_mean,8,3.684263806468948
gep02,00,2026-01-28,2026-02-06,gcrew,noaa_gefs,02,AirTemp_C_mean,9,2.753424944196451
gep02,00,2026-01-28,2026-02-06,gcrew,noaa_gefs,02,Pressure_Pa,9,100416.97879464286
gep02,00,2026-01-28,2026-02-06,gcrew,noaa_gefs,02,RH_percent_mean,9,86.28384617396763
gep02,00,2026-01-28,2026-02-06,gcrew,noaa_gefs,02,Rain_mm_sum,9,0.9999999925494194
gep02,00,2026-01-28,2026-02-06,gcrew,noaa_gefs,02,ShortwaveRadiation_Wm2,9,160
gep02,00,2026-01-28,2026-02-06,gcrew,noaa_gefs,02,WindSpeed_ms_mean,9,7.2776915238674205
gep02,00,2026-01-28,2026-02-07,gcrew,noaa_gefs,02,AirTemp_C_mean,10,-5.779425048828102
gep02,00,2026-01-28,2026-02-07,gcrew,noaa_gefs,02,Pressure_Pa,10,101461.65625
gep02,00,2026-01-28,2026-02-07,gcrew,noaa_gefs,02,RH_percent_mean,10,72.17018508911133
gep02,00,2026-01-28,2026-02-07,gcrew,noaa_gefs,02,Rain_mm_sum,10,0
gep02,00,2026-01-28,2026-02-07,gcrew,noaa_gefs,02,ShortwaveRadiation_Wm2,10,149.5
gep02,00,2026-01-28,2026-02-07,gcrew,noaa_gefs,02,WindSpeed_ms_mean,10,4.217680666860886
gep02,00,2026-01-28,2026-02-08,gcrew,noaa_gefs,02,AirTemp_C_mean,11,-7.681547546386696
gep02,00,2026-01-28,2026-02-08,gcrew,noaa_gefs,02,Pressure_Pa,11,102029.173828125
gep02,00,2026-01-28,2026-02-08,gcrew,noaa_gefs,02,RH_percent_mean,11,68.76657009124756
gep02,00,2026-01-28,2026-02-08,gcrew,noaa_gefs,02,Rain_mm_sum,11,0
gep02,00,2026-01-28,2026-02-08,gcrew,noaa_gefs,02,ShortwaveRadiation_Wm2,11,174.25
gep02,00,2026-01-28,2026-02-08,gcrew,noaa_gefs,02,WindSpeed_ms_mean,11,7.886064993607651
gep02,00,2026-01-28,2026-02-09,gcrew,noaa_gefs,02,AirTemp_C_mean,12,-4.058538818359352
gep02,00,2026-01-28,2026-02-09,gcrew,noaa_gefs,02,Pressure_Pa,12,101952.376953125
gep02,00,2026-01-28,2026-02-09,gcrew,noaa_gefs,02,RH_percent_mean,12,68.18047332763672
gep02,00,2026-01-28,2026-02-09,gcrew,noaa_gefs,02,Rain_mm_sum,12,0
gep02,00,2026-01-28,2026-02-09,gcrew,noaa_gefs,02,ShortwaveRadiation_Wm2,12,164.25
gep02,00,2026-01-28,2026-02-09,gcrew,noaa_gefs,02,WindSpeed_ms_mean,12,7.975086568269404
gep02,00,2026-01-28,2026-02-10,gcrew,noaa_gefs,02,AirTemp_C_mean,13,-3.093626403808571
gep02,00,2026-01-28,2026-02-10,gcrew,noaa_gefs,02,Pressure_Pa,13,101960.732421875
gep02,00,2026-01-28,2026-02-10,gcrew,noaa_gefs,02,RH_percent_mean,13,68.68310356140137
gep02,00,2026-01-28,2026-02-10,gcrew,noaa_gefs,02,Rain_mm_sum,13,0
gep02,00,2026-01-28,2026-02-10,gcrew,noaa_gefs,02,ShortwaveRadiation_Wm2,13,134.75
gep02,00,2026-01-28,2026-02-10,gcrew,noaa_gefs,02,WindSpeed_ms_mean,13,5.259966799674645
gep02,00,2026-01-28,2026-02-11,gcrew,noaa_gefs,02,AirTemp_C_mean,14,-4.653044128417946
gep02,00,2026-01-28,2026-02-11,gcrew,noaa_gefs,02,Pressure_Pa,14,101637.04296875
gep02,00,2026-01-28,2026-02-11,gcrew,noaa_gefs,02,RH_percent_mean,14,69.65564918518066
gep02,00,2026-01-28,2026-02-11,gcrew,noaa_gefs,02,Rain_mm_sum,14,0
gep02,00,2026-01-28,2026-02-11,gcrew,noaa_gefs,02,ShortwaveRadiation_Wm2,14,179.5
gep02,00,2026-01-28,2026-02-11,gcrew,noaa_gefs,02,WindSpeed_ms_mean,14,8.026119124547929
gep02,00,2026-01-28,2026-02-12,gcrew,noaa_gefs,02,AirTemp_C_mean,15,-3.519529724121071
gep02,00,2026-01-28,2026-02-12,gcrew,noaa_gefs,02,Pressure_Pa,15,101760.71875
gep02,00,2026-01-28,2026-02-12,gcrew,noaa_gefs,02,RH_percent_mean,15,71.13922119140625
gep02,00,2026-01-28,2026-02-12,gcrew,noaa_gefs,02,Rain_mm_sum,15,0
gep02,00,2026-01-28,2026-02-12,gcrew,noaa_gefs,02,ShortwaveRadiation_Wm2,15,178.25
gep02,00,2026-01-28,2026-02-12,gcrew,noaa_gefs,02,WindSpeed_ms_mean,15,7.753901032955588
gep02,00,2026-01-28,2026-02-13,gcrew,noaa_gefs,02,AirTemp_C_mean,16,-2.7990249633788835
gep02,00,2026-01-28,2026-02-13,gcrew,noaa_gefs,02,Pressure_Pa,16,101736.001953125
gep02,00,2026-01-28,2026-02-13,gcrew,noaa_gefs,02,RH_percent_mean,16,63.89894676208496
gep02,00,2026-01-28,2026-02-13,gcrew,noaa_gefs,02,Rain_mm_sum,16,0
gep02,00,2026-01-28,2026-02-13,gcrew,noaa_gefs,02,ShortwaveRadiation_Wm2,16,143.25
gep02,00,2026-01-28,2026-02-13,gcrew,noaa_gefs,02,WindSpeed_ms_mean,16,6.434746689935362
gep02,00,2026-01-28,2026-02-14,gcrew,noaa_gefs,02,AirTemp_C_mean,17,-2.5064834594726335
gep02,00,2026-01-28,2026-02-14,gcrew,noaa_gefs,02,Pressure_Pa,17,101387.0625
gep02,00,2026-01-28,2026-02-14,gcrew,noaa_gefs,02,RH_percent_mean,17,63.91810321807861
gep02,00,2026-01-28,2026-02-14,gcrew,noaa_gefs,02,Rain_mm_sum,17,0
gep02,00,2026-01-28,2026-02-14,gcrew,noaa_gefs,02,ShortwaveRadiation_Wm2,17,174
gep02,00,2026-01-28,2026-02-14,gcrew,noaa_gefs,02,WindSpeed_ms_mean,17,4.505267943240719
gep02,00,2026-01-28,2026-02-15,gcrew,noaa_gefs,02,AirTemp_C_mean,18,-1.092008972167946
gep02,00,2026-01-28,2026-02-15,gcrew,noaa_gefs,02,Pressure_Pa,18,101645.232421875
gep02,00,2026-01-28,2026-02-15,gcrew,noaa_gefs,02,RH_percent_mean,18,69.99055099487305
gep02,00,2026-01-28,2026-02-15,gcrew,noaa_gefs,02,Rain_mm_sum,18,0
gep02,00,2026-01-28,2026-02-15,gcrew,noaa_gefs,02,ShortwaveRadiation_Wm2,18,159.5
gep02,00,2026-01-28,2026-02-15,gcrew,noaa_gefs,02,WindSpeed_ms_mean,18,3.138143268840961
gep02,00,2026-01-28,2026-02-16,gcrew,noaa_gefs,02,AirTemp_C_mean,19,1.369630432128929
gep02,00,2026-01-28,2026-02-16,gcrew,noaa_gefs,02,Pressure_Pa,19,101803.056640625
gep02,00,2026-01-28,2026-02-16,gcrew,noaa_gefs,02,RH_percent_mean,19,79.61123466491699
gep02,00,2026-01-28,2026-02-16,gcrew,noaa_gefs,02,Rain_mm_sum,19,0.20000000298023224
gep02,00,2026-01-28,2026-02-16,gcrew,noaa_gefs,02,ShortwaveRadiation_Wm2,19,87.75
gep02,00,2026-01-28,2026-02-16,gcrew,noaa_gefs,02,WindSpeed_ms_mean,19,3.3481034252777753
gep02,00,2026-01-28,2026-02-17,gcrew,noaa_gefs,02,AirTemp_C_mean,20,0.7386337280273665
gep02,00,2026-01-28,2026-02-17,gcrew,noaa_gefs,02,Pressure_Pa,20,101786.171875
gep02,00,2026-01-28,2026-02-17,gcrew,noaa_gefs,02,RH_percent_mean,20,84.81830406188965
gep02,00,2026-01-28,2026-02-17,gcrew,noaa_gefs,02,Rain_mm_sum,20,7.099999904632568
gep02,00,2026-01-28,2026-02-17,gcrew,noaa_gefs,02,ShortwaveRadiation_Wm2,20,22.25
gep02,00,2026-01-28,2026-02-17,gcrew,noaa_gefs,02,WindSpeed_ms_mean,20,4.584310341175985
gep02,00,2026-01-28,2026-02-18,gcrew,noaa_gefs,02,AirTemp_C_mean,21,4.854364013671898
gep02,00,2026-01-28,2026-02-18,gcrew,noaa_gefs,02,Pressure_Pa,21,100528.912109375
gep02,00,2026-01-28,2026-02-18,gcrew,noaa_gefs,02,RH_percent_mean,21,98.09432792663574
gep02,00,2026-01-28,2026-02-18,gcrew,noaa_gefs,02,Rain_mm_sum,21,9.100000143051147
gep02,00,2026-01-28,2026-02-18,gcrew,noaa_gefs,02,ShortwaveRadiation_Wm2,21,34
gep02,00,2026-01-28,2026-02-18,gcrew,noaa_gefs,02,WindSpeed_ms_mean,21,2.3743466397881434
gep02,00,2026-01-28,2026-02-19,gcrew,noaa_gefs,02,AirTemp_C_mean,22,2.8552337646484602
gep02,00,2026-01-28,2026-02-19,gcrew,noaa_gefs,02,Pressure_Pa,22,100285.193359375
gep02,00,2026-01-28,2026-02-19,gcrew,noaa_gefs,02,RH_percent_mean,22,85.17862129211426
gep02,00,2026-01-28,2026-02-19,gcrew,noaa_gefs,02,Rain_mm_sum,22,0.30000001192092896
gep02,00,2026-01-28,2026-02-19,gcrew,noaa_gefs,02,ShortwaveRadiation_Wm2,22,69.75
gep02,00,2026-01-28,2026-02-19,gcrew,noaa_gefs,02,WindSpeed_ms_mean,22,4.774511407394309
gep02,00,2026-01-28,2026-02-20,gcrew,noaa_gefs,02,AirTemp_C_mean,23,-9.267301940917946
gep02,00,2026-01-28,2026-02-20,gcrew,noaa_gefs,02,Pressure_Pa,23,101475.0859375
gep02,00,2026-01-28,2026-02-20,gcrew,noaa_gefs,02,RH_percent_mean,23,50.81293869018555
gep02,00,2026-01-28,2026-02-20,gcrew,noaa_gefs,02,Rain_mm_sum,23,0
gep02,00,2026-01-28,2026-02-20,gcrew,noaa_gefs,02,ShortwaveRadiation_Wm2,23,183
gep02,00,2026-01-28,2026-02-20,gcrew,noaa_gefs,02,WindSpeed_ms_mean,23,10.622410091968261
gep02,00,2026-01-28,2026-02-21,gcrew,noaa_gefs,02,AirTemp_C_mean,24,-10.929685974121071
gep02,00,2026-01-28,2026-02-21,gcrew,noaa_gefs,02,Pressure_Pa,24,102074.087890625
gep02,00,2026-01-28,2026-02-21,gcrew,noaa_gefs,02,RH_percent_mean,24,47.823272705078125
gep02,00,2026-01-28,2026-02-21,gcrew,noaa_gefs,02,Rain_mm_sum,24,0
gep02,00,2026-01-28,2026-02-21,gcrew,noaa_gefs,02,ShortwaveRadiation_Wm2,24,187
gep02,00,2026-01-28,2026-02-21,gcrew,noaa_gefs,02,WindSpeed_ms_mean,24,6.5561279655405835
gep02,00,2026-01-28,2026-02-22,gcrew,noaa_gefs,02,AirTemp_C_mean,25,-7.766607666015602
gep02,00,2026-01-28,2026-02-22,gcrew,noaa_gefs,02,Pressure_Pa,25,102546.142578125
gep02,00,2026-01-28,2026-02-22,gcrew,noaa_gefs,02,RH_percent_mean,25,56.11021900177002
gep02,00,2026-01-28,2026-02-22,gcrew,noaa_gefs,02,Rain_mm_sum,25,0
gep02,00,2026-01-28,2026-02-22,gcrew,noaa_gefs,02,ShortwaveRadiation_Wm2,25,200.25
gep02,00,2026-01-28,2026-02-22,gcrew,noaa_gefs,02,WindSpeed_ms_mean,25,7.731225422210707
gep02,00,2026-01-28,2026-02-23,gcrew,noaa_gefs,02,AirTemp_C_mean,26,-2.8251098632812273
gep02,00,2026-01-28,2026-02-23,gcrew,noaa_gefs,02,Pressure_Pa,26,102910.716796875
gep02,00,2026-01-28,2026-02-23,gcrew,noaa_gefs,02,RH_percent_mean,26,53.88744640350342
gep02,00,2026-01-28,2026-02-23,gcrew,noaa_gefs,02,Rain_mm_sum,26,0
gep02,00,2026-01-28,2026-02-23,gcrew,noaa_gefs,02,ShortwaveRadiation_Wm2,26,202.5
gep02,00,2026-01-28,2026-02-23,gcrew,noaa_gefs,02,WindSpeed_ms_mean,26,4.84067752247645
gep02,00,2026-01-28,2026-02-24,gcrew,noaa_gefs,02,AirTemp_C_mean,27,1.597322082519554
gep02,00,2026-01-28,2026-02-24,gcrew,noaa_gefs,02,Pressure_Pa,27,102109.3046875
gep02,00,2026-01-28,2026-02-24,gcrew,noaa_gefs,02,RH_percent_mean,27,62.64256954193115
gep02,00,2026-01-28,2026-02-24,gcrew,noaa_gefs,02,Rain_mm_sum,27,0
gep02,00,2026-01-28,2026-02-24,gcrew,noaa_gefs,02,ShortwaveRadiation_Wm2,27,116.5
gep02,00,2026-01-28,2026-02-24,gcrew,noaa_gefs,02,WindSpeed_ms_mean,27,5.3985288138153145
gep02,00,2026-01-28,2026-02-25,gcrew,noaa_gefs,02,AirTemp_C_mean,28,3.3727813720703352
gep02,00,2026-01-28,2026-02-25,gcrew,noaa_gefs,02,Pressure_Pa,28,101713.029296875
gep02,00,2026-01-28,2026-02-25,gcrew,noaa_gefs,02,RH_percent_mean,28,82.43609428405762
gep02,00,2026-01-28,2026-02-25,gcrew,noaa_gefs,02,Rain_mm_sum,28,0
gep02,00,2026-01-28,2026-02-25,gcrew,noaa_gefs,02,ShortwaveRadiation_Wm2,28,183.25
gep02,00,2026-01-28,2026-02-25,gcrew,noaa_gefs,02,WindSpeed_ms_mean,28,2.7927366152488466
gep02,00,2026-01-28,2026-02-26,gcrew,noaa_gefs,02,AirTemp_C_mean,29,4.269799804687523
gep02,00,2026-01-28,2026-02-26,gcrew,noaa_gefs,02,Pressure_Pa,29,101386.140625
gep02,00,2026-01-28,2026-02-26,gcrew,noaa_gefs,02,RH_percent_mean,29,76.72475337982178
gep02,00,2026-01-28,2026-02-26,gcrew,noaa_gefs,02,Rain_mm_sum,29,0.6100000143051147
gep02,00,2026-01-28,2026-02-26,gcrew,noaa_gefs,02,ShortwaveRadiation_Wm2,29,157.75
gep02,00,2026-01-28,2026-02-26,gcrew,noaa_gefs,02,WindSpeed_ms_mean,29,5.374720606390739
gep02,00,2026-01-28,2026-02-27,gcrew,noaa_gefs,02,AirTemp_C_mean,30,-2.2006057739257585
gep02,00,2026-01-28,2026-02-27,gcrew,noaa_gefs,02,Pressure_Pa,30,102063.791015625
gep02,00,2026-01-28,2026-02-27,gcrew,noaa_gefs,02,RH_percent_mean,30,60.6358585357666
gep02,00,2026-01-28,2026-02-27,gcrew,noaa_gefs,02,Rain_mm_sum,30,0
gep02,00,2026-01-28,2026-02-27,gcrew,noaa_gefs,02,ShortwaveRadiation_Wm2,30,208.75
gep02,00,2026-01-28,2026-02-27,gcrew,noaa_gefs,02,WindSpeed_ms_mean,30,4.223661637522698
gep02,00,2026-01-28,2026-02-28,gcrew,noaa_gefs,02,AirTemp_C_mean,31,2.8180099487304915
gep02,00,2026-01-28,2026-02-28,gcrew,noaa_gefs,02,Pressure_Pa,31,102096.6484375
gep02,00,2026-01-28,2026-02-28,gcrew,noaa_gefs,02,RH_percent_mean,31,73.37237644195557
gep02,00,2026-01-28,2026-02-28,gcrew,noaa_gefs,02,Rain_mm_sum,31,0
gep02,00,2026-01-28,2026-02-28,gcrew,noaa_gefs,02,ShortwaveRadiation_Wm2,31,182.75
gep02,00,2026-01-28,2026-02-28,gcrew,noaa_gefs,02,WindSpeed_ms_mean,31,2.7731910157020536
gep02,00,2026-01-28,2026-03-01,gcrew,noaa_gefs,02,AirTemp_C_mean,32,10.715417480468773
gep02,00,2026-01-28,2026-03-01,gcrew,noaa_gefs,02,Pressure_Pa,32,101821.703125
gep02,00,2026-01-28,2026-03-01,gcrew,noaa_gefs,02,RH_percent_mean,32,78.44407558441162
gep02,00,2026-01-28,2026-03-01,gcrew,noaa_gefs,02,Rain_mm_sum,32,0.10000000149011612
gep02,00,2026-01-28,2026-03-01,gcrew,noaa_gefs,02,ShortwaveRadiation_Wm2,32,188
gep02,00,2026-01-28,2026-03-01,gcrew,noaa_gefs,02,WindSpeed_ms_mean,32,4.440940868795268
gep02,00,2026-01-28,2026-03-02,gcrew,noaa_gefs,02,AirTemp_C_mean,33,8.776765441894554
gep02,00,2026-01-28,2026-03-02,gcrew,noaa_gefs,02,Pressure_Pa,33,102014.58203125
gep02,00,2026-01-28,2026-03-02,gcrew,noaa_gefs,02,RH_percent_mean,33,87.70235443115234
gep02,00,2026-01-28,2026-03-02,gcrew,noaa_gefs,02,Rain_mm_sum,33,1.2000000476837158
gep02,00,2026-01-28,2026-03-02,gcrew,noaa_gefs,02,ShortwaveRadiation_Wm2,33,148.25
gep02,00,2026-01-28,2026-03-02,gcrew,noaa_gefs,02,WindSpeed_ms_mean,33,4.63763027527913
gep02,00,2026-01-28,2026-03-03,gcrew,noaa_gefs,02,AirTemp_C_mean,34,11.128327941894554
gep02,00,2026-01-28,2026-03-03,gcrew,noaa_gefs,02,Pressure_Pa,34,100700.955078125
gep02,00,2026-01-28,2026-03-03,gcrew,noaa_gefs,02,RH_percent_mean,34,81.373138427734375
gep02,00,2026-01-28,2026-03-03,gcrew,noaa_gefs,02,Rain_mm_sum,34,39.5
gep02,00,2026-01-28,2026-03-03,gcrew,noaa_gefs,02,ShortwaveRadiation_Wm2,34,137
gep02,00,2026-01-28,2026-03-03,gcrew,noaa_gefs,02,WindSpeed_ms_mean,34,6.95522383090104
gep03,00,2026-01-28,2026-01-29,gcrew,noaa_gefs,03,AirTemp_C_mean,1,-7.280580902099587
gep03,00,2026-01-28,2026-01-29,gcrew,noaa_gefs,03,Pressure_Pa,1,102287.724609375
gep03,00,2026-01-28,2026-01-29,gcrew,noaa_gefs,03,RH_percent_mean,1,76.07372665405273
gep03,00,2026-01-28,2026-01-29,gcrew,noaa_gefs,03,Rain_mm_sum,1,0.10000000149011612
gep03,00,2026-01-28,2026-01-29,gcrew,noaa_gefs,03,ShortwaveRadiation_Wm2,1,150.125
gep03,00,2026-01-28,2026-01-29,gcrew,noaa_gefs,03,WindSpeed_ms_mean,1,5.488174929013097
gep03,00,2026-01-28,2026-01-30,gcrew,noaa_gefs,03,AirTemp_C_mean,2,-7.0662673950195085
gep03,00,2026-01-28,2026-01-30,gcrew,noaa_gefs,03,Pressure_Pa,2,102186.884765625
gep03,00,2026-01-28,2026-01-30,gcrew,noaa_gefs,03,RH_percent_mean,2,85.883331298828125
gep03,00,2026-01-28,2026-01-30,gcrew,noaa_gefs,03,Rain_mm_sum,2,3.400000035762787
gep03,00,2026-01-28,2026-01-30,gcrew,noaa_gefs,03,ShortwaveRadiation_Wm2,2,91
gep03,00,2026-01-28,2026-01-30,gcrew,noaa_gefs,03,WindSpeed_ms_mean,2,4.310190691157695
gep03,00,2026-01-28,2026-01-31,gcrew,noaa_gefs,03,AirTemp_C_mean,3,-8.19930496215818
gep03,00,2026-01-28,2026-01-31,gcrew,noaa_gefs,03,Pressure_Pa,3,101301.654296875
gep03,00,2026-01-28,2026-01-31,gcrew,noaa_gefs,03,RH_percent_mean,3,95.59107112884521
gep03,00,2026-01-28,2026-01-31,gcrew,noaa_gefs,03,Rain_mm_sum,3,24.890000462532043
gep03,00,2026-01-28,2026-01-31,gcrew,noaa_gefs,03,ShortwaveRadiation_Wm2,3,47
gep03,00,2026-01-28,2026-01-31,gcrew,noaa_gefs,03,WindSpeed_ms_mean,3,10.447140277612919
gep03,00,2026-01-28,2026-02-01,gcrew,noaa_gefs,03,AirTemp_C_mean,4,-5.557821655273415
gep03,00,2026-01-28,2026-02-01,gcrew,noaa_gefs,03,Pressure_Pa,4,99940.41015625
gep03,00,2026-01-28,2026-02-01,gcrew,noaa_gefs,03,RH_percent_mean,4,94.5508918762207
gep03,00,2026-01-28,2026-02-01,gcrew,noaa_gefs,03,Rain_mm_sum,4,22.200000166893005
gep03,00,2026-01-28,2026-02-01,gcrew,noaa_gefs,03,ShortwaveRadiation_Wm2,4,59.5
gep03,00,2026-01-28,2026-02-01,gcrew,noaa_gefs,03,WindSpeed_ms_mean,4,13.510369912418103
gep03,00,2026-01-28,2026-02-02,gcrew,noaa_gefs,03,AirTemp_C_mean,5,-5.524973297119118
gep03,00,2026-01-28,2026-02-02,gcrew,noaa_gefs,03,Pressure_Pa,5,101653.6318359375
gep03,00,2026-01-28,2026-02-02,gcrew,noaa_gefs,03,RH_percent_mean,5,80.55075645446777
gep03,00,2026-01-28,2026-02-02,gcrew,noaa_gefs,03,Rain_mm_sum,5,1.399999976158142
gep03,00,2026-01-28,2026-02-02,gcrew,noaa_gefs,03,ShortwaveRadiation_Wm2,5,151.5
gep03,00,2026-01-28,2026-02-02,gcrew,noaa_gefs,03,WindSpeed_ms_mean,5,8.067561597422333
gep03,00,2026-01-28,2026-02-03,gcrew,noaa_gefs,03,AirTemp_C_mean,6,-5.25441970825193
gep03,00,2026-01-28,2026-02-03,gcrew,noaa_gefs,03,Pressure_Pa,6,102473.724609375
gep03,00,2026-01-28,2026-02-03,gcrew,noaa_gefs,03,RH_percent_mean,6,78.25176620483398
gep03,00,2026-01-28,2026-02-03,gcrew,noaa_gefs,03,Rain_mm_sum,6,0
gep03,00,2026-01-28,2026-02-03,gcrew,noaa_gefs,03,ShortwaveRadiation_Wm2,6,163.375
gep03,00,2026-01-28,2026-02-03,gcrew,noaa_gefs,03,WindSpeed_ms_mean,6,3.967009672131133
gep03,00,2026-01-28,2026-02-04,gcrew,noaa_gefs,03,AirTemp_C_mean,7,-1.8118385314941179
gep03,00,2026-01-28,2026-02-04,gcrew,noaa_gefs,03,Pressure_Pa,7,102940.9130859375
gep03,00,2026-01-28,2026-02-04,gcrew,noaa_gefs,03,RH_percent_mean,7,83.65248394012451
gep03,00,2026-01-28,2026-02-04,gcrew,noaa_gefs,03,Rain_mm_sum,7,0.009999999776482582
gep03,00,2026-01-28,2026-02-04,gcrew,noaa_gefs,03,ShortwaveRadiation_Wm2,7,109.5
gep03,00,2026-01-28,2026-02-04,gcrew,noaa_gefs,03,WindSpeed_ms_mean,7,2.1674175981691817
gep03,00,2026-01-28,2026-02-05,gcrew,noaa_gefs,03,AirTemp_C_mean,8,1.069429016113304
gep03,00,2026-01-28,2026-02-05,gcrew,noaa_gefs,03,Pressure_Pa,8,101906.8251953125
gep03,00,2026-01-28,2026-02-05,gcrew,noaa_gefs,03,RH_percent_mean,8,94.48931217193604
gep03,00,2026-01-28,2026-02-05,gcrew,noaa_gefs,03,Rain_mm_sum,8,0.20000000298023224
gep03,00,2026-01-28,2026-02-05,gcrew,noaa_gefs,03,ShortwaveRadiation_Wm2,8,76.875
gep03,00,2026-01-28,2026-02-05,gcrew,noaa_gefs,03,WindSpeed_ms_mean,8,3.684263806468948
gep03,00,2026-01-28,2026-02-06,gcrew,noaa_gefs,03,AirTemp_C_mean,9,2.753424944196451
gep03,00,2026-01-28,2026-02-06,gcrew,noaa_gefs,03,Pressure_Pa,9,100416.97879464286
gep03,00,2026-01-28,2026-02-06,gcrew,noaa_gefs,03,RH_percent_mean,9,86.28384617396763
gep03,00,2026-01-28,2026-02-06,gcrew,noaa_gefs,03,Rain_mm_sum,9,0.9999999925494194
gep03,00,2026-01-28,2026-02-06,gcrew,noaa_gefs,03,ShortwaveRadiation_Wm2,9,160
gep03,00,2026-01-28,2026-02-06,gcrew,noaa_gefs,03,WindSpeed_ms_mean,9,7.2776915238674205
gep03,00,2026-01-28,2026-02-07,gcrew,noaa_gefs,03,AirTemp_C_mean,10,-5.779425048828102
gep03,00,2026-01-28,2026-02-07,gcrew,noaa_gefs,03,Pressure_Pa,10,101461.65625
gep03,00,2026-01-28,2026-02-07,gcrew,noaa_gefs,03,RH_percent_mean,10,72.17018508911133
gep03,00,2026-01-28,2026-02-07,gcrew,noaa_gefs,03,Rain_mm_sum,10,0
gep03,00,2026-01-28,2026-02-07,gcrew,noaa_gefs,03,ShortwaveRadiation_Wm2,10,149.5
gep03,00,2026-01-28,2026-02-07,gcrew,noaa_gefs,03,WindSpeed_ms_mean,10,4.217680666860886
gep03,00,2026-01-28,2026-02-08,gcrew,noaa_gefs,03,AirTemp_C_mean,11,-7.681547546386696
gep03,00,2026-01-28,2026-02-08,gcrew,noaa_gefs,03,Pressure_Pa,11,102029.173828125
gep03,00,2026-01-28,2026-02-08,gcrew,noaa_gefs,03,RH_percent_mean,11,68.76657009124756
gep03,00,2026-01-28,2026-02-08,gcrew,noaa_gefs,03,Rain_mm_sum,11,0
gep03,00,2026-01-28,2026-02-08,gcrew,noaa_gefs,03,ShortwaveRadiation_Wm2,11,174.25
gep03,00,2026-01-28,2026-02-08,gcrew,noaa_gefs,03,WindSpeed_ms_mean,11,7.886064993607651
gep03,00,2026-01-28,2026-02-09,gcrew,noaa_gefs,03,AirTemp_C_mean,12,-4.058538818359352
gep03,00,2026-01-28,2026-02-09,gcrew,noaa_gefs,03,Pressure_Pa,12,101952.376953125
gep03,00,2026-01-28,2026-02-09,gcrew,noaa_gefs,03,RH_percent_mean,12,68.18047332763672
gep03,00,2026-01-28,2026-02-09,gcrew,noaa_gefs,03,Rain_mm_sum,12,0
gep03,00,2026-01-28,2026-02-09,gcrew,noaa_gefs,03,ShortwaveRadiation_Wm2,12,164.25
gep03,00,2026-01-28,2026-02-09,gcrew,noaa_gefs,03,WindSpeed_ms_mean,12,7.975086568269404
gep03,00,2026-01-28,2026-02-10,gcrew,noaa_gefs,03,AirTemp_C_mean,13,-3.093626403808571
gep03,00,2026-01-28,2026-02-10,gcrew,noaa_gefs,03,Pressure_Pa,13,101960.732421875
gep03,00,2026-01-28,2026-02-10,gcrew,noaa_gefs,03,RH_percent_mean,13,68.68310356140137
gep03,00,2026-01-28,2026-02-10,gcrew,noaa_gefs,03,Rain_mm_sum,13,0
gep03,00,2026-01-28,2026-02-10,gcrew,noaa_gefs,03,ShortwaveRadiation_Wm2,13,134.75
gep03,00,2026-01-28,2026-02-10,gcrew,noaa_gefs,03,WindSpeed_ms_mean,13,5.259966799674645
gep03,00,2026-01-28,2026-02-11,gcrew,noaa_gefs,03,AirTemp_C_mean,14,-4.653044128417946
gep03,00,2026-01-28,2026-02-11,gcrew,noaa_gefs,03,Pressure_Pa,14,101637.04296875
gep03,00,2026-01-28,2026-02-11,gcrew,noaa_gefs,03,RH_percent_mean,14,69.65564918518066
gep03,00,2026-01-28,2026-02-11,gcrew,noaa_gefs,03,Rain_mm_sum,14,0
gep03,00,2026-01-28,2026-02-11,gcrew,noaa_gefs,03,ShortwaveRadiation_Wm2,14,179.5
gep03,00,2026-01-28,2026-02-11,gcrew,noaa_gefs,03,WindSpeed_ms_mean,14,8.026119124547929
gep03,00,2026-01-28,2026-02-12,gcrew,noaa_gefs,03,AirTemp_C_mean,15,-3.519529724121071
gep03,00,2026-01-28,2026-02-12,gcrew,noaa_gefs,03,Pressure_Pa,15,101760.71875
gep03,00,2026-01-28,2026-02-12,gcrew,noaa_gefs,03,RH_percent_mean,15,71.13922119140625
gep03,00,2026-01-28,2026-02-12,gcrew,noaa_gefs,03,Rain_mm_sum,15,0
gep03,00,2026-01-28,2026-02-12,gcrew,noaa_gefs,03,ShortwaveRadiation_Wm2,15,178.25
gep03,00,2026-01-28,2026-02-12,gcrew,noaa_gefs,03,WindSpeed_ms_mean,15,7.753901032955588
gep03,00,2026-01-28,2026-02-13,gcrew,noaa_gefs,03,AirTemp_C_mean,16,-2.7990249633788835
gep03,00,2026-01-28,2026-02-13,gcrew,noaa_gefs,03,Pressure_Pa,16,101736.001953125
gep03,00,2026-01-28,2026-02-13,gcrew,noaa_gefs,03,RH_percent_mean,16,63.89894676208496
gep03,00,2026-01-28,2026-02-13,gcrew,noaa_gefs,03,Rain_mm_sum,16,0
gep03,00,2026-01-28,2026-02-13,gcrew,noaa_gefs,03,ShortwaveRadiation_Wm2,16,143.25
gep03,00,2026-01-28,2026-02-13,gcrew,noaa_gefs,03,WindSpeed_ms_mean,16,6.434746689935362
gep03,00,2026-01-28,2026-02-14,gcrew,noaa_gefs,03,AirTemp_C_mean,17,-2.5064834594726335
gep03,00,2026-01-28,2026-02-14,gcrew,noaa_gefs,03,Pressure_Pa,17,101387.0625
gep03,00,2026-01-28,2026-02-14,gcrew,noaa_gefs,03,RH_percent_mean,17,63.91810321807861
gep03,00,2026-01-28,2026-02-14,gcrew,noaa_gefs,03,Rain_mm_sum,17,0
gep03,00,2026-01-28,2026-02-14,gcrew,noaa_gefs,03,ShortwaveRadiation_Wm2,17,174
gep03,00,2026-01-28,2026-02-14,gcrew,noaa_gefs,03,WindSpeed_ms_mean,17,4.505267943240719
gep03,00,2026-01-28,2026-02-15,gcrew,noaa_gefs,03,AirTemp_C_mean,18,-1.092008972167946
gep03,00,2026-01-28,2026-02-15,gcrew,noaa_gefs,03,Pressure_Pa,18,101645.232421875
gep03,00,2026-01-28,2026-02-15,gcrew,noaa_gefs,03,RH_percent_mean,18,69.99055099487305
gep03,00,2026-01-28,2026-02-15,gcrew,noaa_gefs,03,Rain_mm_sum,18,0
gep03,00,2026-01-28,2026-02-15,gcrew,noaa_gefs,03,ShortwaveRadiation_Wm2,18,159.5
gep03,00,2026-01-28,2026-02-15,gcrew,noaa_gefs,03,WindSpeed_ms_mean,18,3.138143268840961
gep03,00,2026-01-28,2026-02-16,gcrew,noaa_gefs,03,AirTemp_C_mean,19,1.369630432128929
gep03,00,2026-01-28,2026-02-16,gcrew,noaa_gefs,03,Pressure_Pa,19,101803.056640625
gep03,00,2026-01-28,2026-02-16,gcrew,noaa_gefs,03,RH_percent_mean,19,79.61123466491699
gep03,00,2026-01-28,2026-02-16,gcrew,noaa_gefs,03,Rain_mm_sum,19,0.20000000298023224
gep03,00,2026-01-28,2026-02-16,gcrew,noaa_gefs,03,ShortwaveRadiation_Wm2,19,87.75
gep03,00,2026-01-28,2026-02-16,gcrew,noaa_gefs,03,WindSpeed_ms_mean,19,3.3481034252777753
gep03,00,2026-01-28,2026-02-17,gcrew,noaa_gefs,03,AirTemp_C_mean,20,0.7386337280273665
gep03,00,2026-01-28,2026-02-17,gcrew,noaa_gefs,03,Pressure_Pa,20,101786.171875
gep03,00,2026-01-28,2026-02-17,gcrew,noaa_gefs,03,RH_percent_mean,20,84.81830406188965
gep03,00,2026-01-28,2026-02-17,gcrew,noaa_gefs,03,Rain_mm_sum,20,7.099999904632568
gep03,00,2026-01-28,2026-02-17,gcrew,noaa_gefs,03,ShortwaveRadiation_Wm2,20,22.25
gep03,00,2026-01-28,2026-02-17,gcrew,noaa_gefs,03,WindSpeed_ms_mean,20,4.584310341175985
gep03,00,2026-01-28,2026-02-18,gcrew,noaa_gefs,03,AirTemp_C_mean,21,4.854364013671898
gep03,00,2026-01-28,2026-02-18,gcrew,noaa_gefs,03,Pressure_Pa,21,100528.912109375
gep03,00,2026-01-28,2026-02-18,gcrew,noaa_gefs,03,RH_percent_mean,21,98.09432792663574
gep03,00,2026-01-28,2026-02-18,gcrew,noaa_gefs,03,Rain_mm_sum,21,9.100000143051147
gep03,00,2026-01-28,2026-02-18,gcrew,noaa_gefs,03,ShortwaveRadiation_Wm2,21,34
gep03,00,2026-01-28,2026-02-18,gcrew,noaa_gefs,03,WindSpeed_ms_mean,21,2.3743466397881434
gep03,00,2026-01-28,2026-02-19,gcrew,noaa_gefs,03,AirTemp_C_mean,22,2.8552337646484602
gep03,00,2026-01-28,2026-02-19,gcrew,noaa_gefs,03,Pressure_Pa,22,100285.193359375
gep03,00,2026-01-28,2026-02-19,gcrew,noaa_gefs,03,RH_percent_mean,22,85.17862129211426
gep03,00,2026-01-28,2026-02-19,gcrew,noaa_gefs,03,Rain_mm_sum,22,0.30000001192092896
gep03,00,2026-01-28,2026-02-19,gcrew,noaa_gefs,03,ShortwaveRadiation_Wm2,22,69.75
gep03,00,2026-01-28,2026-02-19,gcrew,noaa_gefs,03,WindSpeed_ms_mean,22,4.774511407394309
gep03,00,2026-01-28,2026-02-20,gcrew,noaa_gefs,03,AirTemp_C_mean,23,-9.267301940917946
gep03,00,2026-01-28,2026-02-20,gcrew,noaa_gefs,03,Pressure_Pa,23,101475.0859375
gep03,00,2026-01-28,2026-02-20,gcrew,noaa_gefs,03,RH_percent_mean,23,50.81293869018555
gep03,00,2026-01-28,2026-02-20,gcrew,noaa_gefs,03,Rain_mm_sum,23,0
gep03,00,2026-01-28,2026-02-20,gcrew,noaa_gefs,03,ShortwaveRadiation_Wm2,23,183
gep03,00,2026-01-28,2026-02-20,gcrew,noaa_gefs,03,WindSpeed_ms_mean,23,10.622410091968261
gep03,00,2026-01-28,2026-02-21,gcrew,noaa_gefs,03,AirTemp_C_mean,24,-10.929685974121071
gep03,00,2026-01-28,2026-02-21,gcrew,noaa_gefs,03,Pressure_Pa,24,102074.087890625
gep03,00,2026-01-28,2026-02-21,gcrew,noaa_gefs,03,RH_percent_mean,24,47.823272705078125
gep03,00,2026-01-28,2026-02-21,gcrew,noaa_gefs,03,Rain_mm_sum,24,0
gep03,00,2026-01-28,2026-02-21,gcrew,noaa_gefs,03,ShortwaveRadiation_Wm2,24,187
gep03,00,2026-01-28,2026-02-21,gcrew,noaa_gefs,03,WindSpeed_ms_mean,24,6.5561279655405835
gep03,00,2026-01-28,2026-02-22,gcrew,noaa_gefs,03,AirTemp_C_mean,25,-7.766607666015602
gep03,00,2026-01-28,2026-02-22,gcrew,noaa_gefs,03,Pressure_Pa,25,102546.142578125
gep03,00,2026-01-28,2026-02-22,gcrew,noaa_gefs,03,RH_percent_mean,25,56.11021900177002
gep03,00,2026-01-28,2026-02-22,gcrew,noaa_gefs,03,Rain_mm_sum,25,0
gep03,00,2026-01-28,2026-02-22,gcrew,noaa_gefs,03,ShortwaveRadiation_Wm2,25,200.25
gep03,00,2026-01-28,2026-02-22,gcrew,noaa_gefs,03,WindSpeed_ms_mean,25,7.731225422210707
gep03,00,2026-01-28,2026-02-23,gcrew,noaa_gefs,03,AirTemp_C_mean,26,-2.8251098632812273
gep03,00,2026-01-28,2026-02-23,gcrew,noaa_gefs,03,Pressure_Pa,26,102910.716796875
gep03,00,2026-01-28,2026-02-23,gcrew,noaa_gefs,03,RH_percent_mean,26,53.88744640350342
gep03,00,2026-01-28,2026-02-23,gcrew,noaa_gefs,03,Rain_mm_sum,26,0
gep03,00,2026-01-28,2026-02-23,gcrew,noaa_gefs,03,ShortwaveRadiation_Wm2,26,202.5
gep03,00,2026-01-28,2026-02-23,gcrew,noaa_gefs,03,WindSpeed_ms_mean,26,4.84067752247645
gep03,00,2026-01-28,2026-02-24,gcrew,noaa_gefs,03,AirTemp_C_mean,27,1.597322082519554
gep03,00,2026-01-28,2026-02-24,gcrew,noaa_gefs,03,Pressure_Pa,27,102109.3046875
gep03,00,2026-01-28,2026-02-24,gcrew,noaa_gefs,03,RH_percent_mean,27,62.64256954193115
gep03,00,2026-01-28,2026-02-24,gcrew,noaa_gefs,03,Rain_mm_sum,27,0
gep03,00,2026-01-28,2026-02-24,gcrew,noaa_gefs,03,ShortwaveRadiation_Wm2,27,116.5
gep03,00,2026-01-28,2026-02-24,gcrew,noaa_gefs,03,WindSpeed_ms_mean,27,5.3985288138153145
gep03,00,2026-01-28,2026-02-25,gcrew,noaa_gefs,03,AirTemp_C_mean,28,3.3727813720703352
gep03,00,2026-01-28,2026-02-25,gcrew,noaa_gefs,03,Pressure_Pa,28,101713.029296875
gep03,00,2026-01-28,2026-02-25,gcrew,noaa_gefs,03,RH_percent_mean,28,82.43609428405762
gep03,00,2026-01-28,2026-02-25,gcrew,noaa_gefs,03,Rain_mm_sum,28,0
gep03,00,2026-01-28,2026-02-25,gcrew,noaa_gefs,03,ShortwaveRadiation_Wm2,28,183.25
gep03,00,2026-01-28,2026-02-25,gcrew,noaa_gefs,03,WindSpeed_ms_mean,28,2.7927366152488466
gep03,00,2026-01-28,2026-02-26,gcrew,noaa_gefs,03,AirTemp_C_mean,29,4.269799804687523
gep03,00,2026-01-28,2026-02-26,gcrew,noaa_gefs,03,Pressure_Pa,29,101386.140625
gep03,00,2026-01-28,2026-02-26,gcrew,noaa_gefs,03,RH_percent_mean,29,76.72475337982178
gep03,00,2026-01-28,2026-02-26,gcrew,noaa_gefs,03,Rain_mm_sum,29,0.6100000143051147
gep03,00,2026-01-28,2026-02-26,gcrew,noaa_gefs,03,ShortwaveRadiation_Wm2,29,157.75
gep03,00,2026-01-28,2026-02-26,gcrew,noaa_gefs,03,WindSpeed_ms_mean,29,5.374720606390739
gep03,00,2026-01-28,2026-02-27,gcrew,noaa_gefs,03,AirTemp_C_mean,30,-2.2006057739257585
gep03,00,2026-01-28,2026-02-27,gcrew,noaa_gefs,03,Pressure_Pa,30,102063.791015625
gep03,00,2026-01-28,2026-02-27,gcrew,noaa_gefs,03,RH_percent_mean,30,60.6358585357666
gep03,00,2026-01-28,2026-02-27,gcrew,noaa_gefs,03,Rain_mm_sum,30,0
gep03,00,2026-01-28,2026-02-27,gcrew,noaa_gefs,03,ShortwaveRadiation_Wm2,30,208.75
gep03,00,2026-01-28,2026-02-27,gcrew,noaa_gefs,03,WindSpeed_ms_mean,30,4.223661637522698
gep03,00,2026-01-28,2026-02-28,gcrew,noaa_gefs,03,AirTemp_C_mean,31,2.8180099487304915
gep03,00,2026-01-28,2026-02-28,gcrew,noaa_gefs,03,Pressure_Pa,31,102096.6484375
gep03,00,2026-01-28,2026-02-28,gcrew,noaa_gefs,03,RH_percent_mean,31,73.37237644195557
gep03,00,2026-01-28,2026-02-28,gcrew,noaa_gefs,03,Rain_mm_sum,31,0
gep03,00,2026-01-28,2026-02-28,gcrew,noaa_gefs,03,ShortwaveRadiation_Wm2,31,182.75
gep03,00,2026-01-28,2026-02-28,gcrew,noaa_gefs,03,WindSpeed_ms_mean,31,2.7731910157020536
gep03,00,2026-01-28,2026-03-01,gcrew,noaa_gefs,03,AirTemp_C_mean,32,10.715417480468773
gep03,00,2026-01-28,2026-03-01,gcrew,noaa_gefs,03,Pressure_Pa,32,101821.703125
gep03,00,2026-01-28,2026-03-01,gcrew,noaa_gefs,03,RH_percent_mean,32,78.44407558441162
gep03,00,2026-01-28,2026-03-01,gcrew,noaa_gefs,03,Rain_mm_sum,32,0.10000000149011612
gep03,00,2026-01-28,2026-03-01,gcrew,noaa_gefs,03,ShortwaveRadiation_Wm2,32,188
gep03,00,2026-01-28,2026-03-01,gcrew,noaa_gefs,03,WindSpeed_ms_mean,32,4.440940868795268
gep03,00,2026-01-28,2026-03-02,gcrew,noaa_gefs,03,AirTemp_C_mean,33,8.776765441894554
gep03,00,2026-01-28,2026-03-02,gcrew,noaa_gefs,03,Pressure_Pa,33,102014.58203125
gep03,00,2026-01-28,2026-03-02,gcrew,noaa_gefs,03,RH_percent_mean,33,87.70235443115234
gep03,00,2026-01-28,2026-03-02,gcrew,noaa_gefs,03,Rain_mm_sum,33,1.2000000476837158
gep03,00,2026-01-28,2026-03-02,gcrew,noaa_gefs,03,ShortwaveRadiation_Wm2,33,148.25
gep03,00,2026-01-28,2026-03-02,gcrew,noaa_gefs,03,WindSpeed_ms_mean,33,4.63763027527913
gep03,00,2026-01-28,2026-03-03,gcrew,noaa_gefs,03,AirTemp_C_mean,34,11.128327941894554
gep03,00,2026-01-28,2026-03-03,gcrew,noaa_gefs,03,Pressure_Pa,34,100700.955078125
gep03,00,2026-01-28,2026-03-03,gcrew,noaa_gefs,03,RH_percent_mean,34,81.373138427734375
gep03,00,2026-01-28,2026-03-03,gcrew,noaa_gefs,03,Rain_mm_sum,34,39.5
gep03,00,2026-01-28,2026-03-03,gcrew,noaa_gefs,03,ShortwaveRadiation_Wm2,34,137
gep03,00,2026-01-28,2026-03-03,gcrew,noaa_gefs,03,WindSpeed_ms_mean,34,6.95522383090104
gep04,00,2026-01-28,2026-01-29,gcrew,noaa_gefs,04,AirTemp_C_mean,1,-7.280580902099587
gep04,00,2026-01-28,2026-01-29,gcrew,noaa_gefs,04,Pressure_Pa,1,102287.724609375
gep04,00,2026-01-28,2026-01-29,gcrew,noaa_gefs,04,RH_percent_mean,1,76.07372665405273
gep04,00,2026-01-28,2026-01-29,gcrew,noaa_gefs,04,Rain_mm_sum,1,0.10000000149011612
gep04,00,2026-01-28,2026-01-29,gcrew,noaa_gefs,04,ShortwaveRadiation_Wm2,1,150.125
gep04,00,2026-01-28,2026-01-29,gcrew,noaa_gefs,04,WindSpeed_ms_mean,1,5.488174929013097
gep04,00,2026-01-28,2026-01-30,gcrew,noaa_gefs,04,AirTemp_C_mean,2,-7.0662673950195085
gep04,00,2026-01-28,2026-01-30,gcrew,noaa_gefs,04,Pressure_Pa,2,102186.884765625
gep04,00,2026-01-28,2026-01-30,gcrew,noaa_gefs,04,RH_percent_mean,2,85.883331298828125
gep04,00,2026-01-28,2026-01-30,gcrew,noaa_gefs,04,Rain_mm_sum,2,3.400000035762787
gep04,00,2026-01-28,2026-01-30,gcrew,noaa_gefs,04,ShortwaveRadiation_Wm2,2,91
gep04,00,2026-01-28,2026-01-30,gcrew,noaa_gefs,04,WindSpeed_ms_mean,2,4.310190691157695
gep04,00,2026-01-28,2026-01-31,gcrew,noaa_gefs,04,AirTemp_C_mean,3,-8.19930496215818
gep04,00,2026-01-28,2026-01-31,gcrew,noaa_gefs,04,Pressure_Pa,3,101301.654296875
gep04,00,2026-01-28,2026-01-31,gcrew,noaa_gefs,04,RH_percent_mean,3,95.59107112884521
gep04,00,2026-01-28,2026-01-31,gcrew,noaa_gefs,04,Rain_mm_sum,3,24.890000462532043
gep04,00,2026-01-28,2026-01-31,gcrew,noaa_gefs,04,ShortwaveRadiation_Wm2,3,47
gep04,00,2026-01-28,2026-01-31,gcrew,noaa_gefs,04,WindSpeed_ms_mean,3,10.447140277612919
gep04,00,2026-01-28,2026-02-01,gcrew,noaa_gefs,04,AirTemp_C_mean,4,-5.557821655273415
gep04,00,2026-01-28,2026-02-01,gcrew,noaa_gefs,04,Pressure_Pa,4,99940.41015625
gep04,00,2026-01-28,2026-02-01,gcrew,noaa_gefs,04,RH_percent_mean,4,94.5508918762207
gep04,00,2026-01-28,2026-02-01,gcrew,noaa_gefs,04,Rain_mm_sum,4,22.200000166893005
gep04,00,2026-01-28,2026-02-01,gcrew,noaa_gefs,04,ShortwaveRadiation_Wm2,4,59.5
gep04,00,2026-01-28,2026-02-01,gcrew,noaa_gefs,04,WindSpeed_ms_mean,4,13.510369912418103
gep04,00,2026-01-28,2026-02-02,gcrew,noaa_gefs,04,AirTemp_C_mean,5,-5.524973297119118
gep04,00,2026-01-28,2026-02-02,gcrew,noaa_gefs,04,Pressure_Pa,5,101653.6318359375
gep04,00,2026-01-28,2026-02-02,gcrew,noaa_gefs,04,RH_percent_mean,5,80.55075645446777
gep04,00,2026-01-28,2026-02-02,gcrew,noaa_gefs,04,Rain_mm_sum,5,1.399999976158142
gep04,00,2026-01-28,2026-02-02,gcrew,noaa_gefs,04,ShortwaveRadiation_Wm2,5,151.5
gep04,00,2026-01-28,2026-02-02,gcrew,noaa_gefs,04,WindSpeed_ms_mean,5,8.067561597422333
gep04,00,2026-01-28,2026-02-03,gcrew,noaa_gefs,04,AirTemp_C_mean,6,-5.25441970825193
gep04,00,2026-01-28,2026-02-03,gcrew,noaa_gefs,04,Pressure_Pa,6,102473.724609375
gep04,00,2026-01-28,2026-02-03,gcrew,noaa_gefs,04,RH_percent_mean,6,78.25176620483398
gep04,00,2026-01-28,2026-02-03,gcrew,noaa_gefs,04,Rain_mm_sum,6,0
gep04,00,2026-01-28,2026-02-03,gcrew,noaa_gefs,04,ShortwaveRadiation_Wm2,6,163.375
gep04,00,2026-01-28,2026-02-03,gcrew,noaa_gefs,04,WindSpeed_ms_mean,6,3.967009672131133
gep04,00,2026-01-28,2026-02-04,gcrew,noaa_gefs,04,AirTemp_C_mean,7,-1.8118385314941179
gep04,00,2026-01-28,2026-02-04,gcrew,noaa_gefs,04,Pressure_Pa,7,102940.9130859375
gep04,00,2026-01-28,2026-02-04,gcrew,noaa_gefs,04,RH_percent_mean,7,83.65248394012451
gep04,00,2026-01-28,2026-02-04,gcrew,noaa_gefs,04,Rain_mm_sum,7,0.009999999776482582
gep04,00,2026-01-28,2026-02-04,gcrew,noaa_gefs,04,ShortwaveRadiation_Wm2,7,109.5
gep04,00,2026-01-28,2026-02-04,gcrew,noaa_gefs,04,WindSpeed_ms_mean,7,2.1674175981691817
gep04,00,2026-01-28,2026-02-05,gcrew,noaa_gefs,04,AirTemp_C_mean,8,1.069429016113304
gep04,00,2026-01-28,2026-02-05,gcrew,noaa_gefs,04,Pressure_Pa,8,101906.8251953125
gep04,00,2026-01-28,2026-02-05,gcrew,noaa_gefs,04,RH_percent_mean,8,94.48931217193604
gep04,00,2026-01-28,2026-02-05,gcrew,noaa_gefs,04,Rain_mm_sum,8,0.20000000298023224
gep04,00,2026-01-28,2026-02-05,gcrew,noaa_gefs,04,ShortwaveRadiation_Wm2,8,76.875
gep04,00,2026-01-28,2026-02-05,gcrew,noaa_gefs,04,WindSpeed_ms_mean,8,3.684263806468948
gep04,00,2026-01-28,2026-02-06,gcrew,noaa_gefs,04,AirTemp_C_mean,9,2.753424944196451
gep04,00,2026-01-28,2026-02-06,gcrew,noaa_gefs,04,Pressure_Pa,9,100416.97879464286
gep04,00,2026-01-28,2026-02-06,gcrew,noaa_gefs,04,RH_percent_mean,9,86.28384617396763
gep04,00,2026-01-28,2026-02-06,gcrew,noaa_gefs,04,Rain_mm_sum,9,0.9999999925494194
gep04,00,2026-01-28,2026-02-06,gcrew,noaa_gefs,04,ShortwaveRadiation_Wm2,9,160
gep04,00,2026-01-28,2026-02-06,gcrew,noaa_gefs,04,WindSpeed_ms_mean,9,7.2776915238674205
gep04,00,2026-01-28,2026-02-07,gcrew,noaa_gefs,04,AirTemp_C_mean,10,-5.779425048828102
gep04,00,2026-01-28,2026-02-07,gcrew,noaa_gefs,04,Pressure_Pa,10,101461.65625
gep04,00,2026-01-28,2026-02-07,gcrew,noaa_gefs,04,RH_percent_mean,10,72.17018508911133
gep04,00,2026-01-28,2026-02-07,gcrew,noaa_gefs,04,Rain_mm_sum,10,0
gep04,00,2026-01-28,2026-02-07,gcrew,noaa_gefs,04,ShortwaveRadiation_Wm2,10,149.5
gep04,00,2026-01-28,2026-02-07,gcrew,noaa_gefs,04,WindSpeed_ms_mean,10,4.217680666860886
gep04,00,2026-01-28,2026-02-08,gcrew,noaa_gefs,04,AirTemp_C_mean,11,-7.681547546386696
gep04,00,2026-01-28,2026-02-08,gcrew,noaa_gefs,04,Pressure_Pa,11,102029.173828125
gep04,00,2026-01-28,2026-02-08,gcrew,noaa_gefs,04,RH_percent_mean,11,68.76657009124756
gep04,00,2026-01-28,2026-02-08,gcrew,noaa_gefs,04,Rain_mm_sum,11,0
gep04,00,2026-01-28,2026-02-08,gcrew,noaa_gefs,04,ShortwaveRadiation_Wm2,11,174.25
gep04,00,2026-01-28,2026-02-08,gcrew,noaa_gefs,04,WindSpeed_ms_mean,11,7.886064993607651
gep04,00,2026-01-28,2026-02-09,gcrew,noaa_gefs,04,AirTemp_C_mean,12,-4.058538818359352
gep04,00,2026-01-28,2026-02-09,gcrew,noaa_gefs,04,Pressure_Pa,12,101952.376953125
gep04,00,2026-01-28,2026-02-09,gcrew,noaa_gefs,04,RH_percent_mean,12,68.18047332763672
gep04,00,2026-01-28,2026-02-09,gcrew,noaa_gefs,04,Rain_mm_sum,12,0
gep04,00,2026-01-28,2026-02-09,gcrew,noaa_gefs,04,ShortwaveRadiation_Wm2,12,164.25
gep04,00,2026-01-28,2026-02-09,gcrew,noaa_gefs,04,WindSpeed_ms_mean,12,7.975086568269404
gep04,00,2026-01-28,2026-02-10,gcrew,noaa_gefs,04,AirTemp_C_mean,13,-3.093626403808571
gep04,00,2026-01-28,2026-02-10,gcrew,noaa_gefs,04,Pressure_Pa,13,101960.732421875
gep04,00,2026-01-28,2026-02-10,gcrew,noaa_gefs,04,RH_percent_mean,13,68.68310356140137
gep04,00,2026-01-28,2026-02-10,gcrew,noaa_gefs,04,Rain_mm_sum,13,0
gep04,00,2026-01-28,2026-02-10,gcrew,noaa_gefs,04,ShortwaveRadiation_Wm2,13,134.75
gep04,00,2026-01-28,2026-02-10,gcrew,noaa_gefs,04,WindSpeed_ms_mean,13,5.259966799674645
gep04,00,2026-01-28,2026-02-11,gcrew,noaa_gefs,04,AirTemp_C_mean,14,-4.653044128417946
gep04,00,2026-01-28,2026-02-11,gcrew,noaa_gefs,04,Pressure_Pa,14,101637.04296875
gep04,00,2026-01-28,2026-02-11,gcrew,noaa_gefs,04,RH_percent_mean,14,69.65564918518066
gep04,00,2026-01-28,2026-02-11,gcrew,noaa_gefs,04,Rain_mm_sum,14,0
gep04,00,2026-01-28,2026-02-11,gcrew,noaa_gefs,04,ShortwaveRadiation_Wm2,14,179.5
gep04,00,2026-01-28,2026-02-11,gcrew,noaa_gefs,04,WindSpeed_ms_mean,14,8.026119124547929
gep04,00,2026-01-28,2026-02-12,gcrew,noaa_gefs,04,AirTemp_C_mean,15,-3.519529724121071
gep04,00,2026-01-28,2026-02-12,gcrew,noaa_gefs,04,Pressure_Pa,15,101760.71875
gep04,00,2026-01-28,2026-02-12,gcrew,noaa_gefs,04,RH_percent_mean,15,71.13922119140625
gep04,00,2026-01-28,2026-02-12,gcrew,noaa_gefs,04,Rain_mm_sum,15,0
gep04,00,2026-01-28,2026-02-12,gcrew,noaa_gefs,04,ShortwaveRadiation_Wm2,15,178.25
gep04,00,2026-01-28,2026-02-12,gcrew,noaa_gefs,04,WindSpeed_ms_mean,15,7.753901032955588
gep04,00,2026-01-28,2026-02-13,gcrew,noaa_gefs,04,AirTemp_C_mean,16,-2.7990249633788835
gep04,00,2026-01-28,2026-02-13,gcrew,noaa_gefs,04,Pressure_Pa,16,101736.001953125
gep04,00,2026-01-28,2026-02-13,gcrew,noaa_gefs,04,RH_percent_mean,16,63.89894676208496
gep04,00,2026-01-28,2026-02-13,gcrew,noaa_gefs,04,Rain_mm_sum,16,0
gep04,00,2026-01-28,2026-02-13,gcrew,noaa_gefs,04,ShortwaveRadiation_Wm2,16,143.25
gep04,00,2026-01-28,2026-02-13,gcrew,noaa_gefs,04,WindSpeed_ms_mean,16,6.434746689935362
gep04,00,2026-01-28,2026-02-14,gcrew,noaa_gefs,04,AirTemp_C_mean,17,-2.5064834594726335
gep04,00,2026-01-28,2026-02-14,gcrew,noaa_gefs,04,Pressure_Pa,17,101387.0625
gep04,00,2026-01-28,2026-02-14,gcrew,noaa_gefs,04,RH_percent_mean,17,63.91810321807861
gep04,00,2026-01-28,2026-02-14,gcrew,noaa_gefs,04,Rain_mm_sum,17,0
gep04,00,2026-01-28,2026-02-14,gcrew,noaa_gefs,04,ShortwaveRadiation_Wm2,17,174
gep04,00,2026-01-28,2026-02-14,gcrew,noaa_gefs,04,WindSpeed_ms_mean,17,4.505267943240719
gep04,00,2026-01-28,2026-02-15,gcrew,noaa_gefs,04,AirTemp_C_mean,18,-1.092008972167946
gep04,00,2026-01-28,2026-02-15,gcrew,noaa_gefs,04,Pressure_Pa,18,101645.232421875
gep04,00,2026-01-28,2026-02-15,gcrew,noaa_gefs,04,RH_percent_mean,18,69.99055099487305
gep04,00,2026-01-28,2026-02-15,gcrew,noaa_gefs,04,Rain_mm_sum,18,0
gep04,00,2026-01-28,2026-02-15,gcrew,noaa_gefs,04,ShortwaveRadiation_Wm2,18,159.5
gep04,00,2026-01-28,2026-02-15,gcrew,noaa_gefs,04,WindSpeed_ms_mean,18,3.138143268840961
gep04,00,2026-01-28,2026-02-16,gcrew,noaa_gefs,04,AirTemp_C_mean,19,1.369630432128929
gep04,00,2026-01-28,2026-02-16,gcrew,noaa_gefs,04,Pressure_Pa,19,101803.056640625
gep04,00,2026-01-28,2026-02-16,gcrew,noaa_gefs,04,RH_percent_mean,19,79.61123466491699
gep04,00,2026-01-28,2026-02-16,gcrew,noaa_gefs,04,Rain_mm_sum,19,0.20000000298023224
gep04,00,2026-01-28,2026-02-16,gcrew,noaa_gefs,04,ShortwaveRadiation_Wm2,19,87.75
gep04,00,2026-01-28,2026-02-16,gcrew,noaa_gefs,04,WindSpeed_ms_mean,19,3.3481034252777753
gep04,00,2026-01-28,2026-02-17,gcrew,noaa_gefs,04,AirTemp_C_mean,20,0.7386337280273665
gep04,00,2026-01-28,2026-02-17,gcrew,noaa_gefs,04,Pressure_Pa,20,101786.171875
gep04,00,2026-01-28,2026-02-17,gcrew,noaa_gefs,04,RH_percent_mean,20,84.81830406188965
gep04,00,2026-01-28,2026-02-17,gcrew,noaa_gefs,04,Rain_mm_sum,20,7.099999904632568
gep04,00,2026-01-28,2026-02-17,gcrew,noaa_gefs,04,ShortwaveRadiation_Wm2,20,22.25
gep04,00,2026-01-28,2026-02-17,gcrew,noaa_gefs,04,WindSpeed_ms_mean,20,4.584310341175985
gep04,00,2026-01-28,2026-02-18,gcrew,noaa_gefs,04,AirTemp_C_mean,21,4.854364013671898
gep04,00,2026-01-28,2026-02-18,gcrew,noaa_gefs,04,Pressure_Pa,21,100528.912109375
gep04,00,2026-01-28,2026-02-18,gcrew,noaa_gefs,04,RH_percent_mean,21,98.09432792663574
gep04,00,2026-01-28,2026-02-18,gcrew,noaa_gefs,04,Rain_mm_sum,21,9.100000143051147
gep04,00,2026-01-28,2026-02-18,gcrew,noaa_gefs,04,ShortwaveRadiation_Wm2,21,34
gep04,00,2026-01-28,2026-02-18,gcrew,noaa_gefs,04,WindSpeed_ms_mean,21,2.3743466397881434
gep04,00,2026-01-28,2026-02-19,gcrew,noaa_gefs,04,AirTemp_C_mean,22,2.8552337646484602
gep04,00,2026-01-28,2026-02-19,gcrew,noaa_gefs,04,Pressure_Pa,22,100285.193359375
gep04,00,2026-01-28,2026-02-19,gcrew,noaa_gefs,04,RH_percent_mean,22,85.17862129211426
gep04,00,2026-01-28,2026-02-19,gcrew,noaa_gefs,04,Rain_mm_sum,22,0.30000001192092896
gep04,00,2026-01-28,2026-02-19,gcrew,noaa_gefs,04,ShortwaveRadiation_Wm2,22,69.75
gep04,00,2026-01-28,2026-02-19,gcrew,noaa_gefs,04,WindSpeed_ms_mean,22,4.774511407394309
gep04,00,2026-01-28,2026-02-20,gcrew,noaa_gefs,04,AirTemp_C_mean,23,-9.267301940917946
gep04,00,2026-01-28,2026-02-20,gcrew,noaa_gefs,04,Pressure_Pa,23,101475.0859375
gep04,00,2026-01-28,2026-02-20,gcrew,noaa_gefs,04,RH_percent_mean,23,50.81293869018555
gep04,00,2026-01-28,2026-02-20,gcrew,noaa_gefs,04,Rain_mm_sum,23,0
gep04,00,2026-01-28,2026-02-20,gcrew,noaa_gefs,04,ShortwaveRadiation_Wm2,23,183
gep04,00,2026-01-28,2026-02-20,gcrew,noaa_gefs,04,WindSpeed_ms_mean,23,10.622410091968261
gep04,00,2026-01-28,2026-02-21,gcrew,noaa_gefs,04,AirTemp_C_mean,24,-10.929685974121071
gep04,00,2026-01-28,2026-02-21,gcrew,noaa_gefs,04,Pressure_Pa,24,102074.087890625
gep04,00,2026-01-28,2026-02-21,gcrew,noaa_gefs,04,RH_percent_mean,24,47.823272705078125
gep04,00,2026-01-28,2026-02-21,gcrew,noaa_gefs,04,Rain_mm_sum,24,0
gep04,00,2026-01-28,2026-02-21,gcrew,noaa_gefs,04,ShortwaveRadiation_Wm2,24,187
gep04,00,2026-01-28,2026-02-21,gcrew,noaa_gefs,04,WindSpeed_ms_mean,24,6.5561279655405835
gep04,00,2026-01-28,2026-02-22,gcrew,noaa_gefs,04,AirTemp_C_mean,25,-7.766607666015602
gep04,00,2026-01-28,2026-02-22,gcrew,noaa_gefs,04,Pressure_Pa,25,102546.142578125
gep04,00,2026-01-28,2026-02-22,gcrew,noaa_gefs,04,RH_percent_mean,25,56.11021900177002
gep04,00,2026-01-28,2026-02-22,gcrew,noaa_gefs,04,Rain_mm_sum,25,0
gep04,00,2026-01-28,2026-02-22,gcrew,noaa_gefs,04,ShortwaveRadiation_Wm2,25,200.25
gep04,00,2026-01-28,2026-02-22,gcrew,noaa_gefs,04,WindSpeed_ms_mean,25,7.731225422210707
gep04,00,2026-01-28,2026-02-23,gcrew,noaa_gefs,04,AirTemp_C_mean,26,-2.8251098632812273
gep04,00,2026-01-28,2026-02-23,gcrew,noaa_gefs,04,Pressure_Pa,26,102910.716796875
gep04,00,2026-01-28,2026-02-23,gcrew,noaa_gefs,04,RH_percent_mean,26,53.88744640350342
gep04,00,2026-01-28,2026-02-23,gcrew,noaa_gefs,04,Rain_mm_sum,26,0
gep04,00,2026-01-28,2026-02-23,gcrew,noaa_gefs,04,ShortwaveRadiation_Wm2,26,202.5
gep04,00,2026-01-28,2026-02-23,gcrew,noaa_gefs,04,WindSpeed_ms_mean,26,4.84067752247645
gep04,00,2026-01-28,2026-02-24,gcrew,noaa_gefs,04,AirTemp_C_mean,27,1.597322082519554
gep04,00,2026-01-28,2026-02-24,gcrew,noaa_gefs,04,Pressure_Pa,27,102109.3046875
gep04,00,2026-01-28,2026-02-24,gcrew,noaa_gefs,04,RH_percent_mean,27,62.64256954193115
gep04,00,2026-01-28,2026-02-24,gcrew,noaa_gefs,04,Rain_mm_sum,27,0
gep04,00,2026-01-28,2026-02-24,gcrew,noaa_gefs,04,ShortwaveRadiation_Wm2,27,116.5
gep04,00,2026-01-28,2026-02-24,gcrew,noaa_gefs,04,WindSpeed_ms_mean,27,5.3985288138153145
gep04,00,2026-01-28,2026-02-25,gcrew,noaa_gefs,04,AirTemp_C_mean,28,3.3727813720703352
gep04,00,2026-01-28,2026-02-25,gcrew,noaa_gefs,04,Pressure_Pa,28,101713.029296875
gep04,00,2026-01-28,2026-02-25,gcrew,noaa_gefs,04,RH_percent_mean,28,82.43609428405762
gep04,00,2026-01-28,2026-02-25,gcrew,noaa_gefs,04,Rain_mm_sum,28,0
gep04,00,2026-01-28,2026-02-25,gcrew,noaa_gefs,04,ShortwaveRadiation_Wm2,28,183.25
gep04,00,2026-01-28,2026-02-25,gcrew,noaa_gefs,04,WindSpeed_ms_mean,28,2.7927366152488466
gep04,00,2026-01-28,2026-02-26,gcrew,noaa_gefs,04,AirTemp_C_mean,29,4.269799804687523
gep04,00,2026-01-28,2026-02-26,gcrew,noaa_gefs,04,Pressure_Pa,29,101386.140625
gep04,00,2026-01-28,2026-02-26,gcrew,noaa_gefs,04,RH_percent_mean,29,76.72475337982178
gep04,00,2026-01-28,2026-02-26,gcrew,noaa_gefs,04,Rain_mm_sum,29,0.6100000143051147
gep04,00,2026-01-28,2026-02-26,gcrew,noaa_gefs,04,ShortwaveRadiation_Wm2,29,157.75
gep04,00,2026-01-28,2026-02-26,gcrew,noaa_gefs,04,WindSpeed_ms_mean,29,5.374720606390739
gep04,00,2026-01-28,2026-02-27,gcrew,noaa_gefs,04,AirTemp_C_mean,30,-2.2006057739257585
gep04,00,2026-01-28,2026-02-27,gcrew,noaa_gefs,04,Pressure_Pa,30,102063.791015625
gep04,00,2026-01-28,2026-02-27,gcrew,noaa_gefs,04,RH_percent_mean,30,60.6358585357666
gep04,00,2026-01-28,2026-02-27,gcrew,noaa_gefs,04,Rain_mm_sum,30,0
gep04,00,2026-01-28,2026-02-27,gcrew,noaa_gefs,04,ShortwaveRadiation_Wm2,30,208.75
gep04,00,2026-01-28,2026-02-27,gcrew,noaa_gefs,04,WindSpeed_ms_mean,30,4.223661637522698
gep04,00,2026-01-28,2026-02-28,gcrew,noaa_gefs,04,AirTemp_C_mean,31,2.8180099487304915
gep04,00,2026-01-28,2026-02-28,gcrew,noaa_gefs,04,Pressure_Pa,31,102096.6484375
gep04,00,2026-01-28,2026-02-28,gcrew,noaa_gefs,04,RH_percent_mean,31,73.37237644195557
gep04,00,2026-01-28,2026-02-28,gcrew,noaa_gefs,04,Rain_mm_sum,31,0
gep04,00,2026-01-28,2026-02-28,gcrew,noaa_gefs,04,ShortwaveRadiation_Wm2,31,182.75
gep04,00,2026-01-28,2026-02-28,gcrew,noaa_gefs,04,WindSpeed_ms_mean,31,2.7731910157020536
gep04,00,2026-01-28,2026-03-01,gcrew,noaa_gefs,04,AirTemp_C_mean,32,10.715417480468773
gep04,00,2026-01-28,2026-03-01,gcrew,noaa_gefs,04,Pressure_Pa,32,101821.703125
gep04,00,2026-01-28,2026-03-01,gcrew,noaa_gefs,04,RH_percent_mean,32,78.44407558441162
gep04,00,2026-01-28,2026-03-01,gcrew,noaa_gefs,04,Rain_mm_sum,32,0.10000000149011612
gep04,00,2026-01-28,2026-03-01,gcrew,noaa_gefs,04,ShortwaveRadiation_Wm2,32,188
gep04,00,2026-01-28,2026-03-01,gcrew,noaa_gefs,04,WindSpeed_ms_mean,32,4.440940868795268
gep04,00,2026-01-28,2026-03-02,gcrew,noaa_gefs,04,AirTemp_C_mean,33,8.776765441894554
gep04,00,2026-01-28,2026-03-02,gcrew,noaa_gefs,04,Pressure_Pa,33,102014.58203125
gep04,00,2026-01-28,2026-03-02,gcrew,noaa_gefs,04,RH_percent_mean,33,87.70235443115234
gep04,00,2026-01-28,2026-03-02,gcrew,noaa_gefs,04,Rain_mm_sum,33,1.2000000476837158
gep04,00,2026-01-28,2026-03-02,gcrew,noaa_gefs,04,ShortwaveRadiation_Wm2,33,148.25
gep04,00,2026-01-28,2026-03-02,gcrew,noaa_gefs,04,WindSpeed_ms_mean,33,4.63763027527913
gep04,00,2026-01-28,2026-03-03,gcrew,noaa_gefs,04,AirTemp_C_mean,34,11.128327941894554
gep04,00,2026-01-28,2026-03-03,gcrew,noaa_gefs,04,Pressure_Pa,34,100700.955078125
gep04,00,2026-01-28,2026-03-03,gcrew,noaa_gefs,04,RH_percent_mean,34,81.373138427734375
gep04,00,2026-01-28,2026-03-03,gcrew,noaa_gefs,04,Rain_mm_sum,34,39.5
gep04,00,2026-01-28,2026-03-03,gcrew,noaa_gefs,04,ShortwaveRadiation_Wm2,34,137
gep04,00,2026-01-28,2026-03-03,gcrew,noaa_gefs,04,WindSpeed_ms_mean,34,6.95522383090104
gep05,00,2026-01-28,2026-01-29,gcrew,noaa_gefs,05,AirTemp_C_mean,1,-7.280580902099587
gep05,00,2026-01-28,2026-01-29,gcrew,noaa_gefs,05,Pressure_Pa,1,102287.724609375
gep05,00,2026-01-28,2026-01-29,gcrew,noaa_gefs,05,RH_percent_mean,1,76.07372665405273
gep05,00,2026-01-28,2026-01-29,gcrew,noaa_gefs,05,Rain_mm_sum,1,0.10000000149011612
gep05,00,2026-01-28,2026-01-29,gcrew,noaa_gefs,05,ShortwaveRadiation_Wm2,1,150.125
gep05,00,2026-01-28,2026-01-29,gcrew,noaa_gefs,05,WindSpeed_ms_mean,1,5.488174929013097
gep05,00,2026-01-28,2026-01-30,gcrew,noaa_gefs,05,AirTemp_C_mean,2,-7.0662673950195085
gep05,00,2026-01-28,2026-01-30,gcrew,noaa_gefs,05,Pressure_Pa,2,102186.884765625
gep05,00,2026-01-28,2026-01-30,gcrew,noaa_gefs,05,RH_percent_mean,2,85.883331298828125
gep05,00,2026-01-28,2026-01-30,gcrew,noaa_gefs,05,Rain_mm_sum,2,3.400000035762787
gep05,00,2026-01-28,2026-01-30,gcrew,noaa_gefs,05,ShortwaveRadiation_Wm2,2,91
gep05,00,2026-01-28,2026-01-30,gcrew,noaa_gefs,05,WindSpeed_ms_mean,2,4.310190691157695
gep05,00,2026-01-28,2026-01-31,gcrew,noaa_gefs,05,AirTemp_C_mean,3,-8.19930496215818
gep05,00,2026-01-28,2026-01-31,gcrew,noaa_gefs,05,Pressure_Pa,3,101301.654296875
gep05,00,2026-01-28,2026-01-31,gcrew,noaa_gefs,05,RH_percent_mean,3,95.59107112884521
gep05,00,2026-01-28,2026-01-31,gcrew,noaa_gefs,05,Rain_mm_sum,3,24.890000462532043
gep05,00,2026-01-28,2026-01-31,gcrew,noaa_gefs,05,ShortwaveRadiation_Wm2,3,47
gep05,00,2026-01-28,2026-01-31,gcrew,noaa_gefs,05,WindSpeed_ms_mean,3,10.447140277612919
gep05,00,2026-01-28,2026-02-01,gcrew,noaa_gefs,05,AirTemp_C_mean,4,-5.557821655273415
gep05,00,2026-01-28,2026-02-01,gcrew,noaa_gefs,05,Pressure_Pa,4,99940.41015625
gep05,00,2026-01-28,2026-02-01,gcrew,noaa_gefs,05,RH_percent_mean,4,94.5508918762207
gep05,00,2026-01-28,2026-02-01,gcrew,noaa_gefs,05,Rain_mm_sum,4,22.200000166893005
gep05,00,2026-01-28,2026-02-01,gcrew,noaa_gefs,05,ShortwaveRadiation_Wm2,4,59.5
gep05,00,2026-01-28,2026-02-01,gcrew,noaa_gefs,05,WindSpeed_ms_mean,4,13.510369912418103
gep05,00,2026-01-28,2026-02-02,gcrew,noaa_gefs,05,AirTemp_C_mean,5,-5.524973297119118
gep05,00,2026-01-28,2026-02-02,gcrew,noaa_gefs,05,Pressure_Pa,5,101653.6318359375
gep05,00,2026-01-28,2026-02-02,gcrew,noaa_gefs,05,RH_percent_mean,5,80.55075645446777
gep05,00,2026-01-28,2026-02-02,gcrew,noaa_gefs,05,Rain_mm_sum,5,1.399999976158142
gep05,00,2026-01-28,2026-02-02,gcrew,noaa_gefs,05,ShortwaveRadiation_Wm2,5,151.5
gep05,00,2026-01-28,2026-02-02,gcrew,noaa_gefs,05,WindSpeed_ms_mean,5,8.067561597422333
gep05,00,2026-01-28,2026-02-03,gcrew,noaa_gefs,05,AirTemp_C_mean,6,-5.25441970825193
gep05,00,2026-01-28,2026-02-03,gcrew,noaa_gefs,05,Pressure_Pa,6,102473.724609375
gep05,00,2026-01-28,2026-02-03,gcrew,noaa_gefs,05,RH_percent_mean,6,78.25176620483398
gep05,00,2026-01-28,2026-02-03,gcrew,noaa_gefs,05,Rain_mm_sum,6,0
gep05,00,2026-01-28,2026-02-03,gcrew,noaa_gefs,05,ShortwaveRadiation_Wm2,6,163.375
gep05,00,2026-01-28,2026-02-03,gcrew,noaa_gefs,05,WindSpeed_ms_mean,6,3.967009672131133
gep05,00,2026-01-28,2026-02-04,gcrew,noaa_gefs,05,AirTemp_C_mean,7,-1.8118385314941179
gep05,00,2026-01-28,2026-02-04,gcrew,noaa_gefs,05,Pressure_Pa,7,102940.9130859375
gep05,00,2026-01-28,2026-02-04,gcrew,noaa_gefs,05,RH_percent_mean,7,83.65248394012451
gep05,00,2026-01-28,2026-02-04,gcrew,noaa_gefs,05,Rain_mm_sum,7,0.009999999776482582
gep05,00,2026-01-28,2026-02-04,gcrew,noaa_gefs,05,ShortwaveRadiation_Wm2,7,109.5
gep05,00,2026-01-28,2026-02-04,gcrew,noaa_gefs,05,WindSpeed_ms_mean,7,2.1674175981691817
gep05,00,2026-01-28,2026-02-05,gcrew,noaa_gefs,05,AirTemp_C_mean,8,1.069429016113304
gep05,00,2026-01-28,2026-02-05,gcrew,noaa_gefs,05,Pressure_Pa,8,101906.8251953125
gep05,00,2026-01-28,2026-02-05,gcrew,noaa_gefs,05,RH_percent_mean,8,94.48931217193604
gep05,00,2026-01-28,2026-02-05,gcrew,noaa_gefs,05,Rain_mm_sum,8,0.20000000298023224
gep05,00,2026-01-28,2026-02-05,gcrew,noaa_gefs,05,ShortwaveRadiation_Wm2,8,76.875
gep05,00,2026-01-28,2026-02-05,gcrew,noaa_gefs,05,WindSpeed_ms_mean,8,3.684263806468948
gep05,00,2026-01-28,2026-02-06,gcrew,noaa_gefs,05,AirTemp_C_mean,9,2.753424944196451
gep05,00,2026-01-28,2026-02-06,gcrew,noaa_gefs,05,Pressure_Pa,9,100416.97879464286
gep05,00,2026-01-28,2026-02-06,gcrew,noaa_gefs,05,RH_percent_mean,9,86.28384617396763
gep05,00,2026-01-28,2026-02-06,gcrew,noaa_gefs,05,Rain_mm_sum,9,0.9999999925494194
gep05,00,2026-01-28,2026-02-06,gcrew,noaa_gefs,05,ShortwaveRadiation_Wm2,9,160
gep05,00,2026-01-28,2026-02-06,gcrew,noaa_gefs,05,WindSpeed_ms_mean,9,7.2776915238674205
gep05,00,2026-01-28,2026-02-07,gcrew,noaa_gefs,05,AirTemp_C_mean,10,-5.779425048828102
gep05,00,2026-01-28,2026-02-07,gcrew,noaa_gefs,05,Pressure_Pa,10,101461.65625
gep05,00,2026-01-28,2026-02-07,gcrew,noaa_gefs,05,RH_percent_mean,10,72.17018508911133
gep05,00,2026-01-28,2026-02-07,gcrew,noaa_gefs,05,Rain_mm_sum,10,0
gep05,00,2026-01-28,2026-02-07,gcrew,noaa_gefs,05,ShortwaveRadiation_Wm2,10,149.5
gep05,00,2026-01-28,2026-02-07,gcrew,noaa_gefs,05,WindSpeed_ms_mean,10,4.217680666860886
gep05,00,2026-01-28,2026-02-08,gcrew,noaa_gefs,05,AirTemp_C_mean,11,-7.681547546386696
gep05,00,2026-01-28,2026-02-08,gcrew,noaa_gefs,05,Pressure_Pa,11,102029.173828125
gep05,00,2026-01-28,2026-02-08,gcrew,noaa_gefs,05,RH_percent_mean,11,68.76657009124756
gep05,00,2026-01-28,2026-02-08,gcrew,noaa_gefs,05,Rain_mm_sum,11,0
gep05,00,2026-01-28,2026-02-08,gcrew,noaa_gefs,05,ShortwaveRadiation_Wm2,11,174.25
gep05,00,2026-01-28,2026-02-08,gcrew,noaa_gefs,05,WindSpeed_ms_mean,11,7.886064993607651
gep05,00,2026-01-28,2026-02-09,gcrew,noaa_gefs,05,AirTemp_C_mean,12,-4.058538818359352
gep05,00,2026-01-28,2026-02-09,gcrew,noaa_gefs,05,Pressure_Pa,12,101952.376953125
gep05,00,2026-01-28,2026-02-09,gcrew,noaa_gefs,05,RH_percent_mean,12,68.18047332763672
gep05,00,2026-01-28,2026-02-09,gcrew,noaa_gefs,05,Rain_mm_sum,12,0
gep05,00,2026-01-28,2026-02-09,gcrew,noaa_gefs,05,ShortwaveRadiation_Wm2,12,164.25
gep05,00,2026-01-28,2026-02-09,gcrew,noaa_gefs,05,WindSpeed_ms_mean,12,7.975086568269404
gep05,00,2026-01-28,2026-02-10,gcrew,noaa_gefs,05,AirTemp_C_mean,13,-3.093626403808571
gep05,00,2026-01-28,2026-02-10,gcrew,noaa_gefs,05,Pressure_Pa,13,101960.732421875
gep05,00,2026-01-28,2026-02-10,gcrew,noaa_gefs,05,RH_percent_mean,13,68.68310356140137
gep05,00,2026-01-28,2026-02-10,gcrew,noaa_gefs,05,Rain_mm_sum,13,0
gep05,00,2026-01-28,2026-02-10,gcrew,noaa_gefs,05,ShortwaveRadiation_Wm2,13,134.75
gep05,00,2026-01-28,2026-02-10,gcrew,noaa_gefs,05,WindSpeed_ms_mean,13,5.259966799674645
gep05,00,2026-01-28,2026-02-11,gcrew,noaa_gefs,05,AirTemp_C_mean,14,-4.653044128417946
gep05,00,2026-01-28,2026-02-11,gcrew,noaa_gefs,05,Pressure_Pa,14,101637.04296875
gep05,00,2026-01-28,2026-02-11,gcrew,noaa_gefs,05,RH_percent_mean,14,69.65564918518066
gep05,00,2026-01-28,2026-02-11,gcrew,noaa_gefs,05,Rain_mm_sum,14,0
gep05,00,2026-01-28,2026-02-11,gcrew,noaa_gefs,05,ShortwaveRadiation_Wm2,14,179.5
gep05,00,2026-01-28,2026-02-11,gcrew,noaa_gefs,05,WindSpeed_ms_mean,14,8.026119124547929
gep05,00,2026-01-28,2026-02-12,gcrew,noaa_gefs,05,AirTemp_C_mean,15,-3.519529724121071
gep05,00,2026-01-28,2026-02-12,gcrew,noaa_gefs,05,Pressure_Pa,15,101760.71875
gep05,00,2026-01-28,2026-02-12,gcrew,noaa_gefs,05,RH_percent_mean,15,71.13922119140625
gep05,00,2026-01-28,2026-02-12,gcrew,noaa_gefs,05,Rain_mm_sum,15,0
gep05,00,2026-01-28,2026-02-12,gcrew,noaa_gefs,05,ShortwaveRadiation_Wm2,15,178.25
gep05,00,2026-01-28,2026-02-12,gcrew,noaa_gefs,05,WindSpeed_ms_mean,15,7.753901032955588
gep05,00,2026-01-28,2026-02-13,gcrew,noaa_gefs,05,AirTemp_C_mean,16,-2.7990249633788835
gep05,00,2026-01-28,2026-02-13,gcrew,noaa_gefs,05,Pressure_Pa,16,101736.001953125
gep05,00,2026-01-28,2026-02-13,gcrew,noaa_gefs,05,RH_percent_mean,16,63.89894676208496
gep05,00,2026-01-28,2026-02-13,gcrew,noaa_gefs,05,Rain_mm_sum,16,0
gep05,00,2026-01-28,2026-02-13,gcrew,noaa_gefs,05,ShortwaveRadiation_Wm2,16,143.25
gep05,00,2026-01-28,2026-02-13,gcrew,noaa_gefs,05,WindSpeed_ms_mean,16,6.434746689935362
gep05,00,2026-01-28,2026-02-14,gcrew,noaa_gefs,05,AirTemp_C_mean,17,-2.5064834594726335
gep05,00,2026-01-28,2026-02-14,gcrew,noaa_gefs,05,Pressure_Pa,17,101387.0625
gep05,00,2026-01-28,2026-02-14,gcrew,noaa_gefs,05,RH_percent_mean,17,63.91810321807861
gep05,00,2026-01-28,2026-02-14,gcrew,noaa_gefs,05,Rain_mm_sum,17,0
gep05,00,2026-01-28,2026-02-14,gcrew,noaa_gefs,05,ShortwaveRadiation_Wm2,17,174
gep05,00,2026-01-28,2026-02-14,gcrew,noaa_gefs,05,WindSpeed_ms_mean,17,4.505267943240719
gep05,00,2026-01-28,2026-02-15,gcrew,noaa_gefs,05,AirTemp_C_mean,18,-1.092008972167946
gep05,00,2026-01-28,2026-02-15,gcrew,noaa_gefs,05,Pressure_Pa,18,101645.232421875
gep05,00,2026-01-28,2026-02-15,gcrew,noaa_gefs,05,RH_percent_mean,18,69.99055099487305
gep05,00,2026-01-28,2026-02-15,gcrew,noaa_gefs,05,Rain_mm_sum,18,0
gep05,00,2026-01-28,2026-02-15,gcrew,noaa_gefs,05,ShortwaveRadiation_Wm2,18,159.5
gep05,00,2026-01-28,2026-02-15,gcrew,noaa_gefs,05,WindSpeed_ms_mean,18,3.138143268840961
gep05,00,2026-01-28,2026-02-16,gcrew,noaa_gefs,05,AirTemp_C_mean,19,1.369630432128929
gep05,00,2026-01-28,2026-02-16,gcrew,noaa_gefs,05,Pressure_Pa,19,101803.056640625
gep05,00,2026-01-28,2026-02-16,gcrew,noaa_gefs,05,RH_percent_mean,19,79.61123466491699
gep05,00,2026-01-28,2026-02-16,gcrew,noaa_gefs,05,Rain_mm_sum,19,0.20000000298023224
gep05,00,2026-01-28,2026-02-16,gcrew,noaa_gefs,05,ShortwaveRadiation_Wm2,19,87.75
gep05,00,2026-01-28,2026-02-16,gcrew,noaa_gefs,05,WindSpeed_ms_mean,19,3.3481034252777753
gep05,00,2026-01-28,2026-02-17,gcrew,noaa_gefs,05,AirTemp_C_mean,20,0.7386337280273665
gep05,00,2026-01-28,2026-02-17,gcrew,noaa_gefs,05,Pressure_Pa,20,101786.171875
gep05,00,2026-01-28,2026-02-17,gcrew,noaa_gefs,05,RH_percent_mean,20,84.81830406188965
gep05,00,2026-01-28,2026-02-17,gcrew,noaa_gefs,05,Rain_mm_sum,20,7.099999904632568
gep05,00,2026-01-28,2026-02-17,gcrew,noaa_gefs,05,ShortwaveRadiation_Wm2,20,22.25
gep05,00,2026-01-28,2026-02-17,gcrew,noaa_gefs,05,WindSpeed_ms_mean,20,4.584310341175985
gep05,00,2026-01-28,2026-02-18,gcrew,noaa_gefs,05,AirTemp_C_mean,21,4.854364013671898
gep05,00,2026-01-28,2026-02-18,gcrew,noaa_gefs,05,Pressure_Pa,21,100528.912109375
gep05,00,2026-01-28,2026-02-18,gcrew,noaa_gefs,05,RH_percent_mean,21,98.09432792663574
gep05,00,2026-01-28,2026-02-18,gcrew,noaa_gefs,05,Rain_mm_sum,21,9.100000143051147
gep05,00,2026-01-28,2026-02-18,gcrew,noaa_gefs,05,ShortwaveRadiation_Wm2,21,34
gep05,00,2026-01-28,2026-02-18,gcrew,noaa_gefs,05,WindSpeed_ms_mean,21,2.3743466397881434
gep05,00,2026-01-28,2026-02-19,gcrew,noaa_gefs,05,AirTemp_C_mean,22,2.8552337646484602
gep05,00,2026-01-28,2026-02-19,gcrew,noaa_gefs,05,Pressure_Pa,22,100285.193359375
gep05,00,2026-01-28,2026-02-19,gcrew,noaa_gefs,05,RH_percent_mean,22,85.17862129211426
gep05,00,2026-01-28,2026-02-19,gcrew,noaa_gefs,05,Rain_mm_sum,22,0.30000001192092896
gep05,00,2026-01-28,2026-02-19,gcrew,noaa_gefs,05,ShortwaveRadiation_Wm2,22,69.75
gep05,00,2026-01-28,2026-02-19,gcrew,noaa_gefs,05,WindSpeed_ms_mean,22,4.774511407394309
gep05,00,2026-01-28,2026-02-20,gcrew,noaa_gefs,05,AirTemp_C_mean,23,-9.267301940917946
gep05,00,2026-01-28,2026-02-20,gcrew,noaa_gefs,05,Pressure_Pa,23,101475.0859375
gep05,00,2026-01-28,2026-02-20,gcrew,noaa_gefs,05,RH_percent_mean,23,50.81293869018555
gep05,00,2026-01-28,2026-02-20,gcrew,noaa_gefs,05,Rain_mm_sum,23,0
gep05,00,2026-01-28,2026-02-20,gcrew,noaa_gefs,05,ShortwaveRadiation_Wm2,23,183
gep05,00,2026-01-28,2026-02-20,gcrew,noaa_gefs,05,WindSpeed_ms_mean,23,10.622410091968261
gep05,00,2026-01-28,2026-02-21,gcrew,noaa_gefs,05,AirTemp_C_mean,24,-10.929685974121071
gep05,00,2026-01-28,2026-02-21,gcrew,noaa_gefs,05,Pressure_Pa,24,102074.087890625
gep05,00,2026-01-28,2026-02-21,gcrew,noaa_gefs,05,RH_percent_mean,24,47.823272705078125
gep05,00,2026-01-28,2026-02-21,gcrew,noaa_gefs,05,Rain_mm_sum,24,0
gep05,00,2026-01-28,2026-02-21,gcrew,noaa_gefs,05,ShortwaveRadiation_Wm2,24,187
gep05,00,2026-01-28,2026-02-21,gcrew,noaa_gefs,05,WindSpeed_ms_mean,24,6.5561279655405835
gep05,00,2026-01-28,2026-02-22,gcrew,noaa_gefs,05,AirTemp_C_mean,25,-7.766607666015602
gep05,00,2026-01-28,2026-02-22,gcrew,noaa_gefs,05,Pressure_Pa,25,102546.142578125
gep05,00,2026-01-28,2026-02-22,gcrew,noaa_gefs,05,RH_percent_mean,25,56.11021900177002
gep05,00,2026-01-28,2026-02-22,gcrew,noaa_gefs,05,Rain_mm_sum,25,0
gep05,00,2026-01-28,2026-02-22,gcrew,noaa_gefs,05,ShortwaveRadiation_Wm2,25,200.25
gep05,00,2026-01-28,2026-02-22,gcrew,noaa_gefs,05,WindSpeed_ms_mean,25,7.731225422210707
gep05,00,2026-01-28,2026-02-23,gcrew,noaa_gefs,05,AirTemp_C_mean,26,-2.8251098632812273
gep05,00,2026-01-28,2026-02-23,gcrew,noaa_gefs,05,Pressure_Pa,26,102910.716796875
gep05,00,2026-01-28,2026-02-23,gcrew,noaa_gefs,05,RH_percent_mean,26,53.88744640350342
gep05,00,2026-01-28,2026-02-23,gcrew,noaa_gefs,05,Rain_mm_sum,26,0
gep05,00,2026-01-28,2026-02-23,gcrew,noaa_gefs,05,ShortwaveRadiation_Wm2,26,202.5
gep05,00,2026-01-28,2026-02-23,gcrew,noaa_gefs,05,WindSpeed_ms_mean,26,4.84067752247645
gep05,00,2026-01-28,2026-02-24,gcrew,noaa_gefs,05,AirTemp_C_mean,27,1.597322082519554
gep05,00,2026-01-28,2026-02-24,gcrew,noaa_gefs,05,Pressure_Pa,27,102109.3046875
gep05,00,2026-01-28,2026-02-24,gcrew,noaa_gefs,05,RH_percent_mean,27,62.64256954193115
gep05,00,2026-01-28,2026-02-24,gcrew,noaa_gefs,05,Rain_mm_sum,27,0
gep05,00,2026-01-28,2026-02-24,gcrew,noaa_gefs,05,ShortwaveRadiation_Wm2,27,116.5
gep05,00,2026-01-28,2026-02-24,gcrew,noaa_gefs,05,WindSpeed_ms_mean,27,5.3985288138153145
gep05,00,2026-01-28,2026-02-25,gcrew,noaa_gefs,05,AirTemp_C_mean,28,3.3727813720703352
gep05,00,2026-01-28,2026-02-25,gcrew,noaa_gefs,05,Pressure_Pa,28,101713.029296875
gep05,00,2026-01-28,2026-02-25,gcrew,noaa_gefs,05,RH_percent_mean,28,82.43609428405762
gep05,00,2026-01-28,2026-02-25,gcrew,noaa_gefs,05,Rain_mm_sum,28,0
gep05,00,2026-01-28,2026-02-25,gcrew,noaa_gefs,05,ShortwaveRadiation_Wm2,28,183.25
gep05,00,2026-01-28,2026-02-25,gcrew,noaa_gefs,05,WindSpeed_ms_mean,28,2.7927366152488466
gep05,00,2026-01-28,2026-02-26,gcrew,noaa_gefs,05,AirTemp_C_mean,29,4.269799804687523
gep05,00,2026-01-28,2026-02-26,gcrew,noaa_gefs,05,Pressure_Pa,29,101386.140625
gep05,00,2026-01-28,2026-02-26,gcrew,noaa_gefs,05,RH_percent_mean,29,76.72475337982178
gep05,00,2026-01-28,2026-02-26,gcrew,noaa_gefs,05,Rain_mm_sum,29,0.6100000143051147
gep05,00,2026-01-28,2026-02-26,gcrew,noaa_gefs,05,ShortwaveRadiation_Wm2,29,157.75
gep05,00,2026-01-28,2026-02-26,gcrew,noaa_gefs,05,WindSpeed_ms_mean,29,5.374720606390739
gep05,00,2026-01-28,2026-02-27,gcrew,noaa_gefs,05,AirTemp_C_mean,30,-2.2006057739257585
gep05,00,2026-01-28,2026-02-27,gcrew,noaa_gefs,05,Pressure_Pa,30,102063.791015625
gep05,00,2026-01-28,2026-02-27,gcrew,noaa_gefs,05,RH_percent_mean,30,60.6358585357666
gep05,00,2026-01-28,2026-02-27,gcrew,noaa_gefs,05,Rain_mm_sum,30,0
gep05,00,2026-01-28,2026-02-27,gcrew,noaa_gefs,05,ShortwaveRadiation_Wm2,30,208.75
gep05,00,2026-01-28,2026-02-27,gcrew,noaa_gefs,05,WindSpeed_ms_mean,30,4.223661637522698
gep05,00,2026-01-28,2026-02-28,gcrew,noaa_gefs,05,AirTemp_C_mean,31,2.8180099487304915
gep05,00,2026-01-28,2026-02-28,gcrew,noaa_gefs,05,Pressure_Pa,31,102096.6484375
gep05,00,2026-01-28,2026-02-28,gcrew,noaa_gefs,05,RH_percent_mean,31,73.37237644195557
gep05,00,2026-01-28,2026-02-28,gcrew,noaa_gefs,05,Rain_mm_sum,31,0
gep05,00,2026-01-28,2026-02-28,gcrew,noaa_gefs,05,ShortwaveRadiation_Wm2,31,182.75
gep05,00,2026-01-28,2026-02-28,gcrew,noaa_gefs,05,WindSpeed_ms_mean,31,2.7731910157020536
gep05,00,2026-01-28,2026-03-01,gcrew,noaa_gefs,05,AirTemp_C_mean,32,10.715417480468773
gep05,00,2026-01-28,2026-03-01,gcrew,noaa_gefs,05,Pressure_Pa,32,101821.703125
gep05,00,2026-01-28,2026-03-01,gcrew,noaa_gefs,05,RH_percent_mean,32,78.44407558441162
gep05,00,2026-01-28,2026-03-01,gcrew,noaa_gefs,05,Rain_mm_sum,32,0.10000000149011612
gep05,00,2026-01-28,2026-03-01,gcrew,noaa_gefs,05,ShortwaveRadiation_Wm2,32,188
gep05,00,2026-01-28,2026-03-01,gcrew,noaa_gefs,05,WindSpeed_ms_mean,32,4.440940868795268
gep05,00,2026-01-28,2026-03-02,gcrew,noaa_gefs,05,AirTemp_C_mean,33,8.776765441894554
gep05,00,2026-01-28,2026-03-02,gcrew,noaa_gefs,05,Pressure_Pa,33,102014.58203125
gep05,00,2026-01-28,2026-03-02,gcrew,noaa_gefs,05,RH_percent_mean,33,87.70235443115234
gep05,00,2026-01-28,2026-03-02,gcrew,noaa_gefs,05,Rain_mm_sum,33,1.2000000476837158
gep05,00,2026-01-28,2026-03-02,gcrew,noaa_gefs,05,ShortwaveRadiation_Wm2,33,148.25
gep05,00,2026-01-28,2026-03-02,gcrew,noaa_gefs,05,WindSpeed_ms_mean,33,4.63763027527913
gep05,00,2026-01-28,2026-03-03,gcrew,noaa_gefs,05,AirTemp_C_mean,34,11.128327941894554
gep05,00,2026-01-28,2026-03-03,gcrew,noaa_gefs,05,Pressure_Pa,34,100700.955078125
gep05,00,2026-01-28,2026-03-03,gcrew,noaa_gefs,05,RH_percent_mean,34,81.373138427734375
gep05,00,2026-01-28,2026-03-03,gcrew,noaa_gefs,05,Rain_mm_sum,34,39.5
gep05,00,2026-01-28,2026-03-03,gcrew,noaa_gefs,05,ShortwaveRadiation_Wm2,34,137
gep05,00,2026-01-28,2026-03-03,gcrew,noaa_gefs,05,WindSpeed_ms_mean,34,6.95522383090104
gep06,00,2026-01-28,2026-01-29,gcrew,noaa_gefs,06,AirTemp_C_mean,1,-7.280580902099587
gep06,00,2026-01-28,2026-01-29,gcrew,noaa_gefs,06,Pressure_Pa,1,102287.724609375
gep06,00,2026-01-28,2026-01-29,gcrew,noaa_gefs,06,RH_percent_mean,1,76.07372665405273
gep06,00,2026-01-28,2026-01-29,gcrew,noaa_gefs,06,Rain_mm_sum,1,0.10000000149011612
gep06,00,2026-01-28,2026-01-29,gcrew,noaa_gefs,06,ShortwaveRadiation_Wm2,1,150.125
gep06,00,2026-01-28,2026-01-29,gcrew,noaa_gefs,06,WindSpeed_ms_mean,1,5.488174929013097
gep06,00,2026-01-28,2026-01-30,gcrew,noaa_gefs,06,AirTemp_C_mean,2,-7.0662673950195085
gep06,00,2026-01-28,2026-01-30,gcrew,noaa_gefs,06,Pressure_Pa,2,102186.884765625
gep06,00,2026-01-28,2026-01-30,gcrew,noaa_gefs,06,RH_percent_mean,2,85.883331298828125
gep06,00,2026-01-28,2026-01-30,gcrew,noaa_gefs,06,Rain_mm_sum,2,3.400000035762787
gep06,00,2026-01-28,2026-01-30,gcrew,noaa_gefs,06,ShortwaveRadiation_Wm2,2,91
gep06,00,2026-01-28,2026-01-30,gcrew,noaa_gefs,06,WindSpeed_ms_mean,2,4.310190691157695
gep06,00,2026-01-28,2026-01-31,gcrew,noaa_gefs,06,AirTemp_C_mean,3,-8.19930496215818
gep06,00,2026-01-28,2026-01-31,gcrew,noaa_gefs,06,Pressure_Pa,3,101301.654296875
gep06,00,2026-01-28,2026-01-31,gcrew,noaa_gefs,06,RH_percent_mean,3,95.59107112884521
gep06,00,2026-01-28,2026-01-31,gcrew,noaa_gefs,06,Rain_mm_sum,3,24.890000462532043
gep06,00,2026-01-28,2026-01-31,gcrew,noaa_gefs,06,ShortwaveRadiation_Wm2,3,47
gep06,00,2026-01-28,2026-01-31,gcrew,noaa_gefs,06,WindSpeed_ms_mean,3,10.447140277612919
gep06,00,2026-01-28,2026-02-01,gcrew,noaa_gefs,06,AirTemp_C_mean,4,-5.557821655273415
gep06,00,2026-01-28,2026-02-01,gcrew,noaa_gefs,06,Pressure_Pa,4,99940.41015625
gep06,00,2026-01-28,2026-02-01,gcrew,noaa_gefs,06,RH_percent_mean,4,94.5508918762207
gep06,00,2026-01-28,2026-02-01,gcrew,noaa_gefs,06,Rain_mm_sum,4,22.200000166893005
gep06,00,2026-01-28,2026-02-01,gcrew,noaa_gefs,06,ShortwaveRadiation_Wm2,4,59.5
gep06,00,2026-01-28,2026-02-01,gcrew,noaa_gefs,06,WindSpeed_ms_mean,4,13.510369912418103
gep06,00,2026-01-28,2026-02-02,gcrew,noaa_gefs,06,AirTemp_C_mean,5,-5.524973297119118
gep06,00,2026-01-28,2026-02-02,gcrew,noaa_gefs,06,Pressure_Pa,5,101653.6318359375
gep06,00,2026-01-28,2026-02-02,gcrew,noaa_gefs,06,RH_percent_mean,5,80.55075645446777
gep06,00,2026-01-28,2026-02-02,gcrew,noaa_gefs,06,Rain_mm_sum,5,1.399999976158142
gep06,00,2026-01-28,2026-02-02,gcrew,noaa_gefs,06,ShortwaveRadiation_Wm2,5,151.5
gep06,00,2026-01-28,2026-02-02,gcrew,noaa_gefs,06,WindSpeed_ms_mean,5,8.067561597422333
gep06,00,2026-01-28,2026-02-03,gcrew,noaa_gefs,06,AirTemp_C_mean,6,-5.25441970825193
gep06,00,2026-01-28,2026-02-03,gcrew,noaa_gefs,06,Pressure_Pa,6,102473.724609375
gep06,00,2026-01-28,2026-02-03,gcrew,noaa_gefs,06,RH_percent_mean,6,78.25176620483398
gep06,00,2026-01-28,2026-02-03,gcrew,noaa_gefs,06,Rain_mm_sum,6,0
gep06,00,2026-01-28,2026-02-03,gcrew,noaa_gefs,06,ShortwaveRadiation_Wm2,6,163.375
gep06,00,2026-01-28,2026-02-03,gcrew,noaa_gefs,06,WindSpeed_ms_mean,6,3.967009672131133
gep06,00,2026-01-28,2026-02-04,gcrew,noaa_gefs,06,AirTemp_C_mean,7,-1.8118385314941179
gep06,00,2026-01-28,2026-02-04,gcrew,noaa_gefs,06,Pressure_Pa,7,102940.9130859375
gep06,00,2026-01-28,2026-02-04,gcrew,noaa_gefs,06,RH_percent_mean,7,83.65248394012451
gep06,00,2026-01-28,2026-02-04,gcrew,noaa_gefs,06,Rain_mm_sum,7,0.009999999776482582
gep06,00,2026-01-28,2026-02-04,gcrew,noaa_gefs,06,ShortwaveRadiation_Wm2,7,109.5
gep06,00,2026-01-28,2026-02-04,gcrew,noaa_gefs,06,WindSpeed_ms_mean,7,2.1674175981691817
gep06,00,2026-01-28,2026-02-05,gcrew,noaa_gefs,06,AirTemp_C_mean,8,1.069429016113304
gep06,00,2026-01-28,2026-02-05,gcrew,noaa_gefs,06,Pressure_Pa,8,101906.8251953125
gep06,00,2026-01-28,2026-02-05,gcrew,noaa_gefs,06,RH_percent_mean,8,94.48931217193604
gep06,00,2026-01-28,2026-02-05,gcrew,noaa_gefs,06,Rain_mm_sum,8,0.20000000298023224
gep06,00,2026-01-28,2026-02-05,gcrew,noaa_gefs,06,ShortwaveRadiation_Wm2,8,76.875
gep06,00,2026-01-28,2026-02-05,gcrew,noaa_gefs,06,WindSpeed_ms_mean,8,3.684263806468948
gep06,00,2026-01-28,2026-02-06,gcrew,noaa_gefs,06,AirTemp_C_mean,9,2.753424944196451
gep06,00,2026-01-28,2026-02-06,gcrew,noaa_gefs,06,Pressure_Pa,9,100416.97879464286
gep06,00,2026-01-28,2026-02-06,gcrew,noaa_gefs,06,RH_percent_mean,9,86.28384617396763
gep06,00,2026-01-28,2026-02-06,gcrew,noaa_gefs,06,Rain_mm_sum,9,0.9999999925494194
gep06,00,2026-01-28,2026-02-06,gcrew,noaa_gefs,06,ShortwaveRadiation_Wm2,9,160
gep06,00,2026-01-28,2026-02-06,gcrew,noaa_gefs,06,WindSpeed_ms_mean,9,7.2776915238674205
gep06,00,2026-01-28,2026-02-07,gcrew,noaa_gefs,06,AirTemp_C_mean,10,-5.779425048828102
gep06,00,2026-01-28,2026-02-07,gcrew,noaa_gefs,06,Pressure_Pa,10,101461.65625
gep06,00,2026-01-28,2026-02-07,gcrew,noaa_gefs,06,RH_percent_mean,10,72.17018508911133
gep06,00,2026-01-28,2026-02-07,gcrew,noaa_gefs,06,Rain_mm_sum,10,0
gep06,00,2026-01-28,2026-02-07,gcrew,noaa_gefs,06,ShortwaveRadiation_Wm2,10,149.5
gep06,00,2026-01-28,2026-02-07,gcrew,noaa_gefs,06,WindSpeed_ms_mean,10,4.217680666860886
gep06,00,2026-01-28,2026-02-08,gcrew,noaa_gefs,06,AirTemp_C_mean,11,-7.681547546386696
gep06,00,2026-01-28,2026-02-08,gcrew,noaa_gefs,06,Pressure_Pa,11,102029.173828125
gep06,00,2026-01-28,2026-02-08,gcrew,noaa_gefs,06,RH_percent_mean,11,68.76657009124756
gep06,00,2026-01-28,2026-02-08,gcrew,noaa_gefs,06,Rain_mm_sum,11,0
gep06,00,2026-01-28,2026-02-08,gcrew,noaa_gefs,06,ShortwaveRadiation_Wm2,11,174.25
gep06,00,2026-01-28,2026-02-08,gcrew,noaa_gefs,06,WindSpeed_ms_mean,11,7.886064993607651
gep06,00,2026-01-28,2026-02-09,gcrew,noaa_gefs,06,AirTemp_C_mean,12,-4.058538818359352
gep06,00,2026-01-28,2026-02-09,gcrew,noaa_gefs,06,Pressure_Pa,12,101952.376953125
gep06,00,2026-01-28,2026-02-09,gcrew,noaa_gefs,06,RH_percent_mean,12,68.18047332763672
gep06,00,2026-01-28,2026-02-09,gcrew,noaa_gefs,06,Rain_mm_sum,12,0
gep06,00,2026-01-28,2026-02-09,gcrew,noaa_gefs,06,ShortwaveRadiation_Wm2,12,164.25
gep06,00,2026-01-28,2026-02-09,gcrew,noaa_gefs,06,WindSpeed_ms_mean,12,7.975086568269404
gep06,00,2026-01-28,2026-02-10,gcrew,noaa_gefs,06,AirTemp_C_mean,13,-3.093626403808571
gep06,00,2026-01-28,2026-02-10,gcrew,noaa_gefs,06,Pressure_Pa,13,101960.732421875
gep06,00,2026-01-28,2026-02-10,gcrew,noaa_gefs,06,RH_percent_mean,13,68.68310356140137
gep06,00,2026-01-28,2026-02-10,gcrew,noaa_gefs,06,Rain_mm_sum,13,0
gep06,00,2026-01-28,2026-02-10,gcrew,noaa_gefs,06,ShortwaveRadiation_Wm2,13,134.75
gep06,00,2026-01-28,2026-02-10,gcrew,noaa_gefs,06,WindSpeed_ms_mean,13,5.259966799674645
gep06,00,2026-01-28,2026-02-11,gcrew,noaa_gefs,06,AirTemp_C_mean,14,-4.653044128417946
gep06,00,2026-01-28,2026-02-11,gcrew,noaa_gefs,06,Pressure_Pa,14,101637.04296875
gep06,00,2026-01-28,2026-02-11,gcrew,noaa_gefs,06,RH_percent_mean,14,69.65564918518066
gep06,00,2026-01-28,2026-02-11,gcrew,noaa_gefs,06,Rain_mm_sum,14,0
gep06,00,2026-01-28,2026-02-11,gcrew,noaa_gefs,06,ShortwaveRadiation_Wm2,14,179.5
gep06,00,2026-01-28,2026-02-11,gcrew,noaa_gefs,06,WindSpeed_ms_mean,14,8.026119124547929
gep06,00,2026-01-28,2026-02-12,gcrew,noaa_gefs,06,AirTemp_C_mean,15,-3.519529724121071
gep06,00,2026-01-28,2026-02-12,gcrew,noaa_gefs,06,Pressure_Pa,15,101760.71875
gep06,00,2026-01-28,2026-02-12,gcrew,noaa_gefs,06,RH_percent_mean,15,71.13922119140625
gep06,00,2026-01-28,2026-02-12,gcrew,noaa_gefs,06,Rain_mm_sum,15,0
gep06,00,2026-01-28,2026-02-12,gcrew,noaa_gefs,06,ShortwaveRadiation_Wm2,15,178.25
gep06,00,2026-01-28,2026-02-12,gcrew,noaa_gefs,06,WindSpeed_ms_mean,15,7.753901032955588
gep06,00,2026-01-28,2026-02-13,gcrew,noaa_gefs,06,AirTemp_C_mean,16,-2.7990249633788835
gep06,00,2026-01-28,2026-02-13,gcrew,noaa_gefs,06,Pressure_Pa,16,101736.001953125
gep06,00,2026-01-28,2026-02-13,gcrew,noaa_gefs,06,RH_percent_mean,16,63.89894676208496
gep06,00,2026-01-28,2026-02-13,gcrew,noaa_gefs,06,Rain_mm_sum,16,0
gep06,00,2026-01-28,2026-02-13,gcrew,noaa_gefs,06,ShortwaveRadiation_Wm2,16,143.25
gep06,00,2026-01-28,2026-02-13,gcrew,noaa_gefs,06,WindSpeed_ms_mean,16,6.434746689935362
gep06,00,2026-01-28,2026-02-14,gcrew,noaa_gefs,06,AirTemp_C_mean,17,-2.5064834594726335
gep06,00,2026-01-28,2026-02-14,gcrew,noaa_gefs,06,Pressure_Pa,17,101387.0625
gep06,00,2026-01-28,2026-02-14,gcrew,noaa_gefs,06,RH_percent_mean,17,63.91810321807861
gep06,00,2026-01-28,2026-02-14,gcrew,noaa_gefs,06,Rain_mm_sum,17,0
gep06,00,2026-01-28,2026-02-14,gcrew,noaa_gefs,06,ShortwaveRadiation_Wm2,17,174
gep06,00,2026-01-28,2026-02-14,gcrew,noaa_gefs,06,WindSpeed_ms_mean,17,4.505267943240719
gep06,00,2026-01-28,2026-02-15,gcrew,noaa_gefs,06,AirTemp_C_mean,18,-1.092008972167946
gep06,00,2026-01-28,2026-02-15,gcrew,noaa_gefs,06,Pressure_Pa,18,101645.232421875
gep06,00,2026-01-28,2026-02-15,gcrew,noaa_gefs,06,RH_percent_mean,18,69.99055099487305
gep06,00,2026-01-28,2026-02-15,gcrew,noaa_gefs,06,Rain_mm_sum,18,0
gep06,00,2026-01-28,2026-02-15,gcrew,noaa_gefs,06,ShortwaveRadiation_Wm2,18,159.5
gep06,00,2026-01-28,2026-02-15,gcrew,noaa_gefs,06,WindSpeed_ms_mean,18,3.138143268840961
gep06,00,2026-01-28,2026-02-16,gcrew,noaa_gefs,06,AirTemp_C_mean,19,1.369630432128929
gep06,00,2026-01-28,2026-02-16,gcrew,noaa_gefs,06,Pressure_Pa,19,101803.056640625
gep06,00,2026-01-28,2026-02-16,gcrew,noaa_gefs,06,RH_percent_mean,19,79.61123466491699
gep06,00,2026-01-28,2026-02-16,gcrew,noaa_gefs,06,Rain_mm_sum,19,0.20000000298023224
gep06,00,2026-01-28,2026-02-16,gcrew,noaa_gefs,06,ShortwaveRadiation_Wm2,19,87.75
gep06,00,2026-01-28,2026-02-16,gcrew,noaa_gefs,06,WindSpeed_ms_mean,19,3.3481034252777753
gep06,00,2026-01-28,2026-02-17,gcrew,noaa_gefs,06,AirTemp_C_mean,20,0.7386337280273665
gep06,00,2026-01-28,2026-02-17,gcrew,noaa_gefs,06,Pressure_Pa,20,101786.171875
gep06,00,2026-01-28,2026-02-17,gcrew,noaa_gefs,06,RH_percent_mean,20,84.81830406188965
gep06,00,2026-01-28,2026-02-17,gcrew,noaa_gefs,06,Rain_mm_sum,20,7.099999904632568
gep06,00,2026-01-28,2026-02-17,gcrew,noaa_gefs,06,ShortwaveRadiation_Wm2,20,22.25
gep06,00,2026-01-28,2026-02-17,gcrew,noaa_gefs,06,WindSpeed_ms_mean,20,4.584310341175985
gep06,00,2026-01-28,2026-02-18,gcrew,noaa_gefs,06,AirTemp_C_mean,21,4.854364013671898
gep06,00,2026-01-28,2026-02-18,gcrew,noaa_gefs,06,Pressure_Pa,21,100528.912109375
gep06,00,2026-01-28,2026-02-18,gcrew,noaa_gefs,06,RH_percent_mean,21,98.09432792663574
gep06,00,2026-01-28,2026-02-18,gcrew,noaa_gefs,06,Rain_mm_sum,21,9.100000143051147
gep06,00,2026-01-28,2026-02-18,gcrew,noaa_gefs,06,ShortwaveRadiation_Wm2,21,34
gep06,00,2026-01-28,2026-02-18,gcrew,noaa_gefs,06,WindSpeed_ms_mean,21,2.3743466397881434
gep06,00,2026-01-28,2026-02-19,gcrew,noaa_gefs,06,AirTemp_C_mean,22,2.8552337646484602
gep06,00,2026-01-28,2026-02-19,gcrew,noaa_gefs,06,Pressure_Pa,22,100285.193359375
gep06,00,2026-01-28,2026-02-19,gcrew,noaa_gefs,06,RH_percent_mean,22,85.17862129211426
gep06,00,2026-01-28,2026-02-19,gcrew,noaa_gefs,06,Rain_mm_sum,22,0.30000001192092896
gep06,00,2026-01-28,2026-02-19,gcrew,noaa_gefs,06,ShortwaveRadiation_Wm2,22,69.75
gep06,00,2026-01-28,2026-02-19,gcrew,noaa_gefs,06,WindSpeed_ms_mean,22,4.774511407394309
gep06,00,2026-01-28,2026-02-20,gcrew,noaa_gefs,06,AirTemp_C_mean,23,-9.267301940917946
gep06,00,2026-01-28,2026-02-20,gcrew,noaa_gefs,06,Pressure_Pa,23,101475.0859375
gep06,00,2026-01-28,2026-02-20,gcrew,noaa_gefs,06,RH_percent_mean,23,50.81293869018555
gep06,00,2026-01-28,2026-02-20,gcrew,noaa_gefs,06,Rain_mm_sum,23,0
gep06,00,2026-01-28,2026-02-20,gcrew,noaa_gefs,06,ShortwaveRadiation_Wm2,23,183
gep06,00,2026-01-28,2026-02-20,gcrew,noaa_gefs,06,WindSpeed_ms_mean,23,10.622410091968261
gep06,00,2026-01-28,2026-02-21,gcrew,noaa_gefs,06,AirTemp_C_mean,24,-10.929685974121071
gep06,00,2026-01-28,2026-02-21,gcrew,noaa_gefs,06,Pressure_Pa,24,102074.087890625
gep06,00,2026-01-28,2026-02-21,gcrew,noaa_gefs,06,RH_percent_mean,24,47.823272705078125
gep06,00,2026-01-28,2026-02-21,gcrew,noaa_gefs,06,Rain_mm_sum,24,0
gep06,00,2026-01-28,2026-02-21,gcrew,noaa_gefs,06,ShortwaveRadiation_Wm2,24,187
gep06,00,2026-01-28,2026-02-21,gcrew,noaa_gefs,06,WindSpeed_ms_mean,24,6.5561279655405835
gep06,00,2026-01-28,2026-02-22,gcrew,noaa_gefs,06,AirTemp_C_mean,25,-7.766607666015602
gep06,00,2026-01-28,2026-02-22,gcrew,noaa_gefs,06,Pressure_Pa,25,102546.142578125
gep06,00,2026-01-28,2026-02-22,gcrew,noaa_gefs,06,RH_percent_mean,25,56.11021900177002
gep06,00,2026-01-28,2026-02-22,gcrew,noaa_gefs,06,Rain_mm_sum,25,0
gep06,00,2026-01-28,2026-02-22,gcrew,noaa_gefs,06,ShortwaveRadiation_Wm2,25,200.25
gep06,00,2026-01-28,2026-02-22,gcrew,noaa_gefs,06,WindSpeed_ms_mean,25,7.731225422210707
gep06,00,2026-01-28,2026-02-23,gcrew,noaa_gefs,06,AirTemp_C_mean,26,-2.8251098632812273
gep06,00,2026-01-28,2026-02-23,gcrew,noaa_gefs,06,Pressure_Pa,26,102910.716796875
gep06,00,2026-01-28,2026-02-23,gcrew,noaa_gefs,06,RH_percent_mean,26,53.88744640350342
gep06,00,2026-01-28,2026-02-23,gcrew,noaa_gefs,06,Rain_mm_sum,26,0
gep06,00,2026-01-28,2026-02-23,gcrew,noaa_gefs,06,ShortwaveRadiation_Wm2,26,202.5
gep06,00,2026-01-28,2026-02-23,gcrew,noaa_gefs,06,WindSpeed_ms_mean,26,4.84067752247645
gep06,00,2026-01-28,2026-02-24,gcrew,noaa_gefs,06,AirTemp_C_mean,27,1.597322082519554
gep06,00,2026-01-28,2026-02-24,gcrew,noaa_gefs,06,Pressure_Pa,27,102109.3046875
gep06,00,2026-01-28,2026-02-24,gcrew,noaa_gefs,06,RH_percent_mean,27,62.64256954193115
gep06,00,2026-01-28,2026-02-24,gcrew,noaa_gefs,06,Rain_mm_sum,27,0
gep06,00,2026-01-28,2026-02-24,gcrew,noaa_gefs,06,ShortwaveRadiation_Wm2,27,116.5
gep06,00,2026-01-28,2026-02-24,gcrew,noaa_gefs,06,WindSpeed_ms_mean,27,5.3985288138153145
gep06,00,2026-01-28,2026-02-25,gcrew,noaa_gefs,06,AirTemp_C_mean,28,3.3727813720703352
gep06,00,2026-01-28,2026-02-25,gcrew,noaa_gefs,06,Pressure_Pa,28,101713.029296875
gep06,00,2026-01-28,2026-02-25,gcrew,noaa_gefs,06,RH_percent_mean,28,82.43609428405762
gep06,00,2026-01-28,2026-02-25,gcrew,noaa_gefs,06,Rain_mm_sum,28,0
gep06,00,2026-01-28,2026-02-25,gcrew,noaa_gefs,06,ShortwaveRadiation_Wm2,28,183.25
gep06,00,2026-01-28,2026-02-25,gcrew,noaa_gefs,06,WindSpeed_ms_mean,28,2.7927366152488466
gep06,00,2026-01-28,2026-02-26,gcrew,noaa_gefs,06,AirTemp_C_mean,29,4.269799804687523
gep06,00,2026-01-28,2026-02-26,gcrew,noaa_gefs,06,Pressure_Pa,29,101386.140625
gep06,00,2026-01-28,2026-02-26,gcrew,noaa_gefs,06,RH_percent_mean,29,76.72475337982178
gep06,00,2026-01-28,2026-02-26,gcrew,noaa_gefs,06,Rain_mm_sum,29,0.6100000143051147
gep06,00,2026-01-28,2026-02-26,gcrew,noaa_gefs,06,ShortwaveRadiation_Wm2,29,157.75
gep06,00,2026-01-28,2026-02-26,gcrew,noaa_gefs,06,WindSpeed_ms_mean,29,5.374720606390739
gep06,00,2026-01-28,2026-02-27,gcrew,noaa_gefs,06,AirTemp_C_mean,30,-2.2006057739257585
gep06,00,2026-01-28,2026-02-27,gcrew,noaa_gefs,06,Pressure_Pa,30,102063.791015625
gep06,00,2026-01-28,2026-02-27,gcrew,noaa_gefs,06,RH_percent_mean,30,60.6358585357666
gep06,00,2026-01-28,2026-02-27,gcrew,noaa_gefs,06,Rain_mm_sum,30,0
gep06,00,2026-01-28,2026-02-27,gcrew,noaa_gefs,06,ShortwaveRadiation_Wm2,30,208.75
gep06,00,2026-01-28,2026-02-27,gcrew,noaa_gefs,06,WindSpeed_ms_mean,30,4.223661637522698
gep06,00,2026-01-28,2026-02-28,gcrew,noaa_gefs,06,AirTemp_C_mean,31,2.8180099487304915
gep06,00,2026-01-28,2026-02-28,gcrew,noaa_gefs,06,Pressure_Pa,31,102096.6484375
gep06,00,2026-01-28,2026-02-28,gcrew,noaa_gefs,06,RH_percent_mean,31,73.37237644195557
gep06,00,2026-01-28,2026-02-28,gcrew,noaa_gefs,06,Rain_mm_sum,31,0
gep06,00,2026-01-28,2026-02-28,gcrew,noaa_gefs,06,ShortwaveRadiation_Wm2,31,182.75
gep06,00,2026-01-28,2026-02-28,gcrew,noaa_gefs,06,WindSpeed_ms_mean,31,2.7731910157020536
gep06,00,2026-01-28,2026-03-01,gcrew,noaa_gefs,06,AirTemp_C_mean,32,10.715417480468773
gep06,00,2026-01-28,2026-03-01,gcrew,noaa_gefs,06,Pressure_Pa,32,101821.703125
gep06,00,2026-01-28,2026-03-01,gcrew,noaa_gefs,06,RH_percent_mean,32,78.44407558441162
gep06,00,2026-01-28,2026-03-01,gcrew,noaa_gefs,06,Rain_mm_sum,32,0.10000000149011612
gep06,00,2026-01-28,2026-03-01,gcrew,noaa_gefs,06,ShortwaveRadiation_Wm2,32,188
gep06,00,2026-01-28,2026-03-01,gcrew,noaa_gefs,06,WindSpeed_ms_mean,32,4.440940868795268
gep06,00,2026-01-28,2026-03-02,gcrew,noaa_gefs,06,AirTemp_C_mean,33,8.776765441894554
gep06,00,2026-01-28,2026-03-02,gcrew,noaa_gefs,06,Pressure_Pa,33,102014.58203125
gep06,00,2026-01-28,2026-03-02,gcrew,noaa_gefs,06,RH_percent_mean,33,87.70235443115234
gep06,00,2026-01-28,2026-03-02,gcrew,noaa_gefs,06,Rain_mm_sum,33,1.2000000476837158
gep06,00,2026-01-28,2026-03-02,gcrew,noaa_gefs,06,ShortwaveRadiation_Wm2,33,148.25
gep06,00,2026-01-28,2026-03-02,gcrew,noaa_gefs,06,WindSpeed_ms_mean,33,4.63763027527913
gep06,00,2026-01-28,2026-03-03,gcrew,noaa_gefs,06,AirTemp_C_mean,34,11.128327941894554
gep06,00,2026-01-28,2026-03-03,gcrew,noaa_gefs,06,Pressure_Pa,34,100700.955078125
gep06,00,2026-01-28,2026-03-03,gcrew,noaa_gefs,06,RH_percent_mean,34,81.373138427734375
gep06,00,2026-01-28,2026-03-03,gcrew,noaa_gefs,06,Rain_mm_sum,34,39.5
gep06,00,2026-01-28,2026-03-03,gcrew,noaa_gefs,06,ShortwaveRadiation_Wm2,34,137
gep06,00,2026-01-28,2026-03-03,gcrew,noaa_gefs,06,WindSpeed_ms_mean,34,6.95522383090104
gep07,00,2026-01-28,2026-01-29,gcrew,noaa_gefs,07,AirTemp_C_mean,1,-7.280580902099587
gep07,00,2026-01-28,2026-01-29,gcrew,noaa_gefs,07,Pressure_Pa,1,102287.724609375
gep07,00,2026-01-28,2026-01-29,gcrew,noaa_gefs,07,RH_percent_mean,1,76.07372665405273
gep07,00,2026-01-28,2026-01-29,gcrew,noaa_gefs,07,Rain_mm_sum,1,0.10000000149011612
gep07,00,2026-01-28,2026-01-29,gcrew,noaa_gefs,07,ShortwaveRadiation_Wm2,1,150.125
gep07,00,2026-01-28,2026-01-29,gcrew,noaa_gefs,07,WindSpeed_ms_mean,1,5.488174929013097
gep07,00,2026-01-28,2026-01-30,gcrew,noaa_gefs,07,AirTemp_C_mean,2,-7.0662673950195085
gep07,00,2026-01-28,2026-01-30,gcrew,noaa_gefs,07,Pressure_Pa,2,102186.884765625
gep07,00,2026-01-28,2026-01-30,gcrew,noaa_gefs,07,RH_percent_mean,2,85.883331298828125
gep07,00,2026-01-28,2026-01-30,gcrew,noaa_gefs,07,Rain_mm_sum,2,3.400000035762787
gep07,00,2026-01-28,2026-01-30,gcrew,noaa_gefs,07,ShortwaveRadiation_Wm2,2,91
gep07,00,2026-01-28,2026-01-30,gcrew,noaa_gefs,07,WindSpeed_ms_mean,2,4.310190691157695
gep07,00,2026-01-28,2026-01-31,gcrew,noaa_gefs,07,AirTemp_C_mean,3,-8.19930496215818
gep07,00,2026-01-28,2026-01-31,gcrew,noaa_gefs,07,Pressure_Pa,3,101301.654296875
gep07,00,2026-01-28,2026-01-31,gcrew,noaa_gefs,07,RH_percent_mean,3,95.59107112884521
gep07,00,2026-01-28,2026-01-31,gcrew,noaa_gefs,07,Rain_mm_sum,3,24.890000462532043
gep07,00,2026-01-28,2026-01-31,gcrew,noaa_gefs,07,ShortwaveRadiation_Wm2,3,47
gep07,00,2026-01-28,2026-01-31,gcrew,noaa_gefs,07,WindSpeed_ms_mean,3,10.447140277612919
gep07,00,2026-01-28,2026-02-01,gcrew,noaa_gefs,07,AirTemp_C_mean,4,-5.557821655273415
gep07,00,2026-01-28,2026-02-01,gcrew,noaa_gefs,07,Pressure_Pa,4,99940.41015625
gep07,00,2026-01-28,2026-02-01,gcrew,noaa_gefs,07,RH_percent_mean,4,94.5508918762207
gep07,00,2026-01-28,2026-02-01,gcrew,noaa_gefs,07,Rain_mm_sum,4,22.200000166893005
gep07,00,2026-01-28,2026-02-01,gcrew,noaa_gefs,07,ShortwaveRadiation_Wm2,4,59.5
gep07,00,2026-01-28,2026-02-01,gcrew,noaa_gefs,07,WindSpeed_ms_mean,4,13.510369912418103
gep07,00,2026-01-28,2026-02-02,gcrew,noaa_gefs,07,AirTemp_C_mean,5,-5.524973297119118
gep07,00,2026-01-28,2026-02-02,gcrew,noaa_gefs,07,Pressure_Pa,5,101653.6318359375
gep07,00,2026-01-28,2026-02-02,gcrew,noaa_gefs,07,RH_percent_mean,5,80.55075645446777
gep07,00,2026-01-28,2026-02-02,gcrew,noaa_gefs,07,Rain_mm_sum,5,1.399999976158142
gep07,00,2026-01-28,2026-02-02,gcrew,noaa_gefs,07,ShortwaveRadiation_Wm2,5,151.5
gep07,00,2026-01-28,2026-02-02,gcrew,noaa_gefs,07,WindSpeed_ms_mean,5,8.067561597422333
gep07,00,2026-01-28,2026-02-03,gcrew,noaa_gefs,07,AirTemp_C_mean,6,-5.25441970825193
gep07,00,2026-01-28,2026-02-03,gcrew,noaa_gefs,07,Pressure_Pa,6,102473.724609375
gep07,00,2026-01-28,2026-02-03,gcrew,noaa_gefs,07,RH_percent_mean,6,78.25176620483398
gep07,00,2026-01-28,2026-02-03,gcrew,noaa_gefs,07,Rain_mm_sum,6,0
gep07,00,2026-01-28,2026-02-03,gcrew,noaa_gefs,07,ShortwaveRadiation_Wm2,6,163.375
gep07,00,2026-01-28,2026-02-03,gcrew,noaa_gefs,07,WindSpeed_ms_mean,6,3.967009672131133
gep07,00,2026-01-28,2026-02-04,gcrew,noaa_gefs,07,AirTemp_C_mean,7,-1.8118385314941179
gep07,00,2026-01-28,2026-02-04,gcrew,noaa_gefs,07,Pressure_Pa,7,102940.9130859375
gep07,00,2026-01-28,2026-02-04,gcrew,noaa_gefs,07,RH_percent_mean,7,83.65248394012451
gep07,00,2026-01-28,2026-02-04,gcrew,noaa_gefs,07,Rain_mm_sum,7,0.009999999776482582
gep07,00,2026-01-28,2026-02-04,gcrew,noaa_gefs,07,ShortwaveRadiation_Wm2,7,109.5
gep07,00,2026-01-28,2026-02-04,gcrew,noaa_gefs,07,WindSpeed_ms_mean,7,2.1674175981691817
gep07,00,2026-01-28,2026-02-05,gcrew,noaa_gefs,07,AirTemp_C_mean,8,1.069429016113304
gep07,00,2026-01-28,2026-02-05,gcrew,noaa_gefs,07,Pressure_Pa,8,101906.8251953125
gep07,00,2026-01-28,2026-02-05,gcrew,noaa_gefs,07,RH_percent_mean,8,94.48931217193604
gep07,00,2026-01-28,2026-02-05,gcrew,noaa_gefs,07,Rain_mm_sum,8,0.20000000298023224
gep07,00,2026-01-28,2026-02-05,gcrew,noaa_gefs,07,ShortwaveRadiation_Wm2,8,76.875
gep07,00,2026-01-28,2026-02-05,gcrew,noaa_gefs,07,WindSpeed_ms_mean,8,3.684263806468948
gep07,00,2026-01-28,2026-02-06,gcrew,noaa_gefs,07,AirTemp_C_mean,9,2.753424944196451
gep07,00,2026-01-28,2026-02-06,gcrew,noaa_gefs,07,Pressure_Pa,9,100416.97879464286
gep07,00,2026-01-28,2026-02-06,gcrew,noaa_gefs,07,RH_percent_mean,9,86.28384617396763
gep07,00,2026-01-28,2026-02-06,gcrew,noaa_gefs,07,Rain_mm_sum,9,0.9999999925494194
gep07,00,2026-01-28,2026-02-06,gcrew,noaa_gefs,07,ShortwaveRadiation_Wm2,9,160
gep07,00,2026-01-28,2026-02-06,gcrew,noaa_gefs,07,WindSpeed_ms_mean,9,7.2776915238674205
gep07,00,2026-01-28,2026-02-07,gcrew,noaa_gefs,07,AirTemp_C_mean,10,-5.779425048828102
gep07,00,2026-01-28,2026-02-07,gcrew,noaa_gefs,07,Pressure_Pa,10,101461.65625
gep07,00,2026-01-28,2026-02-07,gcrew,noaa_gefs,07,RH_percent_mean,10,72.17018508911133
gep07,00,2026-01-28,2026-02-07,gcrew,noaa_gefs,07,Rain_mm_sum,10,0
gep07,00,2026-01-28,2026-02-07,gcrew,noaa_gefs,07,ShortwaveRadiation_Wm2,10,149.5
gep07,00,2026-01-28,2026-02-07,gcrew,noaa_gefs,07,WindSpeed_ms_mean,10,4.217680666860886
gep07,00,2026-01-28,2026-02-08,gcrew,noaa_gefs,07,AirTemp_C_mean,11,-7.681547546386696
gep07,00,2026-01-28,2026-02-08,gcrew,noaa_gefs,07,Pressure_Pa,11,102029.173828125
gep07,00,2026-01-28,2026-02-08,gcrew,noaa_gefs,07,RH_percent_mean,11,68.76657009124756
gep07,00,2026-01-28,2026-02-08,gcrew,noaa_gefs,07,Rain_mm_sum,11,0
gep07,00,2026-01-28,2026-02-08,gcrew,noaa_gefs,07,ShortwaveRadiation_Wm2,11,174.25
gep07,00,2026-01-28,2026-02-08,gcrew,noaa_gefs,07,WindSpeed_ms_mean,11,7.886064993607651
gep07,00,2026-01-28,2026-02-09,gcrew,noaa_gefs,07,AirTemp_C_mean,12,-4.058538818359352
gep07,00,2026-01-28,2026-02-09,gcrew,noaa_gefs,07,Pressure_Pa,12,101952.376953125
gep07,00,2026-01-28,2026-02-09,gcrew,noaa_gefs,07,RH_percent_mean,12,68.18047332763672
gep07,00,2026-01-28,2026-02-09,gcrew,noaa_gefs,07,Rain_mm_sum,12,0
gep07,00,2026-01-28,2026-02-09,gcrew,noaa_gefs,07,ShortwaveRadiation_Wm2,12,164.25
gep07,00,2026-01-28,2026-02-09,gcrew,noaa_gefs,07,WindSpeed_ms_mean,12,7.975086568269404
gep07,00,2026-01-28,2026-02-10,gcrew,noaa_gefs,07,AirTemp_C_mean,13,-3.093626403808571
gep07,00,2026-01-28,2026-02-10,gcrew,noaa_gefs,07,Pressure_Pa,13,101960.732421875
gep07,00,2026-01-28,2026-02-10,gcrew,noaa_gefs,07,RH_percent_mean,13,68.68310356140137
gep07,00,2026-01-28,2026-02-10,gcrew,noaa_gefs,07,Rain_mm_sum,13,0
gep07,00,2026-01-28,2026-02-10,gcrew,noaa_gefs,07,ShortwaveRadiation_Wm2,13,134.75
gep07,00,2026-01-28,2026-02-10,gcrew,noaa_gefs,07,WindSpeed_ms_mean,13,5.259966799674645
gep07,00,2026-01-28,2026-02-11,gcrew,noaa_gefs,07,AirTemp_C_mean,14,-4.653044128417946
gep07,00,2026-01-28,2026-02-11,gcrew,noaa_gefs,07,Pressure_Pa,14,101637.04296875
gep07,00,2026-01-28,2026-02-11,gcrew,noaa_gefs,07,RH_percent_mean,14,69.65564918518066
gep07,00,2026-01-28,2026-02-11,gcrew,noaa_gefs,07,Rain_mm_sum,14,0
gep07,00,2026-01-28,2026-02-11,gcrew,noaa_gefs,07,ShortwaveRadiation_Wm2,14,179.5
gep07,00,2026-01-28,2026-02-11,gcrew,noaa_gefs,07,WindSpeed_ms_mean,14,8.026119124547929
gep07,00,2026-01-28,2026-02-12,gcrew,noaa_gefs,07,AirTemp_C_mean,15,-3.519529724121071
gep07,00,2026-01-28,2026-02-12,gcrew,noaa_gefs,07,Pressure_Pa,15,101760.71875
gep07,00,2026-01-28,2026-02-12,gcrew,noaa_gefs,07,RH_percent_mean,15,71.13922119140625
gep07,00,2026-01-28,2026-02-12,gcrew,noaa_gefs,07,Rain_mm_sum,15,0
gep07,00,2026-01-28,2026-02-12,gcrew,noaa_gefs,07,ShortwaveRadiation_Wm2,15,178.25
gep07,00,2026-01-28,2026-02-12,gcrew,noaa_gefs,07,WindSpeed_ms_mean,15,7.753901032955588
gep07,00,2026-01-28,2026-02-13,gcrew,noaa_gefs,07,AirTemp_C_mean,16,-2.7990249633788835
gep07,00,2026-01-28,2026-02-13,gcrew,noaa_gefs,07,Pressure_Pa,16,101736.001953125
gep07,00,2026-01-28,2026-02-13,gcrew,noaa_gefs,07,RH_percent_mean,16,63.89894676208496
gep07,00,2026-01-28,2026-02-13,gcrew,noaa_gefs,07,Rain_mm_sum,16,0
gep07,00,2026-01-28,2026-02-13,gcrew,noaa_gefs,07,ShortwaveRadiation_Wm2,16,143.25
gep07,00,2026-01-28,2026-02-13,gcrew,noaa_gefs,07,WindSpeed_ms_mean,16,6.434746689935362
gep07,00,2026-01-28,2026-02-14,gcrew,noaa_gefs,07,AirTemp_C_mean,17,-2.5064834594726335
gep07,00,2026-01-28,2026-02-14,gcrew,noaa_gefs,07,Pressure_Pa,17,101387.0625
gep07,00,2026-01-28,2026-02-14,gcrew,noaa_gefs,07,RH_percent_mean,17,63.91810321807861
gep07,00,2026-01-28,2026-02-14,gcrew,noaa_gefs,07,Rain_mm_sum,17,0
gep07,00,2026-01-28,2026-02-14,gcrew,noaa_gefs,07,ShortwaveRadiation_Wm2,17,174
gep07,00,2026-01-28,2026-02-14,gcrew,noaa_gefs,07,WindSpeed_ms_mean,17,4.505267943240719
gep07,00,2026-01-28,2026-02-15,gcrew,noaa_gefs,07,AirTemp_C_mean,18,-1.092008972167946
gep07,00,2026-01-28,2026-02-15,gcrew,noaa_gefs,07,Pressure_Pa,18,101645.232421875
gep07,00,2026-01-28,2026-02-15,gcrew,noaa_gefs,07,RH_percent_mean,18,69.99055099487305
gep07,00,2026-01-28,2026-02-15,gcrew,noaa_gefs,07,Rain_mm_sum,18,0
gep07,00,2026-01-28,2026-02-15,gcrew,noaa_gefs,07,ShortwaveRadiation_Wm2,18,159.5
gep07,00,2026-01-28,2026-02-15,gcrew,noaa_gefs,07,WindSpeed_ms_mean,18,3.138143268840961
gep07,00,2026-01-28,2026-02-16,gcrew,noaa_gefs,07,AirTemp_C_mean,19,1.369630432128929
gep07,00,2026-01-28,2026-02-16,gcrew,noaa_gefs,07,Pressure_Pa,19,101803.056640625
gep07,00,2026-01-28,2026-02-16,gcrew,noaa_gefs,07,RH_percent_mean,19,79.61123466491699
gep07,00,2026-01-28,2026-02-16,gcrew,noaa_gefs,07,Rain_mm_sum,19,0.20000000298023224
gep07,00,2026-01-28,2026-02-16,gcrew,noaa_gefs,07,ShortwaveRadiation_Wm2,19,87.75
gep07,00,2026-01-28,2026-02-16,gcrew,noaa_gefs,07,WindSpeed_ms_mean,19,3.3481034252777753
gep07,00,2026-01-28,2026-02-17,gcrew,noaa_gefs,07,AirTemp_C_mean,20,0.7386337280273665
gep07,00,2026-01-28,2026-02-17,gcrew,noaa_gefs,07,Pressure_Pa,20,101786.171875
gep07,00,2026-01-28,2026-02-17,gcrew,noaa_gefs,07,RH_percent_mean,20,84.81830406188965
gep07,00,2026-01-28,2026-02-17,gcrew,noaa_gefs,07,Rain_mm_sum,20,7.099999904632568
gep07,00,2026-01-28,2026-02-17,gcrew,noaa_gefs,07,ShortwaveRadiation_Wm2,20,22.25
gep07,00,2026-01-28,2026-02-17,gcrew,noaa_gefs,07,WindSpeed_ms_mean,20,4.584310341175985
gep07,00,2026-01-28,2026-02-18,gcrew,noaa_gefs,07,AirTemp_C_mean,21,4.854364013671898
gep07,00,2026-01-28,2026-02-18,gcrew,noaa_gefs,07,Pressure_Pa,21,100528.912109375
gep07,00,2026-01-28,2026-02-18,gcrew,noaa_gefs,07,RH_percent_mean,21,98.09432792663574
gep07,00,2026-01-28,2026-02-18,gcrew,noaa_gefs,07,Rain_mm_sum,21,9.100000143051147
gep07,00,2026-01-28,2026-02-18,gcrew,noaa_gefs,07,ShortwaveRadiation_Wm2,21,34
gep07,00,2026-01-28,2026-02-18,gcrew,noaa_gefs,07,WindSpeed_ms_mean,21,2.3743466397881434
gep07,00,2026-01-28,2026-02-19,gcrew,noaa_gefs,07,AirTemp_C_mean,22,2.8552337646484602
gep07,00,2026-01-28,2026-02-19,gcrew,noaa_gefs,07,Pressure_Pa,22,100285.193359375
gep07,00,2026-01-28,2026-02-19,gcrew,noaa_gefs,07,RH_percent_mean,22,85.17862129211426
gep07,00,2026-01-28,2026-02-19,gcrew,noaa_gefs,07,Rain_mm_sum,22,0.30000001192092896
gep07,00,2026-01-28,2026-02-19,gcrew,noaa_gefs,07,ShortwaveRadiation_Wm2,22,69.75
gep07,00,2026-01-28,2026-02-19,gcrew,noaa_gefs,07,WindSpeed_ms_mean,22,4.774511407394309
gep07,00,2026-01-28,2026-02-20,gcrew,noaa_gefs,07,AirTemp_C_mean,23,-9.267301940917946
gep07,00,2026-01-28,2026-02-20,gcrew,noaa_gefs,07,Pressure_Pa,23,101475.0859375
gep07,00,2026-01-28,2026-02-20,gcrew,noaa_gefs,07,RH_percent_mean,23,50.81293869018555
gep07,00,2026-01-28,2026-02-20,gcrew,noaa_gefs,07,Rain_mm_sum,23,0
gep07,00,2026-01-28,2026-02-20,gcrew,noaa_gefs,07,ShortwaveRadiation_Wm2,23,183
gep07,00,2026-01-28,2026-02-20,gcrew,noaa_gefs,07,WindSpeed_ms_mean,23,10.622410091968261
gep07,00,2026-01-28,2026-02-21,gcrew,noaa_gefs,07,AirTemp_C_mean,24,-10.929685974121071
gep07,00,2026-01-28,2026-02-21,gcrew,noaa_gefs,07,Pressure_Pa,24,102074.087890625
gep07,00,2026-01-28,2026-02-21,gcrew,noaa_gefs,07,RH_percent_mean,24,47.823272705078125
gep07,00,2026-01-28,2026-02-21,gcrew,noaa_gefs,07,Rain_mm_sum,24,0
gep07,00,2026-01-28,2026-02-21,gcrew,noaa_gefs,07,ShortwaveRadiation_Wm2,24,187
gep07,00,2026-01-28,2026-02-21,gcrew,noaa_gefs,07,WindSpeed_ms_mean,24,6.5561279655405835
gep07,00,2026-01-28,2026-02-22,gcrew,noaa_gefs,07,AirTemp_C_mean,25,-7.766607666015602
gep07,00,2026-01-28,2026-02-22,gcrew,noaa_gefs,07,Pressure_Pa,25,102546.142578125
gep07,00,2026-01-28,2026-02-22,gcrew,noaa_gefs,07,RH_percent_mean,25,56.11021900177002
gep07,00,2026-01-28,2026-02-22,gcrew,noaa_gefs,07,Rain_mm_sum,25,0
gep07,00,2026-01-28,2026-02-22,gcrew,noaa_gefs,07,ShortwaveRadiation_Wm2,25,200.25
gep07,00,2026-01-28,2026-02-22,gcrew,noaa_gefs,07,WindSpeed_ms_mean,25,7.731225422210707
gep07,00,2026-01-28,2026-02-23,gcrew,noaa_gefs,07,AirTemp_C_mean,26,-2.8251098632812273
gep07,00,2026-01-28,2026-02-23,gcrew,noaa_gefs,07,Pressure_Pa,26,102910.716796875
gep07,00,2026-01-28,2026-02-23,gcrew,noaa_gefs,07,RH_percent_mean,26,53.88744640350342
gep07,00,2026-01-28,2026-02-23,gcrew,noaa_gefs,07,Rain_mm_sum,26,0
gep07,00,2026-01-28,2026-02-23,gcrew,noaa_gefs,07,ShortwaveRadiation_Wm2,26,202.5
gep07,00,2026-01-28,2026-02-23,gcrew,noaa_gefs,07,WindSpeed_ms_mean,26,4.84067752247645
gep07,00,2026-01-28,2026-02-24,gcrew,noaa_gefs,07,AirTemp_C_mean,27,1.597322082519554
gep07,00,2026-01-28,2026-02-24,gcrew,noaa_gefs,07,Pressure_Pa,27,102109.3046875
gep07,00,2026-01-28,2026-02-24,gcrew,noaa_gefs,07,RH_percent_mean,27,62.64256954193115
gep07,00,2026-01-28,2026-02-24,gcrew,noaa_gefs,07,Rain_mm_sum,27,0
gep07,00,2026-01-28,2026-02-24,gcrew,noaa_gefs,07,ShortwaveRadiation_Wm2,27,116.5
gep07,00,2026-01-28,2026-02-24,gcrew,noaa_gefs,07,WindSpeed_ms_mean,27,5.3985288138153145
gep07,00,2026-01-28,2026-02-25,gcrew,noaa_gefs,07,AirTemp_C_mean,28,3.3727813720703352
gep07,00,2026-01-28,2026-02-25,gcrew,noaa_gefs,07,Pressure_Pa,28,101713.029296875
gep07,00,2026-01-28,2026-02-25,gcrew,noaa_gefs,07,RH_percent_mean,28,82.43609428405762
gep07,00,2026-01-28,2026-02-25,gcrew,noaa_gefs,07,Rain_mm_sum,28,0
gep07,00,2026-01-28,2026-02-25,gcrew,noaa_gefs,07,ShortwaveRadiation_Wm2,28,183.25
gep07,00,2026-01-28,2026-02-25,gcrew,noaa_gefs,07,WindSpeed_ms_mean,28,2.7927366152488466
gep07,00,2026-01-28,2026-02-26,gcrew,noaa_gefs,07,AirTemp_C_mean,29,4.269799804687523
gep07,00,2026-01-28,2026-02-26,gcrew,noaa_gefs,07,Pressure_Pa,29,101386.140625
gep07,00,2026-01-28,2026-02-26,gcrew,noaa_gefs,07,RH_percent_mean,29,76.72475337982178
gep07,00,2026-01-28,2026-02-26,gcrew,noaa_gefs,07,Rain_mm_sum,29,0.6100000143051147
gep07,00,2026-01-28,2026-02-26,gcrew,noaa_gefs,07,ShortwaveRadiation_Wm2,29,157.75
gep07,00,2026-01-28,2026-02-26,gcrew,noaa_gefs,07,WindSpeed_ms_mean,29,5.374720606390739
gep07,00,2026-01-28,2026-02-27,gcrew,noaa_gefs,07,AirTemp_C_mean,30,-2.2006057739257585
gep07,00,2026-01-28,2026-02-27,gcrew,noaa_gefs,07,Pressure_Pa,30,102063.791015625
gep07,00,2026-01-28,2026-02-27,gcrew,noaa_gefs,07,RH_percent_mean,30,60.6358585357666
gep07,00,2026-01-28,2026-02-27,gcrew,noaa_gefs,07,Rain_mm_sum,30,0
gep07,00,2026-01-28,2026-02-27,gcrew,noaa_gefs,07,ShortwaveRadiation_Wm2,30,208.75
gep07,00,2026-01-28,2026-02-27,gcrew,noaa_gefs,07,WindSpeed_ms_mean,30,4.223661637522698
gep07,00,2026-01-28,2026-02-28,gcrew,noaa_gefs,07,AirTemp_C_mean,31,2.8180099487304915
gep07,00,2026-01-28,2026-02-28,gcrew,noaa_gefs,07,Pressure_Pa,31,102096.6484375
gep07,00,2026-01-28,2026-02-28,gcrew,noaa_gefs,07,RH_percent_mean,31,73.37237644195557
gep07,00,2026-01-28,2026-02-28,gcrew,noaa_gefs,07,Rain_mm_sum,31,0
gep07,00,2026-01-28,2026-02-28,gcrew,noaa_gefs,07,ShortwaveRadiation_Wm2,31,182.75
gep07,00,2026-01-28,2026-02-28,gcrew,noaa_gefs,07,WindSpeed_ms_mean,31,2.7731910157020536
gep07,00,2026-01-28,2026-03-01,gcrew,noaa_gefs,07,AirTemp_C_mean,32,10.715417480468773
gep07,00,2026-01-28,2026-03-01,gcrew,noaa_gefs,07,Pressure_Pa,32,101821.703125
gep07,00,2026-01-28,2026-03-01,gcrew,noaa_gefs,07,RH_percent_mean,32,78.44407558441162
gep07,00,2026-01-28,2026-03-01,gcrew,noaa_gefs,07,Rain_mm_sum,32,0.10000000149011612
gep07,00,2026-01-28,2026-03-01,gcrew,noaa_gefs,07,ShortwaveRadiation_Wm2,32,188
gep07,00,2026-01-28,2026-03-01,gcrew,noaa_gefs,07,WindSpeed_ms_mean,32,4.440940868795268
gep07,00,2026-01-28,2026-03-02,gcrew,noaa_gefs,07,AirTemp_C_mean,33,8.776765441894554
gep07,00,2026-01-28,2026-03-02,gcrew,noaa_gefs,07,Pressure_Pa,33,102014.58203125
gep07,00,2026-01-28,2026-03-02,gcrew,noaa_gefs,07,RH_percent_mean,33,87.70235443115234
gep07,00,2026-01-28,2026-03-02,gcrew,noaa_gefs,07,Rain_mm_sum,33,1.2000000476837158
gep07,00,2026-01-28,2026-03-02,gcrew,noaa_gefs,07,ShortwaveRadiation_Wm2,33,148.25
gep07,00,2026-01-28,2026-03-02,gcrew,noaa_gefs,07,WindSpeed_ms_mean,33,4.63763027527913
gep07,00,2026-01-28,2026-03-03,gcrew,noaa_gefs,07,AirTemp_C_mean,34,11.128327941894554
gep07,00,2026-01-28,2026-03-03,gcrew,noaa_gefs,07,Pressure_Pa,34,100700.955078125
gep07,00,2026-01-28,2026-03-03,gcrew,noaa_gefs,07,RH_percent_mean,34,81.373138427734375
gep07,00,2026-01-28,2026-03-03,gcrew,noaa_gefs,07,Rain_mm_sum,34,39.5
gep07,00,2026-01-28,2026-03-03,gcrew,noaa_gefs,07,ShortwaveRadiation_Wm2,34,137
gep07,00,2026-01-28,2026-03-03,gcrew,noaa_gefs,07,WindSpeed_ms_mean,34,6.95522383090104
gep08,00,2026-01-28,2026-01-29,gcrew,noaa_gefs,08,AirTemp_C_mean,1,-7.280580902099587
gep08,00,2026-01-28,2026-01-29,gcrew,noaa_gefs,08,Pressure_Pa,1,102287.724609375
gep08,00,2026-01-28,2026-01-29,gcrew,noaa_gefs,08,RH_percent_mean,1,76.07372665405273
gep08,00,2026-01-28,2026-01-29,gcrew,noaa_gefs,08,Rain_mm_sum,1,0.10000000149011612
gep08,00,2026-01-28,2026-01-29,gcrew,noaa_gefs,08,ShortwaveRadiation_Wm2,1,150.125
gep08,00,2026-01-28,2026-01-29,gcrew,noaa_gefs,08,WindSpeed_ms_mean,1,5.488174929013097
gep08,00,2026-01-28,2026-01-30,gcrew,noaa_gefs,08,AirTemp_C_mean,2,-7.0662673950195085
gep08,00,2026-01-28,2026-01-30,gcrew,noaa_gefs,08,Pressure_Pa,2,102186.884765625
gep08,00,2026-01-28,2026-01-30,gcrew,noaa_gefs,08,RH_percent_mean,2,85.883331298828125
gep08,00,2026-01-28,2026-01-30,gcrew,noaa_gefs,08,Rain_mm_sum,2,3.400000035762787
gep08,00,2026-01-28,2026-01-30,gcrew,noaa_gefs,08,ShortwaveRadiation_Wm2,2,91
gep08,00,2026-01-28,2026-01-30,gcrew,noaa_gefs,08,WindSpeed_ms_mean,2,4.310190691157695
gep08,00,2026-01-28,2026-01-31,gcrew,noaa_gefs,08,AirTemp_C_mean,3,-8.19930496215818
gep08,00,2026-01-28,2026-01-31,gcrew,noaa_gefs,08,Pressure_Pa,3,101301.654296875
gep08,00,2026-01-28,2026-01-31,gcrew,noaa_gefs,08,RH_percent_mean,3,95.59107112884521
gep08,00,2026-01-28,2026-01-31,gcrew,noaa_gefs,08,Rain_mm_sum,3,24.890000462532043
gep08,00,2026-01-28,2026-01-31,gcrew,noaa_gefs,08,ShortwaveRadiation_Wm2,3,47
gep08,00,2026-01-28,2026-01-31,gcrew,noaa_gefs,08,WindSpeed_ms_mean,3,10.447140277612919
gep08,00,2026-01-28,2026-02-01,gcrew,noaa_gefs,08,AirTemp_C_mean,4,-5.557821655273415
gep08,00,2026-01-28,2026-02-01,gcrew,noaa_gefs,08,Pressure_Pa,4,99940.41015625
gep08,00,2026-01-28,2026-02-01,gcrew,noaa_gefs,08,RH_percent_mean,4,94.5508918762207
gep08,00,2026-01-28,2026-02-01,gcrew,noaa_gefs,08,Rain_mm_sum,4,22.200000166893005
gep08,00,2026-01-28,2026-02-01,gcrew,noaa_gefs,08,ShortwaveRadiation_Wm2,4,59.5
gep08,00,2026-01-28,2026-02-01,gcrew,noaa_gefs,08,WindSpeed_ms_mean,4,13.510369912418103
gep08,00,2026-01-28,2026-02-02,gcrew,noaa_gefs,08,AirTemp_C_mean,5,-5.524973297119118
gep08,00,2026-01-28,2026-02-02,gcrew,noaa_gefs,08,Pressure_Pa,5,101653.6318359375
gep08,00,2026-01-28,2026-02-02,gcrew,noaa_gefs,08,RH_percent_mean,5,80.55075645446777
gep08,00,2026-01-28,2026-02-02,gcrew,noaa_gefs,08,Rain_mm_sum,5,1.399999976158142
gep08,00,2026-01-28,2026-02-02,gcrew,noaa_gefs,08,ShortwaveRadiation_Wm2,5,151.5
gep08,00,2026-01-28,2026-02-02,gcrew,noaa_gefs,08,WindSpeed_ms_mean,5,8.067561597422333
gep08,00,2026-01-28,2026-02-03,gcrew,noaa_gefs,08,AirTemp_C_mean,6,-5.25441970825193
gep08,00,2026-01-28,2026-02-03,gcrew,noaa_gefs,08,Pressure_Pa,6,102473.724609375
gep08,00,2026-01-28,2026-02-03,gcrew,noaa_gefs,08,RH_percent_mean,6,78.25176620483398
gep08,00,2026-01-28,2026-02-03,gcrew,noaa_gefs,08,Rain_mm_sum,6,0
gep08,00,2026-01-28,2026-02-03,gcrew,noaa_gefs,08,ShortwaveRadiation_Wm2,6,163.375
gep08,00,2026-01-28,2026-02-03,gcrew,noaa_gefs,08,WindSpeed_ms_mean,6,3.967009672131133
gep08,00,2026-01-28,2026-02-04,gcrew,noaa_gefs,08,AirTemp_C_mean,7,-1.8118385314941179
gep08,00,2026-01-28,2026-02-04,gcrew,noaa_gefs,08,Pressure_Pa,7,102940.9130859375
gep08,00,2026-01-28,2026-02-04,gcrew,noaa_gefs,08,RH_percent_mean,7,83.65248394012451
gep08,00,2026-01-28,2026-02-04,gcrew,noaa_gefs,08,Rain_mm_sum,7,0.009999999776482582
gep08,00,2026-01-28,2026-02-04,gcrew,noaa_gefs,08,ShortwaveRadiation_Wm2,7,109.5
gep08,00,2026-01-28,2026-02-04,gcrew,noaa_gefs,08,WindSpeed_ms_mean,7,2.1674175981691817
gep08,00,2026-01-28,2026-02-05,gcrew,noaa_gefs,08,AirTemp_C_mean,8,1.069429016113304
gep08,00,2026-01-28,2026-02-05,gcrew,noaa_gefs,08,Pressure_Pa,8,101906.8251953125
gep08,00,2026-01-28,2026-02-05,gcrew,noaa_gefs,08,RH_percent_mean,8,94.48931217193604
gep08,00,2026-01-28,2026-02-05,gcrew,noaa_gefs,08,Rain_mm_sum,8,0.20000000298023224
gep08,00,2026-01-28,2026-02-05,gcrew,noaa_gefs,08,ShortwaveRadiation_Wm2,8,76.875
gep08,00,2026-01-28,2026-02-05,gcrew,noaa_gefs,08,WindSpeed_ms_mean,8,3.684263806468948
gep08,00,2026-01-28,2026-02-06,gcrew,noaa_gefs,08,AirTemp_C_mean,9,2.753424944196451
gep08,00,2026-01-28,2026-02-06,gcrew,noaa_gefs,08,Pressure_Pa,9,100416.97879464286
gep08,00,2026-01-28,2026-02-06,gcrew,noaa_gefs,08,RH_percent_mean,9,86.28384617396763
gep08,00,2026-01-28,2026-02-06,gcrew,noaa_gefs,08,Rain_mm_sum,9,0.9999999925494194
gep08,00,2026-01-28,2026-02-06,gcrew,noaa_gefs,08,ShortwaveRadiation_Wm2,9,160
gep08,00,2026-01-28,2026-02-06,gcrew,noaa_gefs,08,WindSpeed_ms_mean,9,7.2776915238674205
gep08,00,2026-01-28,2026-02-07,gcrew,noaa_gefs,08,AirTemp_C_mean,10,-5.779425048828102
gep08,00,2026-01-28,2026-02-07,gcrew,noaa_gefs,08,Pressure_Pa,10,101461.65625
gep08,00,2026-01-28,2026-02-07,gcrew,noaa_gefs,08,RH_percent_mean,10,72.17018508911133
gep08,00,2026-01-28,2026-02-07,gcrew,noaa_gefs,08,Rain_mm_sum,10,0
gep08,00,2026-01-28,2026-02-07,gcrew,noaa_gefs,08,ShortwaveRadiation_Wm2,10,149.5
gep08,00,2026-01-28,2026-02-07,gcrew,noaa_gefs,08,WindSpeed_ms_mean,10,4.217680666860886
gep08,00,2026-01-28,2026-02-08,gcrew,noaa_gefs,08,AirTemp_C_mean,11,-7.681547546386696
gep08,00,2026-01-28,2026-02-08,gcrew,noaa_gefs,08,Pressure_Pa,11,102029.173828125
gep08,00,2026-01-28,2026-02-08,gcrew,noaa_gefs,08,RH_percent_mean,11,68.76657009124756
gep08,00,2026-01-28,2026-02-08,gcrew,noaa_gefs,08,Rain_mm_sum,11,0
gep08,00,2026-01-28,2026-02-08,gcrew,noaa_gefs,08,ShortwaveRadiation_Wm2,11,174.25
gep08,00,2026-01-28,2026-02-08,gcrew,noaa_gefs,08,WindSpeed_ms_mean,11,7.886064993607651
gep08,00,2026-01-28,2026-02-09,gcrew,noaa_gefs,08,AirTemp_C_mean,12,-4.058538818359352
gep08,00,2026-01-28,2026-02-09,gcrew,noaa_gefs,08,Pressure_Pa,12,101952.376953125
gep08,00,2026-01-28,2026-02-09,gcrew,noaa_gefs,08,RH_percent_mean,12,68.18047332763672
gep08,00,2026-01-28,2026-02-09,gcrew,noaa_gefs,08,Rain_mm_sum,12,0
gep08,00,2026-01-28,2026-02-09,gcrew,noaa_gefs,08,ShortwaveRadiation_Wm2,12,164.25
gep08,00,2026-01-28,2026-02-09,gcrew,noaa_gefs,08,WindSpeed_ms_mean,12,7.975086568269404
gep08,00,2026-01-28,2026-02-10,gcrew,noaa_gefs,08,AirTemp_C_mean,13,-3.093626403808571
gep08,00,2026-01-28,2026-02-10,gcrew,noaa_gefs,08,Pressure_Pa,13,101960.732421875
gep08,00,2026-01-28,2026-02-10,gcrew,noaa_gefs,08,RH_percent_mean,13,68.68310356140137
gep08,00,2026-01-28,2026-02-10,gcrew,noaa_gefs,08,Rain_mm_sum,13,0
gep08,00,2026-01-28,2026-02-10,gcrew,noaa_gefs,08,ShortwaveRadiation_Wm2,13,134.75
gep08,00,2026-01-28,2026-02-10,gcrew,noaa_gefs,08,WindSpeed_ms_mean,13,5.259966799674645
gep08,00,2026-01-28,2026-02-11,gcrew,noaa_gefs,08,AirTemp_C_mean,14,-4.653044128417946
gep08,00,2026-01-28,2026-02-11,gcrew,noaa_gefs,08,Pressure_Pa,14,101637.04296875
gep08,00,2026-01-28,2026-02-11,gcrew,noaa_gefs,08,RH_percent_mean,14,69.65564918518066
gep08,00,2026-01-28,2026-02-11,gcrew,noaa_gefs,08,Rain_mm_sum,14,0
gep08,00,2026-01-28,2026-02-11,gcrew,noaa_gefs,08,ShortwaveRadiation_Wm2,14,179.5
gep08,00,2026-01-28,2026-02-11,gcrew,noaa_gefs,08,WindSpeed_ms_mean,14,8.026119124547929
gep08,00,2026-01-28,2026-02-12,gcrew,noaa_gefs,08,AirTemp_C_mean,15,-3.519529724121071
gep08,00,2026-01-28,2026-02-12,gcrew,noaa_gefs,08,Pressure_Pa,15,101760.71875
gep08,00,2026-01-28,2026-02-12,gcrew,noaa_gefs,08,RH_percent_mean,15,71.13922119140625
gep08,00,2026-01-28,2026-02-12,gcrew,noaa_gefs,08,Rain_mm_sum,15,0
gep08,00,2026-01-28,2026-02-12,gcrew,noaa_gefs,08,ShortwaveRadiation_Wm2,15,178.25
gep08,00,2026-01-28,2026-02-12,gcrew,noaa_gefs,08,WindSpeed_ms_mean,15,7.753901032955588
gep08,00,2026-01-28,2026-02-13,gcrew,noaa_gefs,08,AirTemp_C_mean,16,-2.7990249633788835
gep08,00,2026-01-28,2026-02-13,gcrew,noaa_gefs,08,Pressure_Pa,16,101736.001953125
gep08,00,2026-01-28,2026-02-13,gcrew,noaa_gefs,08,RH_percent_mean,16,63.89894676208496
gep08,00,2026-01-28,2026-02-13,gcrew,noaa_gefs,08,Rain_mm_sum,16,0
gep08,00,2026-01-28,2026-02-13,gcrew,noaa_gefs,08,ShortwaveRadiation_Wm2,16,143.25
gep08,00,2026-01-28,2026-02-13,gcrew,noaa_gefs,08,WindSpeed_ms_mean,16,6.434746689935362
gep08,00,2026-01-28,2026-02-14,gcrew,noaa_gefs,08,AirTemp_C_mean,17,-2.5064834594726335
gep08,00,2026-01-28,2026-02-14,gcrew,noaa_gefs,08,Pressure_Pa,17,101387.0625
gep08,00,2026-01-28,2026-02-14,gcrew,noaa_gefs,08,RH_percent_mean,17,63.91810321807861
gep08,00,2026-01-28,2026-02-14,gcrew,noaa_gefs,08,Rain_mm_sum,17,0
gep08,00,2026-01-28,2026-02-14,gcrew,noaa_gefs,08,ShortwaveRadiation_Wm2,17,174
gep08,00,2026-01-28,2026-02-14,gcrew,noaa_gefs,08,WindSpeed_ms_mean,17,4.505267943240719
gep08,00,2026-01-28,2026-02-15,gcrew,noaa_gefs,08,AirTemp_C_mean,18,-1.092008972167946
gep08,00,2026-01-28,2026-02-15,gcrew,noaa_gefs,08,Pressure_Pa,18,101645.232421875
gep08,00,2026-01-28,2026-02-15,gcrew,noaa_gefs,08,RH_percent_mean,18,69.99055099487305
gep08,00,2026-01-28,2026-02-15,gcrew,noaa_gefs,08,Rain_mm_sum,18,0
gep08,00,2026-01-28,2026-02-15,gcrew,noaa_gefs,08,ShortwaveRadiation_Wm2,18,159.5
gep08,00,2026-01-28,2026-02-15,gcrew,noaa_gefs,08,WindSpeed_ms_mean,18,3.138143268840961
gep08,00,2026-01-28,2026-02-16,gcrew,noaa_gefs,08,AirTemp_C_mean,19,1.369630432128929
gep08,00,2026-01-28,2026-02-16,gcrew,noaa_gefs,08,Pressure_Pa,19,101803.056640625
gep08,00,2026-01-28,2026-02-16,gcrew,noaa_gefs,08,RH_percent_mean,19,79.61123466491699
gep08,00,2026-01-28,2026-02-16,gcrew,noaa_gefs,08,Rain_mm_sum,19,0.20000000298023224
gep08,00,2026-01-28,2026-02-16,gcrew,noaa_gefs,08,ShortwaveRadiation_Wm2,19,87.75
gep08,00,2026-01-28,2026-02-16,gcrew,noaa_gefs,08,WindSpeed_ms_mean,19,3.3481034252777753
gep08,00,2026-01-28,2026-02-17,gcrew,noaa_gefs,08,AirTemp_C_mean,20,0.7386337280273665
gep08,00,2026-01-28,2026-02-17,gcrew,noaa_gefs,08,Pressure_Pa,20,101786.171875
gep08,00,2026-01-28,2026-02-17,gcrew,noaa_gefs,08,RH_percent_mean,20,84.81830406188965
gep08,00,2026-01-28,2026-02-17,gcrew,noaa_gefs,08,Rain_mm_sum,20,7.099999904632568
gep08,00,2026-01-28,2026-02-17,gcrew,noaa_gefs,08,ShortwaveRadiation_Wm2,20,22.25
gep08,00,2026-01-28,2026-02-17,gcrew,noaa_gefs,08,WindSpeed_ms_mean,20,4.584310341175985
gep08,00,2026-01-28,2026-02-18,gcrew,noaa_gefs,08,AirTemp_C_mean,21,4.854364013671898
gep08,00,2026-01-28,2026-02-18,gcrew,noaa_gefs,08,Pressure_Pa,21,100528.912109375
gep08,00,2026-01-28,2026-02-18,gcrew,noaa_gefs,08,RH_percent_mean,21,98.09432792663574
gep08,00,2026-01-28,2026-02-18,gcrew,noaa_gefs,08,Rain_mm_sum,21,9.100000143051147
gep08,00,2026-01-28,2026-02-18,gcrew,noaa_gefs,08,ShortwaveRadiation_Wm2,21,34
gep08,00,2026-01-28,2026-02-18,gcrew,noaa_gefs,08,WindSpeed_ms_mean,21,2.3743466397881434
gep08,00,2026-01-28,2026-02-19,gcrew,noaa_gefs,08,AirTemp_C_mean,22,2.8552337646484602
gep08,00,2026-01-28,2026-02-19,gcrew,noaa_gefs,08,Pressure_Pa,22,100285.193359375
gep08,00,2026-01-28,2026-02-19,gcrew,noaa_gefs,08,RH_percent_mean,22,85.17862129211426
gep08,00,2026-01-28,2026-02-19,gcrew,noaa_gefs,08,Rain_mm_sum,22,0.30000001192092896
gep08,00,2026-01-28,2026-02-19,gcrew,noaa_gefs,08,ShortwaveRadiation_Wm2,22,69.75
gep08,00,2026-01-28,2026-02-19,gcrew,noaa_gefs,08,WindSpeed_ms_mean,22,4.774511407394309
gep08,00,2026-01-28,2026-02-20,gcrew,noaa_gefs,08,AirTemp_C_mean,23,-9.267301940917946
gep08,00,2026-01-28,2026-02-20,gcrew,noaa_gefs,08,Pressure_Pa,23,101475.0859375
gep08,00,2026-01-28,2026-02-20,gcrew,noaa_gefs,08,RH_percent_mean,23,50.81293869018555
gep08,00,2026-01-28,2026-02-20,gcrew,noaa_gefs,08,Rain_mm_sum,23,0
gep08,00,2026-01-28,2026-02-20,gcrew,noaa_gefs,08,ShortwaveRadiation_Wm2,23,183
gep08,00,2026-01-28,2026-02-20,gcrew,noaa_gefs,08,WindSpeed_ms_mean,23,10.622410091968261
gep08,00,2026-01-28,2026-02-21,gcrew,noaa_gefs,08,AirTemp_C_mean,24,-10.929685974121071
gep08,00,2026-01-28,2026-02-21,gcrew,noaa_gefs,08,Pressure_Pa,24,102074.087890625
gep08,00,2026-01-28,2026-02-21,gcrew,noaa_gefs,08,RH_percent_mean,24,47.823272705078125
gep08,00,2026-01-28,2026-02-21,gcrew,noaa_gefs,08,Rain_mm_sum,24,0
gep08,00,2026-01-28,2026-02-21,gcrew,noaa_gefs,08,ShortwaveRadiation_Wm2,24,187
gep08,00,2026-01-28,2026-02-21,gcrew,noaa_gefs,08,WindSpeed_ms_mean,24,6.5561279655405835
gep08,00,2026-01-28,2026-02-22,gcrew,noaa_gefs,08,AirTemp_C_mean,25,-7.766607666015602
gep08,00,2026-01-28,2026-02-22,gcrew,noaa_gefs,08,Pressure_Pa,25,102546.142578125
gep08,00,2026-01-28,2026-02-22,gcrew,noaa_gefs,08,RH_percent_mean,25,56.11021900177002
gep08,00,2026-01-28,2026-02-22,gcrew,noaa_gefs,08,Rain_mm_sum,25,0
gep08,00,2026-01-28,2026-02-22,gcrew,noaa_gefs,08,ShortwaveRadiation_Wm2,25,200.25
gep08,00,2026-01-28,2026-02-22,gcrew,noaa_gefs,08,WindSpeed_ms_mean,25,7.731225422210707
gep08,00,2026-01-28,2026-02-23,gcrew,noaa_gefs,08,AirTemp_C_mean,26,-2.8251098632812273
gep08,00,2026-01-28,2026-02-23,gcrew,noaa_gefs,08,Pressure_Pa,26,102910.716796875
gep08,00,2026-01-28,2026-02-23,gcrew,noaa_gefs,08,RH_percent_mean,26,53.88744640350342
gep08,00,2026-01-28,2026-02-23,gcrew,noaa_gefs,08,Rain_mm_sum,26,0
gep08,00,2026-01-28,2026-02-23,gcrew,noaa_gefs,08,ShortwaveRadiation_Wm2,26,202.5
gep08,00,2026-01-28,2026-02-23,gcrew,noaa_gefs,08,WindSpeed_ms_mean,26,4.84067752247645
gep08,00,2026-01-28,2026-02-24,gcrew,noaa_gefs,08,AirTemp_C_mean,27,1.597322082519554
gep08,00,2026-01-28,2026-02-24,gcrew,noaa_gefs,08,Pressure_Pa,27,102109.3046875
gep08,00,2026-01-28,2026-02-24,gcrew,noaa_gefs,08,RH_percent_mean,27,62.64256954193115
gep08,00,2026-01-28,2026-02-24,gcrew,noaa_gefs,08,Rain_mm_sum,27,0
gep08,00,2026-01-28,2026-02-24,gcrew,noaa_gefs,08,ShortwaveRadiation_Wm2,27,116.5
gep08,00,2026-01-28,2026-02-24,gcrew,noaa_gefs,08,WindSpeed_ms_mean,27,5.3985288138153145
gep08,00,2026-01-28,2026-02-25,gcrew,noaa_gefs,08,AirTemp_C_mean,28,3.3727813720703352
gep08,00,2026-01-28,2026-02-25,gcrew,noaa_gefs,08,Pressure_Pa,28,101713.029296875
gep08,00,2026-01-28,2026-02-25,gcrew,noaa_gefs,08,RH_percent_mean,28,82.43609428405762
gep08,00,2026-01-28,2026-02-25,gcrew,noaa_gefs,08,Rain_mm_sum,28,0
gep08,00,2026-01-28,2026-02-25,gcrew,noaa_gefs,08,ShortwaveRadiation_Wm2,28,183.25
gep08,00,2026-01-28,2026-02-25,gcrew,noaa_gefs,08,WindSpeed_ms_mean,28,2.7927366152488466
gep08,00,2026-01-28,2026-02-26,gcrew,noaa_gefs,08,AirTemp_C_mean,29,4.269799804687523
gep08,00,2026-01-28,2026-02-26,gcrew,noaa_gefs,08,Pressure_Pa,29,101386.140625
gep08,00,2026-01-28,2026-02-26,gcrew,noaa_gefs,08,RH_percent_mean,29,76.72475337982178
gep08,00,2026-01-28,2026-02-26,gcrew,noaa_gefs,08,Rain_mm_sum,29,0.6100000143051147
gep08,00,2026-01-28,2026-02-26,gcrew,noaa_gefs,08,ShortwaveRadiation_Wm2,29,157.75
gep08,00,2026-01-28,2026-02-26,gcrew,noaa_gefs,08,WindSpeed_ms_mean,29,5.374720606390739
gep08,00,2026-01-28,2026-02-27,gcrew,noaa_gefs,08,AirTemp_C_mean,30,-2.2006057739257585
gep08,00,2026-01-28,2026-02-27,gcrew,noaa_gefs,08,Pressure_Pa,30,102063.791015625
gep08,00,2026-01-28,2026-02-27,gcrew,noaa_gefs,08,RH_percent_mean,30,60.6358585357666
gep08,00,2026-01-28,2026-02-27,gcrew,noaa_gefs,08,Rain_mm_sum,30,0
gep08,00,2026-01-28,2026-02-27,gcrew,noaa_gefs,08,ShortwaveRadiation_Wm2,30,208.75
gep08,00,2026-01-28,2026-02-27,gcrew,noaa_gefs,08,WindSpeed_ms_mean,30,4.223661637522698
gep08,00,2026-01-28,2026-02-28,gcrew,noaa_gefs,08,AirTemp_C_mean,31,2.8180099487304915
gep08,00,2026-01-28,2026-02-28,gcrew,noaa_gefs,08,Pressure_Pa,31,102096.6484375
gep08,00,2026-01-28,2026-02-28,gcrew,noaa_gefs,08,RH_percent_mean,31,73.37237644195557
gep08,00,2026-01-28,2026-02-28,gcrew,noaa_gefs,08,Rain_mm_sum,31,0
gep08,00,2026-01-28,2026-02-28,gcrew,noaa_gefs,08,ShortwaveRadiation_Wm2,31,182.75
gep08,00,2026-01-28,2026-02-28,gcrew,noaa_gefs,08,WindSpeed_ms_mean,31,2.7731910157020536
gep08,00,2026-01-28,2026-03-01,gcrew,noaa_gefs,08,AirTemp_C_mean,32,10.715417480468773
gep08,00,2026-01-28,2026-03-01,gcrew,noaa_gefs,08,Pressure_Pa,32,101821.703125
gep08,00,2026-01-28,2026-03-01,gcrew,noaa_gefs,08,RH_percent_mean,32,78.44407558441162
gep08,00,2026-01-28,2026-03-01,gcrew,noaa_gefs,08,Rain_mm_sum,32,0.10000000149011612
gep08,00,2026-01-28,2026-03-01,gcrew,noaa_gefs,08,ShortwaveRadiation_Wm2,32,188
gep08,00,2026-01-28,2026-03-01,gcrew,noaa_gefs,08,WindSpeed_ms_mean,32,4.440940868795268
gep08,00,2026-01-28,2026-03-02,gcrew,noaa_gefs,08,AirTemp_C_mean,33,8.776765441894554
gep08,00,2026-01-28,2026-03-02,gcrew,noaa_gefs,08,Pressure_Pa,33,102014.58203125
gep08,00,2026-01-28,2026-03-02,gcrew,noaa_gefs,08,RH_percent_mean,33,87.70235443115234
gep08,00,2026-01-28,2026-03-02,gcrew,noaa_gefs,08,Rain_mm_sum,33,1.2000000476837158
gep08,00,2026-01-28,2026-03-02,gcrew,noaa_gefs,08,ShortwaveRadiation_Wm2,33,148.25
gep08,00,2026-01-28,2026-03-02,gcrew,noaa_gefs,08,WindSpeed_ms_mean,33,4.63763027527913
gep08,00,2026-01-28,2026-03-03,gcrew,noaa_gefs,08,AirTemp_C_mean,34,11.128327941894554
gep08,00,2026-01-28,2026-03-03,gcrew,noaa_gefs,08,Pressure_Pa,34,100700.955078125
gep08,00,2026-01-28,2026-03-03,gcrew,noaa_gefs,08,RH_percent_mean,34,81.373138427734375
gep08,00,2026-01-28,2026-03-03,gcrew,noaa_gefs,08,Rain_mm_sum,34,39.5
gep08,00,2026-01-28,2026-03-03,gcrew,noaa_gefs,08,ShortwaveRadiation_Wm2,34,137
gep08,00,2026-01-28,2026-03-03,gcrew,noaa_gefs,08,WindSpeed_ms_mean,34,6.95522383090104
gep09,00,2026-01-28,2026-01-29,gcrew,noaa_gefs,09,AirTemp_C_mean,1,-7.280580902099587
gep09,00,2026-01-28,2026-01-29,gcrew,noaa_gefs,09,Pressure_Pa,1,102287.724609375
gep09,00,2026-01-28,2026-01-29,gcrew,noaa_gefs,09,RH_percent_mean,1,76.07372665405273
gep09,00,2026-01-28,2026-01-29,gcrew,noaa_gefs,09,Rain_mm_sum,1,0.10000000149011612
gep09,00,2026-01-28,2026-01-29,gcrew,noaa_gefs,09,ShortwaveRadiation_Wm2,1,150.125
gep09,00,2026-01-28,2026-01-29,gcrew,noaa_gefs,09,WindSpeed_ms_mean,1,5.488174929013097
gep09,00,2026-01-28,2026-01-30,gcrew,noaa_gefs,09,AirTemp_C_mean,2,-7.0662673950195085
gep09,00,2026-01-28,2026-01-30,gcrew,noaa_gefs,09,Pressure_Pa,2,102186.884765625
gep09,00,2026-01-28,2026-01-30,gcrew,noaa_gefs,09,RH_percent_mean,2,85.883331298828125
gep09,00,2026-01-28,2026-01-30,gcrew,noaa_gefs,09,Rain_mm_sum,2,3.400000035762787
gep09,00,2026-01-28,2026-01-30,gcrew,noaa_gefs,09,ShortwaveRadiation_Wm2,2,91
gep09,00,2026-01-28,2026-01-30,gcrew,noaa_gefs,09,WindSpeed_ms_mean,2,4.310190691157695
gep09,00,2026-01-28,2026-01-31,gcrew,noaa_gefs,09,AirTemp_C_mean,3,-8.19930496215818
gep09,00,2026-01-28,2026-01-31,gcrew,noaa_gefs,09,Pressure_Pa,3,101301.654296875
gep09,00,2026-01-28,2026-01-31,gcrew,noaa_gefs,09,RH_percent_mean,3,95.59107112884521
gep09,00,2026-01-28,2026-01-31,gcrew,noaa_gefs,09,Rain_mm_sum,3,24.890000462532043
gep09,00,2026-01-28,2026-01-31,gcrew,noaa_gefs,09,ShortwaveRadiation_Wm2,3,47
gep09,00,2026-01-28,2026-01-31,gcrew,noaa_gefs,09,WindSpeed_ms_mean,3,10.447140277612919
gep09,00,2026-01-28,2026-02-01,gcrew,noaa_gefs,09,AirTemp_C_mean,4,-5.557821655273415
gep09,00,2026-01-28,2026-02-01,gcrew,noaa_gefs,09,Pressure_Pa,4,99940.41015625
gep09,00,2026-01-28,2026-02-01,gcrew,noaa_gefs,09,RH_percent_mean,4,94.5508918762207
gep09,00,2026-01-28,2026-02-01,gcrew,noaa_gefs,09,Rain_mm_sum,4,22.200000166893005
gep09,00,2026-01-28,2026-02-01,gcrew,noaa_gefs,09,ShortwaveRadiation_Wm2,4,59.5
gep09,00,2026-01-28,2026-02-01,gcrew,noaa_gefs,09,WindSpeed_ms_mean,4,13.510369912418103
gep09,00,2026-01-28,2026-02-02,gcrew,noaa_gefs,09,AirTemp_C_mean,5,-5.524973297119118
gep09,00,2026-01-28,2026-02-02,gcrew,noaa_gefs,09,Pressure_Pa,5,101653.6318359375
gep09,00,2026-01-28,2026-02-02,gcrew,noaa_gefs,09,RH_percent_mean,5,80.55075645446777
gep09,00,2026-01-28,2026-02-02,gcrew,noaa_gefs,09,Rain_mm_sum,5,1.399999976158142
gep09,00,2026-01-28,2026-02-02,gcrew,noaa_gefs,09,ShortwaveRadiation_Wm2,5,151.5
gep09,00,2026-01-28,2026-02-02,gcrew,noaa_gefs,09,WindSpeed_ms_mean,5,8.067561597422333
gep09,00,2026-01-28,2026-02-03,gcrew,noaa_gefs,09,AirTemp_C_mean,6,-5.25441970825193
gep09,00,2026-01-28,2026-02-03,gcrew,noaa_gefs,09,Pressure_Pa,6,102473.724609375
gep09,00,2026-01-28,2026-02-03,gcrew,noaa_gefs,09,RH_percent_mean,6,78.25176620483398
gep09,00,2026-01-28,2026-02-03,gcrew,noaa_gefs,09,Rain_mm_sum,6,0
gep09,00,2026-01-28,2026-02-03,gcrew,noaa_gefs,09,ShortwaveRadiation_Wm2,6,163.375
gep09,00,2026-01-28,2026-02-03,gcrew,noaa_gefs,09,WindSpeed_ms_mean,6,3.967009672131133
gep09,00,2026-01-28,2026-02-04,gcrew,noaa_gefs,09,AirTemp_C_mean,7,-1.8118385314941179
gep09,00,2026-01-28,2026-02-04,gcrew,noaa_gefs,09,Pressure_Pa,7,102940.9130859375
gep09,00,2026-01-28,2026-02-04,gcrew,noaa_gefs,09,RH_percent_mean,7,83.65248394012451
gep09,00,2026-01-28,2026-02-04,gcrew,noaa_gefs,09,Rain_mm_sum,7,0.009999999776482582
gep09,00,2026-01-28,2026-02-04,gcrew,noaa_gefs,09,ShortwaveRadiation_Wm2,7,109.5
gep09,00,2026-01-28,2026-02-04,gcrew,noaa_gefs,09,WindSpeed_ms_mean,7,2.1674175981691817
gep09,00,2026-01-28,2026-02-05,gcrew,noaa_gefs,09,AirTemp_C_mean,8,1.069429016113304
gep09,00,2026-01-28,2026-02-05,gcrew,noaa_gefs,09,Pressure_Pa,8,101906.8251953125
gep09,00,2026-01-28,2026-02-05,gcrew,noaa_gefs,09,RH_percent_mean,8,94.48931217193604
gep09,00,2026-01-28,2026-02-05,gcrew,noaa_gefs,09,Rain_mm_sum,8,0.20000000298023224
gep09,00,2026-01-28,2026-02-05,gcrew,noaa_gefs,09,ShortwaveRadiation_Wm2,8,76.875
gep09,00,2026-01-28,2026-02-05,gcrew,noaa_gefs,09,WindSpeed_ms_mean,8,3.684263806468948
gep09,00,2026-01-28,2026-02-06,gcrew,noaa_gefs,09,AirTemp_C_mean,9,2.753424944196451
gep09,00,2026-01-28,2026-02-06,gcrew,noaa_gefs,09,Pressure_Pa,9,100416.97879464286
gep09,00,2026-01-28,2026-02-06,gcrew,noaa_gefs,09,RH_percent_mean,9,86.28384617396763
gep09,00,2026-01-28,2026-02-06,gcrew,noaa_gefs,09,Rain_mm_sum,9,0.9999999925494194
gep09,00,2026-01-28,2026-02-06,gcrew,noaa_gefs,09,ShortwaveRadiation_Wm2,9,160
gep09,00,2026-01-28,2026-02-06,gcrew,noaa_gefs,09,WindSpeed_ms_mean,9,7.2776915238674205
gep09,00,2026-01-28,2026-02-07,gcrew,noaa_gefs,09,AirTemp_C_mean,10,-5.779425048828102
gep09,00,2026-01-28,2026-02-07,gcrew,noaa_gefs,09,Pressure_Pa,10,101461.65625
gep09,00,2026-01-28,2026-02-07,gcrew,noaa_gefs,09,RH_percent_mean,10,72.17018508911133
gep09,00,2026-01-28,2026-02-07,gcrew,noaa_gefs,09,Rain_mm_sum,10,0
gep09,00,2026-01-28,2026-02-07,gcrew,noaa_gefs,09,ShortwaveRadiation_Wm2,10,149.5
gep09,00,2026-01-28,2026-02-07,gcrew,noaa_gefs,09,WindSpeed_ms_mean,10,4.217680666860886
gep09,00,2026-01-28,2026-02-08,gcrew,noaa_gefs,09,AirTemp_C_mean,11,-7.681547546386696
gep09,00,2026-01-28,2026-02-08,gcrew,noaa_gefs,09,Pressure_Pa,11,102029.173828125
gep09,00,2026-01-28,2026-02-08,gcrew,noaa_gefs,09,RH_percent_mean,11,68.76657009124756
gep09,00,2026-01-28,2026-02-08,gcrew,noaa_gefs,09,Rain_mm_sum,11,0
gep09,00,2026-01-28,2026-02-08,gcrew,noaa_gefs,09,ShortwaveRadiation_Wm2,11,174.25
gep09,00,2026-01-28,2026-02-08,gcrew,noaa_gefs,09,WindSpeed_ms_mean,11,7.886064993607651
gep09,00,2026-01-28,2026-02-09,gcrew,noaa_gefs,09,AirTemp_C_mean,12,-4.058538818359352
gep09,00,2026-01-28,2026-02-09,gcrew,noaa_gefs,09,Pressure_Pa,12,101952.376953125
gep09,00,2026-01-28,2026-02-09,gcrew,noaa_gefs,09,RH_percent_mean,12,68.18047332763672
gep09,00,2026-01-28,2026-02-09,gcrew,noaa_gefs,09,Rain_mm_sum,12,0
gep09,00,2026-01-28,2026-02-09,gcrew,noaa_gefs,09,ShortwaveRadiation_Wm2,12,164.25
gep09,00,2026-01-28,2026-02-09,gcrew,noaa_gefs,09,WindSpeed_ms_mean,12,7.975086568269404
gep09,00,2026-01-28,2026-02-10,gcrew,noaa_gefs,09,AirTemp_C_mean,13,-3.093626403808571
gep09,00,2026-01-28,2026-02-10,gcrew,noaa_gefs,09,Pressure_Pa,13,101960.732421875
gep09,00,2026-01-28,2026-02-10,gcrew,noaa_gefs,09,RH_percent_mean,13,68.68310356140137
gep09,00,2026-01-28,2026-02-10,gcrew,noaa_gefs,09,Rain_mm_sum,13,0
gep09,00,2026-01-28,2026-02-10,gcrew,noaa_gefs,09,ShortwaveRadiation_Wm2,13,134.75
gep09,00,2026-01-28,2026-02-10,gcrew,noaa_gefs,09,WindSpeed_ms_mean,13,5.259966799674645
gep09,00,2026-01-28,2026-02-11,gcrew,noaa_gefs,09,AirTemp_C_mean,14,-4.653044128417946
gep09,00,2026-01-28,2026-02-11,gcrew,noaa_gefs,09,Pressure_Pa,14,101637.04296875
gep09,00,2026-01-28,2026-02-11,gcrew,noaa_gefs,09,RH_percent_mean,14,69.65564918518066
gep09,00,2026-01-28,2026-02-11,gcrew,noaa_gefs,09,Rain_mm_sum,14,0
gep09,00,2026-01-28,2026-02-11,gcrew,noaa_gefs,09,ShortwaveRadiation_Wm2,14,179.5
gep09,00,2026-01-28,2026-02-11,gcrew,noaa_gefs,09,WindSpeed_ms_mean,14,8.026119124547929
gep09,00,2026-01-28,2026-02-12,gcrew,noaa_gefs,09,AirTemp_C_mean,15,-3.519529724121071
gep09,00,2026-01-28,2026-02-12,gcrew,noaa_gefs,09,Pressure_Pa,15,101760.71875
gep09,00,2026-01-28,2026-02-12,gcrew,noaa_gefs,09,RH_percent_mean,15,71.13922119140625
gep09,00,2026-01-28,2026-02-12,gcrew,noaa_gefs,09,Rain_mm_sum,15,0
gep09,00,2026-01-28,2026-02-12,gcrew,noaa_gefs,09,ShortwaveRadiation_Wm2,15,178.25
gep09,00,2026-01-28,2026-02-12,gcrew,noaa_gefs,09,WindSpeed_ms_mean,15,7.753901032955588
gep09,00,2026-01-28,2026-02-13,gcrew,noaa_gefs,09,AirTemp_C_mean,16,-2.7990249633788835
gep09,00,2026-01-28,2026-02-13,gcrew,noaa_gefs,09,Pressure_Pa,16,101736.001953125
gep09,00,2026-01-28,2026-02-13,gcrew,noaa_gefs,09,RH_percent_mean,16,63.89894676208496
gep09,00,2026-01-28,2026-02-13,gcrew,noaa_gefs,09,Rain_mm_sum,16,0
gep09,00,2026-01-28,2026-02-13,gcrew,noaa_gefs,09,ShortwaveRadiation_Wm2,16,143.25
gep09,00,2026-01-28,2026-02-13,gcrew,noaa_gefs,09,WindSpeed_ms_mean,16,6.434746689935362
gep09,00,2026-01-28,2026-02-14,gcrew,noaa_gefs,09,AirTemp_C_mean,17,-2.5064834594726335
gep09,00,2026-01-28,2026-02-14,gcrew,noaa_gefs,09,Pressure_Pa,17,101387.0625
gep09,00,2026-01-28,2026-02-14,gcrew,noaa_gefs,09,RH_percent_mean,17,63.91810321807861
gep09,00,2026-01-28,2026-02-14,gcrew,noaa_gefs,09,Rain_mm_sum,17,0
gep09,00,2026-01-28,2026-02-14,gcrew,noaa_gefs,09,ShortwaveRadiation_Wm2,17,174
gep09,00,2026-01-28,2026-02-14,gcrew,noaa_gefs,09,WindSpeed_ms_mean,17,4.505267943240719
gep09,00,2026-01-28,2026-02-15,gcrew,noaa_gefs,09,AirTemp_C_mean,18,-1.092008972167946
gep09,00,2026-01-28,2026-02-15,gcrew,noaa_gefs,09,Pressure_Pa,18,101645.232421875
gep09,00,2026-01-28,2026-02-15,gcrew,noaa_gefs,09,RH_percent_mean,18,69.99055099487305
gep09,00,2026-01-28,2026-02-15,gcrew,noaa_gefs,09,Rain_mm_sum,18,0
gep09,00,2026-01-28,2026-02-15,gcrew,noaa_gefs,09,ShortwaveRadiation_Wm2,18,159.5
gep09,00,2026-01-28,2026-02-15,gcrew,noaa_gefs,09,WindSpeed_ms_mean,18,3.138143268840961
gep09,00,2026-01-28,2026-02-16,gcrew,noaa_gefs,09,AirTemp_C_mean,19,1.369630432128929
gep09,00,2026-01-28,2026-02-16,gcrew,noaa_gefs,09,Pressure_Pa,19,101803.056640625
gep09,00,2026-01-28,2026-02-16,gcrew,noaa_gefs,09,RH_percent_mean,19,79.61123466491699
gep09,00,2026-01-28,2026-02-16,gcrew,noaa_gefs,09,Rain_mm_sum,19,0.20000000298023224
gep09,00,2026-01-28,2026-02-16,gcrew,noaa_gefs,09,ShortwaveRadiation_Wm2,19,87.75
gep09,00,2026-01-28,2026-02-16,gcrew,noaa_gefs,09,WindSpeed_ms_mean,19,3.3481034252777753
gep09,00,2026-01-28,2026-02-17,gcrew,noaa_gefs,09,AirTemp_C_mean,20,0.7386337280273665
gep09,00,2026-01-28,2026-02-17,gcrew,noaa_gefs,09,Pressure_Pa,20,101786.171875
gep09,00,2026-01-28,2026-02-17,gcrew,noaa_gefs,09,RH_percent_mean,20,84.81830406188965
gep09,00,2026-01-28,2026-02-17,gcrew,noaa_gefs,09,Rain_mm_sum,20,7.099999904632568
gep09,00,2026-01-28,2026-02-17,gcrew,noaa_gefs,09,ShortwaveRadiation_Wm2,20,22.25
gep09,00,2026-01-28,2026-02-17,gcrew,noaa_gefs,09,WindSpeed_ms_mean,20,4.584310341175985
gep09,00,2026-01-28,2026-02-18,gcrew,noaa_gefs,09,AirTemp_C_mean,21,4.854364013671898
gep09,00,2026-01-28,2026-02-18,gcrew,noaa_gefs,09,Pressure_Pa,21,100528.912109375
gep09,00,2026-01-28,2026-02-18,gcrew,noaa_gefs,09,RH_percent_mean,21,98.09432792663574
gep09,00,2026-01-28,2026-02-18,gcrew,noaa_gefs,09,Rain_mm_sum,21,9.100000143051147
gep09,00,2026-01-28,2026-02-18,gcrew,noaa_gefs,09,ShortwaveRadiation_Wm2,21,34
gep09,00,2026-01-28,2026-02-18,gcrew,noaa_gefs,09,WindSpeed_ms_mean,21,2.3743466397881434
gep09,00,2026-01-28,2026-02-19,gcrew,noaa_gefs,09,AirTemp_C_mean,22,2.8552337646484602
gep09,00,2026-01-28,2026-02-19,gcrew,noaa_gefs,09,Pressure_Pa,22,100285.193359375
gep09,00,2026-01-28,2026-02-19,gcrew,noaa_gefs,09,RH_percent_mean,22,85.17862129211426
gep09,00,2026-01-28,2026-02-19,gcrew,noaa_gefs,09,Rain_mm_sum,22,0.30000001192092896
gep09,00,2026-01-28,2026-02-19,gcrew,noaa_gefs,09,ShortwaveRadiation_Wm2,22,69.75
gep09,00,2026-01-28,2026-02-19,gcrew,noaa_gefs,09,WindSpeed_ms_mean,22,4.774511407394309
gep09,00,2026-01-28,2026-02-20,gcrew,noaa_gefs,09,AirTemp_C_mean,23,-9.267301940917946
gep09,00,2026-01-28,2026-02-20,gcrew,noaa_gefs,09,Pressure_Pa,23,101475.0859375
gep09,00,2026-01-28,2026-02-20,gcrew,noaa_gefs,09,RH_percent_mean,23,50.81293869018555
gep09,00,2026-01-28,2026-02-20,gcrew,noaa_gefs,09,Rain_mm_sum,23,0
gep09,00,2026-01-28,2026-02-20,gcrew,noaa_gefs,09,ShortwaveRadiation_Wm2,23,183
gep09,00,2026-01-28,2026-02-20,gcrew,noaa_gefs,09,WindSpeed_ms_mean,23,10.622410091968261
gep09,00,2026-01-28,2026-02-21,gcrew,noaa_gefs,09,AirTemp_C_mean,24,-10.929685974121071
gep09,00,2026-01-28,2026-02-21,gcrew,noaa_gefs,09,Pressure_Pa,24,102074.087890625
gep09,00,2026-01-28,2026-02-21,gcrew,noaa_gefs,09,RH_percent_mean,24,47.823272705078125
gep09,00,2026-01-28,2026-02-21,gcrew,noaa_gefs,09,Rain_mm_sum,24,0
gep09,00,2026-01-28,2026-02-21,gcrew,noaa_gefs,09,ShortwaveRadiation_Wm2,24,187
gep09,00,2026-01-28,2026-02-21,gcrew,noaa_gefs,09,WindSpeed_ms_mean,24,6.5561279655405835
gep09,00,2026-01-28,2026-02-22,gcrew,noaa_gefs,09,AirTemp_C_mean,25,-7.766607666015602
gep09,00,2026-01-28,2026-02-22,gcrew,noaa_gefs,09,Pressure_Pa,25,102546.142578125
gep09,00,2026-01-28,2026-02-22,gcrew,noaa_gefs,09,RH_percent_mean,25,56.11021900177002
gep09,00,2026-01-28,2026-02-22,gcrew,noaa_gefs,09,Rain_mm_sum,25,0
gep09,00,2026-01-28,2026-02-22,gcrew,noaa_gefs,09,ShortwaveRadiation_Wm2,25,200.25
gep09,00,2026-01-28,2026-02-22,gcrew,noaa_gefs,09,WindSpeed_ms_mean,25,7.731225422210707
gep09,00,2026-01-28,2026-02-23,gcrew,noaa_gefs,09,AirTemp_C_mean,26,-2.8251098632812273
gep09,00,2026-01-28,2026-02-23,gcrew,noaa_gefs,09,Pressure_Pa,26,102910.716796875
gep09,00,2026-01-28,2026-02-23,gcrew,noaa_gefs,09,RH_percent_mean,26,53.88744640350342
gep09,00,2026-01-28,2026-02-23,gcrew,noaa_gefs,09,Rain_mm_sum,26,0
gep09,00,2026-01-28,2026-02-23,gcrew,noaa_gefs,09,ShortwaveRadiation_Wm2,26,202.5
gep09,00,2026-01-28,2026-02-23,gcrew,noaa_gefs,09,WindSpeed_ms_mean,26,4.84067752247645
gep09,00,2026-01-28,2026-02-24,gcrew,noaa_gefs,09,AirTemp_C_mean,27,1.597322082519554
gep09,00,2026-01-28,2026-02-24,gcrew,noaa_gefs,09,Pressure_Pa,27,102109.3046875
gep09,00,2026-01-28,2026-02-24,gcrew,noaa_gefs,09,RH_percent_mean,27,62.64256954193115
gep09,00,2026-01-28,2026-02-24,gcrew,noaa_gefs,09,Rain_mm_sum,27,0
gep09,00,2026-01-28,2026-02-24,gcrew,noaa_gefs,09,ShortwaveRadiation_Wm2,27,116.5
gep09,00,2026-01-28,2026-02-24,gcrew,noaa_gefs,09,WindSpeed_ms_mean,27,5.3985288138153145
gep09,00,2026-01-28,2026-02-25,gcrew,noaa_gefs,09,AirTemp_C_mean,28,3.3727813720703352
gep09,00,2026-01-28,2026-02-25,gcrew,noaa_gefs,09,Pressure_Pa,28,101713.029296875
gep09,00,2026-01-28,2026-02-25,gcrew,noaa_gefs,09,RH_percent_mean,28,82.43609428405762
gep09,00,2026-01-28,2026-02-25,gcrew,noaa_gefs,09,Rain_mm_sum,28,0
gep09,00,2026-01-28,2026-02-25,gcrew,noaa_gefs,09,ShortwaveRadiation_Wm2,28,183.25
gep09,00,2026-01-28,2026-02-25,gcrew,noaa_gefs,09,WindSpeed_ms_mean,28,2.7927366152488466
gep09,00,2026-01-28,2026-02-26,gcrew,noaa_gefs,09,AirTemp_C_mean,29,4.269799804687523
gep09,00,2026-01-28,2026-02-26,gcrew,noaa_gefs,09,Pressure_Pa,29,101386.140625
gep09,00,2026-01-28,2026-02-26,gcrew,noaa_gefs,09,RH_percent_mean,29,76.72475337982178
gep09,00,2026-01-28,2026-02-26,gcrew,noaa_gefs,09,Rain_mm_sum,29,0.6100000143051147
gep09,00,2026-01-28,2026-02-26,gcrew,noaa_gefs,09,ShortwaveRadiation_Wm2,29,157.75
gep09,00,2026-01-28,2026-02-26,gcrew,noaa_gefs,09,WindSpeed_ms_mean,29,5.374720606390739
gep09,00,2026-01-28,2026-02-27,gcrew,noaa_gefs,09,AirTemp_C_mean,30,-2.2006057739257585
gep09,00,2026-01-28,2026-02-27,gcrew,noaa_gefs,09,Pressure_Pa,30,102063.791015625
gep09,00,2026-01-28,2026-02-27,gcrew,noaa_gefs,09,RH_percent_mean,30,60.6358585357666
gep09,00,2026-01-28,2026-02-27,gcrew,noaa_gefs,09,Rain_mm_sum,30,0
gep09,00,2026-01-28,2026-02-27,gcrew,noaa_gefs,09,ShortwaveRadiation_Wm2,30,208.75
gep09,00,2026-01-28,2026-02-27,gcrew,noaa_gefs,09,WindSpeed_ms_mean,30,4.223661637522698
gep09,00,2026-01-28,2026-02-28,gcrew,noaa_gefs,09,AirTemp_C_mean,31,2.8180099487304915
gep09,00,2026-01-28,2026-02-28,gcrew,noaa_gefs,09,Pressure_Pa,31,102096.6484375
gep09,00,2026-01-28,2026-02-28,gcrew,noaa_gefs,09,RH_percent_mean,31,73.37237644195557
gep09,00,2026-01-28,2026-02-28,gcrew,noaa_gefs,09,Rain_mm_sum,31,0
gep09,00,2026-01-28,2026-02-28,gcrew,noaa_gefs,09,ShortwaveRadiation_Wm2,31,182.75
gep09,00,2026-01-28,2026-02-28,gcrew,noaa_gefs,09,WindSpeed_ms_mean,31,2.7731910157020536
gep09,00,2026-01-28,2026-03-01,gcrew,noaa_gefs,09,AirTemp_C_mean,32,10.715417480468773
gep09,00,2026-01-28,2026-03-01,gcrew,noaa_gefs,09,Pressure_Pa,32,101821.703125
gep09,00,2026-01-28,2026-03-01,gcrew,noaa_gefs,09,RH_percent_mean,32,78.44407558441162
gep09,00,2026-01-28,2026-03-01,gcrew,noaa_gefs,09,Rain_mm_sum,32,0.10000000149011612
gep09,00,2026-01-28,2026-03-01,gcrew,noaa_gefs,09,ShortwaveRadiation_Wm2,32,188
gep09,00,2026-01-28,2026-03-01,gcrew,noaa_gefs,09,WindSpeed_ms_mean,32,4.440940868795268
gep09,00,2026-01-28,2026-03-02,gcrew,noaa_gefs,09,AirTemp_C_mean,33,8.776765441894554
gep09,00,2026-01-28,2026-03-02,gcrew,noaa_gefs,09,Pressure_Pa,33,102014.58203125
gep09,00,2026-01-28,2026-03-02,gcrew,noaa_gefs,09,RH_percent_mean,33,87.70235443115234
gep09,00,2026-01-28,2026-03-02,gcrew,noaa_gefs,09,Rain_mm_sum,33,1.2000000476837158
gep09,00,2026-01-28,2026-03-02,gcrew,noaa_gefs,09,ShortwaveRadiation_Wm2,33,148.25
gep09,00,2026-01-28,2026-03-02,gcrew,noaa_gefs,09,WindSpeed_ms_mean,33,4.63763027527913
gep09,00,2026-01-28,2026-03-03,gcrew,noaa_gefs,09,AirTemp_C_mean,34,11.128327941894554
gep09,00,2026-01-28,2026-03-03,gcrew,noaa_gefs,09,Pressure_Pa,34,100700.955078125
gep09,00,2026-01-28,2026-03-03,gcrew,noaa_gefs,09,RH_percent_mean,34,81.373138427734375
gep09,00,2026-01-28,2026-03-03,gcrew,noaa_gefs,09,Rain_mm_sum,34,39.5
gep09,00,2026-01-28,2026-03-03,gcrew,noaa_gefs,09,ShortwaveRadiation_Wm2,34,137
gep09,00,2026-01-28,2026-03-03,gcrew,noaa_gefs,09,WindSpeed_ms_mean,34,6.95522383090104
gep10,00,2026-01-28,2026-01-29,gcrew,noaa_gefs,10,AirTemp_C_mean,1,-7.280580902099587
gep10,00,2026-01-28,2026-01-29,gcrew,noaa_gefs,10,Pressure_Pa,1,102287.724609375
gep10,00,2026-01-28,2026-01-29,gcrew,noaa_gefs,10,RH_percent_mean,1,76.07372665405273
gep10,00,2026-01-28,2026-01-29,gcrew,noaa_gefs,10,Rain_mm_sum,1,0.10000000149011612
gep10,00,2026-01-28,2026-01-29,gcrew,noaa_gefs,10,ShortwaveRadiation_Wm2,1,150.125
gep10,00,2026-01-28,2026-01-29,gcrew,noaa_gefs,10,WindSpeed_ms_mean,1,5.488174929013097
gep10,00,2026-01-28,2026-01-30,gcrew,noaa_gefs,10,AirTemp_C_mean,2,-7.0662673950195085
gep10,00,2026-01-28,2026-01-30,gcrew,noaa_gefs,10,Pressure_Pa,2,102186.884765625
gep10,00,2026-01-28,2026-01-30,gcrew,noaa_gefs,10,RH_percent_mean,2,85.883331298828125
gep10,00,2026-01-28,2026-01-30,gcrew,noaa_gefs,10,Rain_mm_sum,2,3.400000035762787
gep10,00,2026-01-28,2026-01-30,gcrew,noaa_gefs,10,ShortwaveRadiation_Wm2,2,91
gep10,00,2026-01-28,2026-01-30,gcrew,noaa_gefs,10,WindSpeed_ms_mean,2,4.310190691157695
gep10,00,2026-01-28,2026-01-31,gcrew,noaa_gefs,10,AirTemp_C_mean,3,-8.19930496215818
gep10,00,2026-01-28,2026-01-31,gcrew,noaa_gefs,10,Pressure_Pa,3,101301.654296875
gep10,00,2026-01-28,2026-01-31,gcrew,noaa_gefs,10,RH_percent_mean,3,95.59107112884521
gep10,00,2026-01-28,2026-01-31,gcrew,noaa_gefs,10,Rain_mm_sum,3,24.890000462532043
gep10,00,2026-01-28,2026-01-31,gcrew,noaa_gefs,10,ShortwaveRadiation_Wm2,3,47
gep10,00,2026-01-28,2026-01-31,gcrew,noaa_gefs,10,WindSpeed_ms_mean,3,10.447140277612919
gep10,00,2026-01-28,2026-02-01,gcrew,noaa_gefs,10,AirTemp_C_mean,4,-5.557821655273415
gep10,00,2026-01-28,2026-02-01,gcrew,noaa_gefs,10,Pressure_Pa,4,99940.41015625
gep10,00,2026-01-28,2026-02-01,gcrew,noaa_gefs,10,RH_percent_mean,4,94.5508918762207
gep10,00,2026-01-28,2026-02-01,gcrew,noaa_gefs,10,Rain_mm_sum,4,22.200000166893005
gep10,00,2026-01-28,2026-02-01,gcrew,noaa_gefs,10,ShortwaveRadiation_Wm2,4,59.5
gep10,00,2026-01-28,2026-02-01,gcrew,noaa_gefs,10,WindSpeed_ms_mean,4,13.510369912418103
gep10,00,2026-01-28,2026-02-02,gcrew,noaa_gefs,10,AirTemp_C_mean,5,-5.524973297119118
gep10,00,2026-01-28,2026-02-02,gcrew,noaa_gefs,10,Pressure_Pa,5,101653.6318359375
gep10,00,2026-01-28,2026-02-02,gcrew,noaa_gefs,10,RH_percent_mean,5,80.55075645446777
gep10,00,2026-01-28,2026-02-02,gcrew,noaa_gefs,10,Rain_mm_sum,5,1.399999976158142
gep10,00,2026-01-28,2026-02-02,gcrew,noaa_gefs,10,ShortwaveRadiation_Wm2,5,151.5
gep10,00,2026-01-28,2026-02-02,gcrew,noaa_gefs,10,WindSpeed_ms_mean,5,8.067561597422333
gep10,00,2026-01-28,2026-02-03,gcrew,noaa_gefs,10,AirTemp_C_mean,6,-5.25441970825193
gep10,00,2026-01-28,2026-02-03,gcrew,noaa_gefs,10,Pressure_Pa,6,102473.724609375
gep10,00,2026-01-28,2026-02-03,gcrew,noaa_gefs,10,RH_percent_mean,6,78.25176620483398
gep10,00,2026-01-28,2026-02-03,gcrew,noaa_gefs,10,Rain_mm_sum,6,0
gep10,00,2026-01-28,2026-02-03,gcrew,noaa_gefs,10,ShortwaveRadiation_Wm2,6,163.375
gep10,00,2026-01-28,2026-02-03,gcrew,noaa_gefs,10,WindSpeed_ms_mean,6,3.967009672131133
gep10,00,2026-01-28,2026-02-04,gcrew,noaa_gefs,10,AirTemp_C_mean,7,-1.8118385314941179
gep10,00,2026-01-28,2026-02-04,gcrew,noaa_gefs,10,Pressure_Pa,7,102940.9130859375
gep10,00,2026-01-28,2026-02-04,gcrew,noaa_gefs,10,RH_percent_mean,7,83.65248394012451
gep10,00,2026-01-28,2026-02-04,gcrew,noaa_gefs,10,Rain_mm_sum,7,0.009999999776482582
gep10,00,2026-01-28,2026-02-04,gcrew,noaa_gefs,10,ShortwaveRadiation_Wm2,7,109.5
gep10,00,2026-01-28,2026-02-04,gcrew,noaa_gefs,10,WindSpeed_ms_mean,7,2.1674175981691817
gep10,00,2026-01-28,2026-02-05,gcrew,noaa_gefs,10,AirTemp_C_mean,8,1.069429016113304
gep10,00,2026-01-28,2026-02-05,gcrew,noaa_gefs,10,Pressure_Pa,8,101906.8251953125
gep10,00,2026-01-28,2026-02-05,gcrew,noaa_gefs,10,RH_percent_mean,8,94.48931217193604
gep10,00,2026-01-28,2026-02-05,gcrew,noaa_gefs,10,Rain_mm_sum,8,0.20000000298023224
gep10,00,2026-01-28,2026-02-05,gcrew,noaa_gefs,10,ShortwaveRadiation_Wm2,8,76.875
gep10,00,2026-01-28,2026-02-05,gcrew,noaa_gefs,10,WindSpeed_ms_mean,8,3.684263806468948
gep10,00,2026-01-28,2026-02-06,gcrew,noaa_gefs,10,AirTemp_C_mean,9,2.753424944196451
gep10,00,2026-01-28,2026-02-06,gcrew,noaa_gefs,10,Pressure_Pa,9,100416.97879464286
gep10,00,2026-01-28,2026-02-06,gcrew,noaa_gefs,10,RH_percent_mean,9,86.28384617396763
gep10,00,2026-01-28,2026-02-06,gcrew,noaa_gefs,10,Rain_mm_sum,9,0.9999999925494194
gep10,00,2026-01-28,2026-02-06,gcrew,noaa_gefs,10,ShortwaveRadiation_Wm2,9,160
gep10,00,2026-01-28,2026-02-06,gcrew,noaa_gefs,10,WindSpeed_ms_mean,9,7.2776915238674205
gep10,00,2026-01-28,2026-02-07,gcrew,noaa_gefs,10,AirTemp_C_mean,10,-5.779425048828102
gep10,00,2026-01-28,2026-02-07,gcrew,noaa_gefs,10,Pressure_Pa,10,101461.65625
gep10,00,2026-01-28,2026-02-07,gcrew,noaa_gefs,10,RH_percent_mean,10,72.17018508911133
gep10,00,2026-01-28,2026-02-07,gcrew,noaa_gefs,10,Rain_mm_sum,10,0
gep10,00,2026-01-28,2026-02-07,gcrew,noaa_gefs,10,ShortwaveRadiation_Wm2,10,149.5
gep10,00,2026-01-28,2026-02-07,gcrew,noaa_gefs,10,WindSpeed_ms_mean,10,4.217680666860886
gep10,00,2026-01-28,2026-02-08,gcrew,noaa_gefs,10,AirTemp_C_mean,11,-7.681547546386696
gep10,00,2026-01-28,2026-02-08,gcrew,noaa_gefs,10,Pressure_Pa,11,102029.173828125
gep10,00,2026-01-28,2026-02-08,gcrew,noaa_gefs,10,RH_percent_mean,11,68.76657009124756
gep10,00,2026-01-28,2026-02-08,gcrew,noaa_gefs,10,Rain_mm_sum,11,0
gep10,00,2026-01-28,2026-02-08,gcrew,noaa_gefs,10,ShortwaveRadiation_Wm2,11,174.25
gep10,00,2026-01-28,2026-02-08,gcrew,noaa_gefs,10,WindSpeed_ms_mean,11,7.886064993607651
gep10,00,2026-01-28,2026-02-09,gcrew,noaa_gefs,10,AirTemp_C_mean,12,-4.058538818359352
gep10,00,2026-01-28,2026-02-09,gcrew,noaa_gefs,10,Pressure_Pa,12,101952.376953125
gep10,00,2026-01-28,2026-02-09,gcrew,noaa_gefs,10,RH_percent_mean,12,68.18047332763672
gep10,00,2026-01-28,2026-02-09,gcrew,noaa_gefs,10,Rain_mm_sum,12,0
gep10,00,2026-01-28,2026-02-09,gcrew,noaa_gefs,10,ShortwaveRadiation_Wm2,12,164.25
gep10,00,2026-01-28,2026-02-09,gcrew,noaa_gefs,10,WindSpeed_ms_mean,12,7.975086568269404
gep10,00,2026-01-28,2026-02-10,gcrew,noaa_gefs,10,AirTemp_C_mean,13,-3.093626403808571
gep10,00,2026-01-28,2026-02-10,gcrew,noaa_gefs,10,Pressure_Pa,13,101960.732421875
gep10,00,2026-01-28,2026-02-10,gcrew,noaa_gefs,10,RH_percent_mean,13,68.68310356140137
gep10,00,2026-01-28,2026-02-10,gcrew,noaa_gefs,10,Rain_mm_sum,13,0
gep10,00,2026-01-28,2026-02-10,gcrew,noaa_gefs,10,ShortwaveRadiation_Wm2,13,134.75
gep10,00,2026-01-28,2026-02-10,gcrew,noaa_gefs,10,WindSpeed_ms_mean,13,5.259966799674645
gep10,00,2026-01-28,2026-02-11,gcrew,noaa_gefs,10,AirTemp_C_mean,14,-4.653044128417946
gep10,00,2026-01-28,2026-02-11,gcrew,noaa_gefs,10,Pressure_Pa,14,101637.04296875
gep10,00,2026-01-28,2026-02-11,gcrew,noaa_gefs,10,RH_percent_mean,14,69.65564918518066
gep10,00,2026-01-28,2026-02-11,gcrew,noaa_gefs,10,Rain_mm_sum,14,0
gep10,00,2026-01-28,2026-02-11,gcrew,noaa_gefs,10,ShortwaveRadiation_Wm2,14,179.5
gep10,00,2026-01-28,2026-02-11,gcrew,noaa_gefs,10,WindSpeed_ms_mean,14,8.026119124547929
gep10,00,2026-01-28,2026-02-12,gcrew,noaa_gefs,10,AirTemp_C_mean,15,-3.519529724121071
gep10,00,2026-01-28,2026-02-12,gcrew,noaa_gefs,10,Pressure_Pa,15,101760.71875
gep10,00,2026-01-28,2026-02-12,gcrew,noaa_gefs,10,RH_percent_mean,15,71.13922119140625
gep10,00,2026-01-28,2026-02-12,gcrew,noaa_gefs,10,Rain_mm_sum,15,0
gep10,00,2026-01-28,2026-02-12,gcrew,noaa_gefs,10,ShortwaveRadiation_Wm2,15,178.25
gep10,00,2026-01-28,2026-02-12,gcrew,noaa_gefs,10,WindSpeed_ms_mean,15,7.753901032955588
gep10,00,2026-01-28,2026-02-13,gcrew,noaa_gefs,10,AirTemp_C_mean,16,-2.7990249633788835
gep10,00,2026-01-28,2026-02-13,gcrew,noaa_gefs,10,Pressure_Pa,16,101736.001953125
gep10,00,2026-01-28,2026-02-13,gcrew,noaa_gefs,10,RH_percent_mean,16,63.89894676208496
gep10,00,2026-01-28,2026-02-13,gcrew,noaa_gefs,10,Rain_mm_sum,16,0
gep10,00,2026-01-28,2026-02-13,gcrew,noaa_gefs,10,ShortwaveRadiation_Wm2,16,143.25
gep10,00,2026-01-28,2026-02-13,gcrew,noaa_gefs,10,WindSpeed_ms_mean,16,6.434746689935362
gep10,00,2026-01-28,2026-02-14,gcrew,noaa_gefs,10,AirTemp_C_mean,17,-2.5064834594726335
gep10,00,2026-01-28,2026-02-14,gcrew,noaa_gefs,10,Pressure_Pa,17,101387.0625
gep10,00,2026-01-28,2026-02-14,gcrew,noaa_gefs,10,RH_percent_mean,17,63.91810321807861
gep10,00,2026-01-28,2026-02-14,gcrew,noaa_gefs,10,Rain_mm_sum,17,0
gep10,00,2026-01-28,2026-02-14,gcrew,noaa_gefs,10,ShortwaveRadiation_Wm2,17,174
gep10,00,2026-01-28,2026-02-14,gcrew,noaa_gefs,10,WindSpeed_ms_mean,17,4.505267943240719
gep10,00,2026-01-28,2026-02-15,gcrew,noaa_gefs,10,AirTemp_C_mean,18,-1.092008972167946
gep10,00,2026-01-28,2026-02-15,gcrew,noaa_gefs,10,Pressure_Pa,18,101645.232421875
gep10,00,2026-01-28,2026-02-15,gcrew,noaa_gefs,10,RH_percent_mean,18,69.99055099487305
gep10,00,2026-01-28,2026-02-15,gcrew,noaa_gefs,10,Rain_mm_sum,18,0
gep10,00,2026-01-28,2026-02-15,gcrew,noaa_gefs,10,ShortwaveRadiation_Wm2,18,159.5
gep10,00,2026-01-28,2026-02-15,gcrew,noaa_gefs,10,WindSpeed_ms_mean,18,3.138143268840961
gep10,00,2026-01-28,2026-02-16,gcrew,noaa_gefs,10,AirTemp_C_mean,19,1.369630432128929
gep10,00,2026-01-28,2026-02-16,gcrew,noaa_gefs,10,Pressure_Pa,19,101803.056640625
gep10,00,2026-01-28,2026-02-16,gcrew,noaa_gefs,10,RH_percent_mean,19,79.61123466491699
gep10,00,2026-01-28,2026-02-16,gcrew,noaa_gefs,10,Rain_mm_sum,19,0.20000000298023224
gep10,00,2026-01-28,2026-02-16,gcrew,noaa_gefs,10,ShortwaveRadiation_Wm2,19,87.75
gep10,00,2026-01-28,2026-02-16,gcrew,noaa_gefs,10,WindSpeed_ms_mean,19,3.3481034252777753
gep10,00,2026-01-28,2026-02-17,gcrew,noaa_gefs,10,AirTemp_C_mean,20,0.7386337280273665
gep10,00,2026-01-28,2026-02-17,gcrew,noaa_gefs,10,Pressure_Pa,20,101786.171875
gep10,00,2026-01-28,2026-02-17,gcrew,noaa_gefs,10,RH_percent_mean,20,84.81830406188965
gep10,00,2026-01-28,2026-02-17,gcrew,noaa_gefs,10,Rain_mm_sum,20,7.099999904632568
gep10,00,2026-01-28,2026-02-17,gcrew,noaa_gefs,10,ShortwaveRadiation_Wm2,20,22.25
gep10,00,2026-01-28,2026-02-17,gcrew,noaa_gefs,10,WindSpeed_ms_mean,20,4.584310341175985
gep10,00,2026-01-28,2026-02-18,gcrew,noaa_gefs,10,AirTemp_C_mean,21,4.854364013671898
gep10,00,2026-01-28,2026-02-18,gcrew,noaa_gefs,10,Pressure_Pa,21,100528.912109375
gep10,00,2026-01-28,2026-02-18,gcrew,noaa_gefs,10,RH_percent_mean,21,98.09432792663574
gep10,00,2026-01-28,2026-02-18,gcrew,noaa_gefs,10,Rain_mm_sum,21,9.100000143051147
gep10,00,2026-01-28,2026-02-18,gcrew,noaa_gefs,10,ShortwaveRadiation_Wm2,21,34
gep10,00,2026-01-28,2026-02-18,gcrew,noaa_gefs,10,WindSpeed_ms_mean,21,2.3743466397881434
gep10,00,2026-01-28,2026-02-19,gcrew,noaa_gefs,10,AirTemp_C_mean,22,2.8552337646484602
gep10,00,2026-01-28,2026-02-19,gcrew,noaa_gefs,10,Pressure_Pa,22,100285.193359375
gep10,00,2026-01-28,2026-02-19,gcrew,noaa_gefs,10,RH_percent_mean,22,85.17862129211426
gep10,00,2026-01-28,2026-02-19,gcrew,noaa_gefs,10,Rain_mm_sum,22,0.30000001192092896
gep10,00,2026-01-28,2026-02-19,gcrew,noaa_gefs,10,ShortwaveRadiation_Wm2,22,69.75
gep10,00,2026-01-28,2026-02-19,gcrew,noaa_gefs,10,WindSpeed_ms_mean,22,4.774511407394309
gep10,00,2026-01-28,2026-02-20,gcrew,noaa_gefs,10,AirTemp_C_mean,23,-9.267301940917946
gep10,00,2026-01-28,2026-02-20,gcrew,noaa_gefs,10,Pressure_Pa,23,101475.0859375
gep10,00,2026-01-28,2026-02-20,gcrew,noaa_gefs,10,RH_percent_mean,23,50.81293869018555
gep10,00,2026-01-28,2026-02-20,gcrew,noaa_gefs,10,Rain_mm_sum,23,0
gep10,00,2026-01-28,2026-02-20,gcrew,noaa_gefs,10,ShortwaveRadiation_Wm2,23,183
gep10,00,2026-01-28,2026-02-20,gcrew,noaa_gefs,10,WindSpeed_ms_mean,23,10.622410091968261
gep10,00,2026-01-28,2026-02-21,gcrew,noaa_gefs,10,AirTemp_C_mean,24,-10.929685974121071
gep10,00,2026-01-28,2026-02-21,gcrew,noaa_gefs,10,Pressure_Pa,24,102074.087890625
gep10,00,2026-01-28,2026-02-21,gcrew,noaa_gefs,10,RH_percent_mean,24,47.823272705078125
gep10,00,2026-01-28,2026-02-21,gcrew,noaa_gefs,10,Rain_mm_sum,24,0
gep10,00,2026-01-28,2026-02-21,gcrew,noaa_gefs,10,ShortwaveRadiation_Wm2,24,187
gep10,00,2026-01-28,2026-02-21,gcrew,noaa_gefs,10,WindSpeed_ms_mean,24,6.5561279655405835
gep10,00,2026-01-28,2026-02-22,gcrew,noaa_gefs,10,AirTemp_C_mean,25,-7.766607666015602
gep10,00,2026-01-28,2026-02-22,gcrew,noaa_gefs,10,Pressure_Pa,25,102546.142578125
gep10,00,2026-01-28,2026-02-22,gcrew,noaa_gefs,10,RH_percent_mean,25,56.11021900177002
gep10,00,2026-01-28,2026-02-22,gcrew,noaa_gefs,10,Rain_mm_sum,25,0
gep10,00,2026-01-28,2026-02-22,gcrew,noaa_gefs,10,ShortwaveRadiation_Wm2,25,200.25
gep10,00,2026-01-28,2026-02-22,gcrew,noaa_gefs,10,WindSpeed_ms_mean,25,7.731225422210707
gep10,00,2026-01-28,2026-02-23,gcrew,noaa_gefs,10,AirTemp_C_mean,26,-2.8251098632812273
gep10,00,2026-01-28,2026-02-23,gcrew,noaa_gefs,10,Pressure_Pa,26,102910.716796875
gep10,00,2026-01-28,2026-02-23,gcrew,noaa_gefs,10,RH_percent_mean,26,53.88744640350342
gep10,00,2026-01-28,2026-02-23,gcrew,noaa_gefs,10,Rain_mm_sum,26,0
gep10,00,2026-01-28,2026-02-23,gcrew,noaa_gefs,10,ShortwaveRadiation_Wm2,26,202.5
gep10,00,2026-01-28,2026-02-23,gcrew,noaa_gefs,10,WindSpeed_ms_mean,26,4.84067752247645
gep10,00,2026-01-28,2026-02-24,gcrew,noaa_gefs,10,AirTemp_C_mean,27,1.597322082519554
gep10,00,2026-01-28,2026-02-24,gcrew,noaa_gefs,10,Pressure_Pa,27,102109.3046875
gep10,00,2026-01-28,2026-02-24,gcrew,noaa_gefs,10,RH_percent_mean,27,62.64256954193115
gep10,00,2026-01-28,2026-02-24,gcrew,noaa_gefs,10,Rain_mm_sum,27,0
gep10,00,2026-01-28,2026-02-24,gcrew,noaa_gefs,10,ShortwaveRadiation_Wm2,27,116.5
gep10,00,2026-01-28,2026-02-24,gcrew,noaa_gefs,10,WindSpeed_ms_mean,27,5.3985288138153145
gep10,00,2026-01-28,2026-02-25,gcrew,noaa_gefs,10,AirTemp_C_mean,28,3.3727813720703352
gep10,00,2026-01-28,2026-02-25,gcrew,noaa_gefs,10,Pressure_Pa,28,101713.029296875
gep10,00,2026-01-28,2026-02-25,gcrew,noaa_gefs,10,RH_percent_mean,28,82.43609428405762
gep10,00,2026-01-28,2026-02-25,gcrew,noaa_gefs,10,Rain_mm_sum,28,0
gep10,00,2026-01-28,2026-02-25,gcrew,noaa_gefs,10,ShortwaveRadiation_Wm2,28,183.25
gep10,00,2026-01-28,2026-02-25,gcrew,noaa_gefs,10,WindSpeed_ms_mean,28,2.7927366152488466
gep10,00,2026-01-28,2026-02-26,gcrew,noaa_gefs,10,AirTemp_C_mean,29,4.269799804687523
gep10,00,2026-01-28,2026-02-26,gcrew,noaa_gefs,10,Pressure_Pa,29,101386.140625
gep10,00,2026-01-28,2026-02-26,gcrew,noaa_gefs,10,RH_percent_mean,29,76.72475337982178
gep10,00,2026-01-28,2026-02-26,gcrew,noaa_gefs,10,Rain_mm_sum,29,0.6100000143051147
gep10,00,2026-01-28,2026-02-26,gcrew,noaa_gefs,10,ShortwaveRadiation_Wm2,29,157.75
gep10,00,2026-01-28,2026-02-26,gcrew,noaa_gefs,10,WindSpeed_ms_mean,29,5.374720606390739
gep10,00,2026-01-28,2026-02-27,gcrew,noaa_gefs,10,AirTemp_C_mean,30,-2.2006057739257585
gep10,00,2026-01-28,2026-02-27,gcrew,noaa_gefs,10,Pressure_Pa,30,102063.791015625
gep10,00,2026-01-28,2026-02-27,gcrew,noaa_gefs,10,RH_percent_mean,30,60.6358585357666
gep10,00,2026-01-28,2026-02-27,gcrew,noaa_gefs,10,Rain_mm_sum,30,0
gep10,00,2026-01-28,2026-02-27,gcrew,noaa_gefs,10,ShortwaveRadiation_Wm2,30,208.75
gep10,00,2026-01-28,2026-02-27,gcrew,noaa_gefs,10,WindSpeed_ms_mean,30,4.223661637522698
gep10,00,2026-01-28,2026-02-28,gcrew,noaa_gefs,10,AirTemp_C_mean,31,2.8180099487304915
gep10,00,2026-01-28,2026-02-28,gcrew,noaa_gefs,10,Pressure_Pa,31,102096.6484375
gep10,00,2026-01-28,2026-02-28,gcrew,noaa_gefs,10,RH_percent_mean,31,73.37237644195557
gep10,00,2026-01-28,2026-02-28,gcrew,noaa_gefs,10,Rain_mm_sum,31,0
gep10,00,2026-01-28,2026-02-28,gcrew,noaa_gefs,10,ShortwaveRadiation_Wm2,31,182.75
gep10,00,2026-01-28,2026-02-28,gcrew,noaa_gefs,10,WindSpeed_ms_mean,31,2.7731910157020536
gep10,00,2026-01-28,2026-03-01,gcrew,noaa_gefs,10,AirTemp_C_mean,32,10.715417480468773
gep10,00,2026-01-28,2026-03-01,gcrew,noaa_gefs,10,Pressure_Pa,32,101821.703125
gep10,00,2026-01-28,2026-03-01,gcrew,noaa_gefs,10,RH_percent_mean,32,78.44407558441162
gep10,00,2026-01-28,2026-03-01,gcrew,noaa_gefs,10,Rain_mm_sum,32,0.10000000149011612
gep10,00,2026-01-28,2026-03-01,gcrew,noaa_gefs,10,ShortwaveRadiation_Wm2,32,188
gep10,00,2026-01-28,2026-03-01,gcrew,noaa_gefs,10,WindSpeed_ms_mean,32,4.440940868795268
gep10,00,2026-01-28,2026-03-02,gcrew,noaa_gefs,10,AirTemp_C_mean,33,8.776765441894554
gep10,00,2026-01-28,2026-03-02,gcrew,noaa_gefs,10,Pressure_Pa,33,102014.58203125
gep10,00,2026-01-28,2026-03-02,gcrew,noaa_gefs,10,RH_percent_mean,33,87.70235443115234
gep10,00,2026-01-28,2026-03-02,gcrew,noaa_gefs,10,Rain_mm_sum,33,1.2000000476837158
gep10,00,2026-01-28,2026-03-02,gcrew,noaa_gefs,10,ShortwaveRadiation_Wm2,33,148.25
gep10,00,2026-01-28,2026-03-02,gcrew,noaa_gefs,10,WindSpeed_ms_mean,33,4.63763027527913
gep10,00,2026-01-28,2026-03-03,gcrew,noaa_gefs,10,AirTemp_C_mean,34,11.128327941894554
gep10,00,2026-01-28,2026-03-03,gcrew,noaa_gefs,10,Pressure_Pa,34,100700.955078125
gep10,00,2026-01-28,2026-03-03,gcrew,noaa_gefs,10,RH_percent_mean,34,81.373138427734375
gep10,00,2026-01-28,2026-03-03,gcrew,noaa_gefs,10,Rain_mm_sum,34,39.5
gep10,00,2026-01-28,2026-03-03,gcrew,noaa_gefs,10,ShortwaveRadiation_Wm2,34,137
gep10,00,2026-01-28,2026-03-03,gcrew,noaa_gefs,10,WindSpeed_ms_mean,34,6.95522383090104
gep11,00,2026-01-28,2026-01-29,gcrew,noaa_gefs,11,AirTemp_C_mean,1,-7.280580902099587
gep11,00,2026-01-28,2026-01-29,gcrew,noaa_gefs,11,Pressure_Pa,1,102287.724609375
gep11,00,2026-01-28,2026-01-29,gcrew,noaa_gefs,11,RH_percent_mean,1,76.07372665405273
gep11,00,2026-01-28,2026-01-29,gcrew,noaa_gefs,11,Rain_mm_sum,1,0.10000000149011612
gep11,00,2026-01-28,2026-01-29,gcrew,noaa_gefs,11,ShortwaveRadiation_Wm2,1,150.125
gep11,00,2026-01-28,2026-01-29,gcrew,noaa_gefs,11,WindSpeed_ms_mean,1,5.488174929013097
gep11,00,2026-01-28,2026-01-30,gcrew,noaa_gefs,11,AirTemp_C_mean,2,-7.0662673950195085
gep11,00,2026-01-28,2026-01-30,gcrew,noaa_gefs,11,Pressure_Pa,2,102186.884765625
gep11,00,2026-01-28,2026-01-30,gcrew,noaa_gefs,11,RH_percent_mean,2,85.883331298828125
gep11,00,2026-01-28,2026-01-30,gcrew,noaa_gefs,11,Rain_mm_sum,2,3.400000035762787
gep11,00,2026-01-28,2026-01-30,gcrew,noaa_gefs,11,ShortwaveRadiation_Wm2,2,91
gep11,00,2026-01-28,2026-01-30,gcrew,noaa_gefs,11,WindSpeed_ms_mean,2,4.310190691157695
gep11,00,2026-01-28,2026-01-31,gcrew,noaa_gefs,11,AirTemp_C_mean,3,-8.19930496215818
gep11,00,2026-01-28,2026-01-31,gcrew,noaa_gefs,11,Pressure_Pa,3,101301.654296875
gep11,00,2026-01-28,2026-01-31,gcrew,noaa_gefs,11,RH_percent_mean,3,95.59107112884521
gep11,00,2026-01-28,2026-01-31,gcrew,noaa_gefs,11,Rain_mm_sum,3,24.890000462532043
gep11,00,2026-01-28,2026-01-31,gcrew,noaa_gefs,11,ShortwaveRadiation_Wm2,3,47
gep11,00,2026-01-28,2026-01-31,gcrew,noaa_gefs,11,WindSpeed_ms_mean,3,10.447140277612919
gep11,00,2026-01-28,2026-02-01,gcrew,noaa_gefs,11,AirTemp_C_mean,4,-5.557821655273415
gep11,00,2026-01-28,2026-02-01,gcrew,noaa_gefs,11,Pressure_Pa,4,99940.41015625
gep11,00,2026-01-28,2026-02-01,gcrew,noaa_gefs,11,RH_percent_mean,4,94.5508918762207
gep11,00,2026-01-28,2026-02-01,gcrew,noaa_gefs,11,Rain_mm_sum,4,22.200000166893005
gep11,00,2026-01-28,2026-02-01,gcrew,noaa_gefs,11,ShortwaveRadiation_Wm2,4,59.5
gep11,00,2026-01-28,2026-02-01,gcrew,noaa_gefs,11,WindSpeed_ms_mean,4,13.510369912418103
gep11,00,2026-01-28,2026-02-02,gcrew,noaa_gefs,11,AirTemp_C_mean,5,-5.524973297119118
gep11,00,2026-01-28,2026-02-02,gcrew,noaa_gefs,11,Pressure_Pa,5,101653.6318359375
gep11,00,2026-01-28,2026-02-02,gcrew,noaa_gefs,11,RH_percent_mean,5,80.55075645446777
gep11,00,2026-01-28,2026-02-02,gcrew,noaa_gefs,11,Rain_mm_sum,5,1.399999976158142
gep11,00,2026-01-28,2026-02-02,gcrew,noaa_gefs,11,ShortwaveRadiation_Wm2,5,151.5
gep11,00,2026-01-28,2026-02-02,gcrew,noaa_gefs,11,WindSpeed_ms_mean,5,8.067561597422333
gep11,00,2026-01-28,2026-02-03,gcrew,noaa_gefs,11,AirTemp_C_mean,6,-5.25441970825193
gep11,00,2026-01-28,2026-02-03,gcrew,noaa_gefs,11,Pressure_Pa,6,102473.724609375
gep11,00,2026-01-28,2026-02-03,gcrew,noaa_gefs,11,RH_percent_mean,6,78.25176620483398
gep11,00,2026-01-28,2026-02-03,gcrew,noaa_gefs,11,Rain_mm_sum,6,0
gep11,00,2026-01-28,2026-02-03,gcrew,noaa_gefs,11,ShortwaveRadiation_Wm2,6,163.375
gep11,00,2026-01-28,2026-02-03,gcrew,noaa_gefs,11,WindSpeed_ms_mean,6,3.967009672131133
gep11,00,2026-01-28,2026-02-04,gcrew,noaa_gefs,11,AirTemp_C_mean,7,-1.8118385314941179
gep11,00,2026-01-28,2026-02-04,gcrew,noaa_gefs,11,Pressure_Pa,7,102940.9130859375
gep11,00,2026-01-28,2026-02-04,gcrew,noaa_gefs,11,RH_percent_mean,7,83.65248394012451
gep11,00,2026-01-28,2026-02-04,gcrew,noaa_gefs,11,Rain_mm_sum,7,0.009999999776482582
gep11,00,2026-01-28,2026-02-04,gcrew,noaa_gefs,11,ShortwaveRadiation_Wm2,7,109.5
gep11,00,2026-01-28,2026-02-04,gcrew,noaa_gefs,11,WindSpeed_ms_mean,7,2.1674175981691817
gep11,00,2026-01-28,2026-02-05,gcrew,noaa_gefs,11,AirTemp_C_mean,8,1.069429016113304
gep11,00,2026-01-28,2026-02-05,gcrew,noaa_gefs,11,Pressure_Pa,8,101906.8251953125
gep11,00,2026-01-28,2026-02-05,gcrew,noaa_gefs,11,RH_percent_mean,8,94.48931217193604
gep11,00,2026-01-28,2026-02-05,gcrew,noaa_gefs,11,Rain_mm_sum,8,0.20000000298023224
gep11,00,2026-01-28,2026-02-05,gcrew,noaa_gefs,11,ShortwaveRadiation_Wm2,8,76.875
gep11,00,2026-01-28,2026-02-05,gcrew,noaa_gefs,11,WindSpeed_ms_mean,8,3.684263806468948
gep11,00,2026-01-28,2026-02-06,gcrew,noaa_gefs,11,AirTemp_C_mean,9,2.753424944196451
gep11,00,2026-01-28,2026-02-06,gcrew,noaa_gefs,11,Pressure_Pa,9,100416.97879464286
gep11,00,2026-01-28,2026-02-06,gcrew,noaa_gefs,11,RH_percent_mean,9,86.28384617396763
gep11,00,2026-01-28,2026-02-06,gcrew,noaa_gefs,11,Rain_mm_sum,9,0.9999999925494194
gep11,00,2026-01-28,2026-02-06,gcrew,noaa_gefs,11,ShortwaveRadiation_Wm2,9,160
gep11,00,2026-01-28,2026-02-06,gcrew,noaa_gefs,11,WindSpeed_ms_mean,9,7.2776915238674205
gep11,00,2026-01-28,2026-02-07,gcrew,noaa_gefs,11,AirTemp_C_mean,10,-5.779425048828102
gep11,00,2026-01-28,2026-02-07,gcrew,noaa_gefs,11,Pressure_Pa,10,101461.65625
gep11,00,2026-01-28,2026-02-07,gcrew,noaa_gefs,11,RH_percent_mean,10,72.17018508911133
gep11,00,2026-01-28,2026-02-07,gcrew,noaa_gefs,11,Rain_mm_sum,10,0
gep11,00,2026-01-28,2026-02-07,gcrew,noaa_gefs,11,ShortwaveRadiation_Wm2,10,149.5
gep11,00,2026-01-28,2026-02-07,gcrew,noaa_gefs,11,WindSpeed_ms_mean,10,4.217680666860886
gep11,00,2026-01-28,2026-02-08,gcrew,noaa_gefs,11,AirTemp_C_mean,11,-7.681547546386696
gep11,00,2026-01-28,2026-02-08,gcrew,noaa_gefs,11,Pressure_Pa,11,102029.173828125
gep11,00,2026-01-28,2026-02-08,gcrew,noaa_gefs,11,RH_percent_mean,11,68.76657009124756
gep11,00,2026-01-28,2026-02-08,gcrew,noaa_gefs,11,Rain_mm_sum,11,0
gep11,00,2026-01-28,2026-02-08,gcrew,noaa_gefs,11,ShortwaveRadiation_Wm2,11,174.25
gep11,00,2026-01-28,2026-02-08,gcrew,noaa_gefs,11,WindSpeed_ms_mean,11,7.886064993607651
gep11,00,2026-01-28,2026-02-09,gcrew,noaa_gefs,11,AirTemp_C_mean,12,-4.058538818359352
gep11,00,2026-01-28,2026-02-09,gcrew,noaa_gefs,11,Pressure_Pa,12,101952.376953125
gep11,00,2026-01-28,2026-02-09,gcrew,noaa_gefs,11,RH_percent_mean,12,68.18047332763672
gep11,00,2026-01-28,2026-02-09,gcrew,noaa_gefs,11,Rain_mm_sum,12,0
gep11,00,2026-01-28,2026-02-09,gcrew,noaa_gefs,11,ShortwaveRadiation_Wm2,12,164.25
gep11,00,2026-01-28,2026-02-09,gcrew,noaa_gefs,11,WindSpeed_ms_mean,12,7.975086568269404
gep11,00,2026-01-28,2026-02-10,gcrew,noaa_gefs,11,AirTemp_C_mean,13,-3.093626403808571
gep11,00,2026-01-28,2026-02-10,gcrew,noaa_gefs,11,Pressure_Pa,13,101960.732421875
gep11,00,2026-01-28,2026-02-10,gcrew,noaa_gefs,11,RH_percent_mean,13,68.68310356140137
gep11,00,2026-01-28,2026-02-10,gcrew,noaa_gefs,11,Rain_mm_sum,13,0
gep11,00,2026-01-28,2026-02-10,gcrew,noaa_gefs,11,ShortwaveRadiation_Wm2,13,134.75
gep11,00,2026-01-28,2026-02-10,gcrew,noaa_gefs,11,WindSpeed_ms_mean,13,5.259966799674645
gep11,00,2026-01-28,2026-02-11,gcrew,noaa_gefs,11,AirTemp_C_mean,14,-4.653044128417946
gep11,00,2026-01-28,2026-02-11,gcrew,noaa_gefs,11,Pressure_Pa,14,101637.04296875
gep11,00,2026-01-28,2026-02-11,gcrew,noaa_gefs,11,RH_percent_mean,14,69.65564918518066
gep11,00,2026-01-28,2026-02-11,gcrew,noaa_gefs,11,Rain_mm_sum,14,0
gep11,00,2026-01-28,2026-02-11,gcrew,noaa_gefs,11,ShortwaveRadiation_Wm2,14,179.5
gep11,00,2026-01-28,2026-02-11,gcrew,noaa_gefs,11,WindSpeed_ms_mean,14,8.026119124547929
gep11,00,2026-01-28,2026-02-12,gcrew,noaa_gefs,11,AirTemp_C_mean,15,-3.519529724121071
gep11,00,2026-01-28,2026-02-12,gcrew,noaa_gefs,11,Pressure_Pa,15,101760.71875
gep11,00,2026-01-28,2026-02-12,gcrew,noaa_gefs,11,RH_percent_mean,15,71.13922119140625
gep11,00,2026-01-28,2026-02-12,gcrew,noaa_gefs,11,Rain_mm_sum,15,0
gep11,00,2026-01-28,2026-02-12,gcrew,noaa_gefs,11,ShortwaveRadiation_Wm2,15,178.25
gep11,00,2026-01-28,2026-02-12,gcrew,noaa_gefs,11,WindSpeed_ms_mean,15,7.753901032955588
gep11,00,2026-01-28,2026-02-13,gcrew,noaa_gefs,11,AirTemp_C_mean,16,-2.7990249633788835
gep11,00,2026-01-28,2026-02-13,gcrew,noaa_gefs,11,Pressure_Pa,16,101736.001953125
gep11,00,2026-01-28,2026-02-13,gcrew,noaa_gefs,11,RH_percent_mean,16,63.89894676208496
gep11,00,2026-01-28,2026-02-13,gcrew,noaa_gefs,11,Rain_mm_sum,16,0
gep11,00,2026-01-28,2026-02-13,gcrew,noaa_gefs,11,ShortwaveRadiation_Wm2,16,143.25
gep11,00,2026-01-28,2026-02-13,gcrew,noaa_gefs,11,WindSpeed_ms_mean,16,6.434746689935362
gep11,00,2026-01-28,2026-02-14,gcrew,noaa_gefs,11,AirTemp_C_mean,17,-2.5064834594726335
gep11,00,2026-01-28,2026-02-14,gcrew,noaa_gefs,11,Pressure_Pa,17,101387.0625
gep11,00,2026-01-28,2026-02-14,gcrew,noaa_gefs,11,RH_percent_mean,17,63.91810321807861
gep11,00,2026-01-28,2026-02-14,gcrew,noaa_gefs,11,Rain_mm_sum,17,0
gep11,00,2026-01-28,2026-02-14,gcrew,noaa_gefs,11,ShortwaveRadiation_Wm2,17,174
gep11,00,2026-01-28,2026-02-14,gcrew,noaa_gefs,11,WindSpeed_ms_mean,17,4.505267943240719
gep11,00,2026-01-28,2026-02-15,gcrew,noaa_gefs,11,AirTemp_C_mean,18,-1.092008972167946
gep11,00,2026-01-28,2026-02-15,gcrew,noaa_gefs,11,Pressure_Pa,18,101645.232421875
gep11,00,2026-01-28,2026-02-15,gcrew,noaa_gefs,11,RH_percent_mean,18,69.99055099487305
gep11,00,2026-01-28,2026-02-15,gcrew,noaa_gefs,11,Rain_mm_sum,18,0
gep11,00,2026-01-28,2026-02-15,gcrew,noaa_gefs,11,ShortwaveRadiation_Wm2,18,159.5
gep11,00,2026-01-28,2026-02-15,gcrew,noaa_gefs,11,WindSpeed_ms_mean,18,3.138143268840961
gep11,00,2026-01-28,2026-02-16,gcrew,noaa_gefs,11,AirTemp_C_mean,19,1.369630432128929
gep11,00,2026-01-28,2026-02-16,gcrew,noaa_gefs,11,Pressure_Pa,19,101803.056640625
gep11,00,2026-01-28,2026-02-16,gcrew,noaa_gefs,11,RH_percent_mean,19,79.61123466491699
gep11,00,2026-01-28,2026-02-16,gcrew,noaa_gefs,11,Rain_mm_sum,19,0.20000000298023224
gep11,00,2026-01-28,2026-02-16,gcrew,noaa_gefs,11,ShortwaveRadiation_Wm2,19,87.75
gep11,00,2026-01-28,2026-02-16,gcrew,noaa_gefs,11,WindSpeed_ms_mean,19,3.3481034252777753
gep11,00,2026-01-28,2026-02-17,gcrew,noaa_gefs,11,AirTemp_C_mean,20,0.7386337280273665
gep11,00,2026-01-28,2026-02-17,gcrew,noaa_gefs,11,Pressure_Pa,20,101786.171875
gep11,00,2026-01-28,2026-02-17,gcrew,noaa_gefs,11,RH_percent_mean,20,84.81830406188965
gep11,00,2026-01-28,2026-02-17,gcrew,noaa_gefs,11,Rain_mm_sum,20,7.099999904632568
gep11,00,2026-01-28,2026-02-17,gcrew,noaa_gefs,11,ShortwaveRadiation_Wm2,20,22.25
gep11,00,2026-01-28,2026-02-17,gcrew,noaa_gefs,11,WindSpeed_ms_mean,20,4.584310341175985
gep11,00,2026-01-28,2026-02-18,gcrew,noaa_gefs,11,AirTemp_C_mean,21,4.854364013671898
gep11,00,2026-01-28,2026-02-18,gcrew,noaa_gefs,11,Pressure_Pa,21,100528.912109375
gep11,00,2026-01-28,2026-02-18,gcrew,noaa_gefs,11,RH_percent_mean,21,98.09432792663574
gep11,00,2026-01-28,2026-02-18,gcrew,noaa_gefs,11,Rain_mm_sum,21,9.100000143051147
gep11,00,2026-01-28,2026-02-18,gcrew,noaa_gefs,11,ShortwaveRadiation_Wm2,21,34
gep11,00,2026-01-28,2026-02-18,gcrew,noaa_gefs,11,WindSpeed_ms_mean,21,2.3743466397881434
gep11,00,2026-01-28,2026-02-19,gcrew,noaa_gefs,11,AirTemp_C_mean,22,2.8552337646484602
gep11,00,2026-01-28,2026-02-19,gcrew,noaa_gefs,11,Pressure_Pa,22,100285.193359375
gep11,00,2026-01-28,2026-02-19,gcrew,noaa_gefs,11,RH_percent_mean,22,85.17862129211426
gep11,00,2026-01-28,2026-02-19,gcrew,noaa_gefs,11,Rain_mm_sum,22,0.30000001192092896
gep11,00,2026-01-28,2026-02-19,gcrew,noaa_gefs,11,ShortwaveRadiation_Wm2,22,69.75
gep11,00,2026-01-28,2026-02-19,gcrew,noaa_gefs,11,WindSpeed_ms_mean,22,4.774511407394309
gep11,00,2026-01-28,2026-02-20,gcrew,noaa_gefs,11,AirTemp_C_mean,23,-9.267301940917946
gep11,00,2026-01-28,2026-02-20,gcrew,noaa_gefs,11,Pressure_Pa,23,101475.0859375
gep11,00,2026-01-28,2026-02-20,gcrew,noaa_gefs,11,RH_percent_mean,23,50.81293869018555
gep11,00,2026-01-28,2026-02-20,gcrew,noaa_gefs,11,Rain_mm_sum,23,0
gep11,00,2026-01-28,2026-02-20,gcrew,noaa_gefs,11,ShortwaveRadiation_Wm2,23,183
gep11,00,2026-01-28,2026-02-20,gcrew,noaa_gefs,11,WindSpeed_ms_mean,23,10.622410091968261
gep11,00,2026-01-28,2026-02-21,gcrew,noaa_gefs,11,AirTemp_C_mean,24,-10.929685974121071
gep11,00,2026-01-28,2026-02-21,gcrew,noaa_gefs,11,Pressure_Pa,24,102074.087890625
gep11,00,2026-01-28,2026-02-21,gcrew,noaa_gefs,11,RH_percent_mean,24,47.823272705078125
gep11,00,2026-01-28,2026-02-21,gcrew,noaa_gefs,11,Rain_mm_sum,24,0
gep11,00,2026-01-28,2026-02-21,gcrew,noaa_gefs,11,ShortwaveRadiation_Wm2,24,187
gep11,00,2026-01-28,2026-02-21,gcrew,noaa_gefs,11,WindSpeed_ms_mean,24,6.5561279655405835
gep11,00,2026-01-28,2026-02-22,gcrew,noaa_gefs,11,AirTemp_C_mean,25,-7.766607666015602
gep11,00,2026-01-28,2026-02-22,gcrew,noaa_gefs,11,Pressure_Pa,25,102546.142578125
gep11,00,2026-01-28,2026-02-22,gcrew,noaa_gefs,11,RH_percent_mean,25,56.11021900177002
gep11,00,2026-01-28,2026-02-22,gcrew,noaa_gefs,11,Rain_mm_sum,25,0
gep11,00,2026-01-28,2026-02-22,gcrew,noaa_gefs,11,ShortwaveRadiation_Wm2,25,200.25
gep11,00,2026-01-28,2026-02-22,gcrew,noaa_gefs,11,WindSpeed_ms_mean,25,7.731225422210707
gep11,00,2026-01-28,2026-02-23,gcrew,noaa_gefs,11,AirTemp_C_mean,26,-2.8251098632812273
gep11,00,2026-01-28,2026-02-23,gcrew,noaa_gefs,11,Pressure_Pa,26,102910.716796875
gep11,00,2026-01-28,2026-02-23,gcrew,noaa_gefs,11,RH_percent_mean,26,53.88744640350342
gep11,00,2026-01-28,2026-02-23,gcrew,noaa_gefs,11,Rain_mm_sum,26,0
gep11,00,2026-01-28,2026-02-23,gcrew,noaa_gefs,11,ShortwaveRadiation_Wm2,26,202.5
gep11,00,2026-01-28,2026-02-23,gcrew,noaa_gefs,11,WindSpeed_ms_mean,26,4.84067752247645
gep11,00,2026-01-28,2026-02-24,gcrew,noaa_gefs,11,AirTemp_C_mean,27,1.597322082519554
gep11,00,2026-01-28,2026-02-24,gcrew,noaa_gefs,11,Pressure_Pa,27,102109.3046875
gep11,00,2026-01-28,2026-02-24,gcrew,noaa_gefs,11,RH_percent_mean,27,62.64256954193115
gep11,00,2026-01-28,2026-02-24,gcrew,noaa_gefs,11,Rain_mm_sum,27,0
gep11,00,2026-01-28,2026-02-24,gcrew,noaa_gefs,11,ShortwaveRadiation_Wm2,27,116.5
gep11,00,2026-01-28,2026-02-24,gcrew,noaa_gefs,11,WindSpeed_ms_mean,27,5.3985288138153145
gep11,00,2026-01-28,2026-02-25,gcrew,noaa_gefs,11,AirTemp_C_mean,28,3.3727813720703352
gep11,00,2026-01-28,2026-02-25,gcrew,noaa_gefs,11,Pressure_Pa,28,101713.029296875
gep11,00,2026-01-28,2026-02-25,gcrew,noaa_gefs,11,RH_percent_mean,28,82.43609428405762
gep11,00,2026-01-28,2026-02-25,gcrew,noaa_gefs,11,Rain_mm_sum,28,0
gep11,00,2026-01-28,2026-02-25,gcrew,noaa_gefs,11,ShortwaveRadiation_Wm2,28,183.25
gep11,00,2026-01-28,2026-02-25,gcrew,noaa_gefs,11,WindSpeed_ms_mean,28,2.7927366152488466
gep11,00,2026-01-28,2026-02-26,gcrew,noaa_gefs,11,AirTemp_C_mean,29,4.269799804687523
gep11,00,2026-01-28,2026-02-26,gcrew,noaa_gefs,11,Pressure_Pa,29,101386.140625
gep11,00,2026-01-28,2026-02-26,gcrew,noaa_gefs,11,RH_percent_mean,29,76.72475337982178
gep11,00,2026-01-28,2026-02-26,gcrew,noaa_gefs,11,Rain_mm_sum,29,0.6100000143051147
gep11,00,2026-01-28,2026-02-26,gcrew,noaa_gefs,11,ShortwaveRadiation_Wm2,29,157.75
gep11,00,2026-01-28,2026-02-26,gcrew,noaa_gefs,11,WindSpeed_ms_mean,29,5.374720606390739
gep11,00,2026-01-28,2026-02-27,gcrew,noaa_gefs,11,AirTemp_C_mean,30,-2.2006057739257585
gep11,00,2026-01-28,2026-02-27,gcrew,noaa_gefs,11,Pressure_Pa,30,102063.791015625
gep11,00,2026-01-28,2026-02-27,gcrew,noaa_gefs,11,RH_percent_mean,30,60.6358585357666
gep11,00,2026-01-28,2026-02-27,gcrew,noaa_gefs,11,Rain_mm_sum,30,0
gep11,00,2026-01-28,2026-02-27,gcrew,noaa_gefs,11,ShortwaveRadiation_Wm2,30,208.75
gep11,00,2026-01-28,2026-02-27,gcrew,noaa_gefs,11,WindSpeed_ms_mean,30,4.223661637522698
gep11,00,2026-01-28,2026-02-28,gcrew,noaa_gefs,11,AirTemp_C_mean,31,2.8180099487304915
gep11,00,2026-01-28,2026-02-28,gcrew,noaa_gefs,11,Pressure_Pa,31,102096.6484375
gep11,00,2026-01-28,2026-02-28,gcrew,noaa_gefs,11,RH_percent_mean,31,73.37237644195557
gep11,00,2026-01-28,2026-02-28,gcrew,noaa_gefs,11,Rain_mm_sum,31,0
gep11,00,2026-01-28,2026-02-28,gcrew,noaa_gefs,11,ShortwaveRadiation_Wm2,31,182.75
gep11,00,2026-01-28,2026-02-28,gcrew,noaa_gefs,11,WindSpeed_ms_mean,31,2.7731910157020536
gep11,00,2026-01-28,2026-03-01,gcrew,noaa_gefs,11,AirTemp_C_mean,32,10.715417480468773
gep11,00,2026-01-28,2026-03-01,gcrew,noaa_gefs,11,Pressure_Pa,32,101821.703125
gep11,00,2026-01-28,2026-03-01,gcrew,noaa_gefs,11,RH_percent_mean,32,78.44407558441162
gep11,00,2026-01-28,2026-03-01,gcrew,noaa_gefs,11,Rain_mm_sum,32,0.10000000149011612
gep11,00,2026-01-28,2026-03-01,gcrew,noaa_gefs,11,ShortwaveRadiation_Wm2,32,188
gep11,00,2026-01-28,2026-03-01,gcrew,noaa_gefs,11,WindSpeed_ms_mean,32,4.440940868795268
gep11,00,2026-01-28,2026-03-02,gcrew,noaa_gefs,11,AirTemp_C_mean,33,8.776765441894554
gep11,00,2026-01-28,2026-03-02,gcrew,noaa_gefs,11,Pressure_Pa,33,102014.58203125
gep11,00,2026-01-28,2026-03-02,gcrew,noaa_gefs,11,RH_percent_mean,33,87.70235443115234
gep11,00,2026-01-28,2026-03-02,gcrew,noaa_gefs,11,Rain_mm_sum,33,1.2000000476837158
gep11,00,2026-01-28,2026-03-02,gcrew,noaa_gefs,11,ShortwaveRadiation_Wm2,33,148.25
gep11,00,2026-01-28,2026-03-02,gcrew,noaa_gefs,11,WindSpeed_ms_mean,33,4.63763027527913
gep11,00,2026-01-28,2026-03-03,gcrew,noaa_gefs,11,AirTemp_C_mean,34,11.128327941894554
gep11,00,2026-01-28,2026-03-03,gcrew,noaa_gefs,11,Pressure_Pa,34,100700.955078125
gep11,00,2026-01-28,2026-03-03,gcrew,noaa_gefs,11,RH_percent_mean,34,81.373138427734375
gep11,00,2026-01-28,2026-03-03,gcrew,noaa_gefs,11,Rain_mm_sum,34,39.5
gep11,00,2026-01-28,2026-03-03,gcrew,noaa_gefs,11,ShortwaveRadiation_Wm2,34,137
gep11,00,2026-01-28,2026-03-03,gcrew,noaa_gefs,11,WindSpeed_ms_mean,34,6.95522383090104
gep12,00,2026-01-28,2026-01-29,gcrew,noaa_gefs,12,AirTemp_C_mean,1,-7.280580902099587
gep12,00,2026-01-28,2026-01-29,gcrew,noaa_gefs,12,Pressure_Pa,1,102287.724609375
gep12,00,2026-01-28,2026-01-29,gcrew,noaa_gefs,12,RH_percent_mean,1,76.07372665405273
gep12,00,2026-01-28,2026-01-29,gcrew,noaa_gefs,12,Rain_mm_sum,1,0.10000000149011612
gep12,00,2026-01-28,2026-01-29,gcrew,noaa_gefs,12,ShortwaveRadiation_Wm2,1,150.125
gep12,00,2026-01-28,2026-01-29,gcrew,noaa_gefs,12,WindSpeed_ms_mean,1,5.488174929013097
gep12,00,2026-01-28,2026-01-30,gcrew,noaa_gefs,12,AirTemp_C_mean,2,-7.0662673950195085
gep12,00,2026-01-28,2026-01-30,gcrew,noaa_gefs,12,Pressure_Pa,2,102186.884765625
gep12,00,2026-01-28,2026-01-30,gcrew,noaa_gefs,12,RH_percent_mean,2,85.883331298828125
gep12,00,2026-01-28,2026-01-30,gcrew,noaa_gefs,12,Rain_mm_sum,2,3.400000035762787
gep12,00,2026-01-28,2026-01-30,gcrew,noaa_gefs,12,ShortwaveRadiation_Wm2,2,91
gep12,00,2026-01-28,2026-01-30,gcrew,noaa_gefs,12,WindSpeed_ms_mean,2,4.310190691157695
gep12,00,2026-01-28,2026-01-31,gcrew,noaa_gefs,12,AirTemp_C_mean,3,-8.19930496215818
gep12,00,2026-01-28,2026-01-31,gcrew,noaa_gefs,12,Pressure_Pa,3,101301.654296875
gep12,00,2026-01-28,2026-01-31,gcrew,noaa_gefs,12,RH_percent_mean,3,95.59107112884521
gep12,00,2026-01-28,2026-01-31,gcrew,noaa_gefs,12,Rain_mm_sum,3,24.890000462532043
gep12,00,2026-01-28,2026-01-31,gcrew,noaa_gefs,12,ShortwaveRadiation_Wm2,3,47
gep12,00,2026-01-28,2026-01-31,gcrew,noaa_gefs,12,WindSpeed_ms_mean,3,10.447140277612919
gep12,00,2026-01-28,2026-02-01,gcrew,noaa_gefs,12,AirTemp_C_mean,4,-5.557821655273415
gep12,00,2026-01-28,2026-02-01,gcrew,noaa_gefs,12,Pressure_Pa,4,99940.41015625
gep12,00,2026-01-28,2026-02-01,gcrew,noaa_gefs,12,RH_percent_mean,4,94.5508918762207
gep12,00,2026-01-28,2026-02-01,gcrew,noaa_gefs,12,Rain_mm_sum,4,22.200000166893005
gep12,00,2026-01-28,2026-02-01,gcrew,noaa_gefs,12,ShortwaveRadiation_Wm2,4,59.5
gep12,00,2026-01-28,2026-02-01,gcrew,noaa_gefs,12,WindSpeed_ms_mean,4,13.510369912418103
gep12,00,2026-01-28,2026-02-02,gcrew,noaa_gefs,12,AirTemp_C_mean,5,-5.524973297119118
gep12,00,2026-01-28,2026-02-02,gcrew,noaa_gefs,12,Pressure_Pa,5,101653.6318359375
gep12,00,2026-01-28,2026-02-02,gcrew,noaa_gefs,12,RH_percent_mean,5,80.55075645446777
gep12,00,2026-01-28,2026-02-02,gcrew,noaa_gefs,12,Rain_mm_sum,5,1.399999976158142
gep12,00,2026-01-28,2026-02-02,gcrew,noaa_gefs,12,ShortwaveRadiation_Wm2,5,151.5
gep12,00,2026-01-28,2026-02-02,gcrew,noaa_gefs,12,WindSpeed_ms_mean,5,8.067561597422333
gep12,00,2026-01-28,2026-02-03,gcrew,noaa_gefs,12,AirTemp_C_mean,6,-5.25441970825193
gep12,00,2026-01-28,2026-02-03,gcrew,noaa_gefs,12,Pressure_Pa,6,102473.724609375
gep12,00,2026-01-28,2026-02-03,gcrew,noaa_gefs,12,RH_percent_mean,6,78.25176620483398
gep12,00,2026-01-28,2026-02-03,gcrew,noaa_gefs,12,Rain_mm_sum,6,0
gep12,00,2026-01-28,2026-02-03,gcrew,noaa_gefs,12,ShortwaveRadiation_Wm2,6,163.375
gep12,00,2026-01-28,2026-02-03,gcrew,noaa_gefs,12,WindSpeed_ms_mean,6,3.967009672131133
gep12,00,2026-01-28,2026-02-04,gcrew,noaa_gefs,12,AirTemp_C_mean,7,-1.8118385314941179
gep12,00,2026-01-28,2026-02-04,gcrew,noaa_gefs,12,Pressure_Pa,7,102940.9130859375
gep12,00,2026-01-28,2026-02-04,gcrew,noaa_gefs,12,RH_percent_mean,7,83.65248394012451
gep12,00,2026-01-28,2026-02-04,gcrew,noaa_gefs,12,Rain_mm_sum,7,0.009999999776482582
gep12,00,2026-01-28,2026-02-04,gcrew,noaa_gefs,12,ShortwaveRadiation_Wm2,7,109.5
gep12,00,2026-01-28,2026-02-04,gcrew,noaa_gefs,12,WindSpeed_ms_mean,7,2.1674175981691817
gep12,00,2026-01-28,2026-02-05,gcrew,noaa_gefs,12,AirTemp_C_mean,8,1.069429016113304
gep12,00,2026-01-28,2026-02-05,gcrew,noaa_gefs,12,Pressure_Pa,8,101906.8251953125
gep12,00,2026-01-28,2026-02-05,gcrew,noaa_gefs,12,RH_percent_mean,8,94.48931217193604
gep12,00,2026-01-28,2026-02-05,gcrew,noaa_gefs,12,Rain_mm_sum,8,0.20000000298023224
gep12,00,2026-01-28,2026-02-05,gcrew,noaa_gefs,12,ShortwaveRadiation_Wm2,8,76.875
gep12,00,2026-01-28,2026-02-05,gcrew,noaa_gefs,12,WindSpeed_ms_mean,8,3.684263806468948
gep12,00,2026-01-28,2026-02-06,gcrew,noaa_gefs,12,AirTemp_C_mean,9,2.753424944196451
gep12,00,2026-01-28,2026-02-06,gcrew,noaa_gefs,12,Pressure_Pa,9,100416.97879464286
gep12,00,2026-01-28,2026-02-06,gcrew,noaa_gefs,12,RH_percent_mean,9,86.28384617396763
gep12,00,2026-01-28,2026-02-06,gcrew,noaa_gefs,12,Rain_mm_sum,9,0.9999999925494194
gep12,00,2026-01-28,2026-02-06,gcrew,noaa_gefs,12,ShortwaveRadiation_Wm2,9,160
gep12,00,2026-01-28,2026-02-06,gcrew,noaa_gefs,12,WindSpeed_ms_mean,9,7.2776915238674205
gep12,00,2026-01-28,2026-02-07,gcrew,noaa_gefs,12,AirTemp_C_mean,10,-5.779425048828102
gep12,00,2026-01-28,2026-02-07,gcrew,noaa_gefs,12,Pressure_Pa,10,101461.65625
gep12,00,2026-01-28,2026-02-07,gcrew,noaa_gefs,12,RH_percent_mean,10,72.17018508911133
gep12,00,2026-01-28,2026-02-07,gcrew,noaa_gefs,12,Rain_mm_sum,10,0
gep12,00,2026-01-28,2026-02-07,gcrew,noaa_gefs,12,ShortwaveRadiation_Wm2,10,149.5
gep12,00,2026-01-28,2026-02-07,gcrew,noaa_gefs,12,WindSpeed_ms_mean,10,4.217680666860886
gep12,00,2026-01-28,2026-02-08,gcrew,noaa_gefs,12,AirTemp_C_mean,11,-7.681547546386696
gep12,00,2026-01-28,2026-02-08,gcrew,noaa_gefs,12,Pressure_Pa,11,102029.173828125
gep12,00,2026-01-28,2026-02-08,gcrew,noaa_gefs,12,RH_percent_mean,11,68.76657009124756
gep12,00,2026-01-28,2026-02-08,gcrew,noaa_gefs,12,Rain_mm_sum,11,0
gep12,00,2026-01-28,2026-02-08,gcrew,noaa_gefs,12,ShortwaveRadiation_Wm2,11,174.25
gep12,00,2026-01-28,2026-02-08,gcrew,noaa_gefs,12,WindSpeed_ms_mean,11,7.886064993607651
gep12,00,2026-01-28,2026-02-09,gcrew,noaa_gefs,12,AirTemp_C_mean,12,-4.058538818359352
gep12,00,2026-01-28,2026-02-09,gcrew,noaa_gefs,12,Pressure_Pa,12,101952.376953125
gep12,00,2026-01-28,2026-02-09,gcrew,noaa_gefs,12,RH_percent_mean,12,68.18047332763672
gep12,00,2026-01-28,2026-02-09,gcrew,noaa_gefs,12,Rain_mm_sum,12,0
gep12,00,2026-01-28,2026-02-09,gcrew,noaa_gefs,12,ShortwaveRadiation_Wm2,12,164.25
gep12,00,2026-01-28,2026-02-09,gcrew,noaa_gefs,12,WindSpeed_ms_mean,12,7.975086568269404
gep12,00,2026-01-28,2026-02-10,gcrew,noaa_gefs,12,AirTemp_C_mean,13,-3.093626403808571
gep12,00,2026-01-28,2026-02-10,gcrew,noaa_gefs,12,Pressure_Pa,13,101960.732421875
gep12,00,2026-01-28,2026-02-10,gcrew,noaa_gefs,12,RH_percent_mean,13,68.68310356140137
gep12,00,2026-01-28,2026-02-10,gcrew,noaa_gefs,12,Rain_mm_sum,13,0
gep12,00,2026-01-28,2026-02-10,gcrew,noaa_gefs,12,ShortwaveRadiation_Wm2,13,134.75
gep12,00,2026-01-28,2026-02-10,gcrew,noaa_gefs,12,WindSpeed_ms_mean,13,5.259966799674645
gep12,00,2026-01-28,2026-02-11,gcrew,noaa_gefs,12,AirTemp_C_mean,14,-4.653044128417946
gep12,00,2026-01-28,2026-02-11,gcrew,noaa_gefs,12,Pressure_Pa,14,101637.04296875
gep12,00,2026-01-28,2026-02-11,gcrew,noaa_gefs,12,RH_percent_mean,14,69.65564918518066
gep12,00,2026-01-28,2026-02-11,gcrew,noaa_gefs,12,Rain_mm_sum,14,0
gep12,00,2026-01-28,2026-02-11,gcrew,noaa_gefs,12,ShortwaveRadiation_Wm2,14,179.5
gep12,00,2026-01-28,2026-02-11,gcrew,noaa_gefs,12,WindSpeed_ms_mean,14,8.026119124547929
gep12,00,2026-01-28,2026-02-12,gcrew,noaa_gefs,12,AirTemp_C_mean,15,-3.519529724121071
gep12,00,2026-01-28,2026-02-12,gcrew,noaa_gefs,12,Pressure_Pa,15,101760.71875
gep12,00,2026-01-28,2026-02-12,gcrew,noaa_gefs,12,RH_percent_mean,15,71.13922119140625
gep12,00,2026-01-28,2026-02-12,gcrew,noaa_gefs,12,Rain_mm_sum,15,0
gep12,00,2026-01-28,2026-02-12,gcrew,noaa_gefs,12,ShortwaveRadiation_Wm2,15,178.25
gep12,00,2026-01-28,2026-02-12,gcrew,noaa_gefs,12,WindSpeed_ms_mean,15,7.753901032955588
gep12,00,2026-01-28,2026-02-13,gcrew,noaa_gefs,12,AirTemp_C_mean,16,-2.7990249633788835
gep12,00,2026-01-28,2026-02-13,gcrew,noaa_gefs,12,Pressure_Pa,16,101736.001953125
gep12,00,2026-01-28,2026-02-13,gcrew,noaa_gefs,12,RH_percent_mean,16,63.89894676208496
gep12,00,2026-01-28,2026-02-13,gcrew,noaa_gefs,12,Rain_mm_sum,16,0
gep12,00,2026-01-28,2026-02-13,gcrew,noaa_gefs,12,ShortwaveRadiation_Wm2,16,143.25
gep12,00,2026-01-28,2026-02-13,gcrew,noaa_gefs,12,WindSpeed_ms_mean,16,6.434746689935362
gep12,00,2026-01-28,2026-02-14,gcrew,noaa_gefs,12,AirTemp_C_mean,17,-2.5064834594726335
gep12,00,2026-01-28,2026-02-14,gcrew,noaa_gefs,12,Pressure_Pa,17,101387.0625
gep12,00,2026-01-28,2026-02-14,gcrew,noaa_gefs,12,RH_percent_mean,17,63.91810321807861
gep12,00,2026-01-28,2026-02-14,gcrew,noaa_gefs,12,Rain_mm_sum,17,0
gep12,00,2026-01-28,2026-02-14,gcrew,noaa_gefs,12,ShortwaveRadiation_Wm2,17,174
gep12,00,2026-01-28,2026-02-14,gcrew,noaa_gefs,12,WindSpeed_ms_mean,17,4.505267943240719
gep12,00,2026-01-28,2026-02-15,gcrew,noaa_gefs,12,AirTemp_C_mean,18,-1.092008972167946
gep12,00,2026-01-28,2026-02-15,gcrew,noaa_gefs,12,Pressure_Pa,18,101645.232421875
gep12,00,2026-01-28,2026-02-15,gcrew,noaa_gefs,12,RH_percent_mean,18,69.99055099487305
gep12,00,2026-01-28,2026-02-15,gcrew,noaa_gefs,12,Rain_mm_sum,18,0
gep12,00,2026-01-28,2026-02-15,gcrew,noaa_gefs,12,ShortwaveRadiation_Wm2,18,159.5
gep12,00,2026-01-28,2026-02-15,gcrew,noaa_gefs,12,WindSpeed_ms_mean,18,3.138143268840961
gep12,00,2026-01-28,2026-02-16,gcrew,noaa_gefs,12,AirTemp_C_mean,19,1.369630432128929
gep12,00,2026-01-28,2026-02-16,gcrew,noaa_gefs,12,Pressure_Pa,19,101803.056640625
gep12,00,2026-01-28,2026-02-16,gcrew,noaa_gefs,12,RH_percent_mean,19,79.61123466491699
gep12,00,2026-01-28,2026-02-16,gcrew,noaa_gefs,12,Rain_mm_sum,19,0.20000000298023224
gep12,00,2026-01-28,2026-02-16,gcrew,noaa_gefs,12,ShortwaveRadiation_Wm2,19,87.75
gep12,00,2026-01-28,2026-02-16,gcrew,noaa_gefs,12,WindSpeed_ms_mean,19,3.3481034252777753
gep12,00,2026-01-28,2026-02-17,gcrew,noaa_gefs,12,AirTemp_C_mean,20,0.7386337280273665
gep12,00,2026-01-28,2026-02-17,gcrew,noaa_gefs,12,Pressure_Pa,20,101786.171875
gep12,00,2026-01-28,2026-02-17,gcrew,noaa_gefs,12,RH_percent_mean,20,84.81830406188965
gep12,00,2026-01-28,2026-02-17,gcrew,noaa_gefs,12,Rain_mm_sum,20,7.099999904632568
gep12,00,2026-01-28,2026-02-17,gcrew,noaa_gefs,12,ShortwaveRadiation_Wm2,20,22.25
gep12,00,2026-01-28,2026-02-17,gcrew,noaa_gefs,12,WindSpeed_ms_mean,20,4.584310341175985
gep12,00,2026-01-28,2026-02-18,gcrew,noaa_gefs,12,AirTemp_C_mean,21,4.854364013671898
gep12,00,2026-01-28,2026-02-18,gcrew,noaa_gefs,12,Pressure_Pa,21,100528.912109375
gep12,00,2026-01-28,2026-02-18,gcrew,noaa_gefs,12,RH_percent_mean,21,98.09432792663574
gep12,00,2026-01-28,2026-02-18,gcrew,noaa_gefs,12,Rain_mm_sum,21,9.100000143051147
gep12,00,2026-01-28,2026-02-18,gcrew,noaa_gefs,12,ShortwaveRadiation_Wm2,21,34
gep12,00,2026-01-28,2026-02-18,gcrew,noaa_gefs,12,WindSpeed_ms_mean,21,2.3743466397881434
gep12,00,2026-01-28,2026-02-19,gcrew,noaa_gefs,12,AirTemp_C_mean,22,2.8552337646484602
gep12,00,2026-01-28,2026-02-19,gcrew,noaa_gefs,12,Pressure_Pa,22,100285.193359375
gep12,00,2026-01-28,2026-02-19,gcrew,noaa_gefs,12,RH_percent_mean,22,85.17862129211426
gep12,00,2026-01-28,2026-02-19,gcrew,noaa_gefs,12,Rain_mm_sum,22,0.30000001192092896
gep12,00,2026-01-28,2026-02-19,gcrew,noaa_gefs,12,ShortwaveRadiation_Wm2,22,69.75
gep12,00,2026-01-28,2026-02-19,gcrew,noaa_gefs,12,WindSpeed_ms_mean,22,4.774511407394309
gep12,00,2026-01-28,2026-02-20,gcrew,noaa_gefs,12,AirTemp_C_mean,23,-9.267301940917946
gep12,00,2026-01-28,2026-02-20,gcrew,noaa_gefs,12,Pressure_Pa,23,101475.0859375
gep12,00,2026-01-28,2026-02-20,gcrew,noaa_gefs,12,RH_percent_mean,23,50.81293869018555
gep12,00,2026-01-28,2026-02-20,gcrew,noaa_gefs,12,Rain_mm_sum,23,0
gep12,00,2026-01-28,2026-02-20,gcrew,noaa_gefs,12,ShortwaveRadiation_Wm2,23,183
gep12,00,2026-01-28,2026-02-20,gcrew,noaa_gefs,12,WindSpeed_ms_mean,23,10.622410091968261
gep12,00,2026-01-28,2026-02-21,gcrew,noaa_gefs,12,AirTemp_C_mean,24,-10.929685974121071
gep12,00,2026-01-28,2026-02-21,gcrew,noaa_gefs,12,Pressure_Pa,24,102074.087890625
gep12,00,2026-01-28,2026-02-21,gcrew,noaa_gefs,12,RH_percent_mean,24,47.823272705078125
gep12,00,2026-01-28,2026-02-21,gcrew,noaa_gefs,12,Rain_mm_sum,24,0
gep12,00,2026-01-28,2026-02-21,gcrew,noaa_gefs,12,ShortwaveRadiation_Wm2,24,187
gep12,00,2026-01-28,2026-02-21,gcrew,noaa_gefs,12,WindSpeed_ms_mean,24,6.5561279655405835
gep12,00,2026-01-28,2026-02-22,gcrew,noaa_gefs,12,AirTemp_C_mean,25,-7.766607666015602
gep12,00,2026-01-28,2026-02-22,gcrew,noaa_gefs,12,Pressure_Pa,25,102546.142578125
gep12,00,2026-01-28,2026-02-22,gcrew,noaa_gefs,12,RH_percent_mean,25,56.11021900177002
gep12,00,2026-01-28,2026-02-22,gcrew,noaa_gefs,12,Rain_mm_sum,25,0
gep12,00,2026-01-28,2026-02-22,gcrew,noaa_gefs,12,ShortwaveRadiation_Wm2,25,200.25
gep12,00,2026-01-28,2026-02-22,gcrew,noaa_gefs,12,WindSpeed_ms_mean,25,7.731225422210707
gep12,00,2026-01-28,2026-02-23,gcrew,noaa_gefs,12,AirTemp_C_mean,26,-2.8251098632812273
gep12,00,2026-01-28,2026-02-23,gcrew,noaa_gefs,12,Pressure_Pa,26,102910.716796875
gep12,00,2026-01-28,2026-02-23,gcrew,noaa_gefs,12,RH_percent_mean,26,53.88744640350342
gep12,00,2026-01-28,2026-02-23,gcrew,noaa_gefs,12,Rain_mm_sum,26,0
gep12,00,2026-01-28,2026-02-23,gcrew,noaa_gefs,12,ShortwaveRadiation_Wm2,26,202.5
gep12,00,2026-01-28,2026-02-23,gcrew,noaa_gefs,12,WindSpeed_ms_mean,26,4.84067752247645
gep12,00,2026-01-28,2026-02-24,gcrew,noaa_gefs,12,AirTemp_C_mean,27,1.597322082519554
gep12,00,2026-01-28,2026-02-24,gcrew,noaa_gefs,12,Pressure_Pa,27,102109.3046875
gep12,00,2026-01-28,2026-02-24,gcrew,noaa_gefs,12,RH_percent_mean,27,62.64256954193115
gep12,00,2026-01-28,2026-02-24,gcrew,noaa_gefs,12,Rain_mm_sum,27,0
gep12,00,2026-01-28,2026-02-24,gcrew,noaa_gefs,12,ShortwaveRadiation_Wm2,27,116.5
gep12,00,2026-01-28,2026-02-24,gcrew,noaa_gefs,12,WindSpeed_ms_mean,27,5.3985288138153145
gep12,00,2026-01-28,2026-02-25,gcrew,noaa_gefs,12,AirTemp_C_mean,28,3.3727813720703352
gep12,00,2026-01-28,2026-02-25,gcrew,noaa_gefs,12,Pressure_Pa,28,101713.029296875
gep12,00,2026-01-28,2026-02-25,gcrew,noaa_gefs,12,RH_percent_mean,28,82.43609428405762
gep12,00,2026-01-28,2026-02-25,gcrew,noaa_gefs,12,Rain_mm_sum,28,0
gep12,00,2026-01-28,2026-02-25,gcrew,noaa_gefs,12,ShortwaveRadiation_Wm2,28,183.25
gep12,00,2026-01-28,2026-02-25,gcrew,noaa_gefs,12,WindSpeed_ms_mean,28,2.7927366152488466
gep12,00,2026-01-28,2026-02-26,gcrew,noaa_gefs,12,AirTemp_C_mean,29,4.269799804687523
gep12,00,2026-01-28,2026-02-26,gcrew,noaa_gefs,12,Pressure_Pa,29,101386.140625
gep12,00,2026-01-28,2026-02-26,gcrew,noaa_gefs,12,RH_percent_mean,29,76.72475337982178
gep12,00,2026-01-28,2026-02-26,gcrew,noaa_gefs,12,Rain_mm_sum,29,0.6100000143051147
gep12,00,2026-01-28,2026-02-26,gcrew,noaa_gefs,12,ShortwaveRadiation_Wm2,29,157.75
gep12,00,2026-01-28,2026-02-26,gcrew,noaa_gefs,12,WindSpeed_ms_mean,29,5.374720606390739
gep12,00,2026-01-28,2026-02-27,gcrew,noaa_gefs,12,AirTemp_C_mean,30,-2.2006057739257585
gep12,00,2026-01-28,2026-02-27,gcrew,noaa_gefs,12,Pressure_Pa,30,102063.791015625
gep12,00,2026-01-28,2026-02-27,gcrew,noaa_gefs,12,RH_percent_mean,30,60.6358585357666
gep12,00,2026-01-28,2026-02-27,gcrew,noaa_gefs,12,Rain_mm_sum,30,0
gep12,00,2026-01-28,2026-02-27,gcrew,noaa_gefs,12,ShortwaveRadiation_Wm2,30,208.75
gep12,00,2026-01-28,2026-02-27,gcrew,noaa_gefs,12,WindSpeed_ms_mean,30,4.223661637522698
gep12,00,2026-01-28,2026-02-28,gcrew,noaa_gefs,12,AirTemp_C_mean,31,2.8180099487304915
gep12,00,2026-01-28,2026-02-28,gcrew,noaa_gefs,12,Pressure_Pa,31,102096.6484375
gep12,00,2026-01-28,2026-02-28,gcrew,noaa_gefs,12,RH_percent_mean,31,73.37237644195557
gep12,00,2026-01-28,2026-02-28,gcrew,noaa_gefs,12,Rain_mm_sum,31,0
gep12,00,2026-01-28,2026-02-28,gcrew,noaa_gefs,12,ShortwaveRadiation_Wm2,31,182.75
gep12,00,2026-01-28,2026-02-28,gcrew,noaa_gefs,12,WindSpeed_ms_mean,31,2.7731910157020536
gep12,00,2026-01-28,2026-03-01,gcrew,noaa_gefs,12,AirTemp_C_mean,32,10.715417480468773
gep12,00,2026-01-28,2026-03-01,gcrew,noaa_gefs,12,Pressure_Pa,32,101821.703125
gep12,00,2026-01-28,2026-03-01,gcrew,noaa_gefs,12,RH_percent_mean,32,78.44407558441162
gep12,00,2026-01-28,2026-03-01,gcrew,noaa_gefs,12,Rain_mm_sum,32,0.10000000149011612
gep12,00,2026-01-28,2026-03-01,gcrew,noaa_gefs,12,ShortwaveRadiation_Wm2,32,188
gep12,00,2026-01-28,2026-03-01,gcrew,noaa_gefs,12,WindSpeed_ms_mean,32,4.440940868795268
gep12,00,2026-01-28,2026-03-02,gcrew,noaa_gefs,12,AirTemp_C_mean,33,8.776765441894554
gep12,00,2026-01-28,2026-03-02,gcrew,noaa_gefs,12,Pressure_Pa,33,102014.58203125
gep12,00,2026-01-28,2026-03-02,gcrew,noaa_gefs,12,RH_percent_mean,33,87.70235443115234
gep12,00,2026-01-28,2026-03-02,gcrew,noaa_gefs,12,Rain_mm_sum,33,1.2000000476837158
gep12,00,2026-01-28,2026-03-02,gcrew,noaa_gefs,12,ShortwaveRadiation_Wm2,33,148.25
gep12,00,2026-01-28,2026-03-02,gcrew,noaa_gefs,12,WindSpeed_ms_mean,33,4.63763027527913
gep12,00,2026-01-28,2026-03-03,gcrew,noaa_gefs,12,AirTemp_C_mean,34,11.128327941894554
gep12,00,2026-01-28,2026-03-03,gcrew,noaa_gefs,12,Pressure_Pa,34,100700.955078125
gep12,00,2026-01-28,2026-03-03,gcrew,noaa_gefs,12,RH_percent_mean,34,81.373138427734375
gep12,00,2026-01-28,2026-03-03,gcrew,noaa_gefs,12,Rain_mm_sum,34,39.5
gep12,00,2026-01-28,2026-03-03,gcrew,noaa_gefs,12,ShortwaveRadiation_Wm2,34,137
gep12,00,2026-01-28,2026-03-03,gcrew,noaa_gefs,12,WindSpeed_ms_mean,34,6.95522383090104
gep13,00,2026-01-28,2026-01-29,gcrew,noaa_gefs,13,AirTemp_C_mean,1,-7.280580902099587
gep13,00,2026-01-28,2026-01-29,gcrew,noaa_gefs,13,Pressure_Pa,1,102287.724609375
gep13,00,2026-01-28,2026-01-29,gcrew,noaa_gefs,13,RH_percent_mean,1,76.07372665405273
gep13,00,2026-01-28,2026-01-29,gcrew,noaa_gefs,13,Rain_mm_sum,1,0.10000000149011612
gep13,00,2026-01-28,2026-01-29,gcrew,noaa_gefs,13,ShortwaveRadiation_Wm2,1,150.125
gep13,00,2026-01-28,2026-01-29,gcrew,noaa_gefs,13,WindSpeed_ms_mean,1,5.488174929013097
gep13,00,2026-01-28,2026-01-30,gcrew,noaa_gefs,13,AirTemp_C_mean,2,-7.0662673950195085
gep13,00,2026-01-28,2026-01-30,gcrew,noaa_gefs,13,Pressure_Pa,2,102186.884765625
gep13,00,2026-01-28,2026-01-30,gcrew,noaa_gefs,13,RH_percent_mean,2,85.883331298828125
gep13,00,2026-01-28,2026-01-30,gcrew,noaa_gefs,13,Rain_mm_sum,2,3.400000035762787
gep13,00,2026-01-28,2026-01-30,gcrew,noaa_gefs,13,ShortwaveRadiation_Wm2,2,91
gep13,00,2026-01-28,2026-01-30,gcrew,noaa_gefs,13,WindSpeed_ms_mean,2,4.310190691157695
gep13,00,2026-01-28,2026-01-31,gcrew,noaa_gefs,13,AirTemp_C_mean,3,-8.19930496215818
gep13,00,2026-01-28,2026-01-31,gcrew,noaa_gefs,13,Pressure_Pa,3,101301.654296875
gep13,00,2026-01-28,2026-01-31,gcrew,noaa_gefs,13,RH_percent_mean,3,95.59107112884521
gep13,00,2026-01-28,2026-01-31,gcrew,noaa_gefs,13,Rain_mm_sum,3,24.890000462532043
gep13,00,2026-01-28,2026-01-31,gcrew,noaa_gefs,13,ShortwaveRadiation_Wm2,3,47
gep13,00,2026-01-28,2026-01-31,gcrew,noaa_gefs,13,WindSpeed_ms_mean,3,10.447140277612919
gep13,00,2026-01-28,2026-02-01,gcrew,noaa_gefs,13,AirTemp_C_mean,4,-5.557821655273415
gep13,00,2026-01-28,2026-02-01,gcrew,noaa_gefs,13,Pressure_Pa,4,99940.41015625
gep13,00,2026-01-28,2026-02-01,gcrew,noaa_gefs,13,RH_percent_mean,4,94.5508918762207
gep13,00,2026-01-28,2026-02-01,gcrew,noaa_gefs,13,Rain_mm_sum,4,22.200000166893005
gep13,00,2026-01-28,2026-02-01,gcrew,noaa_gefs,13,ShortwaveRadiation_Wm2,4,59.5
gep13,00,2026-01-28,2026-02-01,gcrew,noaa_gefs,13,WindSpeed_ms_mean,4,13.510369912418103
gep13,00,2026-01-28,2026-02-02,gcrew,noaa_gefs,13,AirTemp_C_mean,5,-5.524973297119118
gep13,00,2026-01-28,2026-02-02,gcrew,noaa_gefs,13,Pressure_Pa,5,101653.6318359375
gep13,00,2026-01-28,2026-02-02,gcrew,noaa_gefs,13,RH_percent_mean,5,80.55075645446777
gep13,00,2026-01-28,2026-02-02,gcrew,noaa_gefs,13,Rain_mm_sum,5,1.399999976158142
gep13,00,2026-01-28,2026-02-02,gcrew,noaa_gefs,13,ShortwaveRadiation_Wm2,5,151.5
gep13,00,2026-01-28,2026-02-02,gcrew,noaa_gefs,13,WindSpeed_ms_mean,5,8.067561597422333
gep13,00,2026-01-28,2026-02-03,gcrew,noaa_gefs,13,AirTemp_C_mean,6,-5.25441970825193
gep13,00,2026-01-28,2026-02-03,gcrew,noaa_gefs,13,Pressure_Pa,6,102473.724609375
gep13,00,2026-01-28,2026-02-03,gcrew,noaa_gefs,13,RH_percent_mean,6,78.25176620483398
gep13,00,2026-01-28,2026-02-03,gcrew,noaa_gefs,13,Rain_mm_sum,6,0
gep13,00,2026-01-28,2026-02-03,gcrew,noaa_gefs,13,ShortwaveRadiation_Wm2,6,163.375
gep13,00,2026-01-28,2026-02-03,gcrew,noaa_gefs,13,WindSpeed_ms_mean,6,3.967009672131133
gep13,00,2026-01-28,2026-02-04,gcrew,noaa_gefs,13,AirTemp_C_mean,7,-1.8118385314941179
gep13,00,2026-01-28,2026-02-04,gcrew,noaa_gefs,13,Pressure_Pa,7,102940.9130859375
gep13,00,2026-01-28,2026-02-04,gcrew,noaa_gefs,13,RH_percent_mean,7,83.65248394012451
gep13,00,2026-01-28,2026-02-04,gcrew,noaa_gefs,13,Rain_mm_sum,7,0.009999999776482582
gep13,00,2026-01-28,2026-02-04,gcrew,noaa_gefs,13,ShortwaveRadiation_Wm2,7,109.5
gep13,00,2026-01-28,2026-02-04,gcrew,noaa_gefs,13,WindSpeed_ms_mean,7,2.1674175981691817
gep13,00,2026-01-28,2026-02-05,gcrew,noaa_gefs,13,AirTemp_C_mean,8,1.069429016113304
gep13,00,2026-01-28,2026-02-05,gcrew,noaa_gefs,13,Pressure_Pa,8,101906.8251953125
gep13,00,2026-01-28,2026-02-05,gcrew,noaa_gefs,13,RH_percent_mean,8,94.48931217193604
gep13,00,2026-01-28,2026-02-05,gcrew,noaa_gefs,13,Rain_mm_sum,8,0.20000000298023224
gep13,00,2026-01-28,2026-02-05,gcrew,noaa_gefs,13,ShortwaveRadiation_Wm2,8,76.875
gep13,00,2026-01-28,2026-02-05,gcrew,noaa_gefs,13,WindSpeed_ms_mean,8,3.684263806468948
gep13,00,2026-01-28,2026-02-06,gcrew,noaa_gefs,13,AirTemp_C_mean,9,2.753424944196451
gep13,00,2026-01-28,2026-02-06,gcrew,noaa_gefs,13,Pressure_Pa,9,100416.97879464286
gep13,00,2026-01-28,2026-02-06,gcrew,noaa_gefs,13,RH_percent_mean,9,86.28384617396763
gep13,00,2026-01-28,2026-02-06,gcrew,noaa_gefs,13,Rain_mm_sum,9,0.9999999925494194
gep13,00,2026-01-28,2026-02-06,gcrew,noaa_gefs,13,ShortwaveRadiation_Wm2,9,160
gep13,00,2026-01-28,2026-02-06,gcrew,noaa_gefs,13,WindSpeed_ms_mean,9,7.2776915238674205
gep13,00,2026-01-28,2026-02-07,gcrew,noaa_gefs,13,AirTemp_C_mean,10,-5.779425048828102
gep13,00,2026-01-28,2026-02-07,gcrew,noaa_gefs,13,Pressure_Pa,10,101461.65625
gep13,00,2026-01-28,2026-02-07,gcrew,noaa_gefs,13,RH_percent_mean,10,72.17018508911133
gep13,00,2026-01-28,2026-02-07,gcrew,noaa_gefs,13,Rain_mm_sum,10,0
gep13,00,2026-01-28,2026-02-07,gcrew,noaa_gefs,13,ShortwaveRadiation_Wm2,10,149.5
gep13,00,2026-01-28,2026-02-07,gcrew,noaa_gefs,13,WindSpeed_ms_mean,10,4.217680666860886
gep13,00,2026-01-28,2026-02-08,gcrew,noaa_gefs,13,AirTemp_C_mean,11,-7.681547546386696
gep13,00,2026-01-28,2026-02-08,gcrew,noaa_gefs,13,Pressure_Pa,11,102029.173828125
gep13,00,2026-01-28,2026-02-08,gcrew,noaa_gefs,13,RH_percent_mean,11,68.76657009124756
gep13,00,2026-01-28,2026-02-08,gcrew,noaa_gefs,13,Rain_mm_sum,11,0
gep13,00,2026-01-28,2026-02-08,gcrew,noaa_gefs,13,ShortwaveRadiation_Wm2,11,174.25
gep13,00,2026-01-28,2026-02-08,gcrew,noaa_gefs,13,WindSpeed_ms_mean,11,7.886064993607651
gep13,00,2026-01-28,2026-02-09,gcrew,noaa_gefs,13,AirTemp_C_mean,12,-4.058538818359352
gep13,00,2026-01-28,2026-02-09,gcrew,noaa_gefs,13,Pressure_Pa,12,101952.376953125
gep13,00,2026-01-28,2026-02-09,gcrew,noaa_gefs,13,RH_percent_mean,12,68.18047332763672
gep13,00,2026-01-28,2026-02-09,gcrew,noaa_gefs,13,Rain_mm_sum,12,0
gep13,00,2026-01-28,2026-02-09,gcrew,noaa_gefs,13,ShortwaveRadiation_Wm2,12,164.25
gep13,00,2026-01-28,2026-02-09,gcrew,noaa_gefs,13,WindSpeed_ms_mean,12,7.975086568269404
gep13,00,2026-01-28,2026-02-10,gcrew,noaa_gefs,13,AirTemp_C_mean,13,-3.093626403808571
gep13,00,2026-01-28,2026-02-10,gcrew,noaa_gefs,13,Pressure_Pa,13,101960.732421875
gep13,00,2026-01-28,2026-02-10,gcrew,noaa_gefs,13,RH_percent_mean,13,68.68310356140137
gep13,00,2026-01-28,2026-02-10,gcrew,noaa_gefs,13,Rain_mm_sum,13,0
gep13,00,2026-01-28,2026-02-10,gcrew,noaa_gefs,13,ShortwaveRadiation_Wm2,13,134.75
gep13,00,2026-01-28,2026-02-10,gcrew,noaa_gefs,13,WindSpeed_ms_mean,13,5.259966799674645
gep13,00,2026-01-28,2026-02-11,gcrew,noaa_gefs,13,AirTemp_C_mean,14,-4.653044128417946
gep13,00,2026-01-28,2026-02-11,gcrew,noaa_gefs,13,Pressure_Pa,14,101637.04296875
gep13,00,2026-01-28,2026-02-11,gcrew,noaa_gefs,13,RH_percent_mean,14,69.65564918518066
gep13,00,2026-01-28,2026-02-11,gcrew,noaa_gefs,13,Rain_mm_sum,14,0
gep13,00,2026-01-28,2026-02-11,gcrew,noaa_gefs,13,ShortwaveRadiation_Wm2,14,179.5
gep13,00,2026-01-28,2026-02-11,gcrew,noaa_gefs,13,WindSpeed_ms_mean,14,8.026119124547929
gep13,00,2026-01-28,2026-02-12,gcrew,noaa_gefs,13,AirTemp_C_mean,15,-3.519529724121071
gep13,00,2026-01-28,2026-02-12,gcrew,noaa_gefs,13,Pressure_Pa,15,101760.71875
gep13,00,2026-01-28,2026-02-12,gcrew,noaa_gefs,13,RH_percent_mean,15,71.13922119140625
gep13,00,2026-01-28,2026-02-12,gcrew,noaa_gefs,13,Rain_mm_sum,15,0
gep13,00,2026-01-28,2026-02-12,gcrew,noaa_gefs,13,ShortwaveRadiation_Wm2,15,178.25
gep13,00,2026-01-28,2026-02-12,gcrew,noaa_gefs,13,WindSpeed_ms_mean,15,7.753901032955588
gep13,00,2026-01-28,2026-02-13,gcrew,noaa_gefs,13,AirTemp_C_mean,16,-2.7990249633788835
gep13,00,2026-01-28,2026-02-13,gcrew,noaa_gefs,13,Pressure_Pa,16,101736.001953125
gep13,00,2026-01-28,2026-02-13,gcrew,noaa_gefs,13,RH_percent_mean,16,63.89894676208496
gep13,00,2026-01-28,2026-02-13,gcrew,noaa_gefs,13,Rain_mm_sum,16,0
gep13,00,2026-01-28,2026-02-13,gcrew,noaa_gefs,13,ShortwaveRadiation_Wm2,16,143.25
gep13,00,2026-01-28,2026-02-13,gcrew,noaa_gefs,13,WindSpeed_ms_mean,16,6.434746689935362
gep13,00,2026-01-28,2026-02-14,gcrew,noaa_gefs,13,AirTemp_C_mean,17,-2.5064834594726335
gep13,00,2026-01-28,2026-02-14,gcrew,noaa_gefs,13,Pressure_Pa,17,101387.0625
gep13,00,2026-01-28,2026-02-14,gcrew,noaa_gefs,13,RH_percent_mean,17,63.91810321807861
gep13,00,2026-01-28,2026-02-14,gcrew,noaa_gefs,13,Rain_mm_sum,17,0
gep13,00,2026-01-28,2026-02-14,gcrew,noaa_gefs,13,ShortwaveRadiation_Wm2,17,174
gep13,00,2026-01-28,2026-02-14,gcrew,noaa_gefs,13,WindSpeed_ms_mean,17,4.505267943240719
gep13,00,2026-01-28,2026-02-15,gcrew,noaa_gefs,13,AirTemp_C_mean,18,-1.092008972167946
gep13,00,2026-01-28,2026-02-15,gcrew,noaa_gefs,13,Pressure_Pa,18,101645.232421875
gep13,00,2026-01-28,2026-02-15,gcrew,noaa_gefs,13,RH_percent_mean,18,69.99055099487305
gep13,00,2026-01-28,2026-02-15,gcrew,noaa_gefs,13,Rain_mm_sum,18,0
gep13,00,2026-01-28,2026-02-15,gcrew,noaa_gefs,13,ShortwaveRadiation_Wm2,18,159.5
gep13,00,2026-01-28,2026-02-15,gcrew,noaa_gefs,13,WindSpeed_ms_mean,18,3.138143268840961
gep13,00,2026-01-28,2026-02-16,gcrew,noaa_gefs,13,AirTemp_C_mean,19,1.369630432128929
gep13,00,2026-01-28,2026-02-16,gcrew,noaa_gefs,13,Pressure_Pa,19,101803.056640625
gep13,00,2026-01-28,2026-02-16,gcrew,noaa_gefs,13,RH_percent_mean,19,79.61123466491699
gep13,00,2026-01-28,2026-02-16,gcrew,noaa_gefs,13,Rain_mm_sum,19,0.20000000298023224
gep13,00,2026-01-28,2026-02-16,gcrew,noaa_gefs,13,ShortwaveRadiation_Wm2,19,87.75
gep13,00,2026-01-28,2026-02-16,gcrew,noaa_gefs,13,WindSpeed_ms_mean,19,3.3481034252777753
gep13,00,2026-01-28,2026-02-17,gcrew,noaa_gefs,13,AirTemp_C_mean,20,0.7386337280273665
gep13,00,2026-01-28,2026-02-17,gcrew,noaa_gefs,13,Pressure_Pa,20,101786.171875
gep13,00,2026-01-28,2026-02-17,gcrew,noaa_gefs,13,RH_percent_mean,20,84.81830406188965
gep13,00,2026-01-28,2026-02-17,gcrew,noaa_gefs,13,Rain_mm_sum,20,7.099999904632568
gep13,00,2026-01-28,2026-02-17,gcrew,noaa_gefs,13,ShortwaveRadiation_Wm2,20,22.25
gep13,00,2026-01-28,2026-02-17,gcrew,noaa_gefs,13,WindSpeed_ms_mean,20,4.584310341175985
gep13,00,2026-01-28,2026-02-18,gcrew,noaa_gefs,13,AirTemp_C_mean,21,4.854364013671898
gep13,00,2026-01-28,2026-02-18,gcrew,noaa_gefs,13,Pressure_Pa,21,100528.912109375
gep13,00,2026-01-28,2026-02-18,gcrew,noaa_gefs,13,RH_percent_mean,21,98.09432792663574
gep13,00,2026-01-28,2026-02-18,gcrew,noaa_gefs,13,Rain_mm_sum,21,9.100000143051147
gep13,00,2026-01-28,2026-02-18,gcrew,noaa_gefs,13,ShortwaveRadiation_Wm2,21,34
gep13,00,2026-01-28,2026-02-18,gcrew,noaa_gefs,13,WindSpeed_ms_mean,21,2.3743466397881434
gep13,00,2026-01-28,2026-02-19,gcrew,noaa_gefs,13,AirTemp_C_mean,22,2.8552337646484602
gep13,00,2026-01-28,2026-02-19,gcrew,noaa_gefs,13,Pressure_Pa,22,100285.193359375
gep13,00,2026-01-28,2026-02-19,gcrew,noaa_gefs,13,RH_percent_mean,22,85.17862129211426
gep13,00,2026-01-28,2026-02-19,gcrew,noaa_gefs,13,Rain_mm_sum,22,0.30000001192092896
gep13,00,2026-01-28,2026-02-19,gcrew,noaa_gefs,13,ShortwaveRadiation_Wm2,22,69.75
gep13,00,2026-01-28,2026-02-19,gcrew,noaa_gefs,13,WindSpeed_ms_mean,22,4.774511407394309
gep13,00,2026-01-28,2026-02-20,gcrew,noaa_gefs,13,AirTemp_C_mean,23,-9.267301940917946
gep13,00,2026-01-28,2026-02-20,gcrew,noaa_gefs,13,Pressure_Pa,23,101475.0859375
gep13,00,2026-01-28,2026-02-20,gcrew,noaa_gefs,13,RH_percent_mean,23,50.81293869018555
gep13,00,2026-01-28,2026-02-20,gcrew,noaa_gefs,13,Rain_mm_sum,23,0
gep13,00,2026-01-28,2026-02-20,gcrew,noaa_gefs,13,ShortwaveRadiation_Wm2,23,183
gep13,00,2026-01-28,2026-02-20,gcrew,noaa_gefs,13,WindSpeed_ms_mean,23,10.622410091968261
gep13,00,2026-01-28,2026-02-21,gcrew,noaa_gefs,13,AirTemp_C_mean,24,-10.929685974121071
gep13,00,2026-01-28,2026-02-21,gcrew,noaa_gefs,13,Pressure_Pa,24,102074.087890625
gep13,00,2026-01-28,2026-02-21,gcrew,noaa_gefs,13,RH_percent_mean,24,47.823272705078125
gep13,00,2026-01-28,2026-02-21,gcrew,noaa_gefs,13,Rain_mm_sum,24,0
gep13,00,2026-01-28,2026-02-21,gcrew,noaa_gefs,13,ShortwaveRadiation_Wm2,24,187
gep13,00,2026-01-28,2026-02-21,gcrew,noaa_gefs,13,WindSpeed_ms_mean,24,6.5561279655405835
gep13,00,2026-01-28,2026-02-22,gcrew,noaa_gefs,13,AirTemp_C_mean,25,-7.766607666015602
gep13,00,2026-01-28,2026-02-22,gcrew,noaa_gefs,13,Pressure_Pa,25,102546.142578125
gep13,00,2026-01-28,2026-02-22,gcrew,noaa_gefs,13,RH_percent_mean,25,56.11021900177002
gep13,00,2026-01-28,2026-02-22,gcrew,noaa_gefs,13,Rain_mm_sum,25,0
gep13,00,2026-01-28,2026-02-22,gcrew,noaa_gefs,13,ShortwaveRadiation_Wm2,25,200.25
gep13,00,2026-01-28,2026-02-22,gcrew,noaa_gefs,13,WindSpeed_ms_mean,25,7.731225422210707
gep13,00,2026-01-28,2026-02-23,gcrew,noaa_gefs,13,AirTemp_C_mean,26,-2.8251098632812273
gep13,00,2026-01-28,2026-02-23,gcrew,noaa_gefs,13,Pressure_Pa,26,102910.716796875
gep13,00,2026-01-28,2026-02-23,gcrew,noaa_gefs,13,RH_percent_mean,26,53.88744640350342
gep13,00,2026-01-28,2026-02-23,gcrew,noaa_gefs,13,Rain_mm_sum,26,0
gep13,00,2026-01-28,2026-02-23,gcrew,noaa_gefs,13,ShortwaveRadiation_Wm2,26,202.5
gep13,00,2026-01-28,2026-02-23,gcrew,noaa_gefs,13,WindSpeed_ms_mean,26,4.84067752247645
gep13,00,2026-01-28,2026-02-24,gcrew,noaa_gefs,13,AirTemp_C_mean,27,1.597322082519554
gep13,00,2026-01-28,2026-02-24,gcrew,noaa_gefs,13,Pressure_Pa,27,102109.3046875
gep13,00,2026-01-28,2026-02-24,gcrew,noaa_gefs,13,RH_percent_mean,27,62.64256954193115
gep13,00,2026-01-28,2026-02-24,gcrew,noaa_gefs,13,Rain_mm_sum,27,0
gep13,00,2026-01-28,2026-02-24,gcrew,noaa_gefs,13,ShortwaveRadiation_Wm2,27,116.5
gep13,00,2026-01-28,2026-02-24,gcrew,noaa_gefs,13,WindSpeed_ms_mean,27,5.3985288138153145
gep13,00,2026-01-28,2026-02-25,gcrew,noaa_gefs,13,AirTemp_C_mean,28,3.3727813720703352
gep13,00,2026-01-28,2026-02-25,gcrew,noaa_gefs,13,Pressure_Pa,28,101713.029296875
gep13,00,2026-01-28,2026-02-25,gcrew,noaa_gefs,13,RH_percent_mean,28,82.43609428405762
gep13,00,2026-01-28,2026-02-25,gcrew,noaa_gefs,13,Rain_mm_sum,28,0
gep13,00,2026-01-28,2026-02-25,gcrew,noaa_gefs,13,ShortwaveRadiation_Wm2,28,183.25
gep13,00,2026-01-28,2026-02-25,gcrew,noaa_gefs,13,WindSpeed_ms_mean,28,2.7927366152488466
gep13,00,2026-01-28,2026-02-26,gcrew,noaa_gefs,13,AirTemp_C_mean,29,4.269799804687523
gep13,00,2026-01-28,2026-02-26,gcrew,noaa_gefs,13,Pressure_Pa,29,101386.140625
gep13,00,2026-01-28,2026-02-26,gcrew,noaa_gefs,13,RH_percent_mean,29,76.72475337982178
gep13,00,2026-01-28,2026-02-26,gcrew,noaa_gefs,13,Rain_mm_sum,29,0.6100000143051147
gep13,00,2026-01-28,2026-02-26,gcrew,noaa_gefs,13,ShortwaveRadiation_Wm2,29,157.75
gep13,00,2026-01-28,2026-02-26,gcrew,noaa_gefs,13,WindSpeed_ms_mean,29,5.374720606390739
gep13,00,2026-01-28,2026-02-27,gcrew,noaa_gefs,13,AirTemp_C_mean,30,-2.2006057739257585
gep13,00,2026-01-28,2026-02-27,gcrew,noaa_gefs,13,Pressure_Pa,30,102063.791015625
gep13,00,2026-01-28,2026-02-27,gcrew,noaa_gefs,13,RH_percent_mean,30,60.6358585357666
gep13,00,2026-01-28,2026-02-27,gcrew,noaa_gefs,13,Rain_mm_sum,30,0
gep13,00,2026-01-28,2026-02-27,gcrew,noaa_gefs,13,ShortwaveRadiation_Wm2,30,208.75
gep13,00,2026-01-28,2026-02-27,gcrew,noaa_gefs,13,WindSpeed_ms_mean,30,4.223661637522698
gep13,00,2026-01-28,2026-02-28,gcrew,noaa_gefs,13,AirTemp_C_mean,31,2.8180099487304915
gep13,00,2026-01-28,2026-02-28,gcrew,noaa_gefs,13,Pressure_Pa,31,102096.6484375
gep13,00,2026-01-28,2026-02-28,gcrew,noaa_gefs,13,RH_percent_mean,31,73.37237644195557
gep13,00,2026-01-28,2026-02-28,gcrew,noaa_gefs,13,Rain_mm_sum,31,0
gep13,00,2026-01-28,2026-02-28,gcrew,noaa_gefs,13,ShortwaveRadiation_Wm2,31,182.75
gep13,00,2026-01-28,2026-02-28,gcrew,noaa_gefs,13,WindSpeed_ms_mean,31,2.7731910157020536
gep13,00,2026-01-28,2026-03-01,gcrew,noaa_gefs,13,AirTemp_C_mean,32,10.715417480468773
gep13,00,2026-01-28,2026-03-01,gcrew,noaa_gefs,13,Pressure_Pa,32,101821.703125
gep13,00,2026-01-28,2026-03-01,gcrew,noaa_gefs,13,RH_percent_mean,32,78.44407558441162
gep13,00,2026-01-28,2026-03-01,gcrew,noaa_gefs,13,Rain_mm_sum,32,0.10000000149011612
gep13,00,2026-01-28,2026-03-01,gcrew,noaa_gefs,13,ShortwaveRadiation_Wm2,32,188
gep13,00,2026-01-28,2026-03-01,gcrew,noaa_gefs,13,WindSpeed_ms_mean,32,4.440940868795268
gep13,00,2026-01-28,2026-03-02,gcrew,noaa_gefs,13,AirTemp_C_mean,33,8.776765441894554
gep13,00,2026-01-28,2026-03-02,gcrew,noaa_gefs,13,Pressure_Pa,33,102014.58203125
gep13,00,2026-01-28,2026-03-02,gcrew,noaa_gefs,13,RH_percent_mean,33,87.70235443115234
gep13,00,2026-01-28,2026-03-02,gcrew,noaa_gefs,13,Rain_mm_sum,33,1.2000000476837158
gep13,00,2026-01-28,2026-03-02,gcrew,noaa_gefs,13,ShortwaveRadiation_Wm2,33,148.25
gep13,00,2026-01-28,2026-03-02,gcrew,noaa_gefs,13,WindSpeed_ms_mean,33,4.63763027527913
gep13,00,2026-01-28,2026-03-03,gcrew,noaa_gefs,13,AirTemp_C_mean,34,11.128327941894554
gep13,00,2026-01-28,2026-03-03,gcrew,noaa_gefs,13,Pressure_Pa,34,100700.955078125
gep13,00,2026-01-28,2026-03-03,gcrew,noaa_gefs,13,RH_percent_mean,34,81.373138427734375
gep13,00,2026-01-28,2026-03-03,gcrew,noaa_gefs,13,Rain_mm_sum,34,39.5
gep13,00,2026-01-28,2026-03-03,gcrew,noaa_gefs,13,ShortwaveRadiation_Wm2,34,137
gep13,00,2026-01-28,2026-03-03,gcrew,noaa_gefs,13,WindSpeed_ms_mean,34,6.95522383090104
gep14,00,2026-01-28,2026-01-29,gcrew,noaa_gefs,14,AirTemp_C_mean,1,-7.280580902099587
gep14,00,2026-01-28,2026-01-29,gcrew,noaa_gefs,14,Pressure_Pa,1,102287.724609375
gep14,00,2026-01-28,2026-01-29,gcrew,noaa_gefs,14,RH_percent_mean,1,76.07372665405273
gep14,00,2026-01-28,2026-01-29,gcrew,noaa_gefs,14,Rain_mm_sum,1,0.10000000149011612
gep14,00,2026-01-28,2026-01-29,gcrew,noaa_gefs,14,ShortwaveRadiation_Wm2,1,150.125
gep14,00,2026-01-28,2026-01-29,gcrew,noaa_gefs,14,WindSpeed_ms_mean,1,5.488174929013097
gep14,00,2026-01-28,2026-01-30,gcrew,noaa_gefs,14,AirTemp_C_mean,2,-7.0662673950195085
gep14,00,2026-01-28,2026-01-30,gcrew,noaa_gefs,14,Pressure_Pa,2,102186.884765625
gep14,00,2026-01-28,2026-01-30,gcrew,noaa_gefs,14,RH_percent_mean,2,85.883331298828125
gep14,00,2026-01-28,2026-01-30,gcrew,noaa_gefs,14,Rain_mm_sum,2,3.400000035762787
gep14,00,2026-01-28,2026-01-30,gcrew,noaa_gefs,14,ShortwaveRadiation_Wm2,2,91
gep14,00,2026-01-28,2026-01-30,gcrew,noaa_gefs,14,WindSpeed_ms_mean,2,4.310190691157695
gep14,00,2026-01-28,2026-01-31,gcrew,noaa_gefs,14,AirTemp_C_mean,3,-8.19930496215818
gep14,00,2026-01-28,2026-01-31,gcrew,noaa_gefs,14,Pressure_Pa,3,101301.654296875
gep14,00,2026-01-28,2026-01-31,gcrew,noaa_gefs,14,RH_percent_mean,3,95.59107112884521
gep14,00,2026-01-28,2026-01-31,gcrew,noaa_gefs,14,Rain_mm_sum,3,24.890000462532043
gep14,00,2026-01-28,2026-01-31,gcrew,noaa_gefs,14,ShortwaveRadiation_Wm2,3,47
gep14,00,2026-01-28,2026-01-31,gcrew,noaa_gefs,14,WindSpeed_ms_mean,3,10.447140277612919
gep14,00,2026-01-28,2026-02-01,gcrew,noaa_gefs,14,AirTemp_C_mean,4,-5.557821655273415
gep14,00,2026-01-28,2026-02-01,gcrew,noaa_gefs,14,Pressure_Pa,4,99940.41015625
gep14,00,2026-01-28,2026-02-01,gcrew,noaa_gefs,14,RH_percent_mean,4,94.5508918762207
gep14,00,2026-01-28,2026-02-01,gcrew,noaa_gefs,14,Rain_mm_sum,4,22.200000166893005
gep14,00,2026-01-28,2026-02-01,gcrew,noaa_gefs,14,ShortwaveRadiation_Wm2,4,59.5
gep14,00,2026-01-28,2026-02-01,gcrew,noaa_gefs,14,WindSpeed_ms_mean,4,13.510369912418103
gep14,00,2026-01-28,2026-02-02,gcrew,noaa_gefs,14,AirTemp_C_mean,5,-5.524973297119118
gep14,00,2026-01-28,2026-02-02,gcrew,noaa_gefs,14,Pressure_Pa,5,101653.6318359375
gep14,00,2026-01-28,2026-02-02,gcrew,noaa_gefs,14,RH_percent_mean,5,80.55075645446777
gep14,00,2026-01-28,2026-02-02,gcrew,noaa_gefs,14,Rain_mm_sum,5,1.399999976158142
gep14,00,2026-01-28,2026-02-02,gcrew,noaa_gefs,14,ShortwaveRadiation_Wm2,5,151.5
gep14,00,2026-01-28,2026-02-02,gcrew,noaa_gefs,14,WindSpeed_ms_mean,5,8.067561597422333
gep14,00,2026-01-28,2026-02-03,gcrew,noaa_gefs,14,AirTemp_C_mean,6,-5.25441970825193
gep14,00,2026-01-28,2026-02-03,gcrew,noaa_gefs,14,Pressure_Pa,6,102473.724609375
gep14,00,2026-01-28,2026-02-03,gcrew,noaa_gefs,14,RH_percent_mean,6,78.25176620483398
gep14,00,2026-01-28,2026-02-03,gcrew,noaa_gefs,14,Rain_mm_sum,6,0
gep14,00,2026-01-28,2026-02-03,gcrew,noaa_gefs,14,ShortwaveRadiation_Wm2,6,163.375
gep14,00,2026-01-28,2026-02-03,gcrew,noaa_gefs,14,WindSpeed_ms_mean,6,3.967009672131133
gep14,00,2026-01-28,2026-02-04,gcrew,noaa_gefs,14,AirTemp_C_mean,7,-1.8118385314941179
gep14,00,2026-01-28,2026-02-04,gcrew,noaa_gefs,14,Pressure_Pa,7,102940.9130859375
gep14,00,2026-01-28,2026-02-04,gcrew,noaa_gefs,14,RH_percent_mean,7,83.65248394012451
gep14,00,2026-01-28,2026-02-04,gcrew,noaa_gefs,14,Rain_mm_sum,7,0.009999999776482582
gep14,00,2026-01-28,2026-02-04,gcrew,noaa_gefs,14,ShortwaveRadiation_Wm2,7,109.5
gep14,00,2026-01-28,2026-02-04,gcrew,noaa_gefs,14,WindSpeed_ms_mean,7,2.1674175981691817
gep14,00,2026-01-28,2026-02-05,gcrew,noaa_gefs,14,AirTemp_C_mean,8,1.069429016113304
gep14,00,2026-01-28,2026-02-05,gcrew,noaa_gefs,14,Pressure_Pa,8,101906.8251953125
gep14,00,2026-01-28,2026-02-05,gcrew,noaa_gefs,14,RH_percent_mean,8,94.48931217193604
gep14,00,2026-01-28,2026-02-05,gcrew,noaa_gefs,14,Rain_mm_sum,8,0.20000000298023224
gep14,00,2026-01-28,2026-02-05,gcrew,noaa_gefs,14,ShortwaveRadiation_Wm2,8,76.875
gep14,00,2026-01-28,2026-02-05,gcrew,noaa_gefs,14,WindSpeed_ms_mean,8,3.684263806468948
gep14,00,2026-01-28,2026-02-06,gcrew,noaa_gefs,14,AirTemp_C_mean,9,2.753424944196451
gep14,00,2026-01-28,2026-02-06,gcrew,noaa_gefs,14,Pressure_Pa,9,100416.97879464286
gep14,00,2026-01-28,2026-02-06,gcrew,noaa_gefs,14,RH_percent_mean,9,86.28384617396763
gep14,00,2026-01-28,2026-02-06,gcrew,noaa_gefs,14,Rain_mm_sum,9,0.9999999925494194
gep14,00,2026-01-28,2026-02-06,gcrew,noaa_gefs,14,ShortwaveRadiation_Wm2,9,160
gep14,00,2026-01-28,2026-02-06,gcrew,noaa_gefs,14,WindSpeed_ms_mean,9,7.2776915238674205
gep14,00,2026-01-28,2026-02-07,gcrew,noaa_gefs,14,AirTemp_C_mean,10,-5.779425048828102
gep14,00,2026-01-28,2026-02-07,gcrew,noaa_gefs,14,Pressure_Pa,10,101461.65625
gep14,00,2026-01-28,2026-02-07,gcrew,noaa_gefs,14,RH_percent_mean,10,72.17018508911133
gep14,00,2026-01-28,2026-02-07,gcrew,noaa_gefs,14,Rain_mm_sum,10,0
gep14,00,2026-01-28,2026-02-07,gcrew,noaa_gefs,14,ShortwaveRadiation_Wm2,10,149.5
gep14,00,2026-01-28,2026-02-07,gcrew,noaa_gefs,14,WindSpeed_ms_mean,10,4.217680666860886
gep14,00,2026-01-28,2026-02-08,gcrew,noaa_gefs,14,AirTemp_C_mean,11,-7.681547546386696
gep14,00,2026-01-28,2026-02-08,gcrew,noaa_gefs,14,Pressure_Pa,11,102029.173828125
gep14,00,2026-01-28,2026-02-08,gcrew,noaa_gefs,14,RH_percent_mean,11,68.76657009124756
gep14,00,2026-01-28,2026-02-08,gcrew,noaa_gefs,14,Rain_mm_sum,11,0
gep14,00,2026-01-28,2026-02-08,gcrew,noaa_gefs,14,ShortwaveRadiation_Wm2,11,174.25
gep14,00,2026-01-28,2026-02-08,gcrew,noaa_gefs,14,WindSpeed_ms_mean,11,7.886064993607651
gep14,00,2026-01-28,2026-02-09,gcrew,noaa_gefs,14,AirTemp_C_mean,12,-4.058538818359352
gep14,00,2026-01-28,2026-02-09,gcrew,noaa_gefs,14,Pressure_Pa,12,101952.376953125
gep14,00,2026-01-28,2026-02-09,gcrew,noaa_gefs,14,RH_percent_mean,12,68.18047332763672
gep14,00,2026-01-28,2026-02-09,gcrew,noaa_gefs,14,Rain_mm_sum,12,0
gep14,00,2026-01-28,2026-02-09,gcrew,noaa_gefs,14,ShortwaveRadiation_Wm2,12,164.25
gep14,00,2026-01-28,2026-02-09,gcrew,noaa_gefs,14,WindSpeed_ms_mean,12,7.975086568269404
gep14,00,2026-01-28,2026-02-10,gcrew,noaa_gefs,14,AirTemp_C_mean,13,-3.093626403808571
gep14,00,2026-01-28,2026-02-10,gcrew,noaa_gefs,14,Pressure_Pa,13,101960.732421875
gep14,00,2026-01-28,2026-02-10,gcrew,noaa_gefs,14,RH_percent_mean,13,68.68310356140137
gep14,00,2026-01-28,2026-02-10,gcrew,noaa_gefs,14,Rain_mm_sum,13,0
gep14,00,2026-01-28,2026-02-10,gcrew,noaa_gefs,14,ShortwaveRadiation_Wm2,13,134.75
gep14,00,2026-01-28,2026-02-10,gcrew,noaa_gefs,14,WindSpeed_ms_mean,13,5.259966799674645
gep14,00,2026-01-28,2026-02-11,gcrew,noaa_gefs,14,AirTemp_C_mean,14,-4.653044128417946
gep14,00,2026-01-28,2026-02-11,gcrew,noaa_gefs,14,Pressure_Pa,14,101637.04296875
gep14,00,2026-01-28,2026-02-11,gcrew,noaa_gefs,14,RH_percent_mean,14,69.65564918518066
gep14,00,2026-01-28,2026-02-11,gcrew,noaa_gefs,14,Rain_mm_sum,14,0
gep14,00,2026-01-28,2026-02-11,gcrew,noaa_gefs,14,ShortwaveRadiation_Wm2,14,179.5
gep14,00,2026-01-28,2026-02-11,gcrew,noaa_gefs,14,WindSpeed_ms_mean,14,8.026119124547929
gep14,00,2026-01-28,2026-02-12,gcrew,noaa_gefs,14,AirTemp_C_mean,15,-3.519529724121071
gep14,00,2026-01-28,2026-02-12,gcrew,noaa_gefs,14,Pressure_Pa,15,101760.71875
gep14,00,2026-01-28,2026-02-12,gcrew,noaa_gefs,14,RH_percent_mean,15,71.13922119140625
gep14,00,2026-01-28,2026-02-12,gcrew,noaa_gefs,14,Rain_mm_sum,15,0
gep14,00,2026-01-28,2026-02-12,gcrew,noaa_gefs,14,ShortwaveRadiation_Wm2,15,178.25
gep14,00,2026-01-28,2026-02-12,gcrew,noaa_gefs,14,WindSpeed_ms_mean,15,7.753901032955588
gep14,00,2026-01-28,2026-02-13,gcrew,noaa_gefs,14,AirTemp_C_mean,16,-2.7990249633788835
gep14,00,2026-01-28,2026-02-13,gcrew,noaa_gefs,14,Pressure_Pa,16,101736.001953125
gep14,00,2026-01-28,2026-02-13,gcrew,noaa_gefs,14,RH_percent_mean,16,63.89894676208496
gep14,00,2026-01-28,2026-02-13,gcrew,noaa_gefs,14,Rain_mm_sum,16,0
gep14,00,2026-01-28,2026-02-13,gcrew,noaa_gefs,14,ShortwaveRadiation_Wm2,16,143.25
gep14,00,2026-01-28,2026-02-13,gcrew,noaa_gefs,14,WindSpeed_ms_mean,16,6.434746689935362
gep14,00,2026-01-28,2026-02-14,gcrew,noaa_gefs,14,AirTemp_C_mean,17,-2.5064834594726335
gep14,00,2026-01-28,2026-02-14,gcrew,noaa_gefs,14,Pressure_Pa,17,101387.0625
gep14,00,2026-01-28,2026-02-14,gcrew,noaa_gefs,14,RH_percent_mean,17,63.91810321807861
gep14,00,2026-01-28,2026-02-14,gcrew,noaa_gefs,14,Rain_mm_sum,17,0
gep14,00,2026-01-28,2026-02-14,gcrew,noaa_gefs,14,ShortwaveRadiation_Wm2,17,174
gep14,00,2026-01-28,2026-02-14,gcrew,noaa_gefs,14,WindSpeed_ms_mean,17,4.505267943240719
gep14,00,2026-01-28,2026-02-15,gcrew,noaa_gefs,14,AirTemp_C_mean,18,-1.092008972167946
gep14,00,2026-01-28,2026-02-15,gcrew,noaa_gefs,14,Pressure_Pa,18,101645.232421875
gep14,00,2026-01-28,2026-02-15,gcrew,noaa_gefs,14,RH_percent_mean,18,69.99055099487305
gep14,00,2026-01-28,2026-02-15,gcrew,noaa_gefs,14,Rain_mm_sum,18,0
gep14,00,2026-01-28,2026-02-15,gcrew,noaa_gefs,14,ShortwaveRadiation_Wm2,18,159.5
gep14,00,2026-01-28,2026-02-15,gcrew,noaa_gefs,14,WindSpeed_ms_mean,18,3.138143268840961
gep14,00,2026-01-28,2026-02-16,gcrew,noaa_gefs,14,AirTemp_C_mean,19,1.369630432128929
gep14,00,2026-01-28,2026-02-16,gcrew,noaa_gefs,14,Pressure_Pa,19,101803.056640625
gep14,00,2026-01-28,2026-02-16,gcrew,noaa_gefs,14,RH_percent_mean,19,79.61123466491699
gep14,00,2026-01-28,2026-02-16,gcrew,noaa_gefs,14,Rain_mm_sum,19,0.20000000298023224
gep14,00,2026-01-28,2026-02-16,gcrew,noaa_gefs,14,ShortwaveRadiation_Wm2,19,87.75
gep14,00,2026-01-28,2026-02-16,gcrew,noaa_gefs,14,WindSpeed_ms_mean,19,3.3481034252777753
gep14,00,2026-01-28,2026-02-17,gcrew,noaa_gefs,14,AirTemp_C_mean,20,0.7386337280273665
gep14,00,2026-01-28,2026-02-17,gcrew,noaa_gefs,14,Pressure_Pa,20,101786.171875
gep14,00,2026-01-28,2026-02-17,gcrew,noaa_gefs,14,RH_percent_mean,20,84.81830406188965
gep14,00,2026-01-28,2026-02-17,gcrew,noaa_gefs,14,Rain_mm_sum,20,7.099999904632568
gep14,00,2026-01-28,2026-02-17,gcrew,noaa_gefs,14,ShortwaveRadiation_Wm2,20,22.25
gep14,00,2026-01-28,2026-02-17,gcrew,noaa_gefs,14,WindSpeed_ms_mean,20,4.584310341175985
gep14,00,2026-01-28,2026-02-18,gcrew,noaa_gefs,14,AirTemp_C_mean,21,4.854364013671898
gep14,00,2026-01-28,2026-02-18,gcrew,noaa_gefs,14,Pressure_Pa,21,100528.912109375
gep14,00,2026-01-28,2026-02-18,gcrew,noaa_gefs,14,RH_percent_mean,21,98.09432792663574
gep14,00,2026-01-28,2026-02-18,gcrew,noaa_gefs,14,Rain_mm_sum,21,9.100000143051147
gep14,00,2026-01-28,2026-02-18,gcrew,noaa_gefs,14,ShortwaveRadiation_Wm2,21,34
gep14,00,2026-01-28,2026-02-18,gcrew,noaa_gefs,14,WindSpeed_ms_mean,21,2.3743466397881434
gep14,00,2026-01-28,2026-02-19,gcrew,noaa_gefs,14,AirTemp_C_mean,22,2.8552337646484602
gep14,00,2026-01-28,2026-02-19,gcrew,noaa_gefs,14,Pressure_Pa,22,100285.193359375
gep14,00,2026-01-28,2026-02-19,gcrew,noaa_gefs,14,RH_percent_mean,22,85.17862129211426
gep14,00,2026-01-28,2026-02-19,gcrew,noaa_gefs,14,Rain_mm_sum,22,0.30000001192092896
gep14,00,2026-01-28,2026-02-19,gcrew,noaa_gefs,14,ShortwaveRadiation_Wm2,22,69.75
gep14,00,2026-01-28,2026-02-19,gcrew,noaa_gefs,14,WindSpeed_ms_mean,22,4.774511407394309
gep14,00,2026-01-28,2026-02-20,gcrew,noaa_gefs,14,AirTemp_C_mean,23,-9.267301940917946
gep14,00,2026-01-28,2026-02-20,gcrew,noaa_gefs,14,Pressure_Pa,23,101475.0859375
gep14,00,2026-01-28,2026-02-20,gcrew,noaa_gefs,14,RH_percent_mean,23,50.81293869018555
gep14,00,2026-01-28,2026-02-20,gcrew,noaa_gefs,14,Rain_mm_sum,23,0
gep14,00,2026-01-28,2026-02-20,gcrew,noaa_gefs,14,ShortwaveRadiation_Wm2,23,183
gep14,00,2026-01-28,2026-02-20,gcrew,noaa_gefs,14,WindSpeed_ms_mean,23,10.622410091968261
gep14,00,2026-01-28,2026-02-21,gcrew,noaa_gefs,14,AirTemp_C_mean,24,-10.929685974121071
gep14,00,2026-01-28,2026-02-21,gcrew,noaa_gefs,14,Pressure_Pa,24,102074.087890625
gep14,00,2026-01-28,2026-02-21,gcrew,noaa_gefs,14,RH_percent_mean,24,47.823272705078125
gep14,00,2026-01-28,2026-02-21,gcrew,noaa_gefs,14,Rain_mm_sum,24,0
gep14,00,2026-01-28,2026-02-21,gcrew,noaa_gefs,14,ShortwaveRadiation_Wm2,24,187
gep14,00,2026-01-28,2026-02-21,gcrew,noaa_gefs,14,WindSpeed_ms_mean,24,6.5561279655405835
gep14,00,2026-01-28,2026-02-22,gcrew,noaa_gefs,14,AirTemp_C_mean,25,-7.766607666015602
gep14,00,2026-01-28,2026-02-22,gcrew,noaa_gefs,14,Pressure_Pa,25,102546.142578125
gep14,00,2026-01-28,2026-02-22,gcrew,noaa_gefs,14,RH_percent_mean,25,56.11021900177002
gep14,00,2026-01-28,2026-02-22,gcrew,noaa_gefs,14,Rain_mm_sum,25,0
gep14,00,2026-01-28,2026-02-22,gcrew,noaa_gefs,14,ShortwaveRadiation_Wm2,25,200.25
gep14,00,2026-01-28,2026-02-22,gcrew,noaa_gefs,14,WindSpeed_ms_mean,25,7.731225422210707
gep14,00,2026-01-28,2026-02-23,gcrew,noaa_gefs,14,AirTemp_C_mean,26,-2.8251098632812273
gep14,00,2026-01-28,2026-02-23,gcrew,noaa_gefs,14,Pressure_Pa,26,102910.716796875
gep14,00,2026-01-28,2026-02-23,gcrew,noaa_gefs,14,RH_percent_mean,26,53.88744640350342
gep14,00,2026-01-28,2026-02-23,gcrew,noaa_gefs,14,Rain_mm_sum,26,0
gep14,00,2026-01-28,2026-02-23,gcrew,noaa_gefs,14,ShortwaveRadiation_Wm2,26,202.5
gep14,00,2026-01-28,2026-02-23,gcrew,noaa_gefs,14,WindSpeed_ms_mean,26,4.84067752247645
gep14,00,2026-01-28,2026-02-24,gcrew,noaa_gefs,14,AirTemp_C_mean,27,1.597322082519554
gep14,00,2026-01-28,2026-02-24,gcrew,noaa_gefs,14,Pressure_Pa,27,102109.3046875
gep14,00,2026-01-28,2026-02-24,gcrew,noaa_gefs,14,RH_percent_mean,27,62.64256954193115
gep14,00,2026-01-28,2026-02-24,gcrew,noaa_gefs,14,Rain_mm_sum,27,0
gep14,00,2026-01-28,2026-02-24,gcrew,noaa_gefs,14,ShortwaveRadiation_Wm2,27,116.5
gep14,00,2026-01-28,2026-02-24,gcrew,noaa_gefs,14,WindSpeed_ms_mean,27,5.3985288138153145
gep14,00,2026-01-28,2026-02-25,gcrew,noaa_gefs,14,AirTemp_C_mean,28,3.3727813720703352
gep14,00,2026-01-28,2026-02-25,gcrew,noaa_gefs,14,Pressure_Pa,28,101713.029296875
gep14,00,2026-01-28,2026-02-25,gcrew,noaa_gefs,14,RH_percent_mean,28,82.43609428405762
gep14,00,2026-01-28,2026-02-25,gcrew,noaa_gefs,14,Rain_mm_sum,28,0
gep14,00,2026-01-28,2026-02-25,gcrew,noaa_gefs,14,ShortwaveRadiation_Wm2,28,183.25
gep14,00,2026-01-28,2026-02-25,gcrew,noaa_gefs,14,WindSpeed_ms_mean,28,2.7927366152488466
gep14,00,2026-01-28,2026-02-26,gcrew,noaa_gefs,14,AirTemp_C_mean,29,4.269799804687523
gep14,00,2026-01-28,2026-02-26,gcrew,noaa_gefs,14,Pressure_Pa,29,101386.140625
gep14,00,2026-01-28,2026-02-26,gcrew,noaa_gefs,14,RH_percent_mean,29,76.72475337982178
gep14,00,2026-01-28,2026-02-26,gcrew,noaa_gefs,14,Rain_mm_sum,29,0.6100000143051147
gep14,00,2026-01-28,2026-02-26,gcrew,noaa_gefs,14,ShortwaveRadiation_Wm2,29,157.75
gep14,00,2026-01-28,2026-02-26,gcrew,noaa_gefs,14,WindSpeed_ms_mean,29,5.374720606390739
gep14,00,2026-01-28,2026-02-27,gcrew,noaa_gefs,14,AirTemp_C_mean,30,-2.2006057739257585
gep14,00,2026-01-28,2026-02-27,gcrew,noaa_gefs,14,Pressure_Pa,30,102063.791015625
gep14,00,2026-01-28,2026-02-27,gcrew,noaa_gefs,14,RH_percent_mean,30,60.6358585357666
gep14,00,2026-01-28,2026-02-27,gcrew,noaa_gefs,14,Rain_mm_sum,30,0
gep14,00,2026-01-28,2026-02-27,gcrew,noaa_gefs,14,ShortwaveRadiation_Wm2,30,208.75
gep14,00,2026-01-28,2026-02-27,gcrew,noaa_gefs,14,WindSpeed_ms_mean,30,4.223661637522698
gep14,00,2026-01-28,2026-02-28,gcrew,noaa_gefs,14,AirTemp_C_mean,31,2.8180099487304915
gep14,00,2026-01-28,2026-02-28,gcrew,noaa_gefs,14,Pressure_Pa,31,102096.6484375
gep14,00,2026-01-28,2026-02-28,gcrew,noaa_gefs,14,RH_percent_mean,31,73.37237644195557
gep14,00,2026-01-28,2026-02-28,gcrew,noaa_gefs,14,Rain_mm_sum,31,0
gep14,00,2026-01-28,2026-02-28,gcrew,noaa_gefs,14,ShortwaveRadiation_Wm2,31,182.75
gep14,00,2026-01-28,2026-02-28,gcrew,noaa_gefs,14,WindSpeed_ms_mean,31,2.7731910157020536
gep14,00,2026-01-28,2026-03-01,gcrew,noaa_gefs,14,AirTemp_C_mean,32,10.715417480468773
gep14,00,2026-01-28,2026-03-01,gcrew,noaa_gefs,14,Pressure_Pa,32,101821.703125
gep14,00,2026-01-28,2026-03-01,gcrew,noaa_gefs,14,RH_percent_mean,32,78.44407558441162
gep14,00,2026-01-28,2026-03-01,gcrew,noaa_gefs,14,Rain_mm_sum,32,0.10000000149011612
gep14,00,2026-01-28,2026-03-01,gcrew,noaa_gefs,14,ShortwaveRadiation_Wm2,32,188
gep14,00,2026-01-28,2026-03-01,gcrew,noaa_gefs,14,WindSpeed_ms_mean,32,4.440940868795268
gep14,00,2026-01-28,2026-03-02,gcrew,noaa_gefs,14,AirTemp_C_mean,33,8.776765441894554
gep14,00,2026-01-28,2026-03-02,gcrew,noaa_gefs,14,Pressure_Pa,33,102014.58203125
gep14,00,2026-01-28,2026-03-02,gcrew,noaa_gefs,14,RH_percent_mean,33,87.70235443115234
gep14,00,2026-01-28,2026-03-02,gcrew,noaa_gefs,14,Rain_mm_sum,33,1.2000000476837158
gep14,00,2026-01-28,2026-03-02,gcrew,noaa_gefs,14,ShortwaveRadiation_Wm2,33,148.25
gep14,00,2026-01-28,2026-03-02,gcrew,noaa_gefs,14,WindSpeed_ms_mean,33,4.63763027527913
gep14,00,2026-01-28,2026-03-03,gcrew,noaa_gefs,14,AirTemp_C_mean,34,11.128327941894554
gep14,00,2026-01-28,2026-03-03,gcrew,noaa_gefs,14,Pressure_Pa,34,100700.955078125
gep14,00,2026-01-28,2026-03-03,gcrew,noaa_gefs,14,RH_percent_mean,34,81.373138427734375
gep14,00,2026-01-28,2026-03-03,gcrew,noaa_gefs,14,Rain_mm_sum,34,39.5
gep14,00,2026-01-28,2026-03-03,gcrew,noaa_gefs,14,ShortwaveRadiation_Wm2,34,137
gep14,00,2026-01-28,2026-03-03,gcrew,noaa_gefs,14,WindSpeed_ms_mean,34,6.95522383090104
gep15,00,2026-01-28,2026-01-29,gcrew,noaa_gefs,15,AirTemp_C_mean,1,-7.280580902099587
gep15,00,2026-01-28,2026-01-29,gcrew,noaa_gefs,15,Pressure_Pa,1,102287.724609375
gep15,00,2026-01-28,2026-01-29,gcrew,noaa_gefs,15,RH_percent_mean,1,76.07372665405273
gep15,00,2026-01-28,2026-01-29,gcrew,noaa_gefs,15,Rain_mm_sum,1,0.10000000149011612
gep15,00,2026-01-28,2026-01-29,gcrew,noaa_gefs,15,ShortwaveRadiation_Wm2,1,150.125
gep15,00,2026-01-28,2026-01-29,gcrew,noaa_gefs,15,WindSpeed_ms_mean,1,5.488174929013097
gep15,00,2026-01-28,2026-01-30,gcrew,noaa_gefs,15,AirTemp_C_mean,2,-7.0662673950195085
gep15,00,2026-01-28,2026-01-30,gcrew,noaa_gefs,15,Pressure_Pa,2,102186.884765625
gep15,00,2026-01-28,2026-01-30,gcrew,noaa_gefs,15,RH_percent_mean,2,85.883331298828125
gep15,00,2026-01-28,2026-01-30,gcrew,noaa_gefs,15,Rain_mm_sum,2,3.400000035762787
gep15,00,2026-01-28,2026-01-30,gcrew,noaa_gefs,15,ShortwaveRadiation_Wm2,2,91
gep15,00,2026-01-28,2026-01-30,gcrew,noaa_gefs,15,WindSpeed_ms_mean,2,4.310190691157695
gep15,00,2026-01-28,2026-01-31,gcrew,noaa_gefs,15,AirTemp_C_mean,3,-8.19930496215818
gep15,00,2026-01-28,2026-01-31,gcrew,noaa_gefs,15,Pressure_Pa,3,101301.654296875
gep15,00,2026-01-28,2026-01-31,gcrew,noaa_gefs,15,RH_percent_mean,3,95.59107112884521
gep15,00,2026-01-28,2026-01-31,gcrew,noaa_gefs,15,Rain_mm_sum,3,24.890000462532043
gep15,00,2026-01-28,2026-01-31,gcrew,noaa_gefs,15,ShortwaveRadiation_Wm2,3,47
gep15,00,2026-01-28,2026-01-31,gcrew,noaa_gefs,15,WindSpeed_ms_mean,3,10.447140277612919
gep15,00,2026-01-28,2026-02-01,gcrew,noaa_gefs,15,AirTemp_C_mean,4,-5.557821655273415
gep15,00,2026-01-28,2026-02-01,gcrew,noaa_gefs,15,Pressure_Pa,4,99940.41015625
gep15,00,2026-01-28,2026-02-01,gcrew,noaa_gefs,15,RH_percent_mean,4,94.5508918762207
gep15,00,2026-01-28,2026-02-01,gcrew,noaa_gefs,15,Rain_mm_sum,4,22.200000166893005
gep15,00,2026-01-28,2026-02-01,gcrew,noaa_gefs,15,ShortwaveRadiation_Wm2,4,59.5
gep15,00,2026-01-28,2026-02-01,gcrew,noaa_gefs,15,WindSpeed_ms_mean,4,13.510369912418103
gep15,00,2026-01-28,2026-02-02,gcrew,noaa_gefs,15,AirTemp_C_mean,5,-5.524973297119118
gep15,00,2026-01-28,2026-02-02,gcrew,noaa_gefs,15,Pressure_Pa,5,101653.6318359375
gep15,00,2026-01-28,2026-02-02,gcrew,noaa_gefs,15,RH_percent_mean,5,80.55075645446777
gep15,00,2026-01-28,2026-02-02,gcrew,noaa_gefs,15,Rain_mm_sum,5,1.399999976158142
gep15,00,2026-01-28,2026-02-02,gcrew,noaa_gefs,15,ShortwaveRadiation_Wm2,5,151.5
gep15,00,2026-01-28,2026-02-02,gcrew,noaa_gefs,15,WindSpeed_ms_mean,5,8.067561597422333
gep15,00,2026-01-28,2026-02-03,gcrew,noaa_gefs,15,AirTemp_C_mean,6,-5.25441970825193
gep15,00,2026-01-28,2026-02-03,gcrew,noaa_gefs,15,Pressure_Pa,6,102473.724609375
gep15,00,2026-01-28,2026-02-03,gcrew,noaa_gefs,15,RH_percent_mean,6,78.25176620483398
gep15,00,2026-01-28,2026-02-03,gcrew,noaa_gefs,15,Rain_mm_sum,6,0
gep15,00,2026-01-28,2026-02-03,gcrew,noaa_gefs,15,ShortwaveRadiation_Wm2,6,163.375
gep15,00,2026-01-28,2026-02-03,gcrew,noaa_gefs,15,WindSpeed_ms_mean,6,3.967009672131133
gep15,00,2026-01-28,2026-02-04,gcrew,noaa_gefs,15,AirTemp_C_mean,7,-1.8118385314941179
gep15,00,2026-01-28,2026-02-04,gcrew,noaa_gefs,15,Pressure_Pa,7,102940.9130859375
gep15,00,2026-01-28,2026-02-04,gcrew,noaa_gefs,15,RH_percent_mean,7,83.65248394012451
gep15,00,2026-01-28,2026-02-04,gcrew,noaa_gefs,15,Rain_mm_sum,7,0.009999999776482582
gep15,00,2026-01-28,2026-02-04,gcrew,noaa_gefs,15,ShortwaveRadiation_Wm2,7,109.5
gep15,00,2026-01-28,2026-02-04,gcrew,noaa_gefs,15,WindSpeed_ms_mean,7,2.1674175981691817
gep15,00,2026-01-28,2026-02-05,gcrew,noaa_gefs,15,AirTemp_C_mean,8,1.069429016113304
gep15,00,2026-01-28,2026-02-05,gcrew,noaa_gefs,15,Pressure_Pa,8,101906.8251953125
gep15,00,2026-01-28,2026-02-05,gcrew,noaa_gefs,15,RH_percent_mean,8,94.48931217193604
gep15,00,2026-01-28,2026-02-05,gcrew,noaa_gefs,15,Rain_mm_sum,8,0.20000000298023224
gep15,00,2026-01-28,2026-02-05,gcrew,noaa_gefs,15,ShortwaveRadiation_Wm2,8,76.875
gep15,00,2026-01-28,2026-02-05,gcrew,noaa_gefs,15,WindSpeed_ms_mean,8,3.684263806468948
gep15,00,2026-01-28,2026-02-06,gcrew,noaa_gefs,15,AirTemp_C_mean,9,2.753424944196451
gep15,00,2026-01-28,2026-02-06,gcrew,noaa_gefs,15,Pressure_Pa,9,100416.97879464286
gep15,00,2026-01-28,2026-02-06,gcrew,noaa_gefs,15,RH_percent_mean,9,86.28384617396763
gep15,00,2026-01-28,2026-02-06,gcrew,noaa_gefs,15,Rain_mm_sum,9,0.9999999925494194
gep15,00,2026-01-28,2026-02-06,gcrew,noaa_gefs,15,ShortwaveRadiation_Wm2,9,160
gep15,00,2026-01-28,2026-02-06,gcrew,noaa_gefs,15,WindSpeed_ms_mean,9,7.2776915238674205
gep15,00,2026-01-28,2026-02-07,gcrew,noaa_gefs,15,AirTemp_C_mean,10,-5.779425048828102
gep15,00,2026-01-28,2026-02-07,gcrew,noaa_gefs,15,Pressure_Pa,10,101461.65625
gep15,00,2026-01-28,2026-02-07,gcrew,noaa_gefs,15,RH_percent_mean,10,72.17018508911133
gep15,00,2026-01-28,2026-02-07,gcrew,noaa_gefs,15,Rain_mm_sum,10,0
gep15,00,2026-01-28,2026-02-07,gcrew,noaa_gefs,15,ShortwaveRadiation_Wm2,10,149.5
gep15,00,2026-01-28,2026-02-07,gcrew,noaa_gefs,15,WindSpeed_ms_mean,10,4.217680666860886
gep15,00,2026-01-28,2026-02-08,gcrew,noaa_gefs,15,AirTemp_C_mean,11,-7.681547546386696
gep15,00,2026-01-28,2026-02-08,gcrew,noaa_gefs,15,Pressure_Pa,11,102029.173828125
gep15,00,2026-01-28,2026-02-08,gcrew,noaa_gefs,15,RH_percent_mean,11,68.76657009124756
gep15,00,2026-01-28,2026-02-08,gcrew,noaa_gefs,15,Rain_mm_sum,11,0
gep15,00,2026-01-28,2026-02-08,gcrew,noaa_gefs,15,ShortwaveRadiation_Wm2,11,174.25
gep15,00,2026-01-28,2026-02-08,gcrew,noaa_gefs,15,WindSpeed_ms_mean,11,7.886064993607651
gep15,00,2026-01-28,2026-02-09,gcrew,noaa_gefs,15,AirTemp_C_mean,12,-4.058538818359352
gep15,00,2026-01-28,2026-02-09,gcrew,noaa_gefs,15,Pressure_Pa,12,101952.376953125
gep15,00,2026-01-28,2026-02-09,gcrew,noaa_gefs,15,RH_percent_mean,12,68.18047332763672
gep15,00,2026-01-28,2026-02-09,gcrew,noaa_gefs,15,Rain_mm_sum,12,0
gep15,00,2026-01-28,2026-02-09,gcrew,noaa_gefs,15,ShortwaveRadiation_Wm2,12,164.25
gep15,00,2026-01-28,2026-02-09,gcrew,noaa_gefs,15,WindSpeed_ms_mean,12,7.975086568269404
gep15,00,2026-01-28,2026-02-10,gcrew,noaa_gefs,15,AirTemp_C_mean,13,-3.093626403808571
gep15,00,2026-01-28,2026-02-10,gcrew,noaa_gefs,15,Pressure_Pa,13,101960.732421875
gep15,00,2026-01-28,2026-02-10,gcrew,noaa_gefs,15,RH_percent_mean,13,68.68310356140137
gep15,00,2026-01-28,2026-02-10,gcrew,noaa_gefs,15,Rain_mm_sum,13,0
gep15,00,2026-01-28,2026-02-10,gcrew,noaa_gefs,15,ShortwaveRadiation_Wm2,13,134.75
gep15,00,2026-01-28,2026-02-10,gcrew,noaa_gefs,15,WindSpeed_ms_mean,13,5.259966799674645
gep15,00,2026-01-28,2026-02-11,gcrew,noaa_gefs,15,AirTemp_C_mean,14,-4.653044128417946
gep15,00,2026-01-28,2026-02-11,gcrew,noaa_gefs,15,Pressure_Pa,14,101637.04296875
gep15,00,2026-01-28,2026-02-11,gcrew,noaa_gefs,15,RH_percent_mean,14,69.65564918518066
gep15,00,2026-01-28,2026-02-11,gcrew,noaa_gefs,15,Rain_mm_sum,14,0
gep15,00,2026-01-28,2026-02-11,gcrew,noaa_gefs,15,ShortwaveRadiation_Wm2,14,179.5
gep15,00,2026-01-28,2026-02-11,gcrew,noaa_gefs,15,WindSpeed_ms_mean,14,8.026119124547929
gep15,00,2026-01-28,2026-02-12,gcrew,noaa_gefs,15,AirTemp_C_mean,15,-3.519529724121071
gep15,00,2026-01-28,2026-02-12,gcrew,noaa_gefs,15,Pressure_Pa,15,101760.71875
gep15,00,2026-01-28,2026-02-12,gcrew,noaa_gefs,15,RH_percent_mean,15,71.13922119140625
gep15,00,2026-01-28,2026-02-12,gcrew,noaa_gefs,15,Rain_mm_sum,15,0
gep15,00,2026-01-28,2026-02-12,gcrew,noaa_gefs,15,ShortwaveRadiation_Wm2,15,178.25
gep15,00,2026-01-28,2026-02-12,gcrew,noaa_gefs,15,WindSpeed_ms_mean,15,7.753901032955588
gep15,00,2026-01-28,2026-02-13,gcrew,noaa_gefs,15,AirTemp_C_mean,16,-2.7990249633788835
gep15,00,2026-01-28,2026-02-13,gcrew,noaa_gefs,15,Pressure_Pa,16,101736.001953125
gep15,00,2026-01-28,2026-02-13,gcrew,noaa_gefs,15,RH_percent_mean,16,63.89894676208496
gep15,00,2026-01-28,2026-02-13,gcrew,noaa_gefs,15,Rain_mm_sum,16,0
gep15,00,2026-01-28,2026-02-13,gcrew,noaa_gefs,15,ShortwaveRadiation_Wm2,16,143.25
gep15,00,2026-01-28,2026-02-13,gcrew,noaa_gefs,15,WindSpeed_ms_mean,16,6.434746689935362
gep15,00,2026-01-28,2026-02-14,gcrew,noaa_gefs,15,AirTemp_C_mean,17,-2.5064834594726335
gep15,00,2026-01-28,2026-02-14,gcrew,noaa_gefs,15,Pressure_Pa,17,101387.0625
gep15,00,2026-01-28,2026-02-14,gcrew,noaa_gefs,15,RH_percent_mean,17,63.91810321807861
gep15,00,2026-01-28,2026-02-14,gcrew,noaa_gefs,15,Rain_mm_sum,17,0
gep15,00,2026-01-28,2026-02-14,gcrew,noaa_gefs,15,ShortwaveRadiation_Wm2,17,174
gep15,00,2026-01-28,2026-02-14,gcrew,noaa_gefs,15,WindSpeed_ms_mean,17,4.505267943240719
gep15,00,2026-01-28,2026-02-15,gcrew,noaa_gefs,15,AirTemp_C_mean,18,-1.092008972167946
gep15,00,2026-01-28,2026-02-15,gcrew,noaa_gefs,15,Pressure_Pa,18,101645.232421875
gep15,00,2026-01-28,2026-02-15,gcrew,noaa_gefs,15,RH_percent_mean,18,69.99055099487305
gep15,00,2026-01-28,2026-02-15,gcrew,noaa_gefs,15,Rain_mm_sum,18,0
gep15,00,2026-01-28,2026-02-15,gcrew,noaa_gefs,15,ShortwaveRadiation_Wm2,18,159.5
gep15,00,2026-01-28,2026-02-15,gcrew,noaa_gefs,15,WindSpeed_ms_mean,18,3.138143268840961
gep15,00,2026-01-28,2026-02-16,gcrew,noaa_gefs,15,AirTemp_C_mean,19,1.369630432128929
gep15,00,2026-01-28,2026-02-16,gcrew,noaa_gefs,15,Pressure_Pa,19,101803.056640625
gep15,00,2026-01-28,2026-02-16,gcrew,noaa_gefs,15,RH_percent_mean,19,79.61123466491699
gep15,00,2026-01-28,2026-02-16,gcrew,noaa_gefs,15,Rain_mm_sum,19,0.20000000298023224
gep15,00,2026-01-28,2026-02-16,gcrew,noaa_gefs,15,ShortwaveRadiation_Wm2,19,87.75
gep15,00,2026-01-28,2026-02-16,gcrew,noaa_gefs,15,WindSpeed_ms_mean,19,3.3481034252777753
gep15,00,2026-01-28,2026-02-17,gcrew,noaa_gefs,15,AirTemp_C_mean,20,0.7386337280273665
gep15,00,2026-01-28,2026-02-17,gcrew,noaa_gefs,15,Pressure_Pa,20,101786.171875
gep15,00,2026-01-28,2026-02-17,gcrew,noaa_gefs,15,RH_percent_mean,20,84.81830406188965
gep15,00,2026-01-28,2026-02-17,gcrew,noaa_gefs,15,Rain_mm_sum,20,7.099999904632568
gep15,00,2026-01-28,2026-02-17,gcrew,noaa_gefs,15,ShortwaveRadiation_Wm2,20,22.25
gep15,00,2026-01-28,2026-02-17,gcrew,noaa_gefs,15,WindSpeed_ms_mean,20,4.584310341175985
gep15,00,2026-01-28,2026-02-18,gcrew,noaa_gefs,15,AirTemp_C_mean,21,4.854364013671898
gep15,00,2026-01-28,2026-02-18,gcrew,noaa_gefs,15,Pressure_Pa,21,100528.912109375
gep15,00,2026-01-28,2026-02-18,gcrew,noaa_gefs,15,RH_percent_mean,21,98.09432792663574
gep15,00,2026-01-28,2026-02-18,gcrew,noaa_gefs,15,Rain_mm_sum,21,9.100000143051147
gep15,00,2026-01-28,2026-02-18,gcrew,noaa_gefs,15,ShortwaveRadiation_Wm2,21,34
gep15,00,2026-01-28,2026-02-18,gcrew,noaa_gefs,15,WindSpeed_ms_mean,21,2.3743466397881434
gep15,00,2026-01-28,2026-02-19,gcrew,noaa_gefs,15,AirTemp_C_mean,22,2.8552337646484602
gep15,00,2026-01-28,2026-02-19,gcrew,noaa_gefs,15,Pressure_Pa,22,100285.193359375
gep15,00,2026-01-28,2026-02-19,gcrew,noaa_gefs,15,RH_percent_mean,22,85.17862129211426
gep15,00,2026-01-28,2026-02-19,gcrew,noaa_gefs,15,Rain_mm_sum,22,0.30000001192092896
gep15,00,2026-01-28,2026-02-19,gcrew,noaa_gefs,15,ShortwaveRadiation_Wm2,22,69.75
gep15,00,2026-01-28,2026-02-19,gcrew,noaa_gefs,15,WindSpeed_ms_mean,22,4.774511407394309
gep15,00,2026-01-28,2026-02-20,gcrew,noaa_gefs,15,AirTemp_C_mean,23,-9.267301940917946
gep15,00,2026-01-28,2026-02-20,gcrew,noaa_gefs,15,Pressure_Pa,23,101475.0859375
gep15,00,2026-01-28,2026-02-20,gcrew,noaa_gefs,15,RH_percent_mean,23,50.81293869018555
gep15,00,2026-01-28,2026-02-20,gcrew,noaa_gefs,15,Rain_mm_sum,23,0
gep15,00,2026-01-28,2026-02-20,gcrew,noaa_gefs,15,ShortwaveRadiation_Wm2,23,183
gep15,00,2026-01-28,2026-02-20,gcrew,noaa_gefs,15,WindSpeed_ms_mean,23,10.622410091968261
gep15,00,2026-01-28,2026-02-21,gcrew,noaa_gefs,15,AirTemp_C_mean,24,-10.929685974121071
gep15,00,2026-01-28,2026-02-21,gcrew,noaa_gefs,15,Pressure_Pa,24,102074.087890625
gep15,00,2026-01-28,2026-02-21,gcrew,noaa_gefs,15,RH_percent_mean,24,47.823272705078125
gep15,00,2026-01-28,2026-02-21,gcrew,noaa_gefs,15,Rain_mm_sum,24,0
gep15,00,2026-01-28,2026-02-21,gcrew,noaa_gefs,15,ShortwaveRadiation_Wm2,24,187
gep15,00,2026-01-28,2026-02-21,gcrew,noaa_gefs,15,WindSpeed_ms_mean,24,6.5561279655405835
gep15,00,2026-01-28,2026-02-22,gcrew,noaa_gefs,15,AirTemp_C_mean,25,-7.766607666015602
gep15,00,2026-01-28,2026-02-22,gcrew,noaa_gefs,15,Pressure_Pa,25,102546.142578125
gep15,00,2026-01-28,2026-02-22,gcrew,noaa_gefs,15,RH_percent_mean,25,56.11021900177002
gep15,00,2026-01-28,2026-02-22,gcrew,noaa_gefs,15,Rain_mm_sum,25,0
gep15,00,2026-01-28,2026-02-22,gcrew,noaa_gefs,15,ShortwaveRadiation_Wm2,25,200.25
gep15,00,2026-01-28,2026-02-22,gcrew,noaa_gefs,15,WindSpeed_ms_mean,25,7.731225422210707
gep15,00,2026-01-28,2026-02-23,gcrew,noaa_gefs,15,AirTemp_C_mean,26,-2.8251098632812273
gep15,00,2026-01-28,2026-02-23,gcrew,noaa_gefs,15,Pressure_Pa,26,102910.716796875
gep15,00,2026-01-28,2026-02-23,gcrew,noaa_gefs,15,RH_percent_mean,26,53.88744640350342
gep15,00,2026-01-28,2026-02-23,gcrew,noaa_gefs,15,Rain_mm_sum,26,0
gep15,00,2026-01-28,2026-02-23,gcrew,noaa_gefs,15,ShortwaveRadiation_Wm2,26,202.5
gep15,00,2026-01-28,2026-02-23,gcrew,noaa_gefs,15,WindSpeed_ms_mean,26,4.84067752247645
gep15,00,2026-01-28,2026-02-24,gcrew,noaa_gefs,15,AirTemp_C_mean,27,1.597322082519554
gep15,00,2026-01-28,2026-02-24,gcrew,noaa_gefs,15,Pressure_Pa,27,102109.3046875
gep15,00,2026-01-28,2026-02-24,gcrew,noaa_gefs,15,RH_percent_mean,27,62.64256954193115
gep15,00,2026-01-28,2026-02-24,gcrew,noaa_gefs,15,Rain_mm_sum,27,0
gep15,00,2026-01-28,2026-02-24,gcrew,noaa_gefs,15,ShortwaveRadiation_Wm2,27,116.5
gep15,00,2026-01-28,2026-02-24,gcrew,noaa_gefs,15,WindSpeed_ms_mean,27,5.3985288138153145
gep15,00,2026-01-28,2026-02-25,gcrew,noaa_gefs,15,AirTemp_C_mean,28,3.3727813720703352
gep15,00,2026-01-28,2026-02-25,gcrew,noaa_gefs,15,Pressure_Pa,28,101713.029296875
gep15,00,2026-01-28,2026-02-25,gcrew,noaa_gefs,15,RH_percent_mean,28,82.43609428405762
gep15,00,2026-01-28,2026-02-25,gcrew,noaa_gefs,15,Rain_mm_sum,28,0
gep15,00,2026-01-28,2026-02-25,gcrew,noaa_gefs,15,ShortwaveRadiation_Wm2,28,183.25
gep15,00,2026-01-28,2026-02-25,gcrew,noaa_gefs,15,WindSpeed_ms_mean,28,2.7927366152488466
gep15,00,2026-01-28,2026-02-26,gcrew,noaa_gefs,15,AirTemp_C_mean,29,4.269799804687523
gep15,00,2026-01-28,2026-02-26,gcrew,noaa_gefs,15,Pressure_Pa,29,101386.140625
gep15,00,2026-01-28,2026-02-26,gcrew,noaa_gefs,15,RH_percent_mean,29,76.72475337982178
gep15,00,2026-01-28,2026-02-26,gcrew,noaa_gefs,15,Rain_mm_sum,29,0.6100000143051147
gep15,00,2026-01-28,2026-02-26,gcrew,noaa_gefs,15,ShortwaveRadiation_Wm2,29,157.75
gep15,00,2026-01-28,2026-02-26,gcrew,noaa_gefs,15,WindSpeed_ms_mean,29,5.374720606390739
gep15,00,2026-01-28,2026-02-27,gcrew,noaa_gefs,15,AirTemp_C_mean,30,-2.2006057739257585
gep15,00,2026-01-28,2026-02-27,gcrew,noaa_gefs,15,Pressure_Pa,30,102063.791015625
gep15,00,2026-01-28,2026-02-27,gcrew,noaa_gefs,15,RH_percent_mean,30,60.6358585357666
gep15,00,2026-01-28,2026-02-27,gcrew,noaa_gefs,15,Rain_mm_sum,30,0
gep15,00,2026-01-28,2026-02-27,gcrew,noaa_gefs,15,ShortwaveRadiation_Wm2,30,208.75
gep15,00,2026-01-28,2026-02-27,gcrew,noaa_gefs,15,WindSpeed_ms_mean,30,4.223661637522698
gep15,00,2026-01-28,2026-02-28,gcrew,noaa_gefs,15,AirTemp_C_mean,31,2.8180099487304915
gep15,00,2026-01-28,2026-02-28,gcrew,noaa_gefs,15,Pressure_Pa,31,102096.6484375
gep15,00,2026-01-28,2026-02-28,gcrew,noaa_gefs,15,RH_percent_mean,31,73.37237644195557
gep15,00,2026-01-28,2026-02-28,gcrew,noaa_gefs,15,Rain_mm_sum,31,0
gep15,00,2026-01-28,2026-02-28,gcrew,noaa_gefs,15,ShortwaveRadiation_Wm2,31,182.75
gep15,00,2026-01-28,2026-02-28,gcrew,noaa_gefs,15,WindSpeed_ms_mean,31,2.7731910157020536
gep15,00,2026-01-28,2026-03-01,gcrew,noaa_gefs,15,AirTemp_C_mean,32,10.715417480468773
gep15,00,2026-01-28,2026-03-01,gcrew,noaa_gefs,15,Pressure_Pa,32,101821.703125
gep15,00,2026-01-28,2026-03-01,gcrew,noaa_gefs,15,RH_percent_mean,32,78.44407558441162
gep15,00,2026-01-28,2026-03-01,gcrew,noaa_gefs,15,Rain_mm_sum,32,0.10000000149011612
gep15,00,2026-01-28,2026-03-01,gcrew,noaa_gefs,15,ShortwaveRadiation_Wm2,32,188
gep15,00,2026-01-28,2026-03-01,gcrew,noaa_gefs,15,WindSpeed_ms_mean,32,4.440940868795268
gep15,00,2026-01-28,2026-03-02,gcrew,noaa_gefs,15,AirTemp_C_mean,33,8.776765441894554
gep15,00,2026-01-28,2026-03-02,gcrew,noaa_gefs,15,Pressure_Pa,33,102014.58203125
gep15,00,2026-01-28,2026-03-02,gcrew,noaa_gefs,15,RH_percent_mean,33,87.70235443115234
gep15,00,2026-01-28,2026-03-02,gcrew,noaa_gefs,15,Rain_mm_sum,33,1.2000000476837158
gep15,00,2026-01-28,2026-03-02,gcrew,noaa_gefs,15,ShortwaveRadiation_Wm2,33,148.25
gep15,00,2026-01-28,2026-03-02,gcrew,noaa_gefs,15,WindSpeed_ms_mean,33,4.63763027527913
gep15,00,2026-01-28,2026-03-03,gcrew,noaa_gefs,15,AirTemp_C_mean,34,11.128327941894554
gep15,00,2026-01-28,2026-03-03,gcrew,noaa_gefs,15,Pressure_Pa,34,100700.955078125
gep15,00,2026-01-28,2026-03-03,gcrew,noaa_gefs,15,RH_percent_mean,34,81.373138427734375
gep15,00,2026-01-28,2026-03-03,gcrew,noaa_gefs,15,Rain_mm_sum,34,39.5
gep15,00,2026-01-28,2026-03-03,gcrew,noaa_gefs,15,ShortwaveRadiation_Wm2,34,137
gep15,00,2026-01-28,2026-03-03,gcrew,noaa_gefs,15,WindSpeed_ms_mean,34,6.95522383090104
gep16,00,2026-01-28,2026-01-29,gcrew,noaa_gefs,16,AirTemp_C_mean,1,-7.280580902099587
gep16,00,2026-01-28,2026-01-29,gcrew,noaa_gefs,16,Pressure_Pa,1,102287.724609375
gep16,00,2026-01-28,2026-01-29,gcrew,noaa_gefs,16,RH_percent_mean,1,76.07372665405273
gep16,00,2026-01-28,2026-01-29,gcrew,noaa_gefs,16,Rain_mm_sum,1,0.10000000149011612
gep16,00,2026-01-28,2026-01-29,gcrew,noaa_gefs,16,ShortwaveRadiation_Wm2,1,150.125
gep16,00,2026-01-28,2026-01-29,gcrew,noaa_gefs,16,WindSpeed_ms_mean,1,5.488174929013097
gep16,00,2026-01-28,2026-01-30,gcrew,noaa_gefs,16,AirTemp_C_mean,2,-7.0662673950195085
gep16,00,2026-01-28,2026-01-30,gcrew,noaa_gefs,16,Pressure_Pa,2,102186.884765625
gep16,00,2026-01-28,2026-01-30,gcrew,noaa_gefs,16,RH_percent_mean,2,85.883331298828125
gep16,00,2026-01-28,2026-01-30,gcrew,noaa_gefs,16,Rain_mm_sum,2,3.400000035762787
gep16,00,2026-01-28,2026-01-30,gcrew,noaa_gefs,16,ShortwaveRadiation_Wm2,2,91
gep16,00,2026-01-28,2026-01-30,gcrew,noaa_gefs,16,WindSpeed_ms_mean,2,4.310190691157695
gep16,00,2026-01-28,2026-01-31,gcrew,noaa_gefs,16,AirTemp_C_mean,3,-8.19930496215818
gep16,00,2026-01-28,2026-01-31,gcrew,noaa_gefs,16,Pressure_Pa,3,101301.654296875
gep16,00,2026-01-28,2026-01-31,gcrew,noaa_gefs,16,RH_percent_mean,3,95.59107112884521
gep16,00,2026-01-28,2026-01-31,gcrew,noaa_gefs,16,Rain_mm_sum,3,24.890000462532043
gep16,00,2026-01-28,2026-01-31,gcrew,noaa_gefs,16,ShortwaveRadiation_Wm2,3,47
gep16,00,2026-01-28,2026-01-31,gcrew,noaa_gefs,16,WindSpeed_ms_mean,3,10.447140277612919
gep16,00,2026-01-28,2026-02-01,gcrew,noaa_gefs,16,AirTemp_C_mean,4,-5.557821655273415
gep16,00,2026-01-28,2026-02-01,gcrew,noaa_gefs,16,Pressure_Pa,4,99940.41015625
gep16,00,2026-01-28,2026-02-01,gcrew,noaa_gefs,16,RH_percent_mean,4,94.5508918762207
gep16,00,2026-01-28,2026-02-01,gcrew,noaa_gefs,16,Rain_mm_sum,4,22.200000166893005
gep16,00,2026-01-28,2026-02-01,gcrew,noaa_gefs,16,ShortwaveRadiation_Wm2,4,59.5
gep16,00,2026-01-28,2026-02-01,gcrew,noaa_gefs,16,WindSpeed_ms_mean,4,13.510369912418103
gep16,00,2026-01-28,2026-02-02,gcrew,noaa_gefs,16,AirTemp_C_mean,5,-5.524973297119118
gep16,00,2026-01-28,2026-02-02,gcrew,noaa_gefs,16,Pressure_Pa,5,101653.6318359375
gep16,00,2026-01-28,2026-02-02,gcrew,noaa_gefs,16,RH_percent_mean,5,80.55075645446777
gep16,00,2026-01-28,2026-02-02,gcrew,noaa_gefs,16,Rain_mm_sum,5,1.399999976158142
gep16,00,2026-01-28,2026-02-02,gcrew,noaa_gefs,16,ShortwaveRadiation_Wm2,5,151.5
gep16,00,2026-01-28,2026-02-02,gcrew,noaa_gefs,16,WindSpeed_ms_mean,5,8.067561597422333
gep16,00,2026-01-28,2026-02-03,gcrew,noaa_gefs,16,AirTemp_C_mean,6,-5.25441970825193
gep16,00,2026-01-28,2026-02-03,gcrew,noaa_gefs,16,Pressure_Pa,6,102473.724609375
gep16,00,2026-01-28,2026-02-03,gcrew,noaa_gefs,16,RH_percent_mean,6,78.25176620483398
gep16,00,2026-01-28,2026-02-03,gcrew,noaa_gefs,16,Rain_mm_sum,6,0
gep16,00,2026-01-28,2026-02-03,gcrew,noaa_gefs,16,ShortwaveRadiation_Wm2,6,163.375
gep16,00,2026-01-28,2026-02-03,gcrew,noaa_gefs,16,WindSpeed_ms_mean,6,3.967009672131133
gep16,00,2026-01-28,2026-02-04,gcrew,noaa_gefs,16,AirTemp_C_mean,7,-1.8118385314941179
gep16,00,2026-01-28,2026-02-04,gcrew,noaa_gefs,16,Pressure_Pa,7,102940.9130859375
gep16,00,2026-01-28,2026-02-04,gcrew,noaa_gefs,16,RH_percent_mean,7,83.65248394012451
gep16,00,2026-01-28,2026-02-04,gcrew,noaa_gefs,16,Rain_mm_sum,7,0.009999999776482582
gep16,00,2026-01-28,2026-02-04,gcrew,noaa_gefs,16,ShortwaveRadiation_Wm2,7,109.5
gep16,00,2026-01-28,2026-02-04,gcrew,noaa_gefs,16,WindSpeed_ms_mean,7,2.1674175981691817
gep16,00,2026-01-28,2026-02-05,gcrew,noaa_gefs,16,AirTemp_C_mean,8,1.069429016113304
gep16,00,2026-01-28,2026-02-05,gcrew,noaa_gefs,16,Pressure_Pa,8,101906.8251953125
gep16,00,2026-01-28,2026-02-05,gcrew,noaa_gefs,16,RH_percent_mean,8,94.48931217193604
gep16,00,2026-01-28,2026-02-05,gcrew,noaa_gefs,16,Rain_mm_sum,8,0.20000000298023224
gep16,00,2026-01-28,2026-02-05,gcrew,noaa_gefs,16,ShortwaveRadiation_Wm2,8,76.875
gep16,00,2026-01-28,2026-02-05,gcrew,noaa_gefs,16,WindSpeed_ms_mean,8,3.684263806468948
gep16,00,2026-01-28,2026-02-06,gcrew,noaa_gefs,16,AirTemp_C_mean,9,2.753424944196451
gep16,00,2026-01-28,2026-02-06,gcrew,noaa_gefs,16,Pressure_Pa,9,100416.97879464286
gep16,00,2026-01-28,2026-02-06,gcrew,noaa_gefs,16,RH_percent_mean,9,86.28384617396763
gep16,00,2026-01-28,2026-02-06,gcrew,noaa_gefs,16,Rain_mm_sum,9,0.9999999925494194
gep16,00,2026-01-28,2026-02-06,gcrew,noaa_gefs,16,ShortwaveRadiation_Wm2,9,160
gep16,00,2026-01-28,2026-02-06,gcrew,noaa_gefs,16,WindSpeed_ms_mean,9,7.2776915238674205
gep16,00,2026-01-28,2026-02-07,gcrew,noaa_gefs,16,AirTemp_C_mean,10,-5.779425048828102
gep16,00,2026-01-28,2026-02-07,gcrew,noaa_gefs,16,Pressure_Pa,10,101461.65625
gep16,00,2026-01-28,2026-02-07,gcrew,noaa_gefs,16,RH_percent_mean,10,72.17018508911133
gep16,00,2026-01-28,2026-02-07,gcrew,noaa_gefs,16,Rain_mm_sum,10,0
gep16,00,2026-01-28,2026-02-07,gcrew,noaa_gefs,16,ShortwaveRadiation_Wm2,10,149.5
gep16,00,2026-01-28,2026-02-07,gcrew,noaa_gefs,16,WindSpeed_ms_mean,10,4.217680666860886
gep16,00,2026-01-28,2026-02-08,gcrew,noaa_gefs,16,AirTemp_C_mean,11,-7.681547546386696
gep16,00,2026-01-28,2026-02-08,gcrew,noaa_gefs,16,Pressure_Pa,11,102029.173828125
gep16,00,2026-01-28,2026-02-08,gcrew,noaa_gefs,16,RH_percent_mean,11,68.76657009124756
gep16,00,2026-01-28,2026-02-08,gcrew,noaa_gefs,16,Rain_mm_sum,11,0
gep16,00,2026-01-28,2026-02-08,gcrew,noaa_gefs,16,ShortwaveRadiation_Wm2,11,174.25
gep16,00,2026-01-28,2026-02-08,gcrew,noaa_gefs,16,WindSpeed_ms_mean,11,7.886064993607651
gep16,00,2026-01-28,2026-02-09,gcrew,noaa_gefs,16,AirTemp_C_mean,12,-4.058538818359352
gep16,00,2026-01-28,2026-02-09,gcrew,noaa_gefs,16,Pressure_Pa,12,101952.376953125
gep16,00,2026-01-28,2026-02-09,gcrew,noaa_gefs,16,RH_percent_mean,12,68.18047332763672
gep16,00,2026-01-28,2026-02-09,gcrew,noaa_gefs,16,Rain_mm_sum,12,0
gep16,00,2026-01-28,2026-02-09,gcrew,noaa_gefs,16,ShortwaveRadiation_Wm2,12,164.25
gep16,00,2026-01-28,2026-02-09,gcrew,noaa_gefs,16,WindSpeed_ms_mean,12,7.975086568269404
gep16,00,2026-01-28,2026-02-10,gcrew,noaa_gefs,16,AirTemp_C_mean,13,-3.093626403808571
gep16,00,2026-01-28,2026-02-10,gcrew,noaa_gefs,16,Pressure_Pa,13,101960.732421875
gep16,00,2026-01-28,2026-02-10,gcrew,noaa_gefs,16,RH_percent_mean,13,68.68310356140137
gep16,00,2026-01-28,2026-02-10,gcrew,noaa_gefs,16,Rain_mm_sum,13,0
gep16,00,2026-01-28,2026-02-10,gcrew,noaa_gefs,16,ShortwaveRadiation_Wm2,13,134.75
gep16,00,2026-01-28,2026-02-10,gcrew,noaa_gefs,16,WindSpeed_ms_mean,13,5.259966799674645
gep16,00,2026-01-28,2026-02-11,gcrew,noaa_gefs,16,AirTemp_C_mean,14,-4.653044128417946
gep16,00,2026-01-28,2026-02-11,gcrew,noaa_gefs,16,Pressure_Pa,14,101637.04296875
gep16,00,2026-01-28,2026-02-11,gcrew,noaa_gefs,16,RH_percent_mean,14,69.65564918518066
gep16,00,2026-01-28,2026-02-11,gcrew,noaa_gefs,16,Rain_mm_sum,14,0
gep16,00,2026-01-28,2026-02-11,gcrew,noaa_gefs,16,ShortwaveRadiation_Wm2,14,179.5
gep16,00,2026-01-28,2026-02-11,gcrew,noaa_gefs,16,WindSpeed_ms_mean,14,8.026119124547929
gep16,00,2026-01-28,2026-02-12,gcrew,noaa_gefs,16,AirTemp_C_mean,15,-3.519529724121071
gep16,00,2026-01-28,2026-02-12,gcrew,noaa_gefs,16,Pressure_Pa,15,101760.71875
gep16,00,2026-01-28,2026-02-12,gcrew,noaa_gefs,16,RH_percent_mean,15,71.13922119140625
gep16,00,2026-01-28,2026-02-12,gcrew,noaa_gefs,16,Rain_mm_sum,15,0
gep16,00,2026-01-28,2026-02-12,gcrew,noaa_gefs,16,ShortwaveRadiation_Wm2,15,178.25
gep16,00,2026-01-28,2026-02-12,gcrew,noaa_gefs,16,WindSpeed_ms_mean,15,7.753901032955588
gep16,00,2026-01-28,2026-02-13,gcrew,noaa_gefs,16,AirTemp_C_mean,16,-2.7990249633788835
gep16,00,2026-01-28,2026-02-13,gcrew,noaa_gefs,16,Pressure_Pa,16,101736.001953125
gep16,00,2026-01-28,2026-02-13,gcrew,noaa_gefs,16,RH_percent_mean,16,63.89894676208496
gep16,00,2026-01-28,2026-02-13,gcrew,noaa_gefs,16,Rain_mm_sum,16,0
gep16,00,2026-01-28,2026-02-13,gcrew,noaa_gefs,16,ShortwaveRadiation_Wm2,16,143.25
gep16,00,2026-01-28,2026-02-13,gcrew,noaa_gefs,16,WindSpeed_ms_mean,16,6.434746689935362
gep16,00,2026-01-28,2026-02-14,gcrew,noaa_gefs,16,AirTemp_C_mean,17,-2.5064834594726335
gep16,00,2026-01-28,2026-02-14,gcrew,noaa_gefs,16,Pressure_Pa,17,101387.0625
gep16,00,2026-01-28,2026-02-14,gcrew,noaa_gefs,16,RH_percent_mean,17,63.91810321807861
gep16,00,2026-01-28,2026-02-14,gcrew,noaa_gefs,16,Rain_mm_sum,17,0
gep16,00,2026-01-28,2026-02-14,gcrew,noaa_gefs,16,ShortwaveRadiation_Wm2,17,174
gep16,00,2026-01-28,2026-02-14,gcrew,noaa_gefs,16,WindSpeed_ms_mean,17,4.505267943240719
gep16,00,2026-01-28,2026-02-15,gcrew,noaa_gefs,16,AirTemp_C_mean,18,-1.092008972167946
gep16,00,2026-01-28,2026-02-15,gcrew,noaa_gefs,16,Pressure_Pa,18,101645.232421875
gep16,00,2026-01-28,2026-02-15,gcrew,noaa_gefs,16,RH_percent_mean,18,69.99055099487305
gep16,00,2026-01-28,2026-02-15,gcrew,noaa_gefs,16,Rain_mm_sum,18,0
gep16,00,2026-01-28,2026-02-15,gcrew,noaa_gefs,16,ShortwaveRadiation_Wm2,18,159.5
gep16,00,2026-01-28,2026-02-15,gcrew,noaa_gefs,16,WindSpeed_ms_mean,18,3.138143268840961
gep16,00,2026-01-28,2026-02-16,gcrew,noaa_gefs,16,AirTemp_C_mean,19,1.369630432128929
gep16,00,2026-01-28,2026-02-16,gcrew,noaa_gefs,16,Pressure_Pa,19,101803.056640625
gep16,00,2026-01-28,2026-02-16,gcrew,noaa_gefs,16,RH_percent_mean,19,79.61123466491699
gep16,00,2026-01-28,2026-02-16,gcrew,noaa_gefs,16,Rain_mm_sum,19,0.20000000298023224
gep16,00,2026-01-28,2026-02-16,gcrew,noaa_gefs,16,ShortwaveRadiation_Wm2,19,87.75
gep16,00,2026-01-28,2026-02-16,gcrew,noaa_gefs,16,WindSpeed_ms_mean,19,3.3481034252777753
gep16,00,2026-01-28,2026-02-17,gcrew,noaa_gefs,16,AirTemp_C_mean,20,0.7386337280273665
gep16,00,2026-01-28,2026-02-17,gcrew,noaa_gefs,16,Pressure_Pa,20,101786.171875
gep16,00,2026-01-28,2026-02-17,gcrew,noaa_gefs,16,RH_percent_mean,20,84.81830406188965
gep16,00,2026-01-28,2026-02-17,gcrew,noaa_gefs,16,Rain_mm_sum,20,7.099999904632568
gep16,00,2026-01-28,2026-02-17,gcrew,noaa_gefs,16,ShortwaveRadiation_Wm2,20,22.25
gep16,00,2026-01-28,2026-02-17,gcrew,noaa_gefs,16,WindSpeed_ms_mean,20,4.584310341175985
gep16,00,2026-01-28,2026-02-18,gcrew,noaa_gefs,16,AirTemp_C_mean,21,4.854364013671898
gep16,00,2026-01-28,2026-02-18,gcrew,noaa_gefs,16,Pressure_Pa,21,100528.912109375
gep16,00,2026-01-28,2026-02-18,gcrew,noaa_gefs,16,RH_percent_mean,21,98.09432792663574
gep16,00,2026-01-28,2026-02-18,gcrew,noaa_gefs,16,Rain_mm_sum,21,9.100000143051147
gep16,00,2026-01-28,2026-02-18,gcrew,noaa_gefs,16,ShortwaveRadiation_Wm2,21,34
gep16,00,2026-01-28,2026-02-18,gcrew,noaa_gefs,16,WindSpeed_ms_mean,21,2.3743466397881434
gep16,00,2026-01-28,2026-02-19,gcrew,noaa_gefs,16,AirTemp_C_mean,22,2.8552337646484602
gep16,00,2026-01-28,2026-02-19,gcrew,noaa_gefs,16,Pressure_Pa,22,100285.193359375
gep16,00,2026-01-28,2026-02-19,gcrew,noaa_gefs,16,RH_percent_mean,22,85.17862129211426
gep16,00,2026-01-28,2026-02-19,gcrew,noaa_gefs,16,Rain_mm_sum,22,0.30000001192092896
gep16,00,2026-01-28,2026-02-19,gcrew,noaa_gefs,16,ShortwaveRadiation_Wm2,22,69.75
gep16,00,2026-01-28,2026-02-19,gcrew,noaa_gefs,16,WindSpeed_ms_mean,22,4.774511407394309
gep16,00,2026-01-28,2026-02-20,gcrew,noaa_gefs,16,AirTemp_C_mean,23,-9.267301940917946
gep16,00,2026-01-28,2026-02-20,gcrew,noaa_gefs,16,Pressure_Pa,23,101475.0859375
gep16,00,2026-01-28,2026-02-20,gcrew,noaa_gefs,16,RH_percent_mean,23,50.81293869018555
gep16,00,2026-01-28,2026-02-20,gcrew,noaa_gefs,16,Rain_mm_sum,23,0
gep16,00,2026-01-28,2026-02-20,gcrew,noaa_gefs,16,ShortwaveRadiation_Wm2,23,183
gep16,00,2026-01-28,2026-02-20,gcrew,noaa_gefs,16,WindSpeed_ms_mean,23,10.622410091968261
gep16,00,2026-01-28,2026-02-21,gcrew,noaa_gefs,16,AirTemp_C_mean,24,-10.929685974121071
gep16,00,2026-01-28,2026-02-21,gcrew,noaa_gefs,16,Pressure_Pa,24,102074.087890625
gep16,00,2026-01-28,2026-02-21,gcrew,noaa_gefs,16,RH_percent_mean,24,47.823272705078125
gep16,00,2026-01-28,2026-02-21,gcrew,noaa_gefs,16,Rain_mm_sum,24,0
gep16,00,2026-01-28,2026-02-21,gcrew,noaa_gefs,16,ShortwaveRadiation_Wm2,24,187
gep16,00,2026-01-28,2026-02-21,gcrew,noaa_gefs,16,WindSpeed_ms_mean,24,6.5561279655405835
gep16,00,2026-01-28,2026-02-22,gcrew,noaa_gefs,16,AirTemp_C_mean,25,-7.766607666015602
gep16,00,2026-01-28,2026-02-22,gcrew,noaa_gefs,16,Pressure_Pa,25,102546.142578125
gep16,00,2026-01-28,2026-02-22,gcrew,noaa_gefs,16,RH_percent_mean,25,56.11021900177002
gep16,00,2026-01-28,2026-02-22,gcrew,noaa_gefs,16,Rain_mm_sum,25,0
gep16,00,2026-01-28,2026-02-22,gcrew,noaa_gefs,16,ShortwaveRadiation_Wm2,25,200.25
gep16,00,2026-01-28,2026-02-22,gcrew,noaa_gefs,16,WindSpeed_ms_mean,25,7.731225422210707
gep16,00,2026-01-28,2026-02-23,gcrew,noaa_gefs,16,AirTemp_C_mean,26,-2.8251098632812273
gep16,00,2026-01-28,2026-02-23,gcrew,noaa_gefs,16,Pressure_Pa,26,102910.716796875
gep16,00,2026-01-28,2026-02-23,gcrew,noaa_gefs,16,RH_percent_mean,26,53.88744640350342
gep16,00,2026-01-28,2026-02-23,gcrew,noaa_gefs,16,Rain_mm_sum,26,0
gep16,00,2026-01-28,2026-02-23,gcrew,noaa_gefs,16,ShortwaveRadiation_Wm2,26,202.5
gep16,00,2026-01-28,2026-02-23,gcrew,noaa_gefs,16,WindSpeed_ms_mean,26,4.84067752247645
gep16,00,2026-01-28,2026-02-24,gcrew,noaa_gefs,16,AirTemp_C_mean,27,1.597322082519554
gep16,00,2026-01-28,2026-02-24,gcrew,noaa_gefs,16,Pressure_Pa,27,102109.3046875
gep16,00,2026-01-28,2026-02-24,gcrew,noaa_gefs,16,RH_percent_mean,27,62.64256954193115
gep16,00,2026-01-28,2026-02-24,gcrew,noaa_gefs,16,Rain_mm_sum,27,0
gep16,00,2026-01-28,2026-02-24,gcrew,noaa_gefs,16,ShortwaveRadiation_Wm2,27,116.5
gep16,00,2026-01-28,2026-02-24,gcrew,noaa_gefs,16,WindSpeed_ms_mean,27,5.3985288138153145
gep16,00,2026-01-28,2026-02-25,gcrew,noaa_gefs,16,AirTemp_C_mean,28,3.3727813720703352
gep16,00,2026-01-28,2026-02-25,gcrew,noaa_gefs,16,Pressure_Pa,28,101713.029296875
gep16,00,2026-01-28,2026-02-25,gcrew,noaa_gefs,16,RH_percent_mean,28,82.43609428405762
gep16,00,2026-01-28,2026-02-25,gcrew,noaa_gefs,16,Rain_mm_sum,28,0
gep16,00,2026-01-28,2026-02-25,gcrew,noaa_gefs,16,ShortwaveRadiation_Wm2,28,183.25
gep16,00,2026-01-28,2026-02-25,gcrew,noaa_gefs,16,WindSpeed_ms_mean,28,2.7927366152488466
gep16,00,2026-01-28,2026-02-26,gcrew,noaa_gefs,16,AirTemp_C_mean,29,4.269799804687523
gep16,00,2026-01-28,2026-02-26,gcrew,noaa_gefs,16,Pressure_Pa,29,101386.140625
gep16,00,2026-01-28,2026-02-26,gcrew,noaa_gefs,16,RH_percent_mean,29,76.72475337982178
gep16,00,2026-01-28,2026-02-26,gcrew,noaa_gefs,16,Rain_mm_sum,29,0.6100000143051147
gep16,00,2026-01-28,2026-02-26,gcrew,noaa_gefs,16,ShortwaveRadiation_Wm2,29,157.75
gep16,00,2026-01-28,2026-02-26,gcrew,noaa_gefs,16,WindSpeed_ms_mean,29,5.374720606390739
gep16,00,2026-01-28,2026-02-27,gcrew,noaa_gefs,16,AirTemp_C_mean,30,-2.2006057739257585
gep16,00,2026-01-28,2026-02-27,gcrew,noaa_gefs,16,Pressure_Pa,30,102063.791015625
gep16,00,2026-01-28,2026-02-27,gcrew,noaa_gefs,16,RH_percent_mean,30,60.6358585357666
gep16,00,2026-01-28,2026-02-27,gcrew,noaa_gefs,16,Rain_mm_sum,30,0
gep16,00,2026-01-28,2026-02-27,gcrew,noaa_gefs,16,ShortwaveRadiation_Wm2,30,208.75
gep16,00,2026-01-28,2026-02-27,gcrew,noaa_gefs,16,WindSpeed_ms_mean,30,4.223661637522698
gep16,00,2026-01-28,2026-02-28,gcrew,noaa_gefs,16,AirTemp_C_mean,31,2.8180099487304915
gep16,00,2026-01-28,2026-02-28,gcrew,noaa_gefs,16,Pressure_Pa,31,102096.6484375
gep16,00,2026-01-28,2026-02-28,gcrew,noaa_gefs,16,RH_percent_mean,31,73.37237644195557
gep16,00,2026-01-28,2026-02-28,gcrew,noaa_gefs,16,Rain_mm_sum,31,0
gep16,00,2026-01-28,2026-02-28,gcrew,noaa_gefs,16,ShortwaveRadiation_Wm2,31,182.75
gep16,00,2026-01-28,2026-02-28,gcrew,noaa_gefs,16,WindSpeed_ms_mean,31,2.7731910157020536
gep16,00,2026-01-28,2026-03-01,gcrew,noaa_gefs,16,AirTemp_C_mean,32,10.715417480468773
gep16,00,2026-01-28,2026-03-01,gcrew,noaa_gefs,16,Pressure_Pa,32,101821.703125
gep16,00,2026-01-28,2026-03-01,gcrew,noaa_gefs,16,RH_percent_mean,32,78.44407558441162
gep16,00,2026-01-28,2026-03-01,gcrew,noaa_gefs,16,Rain_mm_sum,32,0.10000000149011612
gep16,00,2026-01-28,2026-03-01,gcrew,noaa_gefs,16,ShortwaveRadiation_Wm2,32,188
gep16,00,2026-01-28,2026-03-01,gcrew,noaa_gefs,16,WindSpeed_ms_mean,32,4.440940868795268
gep16,00,2026-01-28,2026-03-02,gcrew,noaa_gefs,16,AirTemp_C_mean,33,8.776765441894554
gep16,00,2026-01-28,2026-03-02,gcrew,noaa_gefs,16,Pressure_Pa,33,102014.58203125
gep16,00,2026-01-28,2026-03-02,gcrew,noaa_gefs,16,RH_percent_mean,33,87.70235443115234
gep16,00,2026-01-28,2026-03-02,gcrew,noaa_gefs,16,Rain_mm_sum,33,1.2000000476837158
gep16,00,2026-01-28,2026-03-02,gcrew,noaa_gefs,16,ShortwaveRadiation_Wm2,33,148.25
gep16,00,2026-01-28,2026-03-02,gcrew,noaa_gefs,16,WindSpeed_ms_mean,33,4.63763027527913
gep16,00,2026-01-28,2026-03-03,gcrew,noaa_gefs,16,AirTemp_C_mean,34,11.128327941894554
gep16,00,2026-01-28,2026-03-03,gcrew,noaa_gefs,16,Pressure_Pa,34,100700.955078125
gep16,00,2026-01-28,2026-03-03,gcrew,noaa_gefs,16,RH_percent_mean,34,81.373138427734375
gep16,00,2026-01-28,2026-03-03,gcrew,noaa_gefs,16,Rain_mm_sum,34,39.5
gep16,00,2026-01-28,2026-03-03,gcrew,noaa_gefs,16,ShortwaveRadiation_Wm2,34,137
gep16,00,2026-01-28,2026-03-03,gcrew,noaa_gefs,16,WindSpeed_ms_mean,34,6.95522383090104
gep17,00,2026-01-28,2026-01-29,gcrew,noaa_gefs,17,AirTemp_C_mean,1,-7.280580902099587
gep17,00,2026-01-28,2026-01-29,gcrew,noaa_gefs,17,Pressure_Pa,1,102287.724609375
gep17,00,2026-01-28,2026-01-29,gcrew,noaa_gefs,17,RH_percent_mean,1,76.07372665405273
gep17,00,2026-01-28,2026-01-29,gcrew,noaa_gefs,17,Rain_mm_sum,1,0.10000000149011612
gep17,00,2026-01-28,2026-01-29,gcrew,noaa_gefs,17,ShortwaveRadiation_Wm2,1,150.125
gep17,00,2026-01-28,2026-01-29,gcrew,noaa_gefs,17,WindSpeed_ms_mean,1,5.488174929013097
gep17,00,2026-01-28,2026-01-30,gcrew,noaa_gefs,17,AirTemp_C_mean,2,-7.0662673950195085
gep17,00,2026-01-28,2026-01-30,gcrew,noaa_gefs,17,Pressure_Pa,2,102186.884765625
gep17,00,2026-01-28,2026-01-30,gcrew,noaa_gefs,17,RH_percent_mean,2,85.883331298828125
gep17,00,2026-01-28,2026-01-30,gcrew,noaa_gefs,17,Rain_mm_sum,2,3.400000035762787
gep17,00,2026-01-28,2026-01-30,gcrew,noaa_gefs,17,ShortwaveRadiation_Wm2,2,91
gep17,00,2026-01-28,2026-01-30,gcrew,noaa_gefs,17,WindSpeed_ms_mean,2,4.310190691157695
gep17,00,2026-01-28,2026-01-31,gcrew,noaa_gefs,17,AirTemp_C_mean,3,-8.19930496215818
gep17,00,2026-01-28,2026-01-31,gcrew,noaa_gefs,17,Pressure_Pa,3,101301.654296875
gep17,00,2026-01-28,2026-01-31,gcrew,noaa_gefs,17,RH_percent_mean,3,95.59107112884521
gep17,00,2026-01-28,2026-01-31,gcrew,noaa_gefs,17,Rain_mm_sum,3,24.890000462532043
gep17,00,2026-01-28,2026-01-31,gcrew,noaa_gefs,17,ShortwaveRadiation_Wm2,3,47
gep17,00,2026-01-28,2026-01-31,gcrew,noaa_gefs,17,WindSpeed_ms_mean,3,10.447140277612919
gep17,00,2026-01-28,2026-02-01,gcrew,noaa_gefs,17,AirTemp_C_mean,4,-5.557821655273415
gep17,00,2026-01-28,2026-02-01,gcrew,noaa_gefs,17,Pressure_Pa,4,99940.41015625
gep17,00,2026-01-28,2026-02-01,gcrew,noaa_gefs,17,RH_percent_mean,4,94.5508918762207
gep17,00,2026-01-28,2026-02-01,gcrew,noaa_gefs,17,Rain_mm_sum,4,22.200000166893005
gep17,00,2026-01-28,2026-02-01,gcrew,noaa_gefs,17,ShortwaveRadiation_Wm2,4,59.5
gep17,00,2026-01-28,2026-02-01,gcrew,noaa_gefs,17,WindSpeed_ms_mean,4,13.510369912418103
gep17,00,2026-01-28,2026-02-02,gcrew,noaa_gefs,17,AirTemp_C_mean,5,-5.524973297119118
gep17,00,2026-01-28,2026-02-02,gcrew,noaa_gefs,17,Pressure_Pa,5,101653.6318359375
gep17,00,2026-01-28,2026-02-02,gcrew,noaa_gefs,17,RH_percent_mean,5,80.55075645446777
gep17,00,2026-01-28,2026-02-02,gcrew,noaa_gefs,17,Rain_mm_sum,5,1.399999976158142
gep17,00,2026-01-28,2026-02-02,gcrew,noaa_gefs,17,ShortwaveRadiation_Wm2,5,151.5
gep17,00,2026-01-28,2026-02-02,gcrew,noaa_gefs,17,WindSpeed_ms_mean,5,8.067561597422333
gep17,00,2026-01-28,2026-02-03,gcrew,noaa_gefs,17,AirTemp_C_mean,6,-5.25441970825193
gep17,00,2026-01-28,2026-02-03,gcrew,noaa_gefs,17,Pressure_Pa,6,102473.724609375
gep17,00,2026-01-28,2026-02-03,gcrew,noaa_gefs,17,RH_percent_mean,6,78.25176620483398
gep17,00,2026-01-28,2026-02-03,gcrew,noaa_gefs,17,Rain_mm_sum,6,0
gep17,00,2026-01-28,2026-02-03,gcrew,noaa_gefs,17,ShortwaveRadiation_Wm2,6,163.375
gep17,00,2026-01-28,2026-02-03,gcrew,noaa_gefs,17,WindSpeed_ms_mean,6,3.967009672131133
gep17,00,2026-01-28,2026-02-04,gcrew,noaa_gefs,17,AirTemp_C_mean,7,-1.8118385314941179
gep17,00,2026-01-28,2026-02-04,gcrew,noaa_gefs,17,Pressure_Pa,7,102940.9130859375
gep17,00,2026-01-28,2026-02-04,gcrew,noaa_gefs,17,RH_percent_mean,7,83.65248394012451
gep17,00,2026-01-28,2026-02-04,gcrew,noaa_gefs,17,Rain_mm_sum,7,0.009999999776482582
gep17,00,2026-01-28,2026-02-04,gcrew,noaa_gefs,17,ShortwaveRadiation_Wm2,7,109.5
gep17,00,2026-01-28,2026-02-04,gcrew,noaa_gefs,17,WindSpeed_ms_mean,7,2.1674175981691817
gep17,00,2026-01-28,2026-02-05,gcrew,noaa_gefs,17,AirTemp_C_mean,8,1.069429016113304
gep17,00,2026-01-28,2026-02-05,gcrew,noaa_gefs,17,Pressure_Pa,8,101906.8251953125
gep17,00,2026-01-28,2026-02-05,gcrew,noaa_gefs,17,RH_percent_mean,8,94.48931217193604
gep17,00,2026-01-28,2026-02-05,gcrew,noaa_gefs,17,Rain_mm_sum,8,0.20000000298023224
gep17,00,2026-01-28,2026-02-05,gcrew,noaa_gefs,17,ShortwaveRadiation_Wm2,8,76.875
gep17,00,2026-01-28,2026-02-05,gcrew,noaa_gefs,17,WindSpeed_ms_mean,8,3.684263806468948
gep17,00,2026-01-28,2026-02-06,gcrew,noaa_gefs,17,AirTemp_C_mean,9,2.753424944196451
gep17,00,2026-01-28,2026-02-06,gcrew,noaa_gefs,17,Pressure_Pa,9,100416.97879464286
gep17,00,2026-01-28,2026-02-06,gcrew,noaa_gefs,17,RH_percent_mean,9,86.28384617396763
gep17,00,2026-01-28,2026-02-06,gcrew,noaa_gefs,17,Rain_mm_sum,9,0.9999999925494194
gep17,00,2026-01-28,2026-02-06,gcrew,noaa_gefs,17,ShortwaveRadiation_Wm2,9,160
gep17,00,2026-01-28,2026-02-06,gcrew,noaa_gefs,17,WindSpeed_ms_mean,9,7.2776915238674205
gep17,00,2026-01-28,2026-02-07,gcrew,noaa_gefs,17,AirTemp_C_mean,10,-5.779425048828102
gep17,00,2026-01-28,2026-02-07,gcrew,noaa_gefs,17,Pressure_Pa,10,101461.65625
gep17,00,2026-01-28,2026-02-07,gcrew,noaa_gefs,17,RH_percent_mean,10,72.17018508911133
gep17,00,2026-01-28,2026-02-07,gcrew,noaa_gefs,17,Rain_mm_sum,10,0
gep17,00,2026-01-28,2026-02-07,gcrew,noaa_gefs,17,ShortwaveRadiation_Wm2,10,149.5
gep17,00,2026-01-28,2026-02-07,gcrew,noaa_gefs,17,WindSpeed_ms_mean,10,4.217680666860886
gep17,00,2026-01-28,2026-02-08,gcrew,noaa_gefs,17,AirTemp_C_mean,11,-7.681547546386696
gep17,00,2026-01-28,2026-02-08,gcrew,noaa_gefs,17,Pressure_Pa,11,102029.173828125
gep17,00,2026-01-28,2026-02-08,gcrew,noaa_gefs,17,RH_percent_mean,11,68.76657009124756
gep17,00,2026-01-28,2026-02-08,gcrew,noaa_gefs,17,Rain_mm_sum,11,0
gep17,00,2026-01-28,2026-02-08,gcrew,noaa_gefs,17,ShortwaveRadiation_Wm2,11,174.25
gep17,00,2026-01-28,2026-02-08,gcrew,noaa_gefs,17,WindSpeed_ms_mean,11,7.886064993607651
gep17,00,2026-01-28,2026-02-09,gcrew,noaa_gefs,17,AirTemp_C_mean,12,-4.058538818359352
gep17,00,2026-01-28,2026-02-09,gcrew,noaa_gefs,17,Pressure_Pa,12,101952.376953125
gep17,00,2026-01-28,2026-02-09,gcrew,noaa_gefs,17,RH_percent_mean,12,68.18047332763672
gep17,00,2026-01-28,2026-02-09,gcrew,noaa_gefs,17,Rain_mm_sum,12,0
gep17,00,2026-01-28,2026-02-09,gcrew,noaa_gefs,17,ShortwaveRadiation_Wm2,12,164.25
gep17,00,2026-01-28,2026-02-09,gcrew,noaa_gefs,17,WindSpeed_ms_mean,12,7.975086568269404
gep17,00,2026-01-28,2026-02-10,gcrew,noaa_gefs,17,AirTemp_C_mean,13,-3.093626403808571
gep17,00,2026-01-28,2026-02-10,gcrew,noaa_gefs,17,Pressure_Pa,13,101960.732421875
gep17,00,2026-01-28,2026-02-10,gcrew,noaa_gefs,17,RH_percent_mean,13,68.68310356140137
gep17,00,2026-01-28,2026-02-10,gcrew,noaa_gefs,17,Rain_mm_sum,13,0
gep17,00,2026-01-28,2026-02-10,gcrew,noaa_gefs,17,ShortwaveRadiation_Wm2,13,134.75
gep17,00,2026-01-28,2026-02-10,gcrew,noaa_gefs,17,WindSpeed_ms_mean,13,5.259966799674645
gep17,00,2026-01-28,2026-02-11,gcrew,noaa_gefs,17,AirTemp_C_mean,14,-4.653044128417946
gep17,00,2026-01-28,2026-02-11,gcrew,noaa_gefs,17,Pressure_Pa,14,101637.04296875
gep17,00,2026-01-28,2026-02-11,gcrew,noaa_gefs,17,RH_percent_mean,14,69.65564918518066
gep17,00,2026-01-28,2026-02-11,gcrew,noaa_gefs,17,Rain_mm_sum,14,0
gep17,00,2026-01-28,2026-02-11,gcrew,noaa_gefs,17,ShortwaveRadiation_Wm2,14,179.5
gep17,00,2026-01-28,2026-02-11,gcrew,noaa_gefs,17,WindSpeed_ms_mean,14,8.026119124547929
gep17,00,2026-01-28,2026-02-12,gcrew,noaa_gefs,17,AirTemp_C_mean,15,-3.519529724121071
gep17,00,2026-01-28,2026-02-12,gcrew,noaa_gefs,17,Pressure_Pa,15,101760.71875
gep17,00,2026-01-28,2026-02-12,gcrew,noaa_gefs,17,RH_percent_mean,15,71.13922119140625
gep17,00,2026-01-28,2026-02-12,gcrew,noaa_gefs,17,Rain_mm_sum,15,0
gep17,00,2026-01-28,2026-02-12,gcrew,noaa_gefs,17,ShortwaveRadiation_Wm2,15,178.25
gep17,00,2026-01-28,2026-02-12,gcrew,noaa_gefs,17,WindSpeed_ms_mean,15,7.753901032955588
gep17,00,2026-01-28,2026-02-13,gcrew,noaa_gefs,17,AirTemp_C_mean,16,-2.7990249633788835
gep17,00,2026-01-28,2026-02-13,gcrew,noaa_gefs,17,Pressure_Pa,16,101736.001953125
gep17,00,2026-01-28,2026-02-13,gcrew,noaa_gefs,17,RH_percent_mean,16,63.89894676208496
gep17,00,2026-01-28,2026-02-13,gcrew,noaa_gefs,17,Rain_mm_sum,16,0
gep17,00,2026-01-28,2026-02-13,gcrew,noaa_gefs,17,ShortwaveRadiation_Wm2,16,143.25
gep17,00,2026-01-28,2026-02-13,gcrew,noaa_gefs,17,WindSpeed_ms_mean,16,6.434746689935362
gep17,00,2026-01-28,2026-02-14,gcrew,noaa_gefs,17,AirTemp_C_mean,17,-2.5064834594726335
gep17,00,2026-01-28,2026-02-14,gcrew,noaa_gefs,17,Pressure_Pa,17,101387.0625
gep17,00,2026-01-28,2026-02-14,gcrew,noaa_gefs,17,RH_percent_mean,17,63.91810321807861
gep17,00,2026-01-28,2026-02-14,gcrew,noaa_gefs,17,Rain_mm_sum,17,0
gep17,00,2026-01-28,2026-02-14,gcrew,noaa_gefs,17,ShortwaveRadiation_Wm2,17,174
gep17,00,2026-01-28,2026-02-14,gcrew,noaa_gefs,17,WindSpeed_ms_mean,17,4.505267943240719
gep17,00,2026-01-28,2026-02-15,gcrew,noaa_gefs,17,AirTemp_C_mean,18,-1.092008972167946
gep17,00,2026-01-28,2026-02-15,gcrew,noaa_gefs,17,Pressure_Pa,18,101645.232421875
gep17,00,2026-01-28,2026-02-15,gcrew,noaa_gefs,17,RH_percent_mean,18,69.99055099487305
gep17,00,2026-01-28,2026-02-15,gcrew,noaa_gefs,17,Rain_mm_sum,18,0
gep17,00,2026-01-28,2026-02-15,gcrew,noaa_gefs,17,ShortwaveRadiation_Wm2,18,159.5
gep17,00,2026-01-28,2026-02-15,gcrew,noaa_gefs,17,WindSpeed_ms_mean,18,3.138143268840961
gep17,00,2026-01-28,2026-02-16,gcrew,noaa_gefs,17,AirTemp_C_mean,19,1.369630432128929
gep17,00,2026-01-28,2026-02-16,gcrew,noaa_gefs,17,Pressure_Pa,19,101803.056640625
gep17,00,2026-01-28,2026-02-16,gcrew,noaa_gefs,17,RH_percent_mean,19,79.61123466491699
gep17,00,2026-01-28,2026-02-16,gcrew,noaa_gefs,17,Rain_mm_sum,19,0.20000000298023224
gep17,00,2026-01-28,2026-02-16,gcrew,noaa_gefs,17,ShortwaveRadiation_Wm2,19,87.75
gep17,00,2026-01-28,2026-02-16,gcrew,noaa_gefs,17,WindSpeed_ms_mean,19,3.3481034252777753
gep17,00,2026-01-28,2026-02-17,gcrew,noaa_gefs,17,AirTemp_C_mean,20,0.7386337280273665
gep17,00,2026-01-28,2026-02-17,gcrew,noaa_gefs,17,Pressure_Pa,20,101786.171875
gep17,00,2026-01-28,2026-02-17,gcrew,noaa_gefs,17,RH_percent_mean,20,84.81830406188965
gep17,00,2026-01-28,2026-02-17,gcrew,noaa_gefs,17,Rain_mm_sum,20,7.099999904632568
gep17,00,2026-01-28,2026-02-17,gcrew,noaa_gefs,17,ShortwaveRadiation_Wm2,20,22.25
gep17,00,2026-01-28,2026-02-17,gcrew,noaa_gefs,17,WindSpeed_ms_mean,20,4.584310341175985
gep17,00,2026-01-28,2026-02-18,gcrew,noaa_gefs,17,AirTemp_C_mean,21,4.854364013671898
gep17,00,2026-01-28,2026-02-18,gcrew,noaa_gefs,17,Pressure_Pa,21,100528.912109375
gep17,00,2026-01-28,2026-02-18,gcrew,noaa_gefs,17,RH_percent_mean,21,98.09432792663574
gep17,00,2026-01-28,2026-02-18,gcrew,noaa_gefs,17,Rain_mm_sum,21,9.100000143051147
gep17,00,2026-01-28,2026-02-18,gcrew,noaa_gefs,17,ShortwaveRadiation_Wm2,21,34
gep17,00,2026-01-28,2026-02-18,gcrew,noaa_gefs,17,WindSpeed_ms_mean,21,2.3743466397881434
gep17,00,2026-01-28,2026-02-19,gcrew,noaa_gefs,17,AirTemp_C_mean,22,2.8552337646484602
gep17,00,2026-01-28,2026-02-19,gcrew,noaa_gefs,17,Pressure_Pa,22,100285.193359375
gep17,00,2026-01-28,2026-02-19,gcrew,noaa_gefs,17,RH_percent_mean,22,85.17862129211426
gep17,00,2026-01-28,2026-02-19,gcrew,noaa_gefs,17,Rain_mm_sum,22,0.30000001192092896
gep17,00,2026-01-28,2026-02-19,gcrew,noaa_gefs,17,ShortwaveRadiation_Wm2,22,69.75
gep17,00,2026-01-28,2026-02-19,gcrew,noaa_gefs,17,WindSpeed_ms_mean,22,4.774511407394309
gep17,00,2026-01-28,2026-02-20,gcrew,noaa_gefs,17,AirTemp_C_mean,23,-9.267301940917946
gep17,00,2026-01-28,2026-02-20,gcrew,noaa_gefs,17,Pressure_Pa,23,101475.0859375
gep17,00,2026-01-28,2026-02-20,gcrew,noaa_gefs,17,RH_percent_mean,23,50.81293869018555
gep17,00,2026-01-28,2026-02-20,gcrew,noaa_gefs,17,Rain_mm_sum,23,0
gep17,00,2026-01-28,2026-02-20,gcrew,noaa_gefs,17,ShortwaveRadiation_Wm2,23,183
gep17,00,2026-01-28,2026-02-20,gcrew,noaa_gefs,17,WindSpeed_ms_mean,23,10.622410091968261
gep17,00,2026-01-28,2026-02-21,gcrew,noaa_gefs,17,AirTemp_C_mean,24,-10.929685974121071
gep17,00,2026-01-28,2026-02-21,gcrew,noaa_gefs,17,Pressure_Pa,24,102074.087890625
gep17,00,2026-01-28,2026-02-21,gcrew,noaa_gefs,17,RH_percent_mean,24,47.823272705078125
gep17,00,2026-01-28,2026-02-21,gcrew,noaa_gefs,17,Rain_mm_sum,24,0
gep17,00,2026-01-28,2026-02-21,gcrew,noaa_gefs,17,ShortwaveRadiation_Wm2,24,187
gep17,00,2026-01-28,2026-02-21,gcrew,noaa_gefs,17,WindSpeed_ms_mean,24,6.5561279655405835
gep17,00,2026-01-28,2026-02-22,gcrew,noaa_gefs,17,AirTemp_C_mean,25,-7.766607666015602
gep17,00,2026-01-28,2026-02-22,gcrew,noaa_gefs,17,Pressure_Pa,25,102546.142578125
gep17,00,2026-01-28,2026-02-22,gcrew,noaa_gefs,17,RH_percent_mean,25,56.11021900177002
gep17,00,2026-01-28,2026-02-22,gcrew,noaa_gefs,17,Rain_mm_sum,25,0
gep17,00,2026-01-28,2026-02-22,gcrew,noaa_gefs,17,ShortwaveRadiation_Wm2,25,200.25
gep17,00,2026-01-28,2026-02-22,gcrew,noaa_gefs,17,WindSpeed_ms_mean,25,7.731225422210707
gep17,00,2026-01-28,2026-02-23,gcrew,noaa_gefs,17,AirTemp_C_mean,26,-2.8251098632812273
gep17,00,2026-01-28,2026-02-23,gcrew,noaa_gefs,17,Pressure_Pa,26,102910.716796875
gep17,00,2026-01-28,2026-02-23,gcrew,noaa_gefs,17,RH_percent_mean,26,53.88744640350342
gep17,00,2026-01-28,2026-02-23,gcrew,noaa_gefs,17,Rain_mm_sum,26,0
gep17,00,2026-01-28,2026-02-23,gcrew,noaa_gefs,17,ShortwaveRadiation_Wm2,26,202.5
gep17,00,2026-01-28,2026-02-23,gcrew,noaa_gefs,17,WindSpeed_ms_mean,26,4.84067752247645
gep17,00,2026-01-28,2026-02-24,gcrew,noaa_gefs,17,AirTemp_C_mean,27,1.597322082519554
gep17,00,2026-01-28,2026-02-24,gcrew,noaa_gefs,17,Pressure_Pa,27,102109.3046875
gep17,00,2026-01-28,2026-02-24,gcrew,noaa_gefs,17,RH_percent_mean,27,62.64256954193115
gep17,00,2026-01-28,2026-02-24,gcrew,noaa_gefs,17,Rain_mm_sum,27,0
gep17,00,2026-01-28,2026-02-24,gcrew,noaa_gefs,17,ShortwaveRadiation_Wm2,27,116.5
gep17,00,2026-01-28,2026-02-24,gcrew,noaa_gefs,17,WindSpeed_ms_mean,27,5.3985288138153145
gep17,00,2026-01-28,2026-02-25,gcrew,noaa_gefs,17,AirTemp_C_mean,28,3.3727813720703352
gep17,00,2026-01-28,2026-02-25,gcrew,noaa_gefs,17,Pressure_Pa,28,101713.029296875
gep17,00,2026-01-28,2026-02-25,gcrew,noaa_gefs,17,RH_percent_mean,28,82.43609428405762
gep17,00,2026-01-28,2026-02-25,gcrew,noaa_gefs,17,Rain_mm_sum,28,0
gep17,00,2026-01-28,2026-02-25,gcrew,noaa_gefs,17,ShortwaveRadiation_Wm2,28,183.25
gep17,00,2026-01-28,2026-02-25,gcrew,noaa_gefs,17,WindSpeed_ms_mean,28,2.7927366152488466
gep17,00,2026-01-28,2026-02-26,gcrew,noaa_gefs,17,AirTemp_C_mean,29,4.269799804687523
gep17,00,2026-01-28,2026-02-26,gcrew,noaa_gefs,17,Pressure_Pa,29,101386.140625
gep17,00,2026-01-28,2026-02-26,gcrew,noaa_gefs,17,RH_percent_mean,29,76.72475337982178
gep17,00,2026-01-28,2026-02-26,gcrew,noaa_gefs,17,Rain_mm_sum,29,0.6100000143051147
gep17,00,2026-01-28,2026-02-26,gcrew,noaa_gefs,17,ShortwaveRadiation_Wm2,29,157.75
gep17,00,2026-01-28,2026-02-26,gcrew,noaa_gefs,17,WindSpeed_ms_mean,29,5.374720606390739
gep17,00,2026-01-28,2026-02-27,gcrew,noaa_gefs,17,AirTemp_C_mean,30,-2.2006057739257585
gep17,00,2026-01-28,2026-02-27,gcrew,noaa_gefs,17,Pressure_Pa,30,102063.791015625
gep17,00,2026-01-28,2026-02-27,gcrew,noaa_gefs,17,RH_percent_mean,30,60.6358585357666
gep17,00,2026-01-28,2026-02-27,gcrew,noaa_gefs,17,Rain_mm_sum,30,0
gep17,00,2026-01-28,2026-02-27,gcrew,noaa_gefs,17,ShortwaveRadiation_Wm2,30,208.75
gep17,00,2026-01-28,2026-02-27,gcrew,noaa_gefs,17,WindSpeed_ms_mean,30,4.223661637522698
gep17,00,2026-01-28,2026-02-28,gcrew,noaa_gefs,17,AirTemp_C_mean,31,2.8180099487304915
gep17,00,2026-01-28,2026-02-28,gcrew,noaa_gefs,17,Pressure_Pa,31,102096.6484375
gep17,00,2026-01-28,2026-02-28,gcrew,noaa_gefs,17,RH_percent_mean,31,73.37237644195557
gep17,00,2026-01-28,2026-02-28,gcrew,noaa_gefs,17,Rain_mm_sum,31,0
gep17,00,2026-01-28,2026-02-28,gcrew,noaa_gefs,17,ShortwaveRadiation_Wm2,31,182.75
gep17,00,2026-01-28,2026-02-28,gcrew,noaa_gefs,17,WindSpeed_ms_mean,31,2.7731910157020536
gep17,00,2026-01-28,2026-03-01,gcrew,noaa_gefs,17,AirTemp_C_mean,32,10.715417480468773
gep17,00,2026-01-28,2026-03-01,gcrew,noaa_gefs,17,Pressure_Pa,32,101821.703125
gep17,00,2026-01-28,2026-03-01,gcrew,noaa_gefs,17,RH_percent_mean,32,78.44407558441162
gep17,00,2026-01-28,2026-03-01,gcrew,noaa_gefs,17,Rain_mm_sum,32,0.10000000149011612
gep17,00,2026-01-28,2026-03-01,gcrew,noaa_gefs,17,ShortwaveRadiation_Wm2,32,188
gep17,00,2026-01-28,2026-03-01,gcrew,noaa_gefs,17,WindSpeed_ms_mean,32,4.440940868795268
gep17,00,2026-01-28,2026-03-02,gcrew,noaa_gefs,17,AirTemp_C_mean,33,8.776765441894554
gep17,00,2026-01-28,2026-03-02,gcrew,noaa_gefs,17,Pressure_Pa,33,102014.58203125
gep17,00,2026-01-28,2026-03-02,gcrew,noaa_gefs,17,RH_percent_mean,33,87.70235443115234
gep17,00,2026-01-28,2026-03-02,gcrew,noaa_gefs,17,Rain_mm_sum,33,1.2000000476837158
gep17,00,2026-01-28,2026-03-02,gcrew,noaa_gefs,17,ShortwaveRadiation_Wm2,33,148.25
gep17,00,2026-01-28,2026-03-02,gcrew,noaa_gefs,17,WindSpeed_ms_mean,33,4.63763027527913
gep17,00,2026-01-28,2026-03-03,gcrew,noaa_gefs,17,AirTemp_C_mean,34,11.128327941894554
gep17,00,2026-01-28,2026-03-03,gcrew,noaa_gefs,17,Pressure_Pa,34,100700.955078125
gep17,00,2026-01-28,2026-03-03,gcrew,noaa_gefs,17,RH_percent_mean,34,81.373138427734375
gep17,00,2026-01-28,2026-03-03,gcrew,noaa_gefs,17,Rain_mm_sum,34,39.5
gep17,00,2026-01-28,2026-03-03,gcrew,noaa_gefs,17,ShortwaveRadiation_Wm2,34,137
gep17,00,2026-01-28,2026-03-03,gcrew,noaa_gefs,17,WindSpeed_ms_mean,34,6.95522383090104
gep18,00,2026-01-28,2026-01-29,gcrew,noaa_gefs,18,AirTemp_C_mean,1,-7.280580902099587
gep18,00,2026-01-28,2026-01-29,gcrew,noaa_gefs,18,Pressure_Pa,1,102287.724609375
gep18,00,2026-01-28,2026-01-29,gcrew,noaa_gefs,18,RH_percent_mean,1,76.07372665405273
gep18,00,2026-01-28,2026-01-29,gcrew,noaa_gefs,18,Rain_mm_sum,1,0.10000000149011612
gep18,00,2026-01-28,2026-01-29,gcrew,noaa_gefs,18,ShortwaveRadiation_Wm2,1,150.125
gep18,00,2026-01-28,2026-01-29,gcrew,noaa_gefs,18,WindSpeed_ms_mean,1,5.488174929013097
gep18,00,2026-01-28,2026-01-30,gcrew,noaa_gefs,18,AirTemp_C_mean,2,-7.0662673950195085
gep18,00,2026-01-28,2026-01-30,gcrew,noaa_gefs,18,Pressure_Pa,2,102186.884765625
gep18,00,2026-01-28,2026-01-30,gcrew,noaa_gefs,18,RH_percent_mean,2,85.883331298828125
gep18,00,2026-01-28,2026-01-30,gcrew,noaa_gefs,18,Rain_mm_sum,2,3.400000035762787
gep18,00,2026-01-28,2026-01-30,gcrew,noaa_gefs,18,ShortwaveRadiation_Wm2,2,91
gep18,00,2026-01-28,2026-01-30,gcrew,noaa_gefs,18,WindSpeed_ms_mean,2,4.310190691157695
gep18,00,2026-01-28,2026-01-31,gcrew,noaa_gefs,18,AirTemp_C_mean,3,-8.19930496215818
gep18,00,2026-01-28,2026-01-31,gcrew,noaa_gefs,18,Pressure_Pa,3,101301.654296875
gep18,00,2026-01-28,2026-01-31,gcrew,noaa_gefs,18,RH_percent_mean,3,95.59107112884521
gep18,00,2026-01-28,2026-01-31,gcrew,noaa_gefs,18,Rain_mm_sum,3,24.890000462532043
gep18,00,2026-01-28,2026-01-31,gcrew,noaa_gefs,18,ShortwaveRadiation_Wm2,3,47
gep18,00,2026-01-28,2026-01-31,gcrew,noaa_gefs,18,WindSpeed_ms_mean,3,10.447140277612919
gep18,00,2026-01-28,2026-02-01,gcrew,noaa_gefs,18,AirTemp_C_mean,4,-5.557821655273415
gep18,00,2026-01-28,2026-02-01,gcrew,noaa_gefs,18,Pressure_Pa,4,99940.41015625
gep18,00,2026-01-28,2026-02-01,gcrew,noaa_gefs,18,RH_percent_mean,4,94.5508918762207
gep18,00,2026-01-28,2026-02-01,gcrew,noaa_gefs,18,Rain_mm_sum,4,22.200000166893005
gep18,00,2026-01-28,2026-02-01,gcrew,noaa_gefs,18,ShortwaveRadiation_Wm2,4,59.5
gep18,00,2026-01-28,2026-02-01,gcrew,noaa_gefs,18,WindSpeed_ms_mean,4,13.510369912418103
gep18,00,2026-01-28,2026-02-02,gcrew,noaa_gefs,18,AirTemp_C_mean,5,-5.524973297119118
gep18,00,2026-01-28,2026-02-02,gcrew,noaa_gefs,18,Pressure_Pa,5,101653.6318359375
gep18,00,2026-01-28,2026-02-02,gcrew,noaa_gefs,18,RH_percent_mean,5,80.55075645446777
gep18,00,2026-01-28,2026-02-02,gcrew,noaa_gefs,18,Rain_mm_sum,5,1.399999976158142
gep18,00,2026-01-28,2026-02-02,gcrew,noaa_gefs,18,ShortwaveRadiation_Wm2,5,151.5
gep18,00,2026-01-28,2026-02-02,gcrew,noaa_gefs,18,WindSpeed_ms_mean,5,8.067561597422333
gep18,00,2026-01-28,2026-02-03,gcrew,noaa_gefs,18,AirTemp_C_mean,6,-5.25441970825193
gep18,00,2026-01-28,2026-02-03,gcrew,noaa_gefs,18,Pressure_Pa,6,102473.724609375
gep18,00,2026-01-28,2026-02-03,gcrew,noaa_gefs,18,RH_percent_mean,6,78.25176620483398
gep18,00,2026-01-28,2026-02-03,gcrew,noaa_gefs,18,Rain_mm_sum,6,0
gep18,00,2026-01-28,2026-02-03,gcrew,noaa_gefs,18,ShortwaveRadiation_Wm2,6,163.375
gep18,00,2026-01-28,2026-02-03,gcrew,noaa_gefs,18,WindSpeed_ms_mean,6,3.967009672131133
gep18,00,2026-01-28,2026-02-04,gcrew,noaa_gefs,18,AirTemp_C_mean,7,-1.8118385314941179
gep18,00,2026-01-28,2026-02-04,gcrew,noaa_gefs,18,Pressure_Pa,7,102940.9130859375
gep18,00,2026-01-28,2026-02-04,gcrew,noaa_gefs,18,RH_percent_mean,7,83.65248394012451
gep18,00,2026-01-28,2026-02-04,gcrew,noaa_gefs,18,Rain_mm_sum,7,0.009999999776482582
gep18,00,2026-01-28,2026-02-04,gcrew,noaa_gefs,18,ShortwaveRadiation_Wm2,7,109.5
gep18,00,2026-01-28,2026-02-04,gcrew,noaa_gefs,18,WindSpeed_ms_mean,7,2.1674175981691817
gep18,00,2026-01-28,2026-02-05,gcrew,noaa_gefs,18,AirTemp_C_mean,8,1.069429016113304
gep18,00,2026-01-28,2026-02-05,gcrew,noaa_gefs,18,Pressure_Pa,8,101906.8251953125
gep18,00,2026-01-28,2026-02-05,gcrew,noaa_gefs,18,RH_percent_mean,8,94.48931217193604
gep18,00,2026-01-28,2026-02-05,gcrew,noaa_gefs,18,Rain_mm_sum,8,0.20000000298023224
gep18,00,2026-01-28,2026-02-05,gcrew,noaa_gefs,18,ShortwaveRadiation_Wm2,8,76.875
gep18,00,2026-01-28,2026-02-05,gcrew,noaa_gefs,18,WindSpeed_ms_mean,8,3.684263806468948
gep18,00,2026-01-28,2026-02-06,gcrew,noaa_gefs,18,AirTemp_C_mean,9,2.753424944196451
gep18,00,2026-01-28,2026-02-06,gcrew,noaa_gefs,18,Pressure_Pa,9,100416.97879464286
gep18,00,2026-01-28,2026-02-06,gcrew,noaa_gefs,18,RH_percent_mean,9,86.28384617396763
gep18,00,2026-01-28,2026-02-06,gcrew,noaa_gefs,18,Rain_mm_sum,9,0.9999999925494194
gep18,00,2026-01-28,2026-02-06,gcrew,noaa_gefs,18,ShortwaveRadiation_Wm2,9,160
gep18,00,2026-01-28,2026-02-06,gcrew,noaa_gefs,18,WindSpeed_ms_mean,9,7.2776915238674205
gep18,00,2026-01-28,2026-02-07,gcrew,noaa_gefs,18,AirTemp_C_mean,10,-5.779425048828102
gep18,00,2026-01-28,2026-02-07,gcrew,noaa_gefs,18,Pressure_Pa,10,101461.65625
gep18,00,2026-01-28,2026-02-07,gcrew,noaa_gefs,18,RH_percent_mean,10,72.17018508911133
gep18,00,2026-01-28,2026-02-07,gcrew,noaa_gefs,18,Rain_mm_sum,10,0
gep18,00,2026-01-28,2026-02-07,gcrew,noaa_gefs,18,ShortwaveRadiation_Wm2,10,149.5
gep18,00,2026-01-28,2026-02-07,gcrew,noaa_gefs,18,WindSpeed_ms_mean,10,4.217680666860886
gep18,00,2026-01-28,2026-02-08,gcrew,noaa_gefs,18,AirTemp_C_mean,11,-7.681547546386696
gep18,00,2026-01-28,2026-02-08,gcrew,noaa_gefs,18,Pressure_Pa,11,102029.173828125
gep18,00,2026-01-28,2026-02-08,gcrew,noaa_gefs,18,RH_percent_mean,11,68.76657009124756
gep18,00,2026-01-28,2026-02-08,gcrew,noaa_gefs,18,Rain_mm_sum,11,0
gep18,00,2026-01-28,2026-02-08,gcrew,noaa_gefs,18,ShortwaveRadiation_Wm2,11,174.25
gep18,00,2026-01-28,2026-02-08,gcrew,noaa_gefs,18,WindSpeed_ms_mean,11,7.886064993607651
gep18,00,2026-01-28,2026-02-09,gcrew,noaa_gefs,18,AirTemp_C_mean,12,-4.058538818359352
gep18,00,2026-01-28,2026-02-09,gcrew,noaa_gefs,18,Pressure_Pa,12,101952.376953125
gep18,00,2026-01-28,2026-02-09,gcrew,noaa_gefs,18,RH_percent_mean,12,68.18047332763672
gep18,00,2026-01-28,2026-02-09,gcrew,noaa_gefs,18,Rain_mm_sum,12,0
gep18,00,2026-01-28,2026-02-09,gcrew,noaa_gefs,18,ShortwaveRadiation_Wm2,12,164.25
gep18,00,2026-01-28,2026-02-09,gcrew,noaa_gefs,18,WindSpeed_ms_mean,12,7.975086568269404
gep18,00,2026-01-28,2026-02-10,gcrew,noaa_gefs,18,AirTemp_C_mean,13,-3.093626403808571
gep18,00,2026-01-28,2026-02-10,gcrew,noaa_gefs,18,Pressure_Pa,13,101960.732421875
gep18,00,2026-01-28,2026-02-10,gcrew,noaa_gefs,18,RH_percent_mean,13,68.68310356140137
gep18,00,2026-01-28,2026-02-10,gcrew,noaa_gefs,18,Rain_mm_sum,13,0
gep18,00,2026-01-28,2026-02-10,gcrew,noaa_gefs,18,ShortwaveRadiation_Wm2,13,134.75
gep18,00,2026-01-28,2026-02-10,gcrew,noaa_gefs,18,WindSpeed_ms_mean,13,5.259966799674645
gep18,00,2026-01-28,2026-02-11,gcrew,noaa_gefs,18,AirTemp_C_mean,14,-4.653044128417946
gep18,00,2026-01-28,2026-02-11,gcrew,noaa_gefs,18,Pressure_Pa,14,101637.04296875
gep18,00,2026-01-28,2026-02-11,gcrew,noaa_gefs,18,RH_percent_mean,14,69.65564918518066
gep18,00,2026-01-28,2026-02-11,gcrew,noaa_gefs,18,Rain_mm_sum,14,0
gep18,00,2026-01-28,2026-02-11,gcrew,noaa_gefs,18,ShortwaveRadiation_Wm2,14,179.5
gep18,00,2026-01-28,2026-02-11,gcrew,noaa_gefs,18,WindSpeed_ms_mean,14,8.026119124547929
gep18,00,2026-01-28,2026-02-12,gcrew,noaa_gefs,18,AirTemp_C_mean,15,-3.519529724121071
gep18,00,2026-01-28,2026-02-12,gcrew,noaa_gefs,18,Pressure_Pa,15,101760.71875
gep18,00,2026-01-28,2026-02-12,gcrew,noaa_gefs,18,RH_percent_mean,15,71.13922119140625
gep18,00,2026-01-28,2026-02-12,gcrew,noaa_gefs,18,Rain_mm_sum,15,0
gep18,00,2026-01-28,2026-02-12,gcrew,noaa_gefs,18,ShortwaveRadiation_Wm2,15,178.25
gep18,00,2026-01-28,2026-02-12,gcrew,noaa_gefs,18,WindSpeed_ms_mean,15,7.753901032955588
gep18,00,2026-01-28,2026-02-13,gcrew,noaa_gefs,18,AirTemp_C_mean,16,-2.7990249633788835
gep18,00,2026-01-28,2026-02-13,gcrew,noaa_gefs,18,Pressure_Pa,16,101736.001953125
gep18,00,2026-01-28,2026-02-13,gcrew,noaa_gefs,18,RH_percent_mean,16,63.89894676208496
gep18,00,2026-01-28,2026-02-13,gcrew,noaa_gefs,18,Rain_mm_sum,16,0
gep18,00,2026-01-28,2026-02-13,gcrew,noaa_gefs,18,ShortwaveRadiation_Wm2,16,143.25
gep18,00,2026-01-28,2026-02-13,gcrew,noaa_gefs,18,WindSpeed_ms_mean,16,6.434746689935362
gep18,00,2026-01-28,2026-02-14,gcrew,noaa_gefs,18,AirTemp_C_mean,17,-2.5064834594726335
gep18,00,2026-01-28,2026-02-14,gcrew,noaa_gefs,18,Pressure_Pa,17,101387.0625
gep18,00,2026-01-28,2026-02-14,gcrew,noaa_gefs,18,RH_percent_mean,17,63.91810321807861
gep18,00,2026-01-28,2026-02-14,gcrew,noaa_gefs,18,Rain_mm_sum,17,0
gep18,00,2026-01-28,2026-02-14,gcrew,noaa_gefs,18,ShortwaveRadiation_Wm2,17,174
gep18,00,2026-01-28,2026-02-14,gcrew,noaa_gefs,18,WindSpeed_ms_mean,17,4.505267943240719
gep18,00,2026-01-28,2026-02-15,gcrew,noaa_gefs,18,AirTemp_C_mean,18,-1.092008972167946
gep18,00,2026-01-28,2026-02-15,gcrew,noaa_gefs,18,Pressure_Pa,18,101645.232421875
gep18,00,2026-01-28,2026-02-15,gcrew,noaa_gefs,18,RH_percent_mean,18,69.99055099487305
gep18,00,2026-01-28,2026-02-15,gcrew,noaa_gefs,18,Rain_mm_sum,18,0
gep18,00,2026-01-28,2026-02-15,gcrew,noaa_gefs,18,ShortwaveRadiation_Wm2,18,159.5
gep18,00,2026-01-28,2026-02-15,gcrew,noaa_gefs,18,WindSpeed_ms_mean,18,3.138143268840961
gep18,00,2026-01-28,2026-02-16,gcrew,noaa_gefs,18,AirTemp_C_mean,19,1.369630432128929
gep18,00,2026-01-28,2026-02-16,gcrew,noaa_gefs,18,Pressure_Pa,19,101803.056640625
gep18,00,2026-01-28,2026-02-16,gcrew,noaa_gefs,18,RH_percent_mean,19,79.61123466491699
gep18,00,2026-01-28,2026-02-16,gcrew,noaa_gefs,18,Rain_mm_sum,19,0.20000000298023224
gep18,00,2026-01-28,2026-02-16,gcrew,noaa_gefs,18,ShortwaveRadiation_Wm2,19,87.75
gep18,00,2026-01-28,2026-02-16,gcrew,noaa_gefs,18,WindSpeed_ms_mean,19,3.3481034252777753
gep18,00,2026-01-28,2026-02-17,gcrew,noaa_gefs,18,AirTemp_C_mean,20,0.7386337280273665
gep18,00,2026-01-28,2026-02-17,gcrew,noaa_gefs,18,Pressure_Pa,20,101786.171875
gep18,00,2026-01-28,2026-02-17,gcrew,noaa_gefs,18,RH_percent_mean,20,84.81830406188965
gep18,00,2026-01-28,2026-02-17,gcrew,noaa_gefs,18,Rain_mm_sum,20,7.099999904632568
gep18,00,2026-01-28,2026-02-17,gcrew,noaa_gefs,18,ShortwaveRadiation_Wm2,20,22.25
gep18,00,2026-01-28,2026-02-17,gcrew,noaa_gefs,18,WindSpeed_ms_mean,20,4.584310341175985
gep18,00,2026-01-28,2026-02-18,gcrew,noaa_gefs,18,AirTemp_C_mean,21,4.854364013671898
gep18,00,2026-01-28,2026-02-18,gcrew,noaa_gefs,18,Pressure_Pa,21,100528.912109375
gep18,00,2026-01-28,2026-02-18,gcrew,noaa_gefs,18,RH_percent_mean,21,98.09432792663574
gep18,00,2026-01-28,2026-02-18,gcrew,noaa_gefs,18,Rain_mm_sum,21,9.100000143051147
gep18,00,2026-01-28,2026-02-18,gcrew,noaa_gefs,18,ShortwaveRadiation_Wm2,21,34
gep18,00,2026-01-28,2026-02-18,gcrew,noaa_gefs,18,WindSpeed_ms_mean,21,2.3743466397881434
gep18,00,2026-01-28,2026-02-19,gcrew,noaa_gefs,18,AirTemp_C_mean,22,2.8552337646484602
gep18,00,2026-01-28,2026-02-19,gcrew,noaa_gefs,18,Pressure_Pa,22,100285.193359375
gep18,00,2026-01-28,2026-02-19,gcrew,noaa_gefs,18,RH_percent_mean,22,85.17862129211426
gep18,00,2026-01-28,2026-02-19,gcrew,noaa_gefs,18,Rain_mm_sum,22,0.30000001192092896
gep18,00,2026-01-28,2026-02-19,gcrew,noaa_gefs,18,ShortwaveRadiation_Wm2,22,69.75
gep18,00,2026-01-28,2026-02-19,gcrew,noaa_gefs,18,WindSpeed_ms_mean,22,4.774511407394309
gep18,00,2026-01-28,2026-02-20,gcrew,noaa_gefs,18,AirTemp_C_mean,23,-9.267301940917946
gep18,00,2026-01-28,2026-02-20,gcrew,noaa_gefs,18,Pressure_Pa,23,101475.0859375
gep18,00,2026-01-28,2026-02-20,gcrew,noaa_gefs,18,RH_percent_mean,23,50.81293869018555
gep18,00,2026-01-28,2026-02-20,gcrew,noaa_gefs,18,Rain_mm_sum,23,0
gep18,00,2026-01-28,2026-02-20,gcrew,noaa_gefs,18,ShortwaveRadiation_Wm2,23,183
gep18,00,2026-01-28,2026-02-20,gcrew,noaa_gefs,18,WindSpeed_ms_mean,23,10.622410091968261
gep18,00,2026-01-28,2026-02-21,gcrew,noaa_gefs,18,AirTemp_C_mean,24,-10.929685974121071
gep18,00,2026-01-28,2026-02-21,gcrew,noaa_gefs,18,Pressure_Pa,24,102074.087890625
gep18,00,2026-01-28,2026-02-21,gcrew,noaa_gefs,18,RH_percent_mean,24,47.823272705078125
gep18,00,2026-01-28,2026-02-21,gcrew,noaa_gefs,18,Rain_mm_sum,24,0
gep18,00,2026-01-28,2026-02-21,gcrew,noaa_gefs,18,ShortwaveRadiation_Wm2,24,187
gep18,00,2026-01-28,2026-02-21,gcrew,noaa_gefs,18,WindSpeed_ms_mean,24,6.5561279655405835
gep18,00,2026-01-28,2026-02-22,gcrew,noaa_gefs,18,AirTemp_C_mean,25,-7.766607666015602
gep18,00,2026-01-28,2026-02-22,gcrew,noaa_gefs,18,Pressure_Pa,25,102546.142578125
gep18,00,2026-01-28,2026-02-22,gcrew,noaa_gefs,18,RH_percent_mean,25,56.11021900177002
gep18,00,2026-01-28,2026-02-22,gcrew,noaa_gefs,18,Rain_mm_sum,25,0
gep18,00,2026-01-28,2026-02-22,gcrew,noaa_gefs,18,ShortwaveRadiation_Wm2,25,200.25
gep18,00,2026-01-28,2026-02-22,gcrew,noaa_gefs,18,WindSpeed_ms_mean,25,7.731225422210707
gep18,00,2026-01-28,2026-02-23,gcrew,noaa_gefs,18,AirTemp_C_mean,26,-2.8251098632812273
gep18,00,2026-01-28,2026-02-23,gcrew,noaa_gefs,18,Pressure_Pa,26,102910.716796875
gep18,00,2026-01-28,2026-02-23,gcrew,noaa_gefs,18,RH_percent_mean,26,53.88744640350342
gep18,00,2026-01-28,2026-02-23,gcrew,noaa_gefs,18,Rain_mm_sum,26,0
gep18,00,2026-01-28,2026-02-23,gcrew,noaa_gefs,18,ShortwaveRadiation_Wm2,26,202.5
gep18,00,2026-01-28,2026-02-23,gcrew,noaa_gefs,18,WindSpeed_ms_mean,26,4.84067752247645
gep18,00,2026-01-28,2026-02-24,gcrew,noaa_gefs,18,AirTemp_C_mean,27,1.597322082519554
gep18,00,2026-01-28,2026-02-24,gcrew,noaa_gefs,18,Pressure_Pa,27,102109.3046875
gep18,00,2026-01-28,2026-02-24,gcrew,noaa_gefs,18,RH_percent_mean,27,62.64256954193115
gep18,00,2026-01-28,2026-02-24,gcrew,noaa_gefs,18,Rain_mm_sum,27,0
gep18,00,2026-01-28,2026-02-24,gcrew,noaa_gefs,18,ShortwaveRadiation_Wm2,27,116.5
gep18,00,2026-01-28,2026-02-24,gcrew,noaa_gefs,18,WindSpeed_ms_mean,27,5.3985288138153145
gep18,00,2026-01-28,2026-02-25,gcrew,noaa_gefs,18,AirTemp_C_mean,28,3.3727813720703352
gep18,00,2026-01-28,2026-02-25,gcrew,noaa_gefs,18,Pressure_Pa,28,101713.029296875
gep18,00,2026-01-28,2026-02-25,gcrew,noaa_gefs,18,RH_percent_mean,28,82.43609428405762
gep18,00,2026-01-28,2026-02-25,gcrew,noaa_gefs,18,Rain_mm_sum,28,0
gep18,00,2026-01-28,2026-02-25,gcrew,noaa_gefs,18,ShortwaveRadiation_Wm2,28,183.25
gep18,00,2026-01-28,2026-02-25,gcrew,noaa_gefs,18,WindSpeed_ms_mean,28,2.7927366152488466
gep18,00,2026-01-28,2026-02-26,gcrew,noaa_gefs,18,AirTemp_C_mean,29,4.269799804687523
gep18,00,2026-01-28,2026-02-26,gcrew,noaa_gefs,18,Pressure_Pa,29,101386.140625
gep18,00,2026-01-28,2026-02-26,gcrew,noaa_gefs,18,RH_percent_mean,29,76.72475337982178
gep18,00,2026-01-28,2026-02-26,gcrew,noaa_gefs,18,Rain_mm_sum,29,0.6100000143051147
gep18,00,2026-01-28,2026-02-26,gcrew,noaa_gefs,18,ShortwaveRadiation_Wm2,29,157.75
gep18,00,2026-01-28,2026-02-26,gcrew,noaa_gefs,18,WindSpeed_ms_mean,29,5.374720606390739
gep18,00,2026-01-28,2026-02-27,gcrew,noaa_gefs,18,AirTemp_C_mean,30,-2.2006057739257585
gep18,00,2026-01-28,2026-02-27,gcrew,noaa_gefs,18,Pressure_Pa,30,102063.791015625
gep18,00,2026-01-28,2026-02-27,gcrew,noaa_gefs,18,RH_percent_mean,30,60.6358585357666
gep18,00,2026-01-28,2026-02-27,gcrew,noaa_gefs,18,Rain_mm_sum,30,0
gep18,00,2026-01-28,2026-02-27,gcrew,noaa_gefs,18,ShortwaveRadiation_Wm2,30,208.75
gep18,00,2026-01-28,2026-02-27,gcrew,noaa_gefs,18,WindSpeed_ms_mean,30,4.223661637522698
gep18,00,2026-01-28,2026-02-28,gcrew,noaa_gefs,18,AirTemp_C_mean,31,2.8180099487304915
gep18,00,2026-01-28,2026-02-28,gcrew,noaa_gefs,18,Pressure_Pa,31,102096.6484375
gep18,00,2026-01-28,2026-02-28,gcrew,noaa_gefs,18,RH_percent_mean,31,73.37237644195557
gep18,00,2026-01-28,2026-02-28,gcrew,noaa_gefs,18,Rain_mm_sum,31,0
gep18,00,2026-01-28,2026-02-28,gcrew,noaa_gefs,18,ShortwaveRadiation_Wm2,31,182.75
gep18,00,2026-01-28,2026-02-28,gcrew,noaa_gefs,18,WindSpeed_ms_mean,31,2.7731910157020536
gep18,00,2026-01-28,2026-03-01,gcrew,noaa_gefs,18,AirTemp_C_mean,32,10.715417480468773
gep18,00,2026-01-28,2026-03-01,gcrew,noaa_gefs,18,Pressure_Pa,32,101821.703125
gep18,00,2026-01-28,2026-03-01,gcrew,noaa_gefs,18,RH_percent_mean,32,78.44407558441162
gep18,00,2026-01-28,2026-03-01,gcrew,noaa_gefs,18,Rain_mm_sum,32,0.10000000149011612
gep18,00,2026-01-28,2026-03-01,gcrew,noaa_gefs,18,ShortwaveRadiation_Wm2,32,188
gep18,00,2026-01-28,2026-03-01,gcrew,noaa_gefs,18,WindSpeed_ms_mean,32,4.440940868795268
gep18,00,2026-01-28,2026-03-02,gcrew,noaa_gefs,18,AirTemp_C_mean,33,8.776765441894554
gep18,00,2026-01-28,2026-03-02,gcrew,noaa_gefs,18,Pressure_Pa,33,102014.58203125
gep18,00,2026-01-28,2026-03-02,gcrew,noaa_gefs,18,RH_percent_mean,33,87.70235443115234
gep18,00,2026-01-28,2026-03-02,gcrew,noaa_gefs,18,Rain_mm_sum,33,1.2000000476837158
gep18,00,2026-01-28,2026-03-02,gcrew,noaa_gefs,18,ShortwaveRadiation_Wm2,33,148.25
gep18,00,2026-01-28,2026-03-02,gcrew,noaa_gefs,18,WindSpeed_ms_mean,33,4.63763027527913
gep18,00,2026-01-28,2026-03-03,gcrew,noaa_gefs,18,AirTemp_C_mean,34,11.128327941894554
gep18,00,2026-01-28,2026-03-03,gcrew,noaa_gefs,18,Pressure_Pa,34,100700.955078125
gep18,00,2026-01-28,2026-03-03,gcrew,noaa_gefs,18,RH_percent_mean,34,81.373138427734375
gep18,00,2026-01-28,2026-03-03,gcrew,noaa_gefs,18,Rain_mm_sum,34,39.5
gep18,00,2026-01-28,2026-03-03,gcrew,noaa_gefs,18,ShortwaveRadiation_Wm2,34,137
gep18,00,2026-01-28,2026-03-03,gcrew,noaa_gefs,18,WindSpeed_ms_mean,34,6.95522383090104
gep19,00,2026-01-28,2026-01-29,gcrew,noaa_gefs,19,AirTemp_C_mean,1,-7.280580902099587
gep19,00,2026-01-28,2026-01-29,gcrew,noaa_gefs,19,Pressure_Pa,1,102287.724609375
gep19,00,2026-01-28,2026-01-29,gcrew,noaa_gefs,19,RH_percent_mean,1,76.07372665405273
gep19,00,2026-01-28,2026-01-29,gcrew,noaa_gefs,19,Rain_mm_sum,1,0.10000000149011612
gep19,00,2026-01-28,2026-01-29,gcrew,noaa_gefs,19,ShortwaveRadiation_Wm2,1,150.125
gep19,00,2026-01-28,2026-01-29,gcrew,noaa_gefs,19,WindSpeed_ms_mean,1,5.488174929013097
gep19,00,2026-01-28,2026-01-30,gcrew,noaa_gefs,19,AirTemp_C_mean,2,-7.0662673950195085
gep19,00,2026-01-28,2026-01-30,gcrew,noaa_gefs,19,Pressure_Pa,2,102186.884765625
gep19,00,2026-01-28,2026-01-30,gcrew,noaa_gefs,19,RH_percent_mean,2,85.883331298828125
gep19,00,2026-01-28,2026-01-30,gcrew,noaa_gefs,19,Rain_mm_sum,2,3.400000035762787
gep19,00,2026-01-28,2026-01-30,gcrew,noaa_gefs,19,ShortwaveRadiation_Wm2,2,91
gep19,00,2026-01-28,2026-01-30,gcrew,noaa_gefs,19,WindSpeed_ms_mean,2,4.310190691157695
gep19,00,2026-01-28,2026-01-31,gcrew,noaa_gefs,19,AirTemp_C_mean,3,-8.19930496215818
gep19,00,2026-01-28,2026-01-31,gcrew,noaa_gefs,19,Pressure_Pa,3,101301.654296875
gep19,00,2026-01-28,2026-01-31,gcrew,noaa_gefs,19,RH_percent_mean,3,95.59107112884521
gep19,00,2026-01-28,2026-01-31,gcrew,noaa_gefs,19,Rain_mm_sum,3,24.890000462532043
gep19,00,2026-01-28,2026-01-31,gcrew,noaa_gefs,19,ShortwaveRadiation_Wm2,3,47
gep19,00,2026-01-28,2026-01-31,gcrew,noaa_gefs,19,WindSpeed_ms_mean,3,10.447140277612919
gep19,00,2026-01-28,2026-02-01,gcrew,noaa_gefs,19,AirTemp_C_mean,4,-5.557821655273415
gep19,00,2026-01-28,2026-02-01,gcrew,noaa_gefs,19,Pressure_Pa,4,99940.41015625
gep19,00,2026-01-28,2026-02-01,gcrew,noaa_gefs,19,RH_percent_mean,4,94.5508918762207
gep19,00,2026-01-28,2026-02-01,gcrew,noaa_gefs,19,Rain_mm_sum,4,22.200000166893005
gep19,00,2026-01-28,2026-02-01,gcrew,noaa_gefs,19,ShortwaveRadiation_Wm2,4,59.5
gep19,00,2026-01-28,2026-02-01,gcrew,noaa_gefs,19,WindSpeed_ms_mean,4,13.510369912418103
gep19,00,2026-01-28,2026-02-02,gcrew,noaa_gefs,19,AirTemp_C_mean,5,-5.524973297119118
gep19,00,2026-01-28,2026-02-02,gcrew,noaa_gefs,19,Pressure_Pa,5,101653.6318359375
gep19,00,2026-01-28,2026-02-02,gcrew,noaa_gefs,19,RH_percent_mean,5,80.55075645446777
gep19,00,2026-01-28,2026-02-02,gcrew,noaa_gefs,19,Rain_mm_sum,5,1.399999976158142
gep19,00,2026-01-28,2026-02-02,gcrew,noaa_gefs,19,ShortwaveRadiation_Wm2,5,151.5
gep19,00,2026-01-28,2026-02-02,gcrew,noaa_gefs,19,WindSpeed_ms_mean,5,8.067561597422333
gep19,00,2026-01-28,2026-02-03,gcrew,noaa_gefs,19,AirTemp_C_mean,6,-5.25441970825193
gep19,00,2026-01-28,2026-02-03,gcrew,noaa_gefs,19,Pressure_Pa,6,102473.724609375
gep19,00,2026-01-28,2026-02-03,gcrew,noaa_gefs,19,RH_percent_mean,6,78.25176620483398
gep19,00,2026-01-28,2026-02-03,gcrew,noaa_gefs,19,Rain_mm_sum,6,0
gep19,00,2026-01-28,2026-02-03,gcrew,noaa_gefs,19,ShortwaveRadiation_Wm2,6,163.375
gep19,00,2026-01-28,2026-02-03,gcrew,noaa_gefs,19,WindSpeed_ms_mean,6,3.967009672131133
gep19,00,2026-01-28,2026-02-04,gcrew,noaa_gefs,19,AirTemp_C_mean,7,-1.8118385314941179
gep19,00,2026-01-28,2026-02-04,gcrew,noaa_gefs,19,Pressure_Pa,7,102940.9130859375
gep19,00,2026-01-28,2026-02-04,gcrew,noaa_gefs,19,RH_percent_mean,7,83.65248394012451
gep19,00,2026-01-28,2026-02-04,gcrew,noaa_gefs,19,Rain_mm_sum,7,0.009999999776482582
gep19,00,2026-01-28,2026-02-04,gcrew,noaa_gefs,19,ShortwaveRadiation_Wm2,7,109.5
gep19,00,2026-01-28,2026-02-04,gcrew,noaa_gefs,19,WindSpeed_ms_mean,7,2.1674175981691817
gep19,00,2026-01-28,2026-02-05,gcrew,noaa_gefs,19,AirTemp_C_mean,8,1.069429016113304
gep19,00,2026-01-28,2026-02-05,gcrew,noaa_gefs,19,Pressure_Pa,8,101906.8251953125
gep19,00,2026-01-28,2026-02-05,gcrew,noaa_gefs,19,RH_percent_mean,8,94.48931217193604
gep19,00,2026-01-28,2026-02-05,gcrew,noaa_gefs,19,Rain_mm_sum,8,0.20000000298023224
gep19,00,2026-01-28,2026-02-05,gcrew,noaa_gefs,19,ShortwaveRadiation_Wm2,8,76.875
gep19,00,2026-01-28,2026-02-05,gcrew,noaa_gefs,19,WindSpeed_ms_mean,8,3.684263806468948
gep19,00,2026-01-28,2026-02-06,gcrew,noaa_gefs,19,AirTemp_C_mean,9,2.753424944196451
gep19,00,2026-01-28,2026-02-06,gcrew,noaa_gefs,19,Pressure_Pa,9,100416.97879464286
gep19,00,2026-01-28,2026-02-06,gcrew,noaa_gefs,19,RH_percent_mean,9,86.28384617396763
gep19,00,2026-01-28,2026-02-06,gcrew,noaa_gefs,19,Rain_mm_sum,9,0.9999999925494194
gep19,00,2026-01-28,2026-02-06,gcrew,noaa_gefs,19,ShortwaveRadiation_Wm2,9,160
gep19,00,2026-01-28,2026-02-06,gcrew,noaa_gefs,19,WindSpeed_ms_mean,9,7.2776915238674205
gep19,00,2026-01-28,2026-02-07,gcrew,noaa_gefs,19,AirTemp_C_mean,10,-5.779425048828102
gep19,00,2026-01-28,2026-02-07,gcrew,noaa_gefs,19,Pressure_Pa,10,101461.65625
gep19,00,2026-01-28,2026-02-07,gcrew,noaa_gefs,19,RH_percent_mean,10,72.17018508911133
gep19,00,2026-01-28,2026-02-07,gcrew,noaa_gefs,19,Rain_mm_sum,10,0
gep19,00,2026-01-28,2026-02-07,gcrew,noaa_gefs,19,ShortwaveRadiation_Wm2,10,149.5
gep19,00,2026-01-28,2026-02-07,gcrew,noaa_gefs,19,WindSpeed_ms_mean,10,4.217680666860886
gep19,00,2026-01-28,2026-02-08,gcrew,noaa_gefs,19,AirTemp_C_mean,11,-7.681547546386696
gep19,00,2026-01-28,2026-02-08,gcrew,noaa_gefs,19,Pressure_Pa,11,102029.173828125
gep19,00,2026-01-28,2026-02-08,gcrew,noaa_gefs,19,RH_percent_mean,11,68.76657009124756
gep19,00,2026-01-28,2026-02-08,gcrew,noaa_gefs,19,Rain_mm_sum,11,0
gep19,00,2026-01-28,2026-02-08,gcrew,noaa_gefs,19,ShortwaveRadiation_Wm2,11,174.25
gep19,00,2026-01-28,2026-02-08,gcrew,noaa_gefs,19,WindSpeed_ms_mean,11,7.886064993607651
gep19,00,2026-01-28,2026-02-09,gcrew,noaa_gefs,19,AirTemp_C_mean,12,-4.058538818359352
gep19,00,2026-01-28,2026-02-09,gcrew,noaa_gefs,19,Pressure_Pa,12,101952.376953125
gep19,00,2026-01-28,2026-02-09,gcrew,noaa_gefs,19,RH_percent_mean,12,68.18047332763672
gep19,00,2026-01-28,2026-02-09,gcrew,noaa_gefs,19,Rain_mm_sum,12,0
gep19,00,2026-01-28,2026-02-09,gcrew,noaa_gefs,19,ShortwaveRadiation_Wm2,12,164.25
gep19,00,2026-01-28,2026-02-09,gcrew,noaa_gefs,19,WindSpeed_ms_mean,12,7.975086568269404
gep19,00,2026-01-28,2026-02-10,gcrew,noaa_gefs,19,AirTemp_C_mean,13,-3.093626403808571
gep19,00,2026-01-28,2026-02-10,gcrew,noaa_gefs,19,Pressure_Pa,13,101960.732421875
gep19,00,2026-01-28,2026-02-10,gcrew,noaa_gefs,19,RH_percent_mean,13,68.68310356140137
gep19,00,2026-01-28,2026-02-10,gcrew,noaa_gefs,19,Rain_mm_sum,13,0
gep19,00,2026-01-28,2026-02-10,gcrew,noaa_gefs,19,ShortwaveRadiation_Wm2,13,134.75
gep19,00,2026-01-28,2026-02-10,gcrew,noaa_gefs,19,WindSpeed_ms_mean,13,5.259966799674645
gep19,00,2026-01-28,2026-02-11,gcrew,noaa_gefs,19,AirTemp_C_mean,14,-4.653044128417946
gep19,00,2026-01-28,2026-02-11,gcrew,noaa_gefs,19,Pressure_Pa,14,101637.04296875
gep19,00,2026-01-28,2026-02-11,gcrew,noaa_gefs,19,RH_percent_mean,14,69.65564918518066
gep19,00,2026-01-28,2026-02-11,gcrew,noaa_gefs,19,Rain_mm_sum,14,0
gep19,00,2026-01-28,2026-02-11,gcrew,noaa_gefs,19,ShortwaveRadiation_Wm2,14,179.5
gep19,00,2026-01-28,2026-02-11,gcrew,noaa_gefs,19,WindSpeed_ms_mean,14,8.026119124547929
gep19,00,2026-01-28,2026-02-12,gcrew,noaa_gefs,19,AirTemp_C_mean,15,-3.519529724121071
gep19,00,2026-01-28,2026-02-12,gcrew,noaa_gefs,19,Pressure_Pa,15,101760.71875
gep19,00,2026-01-28,2026-02-12,gcrew,noaa_gefs,19,RH_percent_mean,15,71.13922119140625
gep19,00,2026-01-28,2026-02-12,gcrew,noaa_gefs,19,Rain_mm_sum,15,0
gep19,00,2026-01-28,2026-02-12,gcrew,noaa_gefs,19,ShortwaveRadiation_Wm2,15,178.25
gep19,00,2026-01-28,2026-02-12,gcrew,noaa_gefs,19,WindSpeed_ms_mean,15,7.753901032955588
gep19,00,2026-01-28,2026-02-13,gcrew,noaa_gefs,19,AirTemp_C_mean,16,-2.7990249633788835
gep19,00,2026-01-28,2026-02-13,gcrew,noaa_gefs,19,Pressure_Pa,16,101736.001953125
gep19,00,2026-01-28,2026-02-13,gcrew,noaa_gefs,19,RH_percent_mean,16,63.89894676208496
gep19,00,2026-01-28,2026-02-13,gcrew,noaa_gefs,19,Rain_mm_sum,16,0
gep19,00,2026-01-28,2026-02-13,gcrew,noaa_gefs,19,ShortwaveRadiation_Wm2,16,143.25
gep19,00,2026-01-28,2026-02-13,gcrew,noaa_gefs,19,WindSpeed_ms_mean,16,6.434746689935362
gep19,00,2026-01-28,2026-02-14,gcrew,noaa_gefs,19,AirTemp_C_mean,17,-2.5064834594726335
gep19,00,2026-01-28,2026-02-14,gcrew,noaa_gefs,19,Pressure_Pa,17,101387.0625
gep19,00,2026-01-28,2026-02-14,gcrew,noaa_gefs,19,RH_percent_mean,17,63.91810321807861
gep19,00,2026-01-28,2026-02-14,gcrew,noaa_gefs,19,Rain_mm_sum,17,0
gep19,00,2026-01-28,2026-02-14,gcrew,noaa_gefs,19,ShortwaveRadiation_Wm2,17,174
gep19,00,2026-01-28,2026-02-14,gcrew,noaa_gefs,19,WindSpeed_ms_mean,17,4.505267943240719
gep19,00,2026-01-28,2026-02-15,gcrew,noaa_gefs,19,AirTemp_C_mean,18,-1.092008972167946
gep19,00,2026-01-28,2026-02-15,gcrew,noaa_gefs,19,Pressure_Pa,18,101645.232421875
gep19,00,2026-01-28,2026-02-15,gcrew,noaa_gefs,19,RH_percent_mean,18,69.99055099487305
gep19,00,2026-01-28,2026-02-15,gcrew,noaa_gefs,19,Rain_mm_sum,18,0
gep19,00,2026-01-28,2026-02-15,gcrew,noaa_gefs,19,ShortwaveRadiation_Wm2,18,159.5
gep19,00,2026-01-28,2026-02-15,gcrew,noaa_gefs,19,WindSpeed_ms_mean,18,3.138143268840961
gep19,00,2026-01-28,2026-02-16,gcrew,noaa_gefs,19,AirTemp_C_mean,19,1.369630432128929
gep19,00,2026-01-28,2026-02-16,gcrew,noaa_gefs,19,Pressure_Pa,19,101803.056640625
gep19,00,2026-01-28,2026-02-16,gcrew,noaa_gefs,19,RH_percent_mean,19,79.61123466491699
gep19,00,2026-01-28,2026-02-16,gcrew,noaa_gefs,19,Rain_mm_sum,19,0.20000000298023224
gep19,00,2026-01-28,2026-02-16,gcrew,noaa_gefs,19,ShortwaveRadiation_Wm2,19,87.75
gep19,00,2026-01-28,2026-02-16,gcrew,noaa_gefs,19,WindSpeed_ms_mean,19,3.3481034252777753
gep19,00,2026-01-28,2026-02-17,gcrew,noaa_gefs,19,AirTemp_C_mean,20,0.7386337280273665
gep19,00,2026-01-28,2026-02-17,gcrew,noaa_gefs,19,Pressure_Pa,20,101786.171875
gep19,00,2026-01-28,2026-02-17,gcrew,noaa_gefs,19,RH_percent_mean,20,84.81830406188965
gep19,00,2026-01-28,2026-02-17,gcrew,noaa_gefs,19,Rain_mm_sum,20,7.099999904632568
gep19,00,2026-01-28,2026-02-17,gcrew,noaa_gefs,19,ShortwaveRadiation_Wm2,20,22.25
gep19,00,2026-01-28,2026-02-17,gcrew,noaa_gefs,19,WindSpeed_ms_mean,20,4.584310341175985
gep19,00,2026-01-28,2026-02-18,gcrew,noaa_gefs,19,AirTemp_C_mean,21,4.854364013671898
gep19,00,2026-01-28,2026-02-18,gcrew,noaa_gefs,19,Pressure_Pa,21,100528.912109375
gep19,00,2026-01-28,2026-02-18,gcrew,noaa_gefs,19,RH_percent_mean,21,98.09432792663574
gep19,00,2026-01-28,2026-02-18,gcrew,noaa_gefs,19,Rain_mm_sum,21,9.100000143051147
gep19,00,2026-01-28,2026-02-18,gcrew,noaa_gefs,19,ShortwaveRadiation_Wm2,21,34
gep19,00,2026-01-28,2026-02-18,gcrew,noaa_gefs,19,WindSpeed_ms_mean,21,2.3743466397881434
gep19,00,2026-01-28,2026-02-19,gcrew,noaa_gefs,19,AirTemp_C_mean,22,2.8552337646484602
gep19,00,2026-01-28,2026-02-19,gcrew,noaa_gefs,19,Pressure_Pa,22,100285.193359375
gep19,00,2026-01-28,2026-02-19,gcrew,noaa_gefs,19,RH_percent_mean,22,85.17862129211426
gep19,00,2026-01-28,2026-02-19,gcrew,noaa_gefs,19,Rain_mm_sum,22,0.30000001192092896
gep19,00,2026-01-28,2026-02-19,gcrew,noaa_gefs,19,ShortwaveRadiation_Wm2,22,69.75
gep19,00,2026-01-28,2026-02-19,gcrew,noaa_gefs,19,WindSpeed_ms_mean,22,4.774511407394309
gep19,00,2026-01-28,2026-02-20,gcrew,noaa_gefs,19,AirTemp_C_mean,23,-9.267301940917946
gep19,00,2026-01-28,2026-02-20,gcrew,noaa_gefs,19,Pressure_Pa,23,101475.0859375
gep19,00,2026-01-28,2026-02-20,gcrew,noaa_gefs,19,RH_percent_mean,23,50.81293869018555
gep19,00,2026-01-28,2026-02-20,gcrew,noaa_gefs,19,Rain_mm_sum,23,0
gep19,00,2026-01-28,2026-02-20,gcrew,noaa_gefs,19,ShortwaveRadiation_Wm2,23,183
gep19,00,2026-01-28,2026-02-20,gcrew,noaa_gefs,19,WindSpeed_ms_mean,23,10.622410091968261
gep19,00,2026-01-28,2026-02-21,gcrew,noaa_gefs,19,AirTemp_C_mean,24,-10.929685974121071
gep19,00,2026-01-28,2026-02-21,gcrew,noaa_gefs,19,Pressure_Pa,24,102074.087890625
gep19,00,2026-01-28,2026-02-21,gcrew,noaa_gefs,19,RH_percent_mean,24,47.823272705078125
gep19,00,2026-01-28,2026-02-21,gcrew,noaa_gefs,19,Rain_mm_sum,24,0
gep19,00,2026-01-28,2026-02-21,gcrew,noaa_gefs,19,ShortwaveRadiation_Wm2,24,187
gep19,00,2026-01-28,2026-02-21,gcrew,noaa_gefs,19,WindSpeed_ms_mean,24,6.5561279655405835
gep19,00,2026-01-28,2026-02-22,gcrew,noaa_gefs,19,AirTemp_C_mean,25,-7.766607666015602
gep19,00,2026-01-28,2026-02-22,gcrew,noaa_gefs,19,Pressure_Pa,25,102546.142578125
gep19,00,2026-01-28,2026-02-22,gcrew,noaa_gefs,19,RH_percent_mean,25,56.11021900177002
gep19,00,2026-01-28,2026-02-22,gcrew,noaa_gefs,19,Rain_mm_sum,25,0
gep19,00,2026-01-28,2026-02-22,gcrew,noaa_gefs,19,ShortwaveRadiation_Wm2,25,200.25
gep19,00,2026-01-28,2026-02-22,gcrew,noaa_gefs,19,WindSpeed_ms_mean,25,7.731225422210707
gep19,00,2026-01-28,2026-02-23,gcrew,noaa_gefs,19,AirTemp_C_mean,26,-2.8251098632812273
gep19,00,2026-01-28,2026-02-23,gcrew,noaa_gefs,19,Pressure_Pa,26,102910.716796875
gep19,00,2026-01-28,2026-02-23,gcrew,noaa_gefs,19,RH_percent_mean,26,53.88744640350342
gep19,00,2026-01-28,2026-02-23,gcrew,noaa_gefs,19,Rain_mm_sum,26,0
gep19,00,2026-01-28,2026-02-23,gcrew,noaa_gefs,19,ShortwaveRadiation_Wm2,26,202.5
gep19,00,2026-01-28,2026-02-23,gcrew,noaa_gefs,19,WindSpeed_ms_mean,26,4.84067752247645
gep19,00,2026-01-28,2026-02-24,gcrew,noaa_gefs,19,AirTemp_C_mean,27,1.597322082519554
gep19,00,2026-01-28,2026-02-24,gcrew,noaa_gefs,19,Pressure_Pa,27,102109.3046875
gep19,00,2026-01-28,2026-02-24,gcrew,noaa_gefs,19,RH_percent_mean,27,62.64256954193115
gep19,00,2026-01-28,2026-02-24,gcrew,noaa_gefs,19,Rain_mm_sum,27,0
gep19,00,2026-01-28,2026-02-24,gcrew,noaa_gefs,19,ShortwaveRadiation_Wm2,27,116.5
gep19,00,2026-01-28,2026-02-24,gcrew,noaa_gefs,19,WindSpeed_ms_mean,27,5.3985288138153145
gep19,00,2026-01-28,2026-02-25,gcrew,noaa_gefs,19,AirTemp_C_mean,28,3.3727813720703352
gep19,00,2026-01-28,2026-02-25,gcrew,noaa_gefs,19,Pressure_Pa,28,101713.029296875
gep19,00,2026-01-28,2026-02-25,gcrew,noaa_gefs,19,RH_percent_mean,28,82.43609428405762
gep19,00,2026-01-28,2026-02-25,gcrew,noaa_gefs,19,Rain_mm_sum,28,0
gep19,00,2026-01-28,2026-02-25,gcrew,noaa_gefs,19,ShortwaveRadiation_Wm2,28,183.25
gep19,00,2026-01-28,2026-02-25,gcrew,noaa_gefs,19,WindSpeed_ms_mean,28,2.7927366152488466
gep19,00,2026-01-28,2026-02-26,gcrew,noaa_gefs,19,AirTemp_C_mean,29,4.269799804687523
gep19,00,2026-01-28,2026-02-26,gcrew,noaa_gefs,19,Pressure_Pa,29,101386.140625
gep19,00,2026-01-28,2026-02-26,gcrew,noaa_gefs,19,RH_percent_mean,29,76.72475337982178
gep19,00,2026-01-28,2026-02-26,gcrew,noaa_gefs,19,Rain_mm_sum,29,0.6100000143051147
gep19,00,2026-01-28,2026-02-26,gcrew,noaa_gefs,19,ShortwaveRadiation_Wm2,29,157.75
gep19,00,2026-01-28,2026-02-26,gcrew,noaa_gefs,19,WindSpeed_ms_mean,29,5.374720606390739
gep19,00,2026-01-28,2026-02-27,gcrew,noaa_gefs,19,AirTemp_C_mean,30,-2.2006057739257585
gep19,00,2026-01-28,2026-02-27,gcrew,noaa_gefs,19,Pressure_Pa,30,102063.791015625
gep19,00,2026-01-28,2026-02-27,gcrew,noaa_gefs,19,RH_percent_mean,30,60.6358585357666
gep19,00,2026-01-28,2026-02-27,gcrew,noaa_gefs,19,Rain_mm_sum,30,0
gep19,00,2026-01-28,2026-02-27,gcrew,noaa_gefs,19,ShortwaveRadiation_Wm2,30,208.75
gep19,00,2026-01-28,2026-02-27,gcrew,noaa_gefs,19,WindSpeed_ms_mean,30,4.223661637522698
gep19,00,2026-01-28,2026-02-28,gcrew,noaa_gefs,19,AirTemp_C_mean,31,2.8180099487304915
gep19,00,2026-01-28,2026-02-28,gcrew,noaa_gefs,19,Pressure_Pa,31,102096.6484375
gep19,00,2026-01-28,2026-02-28,gcrew,noaa_gefs,19,RH_percent_mean,31,73.37237644195557
gep19,00,2026-01-28,2026-02-28,gcrew,noaa_gefs,19,Rain_mm_sum,31,0
gep19,00,2026-01-28,2026-02-28,gcrew,noaa_gefs,19,ShortwaveRadiation_Wm2,31,182.75
gep19,00,2026-01-28,2026-02-28,gcrew,noaa_gefs,19,WindSpeed_ms_mean,31,2.7731910157020536
gep19,00,2026-01-28,2026-03-01,gcrew,noaa_gefs,19,AirTemp_C_mean,32,10.715417480468773
gep19,00,2026-01-28,2026-03-01,gcrew,noaa_gefs,19,Pressure_Pa,32,101821.703125
gep19,00,2026-01-28,2026-03-01,gcrew,noaa_gefs,19,RH_percent_mean,32,78.44407558441162
gep19,00,2026-01-28,2026-03-01,gcrew,noaa_gefs,19,Rain_mm_sum,32,0.10000000149011612
gep19,00,2026-01-28,2026-03-01,gcrew,noaa_gefs,19,ShortwaveRadiation_Wm2,32,188
gep19,00,2026-01-28,2026-03-01,gcrew,noaa_gefs,19,WindSpeed_ms_mean,32,4.440940868795268
gep19,00,2026-01-28,2026-03-02,gcrew,noaa_gefs,19,AirTemp_C_mean,33,8.776765441894554
gep19,00,2026-01-28,2026-03-02,gcrew,noaa_gefs,19,Pressure_Pa,33,102014.58203125
gep19,00,2026-01-28,2026-03-02,gcrew,noaa_gefs,19,RH_percent_mean,33,87.70235443115234
gep19,00,2026-01-28,2026-03-02,gcrew,noaa_gefs,19,Rain_mm_sum,33,1.2000000476837158
gep19,00,2026-01-28,2026-03-02,gcrew,noaa_gefs,19,ShortwaveRadiation_Wm2,33,148.25
gep19,00,2026-01-28,2026-03-02,gcrew,noaa_gefs,19,WindSpeed_ms_mean,33,4.63763027527913
gep19,00,2026-01-28,2026-03-03,gcrew,noaa_gefs,19,AirTemp_C_mean,34,11.128327941894554
gep19,00,2026-01-28,2026-03-03,gcrew,noaa_gefs,19,Pressure_Pa,34,100700.955078125
gep19,00,2026-01-28,2026-03-03,gcrew,noaa_gefs,19,RH_percent_mean,34,81.373138427734375
gep19,00,2026-01-28,2026-03-03,gcrew,noaa_gefs,19,Rain_mm_sum,34,39.5
gep19,00,2026-01-28,2026-03-03,gcrew,noaa_gefs,19,ShortwaveRadiation_Wm2,34,137
gep19,00,2026-01-28,2026-03-03,gcrew,noaa_gefs,19,WindSpeed_ms_mean,34,6.95522383090104
gep20,00,2026-01-28,2026-01-29,gcrew,noaa_gefs,20,AirTemp_C_mean,1,-7.280580902099587
gep20,00,2026-01-28,2026-01-29,gcrew,noaa_gefs,20,Pressure_Pa,1,102287.724609375
gep20,00,2026-01-28,2026-01-29,gcrew,noaa_gefs,20,RH_percent_mean,1,76.07372665405273
gep20,00,2026-01-28,2026-01-29,gcrew,noaa_gefs,20,Rain_mm_sum,1,0.10000000149011612
gep20,00,2026-01-28,2026-01-29,gcrew,noaa_gefs,20,ShortwaveRadiation_Wm2,1,150.125
gep20,00,2026-01-28,2026-01-29,gcrew,noaa_gefs,20,WindSpeed_ms_mean,1,5.488174929013097
gep20,00,2026-01-28,2026-01-30,gcrew,noaa_gefs,20,AirTemp_C_mean,2,-7.0662673950195085
gep20,00,2026-01-28,2026-01-30,gcrew,noaa_gefs,20,Pressure_Pa,2,102186.884765625
gep20,00,2026-01-28,2026-01-30,gcrew,noaa_gefs,20,RH_percent_mean,2,85.883331298828125
gep20,00,2026-01-28,2026-01-30,gcrew,noaa_gefs,20,Rain_mm_sum,2,3.400000035762787
gep20,00,2026-01-28,2026-01-30,gcrew,noaa_gefs,20,ShortwaveRadiation_Wm2,2,91
gep20,00,2026-01-28,2026-01-30,gcrew,noaa_gefs,20,WindSpeed_ms_mean,2,4.310190691157695
gep20,00,2026-01-28,2026-01-31,gcrew,noaa_gefs,20,AirTemp_C_mean,3,-8.19930496215818
gep20,00,2026-01-28,2026-01-31,gcrew,noaa_gefs,20,Pressure_Pa,3,101301.654296875
gep20,00,2026-01-28,2026-01-31,gcrew,noaa_gefs,20,RH_percent_mean,3,95.59107112884521
gep20,00,2026-01-28,2026-01-31,gcrew,noaa_gefs,20,Rain_mm_sum,3,24.890000462532043
gep20,00,2026-01-28,2026-01-31,gcrew,noaa_gefs,20,ShortwaveRadiation_Wm2,3,47
gep20,00,2026-01-28,2026-01-31,gcrew,noaa_gefs,20,WindSpeed_ms_mean,3,10.447140277612919
gep20,00,2026-01-28,2026-02-01,gcrew,noaa_gefs,20,AirTemp_C_mean,4,-5.557821655273415
gep20,00,2026-01-28,2026-02-01,gcrew,noaa_gefs,20,Pressure_Pa,4,99940.41015625
gep20,00,2026-01-28,2026-02-01,gcrew,noaa_gefs,20,RH_percent_mean,4,94.5508918762207
gep20,00,2026-01-28,2026-02-01,gcrew,noaa_gefs,20,Rain_mm_sum,4,22.200000166893005
gep20,00,2026-01-28,2026-02-01,gcrew,noaa_gefs,20,ShortwaveRadiation_Wm2,4,59.5
gep20,00,2026-01-28,2026-02-01,gcrew,noaa_gefs,20,WindSpeed_ms_mean,4,13.510369912418103
gep20,00,2026-01-28,2026-02-02,gcrew,noaa_gefs,20,AirTemp_C_mean,5,-5.524973297119118
gep20,00,2026-01-28,2026-02-02,gcrew,noaa_gefs,20,Pressure_Pa,5,101653.6318359375
gep20,00,2026-01-28,2026-02-02,gcrew,noaa_gefs,20,RH_percent_mean,5,80.55075645446777
gep20,00,2026-01-28,2026-02-02,gcrew,noaa_gefs,20,Rain_mm_sum,5,1.399999976158142
gep20,00,2026-01-28,2026-02-02,gcrew,noaa_gefs,20,ShortwaveRadiation_Wm2,5,151.5
gep20,00,2026-01-28,2026-02-02,gcrew,noaa_gefs,20,WindSpeed_ms_mean,5,8.067561597422333
gep20,00,2026-01-28,2026-02-03,gcrew,noaa_gefs,20,AirTemp_C_mean,6,-5.25441970825193
gep20,00,2026-01-28,2026-02-03,gcrew,noaa_gefs,20,Pressure_Pa,6,102473.724609375
gep20,00,2026-01-28,2026-02-03,gcrew,noaa_gefs,20,RH_percent_mean,6,78.25176620483398
gep20,00,2026-01-28,2026-02-03,gcrew,noaa_gefs,20,Rain_mm_sum,6,0
gep20,00,2026-01-28,2026-02-03,gcrew,noaa_gefs,20,ShortwaveRadiation_Wm2,6,163.375
gep20,00,2026-01-28,2026-02-03,gcrew,noaa_gefs,20,WindSpeed_ms_mean,6,3.967009672131133
gep20,00,2026-01-28,2026-02-04,gcrew,noaa_gefs,20,AirTemp_C_mean,7,-1.8118385314941179
gep20,00,2026-01-28,2026-02-04,gcrew,noaa_gefs,20,Pressure_Pa,7,102940.9130859375
gep20,00,2026-01-28,2026-02-04,gcrew,noaa_gefs,20,RH_percent_mean,7,83.65248394012451
gep20,00,2026-01-28,2026-02-04,gcrew,noaa_gefs,20,Rain_mm_sum,7,0.009999999776482582
gep20,00,2026-01-28,2026-02-04,gcrew,noaa_gefs,20,ShortwaveRadiation_Wm2,7,109.5
gep20,00,2026-01-28,2026-02-04,gcrew,noaa_gefs,20,WindSpeed_ms_mean,7,2.1674175981691817
gep20,00,2026-01-28,2026-02-05,gcrew,noaa_gefs,20,AirTemp_C_mean,8,1.069429016113304
gep20,00,2026-01-28,2026-02-05,gcrew,noaa_gefs,20,Pressure_Pa,8,101906.8251953125
gep20,00,2026-01-28,2026-02-05,gcrew,noaa_gefs,20,RH_percent_mean,8,94.48931217193604
gep20,00,2026-01-28,2026-02-05,gcrew,noaa_gefs,20,Rain_mm_sum,8,0.20000000298023224
gep20,00,2026-01-28,2026-02-05,gcrew,noaa_gefs,20,ShortwaveRadiation_Wm2,8,76.875
gep20,00,2026-01-28,2026-02-05,gcrew,noaa_gefs,20,WindSpeed_ms_mean,8,3.684263806468948
gep20,00,2026-01-28,2026-02-06,gcrew,noaa_gefs,20,AirTemp_C_mean,9,2.753424944196451
gep20,00,2026-01-28,2026-02-06,gcrew,noaa_gefs,20,Pressure_Pa,9,100416.97879464286
gep20,00,2026-01-28,2026-02-06,gcrew,noaa_gefs,20,RH_percent_mean,9,86.28384617396763
gep20,00,2026-01-28,2026-02-06,gcrew,noaa_gefs,20,Rain_mm_sum,9,0.9999999925494194
gep20,00,2026-01-28,2026-02-06,gcrew,noaa_gefs,20,ShortwaveRadiation_Wm2,9,160
gep20,00,2026-01-28,2026-02-06,gcrew,noaa_gefs,20,WindSpeed_ms_mean,9,7.2776915238674205
gep20,00,2026-01-28,2026-02-07,gcrew,noaa_gefs,20,AirTemp_C_mean,10,-5.779425048828102
gep20,00,2026-01-28,2026-02-07,gcrew,noaa_gefs,20,Pressure_Pa,10,101461.65625
gep20,00,2026-01-28,2026-02-07,gcrew,noaa_gefs,20,RH_percent_mean,10,72.17018508911133
gep20,00,2026-01-28,2026-02-07,gcrew,noaa_gefs,20,Rain_mm_sum,10,0
gep20,00,2026-01-28,2026-02-07,gcrew,noaa_gefs,20,ShortwaveRadiation_Wm2,10,149.5
gep20,00,2026-01-28,2026-02-07,gcrew,noaa_gefs,20,WindSpeed_ms_mean,10,4.217680666860886
gep20,00,2026-01-28,2026-02-08,gcrew,noaa_gefs,20,AirTemp_C_mean,11,-7.681547546386696
gep20,00,2026-01-28,2026-02-08,gcrew,noaa_gefs,20,Pressure_Pa,11,102029.173828125
gep20,00,2026-01-28,2026-02-08,gcrew,noaa_gefs,20,RH_percent_mean,11,68.76657009124756
gep20,00,2026-01-28,2026-02-08,gcrew,noaa_gefs,20,Rain_mm_sum,11,0
gep20,00,2026-01-28,2026-02-08,gcrew,noaa_gefs,20,ShortwaveRadiation_Wm2,11,174.25
gep20,00,2026-01-28,2026-02-08,gcrew,noaa_gefs,20,WindSpeed_ms_mean,11,7.886064993607651
gep20,00,2026-01-28,2026-02-09,gcrew,noaa_gefs,20,AirTemp_C_mean,12,-4.058538818359352
gep20,00,2026-01-28,2026-02-09,gcrew,noaa_gefs,20,Pressure_Pa,12,101952.376953125
gep20,00,2026-01-28,2026-02-09,gcrew,noaa_gefs,20,RH_percent_mean,12,68.18047332763672
gep20,00,2026-01-28,2026-02-09,gcrew,noaa_gefs,20,Rain_mm_sum,12,0
gep20,00,2026-01-28,2026-02-09,gcrew,noaa_gefs,20,ShortwaveRadiation_Wm2,12,164.25
gep20,00,2026-01-28,2026-02-09,gcrew,noaa_gefs,20,WindSpeed_ms_mean,12,7.975086568269404
gep20,00,2026-01-28,2026-02-10,gcrew,noaa_gefs,20,AirTemp_C_mean,13,-3.093626403808571
gep20,00,2026-01-28,2026-02-10,gcrew,noaa_gefs,20,Pressure_Pa,13,101960.732421875
gep20,00,2026-01-28,2026-02-10,gcrew,noaa_gefs,20,RH_percent_mean,13,68.68310356140137
gep20,00,2026-01-28,2026-02-10,gcrew,noaa_gefs,20,Rain_mm_sum,13,0
gep20,00,2026-01-28,2026-02-10,gcrew,noaa_gefs,20,ShortwaveRadiation_Wm2,13,134.75
gep20,00,2026-01-28,2026-02-10,gcrew,noaa_gefs,20,WindSpeed_ms_mean,13,5.259966799674645
gep20,00,2026-01-28,2026-02-11,gcrew,noaa_gefs,20,AirTemp_C_mean,14,-4.653044128417946
gep20,00,2026-01-28,2026-02-11,gcrew,noaa_gefs,20,Pressure_Pa,14,101637.04296875
gep20,00,2026-01-28,2026-02-11,gcrew,noaa_gefs,20,RH_percent_mean,14,69.65564918518066
gep20,00,2026-01-28,2026-02-11,gcrew,noaa_gefs,20,Rain_mm_sum,14,0
gep20,00,2026-01-28,2026-02-11,gcrew,noaa_gefs,20,ShortwaveRadiation_Wm2,14,179.5
gep20,00,2026-01-28,2026-02-11,gcrew,noaa_gefs,20,WindSpeed_ms_mean,14,8.026119124547929
gep20,00,2026-01-28,2026-02-12,gcrew,noaa_gefs,20,AirTemp_C_mean,15,-3.519529724121071
gep20,00,2026-01-28,2026-02-12,gcrew,noaa_gefs,20,Pressure_Pa,15,101760.71875
gep20,00,2026-01-28,2026-02-12,gcrew,noaa_gefs,20,RH_percent_mean,15,71.13922119140625
gep20,00,2026-01-28,2026-02-12,gcrew,noaa_gefs,20,Rain_mm_sum,15,0
gep20,00,2026-01-28,2026-02-12,gcrew,noaa_gefs,20,ShortwaveRadiation_Wm2,15,178.25
gep20,00,2026-01-28,2026-02-12,gcrew,noaa_gefs,20,WindSpeed_ms_mean,15,7.753901032955588
gep20,00,2026-01-28,2026-02-13,gcrew,noaa_gefs,20,AirTemp_C_mean,16,-2.7990249633788835
gep20,00,2026-01-28,2026-02-13,gcrew,noaa_gefs,20,Pressure_Pa,16,101736.001953125
gep20,00,2026-01-28,2026-02-13,gcrew,noaa_gefs,20,RH_percent_mean,16,63.89894676208496
gep20,00,2026-01-28,2026-02-13,gcrew,noaa_gefs,20,Rain_mm_sum,16,0
gep20,00,2026-01-28,2026-02-13,gcrew,noaa_gefs,20,ShortwaveRadiation_Wm2,16,143.25
gep20,00,2026-01-28,2026-02-13,gcrew,noaa_gefs,20,WindSpeed_ms_mean,16,6.434746689935362
gep20,00,2026-01-28,2026-02-14,gcrew,noaa_gefs,20,AirTemp_C_mean,17,-2.5064834594726335
gep20,00,2026-01-28,2026-02-14,gcrew,noaa_gefs,20,Pressure_Pa,17,101387.0625
gep20,00,2026-01-28,2026-02-14,gcrew,noaa_gefs,20,RH_percent_mean,17,63.91810321807861
gep20,00,2026-01-28,2026-02-14,gcrew,noaa_gefs,20,Rain_mm_sum,17,0
gep20,00,2026-01-28,2026-02-14,gcrew,noaa_gefs,20,ShortwaveRadiation_Wm2,17,174
gep20,00,2026-01-28,2026-02-14,gcrew,noaa_gefs,20,WindSpeed_ms_mean,17,4.505267943240719
gep20,00,2026-01-28,2026-02-15,gcrew,noaa_gefs,20,AirTemp_C_mean,18,-1.092008972167946
gep20,00,2026-01-28,2026-02-15,gcrew,noaa_gefs,20,Pressure_Pa,18,101645.232421875
gep20,00,2026-01-28,2026-02-15,gcrew,noaa_gefs,20,RH_percent_mean,18,69.99055099487305
gep20,00,2026-01-28,2026-02-15,gcrew,noaa_gefs,20,Rain_mm_sum,18,0
gep20,00,2026-01-28,2026-02-15,gcrew,noaa_gefs,20,ShortwaveRadiation_Wm2,18,159.5
gep20,00,2026-01-28,2026-02-15,gcrew,noaa_gefs,20,WindSpeed_ms_mean,18,3.138143268840961
gep20,00,2026-01-28,2026-02-16,gcrew,noaa_gefs,20,AirTemp_C_mean,19,1.369630432128929
gep20,00,2026-01-28,2026-02-16,gcrew,noaa_gefs,20,Pressure_Pa,19,101803.056640625
gep20,00,2026-01-28,2026-02-16,gcrew,noaa_gefs,20,RH_percent_mean,19,79.61123466491699
gep20,00,2026-01-28,2026-02-16,gcrew,noaa_gefs,20,Rain_mm_sum,19,0.20000000298023224
gep20,00,2026-01-28,2026-02-16,gcrew,noaa_gefs,20,ShortwaveRadiation_Wm2,19,87.75
gep20,00,2026-01-28,2026-02-16,gcrew,noaa_gefs,20,WindSpeed_ms_mean,19,3.3481034252777753
gep20,00,2026-01-28,2026-02-17,gcrew,noaa_gefs,20,AirTemp_C_mean,20,0.7386337280273665
gep20,00,2026-01-28,2026-02-17,gcrew,noaa_gefs,20,Pressure_Pa,20,101786.171875
gep20,00,2026-01-28,2026-02-17,gcrew,noaa_gefs,20,RH_percent_mean,20,84.81830406188965
gep20,00,2026-01-28,2026-02-17,gcrew,noaa_gefs,20,Rain_mm_sum,20,7.099999904632568
gep20,00,2026-01-28,2026-02-17,gcrew,noaa_gefs,20,ShortwaveRadiation_Wm2,20,22.25
gep20,00,2026-01-28,2026-02-17,gcrew,noaa_gefs,20,WindSpeed_ms_mean,20,4.584310341175985
gep20,00,2026-01-28,2026-02-18,gcrew,noaa_gefs,20,AirTemp_C_mean,21,4.854364013671898
gep20,00,2026-01-28,2026-02-18,gcrew,noaa_gefs,20,Pressure_Pa,21,100528.912109375
gep20,00,2026-01-28,2026-02-18,gcrew,noaa_gefs,20,RH_percent_mean,21,98.09432792663574
gep20,00,2026-01-28,2026-02-18,gcrew,noaa_gefs,20,Rain_mm_sum,21,9.100000143051147
gep20,00,2026-01-28,2026-02-18,gcrew,noaa_gefs,20,ShortwaveRadiation_Wm2,21,34
gep20,00,2026-01-28,2026-02-18,gcrew,noaa_gefs,20,WindSpeed_ms_mean,21,2.3743466397881434
gep20,00,2026-01-28,2026-02-19,gcrew,noaa_gefs,20,AirTemp_C_mean,22,2.8552337646484602
gep20,00,2026-01-28,2026-02-19,gcrew,noaa_gefs,20,Pressure_Pa,22,100285.193359375
gep20,00,2026-01-28,2026-02-19,gcrew,noaa_gefs,20,RH_percent_mean,22,85.17862129211426
gep20,00,2026-01-28,2026-02-19,gcrew,noaa_gefs,20,Rain_mm_sum,22,0.30000001192092896
gep20,00,2026-01-28,2026-02-19,gcrew,noaa_gefs,20,ShortwaveRadiation_Wm2,22,69.75
gep20,00,2026-01-28,2026-02-19,gcrew,noaa_gefs,20,WindSpeed_ms_mean,22,4.774511407394309
gep20,00,2026-01-28,2026-02-20,gcrew,noaa_gefs,20,AirTemp_C_mean,23,-9.267301940917946
gep20,00,2026-01-28,2026-02-20,gcrew,noaa_gefs,20,Pressure_Pa,23,101475.0859375
gep20,00,2026-01-28,2026-02-20,gcrew,noaa_gefs,20,RH_percent_mean,23,50.81293869018555
gep20,00,2026-01-28,2026-02-20,gcrew,noaa_gefs,20,Rain_mm_sum,23,0
gep20,00,2026-01-28,2026-02-20,gcrew,noaa_gefs,20,ShortwaveRadiation_Wm2,23,183
gep20,00,2026-01-28,2026-02-20,gcrew,noaa_gefs,20,WindSpeed_ms_mean,23,10.622410091968261
gep20,00,2026-01-28,2026-02-21,gcrew,noaa_gefs,20,AirTemp_C_mean,24,-10.929685974121071
gep20,00,2026-01-28,2026-02-21,gcrew,noaa_gefs,20,Pressure_Pa,24,102074.087890625
gep20,00,2026-01-28,2026-02-21,gcrew,noaa_gefs,20,RH_percent_mean,24,47.823272705078125
gep20,00,2026-01-28,2026-02-21,gcrew,noaa_gefs,20,Rain_mm_sum,24,0
gep20,00,2026-01-28,2026-02-21,gcrew,noaa_gefs,20,ShortwaveRadiation_Wm2,24,187
gep20,00,2026-01-28,2026-02-21,gcrew,noaa_gefs,20,WindSpeed_ms_mean,24,6.5561279655405835
gep20,00,2026-01-28,2026-02-22,gcrew,noaa_gefs,20,AirTemp_C_mean,25,-7.766607666015602
gep20,00,2026-01-28,2026-02-22,gcrew,noaa_gefs,20,Pressure_Pa,25,102546.142578125
gep20,00,2026-01-28,2026-02-22,gcrew,noaa_gefs,20,RH_percent_mean,25,56.11021900177002
gep20,00,2026-01-28,2026-02-22,gcrew,noaa_gefs,20,Rain_mm_sum,25,0
gep20,00,2026-01-28,2026-02-22,gcrew,noaa_gefs,20,ShortwaveRadiation_Wm2,25,200.25
gep20,00,2026-01-28,2026-02-22,gcrew,noaa_gefs,20,WindSpeed_ms_mean,25,7.731225422210707
gep20,00,2026-01-28,2026-02-23,gcrew,noaa_gefs,20,AirTemp_C_mean,26,-2.8251098632812273
gep20,00,2026-01-28,2026-02-23,gcrew,noaa_gefs,20,Pressure_Pa,26,102910.716796875
gep20,00,2026-01-28,2026-02-23,gcrew,noaa_gefs,20,RH_percent_mean,26,53.88744640350342
gep20,00,2026-01-28,2026-02-23,gcrew,noaa_gefs,20,Rain_mm_sum,26,0
gep20,00,2026-01-28,2026-02-23,gcrew,noaa_gefs,20,ShortwaveRadiation_Wm2,26,202.5
gep20,00,2026-01-28,2026-02-23,gcrew,noaa_gefs,20,WindSpeed_ms_mean,26,4.84067752247645
gep20,00,2026-01-28,2026-02-24,gcrew,noaa_gefs,20,AirTemp_C_mean,27,1.597322082519554
gep20,00,2026-01-28,2026-02-24,gcrew,noaa_gefs,20,Pressure_Pa,27,102109.3046875
gep20,00,2026-01-28,2026-02-24,gcrew,noaa_gefs,20,RH_percent_mean,27,62.64256954193115
gep20,00,2026-01-28,2026-02-24,gcrew,noaa_gefs,20,Rain_mm_sum,27,0
gep20,00,2026-01-28,2026-02-24,gcrew,noaa_gefs,20,ShortwaveRadiation_Wm2,27,116.5
gep20,00,2026-01-28,2026-02-24,gcrew,noaa_gefs,20,WindSpeed_ms_mean,27,5.3985288138153145
gep20,00,2026-01-28,2026-02-25,gcrew,noaa_gefs,20,AirTemp_C_mean,28,3.3727813720703352
gep20,00,2026-01-28,2026-02-25,gcrew,noaa_gefs,20,Pressure_Pa,28,101713.029296875
gep20,00,2026-01-28,2026-02-25,gcrew,noaa_gefs,20,RH_percent_mean,28,82.43609428405762
gep20,00,2026-01-28,2026-02-25,gcrew,noaa_gefs,20,Rain_mm_sum,28,0
gep20,00,2026-01-28,2026-02-25,gcrew,noaa_gefs,20,ShortwaveRadiation_Wm2,28,183.25
gep20,00,2026-01-28,2026-02-25,gcrew,noaa_gefs,20,WindSpeed_ms_mean,28,2.7927366152488466
gep20,00,2026-01-28,2026-02-26,gcrew,noaa_gefs,20,AirTemp_C_mean,29,4.269799804687523
gep20,00,2026-01-28,2026-02-26,gcrew,noaa_gefs,20,Pressure_Pa,29,101386.140625
gep20,00,2026-01-28,2026-02-26,gcrew,noaa_gefs,20,RH_percent_mean,29,76.72475337982178
gep20,00,2026-01-28,2026-02-26,gcrew,noaa_gefs,20,Rain_mm_sum,29,0.6100000143051147
gep20,00,2026-01-28,2026-02-26,gcrew,noaa_gefs,20,ShortwaveRadiation_Wm2,29,157.75
gep20,00,2026-01-28,2026-02-26,gcrew,noaa_gefs,20,WindSpeed_ms_mean,29,5.374720606390739
gep20,00,2026-01-28,2026-02-27,gcrew,noaa_gefs,20,AirTemp_C_mean,30,-2.2006057739257585
gep20,00,2026-01-28,2026-02-27,gcrew,noaa_gefs,20,Pressure_Pa,30,102063.791015625
gep20,00,2026-01-28,2026-02-27,gcrew,noaa_gefs,20,RH_percent_mean,30,60.6358585357666
gep20,00,2026-01-28,2026-02-27,gcrew,noaa_gefs,20,Rain_mm_sum,30,0
gep20,00,2026-01-28,2026-02-27,gcrew,noaa_gefs,20,ShortwaveRadiation_Wm2,30,208.75
gep20,00,2026-01-28,2026-02-27,gcrew,noaa_gefs,20,WindSpeed_ms_mean,30,4.223661637522698
gep20,00,2026-01-28,2026-02-28,gcrew,noaa_gefs,20,AirTemp_C_mean,31,2.8180099487304915
gep20,00,2026-01-28,2026-02-28,gcrew,noaa_gefs,20,Pressure_Pa,31,102096.6484375
gep20,00,2026-01-28,2026-02-28,gcrew,noaa_gefs,20,RH_percent_mean,31,73.37237644195557
gep20,00,2026-01-28,2026-02-28,gcrew,noaa_gefs,20,Rain_mm_sum,31,0
gep20,00,2026-01-28,2026-02-28,gcrew,noaa_gefs,20,ShortwaveRadiation_Wm2,31,182.75
gep20,00,2026-01-28,2026-02-28,gcrew,noaa_gefs,20,WindSpeed_ms_mean,31,2.7731910157020536
gep20,00,2026-01-28,2026-03-01,gcrew,noaa_gefs,20,AirTemp_C_mean,32,10.715417480468773
gep20,00,2026-01-28,2026-03-01,gcrew,noaa_gefs,20,Pressure_Pa,32,101821.703125
gep20,00,2026-01-28,2026-03-01,gcrew,noaa_gefs,20,RH_percent_mean,32,78.44407558441162
gep20,00,2026-01-28,2026-03-01,gcrew,noaa_gefs,20,Rain_mm_sum,32,0.10000000149011612
gep20,00,2026-01-28,2026-03-01,gcrew,noaa_gefs,20,ShortwaveRadiation_Wm2,32,188
gep20,00,2026-01-28,2026-03-01,gcrew,noaa_gefs,20,WindSpeed_ms_mean,32,4.440940868795268
gep20,00,2026-01-28,2026-03-02,gcrew,noaa_gefs,20,AirTemp_C_mean,33,8.776765441894554
gep20,00,2026-01-28,2026-03-02,gcrew,noaa_gefs,20,Pressure_Pa,33,102014.58203125
gep20,00,2026-01-28,2026-03-02,gcrew,noaa_gefs,20,RH_percent_mean,33,87.70235443115234
gep20,00,2026-01-28,2026-03-02,gcrew,noaa_gefs,20,Rain_mm_sum,33,1.2000000476837158
gep20,00,2026-01-28,2026-03-02,gcrew,noaa_gefs,20,ShortwaveRadiation_Wm2,33,148.25
gep20,00,2026-01-28,2026-03-02,gcrew,noaa_gefs,20,WindSpeed_ms_mean,33,4.63763027527913
gep20,00,2026-01-28,2026-03-03,gcrew,noaa_gefs,20,AirTemp_C_mean,34,11.128327941894554
gep20,00,2026-01-28,2026-03-03,gcrew,noaa_gefs,20,Pressure_Pa,34,100700.955078125
gep20,00,2026-01-28,2026-03-03,gcrew,noaa_gefs,20,RH_percent_mean,34,81.373138427734375
gep20,00,2026-01-28,2026-03-03,gcrew,noaa_gefs,20,Rain_mm_sum,34,39.5
gep20,00,2026-01-28,2026-03-03,gcrew,noaa_gefs,20,ShortwaveRadiation_Wm2,34,137
gep20,00,2026-01-28,2026-03-03,gcrew,noaa_gefs,20,WindSpeed_ms_mean,34,6.95522383090104
gep21,00,2026-01-28,2026-01-29,gcrew,noaa_gefs,21,AirTemp_C_mean,1,-7.280580902099587
gep21,00,2026-01-28,2026-01-29,gcrew,noaa_gefs,21,Pressure_Pa,1,102287.724609375
gep21,00,2026-01-28,2026-01-29,gcrew,noaa_gefs,21,RH_percent_mean,1,76.07372665405273
gep21,00,2026-01-28,2026-01-29,gcrew,noaa_gefs,21,Rain_mm_sum,1,0.10000000149011612
gep21,00,2026-01-28,2026-01-29,gcrew,noaa_gefs,21,ShortwaveRadiation_Wm2,1,150.125
gep21,00,2026-01-28,2026-01-29,gcrew,noaa_gefs,21,WindSpeed_ms_mean,1,5.488174929013097
gep21,00,2026-01-28,2026-01-30,gcrew,noaa_gefs,21,AirTemp_C_mean,2,-7.0662673950195085
gep21,00,2026-01-28,2026-01-30,gcrew,noaa_gefs,21,Pressure_Pa,2,102186.884765625
gep21,00,2026-01-28,2026-01-30,gcrew,noaa_gefs,21,RH_percent_mean,2,85.883331298828125
gep21,00,2026-01-28,2026-01-30,gcrew,noaa_gefs,21,Rain_mm_sum,2,3.400000035762787
gep21,00,2026-01-28,2026-01-30,gcrew,noaa_gefs,21,ShortwaveRadiation_Wm2,2,91
gep21,00,2026-01-28,2026-01-30,gcrew,noaa_gefs,21,WindSpeed_ms_mean,2,4.310190691157695
gep21,00,2026-01-28,2026-01-31,gcrew,noaa_gefs,21,AirTemp_C_mean,3,-8.19930496215818
gep21,00,2026-01-28,2026-01-31,gcrew,noaa_gefs,21,Pressure_Pa,3,101301.654296875
gep21,00,2026-01-28,2026-01-31,gcrew,noaa_gefs,21,RH_percent_mean,3,95.59107112884521
gep21,00,2026-01-28,2026-01-31,gcrew,noaa_gefs,21,Rain_mm_sum,3,24.890000462532043
gep21,00,2026-01-28,2026-01-31,gcrew,noaa_gefs,21,ShortwaveRadiation_Wm2,3,47
gep21,00,2026-01-28,2026-01-31,gcrew,noaa_gefs,21,WindSpeed_ms_mean,3,10.447140277612919
gep21,00,2026-01-28,2026-02-01,gcrew,noaa_gefs,21,AirTemp_C_mean,4,-5.557821655273415
gep21,00,2026-01-28,2026-02-01,gcrew,noaa_gefs,21,Pressure_Pa,4,99940.41015625
gep21,00,2026-01-28,2026-02-01,gcrew,noaa_gefs,21,RH_percent_mean,4,94.5508918762207
gep21,00,2026-01-28,2026-02-01,gcrew,noaa_gefs,21,Rain_mm_sum,4,22.200000166893005
gep21,00,2026-01-28,2026-02-01,gcrew,noaa_gefs,21,ShortwaveRadiation_Wm2,4,59.5
gep21,00,2026-01-28,2026-02-01,gcrew,noaa_gefs,21,WindSpeed_ms_mean,4,13.510369912418103
gep21,00,2026-01-28,2026-02-02,gcrew,noaa_gefs,21,AirTemp_C_mean,5,-5.524973297119118
gep21,00,2026-01-28,2026-02-02,gcrew,noaa_gefs,21,Pressure_Pa,5,101653.6318359375
gep21,00,2026-01-28,2026-02-02,gcrew,noaa_gefs,21,RH_percent_mean,5,80.55075645446777
gep21,00,2026-01-28,2026-02-02,gcrew,noaa_gefs,21,Rain_mm_sum,5,1.399999976158142
gep21,00,2026-01-28,2026-02-02,gcrew,noaa_gefs,21,ShortwaveRadiation_Wm2,5,151.5
gep21,00,2026-01-28,2026-02-02,gcrew,noaa_gefs,21,WindSpeed_ms_mean,5,8.067561597422333
gep21,00,2026-01-28,2026-02-03,gcrew,noaa_gefs,21,AirTemp_C_mean,6,-5.25441970825193
gep21,00,2026-01-28,2026-02-03,gcrew,noaa_gefs,21,Pressure_Pa,6,102473.724609375
gep21,00,2026-01-28,2026-02-03,gcrew,noaa_gefs,21,RH_percent_mean,6,78.25176620483398
gep21,00,2026-01-28,2026-02-03,gcrew,noaa_gefs,21,Rain_mm_sum,6,0
gep21,00,2026-01-28,2026-02-03,gcrew,noaa_gefs,21,ShortwaveRadiation_Wm2,6,163.375
gep21,00,2026-01-28,2026-02-03,gcrew,noaa_gefs,21,WindSpeed_ms_mean,6,3.967009672131133
gep21,00,2026-01-28,2026-02-04,gcrew,noaa_gefs,21,AirTemp_C_mean,7,-1.8118385314941179
gep21,00,2026-01-28,2026-02-04,gcrew,noaa_gefs,21,Pressure_Pa,7,102940.9130859375
gep21,00,2026-01-28,2026-02-04,gcrew,noaa_gefs,21,RH_percent_mean,7,83.65248394012451
gep21,00,2026-01-28,2026-02-04,gcrew,noaa_gefs,21,Rain_mm_sum,7,0.009999999776482582
gep21,00,2026-01-28,2026-02-04,gcrew,noaa_gefs,21,ShortwaveRadiation_Wm2,7,109.5
gep21,00,2026-01-28,2026-02-04,gcrew,noaa_gefs,21,WindSpeed_ms_mean,7,2.1674175981691817
gep21,00,2026-01-28,2026-02-05,gcrew,noaa_gefs,21,AirTemp_C_mean,8,1.069429016113304
gep21,00,2026-01-28,2026-02-05,gcrew,noaa_gefs,21,Pressure_Pa,8,101906.8251953125
gep21,00,2026-01-28,2026-02-05,gcrew,noaa_gefs,21,RH_percent_mean,8,94.48931217193604
gep21,00,2026-01-28,2026-02-05,gcrew,noaa_gefs,21,Rain_mm_sum,8,0.20000000298023224
gep21,00,2026-01-28,2026-02-05,gcrew,noaa_gefs,21,ShortwaveRadiation_Wm2,8,76.875
gep21,00,2026-01-28,2026-02-05,gcrew,noaa_gefs,21,WindSpeed_ms_mean,8,3.684263806468948
gep21,00,2026-01-28,2026-02-06,gcrew,noaa_gefs,21,AirTemp_C_mean,9,2.753424944196451
gep21,00,2026-01-28,2026-02-06,gcrew,noaa_gefs,21,Pressure_Pa,9,100416.97879464286
gep21,00,2026-01-28,2026-02-06,gcrew,noaa_gefs,21,RH_percent_mean,9,86.28384617396763
gep21,00,2026-01-28,2026-02-06,gcrew,noaa_gefs,21,Rain_mm_sum,9,0.9999999925494194
gep21,00,2026-01-28,2026-02-06,gcrew,noaa_gefs,21,ShortwaveRadiation_Wm2,9,160
gep21,00,2026-01-28,2026-02-06,gcrew,noaa_gefs,21,WindSpeed_ms_mean,9,7.2776915238674205
gep21,00,2026-01-28,2026-02-07,gcrew,noaa_gefs,21,AirTemp_C_mean,10,-5.779425048828102
gep21,00,2026-01-28,2026-02-07,gcrew,noaa_gefs,21,Pressure_Pa,10,101461.65625
gep21,00,2026-01-28,2026-02-07,gcrew,noaa_gefs,21,RH_percent_mean,10,72.17018508911133
gep21,00,2026-01-28,2026-02-07,gcrew,noaa_gefs,21,Rain_mm_sum,10,0
gep21,00,2026-01-28,2026-02-07,gcrew,noaa_gefs,21,ShortwaveRadiation_Wm2,10,149.5
gep21,00,2026-01-28,2026-02-07,gcrew,noaa_gefs,21,WindSpeed_ms_mean,10,4.217680666860886
gep21,00,2026-01-28,2026-02-08,gcrew,noaa_gefs,21,AirTemp_C_mean,11,-7.681547546386696
gep21,00,2026-01-28,2026-02-08,gcrew,noaa_gefs,21,Pressure_Pa,11,102029.173828125
gep21,00,2026-01-28,2026-02-08,gcrew,noaa_gefs,21,RH_percent_mean,11,68.76657009124756
gep21,00,2026-01-28,2026-02-08,gcrew,noaa_gefs,21,Rain_mm_sum,11,0
gep21,00,2026-01-28,2026-02-08,gcrew,noaa_gefs,21,ShortwaveRadiation_Wm2,11,174.25
gep21,00,2026-01-28,2026-02-08,gcrew,noaa_gefs,21,WindSpeed_ms_mean,11,7.886064993607651
gep21,00,2026-01-28,2026-02-09,gcrew,noaa_gefs,21,AirTemp_C_mean,12,-4.058538818359352
gep21,00,2026-01-28,2026-02-09,gcrew,noaa_gefs,21,Pressure_Pa,12,101952.376953125
gep21,00,2026-01-28,2026-02-09,gcrew,noaa_gefs,21,RH_percent_mean,12,68.18047332763672
gep21,00,2026-01-28,2026-02-09,gcrew,noaa_gefs,21,Rain_mm_sum,12,0
gep21,00,2026-01-28,2026-02-09,gcrew,noaa_gefs,21,ShortwaveRadiation_Wm2,12,164.25
gep21,00,2026-01-28,2026-02-09,gcrew,noaa_gefs,21,WindSpeed_ms_mean,12,7.975086568269404
gep21,00,2026-01-28,2026-02-10,gcrew,noaa_gefs,21,AirTemp_C_mean,13,-3.093626403808571
gep21,00,2026-01-28,2026-02-10,gcrew,noaa_gefs,21,Pressure_Pa,13,101960.732421875
gep21,00,2026-01-28,2026-02-10,gcrew,noaa_gefs,21,RH_percent_mean,13,68.68310356140137
gep21,00,2026-01-28,2026-02-10,gcrew,noaa_gefs,21,Rain_mm_sum,13,0
gep21,00,2026-01-28,2026-02-10,gcrew,noaa_gefs,21,ShortwaveRadiation_Wm2,13,134.75
gep21,00,2026-01-28,2026-02-10,gcrew,noaa_gefs,21,WindSpeed_ms_mean,13,5.259966799674645
gep21,00,2026-01-28,2026-02-11,gcrew,noaa_gefs,21,AirTemp_C_mean,14,-4.653044128417946
gep21,00,2026-01-28,2026-02-11,gcrew,noaa_gefs,21,Pressure_Pa,14,101637.04296875
gep21,00,2026-01-28,2026-02-11,gcrew,noaa_gefs,21,RH_percent_mean,14,69.65564918518066
gep21,00,2026-01-28,2026-02-11,gcrew,noaa_gefs,21,Rain_mm_sum,14,0
gep21,00,2026-01-28,2026-02-11,gcrew,noaa_gefs,21,ShortwaveRadiation_Wm2,14,179.5
gep21,00,2026-01-28,2026-02-11,gcrew,noaa_gefs,21,WindSpeed_ms_mean,14,8.026119124547929
gep21,00,2026-01-28,2026-02-12,gcrew,noaa_gefs,21,AirTemp_C_mean,15,-3.519529724121071
gep21,00,2026-01-28,2026-02-12,gcrew,noaa_gefs,21,Pressure_Pa,15,101760.71875
gep21,00,2026-01-28,2026-02-12,gcrew,noaa_gefs,21,RH_percent_mean,15,71.13922119140625
gep21,00,2026-01-28,2026-02-12,gcrew,noaa_gefs,21,Rain_mm_sum,15,0
gep21,00,2026-01-28,2026-02-12,gcrew,noaa_gefs,21,ShortwaveRadiation_Wm2,15,178.25
gep21,00,2026-01-28,2026-02-12,gcrew,noaa_gefs,21,WindSpeed_ms_mean,15,7.753901032955588
gep21,00,2026-01-28,2026-02-13,gcrew,noaa_gefs,21,AirTemp_C_mean,16,-2.7990249633788835
gep21,00,2026-01-28,2026-02-13,gcrew,noaa_gefs,21,Pressure_Pa,16,101736.001953125
gep21,00,2026-01-28,2026-02-13,gcrew,noaa_gefs,21,RH_percent_mean,16,63.89894676208496
gep21,00,2026-01-28,2026-02-13,gcrew,noaa_gefs,21,Rain_mm_sum,16,0
gep21,00,2026-01-28,2026-02-13,gcrew,noaa_gefs,21,ShortwaveRadiation_Wm2,16,143.25
gep21,00,2026-01-28,2026-02-13,gcrew,noaa_gefs,21,WindSpeed_ms_mean,16,6.434746689935362
gep21,00,2026-01-28,2026-02-14,gcrew,noaa_gefs,21,AirTemp_C_mean,17,-2.5064834594726335
gep21,00,2026-01-28,2026-02-14,gcrew,noaa_gefs,21,Pressure_Pa,17,101387.0625
gep21,00,2026-01-28,2026-02-14,gcrew,noaa_gefs,21,RH_percent_mean,17,63.91810321807861
gep21,00,2026-01-28,2026-02-14,gcrew,noaa_gefs,21,Rain_mm_sum,17,0
gep21,00,2026-01-28,2026-02-14,gcrew,noaa_gefs,21,ShortwaveRadiation_Wm2,17,174
gep21,00,2026-01-28,2026-02-14,gcrew,noaa_gefs,21,WindSpeed_ms_mean,17,4.505267943240719
gep21,00,2026-01-28,2026-02-15,gcrew,noaa_gefs,21,AirTemp_C_mean,18,-1.092008972167946
gep21,00,2026-01-28,2026-02-15,gcrew,noaa_gefs,21,Pressure_Pa,18,101645.232421875
gep21,00,2026-01-28,2026-02-15,gcrew,noaa_gefs,21,RH_percent_mean,18,69.99055099487305
gep21,00,2026-01-28,2026-02-15,gcrew,noaa_gefs,21,Rain_mm_sum,18,0
gep21,00,2026-01-28,2026-02-15,gcrew,noaa_gefs,21,ShortwaveRadiation_Wm2,18,159.5
gep21,00,2026-01-28,2026-02-15,gcrew,noaa_gefs,21,WindSpeed_ms_mean,18,3.138143268840961
gep21,00,2026-01-28,2026-02-16,gcrew,noaa_gefs,21,AirTemp_C_mean,19,1.369630432128929
gep21,00,2026-01-28,2026-02-16,gcrew,noaa_gefs,21,Pressure_Pa,19,101803.056640625
gep21,00,2026-01-28,2026-02-16,gcrew,noaa_gefs,21,RH_percent_mean,19,79.61123466491699
gep21,00,2026-01-28,2026-02-16,gcrew,noaa_gefs,21,Rain_mm_sum,19,0.20000000298023224
gep21,00,2026-01-28,2026-02-16,gcrew,noaa_gefs,21,ShortwaveRadiation_Wm2,19,87.75
gep21,00,2026-01-28,2026-02-16,gcrew,noaa_gefs,21,WindSpeed_ms_mean,19,3.3481034252777753
gep21,00,2026-01-28,2026-02-17,gcrew,noaa_gefs,21,AirTemp_C_mean,20,0.7386337280273665
gep21,00,2026-01-28,2026-02-17,gcrew,noaa_gefs,21,Pressure_Pa,20,101786.171875
gep21,00,2026-01-28,2026-02-17,gcrew,noaa_gefs,21,RH_percent_mean,20,84.81830406188965
gep21,00,2026-01-28,2026-02-17,gcrew,noaa_gefs,21,Rain_mm_sum,20,7.099999904632568
gep21,00,2026-01-28,2026-02-17,gcrew,noaa_gefs,21,ShortwaveRadiation_Wm2,20,22.25
gep21,00,2026-01-28,2026-02-17,gcrew,noaa_gefs,21,WindSpeed_ms_mean,20,4.584310341175985
gep21,00,2026-01-28,2026-02-18,gcrew,noaa_gefs,21,AirTemp_C_mean,21,4.854364013671898
gep21,00,2026-01-28,2026-02-18,gcrew,noaa_gefs,21,Pressure_Pa,21,100528.912109375
gep21,00,2026-01-28,2026-02-18,gcrew,noaa_gefs,21,RH_percent_mean,21,98.09432792663574
gep21,00,2026-01-28,2026-02-18,gcrew,noaa_gefs,21,Rain_mm_sum,21,9.100000143051147
gep21,00,2026-01-28,2026-02-18,gcrew,noaa_gefs,21,ShortwaveRadiation_Wm2,21,34
gep21,00,2026-01-28,2026-02-18,gcrew,noaa_gefs,21,WindSpeed_ms_mean,21,2.3743466397881434
gep21,00,2026-01-28,2026-02-19,gcrew,noaa_gefs,21,AirTemp_C_mean,22,2.8552337646484602
gep21,00,2026-01-28,2026-02-19,gcrew,noaa_gefs,21,Pressure_Pa,22,100285.193359375
gep21,00,2026-01-28,2026-02-19,gcrew,noaa_gefs,21,RH_percent_mean,22,85.17862129211426
gep21,00,2026-01-28,2026-02-19,gcrew,noaa_gefs,21,Rain_mm_sum,22,0.30000001192092896
gep21,00,2026-01-28,2026-02-19,gcrew,noaa_gefs,21,ShortwaveRadiation_Wm2,22,69.75
gep21,00,2026-01-28,2026-02-19,gcrew,noaa_gefs,21,WindSpeed_ms_mean,22,4.774511407394309
gep21,00,2026-01-28,2026-02-20,gcrew,noaa_gefs,21,AirTemp_C_mean,23,-9.267301940917946
gep21,00,2026-01-28,2026-02-20,gcrew,noaa_gefs,21,Pressure_Pa,23,101475.0859375
gep21,00,2026-01-28,2026-02-20,gcrew,noaa_gefs,21,RH_percent_mean,23,50.81293869018555
gep21,00,2026-01-28,2026-02-20,gcrew,noaa_gefs,21,Rain_mm_sum,23,0
gep21,00,2026-01-28,2026-02-20,gcrew,noaa_gefs,21,ShortwaveRadiation_Wm2,23,183
gep21,00,2026-01-28,2026-02-20,gcrew,noaa_gefs,21,WindSpeed_ms_mean,23,10.622410091968261
gep21,00,2026-01-28,2026-02-21,gcrew,noaa_gefs,21,AirTemp_C_mean,24,-10.929685974121071
gep21,00,2026-01-28,2026-02-21,gcrew,noaa_gefs,21,Pressure_Pa,24,102074.087890625
gep21,00,2026-01-28,2026-02-21,gcrew,noaa_gefs,21,RH_percent_mean,24,47.823272705078125
gep21,00,2026-01-28,2026-02-21,gcrew,noaa_gefs,21,Rain_mm_sum,24,0
gep21,00,2026-01-28,2026-02-21,gcrew,noaa_gefs,21,ShortwaveRadiation_Wm2,24,187
gep21,00,2026-01-28,2026-02-21,gcrew,noaa_gefs,21,WindSpeed_ms_mean,24,6.5561279655405835
gep21,00,2026-01-28,2026-02-22,gcrew,noaa_gefs,21,AirTemp_C_mean,25,-7.766607666015602
gep21,00,2026-01-28,2026-02-22,gcrew,noaa_gefs,21,Pressure_Pa,25,102546.142578125
gep21,00,2026-01-28,2026-02-22,gcrew,noaa_gefs,21,RH_percent_mean,25,56.11021900177002
gep21,00,2026-01-28,2026-02-22,gcrew,noaa_gefs,21,Rain_mm_sum,25,0
gep21,00,2026-01-28,2026-02-22,gcrew,noaa_gefs,21,ShortwaveRadiation_Wm2,25,200.25
gep21,00,2026-01-28,2026-02-22,gcrew,noaa_gefs,21,WindSpeed_ms_mean,25,7.731225422210707
gep21,00,2026-01-28,2026-02-23,gcrew,noaa_gefs,21,AirTemp_C_mean,26,-2.8251098632812273
gep21,00,2026-01-28,2026-02-23,gcrew,noaa_gefs,21,Pressure_Pa,26,102910.716796875
gep21,00,2026-01-28,2026-02-23,gcrew,noaa_gefs,21,RH_percent_mean,26,53.88744640350342
gep21,00,2026-01-28,2026-02-23,gcrew,noaa_gefs,21,Rain_mm_sum,26,0
gep21,00,2026-01-28,2026-02-23,gcrew,noaa_gefs,21,ShortwaveRadiation_Wm2,26,202.5
gep21,00,2026-01-28,2026-02-23,gcrew,noaa_gefs,21,WindSpeed_ms_mean,26,4.84067752247645
gep21,00,2026-01-28,2026-02-24,gcrew,noaa_gefs,21,AirTemp_C_mean,27,1.597322082519554
gep21,00,2026-01-28,2026-02-24,gcrew,noaa_gefs,21,Pressure_Pa,27,102109.3046875
gep21,00,2026-01-28,2026-02-24,gcrew,noaa_gefs,21,RH_percent_mean,27,62.64256954193115
gep21,00,2026-01-28,2026-02-24,gcrew,noaa_gefs,21,Rain_mm_sum,27,0
gep21,00,2026-01-28,2026-02-24,gcrew,noaa_gefs,21,ShortwaveRadiation_Wm2,27,116.5
gep21,00,2026-01-28,2026-02-24,gcrew,noaa_gefs,21,WindSpeed_ms_mean,27,5.3985288138153145
gep21,00,2026-01-28,2026-02-25,gcrew,noaa_gefs,21,AirTemp_C_mean,28,3.3727813720703352
gep21,00,2026-01-28,2026-02-25,gcrew,noaa_gefs,21,Pressure_Pa,28,101713.029296875
gep21,00,2026-01-28,2026-02-25,gcrew,noaa_gefs,21,RH_percent_mean,28,82.43609428405762
gep21,00,2026-01-28,2026-02-25,gcrew,noaa_gefs,21,Rain_mm_sum,28,0
gep21,00,2026-01-28,2026-02-25,gcrew,noaa_gefs,21,ShortwaveRadiation_Wm2,28,183.25
gep21,00,2026-01-28,2026-02-25,gcrew,noaa_gefs,21,WindSpeed_ms_mean,28,2.7927366152488466
gep21,00,2026-01-28,2026-02-26,gcrew,noaa_gefs,21,AirTemp_C_mean,29,4.269799804687523
gep21,00,2026-01-28,2026-02-26,gcrew,noaa_gefs,21,Pressure_Pa,29,101386.140625
gep21,00,2026-01-28,2026-02-26,gcrew,noaa_gefs,21,RH_percent_mean,29,76.72475337982178
gep21,00,2026-01-28,2026-02-26,gcrew,noaa_gefs,21,Rain_mm_sum,29,0.6100000143051147
gep21,00,2026-01-28,2026-02-26,gcrew,noaa_gefs,21,ShortwaveRadiation_Wm2,29,157.75
gep21,00,2026-01-28,2026-02-26,gcrew,noaa_gefs,21,WindSpeed_ms_mean,29,5.374720606390739
gep21,00,2026-01-28,2026-02-27,gcrew,noaa_gefs,21,AirTemp_C_mean,30,-2.2006057739257585
gep21,00,2026-01-28,2026-02-27,gcrew,noaa_gefs,21,Pressure_Pa,30,102063.791015625
gep21,00,2026-01-28,2026-02-27,gcrew,noaa_gefs,21,RH_percent_mean,30,60.6358585357666
gep21,00,2026-01-28,2026-02-27,gcrew,noaa_gefs,21,Rain_mm_sum,30,0
gep21,00,2026-01-28,2026-02-27,gcrew,noaa_gefs,21,ShortwaveRadiation_Wm2,30,208.75
gep21,00,2026-01-28,2026-02-27,gcrew,noaa_gefs,21,WindSpeed_ms_mean,30,4.223661637522698
gep21,00,2026-01-28,2026-02-28,gcrew,noaa_gefs,21,AirTemp_C_mean,31,2.8180099487304915
gep21,00,2026-01-28,2026-02-28,gcrew,noaa_gefs,21,Pressure_Pa,31,102096.6484375
gep21,00,2026-01-28,2026-02-28,gcrew,noaa_gefs,21,RH_percent_mean,31,73.37237644195557
gep21,00,2026-01-28,2026-02-28,gcrew,noaa_gefs,21,Rain_mm_sum,31,0
gep21,00,2026-01-28,2026-02-28,gcrew,noaa_gefs,21,ShortwaveRadiation_Wm2,31,182.75
gep21,00,2026-01-28,2026-02-28,gcrew,noaa_gefs,21,WindSpeed_ms_mean,31,2.7731910157020536
gep21,00,2026-01-28,2026-03-01,gcrew,noaa_gefs,21,AirTemp_C_mean,32,10.715417480468773
gep21,00,2026-01-28,2026-03-01,gcrew,noaa_gefs,21,Pressure_Pa,32,101821.703125
gep21,00,2026-01-28,2026-03-01,gcrew,noaa_gefs,21,RH_percent_mean,32,78.44407558441162
gep21,00,2026-01-28,2026-03-01,gcrew,noaa_gefs,21,Rain_mm_sum,32,0.10000000149011612
gep21,00,2026-01-28,2026-03-01,gcrew,noaa_gefs,21,ShortwaveRadiation_Wm2,32,188
gep21,00,2026-01-28,2026-03-01,gcrew,noaa_gefs,21,WindSpeed_ms_mean,32,4.440940868795268
gep21,00,2026-01-28,2026-03-02,gcrew,noaa_gefs,21,AirTemp_C_mean,33,8.776765441894554
gep21,00,2026-01-28,2026-03-02,gcrew,noaa_gefs,21,Pressure_Pa,33,102014.58203125
gep21,00,2026-01-28,2026-03-02,gcrew,noaa_gefs,21,RH_percent_mean,33,87.70235443115234
gep21,00,2026-01-28,2026-03-02,gcrew,noaa_gefs,21,Rain_mm_sum,33,1.2000000476837158
gep21,00,2026-01-28,2026-03-02,gcrew,noaa_gefs,21,ShortwaveRadiation_Wm2,33,148.25
gep21,00,2026-01-28,2026-03-02,gcrew,noaa_gefs,21,WindSpeed_ms_mean,33,4.63763027527913
gep21,00,2026-01-28,2026-03-03,gcrew,noaa_gefs,21,AirTemp_C_mean,34,11.128327941894554
gep21,00,2026-01-28,2026-03-03,gcrew,noaa_gefs,21,Pressure_Pa,34,100700.955078125
gep21,00,2026-01-28,2026-03-03,gcrew,noaa_gefs,21,RH_percent_mean,34,81.373138427734375
gep21,00,2026-01-28,2026-03-03,gcrew,noaa_gefs,21,Rain_mm_sum,34,39.5
gep21,00,2026-01-28,2026-03-03,gcrew,noaa_gefs,21,ShortwaveRadiation_Wm2,34,137
gep21,00,2026-01-28,2026-03-03,gcrew,noaa_gefs,21,WindSpeed_ms_mean,34,6.95522383090104
gep22,00,2026-01-28,2026-01-29,gcrew,noaa_gefs,22,AirTemp_C_mean,1,-7.280580902099587
gep22,00,2026-01-28,2026-01-29,gcrew,noaa_gefs,22,Pressure_Pa,1,102287.724609375
gep22,00,2026-01-28,2026-01-29,gcrew,noaa_gefs,22,RH_percent_mean,1,76.07372665405273
gep22,00,2026-01-28,2026-01-29,gcrew,noaa_gefs,22,Rain_mm_sum,1,0.10000000149011612
gep22,00,2026-01-28,2026-01-29,gcrew,noaa_gefs,22,ShortwaveRadiation_Wm2,1,150.125
gep22,00,2026-01-28,2026-01-29,gcrew,noaa_gefs,22,WindSpeed_ms_mean,1,5.488174929013097
gep22,00,2026-01-28,2026-01-30,gcrew,noaa_gefs,22,AirTemp_C_mean,2,-7.0662673950195085
gep22,00,2026-01-28,2026-01-30,gcrew,noaa_gefs,22,Pressure_Pa,2,102186.884765625
gep22,00,2026-01-28,2026-01-30,gcrew,noaa_gefs,22,RH_percent_mean,2,85.883331298828125
gep22,00,2026-01-28,2026-01-30,gcrew,noaa_gefs,22,Rain_mm_sum,2,3.400000035762787
gep22,00,2026-01-28,2026-01-30,gcrew,noaa_gefs,22,ShortwaveRadiation_Wm2,2,91
gep22,00,2026-01-28,2026-01-30,gcrew,noaa_gefs,22,WindSpeed_ms_mean,2,4.310190691157695
gep22,00,2026-01-28,2026-01-31,gcrew,noaa_gefs,22,AirTemp_C_mean,3,-8.19930496215818
gep22,00,2026-01-28,2026-01-31,gcrew,noaa_gefs,22,Pressure_Pa,3,101301.654296875
gep22,00,2026-01-28,2026-01-31,gcrew,noaa_gefs,22,RH_percent_mean,3,95.59107112884521
gep22,00,2026-01-28,2026-01-31,gcrew,noaa_gefs,22,Rain_mm_sum,3,24.890000462532043
gep22,00,2026-01-28,2026-01-31,gcrew,noaa_gefs,22,ShortwaveRadiation_Wm2,3,47
gep22,00,2026-01-28,2026-01-31,gcrew,noaa_gefs,22,WindSpeed_ms_mean,3,10.447140277612919
gep22,00,2026-01-28,2026-02-01,gcrew,noaa_gefs,22,AirTemp_C_mean,4,-5.557821655273415
gep22,00,2026-01-28,2026-02-01,gcrew,noaa_gefs,22,Pressure_Pa,4,99940.41015625
gep22,00,2026-01-28,2026-02-01,gcrew,noaa_gefs,22,RH_percent_mean,4,94.5508918762207
gep22,00,2026-01-28,2026-02-01,gcrew,noaa_gefs,22,Rain_mm_sum,4,22.200000166893005
gep22,00,2026-01-28,2026-02-01,gcrew,noaa_gefs,22,ShortwaveRadiation_Wm2,4,59.5
gep22,00,2026-01-28,2026-02-01,gcrew,noaa_gefs,22,WindSpeed_ms_mean,4,13.510369912418103
gep22,00,2026-01-28,2026-02-02,gcrew,noaa_gefs,22,AirTemp_C_mean,5,-5.524973297119118
gep22,00,2026-01-28,2026-02-02,gcrew,noaa_gefs,22,Pressure_Pa,5,101653.6318359375
gep22,00,2026-01-28,2026-02-02,gcrew,noaa_gefs,22,RH_percent_mean,5,80.55075645446777
gep22,00,2026-01-28,2026-02-02,gcrew,noaa_gefs,22,Rain_mm_sum,5,1.399999976158142
gep22,00,2026-01-28,2026-02-02,gcrew,noaa_gefs,22,ShortwaveRadiation_Wm2,5,151.5
gep22,00,2026-01-28,2026-02-02,gcrew,noaa_gefs,22,WindSpeed_ms_mean,5,8.067561597422333
gep22,00,2026-01-28,2026-02-03,gcrew,noaa_gefs,22,AirTemp_C_mean,6,-5.25441970825193
gep22,00,2026-01-28,2026-02-03,gcrew,noaa_gefs,22,Pressure_Pa,6,102473.724609375
gep22,00,2026-01-28,2026-02-03,gcrew,noaa_gefs,22,RH_percent_mean,6,78.25176620483398
gep22,00,2026-01-28,2026-02-03,gcrew,noaa_gefs,22,Rain_mm_sum,6,0
gep22,00,2026-01-28,2026-02-03,gcrew,noaa_gefs,22,ShortwaveRadiation_Wm2,6,163.375
gep22,00,2026-01-28,2026-02-03,gcrew,noaa_gefs,22,WindSpeed_ms_mean,6,3.967009672131133
gep22,00,2026-01-28,2026-02-04,gcrew,noaa_gefs,22,AirTemp_C_mean,7,-1.8118385314941179
gep22,00,2026-01-28,2026-02-04,gcrew,noaa_gefs,22,Pressure_Pa,7,102940.9130859375
gep22,00,2026-01-28,2026-02-04,gcrew,noaa_gefs,22,RH_percent_mean,7,83.65248394012451
gep22,00,2026-01-28,2026-02-04,gcrew,noaa_gefs,22,Rain_mm_sum,7,0.009999999776482582
gep22,00,2026-01-28,2026-02-04,gcrew,noaa_gefs,22,ShortwaveRadiation_Wm2,7,109.5
gep22,00,2026-01-28,2026-02-04,gcrew,noaa_gefs,22,WindSpeed_ms_mean,7,2.1674175981691817
gep22,00,2026-01-28,2026-02-05,gcrew,noaa_gefs,22,AirTemp_C_mean,8,1.069429016113304
gep22,00,2026-01-28,2026-02-05,gcrew,noaa_gefs,22,Pressure_Pa,8,101906.8251953125
gep22,00,2026-01-28,2026-02-05,gcrew,noaa_gefs,22,RH_percent_mean,8,94.48931217193604
gep22,00,2026-01-28,2026-02-05,gcrew,noaa_gefs,22,Rain_mm_sum,8,0.20000000298023224
gep22,00,2026-01-28,2026-02-05,gcrew,noaa_gefs,22,ShortwaveRadiation_Wm2,8,76.875
gep22,00,2026-01-28,2026-02-05,gcrew,noaa_gefs,22,WindSpeed_ms_mean,8,3.684263806468948
gep22,00,2026-01-28,2026-02-06,gcrew,noaa_gefs,22,AirTemp_C_mean,9,2.753424944196451
gep22,00,2026-01-28,2026-02-06,gcrew,noaa_gefs,22,Pressure_Pa,9,100416.97879464286
gep22,00,2026-01-28,2026-02-06,gcrew,noaa_gefs,22,RH_percent_mean,9,86.28384617396763
gep22,00,2026-01-28,2026-02-06,gcrew,noaa_gefs,22,Rain_mm_sum,9,0.9999999925494194
gep22,00,2026-01-28,2026-02-06,gcrew,noaa_gefs,22,ShortwaveRadiation_Wm2,9,160
gep22,00,2026-01-28,2026-02-06,gcrew,noaa_gefs,22,WindSpeed_ms_mean,9,7.2776915238674205
gep22,00,2026-01-28,2026-02-07,gcrew,noaa_gefs,22,AirTemp_C_mean,10,-5.779425048828102
gep22,00,2026-01-28,2026-02-07,gcrew,noaa_gefs,22,Pressure_Pa,10,101461.65625
gep22,00,2026-01-28,2026-02-07,gcrew,noaa_gefs,22,RH_percent_mean,10,72.17018508911133
gep22,00,2026-01-28,2026-02-07,gcrew,noaa_gefs,22,Rain_mm_sum,10,0
gep22,00,2026-01-28,2026-02-07,gcrew,noaa_gefs,22,ShortwaveRadiation_Wm2,10,149.5
gep22,00,2026-01-28,2026-02-07,gcrew,noaa_gefs,22,WindSpeed_ms_mean,10,4.217680666860886
gep22,00,2026-01-28,2026-02-08,gcrew,noaa_gefs,22,AirTemp_C_mean,11,-7.681547546386696
gep22,00,2026-01-28,2026-02-08,gcrew,noaa_gefs,22,Pressure_Pa,11,102029.173828125
gep22,00,2026-01-28,2026-02-08,gcrew,noaa_gefs,22,RH_percent_mean,11,68.76657009124756
gep22,00,2026-01-28,2026-02-08,gcrew,noaa_gefs,22,Rain_mm_sum,11,0
gep22,00,2026-01-28,2026-02-08,gcrew,noaa_gefs,22,ShortwaveRadiation_Wm2,11,174.25
gep22,00,2026-01-28,2026-02-08,gcrew,noaa_gefs,22,WindSpeed_ms_mean,11,7.886064993607651
gep22,00,2026-01-28,2026-02-09,gcrew,noaa_gefs,22,AirTemp_C_mean,12,-4.058538818359352
gep22,00,2026-01-28,2026-02-09,gcrew,noaa_gefs,22,Pressure_Pa,12,101952.376953125
gep22,00,2026-01-28,2026-02-09,gcrew,noaa_gefs,22,RH_percent_mean,12,68.18047332763672
gep22,00,2026-01-28,2026-02-09,gcrew,noaa_gefs,22,Rain_mm_sum,12,0
gep22,00,2026-01-28,2026-02-09,gcrew,noaa_gefs,22,ShortwaveRadiation_Wm2,12,164.25
gep22,00,2026-01-28,2026-02-09,gcrew,noaa_gefs,22,WindSpeed_ms_mean,12,7.975086568269404
gep22,00,2026-01-28,2026-02-10,gcrew,noaa_gefs,22,AirTemp_C_mean,13,-3.093626403808571
gep22,00,2026-01-28,2026-02-10,gcrew,noaa_gefs,22,Pressure_Pa,13,101960.732421875
gep22,00,2026-01-28,2026-02-10,gcrew,noaa_gefs,22,RH_percent_mean,13,68.68310356140137
gep22,00,2026-01-28,2026-02-10,gcrew,noaa_gefs,22,Rain_mm_sum,13,0
gep22,00,2026-01-28,2026-02-10,gcrew,noaa_gefs,22,ShortwaveRadiation_Wm2,13,134.75
gep22,00,2026-01-28,2026-02-10,gcrew,noaa_gefs,22,WindSpeed_ms_mean,13,5.259966799674645
gep22,00,2026-01-28,2026-02-11,gcrew,noaa_gefs,22,AirTemp_C_mean,14,-4.653044128417946
gep22,00,2026-01-28,2026-02-11,gcrew,noaa_gefs,22,Pressure_Pa,14,101637.04296875
gep22,00,2026-01-28,2026-02-11,gcrew,noaa_gefs,22,RH_percent_mean,14,69.65564918518066
gep22,00,2026-01-28,2026-02-11,gcrew,noaa_gefs,22,Rain_mm_sum,14,0
gep22,00,2026-01-28,2026-02-11,gcrew,noaa_gefs,22,ShortwaveRadiation_Wm2,14,179.5
gep22,00,2026-01-28,2026-02-11,gcrew,noaa_gefs,22,WindSpeed_ms_mean,14,8.026119124547929
gep22,00,2026-01-28,2026-02-12,gcrew,noaa_gefs,22,AirTemp_C_mean,15,-3.519529724121071
gep22,00,2026-01-28,2026-02-12,gcrew,noaa_gefs,22,Pressure_Pa,15,101760.71875
gep22,00,2026-01-28,2026-02-12,gcrew,noaa_gefs,22,RH_percent_mean,15,71.13922119140625
gep22,00,2026-01-28,2026-02-12,gcrew,noaa_gefs,22,Rain_mm_sum,15,0
gep22,00,2026-01-28,2026-02-12,gcrew,noaa_gefs,22,ShortwaveRadiation_Wm2,15,178.25
gep22,00,2026-01-28,2026-02-12,gcrew,noaa_gefs,22,WindSpeed_ms_mean,15,7.753901032955588
gep22,00,2026-01-28,2026-02-13,gcrew,noaa_gefs,22,AirTemp_C_mean,16,-2.7990249633788835
gep22,00,2026-01-28,2026-02-13,gcrew,noaa_gefs,22,Pressure_Pa,16,101736.001953125
gep22,00,2026-01-28,2026-02-13,gcrew,noaa_gefs,22,RH_percent_mean,16,63.89894676208496
gep22,00,2026-01-28,2026-02-13,gcrew,noaa_gefs,22,Rain_mm_sum,16,0
gep22,00,2026-01-28,2026-02-13,gcrew,noaa_gefs,22,ShortwaveRadiation_Wm2,16,143.25
gep22,00,2026-01-28,2026-02-13,gcrew,noaa_gefs,22,WindSpeed_ms_mean,16,6.434746689935362
gep22,00,2026-01-28,2026-02-14,gcrew,noaa_gefs,22,AirTemp_C_mean,17,-2.5064834594726335
gep22,00,2026-01-28,2026-02-14,gcrew,noaa_gefs,22,Pressure_Pa,17,101387.0625
gep22,00,2026-01-28,2026-02-14,gcrew,noaa_gefs,22,RH_percent_mean,17,63.91810321807861
gep22,00,2026-01-28,2026-02-14,gcrew,noaa_gefs,22,Rain_mm_sum,17,0
gep22,00,2026-01-28,2026-02-14,gcrew,noaa_gefs,22,ShortwaveRadiation_Wm2,17,174
gep22,00,2026-01-28,2026-02-14,gcrew,noaa_gefs,22,WindSpeed_ms_mean,17,4.505267943240719
gep22,00,2026-01-28,2026-02-15,gcrew,noaa_gefs,22,AirTemp_C_mean,18,-1.092008972167946
gep22,00,2026-01-28,2026-02-15,gcrew,noaa_gefs,22,Pressure_Pa,18,101645.232421875
gep22,00,2026-01-28,2026-02-15,gcrew,noaa_gefs,22,RH_percent_mean,18,69.99055099487305
gep22,00,2026-01-28,2026-02-15,gcrew,noaa_gefs,22,Rain_mm_sum,18,0
gep22,00,2026-01-28,2026-02-15,gcrew,noaa_gefs,22,ShortwaveRadiation_Wm2,18,159.5
gep22,00,2026-01-28,2026-02-15,gcrew,noaa_gefs,22,WindSpeed_ms_mean,18,3.138143268840961
gep22,00,2026-01-28,2026-02-16,gcrew,noaa_gefs,22,AirTemp_C_mean,19,1.369630432128929
gep22,00,2026-01-28,2026-02-16,gcrew,noaa_gefs,22,Pressure_Pa,19,101803.056640625
gep22,00,2026-01-28,2026-02-16,gcrew,noaa_gefs,22,RH_percent_mean,19,79.61123466491699
gep22,00,2026-01-28,2026-02-16,gcrew,noaa_gefs,22,Rain_mm_sum,19,0.20000000298023224
gep22,00,2026-01-28,2026-02-16,gcrew,noaa_gefs,22,ShortwaveRadiation_Wm2,19,87.75
gep22,00,2026-01-28,2026-02-16,gcrew,noaa_gefs,22,WindSpeed_ms_mean,19,3.3481034252777753
gep22,00,2026-01-28,2026-02-17,gcrew,noaa_gefs,22,AirTemp_C_mean,20,0.7386337280273665
gep22,00,2026-01-28,2026-02-17,gcrew,noaa_gefs,22,Pressure_Pa,20,101786.171875
gep22,00,2026-01-28,2026-02-17,gcrew,noaa_gefs,22,RH_percent_mean,20,84.81830406188965
gep22,00,2026-01-28,2026-02-17,gcrew,noaa_gefs,22,Rain_mm_sum,20,7.099999904632568
gep22,00,2026-01-28,2026-02-17,gcrew,noaa_gefs,22,ShortwaveRadiation_Wm2,20,22.25
gep22,00,2026-01-28,2026-02-17,gcrew,noaa_gefs,22,WindSpeed_ms_mean,20,4.584310341175985
gep22,00,2026-01-28,2026-02-18,gcrew,noaa_gefs,22,AirTemp_C_mean,21,4.854364013671898
gep22,00,2026-01-28,2026-02-18,gcrew,noaa_gefs,22,Pressure_Pa,21,100528.912109375
gep22,00,2026-01-28,2026-02-18,gcrew,noaa_gefs,22,RH_percent_mean,21,98.09432792663574
gep22,00,2026-01-28,2026-02-18,gcrew,noaa_gefs,22,Rain_mm_sum,21,9.100000143051147
gep22,00,2026-01-28,2026-02-18,gcrew,noaa_gefs,22,ShortwaveRadiation_Wm2,21,34
gep22,00,2026-01-28,2026-02-18,gcrew,noaa_gefs,22,WindSpeed_ms_mean,21,2.3743466397881434
gep22,00,2026-01-28,2026-02-19,gcrew,noaa_gefs,22,AirTemp_C_mean,22,2.8552337646484602
gep22,00,2026-01-28,2026-02-19,gcrew,noaa_gefs,22,Pressure_Pa,22,100285.193359375
gep22,00,2026-01-28,2026-02-19,gcrew,noaa_gefs,22,RH_percent_mean,22,85.17862129211426
gep22,00,2026-01-28,2026-02-19,gcrew,noaa_gefs,22,Rain_mm_sum,22,0.30000001192092896
gep22,00,2026-01-28,2026-02-19,gcrew,noaa_gefs,22,ShortwaveRadiation_Wm2,22,69.75
gep22,00,2026-01-28,2026-02-19,gcrew,noaa_gefs,22,WindSpeed_ms_mean,22,4.774511407394309
gep22,00,2026-01-28,2026-02-20,gcrew,noaa_gefs,22,AirTemp_C_mean,23,-9.267301940917946
gep22,00,2026-01-28,2026-02-20,gcrew,noaa_gefs,22,Pressure_Pa,23,101475.0859375
gep22,00,2026-01-28,2026-02-20,gcrew,noaa_gefs,22,RH_percent_mean,23,50.81293869018555
gep22,00,2026-01-28,2026-02-20,gcrew,noaa_gefs,22,Rain_mm_sum,23,0
gep22,00,2026-01-28,2026-02-20,gcrew,noaa_gefs,22,ShortwaveRadiation_Wm2,23,183
gep22,00,2026-01-28,2026-02-20,gcrew,noaa_gefs,22,WindSpeed_ms_mean,23,10.622410091968261
gep22,00,2026-01-28,2026-02-21,gcrew,noaa_gefs,22,AirTemp_C_mean,24,-10.929685974121071
gep22,00,2026-01-28,2026-02-21,gcrew,noaa_gefs,22,Pressure_Pa,24,102074.087890625
gep22,00,2026-01-28,2026-02-21,gcrew,noaa_gefs,22,RH_percent_mean,24,47.823272705078125
gep22,00,2026-01-28,2026-02-21,gcrew,noaa_gefs,22,Rain_mm_sum,24,0
gep22,00,2026-01-28,2026-02-21,gcrew,noaa_gefs,22,ShortwaveRadiation_Wm2,24,187
gep22,00,2026-01-28,2026-02-21,gcrew,noaa_gefs,22,WindSpeed_ms_mean,24,6.5561279655405835
gep22,00,2026-01-28,2026-02-22,gcrew,noaa_gefs,22,AirTemp_C_mean,25,-7.766607666015602
gep22,00,2026-01-28,2026-02-22,gcrew,noaa_gefs,22,Pressure_Pa,25,102546.142578125
gep22,00,2026-01-28,2026-02-22,gcrew,noaa_gefs,22,RH_percent_mean,25,56.11021900177002
gep22,00,2026-01-28,2026-02-22,gcrew,noaa_gefs,22,Rain_mm_sum,25,0
gep22,00,2026-01-28,2026-02-22,gcrew,noaa_gefs,22,ShortwaveRadiation_Wm2,25,200.25
gep22,00,2026-01-28,2026-02-22,gcrew,noaa_gefs,22,WindSpeed_ms_mean,25,7.731225422210707
gep22,00,2026-01-28,2026-02-23,gcrew,noaa_gefs,22,AirTemp_C_mean,26,-2.8251098632812273
gep22,00,2026-01-28,2026-02-23,gcrew,noaa_gefs,22,Pressure_Pa,26,102910.716796875
gep22,00,2026-01-28,2026-02-23,gcrew,noaa_gefs,22,RH_percent_mean,26,53.88744640350342
gep22,00,2026-01-28,2026-02-23,gcrew,noaa_gefs,22,Rain_mm_sum,26,0
gep22,00,2026-01-28,2026-02-23,gcrew,noaa_gefs,22,ShortwaveRadiation_Wm2,26,202.5
gep22,00,2026-01-28,2026-02-23,gcrew,noaa_gefs,22,WindSpeed_ms_mean,26,4.84067752247645
gep22,00,2026-01-28,2026-02-24,gcrew,noaa_gefs,22,AirTemp_C_mean,27,1.597322082519554
gep22,00,2026-01-28,2026-02-24,gcrew,noaa_gefs,22,Pressure_Pa,27,102109.3046875
gep22,00,2026-01-28,2026-02-24,gcrew,noaa_gefs,22,RH_percent_mean,27,62.64256954193115
gep22,00,2026-01-28,2026-02-24,gcrew,noaa_gefs,22,Rain_mm_sum,27,0
gep22,00,2026-01-28,2026-02-24,gcrew,noaa_gefs,22,ShortwaveRadiation_Wm2,27,116.5
gep22,00,2026-01-28,2026-02-24,gcrew,noaa_gefs,22,WindSpeed_ms_mean,27,5.3985288138153145
gep22,00,2026-01-28,2026-02-25,gcrew,noaa_gefs,22,AirTemp_C_mean,28,3.3727813720703352
gep22,00,2026-01-28,2026-02-25,gcrew,noaa_gefs,22,Pressure_Pa,28,101713.029296875
gep22,00,2026-01-28,2026-02-25,gcrew,noaa_gefs,22,RH_percent_mean,28,82.43609428405762
gep22,00,2026-01-28,2026-02-25,gcrew,noaa_gefs,22,Rain_mm_sum,28,0
gep22,00,2026-01-28,2026-02-25,gcrew,noaa_gefs,22,ShortwaveRadiation_Wm2,28,183.25
gep22,00,2026-01-28,2026-02-25,gcrew,noaa_gefs,22,WindSpeed_ms_mean,28,2.7927366152488466
gep22,00,2026-01-28,2026-02-26,gcrew,noaa_gefs,22,AirTemp_C_mean,29,4.269799804687523
gep22,00,2026-01-28,2026-02-26,gcrew,noaa_gefs,22,Pressure_Pa,29,101386.140625
gep22,00,2026-01-28,2026-02-26,gcrew,noaa_gefs,22,RH_percent_mean,29,76.72475337982178
gep22,00,2026-01-28,2026-02-26,gcrew,noaa_gefs,22,Rain_mm_sum,29,0.6100000143051147
gep22,00,2026-01-28,2026-02-26,gcrew,noaa_gefs,22,ShortwaveRadiation_Wm2,29,157.75
gep22,00,2026-01-28,2026-02-26,gcrew,noaa_gefs,22,WindSpeed_ms_mean,29,5.374720606390739
gep22,00,2026-01-28,2026-02-27,gcrew,noaa_gefs,22,AirTemp_C_mean,30,-2.2006057739257585
gep22,00,2026-01-28,2026-02-27,gcrew,noaa_gefs,22,Pressure_Pa,30,102063.791015625
gep22,00,2026-01-28,2026-02-27,gcrew,noaa_gefs,22,RH_percent_mean,30,60.6358585357666
gep22,00,2026-01-28,2026-02-27,gcrew,noaa_gefs,22,Rain_mm_sum,30,0
gep22,00,2026-01-28,2026-02-27,gcrew,noaa_gefs,22,ShortwaveRadiation_Wm2,30,208.75
gep22,00,2026-01-28,2026-02-27,gcrew,noaa_gefs,22,WindSpeed_ms_mean,30,4.223661637522698
gep22,00,2026-01-28,2026-02-28,gcrew,noaa_gefs,22,AirTemp_C_mean,31,2.8180099487304915
gep22,00,2026-01-28,2026-02-28,gcrew,noaa_gefs,22,Pressure_Pa,31,102096.6484375
gep22,00,2026-01-28,2026-02-28,gcrew,noaa_gefs,22,RH_percent_mean,31,73.37237644195557
gep22,00,2026-01-28,2026-02-28,gcrew,noaa_gefs,22,Rain_mm_sum,31,0
gep22,00,2026-01-28,2026-02-28,gcrew,noaa_gefs,22,ShortwaveRadiation_Wm2,31,182.75
gep22,00,2026-01-28,2026-02-28,gcrew,noaa_gefs,22,WindSpeed_ms_mean,31,2.7731910157020536
gep22,00,2026-01-28,2026-03-01,gcrew,noaa_gefs,22,AirTemp_C_mean,32,10.715417480468773
gep22,00,2026-01-28,2026-03-01,gcrew,noaa_gefs,22,Pressure_Pa,32,101821.703125
gep22,00,2026-01-28,2026-03-01,gcrew,noaa_gefs,22,RH_percent_mean,32,78.44407558441162
gep22,00,2026-01-28,2026-03-01,gcrew,noaa_gefs,22,Rain_mm_sum,32,0.10000000149011612
gep22,00,2026-01-28,2026-03-01,gcrew,noaa_gefs,22,ShortwaveRadiation_Wm2,32,188
gep22,00,2026-01-28,2026-03-01,gcrew,noaa_gefs,22,WindSpeed_ms_mean,32,4.440940868795268
gep22,00,2026-01-28,2026-03-02,gcrew,noaa_gefs,22,AirTemp_C_mean,33,8.776765441894554
gep22,00,2026-01-28,2026-03-02,gcrew,noaa_gefs,22,Pressure_Pa,33,102014.58203125
gep22,00,2026-01-28,2026-03-02,gcrew,noaa_gefs,22,RH_percent_mean,33,87.70235443115234
gep22,00,2026-01-28,2026-03-02,gcrew,noaa_gefs,22,Rain_mm_sum,33,1.2000000476837158
gep22,00,2026-01-28,2026-03-02,gcrew,noaa_gefs,22,ShortwaveRadiation_Wm2,33,148.25
gep22,00,2026-01-28,2026-03-02,gcrew,noaa_gefs,22,WindSpeed_ms_mean,33,4.63763027527913
gep22,00,2026-01-28,2026-03-03,gcrew,noaa_gefs,22,AirTemp_C_mean,34,11.128327941894554
gep22,00,2026-01-28,2026-03-03,gcrew,noaa_gefs,22,Pressure_Pa,34,100700.955078125
gep22,00,2026-01-28,2026-03-03,gcrew,noaa_gefs,22,RH_percent_mean,34,81.373138427734375
gep22,00,2026-01-28,2026-03-03,gcrew,noaa_gefs,22,Rain_mm_sum,34,39.5
gep22,00,2026-01-28,2026-03-03,gcrew,noaa_gefs,22,ShortwaveRadiation_Wm2,34,137
gep22,00,2026-01-28,2026-03-03,gcrew,noaa_gefs,22,WindSpeed_ms_mean,34,6.95522383090104
gep23,00,2026-01-28,2026-01-29,gcrew,noaa_gefs,23,AirTemp_C_mean,1,-7.280580902099587
gep23,00,2026-01-28,2026-01-29,gcrew,noaa_gefs,23,Pressure_Pa,1,102287.724609375
gep23,00,2026-01-28,2026-01-29,gcrew,noaa_gefs,23,RH_percent_mean,1,76.07372665405273
gep23,00,2026-01-28,2026-01-29,gcrew,noaa_gefs,23,Rain_mm_sum,1,0.10000000149011612
gep23,00,2026-01-28,2026-01-29,gcrew,noaa_gefs,23,ShortwaveRadiation_Wm2,1,150.125
gep23,00,2026-01-28,2026-01-29,gcrew,noaa_gefs,23,WindSpeed_ms_mean,1,5.488174929013097
gep23,00,2026-01-28,2026-01-30,gcrew,noaa_gefs,23,AirTemp_C_mean,2,-7.0662673950195085
gep23,00,2026-01-28,2026-01-30,gcrew,noaa_gefs,23,Pressure_Pa,2,102186.884765625
gep23,00,2026-01-28,2026-01-30,gcrew,noaa_gefs,23,RH_percent_mean,2,85.883331298828125
gep23,00,2026-01-28,2026-01-30,gcrew,noaa_gefs,23,Rain_mm_sum,2,3.400000035762787
gep23,00,2026-01-28,2026-01-30,gcrew,noaa_gefs,23,ShortwaveRadiation_Wm2,2,91
gep23,00,2026-01-28,2026-01-30,gcrew,noaa_gefs,23,WindSpeed_ms_mean,2,4.310190691157695
gep23,00,2026-01-28,2026-01-31,gcrew,noaa_gefs,23,AirTemp_C_mean,3,-8.19930496215818
gep23,00,2026-01-28,2026-01-31,gcrew,noaa_gefs,23,Pressure_Pa,3,101301.654296875
gep23,00,2026-01-28,2026-01-31,gcrew,noaa_gefs,23,RH_percent_mean,3,95.59107112884521
gep23,00,2026-01-28,2026-01-31,gcrew,noaa_gefs,23,Rain_mm_sum,3,24.890000462532043
gep23,00,2026-01-28,2026-01-31,gcrew,noaa_gefs,23,ShortwaveRadiation_Wm2,3,47
gep23,00,2026-01-28,2026-01-31,gcrew,noaa_gefs,23,WindSpeed_ms_mean,3,10.447140277612919
gep23,00,2026-01-28,2026-02-01,gcrew,noaa_gefs,23,AirTemp_C_mean,4,-5.557821655273415
gep23,00,2026-01-28,2026-02-01,gcrew,noaa_gefs,23,Pressure_Pa,4,99940.41015625
gep23,00,2026-01-28,2026-02-01,gcrew,noaa_gefs,23,RH_percent_mean,4,94.5508918762207
gep23,00,2026-01-28,2026-02-01,gcrew,noaa_gefs,23,Rain_mm_sum,4,22.200000166893005
gep23,00,2026-01-28,2026-02-01,gcrew,noaa_gefs,23,ShortwaveRadiation_Wm2,4,59.5
gep23,00,2026-01-28,2026-02-01,gcrew,noaa_gefs,23,WindSpeed_ms_mean,4,13.510369912418103
gep23,00,2026-01-28,2026-02-02,gcrew,noaa_gefs,23,AirTemp_C_mean,5,-5.524973297119118
gep23,00,2026-01-28,2026-02-02,gcrew,noaa_gefs,23,Pressure_Pa,5,101653.6318359375
gep23,00,2026-01-28,2026-02-02,gcrew,noaa_gefs,23,RH_percent_mean,5,80.55075645446777
gep23,00,2026-01-28,2026-02-02,gcrew,noaa_gefs,23,Rain_mm_sum,5,1.399999976158142
gep23,00,2026-01-28,2026-02-02,gcrew,noaa_gefs,23,ShortwaveRadiation_Wm2,5,151.5
gep23,00,2026-01-28,2026-02-02,gcrew,noaa_gefs,23,WindSpeed_ms_mean,5,8.067561597422333
gep23,00,2026-01-28,2026-02-03,gcrew,noaa_gefs,23,AirTemp_C_mean,6,-5.25441970825193
gep23,00,2026-01-28,2026-02-03,gcrew,noaa_gefs,23,Pressure_Pa,6,102473.724609375
gep23,00,2026-01-28,2026-02-03,gcrew,noaa_gefs,23,RH_percent_mean,6,78.25176620483398
gep23,00,2026-01-28,2026-02-03,gcrew,noaa_gefs,23,Rain_mm_sum,6,0
gep23,00,2026-01-28,2026-02-03,gcrew,noaa_gefs,23,ShortwaveRadiation_Wm2,6,163.375
gep23,00,2026-01-28,2026-02-03,gcrew,noaa_gefs,23,WindSpeed_ms_mean,6,3.967009672131133
gep23,00,2026-01-28,2026-02-04,gcrew,noaa_gefs,23,AirTemp_C_mean,7,-1.8118385314941179
gep23,00,2026-01-28,2026-02-04,gcrew,noaa_gefs,23,Pressure_Pa,7,102940.9130859375
gep23,00,2026-01-28,2026-02-04,gcrew,noaa_gefs,23,RH_percent_mean,7,83.65248394012451
gep23,00,2026-01-28,2026-02-04,gcrew,noaa_gefs,23,Rain_mm_sum,7,0.009999999776482582
gep23,00,2026-01-28,2026-02-04,gcrew,noaa_gefs,23,ShortwaveRadiation_Wm2,7,109.5
gep23,00,2026-01-28,2026-02-04,gcrew,noaa_gefs,23,WindSpeed_ms_mean,7,2.1674175981691817
gep23,00,2026-01-28,2026-02-05,gcrew,noaa_gefs,23,AirTemp_C_mean,8,1.069429016113304
gep23,00,2026-01-28,2026-02-05,gcrew,noaa_gefs,23,Pressure_Pa,8,101906.8251953125
gep23,00,2026-01-28,2026-02-05,gcrew,noaa_gefs,23,RH_percent_mean,8,94.48931217193604
gep23,00,2026-01-28,2026-02-05,gcrew,noaa_gefs,23,Rain_mm_sum,8,0.20000000298023224
gep23,00,2026-01-28,2026-02-05,gcrew,noaa_gefs,23,ShortwaveRadiation_Wm2,8,76.875
gep23,00,2026-01-28,2026-02-05,gcrew,noaa_gefs,23,WindSpeed_ms_mean,8,3.684263806468948
gep23,00,2026-01-28,2026-02-06,gcrew,noaa_gefs,23,AirTemp_C_mean,9,2.753424944196451
gep23,00,2026-01-28,2026-02-06,gcrew,noaa_gefs,23,Pressure_Pa,9,100416.97879464286
gep23,00,2026-01-28,2026-02-06,gcrew,noaa_gefs,23,RH_percent_mean,9,86.28384617396763
gep23,00,2026-01-28,2026-02-06,gcrew,noaa_gefs,23,Rain_mm_sum,9,0.9999999925494194
gep23,00,2026-01-28,2026-02-06,gcrew,noaa_gefs,23,ShortwaveRadiation_Wm2,9,160
gep23,00,2026-01-28,2026-02-06,gcrew,noaa_gefs,23,WindSpeed_ms_mean,9,7.2776915238674205
gep23,00,2026-01-28,2026-02-07,gcrew,noaa_gefs,23,AirTemp_C_mean,10,-5.779425048828102
gep23,00,2026-01-28,2026-02-07,gcrew,noaa_gefs,23,Pressure_Pa,10,101461.65625
gep23,00,2026-01-28,2026-02-07,gcrew,noaa_gefs,23,RH_percent_mean,10,72.17018508911133
gep23,00,2026-01-28,2026-02-07,gcrew,noaa_gefs,23,Rain_mm_sum,10,0
gep23,00,2026-01-28,2026-02-07,gcrew,noaa_gefs,23,ShortwaveRadiation_Wm2,10,149.5
gep23,00,2026-01-28,2026-02-07,gcrew,noaa_gefs,23,WindSpeed_ms_mean,10,4.217680666860886
gep23,00,2026-01-28,2026-02-08,gcrew,noaa_gefs,23,AirTemp_C_mean,11,-7.681547546386696
gep23,00,2026-01-28,2026-02-08,gcrew,noaa_gefs,23,Pressure_Pa,11,102029.173828125
gep23,00,2026-01-28,2026-02-08,gcrew,noaa_gefs,23,RH_percent_mean,11,68.76657009124756
gep23,00,2026-01-28,2026-02-08,gcrew,noaa_gefs,23,Rain_mm_sum,11,0
gep23,00,2026-01-28,2026-02-08,gcrew,noaa_gefs,23,ShortwaveRadiation_Wm2,11,174.25
gep23,00,2026-01-28,2026-02-08,gcrew,noaa_gefs,23,WindSpeed_ms_mean,11,7.886064993607651
gep23,00,2026-01-28,2026-02-09,gcrew,noaa_gefs,23,AirTemp_C_mean,12,-4.058538818359352
gep23,00,2026-01-28,2026-02-09,gcrew,noaa_gefs,23,Pressure_Pa,12,101952.376953125
gep23,00,2026-01-28,2026-02-09,gcrew,noaa_gefs,23,RH_percent_mean,12,68.18047332763672
gep23,00,2026-01-28,2026-02-09,gcrew,noaa_gefs,23,Rain_mm_sum,12,0
gep23,00,2026-01-28,2026-02-09,gcrew,noaa_gefs,23,ShortwaveRadiation_Wm2,12,164.25
gep23,00,2026-01-28,2026-02-09,gcrew,noaa_gefs,23,WindSpeed_ms_mean,12,7.975086568269404
gep23,00,2026-01-28,2026-02-10,gcrew,noaa_gefs,23,AirTemp_C_mean,13,-3.093626403808571
gep23,00,2026-01-28,2026-02-10,gcrew,noaa_gefs,23,Pressure_Pa,13,101960.732421875
gep23,00,2026-01-28,2026-02-10,gcrew,noaa_gefs,23,RH_percent_mean,13,68.68310356140137
gep23,00,2026-01-28,2026-02-10,gcrew,noaa_gefs,23,Rain_mm_sum,13,0
gep23,00,2026-01-28,2026-02-10,gcrew,noaa_gefs,23,ShortwaveRadiation_Wm2,13,134.75
gep23,00,2026-01-28,2026-02-10,gcrew,noaa_gefs,23,WindSpeed_ms_mean,13,5.259966799674645
gep23,00,2026-01-28,2026-02-11,gcrew,noaa_gefs,23,AirTemp_C_mean,14,-4.653044128417946
gep23,00,2026-01-28,2026-02-11,gcrew,noaa_gefs,23,Pressure_Pa,14,101637.04296875
gep23,00,2026-01-28,2026-02-11,gcrew,noaa_gefs,23,RH_percent_mean,14,69.65564918518066
gep23,00,2026-01-28,2026-02-11,gcrew,noaa_gefs,23,Rain_mm_sum,14,0
gep23,00,2026-01-28,2026-02-11,gcrew,noaa_gefs,23,ShortwaveRadiation_Wm2,14,179.5
gep23,00,2026-01-28,2026-02-11,gcrew,noaa_gefs,23,WindSpeed_ms_mean,14,8.026119124547929
gep23,00,2026-01-28,2026-02-12,gcrew,noaa_gefs,23,AirTemp_C_mean,15,-3.519529724121071
gep23,00,2026-01-28,2026-02-12,gcrew,noaa_gefs,23,Pressure_Pa,15,101760.71875
gep23,00,2026-01-28,2026-02-12,gcrew,noaa_gefs,23,RH_percent_mean,15,71.13922119140625
gep23,00,2026-01-28,2026-02-12,gcrew,noaa_gefs,23,Rain_mm_sum,15,0
gep23,00,2026-01-28,2026-02-12,gcrew,noaa_gefs,23,ShortwaveRadiation_Wm2,15,178.25
gep23,00,2026-01-28,2026-02-12,gcrew,noaa_gefs,23,WindSpeed_ms_mean,15,7.753901032955588
gep23,00,2026-01-28,2026-02-13,gcrew,noaa_gefs,23,AirTemp_C_mean,16,-2.7990249633788835
gep23,00,2026-01-28,2026-02-13,gcrew,noaa_gefs,23,Pressure_Pa,16,101736.001953125
gep23,00,2026-01-28,2026-02-13,gcrew,noaa_gefs,23,RH_percent_mean,16,63.89894676208496
gep23,00,2026-01-28,2026-02-13,gcrew,noaa_gefs,23,Rain_mm_sum,16,0
gep23,00,2026-01-28,2026-02-13,gcrew,noaa_gefs,23,ShortwaveRadiation_Wm2,16,143.25
gep23,00,2026-01-28,2026-02-13,gcrew,noaa_gefs,23,WindSpeed_ms_mean,16,6.434746689935362
gep23,00,2026-01-28,2026-02-14,gcrew,noaa_gefs,23,AirTemp_C_mean,17,-2.5064834594726335
gep23,00,2026-01-28,2026-02-14,gcrew,noaa_gefs,23,Pressure_Pa,17,101387.0625
gep23,00,2026-01-28,2026-02-14,gcrew,noaa_gefs,23,RH_percent_mean,17,63.91810321807861
gep23,00,2026-01-28,2026-02-14,gcrew,noaa_gefs,23,Rain_mm_sum,17,0
gep23,00,2026-01-28,2026-02-14,gcrew,noaa_gefs,23,ShortwaveRadiation_Wm2,17,174
gep23,00,2026-01-28,2026-02-14,gcrew,noaa_gefs,23,WindSpeed_ms_mean,17,4.505267943240719
gep23,00,2026-01-28,2026-02-15,gcrew,noaa_gefs,23,AirTemp_C_mean,18,-1.092008972167946
gep23,00,2026-01-28,2026-02-15,gcrew,noaa_gefs,23,Pressure_Pa,18,101645.232421875
gep23,00,2026-01-28,2026-02-15,gcrew,noaa_gefs,23,RH_percent_mean,18,69.99055099487305
gep23,00,2026-01-28,2026-02-15,gcrew,noaa_gefs,23,Rain_mm_sum,18,0
gep23,00,2026-01-28,2026-02-15,gcrew,noaa_gefs,23,ShortwaveRadiation_Wm2,18,159.5
gep23,00,2026-01-28,2026-02-15,gcrew,noaa_gefs,23,WindSpeed_ms_mean,18,3.138143268840961
gep23,00,2026-01-28,2026-02-16,gcrew,noaa_gefs,23,AirTemp_C_mean,19,1.369630432128929
gep23,00,2026-01-28,2026-02-16,gcrew,noaa_gefs,23,Pressure_Pa,19,101803.056640625
gep23,00,2026-01-28,2026-02-16,gcrew,noaa_gefs,23,RH_percent_mean,19,79.61123466491699
gep23,00,2026-01-28,2026-02-16,gcrew,noaa_gefs,23,Rain_mm_sum,19,0.20000000298023224
gep23,00,2026-01-28,2026-02-16,gcrew,noaa_gefs,23,ShortwaveRadiation_Wm2,19,87.75
gep23,00,2026-01-28,2026-02-16,gcrew,noaa_gefs,23,WindSpeed_ms_mean,19,3.3481034252777753
gep23,00,2026-01-28,2026-02-17,gcrew,noaa_gefs,23,AirTemp_C_mean,20,0.7386337280273665
gep23,00,2026-01-28,2026-02-17,gcrew,noaa_gefs,23,Pressure_Pa,20,101786.171875
gep23,00,2026-01-28,2026-02-17,gcrew,noaa_gefs,23,RH_percent_mean,20,84.81830406188965
gep23,00,2026-01-28,2026-02-17,gcrew,noaa_gefs,23,Rain_mm_sum,20,7.099999904632568
gep23,00,2026-01-28,2026-02-17,gcrew,noaa_gefs,23,ShortwaveRadiation_Wm2,20,22.25
gep23,00,2026-01-28,2026-02-17,gcrew,noaa_gefs,23,WindSpeed_ms_mean,20,4.584310341175985
gep23,00,2026-01-28,2026-02-18,gcrew,noaa_gefs,23,AirTemp_C_mean,21,4.854364013671898
gep23,00,2026-01-28,2026-02-18,gcrew,noaa_gefs,23,Pressure_Pa,21,100528.912109375
gep23,00,2026-01-28,2026-02-18,gcrew,noaa_gefs,23,RH_percent_mean,21,98.09432792663574
gep23,00,2026-01-28,2026-02-18,gcrew,noaa_gefs,23,Rain_mm_sum,21,9.100000143051147
gep23,00,2026-01-28,2026-02-18,gcrew,noaa_gefs,23,ShortwaveRadiation_Wm2,21,34
gep23,00,2026-01-28,2026-02-18,gcrew,noaa_gefs,23,WindSpeed_ms_mean,21,2.3743466397881434
gep23,00,2026-01-28,2026-02-19,gcrew,noaa_gefs,23,AirTemp_C_mean,22,2.8552337646484602
gep23,00,2026-01-28,2026-02-19,gcrew,noaa_gefs,23,Pressure_Pa,22,100285.193359375
gep23,00,2026-01-28,2026-02-19,gcrew,noaa_gefs,23,RH_percent_mean,22,85.17862129211426
gep23,00,2026-01-28,2026-02-19,gcrew,noaa_gefs,23,Rain_mm_sum,22,0.30000001192092896
gep23,00,2026-01-28,2026-02-19,gcrew,noaa_gefs,23,ShortwaveRadiation_Wm2,22,69.75
gep23,00,2026-01-28,2026-02-19,gcrew,noaa_gefs,23,WindSpeed_ms_mean,22,4.774511407394309
gep23,00,2026-01-28,2026-02-20,gcrew,noaa_gefs,23,AirTemp_C_mean,23,-9.267301940917946
gep23,00,2026-01-28,2026-02-20,gcrew,noaa_gefs,23,Pressure_Pa,23,101475.0859375
gep23,00,2026-01-28,2026-02-20,gcrew,noaa_gefs,23,RH_percent_mean,23,50.81293869018555
gep23,00,2026-01-28,2026-02-20,gcrew,noaa_gefs,23,Rain_mm_sum,23,0
gep23,00,2026-01-28,2026-02-20,gcrew,noaa_gefs,23,ShortwaveRadiation_Wm2,23,183
gep23,00,2026-01-28,2026-02-20,gcrew,noaa_gefs,23,WindSpeed_ms_mean,23,10.622410091968261
gep23,00,2026-01-28,2026-02-21,gcrew,noaa_gefs,23,AirTemp_C_mean,24,-10.929685974121071
gep23,00,2026-01-28,2026-02-21,gcrew,noaa_gefs,23,Pressure_Pa,24,102074.087890625
gep23,00,2026-01-28,2026-02-21,gcrew,noaa_gefs,23,RH_percent_mean,24,47.823272705078125
gep23,00,2026-01-28,2026-02-21,gcrew,noaa_gefs,23,Rain_mm_sum,24,0
gep23,00,2026-01-28,2026-02-21,gcrew,noaa_gefs,23,ShortwaveRadiation_Wm2,24,187
gep23,00,2026-01-28,2026-02-21,gcrew,noaa_gefs,23,WindSpeed_ms_mean,24,6.5561279655405835
gep23,00,2026-01-28,2026-02-22,gcrew,noaa_gefs,23,AirTemp_C_mean,25,-7.766607666015602
gep23,00,2026-01-28,2026-02-22,gcrew,noaa_gefs,23,Pressure_Pa,25,102546.142578125
gep23,00,2026-01-28,2026-02-22,gcrew,noaa_gefs,23,RH_percent_mean,25,56.11021900177002
gep23,00,2026-01-28,2026-02-22,gcrew,noaa_gefs,23,Rain_mm_sum,25,0
gep23,00,2026-01-28,2026-02-22,gcrew,noaa_gefs,23,ShortwaveRadiation_Wm2,25,200.25
gep23,00,2026-01-28,2026-02-22,gcrew,noaa_gefs,23,WindSpeed_ms_mean,25,7.731225422210707
gep23,00,2026-01-28,2026-02-23,gcrew,noaa_gefs,23,AirTemp_C_mean,26,-2.8251098632812273
gep23,00,2026-01-28,2026-02-23,gcrew,noaa_gefs,23,Pressure_Pa,26,102910.716796875
gep23,00,2026-01-28,2026-02-23,gcrew,noaa_gefs,23,RH_percent_mean,26,53.88744640350342
gep23,00,2026-01-28,2026-02-23,gcrew,noaa_gefs,23,Rain_mm_sum,26,0
gep23,00,2026-01-28,2026-02-23,gcrew,noaa_gefs,23,ShortwaveRadiation_Wm2,26,202.5
gep23,00,2026-01-28,2026-02-23,gcrew,noaa_gefs,23,WindSpeed_ms_mean,26,4.84067752247645
gep23,00,2026-01-28,2026-02-24,gcrew,noaa_gefs,23,AirTemp_C_mean,27,1.597322082519554
gep23,00,2026-01-28,2026-02-24,gcrew,noaa_gefs,23,Pressure_Pa,27,102109.3046875
gep23,00,2026-01-28,2026-02-24,gcrew,noaa_gefs,23,RH_percent_mean,27,62.64256954193115
gep23,00,2026-01-28,2026-02-24,gcrew,noaa_gefs,23,Rain_mm_sum,27,0
gep23,00,2026-01-28,2026-02-24,gcrew,noaa_gefs,23,ShortwaveRadiation_Wm2,27,116.5
gep23,00,2026-01-28,2026-02-24,gcrew,noaa_gefs,23,WindSpeed_ms_mean,27,5.3985288138153145
gep23,00,2026-01-28,2026-02-25,gcrew,noaa_gefs,23,AirTemp_C_mean,28,3.3727813720703352
gep23,00,2026-01-28,2026-02-25,gcrew,noaa_gefs,23,Pressure_Pa,28,101713.029296875
gep23,00,2026-01-28,2026-02-25,gcrew,noaa_gefs,23,RH_percent_mean,28,82.43609428405762
gep23,00,2026-01-28,2026-02-25,gcrew,noaa_gefs,23,Rain_mm_sum,28,0
gep23,00,2026-01-28,2026-02-25,gcrew,noaa_gefs,23,ShortwaveRadiation_Wm2,28,183.25
gep23,00,2026-01-28,2026-02-25,gcrew,noaa_gefs,23,WindSpeed_ms_mean,28,2.7927366152488466
gep23,00,2026-01-28,2026-02-26,gcrew,noaa_gefs,23,AirTemp_C_mean,29,4.269799804687523
gep23,00,2026-01-28,2026-02-26,gcrew,noaa_gefs,23,Pressure_Pa,29,101386.140625
gep23,00,2026-01-28,2026-02-26,gcrew,noaa_gefs,23,RH_percent_mean,29,76.72475337982178
gep23,00,2026-01-28,2026-02-26,gcrew,noaa_gefs,23,Rain_mm_sum,29,0.6100000143051147
gep23,00,2026-01-28,2026-02-26,gcrew,noaa_gefs,23,ShortwaveRadiation_Wm2,29,157.75
gep23,00,2026-01-28,2026-02-26,gcrew,noaa_gefs,23,WindSpeed_ms_mean,29,5.374720606390739
gep23,00,2026-01-28,2026-02-27,gcrew,noaa_gefs,23,AirTemp_C_mean,30,-2.2006057739257585
gep23,00,2026-01-28,2026-02-27,gcrew,noaa_gefs,23,Pressure_Pa,30,102063.791015625
gep23,00,2026-01-28,2026-02-27,gcrew,noaa_gefs,23,RH_percent_mean,30,60.6358585357666
gep23,00,2026-01-28,2026-02-27,gcrew,noaa_gefs,23,Rain_mm_sum,30,0
gep23,00,2026-01-28,2026-02-27,gcrew,noaa_gefs,23,ShortwaveRadiation_Wm2,30,208.75
gep23,00,2026-01-28,2026-02-27,gcrew,noaa_gefs,23,WindSpeed_ms_mean,30,4.223661637522698
gep23,00,2026-01-28,2026-02-28,gcrew,noaa_gefs,23,AirTemp_C_mean,31,2.8180099487304915
gep23,00,2026-01-28,2026-02-28,gcrew,noaa_gefs,23,Pressure_Pa,31,102096.6484375
gep23,00,2026-01-28,2026-02-28,gcrew,noaa_gefs,23,RH_percent_mean,31,73.37237644195557
gep23,00,2026-01-28,2026-02-28,gcrew,noaa_gefs,23,Rain_mm_sum,31,0
gep23,00,2026-01-28,2026-02-28,gcrew,noaa_gefs,23,ShortwaveRadiation_Wm2,31,182.75
gep23,00,2026-01-28,2026-02-28,gcrew,noaa_gefs,23,WindSpeed_ms_mean,31,2.7731910157020536
gep23,00,2026-01-28,2026-03-01,gcrew,noaa_gefs,23,AirTemp_C_mean,32,10.715417480468773
gep23,00,2026-01-28,2026-03-01,gcrew,noaa_gefs,23,Pressure_Pa,32,101821.703125
gep23,00,2026-01-28,2026-03-01,gcrew,noaa_gefs,23,RH_percent_mean,32,78.44407558441162
gep23,00,2026-01-28,2026-03-01,gcrew,noaa_gefs,23,Rain_mm_sum,32,0.10000000149011612
gep23,00,2026-01-28,2026-03-01,gcrew,noaa_gefs,23,ShortwaveRadiation_Wm2,32,188
gep23,00,2026-01-28,2026-03-01,gcrew,noaa_gefs,23,WindSpeed_ms_mean,32,4.440940868795268
gep23,00,2026-01-28,2026-03-02,gcrew,noaa_gefs,23,AirTemp_C_mean,33,8.776765441894554
gep23,00,2026-01-28,2026-03-02,gcrew,noaa_gefs,23,Pressure_Pa,33,102014.58203125
gep23,00,2026-01-28,2026-03-02,gcrew,noaa_gefs,23,RH_percent_mean,33,87.70235443115234
gep23,00,2026-01-28,2026-03-02,gcrew,noaa_gefs,23,Rain_mm_sum,33,1.2000000476837158
gep23,00,2026-01-28,2026-03-02,gcrew,noaa_gefs,23,ShortwaveRadiation_Wm2,33,148.25
gep23,00,2026-01-28,2026-03-02,gcrew,noaa_gefs,23,WindSpeed_ms_mean,33,4.63763027527913
gep23,00,2026-01-28,2026-03-03,gcrew,noaa_gefs,23,AirTemp_C_mean,34,11.128327941894554
gep23,00,2026-01-28,2026-03-03,gcrew,noaa_gefs,23,Pressure_Pa,34,100700.955078125
gep23,00,2026-01-28,2026-03-03,gcrew,noaa_gefs,23,RH_percent_mean,34,81.373138427734375
gep23,00,2026-01-28,2026-03-03,gcrew,noaa_gefs,23,Rain_mm_sum,34,39.5
gep23,00,2026-01-28,2026-03-03,gcrew,noaa_gefs,23,ShortwaveRadiation_Wm2,34,137
gep23,00,2026-01-28,2026-03-03,gcrew,noaa_gefs,23,WindSpeed_ms_mean,34,6.95522383090104
gep24,00,2026-01-28,2026-01-29,gcrew,noaa_gefs,24,AirTemp_C_mean,1,-7.280580902099587
gep24,00,2026-01-28,2026-01-29,gcrew,noaa_gefs,24,Pressure_Pa,1,102287.724609375
gep24,00,2026-01-28,2026-01-29,gcrew,noaa_gefs,24,RH_percent_mean,1,76.07372665405273
gep24,00,2026-01-28,2026-01-29,gcrew,noaa_gefs,24,Rain_mm_sum,1,0.10000000149011612
gep24,00,2026-01-28,2026-01-29,gcrew,noaa_gefs,24,ShortwaveRadiation_Wm2,1,150.125
gep24,00,2026-01-28,2026-01-29,gcrew,noaa_gefs,24,WindSpeed_ms_mean,1,5.488174929013097
gep24,00,2026-01-28,2026-01-30,gcrew,noaa_gefs,24,AirTemp_C_mean,2,-7.0662673950195085
gep24,00,2026-01-28,2026-01-30,gcrew,noaa_gefs,24,Pressure_Pa,2,102186.884765625
gep24,00,2026-01-28,2026-01-30,gcrew,noaa_gefs,24,RH_percent_mean,2,85.883331298828125
gep24,00,2026-01-28,2026-01-30,gcrew,noaa_gefs,24,Rain_mm_sum,2,3.400000035762787
gep24,00,2026-01-28,2026-01-30,gcrew,noaa_gefs,24,ShortwaveRadiation_Wm2,2,91
gep24,00,2026-01-28,2026-01-30,gcrew,noaa_gefs,24,WindSpeed_ms_mean,2,4.310190691157695
gep24,00,2026-01-28,2026-01-31,gcrew,noaa_gefs,24,AirTemp_C_mean,3,-8.19930496215818
gep24,00,2026-01-28,2026-01-31,gcrew,noaa_gefs,24,Pressure_Pa,3,101301.654296875
gep24,00,2026-01-28,2026-01-31,gcrew,noaa_gefs,24,RH_percent_mean,3,95.59107112884521
gep24,00,2026-01-28,2026-01-31,gcrew,noaa_gefs,24,Rain_mm_sum,3,24.890000462532043
gep24,00,2026-01-28,2026-01-31,gcrew,noaa_gefs,24,ShortwaveRadiation_Wm2,3,47
gep24,00,2026-01-28,2026-01-31,gcrew,noaa_gefs,24,WindSpeed_ms_mean,3,10.447140277612919
gep24,00,2026-01-28,2026-02-01,gcrew,noaa_gefs,24,AirTemp_C_mean,4,-5.557821655273415
gep24,00,2026-01-28,2026-02-01,gcrew,noaa_gefs,24,Pressure_Pa,4,99940.41015625
gep24,00,2026-01-28,2026-02-01,gcrew,noaa_gefs,24,RH_percent_mean,4,94.5508918762207
gep24,00,2026-01-28,2026-02-01,gcrew,noaa_gefs,24,Rain_mm_sum,4,22.200000166893005
gep24,00,2026-01-28,2026-02-01,gcrew,noaa_gefs,24,ShortwaveRadiation_Wm2,4,59.5
gep24,00,2026-01-28,2026-02-01,gcrew,noaa_gefs,24,WindSpeed_ms_mean,4,13.510369912418103
gep24,00,2026-01-28,2026-02-02,gcrew,noaa_gefs,24,AirTemp_C_mean,5,-5.524973297119118
gep24,00,2026-01-28,2026-02-02,gcrew,noaa_gefs,24,Pressure_Pa,5,101653.6318359375
gep24,00,2026-01-28,2026-02-02,gcrew,noaa_gefs,24,RH_percent_mean,5,80.55075645446777
gep24,00,2026-01-28,2026-02-02,gcrew,noaa_gefs,24,Rain_mm_sum,5,1.399999976158142
gep24,00,2026-01-28,2026-02-02,gcrew,noaa_gefs,24,ShortwaveRadiation_Wm2,5,151.5
gep24,00,2026-01-28,2026-02-02,gcrew,noaa_gefs,24,WindSpeed_ms_mean,5,8.067561597422333
gep24,00,2026-01-28,2026-02-03,gcrew,noaa_gefs,24,AirTemp_C_mean,6,-5.25441970825193
gep24,00,2026-01-28,2026-02-03,gcrew,noaa_gefs,24,Pressure_Pa,6,102473.724609375
gep24,00,2026-01-28,2026-02-03,gcrew,noaa_gefs,24,RH_percent_mean,6,78.25176620483398
gep24,00,2026-01-28,2026-02-03,gcrew,noaa_gefs,24,Rain_mm_sum,6,0
gep24,00,2026-01-28,2026-02-03,gcrew,noaa_gefs,24,ShortwaveRadiation_Wm2,6,163.375
gep24,00,2026-01-28,2026-02-03,gcrew,noaa_gefs,24,WindSpeed_ms_mean,6,3.967009672131133
gep24,00,2026-01-28,2026-02-04,gcrew,noaa_gefs,24,AirTemp_C_mean,7,-1.8118385314941179
gep24,00,2026-01-28,2026-02-04,gcrew,noaa_gefs,24,Pressure_Pa,7,102940.9130859375
gep24,00,2026-01-28,2026-02-04,gcrew,noaa_gefs,24,RH_percent_mean,7,83.65248394012451
gep24,00,2026-01-28,2026-02-04,gcrew,noaa_gefs,24,Rain_mm_sum,7,0.009999999776482582
gep24,00,2026-01-28,2026-02-04,gcrew,noaa_gefs,24,ShortwaveRadiation_Wm2,7,109.5
gep24,00,2026-01-28,2026-02-04,gcrew,noaa_gefs,24,WindSpeed_ms_mean,7,2.1674175981691817
gep24,00,2026-01-28,2026-02-05,gcrew,noaa_gefs,24,AirTemp_C_mean,8,1.069429016113304
gep24,00,2026-01-28,2026-02-05,gcrew,noaa_gefs,24,Pressure_Pa,8,101906.8251953125
gep24,00,2026-01-28,2026-02-05,gcrew,noaa_gefs,24,RH_percent_mean,8,94.48931217193604
gep24,00,2026-01-28,2026-02-05,gcrew,noaa_gefs,24,Rain_mm_sum,8,0.20000000298023224
gep24,00,2026-01-28,2026-02-05,gcrew,noaa_gefs,24,ShortwaveRadiation_Wm2,8,76.875
gep24,00,2026-01-28,2026-02-05,gcrew,noaa_gefs,24,WindSpeed_ms_mean,8,3.684263806468948
gep24,00,2026-01-28,2026-02-06,gcrew,noaa_gefs,24,AirTemp_C_mean,9,2.753424944196451
gep24,00,2026-01-28,2026-02-06,gcrew,noaa_gefs,24,Pressure_Pa,9,100416.97879464286
gep24,00,2026-01-28,2026-02-06,gcrew,noaa_gefs,24,RH_percent_mean,9,86.28384617396763
gep24,00,2026-01-28,2026-02-06,gcrew,noaa_gefs,24,Rain_mm_sum,9,0.9999999925494194
gep24,00,2026-01-28,2026-02-06,gcrew,noaa_gefs,24,ShortwaveRadiation_Wm2,9,160
gep24,00,2026-01-28,2026-02-06,gcrew,noaa_gefs,24,WindSpeed_ms_mean,9,7.2776915238674205
gep24,00,2026-01-28,2026-02-07,gcrew,noaa_gefs,24,AirTemp_C_mean,10,-5.779425048828102
gep24,00,2026-01-28,2026-02-07,gcrew,noaa_gefs,24,Pressure_Pa,10,101461.65625
gep24,00,2026-01-28,2026-02-07,gcrew,noaa_gefs,24,RH_percent_mean,10,72.17018508911133
gep24,00,2026-01-28,2026-02-07,gcrew,noaa_gefs,24,Rain_mm_sum,10,0
gep24,00,2026-01-28,2026-02-07,gcrew,noaa_gefs,24,ShortwaveRadiation_Wm2,10,149.5
gep24,00,2026-01-28,2026-02-07,gcrew,noaa_gefs,24,WindSpeed_ms_mean,10,4.217680666860886
gep24,00,2026-01-28,2026-02-08,gcrew,noaa_gefs,24,AirTemp_C_mean,11,-7.681547546386696
gep24,00,2026-01-28,2026-02-08,gcrew,noaa_gefs,24,Pressure_Pa,11,102029.173828125
gep24,00,2026-01-28,2026-02-08,gcrew,noaa_gefs,24,RH_percent_mean,11,68.76657009124756
gep24,00,2026-01-28,2026-02-08,gcrew,noaa_gefs,24,Rain_mm_sum,11,0
gep24,00,2026-01-28,2026-02-08,gcrew,noaa_gefs,24,ShortwaveRadiation_Wm2,11,174.25
gep24,00,2026-01-28,2026-02-08,gcrew,noaa_gefs,24,WindSpeed_ms_mean,11,7.886064993607651
gep24,00,2026-01-28,2026-02-09,gcrew,noaa_gefs,24,AirTemp_C_mean,12,-4.058538818359352
gep24,00,2026-01-28,2026-02-09,gcrew,noaa_gefs,24,Pressure_Pa,12,101952.376953125
gep24,00,2026-01-28,2026-02-09,gcrew,noaa_gefs,24,RH_percent_mean,12,68.18047332763672
gep24,00,2026-01-28,2026-02-09,gcrew,noaa_gefs,24,Rain_mm_sum,12,0
gep24,00,2026-01-28,2026-02-09,gcrew,noaa_gefs,24,ShortwaveRadiation_Wm2,12,164.25
gep24,00,2026-01-28,2026-02-09,gcrew,noaa_gefs,24,WindSpeed_ms_mean,12,7.975086568269404
gep24,00,2026-01-28,2026-02-10,gcrew,noaa_gefs,24,AirTemp_C_mean,13,-3.093626403808571
gep24,00,2026-01-28,2026-02-10,gcrew,noaa_gefs,24,Pressure_Pa,13,101960.732421875
gep24,00,2026-01-28,2026-02-10,gcrew,noaa_gefs,24,RH_percent_mean,13,68.68310356140137
gep24,00,2026-01-28,2026-02-10,gcrew,noaa_gefs,24,Rain_mm_sum,13,0
gep24,00,2026-01-28,2026-02-10,gcrew,noaa_gefs,24,ShortwaveRadiation_Wm2,13,134.75
gep24,00,2026-01-28,2026-02-10,gcrew,noaa_gefs,24,WindSpeed_ms_mean,13,5.259966799674645
gep24,00,2026-01-28,2026-02-11,gcrew,noaa_gefs,24,AirTemp_C_mean,14,-4.653044128417946
gep24,00,2026-01-28,2026-02-11,gcrew,noaa_gefs,24,Pressure_Pa,14,101637.04296875
gep24,00,2026-01-28,2026-02-11,gcrew,noaa_gefs,24,RH_percent_mean,14,69.65564918518066
gep24,00,2026-01-28,2026-02-11,gcrew,noaa_gefs,24,Rain_mm_sum,14,0
gep24,00,2026-01-28,2026-02-11,gcrew,noaa_gefs,24,ShortwaveRadiation_Wm2,14,179.5
gep24,00,2026-01-28,2026-02-11,gcrew,noaa_gefs,24,WindSpeed_ms_mean,14,8.026119124547929
gep24,00,2026-01-28,2026-02-12,gcrew,noaa_gefs,24,AirTemp_C_mean,15,-3.519529724121071
gep24,00,2026-01-28,2026-02-12,gcrew,noaa_gefs,24,Pressure_Pa,15,101760.71875
gep24,00,2026-01-28,2026-02-12,gcrew,noaa_gefs,24,RH_percent_mean,15,71.13922119140625
gep24,00,2026-01-28,2026-02-12,gcrew,noaa_gefs,24,Rain_mm_sum,15,0
gep24,00,2026-01-28,2026-02-12,gcrew,noaa_gefs,24,ShortwaveRadiation_Wm2,15,178.25
gep24,00,2026-01-28,2026-02-12,gcrew,noaa_gefs,24,WindSpeed_ms_mean,15,7.753901032955588
gep24,00,2026-01-28,2026-02-13,gcrew,noaa_gefs,24,AirTemp_C_mean,16,-2.7990249633788835
gep24,00,2026-01-28,2026-02-13,gcrew,noaa_gefs,24,Pressure_Pa,16,101736.001953125
gep24,00,2026-01-28,2026-02-13,gcrew,noaa_gefs,24,RH_percent_mean,16,63.89894676208496
gep24,00,2026-01-28,2026-02-13,gcrew,noaa_gefs,24,Rain_mm_sum,16,0
gep24,00,2026-01-28,2026-02-13,gcrew,noaa_gefs,24,ShortwaveRadiation_Wm2,16,143.25
gep24,00,2026-01-28,2026-02-13,gcrew,noaa_gefs,24,WindSpeed_ms_mean,16,6.434746689935362
gep24,00,2026-01-28,2026-02-14,gcrew,noaa_gefs,24,AirTemp_C_mean,17,-2.5064834594726335
gep24,00,2026-01-28,2026-02-14,gcrew,noaa_gefs,24,Pressure_Pa,17,101387.0625
gep24,00,2026-01-28,2026-02-14,gcrew,noaa_gefs,24,RH_percent_mean,17,63.91810321807861
gep24,00,2026-01-28,2026-02-14,gcrew,noaa_gefs,24,Rain_mm_sum,17,0
gep24,00,2026-01-28,2026-02-14,gcrew,noaa_gefs,24,ShortwaveRadiation_Wm2,17,174
gep24,00,2026-01-28,2026-02-14,gcrew,noaa_gefs,24,WindSpeed_ms_mean,17,4.505267943240719
gep24,00,2026-01-28,2026-02-15,gcrew,noaa_gefs,24,AirTemp_C_mean,18,-1.092008972167946
gep24,00,2026-01-28,2026-02-15,gcrew,noaa_gefs,24,Pressure_Pa,18,101645.232421875
gep24,00,2026-01-28,2026-02-15,gcrew,noaa_gefs,24,RH_percent_mean,18,69.99055099487305
gep24,00,2026-01-28,2026-02-15,gcrew,noaa_gefs,24,Rain_mm_sum,18,0
gep24,00,2026-01-28,2026-02-15,gcrew,noaa_gefs,24,ShortwaveRadiation_Wm2,18,159.5
gep24,00,2026-01-28,2026-02-15,gcrew,noaa_gefs,24,WindSpeed_ms_mean,18,3.138143268840961
gep24,00,2026-01-28,2026-02-16,gcrew,noaa_gefs,24,AirTemp_C_mean,19,1.369630432128929
gep24,00,2026-01-28,2026-02-16,gcrew,noaa_gefs,24,Pressure_Pa,19,101803.056640625
gep24,00,2026-01-28,2026-02-16,gcrew,noaa_gefs,24,RH_percent_mean,19,79.61123466491699
gep24,00,2026-01-28,2026-02-16,gcrew,noaa_gefs,24,Rain_mm_sum,19,0.20000000298023224
gep24,00,2026-01-28,2026-02-16,gcrew,noaa_gefs,24,ShortwaveRadiation_Wm2,19,87.75
gep24,00,2026-01-28,2026-02-16,gcrew,noaa_gefs,24,WindSpeed_ms_mean,19,3.3481034252777753
gep24,00,2026-01-28,2026-02-17,gcrew,noaa_gefs,24,AirTemp_C_mean,20,0.7386337280273665
gep24,00,2026-01-28,2026-02-17,gcrew,noaa_gefs,24,Pressure_Pa,20,101786.171875
gep24,00,2026-01-28,2026-02-17,gcrew,noaa_gefs,24,RH_percent_mean,20,84.81830406188965
gep24,00,2026-01-28,2026-02-17,gcrew,noaa_gefs,24,Rain_mm_sum,20,7.099999904632568
gep24,00,2026-01-28,2026-02-17,gcrew,noaa_gefs,24,ShortwaveRadiation_Wm2,20,22.25
gep24,00,2026-01-28,2026-02-17,gcrew,noaa_gefs,24,WindSpeed_ms_mean,20,4.584310341175985
gep24,00,2026-01-28,2026-02-18,gcrew,noaa_gefs,24,AirTemp_C_mean,21,4.854364013671898
gep24,00,2026-01-28,2026-02-18,gcrew,noaa_gefs,24,Pressure_Pa,21,100528.912109375
gep24,00,2026-01-28,2026-02-18,gcrew,noaa_gefs,24,RH_percent_mean,21,98.09432792663574
gep24,00,2026-01-28,2026-02-18,gcrew,noaa_gefs,24,Rain_mm_sum,21,9.100000143051147
gep24,00,2026-01-28,2026-02-18,gcrew,noaa_gefs,24,ShortwaveRadiation_Wm2,21,34
gep24,00,2026-01-28,2026-02-18,gcrew,noaa_gefs,24,WindSpeed_ms_mean,21,2.3743466397881434
gep24,00,2026-01-28,2026-02-19,gcrew,noaa_gefs,24,AirTemp_C_mean,22,2.8552337646484602
gep24,00,2026-01-28,2026-02-19,gcrew,noaa_gefs,24,Pressure_Pa,22,100285.193359375
gep24,00,2026-01-28,2026-02-19,gcrew,noaa_gefs,24,RH_percent_mean,22,85.17862129211426
gep24,00,2026-01-28,2026-02-19,gcrew,noaa_gefs,24,Rain_mm_sum,22,0.30000001192092896
gep24,00,2026-01-28,2026-02-19,gcrew,noaa_gefs,24,ShortwaveRadiation_Wm2,22,69.75
gep24,00,2026-01-28,2026-02-19,gcrew,noaa_gefs,24,WindSpeed_ms_mean,22,4.774511407394309
gep24,00,2026-01-28,2026-02-20,gcrew,noaa_gefs,24,AirTemp_C_mean,23,-9.267301940917946
gep24,00,2026-01-28,2026-02-20,gcrew,noaa_gefs,24,Pressure_Pa,23,101475.0859375
gep24,00,2026-01-28,2026-02-20,gcrew,noaa_gefs,24,RH_percent_mean,23,50.81293869018555
gep24,00,2026-01-28,2026-02-20,gcrew,noaa_gefs,24,Rain_mm_sum,23,0
gep24,00,2026-01-28,2026-02-20,gcrew,noaa_gefs,24,ShortwaveRadiation_Wm2,23,183
gep24,00,2026-01-28,2026-02-20,gcrew,noaa_gefs,24,WindSpeed_ms_mean,23,10.622410091968261
gep24,00,2026-01-28,2026-02-21,gcrew,noaa_gefs,24,AirTemp_C_mean,24,-10.929685974121071
gep24,00,2026-01-28,2026-02-21,gcrew,noaa_gefs,24,Pressure_Pa,24,102074.087890625
gep24,00,2026-01-28,2026-02-21,gcrew,noaa_gefs,24,RH_percent_mean,24,47.823272705078125
gep24,00,2026-01-28,2026-02-21,gcrew,noaa_gefs,24,Rain_mm_sum,24,0
gep24,00,2026-01-28,2026-02-21,gcrew,noaa_gefs,24,ShortwaveRadiation_Wm2,24,187
gep24,00,2026-01-28,2026-02-21,gcrew,noaa_gefs,24,WindSpeed_ms_mean,24,6.5561279655405835
gep24,00,2026-01-28,2026-02-22,gcrew,noaa_gefs,24,AirTemp_C_mean,25,-7.766607666015602
gep24,00,2026-01-28,2026-02-22,gcrew,noaa_gefs,24,Pressure_Pa,25,102546.142578125
gep24,00,2026-01-28,2026-02-22,gcrew,noaa_gefs,24,RH_percent_mean,25,56.11021900177002
gep24,00,2026-01-28,2026-02-22,gcrew,noaa_gefs,24,Rain_mm_sum,25,0
gep24,00,2026-01-28,2026-02-22,gcrew,noaa_gefs,24,ShortwaveRadiation_Wm2,25,200.25
gep24,00,2026-01-28,2026-02-22,gcrew,noaa_gefs,24,WindSpeed_ms_mean,25,7.731225422210707
gep24,00,2026-01-28,2026-02-23,gcrew,noaa_gefs,24,AirTemp_C_mean,26,-2.8251098632812273
gep24,00,2026-01-28,2026-02-23,gcrew,noaa_gefs,24,Pressure_Pa,26,102910.716796875
gep24,00,2026-01-28,2026-02-23,gcrew,noaa_gefs,24,RH_percent_mean,26,53.88744640350342
gep24,00,2026-01-28,2026-02-23,gcrew,noaa_gefs,24,Rain_mm_sum,26,0
gep24,00,2026-01-28,2026-02-23,gcrew,noaa_gefs,24,ShortwaveRadiation_Wm2,26,202.5
gep24,00,2026-01-28,2026-02-23,gcrew,noaa_gefs,24,WindSpeed_ms_mean,26,4.84067752247645
gep24,00,2026-01-28,2026-02-24,gcrew,noaa_gefs,24,AirTemp_C_mean,27,1.597322082519554
gep24,00,2026-01-28,2026-02-24,gcrew,noaa_gefs,24,Pressure_Pa,27,102109.3046875
gep24,00,2026-01-28,2026-02-24,gcrew,noaa_gefs,24,RH_percent_mean,27,62.64256954193115
gep24,00,2026-01-28,2026-02-24,gcrew,noaa_gefs,24,Rain_mm_sum,27,0
gep24,00,2026-01-28,2026-02-24,gcrew,noaa_gefs,24,ShortwaveRadiation_Wm2,27,116.5
gep24,00,2026-01-28,2026-02-24,gcrew,noaa_gefs,24,WindSpeed_ms_mean,27,5.3985288138153145
gep24,00,2026-01-28,2026-02-25,gcrew,noaa_gefs,24,AirTemp_C_mean,28,3.3727813720703352
gep24,00,2026-01-28,2026-02-25,gcrew,noaa_gefs,24,Pressure_Pa,28,101713.029296875
gep24,00,2026-01-28,2026-02-25,gcrew,noaa_gefs,24,RH_percent_mean,28,82.43609428405762
gep24,00,2026-01-28,2026-02-25,gcrew,noaa_gefs,24,Rain_mm_sum,28,0
gep24,00,2026-01-28,2026-02-25,gcrew,noaa_gefs,24,ShortwaveRadiation_Wm2,28,183.25
gep24,00,2026-01-28,2026-02-25,gcrew,noaa_gefs,24,WindSpeed_ms_mean,28,2.7927366152488466
gep24,00,2026-01-28,2026-02-26,gcrew,noaa_gefs,24,AirTemp_C_mean,29,4.269799804687523
gep24,00,2026-01-28,2026-02-26,gcrew,noaa_gefs,24,Pressure_Pa,29,101386.140625
gep24,00,2026-01-28,2026-02-26,gcrew,noaa_gefs,24,RH_percent_mean,29,76.72475337982178
gep24,00,2026-01-28,2026-02-26,gcrew,noaa_gefs,24,Rain_mm_sum,29,0.6100000143051147
gep24,00,2026-01-28,2026-02-26,gcrew,noaa_gefs,24,ShortwaveRadiation_Wm2,29,157.75
gep24,00,2026-01-28,2026-02-26,gcrew,noaa_gefs,24,WindSpeed_ms_mean,29,5.374720606390739
gep24,00,2026-01-28,2026-02-27,gcrew,noaa_gefs,24,AirTemp_C_mean,30,-2.2006057739257585
gep24,00,2026-01-28,2026-02-27,gcrew,noaa_gefs,24,Pressure_Pa,30,102063.791015625
gep24,00,2026-01-28,2026-02-27,gcrew,noaa_gefs,24,RH_percent_mean,30,60.6358585357666
gep24,00,2026-01-28,2026-02-27,gcrew,noaa_gefs,24,Rain_mm_sum,30,0
gep24,00,2026-01-28,2026-02-27,gcrew,noaa_gefs,24,ShortwaveRadiation_Wm2,30,208.75
gep24,00,2026-01-28,2026-02-27,gcrew,noaa_gefs,24,WindSpeed_ms_mean,30,4.223661637522698
gep24,00,2026-01-28,2026-02-28,gcrew,noaa_gefs,24,AirTemp_C_mean,31,2.8180099487304915
gep24,00,2026-01-28,2026-02-28,gcrew,noaa_gefs,24,Pressure_Pa,31,102096.6484375
gep24,00,2026-01-28,2026-02-28,gcrew,noaa_gefs,24,RH_percent_mean,31,73.37237644195557
gep24,00,2026-01-28,2026-02-28,gcrew,noaa_gefs,24,Rain_mm_sum,31,0
gep24,00,2026-01-28,2026-02-28,gcrew,noaa_gefs,24,ShortwaveRadiation_Wm2,31,182.75
gep24,00,2026-01-28,2026-02-28,gcrew,noaa_gefs,24,WindSpeed_ms_mean,31,2.7731910157020536
gep24,00,2026-01-28,2026-03-01,gcrew,noaa_gefs,24,AirTemp_C_mean,32,10.715417480468773
gep24,00,2026-01-28,2026-03-01,gcrew,noaa_gefs,24,Pressure_Pa,32,101821.703125
gep24,00,2026-01-28,2026-03-01,gcrew,noaa_gefs,24,RH_percent_mean,32,78.44407558441162
gep24,00,2026-01-28,2026-03-01,gcrew,noaa_gefs,24,Rain_mm_sum,32,0.10000000149011612
gep24,00,2026-01-28,2026-03-01,gcrew,noaa_gefs,24,ShortwaveRadiation_Wm2,32,188
gep24,00,2026-01-28,2026-03-01,gcrew,noaa_gefs,24,WindSpeed_ms_mean,32,4.440940868795268
gep24,00,2026-01-28,2026-03-02,gcrew,noaa_gefs,24,AirTemp_C_mean,33,8.776765441894554
gep24,00,2026-01-28,2026-03-02,gcrew,noaa_gefs,24,Pressure_Pa,33,102014.58203125
gep24,00,2026-01-28,2026-03-02,gcrew,noaa_gefs,24,RH_percent_mean,33,87.70235443115234
gep24,00,2026-01-28,2026-03-02,gcrew,noaa_gefs,24,Rain_mm_sum,33,1.2000000476837158
gep24,00,2026-01-28,2026-03-02,gcrew,noaa_gefs,24,ShortwaveRadiation_Wm2,33,148.25
gep24,00,2026-01-28,2026-03-02,gcrew,noaa_gefs,24,WindSpeed_ms_mean,33,4.63763027527913
gep24,00,2026-01-28,2026-03-03,gcrew,noaa_gefs,24,AirTemp_C_mean,34,11.128327941894554
gep24,00,2026-01-28,2026-03-03,gcrew,noaa_gefs,24,Pressure_Pa,34,100700.955078125
gep24,00,2026-01-28,2026-03-03,gcrew,noaa_gefs,24,RH_percent_mean,34,81.373138427734375
gep24,00,2026-01-28,2026-03-03,gcrew,noaa_gefs,24,Rain_mm_sum,34,39.5
gep24,00,2026-01-28,2026-03-03,gcrew,noaa_gefs,24,ShortwaveRadiation_Wm2,34,137
gep24,00,2026-01-28,2026-03-03,gcrew,noaa_gefs,24,WindSpeed_ms_mean,34,6.95522383090104
gep25,00,2026-01-28,2026-01-29,gcrew,noaa_gefs,25,AirTemp_C_mean,1,-7.280580902099587
gep25,00,2026-01-28,2026-01-29,gcrew,noaa_gefs,25,Pressure_Pa,1,102287.724609375
gep25,00,2026-01-28,2026-01-29,gcrew,noaa_gefs,25,RH_percent_mean,1,76.07372665405273
gep25,00,2026-01-28,2026-01-29,gcrew,noaa_gefs,25,Rain_mm_sum,1,0.10000000149011612
gep25,00,2026-01-28,2026-01-29,gcrew,noaa_gefs,25,ShortwaveRadiation_Wm2,1,150.125
gep25,00,2026-01-28,2026-01-29,gcrew,noaa_gefs,25,WindSpeed_ms_mean,1,5.488174929013097
gep25,00,2026-01-28,2026-01-30,gcrew,noaa_gefs,25,AirTemp_C_mean,2,-7.0662673950195085
gep25,00,2026-01-28,2026-01-30,gcrew,noaa_gefs,25,Pressure_Pa,2,102186.884765625
gep25,00,2026-01-28,2026-01-30,gcrew,noaa_gefs,25,RH_percent_mean,2,85.883331298828125
gep25,00,2026-01-28,2026-01-30,gcrew,noaa_gefs,25,Rain_mm_sum,2,3.400000035762787
gep25,00,2026-01-28,2026-01-30,gcrew,noaa_gefs,25,ShortwaveRadiation_Wm2,2,91
gep25,00,2026-01-28,2026-01-30,gcrew,noaa_gefs,25,WindSpeed_ms_mean,2,4.310190691157695
gep25,00,2026-01-28,2026-01-31,gcrew,noaa_gefs,25,AirTemp_C_mean,3,-8.19930496215818
gep25,00,2026-01-28,2026-01-31,gcrew,noaa_gefs,25,Pressure_Pa,3,101301.654296875
gep25,00,2026-01-28,2026-01-31,gcrew,noaa_gefs,25,RH_percent_mean,3,95.59107112884521
gep25,00,2026-01-28,2026-01-31,gcrew,noaa_gefs,25,Rain_mm_sum,3,24.890000462532043
gep25,00,2026-01-28,2026-01-31,gcrew,noaa_gefs,25,ShortwaveRadiation_Wm2,3,47
gep25,00,2026-01-28,2026-01-31,gcrew,noaa_gefs,25,WindSpeed_ms_mean,3,10.447140277612919
gep25,00,2026-01-28,2026-02-01,gcrew,noaa_gefs,25,AirTemp_C_mean,4,-5.557821655273415
gep25,00,2026-01-28,2026-02-01,gcrew,noaa_gefs,25,Pressure_Pa,4,99940.41015625
gep25,00,2026-01-28,2026-02-01,gcrew,noaa_gefs,25,RH_percent_mean,4,94.5508918762207
gep25,00,2026-01-28,2026-02-01,gcrew,noaa_gefs,25,Rain_mm_sum,4,22.200000166893005
gep25,00,2026-01-28,2026-02-01,gcrew,noaa_gefs,25,ShortwaveRadiation_Wm2,4,59.5
gep25,00,2026-01-28,2026-02-01,gcrew,noaa_gefs,25,WindSpeed_ms_mean,4,13.510369912418103
gep25,00,2026-01-28,2026-02-02,gcrew,noaa_gefs,25,AirTemp_C_mean,5,-5.524973297119118
gep25,00,2026-01-28,2026-02-02,gcrew,noaa_gefs,25,Pressure_Pa,5,101653.6318359375
gep25,00,2026-01-28,2026-02-02,gcrew,noaa_gefs,25,RH_percent_mean,5,80.55075645446777
gep25,00,2026-01-28,2026-02-02,gcrew,noaa_gefs,25,Rain_mm_sum,5,1.399999976158142
gep25,00,2026-01-28,2026-02-02,gcrew,noaa_gefs,25,ShortwaveRadiation_Wm2,5,151.5
gep25,00,2026-01-28,2026-02-02,gcrew,noaa_gefs,25,WindSpeed_ms_mean,5,8.067561597422333
gep25,00,2026-01-28,2026-02-03,gcrew,noaa_gefs,25,AirTemp_C_mean,6,-5.25441970825193
gep25,00,2026-01-28,2026-02-03,gcrew,noaa_gefs,25,Pressure_Pa,6,102473.724609375
gep25,00,2026-01-28,2026-02-03,gcrew,noaa_gefs,25,RH_percent_mean,6,78.25176620483398
gep25,00,2026-01-28,2026-02-03,gcrew,noaa_gefs,25,Rain_mm_sum,6,0
gep25,00,2026-01-28,2026-02-03,gcrew,noaa_gefs,25,ShortwaveRadiation_Wm2,6,163.375
gep25,00,2026-01-28,2026-02-03,gcrew,noaa_gefs,25,WindSpeed_ms_mean,6,3.967009672131133
gep25,00,2026-01-28,2026-02-04,gcrew,noaa_gefs,25,AirTemp_C_mean,7,-1.8118385314941179
gep25,00,2026-01-28,2026-02-04,gcrew,noaa_gefs,25,Pressure_Pa,7,102940.9130859375
gep25,00,2026-01-28,2026-02-04,gcrew,noaa_gefs,25,RH_percent_mean,7,83.65248394012451
gep25,00,2026-01-28,2026-02-04,gcrew,noaa_gefs,25,Rain_mm_sum,7,0.009999999776482582
gep25,00,2026-01-28,2026-02-04,gcrew,noaa_gefs,25,ShortwaveRadiation_Wm2,7,109.5
gep25,00,2026-01-28,2026-02-04,gcrew,noaa_gefs,25,WindSpeed_ms_mean,7,2.1674175981691817
gep25,00,2026-01-28,2026-02-05,gcrew,noaa_gefs,25,AirTemp_C_mean,8,1.069429016113304
gep25,00,2026-01-28,2026-02-05,gcrew,noaa_gefs,25,Pressure_Pa,8,101906.8251953125
gep25,00,2026-01-28,2026-02-05,gcrew,noaa_gefs,25,RH_percent_mean,8,94.48931217193604
gep25,00,2026-01-28,2026-02-05,gcrew,noaa_gefs,25,Rain_mm_sum,8,0.20000000298023224
gep25,00,2026-01-28,2026-02-05,gcrew,noaa_gefs,25,ShortwaveRadiation_Wm2,8,76.875
gep25,00,2026-01-28,2026-02-05,gcrew,noaa_gefs,25,WindSpeed_ms_mean,8,3.684263806468948
gep25,00,2026-01-28,2026-02-06,gcrew,noaa_gefs,25,AirTemp_C_mean,9,2.753424944196451
gep25,00,2026-01-28,2026-02-06,gcrew,noaa_gefs,25,Pressure_Pa,9,100416.97879464286
gep25,00,2026-01-28,2026-02-06,gcrew,noaa_gefs,25,RH_percent_mean,9,86.28384617396763
gep25,00,2026-01-28,2026-02-06,gcrew,noaa_gefs,25,Rain_mm_sum,9,0.9999999925494194
gep25,00,2026-01-28,2026-02-06,gcrew,noaa_gefs,25,ShortwaveRadiation_Wm2,9,160
gep25,00,2026-01-28,2026-02-06,gcrew,noaa_gefs,25,WindSpeed_ms_mean,9,7.2776915238674205
gep25,00,2026-01-28,2026-02-07,gcrew,noaa_gefs,25,AirTemp_C_mean,10,-5.779425048828102
gep25,00,2026-01-28,2026-02-07,gcrew,noaa_gefs,25,Pressure_Pa,10,101461.65625
gep25,00,2026-01-28,2026-02-07,gcrew,noaa_gefs,25,RH_percent_mean,10,72.17018508911133
gep25,00,2026-01-28,2026-02-07,gcrew,noaa_gefs,25,Rain_mm_sum,10,0
gep25,00,2026-01-28,2026-02-07,gcrew,noaa_gefs,25,ShortwaveRadiation_Wm2,10,149.5
gep25,00,2026-01-28,2026-02-07,gcrew,noaa_gefs,25,WindSpeed_ms_mean,10,4.217680666860886
gep25,00,2026-01-28,2026-02-08,gcrew,noaa_gefs,25,AirTemp_C_mean,11,-7.681547546386696
gep25,00,2026-01-28,2026-02-08,gcrew,noaa_gefs,25,Pressure_Pa,11,102029.173828125
gep25,00,2026-01-28,2026-02-08,gcrew,noaa_gefs,25,RH_percent_mean,11,68.76657009124756
gep25,00,2026-01-28,2026-02-08,gcrew,noaa_gefs,25,Rain_mm_sum,11,0
gep25,00,2026-01-28,2026-02-08,gcrew,noaa_gefs,25,ShortwaveRadiation_Wm2,11,174.25
gep25,00,2026-01-28,2026-02-08,gcrew,noaa_gefs,25,WindSpeed_ms_mean,11,7.886064993607651
gep25,00,2026-01-28,2026-02-09,gcrew,noaa_gefs,25,AirTemp_C_mean,12,-4.058538818359352
gep25,00,2026-01-28,2026-02-09,gcrew,noaa_gefs,25,Pressure_Pa,12,101952.376953125
gep25,00,2026-01-28,2026-02-09,gcrew,noaa_gefs,25,RH_percent_mean,12,68.18047332763672
gep25,00,2026-01-28,2026-02-09,gcrew,noaa_gefs,25,Rain_mm_sum,12,0
gep25,00,2026-01-28,2026-02-09,gcrew,noaa_gefs,25,ShortwaveRadiation_Wm2,12,164.25
gep25,00,2026-01-28,2026-02-09,gcrew,noaa_gefs,25,WindSpeed_ms_mean,12,7.975086568269404
gep25,00,2026-01-28,2026-02-10,gcrew,noaa_gefs,25,AirTemp_C_mean,13,-3.093626403808571
gep25,00,2026-01-28,2026-02-10,gcrew,noaa_gefs,25,Pressure_Pa,13,101960.732421875
gep25,00,2026-01-28,2026-02-10,gcrew,noaa_gefs,25,RH_percent_mean,13,68.68310356140137
gep25,00,2026-01-28,2026-02-10,gcrew,noaa_gefs,25,Rain_mm_sum,13,0
gep25,00,2026-01-28,2026-02-10,gcrew,noaa_gefs,25,ShortwaveRadiation_Wm2,13,134.75
gep25,00,2026-01-28,2026-02-10,gcrew,noaa_gefs,25,WindSpeed_ms_mean,13,5.259966799674645
gep25,00,2026-01-28,2026-02-11,gcrew,noaa_gefs,25,AirTemp_C_mean,14,-4.653044128417946
gep25,00,2026-01-28,2026-02-11,gcrew,noaa_gefs,25,Pressure_Pa,14,101637.04296875
gep25,00,2026-01-28,2026-02-11,gcrew,noaa_gefs,25,RH_percent_mean,14,69.65564918518066
gep25,00,2026-01-28,2026-02-11,gcrew,noaa_gefs,25,Rain_mm_sum,14,0
gep25,00,2026-01-28,2026-02-11,gcrew,noaa_gefs,25,ShortwaveRadiation_Wm2,14,179.5
gep25,00,2026-01-28,2026-02-11,gcrew,noaa_gefs,25,WindSpeed_ms_mean,14,8.026119124547929
gep25,00,2026-01-28,2026-02-12,gcrew,noaa_gefs,25,AirTemp_C_mean,15,-3.519529724121071
gep25,00,2026-01-28,2026-02-12,gcrew,noaa_gefs,25,Pressure_Pa,15,101760.71875
gep25,00,2026-01-28,2026-02-12,gcrew,noaa_gefs,25,RH_percent_mean,15,71.13922119140625
gep25,00,2026-01-28,2026-02-12,gcrew,noaa_gefs,25,Rain_mm_sum,15,0
gep25,00,2026-01-28,2026-02-12,gcrew,noaa_gefs,25,ShortwaveRadiation_Wm2,15,178.25
gep25,00,2026-01-28,2026-02-12,gcrew,noaa_gefs,25,WindSpeed_ms_mean,15,7.753901032955588
gep25,00,2026-01-28,2026-02-13,gcrew,noaa_gefs,25,AirTemp_C_mean,16,-2.7990249633788835
gep25,00,2026-01-28,2026-02-13,gcrew,noaa_gefs,25,Pressure_Pa,16,101736.001953125
gep25,00,2026-01-28,2026-02-13,gcrew,noaa_gefs,25,RH_percent_mean,16,63.89894676208496
gep25,00,2026-01-28,2026-02-13,gcrew,noaa_gefs,25,Rain_mm_sum,16,0
gep25,00,2026-01-28,2026-02-13,gcrew,noaa_gefs,25,ShortwaveRadiation_Wm2,16,143.25
gep25,00,2026-01-28,2026-02-13,gcrew,noaa_gefs,25,WindSpeed_ms_mean,16,6.434746689935362
gep25,00,2026-01-28,2026-02-14,gcrew,noaa_gefs,25,AirTemp_C_mean,17,-2.5064834594726335
gep25,00,2026-01-28,2026-02-14,gcrew,noaa_gefs,25,Pressure_Pa,17,101387.0625
gep25,00,2026-01-28,2026-02-14,gcrew,noaa_gefs,25,RH_percent_mean,17,63.91810321807861
gep25,00,2026-01-28,2026-02-14,gcrew,noaa_gefs,25,Rain_mm_sum,17,0
gep25,00,2026-01-28,2026-02-14,gcrew,noaa_gefs,25,ShortwaveRadiation_Wm2,17,174
gep25,00,2026-01-28,2026-02-14,gcrew,noaa_gefs,25,WindSpeed_ms_mean,17,4.505267943240719
gep25,00,2026-01-28,2026-02-15,gcrew,noaa_gefs,25,AirTemp_C_mean,18,-1.092008972167946
gep25,00,2026-01-28,2026-02-15,gcrew,noaa_gefs,25,Pressure_Pa,18,101645.232421875
gep25,00,2026-01-28,2026-02-15,gcrew,noaa_gefs,25,RH_percent_mean,18,69.99055099487305
gep25,00,2026-01-28,2026-02-15,gcrew,noaa_gefs,25,Rain_mm_sum,18,0
gep25,00,2026-01-28,2026-02-15,gcrew,noaa_gefs,25,ShortwaveRadiation_Wm2,18,159.5
gep25,00,2026-01-28,2026-02-15,gcrew,noaa_gefs,25,WindSpeed_ms_mean,18,3.138143268840961
gep25,00,2026-01-28,2026-02-16,gcrew,noaa_gefs,25,AirTemp_C_mean,19,1.369630432128929
gep25,00,2026-01-28,2026-02-16,gcrew,noaa_gefs,25,Pressure_Pa,19,101803.056640625
gep25,00,2026-01-28,2026-02-16,gcrew,noaa_gefs,25,RH_percent_mean,19,79.61123466491699
gep25,00,2026-01-28,2026-02-16,gcrew,noaa_gefs,25,Rain_mm_sum,19,0.20000000298023224
gep25,00,2026-01-28,2026-02-16,gcrew,noaa_gefs,25,ShortwaveRadiation_Wm2,19,87.75
gep25,00,2026-01-28,2026-02-16,gcrew,noaa_gefs,25,WindSpeed_ms_mean,19,3.3481034252777753
gep25,00,2026-01-28,2026-02-17,gcrew,noaa_gefs,25,AirTemp_C_mean,20,0.7386337280273665
gep25,00,2026-01-28,2026-02-17,gcrew,noaa_gefs,25,Pressure_Pa,20,101786.171875
gep25,00,2026-01-28,2026-02-17,gcrew,noaa_gefs,25,RH_percent_mean,20,84.81830406188965
gep25,00,2026-01-28,2026-02-17,gcrew,noaa_gefs,25,Rain_mm_sum,20,7.099999904632568
gep25,00,2026-01-28,2026-02-17,gcrew,noaa_gefs,25,ShortwaveRadiation_Wm2,20,22.25
gep25,00,2026-01-28,2026-02-17,gcrew,noaa_gefs,25,WindSpeed_ms_mean,20,4.584310341175985
gep25,00,2026-01-28,2026-02-18,gcrew,noaa_gefs,25,AirTemp_C_mean,21,4.854364013671898
gep25,00,2026-01-28,2026-02-18,gcrew,noaa_gefs,25,Pressure_Pa,21,100528.912109375
gep25,00,2026-01-28,2026-02-18,gcrew,noaa_gefs,25,RH_percent_mean,21,98.09432792663574
gep25,00,2026-01-28,2026-02-18,gcrew,noaa_gefs,25,Rain_mm_sum,21,9.100000143051147
gep25,00,2026-01-28,2026-02-18,gcrew,noaa_gefs,25,ShortwaveRadiation_Wm2,21,34
gep25,00,2026-01-28,2026-02-18,gcrew,noaa_gefs,25,WindSpeed_ms_mean,21,2.3743466397881434
gep25,00,2026-01-28,2026-02-19,gcrew,noaa_gefs,25,AirTemp_C_mean,22,2.8552337646484602
gep25,00,2026-01-28,2026-02-19,gcrew,noaa_gefs,25,Pressure_Pa,22,100285.193359375
gep25,00,2026-01-28,2026-02-19,gcrew,noaa_gefs,25,RH_percent_mean,22,85.17862129211426
gep25,00,2026-01-28,2026-02-19,gcrew,noaa_gefs,25,Rain_mm_sum,22,0.30000001192092896
gep25,00,2026-01-28,2026-02-19,gcrew,noaa_gefs,25,ShortwaveRadiation_Wm2,22,69.75
gep25,00,2026-01-28,2026-02-19,gcrew,noaa_gefs,25,WindSpeed_ms_mean,22,4.774511407394309
gep25,00,2026-01-28,2026-02-20,gcrew,noaa_gefs,25,AirTemp_C_mean,23,-9.267301940917946
gep25,00,2026-01-28,2026-02-20,gcrew,noaa_gefs,25,Pressure_Pa,23,101475.0859375
gep25,00,2026-01-28,2026-02-20,gcrew,noaa_gefs,25,RH_percent_mean,23,50.81293869018555
gep25,00,2026-01-28,2026-02-20,gcrew,noaa_gefs,25,Rain_mm_sum,23,0
gep25,00,2026-01-28,2026-02-20,gcrew,noaa_gefs,25,ShortwaveRadiation_Wm2,23,183
gep25,00,2026-01-28,2026-02-20,gcrew,noaa_gefs,25,WindSpeed_ms_mean,23,10.622410091968261
gep25,00,2026-01-28,2026-02-21,gcrew,noaa_gefs,25,AirTemp_C_mean,24,-10.929685974121071
gep25,00,2026-01-28,2026-02-21,gcrew,noaa_gefs,25,Pressure_Pa,24,102074.087890625
gep25,00,2026-01-28,2026-02-21,gcrew,noaa_gefs,25,RH_percent_mean,24,47.823272705078125
gep25,00,2026-01-28,2026-02-21,gcrew,noaa_gefs,25,Rain_mm_sum,24,0
gep25,00,2026-01-28,2026-02-21,gcrew,noaa_gefs,25,ShortwaveRadiation_Wm2,24,187
gep25,00,2026-01-28,2026-02-21,gcrew,noaa_gefs,25,WindSpeed_ms_mean,24,6.5561279655405835
gep25,00,2026-01-28,2026-02-22,gcrew,noaa_gefs,25,AirTemp_C_mean,25,-7.766607666015602
gep25,00,2026-01-28,2026-02-22,gcrew,noaa_gefs,25,Pressure_Pa,25,102546.142578125
gep25,00,2026-01-28,2026-02-22,gcrew,noaa_gefs,25,RH_percent_mean,25,56.11021900177002
gep25,00,2026-01-28,2026-02-22,gcrew,noaa_gefs,25,Rain_mm_sum,25,0
gep25,00,2026-01-28,2026-02-22,gcrew,noaa_gefs,25,ShortwaveRadiation_Wm2,25,200.25
gep25,00,2026-01-28,2026-02-22,gcrew,noaa_gefs,25,WindSpeed_ms_mean,25,7.731225422210707
gep25,00,2026-01-28,2026-02-23,gcrew,noaa_gefs,25,AirTemp_C_mean,26,-2.8251098632812273
gep25,00,2026-01-28,2026-02-23,gcrew,noaa_gefs,25,Pressure_Pa,26,102910.716796875
gep25,00,2026-01-28,2026-02-23,gcrew,noaa_gefs,25,RH_percent_mean,26,53.88744640350342
gep25,00,2026-01-28,2026-02-23,gcrew,noaa_gefs,25,Rain_mm_sum,26,0
gep25,00,2026-01-28,2026-02-23,gcrew,noaa_gefs,25,ShortwaveRadiation_Wm2,26,202.5
gep25,00,2026-01-28,2026-02-23,gcrew,noaa_gefs,25,WindSpeed_ms_mean,26,4.84067752247645
gep25,00,2026-01-28,2026-02-24,gcrew,noaa_gefs,25,AirTemp_C_mean,27,1.597322082519554
gep25,00,2026-01-28,2026-02-24,gcrew,noaa_gefs,25,Pressure_Pa,27,102109.3046875
gep25,00,2026-01-28,2026-02-24,gcrew,noaa_gefs,25,RH_percent_mean,27,62.64256954193115
gep25,00,2026-01-28,2026-02-24,gcrew,noaa_gefs,25,Rain_mm_sum,27,0
gep25,00,2026-01-28,2026-02-24,gcrew,noaa_gefs,25,ShortwaveRadiation_Wm2,27,116.5
gep25,00,2026-01-28,2026-02-24,gcrew,noaa_gefs,25,WindSpeed_ms_mean,27,5.3985288138153145
gep25,00,2026-01-28,2026-02-25,gcrew,noaa_gefs,25,AirTemp_C_mean,28,3.3727813720703352
gep25,00,2026-01-28,2026-02-25,gcrew,noaa_gefs,25,Pressure_Pa,28,101713.029296875
gep25,00,2026-01-28,2026-02-25,gcrew,noaa_gefs,25,RH_percent_mean,28,82.43609428405762
gep25,00,2026-01-28,2026-02-25,gcrew,noaa_gefs,25,Rain_mm_sum,28,0
gep25,00,2026-01-28,2026-02-25,gcrew,noaa_gefs,25,ShortwaveRadiation_Wm2,28,183.25
gep25,00,2026-01-28,2026-02-25,gcrew,noaa_gefs,25,WindSpeed_ms_mean,28,2.7927366152488466
gep25,00,2026-01-28,2026-02-26,gcrew,noaa_gefs,25,AirTemp_C_mean,29,4.269799804687523
gep25,00,2026-01-28,2026-02-26,gcrew,noaa_gefs,25,Pressure_Pa,29,101386.140625
gep25,00,2026-01-28,2026-02-26,gcrew,noaa_gefs,25,RH_percent_mean,29,76.72475337982178
gep25,00,2026-01-28,2026-02-26,gcrew,noaa_gefs,25,Rain_mm_sum,29,0.6100000143051147
gep25,00,2026-01-28,2026-02-26,gcrew,noaa_gefs,25,ShortwaveRadiation_Wm2,29,157.75
gep25,00,2026-01-28,2026-02-26,gcrew,noaa_gefs,25,WindSpeed_ms_mean,29,5.374720606390739
gep25,00,2026-01-28,2026-02-27,gcrew,noaa_gefs,25,AirTemp_C_mean,30,-2.2006057739257585
gep25,00,2026-01-28,2026-02-27,gcrew,noaa_gefs,25,Pressure_Pa,30,102063.791015625
gep25,00,2026-01-28,2026-02-27,gcrew,noaa_gefs,25,RH_percent_mean,30,60.6358585357666
gep25,00,2026-01-28,2026-02-27,gcrew,noaa_gefs,25,Rain_mm_sum,30,0
gep25,00,2026-01-28,2026-02-27,gcrew,noaa_gefs,25,ShortwaveRadiation_Wm2,30,208.75
gep25,00,2026-01-28,2026-02-27,gcrew,noaa_gefs,25,WindSpeed_ms_mean,30,4.223661637522698
gep25,00,2026-01-28,2026-02-28,gcrew,noaa_gefs,25,AirTemp_C_mean,31,2.8180099487304915
gep25,00,2026-01-28,2026-02-28,gcrew,noaa_gefs,25,Pressure_Pa,31,102096.6484375
gep25,00,2026-01-28,2026-02-28,gcrew,noaa_gefs,25,RH_percent_mean,31,73.37237644195557
gep25,00,2026-01-28,2026-02-28,gcrew,noaa_gefs,25,Rain_mm_sum,31,0
gep25,00,2026-01-28,2026-02-28,gcrew,noaa_gefs,25,ShortwaveRadiation_Wm2,31,182.75
gep25,00,2026-01-28,2026-02-28,gcrew,noaa_gefs,25,WindSpeed_ms_mean,31,2.7731910157020536
gep25,00,2026-01-28,2026-03-01,gcrew,noaa_gefs,25,AirTemp_C_mean,32,10.715417480468773
gep25,00,2026-01-28,2026-03-01,gcrew,noaa_gefs,25,Pressure_Pa,32,101821.703125
gep25,00,2026-01-28,2026-03-01,gcrew,noaa_gefs,25,RH_percent_mean,32,78.44407558441162
gep25,00,2026-01-28,2026-03-01,gcrew,noaa_gefs,25,Rain_mm_sum,32,0.10000000149011612
gep25,00,2026-01-28,2026-03-01,gcrew,noaa_gefs,25,ShortwaveRadiation_Wm2,32,188
gep25,00,2026-01-28,2026-03-01,gcrew,noaa_gefs,25,WindSpeed_ms_mean,32,4.440940868795268
gep25,00,2026-01-28,2026-03-02,gcrew,noaa_gefs,25,AirTemp_C_mean,33,8.776765441894554
gep25,00,2026-01-28,2026-03-02,gcrew,noaa_gefs,25,Pressure_Pa,33,102014.58203125
gep25,00,2026-01-28,2026-03-02,gcrew,noaa_gefs,25,RH_percent_mean,33,87.70235443115234
gep25,00,2026-01-28,2026-03-02,gcrew,noaa_gefs,25,Rain_mm_sum,33,1.2000000476837158
gep25,00,2026-01-28,2026-03-02,gcrew,noaa_gefs,25,ShortwaveRadiation_Wm2,33,148.25
gep25,00,2026-01-28,2026-03-02,gcrew,noaa_gefs,25,WindSpeed_ms_mean,33,4.63763027527913
gep25,00,2026-01-28,2026-03-03,gcrew,noaa_gefs,25,AirTemp_C_mean,34,11.128327941894554
gep25,00,2026-01-28,2026-03-03,gcrew,noaa_gefs,25,Pressure_Pa,34,100700.955078125
gep25,00,2026-01-28,2026-03-03,gcrew,noaa_gefs,25,RH_percent_mean,34,81.373138427734375
gep25,00,2026-01-28,2026-03-03,gcrew,noaa_gefs,25,Rain_mm_sum,34,39.5
gep25,00,2026-01-28,2026-03-03,gcrew,noaa_gefs,25,ShortwaveRadiation_Wm2,34,137
gep25,00,2026-01-28,2026-03-03,gcrew,noaa_gefs,25,WindSpeed_ms_mean,34,6.95522383090104
gep26,00,2026-01-28,2026-01-29,gcrew,noaa_gefs,26,AirTemp_C_mean,1,-7.280580902099587
gep26,00,2026-01-28,2026-01-29,gcrew,noaa_gefs,26,Pressure_Pa,1,102287.724609375
gep26,00,2026-01-28,2026-01-29,gcrew,noaa_gefs,26,RH_percent_mean,1,76.07372665405273
gep26,00,2026-01-28,2026-01-29,gcrew,noaa_gefs,26,Rain_mm_sum,1,0.10000000149011612
gep26,00,2026-01-28,2026-01-29,gcrew,noaa_gefs,26,ShortwaveRadiation_Wm2,1,150.125
gep26,00,2026-01-28,2026-01-29,gcrew,noaa_gefs,26,WindSpeed_ms_mean,1,5.488174929013097
gep26,00,2026-01-28,2026-01-30,gcrew,noaa_gefs,26,AirTemp_C_mean,2,-7.0662673950195085
gep26,00,2026-01-28,2026-01-30,gcrew,noaa_gefs,26,Pressure_Pa,2,102186.884765625
gep26,00,2026-01-28,2026-01-30,gcrew,noaa_gefs,26,RH_percent_mean,2,85.883331298828125
gep26,00,2026-01-28,2026-01-30,gcrew,noaa_gefs,26,Rain_mm_sum,2,3.400000035762787
gep26,00,2026-01-28,2026-01-30,gcrew,noaa_gefs,26,ShortwaveRadiation_Wm2,2,91
gep26,00,2026-01-28,2026-01-30,gcrew,noaa_gefs,26,WindSpeed_ms_mean,2,4.310190691157695
gep26,00,2026-01-28,2026-01-31,gcrew,noaa_gefs,26,AirTemp_C_mean,3,-8.19930496215818
gep26,00,2026-01-28,2026-01-31,gcrew,noaa_gefs,26,Pressure_Pa,3,101301.654296875
gep26,00,2026-01-28,2026-01-31,gcrew,noaa_gefs,26,RH_percent_mean,3,95.59107112884521
gep26,00,2026-01-28,2026-01-31,gcrew,noaa_gefs,26,Rain_mm_sum,3,24.890000462532043
gep26,00,2026-01-28,2026-01-31,gcrew,noaa_gefs,26,ShortwaveRadiation_Wm2,3,47
gep26,00,2026-01-28,2026-01-31,gcrew,noaa_gefs,26,WindSpeed_ms_mean,3,10.447140277612919
gep26,00,2026-01-28,2026-02-01,gcrew,noaa_gefs,26,AirTemp_C_mean,4,-5.557821655273415
gep26,00,2026-01-28,2026-02-01,gcrew,noaa_gefs,26,Pressure_Pa,4,99940.41015625
gep26,00,2026-01-28,2026-02-01,gcrew,noaa_gefs,26,RH_percent_mean,4,94.5508918762207
gep26,00,2026-01-28,2026-02-01,gcrew,noaa_gefs,26,Rain_mm_sum,4,22.200000166893005
gep26,00,2026-01-28,2026-02-01,gcrew,noaa_gefs,26,ShortwaveRadiation_Wm2,4,59.5
gep26,00,2026-01-28,2026-02-01,gcrew,noaa_gefs,26,WindSpeed_ms_mean,4,13.510369912418103
gep26,00,2026-01-28,2026-02-02,gcrew,noaa_gefs,26,AirTemp_C_mean,5,-5.524973297119118
gep26,00,2026-01-28,2026-02-02,gcrew,noaa_gefs,26,Pressure_Pa,5,101653.6318359375
gep26,00,2026-01-28,2026-02-02,gcrew,noaa_gefs,26,RH_percent_mean,5,80.55075645446777
gep26,00,2026-01-28,2026-02-02,gcrew,noaa_gefs,26,Rain_mm_sum,5,1.399999976158142
gep26,00,2026-01-28,2026-02-02,gcrew,noaa_gefs,26,ShortwaveRadiation_Wm2,5,151.5
gep26,00,2026-01-28,2026-02-02,gcrew,noaa_gefs,26,WindSpeed_ms_mean,5,8.067561597422333
gep26,00,2026-01-28,2026-02-03,gcrew,noaa_gefs,26,AirTemp_C_mean,6,-5.25441970825193
gep26,00,2026-01-28,2026-02-03,gcrew,noaa_gefs,26,Pressure_Pa,6,102473.724609375
gep26,00,2026-01-28,2026-02-03,gcrew,noaa_gefs,26,RH_percent_mean,6,78.25176620483398
gep26,00,2026-01-28,2026-02-03,gcrew,noaa_gefs,26,Rain_mm_sum,6,0
gep26,00,2026-01-28,2026-02-03,gcrew,noaa_gefs,26,ShortwaveRadiation_Wm2,6,163.375
gep26,00,2026-01-28,2026-02-03,gcrew,noaa_gefs,26,WindSpeed_ms_mean,6,3.967009672131133
gep26,00,2026-01-28,2026-02-04,gcrew,noaa_gefs,26,AirTemp_C_mean,7,-1.8118385314941179
gep26,00,2026-01-28,2026-02-04,gcrew,noaa_gefs,26,Pressure_Pa,7,102940.9130859375
gep26,00,2026-01-28,2026-02-04,gcrew,noaa_gefs,26,RH_percent_mean,7,83.65248394012451
gep26,00,2026-01-28,2026-02-04,gcrew,noaa_gefs,26,Rain_mm_sum,7,0.009999999776482582
gep26,00,2026-01-28,2026-02-04,gcrew,noaa_gefs,26,ShortwaveRadiation_Wm2,7,109.5
gep26,00,2026-01-28,2026-02-04,gcrew,noaa_gefs,26,WindSpeed_ms_mean,7,2.1674175981691817
gep26,00,2026-01-28,2026-02-05,gcrew,noaa_gefs,26,AirTemp_C_mean,8,1.069429016113304
gep26,00,2026-01-28,2026-02-05,gcrew,noaa_gefs,26,Pressure_Pa,8,101906.8251953125
gep26,00,2026-01-28,2026-02-05,gcrew,noaa_gefs,26,RH_percent_mean,8,94.48931217193604
gep26,00,2026-01-28,2026-02-05,gcrew,noaa_gefs,26,Rain_mm_sum,8,0.20000000298023224
gep26,00,2026-01-28,2026-02-05,gcrew,noaa_gefs,26,ShortwaveRadiation_Wm2,8,76.875
gep26,00,2026-01-28,2026-02-05,gcrew,noaa_gefs,26,WindSpeed_ms_mean,8,3.684263806468948
gep26,00,2026-01-28,2026-02-06,gcrew,noaa_gefs,26,AirTemp_C_mean,9,2.753424944196451
gep26,00,2026-01-28,2026-02-06,gcrew,noaa_gefs,26,Pressure_Pa,9,100416.97879464286
gep26,00,2026-01-28,2026-02-06,gcrew,noaa_gefs,26,RH_percent_mean,9,86.28384617396763
gep26,00,2026-01-28,2026-02-06,gcrew,noaa_gefs,26,Rain_mm_sum,9,0.9999999925494194
gep26,00,2026-01-28,2026-02-06,gcrew,noaa_gefs,26,ShortwaveRadiation_Wm2,9,160
gep26,00,2026-01-28,2026-02-06,gcrew,noaa_gefs,26,WindSpeed_ms_mean,9,7.2776915238674205
gep26,00,2026-01-28,2026-02-07,gcrew,noaa_gefs,26,AirTemp_C_mean,10,-5.779425048828102
gep26,00,2026-01-28,2026-02-07,gcrew,noaa_gefs,26,Pressure_Pa,10,101461.65625
gep26,00,2026-01-28,2026-02-07,gcrew,noaa_gefs,26,RH_percent_mean,10,72.17018508911133
gep26,00,2026-01-28,2026-02-07,gcrew,noaa_gefs,26,Rain_mm_sum,10,0
gep26,00,2026-01-28,2026-02-07,gcrew,noaa_gefs,26,ShortwaveRadiation_Wm2,10,149.5
gep26,00,2026-01-28,2026-02-07,gcrew,noaa_gefs,26,WindSpeed_ms_mean,10,4.217680666860886
gep26,00,2026-01-28,2026-02-08,gcrew,noaa_gefs,26,AirTemp_C_mean,11,-7.681547546386696
gep26,00,2026-01-28,2026-02-08,gcrew,noaa_gefs,26,Pressure_Pa,11,102029.173828125
gep26,00,2026-01-28,2026-02-08,gcrew,noaa_gefs,26,RH_percent_mean,11,68.76657009124756
gep26,00,2026-01-28,2026-02-08,gcrew,noaa_gefs,26,Rain_mm_sum,11,0
gep26,00,2026-01-28,2026-02-08,gcrew,noaa_gefs,26,ShortwaveRadiation_Wm2,11,174.25
gep26,00,2026-01-28,2026-02-08,gcrew,noaa_gefs,26,WindSpeed_ms_mean,11,7.886064993607651
gep26,00,2026-01-28,2026-02-09,gcrew,noaa_gefs,26,AirTemp_C_mean,12,-4.058538818359352
gep26,00,2026-01-28,2026-02-09,gcrew,noaa_gefs,26,Pressure_Pa,12,101952.376953125
gep26,00,2026-01-28,2026-02-09,gcrew,noaa_gefs,26,RH_percent_mean,12,68.18047332763672
gep26,00,2026-01-28,2026-02-09,gcrew,noaa_gefs,26,Rain_mm_sum,12,0
gep26,00,2026-01-28,2026-02-09,gcrew,noaa_gefs,26,ShortwaveRadiation_Wm2,12,164.25
gep26,00,2026-01-28,2026-02-09,gcrew,noaa_gefs,26,WindSpeed_ms_mean,12,7.975086568269404
gep26,00,2026-01-28,2026-02-10,gcrew,noaa_gefs,26,AirTemp_C_mean,13,-3.093626403808571
gep26,00,2026-01-28,2026-02-10,gcrew,noaa_gefs,26,Pressure_Pa,13,101960.732421875
gep26,00,2026-01-28,2026-02-10,gcrew,noaa_gefs,26,RH_percent_mean,13,68.68310356140137
gep26,00,2026-01-28,2026-02-10,gcrew,noaa_gefs,26,Rain_mm_sum,13,0
gep26,00,2026-01-28,2026-02-10,gcrew,noaa_gefs,26,ShortwaveRadiation_Wm2,13,134.75
gep26,00,2026-01-28,2026-02-10,gcrew,noaa_gefs,26,WindSpeed_ms_mean,13,5.259966799674645
gep26,00,2026-01-28,2026-02-11,gcrew,noaa_gefs,26,AirTemp_C_mean,14,-4.653044128417946
gep26,00,2026-01-28,2026-02-11,gcrew,noaa_gefs,26,Pressure_Pa,14,101637.04296875
gep26,00,2026-01-28,2026-02-11,gcrew,noaa_gefs,26,RH_percent_mean,14,69.65564918518066
gep26,00,2026-01-28,2026-02-11,gcrew,noaa_gefs,26,Rain_mm_sum,14,0
gep26,00,2026-01-28,2026-02-11,gcrew,noaa_gefs,26,ShortwaveRadiation_Wm2,14,179.5
gep26,00,2026-01-28,2026-02-11,gcrew,noaa_gefs,26,WindSpeed_ms_mean,14,8.026119124547929
gep26,00,2026-01-28,2026-02-12,gcrew,noaa_gefs,26,AirTemp_C_mean,15,-3.519529724121071
gep26,00,2026-01-28,2026-02-12,gcrew,noaa_gefs,26,Pressure_Pa,15,101760.71875
gep26,00,2026-01-28,2026-02-12,gcrew,noaa_gefs,26,RH_percent_mean,15,71.13922119140625
gep26,00,2026-01-28,2026-02-12,gcrew,noaa_gefs,26,Rain_mm_sum,15,0
gep26,00,2026-01-28,2026-02-12,gcrew,noaa_gefs,26,ShortwaveRadiation_Wm2,15,178.25
gep26,00,2026-01-28,2026-02-12,gcrew,noaa_gefs,26,WindSpeed_ms_mean,15,7.753901032955588
gep26,00,2026-01-28,2026-02-13,gcrew,noaa_gefs,26,AirTemp_C_mean,16,-2.7990249633788835
gep26,00,2026-01-28,2026-02-13,gcrew,noaa_gefs,26,Pressure_Pa,16,101736.001953125
gep26,00,2026-01-28,2026-02-13,gcrew,noaa_gefs,26,RH_percent_mean,16,63.89894676208496
gep26,00,2026-01-28,2026-02-13,gcrew,noaa_gefs,26,Rain_mm_sum,16,0
gep26,00,2026-01-28,2026-02-13,gcrew,noaa_gefs,26,ShortwaveRadiation_Wm2,16,143.25
gep26,00,2026-01-28,2026-02-13,gcrew,noaa_gefs,26,WindSpeed_ms_mean,16,6.434746689935362
gep26,00,2026-01-28,2026-02-14,gcrew,noaa_gefs,26,AirTemp_C_mean,17,-2.5064834594726335
gep26,00,2026-01-28,2026-02-14,gcrew,noaa_gefs,26,Pressure_Pa,17,101387.0625
gep26,00,2026-01-28,2026-02-14,gcrew,noaa_gefs,26,RH_percent_mean,17,63.91810321807861
gep26,00,2026-01-28,2026-02-14,gcrew,noaa_gefs,26,Rain_mm_sum,17,0
gep26,00,2026-01-28,2026-02-14,gcrew,noaa_gefs,26,ShortwaveRadiation_Wm2,17,174
gep26,00,2026-01-28,2026-02-14,gcrew,noaa_gefs,26,WindSpeed_ms_mean,17,4.505267943240719
gep26,00,2026-01-28,2026-02-15,gcrew,noaa_gefs,26,AirTemp_C_mean,18,-1.092008972167946
gep26,00,2026-01-28,2026-02-15,gcrew,noaa_gefs,26,Pressure_Pa,18,101645.232421875
gep26,00,2026-01-28,2026-02-15,gcrew,noaa_gefs,26,RH_percent_mean,18,69.99055099487305
gep26,00,2026-01-28,2026-02-15,gcrew,noaa_gefs,26,Rain_mm_sum,18,0
gep26,00,2026-01-28,2026-02-15,gcrew,noaa_gefs,26,ShortwaveRadiation_Wm2,18,159.5
gep26,00,2026-01-28,2026-02-15,gcrew,noaa_gefs,26,WindSpeed_ms_mean,18,3.138143268840961
gep26,00,2026-01-28,2026-02-16,gcrew,noaa_gefs,26,AirTemp_C_mean,19,1.369630432128929
gep26,00,2026-01-28,2026-02-16,gcrew,noaa_gefs,26,Pressure_Pa,19,101803.056640625
gep26,00,2026-01-28,2026-02-16,gcrew,noaa_gefs,26,RH_percent_mean,19,79.61123466491699
gep26,00,2026-01-28,2026-02-16,gcrew,noaa_gefs,26,Rain_mm_sum,19,0.20000000298023224
gep26,00,2026-01-28,2026-02-16,gcrew,noaa_gefs,26,ShortwaveRadiation_Wm2,19,87.75
gep26,00,2026-01-28,2026-02-16,gcrew,noaa_gefs,26,WindSpeed_ms_mean,19,3.3481034252777753
gep26,00,2026-01-28,2026-02-17,gcrew,noaa_gefs,26,AirTemp_C_mean,20,0.7386337280273665
gep26,00,2026-01-28,2026-02-17,gcrew,noaa_gefs,26,Pressure_Pa,20,101786.171875
gep26,00,2026-01-28,2026-02-17,gcrew,noaa_gefs,26,RH_percent_mean,20,84.81830406188965
gep26,00,2026-01-28,2026-02-17,gcrew,noaa_gefs,26,Rain_mm_sum,20,7.099999904632568
gep26,00,2026-01-28,2026-02-17,gcrew,noaa_gefs,26,ShortwaveRadiation_Wm2,20,22.25
gep26,00,2026-01-28,2026-02-17,gcrew,noaa_gefs,26,WindSpeed_ms_mean,20,4.584310341175985
gep26,00,2026-01-28,2026-02-18,gcrew,noaa_gefs,26,AirTemp_C_mean,21,4.854364013671898
gep26,00,2026-01-28,2026-02-18,gcrew,noaa_gefs,26,Pressure_Pa,21,100528.912109375
gep26,00,2026-01-28,2026-02-18,gcrew,noaa_gefs,26,RH_percent_mean,21,98.09432792663574
gep26,00,2026-01-28,2026-02-18,gcrew,noaa_gefs,26,Rain_mm_sum,21,9.100000143051147
gep26,00,2026-01-28,2026-02-18,gcrew,noaa_gefs,26,ShortwaveRadiation_Wm2,21,34
gep26,00,2026-01-28,2026-02-18,gcrew,noaa_gefs,26,WindSpeed_ms_mean,21,2.3743466397881434
gep26,00,2026-01-28,2026-02-19,gcrew,noaa_gefs,26,AirTemp_C_mean,22,2.8552337646484602
gep26,00,2026-01-28,2026-02-19,gcrew,noaa_gefs,26,Pressure_Pa,22,100285.193359375
gep26,00,2026-01-28,2026-02-19,gcrew,noaa_gefs,26,RH_percent_mean,22,85.17862129211426
gep26,00,2026-01-28,2026-02-19,gcrew,noaa_gefs,26,Rain_mm_sum,22,0.30000001192092896
gep26,00,2026-01-28,2026-02-19,gcrew,noaa_gefs,26,ShortwaveRadiation_Wm2,22,69.75
gep26,00,2026-01-28,2026-02-19,gcrew,noaa_gefs,26,WindSpeed_ms_mean,22,4.774511407394309
gep26,00,2026-01-28,2026-02-20,gcrew,noaa_gefs,26,AirTemp_C_mean,23,-9.267301940917946
gep26,00,2026-01-28,2026-02-20,gcrew,noaa_gefs,26,Pressure_Pa,23,101475.0859375
gep26,00,2026-01-28,2026-02-20,gcrew,noaa_gefs,26,RH_percent_mean,23,50.81293869018555
gep26,00,2026-01-28,2026-02-20,gcrew,noaa_gefs,26,Rain_mm_sum,23,0
gep26,00,2026-01-28,2026-02-20,gcrew,noaa_gefs,26,ShortwaveRadiation_Wm2,23,183
gep26,00,2026-01-28,2026-02-20,gcrew,noaa_gefs,26,WindSpeed_ms_mean,23,10.622410091968261
gep26,00,2026-01-28,2026-02-21,gcrew,noaa_gefs,26,AirTemp_C_mean,24,-10.929685974121071
gep26,00,2026-01-28,2026-02-21,gcrew,noaa_gefs,26,Pressure_Pa,24,102074.087890625
gep26,00,2026-01-28,2026-02-21,gcrew,noaa_gefs,26,RH_percent_mean,24,47.823272705078125
gep26,00,2026-01-28,2026-02-21,gcrew,noaa_gefs,26,Rain_mm_sum,24,0
gep26,00,2026-01-28,2026-02-21,gcrew,noaa_gefs,26,ShortwaveRadiation_Wm2,24,187
gep26,00,2026-01-28,2026-02-21,gcrew,noaa_gefs,26,WindSpeed_ms_mean,24,6.5561279655405835
gep26,00,2026-01-28,2026-02-22,gcrew,noaa_gefs,26,AirTemp_C_mean,25,-7.766607666015602
gep26,00,2026-01-28,2026-02-22,gcrew,noaa_gefs,26,Pressure_Pa,25,102546.142578125
gep26,00,2026-01-28,2026-02-22,gcrew,noaa_gefs,26,RH_percent_mean,25,56.11021900177002
gep26,00,2026-01-28,2026-02-22,gcrew,noaa_gefs,26,Rain_mm_sum,25,0
gep26,00,2026-01-28,2026-02-22,gcrew,noaa_gefs,26,ShortwaveRadiation_Wm2,25,200.25
gep26,00,2026-01-28,2026-02-22,gcrew,noaa_gefs,26,WindSpeed_ms_mean,25,7.731225422210707
gep26,00,2026-01-28,2026-02-23,gcrew,noaa_gefs,26,AirTemp_C_mean,26,-2.8251098632812273
gep26,00,2026-01-28,2026-02-23,gcrew,noaa_gefs,26,Pressure_Pa,26,102910.716796875
gep26,00,2026-01-28,2026-02-23,gcrew,noaa_gefs,26,RH_percent_mean,26,53.88744640350342
gep26,00,2026-01-28,2026-02-23,gcrew,noaa_gefs,26,Rain_mm_sum,26,0
gep26,00,2026-01-28,2026-02-23,gcrew,noaa_gefs,26,ShortwaveRadiation_Wm2,26,202.5
gep26,00,2026-01-28,2026-02-23,gcrew,noaa_gefs,26,WindSpeed_ms_mean,26,4.84067752247645
gep26,00,2026-01-28,2026-02-24,gcrew,noaa_gefs,26,AirTemp_C_mean,27,1.597322082519554
gep26,00,2026-01-28,2026-02-24,gcrew,noaa_gefs,26,Pressure_Pa,27,102109.3046875
gep26,00,2026-01-28,2026-02-24,gcrew,noaa_gefs,26,RH_percent_mean,27,62.64256954193115
gep26,00,2026-01-28,2026-02-24,gcrew,noaa_gefs,26,Rain_mm_sum,27,0
gep26,00,2026-01-28,2026-02-24,gcrew,noaa_gefs,26,ShortwaveRadiation_Wm2,27,116.5
gep26,00,2026-01-28,2026-02-24,gcrew,noaa_gefs,26,WindSpeed_ms_mean,27,5.3985288138153145
gep26,00,2026-01-28,2026-02-25,gcrew,noaa_gefs,26,AirTemp_C_mean,28,3.3727813720703352
gep26,00,2026-01-28,2026-02-25,gcrew,noaa_gefs,26,Pressure_Pa,28,101713.029296875
gep26,00,2026-01-28,2026-02-25,gcrew,noaa_gefs,26,RH_percent_mean,28,82.43609428405762
gep26,00,2026-01-28,2026-02-25,gcrew,noaa_gefs,26,Rain_mm_sum,28,0
gep26,00,2026-01-28,2026-02-25,gcrew,noaa_gefs,26,ShortwaveRadiation_Wm2,28,183.25
gep26,00,2026-01-28,2026-02-25,gcrew,noaa_gefs,26,WindSpeed_ms_mean,28,2.7927366152488466
gep26,00,2026-01-28,2026-02-26,gcrew,noaa_gefs,26,AirTemp_C_mean,29,4.269799804687523
gep26,00,2026-01-28,2026-02-26,gcrew,noaa_gefs,26,Pressure_Pa,29,101386.140625
gep26,00,2026-01-28,2026-02-26,gcrew,noaa_gefs,26,RH_percent_mean,29,76.72475337982178
gep26,00,2026-01-28,2026-02-26,gcrew,noaa_gefs,26,Rain_mm_sum,29,0.6100000143051147
gep26,00,2026-01-28,2026-02-26,gcrew,noaa_gefs,26,ShortwaveRadiation_Wm2,29,157.75
gep26,00,2026-01-28,2026-02-26,gcrew,noaa_gefs,26,WindSpeed_ms_mean,29,5.374720606390739
gep26,00,2026-01-28,2026-02-27,gcrew,noaa_gefs,26,AirTemp_C_mean,30,-2.2006057739257585
gep26,00,2026-01-28,2026-02-27,gcrew,noaa_gefs,26,Pressure_Pa,30,102063.791015625
gep26,00,2026-01-28,2026-02-27,gcrew,noaa_gefs,26,RH_percent_mean,30,60.6358585357666
gep26,00,2026-01-28,2026-02-27,gcrew,noaa_gefs,26,Rain_mm_sum,30,0
gep26,00,2026-01-28,2026-02-27,gcrew,noaa_gefs,26,ShortwaveRadiation_Wm2,30,208.75
gep26,00,2026-01-28,2026-02-27,gcrew,noaa_gefs,26,WindSpeed_ms_mean,30,4.223661637522698
gep26,00,2026-01-28,2026-02-28,gcrew,noaa_gefs,26,AirTemp_C_mean,31,2.8180099487304915
gep26,00,2026-01-28,2026-02-28,gcrew,noaa_gefs,26,Pressure_Pa,31,102096.6484375
gep26,00,2026-01-28,2026-02-28,gcrew,noaa_gefs,26,RH_percent_mean,31,73.37237644195557
gep26,00,2026-01-28,2026-02-28,gcrew,noaa_gefs,26,Rain_mm_sum,31,0
gep26,00,2026-01-28,2026-02-28,gcrew,noaa_gefs,26,ShortwaveRadiation_Wm2,31,182.75
gep26,00,2026-01-28,2026-02-28,gcrew,noaa_gefs,26,WindSpeed_ms_mean,31,2.7731910157020536
gep26,00,2026-01-28,2026-03-01,gcrew,noaa_gefs,26,AirTemp_C_mean,32,10.715417480468773
gep26,00,2026-01-28,2026-03-01,gcrew,noaa_gefs,26,Pressure_Pa,32,101821.703125
gep26,00,2026-01-28,2026-03-01,gcrew,noaa_gefs,26,RH_percent_mean,32,78.44407558441162
gep26,00,2026-01-28,2026-03-01,gcrew,noaa_gefs,26,Rain_mm_sum,32,0.10000000149011612
gep26,00,2026-01-28,2026-03-01,gcrew,noaa_gefs,26,ShortwaveRadiation_Wm2,32,188
gep26,00,2026-01-28,2026-03-01,gcrew,noaa_gefs,26,WindSpeed_ms_mean,32,4.440940868795268
gep26,00,2026-01-28,2026-03-02,gcrew,noaa_gefs,26,AirTemp_C_mean,33,8.776765441894554
gep26,00,2026-01-28,2026-03-02,gcrew,noaa_gefs,26,Pressure_Pa,33,102014.58203125
gep26,00,2026-01-28,2026-03-02,gcrew,noaa_gefs,26,RH_percent_mean,33,87.70235443115234
gep26,00,2026-01-28,2026-03-02,gcrew,noaa_gefs,26,Rain_mm_sum,33,1.2000000476837158
gep26,00,2026-01-28,2026-03-02,gcrew,noaa_gefs,26,ShortwaveRadiation_Wm2,33,148.25
gep26,00,2026-01-28,2026-03-02,gcrew,noaa_gefs,26,WindSpeed_ms_mean,33,4.63763027527913
gep26,00,2026-01-28,2026-03-03,gcrew,noaa_gefs,26,AirTemp_C_mean,34,11.128327941894554
gep26,00,2026-01-28,2026-03-03,gcrew,noaa_gefs,26,Pressure_Pa,34,100700.955078125
gep26,00,2026-01-28,2026-03-03,gcrew,noaa_gefs,26,RH_percent_mean,34,81.373138427734375
gep26,00,2026-01-28,2026-03-03,gcrew,noaa_gefs,26,Rain_mm_sum,34,39.5
gep26,00,2026-01-28,2026-03-03,gcrew,noaa_gefs,26,ShortwaveRadiation_Wm2,34,137
gep26,00,2026-01-28,2026-03-03,gcrew,noaa_gefs,26,WindSpeed_ms_mean,34,6.95522383090104
gep27,00,2026-01-28,2026-01-29,gcrew,noaa_gefs,27,AirTemp_C_mean,1,-7.280580902099587
gep27,00,2026-01-28,2026-01-29,gcrew,noaa_gefs,27,Pressure_Pa,1,102287.724609375
gep27,00,2026-01-28,2026-01-29,gcrew,noaa_gefs,27,RH_percent_mean,1,76.07372665405273
gep27,00,2026-01-28,2026-01-29,gcrew,noaa_gefs,27,Rain_mm_sum,1,0.10000000149011612
gep27,00,2026-01-28,2026-01-29,gcrew,noaa_gefs,27,ShortwaveRadiation_Wm2,1,150.125
gep27,00,2026-01-28,2026-01-29,gcrew,noaa_gefs,27,WindSpeed_ms_mean,1,5.488174929013097
gep27,00,2026-01-28,2026-01-30,gcrew,noaa_gefs,27,AirTemp_C_mean,2,-7.0662673950195085
gep27,00,2026-01-28,2026-01-30,gcrew,noaa_gefs,27,Pressure_Pa,2,102186.884765625
gep27,00,2026-01-28,2026-01-30,gcrew,noaa_gefs,27,RH_percent_mean,2,85.883331298828125
gep27,00,2026-01-28,2026-01-30,gcrew,noaa_gefs,27,Rain_mm_sum,2,3.400000035762787
gep27,00,2026-01-28,2026-01-30,gcrew,noaa_gefs,27,ShortwaveRadiation_Wm2,2,91
gep27,00,2026-01-28,2026-01-30,gcrew,noaa_gefs,27,WindSpeed_ms_mean,2,4.310190691157695
gep27,00,2026-01-28,2026-01-31,gcrew,noaa_gefs,27,AirTemp_C_mean,3,-8.19930496215818
gep27,00,2026-01-28,2026-01-31,gcrew,noaa_gefs,27,Pressure_Pa,3,101301.654296875
gep27,00,2026-01-28,2026-01-31,gcrew,noaa_gefs,27,RH_percent_mean,3,95.59107112884521
gep27,00,2026-01-28,2026-01-31,gcrew,noaa_gefs,27,Rain_mm_sum,3,24.890000462532043
gep27,00,2026-01-28,2026-01-31,gcrew,noaa_gefs,27,ShortwaveRadiation_Wm2,3,47
gep27,00,2026-01-28,2026-01-31,gcrew,noaa_gefs,27,WindSpeed_ms_mean,3,10.447140277612919
gep27,00,2026-01-28,2026-02-01,gcrew,noaa_gefs,27,AirTemp_C_mean,4,-5.557821655273415
gep27,00,2026-01-28,2026-02-01,gcrew,noaa_gefs,27,Pressure_Pa,4,99940.41015625
gep27,00,2026-01-28,2026-02-01,gcrew,noaa_gefs,27,RH_percent_mean,4,94.5508918762207
gep27,00,2026-01-28,2026-02-01,gcrew,noaa_gefs,27,Rain_mm_sum,4,22.200000166893005
gep27,00,2026-01-28,2026-02-01,gcrew,noaa_gefs,27,ShortwaveRadiation_Wm2,4,59.5
gep27,00,2026-01-28,2026-02-01,gcrew,noaa_gefs,27,WindSpeed_ms_mean,4,13.510369912418103
gep27,00,2026-01-28,2026-02-02,gcrew,noaa_gefs,27,AirTemp_C_mean,5,-5.524973297119118
gep27,00,2026-01-28,2026-02-02,gcrew,noaa_gefs,27,Pressure_Pa,5,101653.6318359375
gep27,00,2026-01-28,2026-02-02,gcrew,noaa_gefs,27,RH_percent_mean,5,80.55075645446777
gep27,00,2026-01-28,2026-02-02,gcrew,noaa_gefs,27,Rain_mm_sum,5,1.399999976158142
gep27,00,2026-01-28,2026-02-02,gcrew,noaa_gefs,27,ShortwaveRadiation_Wm2,5,151.5
gep27,00,2026-01-28,2026-02-02,gcrew,noaa_gefs,27,WindSpeed_ms_mean,5,8.067561597422333
gep27,00,2026-01-28,2026-02-03,gcrew,noaa_gefs,27,AirTemp_C_mean,6,-5.25441970825193
gep27,00,2026-01-28,2026-02-03,gcrew,noaa_gefs,27,Pressure_Pa,6,102473.724609375
gep27,00,2026-01-28,2026-02-03,gcrew,noaa_gefs,27,RH_percent_mean,6,78.25176620483398
gep27,00,2026-01-28,2026-02-03,gcrew,noaa_gefs,27,Rain_mm_sum,6,0
gep27,00,2026-01-28,2026-02-03,gcrew,noaa_gefs,27,ShortwaveRadiation_Wm2,6,163.375
gep27,00,2026-01-28,2026-02-03,gcrew,noaa_gefs,27,WindSpeed_ms_mean,6,3.967009672131133
gep27,00,2026-01-28,2026-02-04,gcrew,noaa_gefs,27,AirTemp_C_mean,7,-1.8118385314941179
gep27,00,2026-01-28,2026-02-04,gcrew,noaa_gefs,27,Pressure_Pa,7,102940.9130859375
gep27,00,2026-01-28,2026-02-04,gcrew,noaa_gefs,27,RH_percent_mean,7,83.65248394012451
gep27,00,2026-01-28,2026-02-04,gcrew,noaa_gefs,27,Rain_mm_sum,7,0.009999999776482582
gep27,00,2026-01-28,2026-02-04,gcrew,noaa_gefs,27,ShortwaveRadiation_Wm2,7,109.5
gep27,00,2026-01-28,2026-02-04,gcrew,noaa_gefs,27,WindSpeed_ms_mean,7,2.1674175981691817
gep27,00,2026-01-28,2026-02-05,gcrew,noaa_gefs,27,AirTemp_C_mean,8,1.069429016113304
gep27,00,2026-01-28,2026-02-05,gcrew,noaa_gefs,27,Pressure_Pa,8,101906.8251953125
gep27,00,2026-01-28,2026-02-05,gcrew,noaa_gefs,27,RH_percent_mean,8,94.48931217193604
gep27,00,2026-01-28,2026-02-05,gcrew,noaa_gefs,27,Rain_mm_sum,8,0.20000000298023224
gep27,00,2026-01-28,2026-02-05,gcrew,noaa_gefs,27,ShortwaveRadiation_Wm2,8,76.875
gep27,00,2026-01-28,2026-02-05,gcrew,noaa_gefs,27,WindSpeed_ms_mean,8,3.684263806468948
gep27,00,2026-01-28,2026-02-06,gcrew,noaa_gefs,27,AirTemp_C_mean,9,2.753424944196451
gep27,00,2026-01-28,2026-02-06,gcrew,noaa_gefs,27,Pressure_Pa,9,100416.97879464286
gep27,00,2026-01-28,2026-02-06,gcrew,noaa_gefs,27,RH_percent_mean,9,86.28384617396763
gep27,00,2026-01-28,2026-02-06,gcrew,noaa_gefs,27,Rain_mm_sum,9,0.9999999925494194
gep27,00,2026-01-28,2026-02-06,gcrew,noaa_gefs,27,ShortwaveRadiation_Wm2,9,160
gep27,00,2026-01-28,2026-02-06,gcrew,noaa_gefs,27,WindSpeed_ms_mean,9,7.2776915238674205
gep27,00,2026-01-28,2026-02-07,gcrew,noaa_gefs,27,AirTemp_C_mean,10,-5.779425048828102
gep27,00,2026-01-28,2026-02-07,gcrew,noaa_gefs,27,Pressure_Pa,10,101461.65625
gep27,00,2026-01-28,2026-02-07,gcrew,noaa_gefs,27,RH_percent_mean,10,72.17018508911133
gep27,00,2026-01-28,2026-02-07,gcrew,noaa_gefs,27,Rain_mm_sum,10,0
gep27,00,2026-01-28,2026-02-07,gcrew,noaa_gefs,27,ShortwaveRadiation_Wm2,10,149.5
gep27,00,2026-01-28,2026-02-07,gcrew,noaa_gefs,27,WindSpeed_ms_mean,10,4.217680666860886
gep27,00,2026-01-28,2026-02-08,gcrew,noaa_gefs,27,AirTemp_C_mean,11,-7.681547546386696
gep27,00,2026-01-28,2026-02-08,gcrew,noaa_gefs,27,Pressure_Pa,11,102029.173828125
gep27,00,2026-01-28,2026-02-08,gcrew,noaa_gefs,27,RH_percent_mean,11,68.76657009124756
gep27,00,2026-01-28,2026-02-08,gcrew,noaa_gefs,27,Rain_mm_sum,11,0
gep27,00,2026-01-28,2026-02-08,gcrew,noaa_gefs,27,ShortwaveRadiation_Wm2,11,174.25
gep27,00,2026-01-28,2026-02-08,gcrew,noaa_gefs,27,WindSpeed_ms_mean,11,7.886064993607651
gep27,00,2026-01-28,2026-02-09,gcrew,noaa_gefs,27,AirTemp_C_mean,12,-4.058538818359352
gep27,00,2026-01-28,2026-02-09,gcrew,noaa_gefs,27,Pressure_Pa,12,101952.376953125
gep27,00,2026-01-28,2026-02-09,gcrew,noaa_gefs,27,RH_percent_mean,12,68.18047332763672
gep27,00,2026-01-28,2026-02-09,gcrew,noaa_gefs,27,Rain_mm_sum,12,0
gep27,00,2026-01-28,2026-02-09,gcrew,noaa_gefs,27,ShortwaveRadiation_Wm2,12,164.25
gep27,00,2026-01-28,2026-02-09,gcrew,noaa_gefs,27,WindSpeed_ms_mean,12,7.975086568269404
gep27,00,2026-01-28,2026-02-10,gcrew,noaa_gefs,27,AirTemp_C_mean,13,-3.093626403808571
gep27,00,2026-01-28,2026-02-10,gcrew,noaa_gefs,27,Pressure_Pa,13,101960.732421875
gep27,00,2026-01-28,2026-02-10,gcrew,noaa_gefs,27,RH_percent_mean,13,68.68310356140137
gep27,00,2026-01-28,2026-02-10,gcrew,noaa_gefs,27,Rain_mm_sum,13,0
gep27,00,2026-01-28,2026-02-10,gcrew,noaa_gefs,27,ShortwaveRadiation_Wm2,13,134.75
gep27,00,2026-01-28,2026-02-10,gcrew,noaa_gefs,27,WindSpeed_ms_mean,13,5.259966799674645
gep27,00,2026-01-28,2026-02-11,gcrew,noaa_gefs,27,AirTemp_C_mean,14,-4.653044128417946
gep27,00,2026-01-28,2026-02-11,gcrew,noaa_gefs,27,Pressure_Pa,14,101637.04296875
gep27,00,2026-01-28,2026-02-11,gcrew,noaa_gefs,27,RH_percent_mean,14,69.65564918518066
gep27,00,2026-01-28,2026-02-11,gcrew,noaa_gefs,27,Rain_mm_sum,14,0
gep27,00,2026-01-28,2026-02-11,gcrew,noaa_gefs,27,ShortwaveRadiation_Wm2,14,179.5
gep27,00,2026-01-28,2026-02-11,gcrew,noaa_gefs,27,WindSpeed_ms_mean,14,8.026119124547929
gep27,00,2026-01-28,2026-02-12,gcrew,noaa_gefs,27,AirTemp_C_mean,15,-3.519529724121071
gep27,00,2026-01-28,2026-02-12,gcrew,noaa_gefs,27,Pressure_Pa,15,101760.71875
gep27,00,2026-01-28,2026-02-12,gcrew,noaa_gefs,27,RH_percent_mean,15,71.13922119140625
gep27,00,2026-01-28,2026-02-12,gcrew,noaa_gefs,27,Rain_mm_sum,15,0
gep27,00,2026-01-28,2026-02-12,gcrew,noaa_gefs,27,ShortwaveRadiation_Wm2,15,178.25
gep27,00,2026-01-28,2026-02-12,gcrew,noaa_gefs,27,WindSpeed_ms_mean,15,7.753901032955588
gep27,00,2026-01-28,2026-02-13,gcrew,noaa_gefs,27,AirTemp_C_mean,16,-2.7990249633788835
gep27,00,2026-01-28,2026-02-13,gcrew,noaa_gefs,27,Pressure_Pa,16,101736.001953125
gep27,00,2026-01-28,2026-02-13,gcrew,noaa_gefs,27,RH_percent_mean,16,63.89894676208496
gep27,00,2026-01-28,2026-02-13,gcrew,noaa_gefs,27,Rain_mm_sum,16,0
gep27,00,2026-01-28,2026-02-13,gcrew,noaa_gefs,27,ShortwaveRadiation_Wm2,16,143.25
gep27,00,2026-01-28,2026-02-13,gcrew,noaa_gefs,27,WindSpeed_ms_mean,16,6.434746689935362
gep27,00,2026-01-28,2026-02-14,gcrew,noaa_gefs,27,AirTemp_C_mean,17,-2.5064834594726335
gep27,00,2026-01-28,2026-02-14,gcrew,noaa_gefs,27,Pressure_Pa,17,101387.0625
gep27,00,2026-01-28,2026-02-14,gcrew,noaa_gefs,27,RH_percent_mean,17,63.91810321807861
gep27,00,2026-01-28,2026-02-14,gcrew,noaa_gefs,27,Rain_mm_sum,17,0
gep27,00,2026-01-28,2026-02-14,gcrew,noaa_gefs,27,ShortwaveRadiation_Wm2,17,174
gep27,00,2026-01-28,2026-02-14,gcrew,noaa_gefs,27,WindSpeed_ms_mean,17,4.505267943240719
gep27,00,2026-01-28,2026-02-15,gcrew,noaa_gefs,27,AirTemp_C_mean,18,-1.092008972167946
gep27,00,2026-01-28,2026-02-15,gcrew,noaa_gefs,27,Pressure_Pa,18,101645.232421875
gep27,00,2026-01-28,2026-02-15,gcrew,noaa_gefs,27,RH_percent_mean,18,69.99055099487305
gep27,00,2026-01-28,2026-02-15,gcrew,noaa_gefs,27,Rain_mm_sum,18,0
gep27,00,2026-01-28,2026-02-15,gcrew,noaa_gefs,27,ShortwaveRadiation_Wm2,18,159.5
gep27,00,2026-01-28,2026-02-15,gcrew,noaa_gefs,27,WindSpeed_ms_mean,18,3.138143268840961
gep27,00,2026-01-28,2026-02-16,gcrew,noaa_gefs,27,AirTemp_C_mean,19,1.369630432128929
gep27,00,2026-01-28,2026-02-16,gcrew,noaa_gefs,27,Pressure_Pa,19,101803.056640625
gep27,00,2026-01-28,2026-02-16,gcrew,noaa_gefs,27,RH_percent_mean,19,79.61123466491699
gep27,00,2026-01-28,2026-02-16,gcrew,noaa_gefs,27,Rain_mm_sum,19,0.20000000298023224
gep27,00,2026-01-28,2026-02-16,gcrew,noaa_gefs,27,ShortwaveRadiation_Wm2,19,87.75
gep27,00,2026-01-28,2026-02-16,gcrew,noaa_gefs,27,WindSpeed_ms_mean,19,3.3481034252777753
gep27,00,2026-01-28,2026-02-17,gcrew,noaa_gefs,27,AirTemp_C_mean,20,0.7386337280273665
gep27,00,2026-01-28,2026-02-17,gcrew,noaa_gefs,27,Pressure_Pa,20,101786.171875
gep27,00,2026-01-28,2026-02-17,gcrew,noaa_gefs,27,RH_percent_mean,20,84.81830406188965
gep27,00,2026-01-28,2026-02-17,gcrew,noaa_gefs,27,Rain_mm_sum,20,7.099999904632568
gep27,00,2026-01-28,2026-02-17,gcrew,noaa_gefs,27,ShortwaveRadiation_Wm2,20,22.25
gep27,00,2026-01-28,2026-02-17,gcrew,noaa_gefs,27,WindSpeed_ms_mean,20,4.584310341175985
gep27,00,2026-01-28,2026-02-18,gcrew,noaa_gefs,27,AirTemp_C_mean,21,4.854364013671898
gep27,00,2026-01-28,2026-02-18,gcrew,noaa_gefs,27,Pressure_Pa,21,100528.912109375
gep27,00,2026-01-28,2026-02-18,gcrew,noaa_gefs,27,RH_percent_mean,21,98.09432792663574
gep27,00,2026-01-28,2026-02-18,gcrew,noaa_gefs,27,Rain_mm_sum,21,9.100000143051147
gep27,00,2026-01-28,2026-02-18,gcrew,noaa_gefs,27,ShortwaveRadiation_Wm2,21,34
gep27,00,2026-01-28,2026-02-18,gcrew,noaa_gefs,27,WindSpeed_ms_mean,21,2.3743466397881434
gep27,00,2026-01-28,2026-02-19,gcrew,noaa_gefs,27,AirTemp_C_mean,22,2.8552337646484602
gep27,00,2026-01-28,2026-02-19,gcrew,noaa_gefs,27,Pressure_Pa,22,100285.193359375
gep27,00,2026-01-28,2026-02-19,gcrew,noaa_gefs,27,RH_percent_mean,22,85.17862129211426
gep27,00,2026-01-28,2026-02-19,gcrew,noaa_gefs,27,Rain_mm_sum,22,0.30000001192092896
gep27,00,2026-01-28,2026-02-19,gcrew,noaa_gefs,27,ShortwaveRadiation_Wm2,22,69.75
gep27,00,2026-01-28,2026-02-19,gcrew,noaa_gefs,27,WindSpeed_ms_mean,22,4.774511407394309
gep27,00,2026-01-28,2026-02-20,gcrew,noaa_gefs,27,AirTemp_C_mean,23,-9.267301940917946
gep27,00,2026-01-28,2026-02-20,gcrew,noaa_gefs,27,Pressure_Pa,23,101475.0859375
gep27,00,2026-01-28,2026-02-20,gcrew,noaa_gefs,27,RH_percent_mean,23,50.81293869018555
gep27,00,2026-01-28,2026-02-20,gcrew,noaa_gefs,27,Rain_mm_sum,23,0
gep27,00,2026-01-28,2026-02-20,gcrew,noaa_gefs,27,ShortwaveRadiation_Wm2,23,183
gep27,00,2026-01-28,2026-02-20,gcrew,noaa_gefs,27,WindSpeed_ms_mean,23,10.622410091968261
gep27,00,2026-01-28,2026-02-21,gcrew,noaa_gefs,27,AirTemp_C_mean,24,-10.929685974121071
gep27,00,2026-01-28,2026-02-21,gcrew,noaa_gefs,27,Pressure_Pa,24,102074.087890625
gep27,00,2026-01-28,2026-02-21,gcrew,noaa_gefs,27,RH_percent_mean,24,47.823272705078125
gep27,00,2026-01-28,2026-02-21,gcrew,noaa_gefs,27,Rain_mm_sum,24,0
gep27,00,2026-01-28,2026-02-21,gcrew,noaa_gefs,27,ShortwaveRadiation_Wm2,24,187
gep27,00,2026-01-28,2026-02-21,gcrew,noaa_gefs,27,WindSpeed_ms_mean,24,6.5561279655405835
gep27,00,2026-01-28,2026-02-22,gcrew,noaa_gefs,27,AirTemp_C_mean,25,-7.766607666015602
gep27,00,2026-01-28,2026-02-22,gcrew,noaa_gefs,27,Pressure_Pa,25,102546.142578125
gep27,00,2026-01-28,2026-02-22,gcrew,noaa_gefs,27,RH_percent_mean,25,56.11021900177002
gep27,00,2026-01-28,2026-02-22,gcrew,noaa_gefs,27,Rain_mm_sum,25,0
gep27,00,2026-01-28,2026-02-22,gcrew,noaa_gefs,27,ShortwaveRadiation_Wm2,25,200.25
gep27,00,2026-01-28,2026-02-22,gcrew,noaa_gefs,27,WindSpeed_ms_mean,25,7.731225422210707
gep27,00,2026-01-28,2026-02-23,gcrew,noaa_gefs,27,AirTemp_C_mean,26,-2.8251098632812273
gep27,00,2026-01-28,2026-02-23,gcrew,noaa_gefs,27,Pressure_Pa,26,102910.716796875
gep27,00,2026-01-28,2026-02-23,gcrew,noaa_gefs,27,RH_percent_mean,26,53.88744640350342
gep27,00,2026-01-28,2026-02-23,gcrew,noaa_gefs,27,Rain_mm_sum,26,0
gep27,00,2026-01-28,2026-02-23,gcrew,noaa_gefs,27,ShortwaveRadiation_Wm2,26,202.5
gep27,00,2026-01-28,2026-02-23,gcrew,noaa_gefs,27,WindSpeed_ms_mean,26,4.84067752247645
gep27,00,2026-01-28,2026-02-24,gcrew,noaa_gefs,27,AirTemp_C_mean,27,1.597322082519554
gep27,00,2026-01-28,2026-02-24,gcrew,noaa_gefs,27,Pressure_Pa,27,102109.3046875
gep27,00,2026-01-28,2026-02-24,gcrew,noaa_gefs,27,RH_percent_mean,27,62.64256954193115
gep27,00,2026-01-28,2026-02-24,gcrew,noaa_gefs,27,Rain_mm_sum,27,0
gep27,00,2026-01-28,2026-02-24,gcrew,noaa_gefs,27,ShortwaveRadiation_Wm2,27,116.5
gep27,00,2026-01-28,2026-02-24,gcrew,noaa_gefs,27,WindSpeed_ms_mean,27,5.3985288138153145
gep27,00,2026-01-28,2026-02-25,gcrew,noaa_gefs,27,AirTemp_C_mean,28,3.3727813720703352
gep27,00,2026-01-28,2026-02-25,gcrew,noaa_gefs,27,Pressure_Pa,28,101713.029296875
gep27,00,2026-01-28,2026-02-25,gcrew,noaa_gefs,27,RH_percent_mean,28,82.43609428405762
gep27,00,2026-01-28,2026-02-25,gcrew,noaa_gefs,27,Rain_mm_sum,28,0
gep27,00,2026-01-28,2026-02-25,gcrew,noaa_gefs,27,ShortwaveRadiation_Wm2,28,183.25
gep27,00,2026-01-28,2026-02-25,gcrew,noaa_gefs,27,WindSpeed_ms_mean,28,2.7927366152488466
gep27,00,2026-01-28,2026-02-26,gcrew,noaa_gefs,27,AirTemp_C_mean,29,4.269799804687523
gep27,00,2026-01-28,2026-02-26,gcrew,noaa_gefs,27,Pressure_Pa,29,101386.140625
gep27,00,2026-01-28,2026-02-26,gcrew,noaa_gefs,27,RH_percent_mean,29,76.72475337982178
gep27,00,2026-01-28,2026-02-26,gcrew,noaa_gefs,27,Rain_mm_sum,29,0.6100000143051147
gep27,00,2026-01-28,2026-02-26,gcrew,noaa_gefs,27,ShortwaveRadiation_Wm2,29,157.75
gep27,00,2026-01-28,2026-02-26,gcrew,noaa_gefs,27,WindSpeed_ms_mean,29,5.374720606390739
gep27,00,2026-01-28,2026-02-27,gcrew,noaa_gefs,27,AirTemp_C_mean,30,-2.2006057739257585
gep27,00,2026-01-28,2026-02-27,gcrew,noaa_gefs,27,Pressure_Pa,30,102063.791015625
gep27,00,2026-01-28,2026-02-27,gcrew,noaa_gefs,27,RH_percent_mean,30,60.6358585357666
gep27,00,2026-01-28,2026-02-27,gcrew,noaa_gefs,27,Rain_mm_sum,30,0
gep27,00,2026-01-28,2026-02-27,gcrew,noaa_gefs,27,ShortwaveRadiation_Wm2,30,208.75
gep27,00,2026-01-28,2026-02-27,gcrew,noaa_gefs,27,WindSpeed_ms_mean,30,4.223661637522698
gep27,00,2026-01-28,2026-02-28,gcrew,noaa_gefs,27,AirTemp_C_mean,31,2.8180099487304915
gep27,00,2026-01-28,2026-02-28,gcrew,noaa_gefs,27,Pressure_Pa,31,102096.6484375
gep27,00,2026-01-28,2026-02-28,gcrew,noaa_gefs,27,RH_percent_mean,31,73.37237644195557
gep27,00,2026-01-28,2026-02-28,gcrew,noaa_gefs,27,Rain_mm_sum,31,0
gep27,00,2026-01-28,2026-02-28,gcrew,noaa_gefs,27,ShortwaveRadiation_Wm2,31,182.75
gep27,00,2026-01-28,2026-02-28,gcrew,noaa_gefs,27,WindSpeed_ms_mean,31,2.7731910157020536
gep27,00,2026-01-28,2026-03-01,gcrew,noaa_gefs,27,AirTemp_C_mean,32,10.715417480468773
gep27,00,2026-01-28,2026-03-01,gcrew,noaa_gefs,27,Pressure_Pa,32,101821.703125
gep27,00,2026-01-28,2026-03-01,gcrew,noaa_gefs,27,RH_percent_mean,32,78.44407558441162
gep27,00,2026-01-28,2026-03-01,gcrew,noaa_gefs,27,Rain_mm_sum,32,0.10000000149011612
gep27,00,2026-01-28,2026-03-01,gcrew,noaa_gefs,27,ShortwaveRadiation_Wm2,32,188
gep27,00,2026-01-28,2026-03-01,gcrew,noaa_gefs,27,WindSpeed_ms_mean,32,4.440940868795268
gep27,00,2026-01-28,2026-03-02,gcrew,noaa_gefs,27,AirTemp_C_mean,33,8.776765441894554
gep27,00,2026-01-28,2026-03-02,gcrew,noaa_gefs,27,Pressure_Pa,33,102014.58203125
gep27,00,2026-01-28,2026-03-02,gcrew,noaa_gefs,27,RH_percent_mean,33,87.70235443115234
gep27,00,2026-01-28,2026-03-02,gcrew,noaa_gefs,27,Rain_mm_sum,33,1.2000000476837158
gep27,00,2026-01-28,2026-03-02,gcrew,noaa_gefs,27,ShortwaveRadiation_Wm2,33,148.25
gep27,00,2026-01-28,2026-03-02,gcrew,noaa_gefs,27,WindSpeed_ms_mean,33,4.63763027527913
gep27,00,2026-01-28,2026-03-03,gcrew,noaa_gefs,27,AirTemp_C_mean,34,11.128327941894554
gep27,00,2026-01-28,2026-03-03,gcrew,noaa_gefs,27,Pressure_Pa,34,100700.955078125
gep27,00,2026-01-28,2026-03-03,gcrew,noaa_gefs,27,RH_percent_mean,34,81.373138427734375
gep27,00,2026-01-28,2026-03-03,gcrew,noaa_gefs,27,Rain_mm_sum,34,39.5
gep27,00,2026-01-28,2026-03-03,gcrew,noaa_gefs,27,ShortwaveRadiation_Wm2,34,137
gep27,00,2026-01-28,2026-03-03,gcrew,noaa_gefs,27,WindSpeed_ms_mean,34,6.95522383090104
gep28,00,2026-01-28,2026-01-29,gcrew,noaa_gefs,28,AirTemp_C_mean,1,-7.280580902099587
gep28,00,2026-01-28,2026-01-29,gcrew,noaa_gefs,28,Pressure_Pa,1,102287.724609375
gep28,00,2026-01-28,2026-01-29,gcrew,noaa_gefs,28,RH_percent_mean,1,76.07372665405273
gep28,00,2026-01-28,2026-01-29,gcrew,noaa_gefs,28,Rain_mm_sum,1,0.10000000149011612
gep28,00,2026-01-28,2026-01-29,gcrew,noaa_gefs,28,ShortwaveRadiation_Wm2,1,150.125
gep28,00,2026-01-28,2026-01-29,gcrew,noaa_gefs,28,WindSpeed_ms_mean,1,5.488174929013097
gep28,00,2026-01-28,2026-01-30,gcrew,noaa_gefs,28,AirTemp_C_mean,2,-7.0662673950195085
gep28,00,2026-01-28,2026-01-30,gcrew,noaa_gefs,28,Pressure_Pa,2,102186.884765625
gep28,00,2026-01-28,2026-01-30,gcrew,noaa_gefs,28,RH_percent_mean,2,85.883331298828125
gep28,00,2026-01-28,2026-01-30,gcrew,noaa_gefs,28,Rain_mm_sum,2,3.400000035762787
gep28,00,2026-01-28,2026-01-30,gcrew,noaa_gefs,28,ShortwaveRadiation_Wm2,2,91
gep28,00,2026-01-28,2026-01-30,gcrew,noaa_gefs,28,WindSpeed_ms_mean,2,4.310190691157695
gep28,00,2026-01-28,2026-01-31,gcrew,noaa_gefs,28,AirTemp_C_mean,3,-8.19930496215818
gep28,00,2026-01-28,2026-01-31,gcrew,noaa_gefs,28,Pressure_Pa,3,101301.654296875
gep28,00,2026-01-28,2026-01-31,gcrew,noaa_gefs,28,RH_percent_mean,3,95.59107112884521
gep28,00,2026-01-28,2026-01-31,gcrew,noaa_gefs,28,Rain_mm_sum,3,24.890000462532043
gep28,00,2026-01-28,2026-01-31,gcrew,noaa_gefs,28,ShortwaveRadiation_Wm2,3,47
gep28,00,2026-01-28,2026-01-31,gcrew,noaa_gefs,28,WindSpeed_ms_mean,3,10.447140277612919
gep28,00,2026-01-28,2026-02-01,gcrew,noaa_gefs,28,AirTemp_C_mean,4,-5.557821655273415
gep28,00,2026-01-28,2026-02-01,gcrew,noaa_gefs,28,Pressure_Pa,4,99940.41015625
gep28,00,2026-01-28,2026-02-01,gcrew,noaa_gefs,28,RH_percent_mean,4,94.5508918762207
gep28,00,2026-01-28,2026-02-01,gcrew,noaa_gefs,28,Rain_mm_sum,4,22.200000166893005
gep28,00,2026-01-28,2026-02-01,gcrew,noaa_gefs,28,ShortwaveRadiation_Wm2,4,59.5
gep28,00,2026-01-28,2026-02-01,gcrew,noaa_gefs,28,WindSpeed_ms_mean,4,13.510369912418103
gep28,00,2026-01-28,2026-02-02,gcrew,noaa_gefs,28,AirTemp_C_mean,5,-5.524973297119118
gep28,00,2026-01-28,2026-02-02,gcrew,noaa_gefs,28,Pressure_Pa,5,101653.6318359375
gep28,00,2026-01-28,2026-02-02,gcrew,noaa_gefs,28,RH_percent_mean,5,80.55075645446777
gep28,00,2026-01-28,2026-02-02,gcrew,noaa_gefs,28,Rain_mm_sum,5,1.399999976158142
gep28,00,2026-01-28,2026-02-02,gcrew,noaa_gefs,28,ShortwaveRadiation_Wm2,5,151.5
gep28,00,2026-01-28,2026-02-02,gcrew,noaa_gefs,28,WindSpeed_ms_mean,5,8.067561597422333
gep28,00,2026-01-28,2026-02-03,gcrew,noaa_gefs,28,AirTemp_C_mean,6,-5.25441970825193
gep28,00,2026-01-28,2026-02-03,gcrew,noaa_gefs,28,Pressure_Pa,6,102473.724609375
gep28,00,2026-01-28,2026-02-03,gcrew,noaa_gefs,28,RH_percent_mean,6,78.25176620483398
gep28,00,2026-01-28,2026-02-03,gcrew,noaa_gefs,28,Rain_mm_sum,6,0
gep28,00,2026-01-28,2026-02-03,gcrew,noaa_gefs,28,ShortwaveRadiation_Wm2,6,163.375
gep28,00,2026-01-28,2026-02-03,gcrew,noaa_gefs,28,WindSpeed_ms_mean,6,3.967009672131133
gep28,00,2026-01-28,2026-02-04,gcrew,noaa_gefs,28,AirTemp_C_mean,7,-1.8118385314941179
gep28,00,2026-01-28,2026-02-04,gcrew,noaa_gefs,28,Pressure_Pa,7,102940.9130859375
gep28,00,2026-01-28,2026-02-04,gcrew,noaa_gefs,28,RH_percent_mean,7,83.65248394012451
gep28,00,2026-01-28,2026-02-04,gcrew,noaa_gefs,28,Rain_mm_sum,7,0.009999999776482582
gep28,00,2026-01-28,2026-02-04,gcrew,noaa_gefs,28,ShortwaveRadiation_Wm2,7,109.5
gep28,00,2026-01-28,2026-02-04,gcrew,noaa_gefs,28,WindSpeed_ms_mean,7,2.1674175981691817
gep28,00,2026-01-28,2026-02-05,gcrew,noaa_gefs,28,AirTemp_C_mean,8,1.069429016113304
gep28,00,2026-01-28,2026-02-05,gcrew,noaa_gefs,28,Pressure_Pa,8,101906.8251953125
gep28,00,2026-01-28,2026-02-05,gcrew,noaa_gefs,28,RH_percent_mean,8,94.48931217193604
gep28,00,2026-01-28,2026-02-05,gcrew,noaa_gefs,28,Rain_mm_sum,8,0.20000000298023224
gep28,00,2026-01-28,2026-02-05,gcrew,noaa_gefs,28,ShortwaveRadiation_Wm2,8,76.875
gep28,00,2026-01-28,2026-02-05,gcrew,noaa_gefs,28,WindSpeed_ms_mean,8,3.684263806468948
gep28,00,2026-01-28,2026-02-06,gcrew,noaa_gefs,28,AirTemp_C_mean,9,2.753424944196451
gep28,00,2026-01-28,2026-02-06,gcrew,noaa_gefs,28,Pressure_Pa,9,100416.97879464286
gep28,00,2026-01-28,2026-02-06,gcrew,noaa_gefs,28,RH_percent_mean,9,86.28384617396763
gep28,00,2026-01-28,2026-02-06,gcrew,noaa_gefs,28,Rain_mm_sum,9,0.9999999925494194
gep28,00,2026-01-28,2026-02-06,gcrew,noaa_gefs,28,ShortwaveRadiation_Wm2,9,160
gep28,00,2026-01-28,2026-02-06,gcrew,noaa_gefs,28,WindSpeed_ms_mean,9,7.2776915238674205
gep28,00,2026-01-28,2026-02-07,gcrew,noaa_gefs,28,AirTemp_C_mean,10,-5.779425048828102
gep28,00,2026-01-28,2026-02-07,gcrew,noaa_gefs,28,Pressure_Pa,10,101461.65625
gep28,00,2026-01-28,2026-02-07,gcrew,noaa_gefs,28,RH_percent_mean,10,72.17018508911133
gep28,00,2026-01-28,2026-02-07,gcrew,noaa_gefs,28,Rain_mm_sum,10,0
gep28,00,2026-01-28,2026-02-07,gcrew,noaa_gefs,28,ShortwaveRadiation_Wm2,10,149.5
gep28,00,2026-01-28,2026-02-07,gcrew,noaa_gefs,28,WindSpeed_ms_mean,10,4.217680666860886
gep28,00,2026-01-28,2026-02-08,gcrew,noaa_gefs,28,AirTemp_C_mean,11,-7.681547546386696
gep28,00,2026-01-28,2026-02-08,gcrew,noaa_gefs,28,Pressure_Pa,11,102029.173828125
gep28,00,2026-01-28,2026-02-08,gcrew,noaa_gefs,28,RH_percent_mean,11,68.76657009124756
gep28,00,2026-01-28,2026-02-08,gcrew,noaa_gefs,28,Rain_mm_sum,11,0
gep28,00,2026-01-28,2026-02-08,gcrew,noaa_gefs,28,ShortwaveRadiation_Wm2,11,174.25
gep28,00,2026-01-28,2026-02-08,gcrew,noaa_gefs,28,WindSpeed_ms_mean,11,7.886064993607651
gep28,00,2026-01-28,2026-02-09,gcrew,noaa_gefs,28,AirTemp_C_mean,12,-4.058538818359352
gep28,00,2026-01-28,2026-02-09,gcrew,noaa_gefs,28,Pressure_Pa,12,101952.376953125
gep28,00,2026-01-28,2026-02-09,gcrew,noaa_gefs,28,RH_percent_mean,12,68.18047332763672
gep28,00,2026-01-28,2026-02-09,gcrew,noaa_gefs,28,Rain_mm_sum,12,0
gep28,00,2026-01-28,2026-02-09,gcrew,noaa_gefs,28,ShortwaveRadiation_Wm2,12,164.25
gep28,00,2026-01-28,2026-02-09,gcrew,noaa_gefs,28,WindSpeed_ms_mean,12,7.975086568269404
gep28,00,2026-01-28,2026-02-10,gcrew,noaa_gefs,28,AirTemp_C_mean,13,-3.093626403808571
gep28,00,2026-01-28,2026-02-10,gcrew,noaa_gefs,28,Pressure_Pa,13,101960.732421875
gep28,00,2026-01-28,2026-02-10,gcrew,noaa_gefs,28,RH_percent_mean,13,68.68310356140137
gep28,00,2026-01-28,2026-02-10,gcrew,noaa_gefs,28,Rain_mm_sum,13,0
gep28,00,2026-01-28,2026-02-10,gcrew,noaa_gefs,28,ShortwaveRadiation_Wm2,13,134.75
gep28,00,2026-01-28,2026-02-10,gcrew,noaa_gefs,28,WindSpeed_ms_mean,13,5.259966799674645
gep28,00,2026-01-28,2026-02-11,gcrew,noaa_gefs,28,AirTemp_C_mean,14,-4.653044128417946
gep28,00,2026-01-28,2026-02-11,gcrew,noaa_gefs,28,Pressure_Pa,14,101637.04296875
gep28,00,2026-01-28,2026-02-11,gcrew,noaa_gefs,28,RH_percent_mean,14,69.65564918518066
gep28,00,2026-01-28,2026-02-11,gcrew,noaa_gefs,28,Rain_mm_sum,14,0
gep28,00,2026-01-28,2026-02-11,gcrew,noaa_gefs,28,ShortwaveRadiation_Wm2,14,179.5
gep28,00,2026-01-28,2026-02-11,gcrew,noaa_gefs,28,WindSpeed_ms_mean,14,8.026119124547929
gep28,00,2026-01-28,2026-02-12,gcrew,noaa_gefs,28,AirTemp_C_mean,15,-3.519529724121071
gep28,00,2026-01-28,2026-02-12,gcrew,noaa_gefs,28,Pressure_Pa,15,101760.71875
gep28,00,2026-01-28,2026-02-12,gcrew,noaa_gefs,28,RH_percent_mean,15,71.13922119140625
gep28,00,2026-01-28,2026-02-12,gcrew,noaa_gefs,28,Rain_mm_sum,15,0
gep28,00,2026-01-28,2026-02-12,gcrew,noaa_gefs,28,ShortwaveRadiation_Wm2,15,178.25
gep28,00,2026-01-28,2026-02-12,gcrew,noaa_gefs,28,WindSpeed_ms_mean,15,7.753901032955588
gep28,00,2026-01-28,2026-02-13,gcrew,noaa_gefs,28,AirTemp_C_mean,16,-2.7990249633788835
gep28,00,2026-01-28,2026-02-13,gcrew,noaa_gefs,28,Pressure_Pa,16,101736.001953125
gep28,00,2026-01-28,2026-02-13,gcrew,noaa_gefs,28,RH_percent_mean,16,63.89894676208496
gep28,00,2026-01-28,2026-02-13,gcrew,noaa_gefs,28,Rain_mm_sum,16,0
gep28,00,2026-01-28,2026-02-13,gcrew,noaa_gefs,28,ShortwaveRadiation_Wm2,16,143.25
gep28,00,2026-01-28,2026-02-13,gcrew,noaa_gefs,28,WindSpeed_ms_mean,16,6.434746689935362
gep28,00,2026-01-28,2026-02-14,gcrew,noaa_gefs,28,AirTemp_C_mean,17,-2.5064834594726335
gep28,00,2026-01-28,2026-02-14,gcrew,noaa_gefs,28,Pressure_Pa,17,101387.0625
gep28,00,2026-01-28,2026-02-14,gcrew,noaa_gefs,28,RH_percent_mean,17,63.91810321807861
gep28,00,2026-01-28,2026-02-14,gcrew,noaa_gefs,28,Rain_mm_sum,17,0
gep28,00,2026-01-28,2026-02-14,gcrew,noaa_gefs,28,ShortwaveRadiation_Wm2,17,174
gep28,00,2026-01-28,2026-02-14,gcrew,noaa_gefs,28,WindSpeed_ms_mean,17,4.505267943240719
gep28,00,2026-01-28,2026-02-15,gcrew,noaa_gefs,28,AirTemp_C_mean,18,-1.092008972167946
gep28,00,2026-01-28,2026-02-15,gcrew,noaa_gefs,28,Pressure_Pa,18,101645.232421875
gep28,00,2026-01-28,2026-02-15,gcrew,noaa_gefs,28,RH_percent_mean,18,69.99055099487305
gep28,00,2026-01-28,2026-02-15,gcrew,noaa_gefs,28,Rain_mm_sum,18,0
gep28,00,2026-01-28,2026-02-15,gcrew,noaa_gefs,28,ShortwaveRadiation_Wm2,18,159.5
gep28,00,2026-01-28,2026-02-15,gcrew,noaa_gefs,28,WindSpeed_ms_mean,18,3.138143268840961
gep28,00,2026-01-28,2026-02-16,gcrew,noaa_gefs,28,AirTemp_C_mean,19,1.369630432128929
gep28,00,2026-01-28,2026-02-16,gcrew,noaa_gefs,28,Pressure_Pa,19,101803.056640625
gep28,00,2026-01-28,2026-02-16,gcrew,noaa_gefs,28,RH_percent_mean,19,79.61123466491699
gep28,00,2026-01-28,2026-02-16,gcrew,noaa_gefs,28,Rain_mm_sum,19,0.20000000298023224
gep28,00,2026-01-28,2026-02-16,gcrew,noaa_gefs,28,ShortwaveRadiation_Wm2,19,87.75
gep28,00,2026-01-28,2026-02-16,gcrew,noaa_gefs,28,WindSpeed_ms_mean,19,3.3481034252777753
gep28,00,2026-01-28,2026-02-17,gcrew,noaa_gefs,28,AirTemp_C_mean,20,0.7386337280273665
gep28,00,2026-01-28,2026-02-17,gcrew,noaa_gefs,28,Pressure_Pa,20,101786.171875
gep28,00,2026-01-28,2026-02-17,gcrew,noaa_gefs,28,RH_percent_mean,20,84.81830406188965
gep28,00,2026-01-28,2026-02-17,gcrew,noaa_gefs,28,Rain_mm_sum,20,7.099999904632568
gep28,00,2026-01-28,2026-02-17,gcrew,noaa_gefs,28,ShortwaveRadiation_Wm2,20,22.25
gep28,00,2026-01-28,2026-02-17,gcrew,noaa_gefs,28,WindSpeed_ms_mean,20,4.584310341175985
gep28,00,2026-01-28,2026-02-18,gcrew,noaa_gefs,28,AirTemp_C_mean,21,4.854364013671898
gep28,00,2026-01-28,2026-02-18,gcrew,noaa_gefs,28,Pressure_Pa,21,100528.912109375
gep28,00,2026-01-28,2026-02-18,gcrew,noaa_gefs,28,RH_percent_mean,21,98.09432792663574
gep28,00,2026-01-28,2026-02-18,gcrew,noaa_gefs,28,Rain_mm_sum,21,9.100000143051147
gep28,00,2026-01-28,2026-02-18,gcrew,noaa_gefs,28,ShortwaveRadiation_Wm2,21,34
gep28,00,2026-01-28,2026-02-18,gcrew,noaa_gefs,28,WindSpeed_ms_mean,21,2.3743466397881434
gep28,00,2026-01-28,2026-02-19,gcrew,noaa_gefs,28,AirTemp_C_mean,22,2.8552337646484602
gep28,00,2026-01-28,2026-02-19,gcrew,noaa_gefs,28,Pressure_Pa,22,100285.193359375
gep28,00,2026-01-28,2026-02-19,gcrew,noaa_gefs,28,RH_percent_mean,22,85.17862129211426
gep28,00,2026-01-28,2026-02-19,gcrew,noaa_gefs,28,Rain_mm_sum,22,0.30000001192092896
gep28,00,2026-01-28,2026-02-19,gcrew,noaa_gefs,28,ShortwaveRadiation_Wm2,22,69.75
gep28,00,2026-01-28,2026-02-19,gcrew,noaa_gefs,28,WindSpeed_ms_mean,22,4.774511407394309
gep28,00,2026-01-28,2026-02-20,gcrew,noaa_gefs,28,AirTemp_C_mean,23,-9.267301940917946
gep28,00,2026-01-28,2026-02-20,gcrew,noaa_gefs,28,Pressure_Pa,23,101475.0859375
gep28,00,2026-01-28,2026-02-20,gcrew,noaa_gefs,28,RH_percent_mean,23,50.81293869018555
gep28,00,2026-01-28,2026-02-20,gcrew,noaa_gefs,28,Rain_mm_sum,23,0
gep28,00,2026-01-28,2026-02-20,gcrew,noaa_gefs,28,ShortwaveRadiation_Wm2,23,183
gep28,00,2026-01-28,2026-02-20,gcrew,noaa_gefs,28,WindSpeed_ms_mean,23,10.622410091968261
gep28,00,2026-01-28,2026-02-21,gcrew,noaa_gefs,28,AirTemp_C_mean,24,-10.929685974121071
gep28,00,2026-01-28,2026-02-21,gcrew,noaa_gefs,28,Pressure_Pa,24,102074.087890625
gep28,00,2026-01-28,2026-02-21,gcrew,noaa_gefs,28,RH_percent_mean,24,47.823272705078125
gep28,00,2026-01-28,2026-02-21,gcrew,noaa_gefs,28,Rain_mm_sum,24,0
gep28,00,2026-01-28,2026-02-21,gcrew,noaa_gefs,28,ShortwaveRadiation_Wm2,24,187
gep28,00,2026-01-28,2026-02-21,gcrew,noaa_gefs,28,WindSpeed_ms_mean,24,6.5561279655405835
gep28,00,2026-01-28,2026-02-22,gcrew,noaa_gefs,28,AirTemp_C_mean,25,-7.766607666015602
gep28,00,2026-01-28,2026-02-22,gcrew,noaa_gefs,28,Pressure_Pa,25,102546.142578125
gep28,00,2026-01-28,2026-02-22,gcrew,noaa_gefs,28,RH_percent_mean,25,56.11021900177002
gep28,00,2026-01-28,2026-02-22,gcrew,noaa_gefs,28,Rain_mm_sum,25,0
gep28,00,2026-01-28,2026-02-22,gcrew,noaa_gefs,28,ShortwaveRadiation_Wm2,25,200.25
gep28,00,2026-01-28,2026-02-22,gcrew,noaa_gefs,28,WindSpeed_ms_mean,25,7.731225422210707
gep28,00,2026-01-28,2026-02-23,gcrew,noaa_gefs,28,AirTemp_C_mean,26,-2.8251098632812273
gep28,00,2026-01-28,2026-02-23,gcrew,noaa_gefs,28,Pressure_Pa,26,102910.716796875
gep28,00,2026-01-28,2026-02-23,gcrew,noaa_gefs,28,RH_percent_mean,26,53.88744640350342
gep28,00,2026-01-28,2026-02-23,gcrew,noaa_gefs,28,Rain_mm_sum,26,0
gep28,00,2026-01-28,2026-02-23,gcrew,noaa_gefs,28,ShortwaveRadiation_Wm2,26,202.5
gep28,00,2026-01-28,2026-02-23,gcrew,noaa_gefs,28,WindSpeed_ms_mean,26,4.84067752247645
gep28,00,2026-01-28,2026-02-24,gcrew,noaa_gefs,28,AirTemp_C_mean,27,1.597322082519554
gep28,00,2026-01-28,2026-02-24,gcrew,noaa_gefs,28,Pressure_Pa,27,102109.3046875
gep28,00,2026-01-28,2026-02-24,gcrew,noaa_gefs,28,RH_percent_mean,27,62.64256954193115
gep28,00,2026-01-28,2026-02-24,gcrew,noaa_gefs,28,Rain_mm_sum,27,0
gep28,00,2026-01-28,2026-02-24,gcrew,noaa_gefs,28,ShortwaveRadiation_Wm2,27,116.5
gep28,00,2026-01-28,2026-02-24,gcrew,noaa_gefs,28,WindSpeed_ms_mean,27,5.3985288138153145
gep28,00,2026-01-28,2026-02-25,gcrew,noaa_gefs,28,AirTemp_C_mean,28,3.3727813720703352
gep28,00,2026-01-28,2026-02-25,gcrew,noaa_gefs,28,Pressure_Pa,28,101713.029296875
gep28,00,2026-01-28,2026-02-25,gcrew,noaa_gefs,28,RH_percent_mean,28,82.43609428405762
gep28,00,2026-01-28,2026-02-25,gcrew,noaa_gefs,28,Rain_mm_sum,28,0
gep28,00,2026-01-28,2026-02-25,gcrew,noaa_gefs,28,ShortwaveRadiation_Wm2,28,183.25
gep28,00,2026-01-28,2026-02-25,gcrew,noaa_gefs,28,WindSpeed_ms_mean,28,2.7927366152488466
gep28,00,2026-01-28,2026-02-26,gcrew,noaa_gefs,28,AirTemp_C_mean,29,4.269799804687523
gep28,00,2026-01-28,2026-02-26,gcrew,noaa_gefs,28,Pressure_Pa,29,101386.140625
gep28,00,2026-01-28,2026-02-26,gcrew,noaa_gefs,28,RH_percent_mean,29,76.72475337982178
gep28,00,2026-01-28,2026-02-26,gcrew,noaa_gefs,28,Rain_mm_sum,29,0.6100000143051147
gep28,00,2026-01-28,2026-02-26,gcrew,noaa_gefs,28,ShortwaveRadiation_Wm2,29,157.75
gep28,00,2026-01-28,2026-02-26,gcrew,noaa_gefs,28,WindSpeed_ms_mean,29,5.374720606390739
gep28,00,2026-01-28,2026-02-27,gcrew,noaa_gefs,28,AirTemp_C_mean,30,-2.2006057739257585
gep28,00,2026-01-28,2026-02-27,gcrew,noaa_gefs,28,Pressure_Pa,30,102063.791015625
gep28,00,2026-01-28,2026-02-27,gcrew,noaa_gefs,28,RH_percent_mean,30,60.6358585357666
gep28,00,2026-01-28,2026-02-27,gcrew,noaa_gefs,28,Rain_mm_sum,30,0
gep28,00,2026-01-28,2026-02-27,gcrew,noaa_gefs,28,ShortwaveRadiation_Wm2,30,208.75
gep28,00,2026-01-28,2026-02-27,gcrew,noaa_gefs,28,WindSpeed_ms_mean,30,4.223661637522698
gep28,00,2026-01-28,2026-02-28,gcrew,noaa_gefs,28,AirTemp_C_mean,31,2.8180099487304915
gep28,00,2026-01-28,2026-02-28,gcrew,noaa_gefs,28,Pressure_Pa,31,102096.6484375
gep28,00,2026-01-28,2026-02-28,gcrew,noaa_gefs,28,RH_percent_mean,31,73.37237644195557
gep28,00,2026-01-28,2026-02-28,gcrew,noaa_gefs,28,Rain_mm_sum,31,0
gep28,00,2026-01-28,2026-02-28,gcrew,noaa_gefs,28,ShortwaveRadiation_Wm2,31,182.75
gep28,00,2026-01-28,2026-02-28,gcrew,noaa_gefs,28,WindSpeed_ms_mean,31,2.7731910157020536
gep28,00,2026-01-28,2026-03-01,gcrew,noaa_gefs,28,AirTemp_C_mean,32,10.715417480468773
gep28,00,2026-01-28,2026-03-01,gcrew,noaa_gefs,28,Pressure_Pa,32,101821.703125
gep28,00,2026-01-28,2026-03-01,gcrew,noaa_gefs,28,RH_percent_mean,32,78.44407558441162
gep28,00,2026-01-28,2026-03-01,gcrew,noaa_gefs,28,Rain_mm_sum,32,0.10000000149011612
gep28,00,2026-01-28,2026-03-01,gcrew,noaa_gefs,28,ShortwaveRadiation_Wm2,32,188
gep28,00,2026-01-28,2026-03-01,gcrew,noaa_gefs,28,WindSpeed_ms_mean,32,4.440940868795268
gep28,00,2026-01-28,2026-03-02,gcrew,noaa_gefs,28,AirTemp_C_mean,33,8.776765441894554
gep28,00,2026-01-28,2026-03-02,gcrew,noaa_gefs,28,Pressure_Pa,33,102014.58203125
gep28,00,2026-01-28,2026-03-02,gcrew,noaa_gefs,28,RH_percent_mean,33,87.70235443115234
gep28,00,2026-01-28,2026-03-02,gcrew,noaa_gefs,28,Rain_mm_sum,33,1.2000000476837158
gep28,00,2026-01-28,2026-03-02,gcrew,noaa_gefs,28,ShortwaveRadiation_Wm2,33,148.25
gep28,00,2026-01-28,2026-03-02,gcrew,noaa_gefs,28,WindSpeed_ms_mean,33,4.63763027527913
gep28,00,2026-01-28,2026-03-03,gcrew,noaa_gefs,28,AirTemp_C_mean,34,11.128327941894554
gep28,00,2026-01-28,2026-03-03,gcrew,noaa_gefs,28,Pressure_Pa,34,100700.955078125
gep28,00,2026-01-28,2026-03-03,gcrew,noaa_gefs,28,RH_percent_mean,34,81.373138427734375
gep28,00,2026-01-28,2026-03-03,gcrew,noaa_gefs,28,Rain_mm_sum,34,39.5
gep28,00,2026-01-28,2026-03-03,gcrew,noaa_gefs,28,ShortwaveRadiation_Wm2,34,137
gep28,00,2026-01-28,2026-03-03,gcrew,noaa_gefs,28,WindSpeed_ms_mean,34,6.95522383090104
gep29,00,2026-01-28,2026-01-29,gcrew,noaa_gefs,29,AirTemp_C_mean,1,-7.280580902099587
gep29,00,2026-01-28,2026-01-29,gcrew,noaa_gefs,29,Pressure_Pa,1,102287.724609375
gep29,00,2026-01-28,2026-01-29,gcrew,noaa_gefs,29,RH_percent_mean,1,76.07372665405273
gep29,00,2026-01-28,2026-01-29,gcrew,noaa_gefs,29,Rain_mm_sum,1,0.10000000149011612
gep29,00,2026-01-28,2026-01-29,gcrew,noaa_gefs,29,ShortwaveRadiation_Wm2,1,150.125
gep29,00,2026-01-28,2026-01-29,gcrew,noaa_gefs,29,WindSpeed_ms_mean,1,5.488174929013097
gep29,00,2026-01-28,2026-01-30,gcrew,noaa_gefs,29,AirTemp_C_mean,2,-7.0662673950195085
gep29,00,2026-01-28,2026-01-30,gcrew,noaa_gefs,29,Pressure_Pa,2,102186.884765625
gep29,00,2026-01-28,2026-01-30,gcrew,noaa_gefs,29,RH_percent_mean,2,85.883331298828125
gep29,00,2026-01-28,2026-01-30,gcrew,noaa_gefs,29,Rain_mm_sum,2,3.400000035762787
gep29,00,2026-01-28,2026-01-30,gcrew,noaa_gefs,29,ShortwaveRadiation_Wm2,2,91
gep29,00,2026-01-28,2026-01-30,gcrew,noaa_gefs,29,WindSpeed_ms_mean,2,4.310190691157695
gep29,00,2026-01-28,2026-01-31,gcrew,noaa_gefs,29,AirTemp_C_mean,3,-8.19930496215818
gep29,00,2026-01-28,2026-01-31,gcrew,noaa_gefs,29,Pressure_Pa,3,101301.654296875
gep29,00,2026-01-28,2026-01-31,gcrew,noaa_gefs,29,RH_percent_mean,3,95.59107112884521
gep29,00,2026-01-28,2026-01-31,gcrew,noaa_gefs,29,Rain_mm_sum,3,24.890000462532043
gep29,00,2026-01-28,2026-01-31,gcrew,noaa_gefs,29,ShortwaveRadiation_Wm2,3,47
gep29,00,2026-01-28,2026-01-31,gcrew,noaa_gefs,29,WindSpeed_ms_mean,3,10.447140277612919
gep29,00,2026-01-28,2026-02-01,gcrew,noaa_gefs,29,AirTemp_C_mean,4,-5.557821655273415
gep29,00,2026-01-28,2026-02-01,gcrew,noaa_gefs,29,Pressure_Pa,4,99940.41015625
gep29,00,2026-01-28,2026-02-01,gcrew,noaa_gefs,29,RH_percent_mean,4,94.5508918762207
gep29,00,2026-01-28,2026-02-01,gcrew,noaa_gefs,29,Rain_mm_sum,4,22.200000166893005
gep29,00,2026-01-28,2026-02-01,gcrew,noaa_gefs,29,ShortwaveRadiation_Wm2,4,59.5
gep29,00,2026-01-28,2026-02-01,gcrew,noaa_gefs,29,WindSpeed_ms_mean,4,13.510369912418103
gep29,00,2026-01-28,2026-02-02,gcrew,noaa_gefs,29,AirTemp_C_mean,5,-5.524973297119118
gep29,00,2026-01-28,2026-02-02,gcrew,noaa_gefs,29,Pressure_Pa,5,101653.6318359375
gep29,00,2026-01-28,2026-02-02,gcrew,noaa_gefs,29,RH_percent_mean,5,80.55075645446777
gep29,00,2026-01-28,2026-02-02,gcrew,noaa_gefs,29,Rain_mm_sum,5,1.399999976158142
gep29,00,2026-01-28,2026-02-02,gcrew,noaa_gefs,29,ShortwaveRadiation_Wm2,5,151.5
gep29,00,2026-01-28,2026-02-02,gcrew,noaa_gefs,29,WindSpeed_ms_mean,5,8.067561597422333
gep29,00,2026-01-28,2026-02-03,gcrew,noaa_gefs,29,AirTemp_C_mean,6,-5.25441970825193
gep29,00,2026-01-28,2026-02-03,gcrew,noaa_gefs,29,Pressure_Pa,6,102473.724609375
gep29,00,2026-01-28,2026-02-03,gcrew,noaa_gefs,29,RH_percent_mean,6,78.25176620483398
gep29,00,2026-01-28,2026-02-03,gcrew,noaa_gefs,29,Rain_mm_sum,6,0
gep29,00,2026-01-28,2026-02-03,gcrew,noaa_gefs,29,ShortwaveRadiation_Wm2,6,163.375
gep29,00,2026-01-28,2026-02-03,gcrew,noaa_gefs,29,WindSpeed_ms_mean,6,3.967009672131133
gep29,00,2026-01-28,2026-02-04,gcrew,noaa_gefs,29,AirTemp_C_mean,7,-1.8118385314941179
gep29,00,2026-01-28,2026-02-04,gcrew,noaa_gefs,29,Pressure_Pa,7,102940.9130859375
gep29,00,2026-01-28,2026-02-04,gcrew,noaa_gefs,29,RH_percent_mean,7,83.65248394012451
gep29,00,2026-01-28,2026-02-04,gcrew,noaa_gefs,29,Rain_mm_sum,7,0.009999999776482582
gep29,00,2026-01-28,2026-02-04,gcrew,noaa_gefs,29,ShortwaveRadiation_Wm2,7,109.5
gep29,00,2026-01-28,2026-02-04,gcrew,noaa_gefs,29,WindSpeed_ms_mean,7,2.1674175981691817
gep29,00,2026-01-28,2026-02-05,gcrew,noaa_gefs,29,AirTemp_C_mean,8,1.069429016113304
gep29,00,2026-01-28,2026-02-05,gcrew,noaa_gefs,29,Pressure_Pa,8,101906.8251953125
gep29,00,2026-01-28,2026-02-05,gcrew,noaa_gefs,29,RH_percent_mean,8,94.48931217193604
gep29,00,2026-01-28,2026-02-05,gcrew,noaa_gefs,29,Rain_mm_sum,8,0.20000000298023224
gep29,00,2026-01-28,2026-02-05,gcrew,noaa_gefs,29,ShortwaveRadiation_Wm2,8,76.875
gep29,00,2026-01-28,2026-02-05,gcrew,noaa_gefs,29,WindSpeed_ms_mean,8,3.684263806468948
gep29,00,2026-01-28,2026-02-06,gcrew,noaa_gefs,29,AirTemp_C_mean,9,2.753424944196451
gep29,00,2026-01-28,2026-02-06,gcrew,noaa_gefs,29,Pressure_Pa,9,100416.97879464286
gep29,00,2026-01-28,2026-02-06,gcrew,noaa_gefs,29,RH_percent_mean,9,86.28384617396763
gep29,00,2026-01-28,2026-02-06,gcrew,noaa_gefs,29,Rain_mm_sum,9,0.9999999925494194
gep29,00,2026-01-28,2026-02-06,gcrew,noaa_gefs,29,ShortwaveRadiation_Wm2,9,160
gep29,00,2026-01-28,2026-02-06,gcrew,noaa_gefs,29,WindSpeed_ms_mean,9,7.2776915238674205
gep29,00,2026-01-28,2026-02-07,gcrew,noaa_gefs,29,AirTemp_C_mean,10,-5.779425048828102
gep29,00,2026-01-28,2026-02-07,gcrew,noaa_gefs,29,Pressure_Pa,10,101461.65625
gep29,00,2026-01-28,2026-02-07,gcrew,noaa_gefs,29,RH_percent_mean,10,72.17018508911133
gep29,00,2026-01-28,2026-02-07,gcrew,noaa_gefs,29,Rain_mm_sum,10,0
gep29,00,2026-01-28,2026-02-07,gcrew,noaa_gefs,29,ShortwaveRadiation_Wm2,10,149.5
gep29,00,2026-01-28,2026-02-07,gcrew,noaa_gefs,29,WindSpeed_ms_mean,10,4.217680666860886
gep29,00,2026-01-28,2026-02-08,gcrew,noaa_gefs,29,AirTemp_C_mean,11,-7.681547546386696
gep29,00,2026-01-28,2026-02-08,gcrew,noaa_gefs,29,Pressure_Pa,11,102029.173828125
gep29,00,2026-01-28,2026-02-08,gcrew,noaa_gefs,29,RH_percent_mean,11,68.76657009124756
gep29,00,2026-01-28,2026-02-08,gcrew,noaa_gefs,29,Rain_mm_sum,11,0
gep29,00,2026-01-28,2026-02-08,gcrew,noaa_gefs,29,ShortwaveRadiation_Wm2,11,174.25
gep29,00,2026-01-28,2026-02-08,gcrew,noaa_gefs,29,WindSpeed_ms_mean,11,7.886064993607651
gep29,00,2026-01-28,2026-02-09,gcrew,noaa_gefs,29,AirTemp_C_mean,12,-4.058538818359352
gep29,00,2026-01-28,2026-02-09,gcrew,noaa_gefs,29,Pressure_Pa,12,101952.376953125
gep29,00,2026-01-28,2026-02-09,gcrew,noaa_gefs,29,RH_percent_mean,12,68.18047332763672
gep29,00,2026-01-28,2026-02-09,gcrew,noaa_gefs,29,Rain_mm_sum,12,0
gep29,00,2026-01-28,2026-02-09,gcrew,noaa_gefs,29,ShortwaveRadiation_Wm2,12,164.25
gep29,00,2026-01-28,2026-02-09,gcrew,noaa_gefs,29,WindSpeed_ms_mean,12,7.975086568269404
gep29,00,2026-01-28,2026-02-10,gcrew,noaa_gefs,29,AirTemp_C_mean,13,-3.093626403808571
gep29,00,2026-01-28,2026-02-10,gcrew,noaa_gefs,29,Pressure_Pa,13,101960.732421875
gep29,00,2026-01-28,2026-02-10,gcrew,noaa_gefs,29,RH_percent_mean,13,68.68310356140137
gep29,00,2026-01-28,2026-02-10,gcrew,noaa_gefs,29,Rain_mm_sum,13,0
gep29,00,2026-01-28,2026-02-10,gcrew,noaa_gefs,29,ShortwaveRadiation_Wm2,13,134.75
gep29,00,2026-01-28,2026-02-10,gcrew,noaa_gefs,29,WindSpeed_ms_mean,13,5.259966799674645
gep29,00,2026-01-28,2026-02-11,gcrew,noaa_gefs,29,AirTemp_C_mean,14,-4.653044128417946
gep29,00,2026-01-28,2026-02-11,gcrew,noaa_gefs,29,Pressure_Pa,14,101637.04296875
gep29,00,2026-01-28,2026-02-11,gcrew,noaa_gefs,29,RH_percent_mean,14,69.65564918518066
gep29,00,2026-01-28,2026-02-11,gcrew,noaa_gefs,29,Rain_mm_sum,14,0
gep29,00,2026-01-28,2026-02-11,gcrew,noaa_gefs,29,ShortwaveRadiation_Wm2,14,179.5
gep29,00,2026-01-28,2026-02-11,gcrew,noaa_gefs,29,WindSpeed_ms_mean,14,8.026119124547929
gep29,00,2026-01-28,2026-02-12,gcrew,noaa_gefs,29,AirTemp_C_mean,15,-3.519529724121071
gep29,00,2026-01-28,2026-02-12,gcrew,noaa_gefs,29,Pressure_Pa,15,101760.71875
gep29,00,2026-01-28,2026-02-12,gcrew,noaa_gefs,29,RH_percent_mean,15,71.13922119140625
gep29,00,2026-01-28,2026-02-12,gcrew,noaa_gefs,29,Rain_mm_sum,15,0
gep29,00,2026-01-28,2026-02-12,gcrew,noaa_gefs,29,ShortwaveRadiation_Wm2,15,178.25
gep29,00,2026-01-28,2026-02-12,gcrew,noaa_gefs,29,WindSpeed_ms_mean,15,7.753901032955588
gep29,00,2026-01-28,2026-02-13,gcrew,noaa_gefs,29,AirTemp_C_mean,16,-2.7990249633788835
gep29,00,2026-01-28,2026-02-13,gcrew,noaa_gefs,29,Pressure_Pa,16,101736.001953125
gep29,00,2026-01-28,2026-02-13,gcrew,noaa_gefs,29,RH_percent_mean,16,63.89894676208496
gep29,00,2026-01-28,2026-02-13,gcrew,noaa_gefs,29,Rain_mm_sum,16,0
gep29,00,2026-01-28,2026-02-13,gcrew,noaa_gefs,29,ShortwaveRadiation_Wm2,16,143.25
gep29,00,2026-01-28,2026-02-13,gcrew,noaa_gefs,29,WindSpeed_ms_mean,16,6.434746689935362
gep29,00,2026-01-28,2026-02-14,gcrew,noaa_gefs,29,AirTemp_C_mean,17,-2.5064834594726335
gep29,00,2026-01-28,2026-02-14,gcrew,noaa_gefs,29,Pressure_Pa,17,101387.0625
gep29,00,2026-01-28,2026-02-14,gcrew,noaa_gefs,29,RH_percent_mean,17,63.91810321807861
gep29,00,2026-01-28,2026-02-14,gcrew,noaa_gefs,29,Rain_mm_sum,17,0
gep29,00,2026-01-28,2026-02-14,gcrew,noaa_gefs,29,ShortwaveRadiation_Wm2,17,174
gep29,00,2026-01-28,2026-02-14,gcrew,noaa_gefs,29,WindSpeed_ms_mean,17,4.505267943240719
gep29,00,2026-01-28,2026-02-15,gcrew,noaa_gefs,29,AirTemp_C_mean,18,-1.092008972167946
gep29,00,2026-01-28,2026-02-15,gcrew,noaa_gefs,29,Pressure_Pa,18,101645.232421875
gep29,00,2026-01-28,2026-02-15,gcrew,noaa_gefs,29,RH_percent_mean,18,69.99055099487305
gep29,00,2026-01-28,2026-02-15,gcrew,noaa_gefs,29,Rain_mm_sum,18,0
gep29,00,2026-01-28,2026-02-15,gcrew,noaa_gefs,29,ShortwaveRadiation_Wm2,18,159.5
gep29,00,2026-01-28,2026-02-15,gcrew,noaa_gefs,29,WindSpeed_ms_mean,18,3.138143268840961
gep29,00,2026-01-28,2026-02-16,gcrew,noaa_gefs,29,AirTemp_C_mean,19,1.369630432128929
gep29,00,2026-01-28,2026-02-16,gcrew,noaa_gefs,29,Pressure_Pa,19,101803.056640625
gep29,00,2026-01-28,2026-02-16,gcrew,noaa_gefs,29,RH_percent_mean,19,79.61123466491699
gep29,00,2026-01-28,2026-02-16,gcrew,noaa_gefs,29,Rain_mm_sum,19,0.20000000298023224
gep29,00,2026-01-28,2026-02-16,gcrew,noaa_gefs,29,ShortwaveRadiation_Wm2,19,87.75
gep29,00,2026-01-28,2026-02-16,gcrew,noaa_gefs,29,WindSpeed_ms_mean,19,3.3481034252777753
gep29,00,2026-01-28,2026-02-17,gcrew,noaa_gefs,29,AirTemp_C_mean,20,0.7386337280273665
gep29,00,2026-01-28,2026-02-17,gcrew,noaa_gefs,29,Pressure_Pa,20,101786.171875
gep29,00,2026-01-28,2026-02-17,gcrew,noaa_gefs,29,RH_percent_mean,20,84.81830406188965
gep29,00,2026-01-28,2026-02-17,gcrew,noaa_gefs,29,Rain_mm_sum,20,7.099999904632568
gep29,00,2026-01-28,2026-02-17,gcrew,noaa_gefs,29,ShortwaveRadiation_Wm2,20,22.25
gep29,00,2026-01-28,2026-02-17,gcrew,noaa_gefs,29,WindSpeed_ms_mean,20,4.584310341175985
gep29,00,2026-01-28,2026-02-18,gcrew,noaa_gefs,29,AirTemp_C_mean,21,4.854364013671898
gep29,00,2026-01-28,2026-02-18,gcrew,noaa_gefs,29,Pressure_Pa,21,100528.912109375
gep29,00,2026-01-28,2026-02-18,gcrew,noaa_gefs,29,RH_percent_mean,21,98.09432792663574
gep29,00,2026-01-28,2026-02-18,gcrew,noaa_gefs,29,Rain_mm_sum,21,9.100000143051147
gep29,00,2026-01-28,2026-02-18,gcrew,noaa_gefs,29,ShortwaveRadiation_Wm2,21,34
gep29,00,2026-01-28,2026-02-18,gcrew,noaa_gefs,29,WindSpeed_ms_mean,21,2.3743466397881434
gep29,00,2026-01-28,2026-02-19,gcrew,noaa_gefs,29,AirTemp_C_mean,22,2.8552337646484602
gep29,00,2026-01-28,2026-02-19,gcrew,noaa_gefs,29,Pressure_Pa,22,100285.193359375
gep29,00,2026-01-28,2026-02-19,gcrew,noaa_gefs,29,RH_percent_mean,22,85.17862129211426
gep29,00,2026-01-28,2026-02-19,gcrew,noaa_gefs,29,Rain_mm_sum,22,0.30000001192092896
gep29,00,2026-01-28,2026-02-19,gcrew,noaa_gefs,29,ShortwaveRadiation_Wm2,22,69.75
gep29,00,2026-01-28,2026-02-19,gcrew,noaa_gefs,29,WindSpeed_ms_mean,22,4.774511407394309
gep29,00,2026-01-28,2026-02-20,gcrew,noaa_gefs,29,AirTemp_C_mean,23,-9.267301940917946
gep29,00,2026-01-28,2026-02-20,gcrew,noaa_gefs,29,Pressure_Pa,23,101475.0859375
gep29,00,2026-01-28,2026-02-20,gcrew,noaa_gefs,29,RH_percent_mean,23,50.81293869018555
gep29,00,2026-01-28,2026-02-20,gcrew,noaa_gefs,29,Rain_mm_sum,23,0
gep29,00,2026-01-28,2026-02-20,gcrew,noaa_gefs,29,ShortwaveRadiation_Wm2,23,183
gep29,00,2026-01-28,2026-02-20,gcrew,noaa_gefs,29,WindSpeed_ms_mean,23,10.622410091968261
gep29,00,2026-01-28,2026-02-21,gcrew,noaa_gefs,29,AirTemp_C_mean,24,-10.929685974121071
gep29,00,2026-01-28,2026-02-21,gcrew,noaa_gefs,29,Pressure_Pa,24,102074.087890625
gep29,00,2026-01-28,2026-02-21,gcrew,noaa_gefs,29,RH_percent_mean,24,47.823272705078125
gep29,00,2026-01-28,2026-02-21,gcrew,noaa_gefs,29,Rain_mm_sum,24,0
gep29,00,2026-01-28,2026-02-21,gcrew,noaa_gefs,29,ShortwaveRadiation_Wm2,24,187
gep29,00,2026-01-28,2026-02-21,gcrew,noaa_gefs,29,WindSpeed_ms_mean,24,6.5561279655405835
gep29,00,2026-01-28,2026-02-22,gcrew,noaa_gefs,29,AirTemp_C_mean,25,-7.766607666015602
gep29,00,2026-01-28,2026-02-22,gcrew,noaa_gefs,29,Pressure_Pa,25,102546.142578125
gep29,00,2026-01-28,2026-02-22,gcrew,noaa_gefs,29,RH_percent_mean,25,56.11021900177002
gep29,00,2026-01-28,2026-02-22,gcrew,noaa_gefs,29,Rain_mm_sum,25,0
gep29,00,2026-01-28,2026-02-22,gcrew,noaa_gefs,29,ShortwaveRadiation_Wm2,25,200.25
gep29,00,2026-01-28,2026-02-22,gcrew,noaa_gefs,29,WindSpeed_ms_mean,25,7.731225422210707
gep29,00,2026-01-28,2026-02-23,gcrew,noaa_gefs,29,AirTemp_C_mean,26,-2.8251098632812273
gep29,00,2026-01-28,2026-02-23,gcrew,noaa_gefs,29,Pressure_Pa,26,102910.716796875
gep29,00,2026-01-28,2026-02-23,gcrew,noaa_gefs,29,RH_percent_mean,26,53.88744640350342
gep29,00,2026-01-28,2026-02-23,gcrew,noaa_gefs,29,Rain_mm_sum,26,0
gep29,00,2026-01-28,2026-02-23,gcrew,noaa_gefs,29,ShortwaveRadiation_Wm2,26,202.5
gep29,00,2026-01-28,2026-02-23,gcrew,noaa_gefs,29,WindSpeed_ms_mean,26,4.84067752247645
gep29,00,2026-01-28,2026-02-24,gcrew,noaa_gefs,29,AirTemp_C_mean,27,1.597322082519554
gep29,00,2026-01-28,2026-02-24,gcrew,noaa_gefs,29,Pressure_Pa,27,102109.3046875
gep29,00,2026-01-28,2026-02-24,gcrew,noaa_gefs,29,RH_percent_mean,27,62.64256954193115
gep29,00,2026-01-28,2026-02-24,gcrew,noaa_gefs,29,Rain_mm_sum,27,0
gep29,00,2026-01-28,2026-02-24,gcrew,noaa_gefs,29,ShortwaveRadiation_Wm2,27,116.5
gep29,00,2026-01-28,2026-02-24,gcrew,noaa_gefs,29,WindSpeed_ms_mean,27,5.3985288138153145
gep29,00,2026-01-28,2026-02-25,gcrew,noaa_gefs,29,AirTemp_C_mean,28,3.3727813720703352
gep29,00,2026-01-28,2026-02-25,gcrew,noaa_gefs,29,Pressure_Pa,28,101713.029296875
gep29,00,2026-01-28,2026-02-25,gcrew,noaa_gefs,29,RH_percent_mean,28,82.43609428405762
gep29,00,2026-01-28,2026-02-25,gcrew,noaa_gefs,29,Rain_mm_sum,28,0
gep29,00,2026-01-28,2026-02-25,gcrew,noaa_gefs,29,ShortwaveRadiation_Wm2,28,183.25
gep29,00,2026-01-28,2026-02-25,gcrew,noaa_gefs,29,WindSpeed_ms_mean,28,2.7927366152488466
gep29,00,2026-01-28,2026-02-26,gcrew,noaa_gefs,29,AirTemp_C_mean,29,4.269799804687523
gep29,00,2026-01-28,2026-02-26,gcrew,noaa_gefs,29,Pressure_Pa,29,101386.140625
gep29,00,2026-01-28,2026-02-26,gcrew,noaa_gefs,29,RH_percent_mean,29,76.72475337982178
gep29,00,2026-01-28,2026-02-26,gcrew,noaa_gefs,29,Rain_mm_sum,29,0.6100000143051147
gep29,00,2026-01-28,2026-02-26,gcrew,noaa_gefs,29,ShortwaveRadiation_Wm2,29,157.75
gep29,00,2026-01-28,2026-02-26,gcrew,noaa_gefs,29,WindSpeed_ms_mean,29,5.374720606390739
gep29,00,2026-01-28,2026-02-27,gcrew,noaa_gefs,29,AirTemp_C_mean,30,-2.2006057739257585
gep29,00,2026-01-28,2026-02-27,gcrew,noaa_gefs,29,Pressure_Pa,30,102063.791015625
gep29,00,2026-01-28,2026-02-27,gcrew,noaa_gefs,29,RH_percent_mean,30,60.6358585357666
gep29,00,2026-01-28,2026-02-27,gcrew,noaa_gefs,29,Rain_mm_sum,30,0
gep29,00,2026-01-28,2026-02-27,gcrew,noaa_gefs,29,ShortwaveRadiation_Wm2,30,208.75
gep29,00,2026-01-28,2026-02-27,gcrew,noaa_gefs,29,WindSpeed_ms_mean,30,4.223661637522698
gep29,00,2026-01-28,2026-02-28,gcrew,noaa_gefs,29,AirTemp_C_mean,31,2.8180099487304915
gep29,00,2026-01-28,2026-02-28,gcrew,noaa_gefs,29,Pressure_Pa,31,102096.6484375
gep29,00,2026-01-28,2026-02-28,gcrew,noaa_gefs,29,RH_percent_mean,31,73.37237644195557
gep29,00,2026-01-28,2026-02-28,gcrew,noaa_gefs,29,Rain_mm_sum,31,0
gep29,00,2026-01-28,2026-02-28,gcrew,noaa_gefs,29,ShortwaveRadiation_Wm2,31,182.75
gep29,00,2026-01-28,2026-02-28,gcrew,noaa_gefs,29,WindSpeed_ms_mean,31,2.7731910157020536
gep29,00,2026-01-28,2026-03-01,gcrew,noaa_gefs,29,AirTemp_C_mean,32,10.715417480468773
gep29,00,2026-01-28,2026-03-01,gcrew,noaa_gefs,29,Pressure_Pa,32,101821.703125
gep29,00,2026-01-28,2026-03-01,gcrew,noaa_gefs,29,RH_percent_mean,32,78.44407558441162
gep29,00,2026-01-28,2026-03-01,gcrew,noaa_gefs,29,Rain_mm_sum,32,0.10000000149011612
gep29,00,2026-01-28,2026-03-01,gcrew,noaa_gefs,29,ShortwaveRadiation_Wm2,32,188
gep29,00,2026-01-28,2026-03-01,gcrew,noaa_gefs,29,WindSpeed_ms_mean,32,4.440940868795268
gep29,00,2026-01-28,2026-03-02,gcrew,noaa_gefs,29,AirTemp_C_mean,33,8.776765441894554
gep29,00,2026-01-28,2026-03-02,gcrew,noaa_gefs,29,Pressure_Pa,33,102014.58203125
gep29,00,2026-01-28,2026-03-02,gcrew,noaa_gefs,29,RH_percent_mean,33,87.70235443115234
gep29,00,2026-01-28,2026-03-02,gcrew,noaa_gefs,29,Rain_mm_sum,33,1.2000000476837158
gep29,00,2026-01-28,2026-03-02,gcrew,noaa_gefs,29,ShortwaveRadiation_Wm2,33,148.25
gep29,00,2026-01-28,2026-03-02,gcrew,noaa_gefs,29,WindSpeed_ms_mean,33,4.63763027527913
gep29,00,2026-01-28,2026-03-03,gcrew,noaa_gefs,29,AirTemp_C_mean,34,11.128327941894554
gep29,00,2026-01-28,2026-03-03,gcrew,noaa_gefs,29,Pressure_Pa,34,100700.955078125
gep29,00,2026-01-28,2026-03-03,gcrew,noaa_gefs,29,RH_percent_mean,34,81.373138427734375
gep29,00,2026-01-28,2026-03-03,gcrew,noaa_gefs,29,Rain_mm_sum,34,39.5
gep29,00,2026-01-28,2026-03-03,gcrew,noaa_gefs,29,ShortwaveRadiation_Wm2,34,137
gep29,00,2026-01-28,2026-03-03,gcrew,noaa_gefs,29,WindSpeed_ms_mean,34,6.95522383090104
gep30,00,2026-01-28,2026-01-29,gcrew,noaa_gefs,30,AirTemp_C_mean,1,-7.280580902099587
gep30,00,2026-01-28,2026-01-29,gcrew,noaa_gefs,30,Pressure_Pa,1,102287.724609375
gep30,00,2026-01-28,2026-01-29,gcrew,noaa_gefs,30,RH_percent_mean,1,76.07372665405273
gep30,00,2026-01-28,2026-01-29,gcrew,noaa_gefs,30,Rain_mm_sum,1,0.10000000149011612
gep30,00,2026-01-28,2026-01-29,gcrew,noaa_gefs,30,ShortwaveRadiation_Wm2,1,150.125
gep30,00,2026-01-28,2026-01-29,gcrew,noaa_gefs,30,WindSpeed_ms_mean,1,5.488174929013097
gep30,00,2026-01-28,2026-01-30,gcrew,noaa_gefs,30,AirTemp_C_mean,2,-7.0662673950195085
gep30,00,2026-01-28,2026-01-30,gcrew,noaa_gefs,30,Pressure_Pa,2,102186.884765625
gep30,00,2026-01-28,2026-01-30,gcrew,noaa_gefs,30,RH_percent_mean,2,85.883331298828125
gep30,00,2026-01-28,2026-01-30,gcrew,noaa_gefs,30,Rain_mm_sum,2,3.400000035762787
gep30,00,2026-01-28,2026-01-30,gcrew,noaa_gefs,30,ShortwaveRadiation_Wm2,2,91
gep30,00,2026-01-28,2026-01-30,gcrew,noaa_gefs,30,WindSpeed_ms_mean,2,4.310190691157695
gep30,00,2026-01-28,2026-01-31,gcrew,noaa_gefs,30,AirTemp_C_mean,3,-8.19930496215818
gep30,00,2026-01-28,2026-01-31,gcrew,noaa_gefs,30,Pressure_Pa,3,101301.654296875
gep30,00,2026-01-28,2026-01-31,gcrew,noaa_gefs,30,RH_percent_mean,3,95.59107112884521
gep30,00,2026-01-28,2026-01-31,gcrew,noaa_gefs,30,Rain_mm_sum,3,24.890000462532043
gep30,00,2026-01-28,2026-01-31,gcrew,noaa_gefs,30,ShortwaveRadiation_Wm2,3,47
gep30,00,2026-01-28,2026-01-31,gcrew,noaa_gefs,30,WindSpeed_ms_mean,3,10.447140277612919
gep30,00,2026-01-28,2026-02-01,gcrew,noaa_gefs,30,AirTemp_C_mean,4,-5.557821655273415
gep30,00,2026-01-28,2026-02-01,gcrew,noaa_gefs,30,Pressure_Pa,4,99940.41015625
gep30,00,2026-01-28,2026-02-01,gcrew,noaa_gefs,30,RH_percent_mean,4,94.5508918762207
gep30,00,2026-01-28,2026-02-01,gcrew,noaa_gefs,30,Rain_mm_sum,4,22.200000166893005
gep30,00,2026-01-28,2026-02-01,gcrew,noaa_gefs,30,ShortwaveRadiation_Wm2,4,59.5
gep30,00,2026-01-28,2026-02-01,gcrew,noaa_gefs,30,WindSpeed_ms_mean,4,13.510369912418103
gep30,00,2026-01-28,2026-02-02,gcrew,noaa_gefs,30,AirTemp_C_mean,5,-5.524973297119118
gep30,00,2026-01-28,2026-02-02,gcrew,noaa_gefs,30,Pressure_Pa,5,101653.6318359375
gep30,00,2026-01-28,2026-02-02,gcrew,noaa_gefs,30,RH_percent_mean,5,80.55075645446777
gep30,00,2026-01-28,2026-02-02,gcrew,noaa_gefs,30,Rain_mm_sum,5,1.399999976158142
gep30,00,2026-01-28,2026-02-02,gcrew,noaa_gefs,30,ShortwaveRadiation_Wm2,5,151.5
gep30,00,2026-01-28,2026-02-02,gcrew,noaa_gefs,30,WindSpeed_ms_mean,5,8.067561597422333
gep30,00,2026-01-28,2026-02-03,gcrew,noaa_gefs,30,AirTemp_C_mean,6,-5.25441970825193
gep30,00,2026-01-28,2026-02-03,gcrew,noaa_gefs,30,Pressure_Pa,6,102473.724609375
gep30,00,2026-01-28,2026-02-03,gcrew,noaa_gefs,30,RH_percent_mean,6,78.25176620483398
gep30,00,2026-01-28,2026-02-03,gcrew,noaa_gefs,30,Rain_mm_sum,6,0
gep30,00,2026-01-28,2026-02-03,gcrew,noaa_gefs,30,ShortwaveRadiation_Wm2,6,163.375
gep30,00,2026-01-28,2026-02-03,gcrew,noaa_gefs,30,WindSpeed_ms_mean,6,3.967009672131133
gep30,00,2026-01-28,2026-02-04,gcrew,noaa_gefs,30,AirTemp_C_mean,7,-1.8118385314941179
gep30,00,2026-01-28,2026-02-04,gcrew,noaa_gefs,30,Pressure_Pa,7,102940.9130859375
gep30,00,2026-01-28,2026-02-04,gcrew,noaa_gefs,30,RH_percent_mean,7,83.65248394012451
gep30,00,2026-01-28,2026-02-04,gcrew,noaa_gefs,30,Rain_mm_sum,7,0.009999999776482582
gep30,00,2026-01-28,2026-02-04,gcrew,noaa_gefs,30,ShortwaveRadiation_Wm2,7,109.5
gep30,00,2026-01-28,2026-02-04,gcrew,noaa_gefs,30,WindSpeed_ms_mean,7,2.1674175981691817
gep30,00,2026-01-28,2026-02-05,gcrew,noaa_gefs,30,AirTemp_C_mean,8,1.069429016113304
gep30,00,2026-01-28,2026-02-05,gcrew,noaa_gefs,30,Pressure_Pa,8,101906.8251953125
gep30,00,2026-01-28,2026-02-05,gcrew,noaa_gefs,30,RH_percent_mean,8,94.48931217193604
gep30,00,2026-01-28,2026-02-05,gcrew,noaa_gefs,30,Rain_mm_sum,8,0.20000000298023224
gep30,00,2026-01-28,2026-02-05,gcrew,noaa_gefs,30,ShortwaveRadiation_Wm2,8,76.875
gep30,00,2026-01-28,2026-02-05,gcrew,noaa_gefs,30,WindSpeed_ms_mean,8,3.684263806468948
gep30,00,2026-01-28,2026-02-06,gcrew,noaa_gefs,30,AirTemp_C_mean,9,2.753424944196451
gep30,00,2026-01-28,2026-02-06,gcrew,noaa_gefs,30,Pressure_Pa,9,100416.97879464286
gep30,00,2026-01-28,2026-02-06,gcrew,noaa_gefs,30,RH_percent_mean,9,86.28384617396763
gep30,00,2026-01-28,2026-02-06,gcrew,noaa_gefs,30,Rain_mm_sum,9,0.9999999925494194
gep30,00,2026-01-28,2026-02-06,gcrew,noaa_gefs,30,ShortwaveRadiation_Wm2,9,160
gep30,00,2026-01-28,2026-02-06,gcrew,noaa_gefs,30,WindSpeed_ms_mean,9,7.2776915238674205
gep30,00,2026-01-28,2026-02-07,gcrew,noaa_gefs,30,AirTemp_C_mean,10,-5.779425048828102
gep30,00,2026-01-28,2026-02-07,gcrew,noaa_gefs,30,Pressure_Pa,10,101461.65625
gep30,00,2026-01-28,2026-02-07,gcrew,noaa_gefs,30,RH_percent_mean,10,72.17018508911133
gep30,00,2026-01-28,2026-02-07,gcrew,noaa_gefs,30,Rain_mm_sum,10,0
gep30,00,2026-01-28,2026-02-07,gcrew,noaa_gefs,30,ShortwaveRadiation_Wm2,10,149.5
gep30,00,2026-01-28,2026-02-07,gcrew,noaa_gefs,30,WindSpeed_ms_mean,10,4.217680666860886
gep30,00,2026-01-28,2026-02-08,gcrew,noaa_gefs,30,AirTemp_C_mean,11,-7.681547546386696
gep30,00,2026-01-28,2026-02-08,gcrew,noaa_gefs,30,Pressure_Pa,11,102029.173828125
gep30,00,2026-01-28,2026-02-08,gcrew,noaa_gefs,30,RH_percent_mean,11,68.76657009124756
gep30,00,2026-01-28,2026-02-08,gcrew,noaa_gefs,30,Rain_mm_sum,11,0
gep30,00,2026-01-28,2026-02-08,gcrew,noaa_gefs,30,ShortwaveRadiation_Wm2,11,174.25
gep30,00,2026-01-28,2026-02-08,gcrew,noaa_gefs,30,WindSpeed_ms_mean,11,7.886064993607651
gep30,00,2026-01-28,2026-02-09,gcrew,noaa_gefs,30,AirTemp_C_mean,12,-4.058538818359352
gep30,00,2026-01-28,2026-02-09,gcrew,noaa_gefs,30,Pressure_Pa,12,101952.376953125
gep30,00,2026-01-28,2026-02-09,gcrew,noaa_gefs,30,RH_percent_mean,12,68.18047332763672
gep30,00,2026-01-28,2026-02-09,gcrew,noaa_gefs,30,Rain_mm_sum,12,0
gep30,00,2026-01-28,2026-02-09,gcrew,noaa_gefs,30,ShortwaveRadiation_Wm2,12,164.25
gep30,00,2026-01-28,2026-02-09,gcrew,noaa_gefs,30,WindSpeed_ms_mean,12,7.975086568269404
gep30,00,2026-01-28,2026-02-10,gcrew,noaa_gefs,30,AirTemp_C_mean,13,-3.093626403808571
gep30,00,2026-01-28,2026-02-10,gcrew,noaa_gefs,30,Pressure_Pa,13,101960.732421875
gep30,00,2026-01-28,2026-02-10,gcrew,noaa_gefs,30,RH_percent_mean,13,68.68310356140137
gep30,00,2026-01-28,2026-02-10,gcrew,noaa_gefs,30,Rain_mm_sum,13,0
gep30,00,2026-01-28,2026-02-10,gcrew,noaa_gefs,30,ShortwaveRadiation_Wm2,13,134.75
gep30,00,2026-01-28,2026-02-10,gcrew,noaa_gefs,30,WindSpeed_ms_mean,13,5.259966799674645
gep30,00,2026-01-28,2026-02-11,gcrew,noaa_gefs,30,AirTemp_C_mean,14,-4.653044128417946
gep30,00,2026-01-28,2026-02-11,gcrew,noaa_gefs,30,Pressure_Pa,14,101637.04296875
gep30,00,2026-01-28,2026-02-11,gcrew,noaa_gefs,30,RH_percent_mean,14,69.65564918518066
gep30,00,2026-01-28,2026-02-11,gcrew,noaa_gefs,30,Rain_mm_sum,14,0
gep30,00,2026-01-28,2026-02-11,gcrew,noaa_gefs,30,ShortwaveRadiation_Wm2,14,179.5
gep30,00,2026-01-28,2026-02-11,gcrew,noaa_gefs,30,WindSpeed_ms_mean,14,8.026119124547929
gep30,00,2026-01-28,2026-02-12,gcrew,noaa_gefs,30,AirTemp_C_mean,15,-3.519529724121071
gep30,00,2026-01-28,2026-02-12,gcrew,noaa_gefs,30,Pressure_Pa,15,101760.71875
gep30,00,2026-01-28,2026-02-12,gcrew,noaa_gefs,30,RH_percent_mean,15,71.13922119140625
gep30,00,2026-01-28,2026-02-12,gcrew,noaa_gefs,30,Rain_mm_sum,15,0
gep30,00,2026-01-28,2026-02-12,gcrew,noaa_gefs,30,ShortwaveRadiation_Wm2,15,178.25
gep30,00,2026-01-28,2026-02-12,gcrew,noaa_gefs,30,WindSpeed_ms_mean,15,7.753901032955588
gep30,00,2026-01-28,2026-02-13,gcrew,noaa_gefs,30,AirTemp_C_mean,16,-2.7990249633788835
gep30,00,2026-01-28,2026-02-13,gcrew,noaa_gefs,30,Pressure_Pa,16,101736.001953125
gep30,00,2026-01-28,2026-02-13,gcrew,noaa_gefs,30,RH_percent_mean,16,63.89894676208496
gep30,00,2026-01-28,2026-02-13,gcrew,noaa_gefs,30,Rain_mm_sum,16,0
gep30,00,2026-01-28,2026-02-13,gcrew,noaa_gefs,30,ShortwaveRadiation_Wm2,16,143.25
gep30,00,2026-01-28,2026-02-13,gcrew,noaa_gefs,30,WindSpeed_ms_mean,16,6.434746689935362
gep30,00,2026-01-28,2026-02-14,gcrew,noaa_gefs,30,AirTemp_C_mean,17,-2.5064834594726335
gep30,00,2026-01-28,2026-02-14,gcrew,noaa_gefs,30,Pressure_Pa,17,101387.0625
gep30,00,2026-01-28,2026-02-14,gcrew,noaa_gefs,30,RH_percent_mean,17,63.91810321807861
gep30,00,2026-01-28,2026-02-14,gcrew,noaa_gefs,30,Rain_mm_sum,17,0
gep30,00,2026-01-28,2026-02-14,gcrew,noaa_gefs,30,ShortwaveRadiation_Wm2,17,174
gep30,00,2026-01-28,2026-02-14,gcrew,noaa_gefs,30,WindSpeed_ms_mean,17,4.505267943240719
gep30,00,2026-01-28,2026-02-15,gcrew,noaa_gefs,30,AirTemp_C_mean,18,-1.092008972167946
gep30,00,2026-01-28,2026-02-15,gcrew,noaa_gefs,30,Pressure_Pa,18,101645.232421875
gep30,00,2026-01-28,2026-02-15,gcrew,noaa_gefs,30,RH_percent_mean,18,69.99055099487305
gep30,00,2026-01-28,2026-02-15,gcrew,noaa_gefs,30,Rain_mm_sum,18,0
gep30,00,2026-01-28,2026-02-15,gcrew,noaa_gefs,30,ShortwaveRadiation_Wm2,18,159.5
gep30,00,2026-01-28,2026-02-15,gcrew,noaa_gefs,30,WindSpeed_ms_mean,18,3.138143268840961
gep30,00,2026-01-28,2026-02-16,gcrew,noaa_gefs,30,AirTemp_C_mean,19,1.369630432128929
gep30,00,2026-01-28,2026-02-16,gcrew,noaa_gefs,30,Pressure_Pa,19,101803.056640625
gep30,00,2026-01-28,2026-02-16,gcrew,noaa_gefs,30,RH_percent_mean,19,79.61123466491699
gep30,00,2026-01-28,2026-02-16,gcrew,noaa_gefs,30,Rain_mm_sum,19,0.20000000298023224
gep30,00,2026-01-28,2026-02-16,gcrew,noaa_gefs,30,ShortwaveRadiation_Wm2,19,87.75
gep30,00,2026-01-28,2026-02-16,gcrew,noaa_gefs,30,WindSpeed_ms_mean,19,3.3481034252777753
gep30,00,2026-01-28,2026-02-17,gcrew,noaa_gefs,30,AirTemp_C_mean,20,0.7386337280273665
gep30,00,2026-01-28,2026-02-17,gcrew,noaa_gefs,30,Pressure_Pa,20,101786.171875
gep30,00,2026-01-28,2026-02-17,gcrew,noaa_gefs,30,RH_percent_mean,20,84.81830406188965
gep30,00,2026-01-28,2026-02-17,gcrew,noaa_gefs,30,Rain_mm_sum,20,7.099999904632568
gep30,00,2026-01-28,2026-02-17,gcrew,noaa_gefs,30,ShortwaveRadiation_Wm2,20,22.25
gep30,00,2026-01-28,2026-02-17,gcrew,noaa_gefs,30,WindSpeed_ms_mean,20,4.584310341175985
gep30,00,2026-01-28,2026-02-18,gcrew,noaa_gefs,30,AirTemp_C_mean,21,4.854364013671898
gep30,00,2026-01-28,2026-02-18,gcrew,noaa_gefs,30,Pressure_Pa,21,100528.912109375
gep30,00,2026-01-28,2026-02-18,gcrew,noaa_gefs,30,RH_percent_mean,21,98.09432792663574
gep30,00,2026-01-28,2026-02-18,gcrew,noaa_gefs,30,Rain_mm_sum,21,9.100000143051147
gep30,00,2026-01-28,2026-02-18,gcrew,noaa_gefs,30,ShortwaveRadiation_Wm2,21,34
gep30,00,2026-01-28,2026-02-18,gcrew,noaa_gefs,30,WindSpeed_ms_mean,21,2.3743466397881434
gep30,00,2026-01-28,2026-02-19,gcrew,noaa_gefs,30,AirTemp_C_mean,22,2.8552337646484602
gep30,00,2026-01-28,2026-02-19,gcrew,noaa_gefs,30,Pressure_Pa,22,100285.193359375
gep30,00,2026-01-28,2026-02-19,gcrew,noaa_gefs,30,RH_percent_mean,22,85.17862129211426
gep30,00,2026-01-28,2026-02-19,gcrew,noaa_gefs,30,Rain_mm_sum,22,0.30000001192092896
gep30,00,2026-01-28,2026-02-19,gcrew,noaa_gefs,30,ShortwaveRadiation_Wm2,22,69.75
gep30,00,2026-01-28,2026-02-19,gcrew,noaa_gefs,30,WindSpeed_ms_mean,22,4.774511407394309
gep30,00,2026-01-28,2026-02-20,gcrew,noaa_gefs,30,AirTemp_C_mean,23,-9.267301940917946
gep30,00,2026-01-28,2026-02-20,gcrew,noaa_gefs,30,Pressure_Pa,23,101475.0859375
gep30,00,2026-01-28,2026-02-20,gcrew,noaa_gefs,30,RH_percent_mean,23,50.81293869018555
gep30,00,2026-01-28,2026-02-20,gcrew,noaa_gefs,30,Rain_mm_sum,23,0
gep30,00,2026-01-28,2026-02-20,gcrew,noaa_gefs,30,ShortwaveRadiation_Wm2,23,183
gep30,00,2026-01-28,2026-02-20,gcrew,noaa_gefs,30,WindSpeed_ms_mean,23,10.622410091968261
gep30,00,2026-01-28,2026-02-21,gcrew,noaa_gefs,30,AirTemp_C_mean,24,-10.929685974121071
gep30,00,2026-01-28,2026-02-21,gcrew,noaa_gefs,30,Pressure_Pa,24,102074.087890625
gep30,00,2026-01-28,2026-02-21,gcrew,noaa_gefs,30,RH_percent_mean,24,47.823272705078125
gep30,00,2026-01-28,2026-02-21,gcrew,noaa_gefs,30,Rain_mm_sum,24,0
gep30,00,2026-01-28,2026-02-21,gcrew,noaa_gefs,30,ShortwaveRadiation_Wm2,24,187
gep30,00,2026-01-28,2026-02-21,gcrew,noaa_gefs,30,WindSpeed_ms_mean,24,6.5561279655405835
gep30,00,2026-01-28,2026-02-22,gcrew,noaa_gefs,30,AirTemp_C_mean,25,-7.766607666015602
gep30,00,2026-01-28,2026-02-22,gcrew,noaa_gefs,30,Pressure_Pa,25,102546.142578125
gep30,00,2026-01-28,2026-02-22,gcrew,noaa_gefs,30,RH_percent_mean,25,56.11021900177002
gep30,00,2026-01-28,2026-02-22,gcrew,noaa_gefs,30,Rain_mm_sum,25,0
gep30,00,2026-01-28,2026-02-22,gcrew,noaa_gefs,30,ShortwaveRadiation_Wm2,25,200.25
gep30,00,2026-01-28,2026-02-22,gcrew,noaa_gefs,30,WindSpeed_ms_mean,25,7.731225422210707
gep30,00,2026-01-28,2026-02-23,gcrew,noaa_gefs,30,AirTemp_C_mean,26,-2.8251098632812273
gep30,00,2026-01-28,2026-02-23,gcrew,noaa_gefs,30,Pressure_Pa,26,102910.716796875
gep30,00,2026-01-28,2026-02-23,gcrew,noaa_gefs,30,RH_percent_mean,26,53.88744640350342
gep30,00,2026-01-28,2026-02-23,gcrew,noaa_gefs,30,Rain_mm_sum,26,0
gep30,00,2026-01-28,2026-02-23,gcrew,noaa_gefs,30,ShortwaveRadiation_Wm2,26,202.5
gep30,00,2026-01-28,2026-02-23,gcrew,noaa_gefs,30,WindSpeed_ms_mean,26,4.84067752247645
gep30,00,2026-01-28,2026-02-24,gcrew,noaa_gefs,30,AirTemp_C_mean,27,1.597322082519554
gep30,00,2026-01-28,2026-02-24,gcrew,noaa_gefs,30,Pressure_Pa,27,102109.3046875
gep30,00,2026-01-28,2026-02-24,gcrew,noaa_gefs,30,RH_percent_mean,27,62.64256954193115
gep30,00,2026-01-28,2026-02-24,gcrew,noaa_gefs,30,Rain_mm_sum,27,0
gep30,00,2026-01-28,2026-02-24,gcrew,noaa_gefs,30,ShortwaveRadiation_Wm2,27,116.5
gep30,00,2026-01-28,2026-02-24,gcrew,noaa_gefs,30,WindSpeed_ms_mean,27,5.3985288138153145
gep30,00,2026-01-28,2026-02-25,gcrew,noaa_gefs,30,AirTemp_C_mean,28,3.3727813720703352
gep30,00,2026-01-28,2026-02-25,gcrew,noaa_gefs,30,Pressure_Pa,28,101713.029296875
gep30,00,2026-01-28,2026-02-25,gcrew,noaa_gefs,30,RH_percent_mean,28,82.43609428405762
gep30,00,2026-01-28,2026-02-25,gcrew,noaa_gefs,30,Rain_mm_sum,28,0
gep30,00,2026-01-28,2026-02-25,gcrew,noaa_gefs,30,ShortwaveRadiation_Wm2,28,183.25
gep30,00,2026-01-28,2026-02-25,gcrew,noaa_gefs,30,WindSpeed_ms_mean,28,2.7927366152488466
gep30,00,2026-01-28,2026-02-26,gcrew,noaa_gefs,30,AirTemp_C_mean,29,4.269799804687523
gep30,00,2026-01-28,2026-02-26,gcrew,noaa_gefs,30,Pressure_Pa,29,101386.140625
gep30,00,2026-01-28,2026-02-26,gcrew,noaa_gefs,30,RH_percent_mean,29,76.72475337982178
gep30,00,2026-01-28,2026-02-26,gcrew,noaa_gefs,30,Rain_mm_sum,29,0.6100000143051147
gep30,00,2026-01-28,2026-02-26,gcrew,noaa_gefs,30,ShortwaveRadiation_Wm2,29,157.75
gep30,00,2026-01-28,2026-02-26,gcrew,noaa_gefs,30,WindSpeed_ms_mean,29,5.374720606390739
gep30,00,2026-01-28,2026-02-27,gcrew,noaa_gefs,30,AirTemp_C_mean,30,-2.2006057739257585
gep30,00,2026-01-28,2026-02-27,gcrew,noaa_gefs,30,Pressure_Pa,30,102063.791015625
gep30,00,2026-01-28,2026-02-27,gcrew,noaa_gefs,30,RH_percent_mean,30,60.6358585357666
gep30,00,2026-01-28,2026-02-27,gcrew,noaa_gefs,30,Rain_mm_sum,30,0
gep30,00,2026-01-28,2026-02-27,gcrew,noaa_gefs,30,ShortwaveRadiation_Wm2,30,208.75
gep30,00,2026-01-28,2026-02-27,gcrew,noaa_gefs,30,WindSpeed_ms_mean,30,4.223661637522698
gep30,00,2026-01-28,2026-02-28,gcrew,noaa_gefs,30,AirTemp_C_mean,31,2.8180099487304915
gep30,00,2026-01-28,2026-02-28,gcrew,noaa_gefs,30,Pressure_Pa,31,102096.6484375
gep30,00,2026-01-28,2026-02-28,gcrew,noaa_gefs,30,RH_percent_mean,31,73.37237644195557
gep30,00,2026-01-28,2026-02-28,gcrew,noaa_gefs,30,Rain_mm_sum,31,0
gep30,00,2026-01-28,2026-02-28,gcrew,noaa_gefs,30,ShortwaveRadiation_Wm2,31,182.75
gep30,00,2026-01-28,2026-02-28,gcrew,noaa_gefs,30,WindSpeed_ms_mean,31,2.7731910157020536
gep30,00,2026-01-28,2026-03-01,gcrew,noaa_gefs,30,AirTemp_C_mean,32,10.715417480468773
gep30,00,2026-01-28,2026-03-01,gcrew,noaa_gefs,30,Pressure_Pa,32,101821.703125
gep30,00,2026-01-28,2026-03-01,gcrew,noaa_gefs,30,RH_percent_mean,32,78.44407558441162
gep30,00,2026-01-28,2026-03-01,gcrew,noaa_gefs,30,Rain_mm_sum,32,0.10000000149011612
gep30,00,2026-01-28,2026-03-01,gcrew,noaa_gefs,30,ShortwaveRadiation_Wm2,32,188
gep30,00,2026-01-28,2026-03-01,gcrew,noaa_gefs,30,WindSpeed_ms_mean,32,4.440940868795268
gep30,00,2026-01-28,2026-03-02,gcrew,noaa_gefs,30,AirTemp_C_mean,33,8.776765441894554
gep30,00,2026-01-28,2026-03-02,gcrew,noaa_gefs,30,Pressure_Pa,33,102014.58203125
gep30,00,2026-01-28,2026-03-02,gcrew,noaa_gefs,30,RH_percent_mean,33,87.70235443115234
gep30,00,2026-01-28,2026-03-02,gcrew,noaa_gefs,30,Rain_mm_sum,33,1.2000000476837158
gep30,00,2026-01-28,2026-03-02,gcrew,noaa_gefs,30,ShortwaveRadiation_Wm2,33,148.25
gep30,00,2026-01-28,2026-03-02,gcrew,noaa_gefs,30,WindSpeed_ms_mean,33,4.63763027527913
gep30,00,2026-01-28,2026-03-03,gcrew,noaa_gefs,30,AirTemp_C_mean,34,11.128327941894554
gep30,00,2026-01-28,2026-03-03,gcrew,noaa_gefs,30,Pressure_Pa,34,100700.955078125
gep30,00,2026-01-28,2026-03-03,gcrew,noaa_gefs,30,RH_percent_mean,34,81.373138427734375
gep30,00,2026-01-28,2026-03-03,gcrew,noaa_gefs,30,Rain_mm_sum,34,39.5
gep30,00,2026-01-28,2026-03-03,gcrew,noaa_gefs,30,ShortwaveRadiation_Wm2,34,137
gep30,00,2026-01-28,2026-03-03,gcrew,noaa_gefs,30,WindSpeed_ms_mean,34,6.95522383090104
