ensemble,cycle,reference_datetime,datetime,site_id,model_id,parameter,variable,horizon,prediction
gec00,00,2026-05-05,2026-05-06,gcrew,noaa_gefs,00,AirTemp_C_mean,1,18.317830657959007
gec00,00,2026-05-05,2026-05-06,gcrew,noaa_gefs,00,Pressure_Pa,1,100742.3876953125
gec00,00,2026-05-05,2026-05-06,gcrew,noaa_gefs,00,RH_percent_mean,1,73.999520778656
gec00,00,2026-05-05,2026-05-06,gcrew,noaa_gefs,00,Rain_mm_sum,1,2.9600000381469727
gec00,00,2026-05-05,2026-05-06,gcrew,noaa_gefs,00,ShortwaveRadiation_Wm2,1,112.5
gec00,00,2026-05-05,2026-05-06,gcrew,noaa_gefs,00,WindSpeed_ms_mean,1,7.9482961228732085
gec00,00,2026-05-05,2026-05-07,gcrew,noaa_gefs,00,AirTemp_C_mean,2,13.421441650390648
gec00,00,2026-05-05,2026-05-07,gcrew,noaa_gefs,00,Pressure_Pa,2,100609.435546875
gec00,00,2026-05-05,2026-05-07,gcrew,noaa_gefs,00,RH_percent_mean,2,79.55949878692627
gec00,00,2026-05-05,2026-05-07,gcrew,noaa_gefs,00,Rain_mm_sum,2,3.900000110268593
gec00,00,2026-05-05,2026-05-07,gcrew,noaa_gefs,00,ShortwaveRadiation_Wm2,2,80.875
gec00,00,2026-05-05,2026-05-07,gcrew,noaa_gefs,00,WindSpeed_ms_mean,2,3.7877215286509998
gec00,00,2026-05-05,2026-05-08,gcrew,noaa_gefs,00,AirTemp_C_mean,3,13.444238281250023
gec00,00,2026-05-05,2026-05-08,gcrew,noaa_gefs,00,Pressure_Pa,3,101029.4677734375
gec00,00,2026-05-05,2026-05-08,gcrew,noaa_gefs,00,RH_percent_mean,3,59.61912775039673
gec00,00,2026-05-05,2026-05-08,gcrew,noaa_gefs,00,Rain_mm_sum,3,0
gec00,00,2026-05-05,2026-05-08,gcrew,noaa_gefs,00,ShortwaveRadiation_Wm2,3,310.125
gec00,00,2026-05-05,2026-05-08,gcrew,noaa_gefs,00,WindSpeed_ms_mean,3,4.101767998187636
gec00,00,2026-05-05,2026-05-09,gcrew,noaa_gefs,00,AirTemp_C_mean,4,14.683034515380882
gec00,00,2026-05-05,2026-05-09,gcrew,noaa_gefs,00,Pressure_Pa,4,100504.6123046875
gec00,00,2026-05-05,2026-05-09,gcrew,noaa_gefs,00,RH_percent_mean,4,69.38001728057861
gec00,00,2026-05-05,2026-05-09,gcrew,noaa_gefs,00,Rain_mm_sum,4,3.40000007301569
gec00,00,2026-05-05,2026-05-09,gcrew,noaa_gefs,00,ShortwaveRadiation_Wm2,4,223.375
gec00,00,2026-05-05,2026-05-09,gcrew,noaa_gefs,00,WindSpeed_ms_mean,4,6.089498847817228
gec00,00,2026-05-05,2026-05-10,gcrew,noaa_gefs,00,AirTemp_C_mean,5,14.039365386962913
gec00,00,2026-05-05,2026-05-10,gcrew,noaa_gefs,00,Pressure_Pa,5,101038.7626953125
gec00,00,2026-05-05,2026-05-10,gcrew,noaa_gefs,00,RH_percent_mean,5,62.28422451019287
gec00,00,2026-05-05,2026-05-10,gcrew,noaa_gefs,00,Rain_mm_sum,5,0.4000000059604645
gec00,00,2026-05-05,2026-05-10,gcrew,noaa_gefs,00,ShortwaveRadiation_Wm2,5,321.875
gec00,00,2026-05-05,2026-05-10,gcrew,noaa_gefs,00,WindSpeed_ms_mean,5,4.465990950670339
gec00,00,2026-05-05,2026-05-11,gcrew,noaa_gefs,00,AirTemp_C_mean,6,15.007703399658226
gec00,00,2026-05-05,2026-05-11,gcrew,noaa_gefs,00,Pressure_Pa,6,100972.99609375
gec00,00,2026-05-05,2026-05-11,gcrew,noaa_gefs,00,RH_percent_mean,6,83.72281455993652
gec00,00,2026-05-05,2026-05-11,gcrew,noaa_gefs,00,Rain_mm_sum,6,10.500000238418579
gec00,00,2026-05-05,2026-05-11,gcrew,noaa_gefs,00,ShortwaveRadiation_Wm2,6,318.375
gec00,00,2026-05-05,2026-05-11,gcrew,noaa_gefs,00,WindSpeed_ms_mean,6,3.020219501521629
gec00,00,2026-05-05,2026-05-12,gcrew,noaa_gefs,00,AirTemp_C_mean,7,16.333001708984398
gec00,00,2026-05-05,2026-05-12,gcrew,noaa_gefs,00,Pressure_Pa,7,100487.9833984375
gec00,00,2026-05-05,2026-05-12,gcrew,noaa_gefs,00,RH_percent_mean,7,91.72346305847168
gec00,00,2026-05-05,2026-05-12,gcrew,noaa_gefs,00,Rain_mm_sum,7,22.080000452697277
gec00,00,2026-05-05,2026-05-12,gcrew,noaa_gefs,00,ShortwaveRadiation_Wm2,7,141.625
gec00,00,2026-05-05,2026-05-12,gcrew,noaa_gefs,00,WindSpeed_ms_mean,7,4.752930619586684
gec00,00,2026-05-05,2026-05-13,gcrew,noaa_gefs,00,AirTemp_C_mean,8,13.859941101074241
gec00,00,2026-05-05,2026-05-13,gcrew,noaa_gefs,00,Pressure_Pa,8,100950.2314453125
gec00,00,2026-05-05,2026-05-13,gcrew,noaa_gefs,00,RH_percent_mean,8,60.64580154418945
gec00,00,2026-05-05,2026-05-13,gcrew,noaa_gefs,00,Rain_mm_sum,8,0.699999988079071
gec00,00,2026-05-05,2026-05-13,gcrew,noaa_gefs,00,ShortwaveRadiation_Wm2,8,357.5
gec00,00,2026-05-05,2026-05-13,gcrew,noaa_gefs,00,WindSpeed_ms_mean,8,5.016160868788954
gec00,00,2026-05-05,2026-05-14,gcrew,noaa_gefs,00,AirTemp_C_mean,9,13.323288399832611
gec00,00,2026-05-05,2026-05-14,gcrew,noaa_gefs,00,Pressure_Pa,9,101724.66852678571
gec00,00,2026-05-05,2026-05-14,gcrew,noaa_gefs,00,RH_percent_mean,9,54.3447254725865
gec00,00,2026-05-05,2026-05-14,gcrew,noaa_gefs,00,Rain_mm_sum,9,0
gec00,00,2026-05-05,2026-05-14,gcrew,noaa_gefs,00,ShortwaveRadiation_Wm2,9,409.2857142857143
gec00,00,2026-05-05,2026-05-14,gcrew,noaa_gefs,00,WindSpeed_ms_mean,9,4.204724101810366
gec00,00,2026-05-05,2026-05-15,gcrew,noaa_gefs,00,AirTemp_C_mean,10,13.895341491699241
gec00,00,2026-05-05,2026-05-15,gcrew,noaa_gefs,00,Pressure_Pa,10,101770.98828125
gec00,00,2026-05-05,2026-05-15,gcrew,noaa_gefs,00,RH_percent_mean,10,59.39558792114258
gec00,00,2026-05-05,2026-05-15,gcrew,noaa_gefs,00,Rain_mm_sum,10,0
gec00,00,2026-05-05,2026-05-15,gcrew,noaa_gefs,00,ShortwaveRadiation_Wm2,10,329.5
gec00,00,2026-05-05,2026-05-15,gcrew,noaa_gefs,00,WindSpeed_ms_mean,10,4.301648184988208
gec00,00,2026-05-05,2026-05-16,gcrew,noaa_gefs,00,AirTemp_C_mean,11,12.16132507324221
gec00,00,2026-05-05,2026-05-16,gcrew,noaa_gefs,00,Pressure_Pa,11,101347.048828125
gec00,00,2026-05-05,2026-05-16,gcrew,noaa_gefs,00,RH_percent_mean,11,85.79068565368652
gec00,00,2026-05-05,2026-05-16,gcrew,noaa_gefs,00,Rain_mm_sum,11,3.5000000596046448
gec00,00,2026-05-05,2026-05-16,gcrew,noaa_gefs,00,ShortwaveRadiation_Wm2,11,57.25
gec00,00,2026-05-05,2026-05-16,gcrew,noaa_gefs,00,WindSpeed_ms_mean,11,3.5957713274021446
gec00,00,2026-05-05,2026-05-17,gcrew,noaa_gefs,00,AirTemp_C_mean,12,12.39740905761721
gec00,00,2026-05-05,2026-05-17,gcrew,noaa_gefs,00,Pressure_Pa,12,101498.666015625
gec00,00,2026-05-05,2026-05-17,gcrew,noaa_gefs,00,RH_percent_mean,12,85.35811996459961
gec00,00,2026-05-05,2026-05-17,gcrew,noaa_gefs,00,Rain_mm_sum,12,12.600000239908695
gec00,00,2026-05-05,2026-05-17,gcrew,noaa_gefs,00,ShortwaveRadiation_Wm2,12,68.75
gec00,00,2026-05-05,2026-05-17,gcrew,noaa_gefs,00,WindSpeed_ms_mean,12,4.4423147677144765
gec00,00,2026-05-05,2026-05-18,gcrew,noaa_gefs,00,AirTemp_C_mean,13,12.796853637695335
gec00,00,2026-05-05,2026-05-18,gcrew,noaa_gefs,00,Pressure_Pa,13,102275.958984375
gec00,00,2026-05-05,2026-05-18,gcrew,noaa_gefs,00,RH_percent_mean,13,75.41705131530762
gec00,00,2026-05-05,2026-05-18,gcrew,noaa_gefs,00,Rain_mm_sum,13,3.5000000968575478
gec00,00,2026-05-05,2026-05-18,gcrew,noaa_gefs,00,ShortwaveRadiation_Wm2,13,67.25
gec00,00,2026-05-05,2026-05-18,gcrew,noaa_gefs,00,WindSpeed_ms_mean,13,4.947630717288071
gec00,00,2026-05-05,2026-05-19,gcrew,noaa_gefs,00,AirTemp_C_mean,14,15.980165100097679
gec00,00,2026-05-05,2026-05-19,gcrew,noaa_gefs,00,Pressure_Pa,14,101818.97265625
gec00,00,2026-05-05,2026-05-19,gcrew,noaa_gefs,00,RH_percent_mean,14,94.8867244720459
gec00,00,2026-05-05,2026-05-19,gcrew,noaa_gefs,00,Rain_mm_sum,14,13.600000202655792
gec00,00,2026-05-05,2026-05-19,gcrew,noaa_gefs,00,ShortwaveRadiation_Wm2,14,56.75
gec00,00,2026-05-05,2026-05-19,gcrew,noaa_gefs,00,WindSpeed_ms_mean,14,5.998326923740712
gec00,00,2026-05-05,2026-05-20,gcrew,noaa_gefs,00,AirTemp_C_mean,15,16.34876403808596
gec00,00,2026-05-05,2026-05-20,gcrew,noaa_gefs,00,Pressure_Pa,15,101606.828125
gec00,00,2026-05-05,2026-05-20,gcrew,noaa_gefs,00,RH_percent_mean,15,89.96279335021973
gec00,00,2026-05-05,2026-05-20,gcrew,noaa_gefs,00,Rain_mm_sum,15,0.9000000283122063
gec00,00,2026-05-05,2026-05-20,gcrew,noaa_gefs,00,ShortwaveRadiation_Wm2,15,66.75
gec00,00,2026-05-05,2026-05-20,gcrew,noaa_gefs,00,WindSpeed_ms_mean,15,5.274919119101563
gec00,00,2026-05-05,2026-05-21,gcrew,noaa_gefs,00,AirTemp_C_mean,16,17.079988098144554
gec00,00,2026-05-05,2026-05-21,gcrew,noaa_gefs,00,Pressure_Pa,16,101430.228515625
gec00,00,2026-05-05,2026-05-21,gcrew,noaa_gefs,00,RH_percent_mean,16,92.32025718688965
gec00,00,2026-05-05,2026-05-21,gcrew,noaa_gefs,00,Rain_mm_sum,16,3.6000001206994057
gec00,00,2026-05-05,2026-05-21,gcrew,noaa_gefs,00,ShortwaveRadiation_Wm2,16,134.75
gec00,00,2026-05-05,2026-05-21,gcrew,noaa_gefs,00,WindSpeed_ms_mean,16,4.749984768270614
gec00,00,2026-05-05,2026-05-22,gcrew,noaa_gefs,00,AirTemp_C_mean,17,19.45788726806643
gec00,00,2026-05-05,2026-05-22,gcrew,noaa_gefs,00,Pressure_Pa,17,101787.37109375
gec00,00,2026-05-05,2026-05-22,gcrew,noaa_gefs,00,RH_percent_mean,17,86.58370208740234
gec00,00,2026-05-05,2026-05-22,gcrew,noaa_gefs,00,Rain_mm_sum,17,0.10000000149011612
gec00,00,2026-05-05,2026-05-22,gcrew,noaa_gefs,00,ShortwaveRadiation_Wm2,17,329.5
gec00,00,2026-05-05,2026-05-22,gcrew,noaa_gefs,00,WindSpeed_ms_mean,17,3.421951902917886
gec00,00,2026-05-05,2026-05-23,gcrew,noaa_gefs,00,AirTemp_C_mean,18,19.32135925292971
gec00,00,2026-05-05,2026-05-23,gcrew,noaa_gefs,00,Pressure_Pa,18,102091.19140625
gec00,00,2026-05-05,2026-05-23,gcrew,noaa_gefs,00,RH_percent_mean,18,88.211029052734375
gec00,00,2026-05-05,2026-05-23,gcrew,noaa_gefs,00,Rain_mm_sum,18,0.30000000447034836
gec00,00,2026-05-05,2026-05-23,gcrew,noaa_gefs,00,ShortwaveRadiation_Wm2,18,304
gec00,00,2026-05-05,2026-05-23,gcrew,noaa_gefs,00,WindSpeed_ms_mean,18,2.9632516322381934
gec00,00,2026-05-05,2026-05-24,gcrew,noaa_gefs,00,AirTemp_C_mean,19,19.627183532714866
gec00,00,2026-05-05,2026-05-24,gcrew,noaa_gefs,00,Pressure_Pa,19,102131.763671875
gec00,00,2026-05-05,2026-05-24,gcrew,noaa_gefs,00,RH_percent_mean,19,88.8326587677002
gec00,00,2026-05-05,2026-05-24,gcrew,noaa_gefs,00,Rain_mm_sum,19,0.4000000059604645
gec00,00,2026-05-05,2026-05-24,gcrew,noaa_gefs,00,ShortwaveRadiation_Wm2,19,312.75
gec00,00,2026-05-05,2026-05-24,gcrew,noaa_gefs,00,WindSpeed_ms_mean,19,3.353299723512114
gec00,00,2026-05-05,2026-05-25,gcrew,noaa_gefs,00,AirTemp_C_mean,20,22.220193481445335
gec00,00,2026-05-05,2026-05-25,gcrew,noaa_gefs,00,Pressure_Pa,20,101920.87109375
gec00,00,2026-05-05,2026-05-25,gcrew,noaa_gefs,00,RH_percent_mean,20,80.57049751281738
gec00,00,2026-05-05,2026-05-25,gcrew,noaa_gefs,00,Rain_mm_sum,20,0
gec00,00,2026-05-05,2026-05-25,gcrew,noaa_gefs,00,ShortwaveRadiation_Wm2,20,332
gec00,00,2026-05-05,2026-05-25,gcrew,noaa_gefs,00,WindSpeed_ms_mean,20,2.332214280423385
gec00,00,2026-05-05,2026-05-26,gcrew,noaa_gefs,00,AirTemp_C_mean,21,23.644677734375023
gec00,00,2026-05-05,2026-05-26,gcrew,noaa_gefs,00,Pressure_Pa,21,101732.607421875
gec00,00,2026-05-05,2026-05-26,gcrew,noaa_gefs,00,RH_percent_mean,21,77.47503280639648
gec00,00,2026-05-05,2026-05-26,gcrew,noaa_gefs,00,Rain_mm_sum,21,0.30000000447034836
gec00,00,2026-05-05,2026-05-26,gcrew,noaa_gefs,00,ShortwaveRadiation_Wm2,21,329.75
gec00,00,2026-05-05,2026-05-26,gcrew,noaa_gefs,00,WindSpeed_ms_mean,21,3.7429728329099072
gec00,00,2026-05-05,2026-05-27,gcrew,noaa_gefs,00,AirTemp_C_mean,22,21.092683410644554
gec00,00,2026-05-05,2026-05-27,gcrew,noaa_gefs,00,Pressure_Pa,22,101740.51953125
gec00,00,2026-05-05,2026-05-27,gcrew,noaa_gefs,00,RH_percent_mean,22,84.3672924041748
gec00,00,2026-05-05,2026-05-27,gcrew,noaa_gefs,00,Rain_mm_sum,22,0
gec00,00,2026-05-05,2026-05-27,gcrew,noaa_gefs,00,ShortwaveRadiation_Wm2,22,312.5
gec00,00,2026-05-05,2026-05-27,gcrew,noaa_gefs,00,WindSpeed_ms_mean,22,2.700000293540816
gec00,00,2026-05-05,2026-05-28,gcrew,noaa_gefs,00,AirTemp_C_mean,23,23.88488922119143
gec00,00,2026-05-05,2026-05-28,gcrew,noaa_gefs,00,Pressure_Pa,23,101347.58984375
gec00,00,2026-05-05,2026-05-28,gcrew,noaa_gefs,00,RH_percent_mean,23,75.04574775695801
gec00,00,2026-05-05,2026-05-28,gcrew,noaa_gefs,00,Rain_mm_sum,23,0
gec00,00,2026-05-05,2026-05-28,gcrew,noaa_gefs,00,ShortwaveRadiation_Wm2,23,335.5
gec00,00,2026-05-05,2026-05-28,gcrew,noaa_gefs,00,WindSpeed_ms_mean,23,2.335344468510624
gec00,00,2026-05-05,2026-05-29,gcrew,noaa_gefs,00,AirTemp_C_mean,24,24.74714050292971
gec00,00,2026-05-05,2026-05-29,gcrew,noaa_gefs,00,Pressure_Pa,24,101476.5703125
gec00,00,2026-05-05,2026-05-29,gcrew,noaa_gefs,00,RH_percent_mean,24,72.64131832122803
gec00,00,2026-05-05,2026-05-29,gcrew,noaa_gefs,00,Rain_mm_sum,24,0
gec00,00,2026-05-05,2026-05-29,gcrew,noaa_gefs,00,ShortwaveRadiation_Wm2,24,336
gec00,00,2026-05-05,2026-05-29,gcrew,noaa_gefs,00,WindSpeed_ms_mean,24,1.9586284146796837
gec00,00,2026-05-05,2026-05-30,gcrew,noaa_gefs,00,AirTemp_C_mean,25,24.066796875000023
gec00,00,2026-05-05,2026-05-30,gcrew,noaa_gefs,00,Pressure_Pa,25,101384.1875
gec00,00,2026-05-05,2026-05-30,gcrew,noaa_gefs,00,RH_percent_mean,25,71.36553287506104
gec00,00,2026-05-05,2026-05-30,gcrew,noaa_gefs,00,Rain_mm_sum,25,2.100000001490116
gec00,00,2026-05-05,2026-05-30,gcrew,noaa_gefs,00,ShortwaveRadiation_Wm2,25,336.25
gec00,00,2026-05-05,2026-05-30,gcrew,noaa_gefs,00,WindSpeed_ms_mean,25,2.5700304546198396
gec00,00,2026-05-05,2026-05-31,gcrew,noaa_gefs,00,AirTemp_C_mean,26,20.107537841796898
gec00,00,2026-05-05,2026-05-31,gcrew,noaa_gefs,00,Pressure_Pa,26,101421.41015625
gec00,00,2026-05-05,2026-05-31,gcrew,noaa_gefs,00,RH_percent_mean,26,79.97546768188477
gec00,00,2026-05-05,2026-05-31,gcrew,noaa_gefs,00,Rain_mm_sum,26,7.199999928474426
gec00,00,2026-05-05,2026-05-31,gcrew,noaa_gefs,00,ShortwaveRadiation_Wm2,26,204.5
gec00,00,2026-05-05,2026-05-31,gcrew,noaa_gefs,00,WindSpeed_ms_mean,26,4.440413293057745
gec00,00,2026-05-05,2026-06-01,gcrew,noaa_gefs,00,AirTemp_C_mean,27,18.903489685058616
gec00,00,2026-05-05,2026-06-01,gcrew,noaa_gefs,00,Pressure_Pa,27,101613.822265625
gec00,00,2026-05-05,2026-06-01,gcrew,noaa_gefs,00,RH_percent_mean,27,79.74879264831543
gec00,00,2026-05-05,2026-06-01,gcrew,noaa_gefs,00,Rain_mm_sum,27,0.20000000298023224
gec00,00,2026-05-05,2026-06-01,gcrew,noaa_gefs,00,ShortwaveRadiation_Wm2,27,202
gec00,00,2026-05-05,2026-06-01,gcrew,noaa_gefs,00,WindSpeed_ms_mean,27,2.8618370667271793
gec00,00,2026-05-05,2026-06-02,gcrew,noaa_gefs,00,AirTemp_C_mean,28,23.729150390625023
gec00,00,2026-05-05,2026-06-02,gcrew,noaa_gefs,00,Pressure_Pa,28,101406.4609375
gec00,00,2026-05-05,2026-06-02,gcrew,noaa_gefs,00,RH_percent_mean,28,75.83053302764893
gec00,00,2026-05-05,2026-06-02,gcrew,noaa_gefs,00,Rain_mm_sum,28,4.800000190734863
gec00,00,2026-05-05,2026-06-02,gcrew,noaa_gefs,00,ShortwaveRadiation_Wm2,28,303.25
gec00,00,2026-05-05,2026-06-02,gcrew,noaa_gefs,00,WindSpeed_ms_mean,28,5.180342789756921
gec00,00,2026-05-05,2026-06-03,gcrew,noaa_gefs,00,AirTemp_C_mean,29,22.64240417480471
gec00,00,2026-05-05,2026-06-03,gcrew,noaa_gefs,00,Pressure_Pa,29,101480.6875
gec00,00,2026-05-05,2026-06-03,gcrew,noaa_gefs,00,RH_percent_mean,29,91.867095947265625
gec00,00,2026-05-05,2026-06-03,gcrew,noaa_gefs,00,Rain_mm_sum,29,24.700000166893005
gec00,00,2026-05-05,2026-06-03,gcrew,noaa_gefs,00,ShortwaveRadiation_Wm2,29,176
gec00,00,2026-05-05,2026-06-03,gcrew,noaa_gefs,00,WindSpeed_ms_mean,29,2.8103379804635074
gec00,00,2026-05-05,2026-06-04,gcrew,noaa_gefs,00,AirTemp_C_mean,30,21.24726257324221
gec00,00,2026-05-05,2026-06-04,gcrew,noaa_gefs,00,Pressure_Pa,30,100902.5
gec00,00,2026-05-05,2026-06-04,gcrew,noaa_gefs,00,RH_percent_mean,30,94.49777412414551
gec00,00,2026-05-05,2026-06-04,gcrew,noaa_gefs,00,Rain_mm_sum,30,15.800000429153442
gec00,00,2026-05-05,2026-06-04,gcrew,noaa_gefs,00,ShortwaveRadiation_Wm2,30,96
gec00,00,2026-05-05,2026-06-04,gcrew,noaa_gefs,00,WindSpeed_ms_mean,30,3.624733268214592
gec00,00,2026-05-05,2026-06-05,gcrew,noaa_gefs,00,AirTemp_C_mean,31,17.98151550292971
gec00,00,2026-05-05,2026-06-05,gcrew,noaa_gefs,00,Pressure_Pa,31,101233.8671875
gec00,00,2026-05-05,2026-06-05,gcrew,noaa_gefs,00,RH_percent_mean,31,85.09179496765137
gec00,00,2026-05-05,2026-06-05,gcrew,noaa_gefs,00,Rain_mm_sum,31,0
gec00,00,2026-05-05,2026-06-05,gcrew,noaa_gefs,00,ShortwaveRadiation_Wm2,31,204
gec00,00,2026-05-05,2026-06-05,gcrew,noaa_gefs,00,WindSpeed_ms_mean,31,3.6137171777527146
gec00,00,2026-05-05,2026-06-06,gcrew,noaa_gefs,00,AirTemp_C_mean,32,18.68531188964846
gec00,00,2026-05-05,2026-06-06,gcrew,noaa_gefs,00,Pressure_Pa,32,101418.689453125
gec00,00,2026-05-05,2026-06-06,gcrew,noaa_gefs,00,RH_percent_mean,32,90.20104598999023
gec00,00,2026-05-05,2026-06-06,gcrew,noaa_gefs,00,Rain_mm_sum,32,0.30000000447034836
gec00,00,2026-05-05,2026-06-06,gcrew,noaa_gefs,00,ShortwaveRadiation_Wm2,32,107.25
gec00,00,2026-05-05,2026-06-06,gcrew,noaa_gefs,00,WindSpeed_ms_mean,32,3.7730996520469398
gec00,00,2026-05-05,2026-06-07,gcrew,noaa_gefs,00,AirTemp_C_mean,33,24.139627075195335
gec00,00,2026-05-05,2026-06-07,gcrew,noaa_gefs,00,Pressure_Pa,33,100801.1328125
gec00,00,2026-05-05,2026-06-07,gcrew,noaa_gefs,00,RH_percent_mean,33,81.9941577911377
gec00,00,2026-05-05,2026-06-07,gcrew,noaa_gefs,00,Rain_mm_sum,33,12.999999798834324
gec00,00,2026-05-05,2026-06-07,gcrew,noaa_gefs,00,ShortwaveRadiation_Wm2,33,304.5
gec00,00,2026-05-05,2026-06-07,gcrew,noaa_gefs,00,WindSpeed_ms_mean,33,5.214782697026351
gec00,00,2026-05-05,2026-06-08,gcrew,noaa_gefs,00,AirTemp_C_mean,34,26.755662536621116
gec00,00,2026-05-05,2026-06-08,gcrew,noaa_gefs,00,Pressure_Pa,34,100443.1796875
gec00,00,2026-05-05,2026-06-08,gcrew,noaa_gefs,00,RH_percent_mean,34,68.95762729644775
gec00,00,2026-05-05,2026-06-08,gcrew,noaa_gefs,00,Rain_mm_sum,34,0.4000000134110451
gec00,00,2026-05-05,2026-06-08,gcrew,noaa_gefs,00,ShortwaveRadiation_Wm2,34,343
gec00,00,2026-05-05,2026-06-08,gcrew,noaa_gefs,00,WindSpeed_ms_mean,34,4.0934983365823845
gep01,00,2026-05-05,2026-05-06,gcrew,noaa_gefs,01,AirTemp_C_mean,1,18.317830657959007
gep01,00,2026-05-05,2026-05-06,gcrew,noaa_gefs,01,Pressure_Pa,1,100742.3876953125
gep01,00,2026-05-05,2026-05-06,gcrew,noaa_gefs,01,RH_percent_mean,1,73.999520778656
gep01,00,2026-05-05,2026-05-06,gcrew,noaa_gefs,01,Rain_mm_sum,1,2.9600000381469727
gep01,00,2026-05-05,2026-05-06,gcrew,noaa_gefs,01,ShortwaveRadiation_Wm2,1,112.5
gep01,00,2026-05-05,2026-05-06,gcrew,noaa_gefs,01,WindSpeed_ms_mean,1,7.9482961228732085
gep01,00,2026-05-05,2026-05-07,gcrew,noaa_gefs,01,AirTemp_C_mean,2,13.421441650390648
gep01,00,2026-05-05,2026-05-07,gcrew,noaa_gefs,01,Pressure_Pa,2,100609.435546875
gep01,00,2026-05-05,2026-05-07,gcrew,noaa_gefs,01,RH_percent_mean,2,79.55949878692627
gep01,00,2026-05-05,2026-05-07,gcrew,noaa_gefs,01,Rain_mm_sum,2,3.900000110268593
gep01,00,2026-05-05,2026-05-07,gcrew,noaa_gefs,01,ShortwaveRadiation_Wm2,2,80.875
gep01,00,2026-05-05,2026-05-07,gcrew,noaa_gefs,01,WindSpeed_ms_mean,2,3.7877215286509998
gep01,00,2026-05-05,2026-05-08,gcrew,noaa_gefs,01,AirTemp_C_mean,3,13.444238281250023
gep01,00,2026-05-05,2026-05-08,gcrew,noaa_gefs,01,Pressure_Pa,3,101029.4677734375
gep01,00,2026-05-05,2026-05-08,gcrew,noaa_gefs,01,RH_percent_mean,3,59.61912775039673
gep01,00,2026-05-05,2026-05-08,gcrew,noaa_gefs,01,Rain_mm_sum,3,0
gep01,00,2026-05-05,2026-05-08,gcrew,noaa_gefs,01,ShortwaveRadiation_Wm2,3,310.125
gep01,00,2026-05-05,2026-05-08,gcrew,noaa_gefs,01,WindSpeed_ms_mean,3,4.101767998187636
gep01,00,2026-05-05,2026-05-09,gcrew,noaa_gefs,01,AirTemp_C_mean,4,14.683034515380882
gep01,00,2026-05-05,2026-05-09,gcrew,noaa_gefs,01,Pressure_Pa,4,100504.6123046875
gep01,00,2026-05-05,2026-05-09,gcrew,noaa_gefs,01,RH_percent_mean,4,69.38001728057861
gep01,00,2026-05-05,2026-05-09,gcrew,noaa_gefs,01,Rain_mm_sum,4,3.40000007301569
gep01,00,2026-05-05,2026-05-09,gcrew,noaa_gefs,01,ShortwaveRadiation_Wm2,4,223.375
gep01,00,2026-05-05,2026-05-09,gcrew,noaa_gefs,01,WindSpeed_ms_mean,4,6.089498847817228
gep01,00,2026-05-05,2026-05-10,gcrew,noaa_gefs,01,AirTemp_C_mean,5,14.039365386962913
gep01,00,2026-05-05,2026-05-10,gcrew,noaa_gefs,01,Pressure_Pa,5,101038.7626953125
gep01,00,2026-05-05,2026-05-10,gcrew,noaa_gefs,01,RH_percent_mean,5,62.28422451019287
gep01,00,2026-05-05,2026-05-10,gcrew,noaa_gefs,01,Rain_mm_sum,5,0.4000000059604645
gep01,00,2026-05-05,2026-05-10,gcrew,noaa_gefs,01,ShortwaveRadiation_Wm2,5,321.875
gep01,00,2026-05-05,2026-05-10,gcrew,noaa_gefs,01,WindSpeed_ms_mean,5,4.465990950670339
gep01,00,2026-05-05,2026-05-11,gcrew,noaa_gefs,01,AirTemp_C_mean,6,15.007703399658226
gep01,00,2026-05-05,2026-05-11,gcrew,noaa_gefs,01,Pressure_Pa,6,100972.99609375
gep01,00,2026-05-05,2026-05-11,gcrew,noaa_gefs,01,RH_percent_mean,6,83.72281455993652
gep01,00,2026-05-05,2026-05-11,gcrew,noaa_gefs,01,Rain_mm_sum,6,10.500000238418579
gep01,00,2026-05-05,2026-05-11,gcrew,noaa_gefs,01,ShortwaveRadiation_Wm2,6,318.375
gep01,00,2026-05-05,2026-05-11,gcrew,noaa_gefs,01,WindSpeed_ms_mean,6,3.020219501521629
gep01,00,2026-05-05,2026-05-12,gcrew,noaa_gefs,01,AirTemp_C_mean,7,16.333001708984398
gep01,00,2026-05-05,2026-05-12,gcrew,noaa_gefs,01,Pressure_Pa,7,100487.9833984375
gep01,00,2026-05-05,2026-05-12,gcrew,noaa_gefs,01,RH_percent_mean,7,91.72346305847168
gep01,00,2026-05-05,2026-05-12,gcrew,noaa_gefs,01,Rain_mm_sum,7,22.080000452697277
gep01,00,2026-05-05,2026-05-12,gcrew,noaa_gefs,01,ShortwaveRadiation_Wm2,7,141.625
gep01,00,2026-05-05,2026-05-12,gcrew,noaa_gefs,01,WindSpeed_ms_mean,7,4.752930619586684
gep01,00,2026-05-05,2026-05-13,gcrew,noaa_gefs,01,AirTemp_C_mean,8,13.859941101074241
gep01,00,2026-05-05,2026-05-13,gcrew,noaa_gefs,01,Pressure_Pa,8,100950.2314453125
gep01,00,2026-05-05,2026-05-13,gcrew,noaa_gefs,01,RH_percent_mean,8,60.64580154418945
gep01,00,2026-05-05,2026-05-13,gcrew,noaa_gefs,01,Rain_mm_sum,8,0.699999988079071
gep01,00,2026-05-05,2026-05-13,gcrew,noaa_gefs,01,ShortwaveRadiation_Wm2,8,357.5
gep01,00,2026-05-05,2026-05-13,gcrew,noaa_gefs,01,WindSpeed_ms_mean,8,5.016160868788954
gep01,00,2026-05-05,2026-05-14,gcrew,noaa_gefs,01,AirTemp_C_mean,9,13.323288399832611
gep01,00,2026-05-05,2026-05-14,gcrew,noaa_gefs,01,Pressure_Pa,9,101724.66852678571
gep01,00,2026-05-05,2026-05-14,gcrew,noaa_gefs,01,RH_percent_mean,9,54.3447254725865
gep01,00,2026-05-05,2026-05-14,gcrew,noaa_gefs,01,Rain_mm_sum,9,0
gep01,00,2026-05-05,2026-05-14,gcrew,noaa_gefs,01,ShortwaveRadiation_Wm2,9,409.2857142857143
gep01,00,2026-05-05,2026-05-14,gcrew,noaa_gefs,01,WindSpeed_ms_mean,9,4.204724101810366
gep01,00,2026-05-05,2026-05-15,gcrew,noaa_gefs,01,AirTemp_C_mean,10,13.895341491699241
gep01,00,2026-05-05,2026-05-15,gcrew,noaa_gefs,01,Pressure_Pa,10,101770.98828125
gep01,00,2026-05-05,2026-05-15,gcrew,noaa_gefs,01,RH_percent_mean,10,59.39558792114258
gep01,00,2026-05-05,2026-05-15,gcrew,noaa_gefs,01,Rain_mm_sum,10,0
gep01,00,2026-05-05,2026-05-15,gcrew,noaa_gefs,01,ShortwaveRadiation_Wm2,10,329.5
gep01,00,2026-05-05,2026-05-15,gcrew,noaa_gefs,01,WindSpeed_ms_mean,10,4.301648184988208
gep01,00,2026-05-05,2026-05-16,gcrew,noaa_gefs,01,AirTemp_C_mean,11,12.16132507324221
gep01,00,2026-05-05,2026-05-16,gcrew,noaa_gefs,01,Pressure_Pa,11,101347.048828125
gep01,00,2026-05-05,2026-05-16,gcrew,noaa_gefs,01,RH_percent_mean,11,85.79068565368652
gep01,00,2026-05-05,2026-05-16,gcrew,noaa_gefs,01,Rain_mm_sum,11,3.5000000596046448
gep01,00,2026-05-05,2026-05-16,gcrew,noaa_gefs,01,ShortwaveRadiation_Wm2,11,57.25
gep01,00,2026-05-05,2026-05-16,gcrew,noaa_gefs,01,WindSpeed_ms_mean,11,3.5957713274021446
gep01,00,2026-05-05,2026-05-17,gcrew,noaa_gefs,01,AirTemp_C_mean,12,12.39740905761721
gep01,00,2026-05-05,2026-05-17,gcrew,noaa_gefs,01,Pressure_Pa,12,101498.666015625
gep01,00,2026-05-05,2026-05-17,gcrew,noaa_gefs,01,RH_percent_mean,12,85.35811996459961
gep01,00,2026-05-05,2026-05-17,gcrew,noaa_gefs,01,Rain_mm_sum,12,12.600000239908695
gep01,00,2026-05-05,2026-05-17,gcrew,noaa_gefs,01,ShortwaveRadiation_Wm2,12,68.75
gep01,00,2026-05-05,2026-05-17,gcrew,noaa_gefs,01,WindSpeed_ms_mean,12,4.4423147677144765
gep01,00,2026-05-05,2026-05-18,gcrew,noaa_gefs,01,AirTemp_C_mean,13,12.796853637695335
gep01,00,2026-05-05,2026-05-18,gcrew,noaa_gefs,01,Pressure_Pa,13,102275.958984375
gep01,00,2026-05-05,2026-05-18,gcrew,noaa_gefs,01,RH_percent_mean,13,75.41705131530762
gep01,00,2026-05-05,2026-05-18,gcrew,noaa_gefs,01,Rain_mm_sum,13,3.5000000968575478
gep01,00,2026-05-05,2026-05-18,gcrew,noaa_gefs,01,ShortwaveRadiation_Wm2,13,67.25
gep01,00,2026-05-05,2026-05-18,gcrew,noaa_gefs,01,WindSpeed_ms_mean,13,4.947630717288071
gep01,00,2026-05-05,2026-05-19,gcrew,noaa_gefs,01,AirTemp_C_mean,14,15.980165100097679
gep01,00,2026-05-05,2026-05-19,gcrew,noaa_gefs,01,Pressure_Pa,14,101818.97265625
gep01,00,2026-05-05,2026-05-19,gcrew,noaa_gefs,01,RH_percent_mean,14,94.8867244720459
gep01,00,2026-05-05,2026-05-19,gcrew,noaa_gefs,01,Rain_mm_sum,14,13.600000202655792
gep01,00,2026-05-05,2026-05-19,gcrew,noaa_gefs,01,ShortwaveRadiation_Wm2,14,56.75
gep01,00,2026-05-05,2026-05-19,gcrew,noaa_gefs,01,WindSpeed_ms_mean,14,5.998326923740712
gep01,00,2026-05-05,2026-05-20,gcrew,noaa_gefs,01,AirTemp_C_mean,15,16.34876403808596
gep01,00,2026-05-05,2026-05-20,gcrew,noaa_gefs,01,Pressure_Pa,15,101606.828125
gep01,00,2026-05-05,2026-05-20,gcrew,noaa_gefs,01,RH_percent_mean,15,89.96279335021973
gep01,00,2026-05-05,2026-05-20,gcrew,noaa_gefs,01,Rain_mm_sum,15,0.9000000283122063
gep01,00,2026-05-05,2026-05-20,gcrew,noaa_gefs,01,ShortwaveRadiation_Wm2,15,66.75
gep01,00,2026-05-05,2026-05-20,gcrew,noaa_gefs,01,WindSpeed_ms_mean,15,5.274919119101563
gep01,00,2026-05-05,2026-05-21,gcrew,noaa_gefs,01,AirTemp_C_mean,16,17.079988098144554
gep01,00,2026-05-05,2026-05-21,gcrew,noaa_gefs,01,Pressure_Pa,16,101430.228515625
gep01,00,2026-05-05,2026-05-21,gcrew,noaa_gefs,01,RH_percent_mean,16,92.32025718688965
gep01,00,2026-05-05,2026-05-21,gcrew,noaa_gefs,01,Rain_mm_sum,16,3.6000001206994057
gep01,00,2026-05-05,2026-05-21,gcrew,noaa_gefs,01,ShortwaveRadiation_Wm2,16,134.75
gep01,00,2026-05-05,2026-05-21,gcrew,noaa_gefs,01,WindSpeed_ms_mean,16,4.749984768270614
gep01,00,2026-05-05,2026-05-22,gcrew,noaa_gefs,01,AirTemp_C_mean,17,19.45788726806643
gep01,00,2026-05-05,2026-05-22,gcrew,noaa_gefs,01,Pressure_Pa,17,101787.37109375
gep01,00,2026-05-05,2026-05-22,gcrew,noaa_gefs,01,RH_percent_mean,17,86.58370208740234
gep01,00,2026-05-05,2026-05-22,gcrew,noaa_gefs,01,Rain_mm_sum,17,0.10000000149011612
gep01,00,2026-05-05,2026-05-22,gcrew,noaa_gefs,01,ShortwaveRadiation_Wm2,17,329.5
gep01,00,2026-05-05,2026-05-22,gcrew,noaa_gefs,01,WindSpeed_ms_mean,17,3.421951902917886
gep01,00,2026-05-05,2026-05-23,gcrew,noaa_gefs,01,AirTemp_C_mean,18,19.32135925292971
gep01,00,2026-05-05,2026-05-23,gcrew,noaa_gefs,01,Pressure_Pa,18,102091.19140625
gep01,00,2026-05-05,2026-05-23,gcrew,noaa_gefs,01,RH_percent_mean,18,88.211029052734375
gep01,00,2026-05-05,2026-05-23,gcrew,noaa_gefs,01,Rain_mm_sum,18,0.30000000447034836
gep01,00,2026-05-05,2026-05-23,gcrew,noaa_gefs,01,ShortwaveRadiation_Wm2,18,304
gep01,00,2026-05-05,2026-05-23,gcrew,noaa_gefs,01,WindSpeed_ms_mean,18,2.9632516322381934
gep01,00,2026-05-05,2026-05-24,gcrew,noaa_gefs,01,AirTemp_C_mean,19,19.627183532714866
gep01,00,2026-05-05,2026-05-24,gcrew,noaa_gefs,01,Pressure_Pa,19,102131.763671875
gep01,00,2026-05-05,2026-05-24,gcrew,noaa_gefs,01,RH_percent_mean,19,88.8326587677002
gep01,00,2026-05-05,2026-05-24,gcrew,noaa_gefs,01,Rain_mm_sum,19,0.4000000059604645
gep01,00,2026-05-05,2026-05-24,gcrew,noaa_gefs,01,ShortwaveRadiation_Wm2,19,312.75
gep01,00,2026-05-05,2026-05-24,gcrew,noaa_gefs,01,WindSpeed_ms_mean,19,3.353299723512114
gep01,00,2026-05-05,2026-05-25,gcrew,noaa_gefs,01,AirTemp_C_mean,20,22.220193481445335
gep01,00,2026-05-05,2026-05-25,gcrew,noaa_gefs,01,Pressure_Pa,20,101920.87109375
gep01,00,2026-05-05,2026-05-25,gcrew,noaa_gefs,01,RH_percent_mean,20,80.57049751281738
gep01,00,2026-05-05,2026-05-25,gcrew,noaa_gefs,01,Rain_mm_sum,20,0
gep01,00,2026-05-05,2026-05-25,gcrew,noaa_gefs,01,ShortwaveRadiation_Wm2,20,332
gep01,00,2026-05-05,2026-05-25,gcrew,noaa_gefs,01,WindSpeed_ms_mean,20,2.332214280423385
gep01,00,2026-05-05,2026-05-26,gcrew,noaa_gefs,01,AirTemp_C_mean,21,23.644677734375023
gep01,00,2026-05-05,2026-05-26,gcrew,noaa_gefs,01,Pressure_Pa,21,101732.607421875
gep01,00,2026-05-05,2026-05-26,gcrew,noaa_gefs,01,RH_percent_mean,21,77.47503280639648
gep01,00,2026-05-05,2026-05-26,gcrew,noaa_gefs,01,Rain_mm_sum,21,0.30000000447034836
gep01,00,2026-05-05,2026-05-26,gcrew,noaa_gefs,01,ShortwaveRadiation_Wm2,21,329.75
gep01,00,2026-05-05,2026-05-26,gcrew,noaa_gefs,01,WindSpeed_ms_mean,21,3.7429728329099072
gep01,00,2026-05-05,2026-05-27,gcrew,noaa_gefs,01,AirTemp_C_mean,22,21.092683410644554
gep01,00,2026-05-05,2026-05-27,gcrew,noaa_gefs,01,Pressure_Pa,22,101740.51953125
gep01,00,2026-05-05,2026-05-27,gcrew,noaa_gefs,01,RH_percent_mean,22,84.3672924041748
gep01,00,2026-05-05,2026-05-27,gcrew,noaa_gefs,01,Rain_mm_sum,22,0
gep01,00,2026-05-05,2026-05-27,gcrew,noaa_gefs,01,ShortwaveRadiation_Wm2,22,312.5
gep01,00,2026-05-05,2026-05-27,gcrew,noaa_gefs,01,WindSpeed_ms_mean,22,2.700000293540816
gep01,00,2026-05-05,2026-05-28,gcrew,noaa_gefs,01,AirTemp_C_mean,23,23.88488922119143
gep01,00,2026-05-05,2026-05-28,gcrew,noaa_gefs,01,Pressure_Pa,23,101347.58984375
gep01,00,2026-05-05,2026-05-28,gcrew,noaa_gefs,01,RH_percent_mean,23,75.04574775695801
gep01,00,2026-05-05,2026-05-28,gcrew,noaa_gefs,01,Rain_mm_sum,23,0
gep01,00,2026-05-05,2026-05-28,gcrew,noaa_gefs,01,ShortwaveRadiation_Wm2,23,335.5
gep01,00,2026-05-05,2026-05-28,gcrew,noaa_gefs,01,WindSpeed_ms_mean,23,2.335344468510624
gep01,00,2026-05-05,2026-05-29,gcrew,noaa_gefs,01,AirTemp_C_mean,24,24.74714050292971
gep01,00,2026-05-05,2026-05-29,gcrew,noaa_gefs,01,Pressure_Pa,24,101476.5703125
gep01,00,2026-05-05,2026-05-29,gcrew,noaa_gefs,01,RH_percent_mean,24,72.64131832122803
gep01,00,2026-05-05,2026-05-29,gcrew,noaa_gefs,01,Rain_mm_sum,24,0
gep01,00,2026-05-05,2026-05-29,gcrew,noaa_gefs,01,ShortwaveRadiation_Wm2,24,336
gep01,00,2026-05-05,2026-05-29,gcrew,noaa_gefs,01,WindSpeed_ms_mean,24,1.9586284146796837
gep01,00,2026-05-05,2026-05-30,gcrew,noaa_gefs,01,AirTemp_C_mean,25,24.066796875000023
gep01,00,2026-05-05,2026-05-30,gcrew,noaa_gefs,01,Pressure_Pa,25,101384.1875
gep01,00,2026-05-05,2026-05-30,gcrew,noaa_gefs,01,RH_percent_mean,25,71.36553287506104
gep01,00,2026-05-05,2026-05-30,gcrew,noaa_gefs,01,Rain_mm_sum,25,2.100000001490116
gep01,00,2026-05-05,2026-05-30,gcrew,noaa_gefs,01,ShortwaveRadiation_Wm2,25,336.25
gep01,00,2026-05-05,2026-05-30,gcrew,noaa_gefs,01,WindSpeed_ms_mean,25,2.5700304546198396
gep01,00,2026-05-05,2026-05-31,gcrew,noaa_gefs,01,AirTemp_C_mean,26,20.107537841796898
gep01,00,2026-05-05,2026-05-31,gcrew,noaa_gefs,01,Pressure_Pa,26,101421.41015625
gep01,00,2026-05-05,2026-05-31,gcrew,noaa_gefs,01,RH_percent_mean,26,79.97546768188477
gep01,00,2026-05-05,2026-05-31,gcrew,noaa_gefs,01,Rain_mm_sum,26,7.199999928474426
gep01,00,2026-05-05,2026-05-31,gcrew,noaa_gefs,01,ShortwaveRadiation_Wm2,26,204.5
gep01,00,2026-05-05,2026-05-31,gcrew,noaa_gefs,01,WindSpeed_ms_mean,26,4.440413293057745
gep01,00,2026-05-05,2026-06-01,gcrew,noaa_gefs,01,AirTemp_C_mean,27,18.903489685058616
gep01,00,2026-05-05,2026-06-01,gcrew,noaa_gefs,01,Pressure_Pa,27,101613.822265625
gep01,00,2026-05-05,2026-06-01,gcrew,noaa_gefs,01,RH_percent_mean,27,79.74879264831543
gep01,00,2026-05-05,2026-06-01,gcrew,noaa_gefs,01,Rain_mm_sum,27,0.20000000298023224
gep01,00,2026-05-05,2026-06-01,gcrew,noaa_gefs,01,ShortwaveRadiation_Wm2,27,202
gep01,00,2026-05-05,2026-06-01,gcrew,noaa_gefs,01,WindSpeed_ms_mean,27,2.8618370667271793
gep01,00,2026-05-05,2026-06-02,gcrew,noaa_gefs,01,AirTemp_C_mean,28,23.729150390625023
gep01,00,2026-05-05,2026-06-02,gcrew,noaa_gefs,01,Pressure_Pa,28,101406.4609375
gep01,00,2026-05-05,2026-06-02,gcrew,noaa_gefs,01,RH_percent_mean,28,75.83053302764893
gep01,00,2026-05-05,2026-06-02,gcrew,noaa_gefs,01,Rain_mm_sum,28,4.800000190734863
gep01,00,2026-05-05,2026-06-02,gcrew,noaa_gefs,01,ShortwaveRadiation_Wm2,28,303.25
gep01,00,2026-05-05,2026-06-02,gcrew,noaa_gefs,01,WindSpeed_ms_mean,28,5.180342789756921
gep01,00,2026-05-05,2026-06-03,gcrew,noaa_gefs,01,AirTemp_C_mean,29,22.64240417480471
gep01,00,2026-05-05,2026-06-03,gcrew,noaa_gefs,01,Pressure_Pa,29,101480.6875
gep01,00,2026-05-05,2026-06-03,gcrew,noaa_gefs,01,RH_percent_mean,29,91.867095947265625
gep01,00,2026-05-05,2026-06-03,gcrew,noaa_gefs,01,Rain_mm_sum,29,24.700000166893005
gep01,00,2026-05-05,2026-06-03,gcrew,noaa_gefs,01,ShortwaveRadiation_Wm2,29,176
gep01,00,2026-05-05,2026-06-03,gcrew,noaa_gefs,01,WindSpeed_ms_mean,29,2.8103379804635074
gep01,00,2026-05-05,2026-06-04,gcrew,noaa_gefs,01,AirTemp_C_mean,30,21.24726257324221
gep01,00,2026-05-05,2026-06-04,gcrew,noaa_gefs,01,Pressure_Pa,30,100902.5
gep01,00,2026-05-05,2026-06-04,gcrew,noaa_gefs,01,RH_percent_mean,30,94.49777412414551
gep01,00,2026-05-05,2026-06-04,gcrew,noaa_gefs,01,Rain_mm_sum,30,15.800000429153442
gep01,00,2026-05-05,2026-06-04,gcrew,noaa_gefs,01,ShortwaveRadiation_Wm2,30,96
gep01,00,2026-05-05,2026-06-04,gcrew,noaa_gefs,01,WindSpeed_ms_mean,30,3.624733268214592
gep01,00,2026-05-05,2026-06-05,gcrew,noaa_gefs,01,AirTemp_C_mean,31,17.98151550292971
gep01,00,2026-05-05,2026-06-05,gcrew,noaa_gefs,01,Pressure_Pa,31,101233.8671875
gep01,00,2026-05-05,2026-06-05,gcrew,noaa_gefs,01,RH_percent_mean,31,85.09179496765137
gep01,00,2026-05-05,2026-06-05,gcrew,noaa_gefs,01,Rain_mm_sum,31,0
gep01,00,2026-05-05,2026-06-05,gcrew,noaa_gefs,01,ShortwaveRadiation_Wm2,31,204
gep01,00,2026-05-05,2026-06-05,gcrew,noaa_gefs,01,WindSpeed_ms_mean,31,3.6137171777527146
gep01,00,2026-05-05,2026-06-06,gcrew,noaa_gefs,01,AirTemp_C_mean,32,18.68531188964846
gep01,00,2026-05-05,2026-06-06,gcrew,noaa_gefs,01,Pressure_Pa,32,101418.689453125
gep01,00,2026-05-05,2026-06-06,gcrew,noaa_gefs,01,RH_percent_mean,32,90.20104598999023
gep01,00,2026-05-05,2026-06-06,gcrew,noaa_gefs,01,Rain_mm_sum,32,0.30000000447034836
gep01,00,2026-05-05,2026-06-06,gcrew,noaa_gefs,01,ShortwaveRadiation_Wm2,32,107.25
gep01,00,2026-05-05,2026-06-06,gcrew,noaa_gefs,01,WindSpeed_ms_mean,32,3.7730996520469398
gep01,00,2026-05-05,2026-06-07,gcrew,noaa_gefs,01,AirTemp_C_mean,33,24.139627075195335
gep01,00,2026-05-05,2026-06-07,gcrew,noaa_gefs,01,Pressure_Pa,33,100801.1328125
gep01,00,2026-05-05,2026-06-07,gcrew,noaa_gefs,01,RH_percent_mean,33,81.9941577911377
gep01,00,2026-05-05,2026-06-07,gcrew,noaa_gefs,01,Rain_mm_sum,33,12.999999798834324
gep01,00,2026-05-05,2026-06-07,gcrew,noaa_gefs,01,ShortwaveRadiation_Wm2,33,304.5
gep01,00,2026-05-05,2026-06-07,gcrew,noaa_gefs,01,WindSpeed_ms_mean,33,5.214782697026351
gep01,00,2026-05-05,2026-06-08,gcrew,noaa_gefs,01,AirTemp_C_mean,34,26.755662536621116
gep01,00,2026-05-05,2026-06-08,gcrew,noaa_gefs,01,Pressure_Pa,34,100443.1796875
gep01,00,2026-05-05,2026-06-08,gcrew,noaa_gefs,01,RH_percent_mean,34,68.95762729644775
gep01,00,2026-05-05,2026-06-08,gcrew,noaa_gefs,01,Rain_mm_sum,34,0.4000000134110451
gep01,00,2026-05-05,2026-06-08,gcrew,noaa_gefs,01,ShortwaveRadiation_Wm2,34,343
gep01,00,2026-05-05,2026-06-08,gcrew,noaa_gefs,01,WindSpeed_ms_mean,34,4.0934983365823845
gep02,00,2026-05-05,2026-05-06,gcrew,noaa_gefs,02,AirTemp_C_mean,1,18.317830657959007
gep02,00,2026-05-05,2026-05-06,gcrew,noaa_gefs,02,Pressure_Pa,1,100742.3876953125
gep02,00,2026-05-05,2026-05-06,gcrew,noaa_gefs,02,RH_percent_mean,1,73.999520778656
gep02,00,2026-05-05,2026-05-06,gcrew,noaa_gefs,02,Rain_mm_sum,1,2.9600000381469727
gep02,00,2026-05-05,2026-05-06,gcrew,noaa_gefs,02,ShortwaveRadiation_Wm2,1,112.5
gep02,00,2026-05-05,2026-05-06,gcrew,noaa_gefs,02,WindSpeed_ms_mean,1,7.9482961228732085
gep02,00,2026-05-05,2026-05-07,gcrew,noaa_gefs,02,AirTemp_C_mean,2,13.421441650390648
gep02,00,2026-05-05,2026-05-07,gcrew,noaa_gefs,02,Pressure_Pa,2,100609.435546875
gep02,00,2026-05-05,2026-05-07,gcrew,noaa_gefs,02,RH_percent_mean,2,79.55949878692627
gep02,00,2026-05-05,2026-05-07,gcrew,noaa_gefs,02,Rain_mm_sum,2,3.900000110268593
gep02,00,2026-05-05,2026-05-07,gcrew,noaa_gefs,02,ShortwaveRadiation_Wm2,2,80.875
gep02,00,2026-05-05,2026-05-07,gcrew,noaa_gefs,02,WindSpeed_ms_mean,2,3.7877215286509998
gep02,00,2026-05-05,2026-05-08,gcrew,noaa_gefs,02,AirTemp_C_mean,3,13.444238281250023
gep02,00,2026-05-05,2026-05-08,gcrew,noaa_gefs,02,Pressure_Pa,3,101029.4677734375
gep02,00,2026-05-05,2026-05-08,gcrew,noaa_gefs,02,RH_percent_mean,3,59.61912775039673
gep02,00,2026-05-05,2026-05-08,gcrew,noaa_gefs,02,Rain_mm_sum,3,0
gep02,00,2026-05-05,2026-05-08,gcrew,noaa_gefs,02,ShortwaveRadiation_Wm2,3,310.125
gep02,00,2026-05-05,2026-05-08,gcrew,noaa_gefs,02,WindSpeed_ms_mean,3,4.101767998187636
gep02,00,2026-05-05,2026-05-09,gcrew,noaa_gefs,02,AirTemp_C_mean,4,14.683034515380882
gep02,00,2026-05-05,2026-05-09,gcrew,noaa_gefs,02,Pressure_Pa,4,100504.6123046875
gep02,00,2026-05-05,2026-05-09,gcrew,noaa_gefs,02,RH_percent_mean,4,69.38001728057861
gep02,00,2026-05-05,2026-05-09,gcrew,noaa_gefs,02,Rain_mm_sum,4,3.40000007301569
gep02,00,2026-05-05,2026-05-09,gcrew,noaa_gefs,02,ShortwaveRadiation_Wm2,4,223.375
gep02,00,2026-05-05,2026-05-09,gcrew,noaa_gefs,02,WindSpeed_ms_mean,4,6.089498847817228
gep02,00,2026-05-05,2026-05-10,gcrew,noaa_gefs,02,AirTemp_C_mean,5,14.039365386962913
gep02,00,2026-05-05,2026-05-10,gcrew,noaa_gefs,02,Pressure_Pa,5,101038.7626953125
gep02,00,2026-05-05,2026-05-10,gcrew,noaa_gefs,02,RH_percent_mean,5,62.28422451019287
gep02,00,2026-05-05,2026-05-10,gcrew,noaa_gefs,02,Rain_mm_sum,5,0.4000000059604645
gep02,00,2026-05-05,2026-05-10,gcrew,noaa_gefs,02,ShortwaveRadiation_Wm2,5,321.875
gep02,00,2026-05-05,2026-05-10,gcrew,noaa_gefs,02,WindSpeed_ms_mean,5,4.465990950670339
gep02,00,2026-05-05,2026-05-11,gcrew,noaa_gefs,02,AirTemp_C_mean,6,15.007703399658226
gep02,00,2026-05-05,2026-05-11,gcrew,noaa_gefs,02,Pressure_Pa,6,100972.99609375
gep02,00,2026-05-05,2026-05-11,gcrew,noaa_gefs,02,RH_percent_mean,6,83.72281455993652
gep02,00,2026-05-05,2026-05-11,gcrew,noaa_gefs,02,Rain_mm_sum,6,10.500000238418579
gep02,00,2026-05-05,2026-05-11,gcrew,noaa_gefs,02,ShortwaveRadiation_Wm2,6,318.375
gep02,00,2026-05-05,2026-05-11,gcrew,noaa_gefs,02,WindSpeed_ms_mean,6,3.020219501521629
gep02,00,2026-05-05,2026-05-12,gcrew,noaa_gefs,02,AirTemp_C_mean,7,16.333001708984398
gep02,00,2026-05-05,2026-05-12,gcrew,noaa_gefs,02,Pressure_Pa,7,100487.9833984375
gep02,00,2026-05-05,2026-05-12,gcrew,noaa_gefs,02,RH_percent_mean,7,91.72346305847168
gep02,00,2026-05-05,2026-05-12,gcrew,noaa_gefs,02,Rain_mm_sum,7,22.080000452697277
gep02,00,2026-05-05,2026-05-12,gcrew,noaa_gefs,02,ShortwaveRadiation_Wm2,7,141.625
gep02,00,2026-05-05,2026-05-12,gcrew,noaa_gefs,02,WindSpeed_ms_mean,7,4.752930619586684
gep02,00,2026-05-05,2026-05-13,gcrew,noaa_gefs,02,AirTemp_C_mean,8,13.859941101074241
gep02,00,2026-05-05,2026-05-13,gcrew,noaa_gefs,02,Pressure_Pa,8,100950.2314453125
gep02,00,2026-05-05,2026-05-13,gcrew,noaa_gefs,02,RH_percent_mean,8,60.64580154418945
gep02,00,2026-05-05,2026-05-13,gcrew,noaa_gefs,02,Rain_mm_sum,8,0.699999988079071
gep02,00,2026-05-05,2026-05-13,gcrew,noaa_gefs,02,ShortwaveRadiation_Wm2,8,357.5
gep02,00,2026-05-05,2026-05-13,gcrew,noaa_gefs,02,WindSpeed_ms_mean,8,5.016160868788954
gep02,00,2026-05-05,2026-05-14,gcrew,noaa_gefs,02,AirTemp_C_mean,9,13.323288399832611
gep02,00,2026-05-05,2026-05-14,gcrew,noaa_gefs,02,Pressure_Pa,9,101724.66852678571
gep02,00,2026-05-05,2026-05-14,gcrew,noaa_gefs,02,RH_percent_mean,9,54.3447254725865
gep02,00,2026-05-05,2026-05-14,gcrew,noaa_gefs,02,Rain_mm_sum,9,0
gep02,00,2026-05-05,2026-05-14,gcrew,noaa_gefs,02,ShortwaveRadiation_Wm2,9,409.2857142857143
gep02,00,2026-05-05,2026-05-14,gcrew,noaa_gefs,02,WindSpeed_ms_mean,9,4.204724101810366
gep02,00,2026-05-05,2026-05-15,gcrew,noaa_gefs,02,AirTemp_C_mean,10,13.895341491699241
gep02,00,2026-05-05,2026-05-15,gcrew,noaa_gefs,02,Pressure_Pa,10,101770.98828125
gep02,00,2026-05-05,2026-05-15,gcrew,noaa_gefs,02,RH_percent_mean,10,59.39558792114258
gep02,00,2026-05-05,2026-05-15,gcrew,noaa_gefs,02,Rain_mm_sum,10,0
gep02,00,2026-05-05,2026-05-15,gcrew,noaa_gefs,02,ShortwaveRadiation_Wm2,10,329.5
gep02,00,2026-05-05,2026-05-15,gcrew,noaa_gefs,02,WindSpeed_ms_mean,10,4.301648184988208
gep02,00,2026-05-05,2026-05-16,gcrew,noaa_gefs,02,AirTemp_C_mean,11,12.16132507324221
gep02,00,2026-05-05,2026-05-16,gcrew,noaa_gefs,02,Pressure_Pa,11,101347.048828125
gep02,00,2026-05-05,2026-05-16,gcrew,noaa_gefs,02,RH_percent_mean,11,85.79068565368652
gep02,00,2026-05-05,2026-05-16,gcrew,noaa_gefs,02,Rain_mm_sum,11,3.5000000596046448
gep02,00,2026-05-05,2026-05-16,gcrew,noaa_gefs,02,ShortwaveRadiation_Wm2,11,57.25
gep02,00,2026-05-05,2026-05-16,gcrew,noaa_gefs,02,WindSpeed_ms_mean,11,3.5957713274021446
gep02,00,2026-05-05,2026-05-17,gcrew,noaa_gefs,02,AirTemp_C_mean,12,12.39740905761721
gep02,00,2026-05-05,2026-05-17,gcrew,noaa_gefs,02,Pressure_Pa,12,101498.666015625
gep02,00,2026-05-05,2026-05-17,gcrew,noaa_gefs,02,RH_percent_mean,12,85.35811996459961
gep02,00,2026-05-05,2026-05-17,gcrew,noaa_gefs,02,Rain_mm_sum,12,12.600000239908695
gep02,00,2026-05-05,2026-05-17,gcrew,noaa_gefs,02,ShortwaveRadiation_Wm2,12,68.75
gep02,00,2026-05-05,2026-05-17,gcrew,noaa_gefs,02,WindSpeed_ms_mean,12,4.4423147677144765
gep02,00,2026-05-05,2026-05-18,gcrew,noaa_gefs,02,AirTemp_C_mean,13,12.796853637695335
gep02,00,2026-05-05,2026-05-18,gcrew,noaa_gefs,02,Pressure_Pa,13,102275.958984375
gep02,00,2026-05-05,2026-05-18,gcrew,noaa_gefs,02,RH_percent_mean,13,75.41705131530762
gep02,00,2026-05-05,2026-05-18,gcrew,noaa_gefs,02,Rain_mm_sum,13,3.5000000968575478
gep02,00,2026-05-05,2026-05-18,gcrew,noaa_gefs,02,ShortwaveRadiation_Wm2,13,67.25
gep02,00,2026-05-05,2026-05-18,gcrew,noaa_gefs,02,WindSpeed_ms_mean,13,4.947630717288071
gep02,00,2026-05-05,2026-05-19,gcrew,noaa_gefs,02,AirTemp_C_mean,14,15.980165100097679
gep02,00,2026-05-05,2026-05-19,gcrew,noaa_gefs,02,Pressure_Pa,14,101818.97265625
gep02,00,2026-05-05,2026-05-19,gcrew,noaa_gefs,02,RH_percent_mean,14,94.8867244720459
gep02,00,2026-05-05,2026-05-19,gcrew,noaa_gefs,02,Rain_mm_sum,14,13.600000202655792
gep02,00,2026-05-05,2026-05-19,gcrew,noaa_gefs,02,ShortwaveRadiation_Wm2,14,56.75
gep02,00,2026-05-05,2026-05-19,gcrew,noaa_gefs,02,WindSpeed_ms_mean,14,5.998326923740712
gep02,00,2026-05-05,2026-05-20,gcrew,noaa_gefs,02,AirTemp_C_mean,15,16.34876403808596
gep02,00,2026-05-05,2026-05-20,gcrew,noaa_gefs,02,Pressure_Pa,15,101606.828125
gep02,00,2026-05-05,2026-05-20,gcrew,noaa_gefs,02,RH_percent_mean,15,89.96279335021973
gep02,00,2026-05-05,2026-05-20,gcrew,noaa_gefs,02,Rain_mm_sum,15,0.9000000283122063
gep02,00,2026-05-05,2026-05-20,gcrew,noaa_gefs,02,ShortwaveRadiation_Wm2,15,66.75
gep02,00,2026-05-05,2026-05-20,gcrew,noaa_gefs,02,WindSpeed_ms_mean,15,5.274919119101563
gep02,00,2026-05-05,2026-05-21,gcrew,noaa_gefs,02,AirTemp_C_mean,16,17.079988098144554
gep02,00,2026-05-05,2026-05-21,gcrew,noaa_gefs,02,Pressure_Pa,16,101430.228515625
gep02,00,2026-05-05,2026-05-21,gcrew,noaa_gefs,02,RH_percent_mean,16,92.32025718688965
gep02,00,2026-05-05,2026-05-21,gcrew,noaa_gefs,02,Rain_mm_sum,16,3.6000001206994057
gep02,00,2026-05-05,2026-05-21,gcrew,noaa_gefs,02,ShortwaveRadiation_Wm2,16,134.75
gep02,00,2026-05-05,2026-05-21,gcrew,noaa_gefs,02,WindSpeed_ms_mean,16,4.749984768270614
gep02,00,2026-05-05,2026-05-22,gcrew,noaa_gefs,02,AirTemp_C_mean,17,19.45788726806643
gep02,00,2026-05-05,2026-05-22,gcrew,noaa_gefs,02,Pressure_Pa,17,101787.37109375
gep02,00,2026-05-05,2026-05-22,gcrew,noaa_gefs,02,RH_percent_mean,17,86.58370208740234
gep02,00,2026-05-05,2026-05-22,gcrew,noaa_gefs,02,Rain_mm_sum,17,0.10000000149011612
gep02,00,2026-05-05,2026-05-22,gcrew,noaa_gefs,02,ShortwaveRadiation_Wm2,17,329.5
gep02,00,2026-05-05,2026-05-22,gcrew,noaa_gefs,02,WindSpeed_ms_mean,17,3.421951902917886
gep02,00,2026-05-05,2026-05-23,gcrew,noaa_gefs,02,AirTemp_C_mean,18,19.32135925292971
gep02,00,2026-05-05,2026-05-23,gcrew,noaa_gefs,02,Pressure_Pa,18,102091.19140625
gep02,00,2026-05-05,2026-05-23,gcrew,noaa_gefs,02,RH_percent_mean,18,88.211029052734375
gep02,00,2026-05-05,2026-05-23,gcrew,noaa_gefs,02,Rain_mm_sum,18,0.30000000447034836
gep02,00,2026-05-05,2026-05-23,gcrew,noaa_gefs,02,ShortwaveRadiation_Wm2,18,304
gep02,00,2026-05-05,2026-05-23,gcrew,noaa_gefs,02,WindSpeed_ms_mean,18,2.9632516322381934
gep02,00,2026-05-05,2026-05-24,gcrew,noaa_gefs,02,AirTemp_C_mean,19,19.627183532714866
gep02,00,2026-05-05,2026-05-24,gcrew,noaa_gefs,02,Pressure_Pa,19,102131.763671875
gep02,00,2026-05-05,2026-05-24,gcrew,noaa_gefs,02,RH_percent_mean,19,88.8326587677002
gep02,00,2026-05-05,2026-05-24,gcrew,noaa_gefs,02,Rain_mm_sum,19,0.4000000059604645
gep02,00,2026-05-05,2026-05-24,gcrew,noaa_gefs,02,ShortwaveRadiation_Wm2,19,312.75
gep02,00,2026-05-05,2026-05-24,gcrew,noaa_gefs,02,WindSpeed_ms_mean,19,3.353299723512114
gep02,00,2026-05-05,2026-05-25,gcrew,noaa_gefs,02,AirTemp_C_mean,20,22.220193481445335
gep02,00,2026-05-05,2026-05-25,gcrew,noaa_gefs,02,Pressure_Pa,20,101920.87109375
gep02,00,2026-05-05,2026-05-25,gcrew,noaa_gefs,02,RH_percent_mean,20,80.57049751281738
gep02,00,2026-05-05,2026-05-25,gcrew,noaa_gefs,02,Rain_mm_sum,20,0
gep02,00,2026-05-05,2026-05-25,gcrew,noaa_gefs,02,ShortwaveRadiation_Wm2,20,332
gep02,00,2026-05-05,2026-05-25,gcrew,noaa_gefs,02,WindSpeed_ms_mean,20,2.332214280423385
gep02,00,2026-05-05,2026-05-26,gcrew,noaa_gefs,02,AirTemp_C_mean,21,23.644677734375023
gep02,00,2026-05-05,2026-05-26,gcrew,noaa_gefs,02,Pressure_Pa,21,101732.607421875
gep02,00,2026-05-05,2026-05-26,gcrew,noaa_gefs,02,RH_percent_mean,21,77.47503280639648
gep02,00,2026-05-05,2026-05-26,gcrew,noaa_gefs,02,Rain_mm_sum,21,0.30000000447034836
gep02,00,2026-05-05,2026-05-26,gcrew,noaa_gefs,02,ShortwaveRadiation_Wm2,21,329.75
gep02,00,2026-05-05,2026-05-26,gcrew,noaa_gefs,02,WindSpeed_ms_mean,21,3.7429728329099072
gep02,00,2026-05-05,2026-05-27,gcrew,noaa_gefs,02,AirTemp_C_mean,22,21.092683410644554
gep02,00,2026-05-05,2026-05-27,gcrew,noaa_gefs,02,Pressure_Pa,22,101740.51953125
gep02,00,2026-05-05,2026-05-27,gcrew,noaa_gefs,02,RH_percent_mean,22,84.3672924041748
gep02,00,2026-05-05,2026-05-27,gcrew,noaa_gefs,02,Rain_mm_sum,22,0
gep02,00,2026-05-05,2026-05-27,gcrew,noaa_gefs,02,ShortwaveRadiation_Wm2,22,312.5
gep02,00,2026-05-05,2026-05-27,gcrew,noaa_gefs,02,WindSpeed_ms_mean,22,2.700000293540816
gep02,00,2026-05-05,2026-05-28,gcrew,noaa_gefs,02,AirTemp_C_mean,23,23.88488922119143
gep02,00,2026-05-05,2026-05-28,gcrew,noaa_gefs,02,Pressure_Pa,23,101347.58984375
gep02,00,2026-05-05,2026-05-28,gcrew,noaa_gefs,02,RH_percent_mean,23,75.04574775695801
gep02,00,2026-05-05,2026-05-28,gcrew,noaa_gefs,02,Rain_mm_sum,23,0
gep02,00,2026-05-05,2026-05-28,gcrew,noaa_gefs,02,ShortwaveRadiation_Wm2,23,335.5
gep02,00,2026-05-05,2026-05-28,gcrew,noaa_gefs,02,WindSpeed_ms_mean,23,2.335344468510624
gep02,00,2026-05-05,2026-05-29,gcrew,noaa_gefs,02,AirTemp_C_mean,24,24.74714050292971
gep02,00,2026-05-05,2026-05-29,gcrew,noaa_gefs,02,Pressure_Pa,24,101476.5703125
gep02,00,2026-05-05,2026-05-29,gcrew,noaa_gefs,02,RH_percent_mean,24,72.64131832122803
gep02,00,2026-05-05,2026-05-29,gcrew,noaa_gefs,02,Rain_mm_sum,24,0
gep02,00,2026-05-05,2026-05-29,gcrew,noaa_gefs,02,ShortwaveRadiation_Wm2,24,336
gep02,00,2026-05-05,2026-05-29,gcrew,noaa_gefs,02,WindSpeed_ms_mean,24,1.9586284146796837
gep02,00,2026-05-05,2026-05-30,gcrew,noaa_gefs,02,AirTemp_C_mean,25,24.066796875000023
gep02,00,2026-05-05,2026-05-30,gcrew,noaa_gefs,02,Pressure_Pa,25,101384.1875
gep02,00,2026-05-05,2026-05-30,gcrew,noaa_gefs,02,RH_percent_mean,25,71.36553287506104
gep02,00,2026-05-05,2026-05-30,gcrew,noaa_gefs,02,Rain_mm_sum,25,2.100000001490116
gep02,00,2026-05-05,2026-05-30,gcrew,noaa_gefs,02,ShortwaveRadiation_Wm2,25,336.25
gep02,00,2026-05-05,2026-05-30,gcrew,noaa_gefs,02,WindSpeed_ms_mean,25,2.5700304546198396
gep02,00,2026-05-05,2026-05-31,gcrew,noaa_gefs,02,AirTemp_C_mean,26,20.107537841796898
gep02,00,2026-05-05,2026-05-31,gcrew,noaa_gefs,02,Pressure_Pa,26,101421.41015625
gep02,00,2026-05-05,2026-05-31,gcrew,noaa_gefs,02,RH_percent_mean,26,79.97546768188477
gep02,00,2026-05-05,2026-05-31,gcrew,noaa_gefs,02,Rain_mm_sum,26,7.199999928474426
gep02,00,2026-05-05,2026-05-31,gcrew,noaa_gefs,02,ShortwaveRadiation_Wm2,26,204.5
gep02,00,2026-05-05,2026-05-31,gcrew,noaa_gefs,02,WindSpeed_ms_mean,26,4.440413293057745
gep02,00,2026-05-05,2026-06-01,gcrew,noaa_gefs,02,AirTemp_C_mean,27,18.903489685058616
gep02,00,2026-05-05,2026-06-01,gcrew,noaa_gefs,02,Pressure_Pa,27,101613.822265625
gep02,00,2026-05-05,2026-06-01,gcrew,noaa_gefs,02,RH_percent_mean,27,79.74879264831543
gep02,00,2026-05-05,2026-06-01,gcrew,noaa_gefs,02,Rain_mm_sum,27,0.20000000298023224
gep02,00,2026-05-05,2026-06-01,gcrew,noaa_gefs,02,ShortwaveRadiation_Wm2,27,202
gep02,00,2026-05-05,2026-06-01,gcrew,noaa_gefs,02,WindSpeed_ms_mean,27,2.8618370667271793
gep02,00,2026-05-05,2026-06-02,gcrew,noaa_gefs,02,AirTemp_C_mean,28,23.729150390625023
gep02,00,2026-05-05,2026-06-02,gcrew,noaa_gefs,02,Pressure_Pa,28,101406.4609375
gep02,00,2026-05-05,2026-06-02,gcrew,noaa_gefs,02,RH_percent_mean,28,75.83053302764893
gep02,00,2026-05-05,2026-06-02,gcrew,noaa_gefs,02,Rain_mm_sum,28,4.800000190734863
gep02,00,2026-05-05,2026-06-02,gcrew,noaa_gefs,02,ShortwaveRadiation_Wm2,28,303.25
gep02,00,2026-05-05,2026-06-02,gcrew,noaa_gefs,02,WindSpeed_ms_mean,28,5.180342789756921
gep02,00,2026-05-05,2026-06-03,gcrew,noaa_gefs,02,AirTemp_C_mean,29,22.64240417480471
gep02,00,2026-05-05,2026-06-03,gcrew,noaa_gefs,02,Pressure_Pa,29,101480.6875
gep02,00,2026-05-05,2026-06-03,gcrew,noaa_gefs,02,RH_percent_mean,29,91.867095947265625
gep02,00,2026-05-05,2026-06-03,gcrew,noaa_gefs,02,Rain_mm_sum,29,24.700000166893005
gep02,00,2026-05-05,2026-06-03,gcrew,noaa_gefs,02,ShortwaveRadiation_Wm2,29,176
gep02,00,2026-05-05,2026-06-03,gcrew,noaa_gefs,02,WindSpeed_ms_mean,29,2.8103379804635074
gep02,00,2026-05-05,2026-06-04,gcrew,noaa_gefs,02,AirTemp_C_mean,30,21.24726257324221
gep02,00,2026-05-05,2026-06-04,gcrew,noaa_gefs,02,Pressure_Pa,30,100902.5
gep02,00,2026-05-05,2026-06-04,gcrew,noaa_gefs,02,RH_percent_mean,30,94.49777412414551
gep02,00,2026-05-05,2026-06-04,gcrew,noaa_gefs,02,Rain_mm_sum,30,15.800000429153442
gep02,00,2026-05-05,2026-06-04,gcrew,noaa_gefs,02,ShortwaveRadiation_Wm2,30,96
gep02,00,2026-05-05,2026-06-04,gcrew,noaa_gefs,02,WindSpeed_ms_mean,30,3.624733268214592
gep02,00,2026-05-05,2026-06-05,gcrew,noaa_gefs,02,AirTemp_C_mean,31,17.98151550292971
gep02,00,2026-05-05,2026-06-05,gcrew,noaa_gefs,02,Pressure_Pa,31,101233.8671875
gep02,00,2026-05-05,2026-06-05,gcrew,noaa_gefs,02,RH_percent_mean,31,85.09179496765137
gep02,00,2026-05-05,2026-06-05,gcrew,noaa_gefs,02,Rain_mm_sum,31,0
gep02,00,2026-05-05,2026-06-05,gcrew,noaa_gefs,02,ShortwaveRadiation_Wm2,31,204
gep02,00,2026-05-05,2026-06-05,gcrew,noaa_gefs,02,WindSpeed_ms_mean,31,3.6137171777527146
gep02,00,2026-05-05,2026-06-06,gcrew,noaa_gefs,02,AirTemp_C_mean,32,18.68531188964846
gep02,00,2026-05-05,2026-06-06,gcrew,noaa_gefs,02,Pressure_Pa,32,101418.689453125
gep02,00,2026-05-05,2026-06-06,gcrew,noaa_gefs,02,RH_percent_mean,32,90.20104598999023
gep02,00,2026-05-05,2026-06-06,gcrew,noaa_gefs,02,Rain_mm_sum,32,0.30000000447034836
gep02,00,2026-05-05,2026-06-06,gcrew,noaa_gefs,02,ShortwaveRadiation_Wm2,32,107.25
gep02,00,2026-05-05,2026-06-06,gcrew,noaa_gefs,02,WindSpeed_ms_mean,32,3.7730996520469398
gep02,00,2026-05-05,2026-06-07,gcrew,noaa_gefs,02,AirTemp_C_mean,33,24.139627075195335
gep02,00,2026-05-05,2026-06-07,gcrew,noaa_gefs,02,Pressure_Pa,33,100801.1328125
gep02,00,2026-05-05,2026-06-07,gcrew,noaa_gefs,02,RH_percent_mean,33,81.9941577911377
gep02,00,2026-05-05,2026-06-07,gcrew,noaa_gefs,02,Rain_mm_sum,33,12.999999798834324
gep02,00,2026-05-05,2026-06-07,gcrew,noaa_gefs,02,ShortwaveRadiation_Wm2,33,304.5
gep02,00,2026-05-05,2026-06-07,gcrew,noaa_gefs,02,WindSpeed_ms_mean,33,5.214782697026351
gep02,00,2026-05-05,2026-06-08,gcrew,noaa_gefs,02,AirTemp_C_mean,34,26.755662536621116
gep02,00,2026-05-05,2026-06-08,gcrew,noaa_gefs,02,Pressure_Pa,34,100443.1796875
gep02,00,2026-05-05,2026-06-08,gcrew,noaa_gefs,02,RH_percent_mean,34,68.95762729644775
gep02,00,2026-05-05,2026-06-08,gcrew,noaa_gefs,02,Rain_mm_sum,34,0.4000000134110451
gep02,00,2026-05-05,2026-06-08,gcrew,noaa_gefs,02,ShortwaveRadiation_Wm2,34,343
gep02,00,2026-05-05,2026-06-08,gcrew,noaa_gefs,02,WindSpeed_ms_mean,34,4.0934983365823845
gep03,00,2026-05-05,2026-05-06,gcrew,noaa_gefs,03,AirTemp_C_mean,1,18.317830657959007
gep03,00,2026-05-05,2026-05-06,gcrew,noaa_gefs,03,Pressure_Pa,1,100742.3876953125
gep03,00,2026-05-05,2026-05-06,gcrew,noaa_gefs,03,RH_percent_mean,1,73.999520778656
gep03,00,2026-05-05,2026-05-06,gcrew,noaa_gefs,03,Rain_mm_sum,1,2.9600000381469727
gep03,00,2026-05-05,2026-05-06,gcrew,noaa_gefs,03,ShortwaveRadiation_Wm2,1,112.5
gep03,00,2026-05-05,2026-05-06,gcrew,noaa_gefs,03,WindSpeed_ms_mean,1,7.9482961228732085
gep03,00,2026-05-05,2026-05-07,gcrew,noaa_gefs,03,AirTemp_C_mean,2,13.421441650390648
gep03,00,2026-05-05,2026-05-07,gcrew,noaa_gefs,03,Pressure_Pa,2,100609.435546875
gep03,00,2026-05-05,2026-05-07,gcrew,noaa_gefs,03,RH_percent_mean,2,79.55949878692627
gep03,00,2026-05-05,2026-05-07,gcrew,noaa_gefs,03,Rain_mm_sum,2,3.900000110268593
gep03,00,2026-05-05,2026-05-07,gcrew,noaa_gefs,03,ShortwaveRadiation_Wm2,2,80.875
gep03,00,2026-05-05,2026-05-07,gcrew,noaa_gefs,03,WindSpeed_ms_mean,2,3.7877215286509998
gep03,00,2026-05-05,2026-05-08,gcrew,noaa_gefs,03,AirTemp_C_mean,3,13.444238281250023
gep03,00,2026-05-05,2026-05-08,gcrew,noaa_gefs,03,Pressure_Pa,3,101029.4677734375
gep03,00,2026-05-05,2026-05-08,gcrew,noaa_gefs,03,RH_percent_mean,3,59.61912775039673
gep03,00,2026-05-05,2026-05-08,gcrew,noaa_gefs,03,Rain_mm_sum,3,0
gep03,00,2026-05-05,2026-05-08,gcrew,noaa_gefs,03,ShortwaveRadiation_Wm2,3,310.125
gep03,00,2026-05-05,2026-05-08,gcrew,noaa_gefs,03,WindSpeed_ms_mean,3,4.101767998187636
gep03,00,2026-05-05,2026-05-09,gcrew,noaa_gefs,03,AirTemp_C_mean,4,14.683034515380882
gep03,00,2026-05-05,2026-05-09,gcrew,noaa_gefs,03,Pressure_Pa,4,100504.6123046875
gep03,00,2026-05-05,2026-05-09,gcrew,noaa_gefs,03,RH_percent_mean,4,69.38001728057861
gep03,00,2026-05-05,2026-05-09,gcrew,noaa_gefs,03,Rain_mm_sum,4,3.40000007301569
gep03,00,2026-05-05,2026-05-09,gcrew,noaa_gefs,03,ShortwaveRadiation_Wm2,4,223.375
gep03,00,2026-05-05,2026-05-09,gcrew,noaa_gefs,03,WindSpeed_ms_mean,4,6.089498847817228
gep03,00,2026-05-05,2026-05-10,gcrew,noaa_gefs,03,AirTemp_C_mean,5,14.039365386962913
gep03,00,2026-05-05,2026-05-10,gcrew,noaa_gefs,03,Pressure_Pa,5,101038.7626953125
gep03,00,2026-05-05,2026-05-10,gcrew,noaa_gefs,03,RH_percent_mean,5,62.28422451019287
gep03,00,2026-05-05,2026-05-10,gcrew,noaa_gefs,03,Rain_mm_sum,5,0.4000000059604645
gep03,00,2026-05-05,2026-05-10,gcrew,noaa_gefs,03,ShortwaveRadiation_Wm2,5,321.875
gep03,00,2026-05-05,2026-05-10,gcrew,noaa_gefs,03,WindSpeed_ms_mean,5,4.465990950670339
gep03,00,2026-05-05,2026-05-11,gcrew,noaa_gefs,03,AirTemp_C_mean,6,15.007703399658226
gep03,00,2026-05-05,2026-05-11,gcrew,noaa_gefs,03,Pressure_Pa,6,100972.99609375
gep03,00,2026-05-05,2026-05-11,gcrew,noaa_gefs,03,RH_percent_mean,6,83.72281455993652
gep03,00,2026-05-05,2026-05-11,gcrew,noaa_gefs,03,Rain_mm_sum,6,10.500000238418579
gep03,00,2026-05-05,2026-05-11,gcrew,noaa_gefs,03,ShortwaveRadiation_Wm2,6,318.375
gep03,00,2026-05-05,2026-05-11,gcrew,noaa_gefs,03,WindSpeed_ms_mean,6,3.020219501521629
gep03,00,2026-05-05,2026-05-12,gcrew,noaa_gefs,03,AirTemp_C_mean,7,16.333001708984398
gep03,00,2026-05-05,2026-05-12,gcrew,noaa_gefs,03,Pressure_Pa,7,100487.9833984375
gep03,00,2026-05-05,2026-05-12,gcrew,noaa_gefs,03,RH_percent_mean,7,91.72346305847168
gep03,00,2026-05-05,2026-05-12,gcrew,noaa_gefs,03,Rain_mm_sum,7,22.080000452697277
gep03,00,2026-05-05,2026-05-12,gcrew,noaa_gefs,03,ShortwaveRadiation_Wm2,7,141.625
gep03,00,2026-05-05,2026-05-12,gcrew,noaa_gefs,03,WindSpeed_ms_mean,7,4.752930619586684
gep03,00,2026-05-05,2026-05-13,gcrew,noaa_gefs,03,AirTemp_C_mean,8,13.859941101074241
gep03,00,2026-05-05,2026-05-13,gcrew,noaa_gefs,03,Pressure_Pa,8,100950.2314453125
gep03,00,2026-05-05,2026-05-13,gcrew,noaa_gefs,03,RH_percent_mean,8,60.64580154418945
gep03,00,2026-05-05,2026-05-13,gcrew,noaa_gefs,03,Rain_mm_sum,8,0.699999988079071
gep03,00,2026-05-05,2026-05-13,gcrew,noaa_gefs,03,ShortwaveRadiation_Wm2,8,357.5
gep03,00,2026-05-05,2026-05-13,gcrew,noaa_gefs,03,WindSpeed_ms_mean,8,5.016160868788954
gep03,00,2026-05-05,2026-05-14,gcrew,noaa_gefs,03,AirTemp_C_mean,9,13.323288399832611
gep03,00,2026-05-05,2026-05-14,gcrew,noaa_gefs,03,Pressure_Pa,9,101724.66852678571
gep03,00,2026-05-05,2026-05-14,gcrew,noaa_gefs,03,RH_percent_mean,9,54.3447254725865
gep03,00,2026-05-05,2026-05-14,gcrew,noaa_gefs,03,Rain_mm_sum,9,0
gep03,00,2026-05-05,2026-05-14,gcrew,noaa_gefs,03,ShortwaveRadiation_Wm2,9,409.2857142857143
gep03,00,2026-05-05,2026-05-14,gcrew,noaa_gefs,03,WindSpeed_ms_mean,9,4.204724101810366
gep03,00,2026-05-05,2026-05-15,gcrew,noaa_gefs,03,AirTemp_C_mean,10,13.895341491699241
gep03,00,2026-05-05,2026-05-15,gcrew,noaa_gefs,03,Pressure_Pa,10,101770.98828125
gep03,00,2026-05-05,2026-05-15,gcrew,noaa_gefs,03,RH_percent_mean,10,59.39558792114258
gep03,00,2026-05-05,2026-05-15,gcrew,noaa_gefs,03,Rain_mm_sum,10,0
gep03,00,2026-05-05,2026-05-15,gcrew,noaa_gefs,03,ShortwaveRadiation_Wm2,10,329.5
gep03,00,2026-05-05,2026-05-15,gcrew,noaa_gefs,03,WindSpeed_ms_mean,10,4.301648184988208
gep03,00,2026-05-05,2026-05-16,gcrew,noaa_gefs,03,AirTemp_C_mean,11,12.16132507324221
gep03,00,2026-05-05,2026-05-16,gcrew,noaa_gefs,03,Pressure_Pa,11,101347.048828125
gep03,00,2026-05-05,2026-05-16,gcrew,noaa_gefs,03,RH_percent_mean,11,85.79068565368652
gep03,00,2026-05-05,2026-05-16,gcrew,noaa_gefs,03,Rain_mm_sum,11,3.5000000596046448
gep03,00,2026-05-05,2026-05-16,gcrew,noaa_gefs,03,ShortwaveRadiation_Wm2,11,57.25
gep03,00,2026-05-05,2026-05-16,gcrew,noaa_gefs,03,WindSpeed_ms_mean,11,3.5957713274021446
gep03,00,2026-05-05,2026-05-17,gcrew,noaa_gefs,03,AirTemp_C_mean,12,12.39740905761721
gep03,00,2026-05-05,2026-05-17,gcrew,noaa_gefs,03,Pressure_Pa,12,101498.666015625
gep03,00,2026-05-05,2026-05-17,gcrew,noaa_gefs,03,RH_percent_mean,12,85.35811996459961
gep03,00,2026-05-05,2026-05-17,gcrew,noaa_gefs,03,Rain_mm_sum,12,12.600000239908695
gep03,00,2026-05-05,2026-05-17,gcrew,noaa_gefs,03,ShortwaveRadiation_Wm2,12,68.75
gep03,00,2026-05-05,2026-05-17,gcrew,noaa_gefs,03,WindSpeed_ms_mean,12,4.4423147677144765
gep03,00,2026-05-05,2026-05-18,gcrew,noaa_gefs,03,AirTemp_C_mean,13,12.796853637695335
gep03,00,2026-05-05,2026-05-18,gcrew,noaa_gefs,03,Pressure_Pa,13,102275.958984375
gep03,00,2026-05-05,2026-05-18,gcrew,noaa_gefs,03,RH_percent_mean,13,75.41705131530762
gep03,00,2026-05-05,2026-05-18,gcrew,noaa_gefs,03,Rain_mm_sum,13,3.5000000968575478
gep03,00,2026-05-05,2026-05-18,gcrew,noaa_gefs,03,ShortwaveRadiation_Wm2,13,67.25
gep03,00,2026-05-05,2026-05-18,gcrew,noaa_gefs,03,WindSpeed_ms_mean,13,4.947630717288071
gep03,00,2026-05-05,2026-05-19,gcrew,noaa_gefs,03,AirTemp_C_mean,14,15.980165100097679
gep03,00,2026-05-05,2026-05-19,gcrew,noaa_gefs,03,Pressure_Pa,14,101818.97265625
gep03,00,2026-05-05,2026-05-19,gcrew,noaa_gefs,03,RH_percent_mean,14,94.8867244720459
gep03,00,2026-05-05,2026-05-19,gcrew,noaa_gefs,03,Rain_mm_sum,14,13.600000202655792
gep03,00,2026-05-05,2026-05-19,gcrew,noaa_gefs,03,ShortwaveRadiation_Wm2,14,56.75
gep03,00,2026-05-05,2026-05-19,gcrew,noaa_gefs,03,WindSpeed_ms_mean,14,5.998326923740712
gep03,00,2026-05-05,2026-05-20,gcrew,noaa_gefs,03,AirTemp_C_mean,15,16.34876403808596
gep03,00,2026-05-05,2026-05-20,gcrew,noaa_gefs,03,Pressure_Pa,15,101606.828125
gep03,00,2026-05-05,2026-05-20,gcrew,noaa_gefs,03,RH_percent_mean,15,89.96279335021973
gep03,00,2026-05-05,2026-05-20,gcrew,noaa_gefs,03,Rain_mm_sum,15,0.9000000283122063
gep03,00,2026-05-05,2026-05-20,gcrew,noaa_gefs,03,ShortwaveRadiation_Wm2,15,66.75
gep03,00,2026-05-05,2026-05-20,gcrew,noaa_gefs,03,WindSpeed_ms_mean,15,5.274919119101563
gep03,00,2026-05-05,2026-05-21,gcrew,noaa_gefs,03,AirTemp_C_mean,16,17.079988098144554
gep03,00,2026-05-05,2026-05-21,gcrew,noaa_gefs,03,Pressure_Pa,16,101430.228515625
gep03,00,2026-05-05,2026-05-21,gcrew,noaa_gefs,03,RH_percent_mean,16,92.32025718688965
gep03,00,2026-05-05,2026-05-21,gcrew,noaa_gefs,03,Rain_mm_sum,16,3.6000001206994057
gep03,00,2026-05-05,2026-05-21,gcrew,noaa_gefs,03,ShortwaveRadiation_Wm2,16,134.75
gep03,00,2026-05-05,2026-05-21,gcrew,noaa_gefs,03,WindSpeed_ms_mean,16,4.749984768270614
gep03,00,2026-05-05,2026-05-22,gcrew,noaa_gefs,03,AirTemp_C_mean,17,19.45788726806643
gep03,00,2026-05-05,2026-05-22,gcrew,noaa_gefs,03,Pressure_Pa,17,101787.37109375
gep03,00,2026-05-05,2026-05-22,gcrew,noaa_gefs,03,RH_percent_mean,17,86.58370208740234
gep03,00,2026-05-05,2026-05-22,gcrew,noaa_gefs,03,Rain_mm_sum,17,0.10000000149011612
gep03,00,2026-05-05,2026-05-22,gcrew,noaa_gefs,03,ShortwaveRadiation_Wm2,17,329.5
gep03,00,2026-05-05,2026-05-22,gcrew,noaa_gefs,03,WindSpeed_ms_mean,17,3.421951902917886
gep03,00,2026-05-05,2026-05-23,gcrew,noaa_gefs,03,AirTemp_C_mean,18,19.32135925292971
gep03,00,2026-05-05,2026-05-23,gcrew,noaa_gefs,03,Pressure_Pa,18,102091.19140625
gep03,00,2026-05-05,2026-05-23,gcrew,noaa_gefs,03,RH_percent_mean,18,88.211029052734375
gep03,00,2026-05-05,2026-05-23,gcrew,noaa_gefs,03,Rain_mm_sum,18,0.30000000447034836
gep03,00,2026-05-05,2026-05-23,gcrew,noaa_gefs,03,ShortwaveRadiation_Wm2,18,304
gep03,00,2026-05-05,2026-05-23,gcrew,noaa_gefs,03,WindSpeed_ms_mean,18,2.9632516322381934
gep03,00,2026-05-05,2026-05-24,gcrew,noaa_gefs,03,AirTemp_C_mean,19,19.627183532714866
gep03,00,2026-05-05,2026-05-24,gcrew,noaa_gefs,03,Pressure_Pa,19,102131.763671875
gep03,00,2026-05-05,2026-05-24,gcrew,noaa_gefs,03,RH_percent_mean,19,88.8326587677002
gep03,00,2026-05-05,2026-05-24,gcrew,noaa_gefs,03,Rain_mm_sum,19,0.4000000059604645
gep03,00,2026-05-05,2026-05-24,gcrew,noaa_gefs,03,ShortwaveRadiation_Wm2,19,312.75
gep03,00,2026-05-05,2026-05-24,gcrew,noaa_gefs,03,WindSpeed_ms_mean,19,3.353299723512114
gep03,00,2026-05-05,2026-05-25,gcrew,noaa_gefs,03,AirTemp_C_mean,20,22.220193481445335
gep03,00,2026-05-05,2026-05-25,gcrew,noaa_gefs,03,Pressure_Pa,20,101920.87109375
gep03,00,2026-05-05,2026-05-25,gcrew,noaa_gefs,03,RH_percent_mean,20,80.57049751281738
gep03,00,2026-05-05,2026-05-25,gcrew,noaa_gefs,03,Rain_mm_sum,20,0
gep03,00,2026-05-05,2026-05-25,gcrew,noaa_gefs,03,ShortwaveRadiation_Wm2,20,332
gep03,00,2026-05-05,2026-05-25,gcrew,noaa_gefs,03,WindSpeed_ms_mean,20,2.332214280423385
gep03,00,2026-05-05,2026-05-26,gcrew,noaa_gefs,03,AirTemp_C_mean,21,23.644677734375023
gep03,00,2026-05-05,2026-05-26,gcrew,noaa_gefs,03,Pressure_Pa,21,101732.607421875
gep03,00,2026-05-05,2026-05-26,gcrew,noaa_gefs,03,RH_percent_mean,21,77.47503280639648
gep03,00,2026-05-05,2026-05-26,gcrew,noaa_gefs,03,Rain_mm_sum,21,0.30000000447034836
gep03,00,2026-05-05,2026-05-26,gcrew,noaa_gefs,03,ShortwaveRadiation_Wm2,21,329.75
gep03,00,2026-05-05,2026-05-26,gcrew,noaa_gefs,03,WindSpeed_ms_mean,21,3.7429728329099072
gep03,00,2026-05-05,2026-05-27,gcrew,noaa_gefs,03,AirTemp_C_mean,22,21.092683410644554
gep03,00,2026-05-05,2026-05-27,gcrew,noaa_gefs,03,Pressure_Pa,22,101740.51953125
gep03,00,2026-05-05,2026-05-27,gcrew,noaa_gefs,03,RH_percent_mean,22,84.3672924041748
gep03,00,2026-05-05,2026-05-27,gcrew,noaa_gefs,03,Rain_mm_sum,22,0
gep03,00,2026-05-05,2026-05-27,gcrew,noaa_gefs,03,ShortwaveRadiation_Wm2,22,312.5
gep03,00,2026-05-05,2026-05-27,gcrew,noaa_gefs,03,WindSpeed_ms_mean,22,2.700000293540816
gep03,00,2026-05-05,2026-05-28,gcrew,noaa_gefs,03,AirTemp_C_mean,23,23.88488922119143
gep03,00,2026-05-05,2026-05-28,gcrew,noaa_gefs,03,Pressure_Pa,23,101347.58984375
gep03,00,2026-05-05,2026-05-28,gcrew,noaa_gefs,03,RH_percent_mean,23,75.04574775695801
gep03,00,2026-05-05,2026-05-28,gcrew,noaa_gefs,03,Rain_mm_sum,23,0
gep03,00,2026-05-05,2026-05-28,gcrew,noaa_gefs,03,ShortwaveRadiation_Wm2,23,335.5
gep03,00,2026-05-05,2026-05-28,gcrew,noaa_gefs,03,WindSpeed_ms_mean,23,2.335344468510624
gep03,00,2026-05-05,2026-05-29,gcrew,noaa_gefs,03,AirTemp_C_mean,24,24.74714050292971
gep03,00,2026-05-05,2026-05-29,gcrew,noaa_gefs,03,Pressure_Pa,24,101476.5703125
gep03,00,2026-05-05,2026-05-29,gcrew,noaa_gefs,03,RH_percent_mean,24,72.64131832122803
gep03,00,2026-05-05,2026-05-29,gcrew,noaa_gefs,03,Rain_mm_sum,24,0
gep03,00,2026-05-05,2026-05-29,gcrew,noaa_gefs,03,ShortwaveRadiation_Wm2,24,336
gep03,00,2026-05-05,2026-05-29,gcrew,noaa_gefs,03,WindSpeed_ms_mean,24,1.9586284146796837
gep03,00,2026-05-05,2026-05-30,gcrew,noaa_gefs,03,AirTemp_C_mean,25,24.066796875000023
gep03,00,2026-05-05,2026-05-30,gcrew,noaa_gefs,03,Pressure_Pa,25,101384.1875
gep03,00,2026-05-05,2026-05-30,gcrew,noaa_gefs,03,RH_percent_mean,25,71.36553287506104
gep03,00,2026-05-05,2026-05-30,gcrew,noaa_gefs,03,Rain_mm_sum,25,2.100000001490116
gep03,00,2026-05-05,2026-05-30,gcrew,noaa_gefs,03,ShortwaveRadiation_Wm2,25,336.25
gep03,00,2026-05-05,2026-05-30,gcrew,noaa_gefs,03,WindSpeed_ms_mean,25,2.5700304546198396
gep03,00,2026-05-05,2026-05-31,gcrew,noaa_gefs,03,AirTemp_C_mean,26,20.107537841796898
gep03,00,2026-05-05,2026-05-31,gcrew,noaa_gefs,03,Pressure_Pa,26,101421.41015625
gep03,00,2026-05-05,2026-05-31,gcrew,noaa_gefs,03,RH_percent_mean,26,79.97546768188477
gep03,00,2026-05-05,2026-05-31,gcrew,noaa_gefs,03,Rain_mm_sum,26,7.199999928474426
gep03,00,2026-05-05,2026-05-31,gcrew,noaa_gefs,03,ShortwaveRadiation_Wm2,26,204.5
gep03,00,2026-05-05,2026-05-31,gcrew,noaa_gefs,03,WindSpeed_ms_mean,26,4.440413293057745
gep03,00,2026-05-05,2026-06-01,gcrew,noaa_gefs,03,AirTemp_C_mean,27,18.903489685058616
gep03,00,2026-05-05,2026-06-01,gcrew,noaa_gefs,03,Pressure_Pa,27,101613.822265625
gep03,00,2026-05-05,2026-06-01,gcrew,noaa_gefs,03,RH_percent_mean,27,79.74879264831543
gep03,00,2026-05-05,2026-06-01,gcrew,noaa_gefs,03,Rain_mm_sum,27,0.20000000298023224
gep03,00,2026-05-05,2026-06-01,gcrew,noaa_gefs,03,ShortwaveRadiation_Wm2,27,202
gep03,00,2026-05-05,2026-06-01,gcrew,noaa_gefs,03,WindSpeed_ms_mean,27,2.8618370667271793
gep03,00,2026-05-05,2026-06-02,gcrew,noaa_gefs,03,AirTemp_C_mean,28,23.729150390625023
gep03,00,2026-05-05,2026-06-02,gcrew,noaa_gefs,03,Pressure_Pa,28,101406.4609375
gep03,00,2026-05-05,2026-06-02,gcrew,noaa_gefs,03,RH_percent_mean,28,75.83053302764893
gep03,00,2026-05-05,2026-06-02,gcrew,noaa_gefs,03,Rain_mm_sum,28,4.800000190734863
gep03,00,2026-05-05,2026-06-02,gcrew,noaa_gefs,03,ShortwaveRadiation_Wm2,28,303.25
gep03,00,2026-05-05,2026-06-02,gcrew,noaa_gefs,03,WindSpeed_ms_mean,28,5.180342789756921
gep03,00,2026-05-05,2026-06-03,gcrew,noaa_gefs,03,AirTemp_C_mean,29,22.64240417480471
gep03,00,2026-05-05,2026-06-03,gcrew,noaa_gefs,03,Pressure_Pa,29,101480.6875
gep03,00,2026-05-05,2026-06-03,gcrew,noaa_gefs,03,RH_percent_mean,29,91.867095947265625
gep03,00,2026-05-05,2026-06-03,gcrew,noaa_gefs,03,Rain_mm_sum,29,24.700000166893005
gep03,00,2026-05-05,2026-06-03,gcrew,noaa_gefs,03,ShortwaveRadiation_Wm2,29,176
gep03,00,2026-05-05,2026-06-03,gcrew,noaa_gefs,03,WindSpeed_ms_mean,29,2.8103379804635074
gep03,00,2026-05-05,2026-06-04,gcrew,noaa_gefs,03,AirTemp_C_mean,30,21.24726257324221
gep03,00,2026-05-05,2026-06-04,gcrew,noaa_gefs,03,Pressure_Pa,30,100902.5
gep03,00,2026-05-05,2026-06-04,gcrew,noaa_gefs,03,RH_percent_mean,30,94.49777412414551
gep03,00,2026-05-05,2026-06-04,gcrew,noaa_gefs,03,Rain_mm_sum,30,15.800000429153442
gep03,00,2026-05-05,2026-06-04,gcrew,noaa_gefs,03,ShortwaveRadiation_Wm2,30,96
gep03,00,2026-05-05,2026-06-04,gcrew,noaa_gefs,03,WindSpeed_ms_mean,30,3.624733268214592
gep03,00,2026-05-05,2026-06-05,gcrew,noaa_gefs,03,AirTemp_C_mean,31,17.98151550292971
gep03,00,2026-05-05,2026-06-05,gcrew,noaa_gefs,03,Pressure_Pa,31,101233.8671875
gep03,00,2026-05-05,2026-06-05,gcrew,noaa_gefs,03,RH_percent_mean,31,85.09179496765137
gep03,00,2026-05-05,2026-06-05,gcrew,noaa_gefs,03,Rain_mm_sum,31,0
gep03,00,2026-05-05,2026-06-05,gcrew,noaa_gefs,03,ShortwaveRadiation_Wm2,31,204
gep03,00,2026-05-05,2026-06-05,gcrew,noaa_gefs,03,WindSpeed_ms_mean,31,3.6137171777527146
gep03,00,2026-05-05,2026-06-06,gcrew,noaa_gefs,03,AirTemp_C_mean,32,18.68531188964846
gep03,00,2026-05-05,2026-06-06,gcrew,noaa_gefs,03,Pressure_Pa,32,101418.689453125
gep03,00,2026-05-05,2026-06-06,gcrew,noaa_gefs,03,RH_percent_mean,32,90.20104598999023
gep03,00,2026-05-05,2026-06-06,gcrew,noaa_gefs,03,Rain_mm_sum,32,0.30000000447034836
gep03,00,2026-05-05,2026-06-06,gcrew,noaa_gefs,03,ShortwaveRadiation_Wm2,32,107.25
gep03,00,2026-05-05,2026-06-06,gcrew,noaa_gefs,03,WindSpeed_ms_mean,32,3.7730996520469398
gep03,00,2026-05-05,2026-06-07,gcrew,noaa_gefs,03,AirTemp_C_mean,33,24.139627075195335
gep03,00,2026-05-05,2026-06-07,gcrew,noaa_gefs,03,Pressure_Pa,33,100801.1328125
gep03,00,2026-05-05,2026-06-07,gcrew,noaa_gefs,03,RH_percent_mean,33,81.9941577911377
gep03,00,2026-05-05,2026-06-07,gcrew,noaa_gefs,03,Rain_mm_sum,33,12.999999798834324
gep03,00,2026-05-05,2026-06-07,gcrew,noaa_gefs,03,ShortwaveRadiation_Wm2,33,304.5
gep03,00,2026-05-05,2026-06-07,gcrew,noaa_gefs,03,WindSpeed_ms_mean,33,5.214782697026351
gep03,00,2026-05-05,2026-06-08,gcrew,noaa_gefs,03,AirTemp_C_mean,34,26.755662536621116
gep03,00,2026-05-05,2026-06-08,gcrew,noaa_gefs,03,Pressure_Pa,34,100443.1796875
gep03,00,2026-05-05,2026-06-08,gcrew,noaa_gefs,03,RH_percent_mean,34,68.95762729644775
gep03,00,2026-05-05,2026-06-08,gcrew,noaa_gefs,03,Rain_mm_sum,34,0.4000000134110451
gep03,00,2026-05-05,2026-06-08,gcrew,noaa_gefs,03,ShortwaveRadiation_Wm2,34,343
gep03,00,2026-05-05,2026-06-08,gcrew,noaa_gefs,03,WindSpeed_ms_mean,34,4.0934983365823845
gep04,00,2026-05-05,2026-05-06,gcrew,noaa_gefs,04,AirTemp_C_mean,1,18.317830657959007
gep04,00,2026-05-05,2026-05-06,gcrew,noaa_gefs,04,Pressure_Pa,1,100742.3876953125
gep04,00,2026-05-05,2026-05-06,gcrew,noaa_gefs,04,RH_percent_mean,1,73.999520778656
gep04,00,2026-05-05,2026-05-06,gcrew,noaa_gefs,04,Rain_mm_sum,1,2.9600000381469727
gep04,00,2026-05-05,2026-05-06,gcrew,noaa_gefs,04,ShortwaveRadiation_Wm2,1,112.5
gep04,00,2026-05-05,2026-05-06,gcrew,noaa_gefs,04,WindSpeed_ms_mean,1,7.9482961228732085
gep04,00,2026-05-05,2026-05-07,gcrew,noaa_gefs,04,AirTemp_C_mean,2,13.421441650390648
gep04,00,2026-05-05,2026-05-07,gcrew,noaa_gefs,04,Pressure_Pa,2,100609.435546875
gep04,00,2026-05-05,2026-05-07,gcrew,noaa_gefs,04,RH_percent_mean,2,79.55949878692627
gep04,00,2026-05-05,2026-05-07,gcrew,noaa_gefs,04,Rain_mm_sum,2,3.900000110268593
gep04,00,2026-05-05,2026-05-07,gcrew,noaa_gefs,04,ShortwaveRadiation_Wm2,2,80.875
gep04,00,2026-05-05,2026-05-07,gcrew,noaa_gefs,04,WindSpeed_ms_mean,2,3.7877215286509998
gep04,00,2026-05-05,2026-05-08,gcrew,noaa_gefs,04,AirTemp_C_mean,3,13.444238281250023
gep04,00,2026-05-05,2026-05-08,gcrew,noaa_gefs,04,Pressure_Pa,3,101029.4677734375
gep04,00,2026-05-05,2026-05-08,gcrew,noaa_gefs,04,RH_percent_mean,3,59.61912775039673
gep04,00,2026-05-05,2026-05-08,gcrew,noaa_gefs,04,Rain_mm_sum,3,0
gep04,00,2026-05-05,2026-05-08,gcrew,noaa_gefs,04,ShortwaveRadiation_Wm2,3,310.125
gep04,00,2026-05-05,2026-05-08,gcrew,noaa_gefs,04,WindSpeed_ms_mean,3,4.101767998187636
gep04,00,2026-05-05,2026-05-09,gcrew,noaa_gefs,04,AirTemp_C_mean,4,14.683034515380882
gep04,00,2026-05-05,2026-05-09,gcrew,noaa_gefs,04,Pressure_Pa,4,100504.6123046875
gep04,00,2026-05-05,2026-05-09,gcrew,noaa_gefs,04,RH_percent_mean,4,69.38001728057861
gep04,00,2026-05-05,2026-05-09,gcrew,noaa_gefs,04,Rain_mm_sum,4,3.40000007301569
gep04,00,2026-05-05,2026-05-09,gcrew,noaa_gefs,04,ShortwaveRadiation_Wm2,4,223.375
gep04,00,2026-05-05,2026-05-09,gcrew,noaa_gefs,04,WindSpeed_ms_mean,4,6.089498847817228
gep04,00,2026-05-05,2026-05-10,gcrew,noaa_gefs,04,AirTemp_C_mean,5,14.039365386962913
gep04,00,2026-05-05,2026-05-10,gcrew,noaa_gefs,04,Pressure_Pa,5,101038.7626953125
gep04,00,2026-05-05,2026-05-10,gcrew,noaa_gefs,04,RH_percent_mean,5,62.28422451019287
gep04,00,2026-05-05,2026-05-10,gcrew,noaa_gefs,04,Rain_mm_sum,5,0.4000000059604645
gep04,00,2026-05-05,2026-05-10,gcrew,noaa_gefs,04,ShortwaveRadiation_Wm2,5,321.875
gep04,00,2026-05-05,2026-05-10,gcrew,noaa_gefs,04,WindSpeed_ms_mean,5,4.465990950670339
gep04,00,2026-05-05,2026-05-11,gcrew,noaa_gefs,04,AirTemp_C_mean,6,15.007703399658226
gep04,00,2026-05-05,2026-05-11,gcrew,noaa_gefs,04,Pressure_Pa,6,100972.99609375
gep04,00,2026-05-05,2026-05-11,gcrew,noaa_gefs,04,RH_percent_mean,6,83.72281455993652
gep04,00,2026-05-05,2026-05-11,gcrew,noaa_gefs,04,Rain_mm_sum,6,10.500000238418579
gep04,00,2026-05-05,2026-05-11,gcrew,noaa_gefs,04,ShortwaveRadiation_Wm2,6,318.375
gep04,00,2026-05-05,2026-05-11,gcrew,noaa_gefs,04,WindSpeed_ms_mean,6,3.020219501521629
gep04,00,2026-05-05,2026-05-12,gcrew,noaa_gefs,04,AirTemp_C_mean,7,16.333001708984398
gep04,00,2026-05-05,2026-05-12,gcrew,noaa_gefs,04,Pressure_Pa,7,100487.9833984375
gep04,00,2026-05-05,2026-05-12,gcrew,noaa_gefs,04,RH_percent_mean,7,91.72346305847168
gep04,00,2026-05-05,2026-05-12,gcrew,noaa_gefs,04,Rain_mm_sum,7,22.080000452697277
gep04,00,2026-05-05,2026-05-12,gcrew,noaa_gefs,04,ShortwaveRadiation_Wm2,7,141.625
gep04,00,2026-05-05,2026-05-12,gcrew,noaa_gefs,04,WindSpeed_ms_mean,7,4.752930619586684
gep04,00,2026-05-05,2026-05-13,gcrew,noaa_gefs,04,AirTemp_C_mean,8,13.859941101074241
gep04,00,2026-05-05,2026-05-13,gcrew,noaa_gefs,04,Pressure_Pa,8,100950.2314453125
gep04,00,2026-05-05,2026-05-13,gcrew,noaa_gefs,04,RH_percent_mean,8,60.64580154418945
gep04,00,2026-05-05,2026-05-13,gcrew,noaa_gefs,04,Rain_mm_sum,8,0.699999988079071
gep04,00,2026-05-05,2026-05-13,gcrew,noaa_gefs,04,ShortwaveRadiation_Wm2,8,357.5
gep04,00,2026-05-05,2026-05-13,gcrew,noaa_gefs,04,WindSpeed_ms_mean,8,5.016160868788954
gep04,00,2026-05-05,2026-05-14,gcrew,noaa_gefs,04,AirTemp_C_mean,9,13.323288399832611
gep04,00,2026-05-05,2026-05-14,gcrew,noaa_gefs,04,Pressure_Pa,9,101724.66852678571
gep04,00,2026-05-05,2026-05-14,gcrew,noaa_gefs,04,RH_percent_mean,9,54.3447254725865
gep04,00,2026-05-05,2026-05-14,gcrew,noaa_gefs,04,Rain_mm_sum,9,0
gep04,00,2026-05-05,2026-05-14,gcrew,noaa_gefs,04,ShortwaveRadiation_Wm2,9,409.2857142857143
gep04,00,2026-05-05,2026-05-14,gcrew,noaa_gefs,04,WindSpeed_ms_mean,9,4.204724101810366
gep04,00,2026-05-05,2026-05-15,gcrew,noaa_gefs,04,AirTemp_C_mean,10,13.895341491699241
gep04,00,2026-05-05,2026-05-15,gcrew,noaa_gefs,04,Pressure_Pa,10,101770.98828125
gep04,00,2026-05-05,2026-05-15,gcrew,noaa_gefs,04,RH_percent_mean,10,59.39558792114258
gep04,00,2026-05-05,2026-05-15,gcrew,noaa_gefs,04,Rain_mm_sum,10,0
gep04,00,2026-05-05,2026-05-15,gcrew,noaa_gefs,04,ShortwaveRadiation_Wm2,10,329.5
gep04,00,2026-05-05,2026-05-15,gcrew,noaa_gefs,04,WindSpeed_ms_mean,10,4.301648184988208
gep04,00,2026-05-05,2026-05-16,gcrew,noaa_gefs,04,AirTemp_C_mean,11,12.16132507324221
gep04,00,2026-05-05,2026-05-16,gcrew,noaa_gefs,04,Pressure_Pa,11,101347.048828125
gep04,00,2026-05-05,2026-05-16,gcrew,noaa_gefs,04,RH_percent_mean,11,85.79068565368652
gep04,00,2026-05-05,2026-05-16,gcrew,noaa_gefs,04,Rain_mm_sum,11,3.5000000596046448
gep04,00,2026-05-05,2026-05-16,gcrew,noaa_gefs,04,ShortwaveRadiation_Wm2,11,57.25
gep04,00,2026-05-05,2026-05-16,gcrew,noaa_gefs,04,WindSpeed_ms_mean,11,3.5957713274021446
gep04,00,2026-05-05,2026-05-17,gcrew,noaa_gefs,04,AirTemp_C_mean,12,12.39740905761721
gep04,00,2026-05-05,2026-05-17,gcrew,noaa_gefs,04,Pressure_Pa,12,101498.666015625
gep04,00,2026-05-05,2026-05-17,gcrew,noaa_gefs,04,RH_percent_mean,12,85.35811996459961
gep04,00,2026-05-05,2026-05-17,gcrew,noaa_gefs,04,Rain_mm_sum,12,12.600000239908695
gep04,00,2026-05-05,2026-05-17,gcrew,noaa_gefs,04,ShortwaveRadiation_Wm2,12,68.75
gep04,00,2026-05-05,2026-05-17,gcrew,noaa_gefs,04,WindSpeed_ms_mean,12,4.4423147677144765
gep04,00,2026-05-05,2026-05-18,gcrew,noaa_gefs,04,AirTemp_C_mean,13,12.796853637695335
gep04,00,2026-05-05,2026-05-18,gcrew,noaa_gefs,04,Pressure_Pa,13,102275.958984375
gep04,00,2026-05-05,2026-05-18,gcrew,noaa_gefs,04,RH_percent_mean,13,75.41705131530762
gep04,00,2026-05-05,2026-05-18,gcrew,noaa_gefs,04,Rain_mm_sum,13,3.5000000968575478
gep04,00,2026-05-05,2026-05-18,gcrew,noaa_gefs,04,ShortwaveRadiation_Wm2,13,67.25
gep04,00,2026-05-05,2026-05-18,gcrew,noaa_gefs,04,WindSpeed_ms_mean,13,4.947630717288071
gep04,00,2026-05-05,2026-05-19,gcrew,noaa_gefs,04,AirTemp_C_mean,14,15.980165100097679
gep04,00,2026-05-05,2026-05-19,gcrew,noaa_gefs,04,Pressure_Pa,14,101818.97265625
gep04,00,2026-05-05,2026-05-19,gcrew,noaa_gefs,04,RH_percent_mean,14,94.8867244720459
gep04,00,2026-05-05,2026-05-19,gcrew,noaa_gefs,04,Rain_mm_sum,14,13.600000202655792
gep04,00,2026-05-05,2026-05-19,gcrew,noaa_gefs,04,ShortwaveRadiation_Wm2,14,56.75
gep04,00,2026-05-05,2026-05-19,gcrew,noaa_gefs,04,WindSpeed_ms_mean,14,5.998326923740712
gep04,00,2026-05-05,2026-05-20,gcrew,noaa_gefs,04,AirTemp_C_mean,15,16.34876403808596
gep04,00,2026-05-05,2026-05-20,gcrew,noaa_gefs,04,Pressure_Pa,15,101606.828125
gep04,00,2026-05-05,2026-05-20,gcrew,noaa_gefs,04,RH_percent_mean,15,89.96279335021973
gep04,00,2026-05-05,2026-05-20,gcrew,noaa_gefs,04,Rain_mm_sum,15,0.9000000283122063
gep04,00,2026-05-05,2026-05-20,gcrew,noaa_gefs,04,ShortwaveRadiation_Wm2,15,66.75
gep04,00,2026-05-05,2026-05-20,gcrew,noaa_gefs,04,WindSpeed_ms_mean,15,5.274919119101563
gep04,00,2026-05-05,2026-05-21,gcrew,noaa_gefs,04,AirTemp_C_mean,16,17.079988098144554
gep04,00,2026-05-05,2026-05-21,gcrew,noaa_gefs,04,Pressure_Pa,16,101430.228515625
gep04,00,2026-05-05,2026-05-21,gcrew,noaa_gefs,04,RH_percent_mean,16,92.32025718688965
gep04,00,2026-05-05,2026-05-21,gcrew,noaa_gefs,04,Rain_mm_sum,16,3.6000001206994057
gep04,00,2026-05-05,2026-05-21,gcrew,noaa_gefs,04,ShortwaveRadiation_Wm2,16,134.75
gep04,00,2026-05-05,2026-05-21,gcrew,noaa_gefs,04,WindSpeed_ms_mean,16,4.749984768270614
gep04,00,2026-05-05,2026-05-22,gcrew,noaa_gefs,04,AirTemp_C_mean,17,19.45788726806643
gep04,00,2026-05-05,2026-05-22,gcrew,noaa_gefs,04,Pressure_Pa,17,101787.37109375
gep04,00,2026-05-05,2026-05-22,gcrew,noaa_gefs,04,RH_percent_mean,17,86.58370208740234
gep04,00,2026-05-05,2026-05-22,gcrew,noaa_gefs,04,Rain_mm_sum,17,0.10000000149011612
gep04,00,2026-05-05,2026-05-22,gcrew,noaa_gefs,04,ShortwaveRadiation_Wm2,17,329.5
gep04,00,2026-05-05,2026-05-22,gcrew,noaa_gefs,04,WindSpeed_ms_mean,17,3.421951902917886
gep04,00,2026-05-05,2026-05-23,gcrew,noaa_gefs,04,AirTemp_C_mean,18,19.32135925292971
gep04,00,2026-05-05,2026-05-23,gcrew,noaa_gefs,04,Pressure_Pa,18,102091.19140625
gep04,00,2026-05-05,2026-05-23,gcrew,noaa_gefs,04,RH_percent_mean,18,88.211029052734375
gep04,00,2026-05-05,2026-05-23,gcrew,noaa_gefs,04,Rain_mm_sum,18,0.30000000447034836
gep04,00,2026-05-05,2026-05-23,gcrew,noaa_gefs,04,ShortwaveRadiation_Wm2,18,304
gep04,00,2026-05-05,2026-05-23,gcrew,noaa_gefs,04,WindSpeed_ms_mean,18,2.9632516322381934
gep04,00,2026-05-05,2026-05-24,gcrew,noaa_gefs,04,AirTemp_C_mean,19,19.627183532714866
gep04,00,2026-05-05,2026-05-24,gcrew,noaa_gefs,04,Pressure_Pa,19,102131.763671875
gep04,00,2026-05-05,2026-05-24,gcrew,noaa_gefs,04,RH_percent_mean,19,88.8326587677002
gep04,00,2026-05-05,2026-05-24,gcrew,noaa_gefs,04,Rain_mm_sum,19,0.4000000059604645
gep04,00,2026-05-05,2026-05-24,gcrew,noaa_gefs,04,ShortwaveRadiation_Wm2,19,312.75
gep04,00,2026-05-05,2026-05-24,gcrew,noaa_gefs,04,WindSpeed_ms_mean,19,3.353299723512114
gep04,00,2026-05-05,2026-05-25,gcrew,noaa_gefs,04,AirTemp_C_mean,20,22.220193481445335
gep04,00,2026-05-05,2026-05-25,gcrew,noaa_gefs,04,Pressure_Pa,20,101920.87109375
gep04,00,2026-05-05,2026-05-25,gcrew,noaa_gefs,04,RH_percent_mean,20,80.57049751281738
gep04,00,2026-05-05,2026-05-25,gcrew,noaa_gefs,04,Rain_mm_sum,20,0
gep04,00,2026-05-05,2026-05-25,gcrew,noaa_gefs,04,ShortwaveRadiation_Wm2,20,332
gep04,00,2026-05-05,2026-05-25,gcrew,noaa_gefs,04,WindSpeed_ms_mean,20,2.332214280423385
gep04,00,2026-05-05,2026-05-26,gcrew,noaa_gefs,04,AirTemp_C_mean,21,23.644677734375023
gep04,00,2026-05-05,2026-05-26,gcrew,noaa_gefs,04,Pressure_Pa,21,101732.607421875
gep04,00,2026-05-05,2026-05-26,gcrew,noaa_gefs,04,RH_percent_mean,21,77.47503280639648
gep04,00,2026-05-05,2026-05-26,gcrew,noaa_gefs,04,Rain_mm_sum,21,0.30000000447034836
gep04,00,2026-05-05,2026-05-26,gcrew,noaa_gefs,04,ShortwaveRadiation_Wm2,21,329.75
gep04,00,2026-05-05,2026-05-26,gcrew,noaa_gefs,04,WindSpeed_ms_mean,21,3.7429728329099072
gep04,00,2026-05-05,2026-05-27,gcrew,noaa_gefs,04,AirTemp_C_mean,22,21.092683410644554
gep04,00,2026-05-05,2026-05-27,gcrew,noaa_gefs,04,Pressure_Pa,22,101740.51953125
gep04,00,2026-05-05,2026-05-27,gcrew,noaa_gefs,04,RH_percent_mean,22,84.3672924041748
gep04,00,2026-05-05,2026-05-27,gcrew,noaa_gefs,04,Rain_mm_sum,22,0
gep04,00,2026-05-05,2026-05-27,gcrew,noaa_gefs,04,ShortwaveRadiation_Wm2,22,312.5
gep04,00,2026-05-05,2026-05-27,gcrew,noaa_gefs,04,WindSpeed_ms_mean,22,2.700000293540816
gep04,00,2026-05-05,2026-05-28,gcrew,noaa_gefs,04,AirTemp_C_mean,23,23.88488922119143
gep04,00,2026-05-05,2026-05-28,gcrew,noaa_gefs,04,Pressure_Pa,23,101347.58984375
gep04,00,2026-05-05,2026-05-28,gcrew,noaa_gefs,04,RH_percent_mean,23,75.04574775695801
gep04,00,2026-05-05,2026-05-28,gcrew,noaa_gefs,04,Rain_mm_sum,23,0
gep04,00,2026-05-05,2026-05-28,gcrew,noaa_gefs,04,ShortwaveRadiation_Wm2,23,335.5
gep04,00,2026-05-05,2026-05-28,gcrew,noaa_gefs,04,WindSpeed_ms_mean,23,2.335344468510624
gep04,00,2026-05-05,2026-05-29,gcrew,noaa_gefs,04,AirTemp_C_mean,24,24.74714050292971
gep04,00,2026-05-05,2026-05-29,gcrew,noaa_gefs,04,Pressure_Pa,24,101476.5703125
gep04,00,2026-05-05,2026-05-29,gcrew,noaa_gefs,04,RH_percent_mean,24,72.64131832122803
gep04,00,2026-05-05,2026-05-29,gcrew,noaa_gefs,04,Rain_mm_sum,24,0
gep04,00,2026-05-05,2026-05-29,gcrew,noaa_gefs,04,ShortwaveRadiation_Wm2,24,336
gep04,00,2026-05-05,2026-05-29,gcrew,noaa_gefs,04,WindSpeed_ms_mean,24,1.9586284146796837
gep04,00,2026-05-05,2026-05-30,gcrew,noaa_gefs,04,AirTemp_C_mean,25,24.066796875000023
gep04,00,2026-05-05,2026-05-30,gcrew,noaa_gefs,04,Pressure_Pa,25,101384.1875
gep04,00,2026-05-05,2026-05-30,gcrew,noaa_gefs,04,RH_percent_mean,25,71.36553287506104
gep04,00,2026-05-05,2026-05-30,gcrew,noaa_gefs,04,Rain_mm_sum,25,2.100000001490116
gep04,00,2026-05-05,2026-05-30,gcrew,noaa_gefs,04,ShortwaveRadiation_Wm2,25,336.25
gep04,00,2026-05-05,2026-05-30,gcrew,noaa_gefs,04,WindSpeed_ms_mean,25,2.5700304546198396
gep04,00,2026-05-05,2026-05-31,gcrew,noaa_gefs,04,AirTemp_C_mean,26,20.107537841796898
gep04,00,2026-05-05,2026-05-31,gcrew,noaa_gefs,04,Pressure_Pa,26,101421.41015625
gep04,00,2026-05-05,2026-05-31,gcrew,noaa_gefs,04,RH_percent_mean,26,79.97546768188477
gep04,00,2026-05-05,2026-05-31,gcrew,noaa_gefs,04,Rain_mm_sum,26,7.199999928474426
gep04,00,2026-05-05,2026-05-31,gcrew,noaa_gefs,04,ShortwaveRadiation_Wm2,26,204.5
gep04,00,2026-05-05,2026-05-31,gcrew,noaa_gefs,04,WindSpeed_ms_mean,26,4.440413293057745
gep04,00,2026-05-05,2026-06-01,gcrew,noaa_gefs,04,AirTemp_C_mean,27,18.903489685058616
gep04,00,2026-05-05,2026-06-01,gcrew,noaa_gefs,04,Pressure_Pa,27,101613.822265625
gep04,00,2026-05-05,2026-06-01,gcrew,noaa_gefs,04,RH_percent_mean,27,79.74879264831543
gep04,00,2026-05-05,2026-06-01,gcrew,noaa_gefs,04,Rain_mm_sum,27,0.20000000298023224
gep04,00,2026-05-05,2026-06-01,gcrew,noaa_gefs,04,ShortwaveRadiation_Wm2,27,202
gep04,00,2026-05-05,2026-06-01,gcrew,noaa_gefs,04,WindSpeed_ms_mean,27,2.8618370667271793
gep04,00,2026-05-05,2026-06-02,gcrew,noaa_gefs,04,AirTemp_C_mean,28,23.729150390625023
gep04,00,2026-05-05,2026-06-02,gcrew,noaa_gefs,04,Pressure_Pa,28,101406.4609375
gep04,00,2026-05-05,2026-06-02,gcrew,noaa_gefs,04,RH_percent_mean,28,75.83053302764893
gep04,00,2026-05-05,2026-06-02,gcrew,noaa_gefs,04,Rain_mm_sum,28,4.800000190734863
gep04,00,2026-05-05,2026-06-02,gcrew,noaa_gefs,04,ShortwaveRadiation_Wm2,28,303.25
gep04,00,2026-05-05,2026-06-02,gcrew,noaa_gefs,04,WindSpeed_ms_mean,28,5.180342789756921
gep04,00,2026-05-05,2026-06-03,gcrew,noaa_gefs,04,AirTemp_C_mean,29,22.64240417480471
gep04,00,2026-05-05,2026-06-03,gcrew,noaa_gefs,04,Pressure_Pa,29,101480.6875
gep04,00,2026-05-05,2026-06-03,gcrew,noaa_gefs,04,RH_percent_mean,29,91.867095947265625
gep04,00,2026-05-05,2026-06-03,gcrew,noaa_gefs,04,Rain_mm_sum,29,24.700000166893005
gep04,00,2026-05-05,2026-06-03,gcrew,noaa_gefs,04,ShortwaveRadiation_Wm2,29,176
gep04,00,2026-05-05,2026-06-03,gcrew,noaa_gefs,04,WindSpeed_ms_mean,29,2.8103379804635074
gep04,00,2026-05-05,2026-06-04,gcrew,noaa_gefs,04,AirTemp_C_mean,30,21.24726257324221
gep04,00,2026-05-05,2026-06-04,gcrew,noaa_gefs,04,Pressure_Pa,30,100902.5
gep04,00,2026-05-05,2026-06-04,gcrew,noaa_gefs,04,RH_percent_mean,30,94.49777412414551
gep04,00,2026-05-05,2026-06-04,gcrew,noaa_gefs,04,Rain_mm_sum,30,15.800000429153442
gep04,00,2026-05-05,2026-06-04,gcrew,noaa_gefs,04,ShortwaveRadiation_Wm2,30,96
gep04,00,2026-05-05,2026-06-04,gcrew,noaa_gefs,04,WindSpeed_ms_mean,30,3.624733268214592
gep04,00,2026-05-05,2026-06-05,gcrew,noaa_gefs,04,AirTemp_C_mean,31,17.98151550292971
gep04,00,2026-05-05,2026-06-05,gcrew,noaa_gefs,04,Pressure_Pa,31,101233.8671875
gep04,00,2026-05-05,2026-06-05,gcrew,noaa_gefs,04,RH_percent_mean,31,85.09179496765137
gep04,00,2026-05-05,2026-06-05,gcrew,noaa_gefs,04,Rain_mm_sum,31,0
gep04,00,2026-05-05,2026-06-05,gcrew,noaa_gefs,04,ShortwaveRadiation_Wm2,31,204
gep04,00,2026-05-05,2026-06-05,gcrew,noaa_gefs,04,WindSpeed_ms_mean,31,3.6137171777527146
gep04,00,2026-05-05,2026-06-06,gcrew,noaa_gefs,04,AirTemp_C_mean,32,18.68531188964846
gep04,00,2026-05-05,2026-06-06,gcrew,noaa_gefs,04,Pressure_Pa,32,101418.689453125
gep04,00,2026-05-05,2026-06-06,gcrew,noaa_gefs,04,RH_percent_mean,32,90.20104598999023
gep04,00,2026-05-05,2026-06-06,gcrew,noaa_gefs,04,Rain_mm_sum,32,0.30000000447034836
gep04,00,2026-05-05,2026-06-06,gcrew,noaa_gefs,04,ShortwaveRadiation_Wm2,32,107.25
gep04,00,2026-05-05,2026-06-06,gcrew,noaa_gefs,04,WindSpeed_ms_mean,32,3.7730996520469398
gep04,00,2026-05-05,2026-06-07,gcrew,noaa_gefs,04,AirTemp_C_mean,33,24.139627075195335
gep04,00,2026-05-05,2026-06-07,gcrew,noaa_gefs,04,Pressure_Pa,33,100801.1328125
gep04,00,2026-05-05,2026-06-07,gcrew,noaa_gefs,04,RH_percent_mean,33,81.9941577911377
gep04,00,2026-05-05,2026-06-07,gcrew,noaa_gefs,04,Rain_mm_sum,33,12.999999798834324
gep04,00,2026-05-05,2026-06-07,gcrew,noaa_gefs,04,ShortwaveRadiation_Wm2,33,304.5
gep04,00,2026-05-05,2026-06-07,gcrew,noaa_gefs,04,WindSpeed_ms_mean,33,5.214782697026351
gep04,00,2026-05-05,2026-06-08,gcrew,noaa_gefs,04,AirTemp_C_mean,34,26.755662536621116
gep04,00,2026-05-05,2026-06-08,gcrew,noaa_gefs,04,Pressure_Pa,34,100443.1796875
gep04,00,2026-05-05,2026-06-08,gcrew,noaa_gefs,04,RH_percent_mean,34,68.95762729644775
gep04,00,2026-05-05,2026-06-08,gcrew,noaa_gefs,04,Rain_mm_sum,34,0.4000000134110451
gep04,00,2026-05-05,2026-06-08,gcrew,noaa_gefs,04,ShortwaveRadiation_Wm2,34,343
gep04,00,2026-05-05,2026-06-08,gcrew,noaa_gefs,04,WindSpeed_ms_mean,34,4.0934983365823845
gep05,00,2026-05-05,2026-05-06,gcrew,noaa_gefs,05,AirTemp_C_mean,1,18.317830657959007
gep05,00,2026-05-05,2026-05-06,gcrew,noaa_gefs,05,Pressure_Pa,1,100742.3876953125
gep05,00,2026-05-05,2026-05-06,gcrew,noaa_gefs,05,RH_percent_mean,1,73.999520778656
gep05,00,2026-05-05,2026-05-06,gcrew,noaa_gefs,05,Rain_mm_sum,1,2.9600000381469727
gep05,00,2026-05-05,2026-05-06,gcrew,noaa_gefs,05,ShortwaveRadiation_Wm2,1,112.5
gep05,00,2026-05-05,2026-05-06,gcrew,noaa_gefs,05,WindSpeed_ms_mean,1,7.9482961228732085
gep05,00,2026-05-05,2026-05-07,gcrew,noaa_gefs,05,AirTemp_C_mean,2,13.421441650390648
gep05,00,2026-05-05,2026-05-07,gcrew,noaa_gefs,05,Pressure_Pa,2,100609.435546875
gep05,00,2026-05-05,2026-05-07,gcrew,noaa_gefs,05,RH_percent_mean,2,79.55949878692627
gep05,00,2026-05-05,2026-05-07,gcrew,noaa_gefs,05,Rain_mm_sum,2,3.900000110268593
gep05,00,2026-05-05,2026-05-07,gcrew,noaa_gefs,05,ShortwaveRadiation_Wm2,2,80.875
gep05,00,2026-05-05,2026-05-07,gcrew,noaa_gefs,05,WindSpeed_ms_mean,2,3.7877215286509998
gep05,00,2026-05-05,2026-05-08,gcrew,noaa_gefs,05,AirTemp_C_mean,3,13.444238281250023
gep05,00,2026-05-05,2026-05-08,gcrew,noaa_gefs,05,Pressure_Pa,3,101029.4677734375
gep05,00,2026-05-05,2026-05-08,gcrew,noaa_gefs,05,RH_percent_mean,3,59.61912775039673
gep05,00,2026-05-05,2026-05-08,gcrew,noaa_gefs,05,Rain_mm_sum,3,0
gep05,00,2026-05-05,2026-05-08,gcrew,noaa_gefs,05,ShortwaveRadiation_Wm2,3,310.125
gep05,00,2026-05-05,2026-05-08,gcrew,noaa_gefs,05,WindSpeed_ms_mean,3,4.101767998187636
gep05,00,2026-05-05,2026-05-09,gcrew,noaa_gefs,05,AirTemp_C_mean,4,14.683034515380882
gep05,00,2026-05-05,2026-05-09,gcrew,noaa_gefs,05,Pressure_Pa,4,100504.6123046875
gep05,00,2026-05-05,2026-05-09,gcrew,noaa_gefs,05,RH_percent_mean,4,69.38001728057861
gep05,00,2026-05-05,2026-05-09,gcrew,noaa_gefs,05,Rain_mm_sum,4,3.40000007301569
gep05,00,2026-05-05,2026-05-09,gcrew,noaa_gefs,05,ShortwaveRadiation_Wm2,4,223.375
gep05,00,2026-05-05,2026-05-09,gcrew,noaa_gefs,05,WindSpeed_ms_mean,4,6.089498847817228
gep05,00,2026-05-05,2026-05-10,gcrew,noaa_gefs,05,AirTemp_C_mean,5,14.039365386962913
gep05,00,2026-05-05,2026-05-10,gcrew,noaa_gefs,05,Pressure_Pa,5,101038.7626953125
gep05,00,2026-05-05,2026-05-10,gcrew,noaa_gefs,05,RH_percent_mean,5,62.28422451019287
gep05,00,2026-05-05,2026-05-10,gcrew,noaa_gefs,05,Rain_mm_sum,5,0.4000000059604645
gep05,00,2026-05-05,2026-05-10,gcrew,noaa_gefs,05,ShortwaveRadiation_Wm2,5,321.875
gep05,00,2026-05-05,2026-05-10,gcrew,noaa_gefs,05,WindSpeed_ms_mean,5,4.465990950670339
gep05,00,2026-05-05,2026-05-11,gcrew,noaa_gefs,05,AirTemp_C_mean,6,15.007703399658226
gep05,00,2026-05-05,2026-05-11,gcrew,noaa_gefs,05,Pressure_Pa,6,100972.99609375
gep05,00,2026-05-05,2026-05-11,gcrew,noaa_gefs,05,RH_percent_mean,6,83.72281455993652
gep05,00,2026-05-05,2026-05-11,gcrew,noaa_gefs,05,Rain_mm_sum,6,10.500000238418579
gep05,00,2026-05-05,2026-05-11,gcrew,noaa_gefs,05,ShortwaveRadiation_Wm2,6,318.375
gep05,00,2026-05-05,2026-05-11,gcrew,noaa_gefs,05,WindSpeed_ms_mean,6,3.020219501521629
gep05,00,2026-05-05,2026-05-12,gcrew,noaa_gefs,05,AirTemp_C_mean,7,16.333001708984398
gep05,00,2026-05-05,2026-05-12,gcrew,noaa_gefs,05,Pressure_Pa,7,100487.9833984375
gep05,00,2026-05-05,2026-05-12,gcrew,noaa_gefs,05,RH_percent_mean,7,91.72346305847168
gep05,00,2026-05-05,2026-05-12,gcrew,noaa_gefs,05,Rain_mm_sum,7,22.080000452697277
gep05,00,2026-05-05,2026-05-12,gcrew,noaa_gefs,05,ShortwaveRadiation_Wm2,7,141.625
gep05,00,2026-05-05,2026-05-12,gcrew,noaa_gefs,05,WindSpeed_ms_mean,7,4.752930619586684
gep05,00,2026-05-05,2026-05-13,gcrew,noaa_gefs,05,AirTemp_C_mean,8,13.859941101074241
gep05,00,2026-05-05,2026-05-13,gcrew,noaa_gefs,05,Pressure_Pa,8,100950.2314453125
gep05,00,2026-05-05,2026-05-13,gcrew,noaa_gefs,05,RH_percent_mean,8,60.64580154418945
gep05,00,2026-05-05,2026-05-13,gcrew,noaa_gefs,05,Rain_mm_sum,8,0.699999988079071
gep05,00,2026-05-05,2026-05-13,gcrew,noaa_gefs,05,ShortwaveRadiation_Wm2,8,357.5
gep05,00,2026-05-05,2026-05-13,gcrew,noaa_gefs,05,WindSpeed_ms_mean,8,5.016160868788954
gep05,00,2026-05-05,2026-05-14,gcrew,noaa_gefs,05,AirTemp_C_mean,9,13.323288399832611
gep05,00,2026-05-05,2026-05-14,gcrew,noaa_gefs,05,Pressure_Pa,9,101724.66852678571
gep05,00,2026-05-05,2026-05-14,gcrew,noaa_gefs,05,RH_percent_mean,9,54.3447254725865
gep05,00,2026-05-05,2026-05-14,gcrew,noaa_gefs,05,Rain_mm_sum,9,0
gep05,00,2026-05-05,2026-05-14,gcrew,noaa_gefs,05,ShortwaveRadiation_Wm2,9,409.2857142857143
gep05,00,2026-05-05,2026-05-14,gcrew,noaa_gefs,05,WindSpeed_ms_mean,9,4.204724101810366
gep05,00,2026-05-05,2026-05-15,gcrew,noaa_gefs,05,AirTemp_C_mean,10,13.895341491699241
gep05,00,2026-05-05,2026-05-15,gcrew,noaa_gefs,05,Pressure_Pa,10,101770.98828125
gep05,00,2026-05-05,2026-05-15,gcrew,noaa_gefs,05,RH_percent_mean,10,59.39558792114258
gep05,00,2026-05-05,2026-05-15,gcrew,noaa_gefs,05,Rain_mm_sum,10,0
gep05,00,2026-05-05,2026-05-15,gcrew,noaa_gefs,05,ShortwaveRadiation_Wm2,10,329.5
gep05,00,2026-05-05,2026-05-15,gcrew,noaa_gefs,05,WindSpeed_ms_mean,10,4.301648184988208
gep05,00,2026-05-05,2026-05-16,gcrew,noaa_gefs,05,AirTemp_C_mean,11,12.16132507324221
gep05,00,2026-05-05,2026-05-16,gcrew,noaa_gefs,05,Pressure_Pa,11,101347.048828125
gep05,00,2026-05-05,2026-05-16,gcrew,noaa_gefs,05,RH_percent_mean,11,85.79068565368652
gep05,00,2026-05-05,2026-05-16,gcrew,noaa_gefs,05,Rain_mm_sum,11,3.5000000596046448
gep05,00,2026-05-05,2026-05-16,gcrew,noaa_gefs,05,ShortwaveRadiation_Wm2,11,57.25
gep05,00,2026-05-05,2026-05-16,gcrew,noaa_gefs,05,WindSpeed_ms_mean,11,3.5957713274021446
gep05,00,2026-05-05,2026-05-17,gcrew,noaa_gefs,05,AirTemp_C_mean,12,12.39740905761721
gep05,00,2026-05-05,2026-05-17,gcrew,noaa_gefs,05,Pressure_Pa,12,101498.666015625
gep05,00,2026-05-05,2026-05-17,gcrew,noaa_gefs,05,RH_percent_mean,12,85.35811996459961
gep05,00,2026-05-05,2026-05-17,gcrew,noaa_gefs,05,Rain_mm_sum,12,12.600000239908695
gep05,00,2026-05-05,2026-05-17,gcrew,noaa_gefs,05,ShortwaveRadiation_Wm2,12,68.75
gep05,00,2026-05-05,2026-05-17,gcrew,noaa_gefs,05,WindSpeed_ms_mean,12,4.4423147677144765
gep05,00,2026-05-05,2026-05-18,gcrew,noaa_gefs,05,AirTemp_C_mean,13,12.796853637695335
gep05,00,2026-05-05,2026-05-18,gcrew,noaa_gefs,05,Pressure_Pa,13,102275.958984375
gep05,00,2026-05-05,2026-05-18,gcrew,noaa_gefs,05,RH_percent_mean,13,75.41705131530762
gep05,00,2026-05-05,2026-05-18,gcrew,noaa_gefs,05,Rain_mm_sum,13,3.5000000968575478
gep05,00,2026-05-05,2026-05-18,gcrew,noaa_gefs,05,ShortwaveRadiation_Wm2,13,67.25
gep05,00,2026-05-05,2026-05-18,gcrew,noaa_gefs,05,WindSpeed_ms_mean,13,4.947630717288071
gep05,00,2026-05-05,2026-05-19,gcrew,noaa_gefs,05,AirTemp_C_mean,14,15.980165100097679
gep05,00,2026-05-05,2026-05-19,gcrew,noaa_gefs,05,Pressure_Pa,14,101818.97265625
gep05,00,2026-05-05,2026-05-19,gcrew,noaa_gefs,05,RH_percent_mean,14,94.8867244720459
gep05,00,2026-05-05,2026-05-19,gcrew,noaa_gefs,05,Rain_mm_sum,14,13.600000202655792
gep05,00,2026-05-05,2026-05-19,gcrew,noaa_gefs,05,ShortwaveRadiation_Wm2,14,56.75
gep05,00,2026-05-05,2026-05-19,gcrew,noaa_gefs,05,WindSpeed_ms_mean,14,5.998326923740712
gep05,00,2026-05-05,2026-05-20,gcrew,noaa_gefs,05,AirTemp_C_mean,15,16.34876403808596
gep05,00,2026-05-05,2026-05-20,gcrew,noaa_gefs,05,Pressure_Pa,15,101606.828125
gep05,00,2026-05-05,2026-05-20,gcrew,noaa_gefs,05,RH_percent_mean,15,89.96279335021973
gep05,00,2026-05-05,2026-05-20,gcrew,noaa_gefs,05,Rain_mm_sum,15,0.9000000283122063
gep05,00,2026-05-05,2026-05-20,gcrew,noaa_gefs,05,ShortwaveRadiation_Wm2,15,66.75
gep05,00,2026-05-05,2026-05-20,gcrew,noaa_gefs,05,WindSpeed_ms_mean,15,5.274919119101563
gep05,00,2026-05-05,2026-05-21,gcrew,noaa_gefs,05,AirTemp_C_mean,16,17.079988098144554
gep05,00,2026-05-05,2026-05-21,gcrew,noaa_gefs,05,Pressure_Pa,16,101430.228515625
gep05,00,2026-05-05,2026-05-21,gcrew,noaa_gefs,05,RH_percent_mean,16,92.32025718688965
gep05,00,2026-05-05,2026-05-21,gcrew,noaa_gefs,05,Rain_mm_sum,16,3.6000001206994057
gep05,00,2026-05-05,2026-05-21,gcrew,noaa_gefs,05,ShortwaveRadiation_Wm2,16,134.75
gep05,00,2026-05-05,2026-05-21,gcrew,noaa_gefs,05,WindSpeed_ms_mean,16,4.749984768270614
gep05,00,2026-05-05,2026-05-22,gcrew,noaa_gefs,05,AirTemp_C_mean,17,19.45788726806643
gep05,00,2026-05-05,2026-05-22,gcrew,noaa_gefs,05,Pressure_Pa,17,101787.37109375
gep05,00,2026-05-05,2026-05-22,gcrew,noaa_gefs,05,RH_percent_mean,17,86.58370208740234
gep05,00,2026-05-05,2026-05-22,gcrew,noaa_gefs,05,Rain_mm_sum,17,0.10000000149011612
gep05,00,2026-05-05,2026-05-22,gcrew,noaa_gefs,05,ShortwaveRadiation_Wm2,17,329.5
gep05,00,2026-05-05,2026-05-22,gcrew,noaa_gefs,05,WindSpeed_ms_mean,17,3.421951902917886
gep05,00,2026-05-05,2026-05-23,gcrew,noaa_gefs,05,AirTemp_C_mean,18,19.32135925292971
gep05,00,2026-05-05,2026-05-23,gcrew,noaa_gefs,05,Pressure_Pa,18,102091.19140625
gep05,00,2026-05-05,2026-05-23,gcrew,noaa_gefs,05,RH_percent_mean,18,88.211029052734375
gep05,00,2026-05-05,2026-05-23,gcrew,noaa_gefs,05,Rain_mm_sum,18,0.30000000447034836
gep05,00,2026-05-05,2026-05-23,gcrew,noaa_gefs,05,ShortwaveRadiation_Wm2,18,304
gep05,00,2026-05-05,2026-05-23,gcrew,noaa_gefs,05,WindSpeed_ms_mean,18,2.9632516322381934
gep05,00,2026-05-05,2026-05-24,gcrew,noaa_gefs,05,AirTemp_C_mean,19,19.627183532714866
gep05,00,2026-05-05,2026-05-24,gcrew,noaa_gefs,05,Pressure_Pa,19,102131.763671875
gep05,00,2026-05-05,2026-05-24,gcrew,noaa_gefs,05,RH_percent_mean,19,88.8326587677002
gep05,00,2026-05-05,2026-05-24,gcrew,noaa_gefs,05,Rain_mm_sum,19,0.4000000059604645
gep05,00,2026-05-05,2026-05-24,gcrew,noaa_gefs,05,ShortwaveRadiation_Wm2,19,312.75
gep05,00,2026-05-05,2026-05-24,gcrew,noaa_gefs,05,WindSpeed_ms_mean,19,3.353299723512114
gep05,00,2026-05-05,2026-05-25,gcrew,noaa_gefs,05,AirTemp_C_mean,20,22.220193481445335
gep05,00,2026-05-05,2026-05-25,gcrew,noaa_gefs,05,Pressure_Pa,20,101920.87109375
gep05,00,2026-05-05,2026-05-25,gcrew,noaa_gefs,05,RH_percent_mean,20,80.57049751281738
gep05,00,2026-05-05,2026-05-25,gcrew,noaa_gefs,05,Rain_mm_sum,20,0
gep05,00,2026-05-05,2026-05-25,gcrew,noaa_gefs,05,ShortwaveRadiation_Wm2,20,332
gep05,00,2026-05-05,2026-05-25,gcrew,noaa_gefs,05,WindSpeed_ms_mean,20,2.332214280423385
gep05,00,2026-05-05,2026-05-26,gcrew,noaa_gefs,05,AirTemp_C_mean,21,23.644677734375023
gep05,00,2026-05-05,2026-05-26,gcrew,noaa_gefs,05,Pressure_Pa,21,101732.607421875
gep05,00,2026-05-05,2026-05-26,gcrew,noaa_gefs,05,RH_percent_mean,21,77.47503280639648
gep05,00,2026-05-05,2026-05-26,gcrew,noaa_gefs,05,Rain_mm_sum,21,0.30000000447034836
gep05,00,2026-05-05,2026-05-26,gcrew,noaa_gefs,05,ShortwaveRadiation_Wm2,21,329.75
gep05,00,2026-05-05,2026-05-26,gcrew,noaa_gefs,05,WindSpeed_ms_mean,21,3.7429728329099072
gep05,00,2026-05-05,2026-05-27,gcrew,noaa_gefs,05,AirTemp_C_mean,22,21.092683410644554
gep05,00,2026-05-05,2026-05-27,gcrew,noaa_gefs,05,Pressure_Pa,22,101740.51953125
gep05,00,2026-05-05,2026-05-27,gcrew,noaa_gefs,05,RH_percent_mean,22,84.3672924041748
gep05,00,2026-05-05,2026-05-27,gcrew,noaa_gefs,05,Rain_mm_sum,22,0
gep05,00,2026-05-05,2026-05-27,gcrew,noaa_gefs,05,ShortwaveRadiation_Wm2,22,312.5
gep05,00,2026-05-05,2026-05-27,gcrew,noaa_gefs,05,WindSpeed_ms_mean,22,2.700000293540816
gep05,00,2026-05-05,2026-05-28,gcrew,noaa_gefs,05,AirTemp_C_mean,23,23.88488922119143
gep05,00,2026-05-05,2026-05-28,gcrew,noaa_gefs,05,Pressure_Pa,23,101347.58984375
gep05,00,2026-05-05,2026-05-28,gcrew,noaa_gefs,05,RH_percent_mean,23,75.04574775695801
gep05,00,2026-05-05,2026-05-28,gcrew,noaa_gefs,05,Rain_mm_sum,23,0
gep05,00,2026-05-05,2026-05-28,gcrew,noaa_gefs,05,ShortwaveRadiation_Wm2,23,335.5
gep05,00,2026-05-05,2026-05-28,gcrew,noaa_gefs,05,WindSpeed_ms_mean,23,2.335344468510624
gep05,00,2026-05-05,2026-05-29,gcrew,noaa_gefs,05,AirTemp_C_mean,24,24.74714050292971
gep05,00,2026-05-05,2026-05-29,gcrew,noaa_gefs,05,Pressure_Pa,24,101476.5703125
gep05,00,2026-05-05,2026-05-29,gcrew,noaa_gefs,05,RH_percent_mean,24,72.64131832122803
gep05,00,2026-05-05,2026-05-29,gcrew,noaa_gefs,05,Rain_mm_sum,24,0
gep05,00,2026-05-05,2026-05-29,gcrew,noaa_gefs,05,ShortwaveRadiation_Wm2,24,336
gep05,00,2026-05-05,2026-05-29,gcrew,noaa_gefs,05,WindSpeed_ms_mean,24,1.9586284146796837
gep05,00,2026-05-05,2026-05-30,gcrew,noaa_gefs,05,AirTemp_C_mean,25,24.066796875000023
gep05,00,2026-05-05,2026-05-30,gcrew,noaa_gefs,05,Pressure_Pa,25,101384.1875
gep05,00,2026-05-05,2026-05-30,gcrew,noaa_gefs,05,RH_percent_mean,25,71.36553287506104
gep05,00,2026-05-05,2026-05-30,gcrew,noaa_gefs,05,Rain_mm_sum,25,2.100000001490116
gep05,00,2026-05-05,2026-05-30,gcrew,noaa_gefs,05,ShortwaveRadiation_Wm2,25,336.25
gep05,00,2026-05-05,2026-05-30,gcrew,noaa_gefs,05,WindSpeed_ms_mean,25,2.5700304546198396
gep05,00,2026-05-05,2026-05-31,gcrew,noaa_gefs,05,AirTemp_C_mean,26,20.107537841796898
gep05,00,2026-05-05,2026-05-31,gcrew,noaa_gefs,05,Pressure_Pa,26,101421.41015625
gep05,00,2026-05-05,2026-05-31,gcrew,noaa_gefs,05,RH_percent_mean,26,79.97546768188477
gep05,00,2026-05-05,2026-05-31,gcrew,noaa_gefs,05,Rain_mm_sum,26,7.199999928474426
gep05,00,2026-05-05,2026-05-31,gcrew,noaa_gefs,05,ShortwaveRadiation_Wm2,26,204.5
gep05,00,2026-05-05,2026-05-31,gcrew,noaa_gefs,05,WindSpeed_ms_mean,26,4.440413293057745
gep05,00,2026-05-05,2026-06-01,gcrew,noaa_gefs,05,AirTemp_C_mean,27,18.903489685058616
gep05,00,2026-05-05,2026-06-01,gcrew,noaa_gefs,05,Pressure_Pa,27,101613.822265625
gep05,00,2026-05-05,2026-06-01,gcrew,noaa_gefs,05,RH_percent_mean,27,79.74879264831543
gep05,00,2026-05-05,2026-06-01,gcrew,noaa_gefs,05,Rain_mm_sum,27,0.20000000298023224
gep05,00,2026-05-05,2026-06-01,gcrew,noaa_gefs,05,ShortwaveRadiation_Wm2,27,202
gep05,00,2026-05-05,2026-06-01,gcrew,noaa_gefs,05,WindSpeed_ms_mean,27,2.8618370667271793
gep05,00,2026-05-05,2026-06-02,gcrew,noaa_gefs,05,AirTemp_C_mean,28,23.729150390625023
gep05,00,2026-05-05,2026-06-02,gcrew,noaa_gefs,05,Pressure_Pa,28,101406.4609375
gep05,00,2026-05-05,2026-06-02,gcrew,noaa_gefs,05,RH_percent_mean,28,75.83053302764893
gep05,00,2026-05-05,2026-06-02,gcrew,noaa_gefs,05,Rain_mm_sum,28,4.800000190734863
gep05,00,2026-05-05,2026-06-02,gcrew,noaa_gefs,05,ShortwaveRadiation_Wm2,28,303.25
gep05,00,2026-05-05,2026-06-02,gcrew,noaa_gefs,05,WindSpeed_ms_mean,28,5.180342789756921
gep05,00,2026-05-05,2026-06-03,gcrew,noaa_gefs,05,AirTemp_C_mean,29,22.64240417480471
gep05,00,2026-05-05,2026-06-03,gcrew,noaa_gefs,05,Pressure_Pa,29,101480.6875
gep05,00,2026-05-05,2026-06-03,gcrew,noaa_gefs,05,RH_percent_mean,29,91.867095947265625
gep05,00,2026-05-05,2026-06-03,gcrew,noaa_gefs,05,Rain_mm_sum,29,24.700000166893005
gep05,00,2026-05-05,2026-06-03,gcrew,noaa_gefs,05,ShortwaveRadiation_Wm2,29,176
gep05,00,2026-05-05,2026-06-03,gcrew,noaa_gefs,05,WindSpeed_ms_mean,29,2.8103379804635074
gep05,00,2026-05-05,2026-06-04,gcrew,noaa_gefs,05,AirTemp_C_mean,30,21.24726257324221
gep05,00,2026-05-05,2026-06-04,gcrew,noaa_gefs,05,Pressure_Pa,30,100902.5
gep05,00,2026-05-05,2026-06-04,gcrew,noaa_gefs,05,RH_percent_mean,30,94.49777412414551
gep05,00,2026-05-05,2026-06-04,gcrew,noaa_gefs,05,Rain_mm_sum,30,15.800000429153442
gep05,00,2026-05-05,2026-06-04,gcrew,noaa_gefs,05,ShortwaveRadiation_Wm2,30,96
gep05,00,2026-05-05,2026-06-04,gcrew,noaa_gefs,05,WindSpeed_ms_mean,30,3.624733268214592
gep05,00,2026-05-05,2026-06-05,gcrew,noaa_gefs,05,AirTemp_C_mean,31,17.98151550292971
gep05,00,2026-05-05,2026-06-05,gcrew,noaa_gefs,05,Pressure_Pa,31,101233.8671875
gep05,00,2026-05-05,2026-06-05,gcrew,noaa_gefs,05,RH_percent_mean,31,85.09179496765137
gep05,00,2026-05-05,2026-06-05,gcrew,noaa_gefs,05,Rain_mm_sum,31,0
gep05,00,2026-05-05,2026-06-05,gcrew,noaa_gefs,05,ShortwaveRadiation_Wm2,31,204
gep05,00,2026-05-05,2026-06-05,gcrew,noaa_gefs,05,WindSpeed_ms_mean,31,3.6137171777527146
gep05,00,2026-05-05,2026-06-06,gcrew,noaa_gefs,05,AirTemp_C_mean,32,18.68531188964846
gep05,00,2026-05-05,2026-06-06,gcrew,noaa_gefs,05,Pressure_Pa,32,101418.689453125
gep05,00,2026-05-05,2026-06-06,gcrew,noaa_gefs,05,RH_percent_mean,32,90.20104598999023
gep05,00,2026-05-05,2026-06-06,gcrew,noaa_gefs,05,Rain_mm_sum,32,0.30000000447034836
gep05,00,2026-05-05,2026-06-06,gcrew,noaa_gefs,05,ShortwaveRadiation_Wm2,32,107.25
gep05,00,2026-05-05,2026-06-06,gcrew,noaa_gefs,05,WindSpeed_ms_mean,32,3.7730996520469398
gep05,00,2026-05-05,2026-06-07,gcrew,noaa_gefs,05,AirTemp_C_mean,33,24.139627075195335
gep05,00,2026-05-05,2026-06-07,gcrew,noaa_gefs,05,Pressure_Pa,33,100801.1328125
gep05,00,2026-05-05,2026-06-07,gcrew,noaa_gefs,05,RH_percent_mean,33,81.9941577911377
gep05,00,2026-05-05,2026-06-07,gcrew,noaa_gefs,05,Rain_mm_sum,33,12.999999798834324
gep05,00,2026-05-05,2026-06-07,gcrew,noaa_gefs,05,ShortwaveRadiation_Wm2,33,304.5
gep05,00,2026-05-05,2026-06-07,gcrew,noaa_gefs,05,WindSpeed_ms_mean,33,5.214782697026351
gep05,00,2026-05-05,2026-06-08,gcrew,noaa_gefs,05,AirTemp_C_mean,34,26.755662536621116
gep05,00,2026-05-05,2026-06-08,gcrew,noaa_gefs,05,Pressure_Pa,34,100443.1796875
gep05,00,2026-05-05,2026-06-08,gcrew,noaa_gefs,05,RH_percent_mean,34,68.95762729644775
gep05,00,2026-05-05,2026-06-08,gcrew,noaa_gefs,05,Rain_mm_sum,34,0.4000000134110451
gep05,00,2026-05-05,2026-06-08,gcrew,noaa_gefs,05,ShortwaveRadiation_Wm2,34,343
gep05,00,2026-05-05,2026-06-08,gcrew,noaa_gefs,05,WindSpeed_ms_mean,34,4.0934983365823845
gep06,00,2026-05-05,2026-05-06,gcrew,noaa_gefs,06,AirTemp_C_mean,1,18.317830657959007
gep06,00,2026-05-05,2026-05-06,gcrew,noaa_gefs,06,Pressure_Pa,1,100742.3876953125
gep06,00,2026-05-05,2026-05-06,gcrew,noaa_gefs,06,RH_percent_mean,1,73.999520778656
gep06,00,2026-05-05,2026-05-06,gcrew,noaa_gefs,06,Rain_mm_sum,1,2.9600000381469727
gep06,00,2026-05-05,2026-05-06,gcrew,noaa_gefs,06,ShortwaveRadiation_Wm2,1,112.5
gep06,00,2026-05-05,2026-05-06,gcrew,noaa_gefs,06,WindSpeed_ms_mean,1,7.9482961228732085
gep06,00,2026-05-05,2026-05-07,gcrew,noaa_gefs,06,AirTemp_C_mean,2,13.421441650390648
gep06,00,2026-05-05,2026-05-07,gcrew,noaa_gefs,06,Pressure_Pa,2,100609.435546875
gep06,00,2026-05-05,2026-05-07,gcrew,noaa_gefs,06,RH_percent_mean,2,79.55949878692627
gep06,00,2026-05-05,2026-05-07,gcrew,noaa_gefs,06,Rain_mm_sum,2,3.900000110268593
gep06,00,2026-05-05,2026-05-07,gcrew,noaa_gefs,06,ShortwaveRadiation_Wm2,2,80.875
gep06,00,2026-05-05,2026-05-07,gcrew,noaa_gefs,06,WindSpeed_ms_mean,2,3.7877215286509998
gep06,00,2026-05-05,2026-05-08,gcrew,noaa_gefs,06,AirTemp_C_mean,3,13.444238281250023
gep06,00,2026-05-05,2026-05-08,gcrew,noaa_gefs,06,Pressure_Pa,3,101029.4677734375
gep06,00,2026-05-05,2026-05-08,gcrew,noaa_gefs,06,RH_percent_mean,3,59.61912775039673
gep06,00,2026-05-05,2026-05-08,gcrew,noaa_gefs,06,Rain_mm_sum,3,0
gep06,00,2026-05-05,2026-05-08,gcrew,noaa_gefs,06,ShortwaveRadiation_Wm2,3,310.125
gep06,00,2026-05-05,2026-05-08,gcrew,noaa_gefs,06,WindSpeed_ms_mean,3,4.101767998187636
gep06,00,2026-05-05,2026-05-09,gcrew,noaa_gefs,06,AirTemp_C_mean,4,14.683034515380882
gep06,00,2026-05-05,2026-05-09,gcrew,noaa_gefs,06,Pressure_Pa,4,100504.6123046875
gep06,00,2026-05-05,2026-05-09,gcrew,noaa_gefs,06,RH_percent_mean,4,69.38001728057861
gep06,00,2026-05-05,2026-05-09,gcrew,noaa_gefs,06,Rain_mm_sum,4,3.40000007301569
gep06,00,2026-05-05,2026-05-09,gcrew,noaa_gefs,06,ShortwaveRadiation_Wm2,4,223.375
gep06,00,2026-05-05,2026-05-09,gcrew,noaa_gefs,06,WindSpeed_ms_mean,4,6.089498847817228
gep06,00,2026-05-05,2026-05-10,gcrew,noaa_gefs,06,AirTemp_C_mean,5,14.039365386962913
gep06,00,2026-05-05,2026-05-10,gcrew,noaa_gefs,06,Pressure_Pa,5,101038.7626953125
gep06,00,2026-05-05,2026-05-10,gcrew,noaa_gefs,06,RH_percent_mean,5,62.28422451019287
gep06,00,2026-05-05,2026-05-10,gcrew,noaa_gefs,06,Rain_mm_sum,5,0.4000000059604645
gep06,00,2026-05-05,2026-05-10,gcrew,noaa_gefs,06,ShortwaveRadiation_Wm2,5,321.875
gep06,00,2026-05-05,2026-05-10,gcrew,noaa_gefs,06,WindSpeed_ms_mean,5,4.465990950670339
gep06,00,2026-05-05,2026-05-11,gcrew,noaa_gefs,06,AirTemp_C_mean,6,15.007703399658226
gep06,00,2026-05-05,2026-05-11,gcrew,noaa_gefs,06,Pressure_Pa,6,100972.99609375
gep06,00,2026-05-05,2026-05-11,gcrew,noaa_gefs,06,RH_percent_mean,6,83.72281455993652
gep06,00,2026-05-05,2026-05-11,gcrew,noaa_gefs,06,Rain_mm_sum,6,10.500000238418579
gep06,00,2026-05-05,2026-05-11,gcrew,noaa_gefs,06,ShortwaveRadiation_Wm2,6,318.375
gep06,00,2026-05-05,2026-05-11,gcrew,noaa_gefs,06,WindSpeed_ms_mean,6,3.020219501521629
gep06,00,2026-05-05,2026-05-12,gcrew,noaa_gefs,06,AirTemp_C_mean,7,16.333001708984398
gep06,00,2026-05-05,2026-05-12,gcrew,noaa_gefs,06,Pressure_Pa,7,100487.9833984375
gep06,00,2026-05-05,2026-05-12,gcrew,noaa_gefs,06,RH_percent_mean,7,91.72346305847168
gep06,00,2026-05-05,2026-05-12,gcrew,noaa_gefs,06,Rain_mm_sum,7,22.080000452697277
gep06,00,2026-05-05,2026-05-12,gcrew,noaa_gefs,06,ShortwaveRadiation_Wm2,7,141.625
gep06,00,2026-05-05,2026-05-12,gcrew,noaa_gefs,06,WindSpeed_ms_mean,7,4.752930619586684
gep06,00,2026-05-05,2026-05-13,gcrew,noaa_gefs,06,AirTemp_C_mean,8,13.859941101074241
gep06,00,2026-05-05,2026-05-13,gcrew,noaa_gefs,06,Pressure_Pa,8,100950.2314453125
gep06,00,2026-05-05,2026-05-13,gcrew,noaa_gefs,06,RH_percent_mean,8,60.64580154418945
gep06,00,2026-05-05,2026-05-13,gcrew,noaa_gefs,06,Rain_mm_sum,8,0.699999988079071
gep06,00,2026-05-05,2026-05-13,gcrew,noaa_gefs,06,ShortwaveRadiation_Wm2,8,357.5
gep06,00,2026-05-05,2026-05-13,gcrew,noaa_gefs,06,WindSpeed_ms_mean,8,5.016160868788954
gep06,00,2026-05-05,2026-05-14,gcrew,noaa_gefs,06,AirTemp_C_mean,9,13.323288399832611
gep06,00,2026-05-05,2026-05-14,gcrew,noaa_gefs,06,Pressure_Pa,9,101724.66852678571
gep06,00,2026-05-05,2026-05-14,gcrew,noaa_gefs,06,RH_percent_mean,9,54.3447254725865
gep06,00,2026-05-05,2026-05-14,gcrew,noaa_gefs,06,Rain_mm_sum,9,0
gep06,00,2026-05-05,2026-05-14,gcrew,noaa_gefs,06,ShortwaveRadiation_Wm2,9,409.2857142857143
gep06,00,2026-05-05,2026-05-14,gcrew,noaa_gefs,06,WindSpeed_ms_mean,9,4.204724101810366
gep06,00,2026-05-05,2026-05-15,gcrew,noaa_gefs,06,AirTemp_C_mean,10,13.895341491699241
gep06,00,2026-05-05,2026-05-15,gcrew,noaa_gefs,06,Pressure_Pa,10,101770.98828125
gep06,00,2026-05-05,2026-05-15,gcrew,noaa_gefs,06,RH_percent_mean,10,59.39558792114258
gep06,00,2026-05-05,2026-05-15,gcrew,noaa_gefs,06,Rain_mm_sum,10,0
gep06,00,2026-05-05,2026-05-15,gcrew,noaa_gefs,06,ShortwaveRadiation_Wm2,10,329.5
gep06,00,2026-05-05,2026-05-15,gcrew,noaa_gefs,06,WindSpeed_ms_mean,10,4.301648184988208
gep06,00,2026-05-05,2026-05-16,gcrew,noaa_gefs,06,AirTemp_C_mean,11,12.16132507324221
gep06,00,2026-05-05,2026-05-16,gcrew,noaa_gefs,06,Pressure_Pa,11,101347.048828125
gep06,00,2026-05-05,2026-05-16,gcrew,noaa_gefs,06,RH_percent_mean,11,85.79068565368652
gep06,00,2026-05-05,2026-05-16,gcrew,noaa_gefs,06,Rain_mm_sum,11,3.5000000596046448
gep06,00,2026-05-05,2026-05-16,gcrew,noaa_gefs,06,ShortwaveRadiation_Wm2,11,57.25
gep06,00,2026-05-05,2026-05-16,gcrew,noaa_gefs,06,WindSpeed_ms_mean,11,3.5957713274021446
gep06,00,2026-05-05,2026-05-17,gcrew,noaa_gefs,06,AirTemp_C_mean,12,12.39740905761721
gep06,00,2026-05-05,2026-05-17,gcrew,noaa_gefs,06,Pressure_Pa,12,101498.666015625
gep06,00,2026-05-05,2026-05-17,gcrew,noaa_gefs,06,RH_percent_mean,12,85.35811996459961
gep06,00,2026-05-05,2026-05-17,gcrew,noaa_gefs,06,Rain_mm_sum,12,12.600000239908695
gep06,00,2026-05-05,2026-05-17,gcrew,noaa_gefs,06,ShortwaveRadiation_Wm2,12,68.75
gep06,00,2026-05-05,2026-05-17,gcrew,noaa_gefs,06,WindSpeed_ms_mean,12,4.4423147677144765
gep06,00,2026-05-05,2026-05-18,gcrew,noaa_gefs,06,AirTemp_C_mean,13,12.796853637695335
gep06,00,2026-05-05,2026-05-18,gcrew,noaa_gefs,06,Pressure_Pa,13,102275.958984375
gep06,00,2026-05-05,2026-05-18,gcrew,noaa_gefs,06,RH_percent_mean,13,75.41705131530762
gep06,00,2026-05-05,2026-05-18,gcrew,noaa_gefs,06,Rain_mm_sum,13,3.5000000968575478
gep06,00,2026-05-05,2026-05-18,gcrew,noaa_gefs,06,ShortwaveRadiation_Wm2,13,67.25
gep06,00,2026-05-05,2026-05-18,gcrew,noaa_gefs,06,WindSpeed_ms_mean,13,4.947630717288071
gep06,00,2026-05-05,2026-05-19,gcrew,noaa_gefs,06,AirTemp_C_mean,14,15.980165100097679
gep06,00,2026-05-05,2026-05-19,gcrew,noaa_gefs,06,Pressure_Pa,14,101818.97265625
gep06,00,2026-05-05,2026-05-19,gcrew,noaa_gefs,06,RH_percent_mean,14,94.8867244720459
gep06,00,2026-05-05,2026-05-19,gcrew,noaa_gefs,06,Rain_mm_sum,14,13.600000202655792
gep06,00,2026-05-05,2026-05-19,gcrew,noaa_gefs,06,ShortwaveRadiation_Wm2,14,56.75
gep06,00,2026-05-05,2026-05-19,gcrew,noaa_gefs,06,WindSpeed_ms_mean,14,5.998326923740712
gep06,00,2026-05-05,2026-05-20,gcrew,noaa_gefs,06,AirTemp_C_mean,15,16.34876403808596
gep06,00,2026-05-05,2026-05-20,gcrew,noaa_gefs,06,Pressure_Pa,15,101606.828125
gep06,00,2026-05-05,2026-05-20,gcrew,noaa_gefs,06,RH_percent_mean,15,89.96279335021973
gep06,00,2026-05-05,2026-05-20,gcrew,noaa_gefs,06,Rain_mm_sum,15,0.9000000283122063
gep06,00,2026-05-05,2026-05-20,gcrew,noaa_gefs,06,ShortwaveRadiation_Wm2,15,66.75
gep06,00,2026-05-05,2026-05-20,gcrew,noaa_gefs,06,WindSpeed_ms_mean,15,5.274919119101563
gep06,00,2026-05-05,2026-05-21,gcrew,noaa_gefs,06,AirTemp_C_mean,16,17.079988098144554
gep06,00,2026-05-05,2026-05-21,gcrew,noaa_gefs,06,Pressure_Pa,16,101430.228515625
gep06,00,2026-05-05,2026-05-21,gcrew,noaa_gefs,06,RH_percent_mean,16,92.32025718688965
gep06,00,2026-05-05,2026-05-21,gcrew,noaa_gefs,06,Rain_mm_sum,16,3.6000001206994057
gep06,00,2026-05-05,2026-05-21,gcrew,noaa_gefs,06,ShortwaveRadiation_Wm2,16,134.75
gep06,00,2026-05-05,2026-05-21,gcrew,noaa_gefs,06,WindSpeed_ms_mean,16,4.749984768270614
gep06,00,2026-05-05,2026-05-22,gcrew,noaa_gefs,06,AirTemp_C_mean,17,19.45788726806643
gep06,00,2026-05-05,2026-05-22,gcrew,noaa_gefs,06,Pressure_Pa,17,101787.37109375
gep06,00,2026-05-05,2026-05-22,gcrew,noaa_gefs,06,RH_percent_mean,17,86.58370208740234
gep06,00,2026-05-05,2026-05-22,gcrew,noaa_gefs,06,Rain_mm_sum,17,0.10000000149011612
gep06,00,2026-05-05,2026-05-22,gcrew,noaa_gefs,06,ShortwaveRadiation_Wm2,17,329.5
gep06,00,2026-05-05,2026-05-22,gcrew,noaa_gefs,06,WindSpeed_ms_mean,17,3.421951902917886
gep06,00,2026-05-05,2026-05-23,gcrew,noaa_gefs,06,AirTemp_C_mean,18,19.32135925292971
gep06,00,2026-05-05,2026-05-23,gcrew,noaa_gefs,06,Pressure_Pa,18,102091.19140625
gep06,00,2026-05-05,2026-05-23,gcrew,noaa_gefs,06,RH_percent_mean,18,88.211029052734375
gep06,00,2026-05-05,2026-05-23,gcrew,noaa_gefs,06,Rain_mm_sum,18,0.30000000447034836
gep06,00,2026-05-05,2026-05-23,gcrew,noaa_gefs,06,ShortwaveRadiation_Wm2,18,304
gep06,00,2026-05-05,2026-05-23,gcrew,noaa_gefs,06,WindSpeed_ms_mean,18,2.9632516322381934
gep06,00,2026-05-05,2026-05-24,gcrew,noaa_gefs,06,AirTemp_C_mean,19,19.627183532714866
gep06,00,2026-05-05,2026-05-24,gcrew,noaa_gefs,06,Pressure_Pa,19,102131.763671875
gep06,00,2026-05-05,2026-05-24,gcrew,noaa_gefs,06,RH_percent_mean,19,88.8326587677002
gep06,00,2026-05-05,2026-05-24,gcrew,noaa_gefs,06,Rain_mm_sum,19,0.4000000059604645
gep06,00,2026-05-05,2026-05-24,gcrew,noaa_gefs,06,ShortwaveRadiation_Wm2,19,312.75
gep06,00,2026-05-05,2026-05-24,gcrew,noaa_gefs,06,WindSpeed_ms_mean,19,3.353299723512114
gep06,00,2026-05-05,2026-05-25,gcrew,noaa_gefs,06,AirTemp_C_mean,20,22.220193481445335
gep06,00,2026-05-05,2026-05-25,gcrew,noaa_gefs,06,Pressure_Pa,20,101920.87109375
gep06,00,2026-05-05,2026-05-25,gcrew,noaa_gefs,06,RH_percent_mean,20,80.57049751281738
gep06,00,2026-05-05,2026-05-25,gcrew,noaa_gefs,06,Rain_mm_sum,20,0
gep06,00,2026-05-05,2026-05-25,gcrew,noaa_gefs,06,ShortwaveRadiation_Wm2,20,332
gep06,00,2026-05-05,2026-05-25,gcrew,noaa_gefs,06,WindSpeed_ms_mean,20,2.332214280423385
gep06,00,2026-05-05,2026-05-26,gcrew,noaa_gefs,06,AirTemp_C_mean,21,23.644677734375023
gep06,00,2026-05-05,2026-05-26,gcrew,noaa_gefs,06,Pressure_Pa,21,101732.607421875
gep06,00,2026-05-05,2026-05-26,gcrew,noaa_gefs,06,RH_percent_mean,21,77.47503280639648
gep06,00,2026-05-05,2026-05-26,gcrew,noaa_gefs,06,Rain_mm_sum,21,0.30000000447034836
gep06,00,2026-05-05,2026-05-26,gcrew,noaa_gefs,06,ShortwaveRadiation_Wm2,21,329.75
gep06,00,2026-05-05,2026-05-26,gcrew,noaa_gefs,06,WindSpeed_ms_mean,21,3.7429728329099072
gep06,00,2026-05-05,2026-05-27,gcrew,noaa_gefs,06,AirTemp_C_mean,22,21.092683410644554
gep06,00,2026-05-05,2026-05-27,gcrew,noaa_gefs,06,Pressure_Pa,22,101740.51953125
gep06,00,2026-05-05,2026-05-27,gcrew,noaa_gefs,06,RH_percent_mean,22,84.3672924041748
gep06,00,2026-05-05,2026-05-27,gcrew,noaa_gefs,06,Rain_mm_sum,22,0
gep06,00,2026-05-05,2026-05-27,gcrew,noaa_gefs,06,ShortwaveRadiation_Wm2,22,312.5
gep06,00,2026-05-05,2026-05-27,gcrew,noaa_gefs,06,WindSpeed_ms_mean,22,2.700000293540816
gep06,00,2026-05-05,2026-05-28,gcrew,noaa_gefs,06,AirTemp_C_mean,23,23.88488922119143
gep06,00,2026-05-05,2026-05-28,gcrew,noaa_gefs,06,Pressure_Pa,23,101347.58984375
gep06,00,2026-05-05,2026-05-28,gcrew,noaa_gefs,06,RH_percent_mean,23,75.04574775695801
gep06,00,2026-05-05,2026-05-28,gcrew,noaa_gefs,06,Rain_mm_sum,23,0
gep06,00,2026-05-05,2026-05-28,gcrew,noaa_gefs,06,ShortwaveRadiation_Wm2,23,335.5
gep06,00,2026-05-05,2026-05-28,gcrew,noaa_gefs,06,WindSpeed_ms_mean,23,2.335344468510624
gep06,00,2026-05-05,2026-05-29,gcrew,noaa_gefs,06,AirTemp_C_mean,24,24.74714050292971
gep06,00,2026-05-05,2026-05-29,gcrew,noaa_gefs,06,Pressure_Pa,24,101476.5703125
gep06,00,2026-05-05,2026-05-29,gcrew,noaa_gefs,06,RH_percent_mean,24,72.64131832122803
gep06,00,2026-05-05,2026-05-29,gcrew,noaa_gefs,06,Rain_mm_sum,24,0
gep06,00,2026-05-05,2026-05-29,gcrew,noaa_gefs,06,ShortwaveRadiation_Wm2,24,336
gep06,00,2026-05-05,2026-05-29,gcrew,noaa_gefs,06,WindSpeed_ms_mean,24,1.9586284146796837
gep06,00,2026-05-05,2026-05-30,gcrew,noaa_gefs,06,AirTemp_C_mean,25,24.066796875000023
gep06,00,2026-05-05,2026-05-30,gcrew,noaa_gefs,06,Pressure_Pa,25,101384.1875
gep06,00,2026-05-05,2026-05-30,gcrew,noaa_gefs,06,RH_percent_mean,25,71.36553287506104
gep06,00,2026-05-05,2026-05-30,gcrew,noaa_gefs,06,Rain_mm_sum,25,2.100000001490116
gep06,00,2026-05-05,2026-05-30,gcrew,noaa_gefs,06,ShortwaveRadiation_Wm2,25,336.25
gep06,00,2026-05-05,2026-05-30,gcrew,noaa_gefs,06,WindSpeed_ms_mean,25,2.5700304546198396
gep06,00,2026-05-05,2026-05-31,gcrew,noaa_gefs,06,AirTemp_C_mean,26,20.107537841796898
gep06,00,2026-05-05,2026-05-31,gcrew,noaa_gefs,06,Pressure_Pa,26,101421.41015625
gep06,00,2026-05-05,2026-05-31,gcrew,noaa_gefs,06,RH_percent_mean,26,79.97546768188477
gep06,00,2026-05-05,2026-05-31,gcrew,noaa_gefs,06,Rain_mm_sum,26,7.199999928474426
gep06,00,2026-05-05,2026-05-31,gcrew,noaa_gefs,06,ShortwaveRadiation_Wm2,26,204.5
gep06,00,2026-05-05,2026-05-31,gcrew,noaa_gefs,06,WindSpeed_ms_mean,26,4.440413293057745
gep06,00,2026-05-05,2026-06-01,gcrew,noaa_gefs,06,AirTemp_C_mean,27,18.903489685058616
gep06,00,2026-05-05,2026-06-01,gcrew,noaa_gefs,06,Pressure_Pa,27,101613.822265625
gep06,00,2026-05-05,2026-06-01,gcrew,noaa_gefs,06,RH_percent_mean,27,79.74879264831543
gep06,00,2026-05-05,2026-06-01,gcrew,noaa_gefs,06,Rain_mm_sum,27,0.20000000298023224
gep06,00,2026-05-05,2026-06-01,gcrew,noaa_gefs,06,ShortwaveRadiation_Wm2,27,202
gep06,00,2026-05-05,2026-06-01,gcrew,noaa_gefs,06,WindSpeed_ms_mean,27,2.8618370667271793
gep06,00,2026-05-05,2026-06-02,gcrew,noaa_gefs,06,AirTemp_C_mean,28,23.729150390625023
gep06,00,2026-05-05,2026-06-02,gcrew,noaa_gefs,06,Pressure_Pa,28,101406.4609375
gep06,00,2026-05-05,2026-06-02,gcrew,noaa_gefs,06,RH_percent_mean,28,75.83053302764893
gep06,00,2026-05-05,2026-06-02,gcrew,noaa_gefs,06,Rain_mm_sum,28,4.800000190734863
gep06,00,2026-05-05,2026-06-02,gcrew,noaa_gefs,06,ShortwaveRadiation_Wm2,28,303.25
gep06,00,2026-05-05,2026-06-02,gcrew,noaa_gefs,06,WindSpeed_ms_mean,28,5.180342789756921
gep06,00,2026-05-05,2026-06-03,gcrew,noaa_gefs,06,AirTemp_C_mean,29,22.64240417480471
gep06,00,2026-05-05,2026-06-03,gcrew,noaa_gefs,06,Pressure_Pa,29,101480.6875
gep06,00,2026-05-05,2026-06-03,gcrew,noaa_gefs,06,RH_percent_mean,29,91.867095947265625
gep06,00,2026-05-05,2026-06-03,gcrew,noaa_gefs,06,Rain_mm_sum,29,24.700000166893005
gep06,00,2026-05-05,2026-06-03,gcrew,noaa_gefs,06,ShortwaveRadiation_Wm2,29,176
gep06,00,2026-05-05,2026-06-03,gcrew,noaa_gefs,06,WindSpeed_ms_mean,29,2.8103379804635074
gep06,00,2026-05-05,2026-06-04,gcrew,noaa_gefs,06,AirTemp_C_mean,30,21.24726257324221
gep06,00,2026-05-05,2026-06-04,gcrew,noaa_gefs,06,Pressure_Pa,30,100902.5
gep06,00,2026-05-05,2026-06-04,gcrew,noaa_gefs,06,RH_percent_mean,30,94.49777412414551
gep06,00,2026-05-05,2026-06-04,gcrew,noaa_gefs,06,Rain_mm_sum,30,15.800000429153442
gep06,00,2026-05-05,2026-06-04,gcrew,noaa_gefs,06,ShortwaveRadiation_Wm2,30,96
gep06,00,2026-05-05,2026-06-04,gcrew,noaa_gefs,06,WindSpeed_ms_mean,30,3.624733268214592
gep06,00,2026-05-05,2026-06-05,gcrew,noaa_gefs,06,AirTemp_C_mean,31,17.98151550292971
gep06,00,2026-05-05,2026-06-05,gcrew,noaa_gefs,06,Pressure_Pa,31,101233.8671875
gep06,00,2026-05-05,2026-06-05,gcrew,noaa_gefs,06,RH_percent_mean,31,85.09179496765137
gep06,00,2026-05-05,2026-06-05,gcrew,noaa_gefs,06,Rain_mm_sum,31,0
gep06,00,2026-05-05,2026-06-05,gcrew,noaa_gefs,06,ShortwaveRadiation_Wm2,31,204
gep06,00,2026-05-05,2026-06-05,gcrew,noaa_gefs,06,WindSpeed_ms_mean,31,3.6137171777527146
gep06,00,2026-05-05,2026-06-06,gcrew,noaa_gefs,06,AirTemp_C_mean,32,18.68531188964846
gep06,00,2026-05-05,2026-06-06,gcrew,noaa_gefs,06,Pressure_Pa,32,101418.689453125
gep06,00,2026-05-05,2026-06-06,gcrew,noaa_gefs,06,RH_percent_mean,32,90.20104598999023
gep06,00,2026-05-05,2026-06-06,gcrew,noaa_gefs,06,Rain_mm_sum,32,0.30000000447034836
gep06,00,2026-05-05,2026-06-06,gcrew,noaa_gefs,06,ShortwaveRadiation_Wm2,32,107.25
gep06,00,2026-05-05,2026-06-06,gcrew,noaa_gefs,06,WindSpeed_ms_mean,32,3.7730996520469398
gep06,00,2026-05-05,2026-06-07,gcrew,noaa_gefs,06,AirTemp_C_mean,33,24.139627075195335
gep06,00,2026-05-05,2026-06-07,gcrew,noaa_gefs,06,Pressure_Pa,33,100801.1328125
gep06,00,2026-05-05,2026-06-07,gcrew,noaa_gefs,06,RH_percent_mean,33,81.9941577911377
gep06,00,2026-05-05,2026-06-07,gcrew,noaa_gefs,06,Rain_mm_sum,33,12.999999798834324
gep06,00,2026-05-05,2026-06-07,gcrew,noaa_gefs,06,ShortwaveRadiation_Wm2,33,304.5
gep06,00,2026-05-05,2026-06-07,gcrew,noaa_gefs,06,WindSpeed_ms_mean,33,5.214782697026351
gep06,00,2026-05-05,2026-06-08,gcrew,noaa_gefs,06,AirTemp_C_mean,34,26.755662536621116
gep06,00,2026-05-05,2026-06-08,gcrew,noaa_gefs,06,Pressure_Pa,34,100443.1796875
gep06,00,2026-05-05,2026-06-08,gcrew,noaa_gefs,06,RH_percent_mean,34,68.95762729644775
gep06,00,2026-05-05,2026-06-08,gcrew,noaa_gefs,06,Rain_mm_sum,34,0.4000000134110451
gep06,00,2026-05-05,2026-06-08,gcrew,noaa_gefs,06,ShortwaveRadiation_Wm2,34,343
gep06,00,2026-05-05,2026-06-08,gcrew,noaa_gefs,06,WindSpeed_ms_mean,34,4.0934983365823845
gep07,00,2026-05-05,2026-05-06,gcrew,noaa_gefs,07,AirTemp_C_mean,1,18.317830657959007
gep07,00,2026-05-05,2026-05-06,gcrew,noaa_gefs,07,Pressure_Pa,1,100742.3876953125
gep07,00,2026-05-05,2026-05-06,gcrew,noaa_gefs,07,RH_percent_mean,1,73.999520778656
gep07,00,2026-05-05,2026-05-06,gcrew,noaa_gefs,07,Rain_mm_sum,1,2.9600000381469727
gep07,00,2026-05-05,2026-05-06,gcrew,noaa_gefs,07,ShortwaveRadiation_Wm2,1,112.5
gep07,00,2026-05-05,2026-05-06,gcrew,noaa_gefs,07,WindSpeed_ms_mean,1,7.9482961228732085
gep07,00,2026-05-05,2026-05-07,gcrew,noaa_gefs,07,AirTemp_C_mean,2,13.421441650390648
gep07,00,2026-05-05,2026-05-07,gcrew,noaa_gefs,07,Pressure_Pa,2,100609.435546875
gep07,00,2026-05-05,2026-05-07,gcrew,noaa_gefs,07,RH_percent_mean,2,79.55949878692627
gep07,00,2026-05-05,2026-05-07,gcrew,noaa_gefs,07,Rain_mm_sum,2,3.900000110268593
gep07,00,2026-05-05,2026-05-07,gcrew,noaa_gefs,07,ShortwaveRadiation_Wm2,2,80.875
gep07,00,2026-05-05,2026-05-07,gcrew,noaa_gefs,07,WindSpeed_ms_mean,2,3.7877215286509998
gep07,00,2026-05-05,2026-05-08,gcrew,noaa_gefs,07,AirTemp_C_mean,3,13.444238281250023
gep07,00,2026-05-05,2026-05-08,gcrew,noaa_gefs,07,Pressure_Pa,3,101029.4677734375
gep07,00,2026-05-05,2026-05-08,gcrew,noaa_gefs,07,RH_percent_mean,3,59.61912775039673
gep07,00,2026-05-05,2026-05-08,gcrew,noaa_gefs,07,Rain_mm_sum,3,0
gep07,00,2026-05-05,2026-05-08,gcrew,noaa_gefs,07,ShortwaveRadiation_Wm2,3,310.125
gep07,00,2026-05-05,2026-05-08,gcrew,noaa_gefs,07,WindSpeed_ms_mean,3,4.101767998187636
gep07,00,2026-05-05,2026-05-09,gcrew,noaa_gefs,07,AirTemp_C_mean,4,14.683034515380882
gep07,00,2026-05-05,2026-05-09,gcrew,noaa_gefs,07,Pressure_Pa,4,100504.6123046875
gep07,00,2026-05-05,2026-05-09,gcrew,noaa_gefs,07,RH_percent_mean,4,69.38001728057861
gep07,00,2026-05-05,2026-05-09,gcrew,noaa_gefs,07,Rain_mm_sum,4,3.40000007301569
gep07,00,2026-05-05,2026-05-09,gcrew,noaa_gefs,07,ShortwaveRadiation_Wm2,4,223.375
gep07,00,2026-05-05,2026-05-09,gcrew,noaa_gefs,07,WindSpeed_ms_mean,4,6.089498847817228
gep07,00,2026-05-05,2026-05-10,gcrew,noaa_gefs,07,AirTemp_C_mean,5,14.039365386962913
gep07,00,2026-05-05,2026-05-10,gcrew,noaa_gefs,07,Pressure_Pa,5,101038.7626953125
gep07,00,2026-05-05,2026-05-10,gcrew,noaa_gefs,07,RH_percent_mean,5,62.28422451019287
gep07,00,2026-05-05,2026-05-10,gcrew,noaa_gefs,07,Rain_mm_sum,5,0.4000000059604645
gep07,00,2026-05-05,2026-05-10,gcrew,noaa_gefs,07,ShortwaveRadiation_Wm2,5,321.875
gep07,00,2026-05-05,2026-05-10,gcrew,noaa_gefs,07,WindSpeed_ms_mean,5,4.465990950670339
gep07,00,2026-05-05,2026-05-11,gcrew,noaa_gefs,07,AirTemp_C_mean,6,15.007703399658226
gep07,00,2026-05-05,2026-05-11,gcrew,noaa_gefs,07,Pressure_Pa,6,100972.99609375
gep07,00,2026-05-05,2026-05-11,gcrew,noaa_gefs,07,RH_percent_mean,6,83.72281455993652
gep07,00,2026-05-05,2026-05-11,gcrew,noaa_gefs,07,Rain_mm_sum,6,10.500000238418579
gep07,00,2026-05-05,2026-05-11,gcrew,noaa_gefs,07,ShortwaveRadiation_Wm2,6,318.375
gep07,00,2026-05-05,2026-05-11,gcrew,noaa_gefs,07,WindSpeed_ms_mean,6,3.020219501521629
gep07,00,2026-05-05,2026-05-12,gcrew,noaa_gefs,07,AirTemp_C_mean,7,16.333001708984398
gep07,00,2026-05-05,2026-05-12,gcrew,noaa_gefs,07,Pressure_Pa,7,100487.9833984375
gep07,00,2026-05-05,2026-05-12,gcrew,noaa_gefs,07,RH_percent_mean,7,91.72346305847168
gep07,00,2026-05-05,2026-05-12,gcrew,noaa_gefs,07,Rain_mm_sum,7,22.080000452697277
gep07,00,2026-05-05,2026-05-12,gcrew,noaa_gefs,07,ShortwaveRadiation_Wm2,7,141.625
gep07,00,2026-05-05,2026-05-12,gcrew,noaa_gefs,07,WindSpeed_ms_mean,7,4.752930619586684
gep07,00,2026-05-05,2026-05-13,gcrew,noaa_gefs,07,AirTemp_C_mean,8,13.859941101074241
gep07,00,2026-05-05,2026-05-13,gcrew,noaa_gefs,07,Pressure_Pa,8,100950.2314453125
gep07,00,2026-05-05,2026-05-13,gcrew,noaa_gefs,07,RH_percent_mean,8,60.64580154418945
gep07,00,2026-05-05,2026-05-13,gcrew,noaa_gefs,07,Rain_mm_sum,8,0.699999988079071
gep07,00,2026-05-05,2026-05-13,gcrew,noaa_gefs,07,ShortwaveRadiation_Wm2,8,357.5
gep07,00,2026-05-05,2026-05-13,gcrew,noaa_gefs,07,WindSpeed_ms_mean,8,5.016160868788954
gep07,00,2026-05-05,2026-05-14,gcrew,noaa_gefs,07,AirTemp_C_mean,9,13.323288399832611
gep07,00,2026-05-05,2026-05-14,gcrew,noaa_gefs,07,Pressure_Pa,9,101724.66852678571
gep07,00,2026-05-05,2026-05-14,gcrew,noaa_gefs,07,RH_percent_mean,9,54.3447254725865
gep07,00,2026-05-05,2026-05-14,gcrew,noaa_gefs,07,Rain_mm_sum,9,0
gep07,00,2026-05-05,2026-05-14,gcrew,noaa_gefs,07,ShortwaveRadiation_Wm2,9,409.2857142857143
gep07,00,2026-05-05,2026-05-14,gcrew,noaa_gefs,07,WindSpeed_ms_mean,9,4.204724101810366
gep07,00,2026-05-05,2026-05-15,gcrew,noaa_gefs,07,AirTemp_C_mean,10,13.895341491699241
gep07,00,2026-05-05,2026-05-15,gcrew,noaa_gefs,07,Pressure_Pa,10,101770.98828125
gep07,00,2026-05-05,2026-05-15,gcrew,noaa_gefs,07,RH_percent_mean,10,59.39558792114258
gep07,00,2026-05-05,2026-05-15,gcrew,noaa_gefs,07,Rain_mm_sum,10,0
gep07,00,2026-05-05,2026-05-15,gcrew,noaa_gefs,07,ShortwaveRadiation_Wm2,10,329.5
gep07,00,2026-05-05,2026-05-15,gcrew,noaa_gefs,07,WindSpeed_ms_mean,10,4.301648184988208
gep07,00,2026-05-05,2026-05-16,gcrew,noaa_gefs,07,AirTemp_C_mean,11,12.16132507324221
gep07,00,2026-05-05,2026-05-16,gcrew,noaa_gefs,07,Pressure_Pa,11,101347.048828125
gep07,00,2026-05-05,2026-05-16,gcrew,noaa_gefs,07,RH_percent_mean,11,85.79068565368652
gep07,00,2026-05-05,2026-05-16,gcrew,noaa_gefs,07,Rain_mm_sum,11,3.5000000596046448
gep07,00,2026-05-05,2026-05-16,gcrew,noaa_gefs,07,ShortwaveRadiation_Wm2,11,57.25
gep07,00,2026-05-05,2026-05-16,gcrew,noaa_gefs,07,WindSpeed_ms_mean,11,3.5957713274021446
gep07,00,2026-05-05,2026-05-17,gcrew,noaa_gefs,07,AirTemp_C_mean,12,12.39740905761721
gep07,00,2026-05-05,2026-05-17,gcrew,noaa_gefs,07,Pressure_Pa,12,101498.666015625
gep07,00,2026-05-05,2026-05-17,gcrew,noaa_gefs,07,RH_percent_mean,12,85.35811996459961
gep07,00,2026-05-05,2026-05-17,gcrew,noaa_gefs,07,Rain_mm_sum,12,12.600000239908695
gep07,00,2026-05-05,2026-05-17,gcrew,noaa_gefs,07,ShortwaveRadiation_Wm2,12,68.75
gep07,00,2026-05-05,2026-05-17,gcrew,noaa_gefs,07,WindSpeed_ms_mean,12,4.4423147677144765
gep07,00,2026-05-05,2026-05-18,gcrew,noaa_gefs,07,AirTemp_C_mean,13,12.796853637695335
gep07,00,2026-05-05,2026-05-18,gcrew,noaa_gefs,07,Pressure_Pa,13,102275.958984375
gep07,00,2026-05-05,2026-05-18,gcrew,noaa_gefs,07,RH_percent_mean,13,75.41705131530762
gep07,00,2026-05-05,2026-05-18,gcrew,noaa_gefs,07,Rain_mm_sum,13,3.5000000968575478
gep07,00,2026-05-05,2026-05-18,gcrew,noaa_gefs,07,ShortwaveRadiation_Wm2,13,67.25
gep07,00,2026-05-05,2026-05-18,gcrew,noaa_gefs,07,WindSpeed_ms_mean,13,4.947630717288071
gep07,00,2026-05-05,2026-05-19,gcrew,noaa_gefs,07,AirTemp_C_mean,14,15.980165100097679
gep07,00,2026-05-05,2026-05-19,gcrew,noaa_gefs,07,Pressure_Pa,14,101818.97265625
gep07,00,2026-05-05,2026-05-19,gcrew,noaa_gefs,07,RH_percent_mean,14,94.8867244720459
gep07,00,2026-05-05,2026-05-19,gcrew,noaa_gefs,07,Rain_mm_sum,14,13.600000202655792
gep07,00,2026-05-05,2026-05-19,gcrew,noaa_gefs,07,ShortwaveRadiation_Wm2,14,56.75
gep07,00,2026-05-05,2026-05-19,gcrew,noaa_gefs,07,WindSpeed_ms_mean,14,5.998326923740712
gep07,00,2026-05-05,2026-05-20,gcrew,noaa_gefs,07,AirTemp_C_mean,15,16.34876403808596
gep07,00,2026-05-05,2026-05-20,gcrew,noaa_gefs,07,Pressure_Pa,15,101606.828125
gep07,00,2026-05-05,2026-05-20,gcrew,noaa_gefs,07,RH_percent_mean,15,89.96279335021973
gep07,00,2026-05-05,2026-05-20,gcrew,noaa_gefs,07,Rain_mm_sum,15,0.9000000283122063
gep07,00,2026-05-05,2026-05-20,gcrew,noaa_gefs,07,ShortwaveRadiation_Wm2,15,66.75
gep07,00,2026-05-05,2026-05-20,gcrew,noaa_gefs,07,WindSpeed_ms_mean,15,5.274919119101563
gep07,00,2026-05-05,2026-05-21,gcrew,noaa_gefs,07,AirTemp_C_mean,16,17.079988098144554
gep07,00,2026-05-05,2026-05-21,gcrew,noaa_gefs,07,Pressure_Pa,16,101430.228515625
gep07,00,2026-05-05,2026-05-21,gcrew,noaa_gefs,07,RH_percent_mean,16,92.32025718688965
gep07,00,2026-05-05,2026-05-21,gcrew,noaa_gefs,07,Rain_mm_sum,16,3.6000001206994057
gep07,00,2026-05-05,2026-05-21,gcrew,noaa_gefs,07,ShortwaveRadiation_Wm2,16,134.75
gep07,00,2026-05-05,2026-05-21,gcrew,noaa_gefs,07,WindSpeed_ms_mean,16,4.749984768270614
gep07,00,2026-05-05,2026-05-22,gcrew,noaa_gefs,07,AirTemp_C_mean,17,19.45788726806643
gep07,00,2026-05-05,2026-05-22,gcrew,noaa_gefs,07,Pressure_Pa,17,101787.37109375
gep07,00,2026-05-05,2026-05-22,gcrew,noaa_gefs,07,RH_percent_mean,17,86.58370208740234
gep07,00,2026-05-05,2026-05-22,gcrew,noaa_gefs,07,Rain_mm_sum,17,0.10000000149011612
gep07,00,2026-05-05,2026-05-22,gcrew,noaa_gefs,07,ShortwaveRadiation_Wm2,17,329.5
gep07,00,2026-05-05,2026-05-22,gcrew,noaa_gefs,07,WindSpeed_ms_mean,17,3.421951902917886
gep07,00,2026-05-05,2026-05-23,gcrew,noaa_gefs,07,AirTemp_C_mean,18,19.32135925292971
gep07,00,2026-05-05,2026-05-23,gcrew,noaa_gefs,07,Pressure_Pa,18,102091.19140625
gep07,00,2026-05-05,2026-05-23,gcrew,noaa_gefs,07,RH_percent_mean,18,88.211029052734375
gep07,00,2026-05-05,2026-05-23,gcrew,noaa_gefs,07,Rain_mm_sum,18,0.30000000447034836
gep07,00,2026-05-05,2026-05-23,gcrew,noaa_gefs,07,ShortwaveRadiation_Wm2,18,304
gep07,00,2026-05-05,2026-05-23,gcrew,noaa_gefs,07,WindSpeed_ms_mean,18,2.9632516322381934
gep07,00,2026-05-05,2026-05-24,gcrew,noaa_gefs,07,AirTemp_C_mean,19,19.627183532714866
gep07,00,2026-05-05,2026-05-24,gcrew,noaa_gefs,07,Pressure_Pa,19,102131.763671875
gep07,00,2026-05-05,2026-05-24,gcrew,noaa_gefs,07,RH_percent_mean,19,88.8326587677002
gep07,00,2026-05-05,2026-05-24,gcrew,noaa_gefs,07,Rain_mm_sum,19,0.4000000059604645
gep07,00,2026-05-05,2026-05-24,gcrew,noaa_gefs,07,ShortwaveRadiation_Wm2,19,312.75
gep07,00,2026-05-05,2026-05-24,gcrew,noaa_gefs,07,WindSpeed_ms_mean,19,3.353299723512114
gep07,00,2026-05-05,2026-05-25,gcrew,noaa_gefs,07,AirTemp_C_mean,20,22.220193481445335
gep07,00,2026-05-05,2026-05-25,gcrew,noaa_gefs,07,Pressure_Pa,20,101920.87109375
gep07,00,2026-05-05,2026-05-25,gcrew,noaa_gefs,07,RH_percent_mean,20,80.57049751281738
gep07,00,2026-05-05,2026-05-25,gcrew,noaa_gefs,07,Rain_mm_sum,20,0
gep07,00,2026-05-05,2026-05-25,gcrew,noaa_gefs,07,ShortwaveRadiation_Wm2,20,332
gep07,00,2026-05-05,2026-05-25,gcrew,noaa_gefs,07,WindSpeed_ms_mean,20,2.332214280423385
gep07,00,2026-05-05,2026-05-26,gcrew,noaa_gefs,07,AirTemp_C_mean,21,23.644677734375023
gep07,00,2026-05-05,2026-05-26,gcrew,noaa_gefs,07,Pressure_Pa,21,101732.607421875
gep07,00,2026-05-05,2026-05-26,gcrew,noaa_gefs,07,RH_percent_mean,21,77.47503280639648
gep07,00,2026-05-05,2026-05-26,gcrew,noaa_gefs,07,Rain_mm_sum,21,0.30000000447034836
gep07,00,2026-05-05,2026-05-26,gcrew,noaa_gefs,07,ShortwaveRadiation_Wm2,21,329.75
gep07,00,2026-05-05,2026-05-26,gcrew,noaa_gefs,07,WindSpeed_ms_mean,21,3.7429728329099072
gep07,00,2026-05-05,2026-05-27,gcrew,noaa_gefs,07,AirTemp_C_mean,22,21.092683410644554
gep07,00,2026-05-05,2026-05-27,gcrew,noaa_gefs,07,Pressure_Pa,22,101740.51953125
gep07,00,2026-05-05,2026-05-27,gcrew,noaa_gefs,07,RH_percent_mean,22,84.3672924041748
gep07,00,2026-05-05,2026-05-27,gcrew,noaa_gefs,07,Rain_mm_sum,22,0
gep07,00,2026-05-05,2026-05-27,gcrew,noaa_gefs,07,ShortwaveRadiation_Wm2,22,312.5
gep07,00,2026-05-05,2026-05-27,gcrew,noaa_gefs,07,WindSpeed_ms_mean,22,2.700000293540816
gep07,00,2026-05-05,2026-05-28,gcrew,noaa_gefs,07,AirTemp_C_mean,23,23.88488922119143
gep07,00,2026-05-05,2026-05-28,gcrew,noaa_gefs,07,Pressure_Pa,23,101347.58984375
gep07,00,2026-05-05,2026-05-28,gcrew,noaa_gefs,07,RH_percent_mean,23,75.04574775695801
gep07,00,2026-05-05,2026-05-28,gcrew,noaa_gefs,07,Rain_mm_sum,23,0
gep07,00,2026-05-05,2026-05-28,gcrew,noaa_gefs,07,ShortwaveRadiation_Wm2,23,335.5
gep07,00,2026-05-05,2026-05-28,gcrew,noaa_gefs,07,WindSpeed_ms_mean,23,2.335344468510624
gep07,00,2026-05-05,2026-05-29,gcrew,noaa_gefs,07,AirTemp_C_mean,24,24.74714050292971
gep07,00,2026-05-05,2026-05-29,gcrew,noaa_gefs,07,Pressure_Pa,24,101476.5703125
gep07,00,2026-05-05,2026-05-29,gcrew,noaa_gefs,07,RH_percent_mean,24,72.64131832122803
gep07,00,2026-05-05,2026-05-29,gcrew,noaa_gefs,07,Rain_mm_sum,24,0
gep07,00,2026-05-05,2026-05-29,gcrew,noaa_gefs,07,ShortwaveRadiation_Wm2,24,336
gep07,00,2026-05-05,2026-05-29,gcrew,noaa_gefs,07,WindSpeed_ms_mean,24,1.9586284146796837
gep07,00,2026-05-05,2026-05-30,gcrew,noaa_gefs,07,AirTemp_C_mean,25,24.066796875000023
gep07,00,2026-05-05,2026-05-30,gcrew,noaa_gefs,07,Pressure_Pa,25,101384.1875
gep07,00,2026-05-05,2026-05-30,gcrew,noaa_gefs,07,RH_percent_mean,25,71.36553287506104
gep07,00,2026-05-05,2026-05-30,gcrew,noaa_gefs,07,Rain_mm_sum,25,2.100000001490116
gep07,00,2026-05-05,2026-05-30,gcrew,noaa_gefs,07,ShortwaveRadiation_Wm2,25,336.25
gep07,00,2026-05-05,2026-05-30,gcrew,noaa_gefs,07,WindSpeed_ms_mean,25,2.5700304546198396
gep07,00,2026-05-05,2026-05-31,gcrew,noaa_gefs,07,AirTemp_C_mean,26,20.107537841796898
gep07,00,2026-05-05,2026-05-31,gcrew,noaa_gefs,07,Pressure_Pa,26,101421.41015625
gep07,00,2026-05-05,2026-05-31,gcrew,noaa_gefs,07,RH_percent_mean,26,79.97546768188477
gep07,00,2026-05-05,2026-05-31,gcrew,noaa_gefs,07,Rain_mm_sum,26,7.199999928474426
gep07,00,2026-05-05,2026-05-31,gcrew,noaa_gefs,07,ShortwaveRadiation_Wm2,26,204.5
gep07,00,2026-05-05,2026-05-31,gcrew,noaa_gefs,07,WindSpeed_ms_mean,26,4.440413293057745
gep07,00,2026-05-05,2026-06-01,gcrew,noaa_gefs,07,AirTemp_C_mean,27,18.903489685058616
gep07,00,2026-05-05,2026-06-01,gcrew,noaa_gefs,07,Pressure_Pa,27,101613.822265625
gep07,00,2026-05-05,2026-06-01,gcrew,noaa_gefs,07,RH_percent_mean,27,79.74879264831543
gep07,00,2026-05-05,2026-06-01,gcrew,noaa_gefs,07,Rain_mm_sum,27,0.20000000298023224
gep07,00,2026-05-05,2026-06-01,gcrew,noaa_gefs,07,ShortwaveRadiation_Wm2,27,202
gep07,00,2026-05-05,2026-06-01,gcrew,noaa_gefs,07,WindSpeed_ms_mean,27,2.8618370667271793
gep07,00,2026-05-05,2026-06-02,gcrew,noaa_gefs,07,AirTemp_C_mean,28,23.729150390625023
gep07,00,2026-05-05,2026-06-02,gcrew,noaa_gefs,07,Pressure_Pa,28,101406.4609375
gep07,00,2026-05-05,2026-06-02,gcrew,noaa_gefs,07,RH_percent_mean,28,75.83053302764893
gep07,00,2026-05-05,2026-06-02,gcrew,noaa_gefs,07,Rain_mm_sum,28,4.800000190734863
gep07,00,2026-05-05,2026-06-02,gcrew,noaa_gefs,07,ShortwaveRadiation_Wm2,28,303.25
gep07,00,2026-05-05,2026-06-02,gcrew,noaa_gefs,07,WindSpeed_ms_mean,28,5.180342789756921
gep07,00,2026-05-05,2026-06-03,gcrew,noaa_gefs,07,AirTemp_C_mean,29,22.64240417480471
gep07,00,2026-05-05,2026-06-03,gcrew,noaa_gefs,07,Pressure_Pa,29,101480.6875
gep07,00,2026-05-05,2026-06-03,gcrew,noaa_gefs,07,RH_percent_mean,29,91.867095947265625
gep07,00,2026-05-05,2026-06-03,gcrew,noaa_gefs,07,Rain_mm_sum,29,24.700000166893005
gep07,00,2026-05-05,2026-06-03,gcrew,noaa_gefs,07,ShortwaveRadiation_Wm2,29,176
gep07,00,2026-05-05,2026-06-03,gcrew,noaa_gefs,07,WindSpeed_ms_mean,29,2.8103379804635074
gep07,00,2026-05-05,2026-06-04,gcrew,noaa_gefs,07,AirTemp_C_mean,30,21.24726257324221
gep07,00,2026-05-05,2026-06-04,gcrew,noaa_gefs,07,Pressure_Pa,30,100902.5
gep07,00,2026-05-05,2026-06-04,gcrew,noaa_gefs,07,RH_percent_mean,30,94.49777412414551
gep07,00,2026-05-05,2026-06-04,gcrew,noaa_gefs,07,Rain_mm_sum,30,15.800000429153442
gep07,00,2026-05-05,2026-06-04,gcrew,noaa_gefs,07,ShortwaveRadiation_Wm2,30,96
gep07,00,2026-05-05,2026-06-04,gcrew,noaa_gefs,07,WindSpeed_ms_mean,30,3.624733268214592
gep07,00,2026-05-05,2026-06-05,gcrew,noaa_gefs,07,AirTemp_C_mean,31,17.98151550292971
gep07,00,2026-05-05,2026-06-05,gcrew,noaa_gefs,07,Pressure_Pa,31,101233.8671875
gep07,00,2026-05-05,2026-06-05,gcrew,noaa_gefs,07,RH_percent_mean,31,85.09179496765137
gep07,00,2026-05-05,2026-06-05,gcrew,noaa_gefs,07,Rain_mm_sum,31,0
gep07,00,2026-05-05,2026-06-05,gcrew,noaa_gefs,07,ShortwaveRadiation_Wm2,31,204
gep07,00,2026-05-05,2026-06-05,gcrew,noaa_gefs,07,WindSpeed_ms_mean,31,3.6137171777527146
gep07,00,2026-05-05,2026-06-06,gcrew,noaa_gefs,07,AirTemp_C_mean,32,18.68531188964846
gep07,00,2026-05-05,2026-06-06,gcrew,noaa_gefs,07,Pressure_Pa,32,101418.689453125
gep07,00,2026-05-05,2026-06-06,gcrew,noaa_gefs,07,RH_percent_mean,32,90.20104598999023
gep07,00,2026-05-05,2026-06-06,gcrew,noaa_gefs,07,Rain_mm_sum,32,0.30000000447034836
gep07,00,2026-05-05,2026-06-06,gcrew,noaa_gefs,07,ShortwaveRadiation_Wm2,32,107.25
gep07,00,2026-05-05,2026-06-06,gcrew,noaa_gefs,07,WindSpeed_ms_mean,32,3.7730996520469398
gep07,00,2026-05-05,2026-06-07,gcrew,noaa_gefs,07,AirTemp_C_mean,33,24.139627075195335
gep07,00,2026-05-05,2026-06-07,gcrew,noaa_gefs,07,Pressure_Pa,33,100801.1328125
gep07,00,2026-05-05,2026-06-07,gcrew,noaa_gefs,07,RH_percent_mean,33,81.9941577911377
gep07,00,2026-05-05,2026-06-07,gcrew,noaa_gefs,07,Rain_mm_sum,33,12.999999798834324
gep07,00,2026-05-05,2026-06-07,gcrew,noaa_gefs,07,ShortwaveRadiation_Wm2,33,304.5
gep07,00,2026-05-05,2026-06-07,gcrew,noaa_gefs,07,WindSpeed_ms_mean,33,5.214782697026351
gep07,00,2026-05-05,2026-06-08,gcrew,noaa_gefs,07,AirTemp_C_mean,34,26.755662536621116
gep07,00,2026-05-05,2026-06-08,gcrew,noaa_gefs,07,Pressure_Pa,34,100443.1796875
gep07,00,2026-05-05,2026-06-08,gcrew,noaa_gefs,07,RH_percent_mean,34,68.95762729644775
gep07,00,2026-05-05,2026-06-08,gcrew,noaa_gefs,07,Rain_mm_sum,34,0.4000000134110451
gep07,00,2026-05-05,2026-06-08,gcrew,noaa_gefs,07,ShortwaveRadiation_Wm2,34,343
gep07,00,2026-05-05,2026-06-08,gcrew,noaa_gefs,07,WindSpeed_ms_mean,34,4.0934983365823845
gep08,00,2026-05-05,2026-05-06,gcrew,noaa_gefs,08,AirTemp_C_mean,1,18.317830657959007
gep08,00,2026-05-05,2026-05-06,gcrew,noaa_gefs,08,Pressure_Pa,1,100742.3876953125
gep08,00,2026-05-05,2026-05-06,gcrew,noaa_gefs,08,RH_percent_mean,1,73.999520778656
gep08,00,2026-05-05,2026-05-06,gcrew,noaa_gefs,08,Rain_mm_sum,1,2.9600000381469727
gep08,00,2026-05-05,2026-05-06,gcrew,noaa_gefs,08,ShortwaveRadiation_Wm2,1,112.5
gep08,00,2026-05-05,2026-05-06,gcrew,noaa_gefs,08,WindSpeed_ms_mean,1,7.9482961228732085
gep08,00,2026-05-05,2026-05-07,gcrew,noaa_gefs,08,AirTemp_C_mean,2,13.421441650390648
gep08,00,2026-05-05,2026-05-07,gcrew,noaa_gefs,08,Pressure_Pa,2,100609.435546875
gep08,00,2026-05-05,2026-05-07,gcrew,noaa_gefs,08,RH_percent_mean,2,79.55949878692627
gep08,00,2026-05-05,2026-05-07,gcrew,noaa_gefs,08,Rain_mm_sum,2,3.900000110268593
gep08,00,2026-05-05,2026-05-07,gcrew,noaa_gefs,08,ShortwaveRadiation_Wm2,2,80.875
gep08,00,2026-05-05,2026-05-07,gcrew,noaa_gefs,08,WindSpeed_ms_mean,2,3.7877215286509998
gep08,00,2026-05-05,2026-05-08,gcrew,noaa_gefs,08,AirTemp_C_mean,3,13.444238281250023
gep08,00,2026-05-05,2026-05-08,gcrew,noaa_gefs,08,Pressure_Pa,3,101029.4677734375
gep08,00,2026-05-05,2026-05-08,gcrew,noaa_gefs,08,RH_percent_mean,3,59.61912775039673
gep08,00,2026-05-05,2026-05-08,gcrew,noaa_gefs,08,Rain_mm_sum,3,0
gep08,00,2026-05-05,2026-05-08,gcrew,noaa_gefs,08,ShortwaveRadiation_Wm2,3,310.125
gep08,00,2026-05-05,2026-05-08,gcrew,noaa_gefs,08,WindSpeed_ms_mean,3,4.101767998187636
gep08,00,2026-05-05,2026-05-09,gcrew,noaa_gefs,08,AirTemp_C_mean,4,14.683034515380882
gep08,00,2026-05-05,2026-05-09,gcrew,noaa_gefs,08,Pressure_Pa,4,100504.6123046875
gep08,00,2026-05-05,2026-05-09,gcrew,noaa_gefs,08,RH_percent_mean,4,69.38001728057861
gep08,00,2026-05-05,2026-05-09,gcrew,noaa_gefs,08,Rain_mm_sum,4,3.40000007301569
gep08,00,2026-05-05,2026-05-09,gcrew,noaa_gefs,08,ShortwaveRadiation_Wm2,4,223.375
gep08,00,2026-05-05,2026-05-09,gcrew,noaa_gefs,08,WindSpeed_ms_mean,4,6.089498847817228
gep08,00,2026-05-05,2026-05-10,gcrew,noaa_gefs,08,AirTemp_C_mean,5,14.039365386962913
gep08,00,2026-05-05,2026-05-10,gcrew,noaa_gefs,08,Pressure_Pa,5,101038.7626953125
gep08,00,2026-05-05,2026-05-10,gcrew,noaa_gefs,08,RH_percent_mean,5,62.28422451019287
gep08,00,2026-05-05,2026-05-10,gcrew,noaa_gefs,08,Rain_mm_sum,5,0.4000000059604645
gep08,00,2026-05-05,2026-05-10,gcrew,noaa_gefs,08,ShortwaveRadiation_Wm2,5,321.875
gep08,00,2026-05-05,2026-05-10,gcrew,noaa_gefs,08,WindSpeed_ms_mean,5,4.465990950670339
gep08,00,2026-05-05,2026-05-11,gcrew,noaa_gefs,08,AirTemp_C_mean,6,15.007703399658226
gep08,00,2026-05-05,2026-05-11,gcrew,noaa_gefs,08,Pressure_Pa,6,100972.99609375
gep08,00,2026-05-05,2026-05-11,gcrew,noaa_gefs,08,RH_percent_mean,6,83.72281455993652
gep08,00,2026-05-05,2026-05-11,gcrew,noaa_gefs,08,Rain_mm_sum,6,10.500000238418579
gep08,00,2026-05-05,2026-05-11,gcrew,noaa_gefs,08,ShortwaveRadiation_Wm2,6,318.375
gep08,00,2026-05-05,2026-05-11,gcrew,noaa_gefs,08,WindSpeed_ms_mean,6,3.020219501521629
gep08,00,2026-05-05,2026-05-12,gcrew,noaa_gefs,08,AirTemp_C_mean,7,16.333001708984398
gep08,00,2026-05-05,2026-05-12,gcrew,noaa_gefs,08,Pressure_Pa,7,100487.9833984375
gep08,00,2026-05-05,2026-05-12,gcrew,noaa_gefs,08,RH_percent_mean,7,91.72346305847168
gep08,00,2026-05-05,2026-05-12,gcrew,noaa_gefs,08,Rain_mm_sum,7,22.080000452697277
gep08,00,2026-05-05,2026-05-12,gcrew,noaa_gefs,08,ShortwaveRadiation_Wm2,7,141.625
gep08,00,2026-05-05,2026-05-12,gcrew,noaa_gefs,08,WindSpeed_ms_mean,7,4.752930619586684
gep08,00,2026-05-05,2026-05-13,gcrew,noaa_gefs,08,AirTemp_C_mean,8,13.859941101074241
gep08,00,2026-05-05,2026-05-13,gcrew,noaa_gefs,08,Pressure_Pa,8,100950.2314453125
gep08,00,2026-05-05,2026-05-13,gcrew,noaa_gefs,08,RH_percent_mean,8,60.64580154418945
gep08,00,2026-05-05,2026-05-13,gcrew,noaa_gefs,08,Rain_mm_sum,8,0.699999988079071
gep08,00,2026-05-05,2026-05-13,gcrew,noaa_gefs,08,ShortwaveRadiation_Wm2,8,357.5
gep08,00,2026-05-05,2026-05-13,gcrew,noaa_gefs,08,WindSpeed_ms_mean,8,5.016160868788954
gep08,00,2026-05-05,2026-05-14,gcrew,noaa_gefs,08,AirTemp_C_mean,9,13.323288399832611
gep08,00,2026-05-05,2026-05-14,gcrew,noaa_gefs,08,Pressure_Pa,9,101724.66852678571
gep08,00,2026-05-05,2026-05-14,gcrew,noaa_gefs,08,RH_percent_mean,9,54.3447254725865
gep08,00,2026-05-05,2026-05-14,gcrew,noaa_gefs,08,Rain_mm_sum,9,0
gep08,00,2026-05-05,2026-05-14,gcrew,noaa_gefs,08,ShortwaveRadiation_Wm2,9,409.2857142857143
gep08,00,2026-05-05,2026-05-14,gcrew,noaa_gefs,08,WindSpeed_ms_mean,9,4.204724101810366
gep08,00,2026-05-05,2026-05-15,gcrew,noaa_gefs,08,AirTemp_C_mean,10,13.895341491699241
gep08,00,2026-05-05,2026-05-15,gcrew,noaa_gefs,08,Pressure_Pa,10,101770.98828125
gep08,00,2026-05-05,2026-05-15,gcrew,noaa_gefs,08,RH_percent_mean,10,59.39558792114258
gep08,00,2026-05-05,2026-05-15,gcrew,noaa_gefs,08,Rain_mm_sum,10,0
gep08,00,2026-05-05,2026-05-15,gcrew,noaa_gefs,08,ShortwaveRadiation_Wm2,10,329.5
gep08,00,2026-05-05,2026-05-15,gcrew,noaa_gefs,08,WindSpeed_ms_mean,10,4.301648184988208
gep08,00,2026-05-05,2026-05-16,gcrew,noaa_gefs,08,AirTemp_C_mean,11,12.16132507324221
gep08,00,2026-05-05,2026-05-16,gcrew,noaa_gefs,08,Pressure_Pa,11,101347.048828125
gep08,00,2026-05-05,2026-05-16,gcrew,noaa_gefs,08,RH_percent_mean,11,85.79068565368652
gep08,00,2026-05-05,2026-05-16,gcrew,noaa_gefs,08,Rain_mm_sum,11,3.5000000596046448
gep08,00,2026-05-05,2026-05-16,gcrew,noaa_gefs,08,ShortwaveRadiation_Wm2,11,57.25
gep08,00,2026-05-05,2026-05-16,gcrew,noaa_gefs,08,WindSpeed_ms_mean,11,3.5957713274021446
gep08,00,2026-05-05,2026-05-17,gcrew,noaa_gefs,08,AirTemp_C_mean,12,12.39740905761721
gep08,00,2026-05-05,2026-05-17,gcrew,noaa_gefs,08,Pressure_Pa,12,101498.666015625
gep08,00,2026-05-05,2026-05-17,gcrew,noaa_gefs,08,RH_percent_mean,12,85.35811996459961
gep08,00,2026-05-05,2026-05-17,gcrew,noaa_gefs,08,Rain_mm_sum,12,12.600000239908695
gep08,00,2026-05-05,2026-05-17,gcrew,noaa_gefs,08,ShortwaveRadiation_Wm2,12,68.75
gep08,00,2026-05-05,2026-05-17,gcrew,noaa_gefs,08,WindSpeed_ms_mean,12,4.4423147677144765
gep08,00,2026-05-05,2026-05-18,gcrew,noaa_gefs,08,AirTemp_C_mean,13,12.796853637695335
gep08,00,2026-05-05,2026-05-18,gcrew,noaa_gefs,08,Pressure_Pa,13,102275.958984375
gep08,00,2026-05-05,2026-05-18,gcrew,noaa_gefs,08,RH_percent_mean,13,75.41705131530762
gep08,00,2026-05-05,2026-05-18,gcrew,noaa_gefs,08,Rain_mm_sum,13,3.5000000968575478
gep08,00,2026-05-05,2026-05-18,gcrew,noaa_gefs,08,ShortwaveRadiation_Wm2,13,67.25
gep08,00,2026-05-05,2026-05-18,gcrew,noaa_gefs,08,WindSpeed_ms_mean,13,4.947630717288071
gep08,00,2026-05-05,2026-05-19,gcrew,noaa_gefs,08,AirTemp_C_mean,14,15.980165100097679
gep08,00,2026-05-05,2026-05-19,gcrew,noaa_gefs,08,Pressure_Pa,14,101818.97265625
gep08,00,2026-05-05,2026-05-19,gcrew,noaa_gefs,08,RH_percent_mean,14,94.8867244720459
gep08,00,2026-05-05,2026-05-19,gcrew,noaa_gefs,08,Rain_mm_sum,14,13.600000202655792
gep08,00,2026-05-05,2026-05-19,gcrew,noaa_gefs,08,ShortwaveRadiation_Wm2,14,56.75
gep08,00,2026-05-05,2026-05-19,gcrew,noaa_gefs,08,WindSpeed_ms_mean,14,5.998326923740712
gep08,00,2026-05-05,2026-05-20,gcrew,noaa_gefs,08,AirTemp_C_mean,15,16.34876403808596
gep08,00,2026-05-05,2026-05-20,gcrew,noaa_gefs,08,Pressure_Pa,15,101606.828125
gep08,00,2026-05-05,2026-05-20,gcrew,noaa_gefs,08,RH_percent_mean,15,89.96279335021973
gep08,00,2026-05-05,2026-05-20,gcrew,noaa_gefs,08,Rain_mm_sum,15,0.9000000283122063
gep08,00,2026-05-05,2026-05-20,gcrew,noaa_gefs,08,ShortwaveRadiation_Wm2,15,66.75
gep08,00,2026-05-05,2026-05-20,gcrew,noaa_gefs,08,WindSpeed_ms_mean,15,5.274919119101563
gep08,00,2026-05-05,2026-05-21,gcrew,noaa_gefs,08,AirTemp_C_mean,16,17.079988098144554
gep08,00,2026-05-05,2026-05-21,gcrew,noaa_gefs,08,Pressure_Pa,16,101430.228515625
gep08,00,2026-05-05,2026-05-21,gcrew,noaa_gefs,08,RH_percent_mean,16,92.32025718688965
gep08,00,2026-05-05,2026-05-21,gcrew,noaa_gefs,08,Rain_mm_sum,16,3.6000001206994057
gep08,00,2026-05-05,2026-05-21,gcrew,noaa_gefs,08,ShortwaveRadiation_Wm2,16,134.75
gep08,00,2026-05-05,2026-05-21,gcrew,noaa_gefs,08,WindSpeed_ms_mean,16,4.749984768270614
gep08,00,2026-05-05,2026-05-22,gcrew,noaa_gefs,08,AirTemp_C_mean,17,19.45788726806643
gep08,00,2026-05-05,2026-05-22,gcrew,noaa_gefs,08,Pressure_Pa,17,101787.37109375
gep08,00,2026-05-05,2026-05-22,gcrew,noaa_gefs,08,RH_percent_mean,17,86.58370208740234
gep08,00,2026-05-05,2026-05-22,gcrew,noaa_gefs,08,Rain_mm_sum,17,0.10000000149011612
gep08,00,2026-05-05,2026-05-22,gcrew,noaa_gefs,08,ShortwaveRadiation_Wm2,17,329.5
gep08,00,2026-05-05,2026-05-22,gcrew,noaa_gefs,08,WindSpeed_ms_mean,17,3.421951902917886
gep08,00,2026-05-05,2026-05-23,gcrew,noaa_gefs,08,AirTemp_C_mean,18,19.32135925292971
gep08,00,2026-05-05,2026-05-23,gcrew,noaa_gefs,08,Pressure_Pa,18,102091.19140625
gep08,00,2026-05-05,2026-05-23,gcrew,noaa_gefs,08,RH_percent_mean,18,88.211029052734375
gep08,00,2026-05-05,2026-05-23,gcrew,noaa_gefs,08,Rain_mm_sum,18,0.30000000447034836
gep08,00,2026-05-05,2026-05-23,gcrew,noaa_gefs,08,ShortwaveRadiation_Wm2,18,304
gep08,00,2026-05-05,2026-05-23,gcrew,noaa_gefs,08,WindSpeed_ms_mean,18,2.9632516322381934
gep08,00,2026-05-05,2026-05-24,gcrew,noaa_gefs,08,AirTemp_C_mean,19,19.627183532714866
gep08,00,2026-05-05,2026-05-24,gcrew,noaa_gefs,08,Pressure_Pa,19,102131.763671875
gep08,00,2026-05-05,2026-05-24,gcrew,noaa_gefs,08,RH_percent_mean,19,88.8326587677002
gep08,00,2026-05-05,2026-05-24,gcrew,noaa_gefs,08,Rain_mm_sum,19,0.4000000059604645
gep08,00,2026-05-05,2026-05-24,gcrew,noaa_gefs,08,ShortwaveRadiation_Wm2,19,312.75
gep08,00,2026-05-05,2026-05-24,gcrew,noaa_gefs,08,WindSpeed_ms_mean,19,3.353299723512114
gep08,00,2026-05-05,2026-05-25,gcrew,noaa_gefs,08,AirTemp_C_mean,20,22.220193481445335
gep08,00,2026-05-05,2026-05-25,gcrew,noaa_gefs,08,Pressure_Pa,20,101920.87109375
gep08,00,2026-05-05,2026-05-25,gcrew,noaa_gefs,08,RH_percent_mean,20,80.57049751281738
gep08,00,2026-05-05,2026-05-25,gcrew,noaa_gefs,08,Rain_mm_sum,20,0
gep08,00,2026-05-05,2026-05-25,gcrew,noaa_gefs,08,ShortwaveRadiation_Wm2,20,332
gep08,00,2026-05-05,2026-05-25,gcrew,noaa_gefs,08,WindSpeed_ms_mean,20,2.332214280423385
gep08,00,2026-05-05,2026-05-26,gcrew,noaa_gefs,08,AirTemp_C_mean,21,23.644677734375023
gep08,00,2026-05-05,2026-05-26,gcrew,noaa_gefs,08,Pressure_Pa,21,101732.607421875
gep08,00,2026-05-05,2026-05-26,gcrew,noaa_gefs,08,RH_percent_mean,21,77.47503280639648
gep08,00,2026-05-05,2026-05-26,gcrew,noaa_gefs,08,Rain_mm_sum,21,0.30000000447034836
gep08,00,2026-05-05,2026-05-26,gcrew,noaa_gefs,08,ShortwaveRadiation_Wm2,21,329.75
gep08,00,2026-05-05,2026-05-26,gcrew,noaa_gefs,08,WindSpeed_ms_mean,21,3.7429728329099072
gep08,00,2026-05-05,2026-05-27,gcrew,noaa_gefs,08,AirTemp_C_mean,22,21.092683410644554
gep08,00,2026-05-05,2026-05-27,gcrew,noaa_gefs,08,Pressure_Pa,22,101740.51953125
gep08,00,2026-05-05,2026-05-27,gcrew,noaa_gefs,08,RH_percent_mean,22,84.3672924041748
gep08,00,2026-05-05,2026-05-27,gcrew,noaa_gefs,08,Rain_mm_sum,22,0
gep08,00,2026-05-05,2026-05-27,gcrew,noaa_gefs,08,ShortwaveRadiation_Wm2,22,312.5
gep08,00,2026-05-05,2026-05-27,gcrew,noaa_gefs,08,WindSpeed_ms_mean,22,2.700000293540816
gep08,00,2026-05-05,2026-05-28,gcrew,noaa_gefs,08,AirTemp_C_mean,23,23.88488922119143
gep08,00,2026-05-05,2026-05-28,gcrew,noaa_gefs,08,Pressure_Pa,23,101347.58984375
gep08,00,2026-05-05,2026-05-28,gcrew,noaa_gefs,08,RH_percent_mean,23,75.04574775695801
gep08,00,2026-05-05,2026-05-28,gcrew,noaa_gefs,08,Rain_mm_sum,23,0
gep08,00,2026-05-05,2026-05-28,gcrew,noaa_gefs,08,ShortwaveRadiation_Wm2,23,335.5
gep08,00,2026-05-05,2026-05-28,gcrew,noaa_gefs,08,WindSpeed_ms_mean,23,2.335344468510624
gep08,00,2026-05-05,2026-05-29,gcrew,noaa_gefs,08,AirTemp_C_mean,24,24.74714050292971
gep08,00,2026-05-05,2026-05-29,gcrew,noaa_gefs,08,Pressure_Pa,24,101476.5703125
gep08,00,2026-05-05,2026-05-29,gcrew,noaa_gefs,08,RH_percent_mean,24,72.64131832122803
gep08,00,2026-05-05,2026-05-29,gcrew,noaa_gefs,08,Rain_mm_sum,24,0
gep08,00,2026-05-05,2026-05-29,gcrew,noaa_gefs,08,ShortwaveRadiation_Wm2,24,336
gep08,00,2026-05-05,2026-05-29,gcrew,noaa_gefs,08,WindSpeed_ms_mean,24,1.9586284146796837
gep08,00,2026-05-05,2026-05-30,gcrew,noaa_gefs,08,AirTemp_C_mean,25,24.066796875000023
gep08,00,2026-05-05,2026-05-30,gcrew,noaa_gefs,08,Pressure_Pa,25,101384.1875
gep08,00,2026-05-05,2026-05-30,gcrew,noaa_gefs,08,RH_percent_mean,25,71.36553287506104
gep08,00,2026-05-05,2026-05-30,gcrew,noaa_gefs,08,Rain_mm_sum,25,2.100000001490116
gep08,00,2026-05-05,2026-05-30,gcrew,noaa_gefs,08,ShortwaveRadiation_Wm2,25,336.25
gep08,00,2026-05-05,2026-05-30,gcrew,noaa_gefs,08,WindSpeed_ms_mean,25,2.5700304546198396
gep08,00,2026-05-05,2026-05-31,gcrew,noaa_gefs,08,AirTemp_C_mean,26,20.107537841796898
gep08,00,2026-05-05,2026-05-31,gcrew,noaa_gefs,08,Pressure_Pa,26,101421.41015625
gep08,00,2026-05-05,2026-05-31,gcrew,noaa_gefs,08,RH_percent_mean,26,79.97546768188477
gep08,00,2026-05-05,2026-05-31,gcrew,noaa_gefs,08,Rain_mm_sum,26,7.199999928474426
gep08,00,2026-05-05,2026-05-31,gcrew,noaa_gefs,08,ShortwaveRadiation_Wm2,26,204.5
gep08,00,2026-05-05,2026-05-31,gcrew,noaa_gefs,08,WindSpeed_ms_mean,26,4.440413293057745
gep08,00,2026-05-05,2026-06-01,gcrew,noaa_gefs,08,AirTemp_C_mean,27,18.903489685058616
gep08,00,2026-05-05,2026-06-01,gcrew,noaa_gefs,08,Pressure_Pa,27,101613.822265625
gep08,00,2026-05-05,2026-06-01,gcrew,noaa_gefs,08,RH_percent_mean,27,79.74879264831543
gep08,00,2026-05-05,2026-06-01,gcrew,noaa_gefs,08,Rain_mm_sum,27,0.20000000298023224
gep08,00,2026-05-05,2026-06-01,gcrew,noaa_gefs,08,ShortwaveRadiation_Wm2,27,202
gep08,00,2026-05-05,2026-06-01,gcrew,noaa_gefs,08,WindSpeed_ms_mean,27,2.8618370667271793
gep08,00,2026-05-05,2026-06-02,gcrew,noaa_gefs,08,AirTemp_C_mean,28,23.729150390625023
gep08,00,2026-05-05,2026-06-02,gcrew,noaa_gefs,08,Pressure_Pa,28,101406.4609375
gep08,00,2026-05-05,2026-06-02,gcrew,noaa_gefs,08,RH_percent_mean,28,75.83053302764893
gep08,00,2026-05-05,2026-06-02,gcrew,noaa_gefs,08,Rain_mm_sum,28,4.800000190734863
gep08,00,2026-05-05,2026-06-02,gcrew,noaa_gefs,08,ShortwaveRadiation_Wm2,28,303.25
gep08,00,2026-05-05,2026-06-02,gcrew,noaa_gefs,08,WindSpeed_ms_mean,28,5.180342789756921
gep08,00,2026-05-05,2026-06-03,gcrew,noaa_gefs,08,AirTemp_C_mean,29,22.64240417480471
gep08,00,2026-05-05,2026-06-03,gcrew,noaa_gefs,08,Pressure_Pa,29,101480.6875
gep08,00,2026-05-05,2026-06-03,gcrew,noaa_gefs,08,RH_percent_mean,29,91.867095947265625
gep08,00,2026-05-05,2026-06-03,gcrew,noaa_gefs,08,Rain_mm_sum,29,24.700000166893005
gep08,00,2026-05-05,2026-06-03,gcrew,noaa_gefs,08,ShortwaveRadiation_Wm2,29,176
gep08,00,2026-05-05,2026-06-03,gcrew,noaa_gefs,08,WindSpeed_ms_mean,29,2.8103379804635074
gep08,00,2026-05-05,2026-06-04,gcrew,noaa_gefs,08,AirTemp_C_mean,30,21.24726257324221
gep08,00,2026-05-05,2026-06-04,gcrew,noaa_gefs,08,Pressure_Pa,30,100902.5
gep08,00,2026-05-05,2026-06-04,gcrew,noaa_gefs,08,RH_percent_mean,30,94.49777412414551
gep08,00,2026-05-05,2026-06-04,gcrew,noaa_gefs,08,Rain_mm_sum,30,15.800000429153442
gep08,00,2026-05-05,2026-06-04,gcrew,noaa_gefs,08,ShortwaveRadiation_Wm2,30,96
gep08,00,2026-05-05,2026-06-04,gcrew,noaa_gefs,08,WindSpeed_ms_mean,30,3.624733268214592
gep08,00,2026-05-05,2026-06-05,gcrew,noaa_gefs,08,AirTemp_C_mean,31,17.98151550292971
gep08,00,2026-05-05,2026-06-05,gcrew,noaa_gefs,08,Pressure_Pa,31,101233.8671875
gep08,00,2026-05-05,2026-06-05,gcrew,noaa_gefs,08,RH_percent_mean,31,85.09179496765137
gep08,00,2026-05-05,2026-06-05,gcrew,noaa_gefs,08,Rain_mm_sum,31,0
gep08,00,2026-05-05,2026-06-05,gcrew,noaa_gefs,08,ShortwaveRadiation_Wm2,31,204
gep08,00,2026-05-05,2026-06-05,gcrew,noaa_gefs,08,WindSpeed_ms_mean,31,3.6137171777527146
gep08,00,2026-05-05,2026-06-06,gcrew,noaa_gefs,08,AirTemp_C_mean,32,18.68531188964846
gep08,00,2026-05-05,2026-06-06,gcrew,noaa_gefs,08,Pressure_Pa,32,101418.689453125
gep08,00,2026-05-05,2026-06-06,gcrew,noaa_gefs,08,RH_percent_mean,32,90.20104598999023
gep08,00,2026-05-05,2026-06-06,gcrew,noaa_gefs,08,Rain_mm_sum,32,0.30000000447034836
gep08,00,2026-05-05,2026-06-06,gcrew,noaa_gefs,08,ShortwaveRadiation_Wm2,32,107.25
gep08,00,2026-05-05,2026-06-06,gcrew,noaa_gefs,08,WindSpeed_ms_mean,32,3.7730996520469398
gep08,00,2026-05-05,2026-06-07,gcrew,noaa_gefs,08,AirTemp_C_mean,33,24.139627075195335
gep08,00,2026-05-05,2026-06-07,gcrew,noaa_gefs,08,Pressure_Pa,33,100801.1328125
gep08,00,2026-05-05,2026-06-07,gcrew,noaa_gefs,08,RH_percent_mean,33,81.9941577911377
gep08,00,2026-05-05,2026-06-07,gcrew,noaa_gefs,08,Rain_mm_sum,33,12.999999798834324
gep08,00,2026-05-05,2026-06-07,gcrew,noaa_gefs,08,ShortwaveRadiation_Wm2,33,304.5
gep08,00,2026-05-05,2026-06-07,gcrew,noaa_gefs,08,WindSpeed_ms_mean,33,5.214782697026351
gep08,00,2026-05-05,2026-06-08,gcrew,noaa_gefs,08,AirTemp_C_mean,34,26.755662536621116
gep08,00,2026-05-05,2026-06-08,gcrew,noaa_gefs,08,Pressure_Pa,34,100443.1796875
gep08,00,2026-05-05,2026-06-08,gcrew,noaa_gefs,08,RH_percent_mean,34,68.95762729644775
gep08,00,2026-05-05,2026-06-08,gcrew,noaa_gefs,08,Rain_mm_sum,34,0.4000000134110451
gep08,00,2026-05-05,2026-06-08,gcrew,noaa_gefs,08,ShortwaveRadiation_Wm2,34,343
gep08,00,2026-05-05,2026-06-08,gcrew,noaa_gefs,08,WindSpeed_ms_mean,34,4.0934983365823845
gep09,00,2026-05-05,2026-05-06,gcrew,noaa_gefs,09,AirTemp_C_mean,1,18.317830657959007
gep09,00,2026-05-05,2026-05-06,gcrew,noaa_gefs,09,Pressure_Pa,1,100742.3876953125
gep09,00,2026-05-05,2026-05-06,gcrew,noaa_gefs,09,RH_percent_mean,1,73.999520778656
gep09,00,2026-05-05,2026-05-06,gcrew,noaa_gefs,09,Rain_mm_sum,1,2.9600000381469727
gep09,00,2026-05-05,2026-05-06,gcrew,noaa_gefs,09,ShortwaveRadiation_Wm2,1,112.5
gep09,00,2026-05-05,2026-05-06,gcrew,noaa_gefs,09,WindSpeed_ms_mean,1,7.9482961228732085
gep09,00,2026-05-05,2026-05-07,gcrew,noaa_gefs,09,AirTemp_C_mean,2,13.421441650390648
gep09,00,2026-05-05,2026-05-07,gcrew,noaa_gefs,09,Pressure_Pa,2,100609.435546875
gep09,00,2026-05-05,2026-05-07,gcrew,noaa_gefs,09,RH_percent_mean,2,79.55949878692627
gep09,00,2026-05-05,2026-05-07,gcrew,noaa_gefs,09,Rain_mm_sum,2,3.900000110268593
gep09,00,2026-05-05,2026-05-07,gcrew,noaa_gefs,09,ShortwaveRadiation_Wm2,2,80.875
gep09,00,2026-05-05,2026-05-07,gcrew,noaa_gefs,09,WindSpeed_ms_mean,2,3.7877215286509998
gep09,00,2026-05-05,2026-05-08,gcrew,noaa_gefs,09,AirTemp_C_mean,3,13.444238281250023
gep09,00,2026-05-05,2026-05-08,gcrew,noaa_gefs,09,Pressure_Pa,3,101029.4677734375
gep09,00,2026-05-05,2026-05-08,gcrew,noaa_gefs,09,RH_percent_mean,3,59.61912775039673
gep09,00,2026-05-05,2026-05-08,gcrew,noaa_gefs,09,Rain_mm_sum,3,0
gep09,00,2026-05-05,2026-05-08,gcrew,noaa_gefs,09,ShortwaveRadiation_Wm2,3,310.125
gep09,00,2026-05-05,2026-05-08,gcrew,noaa_gefs,09,WindSpeed_ms_mean,3,4.101767998187636
gep09,00,2026-05-05,2026-05-09,gcrew,noaa_gefs,09,AirTemp_C_mean,4,14.683034515380882
gep09,00,2026-05-05,2026-05-09,gcrew,noaa_gefs,09,Pressure_Pa,4,100504.6123046875
gep09,00,2026-05-05,2026-05-09,gcrew,noaa_gefs,09,RH_percent_mean,4,69.38001728057861
gep09,00,2026-05-05,2026-05-09,gcrew,noaa_gefs,09,Rain_mm_sum,4,3.40000007301569
gep09,00,2026-05-05,2026-05-09,gcrew,noaa_gefs,09,ShortwaveRadiation_Wm2,4,223.375
gep09,00,2026-05-05,2026-05-09,gcrew,noaa_gefs,09,WindSpeed_ms_mean,4,6.089498847817228
gep09,00,2026-05-05,2026-05-10,gcrew,noaa_gefs,09,AirTemp_C_mean,5,14.039365386962913
gep09,00,2026-05-05,2026-05-10,gcrew,noaa_gefs,09,Pressure_Pa,5,101038.7626953125
gep09,00,2026-05-05,2026-05-10,gcrew,noaa_gefs,09,RH_percent_mean,5,62.28422451019287
gep09,00,2026-05-05,2026-05-10,gcrew,noaa_gefs,09,Rain_mm_sum,5,0.4000000059604645
gep09,00,2026-05-05,2026-05-10,gcrew,noaa_gefs,09,ShortwaveRadiation_Wm2,5,321.875
gep09,00,2026-05-05,2026-05-10,gcrew,noaa_gefs,09,WindSpeed_ms_mean,5,4.465990950670339
gep09,00,2026-05-05,2026-05-11,gcrew,noaa_gefs,09,AirTemp_C_mean,6,15.007703399658226
gep09,00,2026-05-05,2026-05-11,gcrew,noaa_gefs,09,Pressure_Pa,6,100972.99609375
gep09,00,2026-05-05,2026-05-11,gcrew,noaa_gefs,09,RH_percent_mean,6,83.72281455993652
gep09,00,2026-05-05,2026-05-11,gcrew,noaa_gefs,09,Rain_mm_sum,6,10.500000238418579
gep09,00,2026-05-05,2026-05-11,gcrew,noaa_gefs,09,ShortwaveRadiation_Wm2,6,318.375
gep09,00,2026-05-05,2026-05-11,gcrew,noaa_gefs,09,WindSpeed_ms_mean,6,3.020219501521629
gep09,00,2026-05-05,2026-05-12,gcrew,noaa_gefs,09,AirTemp_C_mean,7,16.333001708984398
gep09,00,2026-05-05,2026-05-12,gcrew,noaa_gefs,09,Pressure_Pa,7,100487.9833984375
gep09,00,2026-05-05,2026-05-12,gcrew,noaa_gefs,09,RH_percent_mean,7,91.72346305847168
gep09,00,2026-05-05,2026-05-12,gcrew,noaa_gefs,09,Rain_mm_sum,7,22.080000452697277
gep09,00,2026-05-05,2026-05-12,gcrew,noaa_gefs,09,ShortwaveRadiation_Wm2,7,141.625
gep09,00,2026-05-05,2026-05-12,gcrew,noaa_gefs,09,WindSpeed_ms_mean,7,4.752930619586684
gep09,00,2026-05-05,2026-05-13,gcrew,noaa_gefs,09,AirTemp_C_mean,8,13.859941101074241
gep09,00,2026-05-05,2026-05-13,gcrew,noaa_gefs,09,Pressure_Pa,8,100950.2314453125
gep09,00,2026-05-05,2026-05-13,gcrew,noaa_gefs,09,RH_percent_mean,8,60.64580154418945
gep09,00,2026-05-05,2026-05-13,gcrew,noaa_gefs,09,Rain_mm_sum,8,0.699999988079071
gep09,00,2026-05-05,2026-05-13,gcrew,noaa_gefs,09,ShortwaveRadiation_Wm2,8,357.5
gep09,00,2026-05-05,2026-05-13,gcrew,noaa_gefs,09,WindSpeed_ms_mean,8,5.016160868788954
gep09,00,2026-05-05,2026-05-14,gcrew,noaa_gefs,09,AirTemp_C_mean,9,13.323288399832611
gep09,00,2026-05-05,2026-05-14,gcrew,noaa_gefs,09,Pressure_Pa,9,101724.66852678571
gep09,00,2026-05-05,2026-05-14,gcrew,noaa_gefs,09,RH_percent_mean,9,54.3447254725865
gep09,00,2026-05-05,2026-05-14,gcrew,noaa_gefs,09,Rain_mm_sum,9,0
gep09,00,2026-05-05,2026-05-14,gcrew,noaa_gefs,09,ShortwaveRadiation_Wm2,9,409.2857142857143
gep09,00,2026-05-05,2026-05-14,gcrew,noaa_gefs,09,WindSpeed_ms_mean,9,4.204724101810366
gep09,00,2026-05-05,2026-05-15,gcrew,noaa_gefs,09,AirTemp_C_mean,10,13.895341491699241
gep09,00,2026-05-05,2026-05-15,gcrew,noaa_gefs,09,Pressure_Pa,10,101770.98828125
gep09,00,2026-05-05,2026-05-15,gcrew,noaa_gefs,09,RH_percent_mean,10,59.39558792114258
gep09,00,2026-05-05,2026-05-15,gcrew,noaa_gefs,09,Rain_mm_sum,10,0
gep09,00,2026-05-05,2026-05-15,gcrew,noaa_gefs,09,ShortwaveRadiation_Wm2,10,329.5
gep09,00,2026-05-05,2026-05-15,gcrew,noaa_gefs,09,WindSpeed_ms_mean,10,4.301648184988208
gep09,00,2026-05-05,2026-05-16,gcrew,noaa_gefs,09,AirTemp_C_mean,11,12.16132507324221
gep09,00,2026-05-05,2026-05-16,gcrew,noaa_gefs,09,Pressure_Pa,11,101347.048828125
gep09,00,2026-05-05,2026-05-16,gcrew,noaa_gefs,09,RH_percent_mean,11,85.79068565368652
gep09,00,2026-05-05,2026-05-16,gcrew,noaa_gefs,09,Rain_mm_sum,11,3.5000000596046448
gep09,00,2026-05-05,2026-05-16,gcrew,noaa_gefs,09,ShortwaveRadiation_Wm2,11,57.25
gep09,00,2026-05-05,2026-05-16,gcrew,noaa_gefs,09,WindSpeed_ms_mean,11,3.5957713274021446
gep09,00,2026-05-05,2026-05-17,gcrew,noaa_gefs,09,AirTemp_C_mean,12,12.39740905761721
gep09,00,2026-05-05,2026-05-17,gcrew,noaa_gefs,09,Pressure_Pa,12,101498.666015625
gep09,00,2026-05-05,2026-05-17,gcrew,noaa_gefs,09,RH_percent_mean,12,85.35811996459961
gep09,00,2026-05-05,2026-05-17,gcrew,noaa_gefs,09,Rain_mm_sum,12,12.600000239908695
gep09,00,2026-05-05,2026-05-17,gcrew,noaa_gefs,09,ShortwaveRadiation_Wm2,12,68.75
gep09,00,2026-05-05,2026-05-17,gcrew,noaa_gefs,09,WindSpeed_ms_mean,12,4.4423147677144765
gep09,00,2026-05-05,2026-05-18,gcrew,noaa_gefs,09,AirTemp_C_mean,13,12.796853637695335
gep09,00,2026-05-05,2026-05-18,gcrew,noaa_gefs,09,Pressure_Pa,13,102275.958984375
gep09,00,2026-05-05,2026-05-18,gcrew,noaa_gefs,09,RH_percent_mean,13,75.41705131530762
gep09,00,2026-05-05,2026-05-18,gcrew,noaa_gefs,09,Rain_mm_sum,13,3.5000000968575478
gep09,00,2026-05-05,2026-05-18,gcrew,noaa_gefs,09,ShortwaveRadiation_Wm2,13,67.25
gep09,00,2026-05-05,2026-05-18,gcrew,noaa_gefs,09,WindSpeed_ms_mean,13,4.947630717288071
gep09,00,2026-05-05,2026-05-19,gcrew,noaa_gefs,09,AirTemp_C_mean,14,15.980165100097679
gep09,00,2026-05-05,2026-05-19,gcrew,noaa_gefs,09,Pressure_Pa,14,101818.97265625
gep09,00,2026-05-05,2026-05-19,gcrew,noaa_gefs,09,RH_percent_mean,14,94.8867244720459
gep09,00,2026-05-05,2026-05-19,gcrew,noaa_gefs,09,Rain_mm_sum,14,13.600000202655792
gep09,00,2026-05-05,2026-05-19,gcrew,noaa_gefs,09,ShortwaveRadiation_Wm2,14,56.75
gep09,00,2026-05-05,2026-05-19,gcrew,noaa_gefs,09,WindSpeed_ms_mean,14,5.998326923740712
gep09,00,2026-05-05,2026-05-20,gcrew,noaa_gefs,09,AirTemp_C_mean,15,16.34876403808596
gep09,00,2026-05-05,2026-05-20,gcrew,noaa_gefs,09,Pressure_Pa,15,101606.828125
gep09,00,2026-05-05,2026-05-20,gcrew,noaa_gefs,09,RH_percent_mean,15,89.96279335021973
gep09,00,2026-05-05,2026-05-20,gcrew,noaa_gefs,09,Rain_mm_sum,15,0.9000000283122063
gep09,00,2026-05-05,2026-05-20,gcrew,noaa_gefs,09,ShortwaveRadiation_Wm2,15,66.75
gep09,00,2026-05-05,2026-05-20,gcrew,noaa_gefs,09,WindSpeed_ms_mean,15,5.274919119101563
gep09,00,2026-05-05,2026-05-21,gcrew,noaa_gefs,09,AirTemp_C_mean,16,17.079988098144554
gep09,00,2026-05-05,2026-05-21,gcrew,noaa_gefs,09,Pressure_Pa,16,101430.228515625
gep09,00,2026-05-05,2026-05-21,gcrew,noaa_gefs,09,RH_percent_mean,16,92.32025718688965
gep09,00,2026-05-05,2026-05-21,gcrew,noaa_gefs,09,Rain_mm_sum,16,3.6000001206994057
gep09,00,2026-05-05,2026-05-21,gcrew,noaa_gefs,09,ShortwaveRadiation_Wm2,16,134.75
gep09,00,2026-05-05,2026-05-21,gcrew,noaa_gefs,09,WindSpeed_ms_mean,16,4.749984768270614
gep09,00,2026-05-05,2026-05-22,gcrew,noaa_gefs,09,AirTemp_C_mean,17,19.45788726806643
gep09,00,2026-05-05,2026-05-22,gcrew,noaa_gefs,09,Pressure_Pa,17,101787.37109375
gep09,00,2026-05-05,2026-05-22,gcrew,noaa_gefs,09,RH_percent_mean,17,86.58370208740234
gep09,00,2026-05-05,2026-05-22,gcrew,noaa_gefs,09,Rain_mm_sum,17,0.10000000149011612
gep09,00,2026-05-05,2026-05-22,gcrew,noaa_gefs,09,ShortwaveRadiation_Wm2,17,329.5
gep09,00,2026-05-05,2026-05-22,gcrew,noaa_gefs,09,WindSpeed_ms_mean,17,3.421951902917886
gep09,00,2026-05-05,2026-05-23,gcrew,noaa_gefs,09,AirTemp_C_mean,18,19.32135925292971
gep09,00,2026-05-05,2026-05-23,gcrew,noaa_gefs,09,Pressure_Pa,18,102091.19140625
gep09,00,2026-05-05,2026-05-23,gcrew,noaa_gefs,09,RH_percent_mean,18,88.211029052734375
gep09,00,2026-05-05,2026-05-23,gcrew,noaa_gefs,09,Rain_mm_sum,18,0.30000000447034836
gep09,00,2026-05-05,2026-05-23,gcrew,noaa_gefs,09,ShortwaveRadiation_Wm2,18,304
gep09,00,2026-05-05,2026-05-23,gcrew,noaa_gefs,09,WindSpeed_ms_mean,18,2.9632516322381934
gep09,00,2026-05-05,2026-05-24,gcrew,noaa_gefs,09,AirTemp_C_mean,19,19.627183532714866
gep09,00,2026-05-05,2026-05-24,gcrew,noaa_gefs,09,Pressure_Pa,19,102131.763671875
gep09,00,2026-05-05,2026-05-24,gcrew,noaa_gefs,09,RH_percent_mean,19,88.8326587677002
gep09,00,2026-05-05,2026-05-24,gcrew,noaa_gefs,09,Rain_mm_sum,19,0.4000000059604645
gep09,00,2026-05-05,2026-05-24,gcrew,noaa_gefs,09,ShortwaveRadiation_Wm2,19,312.75
gep09,00,2026-05-05,2026-05-24,gcrew,noaa_gefs,09,WindSpeed_ms_mean,19,3.353299723512114
gep09,00,2026-05-05,2026-05-25,gcrew,noaa_gefs,09,AirTemp_C_mean,20,22.220193481445335
gep09,00,2026-05-05,2026-05-25,gcrew,noaa_gefs,09,Pressure_Pa,20,101920.87109375
gep09,00,2026-05-05,2026-05-25,gcrew,noaa_gefs,09,RH_percent_mean,20,80.57049751281738
gep09,00,2026-05-05,2026-05-25,gcrew,noaa_gefs,09,Rain_mm_sum,20,0
gep09,00,2026-05-05,2026-05-25,gcrew,noaa_gefs,09,ShortwaveRadiation_Wm2,20,332
gep09,00,2026-05-05,2026-05-25,gcrew,noaa_gefs,09,WindSpeed_ms_mean,20,2.332214280423385
gep09,00,2026-05-05,2026-05-26,gcrew,noaa_gefs,09,AirTemp_C_mean,21,23.644677734375023
gep09,00,2026-05-05,2026-05-26,gcrew,noaa_gefs,09,Pressure_Pa,21,101732.607421875
gep09,00,2026-05-05,2026-05-26,gcrew,noaa_gefs,09,RH_percent_mean,21,77.47503280639648
gep09,00,2026-05-05,2026-05-26,gcrew,noaa_gefs,09,Rain_mm_sum,21,0.30000000447034836
gep09,00,2026-05-05,2026-05-26,gcrew,noaa_gefs,09,ShortwaveRadiation_Wm2,21,329.75
gep09,00,2026-05-05,2026-05-26,gcrew,noaa_gefs,09,WindSpeed_ms_mean,21,3.7429728329099072
gep09,00,2026-05-05,2026-05-27,gcrew,noaa_gefs,09,AirTemp_C_mean,22,21.092683410644554
gep09,00,2026-05-05,2026-05-27,gcrew,noaa_gefs,09,Pressure_Pa,22,101740.51953125
gep09,00,2026-05-05,2026-05-27,gcrew,noaa_gefs,09,RH_percent_mean,22,84.3672924041748
gep09,00,2026-05-05,2026-05-27,gcrew,noaa_gefs,09,Rain_mm_sum,22,0
gep09,00,2026-05-05,2026-05-27,gcrew,noaa_gefs,09,ShortwaveRadiation_Wm2,22,312.5
gep09,00,2026-05-05,2026-05-27,gcrew,noaa_gefs,09,WindSpeed_ms_mean,22,2.700000293540816
gep09,00,2026-05-05,2026-05-28,gcrew,noaa_gefs,09,AirTemp_C_mean,23,23.88488922119143
gep09,00,2026-05-05,2026-05-28,gcrew,noaa_gefs,09,Pressure_Pa,23,101347.58984375
gep09,00,2026-05-05,2026-05-28,gcrew,noaa_gefs,09,RH_percent_mean,23,75.04574775695801
gep09,00,2026-05-05,2026-05-28,gcrew,noaa_gefs,09,Rain_mm_sum,23,0
gep09,00,2026-05-05,2026-05-28,gcrew,noaa_gefs,09,ShortwaveRadiation_Wm2,23,335.5
gep09,00,2026-05-05,2026-05-28,gcrew,noaa_gefs,09,WindSpeed_ms_mean,23,2.335344468510624
gep09,00,2026-05-05,2026-05-29,gcrew,noaa_gefs,09,AirTemp_C_mean,24,24.74714050292971
gep09,00,2026-05-05,2026-05-29,gcrew,noaa_gefs,09,Pressure_Pa,24,101476.5703125
gep09,00,2026-05-05,2026-05-29,gcrew,noaa_gefs,09,RH_percent_mean,24,72.64131832122803
gep09,00,2026-05-05,2026-05-29,gcrew,noaa_gefs,09,Rain_mm_sum,24,0
gep09,00,2026-05-05,2026-05-29,gcrew,noaa_gefs,09,ShortwaveRadiation_Wm2,24,336
gep09,00,2026-05-05,2026-05-29,gcrew,noaa_gefs,09,WindSpeed_ms_mean,24,1.9586284146796837
gep09,00,2026-05-05,2026-05-30,gcrew,noaa_gefs,09,AirTemp_C_mean,25,24.066796875000023
gep09,00,2026-05-05,2026-05-30,gcrew,noaa_gefs,09,Pressure_Pa,25,101384.1875
gep09,00,2026-05-05,2026-05-30,gcrew,noaa_gefs,09,RH_percent_mean,25,71.36553287506104
gep09,00,2026-05-05,2026-05-30,gcrew,noaa_gefs,09,Rain_mm_sum,25,2.100000001490116
gep09,00,2026-05-05,2026-05-30,gcrew,noaa_gefs,09,ShortwaveRadiation_Wm2,25,336.25
gep09,00,2026-05-05,2026-05-30,gcrew,noaa_gefs,09,WindSpeed_ms_mean,25,2.5700304546198396
gep09,00,2026-05-05,2026-05-31,gcrew,noaa_gefs,09,AirTemp_C_mean,26,20.107537841796898
gep09,00,2026-05-05,2026-05-31,gcrew,noaa_gefs,09,Pressure_Pa,26,101421.41015625
gep09,00,2026-05-05,2026-05-31,gcrew,noaa_gefs,09,RH_percent_mean,26,79.97546768188477
gep09,00,2026-05-05,2026-05-31,gcrew,noaa_gefs,09,Rain_mm_sum,26,7.199999928474426
gep09,00,2026-05-05,2026-05-31,gcrew,noaa_gefs,09,ShortwaveRadiation_Wm2,26,204.5
gep09,00,2026-05-05,2026-05-31,gcrew,noaa_gefs,09,WindSpeed_ms_mean,26,4.440413293057745
gep09,00,2026-05-05,2026-06-01,gcrew,noaa_gefs,09,AirTemp_C_mean,27,18.903489685058616
gep09,00,2026-05-05,2026-06-01,gcrew,noaa_gefs,09,Pressure_Pa,27,101613.822265625
gep09,00,2026-05-05,2026-06-01,gcrew,noaa_gefs,09,RH_percent_mean,27,79.74879264831543
gep09,00,2026-05-05,2026-06-01,gcrew,noaa_gefs,09,Rain_mm_sum,27,0.20000000298023224
gep09,00,2026-05-05,2026-06-01,gcrew,noaa_gefs,09,ShortwaveRadiation_Wm2,27,202
gep09,00,2026-05-05,2026-06-01,gcrew,noaa_gefs,09,WindSpeed_ms_mean,27,2.8618370667271793
gep09,00,2026-05-05,2026-06-02,gcrew,noaa_gefs,09,AirTemp_C_mean,28,23.729150390625023
gep09,00,2026-05-05,2026-06-02,gcrew,noaa_gefs,09,Pressure_Pa,28,101406.4609375
gep09,00,2026-05-05,2026-06-02,gcrew,noaa_gefs,09,RH_percent_mean,28,75.83053302764893
gep09,00,2026-05-05,2026-06-02,gcrew,noaa_gefs,09,Rain_mm_sum,28,4.800000190734863
gep09,00,2026-05-05,2026-06-02,gcrew,noaa_gefs,09,ShortwaveRadiation_Wm2,28,303.25
gep09,00,2026-05-05,2026-06-02,gcrew,noaa_gefs,09,WindSpeed_ms_mean,28,5.180342789756921
gep09,00,2026-05-05,2026-06-03,gcrew,noaa_gefs,09,AirTemp_C_mean,29,22.64240417480471
gep09,00,2026-05-05,2026-06-03,gcrew,noaa_gefs,09,Pressure_Pa,29,101480.6875
gep09,00,2026-05-05,2026-06-03,gcrew,noaa_gefs,09,RH_percent_mean,29,91.867095947265625
gep09,00,2026-05-05,2026-06-03,gcrew,noaa_gefs,09,Rain_mm_sum,29,24.700000166893005
gep09,00,2026-05-05,2026-06-03,gcrew,noaa_gefs,09,ShortwaveRadiation_Wm2,29,176
gep09,00,2026-05-05,2026-06-03,gcrew,noaa_gefs,09,WindSpeed_ms_mean,29,2.8103379804635074
gep09,00,2026-05-05,2026-06-04,gcrew,noaa_gefs,09,AirTemp_C_mean,30,21.24726257324221
gep09,00,2026-05-05,2026-06-04,gcrew,noaa_gefs,09,Pressure_Pa,30,100902.5
gep09,00,2026-05-05,2026-06-04,gcrew,noaa_gefs,09,RH_percent_mean,30,94.49777412414551
gep09,00,2026-05-05,2026-06-04,gcrew,noaa_gefs,09,Rain_mm_sum,30,15.800000429153442
gep09,00,2026-05-05,2026-06-04,gcrew,noaa_gefs,09,ShortwaveRadiation_Wm2,30,96
gep09,00,2026-05-05,2026-06-04,gcrew,noaa_gefs,09,WindSpeed_ms_mean,30,3.624733268214592
gep09,00,2026-05-05,2026-06-05,gcrew,noaa_gefs,09,AirTemp_C_mean,31,17.98151550292971
gep09,00,2026-05-05,2026-06-05,gcrew,noaa_gefs,09,Pressure_Pa,31,101233.8671875
gep09,00,2026-05-05,2026-06-05,gcrew,noaa_gefs,09,RH_percent_mean,31,85.09179496765137
gep09,00,2026-05-05,2026-06-05,gcrew,noaa_gefs,09,Rain_mm_sum,31,0
gep09,00,2026-05-05,2026-06-05,gcrew,noaa_gefs,09,ShortwaveRadiation_Wm2,31,204
gep09,00,2026-05-05,2026-06-05,gcrew,noaa_gefs,09,WindSpeed_ms_mean,31,3.6137171777527146
gep09,00,2026-05-05,2026-06-06,gcrew,noaa_gefs,09,AirTemp_C_mean,32,18.68531188964846
gep09,00,2026-05-05,2026-06-06,gcrew,noaa_gefs,09,Pressure_Pa,32,101418.689453125
gep09,00,2026-05-05,2026-06-06,gcrew,noaa_gefs,09,RH_percent_mean,32,90.20104598999023
gep09,00,2026-05-05,2026-06-06,gcrew,noaa_gefs,09,Rain_mm_sum,32,0.30000000447034836
gep09,00,2026-05-05,2026-06-06,gcrew,noaa_gefs,09,ShortwaveRadiation_Wm2,32,107.25
gep09,00,2026-05-05,2026-06-06,gcrew,noaa_gefs,09,WindSpeed_ms_mean,32,3.7730996520469398
gep09,00,2026-05-05,2026-06-07,gcrew,noaa_gefs,09,AirTemp_C_mean,33,24.139627075195335
gep09,00,2026-05-05,2026-06-07,gcrew,noaa_gefs,09,Pressure_Pa,33,100801.1328125
gep09,00,2026-05-05,2026-06-07,gcrew,noaa_gefs,09,RH_percent_mean,33,81.9941577911377
gep09,00,2026-05-05,2026-06-07,gcrew,noaa_gefs,09,Rain_mm_sum,33,12.999999798834324
gep09,00,2026-05-05,2026-06-07,gcrew,noaa_gefs,09,ShortwaveRadiation_Wm2,33,304.5
gep09,00,2026-05-05,2026-06-07,gcrew,noaa_gefs,09,WindSpeed_ms_mean,33,5.214782697026351
gep09,00,2026-05-05,2026-06-08,gcrew,noaa_gefs,09,AirTemp_C_mean,34,26.755662536621116
gep09,00,2026-05-05,2026-06-08,gcrew,noaa_gefs,09,Pressure_Pa,34,100443.1796875
gep09,00,2026-05-05,2026-06-08,gcrew,noaa_gefs,09,RH_percent_mean,34,68.95762729644775
gep09,00,2026-05-05,2026-06-08,gcrew,noaa_gefs,09,Rain_mm_sum,34,0.4000000134110451
gep09,00,2026-05-05,2026-06-08,gcrew,noaa_gefs,09,ShortwaveRadiation_Wm2,34,343
gep09,00,2026-05-05,2026-06-08,gcrew,noaa_gefs,09,WindSpeed_ms_mean,34,4.0934983365823845
gep10,00,2026-05-05,2026-05-06,gcrew,noaa_gefs,10,AirTemp_C_mean,1,18.317830657959007
gep10,00,2026-05-05,2026-05-06,gcrew,noaa_gefs,10,Pressure_Pa,1,100742.3876953125
gep10,00,2026-05-05,2026-05-06,gcrew,noaa_gefs,10,RH_percent_mean,1,73.999520778656
gep10,00,2026-05-05,2026-05-06,gcrew,noaa_gefs,10,Rain_mm_sum,1,2.9600000381469727
gep10,00,2026-05-05,2026-05-06,gcrew,noaa_gefs,10,ShortwaveRadiation_Wm2,1,112.5
gep10,00,2026-05-05,2026-05-06,gcrew,noaa_gefs,10,WindSpeed_ms_mean,1,7.9482961228732085
gep10,00,2026-05-05,2026-05-07,gcrew,noaa_gefs,10,AirTemp_C_mean,2,13.421441650390648
gep10,00,2026-05-05,2026-05-07,gcrew,noaa_gefs,10,Pressure_Pa,2,100609.435546875
gep10,00,2026-05-05,2026-05-07,gcrew,noaa_gefs,10,RH_percent_mean,2,79.55949878692627
gep10,00,2026-05-05,2026-05-07,gcrew,noaa_gefs,10,Rain_mm_sum,2,3.900000110268593
gep10,00,2026-05-05,2026-05-07,gcrew,noaa_gefs,10,ShortwaveRadiation_Wm2,2,80.875
gep10,00,2026-05-05,2026-05-07,gcrew,noaa_gefs,10,WindSpeed_ms_mean,2,3.7877215286509998
gep10,00,2026-05-05,2026-05-08,gcrew,noaa_gefs,10,AirTemp_C_mean,3,13.444238281250023
gep10,00,2026-05-05,2026-05-08,gcrew,noaa_gefs,10,Pressure_Pa,3,101029.4677734375
gep10,00,2026-05-05,2026-05-08,gcrew,noaa_gefs,10,RH_percent_mean,3,59.61912775039673
gep10,00,2026-05-05,2026-05-08,gcrew,noaa_gefs,10,Rain_mm_sum,3,0
gep10,00,2026-05-05,2026-05-08,gcrew,noaa_gefs,10,ShortwaveRadiation_Wm2,3,310.125
gep10,00,2026-05-05,2026-05-08,gcrew,noaa_gefs,10,WindSpeed_ms_mean,3,4.101767998187636
gep10,00,2026-05-05,2026-05-09,gcrew,noaa_gefs,10,AirTemp_C_mean,4,14.683034515380882
gep10,00,2026-05-05,2026-05-09,gcrew,noaa_gefs,10,Pressure_Pa,4,100504.6123046875
gep10,00,2026-05-05,2026-05-09,gcrew,noaa_gefs,10,RH_percent_mean,4,69.38001728057861
gep10,00,2026-05-05,2026-05-09,gcrew,noaa_gefs,10,Rain_mm_sum,4,3.40000007301569
gep10,00,2026-05-05,2026-05-09,gcrew,noaa_gefs,10,ShortwaveRadiation_Wm2,4,223.375
gep10,00,2026-05-05,2026-05-09,gcrew,noaa_gefs,10,WindSpeed_ms_mean,4,6.089498847817228
gep10,00,2026-05-05,2026-05-10,gcrew,noaa_gefs,10,AirTemp_C_mean,5,14.039365386962913
gep10,00,2026-05-05,2026-05-10,gcrew,noaa_gefs,10,Pressure_Pa,5,101038.7626953125
gep10,00,2026-05-05,2026-05-10,gcrew,noaa_gefs,10,RH_percent_mean,5,62.28422451019287
gep10,00,2026-05-05,2026-05-10,gcrew,noaa_gefs,10,Rain_mm_sum,5,0.4000000059604645
gep10,00,2026-05-05,2026-05-10,gcrew,noaa_gefs,10,ShortwaveRadiation_Wm2,5,321.875
gep10,00,2026-05-05,2026-05-10,gcrew,noaa_gefs,10,WindSpeed_ms_mean,5,4.465990950670339
gep10,00,2026-05-05,2026-05-11,gcrew,noaa_gefs,10,AirTemp_C_mean,6,15.007703399658226
gep10,00,2026-05-05,2026-05-11,gcrew,noaa_gefs,10,Pressure_Pa,6,100972.99609375
gep10,00,2026-05-05,2026-05-11,gcrew,noaa_gefs,10,RH_percent_mean,6,83.72281455993652
gep10,00,2026-05-05,2026-05-11,gcrew,noaa_gefs,10,Rain_mm_sum,6,10.500000238418579
gep10,00,2026-05-05,2026-05-11,gcrew,noaa_gefs,10,ShortwaveRadiation_Wm2,6,318.375
gep10,00,2026-05-05,2026-05-11,gcrew,noaa_gefs,10,WindSpeed_ms_mean,6,3.020219501521629
gep10,00,2026-05-05,2026-05-12,gcrew,noaa_gefs,10,AirTemp_C_mean,7,16.333001708984398
gep10,00,2026-05-05,2026-05-12,gcrew,noaa_gefs,10,Pressure_Pa,7,100487.9833984375
gep10,00,2026-05-05,2026-05-12,gcrew,noaa_gefs,10,RH_percent_mean,7,91.72346305847168
gep10,00,2026-05-05,2026-05-12,gcrew,noaa_gefs,10,Rain_mm_sum,7,22.080000452697277
gep10,00,2026-05-05,2026-05-12,gcrew,noaa_gefs,10,ShortwaveRadiation_Wm2,7,141.625
gep10,00,2026-05-05,2026-05-12,gcrew,noaa_gefs,10,WindSpeed_ms_mean,7,4.752930619586684
gep10,00,2026-05-05,2026-05-13,gcrew,noaa_gefs,10,AirTemp_C_mean,8,13.859941101074241
gep10,00,2026-05-05,2026-05-13,gcrew,noaa_gefs,10,Pressure_Pa,8,100950.2314453125
gep10,00,2026-05-05,2026-05-13,gcrew,noaa_gefs,10,RH_percent_mean,8,60.64580154418945
gep10,00,2026-05-05,2026-05-13,gcrew,noaa_gefs,10,Rain_mm_sum,8,0.699999988079071
gep10,00,2026-05-05,2026-05-13,gcrew,noaa_gefs,10,ShortwaveRadiation_Wm2,8,357.5
gep10,00,2026-05-05,2026-05-13,gcrew,noaa_gefs,10,WindSpeed_ms_mean,8,5.016160868788954
gep10,00,2026-05-05,2026-05-14,gcrew,noaa_gefs,10,AirTemp_C_mean,9,13.323288399832611
gep10,00,2026-05-05,2026-05-14,gcrew,noaa_gefs,10,Pressure_Pa,9,101724.66852678571
gep10,00,2026-05-05,2026-05-14,gcrew,noaa_gefs,10,RH_percent_mean,9,54.3447254725865
gep10,00,2026-05-05,2026-05-14,gcrew,noaa_gefs,10,Rain_mm_sum,9,0
gep10,00,2026-05-05,2026-05-14,gcrew,noaa_gefs,10,ShortwaveRadiation_Wm2,9,409.2857142857143
gep10,00,2026-05-05,2026-05-14,gcrew,noaa_gefs,10,WindSpeed_ms_mean,9,4.204724101810366
gep10,00,2026-05-05,2026-05-15,gcrew,noaa_gefs,10,AirTemp_C_mean,10,13.895341491699241
gep10,00,2026-05-05,2026-05-15,gcrew,noaa_gefs,10,Pressure_Pa,10,101770.98828125
gep10,00,2026-05-05,2026-05-15,gcrew,noaa_gefs,10,RH_percent_mean,10,59.39558792114258
gep10,00,2026-05-05,2026-05-15,gcrew,noaa_gefs,10,Rain_mm_sum,10,0
gep10,00,2026-05-05,2026-05-15,gcrew,noaa_gefs,10,ShortwaveRadiation_Wm2,10,329.5
gep10,00,2026-05-05,2026-05-15,gcrew,noaa_gefs,10,WindSpeed_ms_mean,10,4.301648184988208
gep10,00,2026-05-05,2026-05-16,gcrew,noaa_gefs,10,AirTemp_C_mean,11,12.16132507324221
gep10,00,2026-05-05,2026-05-16,gcrew,noaa_gefs,10,Pressure_Pa,11,101347.048828125
gep10,00,2026-05-05,2026-05-16,gcrew,noaa_gefs,10,RH_percent_mean,11,85.79068565368652
gep10,00,2026-05-05,2026-05-16,gcrew,noaa_gefs,10,Rain_mm_sum,11,3.5000000596046448
gep10,00,2026-05-05,2026-05-16,gcrew,noaa_gefs,10,ShortwaveRadiation_Wm2,11,57.25
gep10,00,2026-05-05,2026-05-16,gcrew,noaa_gefs,10,WindSpeed_ms_mean,11,3.5957713274021446
gep10,00,2026-05-05,2026-05-17,gcrew,noaa_gefs,10,AirTemp_C_mean,12,12.39740905761721
gep10,00,2026-05-05,2026-05-17,gcrew,noaa_gefs,10,Pressure_Pa,12,101498.666015625
gep10,00,2026-05-05,2026-05-17,gcrew,noaa_gefs,10,RH_percent_mean,12,85.35811996459961
gep10,00,2026-05-05,2026-05-17,gcrew,noaa_gefs,10,Rain_mm_sum,12,12.600000239908695
gep10,00,2026-05-05,2026-05-17,gcrew,noaa_gefs,10,ShortwaveRadiation_Wm2,12,68.75
gep10,00,2026-05-05,2026-05-17,gcrew,noaa_gefs,10,WindSpeed_ms_mean,12,4.4423147677144765
gep10,00,2026-05-05,2026-05-18,gcrew,noaa_gefs,10,AirTemp_C_mean,13,12.796853637695335
gep10,00,2026-05-05,2026-05-18,gcrew,noaa_gefs,10,Pressure_Pa,13,102275.958984375
gep10,00,2026-05-05,2026-05-18,gcrew,noaa_gefs,10,RH_percent_mean,13,75.41705131530762
gep10,00,2026-05-05,2026-05-18,gcrew,noaa_gefs,10,Rain_mm_sum,13,3.5000000968575478
gep10,00,2026-05-05,2026-05-18,gcrew,noaa_gefs,10,ShortwaveRadiation_Wm2,13,67.25
gep10,00,2026-05-05,2026-05-18,gcrew,noaa_gefs,10,WindSpeed_ms_mean,13,4.947630717288071
gep10,00,2026-05-05,2026-05-19,gcrew,noaa_gefs,10,AirTemp_C_mean,14,15.980165100097679
gep10,00,2026-05-05,2026-05-19,gcrew,noaa_gefs,10,Pressure_Pa,14,101818.97265625
gep10,00,2026-05-05,2026-05-19,gcrew,noaa_gefs,10,RH_percent_mean,14,94.8867244720459
gep10,00,2026-05-05,2026-05-19,gcrew,noaa_gefs,10,Rain_mm_sum,14,13.600000202655792
gep10,00,2026-05-05,2026-05-19,gcrew,noaa_gefs,10,ShortwaveRadiation_Wm2,14,56.75
gep10,00,2026-05-05,2026-05-19,gcrew,noaa_gefs,10,WindSpeed_ms_mean,14,5.998326923740712
gep10,00,2026-05-05,2026-05-20,gcrew,noaa_gefs,10,AirTemp_C_mean,15,16.34876403808596
gep10,00,2026-05-05,2026-05-20,gcrew,noaa_gefs,10,Pressure_Pa,15,101606.828125
gep10,00,2026-05-05,2026-05-20,gcrew,noaa_gefs,10,RH_percent_mean,15,89.96279335021973
gep10,00,2026-05-05,2026-05-20,gcrew,noaa_gefs,10,Rain_mm_sum,15,0.9000000283122063
gep10,00,2026-05-05,2026-05-20,gcrew,noaa_gefs,10,ShortwaveRadiation_Wm2,15,66.75
gep10,00,2026-05-05,2026-05-20,gcrew,noaa_gefs,10,WindSpeed_ms_mean,15,5.274919119101563
gep10,00,2026-05-05,2026-05-21,gcrew,noaa_gefs,10,AirTemp_C_mean,16,17.079988098144554
gep10,00,2026-05-05,2026-05-21,gcrew,noaa_gefs,10,Pressure_Pa,16,101430.228515625
gep10,00,2026-05-05,2026-05-21,gcrew,noaa_gefs,10,RH_percent_mean,16,92.32025718688965
gep10,00,2026-05-05,2026-05-21,gcrew,noaa_gefs,10,Rain_mm_sum,16,3.6000001206994057
gep10,00,2026-05-05,2026-05-21,gcrew,noaa_gefs,10,ShortwaveRadiation_Wm2,16,134.75
gep10,00,2026-05-05,2026-05-21,gcrew,noaa_gefs,10,WindSpeed_ms_mean,16,4.749984768270614
gep10,00,2026-05-05,2026-05-22,gcrew,noaa_gefs,10,AirTemp_C_mean,17,19.45788726806643
gep10,00,2026-05-05,2026-05-22,gcrew,noaa_gefs,10,Pressure_Pa,17,101787.37109375
gep10,00,2026-05-05,2026-05-22,gcrew,noaa_gefs,10,RH_percent_mean,17,86.58370208740234
gep10,00,2026-05-05,2026-05-22,gcrew,noaa_gefs,10,Rain_mm_sum,17,0.10000000149011612
gep10,00,2026-05-05,2026-05-22,gcrew,noaa_gefs,10,ShortwaveRadiation_Wm2,17,329.5
gep10,00,2026-05-05,2026-05-22,gcrew,noaa_gefs,10,WindSpeed_ms_mean,17,3.421951902917886
gep10,00,2026-05-05,2026-05-23,gcrew,noaa_gefs,10,AirTemp_C_mean,18,19.32135925292971
gep10,00,2026-05-05,2026-05-23,gcrew,noaa_gefs,10,Pressure_Pa,18,102091.19140625
gep10,00,2026-05-05,2026-05-23,gcrew,noaa_gefs,10,RH_percent_mean,18,88.211029052734375
gep10,00,2026-05-05,2026-05-23,gcrew,noaa_gefs,10,Rain_mm_sum,18,0.30000000447034836
gep10,00,2026-05-05,2026-05-23,gcrew,noaa_gefs,10,ShortwaveRadiation_Wm2,18,304
gep10,00,2026-05-05,2026-05-23,gcrew,noaa_gefs,10,WindSpeed_ms_mean,18,2.9632516322381934
gep10,00,2026-05-05,2026-05-24,gcrew,noaa_gefs,10,AirTemp_C_mean,19,19.627183532714866
gep10,00,2026-05-05,2026-05-24,gcrew,noaa_gefs,10,Pressure_Pa,19,102131.763671875
gep10,00,2026-05-05,2026-05-24,gcrew,noaa_gefs,10,RH_percent_mean,19,88.8326587677002
gep10,00,2026-05-05,2026-05-24,gcrew,noaa_gefs,10,Rain_mm_sum,19,0.4000000059604645
gep10,00,2026-05-05,2026-05-24,gcrew,noaa_gefs,10,ShortwaveRadiation_Wm2,19,312.75
gep10,00,2026-05-05,2026-05-24,gcrew,noaa_gefs,10,WindSpeed_ms_mean,19,3.353299723512114
gep10,00,2026-05-05,2026-05-25,gcrew,noaa_gefs,10,AirTemp_C_mean,20,22.220193481445335
gep10,00,2026-05-05,2026-05-25,gcrew,noaa_gefs,10,Pressure_Pa,20,101920.87109375
gep10,00,2026-05-05,2026-05-25,gcrew,noaa_gefs,10,RH_percent_mean,20,80.57049751281738
gep10,00,2026-05-05,2026-05-25,gcrew,noaa_gefs,10,Rain_mm_sum,20,0
gep10,00,2026-05-05,2026-05-25,gcrew,noaa_gefs,10,ShortwaveRadiation_Wm2,20,332
gep10,00,2026-05-05,2026-05-25,gcrew,noaa_gefs,10,WindSpeed_ms_mean,20,2.332214280423385
gep10,00,2026-05-05,2026-05-26,gcrew,noaa_gefs,10,AirTemp_C_mean,21,23.644677734375023
gep10,00,2026-05-05,2026-05-26,gcrew,noaa_gefs,10,Pressure_Pa,21,101732.607421875
gep10,00,2026-05-05,2026-05-26,gcrew,noaa_gefs,10,RH_percent_mean,21,77.47503280639648
gep10,00,2026-05-05,2026-05-26,gcrew,noaa_gefs,10,Rain_mm_sum,21,0.30000000447034836
gep10,00,2026-05-05,2026-05-26,gcrew,noaa_gefs,10,ShortwaveRadiation_Wm2,21,329.75
gep10,00,2026-05-05,2026-05-26,gcrew,noaa_gefs,10,WindSpeed_ms_mean,21,3.7429728329099072
gep10,00,2026-05-05,2026-05-27,gcrew,noaa_gefs,10,AirTemp_C_mean,22,21.092683410644554
gep10,00,2026-05-05,2026-05-27,gcrew,noaa_gefs,10,Pressure_Pa,22,101740.51953125
gep10,00,2026-05-05,2026-05-27,gcrew,noaa_gefs,10,RH_percent_mean,22,84.3672924041748
gep10,00,2026-05-05,2026-05-27,gcrew,noaa_gefs,10,Rain_mm_sum,22,0
gep10,00,2026-05-05,2026-05-27,gcrew,noaa_gefs,10,ShortwaveRadiation_Wm2,22,312.5
gep10,00,2026-05-05,2026-05-27,gcrew,noaa_gefs,10,WindSpeed_ms_mean,22,2.700000293540816
gep10,00,2026-05-05,2026-05-28,gcrew,noaa_gefs,10,AirTemp_C_mean,23,23.88488922119143
gep10,00,2026-05-05,2026-05-28,gcrew,noaa_gefs,10,Pressure_Pa,23,101347.58984375
gep10,00,2026-05-05,2026-05-28,gcrew,noaa_gefs,10,RH_percent_mean,23,75.04574775695801
gep10,00,2026-05-05,2026-05-28,gcrew,noaa_gefs,10,Rain_mm_sum,23,0
gep10,00,2026-05-05,2026-05-28,gcrew,noaa_gefs,10,ShortwaveRadiation_Wm2,23,335.5
gep10,00,2026-05-05,2026-05-28,gcrew,noaa_gefs,10,WindSpeed_ms_mean,23,2.335344468510624
gep10,00,2026-05-05,2026-05-29,gcrew,noaa_gefs,10,AirTemp_C_mean,24,24.74714050292971
gep10,00,2026-05-05,2026-05-29,gcrew,noaa_gefs,10,Pressure_Pa,24,101476.5703125
gep10,00,2026-05-05,2026-05-29,gcrew,noaa_gefs,10,RH_percent_mean,24,72.64131832122803
gep10,00,2026-05-05,2026-05-29,gcrew,noaa_gefs,10,Rain_mm_sum,24,0
gep10,00,2026-05-05,2026-05-29,gcrew,noaa_gefs,10,ShortwaveRadiation_Wm2,24,336
gep10,00,2026-05-05,2026-05-29,gcrew,noaa_gefs,10,WindSpeed_ms_mean,24,1.9586284146796837
gep10,00,2026-05-05,2026-05-30,gcrew,noaa_gefs,10,AirTemp_C_mean,25,24.066796875000023
gep10,00,2026-05-05,2026-05-30,gcrew,noaa_gefs,10,Pressure_Pa,25,101384.1875
gep10,00,2026-05-05,2026-05-30,gcrew,noaa_gefs,10,RH_percent_mean,25,71.36553287506104
gep10,00,2026-05-05,2026-05-30,gcrew,noaa_gefs,10,Rain_mm_sum,25,2.100000001490116
gep10,00,2026-05-05,2026-05-30,gcrew,noaa_gefs,10,ShortwaveRadiation_Wm2,25,336.25
gep10,00,2026-05-05,2026-05-30,gcrew,noaa_gefs,10,WindSpeed_ms_mean,25,2.5700304546198396
gep10,00,2026-05-05,2026-05-31,gcrew,noaa_gefs,10,AirTemp_C_mean,26,20.107537841796898
gep10,00,2026-05-05,2026-05-31,gcrew,noaa_gefs,10,Pressure_Pa,26,101421.41015625
gep10,00,2026-05-05,2026-05-31,gcrew,noaa_gefs,10,RH_percent_mean,26,79.97546768188477
gep10,00,2026-05-05,2026-05-31,gcrew,noaa_gefs,10,Rain_mm_sum,26,7.199999928474426
gep10,00,2026-05-05,2026-05-31,gcrew,noaa_gefs,10,ShortwaveRadiation_Wm2,26,204.5
gep10,00,2026-05-05,2026-05-31,gcrew,noaa_gefs,10,WindSpeed_ms_mean,26,4.440413293057745
gep10,00,2026-05-05,2026-06-01,gcrew,noaa_gefs,10,AirTemp_C_mean,27,18.903489685058616
gep10,00,2026-05-05,2026-06-01,gcrew,noaa_gefs,10,Pressure_Pa,27,101613.822265625
gep10,00,2026-05-05,2026-06-01,gcrew,noaa_gefs,10,RH_percent_mean,27,79.74879264831543
gep10,00,2026-05-05,2026-06-01,gcrew,noaa_gefs,10,Rain_mm_sum,27,0.20000000298023224
gep10,00,2026-05-05,2026-06-01,gcrew,noaa_gefs,10,ShortwaveRadiation_Wm2,27,202
gep10,00,2026-05-05,2026-06-01,gcrew,noaa_gefs,10,WindSpeed_ms_mean,27,2.8618370667271793
gep10,00,2026-05-05,2026-06-02,gcrew,noaa_gefs,10,AirTemp_C_mean,28,23.729150390625023
gep10,00,2026-05-05,2026-06-02,gcrew,noaa_gefs,10,Pressure_Pa,28,101406.4609375
gep10,00,2026-05-05,2026-06-02,gcrew,noaa_gefs,10,RH_percent_mean,28,75.83053302764893
gep10,00,2026-05-05,2026-06-02,gcrew,noaa_gefs,10,Rain_mm_sum,28,4.800000190734863
gep10,00,2026-05-05,2026-06-02,gcrew,noaa_gefs,10,ShortwaveRadiation_Wm2,28,303.25
gep10,00,2026-05-05,2026-06-02,gcrew,noaa_gefs,10,WindSpeed_ms_mean,28,5.180342789756921
gep10,00,2026-05-05,2026-06-03,gcrew,noaa_gefs,10,AirTemp_C_mean,29,22.64240417480471
gep10,00,2026-05-05,2026-06-03,gcrew,noaa_gefs,10,Pressure_Pa,29,101480.6875
gep10,00,2026-05-05,2026-06-03,gcrew,noaa_gefs,10,RH_percent_mean,29,91.867095947265625
gep10,00,2026-05-05,2026-06-03,gcrew,noaa_gefs,10,Rain_mm_sum,29,24.700000166893005
gep10,00,2026-05-05,2026-06-03,gcrew,noaa_gefs,10,ShortwaveRadiation_Wm2,29,176
gep10,00,2026-05-05,2026-06-03,gcrew,noaa_gefs,10,WindSpeed_ms_mean,29,2.8103379804635074
gep10,00,2026-05-05,2026-06-04,gcrew,noaa_gefs,10,AirTemp_C_mean,30,21.24726257324221
gep10,00,2026-05-05,2026-06-04,gcrew,noaa_gefs,10,Pressure_Pa,30,100902.5
gep10,00,2026-05-05,2026-06-04,gcrew,noaa_gefs,10,RH_percent_mean,30,94.49777412414551
gep10,00,2026-05-05,2026-06-04,gcrew,noaa_gefs,10,Rain_mm_sum,30,15.800000429153442
gep10,00,2026-05-05,2026-06-04,gcrew,noaa_gefs,10,ShortwaveRadiation_Wm2,30,96
gep10,00,2026-05-05,2026-06-04,gcrew,noaa_gefs,10,WindSpeed_ms_mean,30,3.624733268214592
gep10,00,2026-05-05,2026-06-05,gcrew,noaa_gefs,10,AirTemp_C_mean,31,17.98151550292971
gep10,00,2026-05-05,2026-06-05,gcrew,noaa_gefs,10,Pressure_Pa,31,101233.8671875
gep10,00,2026-05-05,2026-06-05,gcrew,noaa_gefs,10,RH_percent_mean,31,85.09179496765137
gep10,00,2026-05-05,2026-06-05,gcrew,noaa_gefs,10,Rain_mm_sum,31,0
gep10,00,2026-05-05,2026-06-05,gcrew,noaa_gefs,10,ShortwaveRadiation_Wm2,31,204
gep10,00,2026-05-05,2026-06-05,gcrew,noaa_gefs,10,WindSpeed_ms_mean,31,3.6137171777527146
gep10,00,2026-05-05,2026-06-06,gcrew,noaa_gefs,10,AirTemp_C_mean,32,18.68531188964846
gep10,00,2026-05-05,2026-06-06,gcrew,noaa_gefs,10,Pressure_Pa,32,101418.689453125
gep10,00,2026-05-05,2026-06-06,gcrew,noaa_gefs,10,RH_percent_mean,32,90.20104598999023
gep10,00,2026-05-05,2026-06-06,gcrew,noaa_gefs,10,Rain_mm_sum,32,0.30000000447034836
gep10,00,2026-05-05,2026-06-06,gcrew,noaa_gefs,10,ShortwaveRadiation_Wm2,32,107.25
gep10,00,2026-05-05,2026-06-06,gcrew,noaa_gefs,10,WindSpeed_ms_mean,32,3.7730996520469398
gep10,00,2026-05-05,2026-06-07,gcrew,noaa_gefs,10,AirTemp_C_mean,33,24.139627075195335
gep10,00,2026-05-05,2026-06-07,gcrew,noaa_gefs,10,Pressure_Pa,33,100801.1328125
gep10,00,2026-05-05,2026-06-07,gcrew,noaa_gefs,10,RH_percent_mean,33,81.9941577911377
gep10,00,2026-05-05,2026-06-07,gcrew,noaa_gefs,10,Rain_mm_sum,33,12.999999798834324
gep10,00,2026-05-05,2026-06-07,gcrew,noaa_gefs,10,ShortwaveRadiation_Wm2,33,304.5
gep10,00,2026-05-05,2026-06-07,gcrew,noaa_gefs,10,WindSpeed_ms_mean,33,5.214782697026351
gep10,00,2026-05-05,2026-06-08,gcrew,noaa_gefs,10,AirTemp_C_mean,34,26.755662536621116
gep10,00,2026-05-05,2026-06-08,gcrew,noaa_gefs,10,Pressure_Pa,34,100443.1796875
gep10,00,2026-05-05,2026-06-08,gcrew,noaa_gefs,10,RH_percent_mean,34,68.95762729644775
gep10,00,2026-05-05,2026-06-08,gcrew,noaa_gefs,10,Rain_mm_sum,34,0.4000000134110451
gep10,00,2026-05-05,2026-06-08,gcrew,noaa_gefs,10,ShortwaveRadiation_Wm2,34,343
gep10,00,2026-05-05,2026-06-08,gcrew,noaa_gefs,10,WindSpeed_ms_mean,34,4.0934983365823845
gep11,00,2026-05-05,2026-05-06,gcrew,noaa_gefs,11,AirTemp_C_mean,1,18.317830657959007
gep11,00,2026-05-05,2026-05-06,gcrew,noaa_gefs,11,Pressure_Pa,1,100742.3876953125
gep11,00,2026-05-05,2026-05-06,gcrew,noaa_gefs,11,RH_percent_mean,1,73.999520778656
gep11,00,2026-05-05,2026-05-06,gcrew,noaa_gefs,11,Rain_mm_sum,1,2.9600000381469727
gep11,00,2026-05-05,2026-05-06,gcrew,noaa_gefs,11,ShortwaveRadiation_Wm2,1,112.5
gep11,00,2026-05-05,2026-05-06,gcrew,noaa_gefs,11,WindSpeed_ms_mean,1,7.9482961228732085
gep11,00,2026-05-05,2026-05-07,gcrew,noaa_gefs,11,AirTemp_C_mean,2,13.421441650390648
gep11,00,2026-05-05,2026-05-07,gcrew,noaa_gefs,11,Pressure_Pa,2,100609.435546875
gep11,00,2026-05-05,2026-05-07,gcrew,noaa_gefs,11,RH_percent_mean,2,79.55949878692627
gep11,00,2026-05-05,2026-05-07,gcrew,noaa_gefs,11,Rain_mm_sum,2,3.900000110268593
gep11,00,2026-05-05,2026-05-07,gcrew,noaa_gefs,11,ShortwaveRadiation_Wm2,2,80.875
gep11,00,2026-05-05,2026-05-07,gcrew,noaa_gefs,11,WindSpeed_ms_mean,2,3.7877215286509998
gep11,00,2026-05-05,2026-05-08,gcrew,noaa_gefs,11,AirTemp_C_mean,3,13.444238281250023
gep11,00,2026-05-05,2026-05-08,gcrew,noaa_gefs,11,Pressure_Pa,3,101029.4677734375
gep11,00,2026-05-05,2026-05-08,gcrew,noaa_gefs,11,RH_percent_mean,3,59.61912775039673
gep11,00,2026-05-05,2026-05-08,gcrew,noaa_gefs,11,Rain_mm_sum,3,0
gep11,00,2026-05-05,2026-05-08,gcrew,noaa_gefs,11,ShortwaveRadiation_Wm2,3,310.125
gep11,00,2026-05-05,2026-05-08,gcrew,noaa_gefs,11,WindSpeed_ms_mean,3,4.101767998187636
gep11,00,2026-05-05,2026-05-09,gcrew,noaa_gefs,11,AirTemp_C_mean,4,14.683034515380882
gep11,00,2026-05-05,2026-05-09,gcrew,noaa_gefs,11,Pressure_Pa,4,100504.6123046875
gep11,00,2026-05-05,2026-05-09,gcrew,noaa_gefs,11,RH_percent_mean,4,69.38001728057861
gep11,00,2026-05-05,2026-05-09,gcrew,noaa_gefs,11,Rain_mm_sum,4,3.40000007301569
gep11,00,2026-05-05,2026-05-09,gcrew,noaa_gefs,11,ShortwaveRadiation_Wm2,4,223.375
gep11,00,2026-05-05,2026-05-09,gcrew,noaa_gefs,11,WindSpeed_ms_mean,4,6.089498847817228
gep11,00,2026-05-05,2026-05-10,gcrew,noaa_gefs,11,AirTemp_C_mean,5,14.039365386962913
gep11,00,2026-05-05,2026-05-10,gcrew,noaa_gefs,11,Pressure_Pa,5,101038.7626953125
gep11,00,2026-05-05,2026-05-10,gcrew,noaa_gefs,11,RH_percent_mean,5,62.28422451019287
gep11,00,2026-05-05,2026-05-10,gcrew,noaa_gefs,11,Rain_mm_sum,5,0.4000000059604645
gep11,00,2026-05-05,2026-05-10,gcrew,noaa_gefs,11,ShortwaveRadiation_Wm2,5,321.875
gep11,00,2026-05-05,2026-05-10,gcrew,noaa_gefs,11,WindSpeed_ms_mean,5,4.465990950670339
gep11,00,2026-05-05,2026-05-11,gcrew,noaa_gefs,11,AirTemp_C_mean,6,15.007703399658226
gep11,00,2026-05-05,2026-05-11,gcrew,noaa_gefs,11,Pressure_Pa,6,100972.99609375
gep11,00,2026-05-05,2026-05-11,gcrew,noaa_gefs,11,RH_percent_mean,6,83.72281455993652
gep11,00,2026-05-05,2026-05-11,gcrew,noaa_gefs,11,Rain_mm_sum,6,10.500000238418579
gep11,00,2026-05-05,2026-05-11,gcrew,noaa_gefs,11,ShortwaveRadiation_Wm2,6,318.375
gep11,00,2026-05-05,2026-05-11,gcrew,noaa_gefs,11,WindSpeed_ms_mean,6,3.020219501521629
gep11,00,2026-05-05,2026-05-12,gcrew,noaa_gefs,11,AirTemp_C_mean,7,16.333001708984398
gep11,00,2026-05-05,2026-05-12,gcrew,noaa_gefs,11,Pressure_Pa,7,100487.9833984375
gep11,00,2026-05-05,2026-05-12,gcrew,noaa_gefs,11,RH_percent_mean,7,91.72346305847168
gep11,00,2026-05-05,2026-05-12,gcrew,noaa_gefs,11,Rain_mm_sum,7,22.080000452697277
gep11,00,2026-05-05,2026-05-12,gcrew,noaa_gefs,11,ShortwaveRadiation_Wm2,7,141.625
gep11,00,2026-05-05,2026-05-12,gcrew,noaa_gefs,11,WindSpeed_ms_mean,7,4.752930619586684
gep11,00,2026-05-05,2026-05-13,gcrew,noaa_gefs,11,AirTemp_C_mean,8,13.859941101074241
gep11,00,2026-05-05,2026-05-13,gcrew,noaa_gefs,11,Pressure_Pa,8,100950.2314453125
gep11,00,2026-05-05,2026-05-13,gcrew,noaa_gefs,11,RH_percent_mean,8,60.64580154418945
gep11,00,2026-05-05,2026-05-13,gcrew,noaa_gefs,11,Rain_mm_sum,8,0.699999988079071
gep11,00,2026-05-05,2026-05-13,gcrew,noaa_gefs,11,ShortwaveRadiation_Wm2,8,357.5
gep11,00,2026-05-05,2026-05-13,gcrew,noaa_gefs,11,WindSpeed_ms_mean,8,5.016160868788954
gep11,00,2026-05-05,2026-05-14,gcrew,noaa_gefs,11,AirTemp_C_mean,9,13.323288399832611
gep11,00,2026-05-05,2026-05-14,gcrew,noaa_gefs,11,Pressure_Pa,9,101724.66852678571
gep11,00,2026-05-05,2026-05-14,gcrew,noaa_gefs,11,RH_percent_mean,9,54.3447254725865
gep11,00,2026-05-05,2026-05-14,gcrew,noaa_gefs,11,Rain_mm_sum,9,0
gep11,00,2026-05-05,2026-05-14,gcrew,noaa_gefs,11,ShortwaveRadiation_Wm2,9,409.2857142857143
gep11,00,2026-05-05,2026-05-14,gcrew,noaa_gefs,11,WindSpeed_ms_mean,9,4.204724101810366
gep11,00,2026-05-05,2026-05-15,gcrew,noaa_gefs,11,AirTemp_C_mean,10,13.895341491699241
gep11,00,2026-05-05,2026-05-15,gcrew,noaa_gefs,11,Pressure_Pa,10,101770.98828125
gep11,00,2026-05-05,2026-05-15,gcrew,noaa_gefs,11,RH_percent_mean,10,59.39558792114258
gep11,00,2026-05-05,2026-05-15,gcrew,noaa_gefs,11,Rain_mm_sum,10,0
gep11,00,2026-05-05,2026-05-15,gcrew,noaa_gefs,11,ShortwaveRadiation_Wm2,10,329.5
gep11,00,2026-05-05,2026-05-15,gcrew,noaa_gefs,11,WindSpeed_ms_mean,10,4.301648184988208
gep11,00,2026-05-05,2026-05-16,gcrew,noaa_gefs,11,AirTemp_C_mean,11,12.16132507324221
gep11,00,2026-05-05,2026-05-16,gcrew,noaa_gefs,11,Pressure_Pa,11,101347.048828125
gep11,00,2026-05-05,2026-05-16,gcrew,noaa_gefs,11,RH_percent_mean,11,85.79068565368652
gep11,00,2026-05-05,2026-05-16,gcrew,noaa_gefs,11,Rain_mm_sum,11,3.5000000596046448
gep11,00,2026-05-05,2026-05-16,gcrew,noaa_gefs,11,ShortwaveRadiation_Wm2,11,57.25
gep11,00,2026-05-05,2026-05-16,gcrew,noaa_gefs,11,WindSpeed_ms_mean,11,3.5957713274021446
gep11,00,2026-05-05,2026-05-17,gcrew,noaa_gefs,11,AirTemp_C_mean,12,12.39740905761721
gep11,00,2026-05-05,2026-05-17,gcrew,noaa_gefs,11,Pressure_Pa,12,101498.666015625
gep11,00,2026-05-05,2026-05-17,gcrew,noaa_gefs,11,RH_percent_mean,12,85.35811996459961
gep11,00,2026-05-05,2026-05-17,gcrew,noaa_gefs,11,Rain_mm_sum,12,12.600000239908695
gep11,00,2026-05-05,2026-05-17,gcrew,noaa_gefs,11,ShortwaveRadiation_Wm2,12,68.75
gep11,00,2026-05-05,2026-05-17,gcrew,noaa_gefs,11,WindSpeed_ms_mean,12,4.4423147677144765
gep11,00,2026-05-05,2026-05-18,gcrew,noaa_gefs,11,AirTemp_C_mean,13,12.796853637695335
gep11,00,2026-05-05,2026-05-18,gcrew,noaa_gefs,11,Pressure_Pa,13,102275.958984375
gep11,00,2026-05-05,2026-05-18,gcrew,noaa_gefs,11,RH_percent_mean,13,75.41705131530762
gep11,00,2026-05-05,2026-05-18,gcrew,noaa_gefs,11,Rain_mm_sum,13,3.5000000968575478
gep11,00,2026-05-05,2026-05-18,gcrew,noaa_gefs,11,ShortwaveRadiation_Wm2,13,67.25
gep11,00,2026-05-05,2026-05-18,gcrew,noaa_gefs,11,WindSpeed_ms_mean,13,4.947630717288071
gep11,00,2026-05-05,2026-05-19,gcrew,noaa_gefs,11,AirTemp_C_mean,14,15.980165100097679
gep11,00,2026-05-05,2026-05-19,gcrew,noaa_gefs,11,Pressure_Pa,14,101818.97265625
gep11,00,2026-05-05,2026-05-19,gcrew,noaa_gefs,11,RH_percent_mean,14,94.8867244720459
gep11,00,2026-05-05,2026-05-19,gcrew,noaa_gefs,11,Rain_mm_sum,14,13.600000202655792
gep11,00,2026-05-05,2026-05-19,gcrew,noaa_gefs,11,ShortwaveRadiation_Wm2,14,56.75
gep11,00,2026-05-05,2026-05-19,gcrew,noaa_gefs,11,WindSpeed_ms_mean,14,5.998326923740712
gep11,00,2026-05-05,2026-05-20,gcrew,noaa_gefs,11,AirTemp_C_mean,15,16.34876403808596
gep11,00,2026-05-05,2026-05-20,gcrew,noaa_gefs,11,Pressure_Pa,15,101606.828125
gep11,00,2026-05-05,2026-05-20,gcrew,noaa_gefs,11,RH_percent_mean,15,89.96279335021973
gep11,00,2026-05-05,2026-05-20,gcrew,noaa_gefs,11,Rain_mm_sum,15,0.9000000283122063
gep11,00,2026-05-05,2026-05-20,gcrew,noaa_gefs,11,ShortwaveRadiation_Wm2,15,66.75
gep11,00,2026-05-05,2026-05-20,gcrew,noaa_gefs,11,WindSpeed_ms_mean,15,5.274919119101563
gep11,00,2026-05-05,2026-05-21,gcrew,noaa_gefs,11,AirTemp_C_mean,16,17.079988098144554
gep11,00,2026-05-05,2026-05-21,gcrew,noaa_gefs,11,Pressure_Pa,16,101430.228515625
gep11,00,2026-05-05,2026-05-21,gcrew,noaa_gefs,11,RH_percent_mean,16,92.32025718688965
gep11,00,2026-05-05,2026-05-21,gcrew,noaa_gefs,11,Rain_mm_sum,16,3.6000001206994057
gep11,00,2026-05-05,2026-05-21,gcrew,noaa_gefs,11,ShortwaveRadiation_Wm2,16,134.75
gep11,00,2026-05-05,2026-05-21,gcrew,noaa_gefs,11,WindSpeed_ms_mean,16,4.749984768270614
gep11,00,2026-05-05,2026-05-22,gcrew,noaa_gefs,11,AirTemp_C_mean,17,19.45788726806643
gep11,00,2026-05-05,2026-05-22,gcrew,noaa_gefs,11,Pressure_Pa,17,101787.37109375
gep11,00,2026-05-05,2026-05-22,gcrew,noaa_gefs,11,RH_percent_mean,17,86.58370208740234
gep11,00,2026-05-05,2026-05-22,gcrew,noaa_gefs,11,Rain_mm_sum,17,0.10000000149011612
gep11,00,2026-05-05,2026-05-22,gcrew,noaa_gefs,11,ShortwaveRadiation_Wm2,17,329.5
gep11,00,2026-05-05,2026-05-22,gcrew,noaa_gefs,11,WindSpeed_ms_mean,17,3.421951902917886
gep11,00,2026-05-05,2026-05-23,gcrew,noaa_gefs,11,AirTemp_C_mean,18,19.32135925292971
gep11,00,2026-05-05,2026-05-23,gcrew,noaa_gefs,11,Pressure_Pa,18,102091.19140625
gep11,00,2026-05-05,2026-05-23,gcrew,noaa_gefs,11,RH_percent_mean,18,88.211029052734375
gep11,00,2026-05-05,2026-05-23,gcrew,noaa_gefs,11,Rain_mm_sum,18,0.30000000447034836
gep11,00,2026-05-05,2026-05-23,gcrew,noaa_gefs,11,ShortwaveRadiation_Wm2,18,304
gep11,00,2026-05-05,2026-05-23,gcrew,noaa_gefs,11,WindSpeed_ms_mean,18,2.9632516322381934
gep11,00,2026-05-05,2026-05-24,gcrew,noaa_gefs,11,AirTemp_C_mean,19,19.627183532714866
gep11,00,2026-05-05,2026-05-24,gcrew,noaa_gefs,11,Pressure_Pa,19,102131.763671875
gep11,00,2026-05-05,2026-05-24,gcrew,noaa_gefs,11,RH_percent_mean,19,88.8326587677002
gep11,00,2026-05-05,2026-05-24,gcrew,noaa_gefs,11,Rain_mm_sum,19,0.4000000059604645
gep11,00,2026-05-05,2026-05-24,gcrew,noaa_gefs,11,ShortwaveRadiation_Wm2,19,312.75
gep11,00,2026-05-05,2026-05-24,gcrew,noaa_gefs,11,WindSpeed_ms_mean,19,3.353299723512114
gep11,00,2026-05-05,2026-05-25,gcrew,noaa_gefs,11,AirTemp_C_mean,20,22.220193481445335
gep11,00,2026-05-05,2026-05-25,gcrew,noaa_gefs,11,Pressure_Pa,20,101920.87109375
gep11,00,2026-05-05,2026-05-25,gcrew,noaa_gefs,11,RH_percent_mean,20,80.57049751281738
gep11,00,2026-05-05,2026-05-25,gcrew,noaa_gefs,11,Rain_mm_sum,20,0
gep11,00,2026-05-05,2026-05-25,gcrew,noaa_gefs,11,ShortwaveRadiation_Wm2,20,332
gep11,00,2026-05-05,2026-05-25,gcrew,noaa_gefs,11,WindSpeed_ms_mean,20,2.332214280423385
gep11,00,2026-05-05,2026-05-26,gcrew,noaa_gefs,11,AirTemp_C_mean,21,23.644677734375023
gep11,00,2026-05-05,2026-05-26,gcrew,noaa_gefs,11,Pressure_Pa,21,101732.607421875
gep11,00,2026-05-05,2026-05-26,gcrew,noaa_gefs,11,RH_percent_mean,21,77.47503280639648
gep11,00,2026-05-05,2026-05-26,gcrew,noaa_gefs,11,Rain_mm_sum,21,0.30000000447034836
gep11,00,2026-05-05,2026-05-26,gcrew,noaa_gefs,11,ShortwaveRadiation_Wm2,21,329.75
gep11,00,2026-05-05,2026-05-26,gcrew,noaa_gefs,11,WindSpeed_ms_mean,21,3.7429728329099072
gep11,00,2026-05-05,2026-05-27,gcrew,noaa_gefs,11,AirTemp_C_mean,22,21.092683410644554
gep11,00,2026-05-05,2026-05-27,gcrew,noaa_gefs,11,Pressure_Pa,22,101740.51953125
gep11,00,2026-05-05,2026-05-27,gcrew,noaa_gefs,11,RH_percent_mean,22,84.3672924041748
gep11,00,2026-05-05,2026-05-27,gcrew,noaa_gefs,11,Rain_mm_sum,22,0
gep11,00,2026-05-05,2026-05-27,gcrew,noaa_gefs,11,ShortwaveRadiation_Wm2,22,312.5
gep11,00,2026-05-05,2026-05-27,gcrew,noaa_gefs,11,WindSpeed_ms_mean,22,2.700000293540816
gep11,00,2026-05-05,2026-05-28,gcrew,noaa_gefs,11,AirTemp_C_mean,23,23.88488922119143
gep11,00,2026-05-05,2026-05-28,gcrew,noaa_gefs,11,Pressure_Pa,23,101347.58984375
gep11,00,2026-05-05,2026-05-28,gcrew,noaa_gefs,11,RH_percent_mean,23,75.04574775695801
gep11,00,2026-05-05,2026-05-28,gcrew,noaa_gefs,11,Rain_mm_sum,23,0
gep11,00,2026-05-05,2026-05-28,gcrew,noaa_gefs,11,ShortwaveRadiation_Wm2,23,335.5
gep11,00,2026-05-05,2026-05-28,gcrew,noaa_gefs,11,WindSpeed_ms_mean,23,2.335344468510624
gep11,00,2026-05-05,2026-05-29,gcrew,noaa_gefs,11,AirTemp_C_mean,24,24.74714050292971
gep11,00,2026-05-05,2026-05-29,gcrew,noaa_gefs,11,Pressure_Pa,24,101476.5703125
gep11,00,2026-05-05,2026-05-29,gcrew,noaa_gefs,11,RH_percent_mean,24,72.64131832122803
gep11,00,2026-05-05,2026-05-29,gcrew,noaa_gefs,11,Rain_mm_sum,24,0
gep11,00,2026-05-05,2026-05-29,gcrew,noaa_gefs,11,ShortwaveRadiation_Wm2,24,336
gep11,00,2026-05-05,2026-05-29,gcrew,noaa_gefs,11,WindSpeed_ms_mean,24,1.9586284146796837
gep11,00,2026-05-05,2026-05-30,gcrew,noaa_gefs,11,AirTemp_C_mean,25,24.066796875000023
gep11,00,2026-05-05,2026-05-30,gcrew,noaa_gefs,11,Pressure_Pa,25,101384.1875
gep11,00,2026-05-05,2026-05-30,gcrew,noaa_gefs,11,RH_percent_mean,25,71.36553287506104
gep11,00,2026-05-05,2026-05-30,gcrew,noaa_gefs,11,Rain_mm_sum,25,2.100000001490116
gep11,00,2026-05-05,2026-05-30,gcrew,noaa_gefs,11,ShortwaveRadiation_Wm2,25,336.25
gep11,00,2026-05-05,2026-05-30,gcrew,noaa_gefs,11,WindSpeed_ms_mean,25,2.5700304546198396
gep11,00,2026-05-05,2026-05-31,gcrew,noaa_gefs,11,AirTemp_C_mean,26,20.107537841796898
gep11,00,2026-05-05,2026-05-31,gcrew,noaa_gefs,11,Pressure_Pa,26,101421.41015625
gep11,00,2026-05-05,2026-05-31,gcrew,noaa_gefs,11,RH_percent_mean,26,79.97546768188477
gep11,00,2026-05-05,2026-05-31,gcrew,noaa_gefs,11,Rain_mm_sum,26,7.199999928474426
gep11,00,2026-05-05,2026-05-31,gcrew,noaa_gefs,11,ShortwaveRadiation_Wm2,26,204.5
gep11,00,2026-05-05,2026-05-31,gcrew,noaa_gefs,11,WindSpeed_ms_mean,26,4.440413293057745
gep11,00,2026-05-05,2026-06-01,gcrew,noaa_gefs,11,AirTemp_C_mean,27,18.903489685058616
gep11,00,2026-05-05,2026-06-01,gcrew,noaa_gefs,11,Pressure_Pa,27,101613.822265625
gep11,00,2026-05-05,2026-06-01,gcrew,noaa_gefs,11,RH_percent_mean,27,79.74879264831543
gep11,00,2026-05-05,2026-06-01,gcrew,noaa_gefs,11,Rain_mm_sum,27,0.20000000298023224
gep11,00,2026-05-05,2026-06-01,gcrew,noaa_gefs,11,ShortwaveRadiation_Wm2,27,202
gep11,00,2026-05-05,2026-06-01,gcrew,noaa_gefs,11,WindSpeed_ms_mean,27,2.8618370667271793
gep11,00,2026-05-05,2026-06-02,gcrew,noaa_gefs,11,AirTemp_C_mean,28,23.729150390625023
gep11,00,2026-05-05,2026-06-02,gcrew,noaa_gefs,11,Pressure_Pa,28,101406.4609375
gep11,00,2026-05-05,2026-06-02,gcrew,noaa_gefs,11,RH_percent_mean,28,75.83053302764893
gep11,00,2026-05-05,2026-06-02,gcrew,noaa_gefs,11,Rain_mm_sum,28,4.800000190734863
gep11,00,2026-05-05,2026-06-02,gcrew,noaa_gefs,11,ShortwaveRadiation_Wm2,28,303.25
gep11,00,2026-05-05,2026-06-02,gcrew,noaa_gefs,11,WindSpeed_ms_mean,28,5.180342789756921
gep11,00,2026-05-05,2026-06-03,gcrew,noaa_gefs,11,AirTemp_C_mean,29,22.64240417480471
gep11,00,2026-05-05,2026-06-03,gcrew,noaa_gefs,11,Pressure_Pa,29,101480.6875
gep11,00,2026-05-05,2026-06-03,gcrew,noaa_gefs,11,RH_percent_mean,29,91.867095947265625
gep11,00,2026-05-05,2026-06-03,gcrew,noaa_gefs,11,Rain_mm_sum,29,24.700000166893005
gep11,00,2026-05-05,2026-06-03,gcrew,noaa_gefs,11,ShortwaveRadiation_Wm2,29,176
gep11,00,2026-05-05,2026-06-03,gcrew,noaa_gefs,11,WindSpeed_ms_mean,29,2.8103379804635074
gep11,00,2026-05-05,2026-06-04,gcrew,noaa_gefs,11,AirTemp_C_mean,30,21.24726257324221
gep11,00,2026-05-05,2026-06-04,gcrew,noaa_gefs,11,Pressure_Pa,30,100902.5
gep11,00,2026-05-05,2026-06-04,gcrew,noaa_gefs,11,RH_percent_mean,30,94.49777412414551
gep11,00,2026-05-05,2026-06-04,gcrew,noaa_gefs,11,Rain_mm_sum,30,15.800000429153442
gep11,00,2026-05-05,2026-06-04,gcrew,noaa_gefs,11,ShortwaveRadiation_Wm2,30,96
gep11,00,2026-05-05,2026-06-04,gcrew,noaa_gefs,11,WindSpeed_ms_mean,30,3.624733268214592
gep11,00,2026-05-05,2026-06-05,gcrew,noaa_gefs,11,AirTemp_C_mean,31,17.98151550292971
gep11,00,2026-05-05,2026-06-05,gcrew,noaa_gefs,11,Pressure_Pa,31,101233.8671875
gep11,00,2026-05-05,2026-06-05,gcrew,noaa_gefs,11,RH_percent_mean,31,85.09179496765137
gep11,00,2026-05-05,2026-06-05,gcrew,noaa_gefs,11,Rain_mm_sum,31,0
gep11,00,2026-05-05,2026-06-05,gcrew,noaa_gefs,11,ShortwaveRadiation_Wm2,31,204
gep11,00,2026-05-05,2026-06-05,gcrew,noaa_gefs,11,WindSpeed_ms_mean,31,3.6137171777527146
gep11,00,2026-05-05,2026-06-06,gcrew,noaa_gefs,11,AirTemp_C_mean,32,18.68531188964846
gep11,00,2026-05-05,2026-06-06,gcrew,noaa_gefs,11,Pressure_Pa,32,101418.689453125
gep11,00,2026-05-05,2026-06-06,gcrew,noaa_gefs,11,RH_percent_mean,32,90.20104598999023
gep11,00,2026-05-05,2026-06-06,gcrew,noaa_gefs,11,Rain_mm_sum,32,0.30000000447034836
gep11,00,2026-05-05,2026-06-06,gcrew,noaa_gefs,11,ShortwaveRadiation_Wm2,32,107.25
gep11,00,2026-05-05,2026-06-06,gcrew,noaa_gefs,11,WindSpeed_ms_mean,32,3.7730996520469398
gep11,00,2026-05-05,2026-06-07,gcrew,noaa_gefs,11,AirTemp_C_mean,33,24.139627075195335
gep11,00,2026-05-05,2026-06-07,gcrew,noaa_gefs,11,Pressure_Pa,33,100801.1328125
gep11,00,2026-05-05,2026-06-07,gcrew,noaa_gefs,11,RH_percent_mean,33,81.9941577911377
gep11,00,2026-05-05,2026-06-07,gcrew,noaa_gefs,11,Rain_mm_sum,33,12.999999798834324
gep11,00,2026-05-05,2026-06-07,gcrew,noaa_gefs,11,ShortwaveRadiation_Wm2,33,304.5
gep11,00,2026-05-05,2026-06-07,gcrew,noaa_gefs,11,WindSpeed_ms_mean,33,5.214782697026351
gep11,00,2026-05-05,2026-06-08,gcrew,noaa_gefs,11,AirTemp_C_mean,34,26.755662536621116
gep11,00,2026-05-05,2026-06-08,gcrew,noaa_gefs,11,Pressure_Pa,34,100443.1796875
gep11,00,2026-05-05,2026-06-08,gcrew,noaa_gefs,11,RH_percent_mean,34,68.95762729644775
gep11,00,2026-05-05,2026-06-08,gcrew,noaa_gefs,11,Rain_mm_sum,34,0.4000000134110451
gep11,00,2026-05-05,2026-06-08,gcrew,noaa_gefs,11,ShortwaveRadiation_Wm2,34,343
gep11,00,2026-05-05,2026-06-08,gcrew,noaa_gefs,11,WindSpeed_ms_mean,34,4.0934983365823845
gep12,00,2026-05-05,2026-05-06,gcrew,noaa_gefs,12,AirTemp_C_mean,1,18.317830657959007
gep12,00,2026-05-05,2026-05-06,gcrew,noaa_gefs,12,Pressure_Pa,1,100742.3876953125
gep12,00,2026-05-05,2026-05-06,gcrew,noaa_gefs,12,RH_percent_mean,1,73.999520778656
gep12,00,2026-05-05,2026-05-06,gcrew,noaa_gefs,12,Rain_mm_sum,1,2.9600000381469727
gep12,00,2026-05-05,2026-05-06,gcrew,noaa_gefs,12,ShortwaveRadiation_Wm2,1,112.5
gep12,00,2026-05-05,2026-05-06,gcrew,noaa_gefs,12,WindSpeed_ms_mean,1,7.9482961228732085
gep12,00,2026-05-05,2026-05-07,gcrew,noaa_gefs,12,AirTemp_C_mean,2,13.421441650390648
gep12,00,2026-05-05,2026-05-07,gcrew,noaa_gefs,12,Pressure_Pa,2,100609.435546875
gep12,00,2026-05-05,2026-05-07,gcrew,noaa_gefs,12,RH_percent_mean,2,79.55949878692627
gep12,00,2026-05-05,2026-05-07,gcrew,noaa_gefs,12,Rain_mm_sum,2,3.900000110268593
gep12,00,2026-05-05,2026-05-07,gcrew,noaa_gefs,12,ShortwaveRadiation_Wm2,2,80.875
gep12,00,2026-05-05,2026-05-07,gcrew,noaa_gefs,12,WindSpeed_ms_mean,2,3.7877215286509998
gep12,00,2026-05-05,2026-05-08,gcrew,noaa_gefs,12,AirTemp_C_mean,3,13.444238281250023
gep12,00,2026-05-05,2026-05-08,gcrew,noaa_gefs,12,Pressure_Pa,3,101029.4677734375
gep12,00,2026-05-05,2026-05-08,gcrew,noaa_gefs,12,RH_percent_mean,3,59.61912775039673
gep12,00,2026-05-05,2026-05-08,gcrew,noaa_gefs,12,Rain_mm_sum,3,0
gep12,00,2026-05-05,2026-05-08,gcrew,noaa_gefs,12,ShortwaveRadiation_Wm2,3,310.125
gep12,00,2026-05-05,2026-05-08,gcrew,noaa_gefs,12,WindSpeed_ms_mean,3,4.101767998187636
gep12,00,2026-05-05,2026-05-09,gcrew,noaa_gefs,12,AirTemp_C_mean,4,14.683034515380882
gep12,00,2026-05-05,2026-05-09,gcrew,noaa_gefs,12,Pressure_Pa,4,100504.6123046875
gep12,00,2026-05-05,2026-05-09,gcrew,noaa_gefs,12,RH_percent_mean,4,69.38001728057861
gep12,00,2026-05-05,2026-05-09,gcrew,noaa_gefs,12,Rain_mm_sum,4,3.40000007301569
gep12,00,2026-05-05,2026-05-09,gcrew,noaa_gefs,12,ShortwaveRadiation_Wm2,4,223.375
gep12,00,2026-05-05,2026-05-09,gcrew,noaa_gefs,12,WindSpeed_ms_mean,4,6.089498847817228
gep12,00,2026-05-05,2026-05-10,gcrew,noaa_gefs,12,AirTemp_C_mean,5,14.039365386962913
gep12,00,2026-05-05,2026-05-10,gcrew,noaa_gefs,12,Pressure_Pa,5,101038.7626953125
gep12,00,2026-05-05,2026-05-10,gcrew,noaa_gefs,12,RH_percent_mean,5,62.28422451019287
gep12,00,2026-05-05,2026-05-10,gcrew,noaa_gefs,12,Rain_mm_sum,5,0.4000000059604645
gep12,00,2026-05-05,2026-05-10,gcrew,noaa_gefs,12,ShortwaveRadiation_Wm2,5,321.875
gep12,00,2026-05-05,2026-05-10,gcrew,noaa_gefs,12,WindSpeed_ms_mean,5,4.465990950670339
gep12,00,2026-05-05,2026-05-11,gcrew,noaa_gefs,12,AirTemp_C_mean,6,15.007703399658226
gep12,00,2026-05-05,2026-05-11,gcrew,noaa_gefs,12,Pressure_Pa,6,100972.99609375
gep12,00,2026-05-05,2026-05-11,gcrew,noaa_gefs,12,RH_percent_mean,6,83.72281455993652
gep12,00,2026-05-05,2026-05-11,gcrew,noaa_gefs,12,Rain_mm_sum,6,10.500000238418579
gep12,00,2026-05-05,2026-05-11,gcrew,noaa_gefs,12,ShortwaveRadiation_Wm2,6,318.375
gep12,00,2026-05-05,2026-05-11,gcrew,noaa_gefs,12,WindSpeed_ms_mean,6,3.020219501521629
gep12,00,2026-05-05,2026-05-12,gcrew,noaa_gefs,12,AirTemp_C_mean,7,16.333001708984398
gep12,00,2026-05-05,2026-05-12,gcrew,noaa_gefs,12,Pressure_Pa,7,100487.9833984375
gep12,00,2026-05-05,2026-05-12,gcrew,noaa_gefs,12,RH_percent_mean,7,91.72346305847168
gep12,00,2026-05-05,2026-05-12,gcrew,noaa_gefs,12,Rain_mm_sum,7,22.080000452697277
gep12,00,2026-05-05,2026-05-12,gcrew,noaa_gefs,12,ShortwaveRadiation_Wm2,7,141.625
gep12,00,2026-05-05,2026-05-12,gcrew,noaa_gefs,12,WindSpeed_ms_mean,7,4.752930619586684
gep12,00,2026-05-05,2026-05-13,gcrew,noaa_gefs,12,AirTemp_C_mean,8,13.859941101074241
gep12,00,2026-05-05,2026-05-13,gcrew,noaa_gefs,12,Pressure_Pa,8,100950.2314453125
gep12,00,2026-05-05,2026-05-13,gcrew,noaa_gefs,12,RH_percent_mean,8,60.64580154418945
gep12,00,2026-05-05,2026-05-13,gcrew,noaa_gefs,12,Rain_mm_sum,8,0.699999988079071
gep12,00,2026-05-05,2026-05-13,gcrew,noaa_gefs,12,ShortwaveRadiation_Wm2,8,357.5
gep12,00,2026-05-05,2026-05-13,gcrew,noaa_gefs,12,WindSpeed_ms_mean,8,5.016160868788954
gep12,00,2026-05-05,2026-05-14,gcrew,noaa_gefs,12,AirTemp_C_mean,9,13.323288399832611
gep12,00,2026-05-05,2026-05-14,gcrew,noaa_gefs,12,Pressure_Pa,9,101724.66852678571
gep12,00,2026-05-05,2026-05-14,gcrew,noaa_gefs,12,RH_percent_mean,9,54.3447254725865
gep12,00,2026-05-05,2026-05-14,gcrew,noaa_gefs,12,Rain_mm_sum,9,0
gep12,00,2026-05-05,2026-05-14,gcrew,noaa_gefs,12,ShortwaveRadiation_Wm2,9,409.2857142857143
gep12,00,2026-05-05,2026-05-14,gcrew,noaa_gefs,12,WindSpeed_ms_mean,9,4.204724101810366
gep12,00,2026-05-05,2026-05-15,gcrew,noaa_gefs,12,AirTemp_C_mean,10,13.895341491699241
gep12,00,2026-05-05,2026-05-15,gcrew,noaa_gefs,12,Pressure_Pa,10,101770.98828125
gep12,00,2026-05-05,2026-05-15,gcrew,noaa_gefs,12,RH_percent_mean,10,59.39558792114258
gep12,00,2026-05-05,2026-05-15,gcrew,noaa_gefs,12,Rain_mm_sum,10,0
gep12,00,2026-05-05,2026-05-15,gcrew,noaa_gefs,12,ShortwaveRadiation_Wm2,10,329.5
gep12,00,2026-05-05,2026-05-15,gcrew,noaa_gefs,12,WindSpeed_ms_mean,10,4.301648184988208
gep12,00,2026-05-05,2026-05-16,gcrew,noaa_gefs,12,AirTemp_C_mean,11,12.16132507324221
gep12,00,2026-05-05,2026-05-16,gcrew,noaa_gefs,12,Pressure_Pa,11,101347.048828125
gep12,00,2026-05-05,2026-05-16,gcrew,noaa_gefs,12,RH_percent_mean,11,85.79068565368652
gep12,00,2026-05-05,2026-05-16,gcrew,noaa_gefs,12,Rain_mm_sum,11,3.5000000596046448
gep12,00,2026-05-05,2026-05-16,gcrew,noaa_gefs,12,ShortwaveRadiation_Wm2,11,57.25
gep12,00,2026-05-05,2026-05-16,gcrew,noaa_gefs,12,WindSpeed_ms_mean,11,3.5957713274021446
gep12,00,2026-05-05,2026-05-17,gcrew,noaa_gefs,12,AirTemp_C_mean,12,12.39740905761721
gep12,00,2026-05-05,2026-05-17,gcrew,noaa_gefs,12,Pressure_Pa,12,101498.666015625
gep12,00,2026-05-05,2026-05-17,gcrew,noaa_gefs,12,RH_percent_mean,12,85.35811996459961
gep12,00,2026-05-05,2026-05-17,gcrew,noaa_gefs,12,Rain_mm_sum,12,12.600000239908695
gep12,00,2026-05-05,2026-05-17,gcrew,noaa_gefs,12,ShortwaveRadiation_Wm2,12,68.75
gep12,00,2026-05-05,2026-05-17,gcrew,noaa_gefs,12,WindSpeed_ms_mean,12,4.4423147677144765
gep12,00,2026-05-05,2026-05-18,gcrew,noaa_gefs,12,AirTemp_C_mean,13,12.796853637695335
gep12,00,2026-05-05,2026-05-18,gcrew,noaa_gefs,12,Pressure_Pa,13,102275.958984375
gep12,00,2026-05-05,2026-05-18,gcrew,noaa_gefs,12,RH_percent_mean,13,75.41705131530762
gep12,00,2026-05-05,2026-05-18,gcrew,noaa_gefs,12,Rain_mm_sum,13,3.5000000968575478
gep12,00,2026-05-05,2026-05-18,gcrew,noaa_gefs,12,ShortwaveRadiation_Wm2,13,67.25
gep12,00,2026-05-05,2026-05-18,gcrew,noaa_gefs,12,WindSpeed_ms_mean,13,4.947630717288071
gep12,00,2026-05-05,2026-05-19,gcrew,noaa_gefs,12,AirTemp_C_mean,14,15.980165100097679
gep12,00,2026-05-05,2026-05-19,gcrew,noaa_gefs,12,Pressure_Pa,14,101818.97265625
gep12,00,2026-05-05,2026-05-19,gcrew,noaa_gefs,12,RH_percent_mean,14,94.8867244720459
gep12,00,2026-05-05,2026-05-19,gcrew,noaa_gefs,12,Rain_mm_sum,14,13.600000202655792
gep12,00,2026-05-05,2026-05-19,gcrew,noaa_gefs,12,ShortwaveRadiation_Wm2,14,56.75
gep12,00,2026-05-05,2026-05-19,gcrew,noaa_gefs,12,WindSpeed_ms_mean,14,5.998326923740712
gep12,00,2026-05-05,2026-05-20,gcrew,noaa_gefs,12,AirTemp_C_mean,15,16.34876403808596
gep12,00,2026-05-05,2026-05-20,gcrew,noaa_gefs,12,Pressure_Pa,15,101606.828125
gep12,00,2026-05-05,2026-05-20,gcrew,noaa_gefs,12,RH_percent_mean,15,89.96279335021973
gep12,00,2026-05-05,2026-05-20,gcrew,noaa_gefs,12,Rain_mm_sum,15,0.9000000283122063
gep12,00,2026-05-05,2026-05-20,gcrew,noaa_gefs,12,ShortwaveRadiation_Wm2,15,66.75
gep12,00,2026-05-05,2026-05-20,gcrew,noaa_gefs,12,WindSpeed_ms_mean,15,5.274919119101563
gep12,00,2026-05-05,2026-05-21,gcrew,noaa_gefs,12,AirTemp_C_mean,16,17.079988098144554
gep12,00,2026-05-05,2026-05-21,gcrew,noaa_gefs,12,Pressure_Pa,16,101430.228515625
gep12,00,2026-05-05,2026-05-21,gcrew,noaa_gefs,12,RH_percent_mean,16,92.32025718688965
gep12,00,2026-05-05,2026-05-21,gcrew,noaa_gefs,12,Rain_mm_sum,16,3.6000001206994057
gep12,00,2026-05-05,2026-05-21,gcrew,noaa_gefs,12,ShortwaveRadiation_Wm2,16,134.75
gep12,00,2026-05-05,2026-05-21,gcrew,noaa_gefs,12,WindSpeed_ms_mean,16,4.749984768270614
gep12,00,2026-05-05,2026-05-22,gcrew,noaa_gefs,12,AirTemp_C_mean,17,19.45788726806643
gep12,00,2026-05-05,2026-05-22,gcrew,noaa_gefs,12,Pressure_Pa,17,101787.37109375
gep12,00,2026-05-05,2026-05-22,gcrew,noaa_gefs,12,RH_percent_mean,17,86.58370208740234
gep12,00,2026-05-05,2026-05-22,gcrew,noaa_gefs,12,Rain_mm_sum,17,0.10000000149011612
gep12,00,2026-05-05,2026-05-22,gcrew,noaa_gefs,12,ShortwaveRadiation_Wm2,17,329.5
gep12,00,2026-05-05,2026-05-22,gcrew,noaa_gefs,12,WindSpeed_ms_mean,17,3.421951902917886
gep12,00,2026-05-05,2026-05-23,gcrew,noaa_gefs,12,AirTemp_C_mean,18,19.32135925292971
gep12,00,2026-05-05,2026-05-23,gcrew,noaa_gefs,12,Pressure_Pa,18,102091.19140625
gep12,00,2026-05-05,2026-05-23,gcrew,noaa_gefs,12,RH_percent_mean,18,88.211029052734375
gep12,00,2026-05-05,2026-05-23,gcrew,noaa_gefs,12,Rain_mm_sum,18,0.30000000447034836
gep12,00,2026-05-05,2026-05-23,gcrew,noaa_gefs,12,ShortwaveRadiation_Wm2,18,304
gep12,00,2026-05-05,2026-05-23,gcrew,noaa_gefs,12,WindSpeed_ms_mean,18,2.9632516322381934
gep12,00,2026-05-05,2026-05-24,gcrew,noaa_gefs,12,AirTemp_C_mean,19,19.627183532714866
gep12,00,2026-05-05,2026-05-24,gcrew,noaa_gefs,12,Pressure_Pa,19,102131.763671875
gep12,00,2026-05-05,2026-05-24,gcrew,noaa_gefs,12,RH_percent_mean,19,88.8326587677002
gep12,00,2026-05-05,2026-05-24,gcrew,noaa_gefs,12,Rain_mm_sum,19,0.4000000059604645
gep12,00,2026-05-05,2026-05-24,gcrew,noaa_gefs,12,ShortwaveRadiation_Wm2,19,312.75
gep12,00,2026-05-05,2026-05-24,gcrew,noaa_gefs,12,WindSpeed_ms_mean,19,3.353299723512114
gep12,00,2026-05-05,2026-05-25,gcrew,noaa_gefs,12,AirTemp_C_mean,20,22.220193481445335
gep12,00,2026-05-05,2026-05-25,gcrew,noaa_gefs,12,Pressure_Pa,20,101920.87109375
gep12,00,2026-05-05,2026-05-25,gcrew,noaa_gefs,12,RH_percent_mean,20,80.57049751281738
gep12,00,2026-05-05,2026-05-25,gcrew,noaa_gefs,12,Rain_mm_sum,20,0
gep12,00,2026-05-05,2026-05-25,gcrew,noaa_gefs,12,ShortwaveRadiation_Wm2,20,332
gep12,00,2026-05-05,2026-05-25,gcrew,noaa_gefs,12,WindSpeed_ms_mean,20,2.332214280423385
gep12,00,2026-05-05,2026-05-26,gcrew,noaa_gefs,12,AirTemp_C_mean,21,23.644677734375023
gep12,00,2026-05-05,2026-05-26,gcrew,noaa_gefs,12,Pressure_Pa,21,101732.607421875
gep12,00,2026-05-05,2026-05-26,gcrew,noaa_gefs,12,RH_percent_mean,21,77.47503280639648
gep12,00,2026-05-05,2026-05-26,gcrew,noaa_gefs,12,Rain_mm_sum,21,0.30000000447034836
gep12,00,2026-05-05,2026-05-26,gcrew,noaa_gefs,12,ShortwaveRadiation_Wm2,21,329.75
gep12,00,2026-05-05,2026-05-26,gcrew,noaa_gefs,12,WindSpeed_ms_mean,21,3.7429728329099072
gep12,00,2026-05-05,2026-05-27,gcrew,noaa_gefs,12,AirTemp_C_mean,22,21.092683410644554
gep12,00,2026-05-05,2026-05-27,gcrew,noaa_gefs,12,Pressure_Pa,22,101740.51953125
gep12,00,2026-05-05,2026-05-27,gcrew,noaa_gefs,12,RH_percent_mean,22,84.3672924041748
gep12,00,2026-05-05,2026-05-27,gcrew,noaa_gefs,12,Rain_mm_sum,22,0
gep12,00,2026-05-05,2026-05-27,gcrew,noaa_gefs,12,ShortwaveRadiation_Wm2,22,312.5
gep12,00,2026-05-05,2026-05-27,gcrew,noaa_gefs,12,WindSpeed_ms_mean,22,2.700000293540816
gep12,00,2026-05-05,2026-05-28,gcrew,noaa_gefs,12,AirTemp_C_mean,23,23.88488922119143
gep12,00,2026-05-05,2026-05-28,gcrew,noaa_gefs,12,Pressure_Pa,23,101347.58984375
gep12,00,2026-05-05,2026-05-28,gcrew,noaa_gefs,12,RH_percent_mean,23,75.04574775695801
gep12,00,2026-05-05,2026-05-28,gcrew,noaa_gefs,12,Rain_mm_sum,23,0
gep12,00,2026-05-05,2026-05-28,gcrew,noaa_gefs,12,ShortwaveRadiation_Wm2,23,335.5
gep12,00,2026-05-05,2026-05-28,gcrew,noaa_gefs,12,WindSpeed_ms_mean,23,2.335344468510624
gep12,00,2026-05-05,2026-05-29,gcrew,noaa_gefs,12,AirTemp_C_mean,24,24.74714050292971
gep12,00,2026-05-05,2026-05-29,gcrew,noaa_gefs,12,Pressure_Pa,24,101476.5703125
gep12,00,2026-05-05,2026-05-29,gcrew,noaa_gefs,12,RH_percent_mean,24,72.64131832122803
gep12,00,2026-05-05,2026-05-29,gcrew,noaa_gefs,12,Rain_mm_sum,24,0
gep12,00,2026-05-05,2026-05-29,gcrew,noaa_gefs,12,ShortwaveRadiation_Wm2,24,336
gep12,00,2026-05-05,2026-05-29,gcrew,noaa_gefs,12,WindSpeed_ms_mean,24,1.9586284146796837
gep12,00,2026-05-05,2026-05-30,gcrew,noaa_gefs,12,AirTemp_C_mean,25,24.066796875000023
gep12,00,2026-05-05,2026-05-30,gcrew,noaa_gefs,12,Pressure_Pa,25,101384.1875
gep12,00,2026-05-05,2026-05-30,gcrew,noaa_gefs,12,RH_percent_mean,25,71.36553287506104
gep12,00,2026-05-05,2026-05-30,gcrew,noaa_gefs,12,Rain_mm_sum,25,2.100000001490116
gep12,00,2026-05-05,2026-05-30,gcrew,noaa_gefs,12,ShortwaveRadiation_Wm2,25,336.25
gep12,00,2026-05-05,2026-05-30,gcrew,noaa_gefs,12,WindSpeed_ms_mean,25,2.5700304546198396
gep12,00,2026-05-05,2026-05-31,gcrew,noaa_gefs,12,AirTemp_C_mean,26,20.107537841796898
gep12,00,2026-05-05,2026-05-31,gcrew,noaa_gefs,12,Pressure_Pa,26,101421.41015625
gep12,00,2026-05-05,2026-05-31,gcrew,noaa_gefs,12,RH_percent_mean,26,79.97546768188477
gep12,00,2026-05-05,2026-05-31,gcrew,noaa_gefs,12,Rain_mm_sum,26,7.199999928474426
gep12,00,2026-05-05,2026-05-31,gcrew,noaa_gefs,12,ShortwaveRadiation_Wm2,26,204.5
gep12,00,2026-05-05,2026-05-31,gcrew,noaa_gefs,12,WindSpeed_ms_mean,26,4.440413293057745
gep12,00,2026-05-05,2026-06-01,gcrew,noaa_gefs,12,AirTemp_C_mean,27,18.903489685058616
gep12,00,2026-05-05,2026-06-01,gcrew,noaa_gefs,12,Pressure_Pa,27,101613.822265625
gep12,00,2026-05-05,2026-06-01,gcrew,noaa_gefs,12,RH_percent_mean,27,79.74879264831543
gep12,00,2026-05-05,2026-06-01,gcrew,noaa_gefs,12,Rain_mm_sum,27,0.20000000298023224
gep12,00,2026-05-05,2026-06-01,gcrew,noaa_gefs,12,ShortwaveRadiation_Wm2,27,202
gep12,00,2026-05-05,2026-06-01,gcrew,noaa_gefs,12,WindSpeed_ms_mean,27,2.8618370667271793
gep12,00,2026-05-05,2026-06-02,gcrew,noaa_gefs,12,AirTemp_C_mean,28,23.729150390625023
gep12,00,2026-05-05,2026-06-02,gcrew,noaa_gefs,12,Pressure_Pa,28,101406.4609375
gep12,00,2026-05-05,2026-06-02,gcrew,noaa_gefs,12,RH_percent_mean,28,75.83053302764893
gep12,00,2026-05-05,2026-06-02,gcrew,noaa_gefs,12,Rain_mm_sum,28,4.800000190734863
gep12,00,2026-05-05,2026-06-02,gcrew,noaa_gefs,12,ShortwaveRadiation_Wm2,28,303.25
gep12,00,2026-05-05,2026-06-02,gcrew,noaa_gefs,12,WindSpeed_ms_mean,28,5.180342789756921
gep12,00,2026-05-05,2026-06-03,gcrew,noaa_gefs,12,AirTemp_C_mean,29,22.64240417480471
gep12,00,2026-05-05,2026-06-03,gcrew,noaa_gefs,12,Pressure_Pa,29,101480.6875
gep12,00,2026-05-05,2026-06-03,gcrew,noaa_gefs,12,RH_percent_mean,29,91.867095947265625
gep12,00,2026-05-05,2026-06-03,gcrew,noaa_gefs,12,Rain_mm_sum,29,24.700000166893005
gep12,00,2026-05-05,2026-06-03,gcrew,noaa_gefs,12,ShortwaveRadiation_Wm2,29,176
gep12,00,2026-05-05,2026-06-03,gcrew,noaa_gefs,12,WindSpeed_ms_mean,29,2.8103379804635074
gep12,00,2026-05-05,2026-06-04,gcrew,noaa_gefs,12,AirTemp_C_mean,30,21.24726257324221
gep12,00,2026-05-05,2026-06-04,gcrew,noaa_gefs,12,Pressure_Pa,30,100902.5
gep12,00,2026-05-05,2026-06-04,gcrew,noaa_gefs,12,RH_percent_mean,30,94.49777412414551
gep12,00,2026-05-05,2026-06-04,gcrew,noaa_gefs,12,Rain_mm_sum,30,15.800000429153442
gep12,00,2026-05-05,2026-06-04,gcrew,noaa_gefs,12,ShortwaveRadiation_Wm2,30,96
gep12,00,2026-05-05,2026-06-04,gcrew,noaa_gefs,12,WindSpeed_ms_mean,30,3.624733268214592
gep12,00,2026-05-05,2026-06-05,gcrew,noaa_gefs,12,AirTemp_C_mean,31,17.98151550292971
gep12,00,2026-05-05,2026-06-05,gcrew,noaa_gefs,12,Pressure_Pa,31,101233.8671875
gep12,00,2026-05-05,2026-06-05,gcrew,noaa_gefs,12,RH_percent_mean,31,85.09179496765137
gep12,00,2026-05-05,2026-06-05,gcrew,noaa_gefs,12,Rain_mm_sum,31,0
gep12,00,2026-05-05,2026-06-05,gcrew,noaa_gefs,12,ShortwaveRadiation_Wm2,31,204
gep12,00,2026-05-05,2026-06-05,gcrew,noaa_gefs,12,WindSpeed_ms_mean,31,3.6137171777527146
gep12,00,2026-05-05,2026-06-06,gcrew,noaa_gefs,12,AirTemp_C_mean,32,18.68531188964846
gep12,00,2026-05-05,2026-06-06,gcrew,noaa_gefs,12,Pressure_Pa,32,101418.689453125
gep12,00,2026-05-05,2026-06-06,gcrew,noaa_gefs,12,RH_percent_mean,32,90.20104598999023
gep12,00,2026-05-05,2026-06-06,gcrew,noaa_gefs,12,Rain_mm_sum,32,0.30000000447034836
gep12,00,2026-05-05,2026-06-06,gcrew,noaa_gefs,12,ShortwaveRadiation_Wm2,32,107.25
gep12,00,2026-05-05,2026-06-06,gcrew,noaa_gefs,12,WindSpeed_ms_mean,32,3.7730996520469398
gep12,00,2026-05-05,2026-06-07,gcrew,noaa_gefs,12,AirTemp_C_mean,33,24.139627075195335
gep12,00,2026-05-05,2026-06-07,gcrew,noaa_gefs,12,Pressure_Pa,33,100801.1328125
gep12,00,2026-05-05,2026-06-07,gcrew,noaa_gefs,12,RH_percent_mean,33,81.9941577911377
gep12,00,2026-05-05,2026-06-07,gcrew,noaa_gefs,12,Rain_mm_sum,33,12.999999798834324
gep12,00,2026-05-05,2026-06-07,gcrew,noaa_gefs,12,ShortwaveRadiation_Wm2,33,304.5
gep12,00,2026-05-05,2026-06-07,gcrew,noaa_gefs,12,WindSpeed_ms_mean,33,5.214782697026351
gep12,00,2026-05-05,2026-06-08,gcrew,noaa_gefs,12,AirTemp_C_mean,34,26.755662536621116
gep12,00,2026-05-05,2026-06-08,gcrew,noaa_gefs,12,Pressure_Pa,34,100443.1796875
gep12,00,2026-05-05,2026-06-08,gcrew,noaa_gefs,12,RH_percent_mean,34,68.95762729644775
gep12,00,2026-05-05,2026-06-08,gcrew,noaa_gefs,12,Rain_mm_sum,34,0.4000000134110451
gep12,00,2026-05-05,2026-06-08,gcrew,noaa_gefs,12,ShortwaveRadiation_Wm2,34,343
gep12,00,2026-05-05,2026-06-08,gcrew,noaa_gefs,12,WindSpeed_ms_mean,34,4.0934983365823845
gep13,00,2026-05-05,2026-05-06,gcrew,noaa_gefs,13,AirTemp_C_mean,1,18.317830657959007
gep13,00,2026-05-05,2026-05-06,gcrew,noaa_gefs,13,Pressure_Pa,1,100742.3876953125
gep13,00,2026-05-05,2026-05-06,gcrew,noaa_gefs,13,RH_percent_mean,1,73.999520778656
gep13,00,2026-05-05,2026-05-06,gcrew,noaa_gefs,13,Rain_mm_sum,1,2.9600000381469727
gep13,00,2026-05-05,2026-05-06,gcrew,noaa_gefs,13,ShortwaveRadiation_Wm2,1,112.5
gep13,00,2026-05-05,2026-05-06,gcrew,noaa_gefs,13,WindSpeed_ms_mean,1,7.9482961228732085
gep13,00,2026-05-05,2026-05-07,gcrew,noaa_gefs,13,AirTemp_C_mean,2,13.421441650390648
gep13,00,2026-05-05,2026-05-07,gcrew,noaa_gefs,13,Pressure_Pa,2,100609.435546875
gep13,00,2026-05-05,2026-05-07,gcrew,noaa_gefs,13,RH_percent_mean,2,79.55949878692627
gep13,00,2026-05-05,2026-05-07,gcrew,noaa_gefs,13,Rain_mm_sum,2,3.900000110268593
gep13,00,2026-05-05,2026-05-07,gcrew,noaa_gefs,13,ShortwaveRadiation_Wm2,2,80.875
gep13,00,2026-05-05,2026-05-07,gcrew,noaa_gefs,13,WindSpeed_ms_mean,2,3.7877215286509998
gep13,00,2026-05-05,2026-05-08,gcrew,noaa_gefs,13,AirTemp_C_mean,3,13.444238281250023
gep13,00,2026-05-05,2026-05-08,gcrew,noaa_gefs,13,Pressure_Pa,3,101029.4677734375
gep13,00,2026-05-05,2026-05-08,gcrew,noaa_gefs,13,RH_percent_mean,3,59.61912775039673
gep13,00,2026-05-05,2026-05-08,gcrew,noaa_gefs,13,Rain_mm_sum,3,0
gep13,00,2026-05-05,2026-05-08,gcrew,noaa_gefs,13,ShortwaveRadiation_Wm2,3,310.125
gep13,00,2026-05-05,2026-05-08,gcrew,noaa_gefs,13,WindSpeed_ms_mean,3,4.101767998187636
gep13,00,2026-05-05,2026-05-09,gcrew,noaa_gefs,13,AirTemp_C_mean,4,14.683034515380882
gep13,00,2026-05-05,2026-05-09,gcrew,noaa_gefs,13,Pressure_Pa,4,100504.6123046875
gep13,00,2026-05-05,2026-05-09,gcrew,noaa_gefs,13,RH_percent_mean,4,69.38001728057861
gep13,00,2026-05-05,2026-05-09,gcrew,noaa_gefs,13,Rain_mm_sum,4,3.40000007301569
gep13,00,2026-05-05,2026-05-09,gcrew,noaa_gefs,13,ShortwaveRadiation_Wm2,4,223.375
gep13,00,2026-05-05,2026-05-09,gcrew,noaa_gefs,13,WindSpeed_ms_mean,4,6.089498847817228
gep13,00,2026-05-05,2026-05-10,gcrew,noaa_gefs,13,AirTemp_C_mean,5,14.039365386962913
gep13,00,2026-05-05,2026-05-10,gcrew,noaa_gefs,13,Pressure_Pa,5,101038.7626953125
gep13,00,2026-05-05,2026-05-10,gcrew,noaa_gefs,13,RH_percent_mean,5,62.28422451019287
gep13,00,2026-05-05,2026-05-10,gcrew,noaa_gefs,13,Rain_mm_sum,5,0.4000000059604645
gep13,00,2026-05-05,2026-05-10,gcrew,noaa_gefs,13,ShortwaveRadiation_Wm2,5,321.875
gep13,00,2026-05-05,2026-05-10,gcrew,noaa_gefs,13,WindSpeed_ms_mean,5,4.465990950670339
gep13,00,2026-05-05,2026-05-11,gcrew,noaa_gefs,13,AirTemp_C_mean,6,15.007703399658226
gep13,00,2026-05-05,2026-05-11,gcrew,noaa_gefs,13,Pressure_Pa,6,100972.99609375
gep13,00,2026-05-05,2026-05-11,gcrew,noaa_gefs,13,RH_percent_mean,6,83.72281455993652
gep13,00,2026-05-05,2026-05-11,gcrew,noaa_gefs,13,Rain_mm_sum,6,10.500000238418579
gep13,00,2026-05-05,2026-05-11,gcrew,noaa_gefs,13,ShortwaveRadiation_Wm2,6,318.375
gep13,00,2026-05-05,2026-05-11,gcrew,noaa_gefs,13,WindSpeed_ms_mean,6,3.020219501521629
gep13,00,2026-05-05,2026-05-12,gcrew,noaa_gefs,13,AirTemp_C_mean,7,16.333001708984398
gep13,00,2026-05-05,2026-05-12,gcrew,noaa_gefs,13,Pressure_Pa,7,100487.9833984375
gep13,00,2026-05-05,2026-05-12,gcrew,noaa_gefs,13,RH_percent_mean,7,91.72346305847168
gep13,00,2026-05-05,2026-05-12,gcrew,noaa_gefs,13,Rain_mm_sum,7,22.080000452697277
gep13,00,2026-05-05,2026-05-12,gcrew,noaa_gefs,13,ShortwaveRadiation_Wm2,7,141.625
gep13,00,2026-05-05,2026-05-12,gcrew,noaa_gefs,13,WindSpeed_ms_mean,7,4.752930619586684
gep13,00,2026-05-05,2026-05-13,gcrew,noaa_gefs,13,AirTemp_C_mean,8,13.859941101074241
gep13,00,2026-05-05,2026-05-13,gcrew,noaa_gefs,13,Pressure_Pa,8,100950.2314453125
gep13,00,2026-05-05,2026-05-13,gcrew,noaa_gefs,13,RH_percent_mean,8,60.64580154418945
gep13,00,2026-05-05,2026-05-13,gcrew,noaa_gefs,13,Rain_mm_sum,8,0.699999988079071
gep13,00,2026-05-05,2026-05-13,gcrew,noaa_gefs,13,ShortwaveRadiation_Wm2,8,357.5
gep13,00,2026-05-05,2026-05-13,gcrew,noaa_gefs,13,WindSpeed_ms_mean,8,5.016160868788954
gep13,00,2026-05-05,2026-05-14,gcrew,noaa_gefs,13,AirTemp_C_mean,9,13.323288399832611
gep13,00,2026-05-05,2026-05-14,gcrew,noaa_gefs,13,Pressure_Pa,9,101724.66852678571
gep13,00,2026-05-05,2026-05-14,gcrew,noaa_gefs,13,RH_percent_mean,9,54.3447254725865
gep13,00,2026-05-05,2026-05-14,gcrew,noaa_gefs,13,Rain_mm_sum,9,0
gep13,00,2026-05-05,2026-05-14,gcrew,noaa_gefs,13,ShortwaveRadiation_Wm2,9,409.2857142857143
gep13,00,2026-05-05,2026-05-14,gcrew,noaa_gefs,13,WindSpeed_ms_mean,9,4.204724101810366
gep13,00,2026-05-05,2026-05-15,gcrew,noaa_gefs,13,AirTemp_C_mean,10,13.895341491699241
gep13,00,2026-05-05,2026-05-15,gcrew,noaa_gefs,13,Pressure_Pa,10,101770.98828125
gep13,00,2026-05-05,2026-05-15,gcrew,noaa_gefs,13,RH_percent_mean,10,59.39558792114258
gep13,00,2026-05-05,2026-05-15,gcrew,noaa_gefs,13,Rain_mm_sum,10,0
gep13,00,2026-05-05,2026-05-15,gcrew,noaa_gefs,13,ShortwaveRadiation_Wm2,10,329.5
gep13,00,2026-05-05,2026-05-15,gcrew,noaa_gefs,13,WindSpeed_ms_mean,10,4.301648184988208
gep13,00,2026-05-05,2026-05-16,gcrew,noaa_gefs,13,AirTemp_C_mean,11,12.16132507324221
gep13,00,2026-05-05,2026-05-16,gcrew,noaa_gefs,13,Pressure_Pa,11,101347.048828125
gep13,00,2026-05-05,2026-05-16,gcrew,noaa_gefs,13,RH_percent_mean,11,85.79068565368652
gep13,00,2026-05-05,2026-05-16,gcrew,noaa_gefs,13,Rain_mm_sum,11,3.5000000596046448
gep13,00,2026-05-05,2026-05-16,gcrew,noaa_gefs,13,ShortwaveRadiation_Wm2,11,57.25
gep13,00,2026-05-05,2026-05-16,gcrew,noaa_gefs,13,WindSpeed_ms_mean,11,3.5957713274021446
gep13,00,2026-05-05,2026-05-17,gcrew,noaa_gefs,13,AirTemp_C_mean,12,12.39740905761721
gep13,00,2026-05-05,2026-05-17,gcrew,noaa_gefs,13,Pressure_Pa,12,101498.666015625
gep13,00,2026-05-05,2026-05-17,gcrew,noaa_gefs,13,RH_percent_mean,12,85.35811996459961
gep13,00,2026-05-05,2026-05-17,gcrew,noaa_gefs,13,Rain_mm_sum,12,12.600000239908695
gep13,00,2026-05-05,2026-05-17,gcrew,noaa_gefs,13,ShortwaveRadiation_Wm2,12,68.75
gep13,00,2026-05-05,2026-05-17,gcrew,noaa_gefs,13,WindSpeed_ms_mean,12,4.4423147677144765
gep13,00,2026-05-05,2026-05-18,gcrew,noaa_gefs,13,AirTemp_C_mean,13,12.796853637695335
gep13,00,2026-05-05,2026-05-18,gcrew,noaa_gefs,13,Pressure_Pa,13,102275.958984375
gep13,00,2026-05-05,2026-05-18,gcrew,noaa_gefs,13,RH_percent_mean,13,75.41705131530762
gep13,00,2026-05-05,2026-05-18,gcrew,noaa_gefs,13,Rain_mm_sum,13,3.5000000968575478
gep13,00,2026-05-05,2026-05-18,gcrew,noaa_gefs,13,ShortwaveRadiation_Wm2,13,67.25
gep13,00,2026-05-05,2026-05-18,gcrew,noaa_gefs,13,WindSpeed_ms_mean,13,4.947630717288071
gep13,00,2026-05-05,2026-05-19,gcrew,noaa_gefs,13,AirTemp_C_mean,14,15.980165100097679
gep13,00,2026-05-05,2026-05-19,gcrew,noaa_gefs,13,Pressure_Pa,14,101818.97265625
gep13,00,2026-05-05,2026-05-19,gcrew,noaa_gefs,13,RH_percent_mean,14,94.8867244720459
gep13,00,2026-05-05,2026-05-19,gcrew,noaa_gefs,13,Rain_mm_sum,14,13.600000202655792
gep13,00,2026-05-05,2026-05-19,gcrew,noaa_gefs,13,ShortwaveRadiation_Wm2,14,56.75
gep13,00,2026-05-05,2026-05-19,gcrew,noaa_gefs,13,WindSpeed_ms_mean,14,5.998326923740712
gep13,00,2026-05-05,2026-05-20,gcrew,noaa_gefs,13,AirTemp_C_mean,15,16.34876403808596
gep13,00,2026-05-05,2026-05-20,gcrew,noaa_gefs,13,Pressure_Pa,15,101606.828125
gep13,00,2026-05-05,2026-05-20,gcrew,noaa_gefs,13,RH_percent_mean,15,89.96279335021973
gep13,00,2026-05-05,2026-05-20,gcrew,noaa_gefs,13,Rain_mm_sum,15,0.9000000283122063
gep13,00,2026-05-05,2026-05-20,gcrew,noaa_gefs,13,ShortwaveRadiation_Wm2,15,66.75
gep13,00,2026-05-05,2026-05-20,gcrew,noaa_gefs,13,WindSpeed_ms_mean,15,5.274919119101563
gep13,00,2026-05-05,2026-05-21,gcrew,noaa_gefs,13,AirTemp_C_mean,16,17.079988098144554
gep13,00,2026-05-05,2026-05-21,gcrew,noaa_gefs,13,Pressure_Pa,16,101430.228515625
gep13,00,2026-05-05,2026-05-21,gcrew,noaa_gefs,13,RH_percent_mean,16,92.32025718688965
gep13,00,2026-05-05,2026-05-21,gcrew,noaa_gefs,13,Rain_mm_sum,16,3.6000001206994057
gep13,00,2026-05-05,2026-05-21,gcrew,noaa_gefs,13,ShortwaveRadiation_Wm2,16,134.75
gep13,00,2026-05-05,2026-05-21,gcrew,noaa_gefs,13,WindSpeed_ms_mean,16,4.749984768270614
gep13,00,2026-05-05,2026-05-22,gcrew,noaa_gefs,13,AirTemp_C_mean,17,19.45788726806643
gep13,00,2026-05-05,2026-05-22,gcrew,noaa_gefs,13,Pressure_Pa,17,101787.37109375
gep13,00,2026-05-05,2026-05-22,gcrew,noaa_gefs,13,RH_percent_mean,17,86.58370208740234
gep13,00,2026-05-05,2026-05-22,gcrew,noaa_gefs,13,Rain_mm_sum,17,0.10000000149011612
gep13,00,2026-05-05,2026-05-22,gcrew,noaa_gefs,13,ShortwaveRadiation_Wm2,17,329.5
gep13,00,2026-05-05,2026-05-22,gcrew,noaa_gefs,13,WindSpeed_ms_mean,17,3.421951902917886
gep13,00,2026-05-05,2026-05-23,gcrew,noaa_gefs,13,AirTemp_C_mean,18,19.32135925292971
gep13,00,2026-05-05,2026-05-23,gcrew,noaa_gefs,13,Pressure_Pa,18,102091.19140625
gep13,00,2026-05-05,2026-05-23,gcrew,noaa_gefs,13,RH_percent_mean,18,88.211029052734375
gep13,00,2026-05-05,2026-05-23,gcrew,noaa_gefs,13,Rain_mm_sum,18,0.30000000447034836
gep13,00,2026-05-05,2026-05-23,gcrew,noaa_gefs,13,ShortwaveRadiation_Wm2,18,304
gep13,00,2026-05-05,2026-05-23,gcrew,noaa_gefs,13,WindSpeed_ms_mean,18,2.9632516322381934
gep13,00,2026-05-05,2026-05-24,gcrew,noaa_gefs,13,AirTemp_C_mean,19,19.627183532714866
gep13,00,2026-05-05,2026-05-24,gcrew,noaa_gefs,13,Pressure_Pa,19,102131.763671875
gep13,00,2026-05-05,2026-05-24,gcrew,noaa_gefs,13,RH_percent_mean,19,88.8326587677002
gep13,00,2026-05-05,2026-05-24,gcrew,noaa_gefs,13,Rain_mm_sum,19,0.4000000059604645
gep13,00,2026-05-05,2026-05-24,gcrew,noaa_gefs,13,ShortwaveRadiation_Wm2,19,312.75
gep13,00,2026-05-05,2026-05-24,gcrew,noaa_gefs,13,WindSpeed_ms_mean,19,3.353299723512114
gep13,00,2026-05-05,2026-05-25,gcrew,noaa_gefs,13,AirTemp_C_mean,20,22.220193481445335
gep13,00,2026-05-05,2026-05-25,gcrew,noaa_gefs,13,Pressure_Pa,20,101920.87109375
gep13,00,2026-05-05,2026-05-25,gcrew,noaa_gefs,13,RH_percent_mean,20,80.57049751281738
gep13,00,2026-05-05,2026-05-25,gcrew,noaa_gefs,13,Rain_mm_sum,20,0
gep13,00,2026-05-05,2026-05-25,gcrew,noaa_gefs,13,ShortwaveRadiation_Wm2,20,332
gep13,00,2026-05-05,2026-05-25,gcrew,noaa_gefs,13,WindSpeed_ms_mean,20,2.332214280423385
gep13,00,2026-05-05,2026-05-26,gcrew,noaa_gefs,13,AirTemp_C_mean,21,23.644677734375023
gep13,00,2026-05-05,2026-05-26,gcrew,noaa_gefs,13,Pressure_Pa,21,101732.607421875
gep13,00,2026-05-05,2026-05-26,gcrew,noaa_gefs,13,RH_percent_mean,21,77.47503280639648
gep13,00,2026-05-05,2026-05-26,gcrew,noaa_gefs,13,Rain_mm_sum,21,0.30000000447034836
gep13,00,2026-05-05,2026-05-26,gcrew,noaa_gefs,13,ShortwaveRadiation_Wm2,21,329.75
gep13,00,2026-05-05,2026-05-26,gcrew,noaa_gefs,13,WindSpeed_ms_mean,21,3.7429728329099072
gep13,00,2026-05-05,2026-05-27,gcrew,noaa_gefs,13,AirTemp_C_mean,22,21.092683410644554
gep13,00,2026-05-05,2026-05-27,gcrew,noaa_gefs,13,Pressure_Pa,22,101740.51953125
gep13,00,2026-05-05,2026-05-27,gcrew,noaa_gefs,13,RH_percent_mean,22,84.3672924041748
gep13,00,2026-05-05,2026-05-27,gcrew,noaa_gefs,13,Rain_mm_sum,22,0
gep13,00,2026-05-05,2026-05-27,gcrew,noaa_gefs,13,ShortwaveRadiation_Wm2,22,312.5
gep13,00,2026-05-05,2026-05-27,gcrew,noaa_gefs,13,WindSpeed_ms_mean,22,2.700000293540816
gep13,00,2026-05-05,2026-05-28,gcrew,noaa_gefs,13,AirTemp_C_mean,23,23.88488922119143
gep13,00,2026-05-05,2026-05-28,gcrew,noaa_gefs,13,Pressure_Pa,23,101347.58984375
gep13,00,2026-05-05,2026-05-28,gcrew,noaa_gefs,13,RH_percent_mean,23,75.04574775695801
gep13,00,2026-05-05,2026-05-28,gcrew,noaa_gefs,13,Rain_mm_sum,23,0
gep13,00,2026-05-05,2026-05-28,gcrew,noaa_gefs,13,ShortwaveRadiation_Wm2,23,335.5
gep13,00,2026-05-05,2026-05-28,gcrew,noaa_gefs,13,WindSpeed_ms_mean,23,2.335344468510624
gep13,00,2026-05-05,2026-05-29,gcrew,noaa_gefs,13,AirTemp_C_mean,24,24.74714050292971
gep13,00,2026-05-05,2026-05-29,gcrew,noaa_gefs,13,Pressure_Pa,24,101476.5703125
gep13,00,2026-05-05,2026-05-29,gcrew,noaa_gefs,13,RH_percent_mean,24,72.64131832122803
gep13,00,2026-05-05,2026-05-29,gcrew,noaa_gefs,13,Rain_mm_sum,24,0
gep13,00,2026-05-05,2026-05-29,gcrew,noaa_gefs,13,ShortwaveRadiation_Wm2,24,336
gep13,00,2026-05-05,2026-05-29,gcrew,noaa_gefs,13,WindSpeed_ms_mean,24,1.9586284146796837
gep13,00,2026-05-05,2026-05-30,gcrew,noaa_gefs,13,AirTemp_C_mean,25,24.066796875000023
gep13,00,2026-05-05,2026-05-30,gcrew,noaa_gefs,13,Pressure_Pa,25,101384.1875
gep13,00,2026-05-05,2026-05-30,gcrew,noaa_gefs,13,RH_percent_mean,25,71.36553287506104
gep13,00,2026-05-05,2026-05-30,gcrew,noaa_gefs,13,Rain_mm_sum,25,2.100000001490116
gep13,00,2026-05-05,2026-05-30,gcrew,noaa_gefs,13,ShortwaveRadiation_Wm2,25,336.25
gep13,00,2026-05-05,2026-05-30,gcrew,noaa_gefs,13,WindSpeed_ms_mean,25,2.5700304546198396
gep13,00,2026-05-05,2026-05-31,gcrew,noaa_gefs,13,AirTemp_C_mean,26,20.107537841796898
gep13,00,2026-05-05,2026-05-31,gcrew,noaa_gefs,13,Pressure_Pa,26,101421.41015625
gep13,00,2026-05-05,2026-05-31,gcrew,noaa_gefs,13,RH_percent_mean,26,79.97546768188477
gep13,00,2026-05-05,2026-05-31,gcrew,noaa_gefs,13,Rain_mm_sum,26,7.199999928474426
gep13,00,2026-05-05,2026-05-31,gcrew,noaa_gefs,13,ShortwaveRadiation_Wm2,26,204.5
gep13,00,2026-05-05,2026-05-31,gcrew,noaa_gefs,13,WindSpeed_ms_mean,26,4.440413293057745
gep13,00,2026-05-05,2026-06-01,gcrew,noaa_gefs,13,AirTemp_C_mean,27,18.903489685058616
gep13,00,2026-05-05,2026-06-01,gcrew,noaa_gefs,13,Pressure_Pa,27,101613.822265625
gep13,00,2026-05-05,2026-06-01,gcrew,noaa_gefs,13,RH_percent_mean,27,79.74879264831543
gep13,00,2026-05-05,2026-06-01,gcrew,noaa_gefs,13,Rain_mm_sum,27,0.20000000298023224
gep13,00,2026-05-05,2026-06-01,gcrew,noaa_gefs,13,ShortwaveRadiation_Wm2,27,202
gep13,00,2026-05-05,2026-06-01,gcrew,noaa_gefs,13,WindSpeed_ms_mean,27,2.8618370667271793
gep13,00,2026-05-05,2026-06-02,gcrew,noaa_gefs,13,AirTemp_C_mean,28,23.729150390625023
gep13,00,2026-05-05,2026-06-02,gcrew,noaa_gefs,13,Pressure_Pa,28,101406.4609375
gep13,00,2026-05-05,2026-06-02,gcrew,noaa_gefs,13,RH_percent_mean,28,75.83053302764893
gep13,00,2026-05-05,2026-06-02,gcrew,noaa_gefs,13,Rain_mm_sum,28,4.800000190734863
gep13,00,2026-05-05,2026-06-02,gcrew,noaa_gefs,13,ShortwaveRadiation_Wm2,28,303.25
gep13,00,2026-05-05,2026-06-02,gcrew,noaa_gefs,13,WindSpeed_ms_mean,28,5.180342789756921
gep13,00,2026-05-05,2026-06-03,gcrew,noaa_gefs,13,AirTemp_C_mean,29,22.64240417480471
gep13,00,2026-05-05,2026-06-03,gcrew,noaa_gefs,13,Pressure_Pa,29,101480.6875
gep13,00,2026-05-05,2026-06-03,gcrew,noaa_gefs,13,RH_percent_mean,29,91.867095947265625
gep13,00,2026-05-05,2026-06-03,gcrew,noaa_gefs,13,Rain_mm_sum,29,24.700000166893005
gep13,00,2026-05-05,2026-06-03,gcrew,noaa_gefs,13,ShortwaveRadiation_Wm2,29,176
gep13,00,2026-05-05,2026-06-03,gcrew,noaa_gefs,13,WindSpeed_ms_mean,29,2.8103379804635074
gep13,00,2026-05-05,2026-06-04,gcrew,noaa_gefs,13,AirTemp_C_mean,30,21.24726257324221
gep13,00,2026-05-05,2026-06-04,gcrew,noaa_gefs,13,Pressure_Pa,30,100902.5
gep13,00,2026-05-05,2026-06-04,gcrew,noaa_gefs,13,RH_percent_mean,30,94.49777412414551
gep13,00,2026-05-05,2026-06-04,gcrew,noaa_gefs,13,Rain_mm_sum,30,15.800000429153442
gep13,00,2026-05-05,2026-06-04,gcrew,noaa_gefs,13,ShortwaveRadiation_Wm2,30,96
gep13,00,2026-05-05,2026-06-04,gcrew,noaa_gefs,13,WindSpeed_ms_mean,30,3.624733268214592
gep13,00,2026-05-05,2026-06-05,gcrew,noaa_gefs,13,AirTemp_C_mean,31,17.98151550292971
gep13,00,2026-05-05,2026-06-05,gcrew,noaa_gefs,13,Pressure_Pa,31,101233.8671875
gep13,00,2026-05-05,2026-06-05,gcrew,noaa_gefs,13,RH_percent_mean,31,85.09179496765137
gep13,00,2026-05-05,2026-06-05,gcrew,noaa_gefs,13,Rain_mm_sum,31,0
gep13,00,2026-05-05,2026-06-05,gcrew,noaa_gefs,13,ShortwaveRadiation_Wm2,31,204
gep13,00,2026-05-05,2026-06-05,gcrew,noaa_gefs,13,WindSpeed_ms_mean,31,3.6137171777527146
gep13,00,2026-05-05,2026-06-06,gcrew,noaa_gefs,13,AirTemp_C_mean,32,18.68531188964846
gep13,00,2026-05-05,2026-06-06,gcrew,noaa_gefs,13,Pressure_Pa,32,101418.689453125
gep13,00,2026-05-05,2026-06-06,gcrew,noaa_gefs,13,RH_percent_mean,32,90.20104598999023
gep13,00,2026-05-05,2026-06-06,gcrew,noaa_gefs,13,Rain_mm_sum,32,0.30000000447034836
gep13,00,2026-05-05,2026-06-06,gcrew,noaa_gefs,13,ShortwaveRadiation_Wm2,32,107.25
gep13,00,2026-05-05,2026-06-06,gcrew,noaa_gefs,13,WindSpeed_ms_mean,32,3.7730996520469398
gep13,00,2026-05-05,2026-06-07,gcrew,noaa_gefs,13,AirTemp_C_mean,33,24.139627075195335
gep13,00,2026-05-05,2026-06-07,gcrew,noaa_gefs,13,Pressure_Pa,33,100801.1328125
gep13,00,2026-05-05,2026-06-07,gcrew,noaa_gefs,13,RH_percent_mean,33,81.9941577911377
gep13,00,2026-05-05,2026-06-07,gcrew,noaa_gefs,13,Rain_mm_sum,33,12.999999798834324
gep13,00,2026-05-05,2026-06-07,gcrew,noaa_gefs,13,ShortwaveRadiation_Wm2,33,304.5
gep13,00,2026-05-05,2026-06-07,gcrew,noaa_gefs,13,WindSpeed_ms_mean,33,5.214782697026351
gep13,00,2026-05-05,2026-06-08,gcrew,noaa_gefs,13,AirTemp_C_mean,34,26.755662536621116
gep13,00,2026-05-05,2026-06-08,gcrew,noaa_gefs,13,Pressure_Pa,34,100443.1796875
gep13,00,2026-05-05,2026-06-08,gcrew,noaa_gefs,13,RH_percent_mean,34,68.95762729644775
gep13,00,2026-05-05,2026-06-08,gcrew,noaa_gefs,13,Rain_mm_sum,34,0.4000000134110451
gep13,00,2026-05-05,2026-06-08,gcrew,noaa_gefs,13,ShortwaveRadiation_Wm2,34,343
gep13,00,2026-05-05,2026-06-08,gcrew,noaa_gefs,13,WindSpeed_ms_mean,34,4.0934983365823845
gep14,00,2026-05-05,2026-05-06,gcrew,noaa_gefs,14,AirTemp_C_mean,1,18.317830657959007
gep14,00,2026-05-05,2026-05-06,gcrew,noaa_gefs,14,Pressure_Pa,1,100742.3876953125
gep14,00,2026-05-05,2026-05-06,gcrew,noaa_gefs,14,RH_percent_mean,1,73.999520778656
gep14,00,2026-05-05,2026-05-06,gcrew,noaa_gefs,14,Rain_mm_sum,1,2.9600000381469727
gep14,00,2026-05-05,2026-05-06,gcrew,noaa_gefs,14,ShortwaveRadiation_Wm2,1,112.5
gep14,00,2026-05-05,2026-05-06,gcrew,noaa_gefs,14,WindSpeed_ms_mean,1,7.9482961228732085
gep14,00,2026-05-05,2026-05-07,gcrew,noaa_gefs,14,AirTemp_C_mean,2,13.421441650390648
gep14,00,2026-05-05,2026-05-07,gcrew,noaa_gefs,14,Pressure_Pa,2,100609.435546875
gep14,00,2026-05-05,2026-05-07,gcrew,noaa_gefs,14,RH_percent_mean,2,79.55949878692627
gep14,00,2026-05-05,2026-05-07,gcrew,noaa_gefs,14,Rain_mm_sum,2,3.900000110268593
gep14,00,2026-05-05,2026-05-07,gcrew,noaa_gefs,14,ShortwaveRadiation_Wm2,2,80.875
gep14,00,2026-05-05,2026-05-07,gcrew,noaa_gefs,14,WindSpeed_ms_mean,2,3.7877215286509998
gep14,00,2026-05-05,2026-05-08,gcrew,noaa_gefs,14,AirTemp_C_mean,3,13.444238281250023
gep14,00,2026-05-05,2026-05-08,gcrew,noaa_gefs,14,Pressure_Pa,3,101029.4677734375
gep14,00,2026-05-05,2026-05-08,gcrew,noaa_gefs,14,RH_percent_mean,3,59.61912775039673
gep14,00,2026-05-05,2026-05-08,gcrew,noaa_gefs,14,Rain_mm_sum,3,0
gep14,00,2026-05-05,2026-05-08,gcrew,noaa_gefs,14,ShortwaveRadiation_Wm2,3,310.125
gep14,00,2026-05-05,2026-05-08,gcrew,noaa_gefs,14,WindSpeed_ms_mean,3,4.101767998187636
gep14,00,2026-05-05,2026-05-09,gcrew,noaa_gefs,14,AirTemp_C_mean,4,14.683034515380882
gep14,00,2026-05-05,2026-05-09,gcrew,noaa_gefs,14,Pressure_Pa,4,100504.6123046875
gep14,00,2026-05-05,2026-05-09,gcrew,noaa_gefs,14,RH_percent_mean,4,69.38001728057861
gep14,00,2026-05-05,2026-05-09,gcrew,noaa_gefs,14,Rain_mm_sum,4,3.40000007301569
gep14,00,2026-05-05,2026-05-09,gcrew,noaa_gefs,14,ShortwaveRadiation_Wm2,4,223.375
gep14,00,2026-05-05,2026-05-09,gcrew,noaa_gefs,14,WindSpeed_ms_mean,4,6.089498847817228
gep14,00,2026-05-05,2026-05-10,gcrew,noaa_gefs,14,AirTemp_C_mean,5,14.039365386962913
gep14,00,2026-05-05,2026-05-10,gcrew,noaa_gefs,14,Pressure_Pa,5,101038.7626953125
gep14,00,2026-05-05,2026-05-10,gcrew,noaa_gefs,14,RH_percent_mean,5,62.28422451019287
gep14,00,2026-05-05,2026-05-10,gcrew,noaa_gefs,14,Rain_mm_sum,5,0.4000000059604645
gep14,00,2026-05-05,2026-05-10,gcrew,noaa_gefs,14,ShortwaveRadiation_Wm2,5,321.875
gep14,00,2026-05-05,2026-05-10,gcrew,noaa_gefs,14,WindSpeed_ms_mean,5,4.465990950670339
gep14,00,2026-05-05,2026-05-11,gcrew,noaa_gefs,14,AirTemp_C_mean,6,15.007703399658226
gep14,00,2026-05-05,2026-05-11,gcrew,noaa_gefs,14,Pressure_Pa,6,100972.99609375
gep14,00,2026-05-05,2026-05-11,gcrew,noaa_gefs,14,RH_percent_mean,6,83.72281455993652
gep14,00,2026-05-05,2026-05-11,gcrew,noaa_gefs,14,Rain_mm_sum,6,10.500000238418579
gep14,00,2026-05-05,2026-05-11,gcrew,noaa_gefs,14,ShortwaveRadiation_Wm2,6,318.375
gep14,00,2026-05-05,2026-05-11,gcrew,noaa_gefs,14,WindSpeed_ms_mean,6,3.020219501521629
gep14,00,2026-05-05,2026-05-12,gcrew,noaa_gefs,14,AirTemp_C_mean,7,16.333001708984398
gep14,00,2026-05-05,2026-05-12,gcrew,noaa_gefs,14,Pressure_Pa,7,100487.9833984375
gep14,00,2026-05-05,2026-05-12,gcrew,noaa_gefs,14,RH_percent_mean,7,91.72346305847168
gep14,00,2026-05-05,2026-05-12,gcrew,noaa_gefs,14,Rain_mm_sum,7,22.080000452697277
gep14,00,2026-05-05,2026-05-12,gcrew,noaa_gefs,14,ShortwaveRadiation_Wm2,7,141.625
gep14,00,2026-05-05,2026-05-12,gcrew,noaa_gefs,14,WindSpeed_ms_mean,7,4.752930619586684
gep14,00,2026-05-05,2026-05-13,gcrew,noaa_gefs,14,AirTemp_C_mean,8,13.859941101074241
gep14,00,2026-05-05,2026-05-13,gcrew,noaa_gefs,14,Pressure_Pa,8,100950.2314453125
gep14,00,2026-05-05,2026-05-13,gcrew,noaa_gefs,14,RH_percent_mean,8,60.64580154418945
gep14,00,2026-05-05,2026-05-13,gcrew,noaa_gefs,14,Rain_mm_sum,8,0.699999988079071
gep14,00,2026-05-05,2026-05-13,gcrew,noaa_gefs,14,ShortwaveRadiation_Wm2,8,357.5
gep14,00,2026-05-05,2026-05-13,gcrew,noaa_gefs,14,WindSpeed_ms_mean,8,5.016160868788954
gep14,00,2026-05-05,2026-05-14,gcrew,noaa_gefs,14,AirTemp_C_mean,9,13.323288399832611
gep14,00,2026-05-05,2026-05-14,gcrew,noaa_gefs,14,Pressure_Pa,9,101724.66852678571
gep14,00,2026-05-05,2026-05-14,gcrew,noaa_gefs,14,RH_percent_mean,9,54.3447254725865
gep14,00,2026-05-05,2026-05-14,gcrew,noaa_gefs,14,Rain_mm_sum,9,0
gep14,00,2026-05-05,2026-05-14,gcrew,noaa_gefs,14,ShortwaveRadiation_Wm2,9,409.2857142857143
gep14,00,2026-05-05,2026-05-14,gcrew,noaa_gefs,14,WindSpeed_ms_mean,9,4.204724101810366
gep14,00,2026-05-05,2026-05-15,gcrew,noaa_gefs,14,AirTemp_C_mean,10,13.895341491699241
gep14,00,2026-05-05,2026-05-15,gcrew,noaa_gefs,14,Pressure_Pa,10,101770.98828125
gep14,00,2026-05-05,2026-05-15,gcrew,noaa_gefs,14,RH_percent_mean,10,59.39558792114258
gep14,00,2026-05-05,2026-05-15,gcrew,noaa_gefs,14,Rain_mm_sum,10,0
gep14,00,2026-05-05,2026-05-15,gcrew,noaa_gefs,14,ShortwaveRadiation_Wm2,10,329.5
gep14,00,2026-05-05,2026-05-15,gcrew,noaa_gefs,14,WindSpeed_ms_mean,10,4.301648184988208
gep14,00,2026-05-05,2026-05-16,gcrew,noaa_gefs,14,AirTemp_C_mean,11,12.16132507324221
gep14,00,2026-05-05,2026-05-16,gcrew,noaa_gefs,14,Pressure_Pa,11,101347.048828125
gep14,00,2026-05-05,2026-05-16,gcrew,noaa_gefs,14,RH_percent_mean,11,85.79068565368652
gep14,00,2026-05-05,2026-05-16,gcrew,noaa_gefs,14,Rain_mm_sum,11,3.5000000596046448
gep14,00,2026-05-05,2026-05-16,gcrew,noaa_gefs,14,ShortwaveRadiation_Wm2,11,57.25
gep14,00,2026-05-05,2026-05-16,gcrew,noaa_gefs,14,WindSpeed_ms_mean,11,3.5957713274021446
gep14,00,2026-05-05,2026-05-17,gcrew,noaa_gefs,14,AirTemp_C_mean,12,12.39740905761721
gep14,00,2026-05-05,2026-05-17,gcrew,noaa_gefs,14,Pressure_Pa,12,101498.666015625
gep14,00,2026-05-05,2026-05-17,gcrew,noaa_gefs,14,RH_percent_mean,12,85.35811996459961
gep14,00,2026-05-05,2026-05-17,gcrew,noaa_gefs,14,Rain_mm_sum,12,12.600000239908695
gep14,00,2026-05-05,2026-05-17,gcrew,noaa_gefs,14,ShortwaveRadiation_Wm2,12,68.75
gep14,00,2026-05-05,2026-05-17,gcrew,noaa_gefs,14,WindSpeed_ms_mean,12,4.4423147677144765
gep14,00,2026-05-05,2026-05-18,gcrew,noaa_gefs,14,AirTemp_C_mean,13,12.796853637695335
gep14,00,2026-05-05,2026-05-18,gcrew,noaa_gefs,14,Pressure_Pa,13,102275.958984375
gep14,00,2026-05-05,2026-05-18,gcrew,noaa_gefs,14,RH_percent_mean,13,75.41705131530762
gep14,00,2026-05-05,2026-05-18,gcrew,noaa_gefs,14,Rain_mm_sum,13,3.5000000968575478
gep14,00,2026-05-05,2026-05-18,gcrew,noaa_gefs,14,ShortwaveRadiation_Wm2,13,67.25
gep14,00,2026-05-05,2026-05-18,gcrew,noaa_gefs,14,WindSpeed_ms_mean,13,4.947630717288071
gep14,00,2026-05-05,2026-05-19,gcrew,noaa_gefs,14,AirTemp_C_mean,14,15.980165100097679
gep14,00,2026-05-05,2026-05-19,gcrew,noaa_gefs,14,Pressure_Pa,14,101818.97265625
gep14,00,2026-05-05,2026-05-19,gcrew,noaa_gefs,14,RH_percent_mean,14,94.8867244720459
gep14,00,2026-05-05,2026-05-19,gcrew,noaa_gefs,14,Rain_mm_sum,14,13.600000202655792
gep14,00,2026-05-05,2026-05-19,gcrew,noaa_gefs,14,ShortwaveRadiation_Wm2,14,56.75
gep14,00,2026-05-05,2026-05-19,gcrew,noaa_gefs,14,WindSpeed_ms_mean,14,5.998326923740712
gep14,00,2026-05-05,2026-05-20,gcrew,noaa_gefs,14,AirTemp_C_mean,15,16.34876403808596
gep14,00,2026-05-05,2026-05-20,gcrew,noaa_gefs,14,Pressure_Pa,15,101606.828125
gep14,00,2026-05-05,2026-05-20,gcrew,noaa_gefs,14,RH_percent_mean,15,89.96279335021973
gep14,00,2026-05-05,2026-05-20,gcrew,noaa_gefs,14,Rain_mm_sum,15,0.9000000283122063
gep14,00,2026-05-05,2026-05-20,gcrew,noaa_gefs,14,ShortwaveRadiation_Wm2,15,66.75
gep14,00,2026-05-05,2026-05-20,gcrew,noaa_gefs,14,WindSpeed_ms_mean,15,5.274919119101563
gep14,00,2026-05-05,2026-05-21,gcrew,noaa_gefs,14,AirTemp_C_mean,16,17.079988098144554
gep14,00,2026-05-05,2026-05-21,gcrew,noaa_gefs,14,Pressure_Pa,16,101430.228515625
gep14,00,2026-05-05,2026-05-21,gcrew,noaa_gefs,14,RH_percent_mean,16,92.32025718688965
gep14,00,2026-05-05,2026-05-21,gcrew,noaa_gefs,14,Rain_mm_sum,16,3.6000001206994057
gep14,00,2026-05-05,2026-05-21,gcrew,noaa_gefs,14,ShortwaveRadiation_Wm2,16,134.75
gep14,00,2026-05-05,2026-05-21,gcrew,noaa_gefs,14,WindSpeed_ms_mean,16,4.749984768270614
gep14,00,2026-05-05,2026-05-22,gcrew,noaa_gefs,14,AirTemp_C_mean,17,19.45788726806643
gep14,00,2026-05-05,2026-05-22,gcrew,noaa_gefs,14,Pressure_Pa,17,101787.37109375
gep14,00,2026-05-05,2026-05-22,gcrew,noaa_gefs,14,RH_percent_mean,17,86.58370208740234
gep14,00,2026-05-05,2026-05-22,gcrew,noaa_gefs,14,Rain_mm_sum,17,0.10000000149011612
gep14,00,2026-05-05,2026-05-22,gcrew,noaa_gefs,14,ShortwaveRadiation_Wm2,17,329.5
gep14,00,2026-05-05,2026-05-22,gcrew,noaa_gefs,14,WindSpeed_ms_mean,17,3.421951902917886
gep14,00,2026-05-05,2026-05-23,gcrew,noaa_gefs,14,AirTemp_C_mean,18,19.32135925292971
gep14,00,2026-05-05,2026-05-23,gcrew,noaa_gefs,14,Pressure_Pa,18,102091.19140625
gep14,00,2026-05-05,2026-05-23,gcrew,noaa_gefs,14,RH_percent_mean,18,88.211029052734375
gep14,00,2026-05-05,2026-05-23,gcrew,noaa_gefs,14,Rain_mm_sum,18,0.30000000447034836
gep14,00,2026-05-05,2026-05-23,gcrew,noaa_gefs,14,ShortwaveRadiation_Wm2,18,304
gep14,00,2026-05-05,2026-05-23,gcrew,noaa_gefs,14,WindSpeed_ms_mean,18,2.9632516322381934
gep14,00,2026-05-05,2026-05-24,gcrew,noaa_gefs,14,AirTemp_C_mean,19,19.627183532714866
gep14,00,2026-05-05,2026-05-24,gcrew,noaa_gefs,14,Pressure_Pa,19,102131.763671875
gep14,00,2026-05-05,2026-05-24,gcrew,noaa_gefs,14,RH_percent_mean,19,88.8326587677002
gep14,00,2026-05-05,2026-05-24,gcrew,noaa_gefs,14,Rain_mm_sum,19,0.4000000059604645
gep14,00,2026-05-05,2026-05-24,gcrew,noaa_gefs,14,ShortwaveRadiation_Wm2,19,312.75
gep14,00,2026-05-05,2026-05-24,gcrew,noaa_gefs,14,WindSpeed_ms_mean,19,3.353299723512114
gep14,00,2026-05-05,2026-05-25,gcrew,noaa_gefs,14,AirTemp_C_mean,20,22.220193481445335
gep14,00,2026-05-05,2026-05-25,gcrew,noaa_gefs,14,Pressure_Pa,20,101920.87109375
gep14,00,2026-05-05,2026-05-25,gcrew,noaa_gefs,14,RH_percent_mean,20,80.57049751281738
gep14,00,2026-05-05,2026-05-25,gcrew,noaa_gefs,14,Rain_mm_sum,20,0
gep14,00,2026-05-05,2026-05-25,gcrew,noaa_gefs,14,ShortwaveRadiation_Wm2,20,332
gep14,00,2026-05-05,2026-05-25,gcrew,noaa_gefs,14,WindSpeed_ms_mean,20,2.332214280423385
gep14,00,2026-05-05,2026-05-26,gcrew,noaa_gefs,14,AirTemp_C_mean,21,23.644677734375023
gep14,00,2026-05-05,2026-05-26,gcrew,noaa_gefs,14,Pressure_Pa,21,101732.607421875
gep14,00,2026-05-05,2026-05-26,gcrew,noaa_gefs,14,RH_percent_mean,21,77.47503280639648
gep14,00,2026-05-05,2026-05-26,gcrew,noaa_gefs,14,Rain_mm_sum,21,0.30000000447034836
gep14,00,2026-05-05,2026-05-26,gcrew,noaa_gefs,14,ShortwaveRadiation_Wm2,21,329.75
gep14,00,2026-05-05,2026-05-26,gcrew,noaa_gefs,14,WindSpeed_ms_mean,21,3.7429728329099072
gep14,00,2026-05-05,2026-05-27,gcrew,noaa_gefs,14,AirTemp_C_mean,22,21.092683410644554
gep14,00,2026-05-05,2026-05-27,gcrew,noaa_gefs,14,Pressure_Pa,22,101740.51953125
gep14,00,2026-05-05,2026-05-27,gcrew,noaa_gefs,14,RH_percent_mean,22,84.3672924041748
gep14,00,2026-05-05,2026-05-27,gcrew,noaa_gefs,14,Rain_mm_sum,22,0
gep14,00,2026-05-05,2026-05-27,gcrew,noaa_gefs,14,ShortwaveRadiation_Wm2,22,312.5
gep14,00,2026-05-05,2026-05-27,gcrew,noaa_gefs,14,WindSpeed_ms_mean,22,2.700000293540816
gep14,00,2026-05-05,2026-05-28,gcrew,noaa_gefs,14,AirTemp_C_mean,23,23.88488922119143
gep14,00,2026-05-05,2026-05-28,gcrew,noaa_gefs,14,Pressure_Pa,23,101347.58984375
gep14,00,2026-05-05,2026-05-28,gcrew,noaa_gefs,14,RH_percent_mean,23,75.04574775695801
gep14,00,2026-05-05,2026-05-28,gcrew,noaa_gefs,14,Rain_mm_sum,23,0
gep14,00,2026-05-05,2026-05-28,gcrew,noaa_gefs,14,ShortwaveRadiation_Wm2,23,335.5
gep14,00,2026-05-05,2026-05-28,gcrew,noaa_gefs,14,WindSpeed_ms_mean,23,2.335344468510624
gep14,00,2026-05-05,2026-05-29,gcrew,noaa_gefs,14,AirTemp_C_mean,24,24.74714050292971
gep14,00,2026-05-05,2026-05-29,gcrew,noaa_gefs,14,Pressure_Pa,24,101476.5703125
gep14,00,2026-05-05,2026-05-29,gcrew,noaa_gefs,14,RH_percent_mean,24,72.64131832122803
gep14,00,2026-05-05,2026-05-29,gcrew,noaa_gefs,14,Rain_mm_sum,24,0
gep14,00,2026-05-05,2026-05-29,gcrew,noaa_gefs,14,ShortwaveRadiation_Wm2,24,336
gep14,00,2026-05-05,2026-05-29,gcrew,noaa_gefs,14,WindSpeed_ms_mean,24,1.9586284146796837
gep14,00,2026-05-05,2026-05-30,gcrew,noaa_gefs,14,AirTemp_C_mean,25,24.066796875000023
gep14,00,2026-05-05,2026-05-30,gcrew,noaa_gefs,14,Pressure_Pa,25,101384.1875
gep14,00,2026-05-05,2026-05-30,gcrew,noaa_gefs,14,RH_percent_mean,25,71.36553287506104
gep14,00,2026-05-05,2026-05-30,gcrew,noaa_gefs,14,Rain_mm_sum,25,2.100000001490116
gep14,00,2026-05-05,2026-05-30,gcrew,noaa_gefs,14,ShortwaveRadiation_Wm2,25,336.25
gep14,00,2026-05-05,2026-05-30,gcrew,noaa_gefs,14,WindSpeed_ms_mean,25,2.5700304546198396
gep14,00,2026-05-05,2026-05-31,gcrew,noaa_gefs,14,AirTemp_C_mean,26,20.107537841796898
gep14,00,2026-05-05,2026-05-31,gcrew,noaa_gefs,14,Pressure_Pa,26,101421.41015625
gep14,00,2026-05-05,2026-05-31,gcrew,noaa_gefs,14,RH_percent_mean,26,79.97546768188477
gep14,00,2026-05-05,2026-05-31,gcrew,noaa_gefs,14,Rain_mm_sum,26,7.199999928474426
gep14,00,2026-05-05,2026-05-31,gcrew,noaa_gefs,14,ShortwaveRadiation_Wm2,26,204.5
gep14,00,2026-05-05,2026-05-31,gcrew,noaa_gefs,14,WindSpeed_ms_mean,26,4.440413293057745
gep14,00,2026-05-05,2026-06-01,gcrew,noaa_gefs,14,AirTemp_C_mean,27,18.903489685058616
gep14,00,2026-05-05,2026-06-01,gcrew,noaa_gefs,14,Pressure_Pa,27,101613.822265625
gep14,00,2026-05-05,2026-06-01,gcrew,noaa_gefs,14,RH_percent_mean,27,79.74879264831543
gep14,00,2026-05-05,2026-06-01,gcrew,noaa_gefs,14,Rain_mm_sum,27,0.20000000298023224
gep14,00,2026-05-05,2026-06-01,gcrew,noaa_gefs,14,ShortwaveRadiation_Wm2,27,202
gep14,00,2026-05-05,2026-06-01,gcrew,noaa_gefs,14,WindSpeed_ms_mean,27,2.8618370667271793
gep14,00,2026-05-05,2026-06-02,gcrew,noaa_gefs,14,AirTemp_C_mean,28,23.729150390625023
gep14,00,2026-05-05,2026-06-02,gcrew,noaa_gefs,14,Pressure_Pa,28,101406.4609375
gep14,00,2026-05-05,2026-06-02,gcrew,noaa_gefs,14,RH_percent_mean,28,75.83053302764893
gep14,00,2026-05-05,2026-06-02,gcrew,noaa_gefs,14,Rain_mm_sum,28,4.800000190734863
gep14,00,2026-05-05,2026-06-02,gcrew,noaa_gefs,14,ShortwaveRadiation_Wm2,28,303.25
gep14,00,2026-05-05,2026-06-02,gcrew,noaa_gefs,14,WindSpeed_ms_mean,28,5.180342789756921
gep14,00,2026-05-05,2026-06-03,gcrew,noaa_gefs,14,AirTemp_C_mean,29,22.64240417480471
gep14,00,2026-05-05,2026-06-03,gcrew,noaa_gefs,14,Pressure_Pa,29,101480.6875
gep14,00,2026-05-05,2026-06-03,gcrew,noaa_gefs,14,RH_percent_mean,29,91.867095947265625
gep14,00,2026-05-05,2026-06-03,gcrew,noaa_gefs,14,Rain_mm_sum,29,24.700000166893005
gep14,00,2026-05-05,2026-06-03,gcrew,noaa_gefs,14,ShortwaveRadiation_Wm2,29,176
gep14,00,2026-05-05,2026-06-03,gcrew,noaa_gefs,14,WindSpeed_ms_mean,29,2.8103379804635074
gep14,00,2026-05-05,2026-06-04,gcrew,noaa_gefs,14,AirTemp_C_mean,30,21.24726257324221
gep14,00,2026-05-05,2026-06-04,gcrew,noaa_gefs,14,Pressure_Pa,30,100902.5
gep14,00,2026-05-05,2026-06-04,gcrew,noaa_gefs,14,RH_percent_mean,30,94.49777412414551
gep14,00,2026-05-05,2026-06-04,gcrew,noaa_gefs,14,Rain_mm_sum,30,15.800000429153442
gep14,00,2026-05-05,2026-06-04,gcrew,noaa_gefs,14,ShortwaveRadiation_Wm2,30,96
gep14,00,2026-05-05,2026-06-04,gcrew,noaa_gefs,14,WindSpeed_ms_mean,30,3.624733268214592
gep14,00,2026-05-05,2026-06-05,gcrew,noaa_gefs,14,AirTemp_C_mean,31,17.98151550292971
gep14,00,2026-05-05,2026-06-05,gcrew,noaa_gefs,14,Pressure_Pa,31,101233.8671875
gep14,00,2026-05-05,2026-06-05,gcrew,noaa_gefs,14,RH_percent_mean,31,85.09179496765137
gep14,00,2026-05-05,2026-06-05,gcrew,noaa_gefs,14,Rain_mm_sum,31,0
gep14,00,2026-05-05,2026-06-05,gcrew,noaa_gefs,14,ShortwaveRadiation_Wm2,31,204
gep14,00,2026-05-05,2026-06-05,gcrew,noaa_gefs,14,WindSpeed_ms_mean,31,3.6137171777527146
gep14,00,2026-05-05,2026-06-06,gcrew,noaa_gefs,14,AirTemp_C_mean,32,18.68531188964846
gep14,00,2026-05-05,2026-06-06,gcrew,noaa_gefs,14,Pressure_Pa,32,101418.689453125
gep14,00,2026-05-05,2026-06-06,gcrew,noaa_gefs,14,RH_percent_mean,32,90.20104598999023
gep14,00,2026-05-05,2026-06-06,gcrew,noaa_gefs,14,Rain_mm_sum,32,0.30000000447034836
gep14,00,2026-05-05,2026-06-06,gcrew,noaa_gefs,14,ShortwaveRadiation_Wm2,32,107.25
gep14,00,2026-05-05,2026-06-06,gcrew,noaa_gefs,14,WindSpeed_ms_mean,32,3.7730996520469398
gep14,00,2026-05-05,2026-06-07,gcrew,noaa_gefs,14,AirTemp_C_mean,33,24.139627075195335
gep14,00,2026-05-05,2026-06-07,gcrew,noaa_gefs,14,Pressure_Pa,33,100801.1328125
gep14,00,2026-05-05,2026-06-07,gcrew,noaa_gefs,14,RH_percent_mean,33,81.9941577911377
gep14,00,2026-05-05,2026-06-07,gcrew,noaa_gefs,14,Rain_mm_sum,33,12.999999798834324
gep14,00,2026-05-05,2026-06-07,gcrew,noaa_gefs,14,ShortwaveRadiation_Wm2,33,304.5
gep14,00,2026-05-05,2026-06-07,gcrew,noaa_gefs,14,WindSpeed_ms_mean,33,5.214782697026351
gep14,00,2026-05-05,2026-06-08,gcrew,noaa_gefs,14,AirTemp_C_mean,34,26.755662536621116
gep14,00,2026-05-05,2026-06-08,gcrew,noaa_gefs,14,Pressure_Pa,34,100443.1796875
gep14,00,2026-05-05,2026-06-08,gcrew,noaa_gefs,14,RH_percent_mean,34,68.95762729644775
gep14,00,2026-05-05,2026-06-08,gcrew,noaa_gefs,14,Rain_mm_sum,34,0.4000000134110451
gep14,00,2026-05-05,2026-06-08,gcrew,noaa_gefs,14,ShortwaveRadiation_Wm2,34,343
gep14,00,2026-05-05,2026-06-08,gcrew,noaa_gefs,14,WindSpeed_ms_mean,34,4.0934983365823845
gep15,00,2026-05-05,2026-05-06,gcrew,noaa_gefs,15,AirTemp_C_mean,1,18.317830657959007
gep15,00,2026-05-05,2026-05-06,gcrew,noaa_gefs,15,Pressure_Pa,1,100742.3876953125
gep15,00,2026-05-05,2026-05-06,gcrew,noaa_gefs,15,RH_percent_mean,1,73.999520778656
gep15,00,2026-05-05,2026-05-06,gcrew,noaa_gefs,15,Rain_mm_sum,1,2.9600000381469727
gep15,00,2026-05-05,2026-05-06,gcrew,noaa_gefs,15,ShortwaveRadiation_Wm2,1,112.5
gep15,00,2026-05-05,2026-05-06,gcrew,noaa_gefs,15,WindSpeed_ms_mean,1,7.9482961228732085
gep15,00,2026-05-05,2026-05-07,gcrew,noaa_gefs,15,AirTemp_C_mean,2,13.421441650390648
gep15,00,2026-05-05,2026-05-07,gcrew,noaa_gefs,15,Pressure_Pa,2,100609.435546875
gep15,00,2026-05-05,2026-05-07,gcrew,noaa_gefs,15,RH_percent_mean,2,79.55949878692627
gep15,00,2026-05-05,2026-05-07,gcrew,noaa_gefs,15,Rain_mm_sum,2,3.900000110268593
gep15,00,2026-05-05,2026-05-07,gcrew,noaa_gefs,15,ShortwaveRadiation_Wm2,2,80.875
gep15,00,2026-05-05,2026-05-07,gcrew,noaa_gefs,15,WindSpeed_ms_mean,2,3.7877215286509998
gep15,00,2026-05-05,2026-05-08,gcrew,noaa_gefs,15,AirTemp_C_mean,3,13.444238281250023
gep15,00,2026-05-05,2026-05-08,gcrew,noaa_gefs,15,Pressure_Pa,3,101029.4677734375
gep15,00,2026-05-05,2026-05-08,gcrew,noaa_gefs,15,RH_percent_mean,3,59.61912775039673
gep15,00,2026-05-05,2026-05-08,gcrew,noaa_gefs,15,Rain_mm_sum,3,0
gep15,00,2026-05-05,2026-05-08,gcrew,noaa_gefs,15,ShortwaveRadiation_Wm2,3,310.125
gep15,00,2026-05-05,2026-05-08,gcrew,noaa_gefs,15,WindSpeed_ms_mean,3,4.101767998187636
gep15,00,2026-05-05,2026-05-09,gcrew,noaa_gefs,15,AirTemp_C_mean,4,14.683034515380882
gep15,00,2026-05-05,2026-05-09,gcrew,noaa_gefs,15,Pressure_Pa,4,100504.6123046875
gep15,00,2026-05-05,2026-05-09,gcrew,noaa_gefs,15,RH_percent_mean,4,69.38001728057861
gep15,00,2026-05-05,2026-05-09,gcrew,noaa_gefs,15,Rain_mm_sum,4,3.40000007301569
gep15,00,2026-05-05,2026-05-09,gcrew,noaa_gefs,15,ShortwaveRadiation_Wm2,4,223.375
gep15,00,2026-05-05,2026-05-09,gcrew,noaa_gefs,15,WindSpeed_ms_mean,4,6.089498847817228
gep15,00,2026-05-05,2026-05-10,gcrew,noaa_gefs,15,AirTemp_C_mean,5,14.039365386962913
gep15,00,2026-05-05,2026-05-10,gcrew,noaa_gefs,15,Pressure_Pa,5,101038.7626953125
gep15,00,2026-05-05,2026-05-10,gcrew,noaa_gefs,15,RH_percent_mean,5,62.28422451019287
gep15,00,2026-05-05,2026-05-10,gcrew,noaa_gefs,15,Rain_mm_sum,5,0.4000000059604645
gep15,00,2026-05-05,2026-05-10,gcrew,noaa_gefs,15,ShortwaveRadiation_Wm2,5,321.875
gep15,00,2026-05-05,2026-05-10,gcrew,noaa_gefs,15,WindSpeed_ms_mean,5,4.465990950670339
gep15,00,2026-05-05,2026-05-11,gcrew,noaa_gefs,15,AirTemp_C_mean,6,15.007703399658226
gep15,00,2026-05-05,2026-05-11,gcrew,noaa_gefs,15,Pressure_Pa,6,100972.99609375
gep15,00,2026-05-05,2026-05-11,gcrew,noaa_gefs,15,RH_percent_mean,6,83.72281455993652
gep15,00,2026-05-05,2026-05-11,gcrew,noaa_gefs,15,Rain_mm_sum,6,10.500000238418579
gep15,00,2026-05-05,2026-05-11,gcrew,noaa_gefs,15,ShortwaveRadiation_Wm2,6,318.375
gep15,00,2026-05-05,2026-05-11,gcrew,noaa_gefs,15,WindSpeed_ms_mean,6,3.020219501521629
gep15,00,2026-05-05,2026-05-12,gcrew,noaa_gefs,15,AirTemp_C_mean,7,16.333001708984398
gep15,00,2026-05-05,2026-05-12,gcrew,noaa_gefs,15,Pressure_Pa,7,100487.9833984375
gep15,00,2026-05-05,2026-05-12,gcrew,noaa_gefs,15,RH_percent_mean,7,91.72346305847168
gep15,00,2026-05-05,2026-05-12,gcrew,noaa_gefs,15,Rain_mm_sum,7,22.080000452697277
gep15,00,2026-05-05,2026-05-12,gcrew,noaa_gefs,15,ShortwaveRadiation_Wm2,7,141.625
gep15,00,2026-05-05,2026-05-12,gcrew,noaa_gefs,15,WindSpeed_ms_mean,7,4.752930619586684
gep15,00,2026-05-05,2026-05-13,gcrew,noaa_gefs,15,AirTemp_C_mean,8,13.859941101074241
gep15,00,2026-05-05,2026-05-13,gcrew,noaa_gefs,15,Pressure_Pa,8,100950.2314453125
gep15,00,2026-05-05,2026-05-13,gcrew,noaa_gefs,15,RH_percent_mean,8,60.64580154418945
gep15,00,2026-05-05,2026-05-13,gcrew,noaa_gefs,15,Rain_mm_sum,8,0.699999988079071
gep15,00,2026-05-05,2026-05-13,gcrew,noaa_gefs,15,ShortwaveRadiation_Wm2,8,357.5
gep15,00,2026-05-05,2026-05-13,gcrew,noaa_gefs,15,WindSpeed_ms_mean,8,5.016160868788954
gep15,00,2026-05-05,2026-05-14,gcrew,noaa_gefs,15,AirTemp_C_mean,9,13.323288399832611
gep15,00,2026-05-05,2026-05-14,gcrew,noaa_gefs,15,Pressure_Pa,9,101724.66852678571
gep15,00,2026-05-05,2026-05-14,gcrew,noaa_gefs,15,RH_percent_mean,9,54.3447254725865
gep15,00,2026-05-05,2026-05-14,gcrew,noaa_gefs,15,Rain_mm_sum,9,0
gep15,00,2026-05-05,2026-05-14,gcrew,noaa_gefs,15,ShortwaveRadiation_Wm2,9,409.2857142857143
gep15,00,2026-05-05,2026-05-14,gcrew,noaa_gefs,15,WindSpeed_ms_mean,9,4.204724101810366
gep15,00,2026-05-05,2026-05-15,gcrew,noaa_gefs,15,AirTemp_C_mean,10,13.895341491699241
gep15,00,2026-05-05,2026-05-15,gcrew,noaa_gefs,15,Pressure_Pa,10,101770.98828125
gep15,00,2026-05-05,2026-05-15,gcrew,noaa_gefs,15,RH_percent_mean,10,59.39558792114258
gep15,00,2026-05-05,2026-05-15,gcrew,noaa_gefs,15,Rain_mm_sum,10,0
gep15,00,2026-05-05,2026-05-15,gcrew,noaa_gefs,15,ShortwaveRadiation_Wm2,10,329.5
gep15,00,2026-05-05,2026-05-15,gcrew,noaa_gefs,15,WindSpeed_ms_mean,10,4.301648184988208
gep15,00,2026-05-05,2026-05-16,gcrew,noaa_gefs,15,AirTemp_C_mean,11,12.16132507324221
gep15,00,2026-05-05,2026-05-16,gcrew,noaa_gefs,15,Pressure_Pa,11,101347.048828125
gep15,00,2026-05-05,2026-05-16,gcrew,noaa_gefs,15,RH_percent_mean,11,85.79068565368652
gep15,00,2026-05-05,2026-05-16,gcrew,noaa_gefs,15,Rain_mm_sum,11,3.5000000596046448
gep15,00,2026-05-05,2026-05-16,gcrew,noaa_gefs,15,ShortwaveRadiation_Wm2,11,57.25
gep15,00,2026-05-05,2026-05-16,gcrew,noaa_gefs,15,WindSpeed_ms_mean,11,3.5957713274021446
gep15,00,2026-05-05,2026-05-17,gcrew,noaa_gefs,15,AirTemp_C_mean,12,12.39740905761721
gep15,00,2026-05-05,2026-05-17,gcrew,noaa_gefs,15,Pressure_Pa,12,101498.666015625
gep15,00,2026-05-05,2026-05-17,gcrew,noaa_gefs,15,RH_percent_mean,12,85.35811996459961
gep15,00,2026-05-05,2026-05-17,gcrew,noaa_gefs,15,Rain_mm_sum,12,12.600000239908695
gep15,00,2026-05-05,2026-05-17,gcrew,noaa_gefs,15,ShortwaveRadiation_Wm2,12,68.75
gep15,00,2026-05-05,2026-05-17,gcrew,noaa_gefs,15,WindSpeed_ms_mean,12,4.4423147677144765
gep15,00,2026-05-05,2026-05-18,gcrew,noaa_gefs,15,AirTemp_C_mean,13,12.796853637695335
gep15,00,2026-05-05,2026-05-18,gcrew,noaa_gefs,15,Pressure_Pa,13,102275.958984375
gep15,00,2026-05-05,2026-05-18,gcrew,noaa_gefs,15,RH_percent_mean,13,75.41705131530762
gep15,00,2026-05-05,2026-05-18,gcrew,noaa_gefs,15,Rain_mm_sum,13,3.5000000968575478
gep15,00,2026-05-05,2026-05-18,gcrew,noaa_gefs,15,ShortwaveRadiation_Wm2,13,67.25
gep15,00,2026-05-05,2026-05-18,gcrew,noaa_gefs,15,WindSpeed_ms_mean,13,4.947630717288071
gep15,00,2026-05-05,2026-05-19,gcrew,noaa_gefs,15,AirTemp_C_mean,14,15.980165100097679
gep15,00,2026-05-05,2026-05-19,gcrew,noaa_gefs,15,Pressure_Pa,14,101818.97265625
gep15,00,2026-05-05,2026-05-19,gcrew,noaa_gefs,15,RH_percent_mean,14,94.8867244720459
gep15,00,2026-05-05,2026-05-19,gcrew,noaa_gefs,15,Rain_mm_sum,14,13.600000202655792
gep15,00,2026-05-05,2026-05-19,gcrew,noaa_gefs,15,ShortwaveRadiation_Wm2,14,56.75
gep15,00,2026-05-05,2026-05-19,gcrew,noaa_gefs,15,WindSpeed_ms_mean,14,5.998326923740712
gep15,00,2026-05-05,2026-05-20,gcrew,noaa_gefs,15,AirTemp_C_mean,15,16.34876403808596
gep15,00,2026-05-05,2026-05-20,gcrew,noaa_gefs,15,Pressure_Pa,15,101606.828125
gep15,00,2026-05-05,2026-05-20,gcrew,noaa_gefs,15,RH_percent_mean,15,89.96279335021973
gep15,00,2026-05-05,2026-05-20,gcrew,noaa_gefs,15,Rain_mm_sum,15,0.9000000283122063
gep15,00,2026-05-05,2026-05-20,gcrew,noaa_gefs,15,ShortwaveRadiation_Wm2,15,66.75
gep15,00,2026-05-05,2026-05-20,gcrew,noaa_gefs,15,WindSpeed_ms_mean,15,5.274919119101563
gep15,00,2026-05-05,2026-05-21,gcrew,noaa_gefs,15,AirTemp_C_mean,16,17.079988098144554
gep15,00,2026-05-05,2026-05-21,gcrew,noaa_gefs,15,Pressure_Pa,16,101430.228515625
gep15,00,2026-05-05,2026-05-21,gcrew,noaa_gefs,15,RH_percent_mean,16,92.32025718688965
gep15,00,2026-05-05,2026-05-21,gcrew,noaa_gefs,15,Rain_mm_sum,16,3.6000001206994057
gep15,00,2026-05-05,2026-05-21,gcrew,noaa_gefs,15,ShortwaveRadiation_Wm2,16,134.75
gep15,00,2026-05-05,2026-05-21,gcrew,noaa_gefs,15,WindSpeed_ms_mean,16,4.749984768270614
gep15,00,2026-05-05,2026-05-22,gcrew,noaa_gefs,15,AirTemp_C_mean,17,19.45788726806643
gep15,00,2026-05-05,2026-05-22,gcrew,noaa_gefs,15,Pressure_Pa,17,101787.37109375
gep15,00,2026-05-05,2026-05-22,gcrew,noaa_gefs,15,RH_percent_mean,17,86.58370208740234
gep15,00,2026-05-05,2026-05-22,gcrew,noaa_gefs,15,Rain_mm_sum,17,0.10000000149011612
gep15,00,2026-05-05,2026-05-22,gcrew,noaa_gefs,15,ShortwaveRadiation_Wm2,17,329.5
gep15,00,2026-05-05,2026-05-22,gcrew,noaa_gefs,15,WindSpeed_ms_mean,17,3.421951902917886
gep15,00,2026-05-05,2026-05-23,gcrew,noaa_gefs,15,AirTemp_C_mean,18,19.32135925292971
gep15,00,2026-05-05,2026-05-23,gcrew,noaa_gefs,15,Pressure_Pa,18,102091.19140625
gep15,00,2026-05-05,2026-05-23,gcrew,noaa_gefs,15,RH_percent_mean,18,88.211029052734375
gep15,00,2026-05-05,2026-05-23,gcrew,noaa_gefs,15,Rain_mm_sum,18,0.30000000447034836
gep15,00,2026-05-05,2026-05-23,gcrew,noaa_gefs,15,ShortwaveRadiation_Wm2,18,304
gep15,00,2026-05-05,2026-05-23,gcrew,noaa_gefs,15,WindSpeed_ms_mean,18,2.9632516322381934
gep15,00,2026-05-05,2026-05-24,gcrew,noaa_gefs,15,AirTemp_C_mean,19,19.627183532714866
gep15,00,2026-05-05,2026-05-24,gcrew,noaa_gefs,15,Pressure_Pa,19,102131.763671875
gep15,00,2026-05-05,2026-05-24,gcrew,noaa_gefs,15,RH_percent_mean,19,88.8326587677002
gep15,00,2026-05-05,2026-05-24,gcrew,noaa_gefs,15,Rain_mm_sum,19,0.4000000059604645
gep15,00,2026-05-05,2026-05-24,gcrew,noaa_gefs,15,ShortwaveRadiation_Wm2,19,312.75
gep15,00,2026-05-05,2026-05-24,gcrew,noaa_gefs,15,WindSpeed_ms_mean,19,3.353299723512114
gep15,00,2026-05-05,2026-05-25,gcrew,noaa_gefs,15,AirTemp_C_mean,20,22.220193481445335
gep15,00,2026-05-05,2026-05-25,gcrew,noaa_gefs,15,Pressure_Pa,20,101920.87109375
gep15,00,2026-05-05,2026-05-25,gcrew,noaa_gefs,15,RH_percent_mean,20,80.57049751281738
gep15,00,2026-05-05,2026-05-25,gcrew,noaa_gefs,15,Rain_mm_sum,20,0
gep15,00,2026-05-05,2026-05-25,gcrew,noaa_gefs,15,ShortwaveRadiation_Wm2,20,332
gep15,00,2026-05-05,2026-05-25,gcrew,noaa_gefs,15,WindSpeed_ms_mean,20,2.332214280423385
gep15,00,2026-05-05,2026-05-26,gcrew,noaa_gefs,15,AirTemp_C_mean,21,23.644677734375023
gep15,00,2026-05-05,2026-05-26,gcrew,noaa_gefs,15,Pressure_Pa,21,101732.607421875
gep15,00,2026-05-05,2026-05-26,gcrew,noaa_gefs,15,RH_percent_mean,21,77.47503280639648
gep15,00,2026-05-05,2026-05-26,gcrew,noaa_gefs,15,Rain_mm_sum,21,0.30000000447034836
gep15,00,2026-05-05,2026-05-26,gcrew,noaa_gefs,15,ShortwaveRadiation_Wm2,21,329.75
gep15,00,2026-05-05,2026-05-26,gcrew,noaa_gefs,15,WindSpeed_ms_mean,21,3.7429728329099072
gep15,00,2026-05-05,2026-05-27,gcrew,noaa_gefs,15,AirTemp_C_mean,22,21.092683410644554
gep15,00,2026-05-05,2026-05-27,gcrew,noaa_gefs,15,Pressure_Pa,22,101740.51953125
gep15,00,2026-05-05,2026-05-27,gcrew,noaa_gefs,15,RH_percent_mean,22,84.3672924041748
gep15,00,2026-05-05,2026-05-27,gcrew,noaa_gefs,15,Rain_mm_sum,22,0
gep15,00,2026-05-05,2026-05-27,gcrew,noaa_gefs,15,ShortwaveRadiation_Wm2,22,312.5
gep15,00,2026-05-05,2026-05-27,gcrew,noaa_gefs,15,WindSpeed_ms_mean,22,2.700000293540816
gep15,00,2026-05-05,2026-05-28,gcrew,noaa_gefs,15,AirTemp_C_mean,23,23.88488922119143
gep15,00,2026-05-05,2026-05-28,gcrew,noaa_gefs,15,Pressure_Pa,23,101347.58984375
gep15,00,2026-05-05,2026-05-28,gcrew,noaa_gefs,15,RH_percent_mean,23,75.04574775695801
gep15,00,2026-05-05,2026-05-28,gcrew,noaa_gefs,15,Rain_mm_sum,23,0
gep15,00,2026-05-05,2026-05-28,gcrew,noaa_gefs,15,ShortwaveRadiation_Wm2,23,335.5
gep15,00,2026-05-05,2026-05-28,gcrew,noaa_gefs,15,WindSpeed_ms_mean,23,2.335344468510624
gep15,00,2026-05-05,2026-05-29,gcrew,noaa_gefs,15,AirTemp_C_mean,24,24.74714050292971
gep15,00,2026-05-05,2026-05-29,gcrew,noaa_gefs,15,Pressure_Pa,24,101476.5703125
gep15,00,2026-05-05,2026-05-29,gcrew,noaa_gefs,15,RH_percent_mean,24,72.64131832122803
gep15,00,2026-05-05,2026-05-29,gcrew,noaa_gefs,15,Rain_mm_sum,24,0
gep15,00,2026-05-05,2026-05-29,gcrew,noaa_gefs,15,ShortwaveRadiation_Wm2,24,336
gep15,00,2026-05-05,2026-05-29,gcrew,noaa_gefs,15,WindSpeed_ms_mean,24,1.9586284146796837
gep15,00,2026-05-05,2026-05-30,gcrew,noaa_gefs,15,AirTemp_C_mean,25,24.066796875000023
gep15,00,2026-05-05,2026-05-30,gcrew,noaa_gefs,15,Pressure_Pa,25,101384.1875
gep15,00,2026-05-05,2026-05-30,gcrew,noaa_gefs,15,RH_percent_mean,25,71.36553287506104
gep15,00,2026-05-05,2026-05-30,gcrew,noaa_gefs,15,Rain_mm_sum,25,2.100000001490116
gep15,00,2026-05-05,2026-05-30,gcrew,noaa_gefs,15,ShortwaveRadiation_Wm2,25,336.25
gep15,00,2026-05-05,2026-05-30,gcrew,noaa_gefs,15,WindSpeed_ms_mean,25,2.5700304546198396
gep15,00,2026-05-05,2026-05-31,gcrew,noaa_gefs,15,AirTemp_C_mean,26,20.107537841796898
gep15,00,2026-05-05,2026-05-31,gcrew,noaa_gefs,15,Pressure_Pa,26,101421.41015625
gep15,00,2026-05-05,2026-05-31,gcrew,noaa_gefs,15,RH_percent_mean,26,79.97546768188477
gep15,00,2026-05-05,2026-05-31,gcrew,noaa_gefs,15,Rain_mm_sum,26,7.199999928474426
gep15,00,2026-05-05,2026-05-31,gcrew,noaa_gefs,15,ShortwaveRadiation_Wm2,26,204.5
gep15,00,2026-05-05,2026-05-31,gcrew,noaa_gefs,15,WindSpeed_ms_mean,26,4.440413293057745
gep15,00,2026-05-05,2026-06-01,gcrew,noaa_gefs,15,AirTemp_C_mean,27,18.903489685058616
gep15,00,2026-05-05,2026-06-01,gcrew,noaa_gefs,15,Pressure_Pa,27,101613.822265625
gep15,00,2026-05-05,2026-06-01,gcrew,noaa_gefs,15,RH_percent_mean,27,79.74879264831543
gep15,00,2026-05-05,2026-06-01,gcrew,noaa_gefs,15,Rain_mm_sum,27,0.20000000298023224
gep15,00,2026-05-05,2026-06-01,gcrew,noaa_gefs,15,ShortwaveRadiation_Wm2,27,202
gep15,00,2026-05-05,2026-06-01,gcrew,noaa_gefs,15,WindSpeed_ms_mean,27,2.8618370667271793
gep15,00,2026-05-05,2026-06-02,gcrew,noaa_gefs,15,AirTemp_C_mean,28,23.729150390625023
gep15,00,2026-05-05,2026-06-02,gcrew,noaa_gefs,15,Pressure_Pa,28,101406.4609375
gep15,00,2026-05-05,2026-06-02,gcrew,noaa_gefs,15,RH_percent_mean,28,75.83053302764893
gep15,00,2026-05-05,2026-06-02,gcrew,noaa_gefs,15,Rain_mm_sum,28,4.800000190734863
gep15,00,2026-05-05,2026-06-02,gcrew,noaa_gefs,15,ShortwaveRadiation_Wm2,28,303.25
gep15,00,2026-05-05,2026-06-02,gcrew,noaa_gefs,15,WindSpeed_ms_mean,28,5.180342789756921
gep15,00,2026-05-05,2026-06-03,gcrew,noaa_gefs,15,AirTemp_C_mean,29,22.64240417480471
gep15,00,2026-05-05,2026-06-03,gcrew,noaa_gefs,15,Pressure_Pa,29,101480.6875
gep15,00,2026-05-05,2026-06-03,gcrew,noaa_gefs,15,RH_percent_mean,29,91.867095947265625
gep15,00,2026-05-05,2026-06-03,gcrew,noaa_gefs,15,Rain_mm_sum,29,24.700000166893005
gep15,00,2026-05-05,2026-06-03,gcrew,noaa_gefs,15,ShortwaveRadiation_Wm2,29,176
gep15,00,2026-05-05,2026-06-03,gcrew,noaa_gefs,15,WindSpeed_ms_mean,29,2.8103379804635074
gep15,00,2026-05-05,2026-06-04,gcrew,noaa_gefs,15,AirTemp_C_mean,30,21.24726257324221
gep15,00,2026-05-05,2026-06-04,gcrew,noaa_gefs,15,Pressure_Pa,30,100902.5
gep15,00,2026-05-05,2026-06-04,gcrew,noaa_gefs,15,RH_percent_mean,30,94.49777412414551
gep15,00,2026-05-05,2026-06-04,gcrew,noaa_gefs,15,Rain_mm_sum,30,15.800000429153442
gep15,00,2026-05-05,2026-06-04,gcrew,noaa_gefs,15,ShortwaveRadiation_Wm2,30,96
gep15,00,2026-05-05,2026-06-04,gcrew,noaa_gefs,15,WindSpeed_ms_mean,30,3.624733268214592
gep15,00,2026-05-05,2026-06-05,gcrew,noaa_gefs,15,AirTemp_C_mean,31,17.98151550292971
gep15,00,2026-05-05,2026-06-05,gcrew,noaa_gefs,15,Pressure_Pa,31,101233.8671875
gep15,00,2026-05-05,2026-06-05,gcrew,noaa_gefs,15,RH_percent_mean,31,85.09179496765137
gep15,00,2026-05-05,2026-06-05,gcrew,noaa_gefs,15,Rain_mm_sum,31,0
gep15,00,2026-05-05,2026-06-05,gcrew,noaa_gefs,15,ShortwaveRadiation_Wm2,31,204
gep15,00,2026-05-05,2026-06-05,gcrew,noaa_gefs,15,WindSpeed_ms_mean,31,3.6137171777527146
gep15,00,2026-05-05,2026-06-06,gcrew,noaa_gefs,15,AirTemp_C_mean,32,18.68531188964846
gep15,00,2026-05-05,2026-06-06,gcrew,noaa_gefs,15,Pressure_Pa,32,101418.689453125
gep15,00,2026-05-05,2026-06-06,gcrew,noaa_gefs,15,RH_percent_mean,32,90.20104598999023
gep15,00,2026-05-05,2026-06-06,gcrew,noaa_gefs,15,Rain_mm_sum,32,0.30000000447034836
gep15,00,2026-05-05,2026-06-06,gcrew,noaa_gefs,15,ShortwaveRadiation_Wm2,32,107.25
gep15,00,2026-05-05,2026-06-06,gcrew,noaa_gefs,15,WindSpeed_ms_mean,32,3.7730996520469398
gep15,00,2026-05-05,2026-06-07,gcrew,noaa_gefs,15,AirTemp_C_mean,33,24.139627075195335
gep15,00,2026-05-05,2026-06-07,gcrew,noaa_gefs,15,Pressure_Pa,33,100801.1328125
gep15,00,2026-05-05,2026-06-07,gcrew,noaa_gefs,15,RH_percent_mean,33,81.9941577911377
gep15,00,2026-05-05,2026-06-07,gcrew,noaa_gefs,15,Rain_mm_sum,33,12.999999798834324
gep15,00,2026-05-05,2026-06-07,gcrew,noaa_gefs,15,ShortwaveRadiation_Wm2,33,304.5
gep15,00,2026-05-05,2026-06-07,gcrew,noaa_gefs,15,WindSpeed_ms_mean,33,5.214782697026351
gep15,00,2026-05-05,2026-06-08,gcrew,noaa_gefs,15,AirTemp_C_mean,34,26.755662536621116
gep15,00,2026-05-05,2026-06-08,gcrew,noaa_gefs,15,Pressure_Pa,34,100443.1796875
gep15,00,2026-05-05,2026-06-08,gcrew,noaa_gefs,15,RH_percent_mean,34,68.95762729644775
gep15,00,2026-05-05,2026-06-08,gcrew,noaa_gefs,15,Rain_mm_sum,34,0.4000000134110451
gep15,00,2026-05-05,2026-06-08,gcrew,noaa_gefs,15,ShortwaveRadiation_Wm2,34,343
gep15,00,2026-05-05,2026-06-08,gcrew,noaa_gefs,15,WindSpeed_ms_mean,34,4.0934983365823845
gep16,00,2026-05-05,2026-05-06,gcrew,noaa_gefs,16,AirTemp_C_mean,1,18.317830657959007
gep16,00,2026-05-05,2026-05-06,gcrew,noaa_gefs,16,Pressure_Pa,1,100742.3876953125
gep16,00,2026-05-05,2026-05-06,gcrew,noaa_gefs,16,RH_percent_mean,1,73.999520778656
gep16,00,2026-05-05,2026-05-06,gcrew,noaa_gefs,16,Rain_mm_sum,1,2.9600000381469727
gep16,00,2026-05-05,2026-05-06,gcrew,noaa_gefs,16,ShortwaveRadiation_Wm2,1,112.5
gep16,00,2026-05-05,2026-05-06,gcrew,noaa_gefs,16,WindSpeed_ms_mean,1,7.9482961228732085
gep16,00,2026-05-05,2026-05-07,gcrew,noaa_gefs,16,AirTemp_C_mean,2,13.421441650390648
gep16,00,2026-05-05,2026-05-07,gcrew,noaa_gefs,16,Pressure_Pa,2,100609.435546875
gep16,00,2026-05-05,2026-05-07,gcrew,noaa_gefs,16,RH_percent_mean,2,79.55949878692627
gep16,00,2026-05-05,2026-05-07,gcrew,noaa_gefs,16,Rain_mm_sum,2,3.900000110268593
gep16,00,2026-05-05,2026-05-07,gcrew,noaa_gefs,16,ShortwaveRadiation_Wm2,2,80.875
gep16,00,2026-05-05,2026-05-07,gcrew,noaa_gefs,16,WindSpeed_ms_mean,2,3.7877215286509998
gep16,00,2026-05-05,2026-05-08,gcrew,noaa_gefs,16,AirTemp_C_mean,3,13.444238281250023
gep16,00,2026-05-05,2026-05-08,gcrew,noaa_gefs,16,Pressure_Pa,3,101029.4677734375
gep16,00,2026-05-05,2026-05-08,gcrew,noaa_gefs,16,RH_percent_mean,3,59.61912775039673
gep16,00,2026-05-05,2026-05-08,gcrew,noaa_gefs,16,Rain_mm_sum,3,0
gep16,00,2026-05-05,2026-05-08,gcrew,noaa_gefs,16,ShortwaveRadiation_Wm2,3,310.125
gep16,00,2026-05-05,2026-05-08,gcrew,noaa_gefs,16,WindSpeed_ms_mean,3,4.101767998187636
gep16,00,2026-05-05,2026-05-09,gcrew,noaa_gefs,16,AirTemp_C_mean,4,14.683034515380882
gep16,00,2026-05-05,2026-05-09,gcrew,noaa_gefs,16,Pressure_Pa,4,100504.6123046875
gep16,00,2026-05-05,2026-05-09,gcrew,noaa_gefs,16,RH_percent_mean,4,69.38001728057861
gep16,00,2026-05-05,2026-05-09,gcrew,noaa_gefs,16,Rain_mm_sum,4,3.40000007301569
gep16,00,2026-05-05,2026-05-09,gcrew,noaa_gefs,16,ShortwaveRadiation_Wm2,4,223.375
gep16,00,2026-05-05,2026-05-09,gcrew,noaa_gefs,16,WindSpeed_ms_mean,4,6.089498847817228
gep16,00,2026-05-05,2026-05-10,gcrew,noaa_gefs,16,AirTemp_C_mean,5,14.039365386962913
gep16,00,2026-05-05,2026-05-10,gcrew,noaa_gefs,16,Pressure_Pa,5,101038.7626953125
gep16,00,2026-05-05,2026-05-10,gcrew,noaa_gefs,16,RH_percent_mean,5,62.28422451019287
gep16,00,2026-05-05,2026-05-10,gcrew,noaa_gefs,16,Rain_mm_sum,5,0.4000000059604645
gep16,00,2026-05-05,2026-05-10,gcrew,noaa_gefs,16,ShortwaveRadiation_Wm2,5,321.875
gep16,00,2026-05-05,2026-05-10,gcrew,noaa_gefs,16,WindSpeed_ms_mean,5,4.465990950670339
gep16,00,2026-05-05,2026-05-11,gcrew,noaa_gefs,16,AirTemp_C_mean,6,15.007703399658226
gep16,00,2026-05-05,2026-05-11,gcrew,noaa_gefs,16,Pressure_Pa,6,100972.99609375
gep16,00,2026-05-05,2026-05-11,gcrew,noaa_gefs,16,RH_percent_mean,6,83.72281455993652
gep16,00,2026-05-05,2026-05-11,gcrew,noaa_gefs,16,Rain_mm_sum,6,10.500000238418579
gep16,00,2026-05-05,2026-05-11,gcrew,noaa_gefs,16,ShortwaveRadiation_Wm2,6,318.375
gep16,00,2026-05-05,2026-05-11,gcrew,noaa_gefs,16,WindSpeed_ms_mean,6,3.020219501521629
gep16,00,2026-05-05,2026-05-12,gcrew,noaa_gefs,16,AirTemp_C_mean,7,16.333001708984398
gep16,00,2026-05-05,2026-05-12,gcrew,noaa_gefs,16,Pressure_Pa,7,100487.9833984375
gep16,00,2026-05-05,2026-05-12,gcrew,noaa_gefs,16,RH_percent_mean,7,91.72346305847168
gep16,00,2026-05-05,2026-05-12,gcrew,noaa_gefs,16,Rain_mm_sum,7,22.080000452697277
gep16,00,2026-05-05,2026-05-12,gcrew,noaa_gefs,16,ShortwaveRadiation_Wm2,7,141.625
gep16,00,2026-05-05,2026-05-12,gcrew,noaa_gefs,16,WindSpeed_ms_mean,7,4.752930619586684
gep16,00,2026-05-05,2026-05-13,gcrew,noaa_gefs,16,AirTemp_C_mean,8,13.859941101074241
gep16,00,2026-05-05,2026-05-13,gcrew,noaa_gefs,16,Pressure_Pa,8,100950.2314453125
gep16,00,2026-05-05,2026-05-13,gcrew,noaa_gefs,16,RH_percent_mean,8,60.64580154418945
gep16,00,2026-05-05,2026-05-13,gcrew,noaa_gefs,16,Rain_mm_sum,8,0.699999988079071
gep16,00,2026-05-05,2026-05-13,gcrew,noaa_gefs,16,ShortwaveRadiation_Wm2,8,357.5
gep16,00,2026-05-05,2026-05-13,gcrew,noaa_gefs,16,WindSpeed_ms_mean,8,5.016160868788954
gep16,00,2026-05-05,2026-05-14,gcrew,noaa_gefs,16,AirTemp_C_mean,9,13.323288399832611
gep16,00,2026-05-05,2026-05-14,gcrew,noaa_gefs,16,Pressure_Pa,9,101724.66852678571
gep16,00,2026-05-05,2026-05-14,gcrew,noaa_gefs,16,RH_percent_mean,9,54.3447254725865
gep16,00,2026-05-05,2026-05-14,gcrew,noaa_gefs,16,Rain_mm_sum,9,0
gep16,00,2026-05-05,2026-05-14,gcrew,noaa_gefs,16,ShortwaveRadiation_Wm2,9,409.2857142857143
gep16,00,2026-05-05,2026-05-14,gcrew,noaa_gefs,16,WindSpeed_ms_mean,9,4.204724101810366
gep16,00,2026-05-05,2026-05-15,gcrew,noaa_gefs,16,AirTemp_C_mean,10,13.895341491699241
gep16,00,2026-05-05,2026-05-15,gcrew,noaa_gefs,16,Pressure_Pa,10,101770.98828125
gep16,00,2026-05-05,2026-05-15,gcrew,noaa_gefs,16,RH_percent_mean,10,59.39558792114258
gep16,00,2026-05-05,2026-05-15,gcrew,noaa_gefs,16,Rain_mm_sum,10,0
gep16,00,2026-05-05,2026-05-15,gcrew,noaa_gefs,16,ShortwaveRadiation_Wm2,10,329.5
gep16,00,2026-05-05,2026-05-15,gcrew,noaa_gefs,16,WindSpeed_ms_mean,10,4.301648184988208
gep16,00,2026-05-05,2026-05-16,gcrew,noaa_gefs,16,AirTemp_C_mean,11,12.16132507324221
gep16,00,2026-05-05,2026-05-16,gcrew,noaa_gefs,16,Pressure_Pa,11,101347.048828125
gep16,00,2026-05-05,2026-05-16,gcrew,noaa_gefs,16,RH_percent_mean,11,85.79068565368652
gep16,00,2026-05-05,2026-05-16,gcrew,noaa_gefs,16,Rain_mm_sum,11,3.5000000596046448
gep16,00,2026-05-05,2026-05-16,gcrew,noaa_gefs,16,ShortwaveRadiation_Wm2,11,57.25
gep16,00,2026-05-05,2026-05-16,gcrew,noaa_gefs,16,WindSpeed_ms_mean,11,3.5957713274021446
gep16,00,2026-05-05,2026-05-17,gcrew,noaa_gefs,16,AirTemp_C_mean,12,12.39740905761721
gep16,00,2026-05-05,2026-05-17,gcrew,noaa_gefs,16,Pressure_Pa,12,101498.666015625
gep16,00,2026-05-05,2026-05-17,gcrew,noaa_gefs,16,RH_percent_mean,12,85.35811996459961
gep16,00,2026-05-05,2026-05-17,gcrew,noaa_gefs,16,Rain_mm_sum,12,12.600000239908695
gep16,00,2026-05-05,2026-05-17,gcrew,noaa_gefs,16,ShortwaveRadiation_Wm2,12,68.75
gep16,00,2026-05-05,2026-05-17,gcrew,noaa_gefs,16,WindSpeed_ms_mean,12,4.4423147677144765
gep16,00,2026-05-05,2026-05-18,gcrew,noaa_gefs,16,AirTemp_C_mean,13,12.796853637695335
gep16,00,2026-05-05,2026-05-18,gcrew,noaa_gefs,16,Pressure_Pa,13,102275.958984375
gep16,00,2026-05-05,2026-05-18,gcrew,noaa_gefs,16,RH_percent_mean,13,75.41705131530762
gep16,00,2026-05-05,2026-05-18,gcrew,noaa_gefs,16,Rain_mm_sum,13,3.5000000968575478
gep16,00,2026-05-05,2026-05-18,gcrew,noaa_gefs,16,ShortwaveRadiation_Wm2,13,67.25
gep16,00,2026-05-05,2026-05-18,gcrew,noaa_gefs,16,WindSpeed_ms_mean,13,4.947630717288071
gep16,00,2026-05-05,2026-05-19,gcrew,noaa_gefs,16,AirTemp_C_mean,14,15.980165100097679
gep16,00,2026-05-05,2026-05-19,gcrew,noaa_gefs,16,Pressure_Pa,14,101818.97265625
gep16,00,2026-05-05,2026-05-19,gcrew,noaa_gefs,16,RH_percent_mean,14,94.8867244720459
gep16,00,2026-05-05,2026-05-19,gcrew,noaa_gefs,16,Rain_mm_sum,14,13.600000202655792
gep16,00,2026-05-05,2026-05-19,gcrew,noaa_gefs,16,ShortwaveRadiation_Wm2,14,56.75
gep16,00,2026-05-05,2026-05-19,gcrew,noaa_gefs,16,WindSpeed_ms_mean,14,5.998326923740712
gep16,00,2026-05-05,2026-05-20,gcrew,noaa_gefs,16,AirTemp_C_mean,15,16.34876403808596
gep16,00,2026-05-05,2026-05-20,gcrew,noaa_gefs,16,Pressure_Pa,15,101606.828125
gep16,00,2026-05-05,2026-05-20,gcrew,noaa_gefs,16,RH_percent_mean,15,89.96279335021973
gep16,00,2026-05-05,2026-05-20,gcrew,noaa_gefs,16,Rain_mm_sum,15,0.9000000283122063
gep16,00,2026-05-05,2026-05-20,gcrew,noaa_gefs,16,ShortwaveRadiation_Wm2,15,66.75
gep16,00,2026-05-05,2026-05-20,gcrew,noaa_gefs,16,WindSpeed_ms_mean,15,5.274919119101563
gep16,00,2026-05-05,2026-05-21,gcrew,noaa_gefs,16,AirTemp_C_mean,16,17.079988098144554
gep16,00,2026-05-05,2026-05-21,gcrew,noaa_gefs,16,Pressure_Pa,16,101430.228515625
gep16,00,2026-05-05,2026-05-21,gcrew,noaa_gefs,16,RH_percent_mean,16,92.32025718688965
gep16,00,2026-05-05,2026-05-21,gcrew,noaa_gefs,16,Rain_mm_sum,16,3.6000001206994057
gep16,00,2026-05-05,2026-05-21,gcrew,noaa_gefs,16,ShortwaveRadiation_Wm2,16,134.75
gep16,00,2026-05-05,2026-05-21,gcrew,noaa_gefs,16,WindSpeed_ms_mean,16,4.749984768270614
gep16,00,2026-05-05,2026-05-22,gcrew,noaa_gefs,16,AirTemp_C_mean,17,19.45788726806643
gep16,00,2026-05-05,2026-05-22,gcrew,noaa_gefs,16,Pressure_Pa,17,101787.37109375
gep16,00,2026-05-05,2026-05-22,gcrew,noaa_gefs,16,RH_percent_mean,17,86.58370208740234
gep16,00,2026-05-05,2026-05-22,gcrew,noaa_gefs,16,Rain_mm_sum,17,0.10000000149011612
gep16,00,2026-05-05,2026-05-22,gcrew,noaa_gefs,16,ShortwaveRadiation_Wm2,17,329.5
gep16,00,2026-05-05,2026-05-22,gcrew,noaa_gefs,16,WindSpeed_ms_mean,17,3.421951902917886
gep16,00,2026-05-05,2026-05-23,gcrew,noaa_gefs,16,AirTemp_C_mean,18,19.32135925292971
gep16,00,2026-05-05,2026-05-23,gcrew,noaa_gefs,16,Pressure_Pa,18,102091.19140625
gep16,00,2026-05-05,2026-05-23,gcrew,noaa_gefs,16,RH_percent_mean,18,88.211029052734375
gep16,00,2026-05-05,2026-05-23,gcrew,noaa_gefs,16,Rain_mm_sum,18,0.30000000447034836
gep16,00,2026-05-05,2026-05-23,gcrew,noaa_gefs,16,ShortwaveRadiation_Wm2,18,304
gep16,00,2026-05-05,2026-05-23,gcrew,noaa_gefs,16,WindSpeed_ms_mean,18,2.9632516322381934
gep16,00,2026-05-05,2026-05-24,gcrew,noaa_gefs,16,AirTemp_C_mean,19,19.627183532714866
gep16,00,2026-05-05,2026-05-24,gcrew,noaa_gefs,16,Pressure_Pa,19,102131.763671875
gep16,00,2026-05-05,2026-05-24,gcrew,noaa_gefs,16,RH_percent_mean,19,88.8326587677002
gep16,00,2026-05-05,2026-05-24,gcrew,noaa_gefs,16,Rain_mm_sum,19,0.4000000059604645
gep16,00,2026-05-05,2026-05-24,gcrew,noaa_gefs,16,ShortwaveRadiation_Wm2,19,312.75
gep16,00,2026-05-05,2026-05-24,gcrew,noaa_gefs,16,WindSpeed_ms_mean,19,3.353299723512114
gep16,00,2026-05-05,2026-05-25,gcrew,noaa_gefs,16,AirTemp_C_mean,20,22.220193481445335
gep16,00,2026-05-05,2026-05-25,gcrew,noaa_gefs,16,Pressure_Pa,20,101920.87109375
gep16,00,2026-05-05,2026-05-25,gcrew,noaa_gefs,16,RH_percent_mean,20,80.57049751281738
gep16,00,2026-05-05,2026-05-25,gcrew,noaa_gefs,16,Rain_mm_sum,20,0
gep16,00,2026-05-05,2026-05-25,gcrew,noaa_gefs,16,ShortwaveRadiation_Wm2,20,332
gep16,00,2026-05-05,2026-05-25,gcrew,noaa_gefs,16,WindSpeed_ms_mean,20,2.332214280423385
gep16,00,2026-05-05,2026-05-26,gcrew,noaa_gefs,16,AirTemp_C_mean,21,23.644677734375023
gep16,00,2026-05-05,2026-05-26,gcrew,noaa_gefs,16,Pressure_Pa,21,101732.607421875
gep16,00,2026-05-05,2026-05-26,gcrew,noaa_gefs,16,RH_percent_mean,21,77.47503280639648
gep16,00,2026-05-05,2026-05-26,gcrew,noaa_gefs,16,Rain_mm_sum,21,0.30000000447034836
gep16,00,2026-05-05,2026-05-26,gcrew,noaa_gefs,16,ShortwaveRadiation_Wm2,21,329.75
gep16,00,2026-05-05,2026-05-26,gcrew,noaa_gefs,16,WindSpeed_ms_mean,21,3.7429728329099072
gep16,00,2026-05-05,2026-05-27,gcrew,noaa_gefs,16,AirTemp_C_mean,22,21.092683410644554
gep16,00,2026-05-05,2026-05-27,gcrew,noaa_gefs,16,Pressure_Pa,22,101740.51953125
gep16,00,2026-05-05,2026-05-27,gcrew,noaa_gefs,16,RH_percent_mean,22,84.3672924041748
gep16,00,2026-05-05,2026-05-27,gcrew,noaa_gefs,16,Rain_mm_sum,22,0
gep16,00,2026-05-05,2026-05-27,gcrew,noaa_gefs,16,ShortwaveRadiation_Wm2,22,312.5
gep16,00,2026-05-05,2026-05-27,gcrew,noaa_gefs,16,WindSpeed_ms_mean,22,2.700000293540816
gep16,00,2026-05-05,2026-05-28,gcrew,noaa_gefs,16,AirTemp_C_mean,23,23.88488922119143
gep16,00,2026-05-05,2026-05-28,gcrew,noaa_gefs,16,Pressure_Pa,23,101347.58984375
gep16,00,2026-05-05,2026-05-28,gcrew,noaa_gefs,16,RH_percent_mean,23,75.04574775695801
gep16,00,2026-05-05,2026-05-28,gcrew,noaa_gefs,16,Rain_mm_sum,23,0
gep16,00,2026-05-05,2026-05-28,gcrew,noaa_gefs,16,ShortwaveRadiation_Wm2,23,335.5
gep16,00,2026-05-05,2026-05-28,gcrew,noaa_gefs,16,WindSpeed_ms_mean,23,2.335344468510624
gep16,00,2026-05-05,2026-05-29,gcrew,noaa_gefs,16,AirTemp_C_mean,24,24.74714050292971
gep16,00,2026-05-05,2026-05-29,gcrew,noaa_gefs,16,Pressure_Pa,24,101476.5703125
gep16,00,2026-05-05,2026-05-29,gcrew,noaa_gefs,16,RH_percent_mean,24,72.64131832122803
gep16,00,2026-05-05,2026-05-29,gcrew,noaa_gefs,16,Rain_mm_sum,24,0
gep16,00,2026-05-05,2026-05-29,gcrew,noaa_gefs,16,ShortwaveRadiation_Wm2,24,336
gep16,00,2026-05-05,2026-05-29,gcrew,noaa_gefs,16,WindSpeed_ms_mean,24,1.9586284146796837
gep16,00,2026-05-05,2026-05-30,gcrew,noaa_gefs,16,AirTemp_C_mean,25,24.066796875000023
gep16,00,2026-05-05,2026-05-30,gcrew,noaa_gefs,16,Pressure_Pa,25,101384.1875
gep16,00,2026-05-05,2026-05-30,gcrew,noaa_gefs,16,RH_percent_mean,25,71.36553287506104
gep16,00,2026-05-05,2026-05-30,gcrew,noaa_gefs,16,Rain_mm_sum,25,2.100000001490116
gep16,00,2026-05-05,2026-05-30,gcrew,noaa_gefs,16,ShortwaveRadiation_Wm2,25,336.25
gep16,00,2026-05-05,2026-05-30,gcrew,noaa_gefs,16,WindSpeed_ms_mean,25,2.5700304546198396
gep16,00,2026-05-05,2026-05-31,gcrew,noaa_gefs,16,AirTemp_C_mean,26,20.107537841796898
gep16,00,2026-05-05,2026-05-31,gcrew,noaa_gefs,16,Pressure_Pa,26,101421.41015625
gep16,00,2026-05-05,2026-05-31,gcrew,noaa_gefs,16,RH_percent_mean,26,79.97546768188477
gep16,00,2026-05-05,2026-05-31,gcrew,noaa_gefs,16,Rain_mm_sum,26,7.199999928474426
gep16,00,2026-05-05,2026-05-31,gcrew,noaa_gefs,16,ShortwaveRadiation_Wm2,26,204.5
gep16,00,2026-05-05,2026-05-31,gcrew,noaa_gefs,16,WindSpeed_ms_mean,26,4.440413293057745
gep16,00,2026-05-05,2026-06-01,gcrew,noaa_gefs,16,AirTemp_C_mean,27,18.903489685058616
gep16,00,2026-05-05,2026-06-01,gcrew,noaa_gefs,16,Pressure_Pa,27,101613.822265625
gep16,00,2026-05-05,2026-06-01,gcrew,noaa_gefs,16,RH_percent_mean,27,79.74879264831543
gep16,00,2026-05-05,2026-06-01,gcrew,noaa_gefs,16,Rain_mm_sum,27,0.20000000298023224
gep16,00,2026-05-05,2026-06-01,gcrew,noaa_gefs,16,ShortwaveRadiation_Wm2,27,202
gep16,00,2026-05-05,2026-06-01,gcrew,noaa_gefs,16,WindSpeed_ms_mean,27,2.8618370667271793
gep16,00,2026-05-05,2026-06-02,gcrew,noaa_gefs,16,AirTemp_C_mean,28,23.729150390625023
gep16,00,2026-05-05,2026-06-02,gcrew,noaa_gefs,16,Pressure_Pa,28,101406.4609375
gep16,00,2026-05-05,2026-06-02,gcrew,noaa_gefs,16,RH_percent_mean,28,75.83053302764893
gep16,00,2026-05-05,2026-06-02,gcrew,noaa_gefs,16,Rain_mm_sum,28,4.800000190734863
gep16,00,2026-05-05,2026-06-02,gcrew,noaa_gefs,16,ShortwaveRadiation_Wm2,28,303.25
gep16,00,2026-05-05,2026-06-02,gcrew,noaa_gefs,16,WindSpeed_ms_mean,28,5.180342789756921
gep16,00,2026-05-05,2026-06-03,gcrew,noaa_gefs,16,AirTemp_C_mean,29,22.64240417480471
gep16,00,2026-05-05,2026-06-03,gcrew,noaa_gefs,16,Pressure_Pa,29,101480.6875
gep16,00,2026-05-05,2026-06-03,gcrew,noaa_gefs,16,RH_percent_mean,29,91.867095947265625
gep16,00,2026-05-05,2026-06-03,gcrew,noaa_gefs,16,Rain_mm_sum,29,24.700000166893005
gep16,00,2026-05-05,2026-06-03,gcrew,noaa_gefs,16,ShortwaveRadiation_Wm2,29,176
gep16,00,2026-05-05,2026-06-03,gcrew,noaa_gefs,16,WindSpeed_ms_mean,29,2.8103379804635074
gep16,00,2026-05-05,2026-06-04,gcrew,noaa_gefs,16,AirTemp_C_mean,30,21.24726257324221
gep16,00,2026-05-05,2026-06-04,gcrew,noaa_gefs,16,Pressure_Pa,30,100902.5
gep16,00,2026-05-05,2026-06-04,gcrew,noaa_gefs,16,RH_percent_mean,30,94.49777412414551
gep16,00,2026-05-05,2026-06-04,gcrew,noaa_gefs,16,Rain_mm_sum,30,15.800000429153442
gep16,00,2026-05-05,2026-06-04,gcrew,noaa_gefs,16,ShortwaveRadiation_Wm2,30,96
gep16,00,2026-05-05,2026-06-04,gcrew,noaa_gefs,16,WindSpeed_ms_mean,30,3.624733268214592
gep16,00,2026-05-05,2026-06-05,gcrew,noaa_gefs,16,AirTemp_C_mean,31,17.98151550292971
gep16,00,2026-05-05,2026-06-05,gcrew,noaa_gefs,16,Pressure_Pa,31,101233.8671875
gep16,00,2026-05-05,2026-06-05,gcrew,noaa_gefs,16,RH_percent_mean,31,85.09179496765137
gep16,00,2026-05-05,2026-06-05,gcrew,noaa_gefs,16,Rain_mm_sum,31,0
gep16,00,2026-05-05,2026-06-05,gcrew,noaa_gefs,16,ShortwaveRadiation_Wm2,31,204
gep16,00,2026-05-05,2026-06-05,gcrew,noaa_gefs,16,WindSpeed_ms_mean,31,3.6137171777527146
gep16,00,2026-05-05,2026-06-06,gcrew,noaa_gefs,16,AirTemp_C_mean,32,18.68531188964846
gep16,00,2026-05-05,2026-06-06,gcrew,noaa_gefs,16,Pressure_Pa,32,101418.689453125
gep16,00,2026-05-05,2026-06-06,gcrew,noaa_gefs,16,RH_percent_mean,32,90.20104598999023
gep16,00,2026-05-05,2026-06-06,gcrew,noaa_gefs,16,Rain_mm_sum,32,0.30000000447034836
gep16,00,2026-05-05,2026-06-06,gcrew,noaa_gefs,16,ShortwaveRadiation_Wm2,32,107.25
gep16,00,2026-05-05,2026-06-06,gcrew,noaa_gefs,16,WindSpeed_ms_mean,32,3.7730996520469398
gep16,00,2026-05-05,2026-06-07,gcrew,noaa_gefs,16,AirTemp_C_mean,33,24.139627075195335
gep16,00,2026-05-05,2026-06-07,gcrew,noaa_gefs,16,Pressure_Pa,33,100801.1328125
gep16,00,2026-05-05,2026-06-07,gcrew,noaa_gefs,16,RH_percent_mean,33,81.9941577911377
gep16,00,2026-05-05,2026-06-07,gcrew,noaa_gefs,16,Rain_mm_sum,33,12.999999798834324
gep16,00,2026-05-05,2026-06-07,gcrew,noaa_gefs,16,ShortwaveRadiation_Wm2,33,304.5
gep16,00,2026-05-05,2026-06-07,gcrew,noaa_gefs,16,WindSpeed_ms_mean,33,5.214782697026351
gep16,00,2026-05-05,2026-06-08,gcrew,noaa_gefs,16,AirTemp_C_mean,34,26.755662536621116
gep16,00,2026-05-05,2026-06-08,gcrew,noaa_gefs,16,Pressure_Pa,34,100443.1796875
gep16,00,2026-05-05,2026-06-08,gcrew,noaa_gefs,16,RH_percent_mean,34,68.95762729644775
gep16,00,2026-05-05,2026-06-08,gcrew,noaa_gefs,16,Rain_mm_sum,34,0.4000000134110451
gep16,00,2026-05-05,2026-06-08,gcrew,noaa_gefs,16,ShortwaveRadiation_Wm2,34,343
gep16,00,2026-05-05,2026-06-08,gcrew,noaa_gefs,16,WindSpeed_ms_mean,34,4.0934983365823845
gep17,00,2026-05-05,2026-05-06,gcrew,noaa_gefs,17,AirTemp_C_mean,1,18.317830657959007
gep17,00,2026-05-05,2026-05-06,gcrew,noaa_gefs,17,Pressure_Pa,1,100742.3876953125
gep17,00,2026-05-05,2026-05-06,gcrew,noaa_gefs,17,RH_percent_mean,1,73.999520778656
gep17,00,2026-05-05,2026-05-06,gcrew,noaa_gefs,17,Rain_mm_sum,1,2.9600000381469727
gep17,00,2026-05-05,2026-05-06,gcrew,noaa_gefs,17,ShortwaveRadiation_Wm2,1,112.5
gep17,00,2026-05-05,2026-05-06,gcrew,noaa_gefs,17,WindSpeed_ms_mean,1,7.9482961228732085
gep17,00,2026-05-05,2026-05-07,gcrew,noaa_gefs,17,AirTemp_C_mean,2,13.421441650390648
gep17,00,2026-05-05,2026-05-07,gcrew,noaa_gefs,17,Pressure_Pa,2,100609.435546875
gep17,00,2026-05-05,2026-05-07,gcrew,noaa_gefs,17,RH_percent_mean,2,79.55949878692627
gep17,00,2026-05-05,2026-05-07,gcrew,noaa_gefs,17,Rain_mm_sum,2,3.900000110268593
gep17,00,2026-05-05,2026-05-07,gcrew,noaa_gefs,17,ShortwaveRadiation_Wm2,2,80.875
gep17,00,2026-05-05,2026-05-07,gcrew,noaa_gefs,17,WindSpeed_ms_mean,2,3.7877215286509998
gep17,00,2026-05-05,2026-05-08,gcrew,noaa_gefs,17,AirTemp_C_mean,3,13.444238281250023
gep17,00,2026-05-05,2026-05-08,gcrew,noaa_gefs,17,Pressure_Pa,3,101029.4677734375
gep17,00,2026-05-05,2026-05-08,gcrew,noaa_gefs,17,RH_percent_mean,3,59.61912775039673
gep17,00,2026-05-05,2026-05-08,gcrew,noaa_gefs,17,Rain_mm_sum,3,0
gep17,00,2026-05-05,2026-05-08,gcrew,noaa_gefs,17,ShortwaveRadiation_Wm2,3,310.125
gep17,00,2026-05-05,2026-05-08,gcrew,noaa_gefs,17,WindSpeed_ms_mean,3,4.101767998187636
gep17,00,2026-05-05,2026-05-09,gcrew,noaa_gefs,17,AirTemp_C_mean,4,14.683034515380882
gep17,00,2026-05-05,2026-05-09,gcrew,noaa_gefs,17,Pressure_Pa,4,100504.6123046875
gep17,00,2026-05-05,2026-05-09,gcrew,noaa_gefs,17,RH_percent_mean,4,69.38001728057861
gep17,00,2026-05-05,2026-05-09,gcrew,noaa_gefs,17,Rain_mm_sum,4,3.40000007301569
gep17,00,2026-05-05,2026-05-09,gcrew,noaa_gefs,17,ShortwaveRadiation_Wm2,4,223.375
gep17,00,2026-05-05,2026-05-09,gcrew,noaa_gefs,17,WindSpeed_ms_mean,4,6.089498847817228
gep17,00,2026-05-05,2026-05-10,gcrew,noaa_gefs,17,AirTemp_C_mean,5,14.039365386962913
gep17,00,2026-05-05,2026-05-10,gcrew,noaa_gefs,17,Pressure_Pa,5,101038.7626953125
gep17,00,2026-05-05,2026-05-10,gcrew,noaa_gefs,17,RH_percent_mean,5,62.28422451019287
gep17,00,2026-05-05,2026-05-10,gcrew,noaa_gefs,17,Rain_mm_sum,5,0.4000000059604645
gep17,00,2026-05-05,2026-05-10,gcrew,noaa_gefs,17,ShortwaveRadiation_Wm2,5,321.875
gep17,00,2026-05-05,2026-05-10,gcrew,noaa_gefs,17,WindSpeed_ms_mean,5,4.465990950670339
gep17,00,2026-05-05,2026-05-11,gcrew,noaa_gefs,17,AirTemp_C_mean,6,15.007703399658226
gep17,00,2026-05-05,2026-05-11,gcrew,noaa_gefs,17,Pressure_Pa,6,100972.99609375
gep17,00,2026-05-05,2026-05-11,gcrew,noaa_gefs,17,RH_percent_mean,6,83.72281455993652
gep17,00,2026-05-05,2026-05-11,gcrew,noaa_gefs,17,Rain_mm_sum,6,10.500000238418579
gep17,00,2026-05-05,2026-05-11,gcrew,noaa_gefs,17,ShortwaveRadiation_Wm2,6,318.375
gep17,00,2026-05-05,2026-05-11,gcrew,noaa_gefs,17,WindSpeed_ms_mean,6,3.020219501521629
gep17,00,2026-05-05,2026-05-12,gcrew,noaa_gefs,17,AirTemp_C_mean,7,16.333001708984398
gep17,00,2026-05-05,2026-05-12,gcrew,noaa_gefs,17,Pressure_Pa,7,100487.9833984375
gep17,00,2026-05-05,2026-05-12,gcrew,noaa_gefs,17,RH_percent_mean,7,91.72346305847168
gep17,00,2026-05-05,2026-05-12,gcrew,noaa_gefs,17,Rain_mm_sum,7,22.080000452697277
gep17,00,2026-05-05,2026-05-12,gcrew,noaa_gefs,17,ShortwaveRadiation_Wm2,7,141.625
gep17,00,2026-05-05,2026-05-12,gcrew,noaa_gefs,17,WindSpeed_ms_mean,7,4.752930619586684
gep17,00,2026-05-05,2026-05-13,gcrew,noaa_gefs,17,AirTemp_C_mean,8,13.859941101074241
gep17,00,2026-05-05,2026-05-13,gcrew,noaa_gefs,17,Pressure_Pa,8,100950.2314453125
gep17,00,2026-05-05,2026-05-13,gcrew,noaa_gefs,17,RH_percent_mean,8,60.64580154418945
gep17,00,2026-05-05,2026-05-13,gcrew,noaa_gefs,17,Rain_mm_sum,8,0.699999988079071
gep17,00,2026-05-05,2026-05-13,gcrew,noaa_gefs,17,ShortwaveRadiation_Wm2,8,357.5
gep17,00,2026-05-05,2026-05-13,gcrew,noaa_gefs,17,WindSpeed_ms_mean,8,5.016160868788954
gep17,00,2026-05-05,2026-05-14,gcrew,noaa_gefs,17,AirTemp_C_mean,9,13.323288399832611
gep17,00,2026-05-05,2026-05-14,gcrew,noaa_gefs,17,Pressure_Pa,9,101724.66852678571
gep17,00,2026-05-05,2026-05-14,gcrew,noaa_gefs,17,RH_percent_mean,9,54.3447254725865
gep17,00,2026-05-05,2026-05-14,gcrew,noaa_gefs,17,Rain_mm_sum,9,0
gep17,00,2026-05-05,2026-05-14,gcrew,noaa_gefs,17,ShortwaveRadiation_Wm2,9,409.2857142857143
gep17,00,2026-05-05,2026-05-14,gcrew,noaa_gefs,17,WindSpeed_ms_mean,9,4.204724101810366
gep17,00,2026-05-05,2026-05-15,gcrew,noaa_gefs,17,AirTemp_C_mean,10,13.895341491699241
gep17,00,2026-05-05,2026-05-15,gcrew,noaa_gefs,17,Pressure_Pa,10,101770.98828125
gep17,00,2026-05-05,2026-05-15,gcrew,noaa_gefs,17,RH_percent_mean,10,59.39558792114258
gep17,00,2026-05-05,2026-05-15,gcrew,noaa_gefs,17,Rain_mm_sum,10,0
gep17,00,2026-05-05,2026-05-15,gcrew,noaa_gefs,17,ShortwaveRadiation_Wm2,10,329.5
gep17,00,2026-05-05,2026-05-15,gcrew,noaa_gefs,17,WindSpeed_ms_mean,10,4.301648184988208
gep17,00,2026-05-05,2026-05-16,gcrew,noaa_gefs,17,AirTemp_C_mean,11,12.16132507324221
gep17,00,2026-05-05,2026-05-16,gcrew,noaa_gefs,17,Pressure_Pa,11,101347.048828125
gep17,00,2026-05-05,2026-05-16,gcrew,noaa_gefs,17,RH_percent_mean,11,85.79068565368652
gep17,00,2026-05-05,2026-05-16,gcrew,noaa_gefs,17,Rain_mm_sum,11,3.5000000596046448
gep17,00,2026-05-05,2026-05-16,gcrew,noaa_gefs,17,ShortwaveRadiation_Wm2,11,57.25
gep17,00,2026-05-05,2026-05-16,gcrew,noaa_gefs,17,WindSpeed_ms_mean,11,3.5957713274021446
gep17,00,2026-05-05,2026-05-17,gcrew,noaa_gefs,17,AirTemp_C_mean,12,12.39740905761721
gep17,00,2026-05-05,2026-05-17,gcrew,noaa_gefs,17,Pressure_Pa,12,101498.666015625
gep17,00,2026-05-05,2026-05-17,gcrew,noaa_gefs,17,RH_percent_mean,12,85.35811996459961
gep17,00,2026-05-05,2026-05-17,gcrew,noaa_gefs,17,Rain_mm_sum,12,12.600000239908695
gep17,00,2026-05-05,2026-05-17,gcrew,noaa_gefs,17,ShortwaveRadiation_Wm2,12,68.75
gep17,00,2026-05-05,2026-05-17,gcrew,noaa_gefs,17,WindSpeed_ms_mean,12,4.4423147677144765
gep17,00,2026-05-05,2026-05-18,gcrew,noaa_gefs,17,AirTemp_C_mean,13,12.796853637695335
gep17,00,2026-05-05,2026-05-18,gcrew,noaa_gefs,17,Pressure_Pa,13,102275.958984375
gep17,00,2026-05-05,2026-05-18,gcrew,noaa_gefs,17,RH_percent_mean,13,75.41705131530762
gep17,00,2026-05-05,2026-05-18,gcrew,noaa_gefs,17,Rain_mm_sum,13,3.5000000968575478
gep17,00,2026-05-05,2026-05-18,gcrew,noaa_gefs,17,ShortwaveRadiation_Wm2,13,67.25
gep17,00,2026-05-05,2026-05-18,gcrew,noaa_gefs,17,WindSpeed_ms_mean,13,4.947630717288071
gep17,00,2026-05-05,2026-05-19,gcrew,noaa_gefs,17,AirTemp_C_mean,14,15.980165100097679
gep17,00,2026-05-05,2026-05-19,gcrew,noaa_gefs,17,Pressure_Pa,14,101818.97265625
gep17,00,2026-05-05,2026-05-19,gcrew,noaa_gefs,17,RH_percent_mean,14,94.8867244720459
gep17,00,2026-05-05,2026-05-19,gcrew,noaa_gefs,17,Rain_mm_sum,14,13.600000202655792
gep17,00,2026-05-05,2026-05-19,gcrew,noaa_gefs,17,ShortwaveRadiation_Wm2,14,56.75
gep17,00,2026-05-05,2026-05-19,gcrew,noaa_gefs,17,WindSpeed_ms_mean,14,5.998326923740712
gep17,00,2026-05-05,2026-05-20,gcrew,noaa_gefs,17,AirTemp_C_mean,15,16.34876403808596
gep17,00,2026-05-05,2026-05-20,gcrew,noaa_gefs,17,Pressure_Pa,15,101606.828125
gep17,00,2026-05-05,2026-05-20,gcrew,noaa_gefs,17,RH_percent_mean,15,89.96279335021973
gep17,00,2026-05-05,2026-05-20,gcrew,noaa_gefs,17,Rain_mm_sum,15,0.9000000283122063
gep17,00,2026-05-05,2026-05-20,gcrew,noaa_gefs,17,ShortwaveRadiation_Wm2,15,66.75
gep17,00,2026-05-05,2026-05-20,gcrew,noaa_gefs,17,WindSpeed_ms_mean,15,5.274919119101563
gep17,00,2026-05-05,2026-05-21,gcrew,noaa_gefs,17,AirTemp_C_mean,16,17.079988098144554
gep17,00,2026-05-05,2026-05-21,gcrew,noaa_gefs,17,Pressure_Pa,16,101430.228515625
gep17,00,2026-05-05,2026-05-21,gcrew,noaa_gefs,17,RH_percent_mean,16,92.32025718688965
gep17,00,2026-05-05,2026-05-21,gcrew,noaa_gefs,17,Rain_mm_sum,16,3.6000001206994057
gep17,00,2026-05-05,2026-05-21,gcrew,noaa_gefs,17,ShortwaveRadiation_Wm2,16,134.75
gep17,00,2026-05-05,2026-05-21,gcrew,noaa_gefs,17,WindSpeed_ms_mean,16,4.749984768270614
gep17,00,2026-05-05,2026-05-22,gcrew,noaa_gefs,17,AirTemp_C_mean,17,19.45788726806643
gep17,00,2026-05-05,2026-05-22,gcrew,noaa_gefs,17,Pressure_Pa,17,101787.37109375
gep17,00,2026-05-05,2026-05-22,gcrew,noaa_gefs,17,RH_percent_mean,17,86.58370208740234
gep17,00,2026-05-05,2026-05-22,gcrew,noaa_gefs,17,Rain_mm_sum,17,0.10000000149011612
gep17,00,2026-05-05,2026-05-22,gcrew,noaa_gefs,17,ShortwaveRadiation_Wm2,17,329.5
gep17,00,2026-05-05,2026-05-22,gcrew,noaa_gefs,17,WindSpeed_ms_mean,17,3.421951902917886
gep17,00,2026-05-05,2026-05-23,gcrew,noaa_gefs,17,AirTemp_C_mean,18,19.32135925292971
gep17,00,2026-05-05,2026-05-23,gcrew,noaa_gefs,17,Pressure_Pa,18,102091.19140625
gep17,00,2026-05-05,2026-05-23,gcrew,noaa_gefs,17,RH_percent_mean,18,88.211029052734375
gep17,00,2026-05-05,2026-05-23,gcrew,noaa_gefs,17,Rain_mm_sum,18,0.30000000447034836
gep17,00,2026-05-05,2026-05-23,gcrew,noaa_gefs,17,ShortwaveRadiation_Wm2,18,304
gep17,00,2026-05-05,2026-05-23,gcrew,noaa_gefs,17,WindSpeed_ms_mean,18,2.9632516322381934
gep17,00,2026-05-05,2026-05-24,gcrew,noaa_gefs,17,AirTemp_C_mean,19,19.627183532714866
gep17,00,2026-05-05,2026-05-24,gcrew,noaa_gefs,17,Pressure_Pa,19,102131.763671875
gep17,00,2026-05-05,2026-05-24,gcrew,noaa_gefs,17,RH_percent_mean,19,88.8326587677002
gep17,00,2026-05-05,2026-05-24,gcrew,noaa_gefs,17,Rain_mm_sum,19,0.4000000059604645
gep17,00,2026-05-05,2026-05-24,gcrew,noaa_gefs,17,ShortwaveRadiation_Wm2,19,312.75
gep17,00,2026-05-05,2026-05-24,gcrew,noaa_gefs,17,WindSpeed_ms_mean,19,3.353299723512114
gep17,00,2026-05-05,2026-05-25,gcrew,noaa_gefs,17,AirTemp_C_mean,20,22.220193481445335
gep17,00,2026-05-05,2026-05-25,gcrew,noaa_gefs,17,Pressure_Pa,20,101920.87109375
gep17,00,2026-05-05,2026-05-25,gcrew,noaa_gefs,17,RH_percent_mean,20,80.57049751281738
gep17,00,2026-05-05,2026-05-25,gcrew,noaa_gefs,17,Rain_mm_sum,20,0
gep17,00,2026-05-05,2026-05-25,gcrew,noaa_gefs,17,ShortwaveRadiation_Wm2,20,332
gep17,00,2026-05-05,2026-05-25,gcrew,noaa_gefs,17,WindSpeed_ms_mean,20,2.332214280423385
gep17,00,2026-05-05,2026-05-26,gcrew,noaa_gefs,17,AirTemp_C_mean,21,23.644677734375023
gep17,00,2026-05-05,2026-05-26,gcrew,noaa_gefs,17,Pressure_Pa,21,101732.607421875
gep17,00,2026-05-05,2026-05-26,gcrew,noaa_gefs,17,RH_percent_mean,21,77.47503280639648
gep17,00,2026-05-05,2026-05-26,gcrew,noaa_gefs,17,Rain_mm_sum,21,0.30000000447034836
gep17,00,2026-05-05,2026-05-26,gcrew,noaa_gefs,17,ShortwaveRadiation_Wm2,21,329.75
gep17,00,2026-05-05,2026-05-26,gcrew,noaa_gefs,17,WindSpeed_ms_mean,21,3.7429728329099072
gep17,00,2026-05-05,2026-05-27,gcrew,noaa_gefs,17,AirTemp_C_mean,22,21.092683410644554
gep17,00,2026-05-05,2026-05-27,gcrew,noaa_gefs,17,Pressure_Pa,22,101740.51953125
gep17,00,2026-05-05,2026-05-27,gcrew,noaa_gefs,17,RH_percent_mean,22,84.3672924041748
gep17,00,2026-05-05,2026-05-27,gcrew,noaa_gefs,17,Rain_mm_sum,22,0
gep17,00,2026-05-05,2026-05-27,gcrew,noaa_gefs,17,ShortwaveRadiation_Wm2,22,312.5
gep17,00,2026-05-05,2026-05-27,gcrew,noaa_gefs,17,WindSpeed_ms_mean,22,2.700000293540816
gep17,00,2026-05-05,2026-05-28,gcrew,noaa_gefs,17,AirTemp_C_mean,23,23.88488922119143
gep17,00,2026-05-05,2026-05-28,gcrew,noaa_gefs,17,Pressure_Pa,23,101347.58984375
gep17,00,2026-05-05,2026-05-28,gcrew,noaa_gefs,17,RH_percent_mean,23,75.04574775695801
gep17,00,2026-05-05,2026-05-28,gcrew,noaa_gefs,17,Rain_mm_sum,23,0
gep17,00,2026-05-05,2026-05-28,gcrew,noaa_gefs,17,ShortwaveRadiation_Wm2,23,335.5
gep17,00,2026-05-05,2026-05-28,gcrew,noaa_gefs,17,WindSpeed_ms_mean,23,2.335344468510624
gep17,00,2026-05-05,2026-05-29,gcrew,noaa_gefs,17,AirTemp_C_mean,24,24.74714050292971
gep17,00,2026-05-05,2026-05-29,gcrew,noaa_gefs,17,Pressure_Pa,24,101476.5703125
gep17,00,2026-05-05,2026-05-29,gcrew,noaa_gefs,17,RH_percent_mean,24,72.64131832122803
gep17,00,2026-05-05,2026-05-29,gcrew,noaa_gefs,17,Rain_mm_sum,24,0
gep17,00,2026-05-05,2026-05-29,gcrew,noaa_gefs,17,ShortwaveRadiation_Wm2,24,336
gep17,00,2026-05-05,2026-05-29,gcrew,noaa_gefs,17,WindSpeed_ms_mean,24,1.9586284146796837
gep17,00,2026-05-05,2026-05-30,gcrew,noaa_gefs,17,AirTemp_C_mean,25,24.066796875000023
gep17,00,2026-05-05,2026-05-30,gcrew,noaa_gefs,17,Pressure_Pa,25,101384.1875
gep17,00,2026-05-05,2026-05-30,gcrew,noaa_gefs,17,RH_percent_mean,25,71.36553287506104
gep17,00,2026-05-05,2026-05-30,gcrew,noaa_gefs,17,Rain_mm_sum,25,2.100000001490116
gep17,00,2026-05-05,2026-05-30,gcrew,noaa_gefs,17,ShortwaveRadiation_Wm2,25,336.25
gep17,00,2026-05-05,2026-05-30,gcrew,noaa_gefs,17,WindSpeed_ms_mean,25,2.5700304546198396
gep17,00,2026-05-05,2026-05-31,gcrew,noaa_gefs,17,AirTemp_C_mean,26,20.107537841796898
gep17,00,2026-05-05,2026-05-31,gcrew,noaa_gefs,17,Pressure_Pa,26,101421.41015625
gep17,00,2026-05-05,2026-05-31,gcrew,noaa_gefs,17,RH_percent_mean,26,79.97546768188477
gep17,00,2026-05-05,2026-05-31,gcrew,noaa_gefs,17,Rain_mm_sum,26,7.199999928474426
gep17,00,2026-05-05,2026-05-31,gcrew,noaa_gefs,17,ShortwaveRadiation_Wm2,26,204.5
gep17,00,2026-05-05,2026-05-31,gcrew,noaa_gefs,17,WindSpeed_ms_mean,26,4.440413293057745
gep17,00,2026-05-05,2026-06-01,gcrew,noaa_gefs,17,AirTemp_C_mean,27,18.903489685058616
gep17,00,2026-05-05,2026-06-01,gcrew,noaa_gefs,17,Pressure_Pa,27,101613.822265625
gep17,00,2026-05-05,2026-06-01,gcrew,noaa_gefs,17,RH_percent_mean,27,79.74879264831543
gep17,00,2026-05-05,2026-06-01,gcrew,noaa_gefs,17,Rain_mm_sum,27,0.20000000298023224
gep17,00,2026-05-05,2026-06-01,gcrew,noaa_gefs,17,ShortwaveRadiation_Wm2,27,202
gep17,00,2026-05-05,2026-06-01,gcrew,noaa_gefs,17,WindSpeed_ms_mean,27,2.8618370667271793
gep17,00,2026-05-05,2026-06-02,gcrew,noaa_gefs,17,AirTemp_C_mean,28,23.729150390625023
gep17,00,2026-05-05,2026-06-02,gcrew,noaa_gefs,17,Pressure_Pa,28,101406.4609375
gep17,00,2026-05-05,2026-06-02,gcrew,noaa_gefs,17,RH_percent_mean,28,75.83053302764893
gep17,00,2026-05-05,2026-06-02,gcrew,noaa_gefs,17,Rain_mm_sum,28,4.800000190734863
gep17,00,2026-05-05,2026-06-02,gcrew,noaa_gefs,17,ShortwaveRadiation_Wm2,28,303.25
gep17,00,2026-05-05,2026-06-02,gcrew,noaa_gefs,17,WindSpeed_ms_mean,28,5.180342789756921
gep17,00,2026-05-05,2026-06-03,gcrew,noaa_gefs,17,AirTemp_C_mean,29,22.64240417480471
gep17,00,2026-05-05,2026-06-03,gcrew,noaa_gefs,17,Pressure_Pa,29,101480.6875
gep17,00,2026-05-05,2026-06-03,gcrew,noaa_gefs,17,RH_percent_mean,29,91.867095947265625
gep17,00,2026-05-05,2026-06-03,gcrew,noaa_gefs,17,Rain_mm_sum,29,24.700000166893005
gep17,00,2026-05-05,2026-06-03,gcrew,noaa_gefs,17,ShortwaveRadiation_Wm2,29,176
gep17,00,2026-05-05,2026-06-03,gcrew,noaa_gefs,17,WindSpeed_ms_mean,29,2.8103379804635074
gep17,00,2026-05-05,2026-06-04,gcrew,noaa_gefs,17,AirTemp_C_mean,30,21.24726257324221
gep17,00,2026-05-05,2026-06-04,gcrew,noaa_gefs,17,Pressure_Pa,30,100902.5
gep17,00,2026-05-05,2026-06-04,gcrew,noaa_gefs,17,RH_percent_mean,30,94.49777412414551
gep17,00,2026-05-05,2026-06-04,gcrew,noaa_gefs,17,Rain_mm_sum,30,15.800000429153442
gep17,00,2026-05-05,2026-06-04,gcrew,noaa_gefs,17,ShortwaveRadiation_Wm2,30,96
gep17,00,2026-05-05,2026-06-04,gcrew,noaa_gefs,17,WindSpeed_ms_mean,30,3.624733268214592
gep17,00,2026-05-05,2026-06-05,gcrew,noaa_gefs,17,AirTemp_C_mean,31,17.98151550292971
gep17,00,2026-05-05,2026-06-05,gcrew,noaa_gefs,17,Pressure_Pa,31,101233.8671875
gep17,00,2026-05-05,2026-06-05,gcrew,noaa_gefs,17,RH_percent_mean,31,85.09179496765137
gep17,00,2026-05-05,2026-06-05,gcrew,noaa_gefs,17,Rain_mm_sum,31,0
gep17,00,2026-05-05,2026-06-05,gcrew,noaa_gefs,17,ShortwaveRadiation_Wm2,31,204
gep17,00,2026-05-05,2026-06-05,gcrew,noaa_gefs,17,WindSpeed_ms_mean,31,3.6137171777527146
gep17,00,2026-05-05,2026-06-06,gcrew,noaa_gefs,17,AirTemp_C_mean,32,18.68531188964846
gep17,00,2026-05-05,2026-06-06,gcrew,noaa_gefs,17,Pressure_Pa,32,101418.689453125
gep17,00,2026-05-05,2026-06-06,gcrew,noaa_gefs,17,RH_percent_mean,32,90.20104598999023
gep17,00,2026-05-05,2026-06-06,gcrew,noaa_gefs,17,Rain_mm_sum,32,0.30000000447034836
gep17,00,2026-05-05,2026-06-06,gcrew,noaa_gefs,17,ShortwaveRadiation_Wm2,32,107.25
gep17,00,2026-05-05,2026-06-06,gcrew,noaa_gefs,17,WindSpeed_ms_mean,32,3.7730996520469398
gep17,00,2026-05-05,2026-06-07,gcrew,noaa_gefs,17,AirTemp_C_mean,33,24.139627075195335
gep17,00,2026-05-05,2026-06-07,gcrew,noaa_gefs,17,Pressure_Pa,33,100801.1328125
gep17,00,2026-05-05,2026-06-07,gcrew,noaa_gefs,17,RH_percent_mean,33,81.9941577911377
gep17,00,2026-05-05,2026-06-07,gcrew,noaa_gefs,17,Rain_mm_sum,33,12.999999798834324
gep17,00,2026-05-05,2026-06-07,gcrew,noaa_gefs,17,ShortwaveRadiation_Wm2,33,304.5
gep17,00,2026-05-05,2026-06-07,gcrew,noaa_gefs,17,WindSpeed_ms_mean,33,5.214782697026351
gep17,00,2026-05-05,2026-06-08,gcrew,noaa_gefs,17,AirTemp_C_mean,34,26.755662536621116
gep17,00,2026-05-05,2026-06-08,gcrew,noaa_gefs,17,Pressure_Pa,34,100443.1796875
gep17,00,2026-05-05,2026-06-08,gcrew,noaa_gefs,17,RH_percent_mean,34,68.95762729644775
gep17,00,2026-05-05,2026-06-08,gcrew,noaa_gefs,17,Rain_mm_sum,34,0.4000000134110451
gep17,00,2026-05-05,2026-06-08,gcrew,noaa_gefs,17,ShortwaveRadiation_Wm2,34,343
gep17,00,2026-05-05,2026-06-08,gcrew,noaa_gefs,17,WindSpeed_ms_mean,34,4.0934983365823845
gep18,00,2026-05-05,2026-05-06,gcrew,noaa_gefs,18,AirTemp_C_mean,1,18.317830657959007
gep18,00,2026-05-05,2026-05-06,gcrew,noaa_gefs,18,Pressure_Pa,1,100742.3876953125
gep18,00,2026-05-05,2026-05-06,gcrew,noaa_gefs,18,RH_percent_mean,1,73.999520778656
gep18,00,2026-05-05,2026-05-06,gcrew,noaa_gefs,18,Rain_mm_sum,1,2.9600000381469727
gep18,00,2026-05-05,2026-05-06,gcrew,noaa_gefs,18,ShortwaveRadiation_Wm2,1,112.5
gep18,00,2026-05-05,2026-05-06,gcrew,noaa_gefs,18,WindSpeed_ms_mean,1,7.9482961228732085
gep18,00,2026-05-05,2026-05-07,gcrew,noaa_gefs,18,AirTemp_C_mean,2,13.421441650390648
gep18,00,2026-05-05,2026-05-07,gcrew,noaa_gefs,18,Pressure_Pa,2,100609.435546875
gep18,00,2026-05-05,2026-05-07,gcrew,noaa_gefs,18,RH_percent_mean,2,79.55949878692627
gep18,00,2026-05-05,2026-05-07,gcrew,noaa_gefs,18,Rain_mm_sum,2,3.900000110268593
gep18,00,2026-05-05,2026-05-07,gcrew,noaa_gefs,18,ShortwaveRadiation_Wm2,2,80.875
gep18,00,2026-05-05,2026-05-07,gcrew,noaa_gefs,18,WindSpeed_ms_mean,2,3.7877215286509998
gep18,00,2026-05-05,2026-05-08,gcrew,noaa_gefs,18,AirTemp_C_mean,3,13.444238281250023
gep18,00,2026-05-05,2026-05-08,gcrew,noaa_gefs,18,Pressure_Pa,3,101029.4677734375
gep18,00,2026-05-05,2026-05-08,gcrew,noaa_gefs,18,RH_percent_mean,3,59.61912775039673
gep18,00,2026-05-05,2026-05-08,gcrew,noaa_gefs,18,Rain_mm_sum,3,0
gep18,00,2026-05-05,2026-05-08,gcrew,noaa_gefs,18,ShortwaveRadiation_Wm2,3,310.125
gep18,00,2026-05-05,2026-05-08,gcrew,noaa_gefs,18,WindSpeed_ms_mean,3,4.101767998187636
gep18,00,2026-05-05,2026-05-09,gcrew,noaa_gefs,18,AirTemp_C_mean,4,14.683034515380882
gep18,00,2026-05-05,2026-05-09,gcrew,noaa_gefs,18,Pressure_Pa,4,100504.6123046875
gep18,00,2026-05-05,2026-05-09,gcrew,noaa_gefs,18,RH_percent_mean,4,69.38001728057861
gep18,00,2026-05-05,2026-05-09,gcrew,noaa_gefs,18,Rain_mm_sum,4,3.40000007301569
gep18,00,2026-05-05,2026-05-09,gcrew,noaa_gefs,18,ShortwaveRadiation_Wm2,4,223.375
gep18,00,2026-05-05,2026-05-09,gcrew,noaa_gefs,18,WindSpeed_ms_mean,4,6.089498847817228
gep18,00,2026-05-05,2026-05-10,gcrew,noaa_gefs,18,AirTemp_C_mean,5,14.039365386962913
gep18,00,2026-05-05,2026-05-10,gcrew,noaa_gefs,18,Pressure_Pa,5,101038.7626953125
gep18,00,2026-05-05,2026-05-10,gcrew,noaa_gefs,18,RH_percent_mean,5,62.28422451019287
gep18,00,2026-05-05,2026-05-10,gcrew,noaa_gefs,18,Rain_mm_sum,5,0.4000000059604645
gep18,00,2026-05-05,2026-05-10,gcrew,noaa_gefs,18,ShortwaveRadiation_Wm2,5,321.875
gep18,00,2026-05-05,2026-05-10,gcrew,noaa_gefs,18,WindSpeed_ms_mean,5,4.465990950670339
gep18,00,2026-05-05,2026-05-11,gcrew,noaa_gefs,18,AirTemp_C_mean,6,15.007703399658226
gep18,00,2026-05-05,2026-05-11,gcrew,noaa_gefs,18,Pressure_Pa,6,100972.99609375
gep18,00,2026-05-05,2026-05-11,gcrew,noaa_gefs,18,RH_percent_mean,6,83.72281455993652
gep18,00,2026-05-05,2026-05-11,gcrew,noaa_gefs,18,Rain_mm_sum,6,10.500000238418579
gep18,00,2026-05-05,2026-05-11,gcrew,noaa_gefs,18,ShortwaveRadiation_Wm2,6,318.375
gep18,00,2026-05-05,2026-05-11,gcrew,noaa_gefs,18,WindSpeed_ms_mean,6,3.020219501521629
gep18,00,2026-05-05,2026-05-12,gcrew,noaa_gefs,18,AirTemp_C_mean,7,16.333001708984398
gep18,00,2026-05-05,2026-05-12,gcrew,noaa_gefs,18,Pressure_Pa,7,100487.9833984375
gep18,00,2026-05-05,2026-05-12,gcrew,noaa_gefs,18,RH_percent_mean,7,91.72346305847168
gep18,00,2026-05-05,2026-05-12,gcrew,noaa_gefs,18,Rain_mm_sum,7,22.080000452697277
gep18,00,2026-05-05,2026-05-12,gcrew,noaa_gefs,18,ShortwaveRadiation_Wm2,7,141.625
gep18,00,2026-05-05,2026-05-12,gcrew,noaa_gefs,18,WindSpeed_ms_mean,7,4.752930619586684
gep18,00,2026-05-05,2026-05-13,gcrew,noaa_gefs,18,AirTemp_C_mean,8,13.859941101074241
gep18,00,2026-05-05,2026-05-13,gcrew,noaa_gefs,18,Pressure_Pa,8,100950.2314453125
gep18,00,2026-05-05,2026-05-13,gcrew,noaa_gefs,18,RH_percent_mean,8,60.64580154418945
gep18,00,2026-05-05,2026-05-13,gcrew,noaa_gefs,18,Rain_mm_sum,8,0.699999988079071
gep18,00,2026-05-05,2026-05-13,gcrew,noaa_gefs,18,ShortwaveRadiation_Wm2,8,357.5
gep18,00,2026-05-05,2026-05-13,gcrew,noaa_gefs,18,WindSpeed_ms_mean,8,5.016160868788954
gep18,00,2026-05-05,2026-05-14,gcrew,noaa_gefs,18,AirTemp_C_mean,9,13.323288399832611
gep18,00,2026-05-05,2026-05-14,gcrew,noaa_gefs,18,Pressure_Pa,9,101724.66852678571
gep18,00,2026-05-05,2026-05-14,gcrew,noaa_gefs,18,RH_percent_mean,9,54.3447254725865
gep18,00,2026-05-05,2026-05-14,gcrew,noaa_gefs,18,Rain_mm_sum,9,0
gep18,00,2026-05-05,2026-05-14,gcrew,noaa_gefs,18,ShortwaveRadiation_Wm2,9,409.2857142857143
gep18,00,2026-05-05,2026-05-14,gcrew,noaa_gefs,18,WindSpeed_ms_mean,9,4.204724101810366
gep18,00,2026-05-05,2026-05-15,gcrew,noaa_gefs,18,AirTemp_C_mean,10,13.895341491699241
gep18,00,2026-05-05,2026-05-15,gcrew,noaa_gefs,18,Pressure_Pa,10,101770.98828125
gep18,00,2026-05-05,2026-05-15,gcrew,noaa_gefs,18,RH_percent_mean,10,59.39558792114258
gep18,00,2026-05-05,2026-05-15,gcrew,noaa_gefs,18,Rain_mm_sum,10,0
gep18,00,2026-05-05,2026-05-15,gcrew,noaa_gefs,18,ShortwaveRadiation_Wm2,10,329.5
gep18,00,2026-05-05,2026-05-15,gcrew,noaa_gefs,18,WindSpeed_ms_mean,10,4.301648184988208
gep18,00,2026-05-05,2026-05-16,gcrew,noaa_gefs,18,AirTemp_C_mean,11,12.16132507324221
gep18,00,2026-05-05,2026-05-16,gcrew,noaa_gefs,18,Pressure_Pa,11,101347.048828125
gep18,00,2026-05-05,2026-05-16,gcrew,noaa_gefs,18,RH_percent_mean,11,85.79068565368652
gep18,00,2026-05-05,2026-05-16,gcrew,noaa_gefs,18,Rain_mm_sum,11,3.5000000596046448
gep18,00,2026-05-05,2026-05-16,gcrew,noaa_gefs,18,ShortwaveRadiation_Wm2,11,57.25
gep18,00,2026-05-05,2026-05-16,gcrew,noaa_gefs,18,WindSpeed_ms_mean,11,3.5957713274021446
gep18,00,2026-05-05,2026-05-17,gcrew,noaa_gefs,18,AirTemp_C_mean,12,12.39740905761721
gep18,00,2026-05-05,2026-05-17,gcrew,noaa_gefs,18,Pressure_Pa,12,101498.666015625
gep18,00,2026-05-05,2026-05-17,gcrew,noaa_gefs,18,RH_percent_mean,12,85.35811996459961
gep18,00,2026-05-05,2026-05-17,gcrew,noaa_gefs,18,Rain_mm_sum,12,12.600000239908695
gep18,00,2026-05-05,2026-05-17,gcrew,noaa_gefs,18,ShortwaveRadiation_Wm2,12,68.75
gep18,00,2026-05-05,2026-05-17,gcrew,noaa_gefs,18,WindSpeed_ms_mean,12,4.4423147677144765
gep18,00,2026-05-05,2026-05-18,gcrew,noaa_gefs,18,AirTemp_C_mean,13,12.796853637695335
gep18,00,2026-05-05,2026-05-18,gcrew,noaa_gefs,18,Pressure_Pa,13,102275.958984375
gep18,00,2026-05-05,2026-05-18,gcrew,noaa_gefs,18,RH_percent_mean,13,75.41705131530762
gep18,00,2026-05-05,2026-05-18,gcrew,noaa_gefs,18,Rain_mm_sum,13,3.5000000968575478
gep18,00,2026-05-05,2026-05-18,gcrew,noaa_gefs,18,ShortwaveRadiation_Wm2,13,67.25
gep18,00,2026-05-05,2026-05-18,gcrew,noaa_gefs,18,WindSpeed_ms_mean,13,4.947630717288071
gep18,00,2026-05-05,2026-05-19,gcrew,noaa_gefs,18,AirTemp_C_mean,14,15.980165100097679
gep18,00,2026-05-05,2026-05-19,gcrew,noaa_gefs,18,Pressure_Pa,14,101818.97265625
gep18,00,2026-05-05,2026-05-19,gcrew,noaa_gefs,18,RH_percent_mean,14,94.8867244720459
gep18,00,2026-05-05,2026-05-19,gcrew,noaa_gefs,18,Rain_mm_sum,14,13.600000202655792
gep18,00,2026-05-05,2026-05-19,gcrew,noaa_gefs,18,ShortwaveRadiation_Wm2,14,56.75
gep18,00,2026-05-05,2026-05-19,gcrew,noaa_gefs,18,WindSpeed_ms_mean,14,5.998326923740712
gep18,00,2026-05-05,2026-05-20,gcrew,noaa_gefs,18,AirTemp_C_mean,15,16.34876403808596
gep18,00,2026-05-05,2026-05-20,gcrew,noaa_gefs,18,Pressure_Pa,15,101606.828125
gep18,00,2026-05-05,2026-05-20,gcrew,noaa_gefs,18,RH_percent_mean,15,89.96279335021973
gep18,00,2026-05-05,2026-05-20,gcrew,noaa_gefs,18,Rain_mm_sum,15,0.9000000283122063
gep18,00,2026-05-05,2026-05-20,gcrew,noaa_gefs,18,ShortwaveRadiation_Wm2,15,66.75
gep18,00,2026-05-05,2026-05-20,gcrew,noaa_gefs,18,WindSpeed_ms_mean,15,5.274919119101563
gep18,00,2026-05-05,2026-05-21,gcrew,noaa_gefs,18,AirTemp_C_mean,16,17.079988098144554
gep18,00,2026-05-05,2026-05-21,gcrew,noaa_gefs,18,Pressure_Pa,16,101430.228515625
gep18,00,2026-05-05,2026-05-21,gcrew,noaa_gefs,18,RH_percent_mean,16,92.32025718688965
gep18,00,2026-05-05,2026-05-21,gcrew,noaa_gefs,18,Rain_mm_sum,16,3.6000001206994057
gep18,00,2026-05-05,2026-05-21,gcrew,noaa_gefs,18,ShortwaveRadiation_Wm2,16,134.75
gep18,00,2026-05-05,2026-05-21,gcrew,noaa_gefs,18,WindSpeed_ms_mean,16,4.749984768270614
gep18,00,2026-05-05,2026-05-22,gcrew,noaa_gefs,18,AirTemp_C_mean,17,19.45788726806643
gep18,00,2026-05-05,2026-05-22,gcrew,noaa_gefs,18,Pressure_Pa,17,101787.37109375
gep18,00,2026-05-05,2026-05-22,gcrew,noaa_gefs,18,RH_percent_mean,17,86.58370208740234
gep18,00,2026-05-05,2026-05-22,gcrew,noaa_gefs,18,Rain_mm_sum,17,0.10000000149011612
gep18,00,2026-05-05,2026-05-22,gcrew,noaa_gefs,18,ShortwaveRadiation_Wm2,17,329.5
gep18,00,2026-05-05,2026-05-22,gcrew,noaa_gefs,18,WindSpeed_ms_mean,17,3.421951902917886
gep18,00,2026-05-05,2026-05-23,gcrew,noaa_gefs,18,AirTemp_C_mean,18,19.32135925292971
gep18,00,2026-05-05,2026-05-23,gcrew,noaa_gefs,18,Pressure_Pa,18,102091.19140625
gep18,00,2026-05-05,2026-05-23,gcrew,noaa_gefs,18,RH_percent_mean,18,88.211029052734375
gep18,00,2026-05-05,2026-05-23,gcrew,noaa_gefs,18,Rain_mm_sum,18,0.30000000447034836
gep18,00,2026-05-05,2026-05-23,gcrew,noaa_gefs,18,ShortwaveRadiation_Wm2,18,304
gep18,00,2026-05-05,2026-05-23,gcrew,noaa_gefs,18,WindSpeed_ms_mean,18,2.9632516322381934
gep18,00,2026-05-05,2026-05-24,gcrew,noaa_gefs,18,AirTemp_C_mean,19,19.627183532714866
gep18,00,2026-05-05,2026-05-24,gcrew,noaa_gefs,18,Pressure_Pa,19,102131.763671875
gep18,00,2026-05-05,2026-05-24,gcrew,noaa_gefs,18,RH_percent_mean,19,88.8326587677002
gep18,00,2026-05-05,2026-05-24,gcrew,noaa_gefs,18,Rain_mm_sum,19,0.4000000059604645
gep18,00,2026-05-05,2026-05-24,gcrew,noaa_gefs,18,ShortwaveRadiation_Wm2,19,312.75
gep18,00,2026-05-05,2026-05-24,gcrew,noaa_gefs,18,WindSpeed_ms_mean,19,3.353299723512114
gep18,00,2026-05-05,2026-05-25,gcrew,noaa_gefs,18,AirTemp_C_mean,20,22.220193481445335
gep18,00,2026-05-05,2026-05-25,gcrew,noaa_gefs,18,Pressure_Pa,20,101920.87109375
gep18,00,2026-05-05,2026-05-25,gcrew,noaa_gefs,18,RH_percent_mean,20,80.57049751281738
gep18,00,2026-05-05,2026-05-25,gcrew,noaa_gefs,18,Rain_mm_sum,20,0
gep18,00,2026-05-05,2026-05-25,gcrew,noaa_gefs,18,ShortwaveRadiation_Wm2,20,332
gep18,00,2026-05-05,2026-05-25,gcrew,noaa_gefs,18,WindSpeed_ms_mean,20,2.332214280423385
gep18,00,2026-05-05,2026-05-26,gcrew,noaa_gefs,18,AirTemp_C_mean,21,23.644677734375023
gep18,00,2026-05-05,2026-05-26,gcrew,noaa_gefs,18,Pressure_Pa,21,101732.607421875
gep18,00,2026-05-05,2026-05-26,gcrew,noaa_gefs,18,RH_percent_mean,21,77.47503280639648
gep18,00,2026-05-05,2026-05-26,gcrew,noaa_gefs,18,Rain_mm_sum,21,0.30000000447034836
gep18,00,2026-05-05,2026-05-26,gcrew,noaa_gefs,18,ShortwaveRadiation_Wm2,21,329.75
gep18,00,2026-05-05,2026-05-26,gcrew,noaa_gefs,18,WindSpeed_ms_mean,21,3.7429728329099072
gep18,00,2026-05-05,2026-05-27,gcrew,noaa_gefs,18,AirTemp_C_mean,22,21.092683410644554
gep18,00,2026-05-05,2026-05-27,gcrew,noaa_gefs,18,Pressure_Pa,22,101740.51953125
gep18,00,2026-05-05,2026-05-27,gcrew,noaa_gefs,18,RH_percent_mean,22,84.3672924041748
gep18,00,2026-05-05,2026-05-27,gcrew,noaa_gefs,18,Rain_mm_sum,22,0
gep18,00,2026-05-05,2026-05-27,gcrew,noaa_gefs,18,ShortwaveRadiation_Wm2,22,312.5
gep18,00,2026-05-05,2026-05-27,gcrew,noaa_gefs,18,WindSpeed_ms_mean,22,2.700000293540816
gep18,00,2026-05-05,2026-05-28,gcrew,noaa_gefs,18,AirTemp_C_mean,23,23.88488922119143
gep18,00,2026-05-05,2026-05-28,gcrew,noaa_gefs,18,Pressure_Pa,23,101347.58984375
gep18,00,2026-05-05,2026-05-28,gcrew,noaa_gefs,18,RH_percent_mean,23,75.04574775695801
gep18,00,2026-05-05,2026-05-28,gcrew,noaa_gefs,18,Rain_mm_sum,23,0
gep18,00,2026-05-05,2026-05-28,gcrew,noaa_gefs,18,ShortwaveRadiation_Wm2,23,335.5
gep18,00,2026-05-05,2026-05-28,gcrew,noaa_gefs,18,WindSpeed_ms_mean,23,2.335344468510624
gep18,00,2026-05-05,2026-05-29,gcrew,noaa_gefs,18,AirTemp_C_mean,24,24.74714050292971
gep18,00,2026-05-05,2026-05-29,gcrew,noaa_gefs,18,Pressure_Pa,24,101476.5703125
gep18,00,2026-05-05,2026-05-29,gcrew,noaa_gefs,18,RH_percent_mean,24,72.64131832122803
gep18,00,2026-05-05,2026-05-29,gcrew,noaa_gefs,18,Rain_mm_sum,24,0
gep18,00,2026-05-05,2026-05-29,gcrew,noaa_gefs,18,ShortwaveRadiation_Wm2,24,336
gep18,00,2026-05-05,2026-05-29,gcrew,noaa_gefs,18,WindSpeed_ms_mean,24,1.9586284146796837
gep18,00,2026-05-05,2026-05-30,gcrew,noaa_gefs,18,AirTemp_C_mean,25,24.066796875000023
gep18,00,2026-05-05,2026-05-30,gcrew,noaa_gefs,18,Pressure_Pa,25,101384.1875
gep18,00,2026-05-05,2026-05-30,gcrew,noaa_gefs,18,RH_percent_mean,25,71.36553287506104
gep18,00,2026-05-05,2026-05-30,gcrew,noaa_gefs,18,Rain_mm_sum,25,2.100000001490116
gep18,00,2026-05-05,2026-05-30,gcrew,noaa_gefs,18,ShortwaveRadiation_Wm2,25,336.25
gep18,00,2026-05-05,2026-05-30,gcrew,noaa_gefs,18,WindSpeed_ms_mean,25,2.5700304546198396
gep18,00,2026-05-05,2026-05-31,gcrew,noaa_gefs,18,AirTemp_C_mean,26,20.107537841796898
gep18,00,2026-05-05,2026-05-31,gcrew,noaa_gefs,18,Pressure_Pa,26,101421.41015625
gep18,00,2026-05-05,2026-05-31,gcrew,noaa_gefs,18,RH_percent_mean,26,79.97546768188477
gep18,00,2026-05-05,2026-05-31,gcrew,noaa_gefs,18,Rain_mm_sum,26,7.199999928474426
gep18,00,2026-05-05,2026-05-31,gcrew,noaa_gefs,18,ShortwaveRadiation_Wm2,26,204.5
gep18,00,2026-05-05,2026-05-31,gcrew,noaa_gefs,18,WindSpeed_ms_mean,26,4.440413293057745
gep18,00,2026-05-05,2026-06-01,gcrew,noaa_gefs,18,AirTemp_C_mean,27,18.903489685058616
gep18,00,2026-05-05,2026-06-01,gcrew,noaa_gefs,18,Pressure_Pa,27,101613.822265625
gep18,00,2026-05-05,2026-06-01,gcrew,noaa_gefs,18,RH_percent_mean,27,79.74879264831543
gep18,00,2026-05-05,2026-06-01,gcrew,noaa_gefs,18,Rain_mm_sum,27,0.20000000298023224
gep18,00,2026-05-05,2026-06-01,gcrew,noaa_gefs,18,ShortwaveRadiation_Wm2,27,202
gep18,00,2026-05-05,2026-06-01,gcrew,noaa_gefs,18,WindSpeed_ms_mean,27,2.8618370667271793
gep18,00,2026-05-05,2026-06-02,gcrew,noaa_gefs,18,AirTemp_C_mean,28,23.729150390625023
gep18,00,2026-05-05,2026-06-02,gcrew,noaa_gefs,18,Pressure_Pa,28,101406.4609375
gep18,00,2026-05-05,2026-06-02,gcrew,noaa_gefs,18,RH_percent_mean,28,75.83053302764893
gep18,00,2026-05-05,2026-06-02,gcrew,noaa_gefs,18,Rain_mm_sum,28,4.800000190734863
gep18,00,2026-05-05,2026-06-02,gcrew,noaa_gefs,18,ShortwaveRadiation_Wm2,28,303.25
gep18,00,2026-05-05,2026-06-02,gcrew,noaa_gefs,18,WindSpeed_ms_mean,28,5.180342789756921
gep18,00,2026-05-05,2026-06-03,gcrew,noaa_gefs,18,AirTemp_C_mean,29,22.64240417480471
gep18,00,2026-05-05,2026-06-03,gcrew,noaa_gefs,18,Pressure_Pa,29,101480.6875
gep18,00,2026-05-05,2026-06-03,gcrew,noaa_gefs,18,RH_percent_mean,29,91.867095947265625
gep18,00,2026-05-05,2026-06-03,gcrew,noaa_gefs,18,Rain_mm_sum,29,24.700000166893005
gep18,00,2026-05-05,2026-06-03,gcrew,noaa_gefs,18,ShortwaveRadiation_Wm2,29,176
gep18,00,2026-05-05,2026-06-03,gcrew,noaa_gefs,18,WindSpeed_ms_mean,29,2.8103379804635074
gep18,00,2026-05-05,2026-06-04,gcrew,noaa_gefs,18,AirTemp_C_mean,30,21.24726257324221
gep18,00,2026-05-05,2026-06-04,gcrew,noaa_gefs,18,Pressure_Pa,30,100902.5
gep18,00,2026-05-05,2026-06-04,gcrew,noaa_gefs,18,RH_percent_mean,30,94.49777412414551
gep18,00,2026-05-05,2026-06-04,gcrew,noaa_gefs,18,Rain_mm_sum,30,15.800000429153442
gep18,00,2026-05-05,2026-06-04,gcrew,noaa_gefs,18,ShortwaveRadiation_Wm2,30,96
gep18,00,2026-05-05,2026-06-04,gcrew,noaa_gefs,18,WindSpeed_ms_mean,30,3.624733268214592
gep18,00,2026-05-05,2026-06-05,gcrew,noaa_gefs,18,AirTemp_C_mean,31,17.98151550292971
gep18,00,2026-05-05,2026-06-05,gcrew,noaa_gefs,18,Pressure_Pa,31,101233.8671875
gep18,00,2026-05-05,2026-06-05,gcrew,noaa_gefs,18,RH_percent_mean,31,85.09179496765137
gep18,00,2026-05-05,2026-06-05,gcrew,noaa_gefs,18,Rain_mm_sum,31,0
gep18,00,2026-05-05,2026-06-05,gcrew,noaa_gefs,18,ShortwaveRadiation_Wm2,31,204
gep18,00,2026-05-05,2026-06-05,gcrew,noaa_gefs,18,WindSpeed_ms_mean,31,3.6137171777527146
gep18,00,2026-05-05,2026-06-06,gcrew,noaa_gefs,18,AirTemp_C_mean,32,18.68531188964846
gep18,00,2026-05-05,2026-06-06,gcrew,noaa_gefs,18,Pressure_Pa,32,101418.689453125
gep18,00,2026-05-05,2026-06-06,gcrew,noaa_gefs,18,RH_percent_mean,32,90.20104598999023
gep18,00,2026-05-05,2026-06-06,gcrew,noaa_gefs,18,Rain_mm_sum,32,0.30000000447034836
gep18,00,2026-05-05,2026-06-06,gcrew,noaa_gefs,18,ShortwaveRadiation_Wm2,32,107.25
gep18,00,2026-05-05,2026-06-06,gcrew,noaa_gefs,18,WindSpeed_ms_mean,32,3.7730996520469398
gep18,00,2026-05-05,2026-06-07,gcrew,noaa_gefs,18,AirTemp_C_mean,33,24.139627075195335
gep18,00,2026-05-05,2026-06-07,gcrew,noaa_gefs,18,Pressure_Pa,33,100801.1328125
gep18,00,2026-05-05,2026-06-07,gcrew,noaa_gefs,18,RH_percent_mean,33,81.9941577911377
gep18,00,2026-05-05,2026-06-07,gcrew,noaa_gefs,18,Rain_mm_sum,33,12.999999798834324
gep18,00,2026-05-05,2026-06-07,gcrew,noaa_gefs,18,ShortwaveRadiation_Wm2,33,304.5
gep18,00,2026-05-05,2026-06-07,gcrew,noaa_gefs,18,WindSpeed_ms_mean,33,5.214782697026351
gep18,00,2026-05-05,2026-06-08,gcrew,noaa_gefs,18,AirTemp_C_mean,34,26.755662536621116
gep18,00,2026-05-05,2026-06-08,gcrew,noaa_gefs,18,Pressure_Pa,34,100443.1796875
gep18,00,2026-05-05,2026-06-08,gcrew,noaa_gefs,18,RH_percent_mean,34,68.95762729644775
gep18,00,2026-05-05,2026-06-08,gcrew,noaa_gefs,18,Rain_mm_sum,34,0.4000000134110451
gep18,00,2026-05-05,2026-06-08,gcrew,noaa_gefs,18,ShortwaveRadiation_Wm2,34,343
gep18,00,2026-05-05,2026-06-08,gcrew,noaa_gefs,18,WindSpeed_ms_mean,34,4.0934983365823845
gep19,00,2026-05-05,2026-05-06,gcrew,noaa_gefs,19,AirTemp_C_mean,1,18.317830657959007
gep19,00,2026-05-05,2026-05-06,gcrew,noaa_gefs,19,Pressure_Pa,1,100742.3876953125
gep19,00,2026-05-05,2026-05-06,gcrew,noaa_gefs,19,RH_percent_mean,1,73.999520778656
gep19,00,2026-05-05,2026-05-06,gcrew,noaa_gefs,19,Rain_mm_sum,1,2.9600000381469727
gep19,00,2026-05-05,2026-05-06,gcrew,noaa_gefs,19,ShortwaveRadiation_Wm2,1,112.5
gep19,00,2026-05-05,2026-05-06,gcrew,noaa_gefs,19,WindSpeed_ms_mean,1,7.9482961228732085
gep19,00,2026-05-05,2026-05-07,gcrew,noaa_gefs,19,AirTemp_C_mean,2,13.421441650390648
gep19,00,2026-05-05,2026-05-07,gcrew,noaa_gefs,19,Pressure_Pa,2,100609.435546875
gep19,00,2026-05-05,2026-05-07,gcrew,noaa_gefs,19,RH_percent_mean,2,79.55949878692627
gep19,00,2026-05-05,2026-05-07,gcrew,noaa_gefs,19,Rain_mm_sum,2,3.900000110268593
gep19,00,2026-05-05,2026-05-07,gcrew,noaa_gefs,19,ShortwaveRadiation_Wm2,2,80.875
gep19,00,2026-05-05,2026-05-07,gcrew,noaa_gefs,19,WindSpeed_ms_mean,2,3.7877215286509998
gep19,00,2026-05-05,2026-05-08,gcrew,noaa_gefs,19,AirTemp_C_mean,3,13.444238281250023
gep19,00,2026-05-05,2026-05-08,gcrew,noaa_gefs,19,Pressure_Pa,3,101029.4677734375
gep19,00,2026-05-05,2026-05-08,gcrew,noaa_gefs,19,RH_percent_mean,3,59.61912775039673
gep19,00,2026-05-05,2026-05-08,gcrew,noaa_gefs,19,Rain_mm_sum,3,0
gep19,00,2026-05-05,2026-05-08,gcrew,noaa_gefs,19,ShortwaveRadiation_Wm2,3,310.125
gep19,00,2026-05-05,2026-05-08,gcrew,noaa_gefs,19,WindSpeed_ms_mean,3,4.101767998187636
gep19,00,2026-05-05,2026-05-09,gcrew,noaa_gefs,19,AirTemp_C_mean,4,14.683034515380882
gep19,00,2026-05-05,2026-05-09,gcrew,noaa_gefs,19,Pressure_Pa,4,100504.6123046875
gep19,00,2026-05-05,2026-05-09,gcrew,noaa_gefs,19,RH_percent_mean,4,69.38001728057861
gep19,00,2026-05-05,2026-05-09,gcrew,noaa_gefs,19,Rain_mm_sum,4,3.40000007301569
gep19,00,2026-05-05,2026-05-09,gcrew,noaa_gefs,19,ShortwaveRadiation_Wm2,4,223.375
gep19,00,2026-05-05,2026-05-09,gcrew,noaa_gefs,19,WindSpeed_ms_mean,4,6.089498847817228
gep19,00,2026-05-05,2026-05-10,gcrew,noaa_gefs,19,AirTemp_C_mean,5,14.039365386962913
gep19,00,2026-05-05,2026-05-10,gcrew,noaa_gefs,19,Pressure_Pa,5,101038.7626953125
gep19,00,2026-05-05,2026-05-10,gcrew,noaa_gefs,19,RH_percent_mean,5,62.28422451019287
gep19,00,2026-05-05,2026-05-10,gcrew,noaa_gefs,19,Rain_mm_sum,5,0.4000000059604645
gep19,00,2026-05-05,2026-05-10,gcrew,noaa_gefs,19,ShortwaveRadiation_Wm2,5,321.875
gep19,00,2026-05-05,2026-05-10,gcrew,noaa_gefs,19,WindSpeed_ms_mean,5,4.465990950670339
gep19,00,2026-05-05,2026-05-11,gcrew,noaa_gefs,19,AirTemp_C_mean,6,15.007703399658226
gep19,00,2026-05-05,2026-05-11,gcrew,noaa_gefs,19,Pressure_Pa,6,100972.99609375
gep19,00,2026-05-05,2026-05-11,gcrew,noaa_gefs,19,RH_percent_mean,6,83.72281455993652
gep19,00,2026-05-05,2026-05-11,gcrew,noaa_gefs,19,Rain_mm_sum,6,10.500000238418579
gep19,00,2026-05-05,2026-05-11,gcrew,noaa_gefs,19,ShortwaveRadiation_Wm2,6,318.375
gep19,00,2026-05-05,2026-05-11,gcrew,noaa_gefs,19,WindSpeed_ms_mean,6,3.020219501521629
gep19,00,2026-05-05,2026-05-12,gcrew,noaa_gefs,19,AirTemp_C_mean,7,16.333001708984398
gep19,00,2026-05-05,2026-05-12,gcrew,noaa_gefs,19,Pressure_Pa,7,100487.9833984375
gep19,00,2026-05-05,2026-05-12,gcrew,noaa_gefs,19,RH_percent_mean,7,91.72346305847168
gep19,00,2026-05-05,2026-05-12,gcrew,noaa_gefs,19,Rain_mm_sum,7,22.080000452697277
gep19,00,2026-05-05,2026-05-12,gcrew,noaa_gefs,19,ShortwaveRadiation_Wm2,7,141.625
gep19,00,2026-05-05,2026-05-12,gcrew,noaa_gefs,19,WindSpeed_ms_mean,7,4.752930619586684
gep19,00,2026-05-05,2026-05-13,gcrew,noaa_gefs,19,AirTemp_C_mean,8,13.859941101074241
gep19,00,2026-05-05,2026-05-13,gcrew,noaa_gefs,19,Pressure_Pa,8,100950.2314453125
gep19,00,2026-05-05,2026-05-13,gcrew,noaa_gefs,19,RH_percent_mean,8,60.64580154418945
gep19,00,2026-05-05,2026-05-13,gcrew,noaa_gefs,19,Rain_mm_sum,8,0.699999988079071
gep19,00,2026-05-05,2026-05-13,gcrew,noaa_gefs,19,ShortwaveRadiation_Wm2,8,357.5
gep19,00,2026-05-05,2026-05-13,gcrew,noaa_gefs,19,WindSpeed_ms_mean,8,5.016160868788954
gep19,00,2026-05-05,2026-05-14,gcrew,noaa_gefs,19,AirTemp_C_mean,9,13.323288399832611
gep19,00,2026-05-05,2026-05-14,gcrew,noaa_gefs,19,Pressure_Pa,9,101724.66852678571
gep19,00,2026-05-05,2026-05-14,gcrew,noaa_gefs,19,RH_percent_mean,9,54.3447254725865
gep19,00,2026-05-05,2026-05-14,gcrew,noaa_gefs,19,Rain_mm_sum,9,0
gep19,00,2026-05-05,2026-05-14,gcrew,noaa_gefs,19,ShortwaveRadiation_Wm2,9,409.2857142857143
gep19,00,2026-05-05,2026-05-14,gcrew,noaa_gefs,19,WindSpeed_ms_mean,9,4.204724101810366
gep19,00,2026-05-05,2026-05-15,gcrew,noaa_gefs,19,AirTemp_C_mean,10,13.895341491699241
gep19,00,2026-05-05,2026-05-15,gcrew,noaa_gefs,19,Pressure_Pa,10,101770.98828125
gep19,00,2026-05-05,2026-05-15,gcrew,noaa_gefs,19,RH_percent_mean,10,59.39558792114258
gep19,00,2026-05-05,2026-05-15,gcrew,noaa_gefs,19,Rain_mm_sum,10,0
gep19,00,2026-05-05,2026-05-15,gcrew,noaa_gefs,19,ShortwaveRadiation_Wm2,10,329.5
gep19,00,2026-05-05,2026-05-15,gcrew,noaa_gefs,19,WindSpeed_ms_mean,10,4.301648184988208
gep19,00,2026-05-05,2026-05-16,gcrew,noaa_gefs,19,AirTemp_C_mean,11,12.16132507324221
gep19,00,2026-05-05,2026-05-16,gcrew,noaa_gefs,19,Pressure_Pa,11,101347.048828125
gep19,00,2026-05-05,2026-05-16,gcrew,noaa_gefs,19,RH_percent_mean,11,85.79068565368652
gep19,00,2026-05-05,2026-05-16,gcrew,noaa_gefs,19,Rain_mm_sum,11,3.5000000596046448
gep19,00,2026-05-05,2026-05-16,gcrew,noaa_gefs,19,ShortwaveRadiation_Wm2,11,57.25
gep19,00,2026-05-05,2026-05-16,gcrew,noaa_gefs,19,WindSpeed_ms_mean,11,3.5957713274021446
gep19,00,2026-05-05,2026-05-17,gcrew,noaa_gefs,19,AirTemp_C_mean,12,12.39740905761721
gep19,00,2026-05-05,2026-05-17,gcrew,noaa_gefs,19,Pressure_Pa,12,101498.666015625
gep19,00,2026-05-05,2026-05-17,gcrew,noaa_gefs,19,RH_percent_mean,12,85.35811996459961
gep19,00,2026-05-05,2026-05-17,gcrew,noaa_gefs,19,Rain_mm_sum,12,12.600000239908695
gep19,00,2026-05-05,2026-05-17,gcrew,noaa_gefs,19,ShortwaveRadiation_Wm2,12,68.75
gep19,00,2026-05-05,2026-05-17,gcrew,noaa_gefs,19,WindSpeed_ms_mean,12,4.4423147677144765
gep19,00,2026-05-05,2026-05-18,gcrew,noaa_gefs,19,AirTemp_C_mean,13,12.796853637695335
gep19,00,2026-05-05,2026-05-18,gcrew,noaa_gefs,19,Pressure_Pa,13,102275.958984375
gep19,00,2026-05-05,2026-05-18,gcrew,noaa_gefs,19,RH_percent_mean,13,75.41705131530762
gep19,00,2026-05-05,2026-05-18,gcrew,noaa_gefs,19,Rain_mm_sum,13,3.5000000968575478
gep19,00,2026-05-05,2026-05-18,gcrew,noaa_gefs,19,ShortwaveRadiation_Wm2,13,67.25
gep19,00,2026-05-05,2026-05-18,gcrew,noaa_gefs,19,WindSpeed_ms_mean,13,4.947630717288071
gep19,00,2026-05-05,2026-05-19,gcrew,noaa_gefs,19,AirTemp_C_mean,14,15.980165100097679
gep19,00,2026-05-05,2026-05-19,gcrew,noaa_gefs,19,Pressure_Pa,14,101818.97265625
gep19,00,2026-05-05,2026-05-19,gcrew,noaa_gefs,19,RH_percent_mean,14,94.8867244720459
gep19,00,2026-05-05,2026-05-19,gcrew,noaa_gefs,19,Rain_mm_sum,14,13.600000202655792
gep19,00,2026-05-05,2026-05-19,gcrew,noaa_gefs,19,ShortwaveRadiation_Wm2,14,56.75
gep19,00,2026-05-05,2026-05-19,gcrew,noaa_gefs,19,WindSpeed_ms_mean,14,5.998326923740712
gep19,00,2026-05-05,2026-05-20,gcrew,noaa_gefs,19,AirTemp_C_mean,15,16.34876403808596
gep19,00,2026-05-05,2026-05-20,gcrew,noaa_gefs,19,Pressure_Pa,15,101606.828125
gep19,00,2026-05-05,2026-05-20,gcrew,noaa_gefs,19,RH_percent_mean,15,89.96279335021973
gep19,00,2026-05-05,2026-05-20,gcrew,noaa_gefs,19,Rain_mm_sum,15,0.9000000283122063
gep19,00,2026-05-05,2026-05-20,gcrew,noaa_gefs,19,ShortwaveRadiation_Wm2,15,66.75
gep19,00,2026-05-05,2026-05-20,gcrew,noaa_gefs,19,WindSpeed_ms_mean,15,5.274919119101563
gep19,00,2026-05-05,2026-05-21,gcrew,noaa_gefs,19,AirTemp_C_mean,16,17.079988098144554
gep19,00,2026-05-05,2026-05-21,gcrew,noaa_gefs,19,Pressure_Pa,16,101430.228515625
gep19,00,2026-05-05,2026-05-21,gcrew,noaa_gefs,19,RH_percent_mean,16,92.32025718688965
gep19,00,2026-05-05,2026-05-21,gcrew,noaa_gefs,19,Rain_mm_sum,16,3.6000001206994057
gep19,00,2026-05-05,2026-05-21,gcrew,noaa_gefs,19,ShortwaveRadiation_Wm2,16,134.75
gep19,00,2026-05-05,2026-05-21,gcrew,noaa_gefs,19,WindSpeed_ms_mean,16,4.749984768270614
gep19,00,2026-05-05,2026-05-22,gcrew,noaa_gefs,19,AirTemp_C_mean,17,19.45788726806643
gep19,00,2026-05-05,2026-05-22,gcrew,noaa_gefs,19,Pressure_Pa,17,101787.37109375
gep19,00,2026-05-05,2026-05-22,gcrew,noaa_gefs,19,RH_percent_mean,17,86.58370208740234
gep19,00,2026-05-05,2026-05-22,gcrew,noaa_gefs,19,Rain_mm_sum,17,0.10000000149011612
gep19,00,2026-05-05,2026-05-22,gcrew,noaa_gefs,19,ShortwaveRadiation_Wm2,17,329.5
gep19,00,2026-05-05,2026-05-22,gcrew,noaa_gefs,19,WindSpeed_ms_mean,17,3.421951902917886
gep19,00,2026-05-05,2026-05-23,gcrew,noaa_gefs,19,AirTemp_C_mean,18,19.32135925292971
gep19,00,2026-05-05,2026-05-23,gcrew,noaa_gefs,19,Pressure_Pa,18,102091.19140625
gep19,00,2026-05-05,2026-05-23,gcrew,noaa_gefs,19,RH_percent_mean,18,88.211029052734375
gep19,00,2026-05-05,2026-05-23,gcrew,noaa_gefs,19,Rain_mm_sum,18,0.30000000447034836
gep19,00,2026-05-05,2026-05-23,gcrew,noaa_gefs,19,ShortwaveRadiation_Wm2,18,304
gep19,00,2026-05-05,2026-05-23,gcrew,noaa_gefs,19,WindSpeed_ms_mean,18,2.9632516322381934
gep19,00,2026-05-05,2026-05-24,gcrew,noaa_gefs,19,AirTemp_C_mean,19,19.627183532714866
gep19,00,2026-05-05,2026-05-24,gcrew,noaa_gefs,19,Pressure_Pa,19,102131.763671875
gep19,00,2026-05-05,2026-05-24,gcrew,noaa_gefs,19,RH_percent_mean,19,88.8326587677002
gep19,00,2026-05-05,2026-05-24,gcrew,noaa_gefs,19,Rain_mm_sum,19,0.4000000059604645
gep19,00,2026-05-05,2026-05-24,gcrew,noaa_gefs,19,ShortwaveRadiation_Wm2,19,312.75
gep19,00,2026-05-05,2026-05-24,gcrew,noaa_gefs,19,WindSpeed_ms_mean,19,3.353299723512114
gep19,00,2026-05-05,2026-05-25,gcrew,noaa_gefs,19,AirTemp_C_mean,20,22.220193481445335
gep19,00,2026-05-05,2026-05-25,gcrew,noaa_gefs,19,Pressure_Pa,20,101920.87109375
gep19,00,2026-05-05,2026-05-25,gcrew,noaa_gefs,19,RH_percent_mean,20,80.57049751281738
gep19,00,2026-05-05,2026-05-25,gcrew,noaa_gefs,19,Rain_mm_sum,20,0
gep19,00,2026-05-05,2026-05-25,gcrew,noaa_gefs,19,ShortwaveRadiation_Wm2,20,332
gep19,00,2026-05-05,2026-05-25,gcrew,noaa_gefs,19,WindSpeed_ms_mean,20,2.332214280423385
gep19,00,2026-05-05,2026-05-26,gcrew,noaa_gefs,19,AirTemp_C_mean,21,23.644677734375023
gep19,00,2026-05-05,2026-05-26,gcrew,noaa_gefs,19,Pressure_Pa,21,101732.607421875
gep19,00,2026-05-05,2026-05-26,gcrew,noaa_gefs,19,RH_percent_mean,21,77.47503280639648
gep19,00,2026-05-05,2026-05-26,gcrew,noaa_gefs,19,Rain_mm_sum,21,0.30000000447034836
gep19,00,2026-05-05,2026-05-26,gcrew,noaa_gefs,19,ShortwaveRadiation_Wm2,21,329.75
gep19,00,2026-05-05,2026-05-26,gcrew,noaa_gefs,19,WindSpeed_ms_mean,21,3.7429728329099072
gep19,00,2026-05-05,2026-05-27,gcrew,noaa_gefs,19,AirTemp_C_mean,22,21.092683410644554
gep19,00,2026-05-05,2026-05-27,gcrew,noaa_gefs,19,Pressure_Pa,22,101740.51953125
gep19,00,2026-05-05,2026-05-27,gcrew,noaa_gefs,19,RH_percent_mean,22,84.3672924041748
gep19,00,2026-05-05,2026-05-27,gcrew,noaa_gefs,19,Rain_mm_sum,22,0
gep19,00,2026-05-05,2026-05-27,gcrew,noaa_gefs,19,ShortwaveRadiation_Wm2,22,312.5
gep19,00,2026-05-05,2026-05-27,gcrew,noaa_gefs,19,WindSpeed_ms_mean,22,2.700000293540816
gep19,00,2026-05-05,2026-05-28,gcrew,noaa_gefs,19,AirTemp_C_mean,23,23.88488922119143
gep19,00,2026-05-05,2026-05-28,gcrew,noaa_gefs,19,Pressure_Pa,23,101347.58984375
gep19,00,2026-05-05,2026-05-28,gcrew,noaa_gefs,19,RH_percent_mean,23,75.04574775695801
gep19,00,2026-05-05,2026-05-28,gcrew,noaa_gefs,19,Rain_mm_sum,23,0
gep19,00,2026-05-05,2026-05-28,gcrew,noaa_gefs,19,ShortwaveRadiation_Wm2,23,335.5
gep19,00,2026-05-05,2026-05-28,gcrew,noaa_gefs,19,WindSpeed_ms_mean,23,2.335344468510624
gep19,00,2026-05-05,2026-05-29,gcrew,noaa_gefs,19,AirTemp_C_mean,24,24.74714050292971
gep19,00,2026-05-05,2026-05-29,gcrew,noaa_gefs,19,Pressure_Pa,24,101476.5703125
gep19,00,2026-05-05,2026-05-29,gcrew,noaa_gefs,19,RH_percent_mean,24,72.64131832122803
gep19,00,2026-05-05,2026-05-29,gcrew,noaa_gefs,19,Rain_mm_sum,24,0
gep19,00,2026-05-05,2026-05-29,gcrew,noaa_gefs,19,ShortwaveRadiation_Wm2,24,336
gep19,00,2026-05-05,2026-05-29,gcrew,noaa_gefs,19,WindSpeed_ms_mean,24,1.9586284146796837
gep19,00,2026-05-05,2026-05-30,gcrew,noaa_gefs,19,AirTemp_C_mean,25,24.066796875000023
gep19,00,2026-05-05,2026-05-30,gcrew,noaa_gefs,19,Pressure_Pa,25,101384.1875
gep19,00,2026-05-05,2026-05-30,gcrew,noaa_gefs,19,RH_percent_mean,25,71.36553287506104
gep19,00,2026-05-05,2026-05-30,gcrew,noaa_gefs,19,Rain_mm_sum,25,2.100000001490116
gep19,00,2026-05-05,2026-05-30,gcrew,noaa_gefs,19,ShortwaveRadiation_Wm2,25,336.25
gep19,00,2026-05-05,2026-05-30,gcrew,noaa_gefs,19,WindSpeed_ms_mean,25,2.5700304546198396
gep19,00,2026-05-05,2026-05-31,gcrew,noaa_gefs,19,AirTemp_C_mean,26,20.107537841796898
gep19,00,2026-05-05,2026-05-31,gcrew,noaa_gefs,19,Pressure_Pa,26,101421.41015625
gep19,00,2026-05-05,2026-05-31,gcrew,noaa_gefs,19,RH_percent_mean,26,79.97546768188477
gep19,00,2026-05-05,2026-05-31,gcrew,noaa_gefs,19,Rain_mm_sum,26,7.199999928474426
gep19,00,2026-05-05,2026-05-31,gcrew,noaa_gefs,19,ShortwaveRadiation_Wm2,26,204.5
gep19,00,2026-05-05,2026-05-31,gcrew,noaa_gefs,19,WindSpeed_ms_mean,26,4.440413293057745
gep19,00,2026-05-05,2026-06-01,gcrew,noaa_gefs,19,AirTemp_C_mean,27,18.903489685058616
gep19,00,2026-05-05,2026-06-01,gcrew,noaa_gefs,19,Pressure_Pa,27,101613.822265625
gep19,00,2026-05-05,2026-06-01,gcrew,noaa_gefs,19,RH_percent_mean,27,79.74879264831543
gep19,00,2026-05-05,2026-06-01,gcrew,noaa_gefs,19,Rain_mm_sum,27,0.20000000298023224
gep19,00,2026-05-05,2026-06-01,gcrew,noaa_gefs,19,ShortwaveRadiation_Wm2,27,202
gep19,00,2026-05-05,2026-06-01,gcrew,noaa_gefs,19,WindSpeed_ms_mean,27,2.8618370667271793
gep19,00,2026-05-05,2026-06-02,gcrew,noaa_gefs,19,AirTemp_C_mean,28,23.729150390625023
gep19,00,2026-05-05,2026-06-02,gcrew,noaa_gefs,19,Pressure_Pa,28,101406.4609375
gep19,00,2026-05-05,2026-06-02,gcrew,noaa_gefs,19,RH_percent_mean,28,75.83053302764893
gep19,00,2026-05-05,2026-06-02,gcrew,noaa_gefs,19,Rain_mm_sum,28,4.800000190734863
gep19,00,2026-05-05,2026-06-02,gcrew,noaa_gefs,19,ShortwaveRadiation_Wm2,28,303.25
gep19,00,2026-05-05,2026-06-02,gcrew,noaa_gefs,19,WindSpeed_ms_mean,28,5.180342789756921
gep19,00,2026-05-05,2026-06-03,gcrew,noaa_gefs,19,AirTemp_C_mean,29,22.64240417480471
gep19,00,2026-05-05,2026-06-03,gcrew,noaa_gefs,19,Pressure_Pa,29,101480.6875
gep19,00,2026-05-05,2026-06-03,gcrew,noaa_gefs,19,RH_percent_mean,29,91.867095947265625
gep19,00,2026-05-05,2026-06-03,gcrew,noaa_gefs,19,Rain_mm_sum,29,24.700000166893005
gep19,00,2026-05-05,2026-06-03,gcrew,noaa_gefs,19,ShortwaveRadiation_Wm2,29,176
gep19,00,2026-05-05,2026-06-03,gcrew,noaa_gefs,19,WindSpeed_ms_mean,29,2.8103379804635074
gep19,00,2026-05-05,2026-06-04,gcrew,noaa_gefs,19,AirTemp_C_mean,30,21.24726257324221
gep19,00,2026-05-05,2026-06-04,gcrew,noaa_gefs,19,Pressure_Pa,30,100902.5
gep19,00,2026-05-05,2026-06-04,gcrew,noaa_gefs,19,RH_percent_mean,30,94.49777412414551
gep19,00,2026-05-05,2026-06-04,gcrew,noaa_gefs,19,Rain_mm_sum,30,15.800000429153442
gep19,00,2026-05-05,2026-06-04,gcrew,noaa_gefs,19,ShortwaveRadiation_Wm2,30,96
gep19,00,2026-05-05,2026-06-04,gcrew,noaa_gefs,19,WindSpeed_ms_mean,30,3.624733268214592
gep19,00,2026-05-05,2026-06-05,gcrew,noaa_gefs,19,AirTemp_C_mean,31,17.98151550292971
gep19,00,2026-05-05,2026-06-05,gcrew,noaa_gefs,19,Pressure_Pa,31,101233.8671875
gep19,00,2026-05-05,2026-06-05,gcrew,noaa_gefs,19,RH_percent_mean,31,85.09179496765137
gep19,00,2026-05-05,2026-06-05,gcrew,noaa_gefs,19,Rain_mm_sum,31,0
gep19,00,2026-05-05,2026-06-05,gcrew,noaa_gefs,19,ShortwaveRadiation_Wm2,31,204
gep19,00,2026-05-05,2026-06-05,gcrew,noaa_gefs,19,WindSpeed_ms_mean,31,3.6137171777527146
gep19,00,2026-05-05,2026-06-06,gcrew,noaa_gefs,19,AirTemp_C_mean,32,18.68531188964846
gep19,00,2026-05-05,2026-06-06,gcrew,noaa_gefs,19,Pressure_Pa,32,101418.689453125
gep19,00,2026-05-05,2026-06-06,gcrew,noaa_gefs,19,RH_percent_mean,32,90.20104598999023
gep19,00,2026-05-05,2026-06-06,gcrew,noaa_gefs,19,Rain_mm_sum,32,0.30000000447034836
gep19,00,2026-05-05,2026-06-06,gcrew,noaa_gefs,19,ShortwaveRadiation_Wm2,32,107.25
gep19,00,2026-05-05,2026-06-06,gcrew,noaa_gefs,19,WindSpeed_ms_mean,32,3.7730996520469398
gep19,00,2026-05-05,2026-06-07,gcrew,noaa_gefs,19,AirTemp_C_mean,33,24.139627075195335
gep19,00,2026-05-05,2026-06-07,gcrew,noaa_gefs,19,Pressure_Pa,33,100801.1328125
gep19,00,2026-05-05,2026-06-07,gcrew,noaa_gefs,19,RH_percent_mean,33,81.9941577911377
gep19,00,2026-05-05,2026-06-07,gcrew,noaa_gefs,19,Rain_mm_sum,33,12.999999798834324
gep19,00,2026-05-05,2026-06-07,gcrew,noaa_gefs,19,ShortwaveRadiation_Wm2,33,304.5
gep19,00,2026-05-05,2026-06-07,gcrew,noaa_gefs,19,WindSpeed_ms_mean,33,5.214782697026351
gep19,00,2026-05-05,2026-06-08,gcrew,noaa_gefs,19,AirTemp_C_mean,34,26.755662536621116
gep19,00,2026-05-05,2026-06-08,gcrew,noaa_gefs,19,Pressure_Pa,34,100443.1796875
gep19,00,2026-05-05,2026-06-08,gcrew,noaa_gefs,19,RH_percent_mean,34,68.95762729644775
gep19,00,2026-05-05,2026-06-08,gcrew,noaa_gefs,19,Rain_mm_sum,34,0.4000000134110451
gep19,00,2026-05-05,2026-06-08,gcrew,noaa_gefs,19,ShortwaveRadiation_Wm2,34,343
gep19,00,2026-05-05,2026-06-08,gcrew,noaa_gefs,19,WindSpeed_ms_mean,34,4.0934983365823845
gep20,00,2026-05-05,2026-05-06,gcrew,noaa_gefs,20,AirTemp_C_mean,1,18.317830657959007
gep20,00,2026-05-05,2026-05-06,gcrew,noaa_gefs,20,Pressure_Pa,1,100742.3876953125
gep20,00,2026-05-05,2026-05-06,gcrew,noaa_gefs,20,RH_percent_mean,1,73.999520778656
gep20,00,2026-05-05,2026-05-06,gcrew,noaa_gefs,20,Rain_mm_sum,1,2.9600000381469727
gep20,00,2026-05-05,2026-05-06,gcrew,noaa_gefs,20,ShortwaveRadiation_Wm2,1,112.5
gep20,00,2026-05-05,2026-05-06,gcrew,noaa_gefs,20,WindSpeed_ms_mean,1,7.9482961228732085
gep20,00,2026-05-05,2026-05-07,gcrew,noaa_gefs,20,AirTemp_C_mean,2,13.421441650390648
gep20,00,2026-05-05,2026-05-07,gcrew,noaa_gefs,20,Pressure_Pa,2,100609.435546875
gep20,00,2026-05-05,2026-05-07,gcrew,noaa_gefs,20,RH_percent_mean,2,79.55949878692627
gep20,00,2026-05-05,2026-05-07,gcrew,noaa_gefs,20,Rain_mm_sum,2,3.900000110268593
gep20,00,2026-05-05,2026-05-07,gcrew,noaa_gefs,20,ShortwaveRadiation_Wm2,2,80.875
gep20,00,2026-05-05,2026-05-07,gcrew,noaa_gefs,20,WindSpeed_ms_mean,2,3.7877215286509998
gep20,00,2026-05-05,2026-05-08,gcrew,noaa_gefs,20,AirTemp_C_mean,3,13.444238281250023
gep20,00,2026-05-05,2026-05-08,gcrew,noaa_gefs,20,Pressure_Pa,3,101029.4677734375
gep20,00,2026-05-05,2026-05-08,gcrew,noaa_gefs,20,RH_percent_mean,3,59.61912775039673
gep20,00,2026-05-05,2026-05-08,gcrew,noaa_gefs,20,Rain_mm_sum,3,0
gep20,00,2026-05-05,2026-05-08,gcrew,noaa_gefs,20,ShortwaveRadiation_Wm2,3,310.125
gep20,00,2026-05-05,2026-05-08,gcrew,noaa_gefs,20,WindSpeed_ms_mean,3,4.101767998187636
gep20,00,2026-05-05,2026-05-09,gcrew,noaa_gefs,20,AirTemp_C_mean,4,14.683034515380882
gep20,00,2026-05-05,2026-05-09,gcrew,noaa_gefs,20,Pressure_Pa,4,100504.6123046875
gep20,00,2026-05-05,2026-05-09,gcrew,noaa_gefs,20,RH_percent_mean,4,69.38001728057861
gep20,00,2026-05-05,2026-05-09,gcrew,noaa_gefs,20,Rain_mm_sum,4,3.40000007301569
gep20,00,2026-05-05,2026-05-09,gcrew,noaa_gefs,20,ShortwaveRadiation_Wm2,4,223.375
gep20,00,2026-05-05,2026-05-09,gcrew,noaa_gefs,20,WindSpeed_ms_mean,4,6.089498847817228
gep20,00,2026-05-05,2026-05-10,gcrew,noaa_gefs,20,AirTemp_C_mean,5,14.039365386962913
gep20,00,2026-05-05,2026-05-10,gcrew,noaa_gefs,20,Pressure_Pa,5,101038.7626953125
gep20,00,2026-05-05,2026-05-10,gcrew,noaa_gefs,20,RH_percent_mean,5,62.28422451019287
gep20,00,2026-05-05,2026-05-10,gcrew,noaa_gefs,20,Rain_mm_sum,5,0.4000000059604645
gep20,00,2026-05-05,2026-05-10,gcrew,noaa_gefs,20,ShortwaveRadiation_Wm2,5,321.875
gep20,00,2026-05-05,2026-05-10,gcrew,noaa_gefs,20,WindSpeed_ms_mean,5,4.465990950670339
gep20,00,2026-05-05,2026-05-11,gcrew,noaa_gefs,20,AirTemp_C_mean,6,15.007703399658226
gep20,00,2026-05-05,2026-05-11,gcrew,noaa_gefs,20,Pressure_Pa,6,100972.99609375
gep20,00,2026-05-05,2026-05-11,gcrew,noaa_gefs,20,RH_percent_mean,6,83.72281455993652
gep20,00,2026-05-05,2026-05-11,gcrew,noaa_gefs,20,Rain_mm_sum,6,10.500000238418579
gep20,00,2026-05-05,2026-05-11,gcrew,noaa_gefs,20,ShortwaveRadiation_Wm2,6,318.375
gep20,00,2026-05-05,2026-05-11,gcrew,noaa_gefs,20,WindSpeed_ms_mean,6,3.020219501521629
gep20,00,2026-05-05,2026-05-12,gcrew,noaa_gefs,20,AirTemp_C_mean,7,16.333001708984398
gep20,00,2026-05-05,2026-05-12,gcrew,noaa_gefs,20,Pressure_Pa,7,100487.9833984375
gep20,00,2026-05-05,2026-05-12,gcrew,noaa_gefs,20,RH_percent_mean,7,91.72346305847168
gep20,00,2026-05-05,2026-05-12,gcrew,noaa_gefs,20,Rain_mm_sum,7,22.080000452697277
gep20,00,2026-05-05,2026-05-12,gcrew,noaa_gefs,20,ShortwaveRadiation_Wm2,7,141.625
gep20,00,2026-05-05,2026-05-12,gcrew,noaa_gefs,20,WindSpeed_ms_mean,7,4.752930619586684
gep20,00,2026-05-05,2026-05-13,gcrew,noaa_gefs,20,AirTemp_C_mean,8,13.859941101074241
gep20,00,2026-05-05,2026-05-13,gcrew,noaa_gefs,20,Pressure_Pa,8,100950.2314453125
gep20,00,2026-05-05,2026-05-13,gcrew,noaa_gefs,20,RH_percent_mean,8,60.64580154418945
gep20,00,2026-05-05,2026-05-13,gcrew,noaa_gefs,20,Rain_mm_sum,8,0.699999988079071
gep20,00,2026-05-05,2026-05-13,gcrew,noaa_gefs,20,ShortwaveRadiation_Wm2,8,357.5
gep20,00,2026-05-05,2026-05-13,gcrew,noaa_gefs,20,WindSpeed_ms_mean,8,5.016160868788954
gep20,00,2026-05-05,2026-05-14,gcrew,noaa_gefs,20,AirTemp_C_mean,9,13.323288399832611
gep20,00,2026-05-05,2026-05-14,gcrew,noaa_gefs,20,Pressure_Pa,9,101724.66852678571
gep20,00,2026-05-05,2026-05-14,gcrew,noaa_gefs,20,RH_percent_mean,9,54.3447254725865
gep20,00,2026-05-05,2026-05-14,gcrew,noaa_gefs,20,Rain_mm_sum,9,0
gep20,00,2026-05-05,2026-05-14,gcrew,noaa_gefs,20,ShortwaveRadiation_Wm2,9,409.2857142857143
gep20,00,2026-05-05,2026-05-14,gcrew,noaa_gefs,20,WindSpeed_ms_mean,9,4.204724101810366
gep20,00,2026-05-05,2026-05-15,gcrew,noaa_gefs,20,AirTemp_C_mean,10,13.895341491699241
gep20,00,2026-05-05,2026-05-15,gcrew,noaa_gefs,20,Pressure_Pa,10,101770.98828125
gep20,00,2026-05-05,2026-05-15,gcrew,noaa_gefs,20,RH_percent_mean,10,59.39558792114258
gep20,00,2026-05-05,2026-05-15,gcrew,noaa_gefs,20,Rain_mm_sum,10,0
gep20,00,2026-05-05,2026-05-15,gcrew,noaa_gefs,20,ShortwaveRadiation_Wm2,10,329.5
gep20,00,2026-05-05,2026-05-15,gcrew,noaa_gefs,20,WindSpeed_ms_mean,10,4.301648184988208
gep20,00,2026-05-05,2026-05-16,gcrew,noaa_gefs,20,AirTemp_C_mean,11,12.16132507324221
gep20,00,2026-05-05,2026-05-16,gcrew,noaa_gefs,20,Pressure_Pa,11,101347.048828125
gep20,00,2026-05-05,2026-05-16,gcrew,noaa_gefs,20,RH_percent_mean,11,85.79068565368652
gep20,00,2026-05-05,2026-05-16,gcrew,noaa_gefs,20,Rain_mm_sum,11,3.5000000596046448
gep20,00,2026-05-05,2026-05-16,gcrew,noaa_gefs,20,ShortwaveRadiation_Wm2,11,57.25
gep20,00,2026-05-05,2026-05-16,gcrew,noaa_gefs,20,WindSpeed_ms_mean,11,3.5957713274021446
gep20,00,2026-05-05,2026-05-17,gcrew,noaa_gefs,20,AirTemp_C_mean,12,12.39740905761721
gep20,00,2026-05-05,2026-05-17,gcrew,noaa_gefs,20,Pressure_Pa,12,101498.666015625
gep20,00,2026-05-05,2026-05-17,gcrew,noaa_gefs,20,RH_percent_mean,12,85.35811996459961
gep20,00,2026-05-05,2026-05-17,gcrew,noaa_gefs,20,Rain_mm_sum,12,12.600000239908695
gep20,00,2026-05-05,2026-05-17,gcrew,noaa_gefs,20,ShortwaveRadiation_Wm2,12,68.75
gep20,00,2026-05-05,2026-05-17,gcrew,noaa_gefs,20,WindSpeed_ms_mean,12,4.4423147677144765
gep20,00,2026-05-05,2026-05-18,gcrew,noaa_gefs,20,AirTemp_C_mean,13,12.796853637695335
gep20,00,2026-05-05,2026-05-18,gcrew,noaa_gefs,20,Pressure_Pa,13,102275.958984375
gep20,00,2026-05-05,2026-05-18,gcrew,noaa_gefs,20,RH_percent_mean,13,75.41705131530762
gep20,00,2026-05-05,2026-05-18,gcrew,noaa_gefs,20,Rain_mm_sum,13,3.5000000968575478
gep20,00,2026-05-05,2026-05-18,gcrew,noaa_gefs,20,ShortwaveRadiation_Wm2,13,67.25
gep20,00,2026-05-05,2026-05-18,gcrew,noaa_gefs,20,WindSpeed_ms_mean,13,4.947630717288071
gep20,00,2026-05-05,2026-05-19,gcrew,noaa_gefs,20,AirTemp_C_mean,14,15.980165100097679
gep20,00,2026-05-05,2026-05-19,gcrew,noaa_gefs,20,Pressure_Pa,14,101818.97265625
gep20,00,2026-05-05,2026-05-19,gcrew,noaa_gefs,20,RH_percent_mean,14,94.8867244720459
gep20,00,2026-05-05,2026-05-19,gcrew,noaa_gefs,20,Rain_mm_sum,14,13.600000202655792
gep20,00,2026-05-05,2026-05-19,gcrew,noaa_gefs,20,ShortwaveRadiation_Wm2,14,56.75
gep20,00,2026-05-05,2026-05-19,gcrew,noaa_gefs,20,WindSpeed_ms_mean,14,5.998326923740712
gep20,00,2026-05-05,2026-05-20,gcrew,noaa_gefs,20,AirTemp_C_mean,15,16.34876403808596
gep20,00,2026-05-05,2026-05-20,gcrew,noaa_gefs,20,Pressure_Pa,15,101606.828125
gep20,00,2026-05-05,2026-05-20,gcrew,noaa_gefs,20,RH_percent_mean,15,89.96279335021973
gep20,00,2026-05-05,2026-05-20,gcrew,noaa_gefs,20,Rain_mm_sum,15,0.9000000283122063
gep20,00,2026-05-05,2026-05-20,gcrew,noaa_gefs,20,ShortwaveRadiation_Wm2,15,66.75
gep20,00,2026-05-05,2026-05-20,gcrew,noaa_gefs,20,WindSpeed_ms_mean,15,5.274919119101563
gep20,00,2026-05-05,2026-05-21,gcrew,noaa_gefs,20,AirTemp_C_mean,16,17.079988098144554
gep20,00,2026-05-05,2026-05-21,gcrew,noaa_gefs,20,Pressure_Pa,16,101430.228515625
gep20,00,2026-05-05,2026-05-21,gcrew,noaa_gefs,20,RH_percent_mean,16,92.32025718688965
gep20,00,2026-05-05,2026-05-21,gcrew,noaa_gefs,20,Rain_mm_sum,16,3.6000001206994057
gep20,00,2026-05-05,2026-05-21,gcrew,noaa_gefs,20,ShortwaveRadiation_Wm2,16,134.75
gep20,00,2026-05-05,2026-05-21,gcrew,noaa_gefs,20,WindSpeed_ms_mean,16,4.749984768270614
gep20,00,2026-05-05,2026-05-22,gcrew,noaa_gefs,20,AirTemp_C_mean,17,19.45788726806643
gep20,00,2026-05-05,2026-05-22,gcrew,noaa_gefs,20,Pressure_Pa,17,101787.37109375
gep20,00,2026-05-05,2026-05-22,gcrew,noaa_gefs,20,RH_percent_mean,17,86.58370208740234
gep20,00,2026-05-05,2026-05-22,gcrew,noaa_gefs,20,Rain_mm_sum,17,0.10000000149011612
gep20,00,2026-05-05,2026-05-22,gcrew,noaa_gefs,20,ShortwaveRadiation_Wm2,17,329.5
gep20,00,2026-05-05,2026-05-22,gcrew,noaa_gefs,20,WindSpeed_ms_mean,17,3.421951902917886
gep20,00,2026-05-05,2026-05-23,gcrew,noaa_gefs,20,AirTemp_C_mean,18,19.32135925292971
gep20,00,2026-05-05,2026-05-23,gcrew,noaa_gefs,20,Pressure_Pa,18,102091.19140625
gep20,00,2026-05-05,2026-05-23,gcrew,noaa_gefs,20,RH_percent_mean,18,88.211029052734375
gep20,00,2026-05-05,2026-05-23,gcrew,noaa_gefs,20,Rain_mm_sum,18,0.30000000447034836
gep20,00,2026-05-05,2026-05-23,gcrew,noaa_gefs,20,ShortwaveRadiation_Wm2,18,304
gep20,00,2026-05-05,2026-05-23,gcrew,noaa_gefs,20,WindSpeed_ms_mean,18,2.9632516322381934
gep20,00,2026-05-05,2026-05-24,gcrew,noaa_gefs,20,AirTemp_C_mean,19,19.627183532714866
gep20,00,2026-05-05,2026-05-24,gcrew,noaa_gefs,20,Pressure_Pa,19,102131.763671875
gep20,00,2026-05-05,2026-05-24,gcrew,noaa_gefs,20,RH_percent_mean,19,88.8326587677002
gep20,00,2026-05-05,2026-05-24,gcrew,noaa_gefs,20,Rain_mm_sum,19,0.4000000059604645
gep20,00,2026-05-05,2026-05-24,gcrew,noaa_gefs,20,ShortwaveRadiation_Wm2,19,312.75
gep20,00,2026-05-05,2026-05-24,gcrew,noaa_gefs,20,WindSpeed_ms_mean,19,3.353299723512114
gep20,00,2026-05-05,2026-05-25,gcrew,noaa_gefs,20,AirTemp_C_mean,20,22.220193481445335
gep20,00,2026-05-05,2026-05-25,gcrew,noaa_gefs,20,Pressure_Pa,20,101920.87109375
gep20,00,2026-05-05,2026-05-25,gcrew,noaa_gefs,20,RH_percent_mean,20,80.57049751281738
gep20,00,2026-05-05,2026-05-25,gcrew,noaa_gefs,20,Rain_mm_sum,20,0
gep20,00,2026-05-05,2026-05-25,gcrew,noaa_gefs,20,ShortwaveRadiation_Wm2,20,332
gep20,00,2026-05-05,2026-05-25,gcrew,noaa_gefs,20,WindSpeed_ms_mean,20,2.332214280423385
gep20,00,2026-05-05,2026-05-26,gcrew,noaa_gefs,20,AirTemp_C_mean,21,23.644677734375023
gep20,00,2026-05-05,2026-05-26,gcrew,noaa_gefs,20,Pressure_Pa,21,101732.607421875
gep20,00,2026-05-05,2026-05-26,gcrew,noaa_gefs,20,RH_percent_mean,21,77.47503280639648
gep20,00,2026-05-05,2026-05-26,gcrew,noaa_gefs,20,Rain_mm_sum,21,0.30000000447034836
gep20,00,2026-05-05,2026-05-26,gcrew,noaa_gefs,20,ShortwaveRadiation_Wm2,21,329.75
gep20,00,2026-05-05,2026-05-26,gcrew,noaa_gefs,20,WindSpeed_ms_mean,21,3.7429728329099072
gep20,00,2026-05-05,2026-05-27,gcrew,noaa_gefs,20,AirTemp_C_mean,22,21.092683410644554
gep20,00,2026-05-05,2026-05-27,gcrew,noaa_gefs,20,Pressure_Pa,22,101740.51953125
gep20,00,2026-05-05,2026-05-27,gcrew,noaa_gefs,20,RH_percent_mean,22,84.3672924041748
gep20,00,2026-05-05,2026-05-27,gcrew,noaa_gefs,20,Rain_mm_sum,22,0
gep20,00,2026-05-05,2026-05-27,gcrew,noaa_gefs,20,ShortwaveRadiation_Wm2,22,312.5
gep20,00,2026-05-05,2026-05-27,gcrew,noaa_gefs,20,WindSpeed_ms_mean,22,2.700000293540816
gep20,00,2026-05-05,2026-05-28,gcrew,noaa_gefs,20,AirTemp_C_mean,23,23.88488922119143
gep20,00,2026-05-05,2026-05-28,gcrew,noaa_gefs,20,Pressure_Pa,23,101347.58984375
gep20,00,2026-05-05,2026-05-28,gcrew,noaa_gefs,20,RH_percent_mean,23,75.04574775695801
gep20,00,2026-05-05,2026-05-28,gcrew,noaa_gefs,20,Rain_mm_sum,23,0
gep20,00,2026-05-05,2026-05-28,gcrew,noaa_gefs,20,ShortwaveRadiation_Wm2,23,335.5
gep20,00,2026-05-05,2026-05-28,gcrew,noaa_gefs,20,WindSpeed_ms_mean,23,2.335344468510624
gep20,00,2026-05-05,2026-05-29,gcrew,noaa_gefs,20,AirTemp_C_mean,24,24.74714050292971
gep20,00,2026-05-05,2026-05-29,gcrew,noaa_gefs,20,Pressure_Pa,24,101476.5703125
gep20,00,2026-05-05,2026-05-29,gcrew,noaa_gefs,20,RH_percent_mean,24,72.64131832122803
gep20,00,2026-05-05,2026-05-29,gcrew,noaa_gefs,20,Rain_mm_sum,24,0
gep20,00,2026-05-05,2026-05-29,gcrew,noaa_gefs,20,ShortwaveRadiation_Wm2,24,336
gep20,00,2026-05-05,2026-05-29,gcrew,noaa_gefs,20,WindSpeed_ms_mean,24,1.9586284146796837
gep20,00,2026-05-05,2026-05-30,gcrew,noaa_gefs,20,AirTemp_C_mean,25,24.066796875000023
gep20,00,2026-05-05,2026-05-30,gcrew,noaa_gefs,20,Pressure_Pa,25,101384.1875
gep20,00,2026-05-05,2026-05-30,gcrew,noaa_gefs,20,RH_percent_mean,25,71.36553287506104
gep20,00,2026-05-05,2026-05-30,gcrew,noaa_gefs,20,Rain_mm_sum,25,2.100000001490116
gep20,00,2026-05-05,2026-05-30,gcrew,noaa_gefs,20,ShortwaveRadiation_Wm2,25,336.25
gep20,00,2026-05-05,2026-05-30,gcrew,noaa_gefs,20,WindSpeed_ms_mean,25,2.5700304546198396
gep20,00,2026-05-05,2026-05-31,gcrew,noaa_gefs,20,AirTemp_C_mean,26,20.107537841796898
gep20,00,2026-05-05,2026-05-31,gcrew,noaa_gefs,20,Pressure_Pa,26,101421.41015625
gep20,00,2026-05-05,2026-05-31,gcrew,noaa_gefs,20,RH_percent_mean,26,79.97546768188477
gep20,00,2026-05-05,2026-05-31,gcrew,noaa_gefs,20,Rain_mm_sum,26,7.199999928474426
gep20,00,2026-05-05,2026-05-31,gcrew,noaa_gefs,20,ShortwaveRadiation_Wm2,26,204.5
gep20,00,2026-05-05,2026-05-31,gcrew,noaa_gefs,20,WindSpeed_ms_mean,26,4.440413293057745
gep20,00,2026-05-05,2026-06-01,gcrew,noaa_gefs,20,AirTemp_C_mean,27,18.903489685058616
gep20,00,2026-05-05,2026-06-01,gcrew,noaa_gefs,20,Pressure_Pa,27,101613.822265625
gep20,00,2026-05-05,2026-06-01,gcrew,noaa_gefs,20,RH_percent_mean,27,79.74879264831543
gep20,00,2026-05-05,2026-06-01,gcrew,noaa_gefs,20,Rain_mm_sum,27,0.20000000298023224
gep20,00,2026-05-05,2026-06-01,gcrew,noaa_gefs,20,ShortwaveRadiation_Wm2,27,202
gep20,00,2026-05-05,2026-06-01,gcrew,noaa_gefs,20,WindSpeed_ms_mean,27,2.8618370667271793
gep20,00,2026-05-05,2026-06-02,gcrew,noaa_gefs,20,AirTemp_C_mean,28,23.729150390625023
gep20,00,2026-05-05,2026-06-02,gcrew,noaa_gefs,20,Pressure_Pa,28,101406.4609375
gep20,00,2026-05-05,2026-06-02,gcrew,noaa_gefs,20,RH_percent_mean,28,75.83053302764893
gep20,00,2026-05-05,2026-06-02,gcrew,noaa_gefs,20,Rain_mm_sum,28,4.800000190734863
gep20,00,2026-05-05,2026-06-02,gcrew,noaa_gefs,20,ShortwaveRadiation_Wm2,28,303.25
gep20,00,2026-05-05,2026-06-02,gcrew,noaa_gefs,20,WindSpeed_ms_mean,28,5.180342789756921
gep20,00,2026-05-05,2026-06-03,gcrew,noaa_gefs,20,AirTemp_C_mean,29,22.64240417480471
gep20,00,2026-05-05,2026-06-03,gcrew,noaa_gefs,20,Pressure_Pa,29,101480.6875
gep20,00,2026-05-05,2026-06-03,gcrew,noaa_gefs,20,RH_percent_mean,29,91.867095947265625
gep20,00,2026-05-05,2026-06-03,gcrew,noaa_gefs,20,Rain_mm_sum,29,24.700000166893005
gep20,00,2026-05-05,2026-06-03,gcrew,noaa_gefs,20,ShortwaveRadiation_Wm2,29,176
gep20,00,2026-05-05,2026-06-03,gcrew,noaa_gefs,20,WindSpeed_ms_mean,29,2.8103379804635074
gep20,00,2026-05-05,2026-06-04,gcrew,noaa_gefs,20,AirTemp_C_mean,30,21.24726257324221
gep20,00,2026-05-05,2026-06-04,gcrew,noaa_gefs,20,Pressure_Pa,30,100902.5
gep20,00,2026-05-05,2026-06-04,gcrew,noaa_gefs,20,RH_percent_mean,30,94.49777412414551
gep20,00,2026-05-05,2026-06-04,gcrew,noaa_gefs,20,Rain_mm_sum,30,15.800000429153442
gep20,00,2026-05-05,2026-06-04,gcrew,noaa_gefs,20,ShortwaveRadiation_Wm2,30,96
gep20,00,2026-05-05,2026-06-04,gcrew,noaa_gefs,20,WindSpeed_ms_mean,30,3.624733268214592
gep20,00,2026-05-05,2026-06-05,gcrew,noaa_gefs,20,AirTemp_C_mean,31,17.98151550292971
gep20,00,2026-05-05,2026-06-05,gcrew,noaa_gefs,20,Pressure_Pa,31,101233.8671875
gep20,00,2026-05-05,2026-06-05,gcrew,noaa_gefs,20,RH_percent_mean,31,85.09179496765137
gep20,00,2026-05-05,2026-06-05,gcrew,noaa_gefs,20,Rain_mm_sum,31,0
gep20,00,2026-05-05,2026-06-05,gcrew,noaa_gefs,20,ShortwaveRadiation_Wm2,31,204
gep20,00,2026-05-05,2026-06-05,gcrew,noaa_gefs,20,WindSpeed_ms_mean,31,3.6137171777527146
gep20,00,2026-05-05,2026-06-06,gcrew,noaa_gefs,20,AirTemp_C_mean,32,18.68531188964846
gep20,00,2026-05-05,2026-06-06,gcrew,noaa_gefs,20,Pressure_Pa,32,101418.689453125
gep20,00,2026-05-05,2026-06-06,gcrew,noaa_gefs,20,RH_percent_mean,32,90.20104598999023
gep20,00,2026-05-05,2026-06-06,gcrew,noaa_gefs,20,Rain_mm_sum,32,0.30000000447034836
gep20,00,2026-05-05,2026-06-06,gcrew,noaa_gefs,20,ShortwaveRadiation_Wm2,32,107.25
gep20,00,2026-05-05,2026-06-06,gcrew,noaa_gefs,20,WindSpeed_ms_mean,32,3.7730996520469398
gep20,00,2026-05-05,2026-06-07,gcrew,noaa_gefs,20,AirTemp_C_mean,33,24.139627075195335
gep20,00,2026-05-05,2026-06-07,gcrew,noaa_gefs,20,Pressure_Pa,33,100801.1328125
gep20,00,2026-05-05,2026-06-07,gcrew,noaa_gefs,20,RH_percent_mean,33,81.9941577911377
gep20,00,2026-05-05,2026-06-07,gcrew,noaa_gefs,20,Rain_mm_sum,33,12.999999798834324
gep20,00,2026-05-05,2026-06-07,gcrew,noaa_gefs,20,ShortwaveRadiation_Wm2,33,304.5
gep20,00,2026-05-05,2026-06-07,gcrew,noaa_gefs,20,WindSpeed_ms_mean,33,5.214782697026351
gep20,00,2026-05-05,2026-06-08,gcrew,noaa_gefs,20,AirTemp_C_mean,34,26.755662536621116
gep20,00,2026-05-05,2026-06-08,gcrew,noaa_gefs,20,Pressure_Pa,34,100443.1796875
gep20,00,2026-05-05,2026-06-08,gcrew,noaa_gefs,20,RH_percent_mean,34,68.95762729644775
gep20,00,2026-05-05,2026-06-08,gcrew,noaa_gefs,20,Rain_mm_sum,34,0.4000000134110451
gep20,00,2026-05-05,2026-06-08,gcrew,noaa_gefs,20,ShortwaveRadiation_Wm2,34,343
gep20,00,2026-05-05,2026-06-08,gcrew,noaa_gefs,20,WindSpeed_ms_mean,34,4.0934983365823845
gep21,00,2026-05-05,2026-05-06,gcrew,noaa_gefs,21,AirTemp_C_mean,1,18.317830657959007
gep21,00,2026-05-05,2026-05-06,gcrew,noaa_gefs,21,Pressure_Pa,1,100742.3876953125
gep21,00,2026-05-05,2026-05-06,gcrew,noaa_gefs,21,RH_percent_mean,1,73.999520778656
gep21,00,2026-05-05,2026-05-06,gcrew,noaa_gefs,21,Rain_mm_sum,1,2.9600000381469727
gep21,00,2026-05-05,2026-05-06,gcrew,noaa_gefs,21,ShortwaveRadiation_Wm2,1,112.5
gep21,00,2026-05-05,2026-05-06,gcrew,noaa_gefs,21,WindSpeed_ms_mean,1,7.9482961228732085
gep21,00,2026-05-05,2026-05-07,gcrew,noaa_gefs,21,AirTemp_C_mean,2,13.421441650390648
gep21,00,2026-05-05,2026-05-07,gcrew,noaa_gefs,21,Pressure_Pa,2,100609.435546875
gep21,00,2026-05-05,2026-05-07,gcrew,noaa_gefs,21,RH_percent_mean,2,79.55949878692627
gep21,00,2026-05-05,2026-05-07,gcrew,noaa_gefs,21,Rain_mm_sum,2,3.900000110268593
gep21,00,2026-05-05,2026-05-07,gcrew,noaa_gefs,21,ShortwaveRadiation_Wm2,2,80.875
gep21,00,2026-05-05,2026-05-07,gcrew,noaa_gefs,21,WindSpeed_ms_mean,2,3.7877215286509998
gep21,00,2026-05-05,2026-05-08,gcrew,noaa_gefs,21,AirTemp_C_mean,3,13.444238281250023
gep21,00,2026-05-05,2026-05-08,gcrew,noaa_gefs,21,Pressure_Pa,3,101029.4677734375
gep21,00,2026-05-05,2026-05-08,gcrew,noaa_gefs,21,RH_percent_mean,3,59.61912775039673
gep21,00,2026-05-05,2026-05-08,gcrew,noaa_gefs,21,Rain_mm_sum,3,0
gep21,00,2026-05-05,2026-05-08,gcrew,noaa_gefs,21,ShortwaveRadiation_Wm2,3,310.125
gep21,00,2026-05-05,2026-05-08,gcrew,noaa_gefs,21,WindSpeed_ms_mean,3,4.101767998187636
gep21,00,2026-05-05,2026-05-09,gcrew,noaa_gefs,21,AirTemp_C_mean,4,14.683034515380882
gep21,00,2026-05-05,2026-05-09,gcrew,noaa_gefs,21,Pressure_Pa,4,100504.6123046875
gep21,00,2026-05-05,2026-05-09,gcrew,noaa_gefs,21,RH_percent_mean,4,69.38001728057861
gep21,00,2026-05-05,2026-05-09,gcrew,noaa_gefs,21,Rain_mm_sum,4,3.40000007301569
gep21,00,2026-05-05,2026-05-09,gcrew,noaa_gefs,21,ShortwaveRadiation_Wm2,4,223.375
gep21,00,2026-05-05,2026-05-09,gcrew,noaa_gefs,21,WindSpeed_ms_mean,4,6.089498847817228
gep21,00,2026-05-05,2026-05-10,gcrew,noaa_gefs,21,AirTemp_C_mean,5,14.039365386962913
gep21,00,2026-05-05,2026-05-10,gcrew,noaa_gefs,21,Pressure_Pa,5,101038.7626953125
gep21,00,2026-05-05,2026-05-10,gcrew,noaa_gefs,21,RH_percent_mean,5,62.28422451019287
gep21,00,2026-05-05,2026-05-10,gcrew,noaa_gefs,21,Rain_mm_sum,5,0.4000000059604645
gep21,00,2026-05-05,2026-05-10,gcrew,noaa_gefs,21,ShortwaveRadiation_Wm2,5,321.875
gep21,00,2026-05-05,2026-05-10,gcrew,noaa_gefs,21,WindSpeed_ms_mean,5,4.465990950670339
gep21,00,2026-05-05,2026-05-11,gcrew,noaa_gefs,21,AirTemp_C_mean,6,15.007703399658226
gep21,00,2026-05-05,2026-05-11,gcrew,noaa_gefs,21,Pressure_Pa,6,100972.99609375
gep21,00,2026-05-05,2026-05-11,gcrew,noaa_gefs,21,RH_percent_mean,6,83.72281455993652
gep21,00,2026-05-05,2026-05-11,gcrew,noaa_gefs,21,Rain_mm_sum,6,10.500000238418579
gep21,00,2026-05-05,2026-05-11,gcrew,noaa_gefs,21,ShortwaveRadiation_Wm2,6,318.375
gep21,00,2026-05-05,2026-05-11,gcrew,noaa_gefs,21,WindSpeed_ms_mean,6,3.020219501521629
gep21,00,2026-05-05,2026-05-12,gcrew,noaa_gefs,21,AirTemp_C_mean,7,16.333001708984398
gep21,00,2026-05-05,2026-05-12,gcrew,noaa_gefs,21,Pressure_Pa,7,100487.9833984375
gep21,00,2026-05-05,2026-05-12,gcrew,noaa_gefs,21,RH_percent_mean,7,91.72346305847168
gep21,00,2026-05-05,2026-05-12,gcrew,noaa_gefs,21,Rain_mm_sum,7,22.080000452697277
gep21,00,2026-05-05,2026-05-12,gcrew,noaa_gefs,21,ShortwaveRadiation_Wm2,7,141.625
gep21,00,2026-05-05,2026-05-12,gcrew,noaa_gefs,21,WindSpeed_ms_mean,7,4.752930619586684
gep21,00,2026-05-05,2026-05-13,gcrew,noaa_gefs,21,AirTemp_C_mean,8,13.859941101074241
gep21,00,2026-05-05,2026-05-13,gcrew,noaa_gefs,21,Pressure_Pa,8,100950.2314453125
gep21,00,2026-05-05,2026-05-13,gcrew,noaa_gefs,21,RH_percent_mean,8,60.64580154418945
gep21,00,2026-05-05,2026-05-13,gcrew,noaa_gefs,21,Rain_mm_sum,8,0.699999988079071
gep21,00,2026-05-05,2026-05-13,gcrew,noaa_gefs,21,ShortwaveRadiation_Wm2,8,357.5
gep21,00,2026-05-05,2026-05-13,gcrew,noaa_gefs,21,WindSpeed_ms_mean,8,5.016160868788954
gep21,00,2026-05-05,2026-05-14,gcrew,noaa_gefs,21,AirTemp_C_mean,9,13.323288399832611
gep21,00,2026-05-05,2026-05-14,gcrew,noaa_gefs,21,Pressure_Pa,9,101724.66852678571
gep21,00,2026-05-05,2026-05-14,gcrew,noaa_gefs,21,RH_percent_mean,9,54.3447254725865
gep21,00,2026-05-05,2026-05-14,gcrew,noaa_gefs,21,Rain_mm_sum,9,0
gep21,00,2026-05-05,2026-05-14,gcrew,noaa_gefs,21,ShortwaveRadiation_Wm2,9,409.2857142857143
gep21,00,2026-05-05,2026-05-14,gcrew,noaa_gefs,21,WindSpeed_ms_mean,9,4.204724101810366
gep21,00,2026-05-05,2026-05-15,gcrew,noaa_gefs,21,AirTemp_C_mean,10,13.895341491699241
gep21,00,2026-05-05,2026-05-15,gcrew,noaa_gefs,21,Pressure_Pa,10,101770.98828125
gep21,00,2026-05-05,2026-05-15,gcrew,noaa_gefs,21,RH_percent_mean,10,59.39558792114258
gep21,00,2026-05-05,2026-05-15,gcrew,noaa_gefs,21,Rain_mm_sum,10,0
gep21,00,2026-05-05,2026-05-15,gcrew,noaa_gefs,21,ShortwaveRadiation_Wm2,10,329.5
gep21,00,2026-05-05,2026-05-15,gcrew,noaa_gefs,21,WindSpeed_ms_mean,10,4.301648184988208
gep21,00,2026-05-05,2026-05-16,gcrew,noaa_gefs,21,AirTemp_C_mean,11,12.16132507324221
gep21,00,2026-05-05,2026-05-16,gcrew,noaa_gefs,21,Pressure_Pa,11,101347.048828125
gep21,00,2026-05-05,2026-05-16,gcrew,noaa_gefs,21,RH_percent_mean,11,85.79068565368652
gep21,00,2026-05-05,2026-05-16,gcrew,noaa_gefs,21,Rain_mm_sum,11,3.5000000596046448
gep21,00,2026-05-05,2026-05-16,gcrew,noaa_gefs,21,ShortwaveRadiation_Wm2,11,57.25
gep21,00,2026-05-05,2026-05-16,gcrew,noaa_gefs,21,WindSpeed_ms_mean,11,3.5957713274021446
gep21,00,2026-05-05,2026-05-17,gcrew,noaa_gefs,21,AirTemp_C_mean,12,12.39740905761721
gep21,00,2026-05-05,2026-05-17,gcrew,noaa_gefs,21,Pressure_Pa,12,101498.666015625
gep21,00,2026-05-05,2026-05-17,gcrew,noaa_gefs,21,RH_percent_mean,12,85.35811996459961
gep21,00,2026-05-05,2026-05-17,gcrew,noaa_gefs,21,Rain_mm_sum,12,12.600000239908695
gep21,00,2026-05-05,2026-05-17,gcrew,noaa_gefs,21,ShortwaveRadiation_Wm2,12,68.75
gep21,00,2026-05-05,2026-05-17,gcrew,noaa_gefs,21,WindSpeed_ms_mean,12,4.4423147677144765
gep21,00,2026-05-05,2026-05-18,gcrew,noaa_gefs,21,AirTemp_C_mean,13,12.796853637695335
gep21,00,2026-05-05,2026-05-18,gcrew,noaa_gefs,21,Pressure_Pa,13,102275.958984375
gep21,00,2026-05-05,2026-05-18,gcrew,noaa_gefs,21,RH_percent_mean,13,75.41705131530762
gep21,00,2026-05-05,2026-05-18,gcrew,noaa_gefs,21,Rain_mm_sum,13,3.5000000968575478
gep21,00,2026-05-05,2026-05-18,gcrew,noaa_gefs,21,ShortwaveRadiation_Wm2,13,67.25
gep21,00,2026-05-05,2026-05-18,gcrew,noaa_gefs,21,WindSpeed_ms_mean,13,4.947630717288071
gep21,00,2026-05-05,2026-05-19,gcrew,noaa_gefs,21,AirTemp_C_mean,14,15.980165100097679
gep21,00,2026-05-05,2026-05-19,gcrew,noaa_gefs,21,Pressure_Pa,14,101818.97265625
gep21,00,2026-05-05,2026-05-19,gcrew,noaa_gefs,21,RH_percent_mean,14,94.8867244720459
gep21,00,2026-05-05,2026-05-19,gcrew,noaa_gefs,21,Rain_mm_sum,14,13.600000202655792
gep21,00,2026-05-05,2026-05-19,gcrew,noaa_gefs,21,ShortwaveRadiation_Wm2,14,56.75
gep21,00,2026-05-05,2026-05-19,gcrew,noaa_gefs,21,WindSpeed_ms_mean,14,5.998326923740712
gep21,00,2026-05-05,2026-05-20,gcrew,noaa_gefs,21,AirTemp_C_mean,15,16.34876403808596
gep21,00,2026-05-05,2026-05-20,gcrew,noaa_gefs,21,Pressure_Pa,15,101606.828125
gep21,00,2026-05-05,2026-05-20,gcrew,noaa_gefs,21,RH_percent_mean,15,89.96279335021973
gep21,00,2026-05-05,2026-05-20,gcrew,noaa_gefs,21,Rain_mm_sum,15,0.9000000283122063
gep21,00,2026-05-05,2026-05-20,gcrew,noaa_gefs,21,ShortwaveRadiation_Wm2,15,66.75
gep21,00,2026-05-05,2026-05-20,gcrew,noaa_gefs,21,WindSpeed_ms_mean,15,5.274919119101563
gep21,00,2026-05-05,2026-05-21,gcrew,noaa_gefs,21,AirTemp_C_mean,16,17.079988098144554
gep21,00,2026-05-05,2026-05-21,gcrew,noaa_gefs,21,Pressure_Pa,16,101430.228515625
gep21,00,2026-05-05,2026-05-21,gcrew,noaa_gefs,21,RH_percent_mean,16,92.32025718688965
gep21,00,2026-05-05,2026-05-21,gcrew,noaa_gefs,21,Rain_mm_sum,16,3.6000001206994057
gep21,00,2026-05-05,2026-05-21,gcrew,noaa_gefs,21,ShortwaveRadiation_Wm2,16,134.75
gep21,00,2026-05-05,2026-05-21,gcrew,noaa_gefs,21,WindSpeed_ms_mean,16,4.749984768270614
gep21,00,2026-05-05,2026-05-22,gcrew,noaa_gefs,21,AirTemp_C_mean,17,19.45788726806643
gep21,00,2026-05-05,2026-05-22,gcrew,noaa_gefs,21,Pressure_Pa,17,101787.37109375
gep21,00,2026-05-05,2026-05-22,gcrew,noaa_gefs,21,RH_percent_mean,17,86.58370208740234
gep21,00,2026-05-05,2026-05-22,gcrew,noaa_gefs,21,Rain_mm_sum,17,0.10000000149011612
gep21,00,2026-05-05,2026-05-22,gcrew,noaa_gefs,21,ShortwaveRadiation_Wm2,17,329.5
gep21,00,2026-05-05,2026-05-22,gcrew,noaa_gefs,21,WindSpeed_ms_mean,17,3.421951902917886
gep21,00,2026-05-05,2026-05-23,gcrew,noaa_gefs,21,AirTemp_C_mean,18,19.32135925292971
gep21,00,2026-05-05,2026-05-23,gcrew,noaa_gefs,21,Pressure_Pa,18,102091.19140625
gep21,00,2026-05-05,2026-05-23,gcrew,noaa_gefs,21,RH_percent_mean,18,88.211029052734375
gep21,00,2026-05-05,2026-05-23,gcrew,noaa_gefs,21,Rain_mm_sum,18,0.30000000447034836
gep21,00,2026-05-05,2026-05-23,gcrew,noaa_gefs,21,ShortwaveRadiation_Wm2,18,304
gep21,00,2026-05-05,2026-05-23,gcrew,noaa_gefs,21,WindSpeed_ms_mean,18,2.9632516322381934
gep21,00,2026-05-05,2026-05-24,gcrew,noaa_gefs,21,AirTemp_C_mean,19,19.627183532714866
gep21,00,2026-05-05,2026-05-24,gcrew,noaa_gefs,21,Pressure_Pa,19,102131.763671875
gep21,00,2026-05-05,2026-05-24,gcrew,noaa_gefs,21,RH_percent_mean,19,88.8326587677002
gep21,00,2026-05-05,2026-05-24,gcrew,noaa_gefs,21,Rain_mm_sum,19,0.4000000059604645
gep21,00,2026-05-05,2026-05-24,gcrew,noaa_gefs,21,ShortwaveRadiation_Wm2,19,312.75
gep21,00,2026-05-05,2026-05-24,gcrew,noaa_gefs,21,WindSpeed_ms_mean,19,3.353299723512114
gep21,00,2026-05-05,2026-05-25,gcrew,noaa_gefs,21,AirTemp_C_mean,20,22.220193481445335
gep21,00,2026-05-05,2026-05-25,gcrew,noaa_gefs,21,Pressure_Pa,20,101920.87109375
gep21,00,2026-05-05,2026-05-25,gcrew,noaa_gefs,21,RH_percent_mean,20,80.57049751281738
gep21,00,2026-05-05,2026-05-25,gcrew,noaa_gefs,21,Rain_mm_sum,20,0
gep21,00,2026-05-05,2026-05-25,gcrew,noaa_gefs,21,ShortwaveRadiation_Wm2,20,332
gep21,00,2026-05-05,2026-05-25,gcrew,noaa_gefs,21,WindSpeed_ms_mean,20,2.332214280423385
gep21,00,2026-05-05,2026-05-26,gcrew,noaa_gefs,21,AirTemp_C_mean,21,23.644677734375023
gep21,00,2026-05-05,2026-05-26,gcrew,noaa_gefs,21,Pressure_Pa,21,101732.607421875
gep21,00,2026-05-05,2026-05-26,gcrew,noaa_gefs,21,RH_percent_mean,21,77.47503280639648
gep21,00,2026-05-05,2026-05-26,gcrew,noaa_gefs,21,Rain_mm_sum,21,0.30000000447034836
gep21,00,2026-05-05,2026-05-26,gcrew,noaa_gefs,21,ShortwaveRadiation_Wm2,21,329.75
gep21,00,2026-05-05,2026-05-26,gcrew,noaa_gefs,21,WindSpeed_ms_mean,21,3.7429728329099072
gep21,00,2026-05-05,2026-05-27,gcrew,noaa_gefs,21,AirTemp_C_mean,22,21.092683410644554
gep21,00,2026-05-05,2026-05-27,gcrew,noaa_gefs,21,Pressure_Pa,22,101740.51953125
gep21,00,2026-05-05,2026-05-27,gcrew,noaa_gefs,21,RH_percent_mean,22,84.3672924041748
gep21,00,2026-05-05,2026-05-27,gcrew,noaa_gefs,21,Rain_mm_sum,22,0
gep21,00,2026-05-05,2026-05-27,gcrew,noaa_gefs,21,ShortwaveRadiation_Wm2,22,312.5
gep21,00,2026-05-05,2026-05-27,gcrew,noaa_gefs,21,WindSpeed_ms_mean,22,2.700000293540816
gep21,00,2026-05-05,2026-05-28,gcrew,noaa_gefs,21,AirTemp_C_mean,23,23.88488922119143
gep21,00,2026-05-05,2026-05-28,gcrew,noaa_gefs,21,Pressure_Pa,23,101347.58984375
gep21,00,2026-05-05,2026-05-28,gcrew,noaa_gefs,21,RH_percent_mean,23,75.04574775695801
gep21,00,2026-05-05,2026-05-28,gcrew,noaa_gefs,21,Rain_mm_sum,23,0
gep21,00,2026-05-05,2026-05-28,gcrew,noaa_gefs,21,ShortwaveRadiation_Wm2,23,335.5
gep21,00,2026-05-05,2026-05-28,gcrew,noaa_gefs,21,WindSpeed_ms_mean,23,2.335344468510624
gep21,00,2026-05-05,2026-05-29,gcrew,noaa_gefs,21,AirTemp_C_mean,24,24.74714050292971
gep21,00,2026-05-05,2026-05-29,gcrew,noaa_gefs,21,Pressure_Pa,24,101476.5703125
gep21,00,2026-05-05,2026-05-29,gcrew,noaa_gefs,21,RH_percent_mean,24,72.64131832122803
gep21,00,2026-05-05,2026-05-29,gcrew,noaa_gefs,21,Rain_mm_sum,24,0
gep21,00,2026-05-05,2026-05-29,gcrew,noaa_gefs,21,ShortwaveRadiation_Wm2,24,336
gep21,00,2026-05-05,2026-05-29,gcrew,noaa_gefs,21,WindSpeed_ms_mean,24,1.9586284146796837
gep21,00,2026-05-05,2026-05-30,gcrew,noaa_gefs,21,AirTemp_C_mean,25,24.066796875000023
gep21,00,2026-05-05,2026-05-30,gcrew,noaa_gefs,21,Pressure_Pa,25,101384.1875
gep21,00,2026-05-05,2026-05-30,gcrew,noaa_gefs,21,RH_percent_mean,25,71.36553287506104
gep21,00,2026-05-05,2026-05-30,gcrew,noaa_gefs,21,Rain_mm_sum,25,2.100000001490116
gep21,00,2026-05-05,2026-05-30,gcrew,noaa_gefs,21,ShortwaveRadiation_Wm2,25,336.25
gep21,00,2026-05-05,2026-05-30,gcrew,noaa_gefs,21,WindSpeed_ms_mean,25,2.5700304546198396
gep21,00,2026-05-05,2026-05-31,gcrew,noaa_gefs,21,AirTemp_C_mean,26,20.107537841796898
gep21,00,2026-05-05,2026-05-31,gcrew,noaa_gefs,21,Pressure_Pa,26,101421.41015625
gep21,00,2026-05-05,2026-05-31,gcrew,noaa_gefs,21,RH_percent_mean,26,79.97546768188477
gep21,00,2026-05-05,2026-05-31,gcrew,noaa_gefs,21,Rain_mm_sum,26,7.199999928474426
gep21,00,2026-05-05,2026-05-31,gcrew,noaa_gefs,21,ShortwaveRadiation_Wm2,26,204.5
gep21,00,2026-05-05,2026-05-31,gcrew,noaa_gefs,21,WindSpeed_ms_mean,26,4.440413293057745
gep21,00,2026-05-05,2026-06-01,gcrew,noaa_gefs,21,AirTemp_C_mean,27,18.903489685058616
gep21,00,2026-05-05,2026-06-01,gcrew,noaa_gefs,21,Pressure_Pa,27,101613.822265625
gep21,00,2026-05-05,2026-06-01,gcrew,noaa_gefs,21,RH_percent_mean,27,79.74879264831543
gep21,00,2026-05-05,2026-06-01,gcrew,noaa_gefs,21,Rain_mm_sum,27,0.20000000298023224
gep21,00,2026-05-05,2026-06-01,gcrew,noaa_gefs,21,ShortwaveRadiation_Wm2,27,202
gep21,00,2026-05-05,2026-06-01,gcrew,noaa_gefs,21,WindSpeed_ms_mean,27,2.8618370667271793
gep21,00,2026-05-05,2026-06-02,gcrew,noaa_gefs,21,AirTemp_C_mean,28,23.729150390625023
gep21,00,2026-05-05,2026-06-02,gcrew,noaa_gefs,21,Pressure_Pa,28,101406.4609375
gep21,00,2026-05-05,2026-06-02,gcrew,noaa_gefs,21,RH_percent_mean,28,75.83053302764893
gep21,00,2026-05-05,2026-06-02,gcrew,noaa_gefs,21,Rain_mm_sum,28,4.800000190734863
gep21,00,2026-05-05,2026-06-02,gcrew,noaa_gefs,21,ShortwaveRadiation_Wm2,28,303.25
gep21,00,2026-05-05,2026-06-02,gcrew,noaa_gefs,21,WindSpeed_ms_mean,28,5.180342789756921
gep21,00,2026-05-05,2026-06-03,gcrew,noaa_gefs,21,AirTemp_C_mean,29,22.64240417480471
gep21,00,2026-05-05,2026-06-03,gcrew,noaa_gefs,21,Pressure_Pa,29,101480.6875
gep21,00,2026-05-05,2026-06-03,gcrew,noaa_gefs,21,RH_percent_mean,29,91.867095947265625
gep21,00,2026-05-05,2026-06-03,gcrew,noaa_gefs,21,Rain_mm_sum,29,24.700000166893005
gep21,00,2026-05-05,2026-06-03,gcrew,noaa_gefs,21,ShortwaveRadiation_Wm2,29,176
gep21,00,2026-05-05,2026-06-03,gcrew,noaa_gefs,21,WindSpeed_ms_mean,29,2.8103379804635074
gep21,00,2026-05-05,2026-06-04,gcrew,noaa_gefs,21,AirTemp_C_mean,30,21.24726257324221
gep21,00,2026-05-05,2026-06-04,gcrew,noaa_gefs,21,Pressure_Pa,30,100902.5
gep21,00,2026-05-05,2026-06-04,gcrew,noaa_gefs,21,RH_percent_mean,30,94.49777412414551
gep21,00,2026-05-05,2026-06-04,gcrew,noaa_gefs,21,Rain_mm_sum,30,15.800000429153442
gep21,00,2026-05-05,2026-06-04,gcrew,noaa_gefs,21,ShortwaveRadiation_Wm2,30,96
gep21,00,2026-05-05,2026-06-04,gcrew,noaa_gefs,21,WindSpeed_ms_mean,30,3.624733268214592
gep21,00,2026-05-05,2026-06-05,gcrew,noaa_gefs,21,AirTemp_C_mean,31,17.98151550292971
gep21,00,2026-05-05,2026-06-05,gcrew,noaa_gefs,21,Pressure_Pa,31,101233.8671875
gep21,00,2026-05-05,2026-06-05,gcrew,noaa_gefs,21,RH_percent_mean,31,85.09179496765137
gep21,00,2026-05-05,2026-06-05,gcrew,noaa_gefs,21,Rain_mm_sum,31,0
gep21,00,2026-05-05,2026-06-05,gcrew,noaa_gefs,21,ShortwaveRadiation_Wm2,31,204
gep21,00,2026-05-05,2026-06-05,gcrew,noaa_gefs,21,WindSpeed_ms_mean,31,3.6137171777527146
gep21,00,2026-05-05,2026-06-06,gcrew,noaa_gefs,21,AirTemp_C_mean,32,18.68531188964846
gep21,00,2026-05-05,2026-06-06,gcrew,noaa_gefs,21,Pressure_Pa,32,101418.689453125
gep21,00,2026-05-05,2026-06-06,gcrew,noaa_gefs,21,RH_percent_mean,32,90.20104598999023
gep21,00,2026-05-05,2026-06-06,gcrew,noaa_gefs,21,Rain_mm_sum,32,0.30000000447034836
gep21,00,2026-05-05,2026-06-06,gcrew,noaa_gefs,21,ShortwaveRadiation_Wm2,32,107.25
gep21,00,2026-05-05,2026-06-06,gcrew,noaa_gefs,21,WindSpeed_ms_mean,32,3.7730996520469398
gep21,00,2026-05-05,2026-06-07,gcrew,noaa_gefs,21,AirTemp_C_mean,33,24.139627075195335
gep21,00,2026-05-05,2026-06-07,gcrew,noaa_gefs,21,Pressure_Pa,33,100801.1328125
gep21,00,2026-05-05,2026-06-07,gcrew,noaa_gefs,21,RH_percent_mean,33,81.9941577911377
gep21,00,2026-05-05,2026-06-07,gcrew,noaa_gefs,21,Rain_mm_sum,33,12.999999798834324
gep21,00,2026-05-05,2026-06-07,gcrew,noaa_gefs,21,ShortwaveRadiation_Wm2,33,304.5
gep21,00,2026-05-05,2026-06-07,gcrew,noaa_gefs,21,WindSpeed_ms_mean,33,5.214782697026351
gep21,00,2026-05-05,2026-06-08,gcrew,noaa_gefs,21,AirTemp_C_mean,34,26.755662536621116
gep21,00,2026-05-05,2026-06-08,gcrew,noaa_gefs,21,Pressure_Pa,34,100443.1796875
gep21,00,2026-05-05,2026-06-08,gcrew,noaa_gefs,21,RH_percent_mean,34,68.95762729644775
gep21,00,2026-05-05,2026-06-08,gcrew,noaa_gefs,21,Rain_mm_sum,34,0.4000000134110451
gep21,00,2026-05-05,2026-06-08,gcrew,noaa_gefs,21,ShortwaveRadiation_Wm2,34,343
gep21,00,2026-05-05,2026-06-08,gcrew,noaa_gefs,21,WindSpeed_ms_mean,34,4.0934983365823845
gep22,00,2026-05-05,2026-05-06,gcrew,noaa_gefs,22,AirTemp_C_mean,1,18.317830657959007
gep22,00,2026-05-05,2026-05-06,gcrew,noaa_gefs,22,Pressure_Pa,1,100742.3876953125
gep22,00,2026-05-05,2026-05-06,gcrew,noaa_gefs,22,RH_percent_mean,1,73.999520778656
gep22,00,2026-05-05,2026-05-06,gcrew,noaa_gefs,22,Rain_mm_sum,1,2.9600000381469727
gep22,00,2026-05-05,2026-05-06,gcrew,noaa_gefs,22,ShortwaveRadiation_Wm2,1,112.5
gep22,00,2026-05-05,2026-05-06,gcrew,noaa_gefs,22,WindSpeed_ms_mean,1,7.9482961228732085
gep22,00,2026-05-05,2026-05-07,gcrew,noaa_gefs,22,AirTemp_C_mean,2,13.421441650390648
gep22,00,2026-05-05,2026-05-07,gcrew,noaa_gefs,22,Pressure_Pa,2,100609.435546875
gep22,00,2026-05-05,2026-05-07,gcrew,noaa_gefs,22,RH_percent_mean,2,79.55949878692627
gep22,00,2026-05-05,2026-05-07,gcrew,noaa_gefs,22,Rain_mm_sum,2,3.900000110268593
gep22,00,2026-05-05,2026-05-07,gcrew,noaa_gefs,22,ShortwaveRadiation_Wm2,2,80.875
gep22,00,2026-05-05,2026-05-07,gcrew,noaa_gefs,22,WindSpeed_ms_mean,2,3.7877215286509998
gep22,00,2026-05-05,2026-05-08,gcrew,noaa_gefs,22,AirTemp_C_mean,3,13.444238281250023
gep22,00,2026-05-05,2026-05-08,gcrew,noaa_gefs,22,Pressure_Pa,3,101029.4677734375
gep22,00,2026-05-05,2026-05-08,gcrew,noaa_gefs,22,RH_percent_mean,3,59.61912775039673
gep22,00,2026-05-05,2026-05-08,gcrew,noaa_gefs,22,Rain_mm_sum,3,0
gep22,00,2026-05-05,2026-05-08,gcrew,noaa_gefs,22,ShortwaveRadiation_Wm2,3,310.125
gep22,00,2026-05-05,2026-05-08,gcrew,noaa_gefs,22,WindSpeed_ms_mean,3,4.101767998187636
gep22,00,2026-05-05,2026-05-09,gcrew,noaa_gefs,22,AirTemp_C_mean,4,14.683034515380882
gep22,00,2026-05-05,2026-05-09,gcrew,noaa_gefs,22,Pressure_Pa,4,100504.6123046875
gep22,00,2026-05-05,2026-05-09,gcrew,noaa_gefs,22,RH_percent_mean,4,69.38001728057861
gep22,00,2026-05-05,2026-05-09,gcrew,noaa_gefs,22,Rain_mm_sum,4,3.40000007301569
gep22,00,2026-05-05,2026-05-09,gcrew,noaa_gefs,22,ShortwaveRadiation_Wm2,4,223.375
gep22,00,2026-05-05,2026-05-09,gcrew,noaa_gefs,22,WindSpeed_ms_mean,4,6.089498847817228
gep22,00,2026-05-05,2026-05-10,gcrew,noaa_gefs,22,AirTemp_C_mean,5,14.039365386962913
gep22,00,2026-05-05,2026-05-10,gcrew,noaa_gefs,22,Pressure_Pa,5,101038.7626953125
gep22,00,2026-05-05,2026-05-10,gcrew,noaa_gefs,22,RH_percent_mean,5,62.28422451019287
gep22,00,2026-05-05,2026-05-10,gcrew,noaa_gefs,22,Rain_mm_sum,5,0.4000000059604645
gep22,00,2026-05-05,2026-05-10,gcrew,noaa_gefs,22,ShortwaveRadiation_Wm2,5,321.875
gep22,00,2026-05-05,2026-05-10,gcrew,noaa_gefs,22,WindSpeed_ms_mean,5,4.465990950670339
gep22,00,2026-05-05,2026-05-11,gcrew,noaa_gefs,22,AirTemp_C_mean,6,15.007703399658226
gep22,00,2026-05-05,2026-05-11,gcrew,noaa_gefs,22,Pressure_Pa,6,100972.99609375
gep22,00,2026-05-05,2026-05-11,gcrew,noaa_gefs,22,RH_percent_mean,6,83.72281455993652
gep22,00,2026-05-05,2026-05-11,gcrew,noaa_gefs,22,Rain_mm_sum,6,10.500000238418579
gep22,00,2026-05-05,2026-05-11,gcrew,noaa_gefs,22,ShortwaveRadiation_Wm2,6,318.375
gep22,00,2026-05-05,2026-05-11,gcrew,noaa_gefs,22,WindSpeed_ms_mean,6,3.020219501521629
gep22,00,2026-05-05,2026-05-12,gcrew,noaa_gefs,22,AirTemp_C_mean,7,16.333001708984398
gep22,00,2026-05-05,2026-05-12,gcrew,noaa_gefs,22,Pressure_Pa,7,100487.9833984375
gep22,00,2026-05-05,2026-05-12,gcrew,noaa_gefs,22,RH_percent_mean,7,91.72346305847168
gep22,00,2026-05-05,2026-05-12,gcrew,noaa_gefs,22,Rain_mm_sum,7,22.080000452697277
gep22,00,2026-05-05,2026-05-12,gcrew,noaa_gefs,22,ShortwaveRadiation_Wm2,7,141.625
gep22,00,2026-05-05,2026-05-12,gcrew,noaa_gefs,22,WindSpeed_ms_mean,7,4.752930619586684
gep22,00,2026-05-05,2026-05-13,gcrew,noaa_gefs,22,AirTemp_C_mean,8,13.859941101074241
gep22,00,2026-05-05,2026-05-13,gcrew,noaa_gefs,22,Pressure_Pa,8,100950.2314453125
gep22,00,2026-05-05,2026-05-13,gcrew,noaa_gefs,22,RH_percent_mean,8,60.64580154418945
gep22,00,2026-05-05,2026-05-13,gcrew,noaa_gefs,22,Rain_mm_sum,8,0.699999988079071
gep22,00,2026-05-05,2026-05-13,gcrew,noaa_gefs,22,ShortwaveRadiation_Wm2,8,357.5
gep22,00,2026-05-05,2026-05-13,gcrew,noaa_gefs,22,WindSpeed_ms_mean,8,5.016160868788954
gep22,00,2026-05-05,2026-05-14,gcrew,noaa_gefs,22,AirTemp_C_mean,9,13.323288399832611
gep22,00,2026-05-05,2026-05-14,gcrew,noaa_gefs,22,Pressure_Pa,9,101724.66852678571
gep22,00,2026-05-05,2026-05-14,gcrew,noaa_gefs,22,RH_percent_mean,9,54.3447254725865
gep22,00,2026-05-05,2026-05-14,gcrew,noaa_gefs,22,Rain_mm_sum,9,0
gep22,00,2026-05-05,2026-05-14,gcrew,noaa_gefs,22,ShortwaveRadiation_Wm2,9,409.2857142857143
gep22,00,2026-05-05,2026-05-14,gcrew,noaa_gefs,22,WindSpeed_ms_mean,9,4.204724101810366
gep22,00,2026-05-05,2026-05-15,gcrew,noaa_gefs,22,AirTemp_C_mean,10,13.895341491699241
gep22,00,2026-05-05,2026-05-15,gcrew,noaa_gefs,22,Pressure_Pa,10,101770.98828125
gep22,00,2026-05-05,2026-05-15,gcrew,noaa_gefs,22,RH_percent_mean,10,59.39558792114258
gep22,00,2026-05-05,2026-05-15,gcrew,noaa_gefs,22,Rain_mm_sum,10,0
gep22,00,2026-05-05,2026-05-15,gcrew,noaa_gefs,22,ShortwaveRadiation_Wm2,10,329.5
gep22,00,2026-05-05,2026-05-15,gcrew,noaa_gefs,22,WindSpeed_ms_mean,10,4.301648184988208
gep22,00,2026-05-05,2026-05-16,gcrew,noaa_gefs,22,AirTemp_C_mean,11,12.16132507324221
gep22,00,2026-05-05,2026-05-16,gcrew,noaa_gefs,22,Pressure_Pa,11,101347.048828125
gep22,00,2026-05-05,2026-05-16,gcrew,noaa_gefs,22,RH_percent_mean,11,85.79068565368652
gep22,00,2026-05-05,2026-05-16,gcrew,noaa_gefs,22,Rain_mm_sum,11,3.5000000596046448
gep22,00,2026-05-05,2026-05-16,gcrew,noaa_gefs,22,ShortwaveRadiation_Wm2,11,57.25
gep22,00,2026-05-05,2026-05-16,gcrew,noaa_gefs,22,WindSpeed_ms_mean,11,3.5957713274021446
gep22,00,2026-05-05,2026-05-17,gcrew,noaa_gefs,22,AirTemp_C_mean,12,12.39740905761721
gep22,00,2026-05-05,2026-05-17,gcrew,noaa_gefs,22,Pressure_Pa,12,101498.666015625
gep22,00,2026-05-05,2026-05-17,gcrew,noaa_gefs,22,RH_percent_mean,12,85.35811996459961
gep22,00,2026-05-05,2026-05-17,gcrew,noaa_gefs,22,Rain_mm_sum,12,12.600000239908695
gep22,00,2026-05-05,2026-05-17,gcrew,noaa_gefs,22,ShortwaveRadiation_Wm2,12,68.75
gep22,00,2026-05-05,2026-05-17,gcrew,noaa_gefs,22,WindSpeed_ms_mean,12,4.4423147677144765
gep22,00,2026-05-05,2026-05-18,gcrew,noaa_gefs,22,AirTemp_C_mean,13,12.796853637695335
gep22,00,2026-05-05,2026-05-18,gcrew,noaa_gefs,22,Pressure_Pa,13,102275.958984375
gep22,00,2026-05-05,2026-05-18,gcrew,noaa_gefs,22,RH_percent_mean,13,75.41705131530762
gep22,00,2026-05-05,2026-05-18,gcrew,noaa_gefs,22,Rain_mm_sum,13,3.5000000968575478
gep22,00,2026-05-05,2026-05-18,gcrew,noaa_gefs,22,ShortwaveRadiation_Wm2,13,67.25
gep22,00,2026-05-05,2026-05-18,gcrew,noaa_gefs,22,WindSpeed_ms_mean,13,4.947630717288071
gep22,00,2026-05-05,2026-05-19,gcrew,noaa_gefs,22,AirTemp_C_mean,14,15.980165100097679
gep22,00,2026-05-05,2026-05-19,gcrew,noaa_gefs,22,Pressure_Pa,14,101818.97265625
gep22,00,2026-05-05,2026-05-19,gcrew,noaa_gefs,22,RH_percent_mean,14,94.8867244720459
gep22,00,2026-05-05,2026-05-19,gcrew,noaa_gefs,22,Rain_mm_sum,14,13.600000202655792
gep22,00,2026-05-05,2026-05-19,gcrew,noaa_gefs,22,ShortwaveRadiation_Wm2,14,56.75
gep22,00,2026-05-05,2026-05-19,gcrew,noaa_gefs,22,WindSpeed_ms_mean,14,5.998326923740712
gep22,00,2026-05-05,2026-05-20,gcrew,noaa_gefs,22,AirTemp_C_mean,15,16.34876403808596
gep22,00,2026-05-05,2026-05-20,gcrew,noaa_gefs,22,Pressure_Pa,15,101606.828125
gep22,00,2026-05-05,2026-05-20,gcrew,noaa_gefs,22,RH_percent_mean,15,89.96279335021973
gep22,00,2026-05-05,2026-05-20,gcrew,noaa_gefs,22,Rain_mm_sum,15,0.9000000283122063
gep22,00,2026-05-05,2026-05-20,gcrew,noaa_gefs,22,ShortwaveRadiation_Wm2,15,66.75
gep22,00,2026-05-05,2026-05-20,gcrew,noaa_gefs,22,WindSpeed_ms_mean,15,5.274919119101563
gep22,00,2026-05-05,2026-05-21,gcrew,noaa_gefs,22,AirTemp_C_mean,16,17.079988098144554
gep22,00,2026-05-05,2026-05-21,gcrew,noaa_gefs,22,Pressure_Pa,16,101430.228515625
gep22,00,2026-05-05,2026-05-21,gcrew,noaa_gefs,22,RH_percent_mean,16,92.32025718688965
gep22,00,2026-05-05,2026-05-21,gcrew,noaa_gefs,22,Rain_mm_sum,16,3.6000001206994057
gep22,00,2026-05-05,2026-05-21,gcrew,noaa_gefs,22,ShortwaveRadiation_Wm2,16,134.75
gep22,00,2026-05-05,2026-05-21,gcrew,noaa_gefs,22,WindSpeed_ms_mean,16,4.749984768270614
gep22,00,2026-05-05,2026-05-22,gcrew,noaa_gefs,22,AirTemp_C_mean,17,19.45788726806643
gep22,00,2026-05-05,2026-05-22,gcrew,noaa_gefs,22,Pressure_Pa,17,101787.37109375
gep22,00,2026-05-05,2026-05-22,gcrew,noaa_gefs,22,RH_percent_mean,17,86.58370208740234
gep22,00,2026-05-05,2026-05-22,gcrew,noaa_gefs,22,Rain_mm_sum,17,0.10000000149011612
gep22,00,2026-05-05,2026-05-22,gcrew,noaa_gefs,22,ShortwaveRadiation_Wm2,17,329.5
gep22,00,2026-05-05,2026-05-22,gcrew,noaa_gefs,22,WindSpeed_ms_mean,17,3.421951902917886
gep22,00,2026-05-05,2026-05-23,gcrew,noaa_gefs,22,AirTemp_C_mean,18,19.32135925292971
gep22,00,2026-05-05,2026-05-23,gcrew,noaa_gefs,22,Pressure_Pa,18,102091.19140625
gep22,00,2026-05-05,2026-05-23,gcrew,noaa_gefs,22,RH_percent_mean,18,88.211029052734375
gep22,00,2026-05-05,2026-05-23,gcrew,noaa_gefs,22,Rain_mm_sum,18,0.30000000447034836
gep22,00,2026-05-05,2026-05-23,gcrew,noaa_gefs,22,ShortwaveRadiation_Wm2,18,304
gep22,00,2026-05-05,2026-05-23,gcrew,noaa_gefs,22,WindSpeed_ms_mean,18,2.9632516322381934
gep22,00,2026-05-05,2026-05-24,gcrew,noaa_gefs,22,AirTemp_C_mean,19,19.627183532714866
gep22,00,2026-05-05,2026-05-24,gcrew,noaa_gefs,22,Pressure_Pa,19,102131.763671875
gep22,00,2026-05-05,2026-05-24,gcrew,noaa_gefs,22,RH_percent_mean,19,88.8326587677002
gep22,00,2026-05-05,2026-05-24,gcrew,noaa_gefs,22,Rain_mm_sum,19,0.4000000059604645
gep22,00,2026-05-05,2026-05-24,gcrew,noaa_gefs,22,ShortwaveRadiation_Wm2,19,312.75
gep22,00,2026-05-05,2026-05-24,gcrew,noaa_gefs,22,WindSpeed_ms_mean,19,3.353299723512114
gep22,00,2026-05-05,2026-05-25,gcrew,noaa_gefs,22,AirTemp_C_mean,20,22.220193481445335
gep22,00,2026-05-05,2026-05-25,gcrew,noaa_gefs,22,Pressure_Pa,20,101920.87109375
gep22,00,2026-05-05,2026-05-25,gcrew,noaa_gefs,22,RH_percent_mean,20,80.57049751281738
gep22,00,2026-05-05,2026-05-25,gcrew,noaa_gefs,22,Rain_mm_sum,20,0
gep22,00,2026-05-05,2026-05-25,gcrew,noaa_gefs,22,ShortwaveRadiation_Wm2,20,332
gep22,00,2026-05-05,2026-05-25,gcrew,noaa_gefs,22,WindSpeed_ms_mean,20,2.332214280423385
gep22,00,2026-05-05,2026-05-26,gcrew,noaa_gefs,22,AirTemp_C_mean,21,23.644677734375023
gep22,00,2026-05-05,2026-05-26,gcrew,noaa_gefs,22,Pressure_Pa,21,101732.607421875
gep22,00,2026-05-05,2026-05-26,gcrew,noaa_gefs,22,RH_percent_mean,21,77.47503280639648
gep22,00,2026-05-05,2026-05-26,gcrew,noaa_gefs,22,Rain_mm_sum,21,0.30000000447034836
gep22,00,2026-05-05,2026-05-26,gcrew,noaa_gefs,22,ShortwaveRadiation_Wm2,21,329.75
gep22,00,2026-05-05,2026-05-26,gcrew,noaa_gefs,22,WindSpeed_ms_mean,21,3.7429728329099072
gep22,00,2026-05-05,2026-05-27,gcrew,noaa_gefs,22,AirTemp_C_mean,22,21.092683410644554
gep22,00,2026-05-05,2026-05-27,gcrew,noaa_gefs,22,Pressure_Pa,22,101740.51953125
gep22,00,2026-05-05,2026-05-27,gcrew,noaa_gefs,22,RH_percent_mean,22,84.3672924041748
gep22,00,2026-05-05,2026-05-27,gcrew,noaa_gefs,22,Rain_mm_sum,22,0
gep22,00,2026-05-05,2026-05-27,gcrew,noaa_gefs,22,ShortwaveRadiation_Wm2,22,312.5
gep22,00,2026-05-05,2026-05-27,gcrew,noaa_gefs,22,WindSpeed_ms_mean,22,2.700000293540816
gep22,00,2026-05-05,2026-05-28,gcrew,noaa_gefs,22,AirTemp_C_mean,23,23.88488922119143
gep22,00,2026-05-05,2026-05-28,gcrew,noaa_gefs,22,Pressure_Pa,23,101347.58984375
gep22,00,2026-05-05,2026-05-28,gcrew,noaa_gefs,22,RH_percent_mean,23,75.04574775695801
gep22,00,2026-05-05,2026-05-28,gcrew,noaa_gefs,22,Rain_mm_sum,23,0
gep22,00,2026-05-05,2026-05-28,gcrew,noaa_gefs,22,ShortwaveRadiation_Wm2,23,335.5
gep22,00,2026-05-05,2026-05-28,gcrew,noaa_gefs,22,WindSpeed_ms_mean,23,2.335344468510624
gep22,00,2026-05-05,2026-05-29,gcrew,noaa_gefs,22,AirTemp_C_mean,24,24.74714050292971
gep22,00,2026-05-05,2026-05-29,gcrew,noaa_gefs,22,Pressure_Pa,24,101476.5703125
gep22,00,2026-05-05,2026-05-29,gcrew,noaa_gefs,22,RH_percent_mean,24,72.64131832122803
gep22,00,2026-05-05,2026-05-29,gcrew,noaa_gefs,22,Rain_mm_sum,24,0
gep22,00,2026-05-05,2026-05-29,gcrew,noaa_gefs,22,ShortwaveRadiation_Wm2,24,336
gep22,00,2026-05-05,2026-05-29,gcrew,noaa_gefs,22,WindSpeed_ms_mean,24,1.9586284146796837
gep22,00,2026-05-05,2026-05-30,gcrew,noaa_gefs,22,AirTemp_C_mean,25,24.066796875000023
gep22,00,2026-05-05,2026-05-30,gcrew,noaa_gefs,22,Pressure_Pa,25,101384.1875
gep22,00,2026-05-05,2026-05-30,gcrew,noaa_gefs,22,RH_percent_mean,25,71.36553287506104
gep22,00,2026-05-05,2026-05-30,gcrew,noaa_gefs,22,Rain_mm_sum,25,2.100000001490116
gep22,00,2026-05-05,2026-05-30,gcrew,noaa_gefs,22,ShortwaveRadiation_Wm2,25,336.25
gep22,00,2026-05-05,2026-05-30,gcrew,noaa_gefs,22,WindSpeed_ms_mean,25,2.5700304546198396
gep22,00,2026-05-05,2026-05-31,gcrew,noaa_gefs,22,AirTemp_C_mean,26,20.107537841796898
gep22,00,2026-05-05,2026-05-31,gcrew,noaa_gefs,22,Pressure_Pa,26,101421.41015625
gep22,00,2026-05-05,2026-05-31,gcrew,noaa_gefs,22,RH_percent_mean,26,79.97546768188477
gep22,00,2026-05-05,2026-05-31,gcrew,noaa_gefs,22,Rain_mm_sum,26,7.199999928474426
gep22,00,2026-05-05,2026-05-31,gcrew,noaa_gefs,22,ShortwaveRadiation_Wm2,26,204.5
gep22,00,2026-05-05,2026-05-31,gcrew,noaa_gefs,22,WindSpeed_ms_mean,26,4.440413293057745
gep22,00,2026-05-05,2026-06-01,gcrew,noaa_gefs,22,AirTemp_C_mean,27,18.903489685058616
gep22,00,2026-05-05,2026-06-01,gcrew,noaa_gefs,22,Pressure_Pa,27,101613.822265625
gep22,00,2026-05-05,2026-06-01,gcrew,noaa_gefs,22,RH_percent_mean,27,79.74879264831543
gep22,00,2026-05-05,2026-06-01,gcrew,noaa_gefs,22,Rain_mm_sum,27,0.20000000298023224
gep22,00,2026-05-05,2026-06-01,gcrew,noaa_gefs,22,ShortwaveRadiation_Wm2,27,202
gep22,00,2026-05-05,2026-06-01,gcrew,noaa_gefs,22,WindSpeed_ms_mean,27,2.8618370667271793
gep22,00,2026-05-05,2026-06-02,gcrew,noaa_gefs,22,AirTemp_C_mean,28,23.729150390625023
gep22,00,2026-05-05,2026-06-02,gcrew,noaa_gefs,22,Pressure_Pa,28,101406.4609375
gep22,00,2026-05-05,2026-06-02,gcrew,noaa_gefs,22,RH_percent_mean,28,75.83053302764893
gep22,00,2026-05-05,2026-06-02,gcrew,noaa_gefs,22,Rain_mm_sum,28,4.800000190734863
gep22,00,2026-05-05,2026-06-02,gcrew,noaa_gefs,22,ShortwaveRadiation_Wm2,28,303.25
gep22,00,2026-05-05,2026-06-02,gcrew,noaa_gefs,22,WindSpeed_ms_mean,28,5.180342789756921
gep22,00,2026-05-05,2026-06-03,gcrew,noaa_gefs,22,AirTemp_C_mean,29,22.64240417480471
gep22,00,2026-05-05,2026-06-03,gcrew,noaa_gefs,22,Pressure_Pa,29,101480.6875
gep22,00,2026-05-05,2026-06-03,gcrew,noaa_gefs,22,RH_percent_mean,29,91.867095947265625
gep22,00,2026-05-05,2026-06-03,gcrew,noaa_gefs,22,Rain_mm_sum,29,24.700000166893005
gep22,00,2026-05-05,2026-06-03,gcrew,noaa_gefs,22,ShortwaveRadiation_Wm2,29,176
gep22,00,2026-05-05,2026-06-03,gcrew,noaa_gefs,22,WindSpeed_ms_mean,29,2.8103379804635074
gep22,00,2026-05-05,2026-06-04,gcrew,noaa_gefs,22,AirTemp_C_mean,30,21.24726257324221
gep22,00,2026-05-05,2026-06-04,gcrew,noaa_gefs,22,Pressure_Pa,30,100902.5
gep22,00,2026-05-05,2026-06-04,gcrew,noaa_gefs,22,RH_percent_mean,30,94.49777412414551
gep22,00,2026-05-05,2026-06-04,gcrew,noaa_gefs,22,Rain_mm_sum,30,15.800000429153442
gep22,00,2026-05-05,2026-06-04,gcrew,noaa_gefs,22,ShortwaveRadiation_Wm2,30,96
gep22,00,2026-05-05,2026-06-04,gcrew,noaa_gefs,22,WindSpeed_ms_mean,30,3.624733268214592
gep22,00,2026-05-05,2026-06-05,gcrew,noaa_gefs,22,AirTemp_C_mean,31,17.98151550292971
gep22,00,2026-05-05,2026-06-05,gcrew,noaa_gefs,22,Pressure_Pa,31,101233.8671875
gep22,00,2026-05-05,2026-06-05,gcrew,noaa_gefs,22,RH_percent_mean,31,85.09179496765137
gep22,00,2026-05-05,2026-06-05,gcrew,noaa_gefs,22,Rain_mm_sum,31,0
gep22,00,2026-05-05,2026-06-05,gcrew,noaa_gefs,22,ShortwaveRadiation_Wm2,31,204
gep22,00,2026-05-05,2026-06-05,gcrew,noaa_gefs,22,WindSpeed_ms_mean,31,3.6137171777527146
gep22,00,2026-05-05,2026-06-06,gcrew,noaa_gefs,22,AirTemp_C_mean,32,18.68531188964846
gep22,00,2026-05-05,2026-06-06,gcrew,noaa_gefs,22,Pressure_Pa,32,101418.689453125
gep22,00,2026-05-05,2026-06-06,gcrew,noaa_gefs,22,RH_percent_mean,32,90.20104598999023
gep22,00,2026-05-05,2026-06-06,gcrew,noaa_gefs,22,Rain_mm_sum,32,0.30000000447034836
gep22,00,2026-05-05,2026-06-06,gcrew,noaa_gefs,22,ShortwaveRadiation_Wm2,32,107.25
gep22,00,2026-05-05,2026-06-06,gcrew,noaa_gefs,22,WindSpeed_ms_mean,32,3.7730996520469398
gep22,00,2026-05-05,2026-06-07,gcrew,noaa_gefs,22,AirTemp_C_mean,33,24.139627075195335
gep22,00,2026-05-05,2026-06-07,gcrew,noaa_gefs,22,Pressure_Pa,33,100801.1328125
gep22,00,2026-05-05,2026-06-07,gcrew,noaa_gefs,22,RH_percent_mean,33,81.9941577911377
gep22,00,2026-05-05,2026-06-07,gcrew,noaa_gefs,22,Rain_mm_sum,33,12.999999798834324
gep22,00,2026-05-05,2026-06-07,gcrew,noaa_gefs,22,ShortwaveRadiation_Wm2,33,304.5
gep22,00,2026-05-05,2026-06-07,gcrew,noaa_gefs,22,WindSpeed_ms_mean,33,5.214782697026351
gep22,00,2026-05-05,2026-06-08,gcrew,noaa_gefs,22,AirTemp_C_mean,34,26.755662536621116
gep22,00,2026-05-05,2026-06-08,gcrew,noaa_gefs,22,Pressure_Pa,34,100443.1796875
gep22,00,2026-05-05,2026-06-08,gcrew,noaa_gefs,22,RH_percent_mean,34,68.95762729644775
gep22,00,2026-05-05,2026-06-08,gcrew,noaa_gefs,22,Rain_mm_sum,34,0.4000000134110451
gep22,00,2026-05-05,2026-06-08,gcrew,noaa_gefs,22,ShortwaveRadiation_Wm2,34,343
gep22,00,2026-05-05,2026-06-08,gcrew,noaa_gefs,22,WindSpeed_ms_mean,34,4.0934983365823845
gep23,00,2026-05-05,2026-05-06,gcrew,noaa_gefs,23,AirTemp_C_mean,1,18.317830657959007
gep23,00,2026-05-05,2026-05-06,gcrew,noaa_gefs,23,Pressure_Pa,1,100742.3876953125
gep23,00,2026-05-05,2026-05-06,gcrew,noaa_gefs,23,RH_percent_mean,1,73.999520778656
gep23,00,2026-05-05,2026-05-06,gcrew,noaa_gefs,23,Rain_mm_sum,1,2.9600000381469727
gep23,00,2026-05-05,2026-05-06,gcrew,noaa_gefs,23,ShortwaveRadiation_Wm2,1,112.5
gep23,00,2026-05-05,2026-05-06,gcrew,noaa_gefs,23,WindSpeed_ms_mean,1,7.9482961228732085
gep23,00,2026-05-05,2026-05-07,gcrew,noaa_gefs,23,AirTemp_C_mean,2,13.421441650390648
gep23,00,2026-05-05,2026-05-07,gcrew,noaa_gefs,23,Pressure_Pa,2,100609.435546875
gep23,00,2026-05-05,2026-05-07,gcrew,noaa_gefs,23,RH_percent_mean,2,79.55949878692627
gep23,00,2026-05-05,2026-05-07,gcrew,noaa_gefs,23,Rain_mm_sum,2,3.900000110268593
gep23,00,2026-05-05,2026-05-07,gcrew,noaa_gefs,23,ShortwaveRadiation_Wm2,2,80.875
gep23,00,2026-05-05,2026-05-07,gcrew,noaa_gefs,23,WindSpeed_ms_mean,2,3.7877215286509998
gep23,00,2026-05-05,2026-05-08,gcrew,noaa_gefs,23,AirTemp_C_mean,3,13.444238281250023
gep23,00,2026-05-05,2026-05-08,gcrew,noaa_gefs,23,Pressure_Pa,3,101029.4677734375
gep23,00,2026-05-05,2026-05-08,gcrew,noaa_gefs,23,RH_percent_mean,3,59.61912775039673
gep23,00,2026-05-05,2026-05-08,gcrew,noaa_gefs,23,Rain_mm_sum,3,0
gep23,00,2026-05-05,2026-05-08,gcrew,noaa_gefs,23,ShortwaveRadiation_Wm2,3,310.125
gep23,00,2026-05-05,2026-05-08,gcrew,noaa_gefs,23,WindSpeed_ms_mean,3,4.101767998187636
gep23,00,2026-05-05,2026-05-09,gcrew,noaa_gefs,23,AirTemp_C_mean,4,14.683034515380882
gep23,00,2026-05-05,2026-05-09,gcrew,noaa_gefs,23,Pressure_Pa,4,100504.6123046875
gep23,00,2026-05-05,2026-05-09,gcrew,noaa_gefs,23,RH_percent_mean,4,69.38001728057861
gep23,00,2026-05-05,2026-05-09,gcrew,noaa_gefs,23,Rain_mm_sum,4,3.40000007301569
gep23,00,2026-05-05,2026-05-09,gcrew,noaa_gefs,23,ShortwaveRadiation_Wm2,4,223.375
gep23,00,2026-05-05,2026-05-09,gcrew,noaa_gefs,23,WindSpeed_ms_mean,4,6.089498847817228
gep23,00,2026-05-05,2026-05-10,gcrew,noaa_gefs,23,AirTemp_C_mean,5,14.039365386962913
gep23,00,2026-05-05,2026-05-10,gcrew,noaa_gefs,23,Pressure_Pa,5,101038.7626953125
gep23,00,2026-05-05,2026-05-10,gcrew,noaa_gefs,23,RH_percent_mean,5,62.28422451019287
gep23,00,2026-05-05,2026-05-10,gcrew,noaa_gefs,23,Rain_mm_sum,5,0.4000000059604645
gep23,00,2026-05-05,2026-05-10,gcrew,noaa_gefs,23,ShortwaveRadiation_Wm2,5,321.875
gep23,00,2026-05-05,2026-05-10,gcrew,noaa_gefs,23,WindSpeed_ms_mean,5,4.465990950670339
gep23,00,2026-05-05,2026-05-11,gcrew,noaa_gefs,23,AirTemp_C_mean,6,15.007703399658226
gep23,00,2026-05-05,2026-05-11,gcrew,noaa_gefs,23,Pressure_Pa,6,100972.99609375
gep23,00,2026-05-05,2026-05-11,gcrew,noaa_gefs,23,RH_percent_mean,6,83.72281455993652
gep23,00,2026-05-05,2026-05-11,gcrew,noaa_gefs,23,Rain_mm_sum,6,10.500000238418579
gep23,00,2026-05-05,2026-05-11,gcrew,noaa_gefs,23,ShortwaveRadiation_Wm2,6,318.375
gep23,00,2026-05-05,2026-05-11,gcrew,noaa_gefs,23,WindSpeed_ms_mean,6,3.020219501521629
gep23,00,2026-05-05,2026-05-12,gcrew,noaa_gefs,23,AirTemp_C_mean,7,16.333001708984398
gep23,00,2026-05-05,2026-05-12,gcrew,noaa_gefs,23,Pressure_Pa,7,100487.9833984375
gep23,00,2026-05-05,2026-05-12,gcrew,noaa_gefs,23,RH_percent_mean,7,91.72346305847168
gep23,00,2026-05-05,2026-05-12,gcrew,noaa_gefs,23,Rain_mm_sum,7,22.080000452697277
gep23,00,2026-05-05,2026-05-12,gcrew,noaa_gefs,23,ShortwaveRadiation_Wm2,7,141.625
gep23,00,2026-05-05,2026-05-12,gcrew,noaa_gefs,23,WindSpeed_ms_mean,7,4.752930619586684
gep23,00,2026-05-05,2026-05-13,gcrew,noaa_gefs,23,AirTemp_C_mean,8,13.859941101074241
gep23,00,2026-05-05,2026-05-13,gcrew,noaa_gefs,23,Pressure_Pa,8,100950.2314453125
gep23,00,2026-05-05,2026-05-13,gcrew,noaa_gefs,23,RH_percent_mean,8,60.64580154418945
gep23,00,2026-05-05,2026-05-13,gcrew,noaa_gefs,23,Rain_mm_sum,8,0.699999988079071
gep23,00,2026-05-05,2026-05-13,gcrew,noaa_gefs,23,ShortwaveRadiation_Wm2,8,357.5
gep23,00,2026-05-05,2026-05-13,gcrew,noaa_gefs,23,WindSpeed_ms_mean,8,5.016160868788954
gep23,00,2026-05-05,2026-05-14,gcrew,noaa_gefs,23,AirTemp_C_mean,9,13.323288399832611
gep23,00,2026-05-05,2026-05-14,gcrew,noaa_gefs,23,Pressure_Pa,9,101724.66852678571
gep23,00,2026-05-05,2026-05-14,gcrew,noaa_gefs,23,RH_percent_mean,9,54.3447254725865
gep23,00,2026-05-05,2026-05-14,gcrew,noaa_gefs,23,Rain_mm_sum,9,0
gep23,00,2026-05-05,2026-05-14,gcrew,noaa_gefs,23,ShortwaveRadiation_Wm2,9,409.2857142857143
gep23,00,2026-05-05,2026-05-14,gcrew,noaa_gefs,23,WindSpeed_ms_mean,9,4.204724101810366
gep23,00,2026-05-05,2026-05-15,gcrew,noaa_gefs,23,AirTemp_C_mean,10,13.895341491699241
gep23,00,2026-05-05,2026-05-15,gcrew,noaa_gefs,23,Pressure_Pa,10,101770.98828125
gep23,00,2026-05-05,2026-05-15,gcrew,noaa_gefs,23,RH_percent_mean,10,59.39558792114258
gep23,00,2026-05-05,2026-05-15,gcrew,noaa_gefs,23,Rain_mm_sum,10,0
gep23,00,2026-05-05,2026-05-15,gcrew,noaa_gefs,23,ShortwaveRadiation_Wm2,10,329.5
gep23,00,2026-05-05,2026-05-15,gcrew,noaa_gefs,23,WindSpeed_ms_mean,10,4.301648184988208
gep23,00,2026-05-05,2026-05-16,gcrew,noaa_gefs,23,AirTemp_C_mean,11,12.16132507324221
gep23,00,2026-05-05,2026-05-16,gcrew,noaa_gefs,23,Pressure_Pa,11,101347.048828125
gep23,00,2026-05-05,2026-05-16,gcrew,noaa_gefs,23,RH_percent_mean,11,85.79068565368652
gep23,00,2026-05-05,2026-05-16,gcrew,noaa_gefs,23,Rain_mm_sum,11,3.5000000596046448
gep23,00,2026-05-05,2026-05-16,gcrew,noaa_gefs,23,ShortwaveRadiation_Wm2,11,57.25
gep23,00,2026-05-05,2026-05-16,gcrew,noaa_gefs,23,WindSpeed_ms_mean,11,3.5957713274021446
gep23,00,2026-05-05,2026-05-17,gcrew,noaa_gefs,23,AirTemp_C_mean,12,12.39740905761721
gep23,00,2026-05-05,2026-05-17,gcrew,noaa_gefs,23,Pressure_Pa,12,101498.666015625
gep23,00,2026-05-05,2026-05-17,gcrew,noaa_gefs,23,RH_percent_mean,12,85.35811996459961
gep23,00,2026-05-05,2026-05-17,gcrew,noaa_gefs,23,Rain_mm_sum,12,12.600000239908695
gep23,00,2026-05-05,2026-05-17,gcrew,noaa_gefs,23,ShortwaveRadiation_Wm2,12,68.75
gep23,00,2026-05-05,2026-05-17,gcrew,noaa_gefs,23,WindSpeed_ms_mean,12,4.4423147677144765
gep23,00,2026-05-05,2026-05-18,gcrew,noaa_gefs,23,AirTemp_C_mean,13,12.796853637695335
gep23,00,2026-05-05,2026-05-18,gcrew,noaa_gefs,23,Pressure_Pa,13,102275.958984375
gep23,00,2026-05-05,2026-05-18,gcrew,noaa_gefs,23,RH_percent_mean,13,75.41705131530762
gep23,00,2026-05-05,2026-05-18,gcrew,noaa_gefs,23,Rain_mm_sum,13,3.5000000968575478
gep23,00,2026-05-05,2026-05-18,gcrew,noaa_gefs,23,ShortwaveRadiation_Wm2,13,67.25
gep23,00,2026-05-05,2026-05-18,gcrew,noaa_gefs,23,WindSpeed_ms_mean,13,4.947630717288071
gep23,00,2026-05-05,2026-05-19,gcrew,noaa_gefs,23,AirTemp_C_mean,14,15.980165100097679
gep23,00,2026-05-05,2026-05-19,gcrew,noaa_gefs,23,Pressure_Pa,14,101818.97265625
gep23,00,2026-05-05,2026-05-19,gcrew,noaa_gefs,23,RH_percent_mean,14,94.8867244720459
gep23,00,2026-05-05,2026-05-19,gcrew,noaa_gefs,23,Rain_mm_sum,14,13.600000202655792
gep23,00,2026-05-05,2026-05-19,gcrew,noaa_gefs,23,ShortwaveRadiation_Wm2,14,56.75
gep23,00,2026-05-05,2026-05-19,gcrew,noaa_gefs,23,WindSpeed_ms_mean,14,5.998326923740712
gep23,00,2026-05-05,2026-05-20,gcrew,noaa_gefs,23,AirTemp_C_mean,15,16.34876403808596
gep23,00,2026-05-05,2026-05-20,gcrew,noaa_gefs,23,Pressure_Pa,15,101606.828125
gep23,00,2026-05-05,2026-05-20,gcrew,noaa_gefs,23,RH_percent_mean,15,89.96279335021973
gep23,00,2026-05-05,2026-05-20,gcrew,noaa_gefs,23,Rain_mm_sum,15,0.9000000283122063
gep23,00,2026-05-05,2026-05-20,gcrew,noaa_gefs,23,ShortwaveRadiation_Wm2,15,66.75
gep23,00,2026-05-05,2026-05-20,gcrew,noaa_gefs,23,WindSpeed_ms_mean,15,5.274919119101563
gep23,00,2026-05-05,2026-05-21,gcrew,noaa_gefs,23,AirTemp_C_mean,16,17.079988098144554
gep23,00,2026-05-05,2026-05-21,gcrew,noaa_gefs,23,Pressure_Pa,16,101430.228515625
gep23,00,2026-05-05,2026-05-21,gcrew,noaa_gefs,23,RH_percent_mean,16,92.32025718688965
gep23,00,2026-05-05,2026-05-21,gcrew,noaa_gefs,23,Rain_mm_sum,16,3.6000001206994057
gep23,00,2026-05-05,2026-05-21,gcrew,noaa_gefs,23,ShortwaveRadiation_Wm2,16,134.75
gep23,00,2026-05-05,2026-05-21,gcrew,noaa_gefs,23,WindSpeed_ms_mean,16,4.749984768270614
gep23,00,2026-05-05,2026-05-22,gcrew,noaa_gefs,23,AirTemp_C_mean,17,19.45788726806643
gep23,00,2026-05-05,2026-05-22,gcrew,noaa_gefs,23,Pressure_Pa,17,101787.37109375
gep23,00,2026-05-05,2026-05-22,gcrew,noaa_gefs,23,RH_percent_mean,17,86.58370208740234
gep23,00,2026-05-05,2026-05-22,gcrew,noaa_gefs,23,Rain_mm_sum,17,0.10000000149011612
gep23,00,2026-05-05,2026-05-22,gcrew,noaa_gefs,23,ShortwaveRadiation_Wm2,17,329.5
gep23,00,2026-05-05,2026-05-22,gcrew,noaa_gefs,23,WindSpeed_ms_mean,17,3.421951902917886
gep23,00,2026-05-05,2026-05-23,gcrew,noaa_gefs,23,AirTemp_C_mean,18,19.32135925292971
gep23,00,2026-05-05,2026-05-23,gcrew,noaa_gefs,23,Pressure_Pa,18,102091.19140625
gep23,00,2026-05-05,2026-05-23,gcrew,noaa_gefs,23,RH_percent_mean,18,88.211029052734375
gep23,00,2026-05-05,2026-05-23,gcrew,noaa_gefs,23,Rain_mm_sum,18,0.30000000447034836
gep23,00,2026-05-05,2026-05-23,gcrew,noaa_gefs,23,ShortwaveRadiation_Wm2,18,304
gep23,00,2026-05-05,2026-05-23,gcrew,noaa_gefs,23,WindSpeed_ms_mean,18,2.9632516322381934
gep23,00,2026-05-05,2026-05-24,gcrew,noaa_gefs,23,AirTemp_C_mean,19,19.627183532714866
gep23,00,2026-05-05,2026-05-24,gcrew,noaa_gefs,23,Pressure_Pa,19,102131.763671875
gep23,00,2026-05-05,2026-05-24,gcrew,noaa_gefs,23,RH_percent_mean,19,88.8326587677002
gep23,00,2026-05-05,2026-05-24,gcrew,noaa_gefs,23,Rain_mm_sum,19,0.4000000059604645
gep23,00,2026-05-05,2026-05-24,gcrew,noaa_gefs,23,ShortwaveRadiation_Wm2,19,312.75
gep23,00,2026-05-05,2026-05-24,gcrew,noaa_gefs,23,WindSpeed_ms_mean,19,3.353299723512114
gep23,00,2026-05-05,2026-05-25,gcrew,noaa_gefs,23,AirTemp_C_mean,20,22.220193481445335
gep23,00,2026-05-05,2026-05-25,gcrew,noaa_gefs,23,Pressure_Pa,20,101920.87109375
gep23,00,2026-05-05,2026-05-25,gcrew,noaa_gefs,23,RH_percent_mean,20,80.57049751281738
gep23,00,2026-05-05,2026-05-25,gcrew,noaa_gefs,23,Rain_mm_sum,20,0
gep23,00,2026-05-05,2026-05-25,gcrew,noaa_gefs,23,ShortwaveRadiation_Wm2,20,332
gep23,00,2026-05-05,2026-05-25,gcrew,noaa_gefs,23,WindSpeed_ms_mean,20,2.332214280423385
gep23,00,2026-05-05,2026-05-26,gcrew,noaa_gefs,23,AirTemp_C_mean,21,23.644677734375023
gep23,00,2026-05-05,2026-05-26,gcrew,noaa_gefs,23,Pressure_Pa,21,101732.607421875
gep23,00,2026-05-05,2026-05-26,gcrew,noaa_gefs,23,RH_percent_mean,21,77.47503280639648
gep23,00,2026-05-05,2026-05-26,gcrew,noaa_gefs,23,Rain_mm_sum,21,0.30000000447034836
gep23,00,2026-05-05,2026-05-26,gcrew,noaa_gefs,23,ShortwaveRadiation_Wm2,21,329.75
gep23,00,2026-05-05,2026-05-26,gcrew,noaa_gefs,23,WindSpeed_ms_mean,21,3.7429728329099072
gep23,00,2026-05-05,2026-05-27,gcrew,noaa_gefs,23,AirTemp_C_mean,22,21.092683410644554
gep23,00,2026-05-05,2026-05-27,gcrew,noaa_gefs,23,Pressure_Pa,22,101740.51953125
gep23,00,2026-05-05,2026-05-27,gcrew,noaa_gefs,23,RH_percent_mean,22,84.3672924041748
gep23,00,2026-05-05,2026-05-27,gcrew,noaa_gefs,23,Rain_mm_sum,22,0
gep23,00,2026-05-05,2026-05-27,gcrew,noaa_gefs,23,ShortwaveRadiation_Wm2,22,312.5
gep23,00,2026-05-05,2026-05-27,gcrew,noaa_gefs,23,WindSpeed_ms_mean,22,2.700000293540816
gep23,00,2026-05-05,2026-05-28,gcrew,noaa_gefs,23,AirTemp_C_mean,23,23.88488922119143
gep23,00,2026-05-05,2026-05-28,gcrew,noaa_gefs,23,Pressure_Pa,23,101347.58984375
gep23,00,2026-05-05,2026-05-28,gcrew,noaa_gefs,23,RH_percent_mean,23,75.04574775695801
gep23,00,2026-05-05,2026-05-28,gcrew,noaa_gefs,23,Rain_mm_sum,23,0
gep23,00,2026-05-05,2026-05-28,gcrew,noaa_gefs,23,ShortwaveRadiation_Wm2,23,335.5
gep23,00,2026-05-05,2026-05-28,gcrew,noaa_gefs,23,WindSpeed_ms_mean,23,2.335344468510624
gep23,00,2026-05-05,2026-05-29,gcrew,noaa_gefs,23,AirTemp_C_mean,24,24.74714050292971
gep23,00,2026-05-05,2026-05-29,gcrew,noaa_gefs,23,Pressure_Pa,24,101476.5703125
gep23,00,2026-05-05,2026-05-29,gcrew,noaa_gefs,23,RH_percent_mean,24,72.64131832122803
gep23,00,2026-05-05,2026-05-29,gcrew,noaa_gefs,23,Rain_mm_sum,24,0
gep23,00,2026-05-05,2026-05-29,gcrew,noaa_gefs,23,ShortwaveRadiation_Wm2,24,336
gep23,00,2026-05-05,2026-05-29,gcrew,noaa_gefs,23,WindSpeed_ms_mean,24,1.9586284146796837
gep23,00,2026-05-05,2026-05-30,gcrew,noaa_gefs,23,AirTemp_C_mean,25,24.066796875000023
gep23,00,2026-05-05,2026-05-30,gcrew,noaa_gefs,23,Pressure_Pa,25,101384.1875
gep23,00,2026-05-05,2026-05-30,gcrew,noaa_gefs,23,RH_percent_mean,25,71.36553287506104
gep23,00,2026-05-05,2026-05-30,gcrew,noaa_gefs,23,Rain_mm_sum,25,2.100000001490116
gep23,00,2026-05-05,2026-05-30,gcrew,noaa_gefs,23,ShortwaveRadiation_Wm2,25,336.25
gep23,00,2026-05-05,2026-05-30,gcrew,noaa_gefs,23,WindSpeed_ms_mean,25,2.5700304546198396
gep23,00,2026-05-05,2026-05-31,gcrew,noaa_gefs,23,AirTemp_C_mean,26,20.107537841796898
gep23,00,2026-05-05,2026-05-31,gcrew,noaa_gefs,23,Pressure_Pa,26,101421.41015625
gep23,00,2026-05-05,2026-05-31,gcrew,noaa_gefs,23,RH_percent_mean,26,79.97546768188477
gep23,00,2026-05-05,2026-05-31,gcrew,noaa_gefs,23,Rain_mm_sum,26,7.199999928474426
gep23,00,2026-05-05,2026-05-31,gcrew,noaa_gefs,23,ShortwaveRadiation_Wm2,26,204.5
gep23,00,2026-05-05,2026-05-31,gcrew,noaa_gefs,23,WindSpeed_ms_mean,26,4.440413293057745
gep23,00,2026-05-05,2026-06-01,gcrew,noaa_gefs,23,AirTemp_C_mean,27,18.903489685058616
gep23,00,2026-05-05,2026-06-01,gcrew,noaa_gefs,23,Pressure_Pa,27,101613.822265625
gep23,00,2026-05-05,2026-06-01,gcrew,noaa_gefs,23,RH_percent_mean,27,79.74879264831543
gep23,00,2026-05-05,2026-06-01,gcrew,noaa_gefs,23,Rain_mm_sum,27,0.20000000298023224
gep23,00,2026-05-05,2026-06-01,gcrew,noaa_gefs,23,ShortwaveRadiation_Wm2,27,202
gep23,00,2026-05-05,2026-06-01,gcrew,noaa_gefs,23,WindSpeed_ms_mean,27,2.8618370667271793
gep23,00,2026-05-05,2026-06-02,gcrew,noaa_gefs,23,AirTemp_C_mean,28,23.729150390625023
gep23,00,2026-05-05,2026-06-02,gcrew,noaa_gefs,23,Pressure_Pa,28,101406.4609375
gep23,00,2026-05-05,2026-06-02,gcrew,noaa_gefs,23,RH_percent_mean,28,75.83053302764893
gep23,00,2026-05-05,2026-06-02,gcrew,noaa_gefs,23,Rain_mm_sum,28,4.800000190734863
gep23,00,2026-05-05,2026-06-02,gcrew,noaa_gefs,23,ShortwaveRadiation_Wm2,28,303.25
gep23,00,2026-05-05,2026-06-02,gcrew,noaa_gefs,23,WindSpeed_ms_mean,28,5.180342789756921
gep23,00,2026-05-05,2026-06-03,gcrew,noaa_gefs,23,AirTemp_C_mean,29,22.64240417480471
gep23,00,2026-05-05,2026-06-03,gcrew,noaa_gefs,23,Pressure_Pa,29,101480.6875
gep23,00,2026-05-05,2026-06-03,gcrew,noaa_gefs,23,RH_percent_mean,29,91.867095947265625
gep23,00,2026-05-05,2026-06-03,gcrew,noaa_gefs,23,Rain_mm_sum,29,24.700000166893005
gep23,00,2026-05-05,2026-06-03,gcrew,noaa_gefs,23,ShortwaveRadiation_Wm2,29,176
gep23,00,2026-05-05,2026-06-03,gcrew,noaa_gefs,23,WindSpeed_ms_mean,29,2.8103379804635074
gep23,00,2026-05-05,2026-06-04,gcrew,noaa_gefs,23,AirTemp_C_mean,30,21.24726257324221
gep23,00,2026-05-05,2026-06-04,gcrew,noaa_gefs,23,Pressure_Pa,30,100902.5
gep23,00,2026-05-05,2026-06-04,gcrew,noaa_gefs,23,RH_percent_mean,30,94.49777412414551
gep23,00,2026-05-05,2026-06-04,gcrew,noaa_gefs,23,Rain_mm_sum,30,15.800000429153442
gep23,00,2026-05-05,2026-06-04,gcrew,noaa_gefs,23,ShortwaveRadiation_Wm2,30,96
gep23,00,2026-05-05,2026-06-04,gcrew,noaa_gefs,23,WindSpeed_ms_mean,30,3.624733268214592
gep23,00,2026-05-05,2026-06-05,gcrew,noaa_gefs,23,AirTemp_C_mean,31,17.98151550292971
gep23,00,2026-05-05,2026-06-05,gcrew,noaa_gefs,23,Pressure_Pa,31,101233.8671875
gep23,00,2026-05-05,2026-06-05,gcrew,noaa_gefs,23,RH_percent_mean,31,85.09179496765137
gep23,00,2026-05-05,2026-06-05,gcrew,noaa_gefs,23,Rain_mm_sum,31,0
gep23,00,2026-05-05,2026-06-05,gcrew,noaa_gefs,23,ShortwaveRadiation_Wm2,31,204
gep23,00,2026-05-05,2026-06-05,gcrew,noaa_gefs,23,WindSpeed_ms_mean,31,3.6137171777527146
gep23,00,2026-05-05,2026-06-06,gcrew,noaa_gefs,23,AirTemp_C_mean,32,18.68531188964846
gep23,00,2026-05-05,2026-06-06,gcrew,noaa_gefs,23,Pressure_Pa,32,101418.689453125
gep23,00,2026-05-05,2026-06-06,gcrew,noaa_gefs,23,RH_percent_mean,32,90.20104598999023
gep23,00,2026-05-05,2026-06-06,gcrew,noaa_gefs,23,Rain_mm_sum,32,0.30000000447034836
gep23,00,2026-05-05,2026-06-06,gcrew,noaa_gefs,23,ShortwaveRadiation_Wm2,32,107.25
gep23,00,2026-05-05,2026-06-06,gcrew,noaa_gefs,23,WindSpeed_ms_mean,32,3.7730996520469398
gep23,00,2026-05-05,2026-06-07,gcrew,noaa_gefs,23,AirTemp_C_mean,33,24.139627075195335
gep23,00,2026-05-05,2026-06-07,gcrew,noaa_gefs,23,Pressure_Pa,33,100801.1328125
gep23,00,2026-05-05,2026-06-07,gcrew,noaa_gefs,23,RH_percent_mean,33,81.9941577911377
gep23,00,2026-05-05,2026-06-07,gcrew,noaa_gefs,23,Rain_mm_sum,33,12.999999798834324
gep23,00,2026-05-05,2026-06-07,gcrew,noaa_gefs,23,ShortwaveRadiation_Wm2,33,304.5
gep23,00,2026-05-05,2026-06-07,gcrew,noaa_gefs,23,WindSpeed_ms_mean,33,5.214782697026351
gep23,00,2026-05-05,2026-06-08,gcrew,noaa_gefs,23,AirTemp_C_mean,34,26.755662536621116
gep23,00,2026-05-05,2026-06-08,gcrew,noaa_gefs,23,Pressure_Pa,34,100443.1796875
gep23,00,2026-05-05,2026-06-08,gcrew,noaa_gefs,23,RH_percent_mean,34,68.95762729644775
gep23,00,2026-05-05,2026-06-08,gcrew,noaa_gefs,23,Rain_mm_sum,34,0.4000000134110451
gep23,00,2026-05-05,2026-06-08,gcrew,noaa_gefs,23,ShortwaveRadiation_Wm2,34,343
gep23,00,2026-05-05,2026-06-08,gcrew,noaa_gefs,23,WindSpeed_ms_mean,34,4.0934983365823845
gep24,00,2026-05-05,2026-05-06,gcrew,noaa_gefs,24,AirTemp_C_mean,1,18.317830657959007
gep24,00,2026-05-05,2026-05-06,gcrew,noaa_gefs,24,Pressure_Pa,1,100742.3876953125
gep24,00,2026-05-05,2026-05-06,gcrew,noaa_gefs,24,RH_percent_mean,1,73.999520778656
gep24,00,2026-05-05,2026-05-06,gcrew,noaa_gefs,24,Rain_mm_sum,1,2.9600000381469727
gep24,00,2026-05-05,2026-05-06,gcrew,noaa_gefs,24,ShortwaveRadiation_Wm2,1,112.5
gep24,00,2026-05-05,2026-05-06,gcrew,noaa_gefs,24,WindSpeed_ms_mean,1,7.9482961228732085
gep24,00,2026-05-05,2026-05-07,gcrew,noaa_gefs,24,AirTemp_C_mean,2,13.421441650390648
gep24,00,2026-05-05,2026-05-07,gcrew,noaa_gefs,24,Pressure_Pa,2,100609.435546875
gep24,00,2026-05-05,2026-05-07,gcrew,noaa_gefs,24,RH_percent_mean,2,79.55949878692627
gep24,00,2026-05-05,2026-05-07,gcrew,noaa_gefs,24,Rain_mm_sum,2,3.900000110268593
gep24,00,2026-05-05,2026-05-07,gcrew,noaa_gefs,24,ShortwaveRadiation_Wm2,2,80.875
gep24,00,2026-05-05,2026-05-07,gcrew,noaa_gefs,24,WindSpeed_ms_mean,2,3.7877215286509998
gep24,00,2026-05-05,2026-05-08,gcrew,noaa_gefs,24,AirTemp_C_mean,3,13.444238281250023
gep24,00,2026-05-05,2026-05-08,gcrew,noaa_gefs,24,Pressure_Pa,3,101029.4677734375
gep24,00,2026-05-05,2026-05-08,gcrew,noaa_gefs,24,RH_percent_mean,3,59.61912775039673
gep24,00,2026-05-05,2026-05-08,gcrew,noaa_gefs,24,Rain_mm_sum,3,0
gep24,00,2026-05-05,2026-05-08,gcrew,noaa_gefs,24,ShortwaveRadiation_Wm2,3,310.125
gep24,00,2026-05-05,2026-05-08,gcrew,noaa_gefs,24,WindSpeed_ms_mean,3,4.101767998187636
gep24,00,2026-05-05,2026-05-09,gcrew,noaa_gefs,24,AirTemp_C_mean,4,14.683034515380882
gep24,00,2026-05-05,2026-05-09,gcrew,noaa_gefs,24,Pressure_Pa,4,100504.6123046875
gep24,00,2026-05-05,2026-05-09,gcrew,noaa_gefs,24,RH_percent_mean,4,69.38001728057861
gep24,00,2026-05-05,2026-05-09,gcrew,noaa_gefs,24,Rain_mm_sum,4,3.40000007301569
gep24,00,2026-05-05,2026-05-09,gcrew,noaa_gefs,24,ShortwaveRadiation_Wm2,4,223.375
gep24,00,2026-05-05,2026-05-09,gcrew,noaa_gefs,24,WindSpeed_ms_mean,4,6.089498847817228
gep24,00,2026-05-05,2026-05-10,gcrew,noaa_gefs,24,AirTemp_C_mean,5,14.039365386962913
gep24,00,2026-05-05,2026-05-10,gcrew,noaa_gefs,24,Pressure_Pa,5,101038.7626953125
gep24,00,2026-05-05,2026-05-10,gcrew,noaa_gefs,24,RH_percent_mean,5,62.28422451019287
gep24,00,2026-05-05,2026-05-10,gcrew,noaa_gefs,24,Rain_mm_sum,5,0.4000000059604645
gep24,00,2026-05-05,2026-05-10,gcrew,noaa_gefs,24,ShortwaveRadiation_Wm2,5,321.875
gep24,00,2026-05-05,2026-05-10,gcrew,noaa_gefs,24,WindSpeed_ms_mean,5,4.465990950670339
gep24,00,2026-05-05,2026-05-11,gcrew,noaa_gefs,24,AirTemp_C_mean,6,15.007703399658226
gep24,00,2026-05-05,2026-05-11,gcrew,noaa_gefs,24,Pressure_Pa,6,100972.99609375
gep24,00,2026-05-05,2026-05-11,gcrew,noaa_gefs,24,RH_percent_mean,6,83.72281455993652
gep24,00,2026-05-05,2026-05-11,gcrew,noaa_gefs,24,Rain_mm_sum,6,10.500000238418579
gep24,00,2026-05-05,2026-05-11,gcrew,noaa_gefs,24,ShortwaveRadiation_Wm2,6,318.375
gep24,00,2026-05-05,2026-05-11,gcrew,noaa_gefs,24,WindSpeed_ms_mean,6,3.020219501521629
gep24,00,2026-05-05,2026-05-12,gcrew,noaa_gefs,24,AirTemp_C_mean,7,16.333001708984398
gep24,00,2026-05-05,2026-05-12,gcrew,noaa_gefs,24,Pressure_Pa,7,100487.9833984375
gep24,00,2026-05-05,2026-05-12,gcrew,noaa_gefs,24,RH_percent_mean,7,91.72346305847168
gep24,00,2026-05-05,2026-05-12,gcrew,noaa_gefs,24,Rain_mm_sum,7,22.080000452697277
gep24,00,2026-05-05,2026-05-12,gcrew,noaa_gefs,24,ShortwaveRadiation_Wm2,7,141.625
gep24,00,2026-05-05,2026-05-12,gcrew,noaa_gefs,24,WindSpeed_ms_mean,7,4.752930619586684
gep24,00,2026-05-05,2026-05-13,gcrew,noaa_gefs,24,AirTemp_C_mean,8,13.859941101074241
gep24,00,2026-05-05,2026-05-13,gcrew,noaa_gefs,24,Pressure_Pa,8,100950.2314453125
gep24,00,2026-05-05,2026-05-13,gcrew,noaa_gefs,24,RH_percent_mean,8,60.64580154418945
gep24,00,2026-05-05,2026-05-13,gcrew,noaa_gefs,24,Rain_mm_sum,8,0.699999988079071
gep24,00,2026-05-05,2026-05-13,gcrew,noaa_gefs,24,ShortwaveRadiation_Wm2,8,357.5
gep24,00,2026-05-05,2026-05-13,gcrew,noaa_gefs,24,WindSpeed_ms_mean,8,5.016160868788954
gep24,00,2026-05-05,2026-05-14,gcrew,noaa_gefs,24,AirTemp_C_mean,9,13.323288399832611
gep24,00,2026-05-05,2026-05-14,gcrew,noaa_gefs,24,Pressure_Pa,9,101724.66852678571
gep24,00,2026-05-05,2026-05-14,gcrew,noaa_gefs,24,RH_percent_mean,9,54.3447254725865
gep24,00,2026-05-05,2026-05-14,gcrew,noaa_gefs,24,Rain_mm_sum,9,0
gep24,00,2026-05-05,2026-05-14,gcrew,noaa_gefs,24,ShortwaveRadiation_Wm2,9,409.2857142857143
gep24,00,2026-05-05,2026-05-14,gcrew,noaa_gefs,24,WindSpeed_ms_mean,9,4.204724101810366
gep24,00,2026-05-05,2026-05-15,gcrew,noaa_gefs,24,AirTemp_C_mean,10,13.895341491699241
gep24,00,2026-05-05,2026-05-15,gcrew,noaa_gefs,24,Pressure_Pa,10,101770.98828125
gep24,00,2026-05-05,2026-05-15,gcrew,noaa_gefs,24,RH_percent_mean,10,59.39558792114258
gep24,00,2026-05-05,2026-05-15,gcrew,noaa_gefs,24,Rain_mm_sum,10,0
gep24,00,2026-05-05,2026-05-15,gcrew,noaa_gefs,24,ShortwaveRadiation_Wm2,10,329.5
gep24,00,2026-05-05,2026-05-15,gcrew,noaa_gefs,24,WindSpeed_ms_mean,10,4.301648184988208
gep24,00,2026-05-05,2026-05-16,gcrew,noaa_gefs,24,AirTemp_C_mean,11,12.16132507324221
gep24,00,2026-05-05,2026-05-16,gcrew,noaa_gefs,24,Pressure_Pa,11,101347.048828125
gep24,00,2026-05-05,2026-05-16,gcrew,noaa_gefs,24,RH_percent_mean,11,85.79068565368652
gep24,00,2026-05-05,2026-05-16,gcrew,noaa_gefs,24,Rain_mm_sum,11,3.5000000596046448
gep24,00,2026-05-05,2026-05-16,gcrew,noaa_gefs,24,ShortwaveRadiation_Wm2,11,57.25
gep24,00,2026-05-05,2026-05-16,gcrew,noaa_gefs,24,WindSpeed_ms_mean,11,3.5957713274021446
gep24,00,2026-05-05,2026-05-17,gcrew,noaa_gefs,24,AirTemp_C_mean,12,12.39740905761721
gep24,00,2026-05-05,2026-05-17,gcrew,noaa_gefs,24,Pressure_Pa,12,101498.666015625
gep24,00,2026-05-05,2026-05-17,gcrew,noaa_gefs,24,RH_percent_mean,12,85.35811996459961
gep24,00,2026-05-05,2026-05-17,gcrew,noaa_gefs,24,Rain_mm_sum,12,12.600000239908695
gep24,00,2026-05-05,2026-05-17,gcrew,noaa_gefs,24,ShortwaveRadiation_Wm2,12,68.75
gep24,00,2026-05-05,2026-05-17,gcrew,noaa_gefs,24,WindSpeed_ms_mean,12,4.4423147677144765
gep24,00,2026-05-05,2026-05-18,gcrew,noaa_gefs,24,AirTemp_C_mean,13,12.796853637695335
gep24,00,2026-05-05,2026-05-18,gcrew,noaa_gefs,24,Pressure_Pa,13,102275.958984375
gep24,00,2026-05-05,2026-05-18,gcrew,noaa_gefs,24,RH_percent_mean,13,75.41705131530762
gep24,00,2026-05-05,2026-05-18,gcrew,noaa_gefs,24,Rain_mm_sum,13,3.5000000968575478
gep24,00,2026-05-05,2026-05-18,gcrew,noaa_gefs,24,ShortwaveRadiation_Wm2,13,67.25
gep24,00,2026-05-05,2026-05-18,gcrew,noaa_gefs,24,WindSpeed_ms_mean,13,4.947630717288071
gep24,00,2026-05-05,2026-05-19,gcrew,noaa_gefs,24,AirTemp_C_mean,14,15.980165100097679
gep24,00,2026-05-05,2026-05-19,gcrew,noaa_gefs,24,Pressure_Pa,14,101818.97265625
gep24,00,2026-05-05,2026-05-19,gcrew,noaa_gefs,24,RH_percent_mean,14,94.8867244720459
gep24,00,2026-05-05,2026-05-19,gcrew,noaa_gefs,24,Rain_mm_sum,14,13.600000202655792
gep24,00,2026-05-05,2026-05-19,gcrew,noaa_gefs,24,ShortwaveRadiation_Wm2,14,56.75
gep24,00,2026-05-05,2026-05-19,gcrew,noaa_gefs,24,WindSpeed_ms_mean,14,5.998326923740712
gep24,00,2026-05-05,2026-05-20,gcrew,noaa_gefs,24,AirTemp_C_mean,15,16.34876403808596
gep24,00,2026-05-05,2026-05-20,gcrew,noaa_gefs,24,Pressure_Pa,15,101606.828125
gep24,00,2026-05-05,2026-05-20,gcrew,noaa_gefs,24,RH_percent_mean,15,89.96279335021973
gep24,00,2026-05-05,2026-05-20,gcrew,noaa_gefs,24,Rain_mm_sum,15,0.9000000283122063
gep24,00,2026-05-05,2026-05-20,gcrew,noaa_gefs,24,ShortwaveRadiation_Wm2,15,66.75
gep24,00,2026-05-05,2026-05-20,gcrew,noaa_gefs,24,WindSpeed_ms_mean,15,5.274919119101563
gep24,00,2026-05-05,2026-05-21,gcrew,noaa_gefs,24,AirTemp_C_mean,16,17.079988098144554
gep24,00,2026-05-05,2026-05-21,gcrew,noaa_gefs,24,Pressure_Pa,16,101430.228515625
gep24,00,2026-05-05,2026-05-21,gcrew,noaa_gefs,24,RH_percent_mean,16,92.32025718688965
gep24,00,2026-05-05,2026-05-21,gcrew,noaa_gefs,24,Rain_mm_sum,16,3.6000001206994057
gep24,00,2026-05-05,2026-05-21,gcrew,noaa_gefs,24,ShortwaveRadiation_Wm2,16,134.75
gep24,00,2026-05-05,2026-05-21,gcrew,noaa_gefs,24,WindSpeed_ms_mean,16,4.749984768270614
gep24,00,2026-05-05,2026-05-22,gcrew,noaa_gefs,24,AirTemp_C_mean,17,19.45788726806643
gep24,00,2026-05-05,2026-05-22,gcrew,noaa_gefs,24,Pressure_Pa,17,101787.37109375
gep24,00,2026-05-05,2026-05-22,gcrew,noaa_gefs,24,RH_percent_mean,17,86.58370208740234
gep24,00,2026-05-05,2026-05-22,gcrew,noaa_gefs,24,Rain_mm_sum,17,0.10000000149011612
gep24,00,2026-05-05,2026-05-22,gcrew,noaa_gefs,24,ShortwaveRadiation_Wm2,17,329.5
gep24,00,2026-05-05,2026-05-22,gcrew,noaa_gefs,24,WindSpeed_ms_mean,17,3.421951902917886
gep24,00,2026-05-05,2026-05-23,gcrew,noaa_gefs,24,AirTemp_C_mean,18,19.32135925292971
gep24,00,2026-05-05,2026-05-23,gcrew,noaa_gefs,24,Pressure_Pa,18,102091.19140625
gep24,00,2026-05-05,2026-05-23,gcrew,noaa_gefs,24,RH_percent_mean,18,88.211029052734375
gep24,00,2026-05-05,2026-05-23,gcrew,noaa_gefs,24,Rain_mm_sum,18,0.30000000447034836
gep24,00,2026-05-05,2026-05-23,gcrew,noaa_gefs,24,ShortwaveRadiation_Wm2,18,304
gep24,00,2026-05-05,2026-05-23,gcrew,noaa_gefs,24,WindSpeed_ms_mean,18,2.9632516322381934
gep24,00,2026-05-05,2026-05-24,gcrew,noaa_gefs,24,AirTemp_C_mean,19,19.627183532714866
gep24,00,2026-05-05,2026-05-24,gcrew,noaa_gefs,24,Pressure_Pa,19,102131.763671875
gep24,00,2026-05-05,2026-05-24,gcrew,noaa_gefs,24,RH_percent_mean,19,88.8326587677002
gep24,00,2026-05-05,2026-05-24,gcrew,noaa_gefs,24,Rain_mm_sum,19,0.4000000059604645
gep24,00,2026-05-05,2026-05-24,gcrew,noaa_gefs,24,ShortwaveRadiation_Wm2,19,312.75
gep24,00,2026-05-05,2026-05-24,gcrew,noaa_gefs,24,WindSpeed_ms_mean,19,3.353299723512114
gep24,00,2026-05-05,2026-05-25,gcrew,noaa_gefs,24,AirTemp_C_mean,20,22.220193481445335
gep24,00,2026-05-05,2026-05-25,gcrew,noaa_gefs,24,Pressure_Pa,20,101920.87109375
gep24,00,2026-05-05,2026-05-25,gcrew,noaa_gefs,24,RH_percent_mean,20,80.57049751281738
gep24,00,2026-05-05,2026-05-25,gcrew,noaa_gefs,24,Rain_mm_sum,20,0
gep24,00,2026-05-05,2026-05-25,gcrew,noaa_gefs,24,ShortwaveRadiation_Wm2,20,332
gep24,00,2026-05-05,2026-05-25,gcrew,noaa_gefs,24,WindSpeed_ms_mean,20,2.332214280423385
gep24,00,2026-05-05,2026-05-26,gcrew,noaa_gefs,24,AirTemp_C_mean,21,23.644677734375023
gep24,00,2026-05-05,2026-05-26,gcrew,noaa_gefs,24,Pressure_Pa,21,101732.607421875
gep24,00,2026-05-05,2026-05-26,gcrew,noaa_gefs,24,RH_percent_mean,21,77.47503280639648
gep24,00,2026-05-05,2026-05-26,gcrew,noaa_gefs,24,Rain_mm_sum,21,0.30000000447034836
gep24,00,2026-05-05,2026-05-26,gcrew,noaa_gefs,24,ShortwaveRadiation_Wm2,21,329.75
gep24,00,2026-05-05,2026-05-26,gcrew,noaa_gefs,24,WindSpeed_ms_mean,21,3.7429728329099072
gep24,00,2026-05-05,2026-05-27,gcrew,noaa_gefs,24,AirTemp_C_mean,22,21.092683410644554
gep24,00,2026-05-05,2026-05-27,gcrew,noaa_gefs,24,Pressure_Pa,22,101740.51953125
gep24,00,2026-05-05,2026-05-27,gcrew,noaa_gefs,24,RH_percent_mean,22,84.3672924041748
gep24,00,2026-05-05,2026-05-27,gcrew,noaa_gefs,24,Rain_mm_sum,22,0
gep24,00,2026-05-05,2026-05-27,gcrew,noaa_gefs,24,ShortwaveRadiation_Wm2,22,312.5
gep24,00,2026-05-05,2026-05-27,gcrew,noaa_gefs,24,WindSpeed_ms_mean,22,2.700000293540816
gep24,00,2026-05-05,2026-05-28,gcrew,noaa_gefs,24,AirTemp_C_mean,23,23.88488922119143
gep24,00,2026-05-05,2026-05-28,gcrew,noaa_gefs,24,Pressure_Pa,23,101347.58984375
gep24,00,2026-05-05,2026-05-28,gcrew,noaa_gefs,24,RH_percent_mean,23,75.04574775695801
gep24,00,2026-05-05,2026-05-28,gcrew,noaa_gefs,24,Rain_mm_sum,23,0
gep24,00,2026-05-05,2026-05-28,gcrew,noaa_gefs,24,ShortwaveRadiation_Wm2,23,335.5
gep24,00,2026-05-05,2026-05-28,gcrew,noaa_gefs,24,WindSpeed_ms_mean,23,2.335344468510624
gep24,00,2026-05-05,2026-05-29,gcrew,noaa_gefs,24,AirTemp_C_mean,24,24.74714050292971
gep24,00,2026-05-05,2026-05-29,gcrew,noaa_gefs,24,Pressure_Pa,24,101476.5703125
gep24,00,2026-05-05,2026-05-29,gcrew,noaa_gefs,24,RH_percent_mean,24,72.64131832122803
gep24,00,2026-05-05,2026-05-29,gcrew,noaa_gefs,24,Rain_mm_sum,24,0
gep24,00,2026-05-05,2026-05-29,gcrew,noaa_gefs,24,ShortwaveRadiation_Wm2,24,336
gep24,00,2026-05-05,2026-05-29,gcrew,noaa_gefs,24,WindSpeed_ms_mean,24,1.9586284146796837
gep24,00,2026-05-05,2026-05-30,gcrew,noaa_gefs,24,AirTemp_C_mean,25,24.066796875000023
gep24,00,2026-05-05,2026-05-30,gcrew,noaa_gefs,24,Pressure_Pa,25,101384.1875
gep24,00,2026-05-05,2026-05-30,gcrew,noaa_gefs,24,RH_percent_mean,25,71.36553287506104
gep24,00,2026-05-05,2026-05-30,gcrew,noaa_gefs,24,Rain_mm_sum,25,2.100000001490116
gep24,00,2026-05-05,2026-05-30,gcrew,noaa_gefs,24,ShortwaveRadiation_Wm2,25,336.25
gep24,00,2026-05-05,2026-05-30,gcrew,noaa_gefs,24,WindSpeed_ms_mean,25,2.5700304546198396
gep24,00,2026-05-05,2026-05-31,gcrew,noaa_gefs,24,AirTemp_C_mean,26,20.107537841796898
gep24,00,2026-05-05,2026-05-31,gcrew,noaa_gefs,24,Pressure_Pa,26,101421.41015625
gep24,00,2026-05-05,2026-05-31,gcrew,noaa_gefs,24,RH_percent_mean,26,79.97546768188477
gep24,00,2026-05-05,2026-05-31,gcrew,noaa_gefs,24,Rain_mm_sum,26,7.199999928474426
gep24,00,2026-05-05,2026-05-31,gcrew,noaa_gefs,24,ShortwaveRadiation_Wm2,26,204.5
gep24,00,2026-05-05,2026-05-31,gcrew,noaa_gefs,24,WindSpeed_ms_mean,26,4.440413293057745
gep24,00,2026-05-05,2026-06-01,gcrew,noaa_gefs,24,AirTemp_C_mean,27,18.903489685058616
gep24,00,2026-05-05,2026-06-01,gcrew,noaa_gefs,24,Pressure_Pa,27,101613.822265625
gep24,00,2026-05-05,2026-06-01,gcrew,noaa_gefs,24,RH_percent_mean,27,79.74879264831543
gep24,00,2026-05-05,2026-06-01,gcrew,noaa_gefs,24,Rain_mm_sum,27,0.20000000298023224
gep24,00,2026-05-05,2026-06-01,gcrew,noaa_gefs,24,ShortwaveRadiation_Wm2,27,202
gep24,00,2026-05-05,2026-06-01,gcrew,noaa_gefs,24,WindSpeed_ms_mean,27,2.8618370667271793
gep24,00,2026-05-05,2026-06-02,gcrew,noaa_gefs,24,AirTemp_C_mean,28,23.729150390625023
gep24,00,2026-05-05,2026-06-02,gcrew,noaa_gefs,24,Pressure_Pa,28,101406.4609375
gep24,00,2026-05-05,2026-06-02,gcrew,noaa_gefs,24,RH_percent_mean,28,75.83053302764893
gep24,00,2026-05-05,2026-06-02,gcrew,noaa_gefs,24,Rain_mm_sum,28,4.800000190734863
gep24,00,2026-05-05,2026-06-02,gcrew,noaa_gefs,24,ShortwaveRadiation_Wm2,28,303.25
gep24,00,2026-05-05,2026-06-02,gcrew,noaa_gefs,24,WindSpeed_ms_mean,28,5.180342789756921
gep24,00,2026-05-05,2026-06-03,gcrew,noaa_gefs,24,AirTemp_C_mean,29,22.64240417480471
gep24,00,2026-05-05,2026-06-03,gcrew,noaa_gefs,24,Pressure_Pa,29,101480.6875
gep24,00,2026-05-05,2026-06-03,gcrew,noaa_gefs,24,RH_percent_mean,29,91.867095947265625
gep24,00,2026-05-05,2026-06-03,gcrew,noaa_gefs,24,Rain_mm_sum,29,24.700000166893005
gep24,00,2026-05-05,2026-06-03,gcrew,noaa_gefs,24,ShortwaveRadiation_Wm2,29,176
gep24,00,2026-05-05,2026-06-03,gcrew,noaa_gefs,24,WindSpeed_ms_mean,29,2.8103379804635074
gep24,00,2026-05-05,2026-06-04,gcrew,noaa_gefs,24,AirTemp_C_mean,30,21.24726257324221
gep24,00,2026-05-05,2026-06-04,gcrew,noaa_gefs,24,Pressure_Pa,30,100902.5
gep24,00,2026-05-05,2026-06-04,gcrew,noaa_gefs,24,RH_percent_mean,30,94.49777412414551
gep24,00,2026-05-05,2026-06-04,gcrew,noaa_gefs,24,Rain_mm_sum,30,15.800000429153442
gep24,00,2026-05-05,2026-06-04,gcrew,noaa_gefs,24,ShortwaveRadiation_Wm2,30,96
gep24,00,2026-05-05,2026-06-04,gcrew,noaa_gefs,24,WindSpeed_ms_mean,30,3.624733268214592
gep24,00,2026-05-05,2026-06-05,gcrew,noaa_gefs,24,AirTemp_C_mean,31,17.98151550292971
gep24,00,2026-05-05,2026-06-05,gcrew,noaa_gefs,24,Pressure_Pa,31,101233.8671875
gep24,00,2026-05-05,2026-06-05,gcrew,noaa_gefs,24,RH_percent_mean,31,85.09179496765137
gep24,00,2026-05-05,2026-06-05,gcrew,noaa_gefs,24,Rain_mm_sum,31,0
gep24,00,2026-05-05,2026-06-05,gcrew,noaa_gefs,24,ShortwaveRadiation_Wm2,31,204
gep24,00,2026-05-05,2026-06-05,gcrew,noaa_gefs,24,WindSpeed_ms_mean,31,3.6137171777527146
gep24,00,2026-05-05,2026-06-06,gcrew,noaa_gefs,24,AirTemp_C_mean,32,18.68531188964846
gep24,00,2026-05-05,2026-06-06,gcrew,noaa_gefs,24,Pressure_Pa,32,101418.689453125
gep24,00,2026-05-05,2026-06-06,gcrew,noaa_gefs,24,RH_percent_mean,32,90.20104598999023
gep24,00,2026-05-05,2026-06-06,gcrew,noaa_gefs,24,Rain_mm_sum,32,0.30000000447034836
gep24,00,2026-05-05,2026-06-06,gcrew,noaa_gefs,24,ShortwaveRadiation_Wm2,32,107.25
gep24,00,2026-05-05,2026-06-06,gcrew,noaa_gefs,24,WindSpeed_ms_mean,32,3.7730996520469398
gep24,00,2026-05-05,2026-06-07,gcrew,noaa_gefs,24,AirTemp_C_mean,33,24.139627075195335
gep24,00,2026-05-05,2026-06-07,gcrew,noaa_gefs,24,Pressure_Pa,33,100801.1328125
gep24,00,2026-05-05,2026-06-07,gcrew,noaa_gefs,24,RH_percent_mean,33,81.9941577911377
gep24,00,2026-05-05,2026-06-07,gcrew,noaa_gefs,24,Rain_mm_sum,33,12.999999798834324
gep24,00,2026-05-05,2026-06-07,gcrew,noaa_gefs,24,ShortwaveRadiation_Wm2,33,304.5
gep24,00,2026-05-05,2026-06-07,gcrew,noaa_gefs,24,WindSpeed_ms_mean,33,5.214782697026351
gep24,00,2026-05-05,2026-06-08,gcrew,noaa_gefs,24,AirTemp_C_mean,34,26.755662536621116
gep24,00,2026-05-05,2026-06-08,gcrew,noaa_gefs,24,Pressure_Pa,34,100443.1796875
gep24,00,2026-05-05,2026-06-08,gcrew,noaa_gefs,24,RH_percent_mean,34,68.95762729644775
gep24,00,2026-05-05,2026-06-08,gcrew,noaa_gefs,24,Rain_mm_sum,34,0.4000000134110451
gep24,00,2026-05-05,2026-06-08,gcrew,noaa_gefs,24,ShortwaveRadiation_Wm2,34,343
gep24,00,2026-05-05,2026-06-08,gcrew,noaa_gefs,24,WindSpeed_ms_mean,34,4.0934983365823845
gep25,00,2026-05-05,2026-05-06,gcrew,noaa_gefs,25,AirTemp_C_mean,1,18.317830657959007
gep25,00,2026-05-05,2026-05-06,gcrew,noaa_gefs,25,Pressure_Pa,1,100742.3876953125
gep25,00,2026-05-05,2026-05-06,gcrew,noaa_gefs,25,RH_percent_mean,1,73.999520778656
gep25,00,2026-05-05,2026-05-06,gcrew,noaa_gefs,25,Rain_mm_sum,1,2.9600000381469727
gep25,00,2026-05-05,2026-05-06,gcrew,noaa_gefs,25,ShortwaveRadiation_Wm2,1,112.5
gep25,00,2026-05-05,2026-05-06,gcrew,noaa_gefs,25,WindSpeed_ms_mean,1,7.9482961228732085
gep25,00,2026-05-05,2026-05-07,gcrew,noaa_gefs,25,AirTemp_C_mean,2,13.421441650390648
gep25,00,2026-05-05,2026-05-07,gcrew,noaa_gefs,25,Pressure_Pa,2,100609.435546875
gep25,00,2026-05-05,2026-05-07,gcrew,noaa_gefs,25,RH_percent_mean,2,79.55949878692627
gep25,00,2026-05-05,2026-05-07,gcrew,noaa_gefs,25,Rain_mm_sum,2,3.900000110268593
gep25,00,2026-05-05,2026-05-07,gcrew,noaa_gefs,25,ShortwaveRadiation_Wm2,2,80.875
gep25,00,2026-05-05,2026-05-07,gcrew,noaa_gefs,25,WindSpeed_ms_mean,2,3.7877215286509998
gep25,00,2026-05-05,2026-05-08,gcrew,noaa_gefs,25,AirTemp_C_mean,3,13.444238281250023
gep25,00,2026-05-05,2026-05-08,gcrew,noaa_gefs,25,Pressure_Pa,3,101029.4677734375
gep25,00,2026-05-05,2026-05-08,gcrew,noaa_gefs,25,RH_percent_mean,3,59.61912775039673
gep25,00,2026-05-05,2026-05-08,gcrew,noaa_gefs,25,Rain_mm_sum,3,0
gep25,00,2026-05-05,2026-05-08,gcrew,noaa_gefs,25,ShortwaveRadiation_Wm2,3,310.125
gep25,00,2026-05-05,2026-05-08,gcrew,noaa_gefs,25,WindSpeed_ms_mean,3,4.101767998187636
gep25,00,2026-05-05,2026-05-09,gcrew,noaa_gefs,25,AirTemp_C_mean,4,14.683034515380882
gep25,00,2026-05-05,2026-05-09,gcrew,noaa_gefs,25,Pressure_Pa,4,100504.6123046875
gep25,00,2026-05-05,2026-05-09,gcrew,noaa_gefs,25,RH_percent_mean,4,69.38001728057861
gep25,00,2026-05-05,2026-05-09,gcrew,noaa_gefs,25,Rain_mm_sum,4,3.40000007301569
gep25,00,2026-05-05,2026-05-09,gcrew,noaa_gefs,25,ShortwaveRadiation_Wm2,4,223.375
gep25,00,2026-05-05,2026-05-09,gcrew,noaa_gefs,25,WindSpeed_ms_mean,4,6.089498847817228
gep25,00,2026-05-05,2026-05-10,gcrew,noaa_gefs,25,AirTemp_C_mean,5,14.039365386962913
gep25,00,2026-05-05,2026-05-10,gcrew,noaa_gefs,25,Pressure_Pa,5,101038.7626953125
gep25,00,2026-05-05,2026-05-10,gcrew,noaa_gefs,25,RH_percent_mean,5,62.28422451019287
gep25,00,2026-05-05,2026-05-10,gcrew,noaa_gefs,25,Rain_mm_sum,5,0.4000000059604645
gep25,00,2026-05-05,2026-05-10,gcrew,noaa_gefs,25,ShortwaveRadiation_Wm2,5,321.875
gep25,00,2026-05-05,2026-05-10,gcrew,noaa_gefs,25,WindSpeed_ms_mean,5,4.465990950670339
gep25,00,2026-05-05,2026-05-11,gcrew,noaa_gefs,25,AirTemp_C_mean,6,15.007703399658226
gep25,00,2026-05-05,2026-05-11,gcrew,noaa_gefs,25,Pressure_Pa,6,100972.99609375
gep25,00,2026-05-05,2026-05-11,gcrew,noaa_gefs,25,RH_percent_mean,6,83.72281455993652
gep25,00,2026-05-05,2026-05-11,gcrew,noaa_gefs,25,Rain_mm_sum,6,10.500000238418579
gep25,00,2026-05-05,2026-05-11,gcrew,noaa_gefs,25,ShortwaveRadiation_Wm2,6,318.375
gep25,00,2026-05-05,2026-05-11,gcrew,noaa_gefs,25,WindSpeed_ms_mean,6,3.020219501521629
gep25,00,2026-05-05,2026-05-12,gcrew,noaa_gefs,25,AirTemp_C_mean,7,16.333001708984398
gep25,00,2026-05-05,2026-05-12,gcrew,noaa_gefs,25,Pressure_Pa,7,100487.9833984375
gep25,00,2026-05-05,2026-05-12,gcrew,noaa_gefs,25,RH_percent_mean,7,91.72346305847168
gep25,00,2026-05-05,2026-05-12,gcrew,noaa_gefs,25,Rain_mm_sum,7,22.080000452697277
gep25,00,2026-05-05,2026-05-12,gcrew,noaa_gefs,25,ShortwaveRadiation_Wm2,7,141.625
gep25,00,2026-05-05,2026-05-12,gcrew,noaa_gefs,25,WindSpeed_ms_mean,7,4.752930619586684
gep25,00,2026-05-05,2026-05-13,gcrew,noaa_gefs,25,AirTemp_C_mean,8,13.859941101074241
gep25,00,2026-05-05,2026-05-13,gcrew,noaa_gefs,25,Pressure_Pa,8,100950.2314453125
gep25,00,2026-05-05,2026-05-13,gcrew,noaa_gefs,25,RH_percent_mean,8,60.64580154418945
gep25,00,2026-05-05,2026-05-13,gcrew,noaa_gefs,25,Rain_mm_sum,8,0.699999988079071
gep25,00,2026-05-05,2026-05-13,gcrew,noaa_gefs,25,ShortwaveRadiation_Wm2,8,357.5
gep25,00,2026-05-05,2026-05-13,gcrew,noaa_gefs,25,WindSpeed_ms_mean,8,5.016160868788954
gep25,00,2026-05-05,2026-05-14,gcrew,noaa_gefs,25,AirTemp_C_mean,9,13.323288399832611
gep25,00,2026-05-05,2026-05-14,gcrew,noaa_gefs,25,Pressure_Pa,9,101724.66852678571
gep25,00,2026-05-05,2026-05-14,gcrew,noaa_gefs,25,RH_percent_mean,9,54.3447254725865
gep25,00,2026-05-05,2026-05-14,gcrew,noaa_gefs,25,Rain_mm_sum,9,0
gep25,00,2026-05-05,2026-05-14,gcrew,noaa_gefs,25,ShortwaveRadiation_Wm2,9,409.2857142857143
gep25,00,2026-05-05,2026-05-14,gcrew,noaa_gefs,25,WindSpeed_ms_mean,9,4.204724101810366
gep25,00,2026-05-05,2026-05-15,gcrew,noaa_gefs,25,AirTemp_C_mean,10,13.895341491699241
gep25,00,2026-05-05,2026-05-15,gcrew,noaa_gefs,25,Pressure_Pa,10,101770.98828125
gep25,00,2026-05-05,2026-05-15,gcrew,noaa_gefs,25,RH_percent_mean,10,59.39558792114258
gep25,00,2026-05-05,2026-05-15,gcrew,noaa_gefs,25,Rain_mm_sum,10,0
gep25,00,2026-05-05,2026-05-15,gcrew,noaa_gefs,25,ShortwaveRadiation_Wm2,10,329.5
gep25,00,2026-05-05,2026-05-15,gcrew,noaa_gefs,25,WindSpeed_ms_mean,10,4.301648184988208
gep25,00,2026-05-05,2026-05-16,gcrew,noaa_gefs,25,AirTemp_C_mean,11,12.16132507324221
gep25,00,2026-05-05,2026-05-16,gcrew,noaa_gefs,25,Pressure_Pa,11,101347.048828125
gep25,00,2026-05-05,2026-05-16,gcrew,noaa_gefs,25,RH_percent_mean,11,85.79068565368652
gep25,00,2026-05-05,2026-05-16,gcrew,noaa_gefs,25,Rain_mm_sum,11,3.5000000596046448
gep25,00,2026-05-05,2026-05-16,gcrew,noaa_gefs,25,ShortwaveRadiation_Wm2,11,57.25
gep25,00,2026-05-05,2026-05-16,gcrew,noaa_gefs,25,WindSpeed_ms_mean,11,3.5957713274021446
gep25,00,2026-05-05,2026-05-17,gcrew,noaa_gefs,25,AirTemp_C_mean,12,12.39740905761721
gep25,00,2026-05-05,2026-05-17,gcrew,noaa_gefs,25,Pressure_Pa,12,101498.666015625
gep25,00,2026-05-05,2026-05-17,gcrew,noaa_gefs,25,RH_percent_mean,12,85.35811996459961
gep25,00,2026-05-05,2026-05-17,gcrew,noaa_gefs,25,Rain_mm_sum,12,12.600000239908695
gep25,00,2026-05-05,2026-05-17,gcrew,noaa_gefs,25,ShortwaveRadiation_Wm2,12,68.75
gep25,00,2026-05-05,2026-05-17,gcrew,noaa_gefs,25,WindSpeed_ms_mean,12,4.4423147677144765
gep25,00,2026-05-05,2026-05-18,gcrew,noaa_gefs,25,AirTemp_C_mean,13,12.796853637695335
gep25,00,2026-05-05,2026-05-18,gcrew,noaa_gefs,25,Pressure_Pa,13,102275.958984375
gep25,00,2026-05-05,2026-05-18,gcrew,noaa_gefs,25,RH_percent_mean,13,75.41705131530762
gep25,00,2026-05-05,2026-05-18,gcrew,noaa_gefs,25,Rain_mm_sum,13,3.5000000968575478
gep25,00,2026-05-05,2026-05-18,gcrew,noaa_gefs,25,ShortwaveRadiation_Wm2,13,67.25
gep25,00,2026-05-05,2026-05-18,gcrew,noaa_gefs,25,WindSpeed_ms_mean,13,4.947630717288071
gep25,00,2026-05-05,2026-05-19,gcrew,noaa_gefs,25,AirTemp_C_mean,14,15.980165100097679
gep25,00,2026-05-05,2026-05-19,gcrew,noaa_gefs,25,Pressure_Pa,14,101818.97265625
gep25,00,2026-05-05,2026-05-19,gcrew,noaa_gefs,25,RH_percent_mean,14,94.8867244720459
gep25,00,2026-05-05,2026-05-19,gcrew,noaa_gefs,25,Rain_mm_sum,14,13.600000202655792
gep25,00,2026-05-05,2026-05-19,gcrew,noaa_gefs,25,ShortwaveRadiation_Wm2,14,56.75
gep25,00,2026-05-05,2026-05-19,gcrew,noaa_gefs,25,WindSpeed_ms_mean,14,5.998326923740712
gep25,00,2026-05-05,2026-05-20,gcrew,noaa_gefs,25,AirTemp_C_mean,15,16.34876403808596
gep25,00,2026-05-05,2026-05-20,gcrew,noaa_gefs,25,Pressure_Pa,15,101606.828125
gep25,00,2026-05-05,2026-05-20,gcrew,noaa_gefs,25,RH_percent_mean,15,89.96279335021973
gep25,00,2026-05-05,2026-05-20,gcrew,noaa_gefs,25,Rain_mm_sum,15,0.9000000283122063
gep25,00,2026-05-05,2026-05-20,gcrew,noaa_gefs,25,ShortwaveRadiation_Wm2,15,66.75
gep25,00,2026-05-05,2026-05-20,gcrew,noaa_gefs,25,WindSpeed_ms_mean,15,5.274919119101563
gep25,00,2026-05-05,2026-05-21,gcrew,noaa_gefs,25,AirTemp_C_mean,16,17.079988098144554
gep25,00,2026-05-05,2026-05-21,gcrew,noaa_gefs,25,Pressure_Pa,16,101430.228515625
gep25,00,2026-05-05,2026-05-21,gcrew,noaa_gefs,25,RH_percent_mean,16,92.32025718688965
gep25,00,2026-05-05,2026-05-21,gcrew,noaa_gefs,25,Rain_mm_sum,16,3.6000001206994057
gep25,00,2026-05-05,2026-05-21,gcrew,noaa_gefs,25,ShortwaveRadiation_Wm2,16,134.75
gep25,00,2026-05-05,2026-05-21,gcrew,noaa_gefs,25,WindSpeed_ms_mean,16,4.749984768270614
gep25,00,2026-05-05,2026-05-22,gcrew,noaa_gefs,25,AirTemp_C_mean,17,19.45788726806643
gep25,00,2026-05-05,2026-05-22,gcrew,noaa_gefs,25,Pressure_Pa,17,101787.37109375
gep25,00,2026-05-05,2026-05-22,gcrew,noaa_gefs,25,RH_percent_mean,17,86.58370208740234
gep25,00,2026-05-05,2026-05-22,gcrew,noaa_gefs,25,Rain_mm_sum,17,0.10000000149011612
gep25,00,2026-05-05,2026-05-22,gcrew,noaa_gefs,25,ShortwaveRadiation_Wm2,17,329.5
gep25,00,2026-05-05,2026-05-22,gcrew,noaa_gefs,25,WindSpeed_ms_mean,17,3.421951902917886
gep25,00,2026-05-05,2026-05-23,gcrew,noaa_gefs,25,AirTemp_C_mean,18,19.32135925292971
gep25,00,2026-05-05,2026-05-23,gcrew,noaa_gefs,25,Pressure_Pa,18,102091.19140625
gep25,00,2026-05-05,2026-05-23,gcrew,noaa_gefs,25,RH_percent_mean,18,88.211029052734375
gep25,00,2026-05-05,2026-05-23,gcrew,noaa_gefs,25,Rain_mm_sum,18,0.30000000447034836
gep25,00,2026-05-05,2026-05-23,gcrew,noaa_gefs,25,ShortwaveRadiation_Wm2,18,304
gep25,00,2026-05-05,2026-05-23,gcrew,noaa_gefs,25,WindSpeed_ms_mean,18,2.9632516322381934
gep25,00,2026-05-05,2026-05-24,gcrew,noaa_gefs,25,AirTemp_C_mean,19,19.627183532714866
gep25,00,2026-05-05,2026-05-24,gcrew,noaa_gefs,25,Pressure_Pa,19,102131.763671875
gep25,00,2026-05-05,2026-05-24,gcrew,noaa_gefs,25,RH_percent_mean,19,88.8326587677002
gep25,00,2026-05-05,2026-05-24,gcrew,noaa_gefs,25,Rain_mm_sum,19,0.4000000059604645
gep25,00,2026-05-05,2026-05-24,gcrew,noaa_gefs,25,ShortwaveRadiation_Wm2,19,312.75
gep25,00,2026-05-05,2026-05-24,gcrew,noaa_gefs,25,WindSpeed_ms_mean,19,3.353299723512114
gep25,00,2026-05-05,2026-05-25,gcrew,noaa_gefs,25,AirTemp_C_mean,20,22.220193481445335
gep25,00,2026-05-05,2026-05-25,gcrew,noaa_gefs,25,Pressure_Pa,20,101920.87109375
gep25,00,2026-05-05,2026-05-25,gcrew,noaa_gefs,25,RH_percent_mean,20,80.57049751281738
gep25,00,2026-05-05,2026-05-25,gcrew,noaa_gefs,25,Rain_mm_sum,20,0
gep25,00,2026-05-05,2026-05-25,gcrew,noaa_gefs,25,ShortwaveRadiation_Wm2,20,332
gep25,00,2026-05-05,2026-05-25,gcrew,noaa_gefs,25,WindSpeed_ms_mean,20,2.332214280423385
gep25,00,2026-05-05,2026-05-26,gcrew,noaa_gefs,25,AirTemp_C_mean,21,23.644677734375023
gep25,00,2026-05-05,2026-05-26,gcrew,noaa_gefs,25,Pressure_Pa,21,101732.607421875
gep25,00,2026-05-05,2026-05-26,gcrew,noaa_gefs,25,RH_percent_mean,21,77.47503280639648
gep25,00,2026-05-05,2026-05-26,gcrew,noaa_gefs,25,Rain_mm_sum,21,0.30000000447034836
gep25,00,2026-05-05,2026-05-26,gcrew,noaa_gefs,25,ShortwaveRadiation_Wm2,21,329.75
gep25,00,2026-05-05,2026-05-26,gcrew,noaa_gefs,25,WindSpeed_ms_mean,21,3.7429728329099072
gep25,00,2026-05-05,2026-05-27,gcrew,noaa_gefs,25,AirTemp_C_mean,22,21.092683410644554
gep25,00,2026-05-05,2026-05-27,gcrew,noaa_gefs,25,Pressure_Pa,22,101740.51953125
gep25,00,2026-05-05,2026-05-27,gcrew,noaa_gefs,25,RH_percent_mean,22,84.3672924041748
gep25,00,2026-05-05,2026-05-27,gcrew,noaa_gefs,25,Rain_mm_sum,22,0
gep25,00,2026-05-05,2026-05-27,gcrew,noaa_gefs,25,ShortwaveRadiation_Wm2,22,312.5
gep25,00,2026-05-05,2026-05-27,gcrew,noaa_gefs,25,WindSpeed_ms_mean,22,2.700000293540816
gep25,00,2026-05-05,2026-05-28,gcrew,noaa_gefs,25,AirTemp_C_mean,23,23.88488922119143
gep25,00,2026-05-05,2026-05-28,gcrew,noaa_gefs,25,Pressure_Pa,23,101347.58984375
gep25,00,2026-05-05,2026-05-28,gcrew,noaa_gefs,25,RH_percent_mean,23,75.04574775695801
gep25,00,2026-05-05,2026-05-28,gcrew,noaa_gefs,25,Rain_mm_sum,23,0
gep25,00,2026-05-05,2026-05-28,gcrew,noaa_gefs,25,ShortwaveRadiation_Wm2,23,335.5
gep25,00,2026-05-05,2026-05-28,gcrew,noaa_gefs,25,WindSpeed_ms_mean,23,2.335344468510624
gep25,00,2026-05-05,2026-05-29,gcrew,noaa_gefs,25,AirTemp_C_mean,24,24.74714050292971
gep25,00,2026-05-05,2026-05-29,gcrew,noaa_gefs,25,Pressure_Pa,24,101476.5703125
gep25,00,2026-05-05,2026-05-29,gcrew,noaa_gefs,25,RH_percent_mean,24,72.64131832122803
gep25,00,2026-05-05,2026-05-29,gcrew,noaa_gefs,25,Rain_mm_sum,24,0
gep25,00,2026-05-05,2026-05-29,gcrew,noaa_gefs,25,ShortwaveRadiation_Wm2,24,336
gep25,00,2026-05-05,2026-05-29,gcrew,noaa_gefs,25,WindSpeed_ms_mean,24,1.9586284146796837
gep25,00,2026-05-05,2026-05-30,gcrew,noaa_gefs,25,AirTemp_C_mean,25,24.066796875000023
gep25,00,2026-05-05,2026-05-30,gcrew,noaa_gefs,25,Pressure_Pa,25,101384.1875
gep25,00,2026-05-05,2026-05-30,gcrew,noaa_gefs,25,RH_percent_mean,25,71.36553287506104
gep25,00,2026-05-05,2026-05-30,gcrew,noaa_gefs,25,Rain_mm_sum,25,2.100000001490116
gep25,00,2026-05-05,2026-05-30,gcrew,noaa_gefs,25,ShortwaveRadiation_Wm2,25,336.25
gep25,00,2026-05-05,2026-05-30,gcrew,noaa_gefs,25,WindSpeed_ms_mean,25,2.5700304546198396
gep25,00,2026-05-05,2026-05-31,gcrew,noaa_gefs,25,AirTemp_C_mean,26,20.107537841796898
gep25,00,2026-05-05,2026-05-31,gcrew,noaa_gefs,25,Pressure_Pa,26,101421.41015625
gep25,00,2026-05-05,2026-05-31,gcrew,noaa_gefs,25,RH_percent_mean,26,79.97546768188477
gep25,00,2026-05-05,2026-05-31,gcrew,noaa_gefs,25,Rain_mm_sum,26,7.199999928474426
gep25,00,2026-05-05,2026-05-31,gcrew,noaa_gefs,25,ShortwaveRadiation_Wm2,26,204.5
gep25,00,2026-05-05,2026-05-31,gcrew,noaa_gefs,25,WindSpeed_ms_mean,26,4.440413293057745
gep25,00,2026-05-05,2026-06-01,gcrew,noaa_gefs,25,AirTemp_C_mean,27,18.903489685058616
gep25,00,2026-05-05,2026-06-01,gcrew,noaa_gefs,25,Pressure_Pa,27,101613.822265625
gep25,00,2026-05-05,2026-06-01,gcrew,noaa_gefs,25,RH_percent_mean,27,79.74879264831543
gep25,00,2026-05-05,2026-06-01,gcrew,noaa_gefs,25,Rain_mm_sum,27,0.20000000298023224
gep25,00,2026-05-05,2026-06-01,gcrew,noaa_gefs,25,ShortwaveRadiation_Wm2,27,202
gep25,00,2026-05-05,2026-06-01,gcrew,noaa_gefs,25,WindSpeed_ms_mean,27,2.8618370667271793
gep25,00,2026-05-05,2026-06-02,gcrew,noaa_gefs,25,AirTemp_C_mean,28,23.729150390625023
gep25,00,2026-05-05,2026-06-02,gcrew,noaa_gefs,25,Pressure_Pa,28,101406.4609375
gep25,00,2026-05-05,2026-06-02,gcrew,noaa_gefs,25,RH_percent_mean,28,75.83053302764893
gep25,00,2026-05-05,2026-06-02,gcrew,noaa_gefs,25,Rain_mm_sum,28,4.800000190734863
gep25,00,2026-05-05,2026-06-02,gcrew,noaa_gefs,25,ShortwaveRadiation_Wm2,28,303.25
gep25,00,2026-05-05,2026-06-02,gcrew,noaa_gefs,25,WindSpeed_ms_mean,28,5.180342789756921
gep25,00,2026-05-05,2026-06-03,gcrew,noaa_gefs,25,AirTemp_C_mean,29,22.64240417480471
gep25,00,2026-05-05,2026-06-03,gcrew,noaa_gefs,25,Pressure_Pa,29,101480.6875
gep25,00,2026-05-05,2026-06-03,gcrew,noaa_gefs,25,RH_percent_mean,29,91.867095947265625
gep25,00,2026-05-05,2026-06-03,gcrew,noaa_gefs,25,Rain_mm_sum,29,24.700000166893005
gep25,00,2026-05-05,2026-06-03,gcrew,noaa_gefs,25,ShortwaveRadiation_Wm2,29,176
gep25,00,2026-05-05,2026-06-03,gcrew,noaa_gefs,25,WindSpeed_ms_mean,29,2.8103379804635074
gep25,00,2026-05-05,2026-06-04,gcrew,noaa_gefs,25,AirTemp_C_mean,30,21.24726257324221
gep25,00,2026-05-05,2026-06-04,gcrew,noaa_gefs,25,Pressure_Pa,30,100902.5
gep25,00,2026-05-05,2026-06-04,gcrew,noaa_gefs,25,RH_percent_mean,30,94.49777412414551
gep25,00,2026-05-05,2026-06-04,gcrew,noaa_gefs,25,Rain_mm_sum,30,15.800000429153442
gep25,00,2026-05-05,2026-06-04,gcrew,noaa_gefs,25,ShortwaveRadiation_Wm2,30,96
gep25,00,2026-05-05,2026-06-04,gcrew,noaa_gefs,25,WindSpeed_ms_mean,30,3.624733268214592
gep25,00,2026-05-05,2026-06-05,gcrew,noaa_gefs,25,AirTemp_C_mean,31,17.98151550292971
gep25,00,2026-05-05,2026-06-05,gcrew,noaa_gefs,25,Pressure_Pa,31,101233.8671875
gep25,00,2026-05-05,2026-06-05,gcrew,noaa_gefs,25,RH_percent_mean,31,85.09179496765137
gep25,00,2026-05-05,2026-06-05,gcrew,noaa_gefs,25,Rain_mm_sum,31,0
gep25,00,2026-05-05,2026-06-05,gcrew,noaa_gefs,25,ShortwaveRadiation_Wm2,31,204
gep25,00,2026-05-05,2026-06-05,gcrew,noaa_gefs,25,WindSpeed_ms_mean,31,3.6137171777527146
gep25,00,2026-05-05,2026-06-06,gcrew,noaa_gefs,25,AirTemp_C_mean,32,18.68531188964846
gep25,00,2026-05-05,2026-06-06,gcrew,noaa_gefs,25,Pressure_Pa,32,101418.689453125
gep25,00,2026-05-05,2026-06-06,gcrew,noaa_gefs,25,RH_percent_mean,32,90.20104598999023
gep25,00,2026-05-05,2026-06-06,gcrew,noaa_gefs,25,Rain_mm_sum,32,0.30000000447034836
gep25,00,2026-05-05,2026-06-06,gcrew,noaa_gefs,25,ShortwaveRadiation_Wm2,32,107.25
gep25,00,2026-05-05,2026-06-06,gcrew,noaa_gefs,25,WindSpeed_ms_mean,32,3.7730996520469398
gep25,00,2026-05-05,2026-06-07,gcrew,noaa_gefs,25,AirTemp_C_mean,33,24.139627075195335
gep25,00,2026-05-05,2026-06-07,gcrew,noaa_gefs,25,Pressure_Pa,33,100801.1328125
gep25,00,2026-05-05,2026-06-07,gcrew,noaa_gefs,25,RH_percent_mean,33,81.9941577911377
gep25,00,2026-05-05,2026-06-07,gcrew,noaa_gefs,25,Rain_mm_sum,33,12.999999798834324
gep25,00,2026-05-05,2026-06-07,gcrew,noaa_gefs,25,ShortwaveRadiation_Wm2,33,304.5
gep25,00,2026-05-05,2026-06-07,gcrew,noaa_gefs,25,WindSpeed_ms_mean,33,5.214782697026351
gep25,00,2026-05-05,2026-06-08,gcrew,noaa_gefs,25,AirTemp_C_mean,34,26.755662536621116
gep25,00,2026-05-05,2026-06-08,gcrew,noaa_gefs,25,Pressure_Pa,34,100443.1796875
gep25,00,2026-05-05,2026-06-08,gcrew,noaa_gefs,25,RH_percent_mean,34,68.95762729644775
gep25,00,2026-05-05,2026-06-08,gcrew,noaa_gefs,25,Rain_mm_sum,34,0.4000000134110451
gep25,00,2026-05-05,2026-06-08,gcrew,noaa_gefs,25,ShortwaveRadiation_Wm2,34,343
gep25,00,2026-05-05,2026-06-08,gcrew,noaa_gefs,25,WindSpeed_ms_mean,34,4.0934983365823845
gep26,00,2026-05-05,2026-05-06,gcrew,noaa_gefs,26,AirTemp_C_mean,1,18.317830657959007
gep26,00,2026-05-05,2026-05-06,gcrew,noaa_gefs,26,Pressure_Pa,1,100742.3876953125
gep26,00,2026-05-05,2026-05-06,gcrew,noaa_gefs,26,RH_percent_mean,1,73.999520778656
gep26,00,2026-05-05,2026-05-06,gcrew,noaa_gefs,26,Rain_mm_sum,1,2.9600000381469727
gep26,00,2026-05-05,2026-05-06,gcrew,noaa_gefs,26,ShortwaveRadiation_Wm2,1,112.5
gep26,00,2026-05-05,2026-05-06,gcrew,noaa_gefs,26,WindSpeed_ms_mean,1,7.9482961228732085
gep26,00,2026-05-05,2026-05-07,gcrew,noaa_gefs,26,AirTemp_C_mean,2,13.421441650390648
gep26,00,2026-05-05,2026-05-07,gcrew,noaa_gefs,26,Pressure_Pa,2,100609.435546875
gep26,00,2026-05-05,2026-05-07,gcrew,noaa_gefs,26,RH_percent_mean,2,79.55949878692627
gep26,00,2026-05-05,2026-05-07,gcrew,noaa_gefs,26,Rain_mm_sum,2,3.900000110268593
gep26,00,2026-05-05,2026-05-07,gcrew,noaa_gefs,26,ShortwaveRadiation_Wm2,2,80.875
gep26,00,2026-05-05,2026-05-07,gcrew,noaa_gefs,26,WindSpeed_ms_mean,2,3.7877215286509998
gep26,00,2026-05-05,2026-05-08,gcrew,noaa_gefs,26,AirTemp_C_mean,3,13.444238281250023
gep26,00,2026-05-05,2026-05-08,gcrew,noaa_gefs,26,Pressure_Pa,3,101029.4677734375
gep26,00,2026-05-05,2026-05-08,gcrew,noaa_gefs,26,RH_percent_mean,3,59.61912775039673
gep26,00,2026-05-05,2026-05-08,gcrew,noaa_gefs,26,Rain_mm_sum,3,0
gep26,00,2026-05-05,2026-05-08,gcrew,noaa_gefs,26,ShortwaveRadiation_Wm2,3,310.125
gep26,00,2026-05-05,2026-05-08,gcrew,noaa_gefs,26,WindSpeed_ms_mean,3,4.101767998187636
gep26,00,2026-05-05,2026-05-09,gcrew,noaa_gefs,26,AirTemp_C_mean,4,14.683034515380882
gep26,00,2026-05-05,2026-05-09,gcrew,noaa_gefs,26,Pressure_Pa,4,100504.6123046875
gep26,00,2026-05-05,2026-05-09,gcrew,noaa_gefs,26,RH_percent_mean,4,69.38001728057861
gep26,00,2026-05-05,2026-05-09,gcrew,noaa_gefs,26,Rain_mm_sum,4,3.40000007301569
gep26,00,2026-05-05,2026-05-09,gcrew,noaa_gefs,26,ShortwaveRadiation_Wm2,4,223.375
gep26,00,2026-05-05,2026-05-09,gcrew,noaa_gefs,26,WindSpeed_ms_mean,4,6.089498847817228
gep26,00,2026-05-05,2026-05-10,gcrew,noaa_gefs,26,AirTemp_C_mean,5,14.039365386962913
gep26,00,2026-05-05,2026-05-10,gcrew,noaa_gefs,26,Pressure_Pa,5,101038.7626953125
gep26,00,2026-05-05,2026-05-10,gcrew,noaa_gefs,26,RH_percent_mean,5,62.28422451019287
gep26,00,2026-05-05,2026-05-10,gcrew,noaa_gefs,26,Rain_mm_sum,5,0.4000000059604645
gep26,00,2026-05-05,2026-05-10,gcrew,noaa_gefs,26,ShortwaveRadiation_Wm2,5,321.875
gep26,00,2026-05-05,2026-05-10,gcrew,noaa_gefs,26,WindSpeed_ms_mean,5,4.465990950670339
gep26,00,2026-05-05,2026-05-11,gcrew,noaa_gefs,26,AirTemp_C_mean,6,15.007703399658226
gep26,00,2026-05-05,2026-05-11,gcrew,noaa_gefs,26,Pressure_Pa,6,100972.99609375
gep26,00,2026-05-05,2026-05-11,gcrew,noaa_gefs,26,RH_percent_mean,6,83.72281455993652
gep26,00,2026-05-05,2026-05-11,gcrew,noaa_gefs,26,Rain_mm_sum,6,10.500000238418579
gep26,00,2026-05-05,2026-05-11,gcrew,noaa_gefs,26,ShortwaveRadiation_Wm2,6,318.375
gep26,00,2026-05-05,2026-05-11,gcrew,noaa_gefs,26,WindSpeed_ms_mean,6,3.020219501521629
gep26,00,2026-05-05,2026-05-12,gcrew,noaa_gefs,26,AirTemp_C_mean,7,16.333001708984398
gep26,00,2026-05-05,2026-05-12,gcrew,noaa_gefs,26,Pressure_Pa,7,100487.9833984375
gep26,00,2026-05-05,2026-05-12,gcrew,noaa_gefs,26,RH_percent_mean,7,91.72346305847168
gep26,00,2026-05-05,2026-05-12,gcrew,noaa_gefs,26,Rain_mm_sum,7,22.080000452697277
gep26,00,2026-05-05,2026-05-12,gcrew,noaa_gefs,26,ShortwaveRadiation_Wm2,7,141.625
gep26,00,2026-05-05,2026-05-12,gcrew,noaa_gefs,26,WindSpeed_ms_mean,7,4.752930619586684
gep26,00,2026-05-05,2026-05-13,gcrew,noaa_gefs,26,AirTemp_C_mean,8,13.859941101074241
gep26,00,2026-05-05,2026-05-13,gcrew,noaa_gefs,26,Pressure_Pa,8,100950.2314453125
gep26,00,2026-05-05,2026-05-13,gcrew,noaa_gefs,26,RH_percent_mean,8,60.64580154418945
gep26,00,2026-05-05,2026-05-13,gcrew,noaa_gefs,26,Rain_mm_sum,8,0.699999988079071
gep26,00,2026-05-05,2026-05-13,gcrew,noaa_gefs,26,ShortwaveRadiation_Wm2,8,357.5
gep26,00,2026-05-05,2026-05-13,gcrew,noaa_gefs,26,WindSpeed_ms_mean,8,5.016160868788954
gep26,00,2026-05-05,2026-05-14,gcrew,noaa_gefs,26,AirTemp_C_mean,9,13.323288399832611
gep26,00,2026-05-05,2026-05-14,gcrew,noaa_gefs,26,Pressure_Pa,9,101724.66852678571
gep26,00,2026-05-05,2026-05-14,gcrew,noaa_gefs,26,RH_percent_mean,9,54.3447254725865
gep26,00,2026-05-05,2026-05-14,gcrew,noaa_gefs,26,Rain_mm_sum,9,0
gep26,00,2026-05-05,2026-05-14,gcrew,noaa_gefs,26,ShortwaveRadiation_Wm2,9,409.2857142857143
gep26,00,2026-05-05,2026-05-14,gcrew,noaa_gefs,26,WindSpeed_ms_mean,9,4.204724101810366
gep26,00,2026-05-05,2026-05-15,gcrew,noaa_gefs,26,AirTemp_C_mean,10,13.895341491699241
gep26,00,2026-05-05,2026-05-15,gcrew,noaa_gefs,26,Pressure_Pa,10,101770.98828125
gep26,00,2026-05-05,2026-05-15,gcrew,noaa_gefs,26,RH_percent_mean,10,59.39558792114258
gep26,00,2026-05-05,2026-05-15,gcrew,noaa_gefs,26,Rain_mm_sum,10,0
gep26,00,2026-05-05,2026-05-15,gcrew,noaa_gefs,26,ShortwaveRadiation_Wm2,10,329.5
gep26,00,2026-05-05,2026-05-15,gcrew,noaa_gefs,26,WindSpeed_ms_mean,10,4.301648184988208
gep26,00,2026-05-05,2026-05-16,gcrew,noaa_gefs,26,AirTemp_C_mean,11,12.16132507324221
gep26,00,2026-05-05,2026-05-16,gcrew,noaa_gefs,26,Pressure_Pa,11,101347.048828125
gep26,00,2026-05-05,2026-05-16,gcrew,noaa_gefs,26,RH_percent_mean,11,85.79068565368652
gep26,00,2026-05-05,2026-05-16,gcrew,noaa_gefs,26,Rain_mm_sum,11,3.5000000596046448
gep26,00,2026-05-05,2026-05-16,gcrew,noaa_gefs,26,ShortwaveRadiation_Wm2,11,57.25
gep26,00,2026-05-05,2026-05-16,gcrew,noaa_gefs,26,WindSpeed_ms_mean,11,3.5957713274021446
gep26,00,2026-05-05,2026-05-17,gcrew,noaa_gefs,26,AirTemp_C_mean,12,12.39740905761721
gep26,00,2026-05-05,2026-05-17,gcrew,noaa_gefs,26,Pressure_Pa,12,101498.666015625
gep26,00,2026-05-05,2026-05-17,gcrew,noaa_gefs,26,RH_percent_mean,12,85.35811996459961
gep26,00,2026-05-05,2026-05-17,gcrew,noaa_gefs,26,Rain_mm_sum,12,12.600000239908695
gep26,00,2026-05-05,2026-05-17,gcrew,noaa_gefs,26,ShortwaveRadiation_Wm2,12,68.75
gep26,00,2026-05-05,2026-05-17,gcrew,noaa_gefs,26,WindSpeed_ms_mean,12,4.4423147677144765
gep26,00,2026-05-05,2026-05-18,gcrew,noaa_gefs,26,AirTemp_C_mean,13,12.796853637695335
gep26,00,2026-05-05,2026-05-18,gcrew,noaa_gefs,26,Pressure_Pa,13,102275.958984375
gep26,00,2026-05-05,2026-05-18,gcrew,noaa_gefs,26,RH_percent_mean,13,75.41705131530762
gep26,00,2026-05-05,2026-05-18,gcrew,noaa_gefs,26,Rain_mm_sum,13,3.5000000968575478
gep26,00,2026-05-05,2026-05-18,gcrew,noaa_gefs,26,ShortwaveRadiation_Wm2,13,67.25
gep26,00,2026-05-05,2026-05-18,gcrew,noaa_gefs,26,WindSpeed_ms_mean,13,4.947630717288071
gep26,00,2026-05-05,2026-05-19,gcrew,noaa_gefs,26,AirTemp_C_mean,14,15.980165100097679
gep26,00,2026-05-05,2026-05-19,gcrew,noaa_gefs,26,Pressure_Pa,14,101818.97265625
gep26,00,2026-05-05,2026-05-19,gcrew,noaa_gefs,26,RH_percent_mean,14,94.8867244720459
gep26,00,2026-05-05,2026-05-19,gcrew,noaa_gefs,26,Rain_mm_sum,14,13.600000202655792
gep26,00,2026-05-05,2026-05-19,gcrew,noaa_gefs,26,ShortwaveRadiation_Wm2,14,56.75
gep26,00,2026-05-05,2026-05-19,gcrew,noaa_gefs,26,WindSpeed_ms_mean,14,5.998326923740712
gep26,00,2026-05-05,2026-05-20,gcrew,noaa_gefs,26,AirTemp_C_mean,15,16.34876403808596
gep26,00,2026-05-05,2026-05-20,gcrew,noaa_gefs,26,Pressure_Pa,15,101606.828125
gep26,00,2026-05-05,2026-05-20,gcrew,noaa_gefs,26,RH_percent_mean,15,89.96279335021973
gep26,00,2026-05-05,2026-05-20,gcrew,noaa_gefs,26,Rain_mm_sum,15,0.9000000283122063
gep26,00,2026-05-05,2026-05-20,gcrew,noaa_gefs,26,ShortwaveRadiation_Wm2,15,66.75
gep26,00,2026-05-05,2026-05-20,gcrew,noaa_gefs,26,WindSpeed_ms_mean,15,5.274919119101563
gep26,00,2026-05-05,2026-05-21,gcrew,noaa_gefs,26,AirTemp_C_mean,16,17.079988098144554
gep26,00,2026-05-05,2026-05-21,gcrew,noaa_gefs,26,Pressure_Pa,16,101430.228515625
gep26,00,2026-05-05,2026-05-21,gcrew,noaa_gefs,26,RH_percent_mean,16,92.32025718688965
gep26,00,2026-05-05,2026-05-21,gcrew,noaa_gefs,26,Rain_mm_sum,16,3.6000001206994057
gep26,00,2026-05-05,2026-05-21,gcrew,noaa_gefs,26,ShortwaveRadiation_Wm2,16,134.75
gep26,00,2026-05-05,2026-05-21,gcrew,noaa_gefs,26,WindSpeed_ms_mean,16,4.749984768270614
gep26,00,2026-05-05,2026-05-22,gcrew,noaa_gefs,26,AirTemp_C_mean,17,19.45788726806643
gep26,00,2026-05-05,2026-05-22,gcrew,noaa_gefs,26,Pressure_Pa,17,101787.37109375
gep26,00,2026-05-05,2026-05-22,gcrew,noaa_gefs,26,RH_percent_mean,17,86.58370208740234
gep26,00,2026-05-05,2026-05-22,gcrew,noaa_gefs,26,Rain_mm_sum,17,0.10000000149011612
gep26,00,2026-05-05,2026-05-22,gcrew,noaa_gefs,26,ShortwaveRadiation_Wm2,17,329.5
gep26,00,2026-05-05,2026-05-22,gcrew,noaa_gefs,26,WindSpeed_ms_mean,17,3.421951902917886
gep26,00,2026-05-05,2026-05-23,gcrew,noaa_gefs,26,AirTemp_C_mean,18,19.32135925292971
gep26,00,2026-05-05,2026-05-23,gcrew,noaa_gefs,26,Pressure_Pa,18,102091.19140625
gep26,00,2026-05-05,2026-05-23,gcrew,noaa_gefs,26,RH_percent_mean,18,88.211029052734375
gep26,00,2026-05-05,2026-05-23,gcrew,noaa_gefs,26,Rain_mm_sum,18,0.30000000447034836
gep26,00,2026-05-05,2026-05-23,gcrew,noaa_gefs,26,ShortwaveRadiation_Wm2,18,304
gep26,00,2026-05-05,2026-05-23,gcrew,noaa_gefs,26,WindSpeed_ms_mean,18,2.9632516322381934
gep26,00,2026-05-05,2026-05-24,gcrew,noaa_gefs,26,AirTemp_C_mean,19,19.627183532714866
gep26,00,2026-05-05,2026-05-24,gcrew,noaa_gefs,26,Pressure_Pa,19,102131.763671875
gep26,00,2026-05-05,2026-05-24,gcrew,noaa_gefs,26,RH_percent_mean,19,88.8326587677002
gep26,00,2026-05-05,2026-05-24,gcrew,noaa_gefs,26,Rain_mm_sum,19,0.4000000059604645
gep26,00,2026-05-05,2026-05-24,gcrew,noaa_gefs,26,ShortwaveRadiation_Wm2,19,312.75
gep26,00,2026-05-05,2026-05-24,gcrew,noaa_gefs,26,WindSpeed_ms_mean,19,3.353299723512114
gep26,00,2026-05-05,2026-05-25,gcrew,noaa_gefs,26,AirTemp_C_mean,20,22.220193481445335
gep26,00,2026-05-05,2026-05-25,gcrew,noaa_gefs,26,Pressure_Pa,20,101920.87109375
gep26,00,2026-05-05,2026-05-25,gcrew,noaa_gefs,26,RH_percent_mean,20,80.57049751281738
gep26,00,2026-05-05,2026-05-25,gcrew,noaa_gefs,26,Rain_mm_sum,20,0
gep26,00,2026-05-05,2026-05-25,gcrew,noaa_gefs,26,ShortwaveRadiation_Wm2,20,332
gep26,00,2026-05-05,2026-05-25,gcrew,noaa_gefs,26,WindSpeed_ms_mean,20,2.332214280423385
gep26,00,2026-05-05,2026-05-26,gcrew,noaa_gefs,26,AirTemp_C_mean,21,23.644677734375023
gep26,00,2026-05-05,2026-05-26,gcrew,noaa_gefs,26,Pressure_Pa,21,101732.607421875
gep26,00,2026-05-05,2026-05-26,gcrew,noaa_gefs,26,RH_percent_mean,21,77.47503280639648
gep26,00,2026-05-05,2026-05-26,gcrew,noaa_gefs,26,Rain_mm_sum,21,0.30000000447034836
gep26,00,2026-05-05,2026-05-26,gcrew,noaa_gefs,26,ShortwaveRadiation_Wm2,21,329.75
gep26,00,2026-05-05,2026-05-26,gcrew,noaa_gefs,26,WindSpeed_ms_mean,21,3.7429728329099072
gep26,00,2026-05-05,2026-05-27,gcrew,noaa_gefs,26,AirTemp_C_mean,22,21.092683410644554
gep26,00,2026-05-05,2026-05-27,gcrew,noaa_gefs,26,Pressure_Pa,22,101740.51953125
gep26,00,2026-05-05,2026-05-27,gcrew,noaa_gefs,26,RH_percent_mean,22,84.3672924041748
gep26,00,2026-05-05,2026-05-27,gcrew,noaa_gefs,26,Rain_mm_sum,22,0
gep26,00,2026-05-05,2026-05-27,gcrew,noaa_gefs,26,ShortwaveRadiation_Wm2,22,312.5
gep26,00,2026-05-05,2026-05-27,gcrew,noaa_gefs,26,WindSpeed_ms_mean,22,2.700000293540816
gep26,00,2026-05-05,2026-05-28,gcrew,noaa_gefs,26,AirTemp_C_mean,23,23.88488922119143
gep26,00,2026-05-05,2026-05-28,gcrew,noaa_gefs,26,Pressure_Pa,23,101347.58984375
gep26,00,2026-05-05,2026-05-28,gcrew,noaa_gefs,26,RH_percent_mean,23,75.04574775695801
gep26,00,2026-05-05,2026-05-28,gcrew,noaa_gefs,26,Rain_mm_sum,23,0
gep26,00,2026-05-05,2026-05-28,gcrew,noaa_gefs,26,ShortwaveRadiation_Wm2,23,335.5
gep26,00,2026-05-05,2026-05-28,gcrew,noaa_gefs,26,WindSpeed_ms_mean,23,2.335344468510624
gep26,00,2026-05-05,2026-05-29,gcrew,noaa_gefs,26,AirTemp_C_mean,24,24.74714050292971
gep26,00,2026-05-05,2026-05-29,gcrew,noaa_gefs,26,Pressure_Pa,24,101476.5703125
gep26,00,2026-05-05,2026-05-29,gcrew,noaa_gefs,26,RH_percent_mean,24,72.64131832122803
gep26,00,2026-05-05,2026-05-29,gcrew,noaa_gefs,26,Rain_mm_sum,24,0
gep26,00,2026-05-05,2026-05-29,gcrew,noaa_gefs,26,ShortwaveRadiation_Wm2,24,336
gep26,00,2026-05-05,2026-05-29,gcrew,noaa_gefs,26,WindSpeed_ms_mean,24,1.9586284146796837
gep26,00,2026-05-05,2026-05-30,gcrew,noaa_gefs,26,AirTemp_C_mean,25,24.066796875000023
gep26,00,2026-05-05,2026-05-30,gcrew,noaa_gefs,26,Pressure_Pa,25,101384.1875
gep26,00,2026-05-05,2026-05-30,gcrew,noaa_gefs,26,RH_percent_mean,25,71.36553287506104
gep26,00,2026-05-05,2026-05-30,gcrew,noaa_gefs,26,Rain_mm_sum,25,2.100000001490116
gep26,00,2026-05-05,2026-05-30,gcrew,noaa_gefs,26,ShortwaveRadiation_Wm2,25,336.25
gep26,00,2026-05-05,2026-05-30,gcrew,noaa_gefs,26,WindSpeed_ms_mean,25,2.5700304546198396
gep26,00,2026-05-05,2026-05-31,gcrew,noaa_gefs,26,AirTemp_C_mean,26,20.107537841796898
gep26,00,2026-05-05,2026-05-31,gcrew,noaa_gefs,26,Pressure_Pa,26,101421.41015625
gep26,00,2026-05-05,2026-05-31,gcrew,noaa_gefs,26,RH_percent_mean,26,79.97546768188477
gep26,00,2026-05-05,2026-05-31,gcrew,noaa_gefs,26,Rain_mm_sum,26,7.199999928474426
gep26,00,2026-05-05,2026-05-31,gcrew,noaa_gefs,26,ShortwaveRadiation_Wm2,26,204.5
gep26,00,2026-05-05,2026-05-31,gcrew,noaa_gefs,26,WindSpeed_ms_mean,26,4.440413293057745
gep26,00,2026-05-05,2026-06-01,gcrew,noaa_gefs,26,AirTemp_C_mean,27,18.903489685058616
gep26,00,2026-05-05,2026-06-01,gcrew,noaa_gefs,26,Pressure_Pa,27,101613.822265625
gep26,00,2026-05-05,2026-06-01,gcrew,noaa_gefs,26,RH_percent_mean,27,79.74879264831543
gep26,00,2026-05-05,2026-06-01,gcrew,noaa_gefs,26,Rain_mm_sum,27,0.20000000298023224
gep26,00,2026-05-05,2026-06-01,gcrew,noaa_gefs,26,ShortwaveRadiation_Wm2,27,202
gep26,00,2026-05-05,2026-06-01,gcrew,noaa_gefs,26,WindSpeed_ms_mean,27,2.8618370667271793
gep26,00,2026-05-05,2026-06-02,gcrew,noaa_gefs,26,AirTemp_C_mean,28,23.729150390625023
gep26,00,2026-05-05,2026-06-02,gcrew,noaa_gefs,26,Pressure_Pa,28,101406.4609375
gep26,00,2026-05-05,2026-06-02,gcrew,noaa_gefs,26,RH_percent_mean,28,75.83053302764893
gep26,00,2026-05-05,2026-06-02,gcrew,noaa_gefs,26,Rain_mm_sum,28,4.800000190734863
gep26,00,2026-05-05,2026-06-02,gcrew,noaa_gefs,26,ShortwaveRadiation_Wm2,28,303.25
gep26,00,2026-05-05,2026-06-02,gcrew,noaa_gefs,26,WindSpeed_ms_mean,28,5.180342789756921
gep26,00,2026-05-05,2026-06-03,gcrew,noaa_gefs,26,AirTemp_C_mean,29,22.64240417480471
gep26,00,2026-05-05,2026-06-03,gcrew,noaa_gefs,26,Pressure_Pa,29,101480.6875
gep26,00,2026-05-05,2026-06-03,gcrew,noaa_gefs,26,RH_percent_mean,29,91.867095947265625
gep26,00,2026-05-05,2026-06-03,gcrew,noaa_gefs,26,Rain_mm_sum,29,24.700000166893005
gep26,00,2026-05-05,2026-06-03,gcrew,noaa_gefs,26,ShortwaveRadiation_Wm2,29,176
gep26,00,2026-05-05,2026-06-03,gcrew,noaa_gefs,26,WindSpeed_ms_mean,29,2.8103379804635074
gep26,00,2026-05-05,2026-06-04,gcrew,noaa_gefs,26,AirTemp_C_mean,30,21.24726257324221
gep26,00,2026-05-05,2026-06-04,gcrew,noaa_gefs,26,Pressure_Pa,30,100902.5
gep26,00,2026-05-05,2026-06-04,gcrew,noaa_gefs,26,RH_percent_mean,30,94.49777412414551
gep26,00,2026-05-05,2026-06-04,gcrew,noaa_gefs,26,Rain_mm_sum,30,15.800000429153442
gep26,00,2026-05-05,2026-06-04,gcrew,noaa_gefs,26,ShortwaveRadiation_Wm2,30,96
gep26,00,2026-05-05,2026-06-04,gcrew,noaa_gefs,26,WindSpeed_ms_mean,30,3.624733268214592
gep26,00,2026-05-05,2026-06-05,gcrew,noaa_gefs,26,AirTemp_C_mean,31,17.98151550292971
gep26,00,2026-05-05,2026-06-05,gcrew,noaa_gefs,26,Pressure_Pa,31,101233.8671875
gep26,00,2026-05-05,2026-06-05,gcrew,noaa_gefs,26,RH_percent_mean,31,85.09179496765137
gep26,00,2026-05-05,2026-06-05,gcrew,noaa_gefs,26,Rain_mm_sum,31,0
gep26,00,2026-05-05,2026-06-05,gcrew,noaa_gefs,26,ShortwaveRadiation_Wm2,31,204
gep26,00,2026-05-05,2026-06-05,gcrew,noaa_gefs,26,WindSpeed_ms_mean,31,3.6137171777527146
gep26,00,2026-05-05,2026-06-06,gcrew,noaa_gefs,26,AirTemp_C_mean,32,18.68531188964846
gep26,00,2026-05-05,2026-06-06,gcrew,noaa_gefs,26,Pressure_Pa,32,101418.689453125
gep26,00,2026-05-05,2026-06-06,gcrew,noaa_gefs,26,RH_percent_mean,32,90.20104598999023
gep26,00,2026-05-05,2026-06-06,gcrew,noaa_gefs,26,Rain_mm_sum,32,0.30000000447034836
gep26,00,2026-05-05,2026-06-06,gcrew,noaa_gefs,26,ShortwaveRadiation_Wm2,32,107.25
gep26,00,2026-05-05,2026-06-06,gcrew,noaa_gefs,26,WindSpeed_ms_mean,32,3.7730996520469398
gep26,00,2026-05-05,2026-06-07,gcrew,noaa_gefs,26,AirTemp_C_mean,33,24.139627075195335
gep26,00,2026-05-05,2026-06-07,gcrew,noaa_gefs,26,Pressure_Pa,33,100801.1328125
gep26,00,2026-05-05,2026-06-07,gcrew,noaa_gefs,26,RH_percent_mean,33,81.9941577911377
gep26,00,2026-05-05,2026-06-07,gcrew,noaa_gefs,26,Rain_mm_sum,33,12.999999798834324
gep26,00,2026-05-05,2026-06-07,gcrew,noaa_gefs,26,ShortwaveRadiation_Wm2,33,304.5
gep26,00,2026-05-05,2026-06-07,gcrew,noaa_gefs,26,WindSpeed_ms_mean,33,5.214782697026351
gep26,00,2026-05-05,2026-06-08,gcrew,noaa_gefs,26,AirTemp_C_mean,34,26.755662536621116
gep26,00,2026-05-05,2026-06-08,gcrew,noaa_gefs,26,Pressure_Pa,34,100443.1796875
gep26,00,2026-05-05,2026-06-08,gcrew,noaa_gefs,26,RH_percent_mean,34,68.95762729644775
gep26,00,2026-05-05,2026-06-08,gcrew,noaa_gefs,26,Rain_mm_sum,34,0.4000000134110451
gep26,00,2026-05-05,2026-06-08,gcrew,noaa_gefs,26,ShortwaveRadiation_Wm2,34,343
gep26,00,2026-05-05,2026-06-08,gcrew,noaa_gefs,26,WindSpeed_ms_mean,34,4.0934983365823845
gep27,00,2026-05-05,2026-05-06,gcrew,noaa_gefs,27,AirTemp_C_mean,1,18.317830657959007
gep27,00,2026-05-05,2026-05-06,gcrew,noaa_gefs,27,Pressure_Pa,1,100742.3876953125
gep27,00,2026-05-05,2026-05-06,gcrew,noaa_gefs,27,RH_percent_mean,1,73.999520778656
gep27,00,2026-05-05,2026-05-06,gcrew,noaa_gefs,27,Rain_mm_sum,1,2.9600000381469727
gep27,00,2026-05-05,2026-05-06,gcrew,noaa_gefs,27,ShortwaveRadiation_Wm2,1,112.5
gep27,00,2026-05-05,2026-05-06,gcrew,noaa_gefs,27,WindSpeed_ms_mean,1,7.9482961228732085
gep27,00,2026-05-05,2026-05-07,gcrew,noaa_gefs,27,AirTemp_C_mean,2,13.421441650390648
gep27,00,2026-05-05,2026-05-07,gcrew,noaa_gefs,27,Pressure_Pa,2,100609.435546875
gep27,00,2026-05-05,2026-05-07,gcrew,noaa_gefs,27,RH_percent_mean,2,79.55949878692627
gep27,00,2026-05-05,2026-05-07,gcrew,noaa_gefs,27,Rain_mm_sum,2,3.900000110268593
gep27,00,2026-05-05,2026-05-07,gcrew,noaa_gefs,27,ShortwaveRadiation_Wm2,2,80.875
gep27,00,2026-05-05,2026-05-07,gcrew,noaa_gefs,27,WindSpeed_ms_mean,2,3.7877215286509998
gep27,00,2026-05-05,2026-05-08,gcrew,noaa_gefs,27,AirTemp_C_mean,3,13.444238281250023
gep27,00,2026-05-05,2026-05-08,gcrew,noaa_gefs,27,Pressure_Pa,3,101029.4677734375
gep27,00,2026-05-05,2026-05-08,gcrew,noaa_gefs,27,RH_percent_mean,3,59.61912775039673
gep27,00,2026-05-05,2026-05-08,gcrew,noaa_gefs,27,Rain_mm_sum,3,0
gep27,00,2026-05-05,2026-05-08,gcrew,noaa_gefs,27,ShortwaveRadiation_Wm2,3,310.125
gep27,00,2026-05-05,2026-05-08,gcrew,noaa_gefs,27,WindSpeed_ms_mean,3,4.101767998187636
gep27,00,2026-05-05,2026-05-09,gcrew,noaa_gefs,27,AirTemp_C_mean,4,14.683034515380882
gep27,00,2026-05-05,2026-05-09,gcrew,noaa_gefs,27,Pressure_Pa,4,100504.6123046875
gep27,00,2026-05-05,2026-05-09,gcrew,noaa_gefs,27,RH_percent_mean,4,69.38001728057861
gep27,00,2026-05-05,2026-05-09,gcrew,noaa_gefs,27,Rain_mm_sum,4,3.40000007301569
gep27,00,2026-05-05,2026-05-09,gcrew,noaa_gefs,27,ShortwaveRadiation_Wm2,4,223.375
gep27,00,2026-05-05,2026-05-09,gcrew,noaa_gefs,27,WindSpeed_ms_mean,4,6.089498847817228
gep27,00,2026-05-05,2026-05-10,gcrew,noaa_gefs,27,AirTemp_C_mean,5,14.039365386962913
gep27,00,2026-05-05,2026-05-10,gcrew,noaa_gefs,27,Pressure_Pa,5,101038.7626953125
gep27,00,2026-05-05,2026-05-10,gcrew,noaa_gefs,27,RH_percent_mean,5,62.28422451019287
gep27,00,2026-05-05,2026-05-10,gcrew,noaa_gefs,27,Rain_mm_sum,5,0.4000000059604645
gep27,00,2026-05-05,2026-05-10,gcrew,noaa_gefs,27,ShortwaveRadiation_Wm2,5,321.875
gep27,00,2026-05-05,2026-05-10,gcrew,noaa_gefs,27,WindSpeed_ms_mean,5,4.465990950670339
gep27,00,2026-05-05,2026-05-11,gcrew,noaa_gefs,27,AirTemp_C_mean,6,15.007703399658226
gep27,00,2026-05-05,2026-05-11,gcrew,noaa_gefs,27,Pressure_Pa,6,100972.99609375
gep27,00,2026-05-05,2026-05-11,gcrew,noaa_gefs,27,RH_percent_mean,6,83.72281455993652
gep27,00,2026-05-05,2026-05-11,gcrew,noaa_gefs,27,Rain_mm_sum,6,10.500000238418579
gep27,00,2026-05-05,2026-05-11,gcrew,noaa_gefs,27,ShortwaveRadiation_Wm2,6,318.375
gep27,00,2026-05-05,2026-05-11,gcrew,noaa_gefs,27,WindSpeed_ms_mean,6,3.020219501521629
gep27,00,2026-05-05,2026-05-12,gcrew,noaa_gefs,27,AirTemp_C_mean,7,16.333001708984398
gep27,00,2026-05-05,2026-05-12,gcrew,noaa_gefs,27,Pressure_Pa,7,100487.9833984375
gep27,00,2026-05-05,2026-05-12,gcrew,noaa_gefs,27,RH_percent_mean,7,91.72346305847168
gep27,00,2026-05-05,2026-05-12,gcrew,noaa_gefs,27,Rain_mm_sum,7,22.080000452697277
gep27,00,2026-05-05,2026-05-12,gcrew,noaa_gefs,27,ShortwaveRadiation_Wm2,7,141.625
gep27,00,2026-05-05,2026-05-12,gcrew,noaa_gefs,27,WindSpeed_ms_mean,7,4.752930619586684
gep27,00,2026-05-05,2026-05-13,gcrew,noaa_gefs,27,AirTemp_C_mean,8,13.859941101074241
gep27,00,2026-05-05,2026-05-13,gcrew,noaa_gefs,27,Pressure_Pa,8,100950.2314453125
gep27,00,2026-05-05,2026-05-13,gcrew,noaa_gefs,27,RH_percent_mean,8,60.64580154418945
gep27,00,2026-05-05,2026-05-13,gcrew,noaa_gefs,27,Rain_mm_sum,8,0.699999988079071
gep27,00,2026-05-05,2026-05-13,gcrew,noaa_gefs,27,ShortwaveRadiation_Wm2,8,357.5
gep27,00,2026-05-05,2026-05-13,gcrew,noaa_gefs,27,WindSpeed_ms_mean,8,5.016160868788954
gep27,00,2026-05-05,2026-05-14,gcrew,noaa_gefs,27,AirTemp_C_mean,9,13.323288399832611
gep27,00,2026-05-05,2026-05-14,gcrew,noaa_gefs,27,Pressure_Pa,9,101724.66852678571
gep27,00,2026-05-05,2026-05-14,gcrew,noaa_gefs,27,RH_percent_mean,9,54.3447254725865
gep27,00,2026-05-05,2026-05-14,gcrew,noaa_gefs,27,Rain_mm_sum,9,0
gep27,00,2026-05-05,2026-05-14,gcrew,noaa_gefs,27,ShortwaveRadiation_Wm2,9,409.2857142857143
gep27,00,2026-05-05,2026-05-14,gcrew,noaa_gefs,27,WindSpeed_ms_mean,9,4.204724101810366
gep27,00,2026-05-05,2026-05-15,gcrew,noaa_gefs,27,AirTemp_C_mean,10,13.895341491699241
gep27,00,2026-05-05,2026-05-15,gcrew,noaa_gefs,27,Pressure_Pa,10,101770.98828125
gep27,00,2026-05-05,2026-05-15,gcrew,noaa_gefs,27,RH_percent_mean,10,59.39558792114258
gep27,00,2026-05-05,2026-05-15,gcrew,noaa_gefs,27,Rain_mm_sum,10,0
gep27,00,2026-05-05,2026-05-15,gcrew,noaa_gefs,27,ShortwaveRadiation_Wm2,10,329.5
gep27,00,2026-05-05,2026-05-15,gcrew,noaa_gefs,27,WindSpeed_ms_mean,10,4.301648184988208
gep27,00,2026-05-05,2026-05-16,gcrew,noaa_gefs,27,AirTemp_C_mean,11,12.16132507324221
gep27,00,2026-05-05,2026-05-16,gcrew,noaa_gefs,27,Pressure_Pa,11,101347.048828125
gep27,00,2026-05-05,2026-05-16,gcrew,noaa_gefs,27,RH_percent_mean,11,85.79068565368652
gep27,00,2026-05-05,2026-05-16,gcrew,noaa_gefs,27,Rain_mm_sum,11,3.5000000596046448
gep27,00,2026-05-05,2026-05-16,gcrew,noaa_gefs,27,ShortwaveRadiation_Wm2,11,57.25
gep27,00,2026-05-05,2026-05-16,gcrew,noaa_gefs,27,WindSpeed_ms_mean,11,3.5957713274021446
gep27,00,2026-05-05,2026-05-17,gcrew,noaa_gefs,27,AirTemp_C_mean,12,12.39740905761721
gep27,00,2026-05-05,2026-05-17,gcrew,noaa_gefs,27,Pressure_Pa,12,101498.666015625
gep27,00,2026-05-05,2026-05-17,gcrew,noaa_gefs,27,RH_percent_mean,12,85.35811996459961
gep27,00,2026-05-05,2026-05-17,gcrew,noaa_gefs,27,Rain_mm_sum,12,12.600000239908695
gep27,00,2026-05-05,2026-05-17,gcrew,noaa_gefs,27,ShortwaveRadiation_Wm2,12,68.75
gep27,00,2026-05-05,2026-05-17,gcrew,noaa_gefs,27,WindSpeed_ms_mean,12,4.4423147677144765
gep27,00,2026-05-05,2026-05-18,gcrew,noaa_gefs,27,AirTemp_C_mean,13,12.796853637695335
gep27,00,2026-05-05,2026-05-18,gcrew,noaa_gefs,27,Pressure_Pa,13,102275.958984375
gep27,00,2026-05-05,2026-05-18,gcrew,noaa_gefs,27,RH_percent_mean,13,75.41705131530762
gep27,00,2026-05-05,2026-05-18,gcrew,noaa_gefs,27,Rain_mm_sum,13,3.5000000968575478
gep27,00,2026-05-05,2026-05-18,gcrew,noaa_gefs,27,ShortwaveRadiation_Wm2,13,67.25
gep27,00,2026-05-05,2026-05-18,gcrew,noaa_gefs,27,WindSpeed_ms_mean,13,4.947630717288071
gep27,00,2026-05-05,2026-05-19,gcrew,noaa_gefs,27,AirTemp_C_mean,14,15.980165100097679
gep27,00,2026-05-05,2026-05-19,gcrew,noaa_gefs,27,Pressure_Pa,14,101818.97265625
gep27,00,2026-05-05,2026-05-19,gcrew,noaa_gefs,27,RH_percent_mean,14,94.8867244720459
gep27,00,2026-05-05,2026-05-19,gcrew,noaa_gefs,27,Rain_mm_sum,14,13.600000202655792
gep27,00,2026-05-05,2026-05-19,gcrew,noaa_gefs,27,ShortwaveRadiation_Wm2,14,56.75
gep27,00,2026-05-05,2026-05-19,gcrew,noaa_gefs,27,WindSpeed_ms_mean,14,5.998326923740712
gep27,00,2026-05-05,2026-05-20,gcrew,noaa_gefs,27,AirTemp_C_mean,15,16.34876403808596
gep27,00,2026-05-05,2026-05-20,gcrew,noaa_gefs,27,Pressure_Pa,15,101606.828125
gep27,00,2026-05-05,2026-05-20,gcrew,noaa_gefs,27,RH_percent_mean,15,89.96279335021973
gep27,00,2026-05-05,2026-05-20,gcrew,noaa_gefs,27,Rain_mm_sum,15,0.9000000283122063
gep27,00,2026-05-05,2026-05-20,gcrew,noaa_gefs,27,ShortwaveRadiation_Wm2,15,66.75
gep27,00,2026-05-05,2026-05-20,gcrew,noaa_gefs,27,WindSpeed_ms_mean,15,5.274919119101563
gep27,00,2026-05-05,2026-05-21,gcrew,noaa_gefs,27,AirTemp_C_mean,16,17.079988098144554
gep27,00,2026-05-05,2026-05-21,gcrew,noaa_gefs,27,Pressure_Pa,16,101430.228515625
gep27,00,2026-05-05,2026-05-21,gcrew,noaa_gefs,27,RH_percent_mean,16,92.32025718688965
gep27,00,2026-05-05,2026-05-21,gcrew,noaa_gefs,27,Rain_mm_sum,16,3.6000001206994057
gep27,00,2026-05-05,2026-05-21,gcrew,noaa_gefs,27,ShortwaveRadiation_Wm2,16,134.75
gep27,00,2026-05-05,2026-05-21,gcrew,noaa_gefs,27,WindSpeed_ms_mean,16,4.749984768270614
gep27,00,2026-05-05,2026-05-22,gcrew,noaa_gefs,27,AirTemp_C_mean,17,19.45788726806643
gep27,00,2026-05-05,2026-05-22,gcrew,noaa_gefs,27,Pressure_Pa,17,101787.37109375
gep27,00,2026-05-05,2026-05-22,gcrew,noaa_gefs,27,RH_percent_mean,17,86.58370208740234
gep27,00,2026-05-05,2026-05-22,gcrew,noaa_gefs,27,Rain_mm_sum,17,0.10000000149011612
gep27,00,2026-05-05,2026-05-22,gcrew,noaa_gefs,27,ShortwaveRadiation_Wm2,17,329.5
gep27,00,2026-05-05,2026-05-22,gcrew,noaa_gefs,27,WindSpeed_ms_mean,17,3.421951902917886
gep27,00,2026-05-05,2026-05-23,gcrew,noaa_gefs,27,AirTemp_C_mean,18,19.32135925292971
gep27,00,2026-05-05,2026-05-23,gcrew,noaa_gefs,27,Pressure_Pa,18,102091.19140625
gep27,00,2026-05-05,2026-05-23,gcrew,noaa_gefs,27,RH_percent_mean,18,88.211029052734375
gep27,00,2026-05-05,2026-05-23,gcrew,noaa_gefs,27,Rain_mm_sum,18,0.30000000447034836
gep27,00,2026-05-05,2026-05-23,gcrew,noaa_gefs,27,ShortwaveRadiation_Wm2,18,304
gep27,00,2026-05-05,2026-05-23,gcrew,noaa_gefs,27,WindSpeed_ms_mean,18,2.9632516322381934
gep27,00,2026-05-05,2026-05-24,gcrew,noaa_gefs,27,AirTemp_C_mean,19,19.627183532714866
gep27,00,2026-05-05,2026-05-24,gcrew,noaa_gefs,27,Pressure_Pa,19,102131.763671875
gep27,00,2026-05-05,2026-05-24,gcrew,noaa_gefs,27,RH_percent_mean,19,88.8326587677002
gep27,00,2026-05-05,2026-05-24,gcrew,noaa_gefs,27,Rain_mm_sum,19,0.4000000059604645
gep27,00,2026-05-05,2026-05-24,gcrew,noaa_gefs,27,ShortwaveRadiation_Wm2,19,312.75
gep27,00,2026-05-05,2026-05-24,gcrew,noaa_gefs,27,WindSpeed_ms_mean,19,3.353299723512114
gep27,00,2026-05-05,2026-05-25,gcrew,noaa_gefs,27,AirTemp_C_mean,20,22.220193481445335
gep27,00,2026-05-05,2026-05-25,gcrew,noaa_gefs,27,Pressure_Pa,20,101920.87109375
gep27,00,2026-05-05,2026-05-25,gcrew,noaa_gefs,27,RH_percent_mean,20,80.57049751281738
gep27,00,2026-05-05,2026-05-25,gcrew,noaa_gefs,27,Rain_mm_sum,20,0
gep27,00,2026-05-05,2026-05-25,gcrew,noaa_gefs,27,ShortwaveRadiation_Wm2,20,332
gep27,00,2026-05-05,2026-05-25,gcrew,noaa_gefs,27,WindSpeed_ms_mean,20,2.332214280423385
gep27,00,2026-05-05,2026-05-26,gcrew,noaa_gefs,27,AirTemp_C_mean,21,23.644677734375023
gep27,00,2026-05-05,2026-05-26,gcrew,noaa_gefs,27,Pressure_Pa,21,101732.607421875
gep27,00,2026-05-05,2026-05-26,gcrew,noaa_gefs,27,RH_percent_mean,21,77.47503280639648
gep27,00,2026-05-05,2026-05-26,gcrew,noaa_gefs,27,Rain_mm_sum,21,0.30000000447034836
gep27,00,2026-05-05,2026-05-26,gcrew,noaa_gefs,27,ShortwaveRadiation_Wm2,21,329.75
gep27,00,2026-05-05,2026-05-26,gcrew,noaa_gefs,27,WindSpeed_ms_mean,21,3.7429728329099072
gep27,00,2026-05-05,2026-05-27,gcrew,noaa_gefs,27,AirTemp_C_mean,22,21.092683410644554
gep27,00,2026-05-05,2026-05-27,gcrew,noaa_gefs,27,Pressure_Pa,22,101740.51953125
gep27,00,2026-05-05,2026-05-27,gcrew,noaa_gefs,27,RH_percent_mean,22,84.3672924041748
gep27,00,2026-05-05,2026-05-27,gcrew,noaa_gefs,27,Rain_mm_sum,22,0
gep27,00,2026-05-05,2026-05-27,gcrew,noaa_gefs,27,ShortwaveRadiation_Wm2,22,312.5
gep27,00,2026-05-05,2026-05-27,gcrew,noaa_gefs,27,WindSpeed_ms_mean,22,2.700000293540816
gep27,00,2026-05-05,2026-05-28,gcrew,noaa_gefs,27,AirTemp_C_mean,23,23.88488922119143
gep27,00,2026-05-05,2026-05-28,gcrew,noaa_gefs,27,Pressure_Pa,23,101347.58984375
gep27,00,2026-05-05,2026-05-28,gcrew,noaa_gefs,27,RH_percent_mean,23,75.04574775695801
gep27,00,2026-05-05,2026-05-28,gcrew,noaa_gefs,27,Rain_mm_sum,23,0
gep27,00,2026-05-05,2026-05-28,gcrew,noaa_gefs,27,ShortwaveRadiation_Wm2,23,335.5
gep27,00,2026-05-05,2026-05-28,gcrew,noaa_gefs,27,WindSpeed_ms_mean,23,2.335344468510624
gep27,00,2026-05-05,2026-05-29,gcrew,noaa_gefs,27,AirTemp_C_mean,24,24.74714050292971
gep27,00,2026-05-05,2026-05-29,gcrew,noaa_gefs,27,Pressure_Pa,24,101476.5703125
gep27,00,2026-05-05,2026-05-29,gcrew,noaa_gefs,27,RH_percent_mean,24,72.64131832122803
gep27,00,2026-05-05,2026-05-29,gcrew,noaa_gefs,27,Rain_mm_sum,24,0
gep27,00,2026-05-05,2026-05-29,gcrew,noaa_gefs,27,ShortwaveRadiation_Wm2,24,336
gep27,00,2026-05-05,2026-05-29,gcrew,noaa_gefs,27,WindSpeed_ms_mean,24,1.9586284146796837
gep27,00,2026-05-05,2026-05-30,gcrew,noaa_gefs,27,AirTemp_C_mean,25,24.066796875000023
gep27,00,2026-05-05,2026-05-30,gcrew,noaa_gefs,27,Pressure_Pa,25,101384.1875
gep27,00,2026-05-05,2026-05-30,gcrew,noaa_gefs,27,RH_percent_mean,25,71.36553287506104
gep27,00,2026-05-05,2026-05-30,gcrew,noaa_gefs,27,Rain_mm_sum,25,2.100000001490116
gep27,00,2026-05-05,2026-05-30,gcrew,noaa_gefs,27,ShortwaveRadiation_Wm2,25,336.25
gep27,00,2026-05-05,2026-05-30,gcrew,noaa_gefs,27,WindSpeed_ms_mean,25,2.5700304546198396
gep27,00,2026-05-05,2026-05-31,gcrew,noaa_gefs,27,AirTemp_C_mean,26,20.107537841796898
gep27,00,2026-05-05,2026-05-31,gcrew,noaa_gefs,27,Pressure_Pa,26,101421.41015625
gep27,00,2026-05-05,2026-05-31,gcrew,noaa_gefs,27,RH_percent_mean,26,79.97546768188477
gep27,00,2026-05-05,2026-05-31,gcrew,noaa_gefs,27,Rain_mm_sum,26,7.199999928474426
gep27,00,2026-05-05,2026-05-31,gcrew,noaa_gefs,27,ShortwaveRadiation_Wm2,26,204.5
gep27,00,2026-05-05,2026-05-31,gcrew,noaa_gefs,27,WindSpeed_ms_mean,26,4.440413293057745
gep27,00,2026-05-05,2026-06-01,gcrew,noaa_gefs,27,AirTemp_C_mean,27,18.903489685058616
gep27,00,2026-05-05,2026-06-01,gcrew,noaa_gefs,27,Pressure_Pa,27,101613.822265625
gep27,00,2026-05-05,2026-06-01,gcrew,noaa_gefs,27,RH_percent_mean,27,79.74879264831543
gep27,00,2026-05-05,2026-06-01,gcrew,noaa_gefs,27,Rain_mm_sum,27,0.20000000298023224
gep27,00,2026-05-05,2026-06-01,gcrew,noaa_gefs,27,ShortwaveRadiation_Wm2,27,202
gep27,00,2026-05-05,2026-06-01,gcrew,noaa_gefs,27,WindSpeed_ms_mean,27,2.8618370667271793
gep27,00,2026-05-05,2026-06-02,gcrew,noaa_gefs,27,AirTemp_C_mean,28,23.729150390625023
gep27,00,2026-05-05,2026-06-02,gcrew,noaa_gefs,27,Pressure_Pa,28,101406.4609375
gep27,00,2026-05-05,2026-06-02,gcrew,noaa_gefs,27,RH_percent_mean,28,75.83053302764893
gep27,00,2026-05-05,2026-06-02,gcrew,noaa_gefs,27,Rain_mm_sum,28,4.800000190734863
gep27,00,2026-05-05,2026-06-02,gcrew,noaa_gefs,27,ShortwaveRadiation_Wm2,28,303.25
gep27,00,2026-05-05,2026-06-02,gcrew,noaa_gefs,27,WindSpeed_ms_mean,28,5.180342789756921
gep27,00,2026-05-05,2026-06-03,gcrew,noaa_gefs,27,AirTemp_C_mean,29,22.64240417480471
gep27,00,2026-05-05,2026-06-03,gcrew,noaa_gefs,27,Pressure_Pa,29,101480.6875
gep27,00,2026-05-05,2026-06-03,gcrew,noaa_gefs,27,RH_percent_mean,29,91.867095947265625
gep27,00,2026-05-05,2026-06-03,gcrew,noaa_gefs,27,Rain_mm_sum,29,24.700000166893005
gep27,00,2026-05-05,2026-06-03,gcrew,noaa_gefs,27,ShortwaveRadiation_Wm2,29,176
gep27,00,2026-05-05,2026-06-03,gcrew,noaa_gefs,27,WindSpeed_ms_mean,29,2.8103379804635074
gep27,00,2026-05-05,2026-06-04,gcrew,noaa_gefs,27,AirTemp_C_mean,30,21.24726257324221
gep27,00,2026-05-05,2026-06-04,gcrew,noaa_gefs,27,Pressure_Pa,30,100902.5
gep27,00,2026-05-05,2026-06-04,gcrew,noaa_gefs,27,RH_percent_mean,30,94.49777412414551
gep27,00,2026-05-05,2026-06-04,gcrew,noaa_gefs,27,Rain_mm_sum,30,15.800000429153442
gep27,00,2026-05-05,2026-06-04,gcrew,noaa_gefs,27,ShortwaveRadiation_Wm2,30,96
gep27,00,2026-05-05,2026-06-04,gcrew,noaa_gefs,27,WindSpeed_ms_mean,30,3.624733268214592
gep27,00,2026-05-05,2026-06-05,gcrew,noaa_gefs,27,AirTemp_C_mean,31,17.98151550292971
gep27,00,2026-05-05,2026-06-05,gcrew,noaa_gefs,27,Pressure_Pa,31,101233.8671875
gep27,00,2026-05-05,2026-06-05,gcrew,noaa_gefs,27,RH_percent_mean,31,85.09179496765137
gep27,00,2026-05-05,2026-06-05,gcrew,noaa_gefs,27,Rain_mm_sum,31,0
gep27,00,2026-05-05,2026-06-05,gcrew,noaa_gefs,27,ShortwaveRadiation_Wm2,31,204
gep27,00,2026-05-05,2026-06-05,gcrew,noaa_gefs,27,WindSpeed_ms_mean,31,3.6137171777527146
gep27,00,2026-05-05,2026-06-06,gcrew,noaa_gefs,27,AirTemp_C_mean,32,18.68531188964846
gep27,00,2026-05-05,2026-06-06,gcrew,noaa_gefs,27,Pressure_Pa,32,101418.689453125
gep27,00,2026-05-05,2026-06-06,gcrew,noaa_gefs,27,RH_percent_mean,32,90.20104598999023
gep27,00,2026-05-05,2026-06-06,gcrew,noaa_gefs,27,Rain_mm_sum,32,0.30000000447034836
gep27,00,2026-05-05,2026-06-06,gcrew,noaa_gefs,27,ShortwaveRadiation_Wm2,32,107.25
gep27,00,2026-05-05,2026-06-06,gcrew,noaa_gefs,27,WindSpeed_ms_mean,32,3.7730996520469398
gep27,00,2026-05-05,2026-06-07,gcrew,noaa_gefs,27,AirTemp_C_mean,33,24.139627075195335
gep27,00,2026-05-05,2026-06-07,gcrew,noaa_gefs,27,Pressure_Pa,33,100801.1328125
gep27,00,2026-05-05,2026-06-07,gcrew,noaa_gefs,27,RH_percent_mean,33,81.9941577911377
gep27,00,2026-05-05,2026-06-07,gcrew,noaa_gefs,27,Rain_mm_sum,33,12.999999798834324
gep27,00,2026-05-05,2026-06-07,gcrew,noaa_gefs,27,ShortwaveRadiation_Wm2,33,304.5
gep27,00,2026-05-05,2026-06-07,gcrew,noaa_gefs,27,WindSpeed_ms_mean,33,5.214782697026351
gep27,00,2026-05-05,2026-06-08,gcrew,noaa_gefs,27,AirTemp_C_mean,34,26.755662536621116
gep27,00,2026-05-05,2026-06-08,gcrew,noaa_gefs,27,Pressure_Pa,34,100443.1796875
gep27,00,2026-05-05,2026-06-08,gcrew,noaa_gefs,27,RH_percent_mean,34,68.95762729644775
gep27,00,2026-05-05,2026-06-08,gcrew,noaa_gefs,27,Rain_mm_sum,34,0.4000000134110451
gep27,00,2026-05-05,2026-06-08,gcrew,noaa_gefs,27,ShortwaveRadiation_Wm2,34,343
gep27,00,2026-05-05,2026-06-08,gcrew,noaa_gefs,27,WindSpeed_ms_mean,34,4.0934983365823845
gep28,00,2026-05-05,2026-05-06,gcrew,noaa_gefs,28,AirTemp_C_mean,1,18.317830657959007
gep28,00,2026-05-05,2026-05-06,gcrew,noaa_gefs,28,Pressure_Pa,1,100742.3876953125
gep28,00,2026-05-05,2026-05-06,gcrew,noaa_gefs,28,RH_percent_mean,1,73.999520778656
gep28,00,2026-05-05,2026-05-06,gcrew,noaa_gefs,28,Rain_mm_sum,1,2.9600000381469727
gep28,00,2026-05-05,2026-05-06,gcrew,noaa_gefs,28,ShortwaveRadiation_Wm2,1,112.5
gep28,00,2026-05-05,2026-05-06,gcrew,noaa_gefs,28,WindSpeed_ms_mean,1,7.9482961228732085
gep28,00,2026-05-05,2026-05-07,gcrew,noaa_gefs,28,AirTemp_C_mean,2,13.421441650390648
gep28,00,2026-05-05,2026-05-07,gcrew,noaa_gefs,28,Pressure_Pa,2,100609.435546875
gep28,00,2026-05-05,2026-05-07,gcrew,noaa_gefs,28,RH_percent_mean,2,79.55949878692627
gep28,00,2026-05-05,2026-05-07,gcrew,noaa_gefs,28,Rain_mm_sum,2,3.900000110268593
gep28,00,2026-05-05,2026-05-07,gcrew,noaa_gefs,28,ShortwaveRadiation_Wm2,2,80.875
gep28,00,2026-05-05,2026-05-07,gcrew,noaa_gefs,28,WindSpeed_ms_mean,2,3.7877215286509998
gep28,00,2026-05-05,2026-05-08,gcrew,noaa_gefs,28,AirTemp_C_mean,3,13.444238281250023
gep28,00,2026-05-05,2026-05-08,gcrew,noaa_gefs,28,Pressure_Pa,3,101029.4677734375
gep28,00,2026-05-05,2026-05-08,gcrew,noaa_gefs,28,RH_percent_mean,3,59.61912775039673
gep28,00,2026-05-05,2026-05-08,gcrew,noaa_gefs,28,Rain_mm_sum,3,0
gep28,00,2026-05-05,2026-05-08,gcrew,noaa_gefs,28,ShortwaveRadiation_Wm2,3,310.125
gep28,00,2026-05-05,2026-05-08,gcrew,noaa_gefs,28,WindSpeed_ms_mean,3,4.101767998187636
gep28,00,2026-05-05,2026-05-09,gcrew,noaa_gefs,28,AirTemp_C_mean,4,14.683034515380882
gep28,00,2026-05-05,2026-05-09,gcrew,noaa_gefs,28,Pressure_Pa,4,100504.6123046875
gep28,00,2026-05-05,2026-05-09,gcrew,noaa_gefs,28,RH_percent_mean,4,69.38001728057861
gep28,00,2026-05-05,2026-05-09,gcrew,noaa_gefs,28,Rain_mm_sum,4,3.40000007301569
gep28,00,2026-05-05,2026-05-09,gcrew,noaa_gefs,28,ShortwaveRadiation_Wm2,4,223.375
gep28,00,2026-05-05,2026-05-09,gcrew,noaa_gefs,28,WindSpeed_ms_mean,4,6.089498847817228
gep28,00,2026-05-05,2026-05-10,gcrew,noaa_gefs,28,AirTemp_C_mean,5,14.039365386962913
gep28,00,2026-05-05,2026-05-10,gcrew,noaa_gefs,28,Pressure_Pa,5,101038.7626953125
gep28,00,2026-05-05,2026-05-10,gcrew,noaa_gefs,28,RH_percent_mean,5,62.28422451019287
gep28,00,2026-05-05,2026-05-10,gcrew,noaa_gefs,28,Rain_mm_sum,5,0.4000000059604645
gep28,00,2026-05-05,2026-05-10,gcrew,noaa_gefs,28,ShortwaveRadiation_Wm2,5,321.875
gep28,00,2026-05-05,2026-05-10,gcrew,noaa_gefs,28,WindSpeed_ms_mean,5,4.465990950670339
gep28,00,2026-05-05,2026-05-11,gcrew,noaa_gefs,28,AirTemp_C_mean,6,15.007703399658226
gep28,00,2026-05-05,2026-05-11,gcrew,noaa_gefs,28,Pressure_Pa,6,100972.99609375
gep28,00,2026-05-05,2026-05-11,gcrew,noaa_gefs,28,RH_percent_mean,6,83.72281455993652
gep28,00,2026-05-05,2026-05-11,gcrew,noaa_gefs,28,Rain_mm_sum,6,10.500000238418579
gep28,00,2026-05-05,2026-05-11,gcrew,noaa_gefs,28,ShortwaveRadiation_Wm2,6,318.375
gep28,00,2026-05-05,2026-05-11,gcrew,noaa_gefs,28,WindSpeed_ms_mean,6,3.020219501521629
gep28,00,2026-05-05,2026-05-12,gcrew,noaa_gefs,28,AirTemp_C_mean,7,16.333001708984398
gep28,00,2026-05-05,2026-05-12,gcrew,noaa_gefs,28,Pressure_Pa,7,100487.9833984375
gep28,00,2026-05-05,2026-05-12,gcrew,noaa_gefs,28,RH_percent_mean,7,91.72346305847168
gep28,00,2026-05-05,2026-05-12,gcrew,noaa_gefs,28,Rain_mm_sum,7,22.080000452697277
gep28,00,2026-05-05,2026-05-12,gcrew,noaa_gefs,28,ShortwaveRadiation_Wm2,7,141.625
gep28,00,2026-05-05,2026-05-12,gcrew,noaa_gefs,28,WindSpeed_ms_mean,7,4.752930619586684
gep28,00,2026-05-05,2026-05-13,gcrew,noaa_gefs,28,AirTemp_C_mean,8,13.859941101074241
gep28,00,2026-05-05,2026-05-13,gcrew,noaa_gefs,28,Pressure_Pa,8,100950.2314453125
gep28,00,2026-05-05,2026-05-13,gcrew,noaa_gefs,28,RH_percent_mean,8,60.64580154418945
gep28,00,2026-05-05,2026-05-13,gcrew,noaa_gefs,28,Rain_mm_sum,8,0.699999988079071
gep28,00,2026-05-05,2026-05-13,gcrew,noaa_gefs,28,ShortwaveRadiation_Wm2,8,357.5
gep28,00,2026-05-05,2026-05-13,gcrew,noaa_gefs,28,WindSpeed_ms_mean,8,5.016160868788954
gep28,00,2026-05-05,2026-05-14,gcrew,noaa_gefs,28,AirTemp_C_mean,9,13.323288399832611
gep28,00,2026-05-05,2026-05-14,gcrew,noaa_gefs,28,Pressure_Pa,9,101724.66852678571
gep28,00,2026-05-05,2026-05-14,gcrew,noaa_gefs,28,RH_percent_mean,9,54.3447254725865
gep28,00,2026-05-05,2026-05-14,gcrew,noaa_gefs,28,Rain_mm_sum,9,0
gep28,00,2026-05-05,2026-05-14,gcrew,noaa_gefs,28,ShortwaveRadiation_Wm2,9,409.2857142857143
gep28,00,2026-05-05,2026-05-14,gcrew,noaa_gefs,28,WindSpeed_ms_mean,9,4.204724101810366
gep28,00,2026-05-05,2026-05-15,gcrew,noaa_gefs,28,AirTemp_C_mean,10,13.895341491699241
gep28,00,2026-05-05,2026-05-15,gcrew,noaa_gefs,28,Pressure_Pa,10,101770.98828125
gep28,00,2026-05-05,2026-05-15,gcrew,noaa_gefs,28,RH_percent_mean,10,59.39558792114258
gep28,00,2026-05-05,2026-05-15,gcrew,noaa_gefs,28,Rain_mm_sum,10,0
gep28,00,2026-05-05,2026-05-15,gcrew,noaa_gefs,28,ShortwaveRadiation_Wm2,10,329.5
gep28,00,2026-05-05,2026-05-15,gcrew,noaa_gefs,28,WindSpeed_ms_mean,10,4.301648184988208
gep28,00,2026-05-05,2026-05-16,gcrew,noaa_gefs,28,AirTemp_C_mean,11,12.16132507324221
gep28,00,2026-05-05,2026-05-16,gcrew,noaa_gefs,28,Pressure_Pa,11,101347.048828125
gep28,00,2026-05-05,2026-05-16,gcrew,noaa_gefs,28,RH_percent_mean,11,85.79068565368652
gep28,00,2026-05-05,2026-05-16,gcrew,noaa_gefs,28,Rain_mm_sum,11,3.5000000596046448
gep28,00,2026-05-05,2026-05-16,gcrew,noaa_gefs,28,ShortwaveRadiation_Wm2,11,57.25
gep28,00,2026-05-05,2026-05-16,gcrew,noaa_gefs,28,WindSpeed_ms_mean,11,3.5957713274021446
gep28,00,2026-05-05,2026-05-17,gcrew,noaa_gefs,28,AirTemp_C_mean,12,12.39740905761721
gep28,00,2026-05-05,2026-05-17,gcrew,noaa_gefs,28,Pressure_Pa,12,101498.666015625
gep28,00,2026-05-05,2026-05-17,gcrew,noaa_gefs,28,RH_percent_mean,12,85.35811996459961
gep28,00,2026-05-05,2026-05-17,gcrew,noaa_gefs,28,Rain_mm_sum,12,12.600000239908695
gep28,00,2026-05-05,2026-05-17,gcrew,noaa_gefs,28,ShortwaveRadiation_Wm2,12,68.75
gep28,00,2026-05-05,2026-05-17,gcrew,noaa_gefs,28,WindSpeed_ms_mean,12,4.4423147677144765
gep28,00,2026-05-05,2026-05-18,gcrew,noaa_gefs,28,AirTemp_C_mean,13,12.796853637695335
gep28,00,2026-05-05,2026-05-18,gcrew,noaa_gefs,28,Pressure_Pa,13,102275.958984375
gep28,00,2026-05-05,2026-05-18,gcrew,noaa_gefs,28,RH_percent_mean,13,75.41705131530762
gep28,00,2026-05-05,2026-05-18,gcrew,noaa_gefs,28,Rain_mm_sum,13,3.5000000968575478
gep28,00,2026-05-05,2026-05-18,gcrew,noaa_gefs,28,ShortwaveRadiation_Wm2,13,67.25
gep28,00,2026-05-05,2026-05-18,gcrew,noaa_gefs,28,WindSpeed_ms_mean,13,4.947630717288071
gep28,00,2026-05-05,2026-05-19,gcrew,noaa_gefs,28,AirTemp_C_mean,14,15.980165100097679
gep28,00,2026-05-05,2026-05-19,gcrew,noaa_gefs,28,Pressure_Pa,14,101818.97265625
gep28,00,2026-05-05,2026-05-19,gcrew,noaa_gefs,28,RH_percent_mean,14,94.8867244720459
gep28,00,2026-05-05,2026-05-19,gcrew,noaa_gefs,28,Rain_mm_sum,14,13.600000202655792
gep28,00,2026-05-05,2026-05-19,gcrew,noaa_gefs,28,ShortwaveRadiation_Wm2,14,56.75
gep28,00,2026-05-05,2026-05-19,gcrew,noaa_gefs,28,WindSpeed_ms_mean,14,5.998326923740712
gep28,00,2026-05-05,2026-05-20,gcrew,noaa_gefs,28,AirTemp_C_mean,15,16.34876403808596
gep28,00,2026-05-05,2026-05-20,gcrew,noaa_gefs,28,Pressure_Pa,15,101606.828125
gep28,00,2026-05-05,2026-05-20,gcrew,noaa_gefs,28,RH_percent_mean,15,89.96279335021973
gep28,00,2026-05-05,2026-05-20,gcrew,noaa_gefs,28,Rain_mm_sum,15,0.9000000283122063
gep28,00,2026-05-05,2026-05-20,gcrew,noaa_gefs,28,ShortwaveRadiation_Wm2,15,66.75
gep28,00,2026-05-05,2026-05-20,gcrew,noaa_gefs,28,WindSpeed_ms_mean,15,5.274919119101563
gep28,00,2026-05-05,2026-05-21,gcrew,noaa_gefs,28,AirTemp_C_mean,16,17.079988098144554
gep28,00,2026-05-05,2026-05-21,gcrew,noaa_gefs,28,Pressure_Pa,16,101430.228515625
gep28,00,2026-05-05,2026-05-21,gcrew,noaa_gefs,28,RH_percent_mean,16,92.32025718688965
gep28,00,2026-05-05,2026-05-21,gcrew,noaa_gefs,28,Rain_mm_sum,16,3.6000001206994057
gep28,00,2026-05-05,2026-05-21,gcrew,noaa_gefs,28,ShortwaveRadiation_Wm2,16,134.75
gep28,00,2026-05-05,2026-05-21,gcrew,noaa_gefs,28,WindSpeed_ms_mean,16,4.749984768270614
gep28,00,2026-05-05,2026-05-22,gcrew,noaa_gefs,28,AirTemp_C_mean,17,19.45788726806643
gep28,00,2026-05-05,2026-05-22,gcrew,noaa_gefs,28,Pressure_Pa,17,101787.37109375
gep28,00,2026-05-05,2026-05-22,gcrew,noaa_gefs,28,RH_percent_mean,17,86.58370208740234
gep28,00,2026-05-05,2026-05-22,gcrew,noaa_gefs,28,Rain_mm_sum,17,0.10000000149011612
gep28,00,2026-05-05,2026-05-22,gcrew,noaa_gefs,28,ShortwaveRadiation_Wm2,17,329.5
gep28,00,2026-05-05,2026-05-22,gcrew,noaa_gefs,28,WindSpeed_ms_mean,17,3.421951902917886
gep28,00,2026-05-05,2026-05-23,gcrew,noaa_gefs,28,AirTemp_C_mean,18,19.32135925292971
gep28,00,2026-05-05,2026-05-23,gcrew,noaa_gefs,28,Pressure_Pa,18,102091.19140625
gep28,00,2026-05-05,2026-05-23,gcrew,noaa_gefs,28,RH_percent_mean,18,88.211029052734375
gep28,00,2026-05-05,2026-05-23,gcrew,noaa_gefs,28,Rain_mm_sum,18,0.30000000447034836
gep28,00,2026-05-05,2026-05-23,gcrew,noaa_gefs,28,ShortwaveRadiation_Wm2,18,304
gep28,00,2026-05-05,2026-05-23,gcrew,noaa_gefs,28,WindSpeed_ms_mean,18,2.9632516322381934
gep28,00,2026-05-05,2026-05-24,gcrew,noaa_gefs,28,AirTemp_C_mean,19,19.627183532714866
gep28,00,2026-05-05,2026-05-24,gcrew,noaa_gefs,28,Pressure_Pa,19,102131.763671875
gep28,00,2026-05-05,2026-05-24,gcrew,noaa_gefs,28,RH_percent_mean,19,88.8326587677002
gep28,00,2026-05-05,2026-05-24,gcrew,noaa_gefs,28,Rain_mm_sum,19,0.4000000059604645
gep28,00,2026-05-05,2026-05-24,gcrew,noaa_gefs,28,ShortwaveRadiation_Wm2,19,312.75
gep28,00,2026-05-05,2026-05-24,gcrew,noaa_gefs,28,WindSpeed_ms_mean,19,3.353299723512114
gep28,00,2026-05-05,2026-05-25,gcrew,noaa_gefs,28,AirTemp_C_mean,20,22.220193481445335
gep28,00,2026-05-05,2026-05-25,gcrew,noaa_gefs,28,Pressure_Pa,20,101920.87109375
gep28,00,2026-05-05,2026-05-25,gcrew,noaa_gefs,28,RH_percent_mean,20,80.57049751281738
gep28,00,2026-05-05,2026-05-25,gcrew,noaa_gefs,28,Rain_mm_sum,20,0
gep28,00,2026-05-05,2026-05-25,gcrew,noaa_gefs,28,ShortwaveRadiation_Wm2,20,332
gep28,00,2026-05-05,2026-05-25,gcrew,noaa_gefs,28,WindSpeed_ms_mean,20,2.332214280423385
gep28,00,2026-05-05,2026-05-26,gcrew,noaa_gefs,28,AirTemp_C_mean,21,23.644677734375023
gep28,00,2026-05-05,2026-05-26,gcrew,noaa_gefs,28,Pressure_Pa,21,101732.607421875
gep28,00,2026-05-05,2026-05-26,gcrew,noaa_gefs,28,RH_percent_mean,21,77.47503280639648
gep28,00,2026-05-05,2026-05-26,gcrew,noaa_gefs,28,Rain_mm_sum,21,0.30000000447034836
gep28,00,2026-05-05,2026-05-26,gcrew,noaa_gefs,28,ShortwaveRadiation_Wm2,21,329.75
gep28,00,2026-05-05,2026-05-26,gcrew,noaa_gefs,28,WindSpeed_ms_mean,21,3.7429728329099072
gep28,00,2026-05-05,2026-05-27,gcrew,noaa_gefs,28,AirTemp_C_mean,22,21.092683410644554
gep28,00,2026-05-05,2026-05-27,gcrew,noaa_gefs,28,Pressure_Pa,22,101740.51953125
gep28,00,2026-05-05,2026-05-27,gcrew,noaa_gefs,28,RH_percent_mean,22,84.3672924041748
gep28,00,2026-05-05,2026-05-27,gcrew,noaa_gefs,28,Rain_mm_sum,22,0
gep28,00,2026-05-05,2026-05-27,gcrew,noaa_gefs,28,ShortwaveRadiation_Wm2,22,312.5
gep28,00,2026-05-05,2026-05-27,gcrew,noaa_gefs,28,WindSpeed_ms_mean,22,2.700000293540816
gep28,00,2026-05-05,2026-05-28,gcrew,noaa_gefs,28,AirTemp_C_mean,23,23.88488922119143
gep28,00,2026-05-05,2026-05-28,gcrew,noaa_gefs,28,Pressure_Pa,23,101347.58984375
gep28,00,2026-05-05,2026-05-28,gcrew,noaa_gefs,28,RH_percent_mean,23,75.04574775695801
gep28,00,2026-05-05,2026-05-28,gcrew,noaa_gefs,28,Rain_mm_sum,23,0
gep28,00,2026-05-05,2026-05-28,gcrew,noaa_gefs,28,ShortwaveRadiation_Wm2,23,335.5
gep28,00,2026-05-05,2026-05-28,gcrew,noaa_gefs,28,WindSpeed_ms_mean,23,2.335344468510624
gep28,00,2026-05-05,2026-05-29,gcrew,noaa_gefs,28,AirTemp_C_mean,24,24.74714050292971
gep28,00,2026-05-05,2026-05-29,gcrew,noaa_gefs,28,Pressure_Pa,24,101476.5703125
gep28,00,2026-05-05,2026-05-29,gcrew,noaa_gefs,28,RH_percent_mean,24,72.64131832122803
gep28,00,2026-05-05,2026-05-29,gcrew,noaa_gefs,28,Rain_mm_sum,24,0
gep28,00,2026-05-05,2026-05-29,gcrew,noaa_gefs,28,ShortwaveRadiation_Wm2,24,336
gep28,00,2026-05-05,2026-05-29,gcrew,noaa_gefs,28,WindSpeed_ms_mean,24,1.9586284146796837
gep28,00,2026-05-05,2026-05-30,gcrew,noaa_gefs,28,AirTemp_C_mean,25,24.066796875000023
gep28,00,2026-05-05,2026-05-30,gcrew,noaa_gefs,28,Pressure_Pa,25,101384.1875
gep28,00,2026-05-05,2026-05-30,gcrew,noaa_gefs,28,RH_percent_mean,25,71.36553287506104
gep28,00,2026-05-05,2026-05-30,gcrew,noaa_gefs,28,Rain_mm_sum,25,2.100000001490116
gep28,00,2026-05-05,2026-05-30,gcrew,noaa_gefs,28,ShortwaveRadiation_Wm2,25,336.25
gep28,00,2026-05-05,2026-05-30,gcrew,noaa_gefs,28,WindSpeed_ms_mean,25,2.5700304546198396
gep28,00,2026-05-05,2026-05-31,gcrew,noaa_gefs,28,AirTemp_C_mean,26,20.107537841796898
gep28,00,2026-05-05,2026-05-31,gcrew,noaa_gefs,28,Pressure_Pa,26,101421.41015625
gep28,00,2026-05-05,2026-05-31,gcrew,noaa_gefs,28,RH_percent_mean,26,79.97546768188477
gep28,00,2026-05-05,2026-05-31,gcrew,noaa_gefs,28,Rain_mm_sum,26,7.199999928474426
gep28,00,2026-05-05,2026-05-31,gcrew,noaa_gefs,28,ShortwaveRadiation_Wm2,26,204.5
gep28,00,2026-05-05,2026-05-31,gcrew,noaa_gefs,28,WindSpeed_ms_mean,26,4.440413293057745
gep28,00,2026-05-05,2026-06-01,gcrew,noaa_gefs,28,AirTemp_C_mean,27,18.903489685058616
gep28,00,2026-05-05,2026-06-01,gcrew,noaa_gefs,28,Pressure_Pa,27,101613.822265625
gep28,00,2026-05-05,2026-06-01,gcrew,noaa_gefs,28,RH_percent_mean,27,79.74879264831543
gep28,00,2026-05-05,2026-06-01,gcrew,noaa_gefs,28,Rain_mm_sum,27,0.20000000298023224
gep28,00,2026-05-05,2026-06-01,gcrew,noaa_gefs,28,ShortwaveRadiation_Wm2,27,202
gep28,00,2026-05-05,2026-06-01,gcrew,noaa_gefs,28,WindSpeed_ms_mean,27,2.8618370667271793
gep28,00,2026-05-05,2026-06-02,gcrew,noaa_gefs,28,AirTemp_C_mean,28,23.729150390625023
gep28,00,2026-05-05,2026-06-02,gcrew,noaa_gefs,28,Pressure_Pa,28,101406.4609375
gep28,00,2026-05-05,2026-06-02,gcrew,noaa_gefs,28,RH_percent_mean,28,75.83053302764893
gep28,00,2026-05-05,2026-06-02,gcrew,noaa_gefs,28,Rain_mm_sum,28,4.800000190734863
gep28,00,2026-05-05,2026-06-02,gcrew,noaa_gefs,28,ShortwaveRadiation_Wm2,28,303.25
gep28,00,2026-05-05,2026-06-02,gcrew,noaa_gefs,28,WindSpeed_ms_mean,28,5.180342789756921
gep28,00,2026-05-05,2026-06-03,gcrew,noaa_gefs,28,AirTemp_C_mean,29,22.64240417480471
gep28,00,2026-05-05,2026-06-03,gcrew,noaa_gefs,28,Pressure_Pa,29,101480.6875
gep28,00,2026-05-05,2026-06-03,gcrew,noaa_gefs,28,RH_percent_mean,29,91.867095947265625
gep28,00,2026-05-05,2026-06-03,gcrew,noaa_gefs,28,Rain_mm_sum,29,24.700000166893005
gep28,00,2026-05-05,2026-06-03,gcrew,noaa_gefs,28,ShortwaveRadiation_Wm2,29,176
gep28,00,2026-05-05,2026-06-03,gcrew,noaa_gefs,28,WindSpeed_ms_mean,29,2.8103379804635074
gep28,00,2026-05-05,2026-06-04,gcrew,noaa_gefs,28,AirTemp_C_mean,30,21.24726257324221
gep28,00,2026-05-05,2026-06-04,gcrew,noaa_gefs,28,Pressure_Pa,30,100902.5
gep28,00,2026-05-05,2026-06-04,gcrew,noaa_gefs,28,RH_percent_mean,30,94.49777412414551
gep28,00,2026-05-05,2026-06-04,gcrew,noaa_gefs,28,Rain_mm_sum,30,15.800000429153442
gep28,00,2026-05-05,2026-06-04,gcrew,noaa_gefs,28,ShortwaveRadiation_Wm2,30,96
gep28,00,2026-05-05,2026-06-04,gcrew,noaa_gefs,28,WindSpeed_ms_mean,30,3.624733268214592
gep28,00,2026-05-05,2026-06-05,gcrew,noaa_gefs,28,AirTemp_C_mean,31,17.98151550292971
gep28,00,2026-05-05,2026-06-05,gcrew,noaa_gefs,28,Pressure_Pa,31,101233.8671875
gep28,00,2026-05-05,2026-06-05,gcrew,noaa_gefs,28,RH_percent_mean,31,85.09179496765137
gep28,00,2026-05-05,2026-06-05,gcrew,noaa_gefs,28,Rain_mm_sum,31,0
gep28,00,2026-05-05,2026-06-05,gcrew,noaa_gefs,28,ShortwaveRadiation_Wm2,31,204
gep28,00,2026-05-05,2026-06-05,gcrew,noaa_gefs,28,WindSpeed_ms_mean,31,3.6137171777527146
gep28,00,2026-05-05,2026-06-06,gcrew,noaa_gefs,28,AirTemp_C_mean,32,18.68531188964846
gep28,00,2026-05-05,2026-06-06,gcrew,noaa_gefs,28,Pressure_Pa,32,101418.689453125
gep28,00,2026-05-05,2026-06-06,gcrew,noaa_gefs,28,RH_percent_mean,32,90.20104598999023
gep28,00,2026-05-05,2026-06-06,gcrew,noaa_gefs,28,Rain_mm_sum,32,0.30000000447034836
gep28,00,2026-05-05,2026-06-06,gcrew,noaa_gefs,28,ShortwaveRadiation_Wm2,32,107.25
gep28,00,2026-05-05,2026-06-06,gcrew,noaa_gefs,28,WindSpeed_ms_mean,32,3.7730996520469398
gep28,00,2026-05-05,2026-06-07,gcrew,noaa_gefs,28,AirTemp_C_mean,33,24.139627075195335
gep28,00,2026-05-05,2026-06-07,gcrew,noaa_gefs,28,Pressure_Pa,33,100801.1328125
gep28,00,2026-05-05,2026-06-07,gcrew,noaa_gefs,28,RH_percent_mean,33,81.9941577911377
gep28,00,2026-05-05,2026-06-07,gcrew,noaa_gefs,28,Rain_mm_sum,33,12.999999798834324
gep28,00,2026-05-05,2026-06-07,gcrew,noaa_gefs,28,ShortwaveRadiation_Wm2,33,304.5
gep28,00,2026-05-05,2026-06-07,gcrew,noaa_gefs,28,WindSpeed_ms_mean,33,5.214782697026351
gep28,00,2026-05-05,2026-06-08,gcrew,noaa_gefs,28,AirTemp_C_mean,34,26.755662536621116
gep28,00,2026-05-05,2026-06-08,gcrew,noaa_gefs,28,Pressure_Pa,34,100443.1796875
gep28,00,2026-05-05,2026-06-08,gcrew,noaa_gefs,28,RH_percent_mean,34,68.95762729644775
gep28,00,2026-05-05,2026-06-08,gcrew,noaa_gefs,28,Rain_mm_sum,34,0.4000000134110451
gep28,00,2026-05-05,2026-06-08,gcrew,noaa_gefs,28,ShortwaveRadiation_Wm2,34,343
gep28,00,2026-05-05,2026-06-08,gcrew,noaa_gefs,28,WindSpeed_ms_mean,34,4.0934983365823845
gep29,00,2026-05-05,2026-05-06,gcrew,noaa_gefs,29,AirTemp_C_mean,1,18.317830657959007
gep29,00,2026-05-05,2026-05-06,gcrew,noaa_gefs,29,Pressure_Pa,1,100742.3876953125
gep29,00,2026-05-05,2026-05-06,gcrew,noaa_gefs,29,RH_percent_mean,1,73.999520778656
gep29,00,2026-05-05,2026-05-06,gcrew,noaa_gefs,29,Rain_mm_sum,1,2.9600000381469727
gep29,00,2026-05-05,2026-05-06,gcrew,noaa_gefs,29,ShortwaveRadiation_Wm2,1,112.5
gep29,00,2026-05-05,2026-05-06,gcrew,noaa_gefs,29,WindSpeed_ms_mean,1,7.9482961228732085
gep29,00,2026-05-05,2026-05-07,gcrew,noaa_gefs,29,AirTemp_C_mean,2,13.421441650390648
gep29,00,2026-05-05,2026-05-07,gcrew,noaa_gefs,29,Pressure_Pa,2,100609.435546875
gep29,00,2026-05-05,2026-05-07,gcrew,noaa_gefs,29,RH_percent_mean,2,79.55949878692627
gep29,00,2026-05-05,2026-05-07,gcrew,noaa_gefs,29,Rain_mm_sum,2,3.900000110268593
gep29,00,2026-05-05,2026-05-07,gcrew,noaa_gefs,29,ShortwaveRadiation_Wm2,2,80.875
gep29,00,2026-05-05,2026-05-07,gcrew,noaa_gefs,29,WindSpeed_ms_mean,2,3.7877215286509998
gep29,00,2026-05-05,2026-05-08,gcrew,noaa_gefs,29,AirTemp_C_mean,3,13.444238281250023
gep29,00,2026-05-05,2026-05-08,gcrew,noaa_gefs,29,Pressure_Pa,3,101029.4677734375
gep29,00,2026-05-05,2026-05-08,gcrew,noaa_gefs,29,RH_percent_mean,3,59.61912775039673
gep29,00,2026-05-05,2026-05-08,gcrew,noaa_gefs,29,Rain_mm_sum,3,0
gep29,00,2026-05-05,2026-05-08,gcrew,noaa_gefs,29,ShortwaveRadiation_Wm2,3,310.125
gep29,00,2026-05-05,2026-05-08,gcrew,noaa_gefs,29,WindSpeed_ms_mean,3,4.101767998187636
gep29,00,2026-05-05,2026-05-09,gcrew,noaa_gefs,29,AirTemp_C_mean,4,14.683034515380882
gep29,00,2026-05-05,2026-05-09,gcrew,noaa_gefs,29,Pressure_Pa,4,100504.6123046875
gep29,00,2026-05-05,2026-05-09,gcrew,noaa_gefs,29,RH_percent_mean,4,69.38001728057861
gep29,00,2026-05-05,2026-05-09,gcrew,noaa_gefs,29,Rain_mm_sum,4,3.40000007301569
gep29,00,2026-05-05,2026-05-09,gcrew,noaa_gefs,29,ShortwaveRadiation_Wm2,4,223.375
gep29,00,2026-05-05,2026-05-09,gcrew,noaa_gefs,29,WindSpeed_ms_mean,4,6.089498847817228
gep29,00,2026-05-05,2026-05-10,gcrew,noaa_gefs,29,AirTemp_C_mean,5,14.039365386962913
gep29,00,2026-05-05,2026-05-10,gcrew,noaa_gefs,29,Pressure_Pa,5,101038.7626953125
gep29,00,2026-05-05,2026-05-10,gcrew,noaa_gefs,29,RH_percent_mean,5,62.28422451019287
gep29,00,2026-05-05,2026-05-10,gcrew,noaa_gefs,29,Rain_mm_sum,5,0.4000000059604645
gep29,00,2026-05-05,2026-05-10,gcrew,noaa_gefs,29,ShortwaveRadiation_Wm2,5,321.875
gep29,00,2026-05-05,2026-05-10,gcrew,noaa_gefs,29,WindSpeed_ms_mean,5,4.465990950670339
gep29,00,2026-05-05,2026-05-11,gcrew,noaa_gefs,29,AirTemp_C_mean,6,15.007703399658226
gep29,00,2026-05-05,2026-05-11,gcrew,noaa_gefs,29,Pressure_Pa,6,100972.99609375
gep29,00,2026-05-05,2026-05-11,gcrew,noaa_gefs,29,RH_percent_mean,6,83.72281455993652
gep29,00,2026-05-05,2026-05-11,gcrew,noaa_gefs,29,Rain_mm_sum,6,10.500000238418579
gep29,00,2026-05-05,2026-05-11,gcrew,noaa_gefs,29,ShortwaveRadiation_Wm2,6,318.375
gep29,00,2026-05-05,2026-05-11,gcrew,noaa_gefs,29,WindSpeed_ms_mean,6,3.020219501521629
gep29,00,2026-05-05,2026-05-12,gcrew,noaa_gefs,29,AirTemp_C_mean,7,16.333001708984398
gep29,00,2026-05-05,2026-05-12,gcrew,noaa_gefs,29,Pressure_Pa,7,100487.9833984375
gep29,00,2026-05-05,2026-05-12,gcrew,noaa_gefs,29,RH_percent_mean,7,91.72346305847168
gep29,00,2026-05-05,2026-05-12,gcrew,noaa_gefs,29,Rain_mm_sum,7,22.080000452697277
gep29,00,2026-05-05,2026-05-12,gcrew,noaa_gefs,29,ShortwaveRadiation_Wm2,7,141.625
gep29,00,2026-05-05,2026-05-12,gcrew,noaa_gefs,29,WindSpeed_ms_mean,7,4.752930619586684
gep29,00,2026-05-05,2026-05-13,gcrew,noaa_gefs,29,AirTemp_C_mean,8,13.859941101074241
gep29,00,2026-05-05,2026-05-13,gcrew,noaa_gefs,29,Pressure_Pa,8,100950.2314453125
gep29,00,2026-05-05,2026-05-13,gcrew,noaa_gefs,29,RH_percent_mean,8,60.64580154418945
gep29,00,2026-05-05,2026-05-13,gcrew,noaa_gefs,29,Rain_mm_sum,8,0.699999988079071
gep29,00,2026-05-05,2026-05-13,gcrew,noaa_gefs,29,ShortwaveRadiation_Wm2,8,357.5
gep29,00,2026-05-05,2026-05-13,gcrew,noaa_gefs,29,WindSpeed_ms_mean,8,5.016160868788954
gep29,00,2026-05-05,2026-05-14,gcrew,noaa_gefs,29,AirTemp_C_mean,9,13.323288399832611
gep29,00,2026-05-05,2026-05-14,gcrew,noaa_gefs,29,Pressure_Pa,9,101724.66852678571
gep29,00,2026-05-05,2026-05-14,gcrew,noaa_gefs,29,RH_percent_mean,9,54.3447254725865
gep29,00,2026-05-05,2026-05-14,gcrew,noaa_gefs,29,Rain_mm_sum,9,0
gep29,00,2026-05-05,2026-05-14,gcrew,noaa_gefs,29,ShortwaveRadiation_Wm2,9,409.2857142857143
gep29,00,2026-05-05,2026-05-14,gcrew,noaa_gefs,29,WindSpeed_ms_mean,9,4.204724101810366
gep29,00,2026-05-05,2026-05-15,gcrew,noaa_gefs,29,AirTemp_C_mean,10,13.895341491699241
gep29,00,2026-05-05,2026-05-15,gcrew,noaa_gefs,29,Pressure_Pa,10,101770.98828125
gep29,00,2026-05-05,2026-05-15,gcrew,noaa_gefs,29,RH_percent_mean,10,59.39558792114258
gep29,00,2026-05-05,2026-05-15,gcrew,noaa_gefs,29,Rain_mm_sum,10,0
gep29,00,2026-05-05,2026-05-15,gcrew,noaa_gefs,29,ShortwaveRadiation_Wm2,10,329.5
gep29,00,2026-05-05,2026-05-15,gcrew,noaa_gefs,29,WindSpeed_ms_mean,10,4.301648184988208
gep29,00,2026-05-05,2026-05-16,gcrew,noaa_gefs,29,AirTemp_C_mean,11,12.16132507324221
gep29,00,2026-05-05,2026-05-16,gcrew,noaa_gefs,29,Pressure_Pa,11,101347.048828125
gep29,00,2026-05-05,2026-05-16,gcrew,noaa_gefs,29,RH_percent_mean,11,85.79068565368652
gep29,00,2026-05-05,2026-05-16,gcrew,noaa_gefs,29,Rain_mm_sum,11,3.5000000596046448
gep29,00,2026-05-05,2026-05-16,gcrew,noaa_gefs,29,ShortwaveRadiation_Wm2,11,57.25
gep29,00,2026-05-05,2026-05-16,gcrew,noaa_gefs,29,WindSpeed_ms_mean,11,3.5957713274021446
gep29,00,2026-05-05,2026-05-17,gcrew,noaa_gefs,29,AirTemp_C_mean,12,12.39740905761721
gep29,00,2026-05-05,2026-05-17,gcrew,noaa_gefs,29,Pressure_Pa,12,101498.666015625
gep29,00,2026-05-05,2026-05-17,gcrew,noaa_gefs,29,RH_percent_mean,12,85.35811996459961
gep29,00,2026-05-05,2026-05-17,gcrew,noaa_gefs,29,Rain_mm_sum,12,12.600000239908695
gep29,00,2026-05-05,2026-05-17,gcrew,noaa_gefs,29,ShortwaveRadiation_Wm2,12,68.75
gep29,00,2026-05-05,2026-05-17,gcrew,noaa_gefs,29,WindSpeed_ms_mean,12,4.4423147677144765
gep29,00,2026-05-05,2026-05-18,gcrew,noaa_gefs,29,AirTemp_C_mean,13,12.796853637695335
gep29,00,2026-05-05,2026-05-18,gcrew,noaa_gefs,29,Pressure_Pa,13,102275.958984375
gep29,00,2026-05-05,2026-05-18,gcrew,noaa_gefs,29,RH_percent_mean,13,75.41705131530762
gep29,00,2026-05-05,2026-05-18,gcrew,noaa_gefs,29,Rain_mm_sum,13,3.5000000968575478
gep29,00,2026-05-05,2026-05-18,gcrew,noaa_gefs,29,ShortwaveRadiation_Wm2,13,67.25
gep29,00,2026-05-05,2026-05-18,gcrew,noaa_gefs,29,WindSpeed_ms_mean,13,4.947630717288071
gep29,00,2026-05-05,2026-05-19,gcrew,noaa_gefs,29,AirTemp_C_mean,14,15.980165100097679
gep29,00,2026-05-05,2026-05-19,gcrew,noaa_gefs,29,Pressure_Pa,14,101818.97265625
gep29,00,2026-05-05,2026-05-19,gcrew,noaa_gefs,29,RH_percent_mean,14,94.8867244720459
gep29,00,2026-05-05,2026-05-19,gcrew,noaa_gefs,29,Rain_mm_sum,14,13.600000202655792
gep29,00,2026-05-05,2026-05-19,gcrew,noaa_gefs,29,ShortwaveRadiation_Wm2,14,56.75
gep29,00,2026-05-05,2026-05-19,gcrew,noaa_gefs,29,WindSpeed_ms_mean,14,5.998326923740712
gep29,00,2026-05-05,2026-05-20,gcrew,noaa_gefs,29,AirTemp_C_mean,15,16.34876403808596
gep29,00,2026-05-05,2026-05-20,gcrew,noaa_gefs,29,Pressure_Pa,15,101606.828125
gep29,00,2026-05-05,2026-05-20,gcrew,noaa_gefs,29,RH_percent_mean,15,89.96279335021973
gep29,00,2026-05-05,2026-05-20,gcrew,noaa_gefs,29,Rain_mm_sum,15,0.9000000283122063
gep29,00,2026-05-05,2026-05-20,gcrew,noaa_gefs,29,ShortwaveRadiation_Wm2,15,66.75
gep29,00,2026-05-05,2026-05-20,gcrew,noaa_gefs,29,WindSpeed_ms_mean,15,5.274919119101563
gep29,00,2026-05-05,2026-05-21,gcrew,noaa_gefs,29,AirTemp_C_mean,16,17.079988098144554
gep29,00,2026-05-05,2026-05-21,gcrew,noaa_gefs,29,Pressure_Pa,16,101430.228515625
gep29,00,2026-05-05,2026-05-21,gcrew,noaa_gefs,29,RH_percent_mean,16,92.32025718688965
gep29,00,2026-05-05,2026-05-21,gcrew,noaa_gefs,29,Rain_mm_sum,16,3.6000001206994057
gep29,00,2026-05-05,2026-05-21,gcrew,noaa_gefs,29,ShortwaveRadiation_Wm2,16,134.75
gep29,00,2026-05-05,2026-05-21,gcrew,noaa_gefs,29,WindSpeed_ms_mean,16,4.749984768270614
gep29,00,2026-05-05,2026-05-22,gcrew,noaa_gefs,29,AirTemp_C_mean,17,19.45788726806643
gep29,00,2026-05-05,2026-05-22,gcrew,noaa_gefs,29,Pressure_Pa,17,101787.37109375
gep29,00,2026-05-05,2026-05-22,gcrew,noaa_gefs,29,RH_percent_mean,17,86.58370208740234
gep29,00,2026-05-05,2026-05-22,gcrew,noaa_gefs,29,Rain_mm_sum,17,0.10000000149011612
gep29,00,2026-05-05,2026-05-22,gcrew,noaa_gefs,29,ShortwaveRadiation_Wm2,17,329.5
gep29,00,2026-05-05,2026-05-22,gcrew,noaa_gefs,29,WindSpeed_ms_mean,17,3.421951902917886
gep29,00,2026-05-05,2026-05-23,gcrew,noaa_gefs,29,AirTemp_C_mean,18,19.32135925292971
gep29,00,2026-05-05,2026-05-23,gcrew,noaa_gefs,29,Pressure_Pa,18,102091.19140625
gep29,00,2026-05-05,2026-05-23,gcrew,noaa_gefs,29,RH_percent_mean,18,88.211029052734375
gep29,00,2026-05-05,2026-05-23,gcrew,noaa_gefs,29,Rain_mm_sum,18,0.30000000447034836
gep29,00,2026-05-05,2026-05-23,gcrew,noaa_gefs,29,ShortwaveRadiation_Wm2,18,304
gep29,00,2026-05-05,2026-05-23,gcrew,noaa_gefs,29,WindSpeed_ms_mean,18,2.9632516322381934
gep29,00,2026-05-05,2026-05-24,gcrew,noaa_gefs,29,AirTemp_C_mean,19,19.627183532714866
gep29,00,2026-05-05,2026-05-24,gcrew,noaa_gefs,29,Pressure_Pa,19,102131.763671875
gep29,00,2026-05-05,2026-05-24,gcrew,noaa_gefs,29,RH_percent_mean,19,88.8326587677002
gep29,00,2026-05-05,2026-05-24,gcrew,noaa_gefs,29,Rain_mm_sum,19,0.4000000059604645
gep29,00,2026-05-05,2026-05-24,gcrew,noaa_gefs,29,ShortwaveRadiation_Wm2,19,312.75
gep29,00,2026-05-05,2026-05-24,gcrew,noaa_gefs,29,WindSpeed_ms_mean,19,3.353299723512114
gep29,00,2026-05-05,2026-05-25,gcrew,noaa_gefs,29,AirTemp_C_mean,20,22.220193481445335
gep29,00,2026-05-05,2026-05-25,gcrew,noaa_gefs,29,Pressure_Pa,20,101920.87109375
gep29,00,2026-05-05,2026-05-25,gcrew,noaa_gefs,29,RH_percent_mean,20,80.57049751281738
gep29,00,2026-05-05,2026-05-25,gcrew,noaa_gefs,29,Rain_mm_sum,20,0
gep29,00,2026-05-05,2026-05-25,gcrew,noaa_gefs,29,ShortwaveRadiation_Wm2,20,332
gep29,00,2026-05-05,2026-05-25,gcrew,noaa_gefs,29,WindSpeed_ms_mean,20,2.332214280423385
gep29,00,2026-05-05,2026-05-26,gcrew,noaa_gefs,29,AirTemp_C_mean,21,23.644677734375023
gep29,00,2026-05-05,2026-05-26,gcrew,noaa_gefs,29,Pressure_Pa,21,101732.607421875
gep29,00,2026-05-05,2026-05-26,gcrew,noaa_gefs,29,RH_percent_mean,21,77.47503280639648
gep29,00,2026-05-05,2026-05-26,gcrew,noaa_gefs,29,Rain_mm_sum,21,0.30000000447034836
gep29,00,2026-05-05,2026-05-26,gcrew,noaa_gefs,29,ShortwaveRadiation_Wm2,21,329.75
gep29,00,2026-05-05,2026-05-26,gcrew,noaa_gefs,29,WindSpeed_ms_mean,21,3.7429728329099072
gep29,00,2026-05-05,2026-05-27,gcrew,noaa_gefs,29,AirTemp_C_mean,22,21.092683410644554
gep29,00,2026-05-05,2026-05-27,gcrew,noaa_gefs,29,Pressure_Pa,22,101740.51953125
gep29,00,2026-05-05,2026-05-27,gcrew,noaa_gefs,29,RH_percent_mean,22,84.3672924041748
gep29,00,2026-05-05,2026-05-27,gcrew,noaa_gefs,29,Rain_mm_sum,22,0
gep29,00,2026-05-05,2026-05-27,gcrew,noaa_gefs,29,ShortwaveRadiation_Wm2,22,312.5
gep29,00,2026-05-05,2026-05-27,gcrew,noaa_gefs,29,WindSpeed_ms_mean,22,2.700000293540816
gep29,00,2026-05-05,2026-05-28,gcrew,noaa_gefs,29,AirTemp_C_mean,23,23.88488922119143
gep29,00,2026-05-05,2026-05-28,gcrew,noaa_gefs,29,Pressure_Pa,23,101347.58984375
gep29,00,2026-05-05,2026-05-28,gcrew,noaa_gefs,29,RH_percent_mean,23,75.04574775695801
gep29,00,2026-05-05,2026-05-28,gcrew,noaa_gefs,29,Rain_mm_sum,23,0
gep29,00,2026-05-05,2026-05-28,gcrew,noaa_gefs,29,ShortwaveRadiation_Wm2,23,335.5
gep29,00,2026-05-05,2026-05-28,gcrew,noaa_gefs,29,WindSpeed_ms_mean,23,2.335344468510624
gep29,00,2026-05-05,2026-05-29,gcrew,noaa_gefs,29,AirTemp_C_mean,24,24.74714050292971
gep29,00,2026-05-05,2026-05-29,gcrew,noaa_gefs,29,Pressure_Pa,24,101476.5703125
gep29,00,2026-05-05,2026-05-29,gcrew,noaa_gefs,29,RH_percent_mean,24,72.64131832122803
gep29,00,2026-05-05,2026-05-29,gcrew,noaa_gefs,29,Rain_mm_sum,24,0
gep29,00,2026-05-05,2026-05-29,gcrew,noaa_gefs,29,ShortwaveRadiation_Wm2,24,336
gep29,00,2026-05-05,2026-05-29,gcrew,noaa_gefs,29,WindSpeed_ms_mean,24,1.9586284146796837
gep29,00,2026-05-05,2026-05-30,gcrew,noaa_gefs,29,AirTemp_C_mean,25,24.066796875000023
gep29,00,2026-05-05,2026-05-30,gcrew,noaa_gefs,29,Pressure_Pa,25,101384.1875
gep29,00,2026-05-05,2026-05-30,gcrew,noaa_gefs,29,RH_percent_mean,25,71.36553287506104
gep29,00,2026-05-05,2026-05-30,gcrew,noaa_gefs,29,Rain_mm_sum,25,2.100000001490116
gep29,00,2026-05-05,2026-05-30,gcrew,noaa_gefs,29,ShortwaveRadiation_Wm2,25,336.25
gep29,00,2026-05-05,2026-05-30,gcrew,noaa_gefs,29,WindSpeed_ms_mean,25,2.5700304546198396
gep29,00,2026-05-05,2026-05-31,gcrew,noaa_gefs,29,AirTemp_C_mean,26,20.107537841796898
gep29,00,2026-05-05,2026-05-31,gcrew,noaa_gefs,29,Pressure_Pa,26,101421.41015625
gep29,00,2026-05-05,2026-05-31,gcrew,noaa_gefs,29,RH_percent_mean,26,79.97546768188477
gep29,00,2026-05-05,2026-05-31,gcrew,noaa_gefs,29,Rain_mm_sum,26,7.199999928474426
gep29,00,2026-05-05,2026-05-31,gcrew,noaa_gefs,29,ShortwaveRadiation_Wm2,26,204.5
gep29,00,2026-05-05,2026-05-31,gcrew,noaa_gefs,29,WindSpeed_ms_mean,26,4.440413293057745
gep29,00,2026-05-05,2026-06-01,gcrew,noaa_gefs,29,AirTemp_C_mean,27,18.903489685058616
gep29,00,2026-05-05,2026-06-01,gcrew,noaa_gefs,29,Pressure_Pa,27,101613.822265625
gep29,00,2026-05-05,2026-06-01,gcrew,noaa_gefs,29,RH_percent_mean,27,79.74879264831543
gep29,00,2026-05-05,2026-06-01,gcrew,noaa_gefs,29,Rain_mm_sum,27,0.20000000298023224
gep29,00,2026-05-05,2026-06-01,gcrew,noaa_gefs,29,ShortwaveRadiation_Wm2,27,202
gep29,00,2026-05-05,2026-06-01,gcrew,noaa_gefs,29,WindSpeed_ms_mean,27,2.8618370667271793
gep29,00,2026-05-05,2026-06-02,gcrew,noaa_gefs,29,AirTemp_C_mean,28,23.729150390625023
gep29,00,2026-05-05,2026-06-02,gcrew,noaa_gefs,29,Pressure_Pa,28,101406.4609375
gep29,00,2026-05-05,2026-06-02,gcrew,noaa_gefs,29,RH_percent_mean,28,75.83053302764893
gep29,00,2026-05-05,2026-06-02,gcrew,noaa_gefs,29,Rain_mm_sum,28,4.800000190734863
gep29,00,2026-05-05,2026-06-02,gcrew,noaa_gefs,29,ShortwaveRadiation_Wm2,28,303.25
gep29,00,2026-05-05,2026-06-02,gcrew,noaa_gefs,29,WindSpeed_ms_mean,28,5.180342789756921
gep29,00,2026-05-05,2026-06-03,gcrew,noaa_gefs,29,AirTemp_C_mean,29,22.64240417480471
gep29,00,2026-05-05,2026-06-03,gcrew,noaa_gefs,29,Pressure_Pa,29,101480.6875
gep29,00,2026-05-05,2026-06-03,gcrew,noaa_gefs,29,RH_percent_mean,29,91.867095947265625
gep29,00,2026-05-05,2026-06-03,gcrew,noaa_gefs,29,Rain_mm_sum,29,24.700000166893005
gep29,00,2026-05-05,2026-06-03,gcrew,noaa_gefs,29,ShortwaveRadiation_Wm2,29,176
gep29,00,2026-05-05,2026-06-03,gcrew,noaa_gefs,29,WindSpeed_ms_mean,29,2.8103379804635074
gep29,00,2026-05-05,2026-06-04,gcrew,noaa_gefs,29,AirTemp_C_mean,30,21.24726257324221
gep29,00,2026-05-05,2026-06-04,gcrew,noaa_gefs,29,Pressure_Pa,30,100902.5
gep29,00,2026-05-05,2026-06-04,gcrew,noaa_gefs,29,RH_percent_mean,30,94.49777412414551
gep29,00,2026-05-05,2026-06-04,gcrew,noaa_gefs,29,Rain_mm_sum,30,15.800000429153442
gep29,00,2026-05-05,2026-06-04,gcrew,noaa_gefs,29,ShortwaveRadiation_Wm2,30,96
gep29,00,2026-05-05,2026-06-04,gcrew,noaa_gefs,29,WindSpeed_ms_mean,30,3.624733268214592
gep29,00,2026-05-05,2026-06-05,gcrew,noaa_gefs,29,AirTemp_C_mean,31,17.98151550292971
gep29,00,2026-05-05,2026-06-05,gcrew,noaa_gefs,29,Pressure_Pa,31,101233.8671875
gep29,00,2026-05-05,2026-06-05,gcrew,noaa_gefs,29,RH_percent_mean,31,85.09179496765137
gep29,00,2026-05-05,2026-06-05,gcrew,noaa_gefs,29,Rain_mm_sum,31,0
gep29,00,2026-05-05,2026-06-05,gcrew,noaa_gefs,29,ShortwaveRadiation_Wm2,31,204
gep29,00,2026-05-05,2026-06-05,gcrew,noaa_gefs,29,WindSpeed_ms_mean,31,3.6137171777527146
gep29,00,2026-05-05,2026-06-06,gcrew,noaa_gefs,29,AirTemp_C_mean,32,18.68531188964846
gep29,00,2026-05-05,2026-06-06,gcrew,noaa_gefs,29,Pressure_Pa,32,101418.689453125
gep29,00,2026-05-05,2026-06-06,gcrew,noaa_gefs,29,RH_percent_mean,32,90.20104598999023
gep29,00,2026-05-05,2026-06-06,gcrew,noaa_gefs,29,Rain_mm_sum,32,0.30000000447034836
gep29,00,2026-05-05,2026-06-06,gcrew,noaa_gefs,29,ShortwaveRadiation_Wm2,32,107.25
gep29,00,2026-05-05,2026-06-06,gcrew,noaa_gefs,29,WindSpeed_ms_mean,32,3.7730996520469398
gep29,00,2026-05-05,2026-06-07,gcrew,noaa_gefs,29,AirTemp_C_mean,33,24.139627075195335
gep29,00,2026-05-05,2026-06-07,gcrew,noaa_gefs,29,Pressure_Pa,33,100801.1328125
gep29,00,2026-05-05,2026-06-07,gcrew,noaa_gefs,29,RH_percent_mean,33,81.9941577911377
gep29,00,2026-05-05,2026-06-07,gcrew,noaa_gefs,29,Rain_mm_sum,33,12.999999798834324
gep29,00,2026-05-05,2026-06-07,gcrew,noaa_gefs,29,ShortwaveRadiation_Wm2,33,304.5
gep29,00,2026-05-05,2026-06-07,gcrew,noaa_gefs,29,WindSpeed_ms_mean,33,5.214782697026351
gep29,00,2026-05-05,2026-06-08,gcrew,noaa_gefs,29,AirTemp_C_mean,34,26.755662536621116
gep29,00,2026-05-05,2026-06-08,gcrew,noaa_gefs,29,Pressure_Pa,34,100443.1796875
gep29,00,2026-05-05,2026-06-08,gcrew,noaa_gefs,29,RH_percent_mean,34,68.95762729644775
gep29,00,2026-05-05,2026-06-08,gcrew,noaa_gefs,29,Rain_mm_sum,34,0.4000000134110451
gep29,00,2026-05-05,2026-06-08,gcrew,noaa_gefs,29,ShortwaveRadiation_Wm2,34,343
gep29,00,2026-05-05,2026-06-08,gcrew,noaa_gefs,29,WindSpeed_ms_mean,34,4.0934983365823845
gep30,00,2026-05-05,2026-05-06,gcrew,noaa_gefs,30,AirTemp_C_mean,1,18.317830657959007
gep30,00,2026-05-05,2026-05-06,gcrew,noaa_gefs,30,Pressure_Pa,1,100742.3876953125
gep30,00,2026-05-05,2026-05-06,gcrew,noaa_gefs,30,RH_percent_mean,1,73.999520778656
gep30,00,2026-05-05,2026-05-06,gcrew,noaa_gefs,30,Rain_mm_sum,1,2.9600000381469727
gep30,00,2026-05-05,2026-05-06,gcrew,noaa_gefs,30,ShortwaveRadiation_Wm2,1,112.5
gep30,00,2026-05-05,2026-05-06,gcrew,noaa_gefs,30,WindSpeed_ms_mean,1,7.9482961228732085
gep30,00,2026-05-05,2026-05-07,gcrew,noaa_gefs,30,AirTemp_C_mean,2,13.421441650390648
gep30,00,2026-05-05,2026-05-07,gcrew,noaa_gefs,30,Pressure_Pa,2,100609.435546875
gep30,00,2026-05-05,2026-05-07,gcrew,noaa_gefs,30,RH_percent_mean,2,79.55949878692627
gep30,00,2026-05-05,2026-05-07,gcrew,noaa_gefs,30,Rain_mm_sum,2,3.900000110268593
gep30,00,2026-05-05,2026-05-07,gcrew,noaa_gefs,30,ShortwaveRadiation_Wm2,2,80.875
gep30,00,2026-05-05,2026-05-07,gcrew,noaa_gefs,30,WindSpeed_ms_mean,2,3.7877215286509998
gep30,00,2026-05-05,2026-05-08,gcrew,noaa_gefs,30,AirTemp_C_mean,3,13.444238281250023
gep30,00,2026-05-05,2026-05-08,gcrew,noaa_gefs,30,Pressure_Pa,3,101029.4677734375
gep30,00,2026-05-05,2026-05-08,gcrew,noaa_gefs,30,RH_percent_mean,3,59.61912775039673
gep30,00,2026-05-05,2026-05-08,gcrew,noaa_gefs,30,Rain_mm_sum,3,0
gep30,00,2026-05-05,2026-05-08,gcrew,noaa_gefs,30,ShortwaveRadiation_Wm2,3,310.125
gep30,00,2026-05-05,2026-05-08,gcrew,noaa_gefs,30,WindSpeed_ms_mean,3,4.101767998187636
gep30,00,2026-05-05,2026-05-09,gcrew,noaa_gefs,30,AirTemp_C_mean,4,14.683034515380882
gep30,00,2026-05-05,2026-05-09,gcrew,noaa_gefs,30,Pressure_Pa,4,100504.6123046875
gep30,00,2026-05-05,2026-05-09,gcrew,noaa_gefs,30,RH_percent_mean,4,69.38001728057861
gep30,00,2026-05-05,2026-05-09,gcrew,noaa_gefs,30,Rain_mm_sum,4,3.40000007301569
gep30,00,2026-05-05,2026-05-09,gcrew,noaa_gefs,30,ShortwaveRadiation_Wm2,4,223.375
gep30,00,2026-05-05,2026-05-09,gcrew,noaa_gefs,30,WindSpeed_ms_mean,4,6.089498847817228
gep30,00,2026-05-05,2026-05-10,gcrew,noaa_gefs,30,AirTemp_C_mean,5,14.039365386962913
gep30,00,2026-05-05,2026-05-10,gcrew,noaa_gefs,30,Pressure_Pa,5,101038.7626953125
gep30,00,2026-05-05,2026-05-10,gcrew,noaa_gefs,30,RH_percent_mean,5,62.28422451019287
gep30,00,2026-05-05,2026-05-10,gcrew,noaa_gefs,30,Rain_mm_sum,5,0.4000000059604645
gep30,00,2026-05-05,2026-05-10,gcrew,noaa_gefs,30,ShortwaveRadiation_Wm2,5,321.875
gep30,00,2026-05-05,2026-05-10,gcrew,noaa_gefs,30,WindSpeed_ms_mean,5,4.465990950670339
gep30,00,2026-05-05,2026-05-11,gcrew,noaa_gefs,30,AirTemp_C_mean,6,15.007703399658226
gep30,00,2026-05-05,2026-05-11,gcrew,noaa_gefs,30,Pressure_Pa,6,100972.99609375
gep30,00,2026-05-05,2026-05-11,gcrew,noaa_gefs,30,RH_percent_mean,6,83.72281455993652
gep30,00,2026-05-05,2026-05-11,gcrew,noaa_gefs,30,Rain_mm_sum,6,10.500000238418579
gep30,00,2026-05-05,2026-05-11,gcrew,noaa_gefs,30,ShortwaveRadiation_Wm2,6,318.375
gep30,00,2026-05-05,2026-05-11,gcrew,noaa_gefs,30,WindSpeed_ms_mean,6,3.020219501521629
gep30,00,2026-05-05,2026-05-12,gcrew,noaa_gefs,30,AirTemp_C_mean,7,16.333001708984398
gep30,00,2026-05-05,2026-05-12,gcrew,noaa_gefs,30,Pressure_Pa,7,100487.9833984375
gep30,00,2026-05-05,2026-05-12,gcrew,noaa_gefs,30,RH_percent_mean,7,91.72346305847168
gep30,00,2026-05-05,2026-05-12,gcrew,noaa_gefs,30,Rain_mm_sum,7,22.080000452697277
gep30,00,2026-05-05,2026-05-12,gcrew,noaa_gefs,30,ShortwaveRadiation_Wm2,7,141.625
gep30,00,2026-05-05,2026-05-12,gcrew,noaa_gefs,30,WindSpeed_ms_mean,7,4.752930619586684
gep30,00,2026-05-05,2026-05-13,gcrew,noaa_gefs,30,AirTemp_C_mean,8,13.859941101074241
gep30,00,2026-05-05,2026-05-13,gcrew,noaa_gefs,30,Pressure_Pa,8,100950.2314453125
gep30,00,2026-05-05,2026-05-13,gcrew,noaa_gefs,30,RH_percent_mean,8,60.64580154418945
gep30,00,2026-05-05,2026-05-13,gcrew,noaa_gefs,30,Rain_mm_sum,8,0.699999988079071
gep30,00,2026-05-05,2026-05-13,gcrew,noaa_gefs,30,ShortwaveRadiation_Wm2,8,357.5
gep30,00,2026-05-05,2026-05-13,gcrew,noaa_gefs,30,WindSpeed_ms_mean,8,5.016160868788954
gep30,00,2026-05-05,2026-05-14,gcrew,noaa_gefs,30,AirTemp_C_mean,9,13.323288399832611
gep30,00,2026-05-05,2026-05-14,gcrew,noaa_gefs,30,Pressure_Pa,9,101724.66852678571
gep30,00,2026-05-05,2026-05-14,gcrew,noaa_gefs,30,RH_percent_mean,9,54.3447254725865
gep30,00,2026-05-05,2026-05-14,gcrew,noaa_gefs,30,Rain_mm_sum,9,0
gep30,00,2026-05-05,2026-05-14,gcrew,noaa_gefs,30,ShortwaveRadiation_Wm2,9,409.2857142857143
gep30,00,2026-05-05,2026-05-14,gcrew,noaa_gefs,30,WindSpeed_ms_mean,9,4.204724101810366
gep30,00,2026-05-05,2026-05-15,gcrew,noaa_gefs,30,AirTemp_C_mean,10,13.895341491699241
gep30,00,2026-05-05,2026-05-15,gcrew,noaa_gefs,30,Pressure_Pa,10,101770.98828125
gep30,00,2026-05-05,2026-05-15,gcrew,noaa_gefs,30,RH_percent_mean,10,59.39558792114258
gep30,00,2026-05-05,2026-05-15,gcrew,noaa_gefs,30,Rain_mm_sum,10,0
gep30,00,2026-05-05,2026-05-15,gcrew,noaa_gefs,30,ShortwaveRadiation_Wm2,10,329.5
gep30,00,2026-05-05,2026-05-15,gcrew,noaa_gefs,30,WindSpeed_ms_mean,10,4.301648184988208
gep30,00,2026-05-05,2026-05-16,gcrew,noaa_gefs,30,AirTemp_C_mean,11,12.16132507324221
gep30,00,2026-05-05,2026-05-16,gcrew,noaa_gefs,30,Pressure_Pa,11,101347.048828125
gep30,00,2026-05-05,2026-05-16,gcrew,noaa_gefs,30,RH_percent_mean,11,85.79068565368652
gep30,00,2026-05-05,2026-05-16,gcrew,noaa_gefs,30,Rain_mm_sum,11,3.5000000596046448
gep30,00,2026-05-05,2026-05-16,gcrew,noaa_gefs,30,ShortwaveRadiation_Wm2,11,57.25
gep30,00,2026-05-05,2026-05-16,gcrew,noaa_gefs,30,WindSpeed_ms_mean,11,3.5957713274021446
gep30,00,2026-05-05,2026-05-17,gcrew,noaa_gefs,30,AirTemp_C_mean,12,12.39740905761721
gep30,00,2026-05-05,2026-05-17,gcrew,noaa_gefs,30,Pressure_Pa,12,101498.666015625
gep30,00,2026-05-05,2026-05-17,gcrew,noaa_gefs,30,RH_percent_mean,12,85.35811996459961
gep30,00,2026-05-05,2026-05-17,gcrew,noaa_gefs,30,Rain_mm_sum,12,12.600000239908695
gep30,00,2026-05-05,2026-05-17,gcrew,noaa_gefs,30,ShortwaveRadiation_Wm2,12,68.75
gep30,00,2026-05-05,2026-05-17,gcrew,noaa_gefs,30,WindSpeed_ms_mean,12,4.4423147677144765
gep30,00,2026-05-05,2026-05-18,gcrew,noaa_gefs,30,AirTemp_C_mean,13,12.796853637695335
gep30,00,2026-05-05,2026-05-18,gcrew,noaa_gefs,30,Pressure_Pa,13,102275.958984375
gep30,00,2026-05-05,2026-05-18,gcrew,noaa_gefs,30,RH_percent_mean,13,75.41705131530762
gep30,00,2026-05-05,2026-05-18,gcrew,noaa_gefs,30,Rain_mm_sum,13,3.5000000968575478
gep30,00,2026-05-05,2026-05-18,gcrew,noaa_gefs,30,ShortwaveRadiation_Wm2,13,67.25
gep30,00,2026-05-05,2026-05-18,gcrew,noaa_gefs,30,WindSpeed_ms_mean,13,4.947630717288071
gep30,00,2026-05-05,2026-05-19,gcrew,noaa_gefs,30,AirTemp_C_mean,14,15.980165100097679
gep30,00,2026-05-05,2026-05-19,gcrew,noaa_gefs,30,Pressure_Pa,14,101818.97265625
gep30,00,2026-05-05,2026-05-19,gcrew,noaa_gefs,30,RH_percent_mean,14,94.8867244720459
gep30,00,2026-05-05,2026-05-19,gcrew,noaa_gefs,30,Rain_mm_sum,14,13.600000202655792
gep30,00,2026-05-05,2026-05-19,gcrew,noaa_gefs,30,ShortwaveRadiation_Wm2,14,56.75
gep30,00,2026-05-05,2026-05-19,gcrew,noaa_gefs,30,WindSpeed_ms_mean,14,5.998326923740712
gep30,00,2026-05-05,2026-05-20,gcrew,noaa_gefs,30,AirTemp_C_mean,15,16.34876403808596
gep30,00,2026-05-05,2026-05-20,gcrew,noaa_gefs,30,Pressure_Pa,15,101606.828125
gep30,00,2026-05-05,2026-05-20,gcrew,noaa_gefs,30,RH_percent_mean,15,89.96279335021973
gep30,00,2026-05-05,2026-05-20,gcrew,noaa_gefs,30,Rain_mm_sum,15,0.9000000283122063
gep30,00,2026-05-05,2026-05-20,gcrew,noaa_gefs,30,ShortwaveRadiation_Wm2,15,66.75
gep30,00,2026-05-05,2026-05-20,gcrew,noaa_gefs,30,WindSpeed_ms_mean,15,5.274919119101563
gep30,00,2026-05-05,2026-05-21,gcrew,noaa_gefs,30,AirTemp_C_mean,16,17.079988098144554
gep30,00,2026-05-05,2026-05-21,gcrew,noaa_gefs,30,Pressure_Pa,16,101430.228515625
gep30,00,2026-05-05,2026-05-21,gcrew,noaa_gefs,30,RH_percent_mean,16,92.32025718688965
gep30,00,2026-05-05,2026-05-21,gcrew,noaa_gefs,30,Rain_mm_sum,16,3.6000001206994057
gep30,00,2026-05-05,2026-05-21,gcrew,noaa_gefs,30,ShortwaveRadiation_Wm2,16,134.75
gep30,00,2026-05-05,2026-05-21,gcrew,noaa_gefs,30,WindSpeed_ms_mean,16,4.749984768270614
gep30,00,2026-05-05,2026-05-22,gcrew,noaa_gefs,30,AirTemp_C_mean,17,19.45788726806643
gep30,00,2026-05-05,2026-05-22,gcrew,noaa_gefs,30,Pressure_Pa,17,101787.37109375
gep30,00,2026-05-05,2026-05-22,gcrew,noaa_gefs,30,RH_percent_mean,17,86.58370208740234
gep30,00,2026-05-05,2026-05-22,gcrew,noaa_gefs,30,Rain_mm_sum,17,0.10000000149011612
gep30,00,2026-05-05,2026-05-22,gcrew,noaa_gefs,30,ShortwaveRadiation_Wm2,17,329.5
gep30,00,2026-05-05,2026-05-22,gcrew,noaa_gefs,30,WindSpeed_ms_mean,17,3.421951902917886
gep30,00,2026-05-05,2026-05-23,gcrew,noaa_gefs,30,AirTemp_C_mean,18,19.32135925292971
gep30,00,2026-05-05,2026-05-23,gcrew,noaa_gefs,30,Pressure_Pa,18,102091.19140625
gep30,00,2026-05-05,2026-05-23,gcrew,noaa_gefs,30,RH_percent_mean,18,88.211029052734375
gep30,00,2026-05-05,2026-05-23,gcrew,noaa_gefs,30,Rain_mm_sum,18,0.30000000447034836
gep30,00,2026-05-05,2026-05-23,gcrew,noaa_gefs,30,ShortwaveRadiation_Wm2,18,304
gep30,00,2026-05-05,2026-05-23,gcrew,noaa_gefs,30,WindSpeed_ms_mean,18,2.9632516322381934
gep30,00,2026-05-05,2026-05-24,gcrew,noaa_gefs,30,AirTemp_C_mean,19,19.627183532714866
gep30,00,2026-05-05,2026-05-24,gcrew,noaa_gefs,30,Pressure_Pa,19,102131.763671875
gep30,00,2026-05-05,2026-05-24,gcrew,noaa_gefs,30,RH_percent_mean,19,88.8326587677002
gep30,00,2026-05-05,2026-05-24,gcrew,noaa_gefs,30,Rain_mm_sum,19,0.4000000059604645
gep30,00,2026-05-05,2026-05-24,gcrew,noaa_gefs,30,ShortwaveRadiation_Wm2,19,312.75
gep30,00,2026-05-05,2026-05-24,gcrew,noaa_gefs,30,WindSpeed_ms_mean,19,3.353299723512114
gep30,00,2026-05-05,2026-05-25,gcrew,noaa_gefs,30,AirTemp_C_mean,20,22.220193481445335
gep30,00,2026-05-05,2026-05-25,gcrew,noaa_gefs,30,Pressure_Pa,20,101920.87109375
gep30,00,2026-05-05,2026-05-25,gcrew,noaa_gefs,30,RH_percent_mean,20,80.57049751281738
gep30,00,2026-05-05,2026-05-25,gcrew,noaa_gefs,30,Rain_mm_sum,20,0
gep30,00,2026-05-05,2026-05-25,gcrew,noaa_gefs,30,ShortwaveRadiation_Wm2,20,332
gep30,00,2026-05-05,2026-05-25,gcrew,noaa_gefs,30,WindSpeed_ms_mean,20,2.332214280423385
gep30,00,2026-05-05,2026-05-26,gcrew,noaa_gefs,30,AirTemp_C_mean,21,23.644677734375023
gep30,00,2026-05-05,2026-05-26,gcrew,noaa_gefs,30,Pressure_Pa,21,101732.607421875
gep30,00,2026-05-05,2026-05-26,gcrew,noaa_gefs,30,RH_percent_mean,21,77.47503280639648
gep30,00,2026-05-05,2026-05-26,gcrew,noaa_gefs,30,Rain_mm_sum,21,0.30000000447034836
gep30,00,2026-05-05,2026-05-26,gcrew,noaa_gefs,30,ShortwaveRadiation_Wm2,21,329.75
gep30,00,2026-05-05,2026-05-26,gcrew,noaa_gefs,30,WindSpeed_ms_mean,21,3.7429728329099072
gep30,00,2026-05-05,2026-05-27,gcrew,noaa_gefs,30,AirTemp_C_mean,22,21.092683410644554
gep30,00,2026-05-05,2026-05-27,gcrew,noaa_gefs,30,Pressure_Pa,22,101740.51953125
gep30,00,2026-05-05,2026-05-27,gcrew,noaa_gefs,30,RH_percent_mean,22,84.3672924041748
gep30,00,2026-05-05,2026-05-27,gcrew,noaa_gefs,30,Rain_mm_sum,22,0
gep30,00,2026-05-05,2026-05-27,gcrew,noaa_gefs,30,ShortwaveRadiation_Wm2,22,312.5
gep30,00,2026-05-05,2026-05-27,gcrew,noaa_gefs,30,WindSpeed_ms_mean,22,2.700000293540816
gep30,00,2026-05-05,2026-05-28,gcrew,noaa_gefs,30,AirTemp_C_mean,23,23.88488922119143
gep30,00,2026-05-05,2026-05-28,gcrew,noaa_gefs,30,Pressure_Pa,23,101347.58984375
gep30,00,2026-05-05,2026-05-28,gcrew,noaa_gefs,30,RH_percent_mean,23,75.04574775695801
gep30,00,2026-05-05,2026-05-28,gcrew,noaa_gefs,30,Rain_mm_sum,23,0
gep30,00,2026-05-05,2026-05-28,gcrew,noaa_gefs,30,ShortwaveRadiation_Wm2,23,335.5
gep30,00,2026-05-05,2026-05-28,gcrew,noaa_gefs,30,WindSpeed_ms_mean,23,2.335344468510624
gep30,00,2026-05-05,2026-05-29,gcrew,noaa_gefs,30,AirTemp_C_mean,24,24.74714050292971
gep30,00,2026-05-05,2026-05-29,gcrew,noaa_gefs,30,Pressure_Pa,24,101476.5703125
gep30,00,2026-05-05,2026-05-29,gcrew,noaa_gefs,30,RH_percent_mean,24,72.64131832122803
gep30,00,2026-05-05,2026-05-29,gcrew,noaa_gefs,30,Rain_mm_sum,24,0
gep30,00,2026-05-05,2026-05-29,gcrew,noaa_gefs,30,ShortwaveRadiation_Wm2,24,336
gep30,00,2026-05-05,2026-05-29,gcrew,noaa_gefs,30,WindSpeed_ms_mean,24,1.9586284146796837
gep30,00,2026-05-05,2026-05-30,gcrew,noaa_gefs,30,AirTemp_C_mean,25,24.066796875000023
gep30,00,2026-05-05,2026-05-30,gcrew,noaa_gefs,30,Pressure_Pa,25,101384.1875
gep30,00,2026-05-05,2026-05-30,gcrew,noaa_gefs,30,RH_percent_mean,25,71.36553287506104
gep30,00,2026-05-05,2026-05-30,gcrew,noaa_gefs,30,Rain_mm_sum,25,2.100000001490116
gep30,00,2026-05-05,2026-05-30,gcrew,noaa_gefs,30,ShortwaveRadiation_Wm2,25,336.25
gep30,00,2026-05-05,2026-05-30,gcrew,noaa_gefs,30,WindSpeed_ms_mean,25,2.5700304546198396
gep30,00,2026-05-05,2026-05-31,gcrew,noaa_gefs,30,AirTemp_C_mean,26,20.107537841796898
gep30,00,2026-05-05,2026-05-31,gcrew,noaa_gefs,30,Pressure_Pa,26,101421.41015625
gep30,00,2026-05-05,2026-05-31,gcrew,noaa_gefs,30,RH_percent_mean,26,79.97546768188477
gep30,00,2026-05-05,2026-05-31,gcrew,noaa_gefs,30,Rain_mm_sum,26,7.199999928474426
gep30,00,2026-05-05,2026-05-31,gcrew,noaa_gefs,30,ShortwaveRadiation_Wm2,26,204.5
gep30,00,2026-05-05,2026-05-31,gcrew,noaa_gefs,30,WindSpeed_ms_mean,26,4.440413293057745
gep30,00,2026-05-05,2026-06-01,gcrew,noaa_gefs,30,AirTemp_C_mean,27,18.903489685058616
gep30,00,2026-05-05,2026-06-01,gcrew,noaa_gefs,30,Pressure_Pa,27,101613.822265625
gep30,00,2026-05-05,2026-06-01,gcrew,noaa_gefs,30,RH_percent_mean,27,79.74879264831543
gep30,00,2026-05-05,2026-06-01,gcrew,noaa_gefs,30,Rain_mm_sum,27,0.20000000298023224
gep30,00,2026-05-05,2026-06-01,gcrew,noaa_gefs,30,ShortwaveRadiation_Wm2,27,202
gep30,00,2026-05-05,2026-06-01,gcrew,noaa_gefs,30,WindSpeed_ms_mean,27,2.8618370667271793
gep30,00,2026-05-05,2026-06-02,gcrew,noaa_gefs,30,AirTemp_C_mean,28,23.729150390625023
gep30,00,2026-05-05,2026-06-02,gcrew,noaa_gefs,30,Pressure_Pa,28,101406.4609375
gep30,00,2026-05-05,2026-06-02,gcrew,noaa_gefs,30,RH_percent_mean,28,75.83053302764893
gep30,00,2026-05-05,2026-06-02,gcrew,noaa_gefs,30,Rain_mm_sum,28,4.800000190734863
gep30,00,2026-05-05,2026-06-02,gcrew,noaa_gefs,30,ShortwaveRadiation_Wm2,28,303.25
gep30,00,2026-05-05,2026-06-02,gcrew,noaa_gefs,30,WindSpeed_ms_mean,28,5.180342789756921
gep30,00,2026-05-05,2026-06-03,gcrew,noaa_gefs,30,AirTemp_C_mean,29,22.64240417480471
gep30,00,2026-05-05,2026-06-03,gcrew,noaa_gefs,30,Pressure_Pa,29,101480.6875
gep30,00,2026-05-05,2026-06-03,gcrew,noaa_gefs,30,RH_percent_mean,29,91.867095947265625
gep30,00,2026-05-05,2026-06-03,gcrew,noaa_gefs,30,Rain_mm_sum,29,24.700000166893005
gep30,00,2026-05-05,2026-06-03,gcrew,noaa_gefs,30,ShortwaveRadiation_Wm2,29,176
gep30,00,2026-05-05,2026-06-03,gcrew,noaa_gefs,30,WindSpeed_ms_mean,29,2.8103379804635074
gep30,00,2026-05-05,2026-06-04,gcrew,noaa_gefs,30,AirTemp_C_mean,30,21.24726257324221
gep30,00,2026-05-05,2026-06-04,gcrew,noaa_gefs,30,Pressure_Pa,30,100902.5
gep30,00,2026-05-05,2026-06-04,gcrew,noaa_gefs,30,RH_percent_mean,30,94.49777412414551
gep30,00,2026-05-05,2026-06-04,gcrew,noaa_gefs,30,Rain_mm_sum,30,15.800000429153442
gep30,00,2026-05-05,2026-06-04,gcrew,noaa_gefs,30,ShortwaveRadiation_Wm2,30,96
gep30,00,2026-05-05,2026-06-04,gcrew,noaa_gefs,30,WindSpeed_ms_mean,30,3.624733268214592
gep30,00,2026-05-05,2026-06-05,gcrew,noaa_gefs,30,AirTemp_C_mean,31,17.98151550292971
gep30,00,2026-05-05,2026-06-05,gcrew,noaa_gefs,30,Pressure_Pa,31,101233.8671875
gep30,00,2026-05-05,2026-06-05,gcrew,noaa_gefs,30,RH_percent_mean,31,85.09179496765137
gep30,00,2026-05-05,2026-06-05,gcrew,noaa_gefs,30,Rain_mm_sum,31,0
gep30,00,2026-05-05,2026-06-05,gcrew,noaa_gefs,30,ShortwaveRadiation_Wm2,31,204
gep30,00,2026-05-05,2026-06-05,gcrew,noaa_gefs,30,WindSpeed_ms_mean,31,3.6137171777527146
gep30,00,2026-05-05,2026-06-06,gcrew,noaa_gefs,30,AirTemp_C_mean,32,18.68531188964846
gep30,00,2026-05-05,2026-06-06,gcrew,noaa_gefs,30,Pressure_Pa,32,101418.689453125
gep30,00,2026-05-05,2026-06-06,gcrew,noaa_gefs,30,RH_percent_mean,32,90.20104598999023
gep30,00,2026-05-05,2026-06-06,gcrew,noaa_gefs,30,Rain_mm_sum,32,0.30000000447034836
gep30,00,2026-05-05,2026-06-06,gcrew,noaa_gefs,30,ShortwaveRadiation_Wm2,32,107.25
gep30,00,2026-05-05,2026-06-06,gcrew,noaa_gefs,30,WindSpeed_ms_mean,32,3.7730996520469398
gep30,00,2026-05-05,2026-06-07,gcrew,noaa_gefs,30,AirTemp_C_mean,33,24.139627075195335
gep30,00,2026-05-05,2026-06-07,gcrew,noaa_gefs,30,Pressure_Pa,33,100801.1328125
gep30,00,2026-05-05,2026-06-07,gcrew,noaa_gefs,30,RH_percent_mean,33,81.9941577911377
gep30,00,2026-05-05,2026-06-07,gcrew,noaa_gefs,30,Rain_mm_sum,33,12.999999798834324
gep30,00,2026-05-05,2026-06-07,gcrew,noaa_gefs,30,ShortwaveRadiation_Wm2,33,304.5
gep30,00,2026-05-05,2026-06-07,gcrew,noaa_gefs,30,WindSpeed_ms_mean,33,5.214782697026351
gep30,00,2026-05-05,2026-06-08,gcrew,noaa_gefs,30,AirTemp_C_mean,34,26.755662536621116
gep30,00,2026-05-05,2026-06-08,gcrew,noaa_gefs,30,Pressure_Pa,34,100443.1796875
gep30,00,2026-05-05,2026-06-08,gcrew,noaa_gefs,30,RH_percent_mean,34,68.95762729644775
gep30,00,2026-05-05,2026-06-08,gcrew,noaa_gefs,30,Rain_mm_sum,34,0.4000000134110451
gep30,00,2026-05-05,2026-06-08,gcrew,noaa_gefs,30,ShortwaveRadiation_Wm2,34,343
gep30,00,2026-05-05,2026-06-08,gcrew,noaa_gefs,30,WindSpeed_ms_mean,34,4.0934983365823845
