ensemble,cycle,reference_datetime,datetime,site_id,model_id,parameter,variable,horizon,prediction
gec00,00,2026-02-19,2026-02-20,gcrew,noaa_gefs,00,AirTemp_C_mean,1,8.60019454956057
gec00,00,2026-02-19,2026-02-20,gcrew,noaa_gefs,00,Pressure_Pa,1,100529.837890625
gec00,00,2026-02-19,2026-02-20,gcrew,noaa_gefs,00,RH_percent_mean,1,84.13147974014282
gec00,00,2026-02-19,2026-02-20,gcrew,noaa_gefs,00,Rain_mm_sum,1,7.229999907314777
gec00,00,2026-02-19,2026-02-20,gcrew,noaa_gefs,00,ShortwaveRadiation_Wm2,1,90
gec00,00,2026-02-19,2026-02-20,gcrew,noaa_gefs,00,WindSpeed_ms_mean,1,5.327480968436972
gec00,00,2026-02-19,2026-02-21,gcrew,noaa_gefs,00,AirTemp_C_mean,2,4.957093811035179
gec00,00,2026-02-19,2026-02-21,gcrew,noaa_gefs,00,Pressure_Pa,2,101362.1162109375
gec00,00,2026-02-19,2026-02-21,gcrew,noaa_gefs,00,RH_percent_mean,2,67.61050748825073
gec00,00,2026-02-19,2026-02-21,gcrew,noaa_gefs,00,Rain_mm_sum,2,0.009999999776482582
gec00,00,2026-02-19,2026-02-21,gcrew,noaa_gefs,00,ShortwaveRadiation_Wm2,2,157.375
gec00,00,2026-02-19,2026-02-21,gcrew,noaa_gefs,00,WindSpeed_ms_mean,2,2.796669875085554
gec00,00,2026-02-19,2026-02-22,gcrew,noaa_gefs,00,AirTemp_C_mean,3,1.7196746826172102
gec00,00,2026-02-19,2026-02-22,gcrew,noaa_gefs,00,Pressure_Pa,3,101743.5
gec00,00,2026-02-19,2026-02-22,gcrew,noaa_gefs,00,RH_percent_mean,3,72.97090816497803
gec00,00,2026-02-19,2026-02-22,gcrew,noaa_gefs,00,Rain_mm_sum,3,0.10000000149011612
gec00,00,2026-02-19,2026-02-22,gcrew,noaa_gefs,00,ShortwaveRadiation_Wm2,3,141.625
gec00,00,2026-02-19,2026-02-22,gcrew,noaa_gefs,00,WindSpeed_ms_mean,3,2.597666670204664
gec00,00,2026-02-19,2026-02-23,gcrew,noaa_gefs,00,AirTemp_C_mean,4,0.5413490295410384
gec00,00,2026-02-19,2026-02-23,gcrew,noaa_gefs,00,Pressure_Pa,4,101336.916015625
gec00,00,2026-02-19,2026-02-23,gcrew,noaa_gefs,00,RH_percent_mean,4,88.30583763122559
gec00,00,2026-02-19,2026-02-23,gcrew,noaa_gefs,00,Rain_mm_sum,4,6.400000065565109
gec00,00,2026-02-19,2026-02-23,gcrew,noaa_gefs,00,ShortwaveRadiation_Wm2,4,97.75
gec00,00,2026-02-19,2026-02-23,gcrew,noaa_gefs,00,WindSpeed_ms_mean,4,5.788296822041432
gec00,00,2026-02-19,2026-02-24,gcrew,noaa_gefs,00,AirTemp_C_mean,5,0.5290084838867415
gec00,00,2026-02-19,2026-02-24,gcrew,noaa_gefs,00,Pressure_Pa,5,101826.7109375
gec00,00,2026-02-19,2026-02-24,gcrew,noaa_gefs,00,RH_percent_mean,5,67.53751993179321
gec00,00,2026-02-19,2026-02-24,gcrew,noaa_gefs,00,Rain_mm_sum,5,0.10000000149011612
gec00,00,2026-02-19,2026-02-24,gcrew,noaa_gefs,00,ShortwaveRadiation_Wm2,5,205.75
gec00,00,2026-02-19,2026-02-24,gcrew,noaa_gefs,00,WindSpeed_ms_mean,5,4.922516373996911
gec00,00,2026-02-19,2026-02-25,gcrew,noaa_gefs,00,AirTemp_C_mean,6,4.261026000976585
gec00,00,2026-02-19,2026-02-25,gcrew,noaa_gefs,00,Pressure_Pa,6,101437.8994140625
gec00,00,2026-02-19,2026-02-25,gcrew,noaa_gefs,00,RH_percent_mean,6,64.63713264465332
gec00,00,2026-02-19,2026-02-25,gcrew,noaa_gefs,00,Rain_mm_sum,6,0.5000000149011612
gec00,00,2026-02-19,2026-02-25,gcrew,noaa_gefs,00,ShortwaveRadiation_Wm2,6,123.375
gec00,00,2026-02-19,2026-02-25,gcrew,noaa_gefs,00,WindSpeed_ms_mean,6,4.7829481823237945
gec00,00,2026-02-19,2026-02-26,gcrew,noaa_gefs,00,AirTemp_C_mean,7,7.054109191894554
gec00,00,2026-02-19,2026-02-26,gcrew,noaa_gefs,00,Pressure_Pa,7,101322.2197265625
gec00,00,2026-02-19,2026-02-26,gcrew,noaa_gefs,00,RH_percent_mean,7,73.60764694213867
gec00,00,2026-02-19,2026-02-26,gcrew,noaa_gefs,00,Rain_mm_sum,7,1.6900000274181366
gec00,00,2026-02-19,2026-02-26,gcrew,noaa_gefs,00,ShortwaveRadiation_Wm2,7,169.75
gec00,00,2026-02-19,2026-02-26,gcrew,noaa_gefs,00,WindSpeed_ms_mean,7,4.3598277703380175
gec00,00,2026-02-19,2026-02-27,gcrew,noaa_gefs,00,AirTemp_C_mean,8,2.5398727416992415
gec00,00,2026-02-19,2026-02-27,gcrew,noaa_gefs,00,Pressure_Pa,8,101330.2099609375
gec00,00,2026-02-19,2026-02-27,gcrew,noaa_gefs,00,RH_percent_mean,8,90.59297943115234
gec00,00,2026-02-19,2026-02-27,gcrew,noaa_gefs,00,Rain_mm_sum,8,41.3899998255074
gec00,00,2026-02-19,2026-02-27,gcrew,noaa_gefs,00,ShortwaveRadiation_Wm2,8,16.875
gec00,00,2026-02-19,2026-02-27,gcrew,noaa_gefs,00,WindSpeed_ms_mean,8,3.173158734850934
gec00,00,2026-02-19,2026-02-28,gcrew,noaa_gefs,00,AirTemp_C_mean,9,6.081576102120558
gec00,00,2026-02-19,2026-02-28,gcrew,noaa_gefs,00,Pressure_Pa,9,100991.2890625
gec00,00,2026-02-19,2026-02-28,gcrew,noaa_gefs,00,RH_percent_mean,9,89.50826699393136
gec00,00,2026-02-19,2026-02-28,gcrew,noaa_gefs,00,Rain_mm_sum,9,6.939999997615814
gec00,00,2026-02-19,2026-02-28,gcrew,noaa_gefs,00,ShortwaveRadiation_Wm2,9,198.71428571428572
gec00,00,2026-02-19,2026-02-28,gcrew,noaa_gefs,00,WindSpeed_ms_mean,9,2.371464473414071
gec00,00,2026-02-19,2026-03-01,gcrew,noaa_gefs,00,AirTemp_C_mean,10,3.9153381347656477
gec00,00,2026-02-19,2026-03-01,gcrew,noaa_gefs,00,Pressure_Pa,10,102000.736328125
gec00,00,2026-02-19,2026-03-01,gcrew,noaa_gefs,00,RH_percent_mean,10,64.10819625854492
gec00,00,2026-02-19,2026-03-01,gcrew,noaa_gefs,00,Rain_mm_sum,10,0
gec00,00,2026-02-19,2026-03-01,gcrew,noaa_gefs,00,ShortwaveRadiation_Wm2,10,214
gec00,00,2026-02-19,2026-03-01,gcrew,noaa_gefs,00,WindSpeed_ms_mean,10,3.7106248775369783
gec00,00,2026-02-19,2026-03-02,gcrew,noaa_gefs,00,AirTemp_C_mean,11,2.6448913574218977
gec00,00,2026-02-19,2026-03-02,gcrew,noaa_gefs,00,Pressure_Pa,11,101992.7734375
gec00,00,2026-02-19,2026-03-02,gcrew,noaa_gefs,00,RH_percent_mean,11,80.4185619354248
gec00,00,2026-02-19,2026-03-02,gcrew,noaa_gefs,00,Rain_mm_sum,11,1.7000000327825546
gec00,00,2026-02-19,2026-03-02,gcrew,noaa_gefs,00,ShortwaveRadiation_Wm2,11,22.5
gec00,00,2026-02-19,2026-03-02,gcrew,noaa_gefs,00,WindSpeed_ms_mean,11,3.8287651590698437
gec00,00,2026-02-19,2026-03-03,gcrew,noaa_gefs,00,AirTemp_C_mean,12,13.411950683593773
gec00,00,2026-02-19,2026-03-03,gcrew,noaa_gefs,00,Pressure_Pa,12,101091.162109375
gec00,00,2026-02-19,2026-03-03,gcrew,noaa_gefs,00,RH_percent_mean,12,90.47667694091797
gec00,00,2026-02-19,2026-03-03,gcrew,noaa_gefs,00,Rain_mm_sum,12,3.1000000834465027
gec00,00,2026-02-19,2026-03-03,gcrew,noaa_gefs,00,ShortwaveRadiation_Wm2,12,146
gec00,00,2026-02-19,2026-03-03,gcrew,noaa_gefs,00,WindSpeed_ms_mean,12,5.012968706083463
gec00,00,2026-02-19,2026-03-04,gcrew,noaa_gefs,00,AirTemp_C_mean,13,8.065553283691429
gec00,00,2026-02-19,2026-03-04,gcrew,noaa_gefs,00,Pressure_Pa,13,102178.892578125
gec00,00,2026-02-19,2026-03-04,gcrew,noaa_gefs,00,RH_percent_mean,13,90.09021759033203
gec00,00,2026-02-19,2026-03-04,gcrew,noaa_gefs,00,Rain_mm_sum,13,6.300000101327896
gec00,00,2026-02-19,2026-03-04,gcrew,noaa_gefs,00,ShortwaveRadiation_Wm2,13,25
gec00,00,2026-02-19,2026-03-04,gcrew,noaa_gefs,00,WindSpeed_ms_mean,13,3.9570483623648522
gec00,00,2026-02-19,2026-03-05,gcrew,noaa_gefs,00,AirTemp_C_mean,14,12.227571105957054
gec00,00,2026-02-19,2026-03-05,gcrew,noaa_gefs,00,Pressure_Pa,14,101463.474609375
gec00,00,2026-02-19,2026-03-05,gcrew,noaa_gefs,00,RH_percent_mean,14,91.76033973693848
gec00,00,2026-02-19,2026-03-05,gcrew,noaa_gefs,00,Rain_mm_sum,14,2.4999999925494194
gec00,00,2026-02-19,2026-03-05,gcrew,noaa_gefs,00,ShortwaveRadiation_Wm2,14,89.75
gec00,00,2026-02-19,2026-03-05,gcrew,noaa_gefs,00,WindSpeed_ms_mean,14,6.039026367710616
gec00,00,2026-02-19,2026-03-06,gcrew,noaa_gefs,00,AirTemp_C_mean,15,0.883576965332054
gec00,00,2026-02-19,2026-03-06,gcrew,noaa_gefs,00,Pressure_Pa,15,101621.16796875
gec00,00,2026-02-19,2026-03-06,gcrew,noaa_gefs,00,RH_percent_mean,15,92.8342227935791
gec00,00,2026-02-19,2026-03-06,gcrew,noaa_gefs,00,Rain_mm_sum,15,37.30000019073486
gec00,00,2026-02-19,2026-03-06,gcrew,noaa_gefs,00,ShortwaveRadiation_Wm2,15,17.5
gec00,00,2026-02-19,2026-03-06,gcrew,noaa_gefs,00,WindSpeed_ms_mean,15,6.799946731139411
gec00,00,2026-02-19,2026-03-07,gcrew,noaa_gefs,00,AirTemp_C_mean,16,-1.2620071411132585
gec00,00,2026-02-19,2026-03-07,gcrew,noaa_gefs,00,Pressure_Pa,16,102783.318359375
gec00,00,2026-02-19,2026-03-07,gcrew,noaa_gefs,00,RH_percent_mean,16,79.86228942871094
gec00,00,2026-02-19,2026-03-07,gcrew,noaa_gefs,00,Rain_mm_sum,16,0
gec00,00,2026-02-19,2026-03-07,gcrew,noaa_gefs,00,ShortwaveRadiation_Wm2,16,231.5
gec00,00,2026-02-19,2026-03-07,gcrew,noaa_gefs,00,WindSpeed_ms_mean,16,3.336420955691156
gec00,00,2026-02-19,2026-03-08,gcrew,noaa_gefs,00,AirTemp_C_mean,17,2.6822448730468977
gec00,00,2026-02-19,2026-03-08,gcrew,noaa_gefs,00,Pressure_Pa,17,102794.392578125
gec00,00,2026-02-19,2026-03-08,gcrew,noaa_gefs,00,RH_percent_mean,17,80.685150146484375
gec00,00,2026-02-19,2026-03-08,gcrew,noaa_gefs,00,Rain_mm_sum,17,0
gec00,00,2026-02-19,2026-03-08,gcrew,noaa_gefs,00,ShortwaveRadiation_Wm2,17,218.75
gec00,00,2026-02-19,2026-03-08,gcrew,noaa_gefs,00,WindSpeed_ms_mean,17,2.011765155426912
gec00,00,2026-02-19,2026-03-09,gcrew,noaa_gefs,00,AirTemp_C_mean,18,2.2363754272461165
gec00,00,2026-02-19,2026-03-09,gcrew,noaa_gefs,00,Pressure_Pa,18,102708.865234375
gec00,00,2026-02-19,2026-03-09,gcrew,noaa_gefs,00,RH_percent_mean,18,88.49076080322266
gec00,00,2026-02-19,2026-03-09,gcrew,noaa_gefs,00,Rain_mm_sum,18,0
gec00,00,2026-02-19,2026-03-09,gcrew,noaa_gefs,00,ShortwaveRadiation_Wm2,18,190.5
gec00,00,2026-02-19,2026-03-09,gcrew,noaa_gefs,00,WindSpeed_ms_mean,18,2.926777667971675
gec00,00,2026-02-19,2026-03-10,gcrew,noaa_gefs,00,AirTemp_C_mean,19,3.077027893066429
gec00,00,2026-02-19,2026-03-10,gcrew,noaa_gefs,00,Pressure_Pa,19,101449.376953125
gec00,00,2026-02-19,2026-03-10,gcrew,noaa_gefs,00,RH_percent_mean,19,97.0867977142334
gec00,00,2026-02-19,2026-03-10,gcrew,noaa_gefs,00,Rain_mm_sum,19,20.30000078678131
gec00,00,2026-02-19,2026-03-10,gcrew,noaa_gefs,00,ShortwaveRadiation_Wm2,19,12.25
gec00,00,2026-02-19,2026-03-10,gcrew,noaa_gefs,00,WindSpeed_ms_mean,19,2.16738045229572
gec00,00,2026-02-19,2026-03-11,gcrew,noaa_gefs,00,AirTemp_C_mean,20,2.4423767089843977
gec00,00,2026-02-19,2026-03-11,gcrew,noaa_gefs,00,Pressure_Pa,20,101607.31640625
gec00,00,2026-02-19,2026-03-11,gcrew,noaa_gefs,00,RH_percent_mean,20,73.54477119445801
gec00,00,2026-02-19,2026-03-11,gcrew,noaa_gefs,00,Rain_mm_sum,20,0
gec00,00,2026-02-19,2026-03-11,gcrew,noaa_gefs,00,ShortwaveRadiation_Wm2,20,216.25
gec00,00,2026-02-19,2026-03-11,gcrew,noaa_gefs,00,WindSpeed_ms_mean,20,3.965489202739927
gec00,00,2026-02-19,2026-03-12,gcrew,noaa_gefs,00,AirTemp_C_mean,21,5.346345520019554
gec00,00,2026-02-19,2026-03-12,gcrew,noaa_gefs,00,Pressure_Pa,21,101774.470703125
gec00,00,2026-02-19,2026-03-12,gcrew,noaa_gefs,00,RH_percent_mean,21,70.26903629302979
gec00,00,2026-02-19,2026-03-12,gcrew,noaa_gefs,00,Rain_mm_sum,21,0
gec00,00,2026-02-19,2026-03-12,gcrew,noaa_gefs,00,ShortwaveRadiation_Wm2,21,234.5
gec00,00,2026-02-19,2026-03-12,gcrew,noaa_gefs,00,WindSpeed_ms_mean,21,4.989251373860443
gec00,00,2026-02-19,2026-03-13,gcrew,noaa_gefs,00,AirTemp_C_mean,22,0.404817199707054
gec00,00,2026-02-19,2026-03-13,gcrew,noaa_gefs,00,Pressure_Pa,22,103084.677734375
gec00,00,2026-02-19,2026-03-13,gcrew,noaa_gefs,00,RH_percent_mean,22,59.94519805908203
gec00,00,2026-02-19,2026-03-13,gcrew,noaa_gefs,00,Rain_mm_sum,22,0
gec00,00,2026-02-19,2026-03-13,gcrew,noaa_gefs,00,ShortwaveRadiation_Wm2,22,246.75
gec00,00,2026-02-19,2026-03-13,gcrew,noaa_gefs,00,WindSpeed_ms_mean,22,3.9252923447424357
gec00,00,2026-02-19,2026-03-14,gcrew,noaa_gefs,00,AirTemp_C_mean,23,2.2103439331054915
gec00,00,2026-02-19,2026-03-14,gcrew,noaa_gefs,00,Pressure_Pa,23,103257.919921875
gec00,00,2026-02-19,2026-03-14,gcrew,noaa_gefs,00,RH_percent_mean,23,65.69925880432129
gec00,00,2026-02-19,2026-03-14,gcrew,noaa_gefs,00,Rain_mm_sum,23,0
gec00,00,2026-02-19,2026-03-14,gcrew,noaa_gefs,00,ShortwaveRadiation_Wm2,23,192.25
gec00,00,2026-02-19,2026-03-14,gcrew,noaa_gefs,00,WindSpeed_ms_mean,23,3.0252771415459634
gec00,00,2026-02-19,2026-03-15,gcrew,noaa_gefs,00,AirTemp_C_mean,24,4.8394332885742415
gec00,00,2026-02-19,2026-03-15,gcrew,noaa_gefs,00,Pressure_Pa,24,102069.697265625
gec00,00,2026-02-19,2026-03-15,gcrew,noaa_gefs,00,RH_percent_mean,24,91.6884937286377
gec00,00,2026-02-19,2026-03-15,gcrew,noaa_gefs,00,Rain_mm_sum,24,6.8000001311302185
gec00,00,2026-02-19,2026-03-15,gcrew,noaa_gefs,00,ShortwaveRadiation_Wm2,24,9.75
gec00,00,2026-02-19,2026-03-15,gcrew,noaa_gefs,00,WindSpeed_ms_mean,24,4.914185923582207
gec00,00,2026-02-19,2026-03-16,gcrew,noaa_gefs,00,AirTemp_C_mean,25,6.88092956542971
gec00,00,2026-02-19,2026-03-16,gcrew,noaa_gefs,00,Pressure_Pa,25,100852.091796875
gec00,00,2026-02-19,2026-03-16,gcrew,noaa_gefs,00,RH_percent_mean,25,93.64601707458496
gec00,00,2026-02-19,2026-03-16,gcrew,noaa_gefs,00,Rain_mm_sum,25,0.10000000149011612
gec00,00,2026-02-19,2026-03-16,gcrew,noaa_gefs,00,ShortwaveRadiation_Wm2,25,137
gec00,00,2026-02-19,2026-03-16,gcrew,noaa_gefs,00,WindSpeed_ms_mean,25,2.385226343506775
gec00,00,2026-02-19,2026-03-17,gcrew,noaa_gefs,00,AirTemp_C_mean,26,8.267533874511741
gec00,00,2026-02-19,2026-03-17,gcrew,noaa_gefs,00,Pressure_Pa,26,100826.765625
gec00,00,2026-02-19,2026-03-17,gcrew,noaa_gefs,00,RH_percent_mean,26,91.60923194885254
gec00,00,2026-02-19,2026-03-17,gcrew,noaa_gefs,00,Rain_mm_sum,26,0
gec00,00,2026-02-19,2026-03-17,gcrew,noaa_gefs,00,ShortwaveRadiation_Wm2,26,223.75
gec00,00,2026-02-19,2026-03-17,gcrew,noaa_gefs,00,WindSpeed_ms_mean,26,2.241015530837425
gec00,00,2026-02-19,2026-03-18,gcrew,noaa_gefs,00,AirTemp_C_mean,27,11.309526062011741
gec00,00,2026-02-19,2026-03-18,gcrew,noaa_gefs,00,Pressure_Pa,27,100366.421875
gec00,00,2026-02-19,2026-03-18,gcrew,noaa_gefs,00,RH_percent_mean,27,80.98326683044434
gec00,00,2026-02-19,2026-03-18,gcrew,noaa_gefs,00,Rain_mm_sum,27,3.8000001087784767
gec00,00,2026-02-19,2026-03-18,gcrew,noaa_gefs,00,ShortwaveRadiation_Wm2,27,206
gec00,00,2026-02-19,2026-03-18,gcrew,noaa_gefs,00,WindSpeed_ms_mean,27,4.913507346762998
gec00,00,2026-02-19,2026-03-19,gcrew,noaa_gefs,00,AirTemp_C_mean,28,9.271661376953148
gec00,00,2026-02-19,2026-03-19,gcrew,noaa_gefs,00,Pressure_Pa,28,100716.333984375
gec00,00,2026-02-19,2026-03-19,gcrew,noaa_gefs,00,RH_percent_mean,28,78.55448150634766
gec00,00,2026-02-19,2026-03-19,gcrew,noaa_gefs,00,Rain_mm_sum,28,0.20000000298023224
gec00,00,2026-02-19,2026-03-19,gcrew,noaa_gefs,00,ShortwaveRadiation_Wm2,28,176
gec00,00,2026-02-19,2026-03-19,gcrew,noaa_gefs,00,WindSpeed_ms_mean,28,3.502768919064772
gec00,00,2026-02-19,2026-03-20,gcrew,noaa_gefs,00,AirTemp_C_mean,29,7.4639755249023665
gec00,00,2026-02-19,2026-03-20,gcrew,noaa_gefs,00,Pressure_Pa,29,101721.220703125
gec00,00,2026-02-19,2026-03-20,gcrew,noaa_gefs,00,RH_percent_mean,29,84.32945442199707
gec00,00,2026-02-19,2026-03-20,gcrew,noaa_gefs,00,Rain_mm_sum,29,0
gec00,00,2026-02-19,2026-03-20,gcrew,noaa_gefs,00,ShortwaveRadiation_Wm2,29,225.25
gec00,00,2026-02-19,2026-03-20,gcrew,noaa_gefs,00,WindSpeed_ms_mean,29,2.4857486906504604
gec00,00,2026-02-19,2026-03-21,gcrew,noaa_gefs,00,AirTemp_C_mean,30,5.514649963378929
gec00,00,2026-02-19,2026-03-21,gcrew,noaa_gefs,00,Pressure_Pa,30,102508.27734375
gec00,00,2026-02-19,2026-03-21,gcrew,noaa_gefs,00,RH_percent_mean,30,93.17456245422363
gec00,00,2026-02-19,2026-03-21,gcrew,noaa_gefs,00,Rain_mm_sum,30,0
gec00,00,2026-02-19,2026-03-21,gcrew,noaa_gefs,00,ShortwaveRadiation_Wm2,30,231
gec00,00,2026-02-19,2026-03-21,gcrew,noaa_gefs,00,WindSpeed_ms_mean,30,3.478610201477239
gec00,00,2026-02-19,2026-03-22,gcrew,noaa_gefs,00,AirTemp_C_mean,31,8.427484130859398
gec00,00,2026-02-19,2026-03-22,gcrew,noaa_gefs,00,Pressure_Pa,31,101537.609375
gec00,00,2026-02-19,2026-03-22,gcrew,noaa_gefs,00,RH_percent_mean,31,90.99308013916016
gec00,00,2026-02-19,2026-03-22,gcrew,noaa_gefs,00,Rain_mm_sum,31,0
gec00,00,2026-02-19,2026-03-22,gcrew,noaa_gefs,00,ShortwaveRadiation_Wm2,31,169
gec00,00,2026-02-19,2026-03-22,gcrew,noaa_gefs,00,WindSpeed_ms_mean,31,7.184195750232049
gec00,00,2026-02-19,2026-03-23,gcrew,noaa_gefs,00,AirTemp_C_mean,32,8.768609619140648
gec00,00,2026-02-19,2026-03-23,gcrew,noaa_gefs,00,Pressure_Pa,32,100650.3046875
gec00,00,2026-02-19,2026-03-23,gcrew,noaa_gefs,00,RH_percent_mean,32,58.10695171356201
gec00,00,2026-02-19,2026-03-23,gcrew,noaa_gefs,00,Rain_mm_sum,32,1.3000000715255737
gec00,00,2026-02-19,2026-03-23,gcrew,noaa_gefs,00,ShortwaveRadiation_Wm2,32,266
gec00,00,2026-02-19,2026-03-23,gcrew,noaa_gefs,00,WindSpeed_ms_mean,32,7.9327389792356415
gec00,00,2026-02-19,2026-03-24,gcrew,noaa_gefs,00,AirTemp_C_mean,33,4.568719482421898
gec00,00,2026-02-19,2026-03-24,gcrew,noaa_gefs,00,Pressure_Pa,33,101528.60546875
gec00,00,2026-02-19,2026-03-24,gcrew,noaa_gefs,00,RH_percent_mean,33,52.18817710876465
gec00,00,2026-02-19,2026-03-24,gcrew,noaa_gefs,00,Rain_mm_sum,33,0
gec00,00,2026-02-19,2026-03-24,gcrew,noaa_gefs,00,ShortwaveRadiation_Wm2,33,271.25
gec00,00,2026-02-19,2026-03-24,gcrew,noaa_gefs,00,WindSpeed_ms_mean,33,5.0208112518813515
gec00,00,2026-02-19,2026-03-25,gcrew,noaa_gefs,00,AirTemp_C_mean,34,4.424745178222679
gec00,00,2026-02-19,2026-03-25,gcrew,noaa_gefs,00,Pressure_Pa,34,100896.943359375
gec00,00,2026-02-19,2026-03-25,gcrew,noaa_gefs,00,RH_percent_mean,34,73.10336017608643
gec00,00,2026-02-19,2026-03-25,gcrew,noaa_gefs,00,Rain_mm_sum,34,0.699999988079071
gec00,00,2026-02-19,2026-03-25,gcrew,noaa_gefs,00,ShortwaveRadiation_Wm2,34,168.25
gec00,00,2026-02-19,2026-03-25,gcrew,noaa_gefs,00,WindSpeed_ms_mean,34,3.448319475494018
gep01,00,2026-02-19,2026-02-20,gcrew,noaa_gefs,01,AirTemp_C_mean,1,8.60019454956057
gep01,00,2026-02-19,2026-02-20,gcrew,noaa_gefs,01,Pressure_Pa,1,100529.837890625
gep01,00,2026-02-19,2026-02-20,gcrew,noaa_gefs,01,RH_percent_mean,1,84.13147974014282
gep01,00,2026-02-19,2026-02-20,gcrew,noaa_gefs,01,Rain_mm_sum,1,7.229999907314777
gep01,00,2026-02-19,2026-02-20,gcrew,noaa_gefs,01,ShortwaveRadiation_Wm2,1,90
gep01,00,2026-02-19,2026-02-20,gcrew,noaa_gefs,01,WindSpeed_ms_mean,1,5.327480968436972
gep01,00,2026-02-19,2026-02-21,gcrew,noaa_gefs,01,AirTemp_C_mean,2,4.957093811035179
gep01,00,2026-02-19,2026-02-21,gcrew,noaa_gefs,01,Pressure_Pa,2,101362.1162109375
gep01,00,2026-02-19,2026-02-21,gcrew,noaa_gefs,01,RH_percent_mean,2,67.61050748825073
gep01,00,2026-02-19,2026-02-21,gcrew,noaa_gefs,01,Rain_mm_sum,2,0.009999999776482582
gep01,00,2026-02-19,2026-02-21,gcrew,noaa_gefs,01,ShortwaveRadiation_Wm2,2,157.375
gep01,00,2026-02-19,2026-02-21,gcrew,noaa_gefs,01,WindSpeed_ms_mean,2,2.796669875085554
gep01,00,2026-02-19,2026-02-22,gcrew,noaa_gefs,01,AirTemp_C_mean,3,1.7196746826172102
gep01,00,2026-02-19,2026-02-22,gcrew,noaa_gefs,01,Pressure_Pa,3,101743.5
gep01,00,2026-02-19,2026-02-22,gcrew,noaa_gefs,01,RH_percent_mean,3,72.97090816497803
gep01,00,2026-02-19,2026-02-22,gcrew,noaa_gefs,01,Rain_mm_sum,3,0.10000000149011612
gep01,00,2026-02-19,2026-02-22,gcrew,noaa_gefs,01,ShortwaveRadiation_Wm2,3,141.625
gep01,00,2026-02-19,2026-02-22,gcrew,noaa_gefs,01,WindSpeed_ms_mean,3,2.597666670204664
gep01,00,2026-02-19,2026-02-23,gcrew,noaa_gefs,01,AirTemp_C_mean,4,0.5413490295410384
gep01,00,2026-02-19,2026-02-23,gcrew,noaa_gefs,01,Pressure_Pa,4,101336.916015625
gep01,00,2026-02-19,2026-02-23,gcrew,noaa_gefs,01,RH_percent_mean,4,88.30583763122559
gep01,00,2026-02-19,2026-02-23,gcrew,noaa_gefs,01,Rain_mm_sum,4,6.400000065565109
gep01,00,2026-02-19,2026-02-23,gcrew,noaa_gefs,01,ShortwaveRadiation_Wm2,4,97.75
gep01,00,2026-02-19,2026-02-23,gcrew,noaa_gefs,01,WindSpeed_ms_mean,4,5.788296822041432
gep01,00,2026-02-19,2026-02-24,gcrew,noaa_gefs,01,AirTemp_C_mean,5,0.5290084838867415
gep01,00,2026-02-19,2026-02-24,gcrew,noaa_gefs,01,Pressure_Pa,5,101826.7109375
gep01,00,2026-02-19,2026-02-24,gcrew,noaa_gefs,01,RH_percent_mean,5,67.53751993179321
gep01,00,2026-02-19,2026-02-24,gcrew,noaa_gefs,01,Rain_mm_sum,5,0.10000000149011612
gep01,00,2026-02-19,2026-02-24,gcrew,noaa_gefs,01,ShortwaveRadiation_Wm2,5,205.75
gep01,00,2026-02-19,2026-02-24,gcrew,noaa_gefs,01,WindSpeed_ms_mean,5,4.922516373996911
gep01,00,2026-02-19,2026-02-25,gcrew,noaa_gefs,01,AirTemp_C_mean,6,4.261026000976585
gep01,00,2026-02-19,2026-02-25,gcrew,noaa_gefs,01,Pressure_Pa,6,101437.8994140625
gep01,00,2026-02-19,2026-02-25,gcrew,noaa_gefs,01,RH_percent_mean,6,64.63713264465332
gep01,00,2026-02-19,2026-02-25,gcrew,noaa_gefs,01,Rain_mm_sum,6,0.5000000149011612
gep01,00,2026-02-19,2026-02-25,gcrew,noaa_gefs,01,ShortwaveRadiation_Wm2,6,123.375
gep01,00,2026-02-19,2026-02-25,gcrew,noaa_gefs,01,WindSpeed_ms_mean,6,4.7829481823237945
gep01,00,2026-02-19,2026-02-26,gcrew,noaa_gefs,01,AirTemp_C_mean,7,7.054109191894554
gep01,00,2026-02-19,2026-02-26,gcrew,noaa_gefs,01,Pressure_Pa,7,101322.2197265625
gep01,00,2026-02-19,2026-02-26,gcrew,noaa_gefs,01,RH_percent_mean,7,73.60764694213867
gep01,00,2026-02-19,2026-02-26,gcrew,noaa_gefs,01,Rain_mm_sum,7,1.6900000274181366
gep01,00,2026-02-19,2026-02-26,gcrew,noaa_gefs,01,ShortwaveRadiation_Wm2,7,169.75
gep01,00,2026-02-19,2026-02-26,gcrew,noaa_gefs,01,WindSpeed_ms_mean,7,4.3598277703380175
gep01,00,2026-02-19,2026-02-27,gcrew,noaa_gefs,01,AirTemp_C_mean,8,2.5398727416992415
gep01,00,2026-02-19,2026-02-27,gcrew,noaa_gefs,01,Pressure_Pa,8,101330.2099609375
gep01,00,2026-02-19,2026-02-27,gcrew,noaa_gefs,01,RH_percent_mean,8,90.59297943115234
gep01,00,2026-02-19,2026-02-27,gcrew,noaa_gefs,01,Rain_mm_sum,8,41.3899998255074
gep01,00,2026-02-19,2026-02-27,gcrew,noaa_gefs,01,ShortwaveRadiation_Wm2,8,16.875
gep01,00,2026-02-19,2026-02-27,gcrew,noaa_gefs,01,WindSpeed_ms_mean,8,3.173158734850934
gep01,00,2026-02-19,2026-02-28,gcrew,noaa_gefs,01,AirTemp_C_mean,9,6.081576102120558
gep01,00,2026-02-19,2026-02-28,gcrew,noaa_gefs,01,Pressure_Pa,9,100991.2890625
gep01,00,2026-02-19,2026-02-28,gcrew,noaa_gefs,01,RH_percent_mean,9,89.50826699393136
gep01,00,2026-02-19,2026-02-28,gcrew,noaa_gefs,01,Rain_mm_sum,9,6.939999997615814
gep01,00,2026-02-19,2026-02-28,gcrew,noaa_gefs,01,ShortwaveRadiation_Wm2,9,198.71428571428572
gep01,00,2026-02-19,2026-02-28,gcrew,noaa_gefs,01,WindSpeed_ms_mean,9,2.371464473414071
gep01,00,2026-02-19,2026-03-01,gcrew,noaa_gefs,01,AirTemp_C_mean,10,3.9153381347656477
gep01,00,2026-02-19,2026-03-01,gcrew,noaa_gefs,01,Pressure_Pa,10,102000.736328125
gep01,00,2026-02-19,2026-03-01,gcrew,noaa_gefs,01,RH_percent_mean,10,64.10819625854492
gep01,00,2026-02-19,2026-03-01,gcrew,noaa_gefs,01,Rain_mm_sum,10,0
gep01,00,2026-02-19,2026-03-01,gcrew,noaa_gefs,01,ShortwaveRadiation_Wm2,10,214
gep01,00,2026-02-19,2026-03-01,gcrew,noaa_gefs,01,WindSpeed_ms_mean,10,3.7106248775369783
gep01,00,2026-02-19,2026-03-02,gcrew,noaa_gefs,01,AirTemp_C_mean,11,2.6448913574218977
gep01,00,2026-02-19,2026-03-02,gcrew,noaa_gefs,01,Pressure_Pa,11,101992.7734375
gep01,00,2026-02-19,2026-03-02,gcrew,noaa_gefs,01,RH_percent_mean,11,80.4185619354248
gep01,00,2026-02-19,2026-03-02,gcrew,noaa_gefs,01,Rain_mm_sum,11,1.7000000327825546
gep01,00,2026-02-19,2026-03-02,gcrew,noaa_gefs,01,ShortwaveRadiation_Wm2,11,22.5
gep01,00,2026-02-19,2026-03-02,gcrew,noaa_gefs,01,WindSpeed_ms_mean,11,3.8287651590698437
gep01,00,2026-02-19,2026-03-03,gcrew,noaa_gefs,01,AirTemp_C_mean,12,13.411950683593773
gep01,00,2026-02-19,2026-03-03,gcrew,noaa_gefs,01,Pressure_Pa,12,101091.162109375
gep01,00,2026-02-19,2026-03-03,gcrew,noaa_gefs,01,RH_percent_mean,12,90.47667694091797
gep01,00,2026-02-19,2026-03-03,gcrew,noaa_gefs,01,Rain_mm_sum,12,3.1000000834465027
gep01,00,2026-02-19,2026-03-03,gcrew,noaa_gefs,01,ShortwaveRadiation_Wm2,12,146
gep01,00,2026-02-19,2026-03-03,gcrew,noaa_gefs,01,WindSpeed_ms_mean,12,5.012968706083463
gep01,00,2026-02-19,2026-03-04,gcrew,noaa_gefs,01,AirTemp_C_mean,13,8.065553283691429
gep01,00,2026-02-19,2026-03-04,gcrew,noaa_gefs,01,Pressure_Pa,13,102178.892578125
gep01,00,2026-02-19,2026-03-04,gcrew,noaa_gefs,01,RH_percent_mean,13,90.09021759033203
gep01,00,2026-02-19,2026-03-04,gcrew,noaa_gefs,01,Rain_mm_sum,13,6.300000101327896
gep01,00,2026-02-19,2026-03-04,gcrew,noaa_gefs,01,ShortwaveRadiation_Wm2,13,25
gep01,00,2026-02-19,2026-03-04,gcrew,noaa_gefs,01,WindSpeed_ms_mean,13,3.9570483623648522
gep01,00,2026-02-19,2026-03-05,gcrew,noaa_gefs,01,AirTemp_C_mean,14,12.227571105957054
gep01,00,2026-02-19,2026-03-05,gcrew,noaa_gefs,01,Pressure_Pa,14,101463.474609375
gep01,00,2026-02-19,2026-03-05,gcrew,noaa_gefs,01,RH_percent_mean,14,91.76033973693848
gep01,00,2026-02-19,2026-03-05,gcrew,noaa_gefs,01,Rain_mm_sum,14,2.4999999925494194
gep01,00,2026-02-19,2026-03-05,gcrew,noaa_gefs,01,ShortwaveRadiation_Wm2,14,89.75
gep01,00,2026-02-19,2026-03-05,gcrew,noaa_gefs,01,WindSpeed_ms_mean,14,6.039026367710616
gep01,00,2026-02-19,2026-03-06,gcrew,noaa_gefs,01,AirTemp_C_mean,15,0.883576965332054
gep01,00,2026-02-19,2026-03-06,gcrew,noaa_gefs,01,Pressure_Pa,15,101621.16796875
gep01,00,2026-02-19,2026-03-06,gcrew,noaa_gefs,01,RH_percent_mean,15,92.8342227935791
gep01,00,2026-02-19,2026-03-06,gcrew,noaa_gefs,01,Rain_mm_sum,15,37.30000019073486
gep01,00,2026-02-19,2026-03-06,gcrew,noaa_gefs,01,ShortwaveRadiation_Wm2,15,17.5
gep01,00,2026-02-19,2026-03-06,gcrew,noaa_gefs,01,WindSpeed_ms_mean,15,6.799946731139411
gep01,00,2026-02-19,2026-03-07,gcrew,noaa_gefs,01,AirTemp_C_mean,16,-1.2620071411132585
gep01,00,2026-02-19,2026-03-07,gcrew,noaa_gefs,01,Pressure_Pa,16,102783.318359375
gep01,00,2026-02-19,2026-03-07,gcrew,noaa_gefs,01,RH_percent_mean,16,79.86228942871094
gep01,00,2026-02-19,2026-03-07,gcrew,noaa_gefs,01,Rain_mm_sum,16,0
gep01,00,2026-02-19,2026-03-07,gcrew,noaa_gefs,01,ShortwaveRadiation_Wm2,16,231.5
gep01,00,2026-02-19,2026-03-07,gcrew,noaa_gefs,01,WindSpeed_ms_mean,16,3.336420955691156
gep01,00,2026-02-19,2026-03-08,gcrew,noaa_gefs,01,AirTemp_C_mean,17,2.6822448730468977
gep01,00,2026-02-19,2026-03-08,gcrew,noaa_gefs,01,Pressure_Pa,17,102794.392578125
gep01,00,2026-02-19,2026-03-08,gcrew,noaa_gefs,01,RH_percent_mean,17,80.685150146484375
gep01,00,2026-02-19,2026-03-08,gcrew,noaa_gefs,01,Rain_mm_sum,17,0
gep01,00,2026-02-19,2026-03-08,gcrew,noaa_gefs,01,ShortwaveRadiation_Wm2,17,218.75
gep01,00,2026-02-19,2026-03-08,gcrew,noaa_gefs,01,WindSpeed_ms_mean,17,2.011765155426912
gep01,00,2026-02-19,2026-03-09,gcrew,noaa_gefs,01,AirTemp_C_mean,18,2.2363754272461165
gep01,00,2026-02-19,2026-03-09,gcrew,noaa_gefs,01,Pressure_Pa,18,102708.865234375
gep01,00,2026-02-19,2026-03-09,gcrew,noaa_gefs,01,RH_percent_mean,18,88.49076080322266
gep01,00,2026-02-19,2026-03-09,gcrew,noaa_gefs,01,Rain_mm_sum,18,0
gep01,00,2026-02-19,2026-03-09,gcrew,noaa_gefs,01,ShortwaveRadiation_Wm2,18,190.5
gep01,00,2026-02-19,2026-03-09,gcrew,noaa_gefs,01,WindSpeed_ms_mean,18,2.926777667971675
gep01,00,2026-02-19,2026-03-10,gcrew,noaa_gefs,01,AirTemp_C_mean,19,3.077027893066429
gep01,00,2026-02-19,2026-03-10,gcrew,noaa_gefs,01,Pressure_Pa,19,101449.376953125
gep01,00,2026-02-19,2026-03-10,gcrew,noaa_gefs,01,RH_percent_mean,19,97.0867977142334
gep01,00,2026-02-19,2026-03-10,gcrew,noaa_gefs,01,Rain_mm_sum,19,20.30000078678131
gep01,00,2026-02-19,2026-03-10,gcrew,noaa_gefs,01,ShortwaveRadiation_Wm2,19,12.25
gep01,00,2026-02-19,2026-03-10,gcrew,noaa_gefs,01,WindSpeed_ms_mean,19,2.16738045229572
gep01,00,2026-02-19,2026-03-11,gcrew,noaa_gefs,01,AirTemp_C_mean,20,2.4423767089843977
gep01,00,2026-02-19,2026-03-11,gcrew,noaa_gefs,01,Pressure_Pa,20,101607.31640625
gep01,00,2026-02-19,2026-03-11,gcrew,noaa_gefs,01,RH_percent_mean,20,73.54477119445801
gep01,00,2026-02-19,2026-03-11,gcrew,noaa_gefs,01,Rain_mm_sum,20,0
gep01,00,2026-02-19,2026-03-11,gcrew,noaa_gefs,01,ShortwaveRadiation_Wm2,20,216.25
gep01,00,2026-02-19,2026-03-11,gcrew,noaa_gefs,01,WindSpeed_ms_mean,20,3.965489202739927
gep01,00,2026-02-19,2026-03-12,gcrew,noaa_gefs,01,AirTemp_C_mean,21,5.346345520019554
gep01,00,2026-02-19,2026-03-12,gcrew,noaa_gefs,01,Pressure_Pa,21,101774.470703125
gep01,00,2026-02-19,2026-03-12,gcrew,noaa_gefs,01,RH_percent_mean,21,70.26903629302979
gep01,00,2026-02-19,2026-03-12,gcrew,noaa_gefs,01,Rain_mm_sum,21,0
gep01,00,2026-02-19,2026-03-12,gcrew,noaa_gefs,01,ShortwaveRadiation_Wm2,21,234.5
gep01,00,2026-02-19,2026-03-12,gcrew,noaa_gefs,01,WindSpeed_ms_mean,21,4.989251373860443
gep01,00,2026-02-19,2026-03-13,gcrew,noaa_gefs,01,AirTemp_C_mean,22,0.404817199707054
gep01,00,2026-02-19,2026-03-13,gcrew,noaa_gefs,01,Pressure_Pa,22,103084.677734375
gep01,00,2026-02-19,2026-03-13,gcrew,noaa_gefs,01,RH_percent_mean,22,59.94519805908203
gep01,00,2026-02-19,2026-03-13,gcrew,noaa_gefs,01,Rain_mm_sum,22,0
gep01,00,2026-02-19,2026-03-13,gcrew,noaa_gefs,01,ShortwaveRadiation_Wm2,22,246.75
gep01,00,2026-02-19,2026-03-13,gcrew,noaa_gefs,01,WindSpeed_ms_mean,22,3.9252923447424357
gep01,00,2026-02-19,2026-03-14,gcrew,noaa_gefs,01,AirTemp_C_mean,23,2.2103439331054915
gep01,00,2026-02-19,2026-03-14,gcrew,noaa_gefs,01,Pressure_Pa,23,103257.919921875
gep01,00,2026-02-19,2026-03-14,gcrew,noaa_gefs,01,RH_percent_mean,23,65.69925880432129
gep01,00,2026-02-19,2026-03-14,gcrew,noaa_gefs,01,Rain_mm_sum,23,0
gep01,00,2026-02-19,2026-03-14,gcrew,noaa_gefs,01,ShortwaveRadiation_Wm2,23,192.25
gep01,00,2026-02-19,2026-03-14,gcrew,noaa_gefs,01,WindSpeed_ms_mean,23,3.0252771415459634
gep01,00,2026-02-19,2026-03-15,gcrew,noaa_gefs,01,AirTemp_C_mean,24,4.8394332885742415
gep01,00,2026-02-19,2026-03-15,gcrew,noaa_gefs,01,Pressure_Pa,24,102069.697265625
gep01,00,2026-02-19,2026-03-15,gcrew,noaa_gefs,01,RH_percent_mean,24,91.6884937286377
gep01,00,2026-02-19,2026-03-15,gcrew,noaa_gefs,01,Rain_mm_sum,24,6.8000001311302185
gep01,00,2026-02-19,2026-03-15,gcrew,noaa_gefs,01,ShortwaveRadiation_Wm2,24,9.75
gep01,00,2026-02-19,2026-03-15,gcrew,noaa_gefs,01,WindSpeed_ms_mean,24,4.914185923582207
gep01,00,2026-02-19,2026-03-16,gcrew,noaa_gefs,01,AirTemp_C_mean,25,6.88092956542971
gep01,00,2026-02-19,2026-03-16,gcrew,noaa_gefs,01,Pressure_Pa,25,100852.091796875
gep01,00,2026-02-19,2026-03-16,gcrew,noaa_gefs,01,RH_percent_mean,25,93.64601707458496
gep01,00,2026-02-19,2026-03-16,gcrew,noaa_gefs,01,Rain_mm_sum,25,0.10000000149011612
gep01,00,2026-02-19,2026-03-16,gcrew,noaa_gefs,01,ShortwaveRadiation_Wm2,25,137
gep01,00,2026-02-19,2026-03-16,gcrew,noaa_gefs,01,WindSpeed_ms_mean,25,2.385226343506775
gep01,00,2026-02-19,2026-03-17,gcrew,noaa_gefs,01,AirTemp_C_mean,26,8.267533874511741
gep01,00,2026-02-19,2026-03-17,gcrew,noaa_gefs,01,Pressure_Pa,26,100826.765625
gep01,00,2026-02-19,2026-03-17,gcrew,noaa_gefs,01,RH_percent_mean,26,91.60923194885254
gep01,00,2026-02-19,2026-03-17,gcrew,noaa_gefs,01,Rain_mm_sum,26,0
gep01,00,2026-02-19,2026-03-17,gcrew,noaa_gefs,01,ShortwaveRadiation_Wm2,26,223.75
gep01,00,2026-02-19,2026-03-17,gcrew,noaa_gefs,01,WindSpeed_ms_mean,26,2.241015530837425
gep01,00,2026-02-19,2026-03-18,gcrew,noaa_gefs,01,AirTemp_C_mean,27,11.309526062011741
gep01,00,2026-02-19,2026-03-18,gcrew,noaa_gefs,01,Pressure_Pa,27,100366.421875
gep01,00,2026-02-19,2026-03-18,gcrew,noaa_gefs,01,RH_percent_mean,27,80.98326683044434
gep01,00,2026-02-19,2026-03-18,gcrew,noaa_gefs,01,Rain_mm_sum,27,3.8000001087784767
gep01,00,2026-02-19,2026-03-18,gcrew,noaa_gefs,01,ShortwaveRadiation_Wm2,27,206
gep01,00,2026-02-19,2026-03-18,gcrew,noaa_gefs,01,WindSpeed_ms_mean,27,4.913507346762998
gep01,00,2026-02-19,2026-03-19,gcrew,noaa_gefs,01,AirTemp_C_mean,28,9.271661376953148
gep01,00,2026-02-19,2026-03-19,gcrew,noaa_gefs,01,Pressure_Pa,28,100716.333984375
gep01,00,2026-02-19,2026-03-19,gcrew,noaa_gefs,01,RH_percent_mean,28,78.55448150634766
gep01,00,2026-02-19,2026-03-19,gcrew,noaa_gefs,01,Rain_mm_sum,28,0.20000000298023224
gep01,00,2026-02-19,2026-03-19,gcrew,noaa_gefs,01,ShortwaveRadiation_Wm2,28,176
gep01,00,2026-02-19,2026-03-19,gcrew,noaa_gefs,01,WindSpeed_ms_mean,28,3.502768919064772
gep01,00,2026-02-19,2026-03-20,gcrew,noaa_gefs,01,AirTemp_C_mean,29,7.4639755249023665
gep01,00,2026-02-19,2026-03-20,gcrew,noaa_gefs,01,Pressure_Pa,29,101721.220703125
gep01,00,2026-02-19,2026-03-20,gcrew,noaa_gefs,01,RH_percent_mean,29,84.32945442199707
gep01,00,2026-02-19,2026-03-20,gcrew,noaa_gefs,01,Rain_mm_sum,29,0
gep01,00,2026-02-19,2026-03-20,gcrew,noaa_gefs,01,ShortwaveRadiation_Wm2,29,225.25
gep01,00,2026-02-19,2026-03-20,gcrew,noaa_gefs,01,WindSpeed_ms_mean,29,2.4857486906504604
gep01,00,2026-02-19,2026-03-21,gcrew,noaa_gefs,01,AirTemp_C_mean,30,5.514649963378929
gep01,00,2026-02-19,2026-03-21,gcrew,noaa_gefs,01,Pressure_Pa,30,102508.27734375
gep01,00,2026-02-19,2026-03-21,gcrew,noaa_gefs,01,RH_percent_mean,30,93.17456245422363
gep01,00,2026-02-19,2026-03-21,gcrew,noaa_gefs,01,Rain_mm_sum,30,0
gep01,00,2026-02-19,2026-03-21,gcrew,noaa_gefs,01,ShortwaveRadiation_Wm2,30,231
gep01,00,2026-02-19,2026-03-21,gcrew,noaa_gefs,01,WindSpeed_ms_mean,30,3.478610201477239
gep01,00,2026-02-19,2026-03-22,gcrew,noaa_gefs,01,AirTemp_C_mean,31,8.427484130859398
gep01,00,2026-02-19,2026-03-22,gcrew,noaa_gefs,01,Pressure_Pa,31,101537.609375
gep01,00,2026-02-19,2026-03-22,gcrew,noaa_gefs,01,RH_percent_mean,31,90.99308013916016
gep01,00,2026-02-19,2026-03-22,gcrew,noaa_gefs,01,Rain_mm_sum,31,0
gep01,00,2026-02-19,2026-03-22,gcrew,noaa_gefs,01,ShortwaveRadiation_Wm2,31,169
gep01,00,2026-02-19,2026-03-22,gcrew,noaa_gefs,01,WindSpeed_ms_mean,31,7.184195750232049
gep01,00,2026-02-19,2026-03-23,gcrew,noaa_gefs,01,AirTemp_C_mean,32,8.768609619140648
gep01,00,2026-02-19,2026-03-23,gcrew,noaa_gefs,01,Pressure_Pa,32,100650.3046875
gep01,00,2026-02-19,2026-03-23,gcrew,noaa_gefs,01,RH_percent_mean,32,58.10695171356201
gep01,00,2026-02-19,2026-03-23,gcrew,noaa_gefs,01,Rain_mm_sum,32,1.3000000715255737
gep01,00,2026-02-19,2026-03-23,gcrew,noaa_gefs,01,ShortwaveRadiation_Wm2,32,266
gep01,00,2026-02-19,2026-03-23,gcrew,noaa_gefs,01,WindSpeed_ms_mean,32,7.9327389792356415
gep01,00,2026-02-19,2026-03-24,gcrew,noaa_gefs,01,AirTemp_C_mean,33,4.568719482421898
gep01,00,2026-02-19,2026-03-24,gcrew,noaa_gefs,01,Pressure_Pa,33,101528.60546875
gep01,00,2026-02-19,2026-03-24,gcrew,noaa_gefs,01,RH_percent_mean,33,52.18817710876465
gep01,00,2026-02-19,2026-03-24,gcrew,noaa_gefs,01,Rain_mm_sum,33,0
gep01,00,2026-02-19,2026-03-24,gcrew,noaa_gefs,01,ShortwaveRadiation_Wm2,33,271.25
gep01,00,2026-02-19,2026-03-24,gcrew,noaa_gefs,01,WindSpeed_ms_mean,33,5.0208112518813515
gep01,00,2026-02-19,2026-03-25,gcrew,noaa_gefs,01,AirTemp_C_mean,34,4.424745178222679
gep01,00,2026-02-19,2026-03-25,gcrew,noaa_gefs,01,Pressure_Pa,34,100896.943359375
gep01,00,2026-02-19,2026-03-25,gcrew,noaa_gefs,01,RH_percent_mean,34,73.10336017608643
gep01,00,2026-02-19,2026-03-25,gcrew,noaa_gefs,01,Rain_mm_sum,34,0.699999988079071
gep01,00,2026-02-19,2026-03-25,gcrew,noaa_gefs,01,ShortwaveRadiation_Wm2,34,168.25
gep01,00,2026-02-19,2026-03-25,gcrew,noaa_gefs,01,WindSpeed_ms_mean,34,3.448319475494018
gep02,00,2026-02-19,2026-02-20,gcrew,noaa_gefs,02,AirTemp_C_mean,1,8.60019454956057
gep02,00,2026-02-19,2026-02-20,gcrew,noaa_gefs,02,Pressure_Pa,1,100529.837890625
gep02,00,2026-02-19,2026-02-20,gcrew,noaa_gefs,02,RH_percent_mean,1,84.13147974014282
gep02,00,2026-02-19,2026-02-20,gcrew,noaa_gefs,02,Rain_mm_sum,1,7.229999907314777
gep02,00,2026-02-19,2026-02-20,gcrew,noaa_gefs,02,ShortwaveRadiation_Wm2,1,90
gep02,00,2026-02-19,2026-02-20,gcrew,noaa_gefs,02,WindSpeed_ms_mean,1,5.327480968436972
gep02,00,2026-02-19,2026-02-21,gcrew,noaa_gefs,02,AirTemp_C_mean,2,4.957093811035179
gep02,00,2026-02-19,2026-02-21,gcrew,noaa_gefs,02,Pressure_Pa,2,101362.1162109375
gep02,00,2026-02-19,2026-02-21,gcrew,noaa_gefs,02,RH_percent_mean,2,67.61050748825073
gep02,00,2026-02-19,2026-02-21,gcrew,noaa_gefs,02,Rain_mm_sum,2,0.009999999776482582
gep02,00,2026-02-19,2026-02-21,gcrew,noaa_gefs,02,ShortwaveRadiation_Wm2,2,157.375
gep02,00,2026-02-19,2026-02-21,gcrew,noaa_gefs,02,WindSpeed_ms_mean,2,2.796669875085554
gep02,00,2026-02-19,2026-02-22,gcrew,noaa_gefs,02,AirTemp_C_mean,3,1.7196746826172102
gep02,00,2026-02-19,2026-02-22,gcrew,noaa_gefs,02,Pressure_Pa,3,101743.5
gep02,00,2026-02-19,2026-02-22,gcrew,noaa_gefs,02,RH_percent_mean,3,72.97090816497803
gep02,00,2026-02-19,2026-02-22,gcrew,noaa_gefs,02,Rain_mm_sum,3,0.10000000149011612
gep02,00,2026-02-19,2026-02-22,gcrew,noaa_gefs,02,ShortwaveRadiation_Wm2,3,141.625
gep02,00,2026-02-19,2026-02-22,gcrew,noaa_gefs,02,WindSpeed_ms_mean,3,2.597666670204664
gep02,00,2026-02-19,2026-02-23,gcrew,noaa_gefs,02,AirTemp_C_mean,4,0.5413490295410384
gep02,00,2026-02-19,2026-02-23,gcrew,noaa_gefs,02,Pressure_Pa,4,101336.916015625
gep02,00,2026-02-19,2026-02-23,gcrew,noaa_gefs,02,RH_percent_mean,4,88.30583763122559
gep02,00,2026-02-19,2026-02-23,gcrew,noaa_gefs,02,Rain_mm_sum,4,6.400000065565109
gep02,00,2026-02-19,2026-02-23,gcrew,noaa_gefs,02,ShortwaveRadiation_Wm2,4,97.75
gep02,00,2026-02-19,2026-02-23,gcrew,noaa_gefs,02,WindSpeed_ms_mean,4,5.788296822041432
gep02,00,2026-02-19,2026-02-24,gcrew,noaa_gefs,02,AirTemp_C_mean,5,0.5290084838867415
gep02,00,2026-02-19,2026-02-24,gcrew,noaa_gefs,02,Pressure_Pa,5,101826.7109375
gep02,00,2026-02-19,2026-02-24,gcrew,noaa_gefs,02,RH_percent_mean,5,67.53751993179321
gep02,00,2026-02-19,2026-02-24,gcrew,noaa_gefs,02,Rain_mm_sum,5,0.10000000149011612
gep02,00,2026-02-19,2026-02-24,gcrew,noaa_gefs,02,ShortwaveRadiation_Wm2,5,205.75
gep02,00,2026-02-19,2026-02-24,gcrew,noaa_gefs,02,WindSpeed_ms_mean,5,4.922516373996911
gep02,00,2026-02-19,2026-02-25,gcrew,noaa_gefs,02,AirTemp_C_mean,6,4.261026000976585
gep02,00,2026-02-19,2026-02-25,gcrew,noaa_gefs,02,Pressure_Pa,6,101437.8994140625
gep02,00,2026-02-19,2026-02-25,gcrew,noaa_gefs,02,RH_percent_mean,6,64.63713264465332
gep02,00,2026-02-19,2026-02-25,gcrew,noaa_gefs,02,Rain_mm_sum,6,0.5000000149011612
gep02,00,2026-02-19,2026-02-25,gcrew,noaa_gefs,02,ShortwaveRadiation_Wm2,6,123.375
gep02,00,2026-02-19,2026-02-25,gcrew,noaa_gefs,02,WindSpeed_ms_mean,6,4.7829481823237945
gep02,00,2026-02-19,2026-02-26,gcrew,noaa_gefs,02,AirTemp_C_mean,7,7.054109191894554
gep02,00,2026-02-19,2026-02-26,gcrew,noaa_gefs,02,Pressure_Pa,7,101322.2197265625
gep02,00,2026-02-19,2026-02-26,gcrew,noaa_gefs,02,RH_percent_mean,7,73.60764694213867
gep02,00,2026-02-19,2026-02-26,gcrew,noaa_gefs,02,Rain_mm_sum,7,1.6900000274181366
gep02,00,2026-02-19,2026-02-26,gcrew,noaa_gefs,02,ShortwaveRadiation_Wm2,7,169.75
gep02,00,2026-02-19,2026-02-26,gcrew,noaa_gefs,02,WindSpeed_ms_mean,7,4.3598277703380175
gep02,00,2026-02-19,2026-02-27,gcrew,noaa_gefs,02,AirTemp_C_mean,8,2.5398727416992415
gep02,00,2026-02-19,2026-02-27,gcrew,noaa_gefs,02,Pressure_Pa,8,101330.2099609375
gep02,00,2026-02-19,2026-02-27,gcrew,noaa_gefs,02,RH_percent_mean,8,90.59297943115234
gep02,00,2026-02-19,2026-02-27,gcrew,noaa_gefs,02,Rain_mm_sum,8,41.3899998255074
gep02,00,2026-02-19,2026-02-27,gcrew,noaa_gefs,02,ShortwaveRadiation_Wm2,8,16.875
gep02,00,2026-02-19,2026-02-27,gcrew,noaa_gefs,02,WindSpeed_ms_mean,8,3.173158734850934
gep02,00,2026-02-19,2026-02-28,gcrew,noaa_gefs,02,AirTemp_C_mean,9,6.081576102120558
gep02,00,2026-02-19,2026-02-28,gcrew,noaa_gefs,02,Pressure_Pa,9,100991.2890625
gep02,00,2026-02-19,2026-02-28,gcrew,noaa_gefs,02,RH_percent_mean,9,89.50826699393136
gep02,00,2026-02-19,2026-02-28,gcrew,noaa_gefs,02,Rain_mm_sum,9,6.939999997615814
gep02,00,2026-02-19,2026-02-28,gcrew,noaa_gefs,02,ShortwaveRadiation_Wm2,9,198.71428571428572
gep02,00,2026-02-19,2026-02-28,gcrew,noaa_gefs,02,WindSpeed_ms_mean,9,2.371464473414071
gep02,00,2026-02-19,2026-03-01,gcrew,noaa_gefs,02,AirTemp_C_mean,10,3.9153381347656477
gep02,00,2026-02-19,2026-03-01,gcrew,noaa_gefs,02,Pressure_Pa,10,102000.736328125
gep02,00,2026-02-19,2026-03-01,gcrew,noaa_gefs,02,RH_percent_mean,10,64.10819625854492
gep02,00,2026-02-19,2026-03-01,gcrew,noaa_gefs,02,Rain_mm_sum,10,0
gep02,00,2026-02-19,2026-03-01,gcrew,noaa_gefs,02,ShortwaveRadiation_Wm2,10,214
gep02,00,2026-02-19,2026-03-01,gcrew,noaa_gefs,02,WindSpeed_ms_mean,10,3.7106248775369783
gep02,00,2026-02-19,2026-03-02,gcrew,noaa_gefs,02,AirTemp_C_mean,11,2.6448913574218977
gep02,00,2026-02-19,2026-03-02,gcrew,noaa_gefs,02,Pressure_Pa,11,101992.7734375
gep02,00,2026-02-19,2026-03-02,gcrew,noaa_gefs,02,RH_percent_mean,11,80.4185619354248
gep02,00,2026-02-19,2026-03-02,gcrew,noaa_gefs,02,Rain_mm_sum,11,1.7000000327825546
gep02,00,2026-02-19,2026-03-02,gcrew,noaa_gefs,02,ShortwaveRadiation_Wm2,11,22.5
gep02,00,2026-02-19,2026-03-02,gcrew,noaa_gefs,02,WindSpeed_ms_mean,11,3.8287651590698437
gep02,00,2026-02-19,2026-03-03,gcrew,noaa_gefs,02,AirTemp_C_mean,12,13.411950683593773
gep02,00,2026-02-19,2026-03-03,gcrew,noaa_gefs,02,Pressure_Pa,12,101091.162109375
gep02,00,2026-02-19,2026-03-03,gcrew,noaa_gefs,02,RH_percent_mean,12,90.47667694091797
gep02,00,2026-02-19,2026-03-03,gcrew,noaa_gefs,02,Rain_mm_sum,12,3.1000000834465027
gep02,00,2026-02-19,2026-03-03,gcrew,noaa_gefs,02,ShortwaveRadiation_Wm2,12,146
gep02,00,2026-02-19,2026-03-03,gcrew,noaa_gefs,02,WindSpeed_ms_mean,12,5.012968706083463
gep02,00,2026-02-19,2026-03-04,gcrew,noaa_gefs,02,AirTemp_C_mean,13,8.065553283691429
gep02,00,2026-02-19,2026-03-04,gcrew,noaa_gefs,02,Pressure_Pa,13,102178.892578125
gep02,00,2026-02-19,2026-03-04,gcrew,noaa_gefs,02,RH_percent_mean,13,90.09021759033203
gep02,00,2026-02-19,2026-03-04,gcrew,noaa_gefs,02,Rain_mm_sum,13,6.300000101327896
gep02,00,2026-02-19,2026-03-04,gcrew,noaa_gefs,02,ShortwaveRadiation_Wm2,13,25
gep02,00,2026-02-19,2026-03-04,gcrew,noaa_gefs,02,WindSpeed_ms_mean,13,3.9570483623648522
gep02,00,2026-02-19,2026-03-05,gcrew,noaa_gefs,02,AirTemp_C_mean,14,12.227571105957054
gep02,00,2026-02-19,2026-03-05,gcrew,noaa_gefs,02,Pressure_Pa,14,101463.474609375
gep02,00,2026-02-19,2026-03-05,gcrew,noaa_gefs,02,RH_percent_mean,14,91.76033973693848
gep02,00,2026-02-19,2026-03-05,gcrew,noaa_gefs,02,Rain_mm_sum,14,2.4999999925494194
gep02,00,2026-02-19,2026-03-05,gcrew,noaa_gefs,02,ShortwaveRadiation_Wm2,14,89.75
gep02,00,2026-02-19,2026-03-05,gcrew,noaa_gefs,02,WindSpeed_ms_mean,14,6.039026367710616
gep02,00,2026-02-19,2026-03-06,gcrew,noaa_gefs,02,AirTemp_C_mean,15,0.883576965332054
gep02,00,2026-02-19,2026-03-06,gcrew,noaa_gefs,02,Pressure_Pa,15,101621.16796875
gep02,00,2026-02-19,2026-03-06,gcrew,noaa_gefs,02,RH_percent_mean,15,92.8342227935791
gep02,00,2026-02-19,2026-03-06,gcrew,noaa_gefs,02,Rain_mm_sum,15,37.30000019073486
gep02,00,2026-02-19,2026-03-06,gcrew,noaa_gefs,02,ShortwaveRadiation_Wm2,15,17.5
gep02,00,2026-02-19,2026-03-06,gcrew,noaa_gefs,02,WindSpeed_ms_mean,15,6.799946731139411
gep02,00,2026-02-19,2026-03-07,gcrew,noaa_gefs,02,AirTemp_C_mean,16,-1.2620071411132585
gep02,00,2026-02-19,2026-03-07,gcrew,noaa_gefs,02,Pressure_Pa,16,102783.318359375
gep02,00,2026-02-19,2026-03-07,gcrew,noaa_gefs,02,RH_percent_mean,16,79.86228942871094
gep02,00,2026-02-19,2026-03-07,gcrew,noaa_gefs,02,Rain_mm_sum,16,0
gep02,00,2026-02-19,2026-03-07,gcrew,noaa_gefs,02,ShortwaveRadiation_Wm2,16,231.5
gep02,00,2026-02-19,2026-03-07,gcrew,noaa_gefs,02,WindSpeed_ms_mean,16,3.336420955691156
gep02,00,2026-02-19,2026-03-08,gcrew,noaa_gefs,02,AirTemp_C_mean,17,2.6822448730468977
gep02,00,2026-02-19,2026-03-08,gcrew,noaa_gefs,02,Pressure_Pa,17,102794.392578125
gep02,00,2026-02-19,2026-03-08,gcrew,noaa_gefs,02,RH_percent_mean,17,80.685150146484375
gep02,00,2026-02-19,2026-03-08,gcrew,noaa_gefs,02,Rain_mm_sum,17,0
gep02,00,2026-02-19,2026-03-08,gcrew,noaa_gefs,02,ShortwaveRadiation_Wm2,17,218.75
gep02,00,2026-02-19,2026-03-08,gcrew,noaa_gefs,02,WindSpeed_ms_mean,17,2.011765155426912
gep02,00,2026-02-19,2026-03-09,gcrew,noaa_gefs,02,AirTemp_C_mean,18,2.2363754272461165
gep02,00,2026-02-19,2026-03-09,gcrew,noaa_gefs,02,Pressure_Pa,18,102708.865234375
gep02,00,2026-02-19,2026-03-09,gcrew,noaa_gefs,02,RH_percent_mean,18,88.49076080322266
gep02,00,2026-02-19,2026-03-09,gcrew,noaa_gefs,02,Rain_mm_sum,18,0
gep02,00,2026-02-19,2026-03-09,gcrew,noaa_gefs,02,ShortwaveRadiation_Wm2,18,190.5
gep02,00,2026-02-19,2026-03-09,gcrew,noaa_gefs,02,WindSpeed_ms_mean,18,2.926777667971675
gep02,00,2026-02-19,2026-03-10,gcrew,noaa_gefs,02,AirTemp_C_mean,19,3.077027893066429
gep02,00,2026-02-19,2026-03-10,gcrew,noaa_gefs,02,Pressure_Pa,19,101449.376953125
gep02,00,2026-02-19,2026-03-10,gcrew,noaa_gefs,02,RH_percent_mean,19,97.0867977142334
gep02,00,2026-02-19,2026-03-10,gcrew,noaa_gefs,02,Rain_mm_sum,19,20.30000078678131
gep02,00,2026-02-19,2026-03-10,gcrew,noaa_gefs,02,ShortwaveRadiation_Wm2,19,12.25
gep02,00,2026-02-19,2026-03-10,gcrew,noaa_gefs,02,WindSpeed_ms_mean,19,2.16738045229572
gep02,00,2026-02-19,2026-03-11,gcrew,noaa_gefs,02,AirTemp_C_mean,20,2.4423767089843977
gep02,00,2026-02-19,2026-03-11,gcrew,noaa_gefs,02,Pressure_Pa,20,101607.31640625
gep02,00,2026-02-19,2026-03-11,gcrew,noaa_gefs,02,RH_percent_mean,20,73.54477119445801
gep02,00,2026-02-19,2026-03-11,gcrew,noaa_gefs,02,Rain_mm_sum,20,0
gep02,00,2026-02-19,2026-03-11,gcrew,noaa_gefs,02,ShortwaveRadiation_Wm2,20,216.25
gep02,00,2026-02-19,2026-03-11,gcrew,noaa_gefs,02,WindSpeed_ms_mean,20,3.965489202739927
gep02,00,2026-02-19,2026-03-12,gcrew,noaa_gefs,02,AirTemp_C_mean,21,5.346345520019554
gep02,00,2026-02-19,2026-03-12,gcrew,noaa_gefs,02,Pressure_Pa,21,101774.470703125
gep02,00,2026-02-19,2026-03-12,gcrew,noaa_gefs,02,RH_percent_mean,21,70.26903629302979
gep02,00,2026-02-19,2026-03-12,gcrew,noaa_gefs,02,Rain_mm_sum,21,0
gep02,00,2026-02-19,2026-03-12,gcrew,noaa_gefs,02,ShortwaveRadiation_Wm2,21,234.5
gep02,00,2026-02-19,2026-03-12,gcrew,noaa_gefs,02,WindSpeed_ms_mean,21,4.989251373860443
gep02,00,2026-02-19,2026-03-13,gcrew,noaa_gefs,02,AirTemp_C_mean,22,0.404817199707054
gep02,00,2026-02-19,2026-03-13,gcrew,noaa_gefs,02,Pressure_Pa,22,103084.677734375
gep02,00,2026-02-19,2026-03-13,gcrew,noaa_gefs,02,RH_percent_mean,22,59.94519805908203
gep02,00,2026-02-19,2026-03-13,gcrew,noaa_gefs,02,Rain_mm_sum,22,0
gep02,00,2026-02-19,2026-03-13,gcrew,noaa_gefs,02,ShortwaveRadiation_Wm2,22,246.75
gep02,00,2026-02-19,2026-03-13,gcrew,noaa_gefs,02,WindSpeed_ms_mean,22,3.9252923447424357
gep02,00,2026-02-19,2026-03-14,gcrew,noaa_gefs,02,AirTemp_C_mean,23,2.2103439331054915
gep02,00,2026-02-19,2026-03-14,gcrew,noaa_gefs,02,Pressure_Pa,23,103257.919921875
gep02,00,2026-02-19,2026-03-14,gcrew,noaa_gefs,02,RH_percent_mean,23,65.69925880432129
gep02,00,2026-02-19,2026-03-14,gcrew,noaa_gefs,02,Rain_mm_sum,23,0
gep02,00,2026-02-19,2026-03-14,gcrew,noaa_gefs,02,ShortwaveRadiation_Wm2,23,192.25
gep02,00,2026-02-19,2026-03-14,gcrew,noaa_gefs,02,WindSpeed_ms_mean,23,3.0252771415459634
gep02,00,2026-02-19,2026-03-15,gcrew,noaa_gefs,02,AirTemp_C_mean,24,4.8394332885742415
gep02,00,2026-02-19,2026-03-15,gcrew,noaa_gefs,02,Pressure_Pa,24,102069.697265625
gep02,00,2026-02-19,2026-03-15,gcrew,noaa_gefs,02,RH_percent_mean,24,91.6884937286377
gep02,00,2026-02-19,2026-03-15,gcrew,noaa_gefs,02,Rain_mm_sum,24,6.8000001311302185
gep02,00,2026-02-19,2026-03-15,gcrew,noaa_gefs,02,ShortwaveRadiation_Wm2,24,9.75
gep02,00,2026-02-19,2026-03-15,gcrew,noaa_gefs,02,WindSpeed_ms_mean,24,4.914185923582207
gep02,00,2026-02-19,2026-03-16,gcrew,noaa_gefs,02,AirTemp_C_mean,25,6.88092956542971
gep02,00,2026-02-19,2026-03-16,gcrew,noaa_gefs,02,Pressure_Pa,25,100852.091796875
gep02,00,2026-02-19,2026-03-16,gcrew,noaa_gefs,02,RH_percent_mean,25,93.64601707458496
gep02,00,2026-02-19,2026-03-16,gcrew,noaa_gefs,02,Rain_mm_sum,25,0.10000000149011612
gep02,00,2026-02-19,2026-03-16,gcrew,noaa_gefs,02,ShortwaveRadiation_Wm2,25,137
gep02,00,2026-02-19,2026-03-16,gcrew,noaa_gefs,02,WindSpeed_ms_mean,25,2.385226343506775
gep02,00,2026-02-19,2026-03-17,gcrew,noaa_gefs,02,AirTemp_C_mean,26,8.267533874511741
gep02,00,2026-02-19,2026-03-17,gcrew,noaa_gefs,02,Pressure_Pa,26,100826.765625
gep02,00,2026-02-19,2026-03-17,gcrew,noaa_gefs,02,RH_percent_mean,26,91.60923194885254
gep02,00,2026-02-19,2026-03-17,gcrew,noaa_gefs,02,Rain_mm_sum,26,0
gep02,00,2026-02-19,2026-03-17,gcrew,noaa_gefs,02,ShortwaveRadiation_Wm2,26,223.75
gep02,00,2026-02-19,2026-03-17,gcrew,noaa_gefs,02,WindSpeed_ms_mean,26,2.241015530837425
gep02,00,2026-02-19,2026-03-18,gcrew,noaa_gefs,02,AirTemp_C_mean,27,11.309526062011741
gep02,00,2026-02-19,2026-03-18,gcrew,noaa_gefs,02,Pressure_Pa,27,100366.421875
gep02,00,2026-02-19,2026-03-18,gcrew,noaa_gefs,02,RH_percent_mean,27,80.98326683044434
gep02,00,2026-02-19,2026-03-18,gcrew,noaa_gefs,02,Rain_mm_sum,27,3.8000001087784767
gep02,00,2026-02-19,2026-03-18,gcrew,noaa_gefs,02,ShortwaveRadiation_Wm2,27,206
gep02,00,2026-02-19,2026-03-18,gcrew,noaa_gefs,02,WindSpeed_ms_mean,27,4.913507346762998
gep02,00,2026-02-19,2026-03-19,gcrew,noaa_gefs,02,AirTemp_C_mean,28,9.271661376953148
gep02,00,2026-02-19,2026-03-19,gcrew,noaa_gefs,02,Pressure_Pa,28,100716.333984375
gep02,00,2026-02-19,2026-03-19,gcrew,noaa_gefs,02,RH_percent_mean,28,78.55448150634766
gep02,00,2026-02-19,2026-03-19,gcrew,noaa_gefs,02,Rain_mm_sum,28,0.20000000298023224
gep02,00,2026-02-19,2026-03-19,gcrew,noaa_gefs,02,ShortwaveRadiation_Wm2,28,176
gep02,00,2026-02-19,2026-03-19,gcrew,noaa_gefs,02,WindSpeed_ms_mean,28,3.502768919064772
gep02,00,2026-02-19,2026-03-20,gcrew,noaa_gefs,02,AirTemp_C_mean,29,7.4639755249023665
gep02,00,2026-02-19,2026-03-20,gcrew,noaa_gefs,02,Pressure_Pa,29,101721.220703125
gep02,00,2026-02-19,2026-03-20,gcrew,noaa_gefs,02,RH_percent_mean,29,84.32945442199707
gep02,00,2026-02-19,2026-03-20,gcrew,noaa_gefs,02,Rain_mm_sum,29,0
gep02,00,2026-02-19,2026-03-20,gcrew,noaa_gefs,02,ShortwaveRadiation_Wm2,29,225.25
gep02,00,2026-02-19,2026-03-20,gcrew,noaa_gefs,02,WindSpeed_ms_mean,29,2.4857486906504604
gep02,00,2026-02-19,2026-03-21,gcrew,noaa_gefs,02,AirTemp_C_mean,30,5.514649963378929
gep02,00,2026-02-19,2026-03-21,gcrew,noaa_gefs,02,Pressure_Pa,30,102508.27734375
gep02,00,2026-02-19,2026-03-21,gcrew,noaa_gefs,02,RH_percent_mean,30,93.17456245422363
gep02,00,2026-02-19,2026-03-21,gcrew,noaa_gefs,02,Rain_mm_sum,30,0
gep02,00,2026-02-19,2026-03-21,gcrew,noaa_gefs,02,ShortwaveRadiation_Wm2,30,231
gep02,00,2026-02-19,2026-03-21,gcrew,noaa_gefs,02,WindSpeed_ms_mean,30,3.478610201477239
gep02,00,2026-02-19,2026-03-22,gcrew,noaa_gefs,02,AirTemp_C_mean,31,8.427484130859398
gep02,00,2026-02-19,2026-03-22,gcrew,noaa_gefs,02,Pressure_Pa,31,101537.609375
gep02,00,2026-02-19,2026-03-22,gcrew,noaa_gefs,02,RH_percent_mean,31,90.99308013916016
gep02,00,2026-02-19,2026-03-22,gcrew,noaa_gefs,02,Rain_mm_sum,31,0
gep02,00,2026-02-19,2026-03-22,gcrew,noaa_gefs,02,ShortwaveRadiation_Wm2,31,169
gep02,00,2026-02-19,2026-03-22,gcrew,noaa_gefs,02,WindSpeed_ms_mean,31,7.184195750232049
gep02,00,2026-02-19,2026-03-23,gcrew,noaa_gefs,02,AirTemp_C_mean,32,8.768609619140648
gep02,00,2026-02-19,2026-03-23,gcrew,noaa_gefs,02,Pressure_Pa,32,100650.3046875
gep02,00,2026-02-19,2026-03-23,gcrew,noaa_gefs,02,RH_percent_mean,32,58.10695171356201
gep02,00,2026-02-19,2026-03-23,gcrew,noaa_gefs,02,Rain_mm_sum,32,1.3000000715255737
gep02,00,2026-02-19,2026-03-23,gcrew,noaa_gefs,02,ShortwaveRadiation_Wm2,32,266
gep02,00,2026-02-19,2026-03-23,gcrew,noaa_gefs,02,WindSpeed_ms_mean,32,7.9327389792356415
gep02,00,2026-02-19,2026-03-24,gcrew,noaa_gefs,02,AirTemp_C_mean,33,4.568719482421898
gep02,00,2026-02-19,2026-03-24,gcrew,noaa_gefs,02,Pressure_Pa,33,101528.60546875
gep02,00,2026-02-19,2026-03-24,gcrew,noaa_gefs,02,RH_percent_mean,33,52.18817710876465
gep02,00,2026-02-19,2026-03-24,gcrew,noaa_gefs,02,Rain_mm_sum,33,0
gep02,00,2026-02-19,2026-03-24,gcrew,noaa_gefs,02,ShortwaveRadiation_Wm2,33,271.25
gep02,00,2026-02-19,2026-03-24,gcrew,noaa_gefs,02,WindSpeed_ms_mean,33,5.0208112518813515
gep02,00,2026-02-19,2026-03-25,gcrew,noaa_gefs,02,AirTemp_C_mean,34,4.424745178222679
gep02,00,2026-02-19,2026-03-25,gcrew,noaa_gefs,02,Pressure_Pa,34,100896.943359375
gep02,00,2026-02-19,2026-03-25,gcrew,noaa_gefs,02,RH_percent_mean,34,73.10336017608643
gep02,00,2026-02-19,2026-03-25,gcrew,noaa_gefs,02,Rain_mm_sum,34,0.699999988079071
gep02,00,2026-02-19,2026-03-25,gcrew,noaa_gefs,02,ShortwaveRadiation_Wm2,34,168.25
gep02,00,2026-02-19,2026-03-25,gcrew,noaa_gefs,02,WindSpeed_ms_mean,34,3.448319475494018
gep03,00,2026-02-19,2026-02-20,gcrew,noaa_gefs,03,AirTemp_C_mean,1,8.60019454956057
gep03,00,2026-02-19,2026-02-20,gcrew,noaa_gefs,03,Pressure_Pa,1,100529.837890625
gep03,00,2026-02-19,2026-02-20,gcrew,noaa_gefs,03,RH_percent_mean,1,84.13147974014282
gep03,00,2026-02-19,2026-02-20,gcrew,noaa_gefs,03,Rain_mm_sum,1,7.229999907314777
gep03,00,2026-02-19,2026-02-20,gcrew,noaa_gefs,03,ShortwaveRadiation_Wm2,1,90
gep03,00,2026-02-19,2026-02-20,gcrew,noaa_gefs,03,WindSpeed_ms_mean,1,5.327480968436972
gep03,00,2026-02-19,2026-02-21,gcrew,noaa_gefs,03,AirTemp_C_mean,2,4.957093811035179
gep03,00,2026-02-19,2026-02-21,gcrew,noaa_gefs,03,Pressure_Pa,2,101362.1162109375
gep03,00,2026-02-19,2026-02-21,gcrew,noaa_gefs,03,RH_percent_mean,2,67.61050748825073
gep03,00,2026-02-19,2026-02-21,gcrew,noaa_gefs,03,Rain_mm_sum,2,0.009999999776482582
gep03,00,2026-02-19,2026-02-21,gcrew,noaa_gefs,03,ShortwaveRadiation_Wm2,2,157.375
gep03,00,2026-02-19,2026-02-21,gcrew,noaa_gefs,03,WindSpeed_ms_mean,2,2.796669875085554
gep03,00,2026-02-19,2026-02-22,gcrew,noaa_gefs,03,AirTemp_C_mean,3,1.7196746826172102
gep03,00,2026-02-19,2026-02-22,gcrew,noaa_gefs,03,Pressure_Pa,3,101743.5
gep03,00,2026-02-19,2026-02-22,gcrew,noaa_gefs,03,RH_percent_mean,3,72.97090816497803
gep03,00,2026-02-19,2026-02-22,gcrew,noaa_gefs,03,Rain_mm_sum,3,0.10000000149011612
gep03,00,2026-02-19,2026-02-22,gcrew,noaa_gefs,03,ShortwaveRadiation_Wm2,3,141.625
gep03,00,2026-02-19,2026-02-22,gcrew,noaa_gefs,03,WindSpeed_ms_mean,3,2.597666670204664
gep03,00,2026-02-19,2026-02-23,gcrew,noaa_gefs,03,AirTemp_C_mean,4,0.5413490295410384
gep03,00,2026-02-19,2026-02-23,gcrew,noaa_gefs,03,Pressure_Pa,4,101336.916015625
gep03,00,2026-02-19,2026-02-23,gcrew,noaa_gefs,03,RH_percent_mean,4,88.30583763122559
gep03,00,2026-02-19,2026-02-23,gcrew,noaa_gefs,03,Rain_mm_sum,4,6.400000065565109
gep03,00,2026-02-19,2026-02-23,gcrew,noaa_gefs,03,ShortwaveRadiation_Wm2,4,97.75
gep03,00,2026-02-19,2026-02-23,gcrew,noaa_gefs,03,WindSpeed_ms_mean,4,5.788296822041432
gep03,00,2026-02-19,2026-02-24,gcrew,noaa_gefs,03,AirTemp_C_mean,5,0.5290084838867415
gep03,00,2026-02-19,2026-02-24,gcrew,noaa_gefs,03,Pressure_Pa,5,101826.7109375
gep03,00,2026-02-19,2026-02-24,gcrew,noaa_gefs,03,RH_percent_mean,5,67.53751993179321
gep03,00,2026-02-19,2026-02-24,gcrew,noaa_gefs,03,Rain_mm_sum,5,0.10000000149011612
gep03,00,2026-02-19,2026-02-24,gcrew,noaa_gefs,03,ShortwaveRadiation_Wm2,5,205.75
gep03,00,2026-02-19,2026-02-24,gcrew,noaa_gefs,03,WindSpeed_ms_mean,5,4.922516373996911
gep03,00,2026-02-19,2026-02-25,gcrew,noaa_gefs,03,AirTemp_C_mean,6,4.261026000976585
gep03,00,2026-02-19,2026-02-25,gcrew,noaa_gefs,03,Pressure_Pa,6,101437.8994140625
gep03,00,2026-02-19,2026-02-25,gcrew,noaa_gefs,03,RH_percent_mean,6,64.63713264465332
gep03,00,2026-02-19,2026-02-25,gcrew,noaa_gefs,03,Rain_mm_sum,6,0.5000000149011612
gep03,00,2026-02-19,2026-02-25,gcrew,noaa_gefs,03,ShortwaveRadiation_Wm2,6,123.375
gep03,00,2026-02-19,2026-02-25,gcrew,noaa_gefs,03,WindSpeed_ms_mean,6,4.7829481823237945
gep03,00,2026-02-19,2026-02-26,gcrew,noaa_gefs,03,AirTemp_C_mean,7,7.054109191894554
gep03,00,2026-02-19,2026-02-26,gcrew,noaa_gefs,03,Pressure_Pa,7,101322.2197265625
gep03,00,2026-02-19,2026-02-26,gcrew,noaa_gefs,03,RH_percent_mean,7,73.60764694213867
gep03,00,2026-02-19,2026-02-26,gcrew,noaa_gefs,03,Rain_mm_sum,7,1.6900000274181366
gep03,00,2026-02-19,2026-02-26,gcrew,noaa_gefs,03,ShortwaveRadiation_Wm2,7,169.75
gep03,00,2026-02-19,2026-02-26,gcrew,noaa_gefs,03,WindSpeed_ms_mean,7,4.3598277703380175
gep03,00,2026-02-19,2026-02-27,gcrew,noaa_gefs,03,AirTemp_C_mean,8,2.5398727416992415
gep03,00,2026-02-19,2026-02-27,gcrew,noaa_gefs,03,Pressure_Pa,8,101330.2099609375
gep03,00,2026-02-19,2026-02-27,gcrew,noaa_gefs,03,RH_percent_mean,8,90.59297943115234
gep03,00,2026-02-19,2026-02-27,gcrew,noaa_gefs,03,Rain_mm_sum,8,41.3899998255074
gep03,00,2026-02-19,2026-02-27,gcrew,noaa_gefs,03,ShortwaveRadiation_Wm2,8,16.875
gep03,00,2026-02-19,2026-02-27,gcrew,noaa_gefs,03,WindSpeed_ms_mean,8,3.173158734850934
gep03,00,2026-02-19,2026-02-28,gcrew,noaa_gefs,03,AirTemp_C_mean,9,6.081576102120558
gep03,00,2026-02-19,2026-02-28,gcrew,noaa_gefs,03,Pressure_Pa,9,100991.2890625
gep03,00,2026-02-19,2026-02-28,gcrew,noaa_gefs,03,RH_percent_mean,9,89.50826699393136
gep03,00,2026-02-19,2026-02-28,gcrew,noaa_gefs,03,Rain_mm_sum,9,6.939999997615814
gep03,00,2026-02-19,2026-02-28,gcrew,noaa_gefs,03,ShortwaveRadiation_Wm2,9,198.71428571428572
gep03,00,2026-02-19,2026-02-28,gcrew,noaa_gefs,03,WindSpeed_ms_mean,9,2.371464473414071
gep03,00,2026-02-19,2026-03-01,gcrew,noaa_gefs,03,AirTemp_C_mean,10,3.9153381347656477
gep03,00,2026-02-19,2026-03-01,gcrew,noaa_gefs,03,Pressure_Pa,10,102000.736328125
gep03,00,2026-02-19,2026-03-01,gcrew,noaa_gefs,03,RH_percent_mean,10,64.10819625854492
gep03,00,2026-02-19,2026-03-01,gcrew,noaa_gefs,03,Rain_mm_sum,10,0
gep03,00,2026-02-19,2026-03-01,gcrew,noaa_gefs,03,ShortwaveRadiation_Wm2,10,214
gep03,00,2026-02-19,2026-03-01,gcrew,noaa_gefs,03,WindSpeed_ms_mean,10,3.7106248775369783
gep03,00,2026-02-19,2026-03-02,gcrew,noaa_gefs,03,AirTemp_C_mean,11,2.6448913574218977
gep03,00,2026-02-19,2026-03-02,gcrew,noaa_gefs,03,Pressure_Pa,11,101992.7734375
gep03,00,2026-02-19,2026-03-02,gcrew,noaa_gefs,03,RH_percent_mean,11,80.4185619354248
gep03,00,2026-02-19,2026-03-02,gcrew,noaa_gefs,03,Rain_mm_sum,11,1.7000000327825546
gep03,00,2026-02-19,2026-03-02,gcrew,noaa_gefs,03,ShortwaveRadiation_Wm2,11,22.5
gep03,00,2026-02-19,2026-03-02,gcrew,noaa_gefs,03,WindSpeed_ms_mean,11,3.8287651590698437
gep03,00,2026-02-19,2026-03-03,gcrew,noaa_gefs,03,AirTemp_C_mean,12,13.411950683593773
gep03,00,2026-02-19,2026-03-03,gcrew,noaa_gefs,03,Pressure_Pa,12,101091.162109375
gep03,00,2026-02-19,2026-03-03,gcrew,noaa_gefs,03,RH_percent_mean,12,90.47667694091797
gep03,00,2026-02-19,2026-03-03,gcrew,noaa_gefs,03,Rain_mm_sum,12,3.1000000834465027
gep03,00,2026-02-19,2026-03-03,gcrew,noaa_gefs,03,ShortwaveRadiation_Wm2,12,146
gep03,00,2026-02-19,2026-03-03,gcrew,noaa_gefs,03,WindSpeed_ms_mean,12,5.012968706083463
gep03,00,2026-02-19,2026-03-04,gcrew,noaa_gefs,03,AirTemp_C_mean,13,8.065553283691429
gep03,00,2026-02-19,2026-03-04,gcrew,noaa_gefs,03,Pressure_Pa,13,102178.892578125
gep03,00,2026-02-19,2026-03-04,gcrew,noaa_gefs,03,RH_percent_mean,13,90.09021759033203
gep03,00,2026-02-19,2026-03-04,gcrew,noaa_gefs,03,Rain_mm_sum,13,6.300000101327896
gep03,00,2026-02-19,2026-03-04,gcrew,noaa_gefs,03,ShortwaveRadiation_Wm2,13,25
gep03,00,2026-02-19,2026-03-04,gcrew,noaa_gefs,03,WindSpeed_ms_mean,13,3.9570483623648522
gep03,00,2026-02-19,2026-03-05,gcrew,noaa_gefs,03,AirTemp_C_mean,14,12.227571105957054
gep03,00,2026-02-19,2026-03-05,gcrew,noaa_gefs,03,Pressure_Pa,14,101463.474609375
gep03,00,2026-02-19,2026-03-05,gcrew,noaa_gefs,03,RH_percent_mean,14,91.76033973693848
gep03,00,2026-02-19,2026-03-05,gcrew,noaa_gefs,03,Rain_mm_sum,14,2.4999999925494194
gep03,00,2026-02-19,2026-03-05,gcrew,noaa_gefs,03,ShortwaveRadiation_Wm2,14,89.75
gep03,00,2026-02-19,2026-03-05,gcrew,noaa_gefs,03,WindSpeed_ms_mean,14,6.039026367710616
gep03,00,2026-02-19,2026-03-06,gcrew,noaa_gefs,03,AirTemp_C_mean,15,0.883576965332054
gep03,00,2026-02-19,2026-03-06,gcrew,noaa_gefs,03,Pressure_Pa,15,101621.16796875
gep03,00,2026-02-19,2026-03-06,gcrew,noaa_gefs,03,RH_percent_mean,15,92.8342227935791
gep03,00,2026-02-19,2026-03-06,gcrew,noaa_gefs,03,Rain_mm_sum,15,37.30000019073486
gep03,00,2026-02-19,2026-03-06,gcrew,noaa_gefs,03,ShortwaveRadiation_Wm2,15,17.5
gep03,00,2026-02-19,2026-03-06,gcrew,noaa_gefs,03,WindSpeed_ms_mean,15,6.799946731139411
gep03,00,2026-02-19,2026-03-07,gcrew,noaa_gefs,03,AirTemp_C_mean,16,-1.2620071411132585
gep03,00,2026-02-19,2026-03-07,gcrew,noaa_gefs,03,Pressure_Pa,16,102783.318359375
gep03,00,2026-02-19,2026-03-07,gcrew,noaa_gefs,03,RH_percent_mean,16,79.86228942871094
gep03,00,2026-02-19,2026-03-07,gcrew,noaa_gefs,03,Rain_mm_sum,16,0
gep03,00,2026-02-19,2026-03-07,gcrew,noaa_gefs,03,ShortwaveRadiation_Wm2,16,231.5
gep03,00,2026-02-19,2026-03-07,gcrew,noaa_gefs,03,WindSpeed_ms_mean,16,3.336420955691156
gep03,00,2026-02-19,2026-03-08,gcrew,noaa_gefs,03,AirTemp_C_mean,17,2.6822448730468977
gep03,00,2026-02-19,2026-03-08,gcrew,noaa_gefs,03,Pressure_Pa,17,102794.392578125
gep03,00,2026-02-19,2026-03-08,gcrew,noaa_gefs,03,RH_percent_mean,17,80.685150146484375
gep03,00,2026-02-19,2026-03-08,gcrew,noaa_gefs,03,Rain_mm_sum,17,0
gep03,00,2026-02-19,2026-03-08,gcrew,noaa_gefs,03,ShortwaveRadiation_Wm2,17,218.75
gep03,00,2026-02-19,2026-03-08,gcrew,noaa_gefs,03,WindSpeed_ms_mean,17,2.011765155426912
gep03,00,2026-02-19,2026-03-09,gcrew,noaa_gefs,03,AirTemp_C_mean,18,2.2363754272461165
gep03,00,2026-02-19,2026-03-09,gcrew,noaa_gefs,03,Pressure_Pa,18,102708.865234375
gep03,00,2026-02-19,2026-03-09,gcrew,noaa_gefs,03,RH_percent_mean,18,88.49076080322266
gep03,00,2026-02-19,2026-03-09,gcrew,noaa_gefs,03,Rain_mm_sum,18,0
gep03,00,2026-02-19,2026-03-09,gcrew,noaa_gefs,03,ShortwaveRadiation_Wm2,18,190.5
gep03,00,2026-02-19,2026-03-09,gcrew,noaa_gefs,03,WindSpeed_ms_mean,18,2.926777667971675
gep03,00,2026-02-19,2026-03-10,gcrew,noaa_gefs,03,AirTemp_C_mean,19,3.077027893066429
gep03,00,2026-02-19,2026-03-10,gcrew,noaa_gefs,03,Pressure_Pa,19,101449.376953125
gep03,00,2026-02-19,2026-03-10,gcrew,noaa_gefs,03,RH_percent_mean,19,97.0867977142334
gep03,00,2026-02-19,2026-03-10,gcrew,noaa_gefs,03,Rain_mm_sum,19,20.30000078678131
gep03,00,2026-02-19,2026-03-10,gcrew,noaa_gefs,03,ShortwaveRadiation_Wm2,19,12.25
gep03,00,2026-02-19,2026-03-10,gcrew,noaa_gefs,03,WindSpeed_ms_mean,19,2.16738045229572
gep03,00,2026-02-19,2026-03-11,gcrew,noaa_gefs,03,AirTemp_C_mean,20,2.4423767089843977
gep03,00,2026-02-19,2026-03-11,gcrew,noaa_gefs,03,Pressure_Pa,20,101607.31640625
gep03,00,2026-02-19,2026-03-11,gcrew,noaa_gefs,03,RH_percent_mean,20,73.54477119445801
gep03,00,2026-02-19,2026-03-11,gcrew,noaa_gefs,03,Rain_mm_sum,20,0
gep03,00,2026-02-19,2026-03-11,gcrew,noaa_gefs,03,ShortwaveRadiation_Wm2,20,216.25
gep03,00,2026-02-19,2026-03-11,gcrew,noaa_gefs,03,WindSpeed_ms_mean,20,3.965489202739927
gep03,00,2026-02-19,2026-03-12,gcrew,noaa_gefs,03,AirTemp_C_mean,21,5.346345520019554
gep03,00,2026-02-19,2026-03-12,gcrew,noaa_gefs,03,Pressure_Pa,21,101774.470703125
gep03,00,2026-02-19,2026-03-12,gcrew,noaa_gefs,03,RH_percent_mean,21,70.26903629302979
gep03,00,2026-02-19,2026-03-12,gcrew,noaa_gefs,03,Rain_mm_sum,21,0
gep03,00,2026-02-19,2026-03-12,gcrew,noaa_gefs,03,ShortwaveRadiation_Wm2,21,234.5
gep03,00,2026-02-19,2026-03-12,gcrew,noaa_gefs,03,WindSpeed_ms_mean,21,4.989251373860443
gep03,00,2026-02-19,2026-03-13,gcrew,noaa_gefs,03,AirTemp_C_mean,22,0.404817199707054
gep03,00,2026-02-19,2026-03-13,gcrew,noaa_gefs,03,Pressure_Pa,22,103084.677734375
gep03,00,2026-02-19,2026-03-13,gcrew,noaa_gefs,03,RH_percent_mean,22,59.94519805908203
gep03,00,2026-02-19,2026-03-13,gcrew,noaa_gefs,03,Rain_mm_sum,22,0
gep03,00,2026-02-19,2026-03-13,gcrew,noaa_gefs,03,ShortwaveRadiation_Wm2,22,246.75
gep03,00,2026-02-19,2026-03-13,gcrew,noaa_gefs,03,WindSpeed_ms_mean,22,3.9252923447424357
gep03,00,2026-02-19,2026-03-14,gcrew,noaa_gefs,03,AirTemp_C_mean,23,2.2103439331054915
gep03,00,2026-02-19,2026-03-14,gcrew,noaa_gefs,03,Pressure_Pa,23,103257.919921875
gep03,00,2026-02-19,2026-03-14,gcrew,noaa_gefs,03,RH_percent_mean,23,65.69925880432129
gep03,00,2026-02-19,2026-03-14,gcrew,noaa_gefs,03,Rain_mm_sum,23,0
gep03,00,2026-02-19,2026-03-14,gcrew,noaa_gefs,03,ShortwaveRadiation_Wm2,23,192.25
gep03,00,2026-02-19,2026-03-14,gcrew,noaa_gefs,03,WindSpeed_ms_mean,23,3.0252771415459634
gep03,00,2026-02-19,2026-03-15,gcrew,noaa_gefs,03,AirTemp_C_mean,24,4.8394332885742415
gep03,00,2026-02-19,2026-03-15,gcrew,noaa_gefs,03,Pressure_Pa,24,102069.697265625
gep03,00,2026-02-19,2026-03-15,gcrew,noaa_gefs,03,RH_percent_mean,24,91.6884937286377
gep03,00,2026-02-19,2026-03-15,gcrew,noaa_gefs,03,Rain_mm_sum,24,6.8000001311302185
gep03,00,2026-02-19,2026-03-15,gcrew,noaa_gefs,03,ShortwaveRadiation_Wm2,24,9.75
gep03,00,2026-02-19,2026-03-15,gcrew,noaa_gefs,03,WindSpeed_ms_mean,24,4.914185923582207
gep03,00,2026-02-19,2026-03-16,gcrew,noaa_gefs,03,AirTemp_C_mean,25,6.88092956542971
gep03,00,2026-02-19,2026-03-16,gcrew,noaa_gefs,03,Pressure_Pa,25,100852.091796875
gep03,00,2026-02-19,2026-03-16,gcrew,noaa_gefs,03,RH_percent_mean,25,93.64601707458496
gep03,00,2026-02-19,2026-03-16,gcrew,noaa_gefs,03,Rain_mm_sum,25,0.10000000149011612
gep03,00,2026-02-19,2026-03-16,gcrew,noaa_gefs,03,ShortwaveRadiation_Wm2,25,137
gep03,00,2026-02-19,2026-03-16,gcrew,noaa_gefs,03,WindSpeed_ms_mean,25,2.385226343506775
gep03,00,2026-02-19,2026-03-17,gcrew,noaa_gefs,03,AirTemp_C_mean,26,8.267533874511741
gep03,00,2026-02-19,2026-03-17,gcrew,noaa_gefs,03,Pressure_Pa,26,100826.765625
gep03,00,2026-02-19,2026-03-17,gcrew,noaa_gefs,03,RH_percent_mean,26,91.60923194885254
gep03,00,2026-02-19,2026-03-17,gcrew,noaa_gefs,03,Rain_mm_sum,26,0
gep03,00,2026-02-19,2026-03-17,gcrew,noaa_gefs,03,ShortwaveRadiation_Wm2,26,223.75
gep03,00,2026-02-19,2026-03-17,gcrew,noaa_gefs,03,WindSpeed_ms_mean,26,2.241015530837425
gep03,00,2026-02-19,2026-03-18,gcrew,noaa_gefs,03,AirTemp_C_mean,27,11.309526062011741
gep03,00,2026-02-19,2026-03-18,gcrew,noaa_gefs,03,Pressure_Pa,27,100366.421875
gep03,00,2026-02-19,2026-03-18,gcrew,noaa_gefs,03,RH_percent_mean,27,80.98326683044434
gep03,00,2026-02-19,2026-03-18,gcrew,noaa_gefs,03,Rain_mm_sum,27,3.8000001087784767
gep03,00,2026-02-19,2026-03-18,gcrew,noaa_gefs,03,ShortwaveRadiation_Wm2,27,206
gep03,00,2026-02-19,2026-03-18,gcrew,noaa_gefs,03,WindSpeed_ms_mean,27,4.913507346762998
gep03,00,2026-02-19,2026-03-19,gcrew,noaa_gefs,03,AirTemp_C_mean,28,9.271661376953148
gep03,00,2026-02-19,2026-03-19,gcrew,noaa_gefs,03,Pressure_Pa,28,100716.333984375
gep03,00,2026-02-19,2026-03-19,gcrew,noaa_gefs,03,RH_percent_mean,28,78.55448150634766
gep03,00,2026-02-19,2026-03-19,gcrew,noaa_gefs,03,Rain_mm_sum,28,0.20000000298023224
gep03,00,2026-02-19,2026-03-19,gcrew,noaa_gefs,03,ShortwaveRadiation_Wm2,28,176
gep03,00,2026-02-19,2026-03-19,gcrew,noaa_gefs,03,WindSpeed_ms_mean,28,3.502768919064772
gep03,00,2026-02-19,2026-03-20,gcrew,noaa_gefs,03,AirTemp_C_mean,29,7.4639755249023665
gep03,00,2026-02-19,2026-03-20,gcrew,noaa_gefs,03,Pressure_Pa,29,101721.220703125
gep03,00,2026-02-19,2026-03-20,gcrew,noaa_gefs,03,RH_percent_mean,29,84.32945442199707
gep03,00,2026-02-19,2026-03-20,gcrew,noaa_gefs,03,Rain_mm_sum,29,0
gep03,00,2026-02-19,2026-03-20,gcrew,noaa_gefs,03,ShortwaveRadiation_Wm2,29,225.25
gep03,00,2026-02-19,2026-03-20,gcrew,noaa_gefs,03,WindSpeed_ms_mean,29,2.4857486906504604
gep03,00,2026-02-19,2026-03-21,gcrew,noaa_gefs,03,AirTemp_C_mean,30,5.514649963378929
gep03,00,2026-02-19,2026-03-21,gcrew,noaa_gefs,03,Pressure_Pa,30,102508.27734375
gep03,00,2026-02-19,2026-03-21,gcrew,noaa_gefs,03,RH_percent_mean,30,93.17456245422363
gep03,00,2026-02-19,2026-03-21,gcrew,noaa_gefs,03,Rain_mm_sum,30,0
gep03,00,2026-02-19,2026-03-21,gcrew,noaa_gefs,03,ShortwaveRadiation_Wm2,30,231
gep03,00,2026-02-19,2026-03-21,gcrew,noaa_gefs,03,WindSpeed_ms_mean,30,3.478610201477239
gep03,00,2026-02-19,2026-03-22,gcrew,noaa_gefs,03,AirTemp_C_mean,31,8.427484130859398
gep03,00,2026-02-19,2026-03-22,gcrew,noaa_gefs,03,Pressure_Pa,31,101537.609375
gep03,00,2026-02-19,2026-03-22,gcrew,noaa_gefs,03,RH_percent_mean,31,90.99308013916016
gep03,00,2026-02-19,2026-03-22,gcrew,noaa_gefs,03,Rain_mm_sum,31,0
gep03,00,2026-02-19,2026-03-22,gcrew,noaa_gefs,03,ShortwaveRadiation_Wm2,31,169
gep03,00,2026-02-19,2026-03-22,gcrew,noaa_gefs,03,WindSpeed_ms_mean,31,7.184195750232049
gep03,00,2026-02-19,2026-03-23,gcrew,noaa_gefs,03,AirTemp_C_mean,32,8.768609619140648
gep03,00,2026-02-19,2026-03-23,gcrew,noaa_gefs,03,Pressure_Pa,32,100650.3046875
gep03,00,2026-02-19,2026-03-23,gcrew,noaa_gefs,03,RH_percent_mean,32,58.10695171356201
gep03,00,2026-02-19,2026-03-23,gcrew,noaa_gefs,03,Rain_mm_sum,32,1.3000000715255737
gep03,00,2026-02-19,2026-03-23,gcrew,noaa_gefs,03,ShortwaveRadiation_Wm2,32,266
gep03,00,2026-02-19,2026-03-23,gcrew,noaa_gefs,03,WindSpeed_ms_mean,32,7.9327389792356415
gep03,00,2026-02-19,2026-03-24,gcrew,noaa_gefs,03,AirTemp_C_mean,33,4.568719482421898
gep03,00,2026-02-19,2026-03-24,gcrew,noaa_gefs,03,Pressure_Pa,33,101528.60546875
gep03,00,2026-02-19,2026-03-24,gcrew,noaa_gefs,03,RH_percent_mean,33,52.18817710876465
gep03,00,2026-02-19,2026-03-24,gcrew,noaa_gefs,03,Rain_mm_sum,33,0
gep03,00,2026-02-19,2026-03-24,gcrew,noaa_gefs,03,ShortwaveRadiation_Wm2,33,271.25
gep03,00,2026-02-19,2026-03-24,gcrew,noaa_gefs,03,WindSpeed_ms_mean,33,5.0208112518813515
gep03,00,2026-02-19,2026-03-25,gcrew,noaa_gefs,03,AirTemp_C_mean,34,4.424745178222679
gep03,00,2026-02-19,2026-03-25,gcrew,noaa_gefs,03,Pressure_Pa,34,100896.943359375
gep03,00,2026-02-19,2026-03-25,gcrew,noaa_gefs,03,RH_percent_mean,34,73.10336017608643
gep03,00,2026-02-19,2026-03-25,gcrew,noaa_gefs,03,Rain_mm_sum,34,0.699999988079071
gep03,00,2026-02-19,2026-03-25,gcrew,noaa_gefs,03,ShortwaveRadiation_Wm2,34,168.25
gep03,00,2026-02-19,2026-03-25,gcrew,noaa_gefs,03,WindSpeed_ms_mean,34,3.448319475494018
gep04,00,2026-02-19,2026-02-20,gcrew,noaa_gefs,04,AirTemp_C_mean,1,8.60019454956057
gep04,00,2026-02-19,2026-02-20,gcrew,noaa_gefs,04,Pressure_Pa,1,100529.837890625
gep04,00,2026-02-19,2026-02-20,gcrew,noaa_gefs,04,RH_percent_mean,1,84.13147974014282
gep04,00,2026-02-19,2026-02-20,gcrew,noaa_gefs,04,Rain_mm_sum,1,7.229999907314777
gep04,00,2026-02-19,2026-02-20,gcrew,noaa_gefs,04,ShortwaveRadiation_Wm2,1,90
gep04,00,2026-02-19,2026-02-20,gcrew,noaa_gefs,04,WindSpeed_ms_mean,1,5.327480968436972
gep04,00,2026-02-19,2026-02-21,gcrew,noaa_gefs,04,AirTemp_C_mean,2,4.957093811035179
gep04,00,2026-02-19,2026-02-21,gcrew,noaa_gefs,04,Pressure_Pa,2,101362.1162109375
gep04,00,2026-02-19,2026-02-21,gcrew,noaa_gefs,04,RH_percent_mean,2,67.61050748825073
gep04,00,2026-02-19,2026-02-21,gcrew,noaa_gefs,04,Rain_mm_sum,2,0.009999999776482582
gep04,00,2026-02-19,2026-02-21,gcrew,noaa_gefs,04,ShortwaveRadiation_Wm2,2,157.375
gep04,00,2026-02-19,2026-02-21,gcrew,noaa_gefs,04,WindSpeed_ms_mean,2,2.796669875085554
gep04,00,2026-02-19,2026-02-22,gcrew,noaa_gefs,04,AirTemp_C_mean,3,1.7196746826172102
gep04,00,2026-02-19,2026-02-22,gcrew,noaa_gefs,04,Pressure_Pa,3,101743.5
gep04,00,2026-02-19,2026-02-22,gcrew,noaa_gefs,04,RH_percent_mean,3,72.97090816497803
gep04,00,2026-02-19,2026-02-22,gcrew,noaa_gefs,04,Rain_mm_sum,3,0.10000000149011612
gep04,00,2026-02-19,2026-02-22,gcrew,noaa_gefs,04,ShortwaveRadiation_Wm2,3,141.625
gep04,00,2026-02-19,2026-02-22,gcrew,noaa_gefs,04,WindSpeed_ms_mean,3,2.597666670204664
gep04,00,2026-02-19,2026-02-23,gcrew,noaa_gefs,04,AirTemp_C_mean,4,0.5413490295410384
gep04,00,2026-02-19,2026-02-23,gcrew,noaa_gefs,04,Pressure_Pa,4,101336.916015625
gep04,00,2026-02-19,2026-02-23,gcrew,noaa_gefs,04,RH_percent_mean,4,88.30583763122559
gep04,00,2026-02-19,2026-02-23,gcrew,noaa_gefs,04,Rain_mm_sum,4,6.400000065565109
gep04,00,2026-02-19,2026-02-23,gcrew,noaa_gefs,04,ShortwaveRadiation_Wm2,4,97.75
gep04,00,2026-02-19,2026-02-23,gcrew,noaa_gefs,04,WindSpeed_ms_mean,4,5.788296822041432
gep04,00,2026-02-19,2026-02-24,gcrew,noaa_gefs,04,AirTemp_C_mean,5,0.5290084838867415
gep04,00,2026-02-19,2026-02-24,gcrew,noaa_gefs,04,Pressure_Pa,5,101826.7109375
gep04,00,2026-02-19,2026-02-24,gcrew,noaa_gefs,04,RH_percent_mean,5,67.53751993179321
gep04,00,2026-02-19,2026-02-24,gcrew,noaa_gefs,04,Rain_mm_sum,5,0.10000000149011612
gep04,00,2026-02-19,2026-02-24,gcrew,noaa_gefs,04,ShortwaveRadiation_Wm2,5,205.75
gep04,00,2026-02-19,2026-02-24,gcrew,noaa_gefs,04,WindSpeed_ms_mean,5,4.922516373996911
gep04,00,2026-02-19,2026-02-25,gcrew,noaa_gefs,04,AirTemp_C_mean,6,4.261026000976585
gep04,00,2026-02-19,2026-02-25,gcrew,noaa_gefs,04,Pressure_Pa,6,101437.8994140625
gep04,00,2026-02-19,2026-02-25,gcrew,noaa_gefs,04,RH_percent_mean,6,64.63713264465332
gep04,00,2026-02-19,2026-02-25,gcrew,noaa_gefs,04,Rain_mm_sum,6,0.5000000149011612
gep04,00,2026-02-19,2026-02-25,gcrew,noaa_gefs,04,ShortwaveRadiation_Wm2,6,123.375
gep04,00,2026-02-19,2026-02-25,gcrew,noaa_gefs,04,WindSpeed_ms_mean,6,4.7829481823237945
gep04,00,2026-02-19,2026-02-26,gcrew,noaa_gefs,04,AirTemp_C_mean,7,7.054109191894554
gep04,00,2026-02-19,2026-02-26,gcrew,noaa_gefs,04,Pressure_Pa,7,101322.2197265625
gep04,00,2026-02-19,2026-02-26,gcrew,noaa_gefs,04,RH_percent_mean,7,73.60764694213867
gep04,00,2026-02-19,2026-02-26,gcrew,noaa_gefs,04,Rain_mm_sum,7,1.6900000274181366
gep04,00,2026-02-19,2026-02-26,gcrew,noaa_gefs,04,ShortwaveRadiation_Wm2,7,169.75
gep04,00,2026-02-19,2026-02-26,gcrew,noaa_gefs,04,WindSpeed_ms_mean,7,4.3598277703380175
gep04,00,2026-02-19,2026-02-27,gcrew,noaa_gefs,04,AirTemp_C_mean,8,2.5398727416992415
gep04,00,2026-02-19,2026-02-27,gcrew,noaa_gefs,04,Pressure_Pa,8,101330.2099609375
gep04,00,2026-02-19,2026-02-27,gcrew,noaa_gefs,04,RH_percent_mean,8,90.59297943115234
gep04,00,2026-02-19,2026-02-27,gcrew,noaa_gefs,04,Rain_mm_sum,8,41.3899998255074
gep04,00,2026-02-19,2026-02-27,gcrew,noaa_gefs,04,ShortwaveRadiation_Wm2,8,16.875
gep04,00,2026-02-19,2026-02-27,gcrew,noaa_gefs,04,WindSpeed_ms_mean,8,3.173158734850934
gep04,00,2026-02-19,2026-02-28,gcrew,noaa_gefs,04,AirTemp_C_mean,9,6.081576102120558
gep04,00,2026-02-19,2026-02-28,gcrew,noaa_gefs,04,Pressure_Pa,9,100991.2890625
gep04,00,2026-02-19,2026-02-28,gcrew,noaa_gefs,04,RH_percent_mean,9,89.50826699393136
gep04,00,2026-02-19,2026-02-28,gcrew,noaa_gefs,04,Rain_mm_sum,9,6.939999997615814
gep04,00,2026-02-19,2026-02-28,gcrew,noaa_gefs,04,ShortwaveRadiation_Wm2,9,198.71428571428572
gep04,00,2026-02-19,2026-02-28,gcrew,noaa_gefs,04,WindSpeed_ms_mean,9,2.371464473414071
gep04,00,2026-02-19,2026-03-01,gcrew,noaa_gefs,04,AirTemp_C_mean,10,3.9153381347656477
gep04,00,2026-02-19,2026-03-01,gcrew,noaa_gefs,04,Pressure_Pa,10,102000.736328125
gep04,00,2026-02-19,2026-03-01,gcrew,noaa_gefs,04,RH_percent_mean,10,64.10819625854492
gep04,00,2026-02-19,2026-03-01,gcrew,noaa_gefs,04,Rain_mm_sum,10,0
gep04,00,2026-02-19,2026-03-01,gcrew,noaa_gefs,04,ShortwaveRadiation_Wm2,10,214
gep04,00,2026-02-19,2026-03-01,gcrew,noaa_gefs,04,WindSpeed_ms_mean,10,3.7106248775369783
gep04,00,2026-02-19,2026-03-02,gcrew,noaa_gefs,04,AirTemp_C_mean,11,2.6448913574218977
gep04,00,2026-02-19,2026-03-02,gcrew,noaa_gefs,04,Pressure_Pa,11,101992.7734375
gep04,00,2026-02-19,2026-03-02,gcrew,noaa_gefs,04,RH_percent_mean,11,80.4185619354248
gep04,00,2026-02-19,2026-03-02,gcrew,noaa_gefs,04,Rain_mm_sum,11,1.7000000327825546
gep04,00,2026-02-19,2026-03-02,gcrew,noaa_gefs,04,ShortwaveRadiation_Wm2,11,22.5
gep04,00,2026-02-19,2026-03-02,gcrew,noaa_gefs,04,WindSpeed_ms_mean,11,3.8287651590698437
gep04,00,2026-02-19,2026-03-03,gcrew,noaa_gefs,04,AirTemp_C_mean,12,13.411950683593773
gep04,00,2026-02-19,2026-03-03,gcrew,noaa_gefs,04,Pressure_Pa,12,101091.162109375
gep04,00,2026-02-19,2026-03-03,gcrew,noaa_gefs,04,RH_percent_mean,12,90.47667694091797
gep04,00,2026-02-19,2026-03-03,gcrew,noaa_gefs,04,Rain_mm_sum,12,3.1000000834465027
gep04,00,2026-02-19,2026-03-03,gcrew,noaa_gefs,04,ShortwaveRadiation_Wm2,12,146
gep04,00,2026-02-19,2026-03-03,gcrew,noaa_gefs,04,WindSpeed_ms_mean,12,5.012968706083463
gep04,00,2026-02-19,2026-03-04,gcrew,noaa_gefs,04,AirTemp_C_mean,13,8.065553283691429
gep04,00,2026-02-19,2026-03-04,gcrew,noaa_gefs,04,Pressure_Pa,13,102178.892578125
gep04,00,2026-02-19,2026-03-04,gcrew,noaa_gefs,04,RH_percent_mean,13,90.09021759033203
gep04,00,2026-02-19,2026-03-04,gcrew,noaa_gefs,04,Rain_mm_sum,13,6.300000101327896
gep04,00,2026-02-19,2026-03-04,gcrew,noaa_gefs,04,ShortwaveRadiation_Wm2,13,25
gep04,00,2026-02-19,2026-03-04,gcrew,noaa_gefs,04,WindSpeed_ms_mean,13,3.9570483623648522
gep04,00,2026-02-19,2026-03-05,gcrew,noaa_gefs,04,AirTemp_C_mean,14,12.227571105957054
gep04,00,2026-02-19,2026-03-05,gcrew,noaa_gefs,04,Pressure_Pa,14,101463.474609375
gep04,00,2026-02-19,2026-03-05,gcrew,noaa_gefs,04,RH_percent_mean,14,91.76033973693848
gep04,00,2026-02-19,2026-03-05,gcrew,noaa_gefs,04,Rain_mm_sum,14,2.4999999925494194
gep04,00,2026-02-19,2026-03-05,gcrew,noaa_gefs,04,ShortwaveRadiation_Wm2,14,89.75
gep04,00,2026-02-19,2026-03-05,gcrew,noaa_gefs,04,WindSpeed_ms_mean,14,6.039026367710616
gep04,00,2026-02-19,2026-03-06,gcrew,noaa_gefs,04,AirTemp_C_mean,15,0.883576965332054
gep04,00,2026-02-19,2026-03-06,gcrew,noaa_gefs,04,Pressure_Pa,15,101621.16796875
gep04,00,2026-02-19,2026-03-06,gcrew,noaa_gefs,04,RH_percent_mean,15,92.8342227935791
gep04,00,2026-02-19,2026-03-06,gcrew,noaa_gefs,04,Rain_mm_sum,15,37.30000019073486
gep04,00,2026-02-19,2026-03-06,gcrew,noaa_gefs,04,ShortwaveRadiation_Wm2,15,17.5
gep04,00,2026-02-19,2026-03-06,gcrew,noaa_gefs,04,WindSpeed_ms_mean,15,6.799946731139411
gep04,00,2026-02-19,2026-03-07,gcrew,noaa_gefs,04,AirTemp_C_mean,16,-1.2620071411132585
gep04,00,2026-02-19,2026-03-07,gcrew,noaa_gefs,04,Pressure_Pa,16,102783.318359375
gep04,00,2026-02-19,2026-03-07,gcrew,noaa_gefs,04,RH_percent_mean,16,79.86228942871094
gep04,00,2026-02-19,2026-03-07,gcrew,noaa_gefs,04,Rain_mm_sum,16,0
gep04,00,2026-02-19,2026-03-07,gcrew,noaa_gefs,04,ShortwaveRadiation_Wm2,16,231.5
gep04,00,2026-02-19,2026-03-07,gcrew,noaa_gefs,04,WindSpeed_ms_mean,16,3.336420955691156
gep04,00,2026-02-19,2026-03-08,gcrew,noaa_gefs,04,AirTemp_C_mean,17,2.6822448730468977
gep04,00,2026-02-19,2026-03-08,gcrew,noaa_gefs,04,Pressure_Pa,17,102794.392578125
gep04,00,2026-02-19,2026-03-08,gcrew,noaa_gefs,04,RH_percent_mean,17,80.685150146484375
gep04,00,2026-02-19,2026-03-08,gcrew,noaa_gefs,04,Rain_mm_sum,17,0
gep04,00,2026-02-19,2026-03-08,gcrew,noaa_gefs,04,ShortwaveRadiation_Wm2,17,218.75
gep04,00,2026-02-19,2026-03-08,gcrew,noaa_gefs,04,WindSpeed_ms_mean,17,2.011765155426912
gep04,00,2026-02-19,2026-03-09,gcrew,noaa_gefs,04,AirTemp_C_mean,18,2.2363754272461165
gep04,00,2026-02-19,2026-03-09,gcrew,noaa_gefs,04,Pressure_Pa,18,102708.865234375
gep04,00,2026-02-19,2026-03-09,gcrew,noaa_gefs,04,RH_percent_mean,18,88.49076080322266
gep04,00,2026-02-19,2026-03-09,gcrew,noaa_gefs,04,Rain_mm_sum,18,0
gep04,00,2026-02-19,2026-03-09,gcrew,noaa_gefs,04,ShortwaveRadiation_Wm2,18,190.5
gep04,00,2026-02-19,2026-03-09,gcrew,noaa_gefs,04,WindSpeed_ms_mean,18,2.926777667971675
gep04,00,2026-02-19,2026-03-10,gcrew,noaa_gefs,04,AirTemp_C_mean,19,3.077027893066429
gep04,00,2026-02-19,2026-03-10,gcrew,noaa_gefs,04,Pressure_Pa,19,101449.376953125
gep04,00,2026-02-19,2026-03-10,gcrew,noaa_gefs,04,RH_percent_mean,19,97.0867977142334
gep04,00,2026-02-19,2026-03-10,gcrew,noaa_gefs,04,Rain_mm_sum,19,20.30000078678131
gep04,00,2026-02-19,2026-03-10,gcrew,noaa_gefs,04,ShortwaveRadiation_Wm2,19,12.25
gep04,00,2026-02-19,2026-03-10,gcrew,noaa_gefs,04,WindSpeed_ms_mean,19,2.16738045229572
gep04,00,2026-02-19,2026-03-11,gcrew,noaa_gefs,04,AirTemp_C_mean,20,2.4423767089843977
gep04,00,2026-02-19,2026-03-11,gcrew,noaa_gefs,04,Pressure_Pa,20,101607.31640625
gep04,00,2026-02-19,2026-03-11,gcrew,noaa_gefs,04,RH_percent_mean,20,73.54477119445801
gep04,00,2026-02-19,2026-03-11,gcrew,noaa_gefs,04,Rain_mm_sum,20,0
gep04,00,2026-02-19,2026-03-11,gcrew,noaa_gefs,04,ShortwaveRadiation_Wm2,20,216.25
gep04,00,2026-02-19,2026-03-11,gcrew,noaa_gefs,04,WindSpeed_ms_mean,20,3.965489202739927
gep04,00,2026-02-19,2026-03-12,gcrew,noaa_gefs,04,AirTemp_C_mean,21,5.346345520019554
gep04,00,2026-02-19,2026-03-12,gcrew,noaa_gefs,04,Pressure_Pa,21,101774.470703125
gep04,00,2026-02-19,2026-03-12,gcrew,noaa_gefs,04,RH_percent_mean,21,70.26903629302979
gep04,00,2026-02-19,2026-03-12,gcrew,noaa_gefs,04,Rain_mm_sum,21,0
gep04,00,2026-02-19,2026-03-12,gcrew,noaa_gefs,04,ShortwaveRadiation_Wm2,21,234.5
gep04,00,2026-02-19,2026-03-12,gcrew,noaa_gefs,04,WindSpeed_ms_mean,21,4.989251373860443
gep04,00,2026-02-19,2026-03-13,gcrew,noaa_gefs,04,AirTemp_C_mean,22,0.404817199707054
gep04,00,2026-02-19,2026-03-13,gcrew,noaa_gefs,04,Pressure_Pa,22,103084.677734375
gep04,00,2026-02-19,2026-03-13,gcrew,noaa_gefs,04,RH_percent_mean,22,59.94519805908203
gep04,00,2026-02-19,2026-03-13,gcrew,noaa_gefs,04,Rain_mm_sum,22,0
gep04,00,2026-02-19,2026-03-13,gcrew,noaa_gefs,04,ShortwaveRadiation_Wm2,22,246.75
gep04,00,2026-02-19,2026-03-13,gcrew,noaa_gefs,04,WindSpeed_ms_mean,22,3.9252923447424357
gep04,00,2026-02-19,2026-03-14,gcrew,noaa_gefs,04,AirTemp_C_mean,23,2.2103439331054915
gep04,00,2026-02-19,2026-03-14,gcrew,noaa_gefs,04,Pressure_Pa,23,103257.919921875
gep04,00,2026-02-19,2026-03-14,gcrew,noaa_gefs,04,RH_percent_mean,23,65.69925880432129
gep04,00,2026-02-19,2026-03-14,gcrew,noaa_gefs,04,Rain_mm_sum,23,0
gep04,00,2026-02-19,2026-03-14,gcrew,noaa_gefs,04,ShortwaveRadiation_Wm2,23,192.25
gep04,00,2026-02-19,2026-03-14,gcrew,noaa_gefs,04,WindSpeed_ms_mean,23,3.0252771415459634
gep04,00,2026-02-19,2026-03-15,gcrew,noaa_gefs,04,AirTemp_C_mean,24,4.8394332885742415
gep04,00,2026-02-19,2026-03-15,gcrew,noaa_gefs,04,Pressure_Pa,24,102069.697265625
gep04,00,2026-02-19,2026-03-15,gcrew,noaa_gefs,04,RH_percent_mean,24,91.6884937286377
gep04,00,2026-02-19,2026-03-15,gcrew,noaa_gefs,04,Rain_mm_sum,24,6.8000001311302185
gep04,00,2026-02-19,2026-03-15,gcrew,noaa_gefs,04,ShortwaveRadiation_Wm2,24,9.75
gep04,00,2026-02-19,2026-03-15,gcrew,noaa_gefs,04,WindSpeed_ms_mean,24,4.914185923582207
gep04,00,2026-02-19,2026-03-16,gcrew,noaa_gefs,04,AirTemp_C_mean,25,6.88092956542971
gep04,00,2026-02-19,2026-03-16,gcrew,noaa_gefs,04,Pressure_Pa,25,100852.091796875
gep04,00,2026-02-19,2026-03-16,gcrew,noaa_gefs,04,RH_percent_mean,25,93.64601707458496
gep04,00,2026-02-19,2026-03-16,gcrew,noaa_gefs,04,Rain_mm_sum,25,0.10000000149011612
gep04,00,2026-02-19,2026-03-16,gcrew,noaa_gefs,04,ShortwaveRadiation_Wm2,25,137
gep04,00,2026-02-19,2026-03-16,gcrew,noaa_gefs,04,WindSpeed_ms_mean,25,2.385226343506775
gep04,00,2026-02-19,2026-03-17,gcrew,noaa_gefs,04,AirTemp_C_mean,26,8.267533874511741
gep04,00,2026-02-19,2026-03-17,gcrew,noaa_gefs,04,Pressure_Pa,26,100826.765625
gep04,00,2026-02-19,2026-03-17,gcrew,noaa_gefs,04,RH_percent_mean,26,91.60923194885254
gep04,00,2026-02-19,2026-03-17,gcrew,noaa_gefs,04,Rain_mm_sum,26,0
gep04,00,2026-02-19,2026-03-17,gcrew,noaa_gefs,04,ShortwaveRadiation_Wm2,26,223.75
gep04,00,2026-02-19,2026-03-17,gcrew,noaa_gefs,04,WindSpeed_ms_mean,26,2.241015530837425
gep04,00,2026-02-19,2026-03-18,gcrew,noaa_gefs,04,AirTemp_C_mean,27,11.309526062011741
gep04,00,2026-02-19,2026-03-18,gcrew,noaa_gefs,04,Pressure_Pa,27,100366.421875
gep04,00,2026-02-19,2026-03-18,gcrew,noaa_gefs,04,RH_percent_mean,27,80.98326683044434
gep04,00,2026-02-19,2026-03-18,gcrew,noaa_gefs,04,Rain_mm_sum,27,3.8000001087784767
gep04,00,2026-02-19,2026-03-18,gcrew,noaa_gefs,04,ShortwaveRadiation_Wm2,27,206
gep04,00,2026-02-19,2026-03-18,gcrew,noaa_gefs,04,WindSpeed_ms_mean,27,4.913507346762998
gep04,00,2026-02-19,2026-03-19,gcrew,noaa_gefs,04,AirTemp_C_mean,28,9.271661376953148
gep04,00,2026-02-19,2026-03-19,gcrew,noaa_gefs,04,Pressure_Pa,28,100716.333984375
gep04,00,2026-02-19,2026-03-19,gcrew,noaa_gefs,04,RH_percent_mean,28,78.55448150634766
gep04,00,2026-02-19,2026-03-19,gcrew,noaa_gefs,04,Rain_mm_sum,28,0.20000000298023224
gep04,00,2026-02-19,2026-03-19,gcrew,noaa_gefs,04,ShortwaveRadiation_Wm2,28,176
gep04,00,2026-02-19,2026-03-19,gcrew,noaa_gefs,04,WindSpeed_ms_mean,28,3.502768919064772
gep04,00,2026-02-19,2026-03-20,gcrew,noaa_gefs,04,AirTemp_C_mean,29,7.4639755249023665
gep04,00,2026-02-19,2026-03-20,gcrew,noaa_gefs,04,Pressure_Pa,29,101721.220703125
gep04,00,2026-02-19,2026-03-20,gcrew,noaa_gefs,04,RH_percent_mean,29,84.32945442199707
gep04,00,2026-02-19,2026-03-20,gcrew,noaa_gefs,04,Rain_mm_sum,29,0
gep04,00,2026-02-19,2026-03-20,gcrew,noaa_gefs,04,ShortwaveRadiation_Wm2,29,225.25
gep04,00,2026-02-19,2026-03-20,gcrew,noaa_gefs,04,WindSpeed_ms_mean,29,2.4857486906504604
gep04,00,2026-02-19,2026-03-21,gcrew,noaa_gefs,04,AirTemp_C_mean,30,5.514649963378929
gep04,00,2026-02-19,2026-03-21,gcrew,noaa_gefs,04,Pressure_Pa,30,102508.27734375
gep04,00,2026-02-19,2026-03-21,gcrew,noaa_gefs,04,RH_percent_mean,30,93.17456245422363
gep04,00,2026-02-19,2026-03-21,gcrew,noaa_gefs,04,Rain_mm_sum,30,0
gep04,00,2026-02-19,2026-03-21,gcrew,noaa_gefs,04,ShortwaveRadiation_Wm2,30,231
gep04,00,2026-02-19,2026-03-21,gcrew,noaa_gefs,04,WindSpeed_ms_mean,30,3.478610201477239
gep04,00,2026-02-19,2026-03-22,gcrew,noaa_gefs,04,AirTemp_C_mean,31,8.427484130859398
gep04,00,2026-02-19,2026-03-22,gcrew,noaa_gefs,04,Pressure_Pa,31,101537.609375
gep04,00,2026-02-19,2026-03-22,gcrew,noaa_gefs,04,RH_percent_mean,31,90.99308013916016
gep04,00,2026-02-19,2026-03-22,gcrew,noaa_gefs,04,Rain_mm_sum,31,0
gep04,00,2026-02-19,2026-03-22,gcrew,noaa_gefs,04,ShortwaveRadiation_Wm2,31,169
gep04,00,2026-02-19,2026-03-22,gcrew,noaa_gefs,04,WindSpeed_ms_mean,31,7.184195750232049
gep04,00,2026-02-19,2026-03-23,gcrew,noaa_gefs,04,AirTemp_C_mean,32,8.768609619140648
gep04,00,2026-02-19,2026-03-23,gcrew,noaa_gefs,04,Pressure_Pa,32,100650.3046875
gep04,00,2026-02-19,2026-03-23,gcrew,noaa_gefs,04,RH_percent_mean,32,58.10695171356201
gep04,00,2026-02-19,2026-03-23,gcrew,noaa_gefs,04,Rain_mm_sum,32,1.3000000715255737
gep04,00,2026-02-19,2026-03-23,gcrew,noaa_gefs,04,ShortwaveRadiation_Wm2,32,266
gep04,00,2026-02-19,2026-03-23,gcrew,noaa_gefs,04,WindSpeed_ms_mean,32,7.9327389792356415
gep04,00,2026-02-19,2026-03-24,gcrew,noaa_gefs,04,AirTemp_C_mean,33,4.568719482421898
gep04,00,2026-02-19,2026-03-24,gcrew,noaa_gefs,04,Pressure_Pa,33,101528.60546875
gep04,00,2026-02-19,2026-03-24,gcrew,noaa_gefs,04,RH_percent_mean,33,52.18817710876465
gep04,00,2026-02-19,2026-03-24,gcrew,noaa_gefs,04,Rain_mm_sum,33,0
gep04,00,2026-02-19,2026-03-24,gcrew,noaa_gefs,04,ShortwaveRadiation_Wm2,33,271.25
gep04,00,2026-02-19,2026-03-24,gcrew,noaa_gefs,04,WindSpeed_ms_mean,33,5.0208112518813515
gep04,00,2026-02-19,2026-03-25,gcrew,noaa_gefs,04,AirTemp_C_mean,34,4.424745178222679
gep04,00,2026-02-19,2026-03-25,gcrew,noaa_gefs,04,Pressure_Pa,34,100896.943359375
gep04,00,2026-02-19,2026-03-25,gcrew,noaa_gefs,04,RH_percent_mean,34,73.10336017608643
gep04,00,2026-02-19,2026-03-25,gcrew,noaa_gefs,04,Rain_mm_sum,34,0.699999988079071
gep04,00,2026-02-19,2026-03-25,gcrew,noaa_gefs,04,ShortwaveRadiation_Wm2,34,168.25
gep04,00,2026-02-19,2026-03-25,gcrew,noaa_gefs,04,WindSpeed_ms_mean,34,3.448319475494018
gep05,00,2026-02-19,2026-02-20,gcrew,noaa_gefs,05,AirTemp_C_mean,1,8.60019454956057
gep05,00,2026-02-19,2026-02-20,gcrew,noaa_gefs,05,Pressure_Pa,1,100529.837890625
gep05,00,2026-02-19,2026-02-20,gcrew,noaa_gefs,05,RH_percent_mean,1,84.13147974014282
gep05,00,2026-02-19,2026-02-20,gcrew,noaa_gefs,05,Rain_mm_sum,1,7.229999907314777
gep05,00,2026-02-19,2026-02-20,gcrew,noaa_gefs,05,ShortwaveRadiation_Wm2,1,90
gep05,00,2026-02-19,2026-02-20,gcrew,noaa_gefs,05,WindSpeed_ms_mean,1,5.327480968436972
gep05,00,2026-02-19,2026-02-21,gcrew,noaa_gefs,05,AirTemp_C_mean,2,4.957093811035179
gep05,00,2026-02-19,2026-02-21,gcrew,noaa_gefs,05,Pressure_Pa,2,101362.1162109375
gep05,00,2026-02-19,2026-02-21,gcrew,noaa_gefs,05,RH_percent_mean,2,67.61050748825073
gep05,00,2026-02-19,2026-02-21,gcrew,noaa_gefs,05,Rain_mm_sum,2,0.009999999776482582
gep05,00,2026-02-19,2026-02-21,gcrew,noaa_gefs,05,ShortwaveRadiation_Wm2,2,157.375
gep05,00,2026-02-19,2026-02-21,gcrew,noaa_gefs,05,WindSpeed_ms_mean,2,2.796669875085554
gep05,00,2026-02-19,2026-02-22,gcrew,noaa_gefs,05,AirTemp_C_mean,3,1.7196746826172102
gep05,00,2026-02-19,2026-02-22,gcrew,noaa_gefs,05,Pressure_Pa,3,101743.5
gep05,00,2026-02-19,2026-02-22,gcrew,noaa_gefs,05,RH_percent_mean,3,72.97090816497803
gep05,00,2026-02-19,2026-02-22,gcrew,noaa_gefs,05,Rain_mm_sum,3,0.10000000149011612
gep05,00,2026-02-19,2026-02-22,gcrew,noaa_gefs,05,ShortwaveRadiation_Wm2,3,141.625
gep05,00,2026-02-19,2026-02-22,gcrew,noaa_gefs,05,WindSpeed_ms_mean,3,2.597666670204664
gep05,00,2026-02-19,2026-02-23,gcrew,noaa_gefs,05,AirTemp_C_mean,4,0.5413490295410384
gep05,00,2026-02-19,2026-02-23,gcrew,noaa_gefs,05,Pressure_Pa,4,101336.916015625
gep05,00,2026-02-19,2026-02-23,gcrew,noaa_gefs,05,RH_percent_mean,4,88.30583763122559
gep05,00,2026-02-19,2026-02-23,gcrew,noaa_gefs,05,Rain_mm_sum,4,6.400000065565109
gep05,00,2026-02-19,2026-02-23,gcrew,noaa_gefs,05,ShortwaveRadiation_Wm2,4,97.75
gep05,00,2026-02-19,2026-02-23,gcrew,noaa_gefs,05,WindSpeed_ms_mean,4,5.788296822041432
gep05,00,2026-02-19,2026-02-24,gcrew,noaa_gefs,05,AirTemp_C_mean,5,0.5290084838867415
gep05,00,2026-02-19,2026-02-24,gcrew,noaa_gefs,05,Pressure_Pa,5,101826.7109375
gep05,00,2026-02-19,2026-02-24,gcrew,noaa_gefs,05,RH_percent_mean,5,67.53751993179321
gep05,00,2026-02-19,2026-02-24,gcrew,noaa_gefs,05,Rain_mm_sum,5,0.10000000149011612
gep05,00,2026-02-19,2026-02-24,gcrew,noaa_gefs,05,ShortwaveRadiation_Wm2,5,205.75
gep05,00,2026-02-19,2026-02-24,gcrew,noaa_gefs,05,WindSpeed_ms_mean,5,4.922516373996911
gep05,00,2026-02-19,2026-02-25,gcrew,noaa_gefs,05,AirTemp_C_mean,6,4.261026000976585
gep05,00,2026-02-19,2026-02-25,gcrew,noaa_gefs,05,Pressure_Pa,6,101437.8994140625
gep05,00,2026-02-19,2026-02-25,gcrew,noaa_gefs,05,RH_percent_mean,6,64.63713264465332
gep05,00,2026-02-19,2026-02-25,gcrew,noaa_gefs,05,Rain_mm_sum,6,0.5000000149011612
gep05,00,2026-02-19,2026-02-25,gcrew,noaa_gefs,05,ShortwaveRadiation_Wm2,6,123.375
gep05,00,2026-02-19,2026-02-25,gcrew,noaa_gefs,05,WindSpeed_ms_mean,6,4.7829481823237945
gep05,00,2026-02-19,2026-02-26,gcrew,noaa_gefs,05,AirTemp_C_mean,7,7.054109191894554
gep05,00,2026-02-19,2026-02-26,gcrew,noaa_gefs,05,Pressure_Pa,7,101322.2197265625
gep05,00,2026-02-19,2026-02-26,gcrew,noaa_gefs,05,RH_percent_mean,7,73.60764694213867
gep05,00,2026-02-19,2026-02-26,gcrew,noaa_gefs,05,Rain_mm_sum,7,1.6900000274181366
gep05,00,2026-02-19,2026-02-26,gcrew,noaa_gefs,05,ShortwaveRadiation_Wm2,7,169.75
gep05,00,2026-02-19,2026-02-26,gcrew,noaa_gefs,05,WindSpeed_ms_mean,7,4.3598277703380175
gep05,00,2026-02-19,2026-02-27,gcrew,noaa_gefs,05,AirTemp_C_mean,8,2.5398727416992415
gep05,00,2026-02-19,2026-02-27,gcrew,noaa_gefs,05,Pressure_Pa,8,101330.2099609375
gep05,00,2026-02-19,2026-02-27,gcrew,noaa_gefs,05,RH_percent_mean,8,90.59297943115234
gep05,00,2026-02-19,2026-02-27,gcrew,noaa_gefs,05,Rain_mm_sum,8,41.3899998255074
gep05,00,2026-02-19,2026-02-27,gcrew,noaa_gefs,05,ShortwaveRadiation_Wm2,8,16.875
gep05,00,2026-02-19,2026-02-27,gcrew,noaa_gefs,05,WindSpeed_ms_mean,8,3.173158734850934
gep05,00,2026-02-19,2026-02-28,gcrew,noaa_gefs,05,AirTemp_C_mean,9,6.081576102120558
gep05,00,2026-02-19,2026-02-28,gcrew,noaa_gefs,05,Pressure_Pa,9,100991.2890625
gep05,00,2026-02-19,2026-02-28,gcrew,noaa_gefs,05,RH_percent_mean,9,89.50826699393136
gep05,00,2026-02-19,2026-02-28,gcrew,noaa_gefs,05,Rain_mm_sum,9,6.939999997615814
gep05,00,2026-02-19,2026-02-28,gcrew,noaa_gefs,05,ShortwaveRadiation_Wm2,9,198.71428571428572
gep05,00,2026-02-19,2026-02-28,gcrew,noaa_gefs,05,WindSpeed_ms_mean,9,2.371464473414071
gep05,00,2026-02-19,2026-03-01,gcrew,noaa_gefs,05,AirTemp_C_mean,10,3.9153381347656477
gep05,00,2026-02-19,2026-03-01,gcrew,noaa_gefs,05,Pressure_Pa,10,102000.736328125
gep05,00,2026-02-19,2026-03-01,gcrew,noaa_gefs,05,RH_percent_mean,10,64.10819625854492
gep05,00,2026-02-19,2026-03-01,gcrew,noaa_gefs,05,Rain_mm_sum,10,0
gep05,00,2026-02-19,2026-03-01,gcrew,noaa_gefs,05,ShortwaveRadiation_Wm2,10,214
gep05,00,2026-02-19,2026-03-01,gcrew,noaa_gefs,05,WindSpeed_ms_mean,10,3.7106248775369783
gep05,00,2026-02-19,2026-03-02,gcrew,noaa_gefs,05,AirTemp_C_mean,11,2.6448913574218977
gep05,00,2026-02-19,2026-03-02,gcrew,noaa_gefs,05,Pressure_Pa,11,101992.7734375
gep05,00,2026-02-19,2026-03-02,gcrew,noaa_gefs,05,RH_percent_mean,11,80.4185619354248
gep05,00,2026-02-19,2026-03-02,gcrew,noaa_gefs,05,Rain_mm_sum,11,1.7000000327825546
gep05,00,2026-02-19,2026-03-02,gcrew,noaa_gefs,05,ShortwaveRadiation_Wm2,11,22.5
gep05,00,2026-02-19,2026-03-02,gcrew,noaa_gefs,05,WindSpeed_ms_mean,11,3.8287651590698437
gep05,00,2026-02-19,2026-03-03,gcrew,noaa_gefs,05,AirTemp_C_mean,12,13.411950683593773
gep05,00,2026-02-19,2026-03-03,gcrew,noaa_gefs,05,Pressure_Pa,12,101091.162109375
gep05,00,2026-02-19,2026-03-03,gcrew,noaa_gefs,05,RH_percent_mean,12,90.47667694091797
gep05,00,2026-02-19,2026-03-03,gcrew,noaa_gefs,05,Rain_mm_sum,12,3.1000000834465027
gep05,00,2026-02-19,2026-03-03,gcrew,noaa_gefs,05,ShortwaveRadiation_Wm2,12,146
gep05,00,2026-02-19,2026-03-03,gcrew,noaa_gefs,05,WindSpeed_ms_mean,12,5.012968706083463
gep05,00,2026-02-19,2026-03-04,gcrew,noaa_gefs,05,AirTemp_C_mean,13,8.065553283691429
gep05,00,2026-02-19,2026-03-04,gcrew,noaa_gefs,05,Pressure_Pa,13,102178.892578125
gep05,00,2026-02-19,2026-03-04,gcrew,noaa_gefs,05,RH_percent_mean,13,90.09021759033203
gep05,00,2026-02-19,2026-03-04,gcrew,noaa_gefs,05,Rain_mm_sum,13,6.300000101327896
gep05,00,2026-02-19,2026-03-04,gcrew,noaa_gefs,05,ShortwaveRadiation_Wm2,13,25
gep05,00,2026-02-19,2026-03-04,gcrew,noaa_gefs,05,WindSpeed_ms_mean,13,3.9570483623648522
gep05,00,2026-02-19,2026-03-05,gcrew,noaa_gefs,05,AirTemp_C_mean,14,12.227571105957054
gep05,00,2026-02-19,2026-03-05,gcrew,noaa_gefs,05,Pressure_Pa,14,101463.474609375
gep05,00,2026-02-19,2026-03-05,gcrew,noaa_gefs,05,RH_percent_mean,14,91.76033973693848
gep05,00,2026-02-19,2026-03-05,gcrew,noaa_gefs,05,Rain_mm_sum,14,2.4999999925494194
gep05,00,2026-02-19,2026-03-05,gcrew,noaa_gefs,05,ShortwaveRadiation_Wm2,14,89.75
gep05,00,2026-02-19,2026-03-05,gcrew,noaa_gefs,05,WindSpeed_ms_mean,14,6.039026367710616
gep05,00,2026-02-19,2026-03-06,gcrew,noaa_gefs,05,AirTemp_C_mean,15,0.883576965332054
gep05,00,2026-02-19,2026-03-06,gcrew,noaa_gefs,05,Pressure_Pa,15,101621.16796875
gep05,00,2026-02-19,2026-03-06,gcrew,noaa_gefs,05,RH_percent_mean,15,92.8342227935791
gep05,00,2026-02-19,2026-03-06,gcrew,noaa_gefs,05,Rain_mm_sum,15,37.30000019073486
gep05,00,2026-02-19,2026-03-06,gcrew,noaa_gefs,05,ShortwaveRadiation_Wm2,15,17.5
gep05,00,2026-02-19,2026-03-06,gcrew,noaa_gefs,05,WindSpeed_ms_mean,15,6.799946731139411
gep05,00,2026-02-19,2026-03-07,gcrew,noaa_gefs,05,AirTemp_C_mean,16,-1.2620071411132585
gep05,00,2026-02-19,2026-03-07,gcrew,noaa_gefs,05,Pressure_Pa,16,102783.318359375
gep05,00,2026-02-19,2026-03-07,gcrew,noaa_gefs,05,RH_percent_mean,16,79.86228942871094
gep05,00,2026-02-19,2026-03-07,gcrew,noaa_gefs,05,Rain_mm_sum,16,0
gep05,00,2026-02-19,2026-03-07,gcrew,noaa_gefs,05,ShortwaveRadiation_Wm2,16,231.5
gep05,00,2026-02-19,2026-03-07,gcrew,noaa_gefs,05,WindSpeed_ms_mean,16,3.336420955691156
gep05,00,2026-02-19,2026-03-08,gcrew,noaa_gefs,05,AirTemp_C_mean,17,2.6822448730468977
gep05,00,2026-02-19,2026-03-08,gcrew,noaa_gefs,05,Pressure_Pa,17,102794.392578125
gep05,00,2026-02-19,2026-03-08,gcrew,noaa_gefs,05,RH_percent_mean,17,80.685150146484375
gep05,00,2026-02-19,2026-03-08,gcrew,noaa_gefs,05,Rain_mm_sum,17,0
gep05,00,2026-02-19,2026-03-08,gcrew,noaa_gefs,05,ShortwaveRadiation_Wm2,17,218.75
gep05,00,2026-02-19,2026-03-08,gcrew,noaa_gefs,05,WindSpeed_ms_mean,17,2.011765155426912
gep05,00,2026-02-19,2026-03-09,gcrew,noaa_gefs,05,AirTemp_C_mean,18,2.2363754272461165
gep05,00,2026-02-19,2026-03-09,gcrew,noaa_gefs,05,Pressure_Pa,18,102708.865234375
gep05,00,2026-02-19,2026-03-09,gcrew,noaa_gefs,05,RH_percent_mean,18,88.49076080322266
gep05,00,2026-02-19,2026-03-09,gcrew,noaa_gefs,05,Rain_mm_sum,18,0
gep05,00,2026-02-19,2026-03-09,gcrew,noaa_gefs,05,ShortwaveRadiation_Wm2,18,190.5
gep05,00,2026-02-19,2026-03-09,gcrew,noaa_gefs,05,WindSpeed_ms_mean,18,2.926777667971675
gep05,00,2026-02-19,2026-03-10,gcrew,noaa_gefs,05,AirTemp_C_mean,19,3.077027893066429
gep05,00,2026-02-19,2026-03-10,gcrew,noaa_gefs,05,Pressure_Pa,19,101449.376953125
gep05,00,2026-02-19,2026-03-10,gcrew,noaa_gefs,05,RH_percent_mean,19,97.0867977142334
gep05,00,2026-02-19,2026-03-10,gcrew,noaa_gefs,05,Rain_mm_sum,19,20.30000078678131
gep05,00,2026-02-19,2026-03-10,gcrew,noaa_gefs,05,ShortwaveRadiation_Wm2,19,12.25
gep05,00,2026-02-19,2026-03-10,gcrew,noaa_gefs,05,WindSpeed_ms_mean,19,2.16738045229572
gep05,00,2026-02-19,2026-03-11,gcrew,noaa_gefs,05,AirTemp_C_mean,20,2.4423767089843977
gep05,00,2026-02-19,2026-03-11,gcrew,noaa_gefs,05,Pressure_Pa,20,101607.31640625
gep05,00,2026-02-19,2026-03-11,gcrew,noaa_gefs,05,RH_percent_mean,20,73.54477119445801
gep05,00,2026-02-19,2026-03-11,gcrew,noaa_gefs,05,Rain_mm_sum,20,0
gep05,00,2026-02-19,2026-03-11,gcrew,noaa_gefs,05,ShortwaveRadiation_Wm2,20,216.25
gep05,00,2026-02-19,2026-03-11,gcrew,noaa_gefs,05,WindSpeed_ms_mean,20,3.965489202739927
gep05,00,2026-02-19,2026-03-12,gcrew,noaa_gefs,05,AirTemp_C_mean,21,5.346345520019554
gep05,00,2026-02-19,2026-03-12,gcrew,noaa_gefs,05,Pressure_Pa,21,101774.470703125
gep05,00,2026-02-19,2026-03-12,gcrew,noaa_gefs,05,RH_percent_mean,21,70.26903629302979
gep05,00,2026-02-19,2026-03-12,gcrew,noaa_gefs,05,Rain_mm_sum,21,0
gep05,00,2026-02-19,2026-03-12,gcrew,noaa_gefs,05,ShortwaveRadiation_Wm2,21,234.5
gep05,00,2026-02-19,2026-03-12,gcrew,noaa_gefs,05,WindSpeed_ms_mean,21,4.989251373860443
gep05,00,2026-02-19,2026-03-13,gcrew,noaa_gefs,05,AirTemp_C_mean,22,0.404817199707054
gep05,00,2026-02-19,2026-03-13,gcrew,noaa_gefs,05,Pressure_Pa,22,103084.677734375
gep05,00,2026-02-19,2026-03-13,gcrew,noaa_gefs,05,RH_percent_mean,22,59.94519805908203
gep05,00,2026-02-19,2026-03-13,gcrew,noaa_gefs,05,Rain_mm_sum,22,0
gep05,00,2026-02-19,2026-03-13,gcrew,noaa_gefs,05,ShortwaveRadiation_Wm2,22,246.75
gep05,00,2026-02-19,2026-03-13,gcrew,noaa_gefs,05,WindSpeed_ms_mean,22,3.9252923447424357
gep05,00,2026-02-19,2026-03-14,gcrew,noaa_gefs,05,AirTemp_C_mean,23,2.2103439331054915
gep05,00,2026-02-19,2026-03-14,gcrew,noaa_gefs,05,Pressure_Pa,23,103257.919921875
gep05,00,2026-02-19,2026-03-14,gcrew,noaa_gefs,05,RH_percent_mean,23,65.69925880432129
gep05,00,2026-02-19,2026-03-14,gcrew,noaa_gefs,05,Rain_mm_sum,23,0
gep05,00,2026-02-19,2026-03-14,gcrew,noaa_gefs,05,ShortwaveRadiation_Wm2,23,192.25
gep05,00,2026-02-19,2026-03-14,gcrew,noaa_gefs,05,WindSpeed_ms_mean,23,3.0252771415459634
gep05,00,2026-02-19,2026-03-15,gcrew,noaa_gefs,05,AirTemp_C_mean,24,4.8394332885742415
gep05,00,2026-02-19,2026-03-15,gcrew,noaa_gefs,05,Pressure_Pa,24,102069.697265625
gep05,00,2026-02-19,2026-03-15,gcrew,noaa_gefs,05,RH_percent_mean,24,91.6884937286377
gep05,00,2026-02-19,2026-03-15,gcrew,noaa_gefs,05,Rain_mm_sum,24,6.8000001311302185
gep05,00,2026-02-19,2026-03-15,gcrew,noaa_gefs,05,ShortwaveRadiation_Wm2,24,9.75
gep05,00,2026-02-19,2026-03-15,gcrew,noaa_gefs,05,WindSpeed_ms_mean,24,4.914185923582207
gep05,00,2026-02-19,2026-03-16,gcrew,noaa_gefs,05,AirTemp_C_mean,25,6.88092956542971
gep05,00,2026-02-19,2026-03-16,gcrew,noaa_gefs,05,Pressure_Pa,25,100852.091796875
gep05,00,2026-02-19,2026-03-16,gcrew,noaa_gefs,05,RH_percent_mean,25,93.64601707458496
gep05,00,2026-02-19,2026-03-16,gcrew,noaa_gefs,05,Rain_mm_sum,25,0.10000000149011612
gep05,00,2026-02-19,2026-03-16,gcrew,noaa_gefs,05,ShortwaveRadiation_Wm2,25,137
gep05,00,2026-02-19,2026-03-16,gcrew,noaa_gefs,05,WindSpeed_ms_mean,25,2.385226343506775
gep05,00,2026-02-19,2026-03-17,gcrew,noaa_gefs,05,AirTemp_C_mean,26,8.267533874511741
gep05,00,2026-02-19,2026-03-17,gcrew,noaa_gefs,05,Pressure_Pa,26,100826.765625
gep05,00,2026-02-19,2026-03-17,gcrew,noaa_gefs,05,RH_percent_mean,26,91.60923194885254
gep05,00,2026-02-19,2026-03-17,gcrew,noaa_gefs,05,Rain_mm_sum,26,0
gep05,00,2026-02-19,2026-03-17,gcrew,noaa_gefs,05,ShortwaveRadiation_Wm2,26,223.75
gep05,00,2026-02-19,2026-03-17,gcrew,noaa_gefs,05,WindSpeed_ms_mean,26,2.241015530837425
gep05,00,2026-02-19,2026-03-18,gcrew,noaa_gefs,05,AirTemp_C_mean,27,11.309526062011741
gep05,00,2026-02-19,2026-03-18,gcrew,noaa_gefs,05,Pressure_Pa,27,100366.421875
gep05,00,2026-02-19,2026-03-18,gcrew,noaa_gefs,05,RH_percent_mean,27,80.98326683044434
gep05,00,2026-02-19,2026-03-18,gcrew,noaa_gefs,05,Rain_mm_sum,27,3.8000001087784767
gep05,00,2026-02-19,2026-03-18,gcrew,noaa_gefs,05,ShortwaveRadiation_Wm2,27,206
gep05,00,2026-02-19,2026-03-18,gcrew,noaa_gefs,05,WindSpeed_ms_mean,27,4.913507346762998
gep05,00,2026-02-19,2026-03-19,gcrew,noaa_gefs,05,AirTemp_C_mean,28,9.271661376953148
gep05,00,2026-02-19,2026-03-19,gcrew,noaa_gefs,05,Pressure_Pa,28,100716.333984375
gep05,00,2026-02-19,2026-03-19,gcrew,noaa_gefs,05,RH_percent_mean,28,78.55448150634766
gep05,00,2026-02-19,2026-03-19,gcrew,noaa_gefs,05,Rain_mm_sum,28,0.20000000298023224
gep05,00,2026-02-19,2026-03-19,gcrew,noaa_gefs,05,ShortwaveRadiation_Wm2,28,176
gep05,00,2026-02-19,2026-03-19,gcrew,noaa_gefs,05,WindSpeed_ms_mean,28,3.502768919064772
gep05,00,2026-02-19,2026-03-20,gcrew,noaa_gefs,05,AirTemp_C_mean,29,7.4639755249023665
gep05,00,2026-02-19,2026-03-20,gcrew,noaa_gefs,05,Pressure_Pa,29,101721.220703125
gep05,00,2026-02-19,2026-03-20,gcrew,noaa_gefs,05,RH_percent_mean,29,84.32945442199707
gep05,00,2026-02-19,2026-03-20,gcrew,noaa_gefs,05,Rain_mm_sum,29,0
gep05,00,2026-02-19,2026-03-20,gcrew,noaa_gefs,05,ShortwaveRadiation_Wm2,29,225.25
gep05,00,2026-02-19,2026-03-20,gcrew,noaa_gefs,05,WindSpeed_ms_mean,29,2.4857486906504604
gep05,00,2026-02-19,2026-03-21,gcrew,noaa_gefs,05,AirTemp_C_mean,30,5.514649963378929
gep05,00,2026-02-19,2026-03-21,gcrew,noaa_gefs,05,Pressure_Pa,30,102508.27734375
gep05,00,2026-02-19,2026-03-21,gcrew,noaa_gefs,05,RH_percent_mean,30,93.17456245422363
gep05,00,2026-02-19,2026-03-21,gcrew,noaa_gefs,05,Rain_mm_sum,30,0
gep05,00,2026-02-19,2026-03-21,gcrew,noaa_gefs,05,ShortwaveRadiation_Wm2,30,231
gep05,00,2026-02-19,2026-03-21,gcrew,noaa_gefs,05,WindSpeed_ms_mean,30,3.478610201477239
gep05,00,2026-02-19,2026-03-22,gcrew,noaa_gefs,05,AirTemp_C_mean,31,8.427484130859398
gep05,00,2026-02-19,2026-03-22,gcrew,noaa_gefs,05,Pressure_Pa,31,101537.609375
gep05,00,2026-02-19,2026-03-22,gcrew,noaa_gefs,05,RH_percent_mean,31,90.99308013916016
gep05,00,2026-02-19,2026-03-22,gcrew,noaa_gefs,05,Rain_mm_sum,31,0
gep05,00,2026-02-19,2026-03-22,gcrew,noaa_gefs,05,ShortwaveRadiation_Wm2,31,169
gep05,00,2026-02-19,2026-03-22,gcrew,noaa_gefs,05,WindSpeed_ms_mean,31,7.184195750232049
gep05,00,2026-02-19,2026-03-23,gcrew,noaa_gefs,05,AirTemp_C_mean,32,8.768609619140648
gep05,00,2026-02-19,2026-03-23,gcrew,noaa_gefs,05,Pressure_Pa,32,100650.3046875
gep05,00,2026-02-19,2026-03-23,gcrew,noaa_gefs,05,RH_percent_mean,32,58.10695171356201
gep05,00,2026-02-19,2026-03-23,gcrew,noaa_gefs,05,Rain_mm_sum,32,1.3000000715255737
gep05,00,2026-02-19,2026-03-23,gcrew,noaa_gefs,05,ShortwaveRadiation_Wm2,32,266
gep05,00,2026-02-19,2026-03-23,gcrew,noaa_gefs,05,WindSpeed_ms_mean,32,7.9327389792356415
gep05,00,2026-02-19,2026-03-24,gcrew,noaa_gefs,05,AirTemp_C_mean,33,4.568719482421898
gep05,00,2026-02-19,2026-03-24,gcrew,noaa_gefs,05,Pressure_Pa,33,101528.60546875
gep05,00,2026-02-19,2026-03-24,gcrew,noaa_gefs,05,RH_percent_mean,33,52.18817710876465
gep05,00,2026-02-19,2026-03-24,gcrew,noaa_gefs,05,Rain_mm_sum,33,0
gep05,00,2026-02-19,2026-03-24,gcrew,noaa_gefs,05,ShortwaveRadiation_Wm2,33,271.25
gep05,00,2026-02-19,2026-03-24,gcrew,noaa_gefs,05,WindSpeed_ms_mean,33,5.0208112518813515
gep05,00,2026-02-19,2026-03-25,gcrew,noaa_gefs,05,AirTemp_C_mean,34,4.424745178222679
gep05,00,2026-02-19,2026-03-25,gcrew,noaa_gefs,05,Pressure_Pa,34,100896.943359375
gep05,00,2026-02-19,2026-03-25,gcrew,noaa_gefs,05,RH_percent_mean,34,73.10336017608643
gep05,00,2026-02-19,2026-03-25,gcrew,noaa_gefs,05,Rain_mm_sum,34,0.699999988079071
gep05,00,2026-02-19,2026-03-25,gcrew,noaa_gefs,05,ShortwaveRadiation_Wm2,34,168.25
gep05,00,2026-02-19,2026-03-25,gcrew,noaa_gefs,05,WindSpeed_ms_mean,34,3.448319475494018
gep06,00,2026-02-19,2026-02-20,gcrew,noaa_gefs,06,AirTemp_C_mean,1,8.60019454956057
gep06,00,2026-02-19,2026-02-20,gcrew,noaa_gefs,06,Pressure_Pa,1,100529.837890625
gep06,00,2026-02-19,2026-02-20,gcrew,noaa_gefs,06,RH_percent_mean,1,84.13147974014282
gep06,00,2026-02-19,2026-02-20,gcrew,noaa_gefs,06,Rain_mm_sum,1,7.229999907314777
gep06,00,2026-02-19,2026-02-20,gcrew,noaa_gefs,06,ShortwaveRadiation_Wm2,1,90
gep06,00,2026-02-19,2026-02-20,gcrew,noaa_gefs,06,WindSpeed_ms_mean,1,5.327480968436972
gep06,00,2026-02-19,2026-02-21,gcrew,noaa_gefs,06,AirTemp_C_mean,2,4.957093811035179
gep06,00,2026-02-19,2026-02-21,gcrew,noaa_gefs,06,Pressure_Pa,2,101362.1162109375
gep06,00,2026-02-19,2026-02-21,gcrew,noaa_gefs,06,RH_percent_mean,2,67.61050748825073
gep06,00,2026-02-19,2026-02-21,gcrew,noaa_gefs,06,Rain_mm_sum,2,0.009999999776482582
gep06,00,2026-02-19,2026-02-21,gcrew,noaa_gefs,06,ShortwaveRadiation_Wm2,2,157.375
gep06,00,2026-02-19,2026-02-21,gcrew,noaa_gefs,06,WindSpeed_ms_mean,2,2.796669875085554
gep06,00,2026-02-19,2026-02-22,gcrew,noaa_gefs,06,AirTemp_C_mean,3,1.7196746826172102
gep06,00,2026-02-19,2026-02-22,gcrew,noaa_gefs,06,Pressure_Pa,3,101743.5
gep06,00,2026-02-19,2026-02-22,gcrew,noaa_gefs,06,RH_percent_mean,3,72.97090816497803
gep06,00,2026-02-19,2026-02-22,gcrew,noaa_gefs,06,Rain_mm_sum,3,0.10000000149011612
gep06,00,2026-02-19,2026-02-22,gcrew,noaa_gefs,06,ShortwaveRadiation_Wm2,3,141.625
gep06,00,2026-02-19,2026-02-22,gcrew,noaa_gefs,06,WindSpeed_ms_mean,3,2.597666670204664
gep06,00,2026-02-19,2026-02-23,gcrew,noaa_gefs,06,AirTemp_C_mean,4,0.5413490295410384
gep06,00,2026-02-19,2026-02-23,gcrew,noaa_gefs,06,Pressure_Pa,4,101336.916015625
gep06,00,2026-02-19,2026-02-23,gcrew,noaa_gefs,06,RH_percent_mean,4,88.30583763122559
gep06,00,2026-02-19,2026-02-23,gcrew,noaa_gefs,06,Rain_mm_sum,4,6.400000065565109
gep06,00,2026-02-19,2026-02-23,gcrew,noaa_gefs,06,ShortwaveRadiation_Wm2,4,97.75
gep06,00,2026-02-19,2026-02-23,gcrew,noaa_gefs,06,WindSpeed_ms_mean,4,5.788296822041432
gep06,00,2026-02-19,2026-02-24,gcrew,noaa_gefs,06,AirTemp_C_mean,5,0.5290084838867415
gep06,00,2026-02-19,2026-02-24,gcrew,noaa_gefs,06,Pressure_Pa,5,101826.7109375
gep06,00,2026-02-19,2026-02-24,gcrew,noaa_gefs,06,RH_percent_mean,5,67.53751993179321
gep06,00,2026-02-19,2026-02-24,gcrew,noaa_gefs,06,Rain_mm_sum,5,0.10000000149011612
gep06,00,2026-02-19,2026-02-24,gcrew,noaa_gefs,06,ShortwaveRadiation_Wm2,5,205.75
gep06,00,2026-02-19,2026-02-24,gcrew,noaa_gefs,06,WindSpeed_ms_mean,5,4.922516373996911
gep06,00,2026-02-19,2026-02-25,gcrew,noaa_gefs,06,AirTemp_C_mean,6,4.261026000976585
gep06,00,2026-02-19,2026-02-25,gcrew,noaa_gefs,06,Pressure_Pa,6,101437.8994140625
gep06,00,2026-02-19,2026-02-25,gcrew,noaa_gefs,06,RH_percent_mean,6,64.63713264465332
gep06,00,2026-02-19,2026-02-25,gcrew,noaa_gefs,06,Rain_mm_sum,6,0.5000000149011612
gep06,00,2026-02-19,2026-02-25,gcrew,noaa_gefs,06,ShortwaveRadiation_Wm2,6,123.375
gep06,00,2026-02-19,2026-02-25,gcrew,noaa_gefs,06,WindSpeed_ms_mean,6,4.7829481823237945
gep06,00,2026-02-19,2026-02-26,gcrew,noaa_gefs,06,AirTemp_C_mean,7,7.054109191894554
gep06,00,2026-02-19,2026-02-26,gcrew,noaa_gefs,06,Pressure_Pa,7,101322.2197265625
gep06,00,2026-02-19,2026-02-26,gcrew,noaa_gefs,06,RH_percent_mean,7,73.60764694213867
gep06,00,2026-02-19,2026-02-26,gcrew,noaa_gefs,06,Rain_mm_sum,7,1.6900000274181366
gep06,00,2026-02-19,2026-02-26,gcrew,noaa_gefs,06,ShortwaveRadiation_Wm2,7,169.75
gep06,00,2026-02-19,2026-02-26,gcrew,noaa_gefs,06,WindSpeed_ms_mean,7,4.3598277703380175
gep06,00,2026-02-19,2026-02-27,gcrew,noaa_gefs,06,AirTemp_C_mean,8,2.5398727416992415
gep06,00,2026-02-19,2026-02-27,gcrew,noaa_gefs,06,Pressure_Pa,8,101330.2099609375
gep06,00,2026-02-19,2026-02-27,gcrew,noaa_gefs,06,RH_percent_mean,8,90.59297943115234
gep06,00,2026-02-19,2026-02-27,gcrew,noaa_gefs,06,Rain_mm_sum,8,41.3899998255074
gep06,00,2026-02-19,2026-02-27,gcrew,noaa_gefs,06,ShortwaveRadiation_Wm2,8,16.875
gep06,00,2026-02-19,2026-02-27,gcrew,noaa_gefs,06,WindSpeed_ms_mean,8,3.173158734850934
gep06,00,2026-02-19,2026-02-28,gcrew,noaa_gefs,06,AirTemp_C_mean,9,6.081576102120558
gep06,00,2026-02-19,2026-02-28,gcrew,noaa_gefs,06,Pressure_Pa,9,100991.2890625
gep06,00,2026-02-19,2026-02-28,gcrew,noaa_gefs,06,RH_percent_mean,9,89.50826699393136
gep06,00,2026-02-19,2026-02-28,gcrew,noaa_gefs,06,Rain_mm_sum,9,6.939999997615814
gep06,00,2026-02-19,2026-02-28,gcrew,noaa_gefs,06,ShortwaveRadiation_Wm2,9,198.71428571428572
gep06,00,2026-02-19,2026-02-28,gcrew,noaa_gefs,06,WindSpeed_ms_mean,9,2.371464473414071
gep06,00,2026-02-19,2026-03-01,gcrew,noaa_gefs,06,AirTemp_C_mean,10,3.9153381347656477
gep06,00,2026-02-19,2026-03-01,gcrew,noaa_gefs,06,Pressure_Pa,10,102000.736328125
gep06,00,2026-02-19,2026-03-01,gcrew,noaa_gefs,06,RH_percent_mean,10,64.10819625854492
gep06,00,2026-02-19,2026-03-01,gcrew,noaa_gefs,06,Rain_mm_sum,10,0
gep06,00,2026-02-19,2026-03-01,gcrew,noaa_gefs,06,ShortwaveRadiation_Wm2,10,214
gep06,00,2026-02-19,2026-03-01,gcrew,noaa_gefs,06,WindSpeed_ms_mean,10,3.7106248775369783
gep06,00,2026-02-19,2026-03-02,gcrew,noaa_gefs,06,AirTemp_C_mean,11,2.6448913574218977
gep06,00,2026-02-19,2026-03-02,gcrew,noaa_gefs,06,Pressure_Pa,11,101992.7734375
gep06,00,2026-02-19,2026-03-02,gcrew,noaa_gefs,06,RH_percent_mean,11,80.4185619354248
gep06,00,2026-02-19,2026-03-02,gcrew,noaa_gefs,06,Rain_mm_sum,11,1.7000000327825546
gep06,00,2026-02-19,2026-03-02,gcrew,noaa_gefs,06,ShortwaveRadiation_Wm2,11,22.5
gep06,00,2026-02-19,2026-03-02,gcrew,noaa_gefs,06,WindSpeed_ms_mean,11,3.8287651590698437
gep06,00,2026-02-19,2026-03-03,gcrew,noaa_gefs,06,AirTemp_C_mean,12,13.411950683593773
gep06,00,2026-02-19,2026-03-03,gcrew,noaa_gefs,06,Pressure_Pa,12,101091.162109375
gep06,00,2026-02-19,2026-03-03,gcrew,noaa_gefs,06,RH_percent_mean,12,90.47667694091797
gep06,00,2026-02-19,2026-03-03,gcrew,noaa_gefs,06,Rain_mm_sum,12,3.1000000834465027
gep06,00,2026-02-19,2026-03-03,gcrew,noaa_gefs,06,ShortwaveRadiation_Wm2,12,146
gep06,00,2026-02-19,2026-03-03,gcrew,noaa_gefs,06,WindSpeed_ms_mean,12,5.012968706083463
gep06,00,2026-02-19,2026-03-04,gcrew,noaa_gefs,06,AirTemp_C_mean,13,8.065553283691429
gep06,00,2026-02-19,2026-03-04,gcrew,noaa_gefs,06,Pressure_Pa,13,102178.892578125
gep06,00,2026-02-19,2026-03-04,gcrew,noaa_gefs,06,RH_percent_mean,13,90.09021759033203
gep06,00,2026-02-19,2026-03-04,gcrew,noaa_gefs,06,Rain_mm_sum,13,6.300000101327896
gep06,00,2026-02-19,2026-03-04,gcrew,noaa_gefs,06,ShortwaveRadiation_Wm2,13,25
gep06,00,2026-02-19,2026-03-04,gcrew,noaa_gefs,06,WindSpeed_ms_mean,13,3.9570483623648522
gep06,00,2026-02-19,2026-03-05,gcrew,noaa_gefs,06,AirTemp_C_mean,14,12.227571105957054
gep06,00,2026-02-19,2026-03-05,gcrew,noaa_gefs,06,Pressure_Pa,14,101463.474609375
gep06,00,2026-02-19,2026-03-05,gcrew,noaa_gefs,06,RH_percent_mean,14,91.76033973693848
gep06,00,2026-02-19,2026-03-05,gcrew,noaa_gefs,06,Rain_mm_sum,14,2.4999999925494194
gep06,00,2026-02-19,2026-03-05,gcrew,noaa_gefs,06,ShortwaveRadiation_Wm2,14,89.75
gep06,00,2026-02-19,2026-03-05,gcrew,noaa_gefs,06,WindSpeed_ms_mean,14,6.039026367710616
gep06,00,2026-02-19,2026-03-06,gcrew,noaa_gefs,06,AirTemp_C_mean,15,0.883576965332054
gep06,00,2026-02-19,2026-03-06,gcrew,noaa_gefs,06,Pressure_Pa,15,101621.16796875
gep06,00,2026-02-19,2026-03-06,gcrew,noaa_gefs,06,RH_percent_mean,15,92.8342227935791
gep06,00,2026-02-19,2026-03-06,gcrew,noaa_gefs,06,Rain_mm_sum,15,37.30000019073486
gep06,00,2026-02-19,2026-03-06,gcrew,noaa_gefs,06,ShortwaveRadiation_Wm2,15,17.5
gep06,00,2026-02-19,2026-03-06,gcrew,noaa_gefs,06,WindSpeed_ms_mean,15,6.799946731139411
gep06,00,2026-02-19,2026-03-07,gcrew,noaa_gefs,06,AirTemp_C_mean,16,-1.2620071411132585
gep06,00,2026-02-19,2026-03-07,gcrew,noaa_gefs,06,Pressure_Pa,16,102783.318359375
gep06,00,2026-02-19,2026-03-07,gcrew,noaa_gefs,06,RH_percent_mean,16,79.86228942871094
gep06,00,2026-02-19,2026-03-07,gcrew,noaa_gefs,06,Rain_mm_sum,16,0
gep06,00,2026-02-19,2026-03-07,gcrew,noaa_gefs,06,ShortwaveRadiation_Wm2,16,231.5
gep06,00,2026-02-19,2026-03-07,gcrew,noaa_gefs,06,WindSpeed_ms_mean,16,3.336420955691156
gep06,00,2026-02-19,2026-03-08,gcrew,noaa_gefs,06,AirTemp_C_mean,17,2.6822448730468977
gep06,00,2026-02-19,2026-03-08,gcrew,noaa_gefs,06,Pressure_Pa,17,102794.392578125
gep06,00,2026-02-19,2026-03-08,gcrew,noaa_gefs,06,RH_percent_mean,17,80.685150146484375
gep06,00,2026-02-19,2026-03-08,gcrew,noaa_gefs,06,Rain_mm_sum,17,0
gep06,00,2026-02-19,2026-03-08,gcrew,noaa_gefs,06,ShortwaveRadiation_Wm2,17,218.75
gep06,00,2026-02-19,2026-03-08,gcrew,noaa_gefs,06,WindSpeed_ms_mean,17,2.011765155426912
gep06,00,2026-02-19,2026-03-09,gcrew,noaa_gefs,06,AirTemp_C_mean,18,2.2363754272461165
gep06,00,2026-02-19,2026-03-09,gcrew,noaa_gefs,06,Pressure_Pa,18,102708.865234375
gep06,00,2026-02-19,2026-03-09,gcrew,noaa_gefs,06,RH_percent_mean,18,88.49076080322266
gep06,00,2026-02-19,2026-03-09,gcrew,noaa_gefs,06,Rain_mm_sum,18,0
gep06,00,2026-02-19,2026-03-09,gcrew,noaa_gefs,06,ShortwaveRadiation_Wm2,18,190.5
gep06,00,2026-02-19,2026-03-09,gcrew,noaa_gefs,06,WindSpeed_ms_mean,18,2.926777667971675
gep06,00,2026-02-19,2026-03-10,gcrew,noaa_gefs,06,AirTemp_C_mean,19,3.077027893066429
gep06,00,2026-02-19,2026-03-10,gcrew,noaa_gefs,06,Pressure_Pa,19,101449.376953125
gep06,00,2026-02-19,2026-03-10,gcrew,noaa_gefs,06,RH_percent_mean,19,97.0867977142334
gep06,00,2026-02-19,2026-03-10,gcrew,noaa_gefs,06,Rain_mm_sum,19,20.30000078678131
gep06,00,2026-02-19,2026-03-10,gcrew,noaa_gefs,06,ShortwaveRadiation_Wm2,19,12.25
gep06,00,2026-02-19,2026-03-10,gcrew,noaa_gefs,06,WindSpeed_ms_mean,19,2.16738045229572
gep06,00,2026-02-19,2026-03-11,gcrew,noaa_gefs,06,AirTemp_C_mean,20,2.4423767089843977
gep06,00,2026-02-19,2026-03-11,gcrew,noaa_gefs,06,Pressure_Pa,20,101607.31640625
gep06,00,2026-02-19,2026-03-11,gcrew,noaa_gefs,06,RH_percent_mean,20,73.54477119445801
gep06,00,2026-02-19,2026-03-11,gcrew,noaa_gefs,06,Rain_mm_sum,20,0
gep06,00,2026-02-19,2026-03-11,gcrew,noaa_gefs,06,ShortwaveRadiation_Wm2,20,216.25
gep06,00,2026-02-19,2026-03-11,gcrew,noaa_gefs,06,WindSpeed_ms_mean,20,3.965489202739927
gep06,00,2026-02-19,2026-03-12,gcrew,noaa_gefs,06,AirTemp_C_mean,21,5.346345520019554
gep06,00,2026-02-19,2026-03-12,gcrew,noaa_gefs,06,Pressure_Pa,21,101774.470703125
gep06,00,2026-02-19,2026-03-12,gcrew,noaa_gefs,06,RH_percent_mean,21,70.26903629302979
gep06,00,2026-02-19,2026-03-12,gcrew,noaa_gefs,06,Rain_mm_sum,21,0
gep06,00,2026-02-19,2026-03-12,gcrew,noaa_gefs,06,ShortwaveRadiation_Wm2,21,234.5
gep06,00,2026-02-19,2026-03-12,gcrew,noaa_gefs,06,WindSpeed_ms_mean,21,4.989251373860443
gep06,00,2026-02-19,2026-03-13,gcrew,noaa_gefs,06,AirTemp_C_mean,22,0.404817199707054
gep06,00,2026-02-19,2026-03-13,gcrew,noaa_gefs,06,Pressure_Pa,22,103084.677734375
gep06,00,2026-02-19,2026-03-13,gcrew,noaa_gefs,06,RH_percent_mean,22,59.94519805908203
gep06,00,2026-02-19,2026-03-13,gcrew,noaa_gefs,06,Rain_mm_sum,22,0
gep06,00,2026-02-19,2026-03-13,gcrew,noaa_gefs,06,ShortwaveRadiation_Wm2,22,246.75
gep06,00,2026-02-19,2026-03-13,gcrew,noaa_gefs,06,WindSpeed_ms_mean,22,3.9252923447424357
gep06,00,2026-02-19,2026-03-14,gcrew,noaa_gefs,06,AirTemp_C_mean,23,2.2103439331054915
gep06,00,2026-02-19,2026-03-14,gcrew,noaa_gefs,06,Pressure_Pa,23,103257.919921875
gep06,00,2026-02-19,2026-03-14,gcrew,noaa_gefs,06,RH_percent_mean,23,65.69925880432129
gep06,00,2026-02-19,2026-03-14,gcrew,noaa_gefs,06,Rain_mm_sum,23,0
gep06,00,2026-02-19,2026-03-14,gcrew,noaa_gefs,06,ShortwaveRadiation_Wm2,23,192.25
gep06,00,2026-02-19,2026-03-14,gcrew,noaa_gefs,06,WindSpeed_ms_mean,23,3.0252771415459634
gep06,00,2026-02-19,2026-03-15,gcrew,noaa_gefs,06,AirTemp_C_mean,24,4.8394332885742415
gep06,00,2026-02-19,2026-03-15,gcrew,noaa_gefs,06,Pressure_Pa,24,102069.697265625
gep06,00,2026-02-19,2026-03-15,gcrew,noaa_gefs,06,RH_percent_mean,24,91.6884937286377
gep06,00,2026-02-19,2026-03-15,gcrew,noaa_gefs,06,Rain_mm_sum,24,6.8000001311302185
gep06,00,2026-02-19,2026-03-15,gcrew,noaa_gefs,06,ShortwaveRadiation_Wm2,24,9.75
gep06,00,2026-02-19,2026-03-15,gcrew,noaa_gefs,06,WindSpeed_ms_mean,24,4.914185923582207
gep06,00,2026-02-19,2026-03-16,gcrew,noaa_gefs,06,AirTemp_C_mean,25,6.88092956542971
gep06,00,2026-02-19,2026-03-16,gcrew,noaa_gefs,06,Pressure_Pa,25,100852.091796875
gep06,00,2026-02-19,2026-03-16,gcrew,noaa_gefs,06,RH_percent_mean,25,93.64601707458496
gep06,00,2026-02-19,2026-03-16,gcrew,noaa_gefs,06,Rain_mm_sum,25,0.10000000149011612
gep06,00,2026-02-19,2026-03-16,gcrew,noaa_gefs,06,ShortwaveRadiation_Wm2,25,137
gep06,00,2026-02-19,2026-03-16,gcrew,noaa_gefs,06,WindSpeed_ms_mean,25,2.385226343506775
gep06,00,2026-02-19,2026-03-17,gcrew,noaa_gefs,06,AirTemp_C_mean,26,8.267533874511741
gep06,00,2026-02-19,2026-03-17,gcrew,noaa_gefs,06,Pressure_Pa,26,100826.765625
gep06,00,2026-02-19,2026-03-17,gcrew,noaa_gefs,06,RH_percent_mean,26,91.60923194885254
gep06,00,2026-02-19,2026-03-17,gcrew,noaa_gefs,06,Rain_mm_sum,26,0
gep06,00,2026-02-19,2026-03-17,gcrew,noaa_gefs,06,ShortwaveRadiation_Wm2,26,223.75
gep06,00,2026-02-19,2026-03-17,gcrew,noaa_gefs,06,WindSpeed_ms_mean,26,2.241015530837425
gep06,00,2026-02-19,2026-03-18,gcrew,noaa_gefs,06,AirTemp_C_mean,27,11.309526062011741
gep06,00,2026-02-19,2026-03-18,gcrew,noaa_gefs,06,Pressure_Pa,27,100366.421875
gep06,00,2026-02-19,2026-03-18,gcrew,noaa_gefs,06,RH_percent_mean,27,80.98326683044434
gep06,00,2026-02-19,2026-03-18,gcrew,noaa_gefs,06,Rain_mm_sum,27,3.8000001087784767
gep06,00,2026-02-19,2026-03-18,gcrew,noaa_gefs,06,ShortwaveRadiation_Wm2,27,206
gep06,00,2026-02-19,2026-03-18,gcrew,noaa_gefs,06,WindSpeed_ms_mean,27,4.913507346762998
gep06,00,2026-02-19,2026-03-19,gcrew,noaa_gefs,06,AirTemp_C_mean,28,9.271661376953148
gep06,00,2026-02-19,2026-03-19,gcrew,noaa_gefs,06,Pressure_Pa,28,100716.333984375
gep06,00,2026-02-19,2026-03-19,gcrew,noaa_gefs,06,RH_percent_mean,28,78.55448150634766
gep06,00,2026-02-19,2026-03-19,gcrew,noaa_gefs,06,Rain_mm_sum,28,0.20000000298023224
gep06,00,2026-02-19,2026-03-19,gcrew,noaa_gefs,06,ShortwaveRadiation_Wm2,28,176
gep06,00,2026-02-19,2026-03-19,gcrew,noaa_gefs,06,WindSpeed_ms_mean,28,3.502768919064772
gep06,00,2026-02-19,2026-03-20,gcrew,noaa_gefs,06,AirTemp_C_mean,29,7.4639755249023665
gep06,00,2026-02-19,2026-03-20,gcrew,noaa_gefs,06,Pressure_Pa,29,101721.220703125
gep06,00,2026-02-19,2026-03-20,gcrew,noaa_gefs,06,RH_percent_mean,29,84.32945442199707
gep06,00,2026-02-19,2026-03-20,gcrew,noaa_gefs,06,Rain_mm_sum,29,0
gep06,00,2026-02-19,2026-03-20,gcrew,noaa_gefs,06,ShortwaveRadiation_Wm2,29,225.25
gep06,00,2026-02-19,2026-03-20,gcrew,noaa_gefs,06,WindSpeed_ms_mean,29,2.4857486906504604
gep06,00,2026-02-19,2026-03-21,gcrew,noaa_gefs,06,AirTemp_C_mean,30,5.514649963378929
gep06,00,2026-02-19,2026-03-21,gcrew,noaa_gefs,06,Pressure_Pa,30,102508.27734375
gep06,00,2026-02-19,2026-03-21,gcrew,noaa_gefs,06,RH_percent_mean,30,93.17456245422363
gep06,00,2026-02-19,2026-03-21,gcrew,noaa_gefs,06,Rain_mm_sum,30,0
gep06,00,2026-02-19,2026-03-21,gcrew,noaa_gefs,06,ShortwaveRadiation_Wm2,30,231
gep06,00,2026-02-19,2026-03-21,gcrew,noaa_gefs,06,WindSpeed_ms_mean,30,3.478610201477239
gep06,00,2026-02-19,2026-03-22,gcrew,noaa_gefs,06,AirTemp_C_mean,31,8.427484130859398
gep06,00,2026-02-19,2026-03-22,gcrew,noaa_gefs,06,Pressure_Pa,31,101537.609375
gep06,00,2026-02-19,2026-03-22,gcrew,noaa_gefs,06,RH_percent_mean,31,90.99308013916016
gep06,00,2026-02-19,2026-03-22,gcrew,noaa_gefs,06,Rain_mm_sum,31,0
gep06,00,2026-02-19,2026-03-22,gcrew,noaa_gefs,06,ShortwaveRadiation_Wm2,31,169
gep06,00,2026-02-19,2026-03-22,gcrew,noaa_gefs,06,WindSpeed_ms_mean,31,7.184195750232049
gep06,00,2026-02-19,2026-03-23,gcrew,noaa_gefs,06,AirTemp_C_mean,32,8.768609619140648
gep06,00,2026-02-19,2026-03-23,gcrew,noaa_gefs,06,Pressure_Pa,32,100650.3046875
gep06,00,2026-02-19,2026-03-23,gcrew,noaa_gefs,06,RH_percent_mean,32,58.10695171356201
gep06,00,2026-02-19,2026-03-23,gcrew,noaa_gefs,06,Rain_mm_sum,32,1.3000000715255737
gep06,00,2026-02-19,2026-03-23,gcrew,noaa_gefs,06,ShortwaveRadiation_Wm2,32,266
gep06,00,2026-02-19,2026-03-23,gcrew,noaa_gefs,06,WindSpeed_ms_mean,32,7.9327389792356415
gep06,00,2026-02-19,2026-03-24,gcrew,noaa_gefs,06,AirTemp_C_mean,33,4.568719482421898
gep06,00,2026-02-19,2026-03-24,gcrew,noaa_gefs,06,Pressure_Pa,33,101528.60546875
gep06,00,2026-02-19,2026-03-24,gcrew,noaa_gefs,06,RH_percent_mean,33,52.18817710876465
gep06,00,2026-02-19,2026-03-24,gcrew,noaa_gefs,06,Rain_mm_sum,33,0
gep06,00,2026-02-19,2026-03-24,gcrew,noaa_gefs,06,ShortwaveRadiation_Wm2,33,271.25
gep06,00,2026-02-19,2026-03-24,gcrew,noaa_gefs,06,WindSpeed_ms_mean,33,5.0208112518813515
gep06,00,2026-02-19,2026-03-25,gcrew,noaa_gefs,06,AirTemp_C_mean,34,4.424745178222679
gep06,00,2026-02-19,2026-03-25,gcrew,noaa_gefs,06,Pressure_Pa,34,100896.943359375
gep06,00,2026-02-19,2026-03-25,gcrew,noaa_gefs,06,RH_percent_mean,34,73.10336017608643
gep06,00,2026-02-19,2026-03-25,gcrew,noaa_gefs,06,Rain_mm_sum,34,0.699999988079071
gep06,00,2026-02-19,2026-03-25,gcrew,noaa_gefs,06,ShortwaveRadiation_Wm2,34,168.25
gep06,00,2026-02-19,2026-03-25,gcrew,noaa_gefs,06,WindSpeed_ms_mean,34,3.448319475494018
gep07,00,2026-02-19,2026-02-20,gcrew,noaa_gefs,07,AirTemp_C_mean,1,8.60019454956057
gep07,00,2026-02-19,2026-02-20,gcrew,noaa_gefs,07,Pressure_Pa,1,100529.837890625
gep07,00,2026-02-19,2026-02-20,gcrew,noaa_gefs,07,RH_percent_mean,1,84.13147974014282
gep07,00,2026-02-19,2026-02-20,gcrew,noaa_gefs,07,Rain_mm_sum,1,7.229999907314777
gep07,00,2026-02-19,2026-02-20,gcrew,noaa_gefs,07,ShortwaveRadiation_Wm2,1,90
gep07,00,2026-02-19,2026-02-20,gcrew,noaa_gefs,07,WindSpeed_ms_mean,1,5.327480968436972
gep07,00,2026-02-19,2026-02-21,gcrew,noaa_gefs,07,AirTemp_C_mean,2,4.957093811035179
gep07,00,2026-02-19,2026-02-21,gcrew,noaa_gefs,07,Pressure_Pa,2,101362.1162109375
gep07,00,2026-02-19,2026-02-21,gcrew,noaa_gefs,07,RH_percent_mean,2,67.61050748825073
gep07,00,2026-02-19,2026-02-21,gcrew,noaa_gefs,07,Rain_mm_sum,2,0.009999999776482582
gep07,00,2026-02-19,2026-02-21,gcrew,noaa_gefs,07,ShortwaveRadiation_Wm2,2,157.375
gep07,00,2026-02-19,2026-02-21,gcrew,noaa_gefs,07,WindSpeed_ms_mean,2,2.796669875085554
gep07,00,2026-02-19,2026-02-22,gcrew,noaa_gefs,07,AirTemp_C_mean,3,1.7196746826172102
gep07,00,2026-02-19,2026-02-22,gcrew,noaa_gefs,07,Pressure_Pa,3,101743.5
gep07,00,2026-02-19,2026-02-22,gcrew,noaa_gefs,07,RH_percent_mean,3,72.97090816497803
gep07,00,2026-02-19,2026-02-22,gcrew,noaa_gefs,07,Rain_mm_sum,3,0.10000000149011612
gep07,00,2026-02-19,2026-02-22,gcrew,noaa_gefs,07,ShortwaveRadiation_Wm2,3,141.625
gep07,00,2026-02-19,2026-02-22,gcrew,noaa_gefs,07,WindSpeed_ms_mean,3,2.597666670204664
gep07,00,2026-02-19,2026-02-23,gcrew,noaa_gefs,07,AirTemp_C_mean,4,0.5413490295410384
gep07,00,2026-02-19,2026-02-23,gcrew,noaa_gefs,07,Pressure_Pa,4,101336.916015625
gep07,00,2026-02-19,2026-02-23,gcrew,noaa_gefs,07,RH_percent_mean,4,88.30583763122559
gep07,00,2026-02-19,2026-02-23,gcrew,noaa_gefs,07,Rain_mm_sum,4,6.400000065565109
gep07,00,2026-02-19,2026-02-23,gcrew,noaa_gefs,07,ShortwaveRadiation_Wm2,4,97.75
gep07,00,2026-02-19,2026-02-23,gcrew,noaa_gefs,07,WindSpeed_ms_mean,4,5.788296822041432
gep07,00,2026-02-19,2026-02-24,gcrew,noaa_gefs,07,AirTemp_C_mean,5,0.5290084838867415
gep07,00,2026-02-19,2026-02-24,gcrew,noaa_gefs,07,Pressure_Pa,5,101826.7109375
gep07,00,2026-02-19,2026-02-24,gcrew,noaa_gefs,07,RH_percent_mean,5,67.53751993179321
gep07,00,2026-02-19,2026-02-24,gcrew,noaa_gefs,07,Rain_mm_sum,5,0.10000000149011612
gep07,00,2026-02-19,2026-02-24,gcrew,noaa_gefs,07,ShortwaveRadiation_Wm2,5,205.75
gep07,00,2026-02-19,2026-02-24,gcrew,noaa_gefs,07,WindSpeed_ms_mean,5,4.922516373996911
gep07,00,2026-02-19,2026-02-25,gcrew,noaa_gefs,07,AirTemp_C_mean,6,4.261026000976585
gep07,00,2026-02-19,2026-02-25,gcrew,noaa_gefs,07,Pressure_Pa,6,101437.8994140625
gep07,00,2026-02-19,2026-02-25,gcrew,noaa_gefs,07,RH_percent_mean,6,64.63713264465332
gep07,00,2026-02-19,2026-02-25,gcrew,noaa_gefs,07,Rain_mm_sum,6,0.5000000149011612
gep07,00,2026-02-19,2026-02-25,gcrew,noaa_gefs,07,ShortwaveRadiation_Wm2,6,123.375
gep07,00,2026-02-19,2026-02-25,gcrew,noaa_gefs,07,WindSpeed_ms_mean,6,4.7829481823237945
gep07,00,2026-02-19,2026-02-26,gcrew,noaa_gefs,07,AirTemp_C_mean,7,7.054109191894554
gep07,00,2026-02-19,2026-02-26,gcrew,noaa_gefs,07,Pressure_Pa,7,101322.2197265625
gep07,00,2026-02-19,2026-02-26,gcrew,noaa_gefs,07,RH_percent_mean,7,73.60764694213867
gep07,00,2026-02-19,2026-02-26,gcrew,noaa_gefs,07,Rain_mm_sum,7,1.6900000274181366
gep07,00,2026-02-19,2026-02-26,gcrew,noaa_gefs,07,ShortwaveRadiation_Wm2,7,169.75
gep07,00,2026-02-19,2026-02-26,gcrew,noaa_gefs,07,WindSpeed_ms_mean,7,4.3598277703380175
gep07,00,2026-02-19,2026-02-27,gcrew,noaa_gefs,07,AirTemp_C_mean,8,2.5398727416992415
gep07,00,2026-02-19,2026-02-27,gcrew,noaa_gefs,07,Pressure_Pa,8,101330.2099609375
gep07,00,2026-02-19,2026-02-27,gcrew,noaa_gefs,07,RH_percent_mean,8,90.59297943115234
gep07,00,2026-02-19,2026-02-27,gcrew,noaa_gefs,07,Rain_mm_sum,8,41.3899998255074
gep07,00,2026-02-19,2026-02-27,gcrew,noaa_gefs,07,ShortwaveRadiation_Wm2,8,16.875
gep07,00,2026-02-19,2026-02-27,gcrew,noaa_gefs,07,WindSpeed_ms_mean,8,3.173158734850934
gep07,00,2026-02-19,2026-02-28,gcrew,noaa_gefs,07,AirTemp_C_mean,9,6.081576102120558
gep07,00,2026-02-19,2026-02-28,gcrew,noaa_gefs,07,Pressure_Pa,9,100991.2890625
gep07,00,2026-02-19,2026-02-28,gcrew,noaa_gefs,07,RH_percent_mean,9,89.50826699393136
gep07,00,2026-02-19,2026-02-28,gcrew,noaa_gefs,07,Rain_mm_sum,9,6.939999997615814
gep07,00,2026-02-19,2026-02-28,gcrew,noaa_gefs,07,ShortwaveRadiation_Wm2,9,198.71428571428572
gep07,00,2026-02-19,2026-02-28,gcrew,noaa_gefs,07,WindSpeed_ms_mean,9,2.371464473414071
gep07,00,2026-02-19,2026-03-01,gcrew,noaa_gefs,07,AirTemp_C_mean,10,3.9153381347656477
gep07,00,2026-02-19,2026-03-01,gcrew,noaa_gefs,07,Pressure_Pa,10,102000.736328125
gep07,00,2026-02-19,2026-03-01,gcrew,noaa_gefs,07,RH_percent_mean,10,64.10819625854492
gep07,00,2026-02-19,2026-03-01,gcrew,noaa_gefs,07,Rain_mm_sum,10,0
gep07,00,2026-02-19,2026-03-01,gcrew,noaa_gefs,07,ShortwaveRadiation_Wm2,10,214
gep07,00,2026-02-19,2026-03-01,gcrew,noaa_gefs,07,WindSpeed_ms_mean,10,3.7106248775369783
gep07,00,2026-02-19,2026-03-02,gcrew,noaa_gefs,07,AirTemp_C_mean,11,2.6448913574218977
gep07,00,2026-02-19,2026-03-02,gcrew,noaa_gefs,07,Pressure_Pa,11,101992.7734375
gep07,00,2026-02-19,2026-03-02,gcrew,noaa_gefs,07,RH_percent_mean,11,80.4185619354248
gep07,00,2026-02-19,2026-03-02,gcrew,noaa_gefs,07,Rain_mm_sum,11,1.7000000327825546
gep07,00,2026-02-19,2026-03-02,gcrew,noaa_gefs,07,ShortwaveRadiation_Wm2,11,22.5
gep07,00,2026-02-19,2026-03-02,gcrew,noaa_gefs,07,WindSpeed_ms_mean,11,3.8287651590698437
gep07,00,2026-02-19,2026-03-03,gcrew,noaa_gefs,07,AirTemp_C_mean,12,13.411950683593773
gep07,00,2026-02-19,2026-03-03,gcrew,noaa_gefs,07,Pressure_Pa,12,101091.162109375
gep07,00,2026-02-19,2026-03-03,gcrew,noaa_gefs,07,RH_percent_mean,12,90.47667694091797
gep07,00,2026-02-19,2026-03-03,gcrew,noaa_gefs,07,Rain_mm_sum,12,3.1000000834465027
gep07,00,2026-02-19,2026-03-03,gcrew,noaa_gefs,07,ShortwaveRadiation_Wm2,12,146
gep07,00,2026-02-19,2026-03-03,gcrew,noaa_gefs,07,WindSpeed_ms_mean,12,5.012968706083463
gep07,00,2026-02-19,2026-03-04,gcrew,noaa_gefs,07,AirTemp_C_mean,13,8.065553283691429
gep07,00,2026-02-19,2026-03-04,gcrew,noaa_gefs,07,Pressure_Pa,13,102178.892578125
gep07,00,2026-02-19,2026-03-04,gcrew,noaa_gefs,07,RH_percent_mean,13,90.09021759033203
gep07,00,2026-02-19,2026-03-04,gcrew,noaa_gefs,07,Rain_mm_sum,13,6.300000101327896
gep07,00,2026-02-19,2026-03-04,gcrew,noaa_gefs,07,ShortwaveRadiation_Wm2,13,25
gep07,00,2026-02-19,2026-03-04,gcrew,noaa_gefs,07,WindSpeed_ms_mean,13,3.9570483623648522
gep07,00,2026-02-19,2026-03-05,gcrew,noaa_gefs,07,AirTemp_C_mean,14,12.227571105957054
gep07,00,2026-02-19,2026-03-05,gcrew,noaa_gefs,07,Pressure_Pa,14,101463.474609375
gep07,00,2026-02-19,2026-03-05,gcrew,noaa_gefs,07,RH_percent_mean,14,91.76033973693848
gep07,00,2026-02-19,2026-03-05,gcrew,noaa_gefs,07,Rain_mm_sum,14,2.4999999925494194
gep07,00,2026-02-19,2026-03-05,gcrew,noaa_gefs,07,ShortwaveRadiation_Wm2,14,89.75
gep07,00,2026-02-19,2026-03-05,gcrew,noaa_gefs,07,WindSpeed_ms_mean,14,6.039026367710616
gep07,00,2026-02-19,2026-03-06,gcrew,noaa_gefs,07,AirTemp_C_mean,15,0.883576965332054
gep07,00,2026-02-19,2026-03-06,gcrew,noaa_gefs,07,Pressure_Pa,15,101621.16796875
gep07,00,2026-02-19,2026-03-06,gcrew,noaa_gefs,07,RH_percent_mean,15,92.8342227935791
gep07,00,2026-02-19,2026-03-06,gcrew,noaa_gefs,07,Rain_mm_sum,15,37.30000019073486
gep07,00,2026-02-19,2026-03-06,gcrew,noaa_gefs,07,ShortwaveRadiation_Wm2,15,17.5
gep07,00,2026-02-19,2026-03-06,gcrew,noaa_gefs,07,WindSpeed_ms_mean,15,6.799946731139411
gep07,00,2026-02-19,2026-03-07,gcrew,noaa_gefs,07,AirTemp_C_mean,16,-1.2620071411132585
gep07,00,2026-02-19,2026-03-07,gcrew,noaa_gefs,07,Pressure_Pa,16,102783.318359375
gep07,00,2026-02-19,2026-03-07,gcrew,noaa_gefs,07,RH_percent_mean,16,79.86228942871094
gep07,00,2026-02-19,2026-03-07,gcrew,noaa_gefs,07,Rain_mm_sum,16,0
gep07,00,2026-02-19,2026-03-07,gcrew,noaa_gefs,07,ShortwaveRadiation_Wm2,16,231.5
gep07,00,2026-02-19,2026-03-07,gcrew,noaa_gefs,07,WindSpeed_ms_mean,16,3.336420955691156
gep07,00,2026-02-19,2026-03-08,gcrew,noaa_gefs,07,AirTemp_C_mean,17,2.6822448730468977
gep07,00,2026-02-19,2026-03-08,gcrew,noaa_gefs,07,Pressure_Pa,17,102794.392578125
gep07,00,2026-02-19,2026-03-08,gcrew,noaa_gefs,07,RH_percent_mean,17,80.685150146484375
gep07,00,2026-02-19,2026-03-08,gcrew,noaa_gefs,07,Rain_mm_sum,17,0
gep07,00,2026-02-19,2026-03-08,gcrew,noaa_gefs,07,ShortwaveRadiation_Wm2,17,218.75
gep07,00,2026-02-19,2026-03-08,gcrew,noaa_gefs,07,WindSpeed_ms_mean,17,2.011765155426912
gep07,00,2026-02-19,2026-03-09,gcrew,noaa_gefs,07,AirTemp_C_mean,18,2.2363754272461165
gep07,00,2026-02-19,2026-03-09,gcrew,noaa_gefs,07,Pressure_Pa,18,102708.865234375
gep07,00,2026-02-19,2026-03-09,gcrew,noaa_gefs,07,RH_percent_mean,18,88.49076080322266
gep07,00,2026-02-19,2026-03-09,gcrew,noaa_gefs,07,Rain_mm_sum,18,0
gep07,00,2026-02-19,2026-03-09,gcrew,noaa_gefs,07,ShortwaveRadiation_Wm2,18,190.5
gep07,00,2026-02-19,2026-03-09,gcrew,noaa_gefs,07,WindSpeed_ms_mean,18,2.926777667971675
gep07,00,2026-02-19,2026-03-10,gcrew,noaa_gefs,07,AirTemp_C_mean,19,3.077027893066429
gep07,00,2026-02-19,2026-03-10,gcrew,noaa_gefs,07,Pressure_Pa,19,101449.376953125
gep07,00,2026-02-19,2026-03-10,gcrew,noaa_gefs,07,RH_percent_mean,19,97.0867977142334
gep07,00,2026-02-19,2026-03-10,gcrew,noaa_gefs,07,Rain_mm_sum,19,20.30000078678131
gep07,00,2026-02-19,2026-03-10,gcrew,noaa_gefs,07,ShortwaveRadiation_Wm2,19,12.25
gep07,00,2026-02-19,2026-03-10,gcrew,noaa_gefs,07,WindSpeed_ms_mean,19,2.16738045229572
gep07,00,2026-02-19,2026-03-11,gcrew,noaa_gefs,07,AirTemp_C_mean,20,2.4423767089843977
gep07,00,2026-02-19,2026-03-11,gcrew,noaa_gefs,07,Pressure_Pa,20,101607.31640625
gep07,00,2026-02-19,2026-03-11,gcrew,noaa_gefs,07,RH_percent_mean,20,73.54477119445801
gep07,00,2026-02-19,2026-03-11,gcrew,noaa_gefs,07,Rain_mm_sum,20,0
gep07,00,2026-02-19,2026-03-11,gcrew,noaa_gefs,07,ShortwaveRadiation_Wm2,20,216.25
gep07,00,2026-02-19,2026-03-11,gcrew,noaa_gefs,07,WindSpeed_ms_mean,20,3.965489202739927
gep07,00,2026-02-19,2026-03-12,gcrew,noaa_gefs,07,AirTemp_C_mean,21,5.346345520019554
gep07,00,2026-02-19,2026-03-12,gcrew,noaa_gefs,07,Pressure_Pa,21,101774.470703125
gep07,00,2026-02-19,2026-03-12,gcrew,noaa_gefs,07,RH_percent_mean,21,70.26903629302979
gep07,00,2026-02-19,2026-03-12,gcrew,noaa_gefs,07,Rain_mm_sum,21,0
gep07,00,2026-02-19,2026-03-12,gcrew,noaa_gefs,07,ShortwaveRadiation_Wm2,21,234.5
gep07,00,2026-02-19,2026-03-12,gcrew,noaa_gefs,07,WindSpeed_ms_mean,21,4.989251373860443
gep07,00,2026-02-19,2026-03-13,gcrew,noaa_gefs,07,AirTemp_C_mean,22,0.404817199707054
gep07,00,2026-02-19,2026-03-13,gcrew,noaa_gefs,07,Pressure_Pa,22,103084.677734375
gep07,00,2026-02-19,2026-03-13,gcrew,noaa_gefs,07,RH_percent_mean,22,59.94519805908203
gep07,00,2026-02-19,2026-03-13,gcrew,noaa_gefs,07,Rain_mm_sum,22,0
gep07,00,2026-02-19,2026-03-13,gcrew,noaa_gefs,07,ShortwaveRadiation_Wm2,22,246.75
gep07,00,2026-02-19,2026-03-13,gcrew,noaa_gefs,07,WindSpeed_ms_mean,22,3.9252923447424357
gep07,00,2026-02-19,2026-03-14,gcrew,noaa_gefs,07,AirTemp_C_mean,23,2.2103439331054915
gep07,00,2026-02-19,2026-03-14,gcrew,noaa_gefs,07,Pressure_Pa,23,103257.919921875
gep07,00,2026-02-19,2026-03-14,gcrew,noaa_gefs,07,RH_percent_mean,23,65.69925880432129
gep07,00,2026-02-19,2026-03-14,gcrew,noaa_gefs,07,Rain_mm_sum,23,0
gep07,00,2026-02-19,2026-03-14,gcrew,noaa_gefs,07,ShortwaveRadiation_Wm2,23,192.25
gep07,00,2026-02-19,2026-03-14,gcrew,noaa_gefs,07,WindSpeed_ms_mean,23,3.0252771415459634
gep07,00,2026-02-19,2026-03-15,gcrew,noaa_gefs,07,AirTemp_C_mean,24,4.8394332885742415
gep07,00,2026-02-19,2026-03-15,gcrew,noaa_gefs,07,Pressure_Pa,24,102069.697265625
gep07,00,2026-02-19,2026-03-15,gcrew,noaa_gefs,07,RH_percent_mean,24,91.6884937286377
gep07,00,2026-02-19,2026-03-15,gcrew,noaa_gefs,07,Rain_mm_sum,24,6.8000001311302185
gep07,00,2026-02-19,2026-03-15,gcrew,noaa_gefs,07,ShortwaveRadiation_Wm2,24,9.75
gep07,00,2026-02-19,2026-03-15,gcrew,noaa_gefs,07,WindSpeed_ms_mean,24,4.914185923582207
gep07,00,2026-02-19,2026-03-16,gcrew,noaa_gefs,07,AirTemp_C_mean,25,6.88092956542971
gep07,00,2026-02-19,2026-03-16,gcrew,noaa_gefs,07,Pressure_Pa,25,100852.091796875
gep07,00,2026-02-19,2026-03-16,gcrew,noaa_gefs,07,RH_percent_mean,25,93.64601707458496
gep07,00,2026-02-19,2026-03-16,gcrew,noaa_gefs,07,Rain_mm_sum,25,0.10000000149011612
gep07,00,2026-02-19,2026-03-16,gcrew,noaa_gefs,07,ShortwaveRadiation_Wm2,25,137
gep07,00,2026-02-19,2026-03-16,gcrew,noaa_gefs,07,WindSpeed_ms_mean,25,2.385226343506775
gep07,00,2026-02-19,2026-03-17,gcrew,noaa_gefs,07,AirTemp_C_mean,26,8.267533874511741
gep07,00,2026-02-19,2026-03-17,gcrew,noaa_gefs,07,Pressure_Pa,26,100826.765625
gep07,00,2026-02-19,2026-03-17,gcrew,noaa_gefs,07,RH_percent_mean,26,91.60923194885254
gep07,00,2026-02-19,2026-03-17,gcrew,noaa_gefs,07,Rain_mm_sum,26,0
gep07,00,2026-02-19,2026-03-17,gcrew,noaa_gefs,07,ShortwaveRadiation_Wm2,26,223.75
gep07,00,2026-02-19,2026-03-17,gcrew,noaa_gefs,07,WindSpeed_ms_mean,26,2.241015530837425
gep07,00,2026-02-19,2026-03-18,gcrew,noaa_gefs,07,AirTemp_C_mean,27,11.309526062011741
gep07,00,2026-02-19,2026-03-18,gcrew,noaa_gefs,07,Pressure_Pa,27,100366.421875
gep07,00,2026-02-19,2026-03-18,gcrew,noaa_gefs,07,RH_percent_mean,27,80.98326683044434
gep07,00,2026-02-19,2026-03-18,gcrew,noaa_gefs,07,Rain_mm_sum,27,3.8000001087784767
gep07,00,2026-02-19,2026-03-18,gcrew,noaa_gefs,07,ShortwaveRadiation_Wm2,27,206
gep07,00,2026-02-19,2026-03-18,gcrew,noaa_gefs,07,WindSpeed_ms_mean,27,4.913507346762998
gep07,00,2026-02-19,2026-03-19,gcrew,noaa_gefs,07,AirTemp_C_mean,28,9.271661376953148
gep07,00,2026-02-19,2026-03-19,gcrew,noaa_gefs,07,Pressure_Pa,28,100716.333984375
gep07,00,2026-02-19,2026-03-19,gcrew,noaa_gefs,07,RH_percent_mean,28,78.55448150634766
gep07,00,2026-02-19,2026-03-19,gcrew,noaa_gefs,07,Rain_mm_sum,28,0.20000000298023224
gep07,00,2026-02-19,2026-03-19,gcrew,noaa_gefs,07,ShortwaveRadiation_Wm2,28,176
gep07,00,2026-02-19,2026-03-19,gcrew,noaa_gefs,07,WindSpeed_ms_mean,28,3.502768919064772
gep07,00,2026-02-19,2026-03-20,gcrew,noaa_gefs,07,AirTemp_C_mean,29,7.4639755249023665
gep07,00,2026-02-19,2026-03-20,gcrew,noaa_gefs,07,Pressure_Pa,29,101721.220703125
gep07,00,2026-02-19,2026-03-20,gcrew,noaa_gefs,07,RH_percent_mean,29,84.32945442199707
gep07,00,2026-02-19,2026-03-20,gcrew,noaa_gefs,07,Rain_mm_sum,29,0
gep07,00,2026-02-19,2026-03-20,gcrew,noaa_gefs,07,ShortwaveRadiation_Wm2,29,225.25
gep07,00,2026-02-19,2026-03-20,gcrew,noaa_gefs,07,WindSpeed_ms_mean,29,2.4857486906504604
gep07,00,2026-02-19,2026-03-21,gcrew,noaa_gefs,07,AirTemp_C_mean,30,5.514649963378929
gep07,00,2026-02-19,2026-03-21,gcrew,noaa_gefs,07,Pressure_Pa,30,102508.27734375
gep07,00,2026-02-19,2026-03-21,gcrew,noaa_gefs,07,RH_percent_mean,30,93.17456245422363
gep07,00,2026-02-19,2026-03-21,gcrew,noaa_gefs,07,Rain_mm_sum,30,0
gep07,00,2026-02-19,2026-03-21,gcrew,noaa_gefs,07,ShortwaveRadiation_Wm2,30,231
gep07,00,2026-02-19,2026-03-21,gcrew,noaa_gefs,07,WindSpeed_ms_mean,30,3.478610201477239
gep07,00,2026-02-19,2026-03-22,gcrew,noaa_gefs,07,AirTemp_C_mean,31,8.427484130859398
gep07,00,2026-02-19,2026-03-22,gcrew,noaa_gefs,07,Pressure_Pa,31,101537.609375
gep07,00,2026-02-19,2026-03-22,gcrew,noaa_gefs,07,RH_percent_mean,31,90.99308013916016
gep07,00,2026-02-19,2026-03-22,gcrew,noaa_gefs,07,Rain_mm_sum,31,0
gep07,00,2026-02-19,2026-03-22,gcrew,noaa_gefs,07,ShortwaveRadiation_Wm2,31,169
gep07,00,2026-02-19,2026-03-22,gcrew,noaa_gefs,07,WindSpeed_ms_mean,31,7.184195750232049
gep07,00,2026-02-19,2026-03-23,gcrew,noaa_gefs,07,AirTemp_C_mean,32,8.768609619140648
gep07,00,2026-02-19,2026-03-23,gcrew,noaa_gefs,07,Pressure_Pa,32,100650.3046875
gep07,00,2026-02-19,2026-03-23,gcrew,noaa_gefs,07,RH_percent_mean,32,58.10695171356201
gep07,00,2026-02-19,2026-03-23,gcrew,noaa_gefs,07,Rain_mm_sum,32,1.3000000715255737
gep07,00,2026-02-19,2026-03-23,gcrew,noaa_gefs,07,ShortwaveRadiation_Wm2,32,266
gep07,00,2026-02-19,2026-03-23,gcrew,noaa_gefs,07,WindSpeed_ms_mean,32,7.9327389792356415
gep07,00,2026-02-19,2026-03-24,gcrew,noaa_gefs,07,AirTemp_C_mean,33,4.568719482421898
gep07,00,2026-02-19,2026-03-24,gcrew,noaa_gefs,07,Pressure_Pa,33,101528.60546875
gep07,00,2026-02-19,2026-03-24,gcrew,noaa_gefs,07,RH_percent_mean,33,52.18817710876465
gep07,00,2026-02-19,2026-03-24,gcrew,noaa_gefs,07,Rain_mm_sum,33,0
gep07,00,2026-02-19,2026-03-24,gcrew,noaa_gefs,07,ShortwaveRadiation_Wm2,33,271.25
gep07,00,2026-02-19,2026-03-24,gcrew,noaa_gefs,07,WindSpeed_ms_mean,33,5.0208112518813515
gep07,00,2026-02-19,2026-03-25,gcrew,noaa_gefs,07,AirTemp_C_mean,34,4.424745178222679
gep07,00,2026-02-19,2026-03-25,gcrew,noaa_gefs,07,Pressure_Pa,34,100896.943359375
gep07,00,2026-02-19,2026-03-25,gcrew,noaa_gefs,07,RH_percent_mean,34,73.10336017608643
gep07,00,2026-02-19,2026-03-25,gcrew,noaa_gefs,07,Rain_mm_sum,34,0.699999988079071
gep07,00,2026-02-19,2026-03-25,gcrew,noaa_gefs,07,ShortwaveRadiation_Wm2,34,168.25
gep07,00,2026-02-19,2026-03-25,gcrew,noaa_gefs,07,WindSpeed_ms_mean,34,3.448319475494018
gep08,00,2026-02-19,2026-02-20,gcrew,noaa_gefs,08,AirTemp_C_mean,1,8.60019454956057
gep08,00,2026-02-19,2026-02-20,gcrew,noaa_gefs,08,Pressure_Pa,1,100529.837890625
gep08,00,2026-02-19,2026-02-20,gcrew,noaa_gefs,08,RH_percent_mean,1,84.13147974014282
gep08,00,2026-02-19,2026-02-20,gcrew,noaa_gefs,08,Rain_mm_sum,1,7.229999907314777
gep08,00,2026-02-19,2026-02-20,gcrew,noaa_gefs,08,ShortwaveRadiation_Wm2,1,90
gep08,00,2026-02-19,2026-02-20,gcrew,noaa_gefs,08,WindSpeed_ms_mean,1,5.327480968436972
gep08,00,2026-02-19,2026-02-21,gcrew,noaa_gefs,08,AirTemp_C_mean,2,4.957093811035179
gep08,00,2026-02-19,2026-02-21,gcrew,noaa_gefs,08,Pressure_Pa,2,101362.1162109375
gep08,00,2026-02-19,2026-02-21,gcrew,noaa_gefs,08,RH_percent_mean,2,67.61050748825073
gep08,00,2026-02-19,2026-02-21,gcrew,noaa_gefs,08,Rain_mm_sum,2,0.009999999776482582
gep08,00,2026-02-19,2026-02-21,gcrew,noaa_gefs,08,ShortwaveRadiation_Wm2,2,157.375
gep08,00,2026-02-19,2026-02-21,gcrew,noaa_gefs,08,WindSpeed_ms_mean,2,2.796669875085554
gep08,00,2026-02-19,2026-02-22,gcrew,noaa_gefs,08,AirTemp_C_mean,3,1.7196746826172102
gep08,00,2026-02-19,2026-02-22,gcrew,noaa_gefs,08,Pressure_Pa,3,101743.5
gep08,00,2026-02-19,2026-02-22,gcrew,noaa_gefs,08,RH_percent_mean,3,72.97090816497803
gep08,00,2026-02-19,2026-02-22,gcrew,noaa_gefs,08,Rain_mm_sum,3,0.10000000149011612
gep08,00,2026-02-19,2026-02-22,gcrew,noaa_gefs,08,ShortwaveRadiation_Wm2,3,141.625
gep08,00,2026-02-19,2026-02-22,gcrew,noaa_gefs,08,WindSpeed_ms_mean,3,2.597666670204664
gep08,00,2026-02-19,2026-02-23,gcrew,noaa_gefs,08,AirTemp_C_mean,4,0.5413490295410384
gep08,00,2026-02-19,2026-02-23,gcrew,noaa_gefs,08,Pressure_Pa,4,101336.916015625
gep08,00,2026-02-19,2026-02-23,gcrew,noaa_gefs,08,RH_percent_mean,4,88.30583763122559
gep08,00,2026-02-19,2026-02-23,gcrew,noaa_gefs,08,Rain_mm_sum,4,6.400000065565109
gep08,00,2026-02-19,2026-02-23,gcrew,noaa_gefs,08,ShortwaveRadiation_Wm2,4,97.75
gep08,00,2026-02-19,2026-02-23,gcrew,noaa_gefs,08,WindSpeed_ms_mean,4,5.788296822041432
gep08,00,2026-02-19,2026-02-24,gcrew,noaa_gefs,08,AirTemp_C_mean,5,0.5290084838867415
gep08,00,2026-02-19,2026-02-24,gcrew,noaa_gefs,08,Pressure_Pa,5,101826.7109375
gep08,00,2026-02-19,2026-02-24,gcrew,noaa_gefs,08,RH_percent_mean,5,67.53751993179321
gep08,00,2026-02-19,2026-02-24,gcrew,noaa_gefs,08,Rain_mm_sum,5,0.10000000149011612
gep08,00,2026-02-19,2026-02-24,gcrew,noaa_gefs,08,ShortwaveRadiation_Wm2,5,205.75
gep08,00,2026-02-19,2026-02-24,gcrew,noaa_gefs,08,WindSpeed_ms_mean,5,4.922516373996911
gep08,00,2026-02-19,2026-02-25,gcrew,noaa_gefs,08,AirTemp_C_mean,6,4.261026000976585
gep08,00,2026-02-19,2026-02-25,gcrew,noaa_gefs,08,Pressure_Pa,6,101437.8994140625
gep08,00,2026-02-19,2026-02-25,gcrew,noaa_gefs,08,RH_percent_mean,6,64.63713264465332
gep08,00,2026-02-19,2026-02-25,gcrew,noaa_gefs,08,Rain_mm_sum,6,0.5000000149011612
gep08,00,2026-02-19,2026-02-25,gcrew,noaa_gefs,08,ShortwaveRadiation_Wm2,6,123.375
gep08,00,2026-02-19,2026-02-25,gcrew,noaa_gefs,08,WindSpeed_ms_mean,6,4.7829481823237945
gep08,00,2026-02-19,2026-02-26,gcrew,noaa_gefs,08,AirTemp_C_mean,7,7.054109191894554
gep08,00,2026-02-19,2026-02-26,gcrew,noaa_gefs,08,Pressure_Pa,7,101322.2197265625
gep08,00,2026-02-19,2026-02-26,gcrew,noaa_gefs,08,RH_percent_mean,7,73.60764694213867
gep08,00,2026-02-19,2026-02-26,gcrew,noaa_gefs,08,Rain_mm_sum,7,1.6900000274181366
gep08,00,2026-02-19,2026-02-26,gcrew,noaa_gefs,08,ShortwaveRadiation_Wm2,7,169.75
gep08,00,2026-02-19,2026-02-26,gcrew,noaa_gefs,08,WindSpeed_ms_mean,7,4.3598277703380175
gep08,00,2026-02-19,2026-02-27,gcrew,noaa_gefs,08,AirTemp_C_mean,8,2.5398727416992415
gep08,00,2026-02-19,2026-02-27,gcrew,noaa_gefs,08,Pressure_Pa,8,101330.2099609375
gep08,00,2026-02-19,2026-02-27,gcrew,noaa_gefs,08,RH_percent_mean,8,90.59297943115234
gep08,00,2026-02-19,2026-02-27,gcrew,noaa_gefs,08,Rain_mm_sum,8,41.3899998255074
gep08,00,2026-02-19,2026-02-27,gcrew,noaa_gefs,08,ShortwaveRadiation_Wm2,8,16.875
gep08,00,2026-02-19,2026-02-27,gcrew,noaa_gefs,08,WindSpeed_ms_mean,8,3.173158734850934
gep08,00,2026-02-19,2026-02-28,gcrew,noaa_gefs,08,AirTemp_C_mean,9,6.081576102120558
gep08,00,2026-02-19,2026-02-28,gcrew,noaa_gefs,08,Pressure_Pa,9,100991.2890625
gep08,00,2026-02-19,2026-02-28,gcrew,noaa_gefs,08,RH_percent_mean,9,89.50826699393136
gep08,00,2026-02-19,2026-02-28,gcrew,noaa_gefs,08,Rain_mm_sum,9,6.939999997615814
gep08,00,2026-02-19,2026-02-28,gcrew,noaa_gefs,08,ShortwaveRadiation_Wm2,9,198.71428571428572
gep08,00,2026-02-19,2026-02-28,gcrew,noaa_gefs,08,WindSpeed_ms_mean,9,2.371464473414071
gep08,00,2026-02-19,2026-03-01,gcrew,noaa_gefs,08,AirTemp_C_mean,10,3.9153381347656477
gep08,00,2026-02-19,2026-03-01,gcrew,noaa_gefs,08,Pressure_Pa,10,102000.736328125
gep08,00,2026-02-19,2026-03-01,gcrew,noaa_gefs,08,RH_percent_mean,10,64.10819625854492
gep08,00,2026-02-19,2026-03-01,gcrew,noaa_gefs,08,Rain_mm_sum,10,0
gep08,00,2026-02-19,2026-03-01,gcrew,noaa_gefs,08,ShortwaveRadiation_Wm2,10,214
gep08,00,2026-02-19,2026-03-01,gcrew,noaa_gefs,08,WindSpeed_ms_mean,10,3.7106248775369783
gep08,00,2026-02-19,2026-03-02,gcrew,noaa_gefs,08,AirTemp_C_mean,11,2.6448913574218977
gep08,00,2026-02-19,2026-03-02,gcrew,noaa_gefs,08,Pressure_Pa,11,101992.7734375
gep08,00,2026-02-19,2026-03-02,gcrew,noaa_gefs,08,RH_percent_mean,11,80.4185619354248
gep08,00,2026-02-19,2026-03-02,gcrew,noaa_gefs,08,Rain_mm_sum,11,1.7000000327825546
gep08,00,2026-02-19,2026-03-02,gcrew,noaa_gefs,08,ShortwaveRadiation_Wm2,11,22.5
gep08,00,2026-02-19,2026-03-02,gcrew,noaa_gefs,08,WindSpeed_ms_mean,11,3.8287651590698437
gep08,00,2026-02-19,2026-03-03,gcrew,noaa_gefs,08,AirTemp_C_mean,12,13.411950683593773
gep08,00,2026-02-19,2026-03-03,gcrew,noaa_gefs,08,Pressure_Pa,12,101091.162109375
gep08,00,2026-02-19,2026-03-03,gcrew,noaa_gefs,08,RH_percent_mean,12,90.47667694091797
gep08,00,2026-02-19,2026-03-03,gcrew,noaa_gefs,08,Rain_mm_sum,12,3.1000000834465027
gep08,00,2026-02-19,2026-03-03,gcrew,noaa_gefs,08,ShortwaveRadiation_Wm2,12,146
gep08,00,2026-02-19,2026-03-03,gcrew,noaa_gefs,08,WindSpeed_ms_mean,12,5.012968706083463
gep08,00,2026-02-19,2026-03-04,gcrew,noaa_gefs,08,AirTemp_C_mean,13,8.065553283691429
gep08,00,2026-02-19,2026-03-04,gcrew,noaa_gefs,08,Pressure_Pa,13,102178.892578125
gep08,00,2026-02-19,2026-03-04,gcrew,noaa_gefs,08,RH_percent_mean,13,90.09021759033203
gep08,00,2026-02-19,2026-03-04,gcrew,noaa_gefs,08,Rain_mm_sum,13,6.300000101327896
gep08,00,2026-02-19,2026-03-04,gcrew,noaa_gefs,08,ShortwaveRadiation_Wm2,13,25
gep08,00,2026-02-19,2026-03-04,gcrew,noaa_gefs,08,WindSpeed_ms_mean,13,3.9570483623648522
gep08,00,2026-02-19,2026-03-05,gcrew,noaa_gefs,08,AirTemp_C_mean,14,12.227571105957054
gep08,00,2026-02-19,2026-03-05,gcrew,noaa_gefs,08,Pressure_Pa,14,101463.474609375
gep08,00,2026-02-19,2026-03-05,gcrew,noaa_gefs,08,RH_percent_mean,14,91.76033973693848
gep08,00,2026-02-19,2026-03-05,gcrew,noaa_gefs,08,Rain_mm_sum,14,2.4999999925494194
gep08,00,2026-02-19,2026-03-05,gcrew,noaa_gefs,08,ShortwaveRadiation_Wm2,14,89.75
gep08,00,2026-02-19,2026-03-05,gcrew,noaa_gefs,08,WindSpeed_ms_mean,14,6.039026367710616
gep08,00,2026-02-19,2026-03-06,gcrew,noaa_gefs,08,AirTemp_C_mean,15,0.883576965332054
gep08,00,2026-02-19,2026-03-06,gcrew,noaa_gefs,08,Pressure_Pa,15,101621.16796875
gep08,00,2026-02-19,2026-03-06,gcrew,noaa_gefs,08,RH_percent_mean,15,92.8342227935791
gep08,00,2026-02-19,2026-03-06,gcrew,noaa_gefs,08,Rain_mm_sum,15,37.30000019073486
gep08,00,2026-02-19,2026-03-06,gcrew,noaa_gefs,08,ShortwaveRadiation_Wm2,15,17.5
gep08,00,2026-02-19,2026-03-06,gcrew,noaa_gefs,08,WindSpeed_ms_mean,15,6.799946731139411
gep08,00,2026-02-19,2026-03-07,gcrew,noaa_gefs,08,AirTemp_C_mean,16,-1.2620071411132585
gep08,00,2026-02-19,2026-03-07,gcrew,noaa_gefs,08,Pressure_Pa,16,102783.318359375
gep08,00,2026-02-19,2026-03-07,gcrew,noaa_gefs,08,RH_percent_mean,16,79.86228942871094
gep08,00,2026-02-19,2026-03-07,gcrew,noaa_gefs,08,Rain_mm_sum,16,0
gep08,00,2026-02-19,2026-03-07,gcrew,noaa_gefs,08,ShortwaveRadiation_Wm2,16,231.5
gep08,00,2026-02-19,2026-03-07,gcrew,noaa_gefs,08,WindSpeed_ms_mean,16,3.336420955691156
gep08,00,2026-02-19,2026-03-08,gcrew,noaa_gefs,08,AirTemp_C_mean,17,2.6822448730468977
gep08,00,2026-02-19,2026-03-08,gcrew,noaa_gefs,08,Pressure_Pa,17,102794.392578125
gep08,00,2026-02-19,2026-03-08,gcrew,noaa_gefs,08,RH_percent_mean,17,80.685150146484375
gep08,00,2026-02-19,2026-03-08,gcrew,noaa_gefs,08,Rain_mm_sum,17,0
gep08,00,2026-02-19,2026-03-08,gcrew,noaa_gefs,08,ShortwaveRadiation_Wm2,17,218.75
gep08,00,2026-02-19,2026-03-08,gcrew,noaa_gefs,08,WindSpeed_ms_mean,17,2.011765155426912
gep08,00,2026-02-19,2026-03-09,gcrew,noaa_gefs,08,AirTemp_C_mean,18,2.2363754272461165
gep08,00,2026-02-19,2026-03-09,gcrew,noaa_gefs,08,Pressure_Pa,18,102708.865234375
gep08,00,2026-02-19,2026-03-09,gcrew,noaa_gefs,08,RH_percent_mean,18,88.49076080322266
gep08,00,2026-02-19,2026-03-09,gcrew,noaa_gefs,08,Rain_mm_sum,18,0
gep08,00,2026-02-19,2026-03-09,gcrew,noaa_gefs,08,ShortwaveRadiation_Wm2,18,190.5
gep08,00,2026-02-19,2026-03-09,gcrew,noaa_gefs,08,WindSpeed_ms_mean,18,2.926777667971675
gep08,00,2026-02-19,2026-03-10,gcrew,noaa_gefs,08,AirTemp_C_mean,19,3.077027893066429
gep08,00,2026-02-19,2026-03-10,gcrew,noaa_gefs,08,Pressure_Pa,19,101449.376953125
gep08,00,2026-02-19,2026-03-10,gcrew,noaa_gefs,08,RH_percent_mean,19,97.0867977142334
gep08,00,2026-02-19,2026-03-10,gcrew,noaa_gefs,08,Rain_mm_sum,19,20.30000078678131
gep08,00,2026-02-19,2026-03-10,gcrew,noaa_gefs,08,ShortwaveRadiation_Wm2,19,12.25
gep08,00,2026-02-19,2026-03-10,gcrew,noaa_gefs,08,WindSpeed_ms_mean,19,2.16738045229572
gep08,00,2026-02-19,2026-03-11,gcrew,noaa_gefs,08,AirTemp_C_mean,20,2.4423767089843977
gep08,00,2026-02-19,2026-03-11,gcrew,noaa_gefs,08,Pressure_Pa,20,101607.31640625
gep08,00,2026-02-19,2026-03-11,gcrew,noaa_gefs,08,RH_percent_mean,20,73.54477119445801
gep08,00,2026-02-19,2026-03-11,gcrew,noaa_gefs,08,Rain_mm_sum,20,0
gep08,00,2026-02-19,2026-03-11,gcrew,noaa_gefs,08,ShortwaveRadiation_Wm2,20,216.25
gep08,00,2026-02-19,2026-03-11,gcrew,noaa_gefs,08,WindSpeed_ms_mean,20,3.965489202739927
gep08,00,2026-02-19,2026-03-12,gcrew,noaa_gefs,08,AirTemp_C_mean,21,5.346345520019554
gep08,00,2026-02-19,2026-03-12,gcrew,noaa_gefs,08,Pressure_Pa,21,101774.470703125
gep08,00,2026-02-19,2026-03-12,gcrew,noaa_gefs,08,RH_percent_mean,21,70.26903629302979
gep08,00,2026-02-19,2026-03-12,gcrew,noaa_gefs,08,Rain_mm_sum,21,0
gep08,00,2026-02-19,2026-03-12,gcrew,noaa_gefs,08,ShortwaveRadiation_Wm2,21,234.5
gep08,00,2026-02-19,2026-03-12,gcrew,noaa_gefs,08,WindSpeed_ms_mean,21,4.989251373860443
gep08,00,2026-02-19,2026-03-13,gcrew,noaa_gefs,08,AirTemp_C_mean,22,0.404817199707054
gep08,00,2026-02-19,2026-03-13,gcrew,noaa_gefs,08,Pressure_Pa,22,103084.677734375
gep08,00,2026-02-19,2026-03-13,gcrew,noaa_gefs,08,RH_percent_mean,22,59.94519805908203
gep08,00,2026-02-19,2026-03-13,gcrew,noaa_gefs,08,Rain_mm_sum,22,0
gep08,00,2026-02-19,2026-03-13,gcrew,noaa_gefs,08,ShortwaveRadiation_Wm2,22,246.75
gep08,00,2026-02-19,2026-03-13,gcrew,noaa_gefs,08,WindSpeed_ms_mean,22,3.9252923447424357
gep08,00,2026-02-19,2026-03-14,gcrew,noaa_gefs,08,AirTemp_C_mean,23,2.2103439331054915
gep08,00,2026-02-19,2026-03-14,gcrew,noaa_gefs,08,Pressure_Pa,23,103257.919921875
gep08,00,2026-02-19,2026-03-14,gcrew,noaa_gefs,08,RH_percent_mean,23,65.69925880432129
gep08,00,2026-02-19,2026-03-14,gcrew,noaa_gefs,08,Rain_mm_sum,23,0
gep08,00,2026-02-19,2026-03-14,gcrew,noaa_gefs,08,ShortwaveRadiation_Wm2,23,192.25
gep08,00,2026-02-19,2026-03-14,gcrew,noaa_gefs,08,WindSpeed_ms_mean,23,3.0252771415459634
gep08,00,2026-02-19,2026-03-15,gcrew,noaa_gefs,08,AirTemp_C_mean,24,4.8394332885742415
gep08,00,2026-02-19,2026-03-15,gcrew,noaa_gefs,08,Pressure_Pa,24,102069.697265625
gep08,00,2026-02-19,2026-03-15,gcrew,noaa_gefs,08,RH_percent_mean,24,91.6884937286377
gep08,00,2026-02-19,2026-03-15,gcrew,noaa_gefs,08,Rain_mm_sum,24,6.8000001311302185
gep08,00,2026-02-19,2026-03-15,gcrew,noaa_gefs,08,ShortwaveRadiation_Wm2,24,9.75
gep08,00,2026-02-19,2026-03-15,gcrew,noaa_gefs,08,WindSpeed_ms_mean,24,4.914185923582207
gep08,00,2026-02-19,2026-03-16,gcrew,noaa_gefs,08,AirTemp_C_mean,25,6.88092956542971
gep08,00,2026-02-19,2026-03-16,gcrew,noaa_gefs,08,Pressure_Pa,25,100852.091796875
gep08,00,2026-02-19,2026-03-16,gcrew,noaa_gefs,08,RH_percent_mean,25,93.64601707458496
gep08,00,2026-02-19,2026-03-16,gcrew,noaa_gefs,08,Rain_mm_sum,25,0.10000000149011612
gep08,00,2026-02-19,2026-03-16,gcrew,noaa_gefs,08,ShortwaveRadiation_Wm2,25,137
gep08,00,2026-02-19,2026-03-16,gcrew,noaa_gefs,08,WindSpeed_ms_mean,25,2.385226343506775
gep08,00,2026-02-19,2026-03-17,gcrew,noaa_gefs,08,AirTemp_C_mean,26,8.267533874511741
gep08,00,2026-02-19,2026-03-17,gcrew,noaa_gefs,08,Pressure_Pa,26,100826.765625
gep08,00,2026-02-19,2026-03-17,gcrew,noaa_gefs,08,RH_percent_mean,26,91.60923194885254
gep08,00,2026-02-19,2026-03-17,gcrew,noaa_gefs,08,Rain_mm_sum,26,0
gep08,00,2026-02-19,2026-03-17,gcrew,noaa_gefs,08,ShortwaveRadiation_Wm2,26,223.75
gep08,00,2026-02-19,2026-03-17,gcrew,noaa_gefs,08,WindSpeed_ms_mean,26,2.241015530837425
gep08,00,2026-02-19,2026-03-18,gcrew,noaa_gefs,08,AirTemp_C_mean,27,11.309526062011741
gep08,00,2026-02-19,2026-03-18,gcrew,noaa_gefs,08,Pressure_Pa,27,100366.421875
gep08,00,2026-02-19,2026-03-18,gcrew,noaa_gefs,08,RH_percent_mean,27,80.98326683044434
gep08,00,2026-02-19,2026-03-18,gcrew,noaa_gefs,08,Rain_mm_sum,27,3.8000001087784767
gep08,00,2026-02-19,2026-03-18,gcrew,noaa_gefs,08,ShortwaveRadiation_Wm2,27,206
gep08,00,2026-02-19,2026-03-18,gcrew,noaa_gefs,08,WindSpeed_ms_mean,27,4.913507346762998
gep08,00,2026-02-19,2026-03-19,gcrew,noaa_gefs,08,AirTemp_C_mean,28,9.271661376953148
gep08,00,2026-02-19,2026-03-19,gcrew,noaa_gefs,08,Pressure_Pa,28,100716.333984375
gep08,00,2026-02-19,2026-03-19,gcrew,noaa_gefs,08,RH_percent_mean,28,78.55448150634766
gep08,00,2026-02-19,2026-03-19,gcrew,noaa_gefs,08,Rain_mm_sum,28,0.20000000298023224
gep08,00,2026-02-19,2026-03-19,gcrew,noaa_gefs,08,ShortwaveRadiation_Wm2,28,176
gep08,00,2026-02-19,2026-03-19,gcrew,noaa_gefs,08,WindSpeed_ms_mean,28,3.502768919064772
gep08,00,2026-02-19,2026-03-20,gcrew,noaa_gefs,08,AirTemp_C_mean,29,7.4639755249023665
gep08,00,2026-02-19,2026-03-20,gcrew,noaa_gefs,08,Pressure_Pa,29,101721.220703125
gep08,00,2026-02-19,2026-03-20,gcrew,noaa_gefs,08,RH_percent_mean,29,84.32945442199707
gep08,00,2026-02-19,2026-03-20,gcrew,noaa_gefs,08,Rain_mm_sum,29,0
gep08,00,2026-02-19,2026-03-20,gcrew,noaa_gefs,08,ShortwaveRadiation_Wm2,29,225.25
gep08,00,2026-02-19,2026-03-20,gcrew,noaa_gefs,08,WindSpeed_ms_mean,29,2.4857486906504604
gep08,00,2026-02-19,2026-03-21,gcrew,noaa_gefs,08,AirTemp_C_mean,30,5.514649963378929
gep08,00,2026-02-19,2026-03-21,gcrew,noaa_gefs,08,Pressure_Pa,30,102508.27734375
gep08,00,2026-02-19,2026-03-21,gcrew,noaa_gefs,08,RH_percent_mean,30,93.17456245422363
gep08,00,2026-02-19,2026-03-21,gcrew,noaa_gefs,08,Rain_mm_sum,30,0
gep08,00,2026-02-19,2026-03-21,gcrew,noaa_gefs,08,ShortwaveRadiation_Wm2,30,231
gep08,00,2026-02-19,2026-03-21,gcrew,noaa_gefs,08,WindSpeed_ms_mean,30,3.478610201477239
gep08,00,2026-02-19,2026-03-22,gcrew,noaa_gefs,08,AirTemp_C_mean,31,8.427484130859398
gep08,00,2026-02-19,2026-03-22,gcrew,noaa_gefs,08,Pressure_Pa,31,101537.609375
gep08,00,2026-02-19,2026-03-22,gcrew,noaa_gefs,08,RH_percent_mean,31,90.99308013916016
gep08,00,2026-02-19,2026-03-22,gcrew,noaa_gefs,08,Rain_mm_sum,31,0
gep08,00,2026-02-19,2026-03-22,gcrew,noaa_gefs,08,ShortwaveRadiation_Wm2,31,169
gep08,00,2026-02-19,2026-03-22,gcrew,noaa_gefs,08,WindSpeed_ms_mean,31,7.184195750232049
gep08,00,2026-02-19,2026-03-23,gcrew,noaa_gefs,08,AirTemp_C_mean,32,8.768609619140648
gep08,00,2026-02-19,2026-03-23,gcrew,noaa_gefs,08,Pressure_Pa,32,100650.3046875
gep08,00,2026-02-19,2026-03-23,gcrew,noaa_gefs,08,RH_percent_mean,32,58.10695171356201
gep08,00,2026-02-19,2026-03-23,gcrew,noaa_gefs,08,Rain_mm_sum,32,1.3000000715255737
gep08,00,2026-02-19,2026-03-23,gcrew,noaa_gefs,08,ShortwaveRadiation_Wm2,32,266
gep08,00,2026-02-19,2026-03-23,gcrew,noaa_gefs,08,WindSpeed_ms_mean,32,7.9327389792356415
gep08,00,2026-02-19,2026-03-24,gcrew,noaa_gefs,08,AirTemp_C_mean,33,4.568719482421898
gep08,00,2026-02-19,2026-03-24,gcrew,noaa_gefs,08,Pressure_Pa,33,101528.60546875
gep08,00,2026-02-19,2026-03-24,gcrew,noaa_gefs,08,RH_percent_mean,33,52.18817710876465
gep08,00,2026-02-19,2026-03-24,gcrew,noaa_gefs,08,Rain_mm_sum,33,0
gep08,00,2026-02-19,2026-03-24,gcrew,noaa_gefs,08,ShortwaveRadiation_Wm2,33,271.25
gep08,00,2026-02-19,2026-03-24,gcrew,noaa_gefs,08,WindSpeed_ms_mean,33,5.0208112518813515
gep08,00,2026-02-19,2026-03-25,gcrew,noaa_gefs,08,AirTemp_C_mean,34,4.424745178222679
gep08,00,2026-02-19,2026-03-25,gcrew,noaa_gefs,08,Pressure_Pa,34,100896.943359375
gep08,00,2026-02-19,2026-03-25,gcrew,noaa_gefs,08,RH_percent_mean,34,73.10336017608643
gep08,00,2026-02-19,2026-03-25,gcrew,noaa_gefs,08,Rain_mm_sum,34,0.699999988079071
gep08,00,2026-02-19,2026-03-25,gcrew,noaa_gefs,08,ShortwaveRadiation_Wm2,34,168.25
gep08,00,2026-02-19,2026-03-25,gcrew,noaa_gefs,08,WindSpeed_ms_mean,34,3.448319475494018
gep09,00,2026-02-19,2026-02-20,gcrew,noaa_gefs,09,AirTemp_C_mean,1,8.60019454956057
gep09,00,2026-02-19,2026-02-20,gcrew,noaa_gefs,09,Pressure_Pa,1,100529.837890625
gep09,00,2026-02-19,2026-02-20,gcrew,noaa_gefs,09,RH_percent_mean,1,84.13147974014282
gep09,00,2026-02-19,2026-02-20,gcrew,noaa_gefs,09,Rain_mm_sum,1,7.229999907314777
gep09,00,2026-02-19,2026-02-20,gcrew,noaa_gefs,09,ShortwaveRadiation_Wm2,1,90
gep09,00,2026-02-19,2026-02-20,gcrew,noaa_gefs,09,WindSpeed_ms_mean,1,5.327480968436972
gep09,00,2026-02-19,2026-02-21,gcrew,noaa_gefs,09,AirTemp_C_mean,2,4.957093811035179
gep09,00,2026-02-19,2026-02-21,gcrew,noaa_gefs,09,Pressure_Pa,2,101362.1162109375
gep09,00,2026-02-19,2026-02-21,gcrew,noaa_gefs,09,RH_percent_mean,2,67.61050748825073
gep09,00,2026-02-19,2026-02-21,gcrew,noaa_gefs,09,Rain_mm_sum,2,0.009999999776482582
gep09,00,2026-02-19,2026-02-21,gcrew,noaa_gefs,09,ShortwaveRadiation_Wm2,2,157.375
gep09,00,2026-02-19,2026-02-21,gcrew,noaa_gefs,09,WindSpeed_ms_mean,2,2.796669875085554
gep09,00,2026-02-19,2026-02-22,gcrew,noaa_gefs,09,AirTemp_C_mean,3,1.7196746826172102
gep09,00,2026-02-19,2026-02-22,gcrew,noaa_gefs,09,Pressure_Pa,3,101743.5
gep09,00,2026-02-19,2026-02-22,gcrew,noaa_gefs,09,RH_percent_mean,3,72.97090816497803
gep09,00,2026-02-19,2026-02-22,gcrew,noaa_gefs,09,Rain_mm_sum,3,0.10000000149011612
gep09,00,2026-02-19,2026-02-22,gcrew,noaa_gefs,09,ShortwaveRadiation_Wm2,3,141.625
gep09,00,2026-02-19,2026-02-22,gcrew,noaa_gefs,09,WindSpeed_ms_mean,3,2.597666670204664
gep09,00,2026-02-19,2026-02-23,gcrew,noaa_gefs,09,AirTemp_C_mean,4,0.5413490295410384
gep09,00,2026-02-19,2026-02-23,gcrew,noaa_gefs,09,Pressure_Pa,4,101336.916015625
gep09,00,2026-02-19,2026-02-23,gcrew,noaa_gefs,09,RH_percent_mean,4,88.30583763122559
gep09,00,2026-02-19,2026-02-23,gcrew,noaa_gefs,09,Rain_mm_sum,4,6.400000065565109
gep09,00,2026-02-19,2026-02-23,gcrew,noaa_gefs,09,ShortwaveRadiation_Wm2,4,97.75
gep09,00,2026-02-19,2026-02-23,gcrew,noaa_gefs,09,WindSpeed_ms_mean,4,5.788296822041432
gep09,00,2026-02-19,2026-02-24,gcrew,noaa_gefs,09,AirTemp_C_mean,5,0.5290084838867415
gep09,00,2026-02-19,2026-02-24,gcrew,noaa_gefs,09,Pressure_Pa,5,101826.7109375
gep09,00,2026-02-19,2026-02-24,gcrew,noaa_gefs,09,RH_percent_mean,5,67.53751993179321
gep09,00,2026-02-19,2026-02-24,gcrew,noaa_gefs,09,Rain_mm_sum,5,0.10000000149011612
gep09,00,2026-02-19,2026-02-24,gcrew,noaa_gefs,09,ShortwaveRadiation_Wm2,5,205.75
gep09,00,2026-02-19,2026-02-24,gcrew,noaa_gefs,09,WindSpeed_ms_mean,5,4.922516373996911
gep09,00,2026-02-19,2026-02-25,gcrew,noaa_gefs,09,AirTemp_C_mean,6,4.261026000976585
gep09,00,2026-02-19,2026-02-25,gcrew,noaa_gefs,09,Pressure_Pa,6,101437.8994140625
gep09,00,2026-02-19,2026-02-25,gcrew,noaa_gefs,09,RH_percent_mean,6,64.63713264465332
gep09,00,2026-02-19,2026-02-25,gcrew,noaa_gefs,09,Rain_mm_sum,6,0.5000000149011612
gep09,00,2026-02-19,2026-02-25,gcrew,noaa_gefs,09,ShortwaveRadiation_Wm2,6,123.375
gep09,00,2026-02-19,2026-02-25,gcrew,noaa_gefs,09,WindSpeed_ms_mean,6,4.7829481823237945
gep09,00,2026-02-19,2026-02-26,gcrew,noaa_gefs,09,AirTemp_C_mean,7,7.054109191894554
gep09,00,2026-02-19,2026-02-26,gcrew,noaa_gefs,09,Pressure_Pa,7,101322.2197265625
gep09,00,2026-02-19,2026-02-26,gcrew,noaa_gefs,09,RH_percent_mean,7,73.60764694213867
gep09,00,2026-02-19,2026-02-26,gcrew,noaa_gefs,09,Rain_mm_sum,7,1.6900000274181366
gep09,00,2026-02-19,2026-02-26,gcrew,noaa_gefs,09,ShortwaveRadiation_Wm2,7,169.75
gep09,00,2026-02-19,2026-02-26,gcrew,noaa_gefs,09,WindSpeed_ms_mean,7,4.3598277703380175
gep09,00,2026-02-19,2026-02-27,gcrew,noaa_gefs,09,AirTemp_C_mean,8,2.5398727416992415
gep09,00,2026-02-19,2026-02-27,gcrew,noaa_gefs,09,Pressure_Pa,8,101330.2099609375
gep09,00,2026-02-19,2026-02-27,gcrew,noaa_gefs,09,RH_percent_mean,8,90.59297943115234
gep09,00,2026-02-19,2026-02-27,gcrew,noaa_gefs,09,Rain_mm_sum,8,41.3899998255074
gep09,00,2026-02-19,2026-02-27,gcrew,noaa_gefs,09,ShortwaveRadiation_Wm2,8,16.875
gep09,00,2026-02-19,2026-02-27,gcrew,noaa_gefs,09,WindSpeed_ms_mean,8,3.173158734850934
gep09,00,2026-02-19,2026-02-28,gcrew,noaa_gefs,09,AirTemp_C_mean,9,6.081576102120558
gep09,00,2026-02-19,2026-02-28,gcrew,noaa_gefs,09,Pressure_Pa,9,100991.2890625
gep09,00,2026-02-19,2026-02-28,gcrew,noaa_gefs,09,RH_percent_mean,9,89.50826699393136
gep09,00,2026-02-19,2026-02-28,gcrew,noaa_gefs,09,Rain_mm_sum,9,6.939999997615814
gep09,00,2026-02-19,2026-02-28,gcrew,noaa_gefs,09,ShortwaveRadiation_Wm2,9,198.71428571428572
gep09,00,2026-02-19,2026-02-28,gcrew,noaa_gefs,09,WindSpeed_ms_mean,9,2.371464473414071
gep09,00,2026-02-19,2026-03-01,gcrew,noaa_gefs,09,AirTemp_C_mean,10,3.9153381347656477
gep09,00,2026-02-19,2026-03-01,gcrew,noaa_gefs,09,Pressure_Pa,10,102000.736328125
gep09,00,2026-02-19,2026-03-01,gcrew,noaa_gefs,09,RH_percent_mean,10,64.10819625854492
gep09,00,2026-02-19,2026-03-01,gcrew,noaa_gefs,09,Rain_mm_sum,10,0
gep09,00,2026-02-19,2026-03-01,gcrew,noaa_gefs,09,ShortwaveRadiation_Wm2,10,214
gep09,00,2026-02-19,2026-03-01,gcrew,noaa_gefs,09,WindSpeed_ms_mean,10,3.7106248775369783
gep09,00,2026-02-19,2026-03-02,gcrew,noaa_gefs,09,AirTemp_C_mean,11,2.6448913574218977
gep09,00,2026-02-19,2026-03-02,gcrew,noaa_gefs,09,Pressure_Pa,11,101992.7734375
gep09,00,2026-02-19,2026-03-02,gcrew,noaa_gefs,09,RH_percent_mean,11,80.4185619354248
gep09,00,2026-02-19,2026-03-02,gcrew,noaa_gefs,09,Rain_mm_sum,11,1.7000000327825546
gep09,00,2026-02-19,2026-03-02,gcrew,noaa_gefs,09,ShortwaveRadiation_Wm2,11,22.5
gep09,00,2026-02-19,2026-03-02,gcrew,noaa_gefs,09,WindSpeed_ms_mean,11,3.8287651590698437
gep09,00,2026-02-19,2026-03-03,gcrew,noaa_gefs,09,AirTemp_C_mean,12,13.411950683593773
gep09,00,2026-02-19,2026-03-03,gcrew,noaa_gefs,09,Pressure_Pa,12,101091.162109375
gep09,00,2026-02-19,2026-03-03,gcrew,noaa_gefs,09,RH_percent_mean,12,90.47667694091797
gep09,00,2026-02-19,2026-03-03,gcrew,noaa_gefs,09,Rain_mm_sum,12,3.1000000834465027
gep09,00,2026-02-19,2026-03-03,gcrew,noaa_gefs,09,ShortwaveRadiation_Wm2,12,146
gep09,00,2026-02-19,2026-03-03,gcrew,noaa_gefs,09,WindSpeed_ms_mean,12,5.012968706083463
gep09,00,2026-02-19,2026-03-04,gcrew,noaa_gefs,09,AirTemp_C_mean,13,8.065553283691429
gep09,00,2026-02-19,2026-03-04,gcrew,noaa_gefs,09,Pressure_Pa,13,102178.892578125
gep09,00,2026-02-19,2026-03-04,gcrew,noaa_gefs,09,RH_percent_mean,13,90.09021759033203
gep09,00,2026-02-19,2026-03-04,gcrew,noaa_gefs,09,Rain_mm_sum,13,6.300000101327896
gep09,00,2026-02-19,2026-03-04,gcrew,noaa_gefs,09,ShortwaveRadiation_Wm2,13,25
gep09,00,2026-02-19,2026-03-04,gcrew,noaa_gefs,09,WindSpeed_ms_mean,13,3.9570483623648522
gep09,00,2026-02-19,2026-03-05,gcrew,noaa_gefs,09,AirTemp_C_mean,14,12.227571105957054
gep09,00,2026-02-19,2026-03-05,gcrew,noaa_gefs,09,Pressure_Pa,14,101463.474609375
gep09,00,2026-02-19,2026-03-05,gcrew,noaa_gefs,09,RH_percent_mean,14,91.76033973693848
gep09,00,2026-02-19,2026-03-05,gcrew,noaa_gefs,09,Rain_mm_sum,14,2.4999999925494194
gep09,00,2026-02-19,2026-03-05,gcrew,noaa_gefs,09,ShortwaveRadiation_Wm2,14,89.75
gep09,00,2026-02-19,2026-03-05,gcrew,noaa_gefs,09,WindSpeed_ms_mean,14,6.039026367710616
gep09,00,2026-02-19,2026-03-06,gcrew,noaa_gefs,09,AirTemp_C_mean,15,0.883576965332054
gep09,00,2026-02-19,2026-03-06,gcrew,noaa_gefs,09,Pressure_Pa,15,101621.16796875
gep09,00,2026-02-19,2026-03-06,gcrew,noaa_gefs,09,RH_percent_mean,15,92.8342227935791
gep09,00,2026-02-19,2026-03-06,gcrew,noaa_gefs,09,Rain_mm_sum,15,37.30000019073486
gep09,00,2026-02-19,2026-03-06,gcrew,noaa_gefs,09,ShortwaveRadiation_Wm2,15,17.5
gep09,00,2026-02-19,2026-03-06,gcrew,noaa_gefs,09,WindSpeed_ms_mean,15,6.799946731139411
gep09,00,2026-02-19,2026-03-07,gcrew,noaa_gefs,09,AirTemp_C_mean,16,-1.2620071411132585
gep09,00,2026-02-19,2026-03-07,gcrew,noaa_gefs,09,Pressure_Pa,16,102783.318359375
gep09,00,2026-02-19,2026-03-07,gcrew,noaa_gefs,09,RH_percent_mean,16,79.86228942871094
gep09,00,2026-02-19,2026-03-07,gcrew,noaa_gefs,09,Rain_mm_sum,16,0
gep09,00,2026-02-19,2026-03-07,gcrew,noaa_gefs,09,ShortwaveRadiation_Wm2,16,231.5
gep09,00,2026-02-19,2026-03-07,gcrew,noaa_gefs,09,WindSpeed_ms_mean,16,3.336420955691156
gep09,00,2026-02-19,2026-03-08,gcrew,noaa_gefs,09,AirTemp_C_mean,17,2.6822448730468977
gep09,00,2026-02-19,2026-03-08,gcrew,noaa_gefs,09,Pressure_Pa,17,102794.392578125
gep09,00,2026-02-19,2026-03-08,gcrew,noaa_gefs,09,RH_percent_mean,17,80.685150146484375
gep09,00,2026-02-19,2026-03-08,gcrew,noaa_gefs,09,Rain_mm_sum,17,0
gep09,00,2026-02-19,2026-03-08,gcrew,noaa_gefs,09,ShortwaveRadiation_Wm2,17,218.75
gep09,00,2026-02-19,2026-03-08,gcrew,noaa_gefs,09,WindSpeed_ms_mean,17,2.011765155426912
gep09,00,2026-02-19,2026-03-09,gcrew,noaa_gefs,09,AirTemp_C_mean,18,2.2363754272461165
gep09,00,2026-02-19,2026-03-09,gcrew,noaa_gefs,09,Pressure_Pa,18,102708.865234375
gep09,00,2026-02-19,2026-03-09,gcrew,noaa_gefs,09,RH_percent_mean,18,88.49076080322266
gep09,00,2026-02-19,2026-03-09,gcrew,noaa_gefs,09,Rain_mm_sum,18,0
gep09,00,2026-02-19,2026-03-09,gcrew,noaa_gefs,09,ShortwaveRadiation_Wm2,18,190.5
gep09,00,2026-02-19,2026-03-09,gcrew,noaa_gefs,09,WindSpeed_ms_mean,18,2.926777667971675
gep09,00,2026-02-19,2026-03-10,gcrew,noaa_gefs,09,AirTemp_C_mean,19,3.077027893066429
gep09,00,2026-02-19,2026-03-10,gcrew,noaa_gefs,09,Pressure_Pa,19,101449.376953125
gep09,00,2026-02-19,2026-03-10,gcrew,noaa_gefs,09,RH_percent_mean,19,97.0867977142334
gep09,00,2026-02-19,2026-03-10,gcrew,noaa_gefs,09,Rain_mm_sum,19,20.30000078678131
gep09,00,2026-02-19,2026-03-10,gcrew,noaa_gefs,09,ShortwaveRadiation_Wm2,19,12.25
gep09,00,2026-02-19,2026-03-10,gcrew,noaa_gefs,09,WindSpeed_ms_mean,19,2.16738045229572
gep09,00,2026-02-19,2026-03-11,gcrew,noaa_gefs,09,AirTemp_C_mean,20,2.4423767089843977
gep09,00,2026-02-19,2026-03-11,gcrew,noaa_gefs,09,Pressure_Pa,20,101607.31640625
gep09,00,2026-02-19,2026-03-11,gcrew,noaa_gefs,09,RH_percent_mean,20,73.54477119445801
gep09,00,2026-02-19,2026-03-11,gcrew,noaa_gefs,09,Rain_mm_sum,20,0
gep09,00,2026-02-19,2026-03-11,gcrew,noaa_gefs,09,ShortwaveRadiation_Wm2,20,216.25
gep09,00,2026-02-19,2026-03-11,gcrew,noaa_gefs,09,WindSpeed_ms_mean,20,3.965489202739927
gep09,00,2026-02-19,2026-03-12,gcrew,noaa_gefs,09,AirTemp_C_mean,21,5.346345520019554
gep09,00,2026-02-19,2026-03-12,gcrew,noaa_gefs,09,Pressure_Pa,21,101774.470703125
gep09,00,2026-02-19,2026-03-12,gcrew,noaa_gefs,09,RH_percent_mean,21,70.26903629302979
gep09,00,2026-02-19,2026-03-12,gcrew,noaa_gefs,09,Rain_mm_sum,21,0
gep09,00,2026-02-19,2026-03-12,gcrew,noaa_gefs,09,ShortwaveRadiation_Wm2,21,234.5
gep09,00,2026-02-19,2026-03-12,gcrew,noaa_gefs,09,WindSpeed_ms_mean,21,4.989251373860443
gep09,00,2026-02-19,2026-03-13,gcrew,noaa_gefs,09,AirTemp_C_mean,22,0.404817199707054
gep09,00,2026-02-19,2026-03-13,gcrew,noaa_gefs,09,Pressure_Pa,22,103084.677734375
gep09,00,2026-02-19,2026-03-13,gcrew,noaa_gefs,09,RH_percent_mean,22,59.94519805908203
gep09,00,2026-02-19,2026-03-13,gcrew,noaa_gefs,09,Rain_mm_sum,22,0
gep09,00,2026-02-19,2026-03-13,gcrew,noaa_gefs,09,ShortwaveRadiation_Wm2,22,246.75
gep09,00,2026-02-19,2026-03-13,gcrew,noaa_gefs,09,WindSpeed_ms_mean,22,3.9252923447424357
gep09,00,2026-02-19,2026-03-14,gcrew,noaa_gefs,09,AirTemp_C_mean,23,2.2103439331054915
gep09,00,2026-02-19,2026-03-14,gcrew,noaa_gefs,09,Pressure_Pa,23,103257.919921875
gep09,00,2026-02-19,2026-03-14,gcrew,noaa_gefs,09,RH_percent_mean,23,65.69925880432129
gep09,00,2026-02-19,2026-03-14,gcrew,noaa_gefs,09,Rain_mm_sum,23,0
gep09,00,2026-02-19,2026-03-14,gcrew,noaa_gefs,09,ShortwaveRadiation_Wm2,23,192.25
gep09,00,2026-02-19,2026-03-14,gcrew,noaa_gefs,09,WindSpeed_ms_mean,23,3.0252771415459634
gep09,00,2026-02-19,2026-03-15,gcrew,noaa_gefs,09,AirTemp_C_mean,24,4.8394332885742415
gep09,00,2026-02-19,2026-03-15,gcrew,noaa_gefs,09,Pressure_Pa,24,102069.697265625
gep09,00,2026-02-19,2026-03-15,gcrew,noaa_gefs,09,RH_percent_mean,24,91.6884937286377
gep09,00,2026-02-19,2026-03-15,gcrew,noaa_gefs,09,Rain_mm_sum,24,6.8000001311302185
gep09,00,2026-02-19,2026-03-15,gcrew,noaa_gefs,09,ShortwaveRadiation_Wm2,24,9.75
gep09,00,2026-02-19,2026-03-15,gcrew,noaa_gefs,09,WindSpeed_ms_mean,24,4.914185923582207
gep09,00,2026-02-19,2026-03-16,gcrew,noaa_gefs,09,AirTemp_C_mean,25,6.88092956542971
gep09,00,2026-02-19,2026-03-16,gcrew,noaa_gefs,09,Pressure_Pa,25,100852.091796875
gep09,00,2026-02-19,2026-03-16,gcrew,noaa_gefs,09,RH_percent_mean,25,93.64601707458496
gep09,00,2026-02-19,2026-03-16,gcrew,noaa_gefs,09,Rain_mm_sum,25,0.10000000149011612
gep09,00,2026-02-19,2026-03-16,gcrew,noaa_gefs,09,ShortwaveRadiation_Wm2,25,137
gep09,00,2026-02-19,2026-03-16,gcrew,noaa_gefs,09,WindSpeed_ms_mean,25,2.385226343506775
gep09,00,2026-02-19,2026-03-17,gcrew,noaa_gefs,09,AirTemp_C_mean,26,8.267533874511741
gep09,00,2026-02-19,2026-03-17,gcrew,noaa_gefs,09,Pressure_Pa,26,100826.765625
gep09,00,2026-02-19,2026-03-17,gcrew,noaa_gefs,09,RH_percent_mean,26,91.60923194885254
gep09,00,2026-02-19,2026-03-17,gcrew,noaa_gefs,09,Rain_mm_sum,26,0
gep09,00,2026-02-19,2026-03-17,gcrew,noaa_gefs,09,ShortwaveRadiation_Wm2,26,223.75
gep09,00,2026-02-19,2026-03-17,gcrew,noaa_gefs,09,WindSpeed_ms_mean,26,2.241015530837425
gep09,00,2026-02-19,2026-03-18,gcrew,noaa_gefs,09,AirTemp_C_mean,27,11.309526062011741
gep09,00,2026-02-19,2026-03-18,gcrew,noaa_gefs,09,Pressure_Pa,27,100366.421875
gep09,00,2026-02-19,2026-03-18,gcrew,noaa_gefs,09,RH_percent_mean,27,80.98326683044434
gep09,00,2026-02-19,2026-03-18,gcrew,noaa_gefs,09,Rain_mm_sum,27,3.8000001087784767
gep09,00,2026-02-19,2026-03-18,gcrew,noaa_gefs,09,ShortwaveRadiation_Wm2,27,206
gep09,00,2026-02-19,2026-03-18,gcrew,noaa_gefs,09,WindSpeed_ms_mean,27,4.913507346762998
gep09,00,2026-02-19,2026-03-19,gcrew,noaa_gefs,09,AirTemp_C_mean,28,9.271661376953148
gep09,00,2026-02-19,2026-03-19,gcrew,noaa_gefs,09,Pressure_Pa,28,100716.333984375
gep09,00,2026-02-19,2026-03-19,gcrew,noaa_gefs,09,RH_percent_mean,28,78.55448150634766
gep09,00,2026-02-19,2026-03-19,gcrew,noaa_gefs,09,Rain_mm_sum,28,0.20000000298023224
gep09,00,2026-02-19,2026-03-19,gcrew,noaa_gefs,09,ShortwaveRadiation_Wm2,28,176
gep09,00,2026-02-19,2026-03-19,gcrew,noaa_gefs,09,WindSpeed_ms_mean,28,3.502768919064772
gep09,00,2026-02-19,2026-03-20,gcrew,noaa_gefs,09,AirTemp_C_mean,29,7.4639755249023665
gep09,00,2026-02-19,2026-03-20,gcrew,noaa_gefs,09,Pressure_Pa,29,101721.220703125
gep09,00,2026-02-19,2026-03-20,gcrew,noaa_gefs,09,RH_percent_mean,29,84.32945442199707
gep09,00,2026-02-19,2026-03-20,gcrew,noaa_gefs,09,Rain_mm_sum,29,0
gep09,00,2026-02-19,2026-03-20,gcrew,noaa_gefs,09,ShortwaveRadiation_Wm2,29,225.25
gep09,00,2026-02-19,2026-03-20,gcrew,noaa_gefs,09,WindSpeed_ms_mean,29,2.4857486906504604
gep09,00,2026-02-19,2026-03-21,gcrew,noaa_gefs,09,AirTemp_C_mean,30,5.514649963378929
gep09,00,2026-02-19,2026-03-21,gcrew,noaa_gefs,09,Pressure_Pa,30,102508.27734375
gep09,00,2026-02-19,2026-03-21,gcrew,noaa_gefs,09,RH_percent_mean,30,93.17456245422363
gep09,00,2026-02-19,2026-03-21,gcrew,noaa_gefs,09,Rain_mm_sum,30,0
gep09,00,2026-02-19,2026-03-21,gcrew,noaa_gefs,09,ShortwaveRadiation_Wm2,30,231
gep09,00,2026-02-19,2026-03-21,gcrew,noaa_gefs,09,WindSpeed_ms_mean,30,3.478610201477239
gep09,00,2026-02-19,2026-03-22,gcrew,noaa_gefs,09,AirTemp_C_mean,31,8.427484130859398
gep09,00,2026-02-19,2026-03-22,gcrew,noaa_gefs,09,Pressure_Pa,31,101537.609375
gep09,00,2026-02-19,2026-03-22,gcrew,noaa_gefs,09,RH_percent_mean,31,90.99308013916016
gep09,00,2026-02-19,2026-03-22,gcrew,noaa_gefs,09,Rain_mm_sum,31,0
gep09,00,2026-02-19,2026-03-22,gcrew,noaa_gefs,09,ShortwaveRadiation_Wm2,31,169
gep09,00,2026-02-19,2026-03-22,gcrew,noaa_gefs,09,WindSpeed_ms_mean,31,7.184195750232049
gep09,00,2026-02-19,2026-03-23,gcrew,noaa_gefs,09,AirTemp_C_mean,32,8.768609619140648
gep09,00,2026-02-19,2026-03-23,gcrew,noaa_gefs,09,Pressure_Pa,32,100650.3046875
gep09,00,2026-02-19,2026-03-23,gcrew,noaa_gefs,09,RH_percent_mean,32,58.10695171356201
gep09,00,2026-02-19,2026-03-23,gcrew,noaa_gefs,09,Rain_mm_sum,32,1.3000000715255737
gep09,00,2026-02-19,2026-03-23,gcrew,noaa_gefs,09,ShortwaveRadiation_Wm2,32,266
gep09,00,2026-02-19,2026-03-23,gcrew,noaa_gefs,09,WindSpeed_ms_mean,32,7.9327389792356415
gep09,00,2026-02-19,2026-03-24,gcrew,noaa_gefs,09,AirTemp_C_mean,33,4.568719482421898
gep09,00,2026-02-19,2026-03-24,gcrew,noaa_gefs,09,Pressure_Pa,33,101528.60546875
gep09,00,2026-02-19,2026-03-24,gcrew,noaa_gefs,09,RH_percent_mean,33,52.18817710876465
gep09,00,2026-02-19,2026-03-24,gcrew,noaa_gefs,09,Rain_mm_sum,33,0
gep09,00,2026-02-19,2026-03-24,gcrew,noaa_gefs,09,ShortwaveRadiation_Wm2,33,271.25
gep09,00,2026-02-19,2026-03-24,gcrew,noaa_gefs,09,WindSpeed_ms_mean,33,5.0208112518813515
gep09,00,2026-02-19,2026-03-25,gcrew,noaa_gefs,09,AirTemp_C_mean,34,4.424745178222679
gep09,00,2026-02-19,2026-03-25,gcrew,noaa_gefs,09,Pressure_Pa,34,100896.943359375
gep09,00,2026-02-19,2026-03-25,gcrew,noaa_gefs,09,RH_percent_mean,34,73.10336017608643
gep09,00,2026-02-19,2026-03-25,gcrew,noaa_gefs,09,Rain_mm_sum,34,0.699999988079071
gep09,00,2026-02-19,2026-03-25,gcrew,noaa_gefs,09,ShortwaveRadiation_Wm2,34,168.25
gep09,00,2026-02-19,2026-03-25,gcrew,noaa_gefs,09,WindSpeed_ms_mean,34,3.448319475494018
gep10,00,2026-02-19,2026-02-20,gcrew,noaa_gefs,10,AirTemp_C_mean,1,8.60019454956057
gep10,00,2026-02-19,2026-02-20,gcrew,noaa_gefs,10,Pressure_Pa,1,100529.837890625
gep10,00,2026-02-19,2026-02-20,gcrew,noaa_gefs,10,RH_percent_mean,1,84.13147974014282
gep10,00,2026-02-19,2026-02-20,gcrew,noaa_gefs,10,Rain_mm_sum,1,7.229999907314777
gep10,00,2026-02-19,2026-02-20,gcrew,noaa_gefs,10,ShortwaveRadiation_Wm2,1,90
gep10,00,2026-02-19,2026-02-20,gcrew,noaa_gefs,10,WindSpeed_ms_mean,1,5.327480968436972
gep10,00,2026-02-19,2026-02-21,gcrew,noaa_gefs,10,AirTemp_C_mean,2,4.957093811035179
gep10,00,2026-02-19,2026-02-21,gcrew,noaa_gefs,10,Pressure_Pa,2,101362.1162109375
gep10,00,2026-02-19,2026-02-21,gcrew,noaa_gefs,10,RH_percent_mean,2,67.61050748825073
gep10,00,2026-02-19,2026-02-21,gcrew,noaa_gefs,10,Rain_mm_sum,2,0.009999999776482582
gep10,00,2026-02-19,2026-02-21,gcrew,noaa_gefs,10,ShortwaveRadiation_Wm2,2,157.375
gep10,00,2026-02-19,2026-02-21,gcrew,noaa_gefs,10,WindSpeed_ms_mean,2,2.796669875085554
gep10,00,2026-02-19,2026-02-22,gcrew,noaa_gefs,10,AirTemp_C_mean,3,1.7196746826172102
gep10,00,2026-02-19,2026-02-22,gcrew,noaa_gefs,10,Pressure_Pa,3,101743.5
gep10,00,2026-02-19,2026-02-22,gcrew,noaa_gefs,10,RH_percent_mean,3,72.97090816497803
gep10,00,2026-02-19,2026-02-22,gcrew,noaa_gefs,10,Rain_mm_sum,3,0.10000000149011612
gep10,00,2026-02-19,2026-02-22,gcrew,noaa_gefs,10,ShortwaveRadiation_Wm2,3,141.625
gep10,00,2026-02-19,2026-02-22,gcrew,noaa_gefs,10,WindSpeed_ms_mean,3,2.597666670204664
gep10,00,2026-02-19,2026-02-23,gcrew,noaa_gefs,10,AirTemp_C_mean,4,0.5413490295410384
gep10,00,2026-02-19,2026-02-23,gcrew,noaa_gefs,10,Pressure_Pa,4,101336.916015625
gep10,00,2026-02-19,2026-02-23,gcrew,noaa_gefs,10,RH_percent_mean,4,88.30583763122559
gep10,00,2026-02-19,2026-02-23,gcrew,noaa_gefs,10,Rain_mm_sum,4,6.400000065565109
gep10,00,2026-02-19,2026-02-23,gcrew,noaa_gefs,10,ShortwaveRadiation_Wm2,4,97.75
gep10,00,2026-02-19,2026-02-23,gcrew,noaa_gefs,10,WindSpeed_ms_mean,4,5.788296822041432
gep10,00,2026-02-19,2026-02-24,gcrew,noaa_gefs,10,AirTemp_C_mean,5,0.5290084838867415
gep10,00,2026-02-19,2026-02-24,gcrew,noaa_gefs,10,Pressure_Pa,5,101826.7109375
gep10,00,2026-02-19,2026-02-24,gcrew,noaa_gefs,10,RH_percent_mean,5,67.53751993179321
gep10,00,2026-02-19,2026-02-24,gcrew,noaa_gefs,10,Rain_mm_sum,5,0.10000000149011612
gep10,00,2026-02-19,2026-02-24,gcrew,noaa_gefs,10,ShortwaveRadiation_Wm2,5,205.75
gep10,00,2026-02-19,2026-02-24,gcrew,noaa_gefs,10,WindSpeed_ms_mean,5,4.922516373996911
gep10,00,2026-02-19,2026-02-25,gcrew,noaa_gefs,10,AirTemp_C_mean,6,4.261026000976585
gep10,00,2026-02-19,2026-02-25,gcrew,noaa_gefs,10,Pressure_Pa,6,101437.8994140625
gep10,00,2026-02-19,2026-02-25,gcrew,noaa_gefs,10,RH_percent_mean,6,64.63713264465332
gep10,00,2026-02-19,2026-02-25,gcrew,noaa_gefs,10,Rain_mm_sum,6,0.5000000149011612
gep10,00,2026-02-19,2026-02-25,gcrew,noaa_gefs,10,ShortwaveRadiation_Wm2,6,123.375
gep10,00,2026-02-19,2026-02-25,gcrew,noaa_gefs,10,WindSpeed_ms_mean,6,4.7829481823237945
gep10,00,2026-02-19,2026-02-26,gcrew,noaa_gefs,10,AirTemp_C_mean,7,7.054109191894554
gep10,00,2026-02-19,2026-02-26,gcrew,noaa_gefs,10,Pressure_Pa,7,101322.2197265625
gep10,00,2026-02-19,2026-02-26,gcrew,noaa_gefs,10,RH_percent_mean,7,73.60764694213867
gep10,00,2026-02-19,2026-02-26,gcrew,noaa_gefs,10,Rain_mm_sum,7,1.6900000274181366
gep10,00,2026-02-19,2026-02-26,gcrew,noaa_gefs,10,ShortwaveRadiation_Wm2,7,169.75
gep10,00,2026-02-19,2026-02-26,gcrew,noaa_gefs,10,WindSpeed_ms_mean,7,4.3598277703380175
gep10,00,2026-02-19,2026-02-27,gcrew,noaa_gefs,10,AirTemp_C_mean,8,2.5398727416992415
gep10,00,2026-02-19,2026-02-27,gcrew,noaa_gefs,10,Pressure_Pa,8,101330.2099609375
gep10,00,2026-02-19,2026-02-27,gcrew,noaa_gefs,10,RH_percent_mean,8,90.59297943115234
gep10,00,2026-02-19,2026-02-27,gcrew,noaa_gefs,10,Rain_mm_sum,8,41.3899998255074
gep10,00,2026-02-19,2026-02-27,gcrew,noaa_gefs,10,ShortwaveRadiation_Wm2,8,16.875
gep10,00,2026-02-19,2026-02-27,gcrew,noaa_gefs,10,WindSpeed_ms_mean,8,3.173158734850934
gep10,00,2026-02-19,2026-02-28,gcrew,noaa_gefs,10,AirTemp_C_mean,9,6.081576102120558
gep10,00,2026-02-19,2026-02-28,gcrew,noaa_gefs,10,Pressure_Pa,9,100991.2890625
gep10,00,2026-02-19,2026-02-28,gcrew,noaa_gefs,10,RH_percent_mean,9,89.50826699393136
gep10,00,2026-02-19,2026-02-28,gcrew,noaa_gefs,10,Rain_mm_sum,9,6.939999997615814
gep10,00,2026-02-19,2026-02-28,gcrew,noaa_gefs,10,ShortwaveRadiation_Wm2,9,198.71428571428572
gep10,00,2026-02-19,2026-02-28,gcrew,noaa_gefs,10,WindSpeed_ms_mean,9,2.371464473414071
gep10,00,2026-02-19,2026-03-01,gcrew,noaa_gefs,10,AirTemp_C_mean,10,3.9153381347656477
gep10,00,2026-02-19,2026-03-01,gcrew,noaa_gefs,10,Pressure_Pa,10,102000.736328125
gep10,00,2026-02-19,2026-03-01,gcrew,noaa_gefs,10,RH_percent_mean,10,64.10819625854492
gep10,00,2026-02-19,2026-03-01,gcrew,noaa_gefs,10,Rain_mm_sum,10,0
gep10,00,2026-02-19,2026-03-01,gcrew,noaa_gefs,10,ShortwaveRadiation_Wm2,10,214
gep10,00,2026-02-19,2026-03-01,gcrew,noaa_gefs,10,WindSpeed_ms_mean,10,3.7106248775369783
gep10,00,2026-02-19,2026-03-02,gcrew,noaa_gefs,10,AirTemp_C_mean,11,2.6448913574218977
gep10,00,2026-02-19,2026-03-02,gcrew,noaa_gefs,10,Pressure_Pa,11,101992.7734375
gep10,00,2026-02-19,2026-03-02,gcrew,noaa_gefs,10,RH_percent_mean,11,80.4185619354248
gep10,00,2026-02-19,2026-03-02,gcrew,noaa_gefs,10,Rain_mm_sum,11,1.7000000327825546
gep10,00,2026-02-19,2026-03-02,gcrew,noaa_gefs,10,ShortwaveRadiation_Wm2,11,22.5
gep10,00,2026-02-19,2026-03-02,gcrew,noaa_gefs,10,WindSpeed_ms_mean,11,3.8287651590698437
gep10,00,2026-02-19,2026-03-03,gcrew,noaa_gefs,10,AirTemp_C_mean,12,13.411950683593773
gep10,00,2026-02-19,2026-03-03,gcrew,noaa_gefs,10,Pressure_Pa,12,101091.162109375
gep10,00,2026-02-19,2026-03-03,gcrew,noaa_gefs,10,RH_percent_mean,12,90.47667694091797
gep10,00,2026-02-19,2026-03-03,gcrew,noaa_gefs,10,Rain_mm_sum,12,3.1000000834465027
gep10,00,2026-02-19,2026-03-03,gcrew,noaa_gefs,10,ShortwaveRadiation_Wm2,12,146
gep10,00,2026-02-19,2026-03-03,gcrew,noaa_gefs,10,WindSpeed_ms_mean,12,5.012968706083463
gep10,00,2026-02-19,2026-03-04,gcrew,noaa_gefs,10,AirTemp_C_mean,13,8.065553283691429
gep10,00,2026-02-19,2026-03-04,gcrew,noaa_gefs,10,Pressure_Pa,13,102178.892578125
gep10,00,2026-02-19,2026-03-04,gcrew,noaa_gefs,10,RH_percent_mean,13,90.09021759033203
gep10,00,2026-02-19,2026-03-04,gcrew,noaa_gefs,10,Rain_mm_sum,13,6.300000101327896
gep10,00,2026-02-19,2026-03-04,gcrew,noaa_gefs,10,ShortwaveRadiation_Wm2,13,25
gep10,00,2026-02-19,2026-03-04,gcrew,noaa_gefs,10,WindSpeed_ms_mean,13,3.9570483623648522
gep10,00,2026-02-19,2026-03-05,gcrew,noaa_gefs,10,AirTemp_C_mean,14,12.227571105957054
gep10,00,2026-02-19,2026-03-05,gcrew,noaa_gefs,10,Pressure_Pa,14,101463.474609375
gep10,00,2026-02-19,2026-03-05,gcrew,noaa_gefs,10,RH_percent_mean,14,91.76033973693848
gep10,00,2026-02-19,2026-03-05,gcrew,noaa_gefs,10,Rain_mm_sum,14,2.4999999925494194
gep10,00,2026-02-19,2026-03-05,gcrew,noaa_gefs,10,ShortwaveRadiation_Wm2,14,89.75
gep10,00,2026-02-19,2026-03-05,gcrew,noaa_gefs,10,WindSpeed_ms_mean,14,6.039026367710616
gep10,00,2026-02-19,2026-03-06,gcrew,noaa_gefs,10,AirTemp_C_mean,15,0.883576965332054
gep10,00,2026-02-19,2026-03-06,gcrew,noaa_gefs,10,Pressure_Pa,15,101621.16796875
gep10,00,2026-02-19,2026-03-06,gcrew,noaa_gefs,10,RH_percent_mean,15,92.8342227935791
gep10,00,2026-02-19,2026-03-06,gcrew,noaa_gefs,10,Rain_mm_sum,15,37.30000019073486
gep10,00,2026-02-19,2026-03-06,gcrew,noaa_gefs,10,ShortwaveRadiation_Wm2,15,17.5
gep10,00,2026-02-19,2026-03-06,gcrew,noaa_gefs,10,WindSpeed_ms_mean,15,6.799946731139411
gep10,00,2026-02-19,2026-03-07,gcrew,noaa_gefs,10,AirTemp_C_mean,16,-1.2620071411132585
gep10,00,2026-02-19,2026-03-07,gcrew,noaa_gefs,10,Pressure_Pa,16,102783.318359375
gep10,00,2026-02-19,2026-03-07,gcrew,noaa_gefs,10,RH_percent_mean,16,79.86228942871094
gep10,00,2026-02-19,2026-03-07,gcrew,noaa_gefs,10,Rain_mm_sum,16,0
gep10,00,2026-02-19,2026-03-07,gcrew,noaa_gefs,10,ShortwaveRadiation_Wm2,16,231.5
gep10,00,2026-02-19,2026-03-07,gcrew,noaa_gefs,10,WindSpeed_ms_mean,16,3.336420955691156
gep10,00,2026-02-19,2026-03-08,gcrew,noaa_gefs,10,AirTemp_C_mean,17,2.6822448730468977
gep10,00,2026-02-19,2026-03-08,gcrew,noaa_gefs,10,Pressure_Pa,17,102794.392578125
gep10,00,2026-02-19,2026-03-08,gcrew,noaa_gefs,10,RH_percent_mean,17,80.685150146484375
gep10,00,2026-02-19,2026-03-08,gcrew,noaa_gefs,10,Rain_mm_sum,17,0
gep10,00,2026-02-19,2026-03-08,gcrew,noaa_gefs,10,ShortwaveRadiation_Wm2,17,218.75
gep10,00,2026-02-19,2026-03-08,gcrew,noaa_gefs,10,WindSpeed_ms_mean,17,2.011765155426912
gep10,00,2026-02-19,2026-03-09,gcrew,noaa_gefs,10,AirTemp_C_mean,18,2.2363754272461165
gep10,00,2026-02-19,2026-03-09,gcrew,noaa_gefs,10,Pressure_Pa,18,102708.865234375
gep10,00,2026-02-19,2026-03-09,gcrew,noaa_gefs,10,RH_percent_mean,18,88.49076080322266
gep10,00,2026-02-19,2026-03-09,gcrew,noaa_gefs,10,Rain_mm_sum,18,0
gep10,00,2026-02-19,2026-03-09,gcrew,noaa_gefs,10,ShortwaveRadiation_Wm2,18,190.5
gep10,00,2026-02-19,2026-03-09,gcrew,noaa_gefs,10,WindSpeed_ms_mean,18,2.926777667971675
gep10,00,2026-02-19,2026-03-10,gcrew,noaa_gefs,10,AirTemp_C_mean,19,3.077027893066429
gep10,00,2026-02-19,2026-03-10,gcrew,noaa_gefs,10,Pressure_Pa,19,101449.376953125
gep10,00,2026-02-19,2026-03-10,gcrew,noaa_gefs,10,RH_percent_mean,19,97.0867977142334
gep10,00,2026-02-19,2026-03-10,gcrew,noaa_gefs,10,Rain_mm_sum,19,20.30000078678131
gep10,00,2026-02-19,2026-03-10,gcrew,noaa_gefs,10,ShortwaveRadiation_Wm2,19,12.25
gep10,00,2026-02-19,2026-03-10,gcrew,noaa_gefs,10,WindSpeed_ms_mean,19,2.16738045229572
gep10,00,2026-02-19,2026-03-11,gcrew,noaa_gefs,10,AirTemp_C_mean,20,2.4423767089843977
gep10,00,2026-02-19,2026-03-11,gcrew,noaa_gefs,10,Pressure_Pa,20,101607.31640625
gep10,00,2026-02-19,2026-03-11,gcrew,noaa_gefs,10,RH_percent_mean,20,73.54477119445801
gep10,00,2026-02-19,2026-03-11,gcrew,noaa_gefs,10,Rain_mm_sum,20,0
gep10,00,2026-02-19,2026-03-11,gcrew,noaa_gefs,10,ShortwaveRadiation_Wm2,20,216.25
gep10,00,2026-02-19,2026-03-11,gcrew,noaa_gefs,10,WindSpeed_ms_mean,20,3.965489202739927
gep10,00,2026-02-19,2026-03-12,gcrew,noaa_gefs,10,AirTemp_C_mean,21,5.346345520019554
gep10,00,2026-02-19,2026-03-12,gcrew,noaa_gefs,10,Pressure_Pa,21,101774.470703125
gep10,00,2026-02-19,2026-03-12,gcrew,noaa_gefs,10,RH_percent_mean,21,70.26903629302979
gep10,00,2026-02-19,2026-03-12,gcrew,noaa_gefs,10,Rain_mm_sum,21,0
gep10,00,2026-02-19,2026-03-12,gcrew,noaa_gefs,10,ShortwaveRadiation_Wm2,21,234.5
gep10,00,2026-02-19,2026-03-12,gcrew,noaa_gefs,10,WindSpeed_ms_mean,21,4.989251373860443
gep10,00,2026-02-19,2026-03-13,gcrew,noaa_gefs,10,AirTemp_C_mean,22,0.404817199707054
gep10,00,2026-02-19,2026-03-13,gcrew,noaa_gefs,10,Pressure_Pa,22,103084.677734375
gep10,00,2026-02-19,2026-03-13,gcrew,noaa_gefs,10,RH_percent_mean,22,59.94519805908203
gep10,00,2026-02-19,2026-03-13,gcrew,noaa_gefs,10,Rain_mm_sum,22,0
gep10,00,2026-02-19,2026-03-13,gcrew,noaa_gefs,10,ShortwaveRadiation_Wm2,22,246.75
gep10,00,2026-02-19,2026-03-13,gcrew,noaa_gefs,10,WindSpeed_ms_mean,22,3.9252923447424357
gep10,00,2026-02-19,2026-03-14,gcrew,noaa_gefs,10,AirTemp_C_mean,23,2.2103439331054915
gep10,00,2026-02-19,2026-03-14,gcrew,noaa_gefs,10,Pressure_Pa,23,103257.919921875
gep10,00,2026-02-19,2026-03-14,gcrew,noaa_gefs,10,RH_percent_mean,23,65.69925880432129
gep10,00,2026-02-19,2026-03-14,gcrew,noaa_gefs,10,Rain_mm_sum,23,0
gep10,00,2026-02-19,2026-03-14,gcrew,noaa_gefs,10,ShortwaveRadiation_Wm2,23,192.25
gep10,00,2026-02-19,2026-03-14,gcrew,noaa_gefs,10,WindSpeed_ms_mean,23,3.0252771415459634
gep10,00,2026-02-19,2026-03-15,gcrew,noaa_gefs,10,AirTemp_C_mean,24,4.8394332885742415
gep10,00,2026-02-19,2026-03-15,gcrew,noaa_gefs,10,Pressure_Pa,24,102069.697265625
gep10,00,2026-02-19,2026-03-15,gcrew,noaa_gefs,10,RH_percent_mean,24,91.6884937286377
gep10,00,2026-02-19,2026-03-15,gcrew,noaa_gefs,10,Rain_mm_sum,24,6.8000001311302185
gep10,00,2026-02-19,2026-03-15,gcrew,noaa_gefs,10,ShortwaveRadiation_Wm2,24,9.75
gep10,00,2026-02-19,2026-03-15,gcrew,noaa_gefs,10,WindSpeed_ms_mean,24,4.914185923582207
gep10,00,2026-02-19,2026-03-16,gcrew,noaa_gefs,10,AirTemp_C_mean,25,6.88092956542971
gep10,00,2026-02-19,2026-03-16,gcrew,noaa_gefs,10,Pressure_Pa,25,100852.091796875
gep10,00,2026-02-19,2026-03-16,gcrew,noaa_gefs,10,RH_percent_mean,25,93.64601707458496
gep10,00,2026-02-19,2026-03-16,gcrew,noaa_gefs,10,Rain_mm_sum,25,0.10000000149011612
gep10,00,2026-02-19,2026-03-16,gcrew,noaa_gefs,10,ShortwaveRadiation_Wm2,25,137
gep10,00,2026-02-19,2026-03-16,gcrew,noaa_gefs,10,WindSpeed_ms_mean,25,2.385226343506775
gep10,00,2026-02-19,2026-03-17,gcrew,noaa_gefs,10,AirTemp_C_mean,26,8.267533874511741
gep10,00,2026-02-19,2026-03-17,gcrew,noaa_gefs,10,Pressure_Pa,26,100826.765625
gep10,00,2026-02-19,2026-03-17,gcrew,noaa_gefs,10,RH_percent_mean,26,91.60923194885254
gep10,00,2026-02-19,2026-03-17,gcrew,noaa_gefs,10,Rain_mm_sum,26,0
gep10,00,2026-02-19,2026-03-17,gcrew,noaa_gefs,10,ShortwaveRadiation_Wm2,26,223.75
gep10,00,2026-02-19,2026-03-17,gcrew,noaa_gefs,10,WindSpeed_ms_mean,26,2.241015530837425
gep10,00,2026-02-19,2026-03-18,gcrew,noaa_gefs,10,AirTemp_C_mean,27,11.309526062011741
gep10,00,2026-02-19,2026-03-18,gcrew,noaa_gefs,10,Pressure_Pa,27,100366.421875
gep10,00,2026-02-19,2026-03-18,gcrew,noaa_gefs,10,RH_percent_mean,27,80.98326683044434
gep10,00,2026-02-19,2026-03-18,gcrew,noaa_gefs,10,Rain_mm_sum,27,3.8000001087784767
gep10,00,2026-02-19,2026-03-18,gcrew,noaa_gefs,10,ShortwaveRadiation_Wm2,27,206
gep10,00,2026-02-19,2026-03-18,gcrew,noaa_gefs,10,WindSpeed_ms_mean,27,4.913507346762998
gep10,00,2026-02-19,2026-03-19,gcrew,noaa_gefs,10,AirTemp_C_mean,28,9.271661376953148
gep10,00,2026-02-19,2026-03-19,gcrew,noaa_gefs,10,Pressure_Pa,28,100716.333984375
gep10,00,2026-02-19,2026-03-19,gcrew,noaa_gefs,10,RH_percent_mean,28,78.55448150634766
gep10,00,2026-02-19,2026-03-19,gcrew,noaa_gefs,10,Rain_mm_sum,28,0.20000000298023224
gep10,00,2026-02-19,2026-03-19,gcrew,noaa_gefs,10,ShortwaveRadiation_Wm2,28,176
gep10,00,2026-02-19,2026-03-19,gcrew,noaa_gefs,10,WindSpeed_ms_mean,28,3.502768919064772
gep10,00,2026-02-19,2026-03-20,gcrew,noaa_gefs,10,AirTemp_C_mean,29,7.4639755249023665
gep10,00,2026-02-19,2026-03-20,gcrew,noaa_gefs,10,Pressure_Pa,29,101721.220703125
gep10,00,2026-02-19,2026-03-20,gcrew,noaa_gefs,10,RH_percent_mean,29,84.32945442199707
gep10,00,2026-02-19,2026-03-20,gcrew,noaa_gefs,10,Rain_mm_sum,29,0
gep10,00,2026-02-19,2026-03-20,gcrew,noaa_gefs,10,ShortwaveRadiation_Wm2,29,225.25
gep10,00,2026-02-19,2026-03-20,gcrew,noaa_gefs,10,WindSpeed_ms_mean,29,2.4857486906504604
gep10,00,2026-02-19,2026-03-21,gcrew,noaa_gefs,10,AirTemp_C_mean,30,5.514649963378929
gep10,00,2026-02-19,2026-03-21,gcrew,noaa_gefs,10,Pressure_Pa,30,102508.27734375
gep10,00,2026-02-19,2026-03-21,gcrew,noaa_gefs,10,RH_percent_mean,30,93.17456245422363
gep10,00,2026-02-19,2026-03-21,gcrew,noaa_gefs,10,Rain_mm_sum,30,0
gep10,00,2026-02-19,2026-03-21,gcrew,noaa_gefs,10,ShortwaveRadiation_Wm2,30,231
gep10,00,2026-02-19,2026-03-21,gcrew,noaa_gefs,10,WindSpeed_ms_mean,30,3.478610201477239
gep10,00,2026-02-19,2026-03-22,gcrew,noaa_gefs,10,AirTemp_C_mean,31,8.427484130859398
gep10,00,2026-02-19,2026-03-22,gcrew,noaa_gefs,10,Pressure_Pa,31,101537.609375
gep10,00,2026-02-19,2026-03-22,gcrew,noaa_gefs,10,RH_percent_mean,31,90.99308013916016
gep10,00,2026-02-19,2026-03-22,gcrew,noaa_gefs,10,Rain_mm_sum,31,0
gep10,00,2026-02-19,2026-03-22,gcrew,noaa_gefs,10,ShortwaveRadiation_Wm2,31,169
gep10,00,2026-02-19,2026-03-22,gcrew,noaa_gefs,10,WindSpeed_ms_mean,31,7.184195750232049
gep10,00,2026-02-19,2026-03-23,gcrew,noaa_gefs,10,AirTemp_C_mean,32,8.768609619140648
gep10,00,2026-02-19,2026-03-23,gcrew,noaa_gefs,10,Pressure_Pa,32,100650.3046875
gep10,00,2026-02-19,2026-03-23,gcrew,noaa_gefs,10,RH_percent_mean,32,58.10695171356201
gep10,00,2026-02-19,2026-03-23,gcrew,noaa_gefs,10,Rain_mm_sum,32,1.3000000715255737
gep10,00,2026-02-19,2026-03-23,gcrew,noaa_gefs,10,ShortwaveRadiation_Wm2,32,266
gep10,00,2026-02-19,2026-03-23,gcrew,noaa_gefs,10,WindSpeed_ms_mean,32,7.9327389792356415
gep10,00,2026-02-19,2026-03-24,gcrew,noaa_gefs,10,AirTemp_C_mean,33,4.568719482421898
gep10,00,2026-02-19,2026-03-24,gcrew,noaa_gefs,10,Pressure_Pa,33,101528.60546875
gep10,00,2026-02-19,2026-03-24,gcrew,noaa_gefs,10,RH_percent_mean,33,52.18817710876465
gep10,00,2026-02-19,2026-03-24,gcrew,noaa_gefs,10,Rain_mm_sum,33,0
gep10,00,2026-02-19,2026-03-24,gcrew,noaa_gefs,10,ShortwaveRadiation_Wm2,33,271.25
gep10,00,2026-02-19,2026-03-24,gcrew,noaa_gefs,10,WindSpeed_ms_mean,33,5.0208112518813515
gep10,00,2026-02-19,2026-03-25,gcrew,noaa_gefs,10,AirTemp_C_mean,34,4.424745178222679
gep10,00,2026-02-19,2026-03-25,gcrew,noaa_gefs,10,Pressure_Pa,34,100896.943359375
gep10,00,2026-02-19,2026-03-25,gcrew,noaa_gefs,10,RH_percent_mean,34,73.10336017608643
gep10,00,2026-02-19,2026-03-25,gcrew,noaa_gefs,10,Rain_mm_sum,34,0.699999988079071
gep10,00,2026-02-19,2026-03-25,gcrew,noaa_gefs,10,ShortwaveRadiation_Wm2,34,168.25
gep10,00,2026-02-19,2026-03-25,gcrew,noaa_gefs,10,WindSpeed_ms_mean,34,3.448319475494018
gep11,00,2026-02-19,2026-02-20,gcrew,noaa_gefs,11,AirTemp_C_mean,1,8.60019454956057
gep11,00,2026-02-19,2026-02-20,gcrew,noaa_gefs,11,Pressure_Pa,1,100529.837890625
gep11,00,2026-02-19,2026-02-20,gcrew,noaa_gefs,11,RH_percent_mean,1,84.13147974014282
gep11,00,2026-02-19,2026-02-20,gcrew,noaa_gefs,11,Rain_mm_sum,1,7.229999907314777
gep11,00,2026-02-19,2026-02-20,gcrew,noaa_gefs,11,ShortwaveRadiation_Wm2,1,90
gep11,00,2026-02-19,2026-02-20,gcrew,noaa_gefs,11,WindSpeed_ms_mean,1,5.327480968436972
gep11,00,2026-02-19,2026-02-21,gcrew,noaa_gefs,11,AirTemp_C_mean,2,4.957093811035179
gep11,00,2026-02-19,2026-02-21,gcrew,noaa_gefs,11,Pressure_Pa,2,101362.1162109375
gep11,00,2026-02-19,2026-02-21,gcrew,noaa_gefs,11,RH_percent_mean,2,67.61050748825073
gep11,00,2026-02-19,2026-02-21,gcrew,noaa_gefs,11,Rain_mm_sum,2,0.009999999776482582
gep11,00,2026-02-19,2026-02-21,gcrew,noaa_gefs,11,ShortwaveRadiation_Wm2,2,157.375
gep11,00,2026-02-19,2026-02-21,gcrew,noaa_gefs,11,WindSpeed_ms_mean,2,2.796669875085554
gep11,00,2026-02-19,2026-02-22,gcrew,noaa_gefs,11,AirTemp_C_mean,3,1.7196746826172102
gep11,00,2026-02-19,2026-02-22,gcrew,noaa_gefs,11,Pressure_Pa,3,101743.5
gep11,00,2026-02-19,2026-02-22,gcrew,noaa_gefs,11,RH_percent_mean,3,72.97090816497803
gep11,00,2026-02-19,2026-02-22,gcrew,noaa_gefs,11,Rain_mm_sum,3,0.10000000149011612
gep11,00,2026-02-19,2026-02-22,gcrew,noaa_gefs,11,ShortwaveRadiation_Wm2,3,141.625
gep11,00,2026-02-19,2026-02-22,gcrew,noaa_gefs,11,WindSpeed_ms_mean,3,2.597666670204664
gep11,00,2026-02-19,2026-02-23,gcrew,noaa_gefs,11,AirTemp_C_mean,4,0.5413490295410384
gep11,00,2026-02-19,2026-02-23,gcrew,noaa_gefs,11,Pressure_Pa,4,101336.916015625
gep11,00,2026-02-19,2026-02-23,gcrew,noaa_gefs,11,RH_percent_mean,4,88.30583763122559
gep11,00,2026-02-19,2026-02-23,gcrew,noaa_gefs,11,Rain_mm_sum,4,6.400000065565109
gep11,00,2026-02-19,2026-02-23,gcrew,noaa_gefs,11,ShortwaveRadiation_Wm2,4,97.75
gep11,00,2026-02-19,2026-02-23,gcrew,noaa_gefs,11,WindSpeed_ms_mean,4,5.788296822041432
gep11,00,2026-02-19,2026-02-24,gcrew,noaa_gefs,11,AirTemp_C_mean,5,0.5290084838867415
gep11,00,2026-02-19,2026-02-24,gcrew,noaa_gefs,11,Pressure_Pa,5,101826.7109375
gep11,00,2026-02-19,2026-02-24,gcrew,noaa_gefs,11,RH_percent_mean,5,67.53751993179321
gep11,00,2026-02-19,2026-02-24,gcrew,noaa_gefs,11,Rain_mm_sum,5,0.10000000149011612
gep11,00,2026-02-19,2026-02-24,gcrew,noaa_gefs,11,ShortwaveRadiation_Wm2,5,205.75
gep11,00,2026-02-19,2026-02-24,gcrew,noaa_gefs,11,WindSpeed_ms_mean,5,4.922516373996911
gep11,00,2026-02-19,2026-02-25,gcrew,noaa_gefs,11,AirTemp_C_mean,6,4.261026000976585
gep11,00,2026-02-19,2026-02-25,gcrew,noaa_gefs,11,Pressure_Pa,6,101437.8994140625
gep11,00,2026-02-19,2026-02-25,gcrew,noaa_gefs,11,RH_percent_mean,6,64.63713264465332
gep11,00,2026-02-19,2026-02-25,gcrew,noaa_gefs,11,Rain_mm_sum,6,0.5000000149011612
gep11,00,2026-02-19,2026-02-25,gcrew,noaa_gefs,11,ShortwaveRadiation_Wm2,6,123.375
gep11,00,2026-02-19,2026-02-25,gcrew,noaa_gefs,11,WindSpeed_ms_mean,6,4.7829481823237945
gep11,00,2026-02-19,2026-02-26,gcrew,noaa_gefs,11,AirTemp_C_mean,7,7.054109191894554
gep11,00,2026-02-19,2026-02-26,gcrew,noaa_gefs,11,Pressure_Pa,7,101322.2197265625
gep11,00,2026-02-19,2026-02-26,gcrew,noaa_gefs,11,RH_percent_mean,7,73.60764694213867
gep11,00,2026-02-19,2026-02-26,gcrew,noaa_gefs,11,Rain_mm_sum,7,1.6900000274181366
gep11,00,2026-02-19,2026-02-26,gcrew,noaa_gefs,11,ShortwaveRadiation_Wm2,7,169.75
gep11,00,2026-02-19,2026-02-26,gcrew,noaa_gefs,11,WindSpeed_ms_mean,7,4.3598277703380175
gep11,00,2026-02-19,2026-02-27,gcrew,noaa_gefs,11,AirTemp_C_mean,8,2.5398727416992415
gep11,00,2026-02-19,2026-02-27,gcrew,noaa_gefs,11,Pressure_Pa,8,101330.2099609375
gep11,00,2026-02-19,2026-02-27,gcrew,noaa_gefs,11,RH_percent_mean,8,90.59297943115234
gep11,00,2026-02-19,2026-02-27,gcrew,noaa_gefs,11,Rain_mm_sum,8,41.3899998255074
gep11,00,2026-02-19,2026-02-27,gcrew,noaa_gefs,11,ShortwaveRadiation_Wm2,8,16.875
gep11,00,2026-02-19,2026-02-27,gcrew,noaa_gefs,11,WindSpeed_ms_mean,8,3.173158734850934
gep11,00,2026-02-19,2026-02-28,gcrew,noaa_gefs,11,AirTemp_C_mean,9,6.081576102120558
gep11,00,2026-02-19,2026-02-28,gcrew,noaa_gefs,11,Pressure_Pa,9,100991.2890625
gep11,00,2026-02-19,2026-02-28,gcrew,noaa_gefs,11,RH_percent_mean,9,89.50826699393136
gep11,00,2026-02-19,2026-02-28,gcrew,noaa_gefs,11,Rain_mm_sum,9,6.939999997615814
gep11,00,2026-02-19,2026-02-28,gcrew,noaa_gefs,11,ShortwaveRadiation_Wm2,9,198.71428571428572
gep11,00,2026-02-19,2026-02-28,gcrew,noaa_gefs,11,WindSpeed_ms_mean,9,2.371464473414071
gep11,00,2026-02-19,2026-03-01,gcrew,noaa_gefs,11,AirTemp_C_mean,10,3.9153381347656477
gep11,00,2026-02-19,2026-03-01,gcrew,noaa_gefs,11,Pressure_Pa,10,102000.736328125
gep11,00,2026-02-19,2026-03-01,gcrew,noaa_gefs,11,RH_percent_mean,10,64.10819625854492
gep11,00,2026-02-19,2026-03-01,gcrew,noaa_gefs,11,Rain_mm_sum,10,0
gep11,00,2026-02-19,2026-03-01,gcrew,noaa_gefs,11,ShortwaveRadiation_Wm2,10,214
gep11,00,2026-02-19,2026-03-01,gcrew,noaa_gefs,11,WindSpeed_ms_mean,10,3.7106248775369783
gep11,00,2026-02-19,2026-03-02,gcrew,noaa_gefs,11,AirTemp_C_mean,11,2.6448913574218977
gep11,00,2026-02-19,2026-03-02,gcrew,noaa_gefs,11,Pressure_Pa,11,101992.7734375
gep11,00,2026-02-19,2026-03-02,gcrew,noaa_gefs,11,RH_percent_mean,11,80.4185619354248
gep11,00,2026-02-19,2026-03-02,gcrew,noaa_gefs,11,Rain_mm_sum,11,1.7000000327825546
gep11,00,2026-02-19,2026-03-02,gcrew,noaa_gefs,11,ShortwaveRadiation_Wm2,11,22.5
gep11,00,2026-02-19,2026-03-02,gcrew,noaa_gefs,11,WindSpeed_ms_mean,11,3.8287651590698437
gep11,00,2026-02-19,2026-03-03,gcrew,noaa_gefs,11,AirTemp_C_mean,12,13.411950683593773
gep11,00,2026-02-19,2026-03-03,gcrew,noaa_gefs,11,Pressure_Pa,12,101091.162109375
gep11,00,2026-02-19,2026-03-03,gcrew,noaa_gefs,11,RH_percent_mean,12,90.47667694091797
gep11,00,2026-02-19,2026-03-03,gcrew,noaa_gefs,11,Rain_mm_sum,12,3.1000000834465027
gep11,00,2026-02-19,2026-03-03,gcrew,noaa_gefs,11,ShortwaveRadiation_Wm2,12,146
gep11,00,2026-02-19,2026-03-03,gcrew,noaa_gefs,11,WindSpeed_ms_mean,12,5.012968706083463
gep11,00,2026-02-19,2026-03-04,gcrew,noaa_gefs,11,AirTemp_C_mean,13,8.065553283691429
gep11,00,2026-02-19,2026-03-04,gcrew,noaa_gefs,11,Pressure_Pa,13,102178.892578125
gep11,00,2026-02-19,2026-03-04,gcrew,noaa_gefs,11,RH_percent_mean,13,90.09021759033203
gep11,00,2026-02-19,2026-03-04,gcrew,noaa_gefs,11,Rain_mm_sum,13,6.300000101327896
gep11,00,2026-02-19,2026-03-04,gcrew,noaa_gefs,11,ShortwaveRadiation_Wm2,13,25
gep11,00,2026-02-19,2026-03-04,gcrew,noaa_gefs,11,WindSpeed_ms_mean,13,3.9570483623648522
gep11,00,2026-02-19,2026-03-05,gcrew,noaa_gefs,11,AirTemp_C_mean,14,12.227571105957054
gep11,00,2026-02-19,2026-03-05,gcrew,noaa_gefs,11,Pressure_Pa,14,101463.474609375
gep11,00,2026-02-19,2026-03-05,gcrew,noaa_gefs,11,RH_percent_mean,14,91.76033973693848
gep11,00,2026-02-19,2026-03-05,gcrew,noaa_gefs,11,Rain_mm_sum,14,2.4999999925494194
gep11,00,2026-02-19,2026-03-05,gcrew,noaa_gefs,11,ShortwaveRadiation_Wm2,14,89.75
gep11,00,2026-02-19,2026-03-05,gcrew,noaa_gefs,11,WindSpeed_ms_mean,14,6.039026367710616
gep11,00,2026-02-19,2026-03-06,gcrew,noaa_gefs,11,AirTemp_C_mean,15,0.883576965332054
gep11,00,2026-02-19,2026-03-06,gcrew,noaa_gefs,11,Pressure_Pa,15,101621.16796875
gep11,00,2026-02-19,2026-03-06,gcrew,noaa_gefs,11,RH_percent_mean,15,92.8342227935791
gep11,00,2026-02-19,2026-03-06,gcrew,noaa_gefs,11,Rain_mm_sum,15,37.30000019073486
gep11,00,2026-02-19,2026-03-06,gcrew,noaa_gefs,11,ShortwaveRadiation_Wm2,15,17.5
gep11,00,2026-02-19,2026-03-06,gcrew,noaa_gefs,11,WindSpeed_ms_mean,15,6.799946731139411
gep11,00,2026-02-19,2026-03-07,gcrew,noaa_gefs,11,AirTemp_C_mean,16,-1.2620071411132585
gep11,00,2026-02-19,2026-03-07,gcrew,noaa_gefs,11,Pressure_Pa,16,102783.318359375
gep11,00,2026-02-19,2026-03-07,gcrew,noaa_gefs,11,RH_percent_mean,16,79.86228942871094
gep11,00,2026-02-19,2026-03-07,gcrew,noaa_gefs,11,Rain_mm_sum,16,0
gep11,00,2026-02-19,2026-03-07,gcrew,noaa_gefs,11,ShortwaveRadiation_Wm2,16,231.5
gep11,00,2026-02-19,2026-03-07,gcrew,noaa_gefs,11,WindSpeed_ms_mean,16,3.336420955691156
gep11,00,2026-02-19,2026-03-08,gcrew,noaa_gefs,11,AirTemp_C_mean,17,2.6822448730468977
gep11,00,2026-02-19,2026-03-08,gcrew,noaa_gefs,11,Pressure_Pa,17,102794.392578125
gep11,00,2026-02-19,2026-03-08,gcrew,noaa_gefs,11,RH_percent_mean,17,80.685150146484375
gep11,00,2026-02-19,2026-03-08,gcrew,noaa_gefs,11,Rain_mm_sum,17,0
gep11,00,2026-02-19,2026-03-08,gcrew,noaa_gefs,11,ShortwaveRadiation_Wm2,17,218.75
gep11,00,2026-02-19,2026-03-08,gcrew,noaa_gefs,11,WindSpeed_ms_mean,17,2.011765155426912
gep11,00,2026-02-19,2026-03-09,gcrew,noaa_gefs,11,AirTemp_C_mean,18,2.2363754272461165
gep11,00,2026-02-19,2026-03-09,gcrew,noaa_gefs,11,Pressure_Pa,18,102708.865234375
gep11,00,2026-02-19,2026-03-09,gcrew,noaa_gefs,11,RH_percent_mean,18,88.49076080322266
gep11,00,2026-02-19,2026-03-09,gcrew,noaa_gefs,11,Rain_mm_sum,18,0
gep11,00,2026-02-19,2026-03-09,gcrew,noaa_gefs,11,ShortwaveRadiation_Wm2,18,190.5
gep11,00,2026-02-19,2026-03-09,gcrew,noaa_gefs,11,WindSpeed_ms_mean,18,2.926777667971675
gep11,00,2026-02-19,2026-03-10,gcrew,noaa_gefs,11,AirTemp_C_mean,19,3.077027893066429
gep11,00,2026-02-19,2026-03-10,gcrew,noaa_gefs,11,Pressure_Pa,19,101449.376953125
gep11,00,2026-02-19,2026-03-10,gcrew,noaa_gefs,11,RH_percent_mean,19,97.0867977142334
gep11,00,2026-02-19,2026-03-10,gcrew,noaa_gefs,11,Rain_mm_sum,19,20.30000078678131
gep11,00,2026-02-19,2026-03-10,gcrew,noaa_gefs,11,ShortwaveRadiation_Wm2,19,12.25
gep11,00,2026-02-19,2026-03-10,gcrew,noaa_gefs,11,WindSpeed_ms_mean,19,2.16738045229572
gep11,00,2026-02-19,2026-03-11,gcrew,noaa_gefs,11,AirTemp_C_mean,20,2.4423767089843977
gep11,00,2026-02-19,2026-03-11,gcrew,noaa_gefs,11,Pressure_Pa,20,101607.31640625
gep11,00,2026-02-19,2026-03-11,gcrew,noaa_gefs,11,RH_percent_mean,20,73.54477119445801
gep11,00,2026-02-19,2026-03-11,gcrew,noaa_gefs,11,Rain_mm_sum,20,0
gep11,00,2026-02-19,2026-03-11,gcrew,noaa_gefs,11,ShortwaveRadiation_Wm2,20,216.25
gep11,00,2026-02-19,2026-03-11,gcrew,noaa_gefs,11,WindSpeed_ms_mean,20,3.965489202739927
gep11,00,2026-02-19,2026-03-12,gcrew,noaa_gefs,11,AirTemp_C_mean,21,5.346345520019554
gep11,00,2026-02-19,2026-03-12,gcrew,noaa_gefs,11,Pressure_Pa,21,101774.470703125
gep11,00,2026-02-19,2026-03-12,gcrew,noaa_gefs,11,RH_percent_mean,21,70.26903629302979
gep11,00,2026-02-19,2026-03-12,gcrew,noaa_gefs,11,Rain_mm_sum,21,0
gep11,00,2026-02-19,2026-03-12,gcrew,noaa_gefs,11,ShortwaveRadiation_Wm2,21,234.5
gep11,00,2026-02-19,2026-03-12,gcrew,noaa_gefs,11,WindSpeed_ms_mean,21,4.989251373860443
gep11,00,2026-02-19,2026-03-13,gcrew,noaa_gefs,11,AirTemp_C_mean,22,0.404817199707054
gep11,00,2026-02-19,2026-03-13,gcrew,noaa_gefs,11,Pressure_Pa,22,103084.677734375
gep11,00,2026-02-19,2026-03-13,gcrew,noaa_gefs,11,RH_percent_mean,22,59.94519805908203
gep11,00,2026-02-19,2026-03-13,gcrew,noaa_gefs,11,Rain_mm_sum,22,0
gep11,00,2026-02-19,2026-03-13,gcrew,noaa_gefs,11,ShortwaveRadiation_Wm2,22,246.75
gep11,00,2026-02-19,2026-03-13,gcrew,noaa_gefs,11,WindSpeed_ms_mean,22,3.9252923447424357
gep11,00,2026-02-19,2026-03-14,gcrew,noaa_gefs,11,AirTemp_C_mean,23,2.2103439331054915
gep11,00,2026-02-19,2026-03-14,gcrew,noaa_gefs,11,Pressure_Pa,23,103257.919921875
gep11,00,2026-02-19,2026-03-14,gcrew,noaa_gefs,11,RH_percent_mean,23,65.69925880432129
gep11,00,2026-02-19,2026-03-14,gcrew,noaa_gefs,11,Rain_mm_sum,23,0
gep11,00,2026-02-19,2026-03-14,gcrew,noaa_gefs,11,ShortwaveRadiation_Wm2,23,192.25
gep11,00,2026-02-19,2026-03-14,gcrew,noaa_gefs,11,WindSpeed_ms_mean,23,3.0252771415459634
gep11,00,2026-02-19,2026-03-15,gcrew,noaa_gefs,11,AirTemp_C_mean,24,4.8394332885742415
gep11,00,2026-02-19,2026-03-15,gcrew,noaa_gefs,11,Pressure_Pa,24,102069.697265625
gep11,00,2026-02-19,2026-03-15,gcrew,noaa_gefs,11,RH_percent_mean,24,91.6884937286377
gep11,00,2026-02-19,2026-03-15,gcrew,noaa_gefs,11,Rain_mm_sum,24,6.8000001311302185
gep11,00,2026-02-19,2026-03-15,gcrew,noaa_gefs,11,ShortwaveRadiation_Wm2,24,9.75
gep11,00,2026-02-19,2026-03-15,gcrew,noaa_gefs,11,WindSpeed_ms_mean,24,4.914185923582207
gep11,00,2026-02-19,2026-03-16,gcrew,noaa_gefs,11,AirTemp_C_mean,25,6.88092956542971
gep11,00,2026-02-19,2026-03-16,gcrew,noaa_gefs,11,Pressure_Pa,25,100852.091796875
gep11,00,2026-02-19,2026-03-16,gcrew,noaa_gefs,11,RH_percent_mean,25,93.64601707458496
gep11,00,2026-02-19,2026-03-16,gcrew,noaa_gefs,11,Rain_mm_sum,25,0.10000000149011612
gep11,00,2026-02-19,2026-03-16,gcrew,noaa_gefs,11,ShortwaveRadiation_Wm2,25,137
gep11,00,2026-02-19,2026-03-16,gcrew,noaa_gefs,11,WindSpeed_ms_mean,25,2.385226343506775
gep11,00,2026-02-19,2026-03-17,gcrew,noaa_gefs,11,AirTemp_C_mean,26,8.267533874511741
gep11,00,2026-02-19,2026-03-17,gcrew,noaa_gefs,11,Pressure_Pa,26,100826.765625
gep11,00,2026-02-19,2026-03-17,gcrew,noaa_gefs,11,RH_percent_mean,26,91.60923194885254
gep11,00,2026-02-19,2026-03-17,gcrew,noaa_gefs,11,Rain_mm_sum,26,0
gep11,00,2026-02-19,2026-03-17,gcrew,noaa_gefs,11,ShortwaveRadiation_Wm2,26,223.75
gep11,00,2026-02-19,2026-03-17,gcrew,noaa_gefs,11,WindSpeed_ms_mean,26,2.241015530837425
gep11,00,2026-02-19,2026-03-18,gcrew,noaa_gefs,11,AirTemp_C_mean,27,11.309526062011741
gep11,00,2026-02-19,2026-03-18,gcrew,noaa_gefs,11,Pressure_Pa,27,100366.421875
gep11,00,2026-02-19,2026-03-18,gcrew,noaa_gefs,11,RH_percent_mean,27,80.98326683044434
gep11,00,2026-02-19,2026-03-18,gcrew,noaa_gefs,11,Rain_mm_sum,27,3.8000001087784767
gep11,00,2026-02-19,2026-03-18,gcrew,noaa_gefs,11,ShortwaveRadiation_Wm2,27,206
gep11,00,2026-02-19,2026-03-18,gcrew,noaa_gefs,11,WindSpeed_ms_mean,27,4.913507346762998
gep11,00,2026-02-19,2026-03-19,gcrew,noaa_gefs,11,AirTemp_C_mean,28,9.271661376953148
gep11,00,2026-02-19,2026-03-19,gcrew,noaa_gefs,11,Pressure_Pa,28,100716.333984375
gep11,00,2026-02-19,2026-03-19,gcrew,noaa_gefs,11,RH_percent_mean,28,78.55448150634766
gep11,00,2026-02-19,2026-03-19,gcrew,noaa_gefs,11,Rain_mm_sum,28,0.20000000298023224
gep11,00,2026-02-19,2026-03-19,gcrew,noaa_gefs,11,ShortwaveRadiation_Wm2,28,176
gep11,00,2026-02-19,2026-03-19,gcrew,noaa_gefs,11,WindSpeed_ms_mean,28,3.502768919064772
gep11,00,2026-02-19,2026-03-20,gcrew,noaa_gefs,11,AirTemp_C_mean,29,7.4639755249023665
gep11,00,2026-02-19,2026-03-20,gcrew,noaa_gefs,11,Pressure_Pa,29,101721.220703125
gep11,00,2026-02-19,2026-03-20,gcrew,noaa_gefs,11,RH_percent_mean,29,84.32945442199707
gep11,00,2026-02-19,2026-03-20,gcrew,noaa_gefs,11,Rain_mm_sum,29,0
gep11,00,2026-02-19,2026-03-20,gcrew,noaa_gefs,11,ShortwaveRadiation_Wm2,29,225.25
gep11,00,2026-02-19,2026-03-20,gcrew,noaa_gefs,11,WindSpeed_ms_mean,29,2.4857486906504604
gep11,00,2026-02-19,2026-03-21,gcrew,noaa_gefs,11,AirTemp_C_mean,30,5.514649963378929
gep11,00,2026-02-19,2026-03-21,gcrew,noaa_gefs,11,Pressure_Pa,30,102508.27734375
gep11,00,2026-02-19,2026-03-21,gcrew,noaa_gefs,11,RH_percent_mean,30,93.17456245422363
gep11,00,2026-02-19,2026-03-21,gcrew,noaa_gefs,11,Rain_mm_sum,30,0
gep11,00,2026-02-19,2026-03-21,gcrew,noaa_gefs,11,ShortwaveRadiation_Wm2,30,231
gep11,00,2026-02-19,2026-03-21,gcrew,noaa_gefs,11,WindSpeed_ms_mean,30,3.478610201477239
gep11,00,2026-02-19,2026-03-22,gcrew,noaa_gefs,11,AirTemp_C_mean,31,8.427484130859398
gep11,00,2026-02-19,2026-03-22,gcrew,noaa_gefs,11,Pressure_Pa,31,101537.609375
gep11,00,2026-02-19,2026-03-22,gcrew,noaa_gefs,11,RH_percent_mean,31,90.99308013916016
gep11,00,2026-02-19,2026-03-22,gcrew,noaa_gefs,11,Rain_mm_sum,31,0
gep11,00,2026-02-19,2026-03-22,gcrew,noaa_gefs,11,ShortwaveRadiation_Wm2,31,169
gep11,00,2026-02-19,2026-03-22,gcrew,noaa_gefs,11,WindSpeed_ms_mean,31,7.184195750232049
gep11,00,2026-02-19,2026-03-23,gcrew,noaa_gefs,11,AirTemp_C_mean,32,8.768609619140648
gep11,00,2026-02-19,2026-03-23,gcrew,noaa_gefs,11,Pressure_Pa,32,100650.3046875
gep11,00,2026-02-19,2026-03-23,gcrew,noaa_gefs,11,RH_percent_mean,32,58.10695171356201
gep11,00,2026-02-19,2026-03-23,gcrew,noaa_gefs,11,Rain_mm_sum,32,1.3000000715255737
gep11,00,2026-02-19,2026-03-23,gcrew,noaa_gefs,11,ShortwaveRadiation_Wm2,32,266
gep11,00,2026-02-19,2026-03-23,gcrew,noaa_gefs,11,WindSpeed_ms_mean,32,7.9327389792356415
gep11,00,2026-02-19,2026-03-24,gcrew,noaa_gefs,11,AirTemp_C_mean,33,4.568719482421898
gep11,00,2026-02-19,2026-03-24,gcrew,noaa_gefs,11,Pressure_Pa,33,101528.60546875
gep11,00,2026-02-19,2026-03-24,gcrew,noaa_gefs,11,RH_percent_mean,33,52.18817710876465
gep11,00,2026-02-19,2026-03-24,gcrew,noaa_gefs,11,Rain_mm_sum,33,0
gep11,00,2026-02-19,2026-03-24,gcrew,noaa_gefs,11,ShortwaveRadiation_Wm2,33,271.25
gep11,00,2026-02-19,2026-03-24,gcrew,noaa_gefs,11,WindSpeed_ms_mean,33,5.0208112518813515
gep11,00,2026-02-19,2026-03-25,gcrew,noaa_gefs,11,AirTemp_C_mean,34,4.424745178222679
gep11,00,2026-02-19,2026-03-25,gcrew,noaa_gefs,11,Pressure_Pa,34,100896.943359375
gep11,00,2026-02-19,2026-03-25,gcrew,noaa_gefs,11,RH_percent_mean,34,73.10336017608643
gep11,00,2026-02-19,2026-03-25,gcrew,noaa_gefs,11,Rain_mm_sum,34,0.699999988079071
gep11,00,2026-02-19,2026-03-25,gcrew,noaa_gefs,11,ShortwaveRadiation_Wm2,34,168.25
gep11,00,2026-02-19,2026-03-25,gcrew,noaa_gefs,11,WindSpeed_ms_mean,34,3.448319475494018
gep12,00,2026-02-19,2026-02-20,gcrew,noaa_gefs,12,AirTemp_C_mean,1,8.60019454956057
gep12,00,2026-02-19,2026-02-20,gcrew,noaa_gefs,12,Pressure_Pa,1,100529.837890625
gep12,00,2026-02-19,2026-02-20,gcrew,noaa_gefs,12,RH_percent_mean,1,84.13147974014282
gep12,00,2026-02-19,2026-02-20,gcrew,noaa_gefs,12,Rain_mm_sum,1,7.229999907314777
gep12,00,2026-02-19,2026-02-20,gcrew,noaa_gefs,12,ShortwaveRadiation_Wm2,1,90
gep12,00,2026-02-19,2026-02-20,gcrew,noaa_gefs,12,WindSpeed_ms_mean,1,5.327480968436972
gep12,00,2026-02-19,2026-02-21,gcrew,noaa_gefs,12,AirTemp_C_mean,2,4.957093811035179
gep12,00,2026-02-19,2026-02-21,gcrew,noaa_gefs,12,Pressure_Pa,2,101362.1162109375
gep12,00,2026-02-19,2026-02-21,gcrew,noaa_gefs,12,RH_percent_mean,2,67.61050748825073
gep12,00,2026-02-19,2026-02-21,gcrew,noaa_gefs,12,Rain_mm_sum,2,0.009999999776482582
gep12,00,2026-02-19,2026-02-21,gcrew,noaa_gefs,12,ShortwaveRadiation_Wm2,2,157.375
gep12,00,2026-02-19,2026-02-21,gcrew,noaa_gefs,12,WindSpeed_ms_mean,2,2.796669875085554
gep12,00,2026-02-19,2026-02-22,gcrew,noaa_gefs,12,AirTemp_C_mean,3,1.7196746826172102
gep12,00,2026-02-19,2026-02-22,gcrew,noaa_gefs,12,Pressure_Pa,3,101743.5
gep12,00,2026-02-19,2026-02-22,gcrew,noaa_gefs,12,RH_percent_mean,3,72.97090816497803
gep12,00,2026-02-19,2026-02-22,gcrew,noaa_gefs,12,Rain_mm_sum,3,0.10000000149011612
gep12,00,2026-02-19,2026-02-22,gcrew,noaa_gefs,12,ShortwaveRadiation_Wm2,3,141.625
gep12,00,2026-02-19,2026-02-22,gcrew,noaa_gefs,12,WindSpeed_ms_mean,3,2.597666670204664
gep12,00,2026-02-19,2026-02-23,gcrew,noaa_gefs,12,AirTemp_C_mean,4,0.5413490295410384
gep12,00,2026-02-19,2026-02-23,gcrew,noaa_gefs,12,Pressure_Pa,4,101336.916015625
gep12,00,2026-02-19,2026-02-23,gcrew,noaa_gefs,12,RH_percent_mean,4,88.30583763122559
gep12,00,2026-02-19,2026-02-23,gcrew,noaa_gefs,12,Rain_mm_sum,4,6.400000065565109
gep12,00,2026-02-19,2026-02-23,gcrew,noaa_gefs,12,ShortwaveRadiation_Wm2,4,97.75
gep12,00,2026-02-19,2026-02-23,gcrew,noaa_gefs,12,WindSpeed_ms_mean,4,5.788296822041432
gep12,00,2026-02-19,2026-02-24,gcrew,noaa_gefs,12,AirTemp_C_mean,5,0.5290084838867415
gep12,00,2026-02-19,2026-02-24,gcrew,noaa_gefs,12,Pressure_Pa,5,101826.7109375
gep12,00,2026-02-19,2026-02-24,gcrew,noaa_gefs,12,RH_percent_mean,5,67.53751993179321
gep12,00,2026-02-19,2026-02-24,gcrew,noaa_gefs,12,Rain_mm_sum,5,0.10000000149011612
gep12,00,2026-02-19,2026-02-24,gcrew,noaa_gefs,12,ShortwaveRadiation_Wm2,5,205.75
gep12,00,2026-02-19,2026-02-24,gcrew,noaa_gefs,12,WindSpeed_ms_mean,5,4.922516373996911
gep12,00,2026-02-19,2026-02-25,gcrew,noaa_gefs,12,AirTemp_C_mean,6,4.261026000976585
gep12,00,2026-02-19,2026-02-25,gcrew,noaa_gefs,12,Pressure_Pa,6,101437.8994140625
gep12,00,2026-02-19,2026-02-25,gcrew,noaa_gefs,12,RH_percent_mean,6,64.63713264465332
gep12,00,2026-02-19,2026-02-25,gcrew,noaa_gefs,12,Rain_mm_sum,6,0.5000000149011612
gep12,00,2026-02-19,2026-02-25,gcrew,noaa_gefs,12,ShortwaveRadiation_Wm2,6,123.375
gep12,00,2026-02-19,2026-02-25,gcrew,noaa_gefs,12,WindSpeed_ms_mean,6,4.7829481823237945
gep12,00,2026-02-19,2026-02-26,gcrew,noaa_gefs,12,AirTemp_C_mean,7,7.054109191894554
gep12,00,2026-02-19,2026-02-26,gcrew,noaa_gefs,12,Pressure_Pa,7,101322.2197265625
gep12,00,2026-02-19,2026-02-26,gcrew,noaa_gefs,12,RH_percent_mean,7,73.60764694213867
gep12,00,2026-02-19,2026-02-26,gcrew,noaa_gefs,12,Rain_mm_sum,7,1.6900000274181366
gep12,00,2026-02-19,2026-02-26,gcrew,noaa_gefs,12,ShortwaveRadiation_Wm2,7,169.75
gep12,00,2026-02-19,2026-02-26,gcrew,noaa_gefs,12,WindSpeed_ms_mean,7,4.3598277703380175
gep12,00,2026-02-19,2026-02-27,gcrew,noaa_gefs,12,AirTemp_C_mean,8,2.5398727416992415
gep12,00,2026-02-19,2026-02-27,gcrew,noaa_gefs,12,Pressure_Pa,8,101330.2099609375
gep12,00,2026-02-19,2026-02-27,gcrew,noaa_gefs,12,RH_percent_mean,8,90.59297943115234
gep12,00,2026-02-19,2026-02-27,gcrew,noaa_gefs,12,Rain_mm_sum,8,41.3899998255074
gep12,00,2026-02-19,2026-02-27,gcrew,noaa_gefs,12,ShortwaveRadiation_Wm2,8,16.875
gep12,00,2026-02-19,2026-02-27,gcrew,noaa_gefs,12,WindSpeed_ms_mean,8,3.173158734850934
gep12,00,2026-02-19,2026-02-28,gcrew,noaa_gefs,12,AirTemp_C_mean,9,6.081576102120558
gep12,00,2026-02-19,2026-02-28,gcrew,noaa_gefs,12,Pressure_Pa,9,100991.2890625
gep12,00,2026-02-19,2026-02-28,gcrew,noaa_gefs,12,RH_percent_mean,9,89.50826699393136
gep12,00,2026-02-19,2026-02-28,gcrew,noaa_gefs,12,Rain_mm_sum,9,6.939999997615814
gep12,00,2026-02-19,2026-02-28,gcrew,noaa_gefs,12,ShortwaveRadiation_Wm2,9,198.71428571428572
gep12,00,2026-02-19,2026-02-28,gcrew,noaa_gefs,12,WindSpeed_ms_mean,9,2.371464473414071
gep12,00,2026-02-19,2026-03-01,gcrew,noaa_gefs,12,AirTemp_C_mean,10,3.9153381347656477
gep12,00,2026-02-19,2026-03-01,gcrew,noaa_gefs,12,Pressure_Pa,10,102000.736328125
gep12,00,2026-02-19,2026-03-01,gcrew,noaa_gefs,12,RH_percent_mean,10,64.10819625854492
gep12,00,2026-02-19,2026-03-01,gcrew,noaa_gefs,12,Rain_mm_sum,10,0
gep12,00,2026-02-19,2026-03-01,gcrew,noaa_gefs,12,ShortwaveRadiation_Wm2,10,214
gep12,00,2026-02-19,2026-03-01,gcrew,noaa_gefs,12,WindSpeed_ms_mean,10,3.7106248775369783
gep12,00,2026-02-19,2026-03-02,gcrew,noaa_gefs,12,AirTemp_C_mean,11,2.6448913574218977
gep12,00,2026-02-19,2026-03-02,gcrew,noaa_gefs,12,Pressure_Pa,11,101992.7734375
gep12,00,2026-02-19,2026-03-02,gcrew,noaa_gefs,12,RH_percent_mean,11,80.4185619354248
gep12,00,2026-02-19,2026-03-02,gcrew,noaa_gefs,12,Rain_mm_sum,11,1.7000000327825546
gep12,00,2026-02-19,2026-03-02,gcrew,noaa_gefs,12,ShortwaveRadiation_Wm2,11,22.5
gep12,00,2026-02-19,2026-03-02,gcrew,noaa_gefs,12,WindSpeed_ms_mean,11,3.8287651590698437
gep12,00,2026-02-19,2026-03-03,gcrew,noaa_gefs,12,AirTemp_C_mean,12,13.411950683593773
gep12,00,2026-02-19,2026-03-03,gcrew,noaa_gefs,12,Pressure_Pa,12,101091.162109375
gep12,00,2026-02-19,2026-03-03,gcrew,noaa_gefs,12,RH_percent_mean,12,90.47667694091797
gep12,00,2026-02-19,2026-03-03,gcrew,noaa_gefs,12,Rain_mm_sum,12,3.1000000834465027
gep12,00,2026-02-19,2026-03-03,gcrew,noaa_gefs,12,ShortwaveRadiation_Wm2,12,146
gep12,00,2026-02-19,2026-03-03,gcrew,noaa_gefs,12,WindSpeed_ms_mean,12,5.012968706083463
gep12,00,2026-02-19,2026-03-04,gcrew,noaa_gefs,12,AirTemp_C_mean,13,8.065553283691429
gep12,00,2026-02-19,2026-03-04,gcrew,noaa_gefs,12,Pressure_Pa,13,102178.892578125
gep12,00,2026-02-19,2026-03-04,gcrew,noaa_gefs,12,RH_percent_mean,13,90.09021759033203
gep12,00,2026-02-19,2026-03-04,gcrew,noaa_gefs,12,Rain_mm_sum,13,6.300000101327896
gep12,00,2026-02-19,2026-03-04,gcrew,noaa_gefs,12,ShortwaveRadiation_Wm2,13,25
gep12,00,2026-02-19,2026-03-04,gcrew,noaa_gefs,12,WindSpeed_ms_mean,13,3.9570483623648522
gep12,00,2026-02-19,2026-03-05,gcrew,noaa_gefs,12,AirTemp_C_mean,14,12.227571105957054
gep12,00,2026-02-19,2026-03-05,gcrew,noaa_gefs,12,Pressure_Pa,14,101463.474609375
gep12,00,2026-02-19,2026-03-05,gcrew,noaa_gefs,12,RH_percent_mean,14,91.76033973693848
gep12,00,2026-02-19,2026-03-05,gcrew,noaa_gefs,12,Rain_mm_sum,14,2.4999999925494194
gep12,00,2026-02-19,2026-03-05,gcrew,noaa_gefs,12,ShortwaveRadiation_Wm2,14,89.75
gep12,00,2026-02-19,2026-03-05,gcrew,noaa_gefs,12,WindSpeed_ms_mean,14,6.039026367710616
gep12,00,2026-02-19,2026-03-06,gcrew,noaa_gefs,12,AirTemp_C_mean,15,0.883576965332054
gep12,00,2026-02-19,2026-03-06,gcrew,noaa_gefs,12,Pressure_Pa,15,101621.16796875
gep12,00,2026-02-19,2026-03-06,gcrew,noaa_gefs,12,RH_percent_mean,15,92.8342227935791
gep12,00,2026-02-19,2026-03-06,gcrew,noaa_gefs,12,Rain_mm_sum,15,37.30000019073486
gep12,00,2026-02-19,2026-03-06,gcrew,noaa_gefs,12,ShortwaveRadiation_Wm2,15,17.5
gep12,00,2026-02-19,2026-03-06,gcrew,noaa_gefs,12,WindSpeed_ms_mean,15,6.799946731139411
gep12,00,2026-02-19,2026-03-07,gcrew,noaa_gefs,12,AirTemp_C_mean,16,-1.2620071411132585
gep12,00,2026-02-19,2026-03-07,gcrew,noaa_gefs,12,Pressure_Pa,16,102783.318359375
gep12,00,2026-02-19,2026-03-07,gcrew,noaa_gefs,12,RH_percent_mean,16,79.86228942871094
gep12,00,2026-02-19,2026-03-07,gcrew,noaa_gefs,12,Rain_mm_sum,16,0
gep12,00,2026-02-19,2026-03-07,gcrew,noaa_gefs,12,ShortwaveRadiation_Wm2,16,231.5
gep12,00,2026-02-19,2026-03-07,gcrew,noaa_gefs,12,WindSpeed_ms_mean,16,3.336420955691156
gep12,00,2026-02-19,2026-03-08,gcrew,noaa_gefs,12,AirTemp_C_mean,17,2.6822448730468977
gep12,00,2026-02-19,2026-03-08,gcrew,noaa_gefs,12,Pressure_Pa,17,102794.392578125
gep12,00,2026-02-19,2026-03-08,gcrew,noaa_gefs,12,RH_percent_mean,17,80.685150146484375
gep12,00,2026-02-19,2026-03-08,gcrew,noaa_gefs,12,Rain_mm_sum,17,0
gep12,00,2026-02-19,2026-03-08,gcrew,noaa_gefs,12,ShortwaveRadiation_Wm2,17,218.75
gep12,00,2026-02-19,2026-03-08,gcrew,noaa_gefs,12,WindSpeed_ms_mean,17,2.011765155426912
gep12,00,2026-02-19,2026-03-09,gcrew,noaa_gefs,12,AirTemp_C_mean,18,2.2363754272461165
gep12,00,2026-02-19,2026-03-09,gcrew,noaa_gefs,12,Pressure_Pa,18,102708.865234375
gep12,00,2026-02-19,2026-03-09,gcrew,noaa_gefs,12,RH_percent_mean,18,88.49076080322266
gep12,00,2026-02-19,2026-03-09,gcrew,noaa_gefs,12,Rain_mm_sum,18,0
gep12,00,2026-02-19,2026-03-09,gcrew,noaa_gefs,12,ShortwaveRadiation_Wm2,18,190.5
gep12,00,2026-02-19,2026-03-09,gcrew,noaa_gefs,12,WindSpeed_ms_mean,18,2.926777667971675
gep12,00,2026-02-19,2026-03-10,gcrew,noaa_gefs,12,AirTemp_C_mean,19,3.077027893066429
gep12,00,2026-02-19,2026-03-10,gcrew,noaa_gefs,12,Pressure_Pa,19,101449.376953125
gep12,00,2026-02-19,2026-03-10,gcrew,noaa_gefs,12,RH_percent_mean,19,97.0867977142334
gep12,00,2026-02-19,2026-03-10,gcrew,noaa_gefs,12,Rain_mm_sum,19,20.30000078678131
gep12,00,2026-02-19,2026-03-10,gcrew,noaa_gefs,12,ShortwaveRadiation_Wm2,19,12.25
gep12,00,2026-02-19,2026-03-10,gcrew,noaa_gefs,12,WindSpeed_ms_mean,19,2.16738045229572
gep12,00,2026-02-19,2026-03-11,gcrew,noaa_gefs,12,AirTemp_C_mean,20,2.4423767089843977
gep12,00,2026-02-19,2026-03-11,gcrew,noaa_gefs,12,Pressure_Pa,20,101607.31640625
gep12,00,2026-02-19,2026-03-11,gcrew,noaa_gefs,12,RH_percent_mean,20,73.54477119445801
gep12,00,2026-02-19,2026-03-11,gcrew,noaa_gefs,12,Rain_mm_sum,20,0
gep12,00,2026-02-19,2026-03-11,gcrew,noaa_gefs,12,ShortwaveRadiation_Wm2,20,216.25
gep12,00,2026-02-19,2026-03-11,gcrew,noaa_gefs,12,WindSpeed_ms_mean,20,3.965489202739927
gep12,00,2026-02-19,2026-03-12,gcrew,noaa_gefs,12,AirTemp_C_mean,21,5.346345520019554
gep12,00,2026-02-19,2026-03-12,gcrew,noaa_gefs,12,Pressure_Pa,21,101774.470703125
gep12,00,2026-02-19,2026-03-12,gcrew,noaa_gefs,12,RH_percent_mean,21,70.26903629302979
gep12,00,2026-02-19,2026-03-12,gcrew,noaa_gefs,12,Rain_mm_sum,21,0
gep12,00,2026-02-19,2026-03-12,gcrew,noaa_gefs,12,ShortwaveRadiation_Wm2,21,234.5
gep12,00,2026-02-19,2026-03-12,gcrew,noaa_gefs,12,WindSpeed_ms_mean,21,4.989251373860443
gep12,00,2026-02-19,2026-03-13,gcrew,noaa_gefs,12,AirTemp_C_mean,22,0.404817199707054
gep12,00,2026-02-19,2026-03-13,gcrew,noaa_gefs,12,Pressure_Pa,22,103084.677734375
gep12,00,2026-02-19,2026-03-13,gcrew,noaa_gefs,12,RH_percent_mean,22,59.94519805908203
gep12,00,2026-02-19,2026-03-13,gcrew,noaa_gefs,12,Rain_mm_sum,22,0
gep12,00,2026-02-19,2026-03-13,gcrew,noaa_gefs,12,ShortwaveRadiation_Wm2,22,246.75
gep12,00,2026-02-19,2026-03-13,gcrew,noaa_gefs,12,WindSpeed_ms_mean,22,3.9252923447424357
gep12,00,2026-02-19,2026-03-14,gcrew,noaa_gefs,12,AirTemp_C_mean,23,2.2103439331054915
gep12,00,2026-02-19,2026-03-14,gcrew,noaa_gefs,12,Pressure_Pa,23,103257.919921875
gep12,00,2026-02-19,2026-03-14,gcrew,noaa_gefs,12,RH_percent_mean,23,65.69925880432129
gep12,00,2026-02-19,2026-03-14,gcrew,noaa_gefs,12,Rain_mm_sum,23,0
gep12,00,2026-02-19,2026-03-14,gcrew,noaa_gefs,12,ShortwaveRadiation_Wm2,23,192.25
gep12,00,2026-02-19,2026-03-14,gcrew,noaa_gefs,12,WindSpeed_ms_mean,23,3.0252771415459634
gep12,00,2026-02-19,2026-03-15,gcrew,noaa_gefs,12,AirTemp_C_mean,24,4.8394332885742415
gep12,00,2026-02-19,2026-03-15,gcrew,noaa_gefs,12,Pressure_Pa,24,102069.697265625
gep12,00,2026-02-19,2026-03-15,gcrew,noaa_gefs,12,RH_percent_mean,24,91.6884937286377
gep12,00,2026-02-19,2026-03-15,gcrew,noaa_gefs,12,Rain_mm_sum,24,6.8000001311302185
gep12,00,2026-02-19,2026-03-15,gcrew,noaa_gefs,12,ShortwaveRadiation_Wm2,24,9.75
gep12,00,2026-02-19,2026-03-15,gcrew,noaa_gefs,12,WindSpeed_ms_mean,24,4.914185923582207
gep12,00,2026-02-19,2026-03-16,gcrew,noaa_gefs,12,AirTemp_C_mean,25,6.88092956542971
gep12,00,2026-02-19,2026-03-16,gcrew,noaa_gefs,12,Pressure_Pa,25,100852.091796875
gep12,00,2026-02-19,2026-03-16,gcrew,noaa_gefs,12,RH_percent_mean,25,93.64601707458496
gep12,00,2026-02-19,2026-03-16,gcrew,noaa_gefs,12,Rain_mm_sum,25,0.10000000149011612
gep12,00,2026-02-19,2026-03-16,gcrew,noaa_gefs,12,ShortwaveRadiation_Wm2,25,137
gep12,00,2026-02-19,2026-03-16,gcrew,noaa_gefs,12,WindSpeed_ms_mean,25,2.385226343506775
gep12,00,2026-02-19,2026-03-17,gcrew,noaa_gefs,12,AirTemp_C_mean,26,8.267533874511741
gep12,00,2026-02-19,2026-03-17,gcrew,noaa_gefs,12,Pressure_Pa,26,100826.765625
gep12,00,2026-02-19,2026-03-17,gcrew,noaa_gefs,12,RH_percent_mean,26,91.60923194885254
gep12,00,2026-02-19,2026-03-17,gcrew,noaa_gefs,12,Rain_mm_sum,26,0
gep12,00,2026-02-19,2026-03-17,gcrew,noaa_gefs,12,ShortwaveRadiation_Wm2,26,223.75
gep12,00,2026-02-19,2026-03-17,gcrew,noaa_gefs,12,WindSpeed_ms_mean,26,2.241015530837425
gep12,00,2026-02-19,2026-03-18,gcrew,noaa_gefs,12,AirTemp_C_mean,27,11.309526062011741
gep12,00,2026-02-19,2026-03-18,gcrew,noaa_gefs,12,Pressure_Pa,27,100366.421875
gep12,00,2026-02-19,2026-03-18,gcrew,noaa_gefs,12,RH_percent_mean,27,80.98326683044434
gep12,00,2026-02-19,2026-03-18,gcrew,noaa_gefs,12,Rain_mm_sum,27,3.8000001087784767
gep12,00,2026-02-19,2026-03-18,gcrew,noaa_gefs,12,ShortwaveRadiation_Wm2,27,206
gep12,00,2026-02-19,2026-03-18,gcrew,noaa_gefs,12,WindSpeed_ms_mean,27,4.913507346762998
gep12,00,2026-02-19,2026-03-19,gcrew,noaa_gefs,12,AirTemp_C_mean,28,9.271661376953148
gep12,00,2026-02-19,2026-03-19,gcrew,noaa_gefs,12,Pressure_Pa,28,100716.333984375
gep12,00,2026-02-19,2026-03-19,gcrew,noaa_gefs,12,RH_percent_mean,28,78.55448150634766
gep12,00,2026-02-19,2026-03-19,gcrew,noaa_gefs,12,Rain_mm_sum,28,0.20000000298023224
gep12,00,2026-02-19,2026-03-19,gcrew,noaa_gefs,12,ShortwaveRadiation_Wm2,28,176
gep12,00,2026-02-19,2026-03-19,gcrew,noaa_gefs,12,WindSpeed_ms_mean,28,3.502768919064772
gep12,00,2026-02-19,2026-03-20,gcrew,noaa_gefs,12,AirTemp_C_mean,29,7.4639755249023665
gep12,00,2026-02-19,2026-03-20,gcrew,noaa_gefs,12,Pressure_Pa,29,101721.220703125
gep12,00,2026-02-19,2026-03-20,gcrew,noaa_gefs,12,RH_percent_mean,29,84.32945442199707
gep12,00,2026-02-19,2026-03-20,gcrew,noaa_gefs,12,Rain_mm_sum,29,0
gep12,00,2026-02-19,2026-03-20,gcrew,noaa_gefs,12,ShortwaveRadiation_Wm2,29,225.25
gep12,00,2026-02-19,2026-03-20,gcrew,noaa_gefs,12,WindSpeed_ms_mean,29,2.4857486906504604
gep12,00,2026-02-19,2026-03-21,gcrew,noaa_gefs,12,AirTemp_C_mean,30,5.514649963378929
gep12,00,2026-02-19,2026-03-21,gcrew,noaa_gefs,12,Pressure_Pa,30,102508.27734375
gep12,00,2026-02-19,2026-03-21,gcrew,noaa_gefs,12,RH_percent_mean,30,93.17456245422363
gep12,00,2026-02-19,2026-03-21,gcrew,noaa_gefs,12,Rain_mm_sum,30,0
gep12,00,2026-02-19,2026-03-21,gcrew,noaa_gefs,12,ShortwaveRadiation_Wm2,30,231
gep12,00,2026-02-19,2026-03-21,gcrew,noaa_gefs,12,WindSpeed_ms_mean,30,3.478610201477239
gep12,00,2026-02-19,2026-03-22,gcrew,noaa_gefs,12,AirTemp_C_mean,31,8.427484130859398
gep12,00,2026-02-19,2026-03-22,gcrew,noaa_gefs,12,Pressure_Pa,31,101537.609375
gep12,00,2026-02-19,2026-03-22,gcrew,noaa_gefs,12,RH_percent_mean,31,90.99308013916016
gep12,00,2026-02-19,2026-03-22,gcrew,noaa_gefs,12,Rain_mm_sum,31,0
gep12,00,2026-02-19,2026-03-22,gcrew,noaa_gefs,12,ShortwaveRadiation_Wm2,31,169
gep12,00,2026-02-19,2026-03-22,gcrew,noaa_gefs,12,WindSpeed_ms_mean,31,7.184195750232049
gep12,00,2026-02-19,2026-03-23,gcrew,noaa_gefs,12,AirTemp_C_mean,32,8.768609619140648
gep12,00,2026-02-19,2026-03-23,gcrew,noaa_gefs,12,Pressure_Pa,32,100650.3046875
gep12,00,2026-02-19,2026-03-23,gcrew,noaa_gefs,12,RH_percent_mean,32,58.10695171356201
gep12,00,2026-02-19,2026-03-23,gcrew,noaa_gefs,12,Rain_mm_sum,32,1.3000000715255737
gep12,00,2026-02-19,2026-03-23,gcrew,noaa_gefs,12,ShortwaveRadiation_Wm2,32,266
gep12,00,2026-02-19,2026-03-23,gcrew,noaa_gefs,12,WindSpeed_ms_mean,32,7.9327389792356415
gep12,00,2026-02-19,2026-03-24,gcrew,noaa_gefs,12,AirTemp_C_mean,33,4.568719482421898
gep12,00,2026-02-19,2026-03-24,gcrew,noaa_gefs,12,Pressure_Pa,33,101528.60546875
gep12,00,2026-02-19,2026-03-24,gcrew,noaa_gefs,12,RH_percent_mean,33,52.18817710876465
gep12,00,2026-02-19,2026-03-24,gcrew,noaa_gefs,12,Rain_mm_sum,33,0
gep12,00,2026-02-19,2026-03-24,gcrew,noaa_gefs,12,ShortwaveRadiation_Wm2,33,271.25
gep12,00,2026-02-19,2026-03-24,gcrew,noaa_gefs,12,WindSpeed_ms_mean,33,5.0208112518813515
gep12,00,2026-02-19,2026-03-25,gcrew,noaa_gefs,12,AirTemp_C_mean,34,4.424745178222679
gep12,00,2026-02-19,2026-03-25,gcrew,noaa_gefs,12,Pressure_Pa,34,100896.943359375
gep12,00,2026-02-19,2026-03-25,gcrew,noaa_gefs,12,RH_percent_mean,34,73.10336017608643
gep12,00,2026-02-19,2026-03-25,gcrew,noaa_gefs,12,Rain_mm_sum,34,0.699999988079071
gep12,00,2026-02-19,2026-03-25,gcrew,noaa_gefs,12,ShortwaveRadiation_Wm2,34,168.25
gep12,00,2026-02-19,2026-03-25,gcrew,noaa_gefs,12,WindSpeed_ms_mean,34,3.448319475494018
gep13,00,2026-02-19,2026-02-20,gcrew,noaa_gefs,13,AirTemp_C_mean,1,8.60019454956057
gep13,00,2026-02-19,2026-02-20,gcrew,noaa_gefs,13,Pressure_Pa,1,100529.837890625
gep13,00,2026-02-19,2026-02-20,gcrew,noaa_gefs,13,RH_percent_mean,1,84.13147974014282
gep13,00,2026-02-19,2026-02-20,gcrew,noaa_gefs,13,Rain_mm_sum,1,7.229999907314777
gep13,00,2026-02-19,2026-02-20,gcrew,noaa_gefs,13,ShortwaveRadiation_Wm2,1,90
gep13,00,2026-02-19,2026-02-20,gcrew,noaa_gefs,13,WindSpeed_ms_mean,1,5.327480968436972
gep13,00,2026-02-19,2026-02-21,gcrew,noaa_gefs,13,AirTemp_C_mean,2,4.957093811035179
gep13,00,2026-02-19,2026-02-21,gcrew,noaa_gefs,13,Pressure_Pa,2,101362.1162109375
gep13,00,2026-02-19,2026-02-21,gcrew,noaa_gefs,13,RH_percent_mean,2,67.61050748825073
gep13,00,2026-02-19,2026-02-21,gcrew,noaa_gefs,13,Rain_mm_sum,2,0.009999999776482582
gep13,00,2026-02-19,2026-02-21,gcrew,noaa_gefs,13,ShortwaveRadiation_Wm2,2,157.375
gep13,00,2026-02-19,2026-02-21,gcrew,noaa_gefs,13,WindSpeed_ms_mean,2,2.796669875085554
gep13,00,2026-02-19,2026-02-22,gcrew,noaa_gefs,13,AirTemp_C_mean,3,1.7196746826172102
gep13,00,2026-02-19,2026-02-22,gcrew,noaa_gefs,13,Pressure_Pa,3,101743.5
gep13,00,2026-02-19,2026-02-22,gcrew,noaa_gefs,13,RH_percent_mean,3,72.97090816497803
gep13,00,2026-02-19,2026-02-22,gcrew,noaa_gefs,13,Rain_mm_sum,3,0.10000000149011612
gep13,00,2026-02-19,2026-02-22,gcrew,noaa_gefs,13,ShortwaveRadiation_Wm2,3,141.625
gep13,00,2026-02-19,2026-02-22,gcrew,noaa_gefs,13,WindSpeed_ms_mean,3,2.597666670204664
gep13,00,2026-02-19,2026-02-23,gcrew,noaa_gefs,13,AirTemp_C_mean,4,0.5413490295410384
gep13,00,2026-02-19,2026-02-23,gcrew,noaa_gefs,13,Pressure_Pa,4,101336.916015625
gep13,00,2026-02-19,2026-02-23,gcrew,noaa_gefs,13,RH_percent_mean,4,88.30583763122559
gep13,00,2026-02-19,2026-02-23,gcrew,noaa_gefs,13,Rain_mm_sum,4,6.400000065565109
gep13,00,2026-02-19,2026-02-23,gcrew,noaa_gefs,13,ShortwaveRadiation_Wm2,4,97.75
gep13,00,2026-02-19,2026-02-23,gcrew,noaa_gefs,13,WindSpeed_ms_mean,4,5.788296822041432
gep13,00,2026-02-19,2026-02-24,gcrew,noaa_gefs,13,AirTemp_C_mean,5,0.5290084838867415
gep13,00,2026-02-19,2026-02-24,gcrew,noaa_gefs,13,Pressure_Pa,5,101826.7109375
gep13,00,2026-02-19,2026-02-24,gcrew,noaa_gefs,13,RH_percent_mean,5,67.53751993179321
gep13,00,2026-02-19,2026-02-24,gcrew,noaa_gefs,13,Rain_mm_sum,5,0.10000000149011612
gep13,00,2026-02-19,2026-02-24,gcrew,noaa_gefs,13,ShortwaveRadiation_Wm2,5,205.75
gep13,00,2026-02-19,2026-02-24,gcrew,noaa_gefs,13,WindSpeed_ms_mean,5,4.922516373996911
gep13,00,2026-02-19,2026-02-25,gcrew,noaa_gefs,13,AirTemp_C_mean,6,4.261026000976585
gep13,00,2026-02-19,2026-02-25,gcrew,noaa_gefs,13,Pressure_Pa,6,101437.8994140625
gep13,00,2026-02-19,2026-02-25,gcrew,noaa_gefs,13,RH_percent_mean,6,64.63713264465332
gep13,00,2026-02-19,2026-02-25,gcrew,noaa_gefs,13,Rain_mm_sum,6,0.5000000149011612
gep13,00,2026-02-19,2026-02-25,gcrew,noaa_gefs,13,ShortwaveRadiation_Wm2,6,123.375
gep13,00,2026-02-19,2026-02-25,gcrew,noaa_gefs,13,WindSpeed_ms_mean,6,4.7829481823237945
gep13,00,2026-02-19,2026-02-26,gcrew,noaa_gefs,13,AirTemp_C_mean,7,7.054109191894554
gep13,00,2026-02-19,2026-02-26,gcrew,noaa_gefs,13,Pressure_Pa,7,101322.2197265625
gep13,00,2026-02-19,2026-02-26,gcrew,noaa_gefs,13,RH_percent_mean,7,73.60764694213867
gep13,00,2026-02-19,2026-02-26,gcrew,noaa_gefs,13,Rain_mm_sum,7,1.6900000274181366
gep13,00,2026-02-19,2026-02-26,gcrew,noaa_gefs,13,ShortwaveRadiation_Wm2,7,169.75
gep13,00,2026-02-19,2026-02-26,gcrew,noaa_gefs,13,WindSpeed_ms_mean,7,4.3598277703380175
gep13,00,2026-02-19,2026-02-27,gcrew,noaa_gefs,13,AirTemp_C_mean,8,2.5398727416992415
gep13,00,2026-02-19,2026-02-27,gcrew,noaa_gefs,13,Pressure_Pa,8,101330.2099609375
gep13,00,2026-02-19,2026-02-27,gcrew,noaa_gefs,13,RH_percent_mean,8,90.59297943115234
gep13,00,2026-02-19,2026-02-27,gcrew,noaa_gefs,13,Rain_mm_sum,8,41.3899998255074
gep13,00,2026-02-19,2026-02-27,gcrew,noaa_gefs,13,ShortwaveRadiation_Wm2,8,16.875
gep13,00,2026-02-19,2026-02-27,gcrew,noaa_gefs,13,WindSpeed_ms_mean,8,3.173158734850934
gep13,00,2026-02-19,2026-02-28,gcrew,noaa_gefs,13,AirTemp_C_mean,9,6.081576102120558
gep13,00,2026-02-19,2026-02-28,gcrew,noaa_gefs,13,Pressure_Pa,9,100991.2890625
gep13,00,2026-02-19,2026-02-28,gcrew,noaa_gefs,13,RH_percent_mean,9,89.50826699393136
gep13,00,2026-02-19,2026-02-28,gcrew,noaa_gefs,13,Rain_mm_sum,9,6.939999997615814
gep13,00,2026-02-19,2026-02-28,gcrew,noaa_gefs,13,ShortwaveRadiation_Wm2,9,198.71428571428572
gep13,00,2026-02-19,2026-02-28,gcrew,noaa_gefs,13,WindSpeed_ms_mean,9,2.371464473414071
gep13,00,2026-02-19,2026-03-01,gcrew,noaa_gefs,13,AirTemp_C_mean,10,3.9153381347656477
gep13,00,2026-02-19,2026-03-01,gcrew,noaa_gefs,13,Pressure_Pa,10,102000.736328125
gep13,00,2026-02-19,2026-03-01,gcrew,noaa_gefs,13,RH_percent_mean,10,64.10819625854492
gep13,00,2026-02-19,2026-03-01,gcrew,noaa_gefs,13,Rain_mm_sum,10,0
gep13,00,2026-02-19,2026-03-01,gcrew,noaa_gefs,13,ShortwaveRadiation_Wm2,10,214
gep13,00,2026-02-19,2026-03-01,gcrew,noaa_gefs,13,WindSpeed_ms_mean,10,3.7106248775369783
gep13,00,2026-02-19,2026-03-02,gcrew,noaa_gefs,13,AirTemp_C_mean,11,2.6448913574218977
gep13,00,2026-02-19,2026-03-02,gcrew,noaa_gefs,13,Pressure_Pa,11,101992.7734375
gep13,00,2026-02-19,2026-03-02,gcrew,noaa_gefs,13,RH_percent_mean,11,80.4185619354248
gep13,00,2026-02-19,2026-03-02,gcrew,noaa_gefs,13,Rain_mm_sum,11,1.7000000327825546
gep13,00,2026-02-19,2026-03-02,gcrew,noaa_gefs,13,ShortwaveRadiation_Wm2,11,22.5
gep13,00,2026-02-19,2026-03-02,gcrew,noaa_gefs,13,WindSpeed_ms_mean,11,3.8287651590698437
gep13,00,2026-02-19,2026-03-03,gcrew,noaa_gefs,13,AirTemp_C_mean,12,13.411950683593773
gep13,00,2026-02-19,2026-03-03,gcrew,noaa_gefs,13,Pressure_Pa,12,101091.162109375
gep13,00,2026-02-19,2026-03-03,gcrew,noaa_gefs,13,RH_percent_mean,12,90.47667694091797
gep13,00,2026-02-19,2026-03-03,gcrew,noaa_gefs,13,Rain_mm_sum,12,3.1000000834465027
gep13,00,2026-02-19,2026-03-03,gcrew,noaa_gefs,13,ShortwaveRadiation_Wm2,12,146
gep13,00,2026-02-19,2026-03-03,gcrew,noaa_gefs,13,WindSpeed_ms_mean,12,5.012968706083463
gep13,00,2026-02-19,2026-03-04,gcrew,noaa_gefs,13,AirTemp_C_mean,13,8.065553283691429
gep13,00,2026-02-19,2026-03-04,gcrew,noaa_gefs,13,Pressure_Pa,13,102178.892578125
gep13,00,2026-02-19,2026-03-04,gcrew,noaa_gefs,13,RH_percent_mean,13,90.09021759033203
gep13,00,2026-02-19,2026-03-04,gcrew,noaa_gefs,13,Rain_mm_sum,13,6.300000101327896
gep13,00,2026-02-19,2026-03-04,gcrew,noaa_gefs,13,ShortwaveRadiation_Wm2,13,25
gep13,00,2026-02-19,2026-03-04,gcrew,noaa_gefs,13,WindSpeed_ms_mean,13,3.9570483623648522
gep13,00,2026-02-19,2026-03-05,gcrew,noaa_gefs,13,AirTemp_C_mean,14,12.227571105957054
gep13,00,2026-02-19,2026-03-05,gcrew,noaa_gefs,13,Pressure_Pa,14,101463.474609375
gep13,00,2026-02-19,2026-03-05,gcrew,noaa_gefs,13,RH_percent_mean,14,91.76033973693848
gep13,00,2026-02-19,2026-03-05,gcrew,noaa_gefs,13,Rain_mm_sum,14,2.4999999925494194
gep13,00,2026-02-19,2026-03-05,gcrew,noaa_gefs,13,ShortwaveRadiation_Wm2,14,89.75
gep13,00,2026-02-19,2026-03-05,gcrew,noaa_gefs,13,WindSpeed_ms_mean,14,6.039026367710616
gep13,00,2026-02-19,2026-03-06,gcrew,noaa_gefs,13,AirTemp_C_mean,15,0.883576965332054
gep13,00,2026-02-19,2026-03-06,gcrew,noaa_gefs,13,Pressure_Pa,15,101621.16796875
gep13,00,2026-02-19,2026-03-06,gcrew,noaa_gefs,13,RH_percent_mean,15,92.8342227935791
gep13,00,2026-02-19,2026-03-06,gcrew,noaa_gefs,13,Rain_mm_sum,15,37.30000019073486
gep13,00,2026-02-19,2026-03-06,gcrew,noaa_gefs,13,ShortwaveRadiation_Wm2,15,17.5
gep13,00,2026-02-19,2026-03-06,gcrew,noaa_gefs,13,WindSpeed_ms_mean,15,6.799946731139411
gep13,00,2026-02-19,2026-03-07,gcrew,noaa_gefs,13,AirTemp_C_mean,16,-1.2620071411132585
gep13,00,2026-02-19,2026-03-07,gcrew,noaa_gefs,13,Pressure_Pa,16,102783.318359375
gep13,00,2026-02-19,2026-03-07,gcrew,noaa_gefs,13,RH_percent_mean,16,79.86228942871094
gep13,00,2026-02-19,2026-03-07,gcrew,noaa_gefs,13,Rain_mm_sum,16,0
gep13,00,2026-02-19,2026-03-07,gcrew,noaa_gefs,13,ShortwaveRadiation_Wm2,16,231.5
gep13,00,2026-02-19,2026-03-07,gcrew,noaa_gefs,13,WindSpeed_ms_mean,16,3.336420955691156
gep13,00,2026-02-19,2026-03-08,gcrew,noaa_gefs,13,AirTemp_C_mean,17,2.6822448730468977
gep13,00,2026-02-19,2026-03-08,gcrew,noaa_gefs,13,Pressure_Pa,17,102794.392578125
gep13,00,2026-02-19,2026-03-08,gcrew,noaa_gefs,13,RH_percent_mean,17,80.685150146484375
gep13,00,2026-02-19,2026-03-08,gcrew,noaa_gefs,13,Rain_mm_sum,17,0
gep13,00,2026-02-19,2026-03-08,gcrew,noaa_gefs,13,ShortwaveRadiation_Wm2,17,218.75
gep13,00,2026-02-19,2026-03-08,gcrew,noaa_gefs,13,WindSpeed_ms_mean,17,2.011765155426912
gep13,00,2026-02-19,2026-03-09,gcrew,noaa_gefs,13,AirTemp_C_mean,18,2.2363754272461165
gep13,00,2026-02-19,2026-03-09,gcrew,noaa_gefs,13,Pressure_Pa,18,102708.865234375
gep13,00,2026-02-19,2026-03-09,gcrew,noaa_gefs,13,RH_percent_mean,18,88.49076080322266
gep13,00,2026-02-19,2026-03-09,gcrew,noaa_gefs,13,Rain_mm_sum,18,0
gep13,00,2026-02-19,2026-03-09,gcrew,noaa_gefs,13,ShortwaveRadiation_Wm2,18,190.5
gep13,00,2026-02-19,2026-03-09,gcrew,noaa_gefs,13,WindSpeed_ms_mean,18,2.926777667971675
gep13,00,2026-02-19,2026-03-10,gcrew,noaa_gefs,13,AirTemp_C_mean,19,3.077027893066429
gep13,00,2026-02-19,2026-03-10,gcrew,noaa_gefs,13,Pressure_Pa,19,101449.376953125
gep13,00,2026-02-19,2026-03-10,gcrew,noaa_gefs,13,RH_percent_mean,19,97.0867977142334
gep13,00,2026-02-19,2026-03-10,gcrew,noaa_gefs,13,Rain_mm_sum,19,20.30000078678131
gep13,00,2026-02-19,2026-03-10,gcrew,noaa_gefs,13,ShortwaveRadiation_Wm2,19,12.25
gep13,00,2026-02-19,2026-03-10,gcrew,noaa_gefs,13,WindSpeed_ms_mean,19,2.16738045229572
gep13,00,2026-02-19,2026-03-11,gcrew,noaa_gefs,13,AirTemp_C_mean,20,2.4423767089843977
gep13,00,2026-02-19,2026-03-11,gcrew,noaa_gefs,13,Pressure_Pa,20,101607.31640625
gep13,00,2026-02-19,2026-03-11,gcrew,noaa_gefs,13,RH_percent_mean,20,73.54477119445801
gep13,00,2026-02-19,2026-03-11,gcrew,noaa_gefs,13,Rain_mm_sum,20,0
gep13,00,2026-02-19,2026-03-11,gcrew,noaa_gefs,13,ShortwaveRadiation_Wm2,20,216.25
gep13,00,2026-02-19,2026-03-11,gcrew,noaa_gefs,13,WindSpeed_ms_mean,20,3.965489202739927
gep13,00,2026-02-19,2026-03-12,gcrew,noaa_gefs,13,AirTemp_C_mean,21,5.346345520019554
gep13,00,2026-02-19,2026-03-12,gcrew,noaa_gefs,13,Pressure_Pa,21,101774.470703125
gep13,00,2026-02-19,2026-03-12,gcrew,noaa_gefs,13,RH_percent_mean,21,70.26903629302979
gep13,00,2026-02-19,2026-03-12,gcrew,noaa_gefs,13,Rain_mm_sum,21,0
gep13,00,2026-02-19,2026-03-12,gcrew,noaa_gefs,13,ShortwaveRadiation_Wm2,21,234.5
gep13,00,2026-02-19,2026-03-12,gcrew,noaa_gefs,13,WindSpeed_ms_mean,21,4.989251373860443
gep13,00,2026-02-19,2026-03-13,gcrew,noaa_gefs,13,AirTemp_C_mean,22,0.404817199707054
gep13,00,2026-02-19,2026-03-13,gcrew,noaa_gefs,13,Pressure_Pa,22,103084.677734375
gep13,00,2026-02-19,2026-03-13,gcrew,noaa_gefs,13,RH_percent_mean,22,59.94519805908203
gep13,00,2026-02-19,2026-03-13,gcrew,noaa_gefs,13,Rain_mm_sum,22,0
gep13,00,2026-02-19,2026-03-13,gcrew,noaa_gefs,13,ShortwaveRadiation_Wm2,22,246.75
gep13,00,2026-02-19,2026-03-13,gcrew,noaa_gefs,13,WindSpeed_ms_mean,22,3.9252923447424357
gep13,00,2026-02-19,2026-03-14,gcrew,noaa_gefs,13,AirTemp_C_mean,23,2.2103439331054915
gep13,00,2026-02-19,2026-03-14,gcrew,noaa_gefs,13,Pressure_Pa,23,103257.919921875
gep13,00,2026-02-19,2026-03-14,gcrew,noaa_gefs,13,RH_percent_mean,23,65.69925880432129
gep13,00,2026-02-19,2026-03-14,gcrew,noaa_gefs,13,Rain_mm_sum,23,0
gep13,00,2026-02-19,2026-03-14,gcrew,noaa_gefs,13,ShortwaveRadiation_Wm2,23,192.25
gep13,00,2026-02-19,2026-03-14,gcrew,noaa_gefs,13,WindSpeed_ms_mean,23,3.0252771415459634
gep13,00,2026-02-19,2026-03-15,gcrew,noaa_gefs,13,AirTemp_C_mean,24,4.8394332885742415
gep13,00,2026-02-19,2026-03-15,gcrew,noaa_gefs,13,Pressure_Pa,24,102069.697265625
gep13,00,2026-02-19,2026-03-15,gcrew,noaa_gefs,13,RH_percent_mean,24,91.6884937286377
gep13,00,2026-02-19,2026-03-15,gcrew,noaa_gefs,13,Rain_mm_sum,24,6.8000001311302185
gep13,00,2026-02-19,2026-03-15,gcrew,noaa_gefs,13,ShortwaveRadiation_Wm2,24,9.75
gep13,00,2026-02-19,2026-03-15,gcrew,noaa_gefs,13,WindSpeed_ms_mean,24,4.914185923582207
gep13,00,2026-02-19,2026-03-16,gcrew,noaa_gefs,13,AirTemp_C_mean,25,6.88092956542971
gep13,00,2026-02-19,2026-03-16,gcrew,noaa_gefs,13,Pressure_Pa,25,100852.091796875
gep13,00,2026-02-19,2026-03-16,gcrew,noaa_gefs,13,RH_percent_mean,25,93.64601707458496
gep13,00,2026-02-19,2026-03-16,gcrew,noaa_gefs,13,Rain_mm_sum,25,0.10000000149011612
gep13,00,2026-02-19,2026-03-16,gcrew,noaa_gefs,13,ShortwaveRadiation_Wm2,25,137
gep13,00,2026-02-19,2026-03-16,gcrew,noaa_gefs,13,WindSpeed_ms_mean,25,2.385226343506775
gep13,00,2026-02-19,2026-03-17,gcrew,noaa_gefs,13,AirTemp_C_mean,26,8.267533874511741
gep13,00,2026-02-19,2026-03-17,gcrew,noaa_gefs,13,Pressure_Pa,26,100826.765625
gep13,00,2026-02-19,2026-03-17,gcrew,noaa_gefs,13,RH_percent_mean,26,91.60923194885254
gep13,00,2026-02-19,2026-03-17,gcrew,noaa_gefs,13,Rain_mm_sum,26,0
gep13,00,2026-02-19,2026-03-17,gcrew,noaa_gefs,13,ShortwaveRadiation_Wm2,26,223.75
gep13,00,2026-02-19,2026-03-17,gcrew,noaa_gefs,13,WindSpeed_ms_mean,26,2.241015530837425
gep13,00,2026-02-19,2026-03-18,gcrew,noaa_gefs,13,AirTemp_C_mean,27,11.309526062011741
gep13,00,2026-02-19,2026-03-18,gcrew,noaa_gefs,13,Pressure_Pa,27,100366.421875
gep13,00,2026-02-19,2026-03-18,gcrew,noaa_gefs,13,RH_percent_mean,27,80.98326683044434
gep13,00,2026-02-19,2026-03-18,gcrew,noaa_gefs,13,Rain_mm_sum,27,3.8000001087784767
gep13,00,2026-02-19,2026-03-18,gcrew,noaa_gefs,13,ShortwaveRadiation_Wm2,27,206
gep13,00,2026-02-19,2026-03-18,gcrew,noaa_gefs,13,WindSpeed_ms_mean,27,4.913507346762998
gep13,00,2026-02-19,2026-03-19,gcrew,noaa_gefs,13,AirTemp_C_mean,28,9.271661376953148
gep13,00,2026-02-19,2026-03-19,gcrew,noaa_gefs,13,Pressure_Pa,28,100716.333984375
gep13,00,2026-02-19,2026-03-19,gcrew,noaa_gefs,13,RH_percent_mean,28,78.55448150634766
gep13,00,2026-02-19,2026-03-19,gcrew,noaa_gefs,13,Rain_mm_sum,28,0.20000000298023224
gep13,00,2026-02-19,2026-03-19,gcrew,noaa_gefs,13,ShortwaveRadiation_Wm2,28,176
gep13,00,2026-02-19,2026-03-19,gcrew,noaa_gefs,13,WindSpeed_ms_mean,28,3.502768919064772
gep13,00,2026-02-19,2026-03-20,gcrew,noaa_gefs,13,AirTemp_C_mean,29,7.4639755249023665
gep13,00,2026-02-19,2026-03-20,gcrew,noaa_gefs,13,Pressure_Pa,29,101721.220703125
gep13,00,2026-02-19,2026-03-20,gcrew,noaa_gefs,13,RH_percent_mean,29,84.32945442199707
gep13,00,2026-02-19,2026-03-20,gcrew,noaa_gefs,13,Rain_mm_sum,29,0
gep13,00,2026-02-19,2026-03-20,gcrew,noaa_gefs,13,ShortwaveRadiation_Wm2,29,225.25
gep13,00,2026-02-19,2026-03-20,gcrew,noaa_gefs,13,WindSpeed_ms_mean,29,2.4857486906504604
gep13,00,2026-02-19,2026-03-21,gcrew,noaa_gefs,13,AirTemp_C_mean,30,5.514649963378929
gep13,00,2026-02-19,2026-03-21,gcrew,noaa_gefs,13,Pressure_Pa,30,102508.27734375
gep13,00,2026-02-19,2026-03-21,gcrew,noaa_gefs,13,RH_percent_mean,30,93.17456245422363
gep13,00,2026-02-19,2026-03-21,gcrew,noaa_gefs,13,Rain_mm_sum,30,0
gep13,00,2026-02-19,2026-03-21,gcrew,noaa_gefs,13,ShortwaveRadiation_Wm2,30,231
gep13,00,2026-02-19,2026-03-21,gcrew,noaa_gefs,13,WindSpeed_ms_mean,30,3.478610201477239
gep13,00,2026-02-19,2026-03-22,gcrew,noaa_gefs,13,AirTemp_C_mean,31,8.427484130859398
gep13,00,2026-02-19,2026-03-22,gcrew,noaa_gefs,13,Pressure_Pa,31,101537.609375
gep13,00,2026-02-19,2026-03-22,gcrew,noaa_gefs,13,RH_percent_mean,31,90.99308013916016
gep13,00,2026-02-19,2026-03-22,gcrew,noaa_gefs,13,Rain_mm_sum,31,0
gep13,00,2026-02-19,2026-03-22,gcrew,noaa_gefs,13,ShortwaveRadiation_Wm2,31,169
gep13,00,2026-02-19,2026-03-22,gcrew,noaa_gefs,13,WindSpeed_ms_mean,31,7.184195750232049
gep13,00,2026-02-19,2026-03-23,gcrew,noaa_gefs,13,AirTemp_C_mean,32,8.768609619140648
gep13,00,2026-02-19,2026-03-23,gcrew,noaa_gefs,13,Pressure_Pa,32,100650.3046875
gep13,00,2026-02-19,2026-03-23,gcrew,noaa_gefs,13,RH_percent_mean,32,58.10695171356201
gep13,00,2026-02-19,2026-03-23,gcrew,noaa_gefs,13,Rain_mm_sum,32,1.3000000715255737
gep13,00,2026-02-19,2026-03-23,gcrew,noaa_gefs,13,ShortwaveRadiation_Wm2,32,266
gep13,00,2026-02-19,2026-03-23,gcrew,noaa_gefs,13,WindSpeed_ms_mean,32,7.9327389792356415
gep13,00,2026-02-19,2026-03-24,gcrew,noaa_gefs,13,AirTemp_C_mean,33,4.568719482421898
gep13,00,2026-02-19,2026-03-24,gcrew,noaa_gefs,13,Pressure_Pa,33,101528.60546875
gep13,00,2026-02-19,2026-03-24,gcrew,noaa_gefs,13,RH_percent_mean,33,52.18817710876465
gep13,00,2026-02-19,2026-03-24,gcrew,noaa_gefs,13,Rain_mm_sum,33,0
gep13,00,2026-02-19,2026-03-24,gcrew,noaa_gefs,13,ShortwaveRadiation_Wm2,33,271.25
gep13,00,2026-02-19,2026-03-24,gcrew,noaa_gefs,13,WindSpeed_ms_mean,33,5.0208112518813515
gep13,00,2026-02-19,2026-03-25,gcrew,noaa_gefs,13,AirTemp_C_mean,34,4.424745178222679
gep13,00,2026-02-19,2026-03-25,gcrew,noaa_gefs,13,Pressure_Pa,34,100896.943359375
gep13,00,2026-02-19,2026-03-25,gcrew,noaa_gefs,13,RH_percent_mean,34,73.10336017608643
gep13,00,2026-02-19,2026-03-25,gcrew,noaa_gefs,13,Rain_mm_sum,34,0.699999988079071
gep13,00,2026-02-19,2026-03-25,gcrew,noaa_gefs,13,ShortwaveRadiation_Wm2,34,168.25
gep13,00,2026-02-19,2026-03-25,gcrew,noaa_gefs,13,WindSpeed_ms_mean,34,3.448319475494018
gep14,00,2026-02-19,2026-02-20,gcrew,noaa_gefs,14,AirTemp_C_mean,1,8.60019454956057
gep14,00,2026-02-19,2026-02-20,gcrew,noaa_gefs,14,Pressure_Pa,1,100529.837890625
gep14,00,2026-02-19,2026-02-20,gcrew,noaa_gefs,14,RH_percent_mean,1,84.13147974014282
gep14,00,2026-02-19,2026-02-20,gcrew,noaa_gefs,14,Rain_mm_sum,1,7.229999907314777
gep14,00,2026-02-19,2026-02-20,gcrew,noaa_gefs,14,ShortwaveRadiation_Wm2,1,90
gep14,00,2026-02-19,2026-02-20,gcrew,noaa_gefs,14,WindSpeed_ms_mean,1,5.327480968436972
gep14,00,2026-02-19,2026-02-21,gcrew,noaa_gefs,14,AirTemp_C_mean,2,4.957093811035179
gep14,00,2026-02-19,2026-02-21,gcrew,noaa_gefs,14,Pressure_Pa,2,101362.1162109375
gep14,00,2026-02-19,2026-02-21,gcrew,noaa_gefs,14,RH_percent_mean,2,67.61050748825073
gep14,00,2026-02-19,2026-02-21,gcrew,noaa_gefs,14,Rain_mm_sum,2,0.009999999776482582
gep14,00,2026-02-19,2026-02-21,gcrew,noaa_gefs,14,ShortwaveRadiation_Wm2,2,157.375
gep14,00,2026-02-19,2026-02-21,gcrew,noaa_gefs,14,WindSpeed_ms_mean,2,2.796669875085554
gep14,00,2026-02-19,2026-02-22,gcrew,noaa_gefs,14,AirTemp_C_mean,3,1.7196746826172102
gep14,00,2026-02-19,2026-02-22,gcrew,noaa_gefs,14,Pressure_Pa,3,101743.5
gep14,00,2026-02-19,2026-02-22,gcrew,noaa_gefs,14,RH_percent_mean,3,72.97090816497803
gep14,00,2026-02-19,2026-02-22,gcrew,noaa_gefs,14,Rain_mm_sum,3,0.10000000149011612
gep14,00,2026-02-19,2026-02-22,gcrew,noaa_gefs,14,ShortwaveRadiation_Wm2,3,141.625
gep14,00,2026-02-19,2026-02-22,gcrew,noaa_gefs,14,WindSpeed_ms_mean,3,2.597666670204664
gep14,00,2026-02-19,2026-02-23,gcrew,noaa_gefs,14,AirTemp_C_mean,4,0.5413490295410384
gep14,00,2026-02-19,2026-02-23,gcrew,noaa_gefs,14,Pressure_Pa,4,101336.916015625
gep14,00,2026-02-19,2026-02-23,gcrew,noaa_gefs,14,RH_percent_mean,4,88.30583763122559
gep14,00,2026-02-19,2026-02-23,gcrew,noaa_gefs,14,Rain_mm_sum,4,6.400000065565109
gep14,00,2026-02-19,2026-02-23,gcrew,noaa_gefs,14,ShortwaveRadiation_Wm2,4,97.75
gep14,00,2026-02-19,2026-02-23,gcrew,noaa_gefs,14,WindSpeed_ms_mean,4,5.788296822041432
gep14,00,2026-02-19,2026-02-24,gcrew,noaa_gefs,14,AirTemp_C_mean,5,0.5290084838867415
gep14,00,2026-02-19,2026-02-24,gcrew,noaa_gefs,14,Pressure_Pa,5,101826.7109375
gep14,00,2026-02-19,2026-02-24,gcrew,noaa_gefs,14,RH_percent_mean,5,67.53751993179321
gep14,00,2026-02-19,2026-02-24,gcrew,noaa_gefs,14,Rain_mm_sum,5,0.10000000149011612
gep14,00,2026-02-19,2026-02-24,gcrew,noaa_gefs,14,ShortwaveRadiation_Wm2,5,205.75
gep14,00,2026-02-19,2026-02-24,gcrew,noaa_gefs,14,WindSpeed_ms_mean,5,4.922516373996911
gep14,00,2026-02-19,2026-02-25,gcrew,noaa_gefs,14,AirTemp_C_mean,6,4.261026000976585
gep14,00,2026-02-19,2026-02-25,gcrew,noaa_gefs,14,Pressure_Pa,6,101437.8994140625
gep14,00,2026-02-19,2026-02-25,gcrew,noaa_gefs,14,RH_percent_mean,6,64.63713264465332
gep14,00,2026-02-19,2026-02-25,gcrew,noaa_gefs,14,Rain_mm_sum,6,0.5000000149011612
gep14,00,2026-02-19,2026-02-25,gcrew,noaa_gefs,14,ShortwaveRadiation_Wm2,6,123.375
gep14,00,2026-02-19,2026-02-25,gcrew,noaa_gefs,14,WindSpeed_ms_mean,6,4.7829481823237945
gep14,00,2026-02-19,2026-02-26,gcrew,noaa_gefs,14,AirTemp_C_mean,7,7.054109191894554
gep14,00,2026-02-19,2026-02-26,gcrew,noaa_gefs,14,Pressure_Pa,7,101322.2197265625
gep14,00,2026-02-19,2026-02-26,gcrew,noaa_gefs,14,RH_percent_mean,7,73.60764694213867
gep14,00,2026-02-19,2026-02-26,gcrew,noaa_gefs,14,Rain_mm_sum,7,1.6900000274181366
gep14,00,2026-02-19,2026-02-26,gcrew,noaa_gefs,14,ShortwaveRadiation_Wm2,7,169.75
gep14,00,2026-02-19,2026-02-26,gcrew,noaa_gefs,14,WindSpeed_ms_mean,7,4.3598277703380175
gep14,00,2026-02-19,2026-02-27,gcrew,noaa_gefs,14,AirTemp_C_mean,8,2.5398727416992415
gep14,00,2026-02-19,2026-02-27,gcrew,noaa_gefs,14,Pressure_Pa,8,101330.2099609375
gep14,00,2026-02-19,2026-02-27,gcrew,noaa_gefs,14,RH_percent_mean,8,90.59297943115234
gep14,00,2026-02-19,2026-02-27,gcrew,noaa_gefs,14,Rain_mm_sum,8,41.3899998255074
gep14,00,2026-02-19,2026-02-27,gcrew,noaa_gefs,14,ShortwaveRadiation_Wm2,8,16.875
gep14,00,2026-02-19,2026-02-27,gcrew,noaa_gefs,14,WindSpeed_ms_mean,8,3.173158734850934
gep14,00,2026-02-19,2026-02-28,gcrew,noaa_gefs,14,AirTemp_C_mean,9,6.081576102120558
gep14,00,2026-02-19,2026-02-28,gcrew,noaa_gefs,14,Pressure_Pa,9,100991.2890625
gep14,00,2026-02-19,2026-02-28,gcrew,noaa_gefs,14,RH_percent_mean,9,89.50826699393136
gep14,00,2026-02-19,2026-02-28,gcrew,noaa_gefs,14,Rain_mm_sum,9,6.939999997615814
gep14,00,2026-02-19,2026-02-28,gcrew,noaa_gefs,14,ShortwaveRadiation_Wm2,9,198.71428571428572
gep14,00,2026-02-19,2026-02-28,gcrew,noaa_gefs,14,WindSpeed_ms_mean,9,2.371464473414071
gep14,00,2026-02-19,2026-03-01,gcrew,noaa_gefs,14,AirTemp_C_mean,10,3.9153381347656477
gep14,00,2026-02-19,2026-03-01,gcrew,noaa_gefs,14,Pressure_Pa,10,102000.736328125
gep14,00,2026-02-19,2026-03-01,gcrew,noaa_gefs,14,RH_percent_mean,10,64.10819625854492
gep14,00,2026-02-19,2026-03-01,gcrew,noaa_gefs,14,Rain_mm_sum,10,0
gep14,00,2026-02-19,2026-03-01,gcrew,noaa_gefs,14,ShortwaveRadiation_Wm2,10,214
gep14,00,2026-02-19,2026-03-01,gcrew,noaa_gefs,14,WindSpeed_ms_mean,10,3.7106248775369783
gep14,00,2026-02-19,2026-03-02,gcrew,noaa_gefs,14,AirTemp_C_mean,11,2.6448913574218977
gep14,00,2026-02-19,2026-03-02,gcrew,noaa_gefs,14,Pressure_Pa,11,101992.7734375
gep14,00,2026-02-19,2026-03-02,gcrew,noaa_gefs,14,RH_percent_mean,11,80.4185619354248
gep14,00,2026-02-19,2026-03-02,gcrew,noaa_gefs,14,Rain_mm_sum,11,1.7000000327825546
gep14,00,2026-02-19,2026-03-02,gcrew,noaa_gefs,14,ShortwaveRadiation_Wm2,11,22.5
gep14,00,2026-02-19,2026-03-02,gcrew,noaa_gefs,14,WindSpeed_ms_mean,11,3.8287651590698437
gep14,00,2026-02-19,2026-03-03,gcrew,noaa_gefs,14,AirTemp_C_mean,12,13.411950683593773
gep14,00,2026-02-19,2026-03-03,gcrew,noaa_gefs,14,Pressure_Pa,12,101091.162109375
gep14,00,2026-02-19,2026-03-03,gcrew,noaa_gefs,14,RH_percent_mean,12,90.47667694091797
gep14,00,2026-02-19,2026-03-03,gcrew,noaa_gefs,14,Rain_mm_sum,12,3.1000000834465027
gep14,00,2026-02-19,2026-03-03,gcrew,noaa_gefs,14,ShortwaveRadiation_Wm2,12,146
gep14,00,2026-02-19,2026-03-03,gcrew,noaa_gefs,14,WindSpeed_ms_mean,12,5.012968706083463
gep14,00,2026-02-19,2026-03-04,gcrew,noaa_gefs,14,AirTemp_C_mean,13,8.065553283691429
gep14,00,2026-02-19,2026-03-04,gcrew,noaa_gefs,14,Pressure_Pa,13,102178.892578125
gep14,00,2026-02-19,2026-03-04,gcrew,noaa_gefs,14,RH_percent_mean,13,90.09021759033203
gep14,00,2026-02-19,2026-03-04,gcrew,noaa_gefs,14,Rain_mm_sum,13,6.300000101327896
gep14,00,2026-02-19,2026-03-04,gcrew,noaa_gefs,14,ShortwaveRadiation_Wm2,13,25
gep14,00,2026-02-19,2026-03-04,gcrew,noaa_gefs,14,WindSpeed_ms_mean,13,3.9570483623648522
gep14,00,2026-02-19,2026-03-05,gcrew,noaa_gefs,14,AirTemp_C_mean,14,12.227571105957054
gep14,00,2026-02-19,2026-03-05,gcrew,noaa_gefs,14,Pressure_Pa,14,101463.474609375
gep14,00,2026-02-19,2026-03-05,gcrew,noaa_gefs,14,RH_percent_mean,14,91.76033973693848
gep14,00,2026-02-19,2026-03-05,gcrew,noaa_gefs,14,Rain_mm_sum,14,2.4999999925494194
gep14,00,2026-02-19,2026-03-05,gcrew,noaa_gefs,14,ShortwaveRadiation_Wm2,14,89.75
gep14,00,2026-02-19,2026-03-05,gcrew,noaa_gefs,14,WindSpeed_ms_mean,14,6.039026367710616
gep14,00,2026-02-19,2026-03-06,gcrew,noaa_gefs,14,AirTemp_C_mean,15,0.883576965332054
gep14,00,2026-02-19,2026-03-06,gcrew,noaa_gefs,14,Pressure_Pa,15,101621.16796875
gep14,00,2026-02-19,2026-03-06,gcrew,noaa_gefs,14,RH_percent_mean,15,92.8342227935791
gep14,00,2026-02-19,2026-03-06,gcrew,noaa_gefs,14,Rain_mm_sum,15,37.30000019073486
gep14,00,2026-02-19,2026-03-06,gcrew,noaa_gefs,14,ShortwaveRadiation_Wm2,15,17.5
gep14,00,2026-02-19,2026-03-06,gcrew,noaa_gefs,14,WindSpeed_ms_mean,15,6.799946731139411
gep14,00,2026-02-19,2026-03-07,gcrew,noaa_gefs,14,AirTemp_C_mean,16,-1.2620071411132585
gep14,00,2026-02-19,2026-03-07,gcrew,noaa_gefs,14,Pressure_Pa,16,102783.318359375
gep14,00,2026-02-19,2026-03-07,gcrew,noaa_gefs,14,RH_percent_mean,16,79.86228942871094
gep14,00,2026-02-19,2026-03-07,gcrew,noaa_gefs,14,Rain_mm_sum,16,0
gep14,00,2026-02-19,2026-03-07,gcrew,noaa_gefs,14,ShortwaveRadiation_Wm2,16,231.5
gep14,00,2026-02-19,2026-03-07,gcrew,noaa_gefs,14,WindSpeed_ms_mean,16,3.336420955691156
gep14,00,2026-02-19,2026-03-08,gcrew,noaa_gefs,14,AirTemp_C_mean,17,2.6822448730468977
gep14,00,2026-02-19,2026-03-08,gcrew,noaa_gefs,14,Pressure_Pa,17,102794.392578125
gep14,00,2026-02-19,2026-03-08,gcrew,noaa_gefs,14,RH_percent_mean,17,80.685150146484375
gep14,00,2026-02-19,2026-03-08,gcrew,noaa_gefs,14,Rain_mm_sum,17,0
gep14,00,2026-02-19,2026-03-08,gcrew,noaa_gefs,14,ShortwaveRadiation_Wm2,17,218.75
gep14,00,2026-02-19,2026-03-08,gcrew,noaa_gefs,14,WindSpeed_ms_mean,17,2.011765155426912
gep14,00,2026-02-19,2026-03-09,gcrew,noaa_gefs,14,AirTemp_C_mean,18,2.2363754272461165
gep14,00,2026-02-19,2026-03-09,gcrew,noaa_gefs,14,Pressure_Pa,18,102708.865234375
gep14,00,2026-02-19,2026-03-09,gcrew,noaa_gefs,14,RH_percent_mean,18,88.49076080322266
gep14,00,2026-02-19,2026-03-09,gcrew,noaa_gefs,14,Rain_mm_sum,18,0
gep14,00,2026-02-19,2026-03-09,gcrew,noaa_gefs,14,ShortwaveRadiation_Wm2,18,190.5
gep14,00,2026-02-19,2026-03-09,gcrew,noaa_gefs,14,WindSpeed_ms_mean,18,2.926777667971675
gep14,00,2026-02-19,2026-03-10,gcrew,noaa_gefs,14,AirTemp_C_mean,19,3.077027893066429
gep14,00,2026-02-19,2026-03-10,gcrew,noaa_gefs,14,Pressure_Pa,19,101449.376953125
gep14,00,2026-02-19,2026-03-10,gcrew,noaa_gefs,14,RH_percent_mean,19,97.0867977142334
gep14,00,2026-02-19,2026-03-10,gcrew,noaa_gefs,14,Rain_mm_sum,19,20.30000078678131
gep14,00,2026-02-19,2026-03-10,gcrew,noaa_gefs,14,ShortwaveRadiation_Wm2,19,12.25
gep14,00,2026-02-19,2026-03-10,gcrew,noaa_gefs,14,WindSpeed_ms_mean,19,2.16738045229572
gep14,00,2026-02-19,2026-03-11,gcrew,noaa_gefs,14,AirTemp_C_mean,20,2.4423767089843977
gep14,00,2026-02-19,2026-03-11,gcrew,noaa_gefs,14,Pressure_Pa,20,101607.31640625
gep14,00,2026-02-19,2026-03-11,gcrew,noaa_gefs,14,RH_percent_mean,20,73.54477119445801
gep14,00,2026-02-19,2026-03-11,gcrew,noaa_gefs,14,Rain_mm_sum,20,0
gep14,00,2026-02-19,2026-03-11,gcrew,noaa_gefs,14,ShortwaveRadiation_Wm2,20,216.25
gep14,00,2026-02-19,2026-03-11,gcrew,noaa_gefs,14,WindSpeed_ms_mean,20,3.965489202739927
gep14,00,2026-02-19,2026-03-12,gcrew,noaa_gefs,14,AirTemp_C_mean,21,5.346345520019554
gep14,00,2026-02-19,2026-03-12,gcrew,noaa_gefs,14,Pressure_Pa,21,101774.470703125
gep14,00,2026-02-19,2026-03-12,gcrew,noaa_gefs,14,RH_percent_mean,21,70.26903629302979
gep14,00,2026-02-19,2026-03-12,gcrew,noaa_gefs,14,Rain_mm_sum,21,0
gep14,00,2026-02-19,2026-03-12,gcrew,noaa_gefs,14,ShortwaveRadiation_Wm2,21,234.5
gep14,00,2026-02-19,2026-03-12,gcrew,noaa_gefs,14,WindSpeed_ms_mean,21,4.989251373860443
gep14,00,2026-02-19,2026-03-13,gcrew,noaa_gefs,14,AirTemp_C_mean,22,0.404817199707054
gep14,00,2026-02-19,2026-03-13,gcrew,noaa_gefs,14,Pressure_Pa,22,103084.677734375
gep14,00,2026-02-19,2026-03-13,gcrew,noaa_gefs,14,RH_percent_mean,22,59.94519805908203
gep14,00,2026-02-19,2026-03-13,gcrew,noaa_gefs,14,Rain_mm_sum,22,0
gep14,00,2026-02-19,2026-03-13,gcrew,noaa_gefs,14,ShortwaveRadiation_Wm2,22,246.75
gep14,00,2026-02-19,2026-03-13,gcrew,noaa_gefs,14,WindSpeed_ms_mean,22,3.9252923447424357
gep14,00,2026-02-19,2026-03-14,gcrew,noaa_gefs,14,AirTemp_C_mean,23,2.2103439331054915
gep14,00,2026-02-19,2026-03-14,gcrew,noaa_gefs,14,Pressure_Pa,23,103257.919921875
gep14,00,2026-02-19,2026-03-14,gcrew,noaa_gefs,14,RH_percent_mean,23,65.69925880432129
gep14,00,2026-02-19,2026-03-14,gcrew,noaa_gefs,14,Rain_mm_sum,23,0
gep14,00,2026-02-19,2026-03-14,gcrew,noaa_gefs,14,ShortwaveRadiation_Wm2,23,192.25
gep14,00,2026-02-19,2026-03-14,gcrew,noaa_gefs,14,WindSpeed_ms_mean,23,3.0252771415459634
gep14,00,2026-02-19,2026-03-15,gcrew,noaa_gefs,14,AirTemp_C_mean,24,4.8394332885742415
gep14,00,2026-02-19,2026-03-15,gcrew,noaa_gefs,14,Pressure_Pa,24,102069.697265625
gep14,00,2026-02-19,2026-03-15,gcrew,noaa_gefs,14,RH_percent_mean,24,91.6884937286377
gep14,00,2026-02-19,2026-03-15,gcrew,noaa_gefs,14,Rain_mm_sum,24,6.8000001311302185
gep14,00,2026-02-19,2026-03-15,gcrew,noaa_gefs,14,ShortwaveRadiation_Wm2,24,9.75
gep14,00,2026-02-19,2026-03-15,gcrew,noaa_gefs,14,WindSpeed_ms_mean,24,4.914185923582207
gep14,00,2026-02-19,2026-03-16,gcrew,noaa_gefs,14,AirTemp_C_mean,25,6.88092956542971
gep14,00,2026-02-19,2026-03-16,gcrew,noaa_gefs,14,Pressure_Pa,25,100852.091796875
gep14,00,2026-02-19,2026-03-16,gcrew,noaa_gefs,14,RH_percent_mean,25,93.64601707458496
gep14,00,2026-02-19,2026-03-16,gcrew,noaa_gefs,14,Rain_mm_sum,25,0.10000000149011612
gep14,00,2026-02-19,2026-03-16,gcrew,noaa_gefs,14,ShortwaveRadiation_Wm2,25,137
gep14,00,2026-02-19,2026-03-16,gcrew,noaa_gefs,14,WindSpeed_ms_mean,25,2.385226343506775
gep14,00,2026-02-19,2026-03-17,gcrew,noaa_gefs,14,AirTemp_C_mean,26,8.267533874511741
gep14,00,2026-02-19,2026-03-17,gcrew,noaa_gefs,14,Pressure_Pa,26,100826.765625
gep14,00,2026-02-19,2026-03-17,gcrew,noaa_gefs,14,RH_percent_mean,26,91.60923194885254
gep14,00,2026-02-19,2026-03-17,gcrew,noaa_gefs,14,Rain_mm_sum,26,0
gep14,00,2026-02-19,2026-03-17,gcrew,noaa_gefs,14,ShortwaveRadiation_Wm2,26,223.75
gep14,00,2026-02-19,2026-03-17,gcrew,noaa_gefs,14,WindSpeed_ms_mean,26,2.241015530837425
gep14,00,2026-02-19,2026-03-18,gcrew,noaa_gefs,14,AirTemp_C_mean,27,11.309526062011741
gep14,00,2026-02-19,2026-03-18,gcrew,noaa_gefs,14,Pressure_Pa,27,100366.421875
gep14,00,2026-02-19,2026-03-18,gcrew,noaa_gefs,14,RH_percent_mean,27,80.98326683044434
gep14,00,2026-02-19,2026-03-18,gcrew,noaa_gefs,14,Rain_mm_sum,27,3.8000001087784767
gep14,00,2026-02-19,2026-03-18,gcrew,noaa_gefs,14,ShortwaveRadiation_Wm2,27,206
gep14,00,2026-02-19,2026-03-18,gcrew,noaa_gefs,14,WindSpeed_ms_mean,27,4.913507346762998
gep14,00,2026-02-19,2026-03-19,gcrew,noaa_gefs,14,AirTemp_C_mean,28,9.271661376953148
gep14,00,2026-02-19,2026-03-19,gcrew,noaa_gefs,14,Pressure_Pa,28,100716.333984375
gep14,00,2026-02-19,2026-03-19,gcrew,noaa_gefs,14,RH_percent_mean,28,78.55448150634766
gep14,00,2026-02-19,2026-03-19,gcrew,noaa_gefs,14,Rain_mm_sum,28,0.20000000298023224
gep14,00,2026-02-19,2026-03-19,gcrew,noaa_gefs,14,ShortwaveRadiation_Wm2,28,176
gep14,00,2026-02-19,2026-03-19,gcrew,noaa_gefs,14,WindSpeed_ms_mean,28,3.502768919064772
gep14,00,2026-02-19,2026-03-20,gcrew,noaa_gefs,14,AirTemp_C_mean,29,7.4639755249023665
gep14,00,2026-02-19,2026-03-20,gcrew,noaa_gefs,14,Pressure_Pa,29,101721.220703125
gep14,00,2026-02-19,2026-03-20,gcrew,noaa_gefs,14,RH_percent_mean,29,84.32945442199707
gep14,00,2026-02-19,2026-03-20,gcrew,noaa_gefs,14,Rain_mm_sum,29,0
gep14,00,2026-02-19,2026-03-20,gcrew,noaa_gefs,14,ShortwaveRadiation_Wm2,29,225.25
gep14,00,2026-02-19,2026-03-20,gcrew,noaa_gefs,14,WindSpeed_ms_mean,29,2.4857486906504604
gep14,00,2026-02-19,2026-03-21,gcrew,noaa_gefs,14,AirTemp_C_mean,30,5.514649963378929
gep14,00,2026-02-19,2026-03-21,gcrew,noaa_gefs,14,Pressure_Pa,30,102508.27734375
gep14,00,2026-02-19,2026-03-21,gcrew,noaa_gefs,14,RH_percent_mean,30,93.17456245422363
gep14,00,2026-02-19,2026-03-21,gcrew,noaa_gefs,14,Rain_mm_sum,30,0
gep14,00,2026-02-19,2026-03-21,gcrew,noaa_gefs,14,ShortwaveRadiation_Wm2,30,231
gep14,00,2026-02-19,2026-03-21,gcrew,noaa_gefs,14,WindSpeed_ms_mean,30,3.478610201477239
gep14,00,2026-02-19,2026-03-22,gcrew,noaa_gefs,14,AirTemp_C_mean,31,8.427484130859398
gep14,00,2026-02-19,2026-03-22,gcrew,noaa_gefs,14,Pressure_Pa,31,101537.609375
gep14,00,2026-02-19,2026-03-22,gcrew,noaa_gefs,14,RH_percent_mean,31,90.99308013916016
gep14,00,2026-02-19,2026-03-22,gcrew,noaa_gefs,14,Rain_mm_sum,31,0
gep14,00,2026-02-19,2026-03-22,gcrew,noaa_gefs,14,ShortwaveRadiation_Wm2,31,169
gep14,00,2026-02-19,2026-03-22,gcrew,noaa_gefs,14,WindSpeed_ms_mean,31,7.184195750232049
gep14,00,2026-02-19,2026-03-23,gcrew,noaa_gefs,14,AirTemp_C_mean,32,8.768609619140648
gep14,00,2026-02-19,2026-03-23,gcrew,noaa_gefs,14,Pressure_Pa,32,100650.3046875
gep14,00,2026-02-19,2026-03-23,gcrew,noaa_gefs,14,RH_percent_mean,32,58.10695171356201
gep14,00,2026-02-19,2026-03-23,gcrew,noaa_gefs,14,Rain_mm_sum,32,1.3000000715255737
gep14,00,2026-02-19,2026-03-23,gcrew,noaa_gefs,14,ShortwaveRadiation_Wm2,32,266
gep14,00,2026-02-19,2026-03-23,gcrew,noaa_gefs,14,WindSpeed_ms_mean,32,7.9327389792356415
gep14,00,2026-02-19,2026-03-24,gcrew,noaa_gefs,14,AirTemp_C_mean,33,4.568719482421898
gep14,00,2026-02-19,2026-03-24,gcrew,noaa_gefs,14,Pressure_Pa,33,101528.60546875
gep14,00,2026-02-19,2026-03-24,gcrew,noaa_gefs,14,RH_percent_mean,33,52.18817710876465
gep14,00,2026-02-19,2026-03-24,gcrew,noaa_gefs,14,Rain_mm_sum,33,0
gep14,00,2026-02-19,2026-03-24,gcrew,noaa_gefs,14,ShortwaveRadiation_Wm2,33,271.25
gep14,00,2026-02-19,2026-03-24,gcrew,noaa_gefs,14,WindSpeed_ms_mean,33,5.0208112518813515
gep14,00,2026-02-19,2026-03-25,gcrew,noaa_gefs,14,AirTemp_C_mean,34,4.424745178222679
gep14,00,2026-02-19,2026-03-25,gcrew,noaa_gefs,14,Pressure_Pa,34,100896.943359375
gep14,00,2026-02-19,2026-03-25,gcrew,noaa_gefs,14,RH_percent_mean,34,73.10336017608643
gep14,00,2026-02-19,2026-03-25,gcrew,noaa_gefs,14,Rain_mm_sum,34,0.699999988079071
gep14,00,2026-02-19,2026-03-25,gcrew,noaa_gefs,14,ShortwaveRadiation_Wm2,34,168.25
gep14,00,2026-02-19,2026-03-25,gcrew,noaa_gefs,14,WindSpeed_ms_mean,34,3.448319475494018
gep15,00,2026-02-19,2026-02-20,gcrew,noaa_gefs,15,AirTemp_C_mean,1,8.60019454956057
gep15,00,2026-02-19,2026-02-20,gcrew,noaa_gefs,15,Pressure_Pa,1,100529.837890625
gep15,00,2026-02-19,2026-02-20,gcrew,noaa_gefs,15,RH_percent_mean,1,84.13147974014282
gep15,00,2026-02-19,2026-02-20,gcrew,noaa_gefs,15,Rain_mm_sum,1,7.229999907314777
gep15,00,2026-02-19,2026-02-20,gcrew,noaa_gefs,15,ShortwaveRadiation_Wm2,1,90
gep15,00,2026-02-19,2026-02-20,gcrew,noaa_gefs,15,WindSpeed_ms_mean,1,5.327480968436972
gep15,00,2026-02-19,2026-02-21,gcrew,noaa_gefs,15,AirTemp_C_mean,2,4.957093811035179
gep15,00,2026-02-19,2026-02-21,gcrew,noaa_gefs,15,Pressure_Pa,2,101362.1162109375
gep15,00,2026-02-19,2026-02-21,gcrew,noaa_gefs,15,RH_percent_mean,2,67.61050748825073
gep15,00,2026-02-19,2026-02-21,gcrew,noaa_gefs,15,Rain_mm_sum,2,0.009999999776482582
gep15,00,2026-02-19,2026-02-21,gcrew,noaa_gefs,15,ShortwaveRadiation_Wm2,2,157.375
gep15,00,2026-02-19,2026-02-21,gcrew,noaa_gefs,15,WindSpeed_ms_mean,2,2.796669875085554
gep15,00,2026-02-19,2026-02-22,gcrew,noaa_gefs,15,AirTemp_C_mean,3,1.7196746826172102
gep15,00,2026-02-19,2026-02-22,gcrew,noaa_gefs,15,Pressure_Pa,3,101743.5
gep15,00,2026-02-19,2026-02-22,gcrew,noaa_gefs,15,RH_percent_mean,3,72.97090816497803
gep15,00,2026-02-19,2026-02-22,gcrew,noaa_gefs,15,Rain_mm_sum,3,0.10000000149011612
gep15,00,2026-02-19,2026-02-22,gcrew,noaa_gefs,15,ShortwaveRadiation_Wm2,3,141.625
gep15,00,2026-02-19,2026-02-22,gcrew,noaa_gefs,15,WindSpeed_ms_mean,3,2.597666670204664
gep15,00,2026-02-19,2026-02-23,gcrew,noaa_gefs,15,AirTemp_C_mean,4,0.5413490295410384
gep15,00,2026-02-19,2026-02-23,gcrew,noaa_gefs,15,Pressure_Pa,4,101336.916015625
gep15,00,2026-02-19,2026-02-23,gcrew,noaa_gefs,15,RH_percent_mean,4,88.30583763122559
gep15,00,2026-02-19,2026-02-23,gcrew,noaa_gefs,15,Rain_mm_sum,4,6.400000065565109
gep15,00,2026-02-19,2026-02-23,gcrew,noaa_gefs,15,ShortwaveRadiation_Wm2,4,97.75
gep15,00,2026-02-19,2026-02-23,gcrew,noaa_gefs,15,WindSpeed_ms_mean,4,5.788296822041432
gep15,00,2026-02-19,2026-02-24,gcrew,noaa_gefs,15,AirTemp_C_mean,5,0.5290084838867415
gep15,00,2026-02-19,2026-02-24,gcrew,noaa_gefs,15,Pressure_Pa,5,101826.7109375
gep15,00,2026-02-19,2026-02-24,gcrew,noaa_gefs,15,RH_percent_mean,5,67.53751993179321
gep15,00,2026-02-19,2026-02-24,gcrew,noaa_gefs,15,Rain_mm_sum,5,0.10000000149011612
gep15,00,2026-02-19,2026-02-24,gcrew,noaa_gefs,15,ShortwaveRadiation_Wm2,5,205.75
gep15,00,2026-02-19,2026-02-24,gcrew,noaa_gefs,15,WindSpeed_ms_mean,5,4.922516373996911
gep15,00,2026-02-19,2026-02-25,gcrew,noaa_gefs,15,AirTemp_C_mean,6,4.261026000976585
gep15,00,2026-02-19,2026-02-25,gcrew,noaa_gefs,15,Pressure_Pa,6,101437.8994140625
gep15,00,2026-02-19,2026-02-25,gcrew,noaa_gefs,15,RH_percent_mean,6,64.63713264465332
gep15,00,2026-02-19,2026-02-25,gcrew,noaa_gefs,15,Rain_mm_sum,6,0.5000000149011612
gep15,00,2026-02-19,2026-02-25,gcrew,noaa_gefs,15,ShortwaveRadiation_Wm2,6,123.375
gep15,00,2026-02-19,2026-02-25,gcrew,noaa_gefs,15,WindSpeed_ms_mean,6,4.7829481823237945
gep15,00,2026-02-19,2026-02-26,gcrew,noaa_gefs,15,AirTemp_C_mean,7,7.054109191894554
gep15,00,2026-02-19,2026-02-26,gcrew,noaa_gefs,15,Pressure_Pa,7,101322.2197265625
gep15,00,2026-02-19,2026-02-26,gcrew,noaa_gefs,15,RH_percent_mean,7,73.60764694213867
gep15,00,2026-02-19,2026-02-26,gcrew,noaa_gefs,15,Rain_mm_sum,7,1.6900000274181366
gep15,00,2026-02-19,2026-02-26,gcrew,noaa_gefs,15,ShortwaveRadiation_Wm2,7,169.75
gep15,00,2026-02-19,2026-02-26,gcrew,noaa_gefs,15,WindSpeed_ms_mean,7,4.3598277703380175
gep15,00,2026-02-19,2026-02-27,gcrew,noaa_gefs,15,AirTemp_C_mean,8,2.5398727416992415
gep15,00,2026-02-19,2026-02-27,gcrew,noaa_gefs,15,Pressure_Pa,8,101330.2099609375
gep15,00,2026-02-19,2026-02-27,gcrew,noaa_gefs,15,RH_percent_mean,8,90.59297943115234
gep15,00,2026-02-19,2026-02-27,gcrew,noaa_gefs,15,Rain_mm_sum,8,41.3899998255074
gep15,00,2026-02-19,2026-02-27,gcrew,noaa_gefs,15,ShortwaveRadiation_Wm2,8,16.875
gep15,00,2026-02-19,2026-02-27,gcrew,noaa_gefs,15,WindSpeed_ms_mean,8,3.173158734850934
gep15,00,2026-02-19,2026-02-28,gcrew,noaa_gefs,15,AirTemp_C_mean,9,6.081576102120558
gep15,00,2026-02-19,2026-02-28,gcrew,noaa_gefs,15,Pressure_Pa,9,100991.2890625
gep15,00,2026-02-19,2026-02-28,gcrew,noaa_gefs,15,RH_percent_mean,9,89.50826699393136
gep15,00,2026-02-19,2026-02-28,gcrew,noaa_gefs,15,Rain_mm_sum,9,6.939999997615814
gep15,00,2026-02-19,2026-02-28,gcrew,noaa_gefs,15,ShortwaveRadiation_Wm2,9,198.71428571428572
gep15,00,2026-02-19,2026-02-28,gcrew,noaa_gefs,15,WindSpeed_ms_mean,9,2.371464473414071
gep15,00,2026-02-19,2026-03-01,gcrew,noaa_gefs,15,AirTemp_C_mean,10,3.9153381347656477
gep15,00,2026-02-19,2026-03-01,gcrew,noaa_gefs,15,Pressure_Pa,10,102000.736328125
gep15,00,2026-02-19,2026-03-01,gcrew,noaa_gefs,15,RH_percent_mean,10,64.10819625854492
gep15,00,2026-02-19,2026-03-01,gcrew,noaa_gefs,15,Rain_mm_sum,10,0
gep15,00,2026-02-19,2026-03-01,gcrew,noaa_gefs,15,ShortwaveRadiation_Wm2,10,214
gep15,00,2026-02-19,2026-03-01,gcrew,noaa_gefs,15,WindSpeed_ms_mean,10,3.7106248775369783
gep15,00,2026-02-19,2026-03-02,gcrew,noaa_gefs,15,AirTemp_C_mean,11,2.6448913574218977
gep15,00,2026-02-19,2026-03-02,gcrew,noaa_gefs,15,Pressure_Pa,11,101992.7734375
gep15,00,2026-02-19,2026-03-02,gcrew,noaa_gefs,15,RH_percent_mean,11,80.4185619354248
gep15,00,2026-02-19,2026-03-02,gcrew,noaa_gefs,15,Rain_mm_sum,11,1.7000000327825546
gep15,00,2026-02-19,2026-03-02,gcrew,noaa_gefs,15,ShortwaveRadiation_Wm2,11,22.5
gep15,00,2026-02-19,2026-03-02,gcrew,noaa_gefs,15,WindSpeed_ms_mean,11,3.8287651590698437
gep15,00,2026-02-19,2026-03-03,gcrew,noaa_gefs,15,AirTemp_C_mean,12,13.411950683593773
gep15,00,2026-02-19,2026-03-03,gcrew,noaa_gefs,15,Pressure_Pa,12,101091.162109375
gep15,00,2026-02-19,2026-03-03,gcrew,noaa_gefs,15,RH_percent_mean,12,90.47667694091797
gep15,00,2026-02-19,2026-03-03,gcrew,noaa_gefs,15,Rain_mm_sum,12,3.1000000834465027
gep15,00,2026-02-19,2026-03-03,gcrew,noaa_gefs,15,ShortwaveRadiation_Wm2,12,146
gep15,00,2026-02-19,2026-03-03,gcrew,noaa_gefs,15,WindSpeed_ms_mean,12,5.012968706083463
gep15,00,2026-02-19,2026-03-04,gcrew,noaa_gefs,15,AirTemp_C_mean,13,8.065553283691429
gep15,00,2026-02-19,2026-03-04,gcrew,noaa_gefs,15,Pressure_Pa,13,102178.892578125
gep15,00,2026-02-19,2026-03-04,gcrew,noaa_gefs,15,RH_percent_mean,13,90.09021759033203
gep15,00,2026-02-19,2026-03-04,gcrew,noaa_gefs,15,Rain_mm_sum,13,6.300000101327896
gep15,00,2026-02-19,2026-03-04,gcrew,noaa_gefs,15,ShortwaveRadiation_Wm2,13,25
gep15,00,2026-02-19,2026-03-04,gcrew,noaa_gefs,15,WindSpeed_ms_mean,13,3.9570483623648522
gep15,00,2026-02-19,2026-03-05,gcrew,noaa_gefs,15,AirTemp_C_mean,14,12.227571105957054
gep15,00,2026-02-19,2026-03-05,gcrew,noaa_gefs,15,Pressure_Pa,14,101463.474609375
gep15,00,2026-02-19,2026-03-05,gcrew,noaa_gefs,15,RH_percent_mean,14,91.76033973693848
gep15,00,2026-02-19,2026-03-05,gcrew,noaa_gefs,15,Rain_mm_sum,14,2.4999999925494194
gep15,00,2026-02-19,2026-03-05,gcrew,noaa_gefs,15,ShortwaveRadiation_Wm2,14,89.75
gep15,00,2026-02-19,2026-03-05,gcrew,noaa_gefs,15,WindSpeed_ms_mean,14,6.039026367710616
gep15,00,2026-02-19,2026-03-06,gcrew,noaa_gefs,15,AirTemp_C_mean,15,0.883576965332054
gep15,00,2026-02-19,2026-03-06,gcrew,noaa_gefs,15,Pressure_Pa,15,101621.16796875
gep15,00,2026-02-19,2026-03-06,gcrew,noaa_gefs,15,RH_percent_mean,15,92.8342227935791
gep15,00,2026-02-19,2026-03-06,gcrew,noaa_gefs,15,Rain_mm_sum,15,37.30000019073486
gep15,00,2026-02-19,2026-03-06,gcrew,noaa_gefs,15,ShortwaveRadiation_Wm2,15,17.5
gep15,00,2026-02-19,2026-03-06,gcrew,noaa_gefs,15,WindSpeed_ms_mean,15,6.799946731139411
gep15,00,2026-02-19,2026-03-07,gcrew,noaa_gefs,15,AirTemp_C_mean,16,-1.2620071411132585
gep15,00,2026-02-19,2026-03-07,gcrew,noaa_gefs,15,Pressure_Pa,16,102783.318359375
gep15,00,2026-02-19,2026-03-07,gcrew,noaa_gefs,15,RH_percent_mean,16,79.86228942871094
gep15,00,2026-02-19,2026-03-07,gcrew,noaa_gefs,15,Rain_mm_sum,16,0
gep15,00,2026-02-19,2026-03-07,gcrew,noaa_gefs,15,ShortwaveRadiation_Wm2,16,231.5
gep15,00,2026-02-19,2026-03-07,gcrew,noaa_gefs,15,WindSpeed_ms_mean,16,3.336420955691156
gep15,00,2026-02-19,2026-03-08,gcrew,noaa_gefs,15,AirTemp_C_mean,17,2.6822448730468977
gep15,00,2026-02-19,2026-03-08,gcrew,noaa_gefs,15,Pressure_Pa,17,102794.392578125
gep15,00,2026-02-19,2026-03-08,gcrew,noaa_gefs,15,RH_percent_mean,17,80.685150146484375
gep15,00,2026-02-19,2026-03-08,gcrew,noaa_gefs,15,Rain_mm_sum,17,0
gep15,00,2026-02-19,2026-03-08,gcrew,noaa_gefs,15,ShortwaveRadiation_Wm2,17,218.75
gep15,00,2026-02-19,2026-03-08,gcrew,noaa_gefs,15,WindSpeed_ms_mean,17,2.011765155426912
gep15,00,2026-02-19,2026-03-09,gcrew,noaa_gefs,15,AirTemp_C_mean,18,2.2363754272461165
gep15,00,2026-02-19,2026-03-09,gcrew,noaa_gefs,15,Pressure_Pa,18,102708.865234375
gep15,00,2026-02-19,2026-03-09,gcrew,noaa_gefs,15,RH_percent_mean,18,88.49076080322266
gep15,00,2026-02-19,2026-03-09,gcrew,noaa_gefs,15,Rain_mm_sum,18,0
gep15,00,2026-02-19,2026-03-09,gcrew,noaa_gefs,15,ShortwaveRadiation_Wm2,18,190.5
gep15,00,2026-02-19,2026-03-09,gcrew,noaa_gefs,15,WindSpeed_ms_mean,18,2.926777667971675
gep15,00,2026-02-19,2026-03-10,gcrew,noaa_gefs,15,AirTemp_C_mean,19,3.077027893066429
gep15,00,2026-02-19,2026-03-10,gcrew,noaa_gefs,15,Pressure_Pa,19,101449.376953125
gep15,00,2026-02-19,2026-03-10,gcrew,noaa_gefs,15,RH_percent_mean,19,97.0867977142334
gep15,00,2026-02-19,2026-03-10,gcrew,noaa_gefs,15,Rain_mm_sum,19,20.30000078678131
gep15,00,2026-02-19,2026-03-10,gcrew,noaa_gefs,15,ShortwaveRadiation_Wm2,19,12.25
gep15,00,2026-02-19,2026-03-10,gcrew,noaa_gefs,15,WindSpeed_ms_mean,19,2.16738045229572
gep15,00,2026-02-19,2026-03-11,gcrew,noaa_gefs,15,AirTemp_C_mean,20,2.4423767089843977
gep15,00,2026-02-19,2026-03-11,gcrew,noaa_gefs,15,Pressure_Pa,20,101607.31640625
gep15,00,2026-02-19,2026-03-11,gcrew,noaa_gefs,15,RH_percent_mean,20,73.54477119445801
gep15,00,2026-02-19,2026-03-11,gcrew,noaa_gefs,15,Rain_mm_sum,20,0
gep15,00,2026-02-19,2026-03-11,gcrew,noaa_gefs,15,ShortwaveRadiation_Wm2,20,216.25
gep15,00,2026-02-19,2026-03-11,gcrew,noaa_gefs,15,WindSpeed_ms_mean,20,3.965489202739927
gep15,00,2026-02-19,2026-03-12,gcrew,noaa_gefs,15,AirTemp_C_mean,21,5.346345520019554
gep15,00,2026-02-19,2026-03-12,gcrew,noaa_gefs,15,Pressure_Pa,21,101774.470703125
gep15,00,2026-02-19,2026-03-12,gcrew,noaa_gefs,15,RH_percent_mean,21,70.26903629302979
gep15,00,2026-02-19,2026-03-12,gcrew,noaa_gefs,15,Rain_mm_sum,21,0
gep15,00,2026-02-19,2026-03-12,gcrew,noaa_gefs,15,ShortwaveRadiation_Wm2,21,234.5
gep15,00,2026-02-19,2026-03-12,gcrew,noaa_gefs,15,WindSpeed_ms_mean,21,4.989251373860443
gep15,00,2026-02-19,2026-03-13,gcrew,noaa_gefs,15,AirTemp_C_mean,22,0.404817199707054
gep15,00,2026-02-19,2026-03-13,gcrew,noaa_gefs,15,Pressure_Pa,22,103084.677734375
gep15,00,2026-02-19,2026-03-13,gcrew,noaa_gefs,15,RH_percent_mean,22,59.94519805908203
gep15,00,2026-02-19,2026-03-13,gcrew,noaa_gefs,15,Rain_mm_sum,22,0
gep15,00,2026-02-19,2026-03-13,gcrew,noaa_gefs,15,ShortwaveRadiation_Wm2,22,246.75
gep15,00,2026-02-19,2026-03-13,gcrew,noaa_gefs,15,WindSpeed_ms_mean,22,3.9252923447424357
gep15,00,2026-02-19,2026-03-14,gcrew,noaa_gefs,15,AirTemp_C_mean,23,2.2103439331054915
gep15,00,2026-02-19,2026-03-14,gcrew,noaa_gefs,15,Pressure_Pa,23,103257.919921875
gep15,00,2026-02-19,2026-03-14,gcrew,noaa_gefs,15,RH_percent_mean,23,65.69925880432129
gep15,00,2026-02-19,2026-03-14,gcrew,noaa_gefs,15,Rain_mm_sum,23,0
gep15,00,2026-02-19,2026-03-14,gcrew,noaa_gefs,15,ShortwaveRadiation_Wm2,23,192.25
gep15,00,2026-02-19,2026-03-14,gcrew,noaa_gefs,15,WindSpeed_ms_mean,23,3.0252771415459634
gep15,00,2026-02-19,2026-03-15,gcrew,noaa_gefs,15,AirTemp_C_mean,24,4.8394332885742415
gep15,00,2026-02-19,2026-03-15,gcrew,noaa_gefs,15,Pressure_Pa,24,102069.697265625
gep15,00,2026-02-19,2026-03-15,gcrew,noaa_gefs,15,RH_percent_mean,24,91.6884937286377
gep15,00,2026-02-19,2026-03-15,gcrew,noaa_gefs,15,Rain_mm_sum,24,6.8000001311302185
gep15,00,2026-02-19,2026-03-15,gcrew,noaa_gefs,15,ShortwaveRadiation_Wm2,24,9.75
gep15,00,2026-02-19,2026-03-15,gcrew,noaa_gefs,15,WindSpeed_ms_mean,24,4.914185923582207
gep15,00,2026-02-19,2026-03-16,gcrew,noaa_gefs,15,AirTemp_C_mean,25,6.88092956542971
gep15,00,2026-02-19,2026-03-16,gcrew,noaa_gefs,15,Pressure_Pa,25,100852.091796875
gep15,00,2026-02-19,2026-03-16,gcrew,noaa_gefs,15,RH_percent_mean,25,93.64601707458496
gep15,00,2026-02-19,2026-03-16,gcrew,noaa_gefs,15,Rain_mm_sum,25,0.10000000149011612
gep15,00,2026-02-19,2026-03-16,gcrew,noaa_gefs,15,ShortwaveRadiation_Wm2,25,137
gep15,00,2026-02-19,2026-03-16,gcrew,noaa_gefs,15,WindSpeed_ms_mean,25,2.385226343506775
gep15,00,2026-02-19,2026-03-17,gcrew,noaa_gefs,15,AirTemp_C_mean,26,8.267533874511741
gep15,00,2026-02-19,2026-03-17,gcrew,noaa_gefs,15,Pressure_Pa,26,100826.765625
gep15,00,2026-02-19,2026-03-17,gcrew,noaa_gefs,15,RH_percent_mean,26,91.60923194885254
gep15,00,2026-02-19,2026-03-17,gcrew,noaa_gefs,15,Rain_mm_sum,26,0
gep15,00,2026-02-19,2026-03-17,gcrew,noaa_gefs,15,ShortwaveRadiation_Wm2,26,223.75
gep15,00,2026-02-19,2026-03-17,gcrew,noaa_gefs,15,WindSpeed_ms_mean,26,2.241015530837425
gep15,00,2026-02-19,2026-03-18,gcrew,noaa_gefs,15,AirTemp_C_mean,27,11.309526062011741
gep15,00,2026-02-19,2026-03-18,gcrew,noaa_gefs,15,Pressure_Pa,27,100366.421875
gep15,00,2026-02-19,2026-03-18,gcrew,noaa_gefs,15,RH_percent_mean,27,80.98326683044434
gep15,00,2026-02-19,2026-03-18,gcrew,noaa_gefs,15,Rain_mm_sum,27,3.8000001087784767
gep15,00,2026-02-19,2026-03-18,gcrew,noaa_gefs,15,ShortwaveRadiation_Wm2,27,206
gep15,00,2026-02-19,2026-03-18,gcrew,noaa_gefs,15,WindSpeed_ms_mean,27,4.913507346762998
gep15,00,2026-02-19,2026-03-19,gcrew,noaa_gefs,15,AirTemp_C_mean,28,9.271661376953148
gep15,00,2026-02-19,2026-03-19,gcrew,noaa_gefs,15,Pressure_Pa,28,100716.333984375
gep15,00,2026-02-19,2026-03-19,gcrew,noaa_gefs,15,RH_percent_mean,28,78.55448150634766
gep15,00,2026-02-19,2026-03-19,gcrew,noaa_gefs,15,Rain_mm_sum,28,0.20000000298023224
gep15,00,2026-02-19,2026-03-19,gcrew,noaa_gefs,15,ShortwaveRadiation_Wm2,28,176
gep15,00,2026-02-19,2026-03-19,gcrew,noaa_gefs,15,WindSpeed_ms_mean,28,3.502768919064772
gep15,00,2026-02-19,2026-03-20,gcrew,noaa_gefs,15,AirTemp_C_mean,29,7.4639755249023665
gep15,00,2026-02-19,2026-03-20,gcrew,noaa_gefs,15,Pressure_Pa,29,101721.220703125
gep15,00,2026-02-19,2026-03-20,gcrew,noaa_gefs,15,RH_percent_mean,29,84.32945442199707
gep15,00,2026-02-19,2026-03-20,gcrew,noaa_gefs,15,Rain_mm_sum,29,0
gep15,00,2026-02-19,2026-03-20,gcrew,noaa_gefs,15,ShortwaveRadiation_Wm2,29,225.25
gep15,00,2026-02-19,2026-03-20,gcrew,noaa_gefs,15,WindSpeed_ms_mean,29,2.4857486906504604
gep15,00,2026-02-19,2026-03-21,gcrew,noaa_gefs,15,AirTemp_C_mean,30,5.514649963378929
gep15,00,2026-02-19,2026-03-21,gcrew,noaa_gefs,15,Pressure_Pa,30,102508.27734375
gep15,00,2026-02-19,2026-03-21,gcrew,noaa_gefs,15,RH_percent_mean,30,93.17456245422363
gep15,00,2026-02-19,2026-03-21,gcrew,noaa_gefs,15,Rain_mm_sum,30,0
gep15,00,2026-02-19,2026-03-21,gcrew,noaa_gefs,15,ShortwaveRadiation_Wm2,30,231
gep15,00,2026-02-19,2026-03-21,gcrew,noaa_gefs,15,WindSpeed_ms_mean,30,3.478610201477239
gep15,00,2026-02-19,2026-03-22,gcrew,noaa_gefs,15,AirTemp_C_mean,31,8.427484130859398
gep15,00,2026-02-19,2026-03-22,gcrew,noaa_gefs,15,Pressure_Pa,31,101537.609375
gep15,00,2026-02-19,2026-03-22,gcrew,noaa_gefs,15,RH_percent_mean,31,90.99308013916016
gep15,00,2026-02-19,2026-03-22,gcrew,noaa_gefs,15,Rain_mm_sum,31,0
gep15,00,2026-02-19,2026-03-22,gcrew,noaa_gefs,15,ShortwaveRadiation_Wm2,31,169
gep15,00,2026-02-19,2026-03-22,gcrew,noaa_gefs,15,WindSpeed_ms_mean,31,7.184195750232049
gep15,00,2026-02-19,2026-03-23,gcrew,noaa_gefs,15,AirTemp_C_mean,32,8.768609619140648
gep15,00,2026-02-19,2026-03-23,gcrew,noaa_gefs,15,Pressure_Pa,32,100650.3046875
gep15,00,2026-02-19,2026-03-23,gcrew,noaa_gefs,15,RH_percent_mean,32,58.10695171356201
gep15,00,2026-02-19,2026-03-23,gcrew,noaa_gefs,15,Rain_mm_sum,32,1.3000000715255737
gep15,00,2026-02-19,2026-03-23,gcrew,noaa_gefs,15,ShortwaveRadiation_Wm2,32,266
gep15,00,2026-02-19,2026-03-23,gcrew,noaa_gefs,15,WindSpeed_ms_mean,32,7.9327389792356415
gep15,00,2026-02-19,2026-03-24,gcrew,noaa_gefs,15,AirTemp_C_mean,33,4.568719482421898
gep15,00,2026-02-19,2026-03-24,gcrew,noaa_gefs,15,Pressure_Pa,33,101528.60546875
gep15,00,2026-02-19,2026-03-24,gcrew,noaa_gefs,15,RH_percent_mean,33,52.18817710876465
gep15,00,2026-02-19,2026-03-24,gcrew,noaa_gefs,15,Rain_mm_sum,33,0
gep15,00,2026-02-19,2026-03-24,gcrew,noaa_gefs,15,ShortwaveRadiation_Wm2,33,271.25
gep15,00,2026-02-19,2026-03-24,gcrew,noaa_gefs,15,WindSpeed_ms_mean,33,5.0208112518813515
gep15,00,2026-02-19,2026-03-25,gcrew,noaa_gefs,15,AirTemp_C_mean,34,4.424745178222679
gep15,00,2026-02-19,2026-03-25,gcrew,noaa_gefs,15,Pressure_Pa,34,100896.943359375
gep15,00,2026-02-19,2026-03-25,gcrew,noaa_gefs,15,RH_percent_mean,34,73.10336017608643
gep15,00,2026-02-19,2026-03-25,gcrew,noaa_gefs,15,Rain_mm_sum,34,0.699999988079071
gep15,00,2026-02-19,2026-03-25,gcrew,noaa_gefs,15,ShortwaveRadiation_Wm2,34,168.25
gep15,00,2026-02-19,2026-03-25,gcrew,noaa_gefs,15,WindSpeed_ms_mean,34,3.448319475494018
gep16,00,2026-02-19,2026-02-20,gcrew,noaa_gefs,16,AirTemp_C_mean,1,8.60019454956057
gep16,00,2026-02-19,2026-02-20,gcrew,noaa_gefs,16,Pressure_Pa,1,100529.837890625
gep16,00,2026-02-19,2026-02-20,gcrew,noaa_gefs,16,RH_percent_mean,1,84.13147974014282
gep16,00,2026-02-19,2026-02-20,gcrew,noaa_gefs,16,Rain_mm_sum,1,7.229999907314777
gep16,00,2026-02-19,2026-02-20,gcrew,noaa_gefs,16,ShortwaveRadiation_Wm2,1,90
gep16,00,2026-02-19,2026-02-20,gcrew,noaa_gefs,16,WindSpeed_ms_mean,1,5.327480968436972
gep16,00,2026-02-19,2026-02-21,gcrew,noaa_gefs,16,AirTemp_C_mean,2,4.957093811035179
gep16,00,2026-02-19,2026-02-21,gcrew,noaa_gefs,16,Pressure_Pa,2,101362.1162109375
gep16,00,2026-02-19,2026-02-21,gcrew,noaa_gefs,16,RH_percent_mean,2,67.61050748825073
gep16,00,2026-02-19,2026-02-21,gcrew,noaa_gefs,16,Rain_mm_sum,2,0.009999999776482582
gep16,00,2026-02-19,2026-02-21,gcrew,noaa_gefs,16,ShortwaveRadiation_Wm2,2,157.375
gep16,00,2026-02-19,2026-02-21,gcrew,noaa_gefs,16,WindSpeed_ms_mean,2,2.796669875085554
gep16,00,2026-02-19,2026-02-22,gcrew,noaa_gefs,16,AirTemp_C_mean,3,1.7196746826172102
gep16,00,2026-02-19,2026-02-22,gcrew,noaa_gefs,16,Pressure_Pa,3,101743.5
gep16,00,2026-02-19,2026-02-22,gcrew,noaa_gefs,16,RH_percent_mean,3,72.97090816497803
gep16,00,2026-02-19,2026-02-22,gcrew,noaa_gefs,16,Rain_mm_sum,3,0.10000000149011612
gep16,00,2026-02-19,2026-02-22,gcrew,noaa_gefs,16,ShortwaveRadiation_Wm2,3,141.625
gep16,00,2026-02-19,2026-02-22,gcrew,noaa_gefs,16,WindSpeed_ms_mean,3,2.597666670204664
gep16,00,2026-02-19,2026-02-23,gcrew,noaa_gefs,16,AirTemp_C_mean,4,0.5413490295410384
gep16,00,2026-02-19,2026-02-23,gcrew,noaa_gefs,16,Pressure_Pa,4,101336.916015625
gep16,00,2026-02-19,2026-02-23,gcrew,noaa_gefs,16,RH_percent_mean,4,88.30583763122559
gep16,00,2026-02-19,2026-02-23,gcrew,noaa_gefs,16,Rain_mm_sum,4,6.400000065565109
gep16,00,2026-02-19,2026-02-23,gcrew,noaa_gefs,16,ShortwaveRadiation_Wm2,4,97.75
gep16,00,2026-02-19,2026-02-23,gcrew,noaa_gefs,16,WindSpeed_ms_mean,4,5.788296822041432
gep16,00,2026-02-19,2026-02-24,gcrew,noaa_gefs,16,AirTemp_C_mean,5,0.5290084838867415
gep16,00,2026-02-19,2026-02-24,gcrew,noaa_gefs,16,Pressure_Pa,5,101826.7109375
gep16,00,2026-02-19,2026-02-24,gcrew,noaa_gefs,16,RH_percent_mean,5,67.53751993179321
gep16,00,2026-02-19,2026-02-24,gcrew,noaa_gefs,16,Rain_mm_sum,5,0.10000000149011612
gep16,00,2026-02-19,2026-02-24,gcrew,noaa_gefs,16,ShortwaveRadiation_Wm2,5,205.75
gep16,00,2026-02-19,2026-02-24,gcrew,noaa_gefs,16,WindSpeed_ms_mean,5,4.922516373996911
gep16,00,2026-02-19,2026-02-25,gcrew,noaa_gefs,16,AirTemp_C_mean,6,4.261026000976585
gep16,00,2026-02-19,2026-02-25,gcrew,noaa_gefs,16,Pressure_Pa,6,101437.8994140625
gep16,00,2026-02-19,2026-02-25,gcrew,noaa_gefs,16,RH_percent_mean,6,64.63713264465332
gep16,00,2026-02-19,2026-02-25,gcrew,noaa_gefs,16,Rain_mm_sum,6,0.5000000149011612
gep16,00,2026-02-19,2026-02-25,gcrew,noaa_gefs,16,ShortwaveRadiation_Wm2,6,123.375
gep16,00,2026-02-19,2026-02-25,gcrew,noaa_gefs,16,WindSpeed_ms_mean,6,4.7829481823237945
gep16,00,2026-02-19,2026-02-26,gcrew,noaa_gefs,16,AirTemp_C_mean,7,7.054109191894554
gep16,00,2026-02-19,2026-02-26,gcrew,noaa_gefs,16,Pressure_Pa,7,101322.2197265625
gep16,00,2026-02-19,2026-02-26,gcrew,noaa_gefs,16,RH_percent_mean,7,73.60764694213867
gep16,00,2026-02-19,2026-02-26,gcrew,noaa_gefs,16,Rain_mm_sum,7,1.6900000274181366
gep16,00,2026-02-19,2026-02-26,gcrew,noaa_gefs,16,ShortwaveRadiation_Wm2,7,169.75
gep16,00,2026-02-19,2026-02-26,gcrew,noaa_gefs,16,WindSpeed_ms_mean,7,4.3598277703380175
gep16,00,2026-02-19,2026-02-27,gcrew,noaa_gefs,16,AirTemp_C_mean,8,2.5398727416992415
gep16,00,2026-02-19,2026-02-27,gcrew,noaa_gefs,16,Pressure_Pa,8,101330.2099609375
gep16,00,2026-02-19,2026-02-27,gcrew,noaa_gefs,16,RH_percent_mean,8,90.59297943115234
gep16,00,2026-02-19,2026-02-27,gcrew,noaa_gefs,16,Rain_mm_sum,8,41.3899998255074
gep16,00,2026-02-19,2026-02-27,gcrew,noaa_gefs,16,ShortwaveRadiation_Wm2,8,16.875
gep16,00,2026-02-19,2026-02-27,gcrew,noaa_gefs,16,WindSpeed_ms_mean,8,3.173158734850934
gep16,00,2026-02-19,2026-02-28,gcrew,noaa_gefs,16,AirTemp_C_mean,9,6.081576102120558
gep16,00,2026-02-19,2026-02-28,gcrew,noaa_gefs,16,Pressure_Pa,9,100991.2890625
gep16,00,2026-02-19,2026-02-28,gcrew,noaa_gefs,16,RH_percent_mean,9,89.50826699393136
gep16,00,2026-02-19,2026-02-28,gcrew,noaa_gefs,16,Rain_mm_sum,9,6.939999997615814
gep16,00,2026-02-19,2026-02-28,gcrew,noaa_gefs,16,ShortwaveRadiation_Wm2,9,198.71428571428572
gep16,00,2026-02-19,2026-02-28,gcrew,noaa_gefs,16,WindSpeed_ms_mean,9,2.371464473414071
gep16,00,2026-02-19,2026-03-01,gcrew,noaa_gefs,16,AirTemp_C_mean,10,3.9153381347656477
gep16,00,2026-02-19,2026-03-01,gcrew,noaa_gefs,16,Pressure_Pa,10,102000.736328125
gep16,00,2026-02-19,2026-03-01,gcrew,noaa_gefs,16,RH_percent_mean,10,64.10819625854492
gep16,00,2026-02-19,2026-03-01,gcrew,noaa_gefs,16,Rain_mm_sum,10,0
gep16,00,2026-02-19,2026-03-01,gcrew,noaa_gefs,16,ShortwaveRadiation_Wm2,10,214
gep16,00,2026-02-19,2026-03-01,gcrew,noaa_gefs,16,WindSpeed_ms_mean,10,3.7106248775369783
gep16,00,2026-02-19,2026-03-02,gcrew,noaa_gefs,16,AirTemp_C_mean,11,2.6448913574218977
gep16,00,2026-02-19,2026-03-02,gcrew,noaa_gefs,16,Pressure_Pa,11,101992.7734375
gep16,00,2026-02-19,2026-03-02,gcrew,noaa_gefs,16,RH_percent_mean,11,80.4185619354248
gep16,00,2026-02-19,2026-03-02,gcrew,noaa_gefs,16,Rain_mm_sum,11,1.7000000327825546
gep16,00,2026-02-19,2026-03-02,gcrew,noaa_gefs,16,ShortwaveRadiation_Wm2,11,22.5
gep16,00,2026-02-19,2026-03-02,gcrew,noaa_gefs,16,WindSpeed_ms_mean,11,3.8287651590698437
gep16,00,2026-02-19,2026-03-03,gcrew,noaa_gefs,16,AirTemp_C_mean,12,13.411950683593773
gep16,00,2026-02-19,2026-03-03,gcrew,noaa_gefs,16,Pressure_Pa,12,101091.162109375
gep16,00,2026-02-19,2026-03-03,gcrew,noaa_gefs,16,RH_percent_mean,12,90.47667694091797
gep16,00,2026-02-19,2026-03-03,gcrew,noaa_gefs,16,Rain_mm_sum,12,3.1000000834465027
gep16,00,2026-02-19,2026-03-03,gcrew,noaa_gefs,16,ShortwaveRadiation_Wm2,12,146
gep16,00,2026-02-19,2026-03-03,gcrew,noaa_gefs,16,WindSpeed_ms_mean,12,5.012968706083463
gep16,00,2026-02-19,2026-03-04,gcrew,noaa_gefs,16,AirTemp_C_mean,13,8.065553283691429
gep16,00,2026-02-19,2026-03-04,gcrew,noaa_gefs,16,Pressure_Pa,13,102178.892578125
gep16,00,2026-02-19,2026-03-04,gcrew,noaa_gefs,16,RH_percent_mean,13,90.09021759033203
gep16,00,2026-02-19,2026-03-04,gcrew,noaa_gefs,16,Rain_mm_sum,13,6.300000101327896
gep16,00,2026-02-19,2026-03-04,gcrew,noaa_gefs,16,ShortwaveRadiation_Wm2,13,25
gep16,00,2026-02-19,2026-03-04,gcrew,noaa_gefs,16,WindSpeed_ms_mean,13,3.9570483623648522
gep16,00,2026-02-19,2026-03-05,gcrew,noaa_gefs,16,AirTemp_C_mean,14,12.227571105957054
gep16,00,2026-02-19,2026-03-05,gcrew,noaa_gefs,16,Pressure_Pa,14,101463.474609375
gep16,00,2026-02-19,2026-03-05,gcrew,noaa_gefs,16,RH_percent_mean,14,91.76033973693848
gep16,00,2026-02-19,2026-03-05,gcrew,noaa_gefs,16,Rain_mm_sum,14,2.4999999925494194
gep16,00,2026-02-19,2026-03-05,gcrew,noaa_gefs,16,ShortwaveRadiation_Wm2,14,89.75
gep16,00,2026-02-19,2026-03-05,gcrew,noaa_gefs,16,WindSpeed_ms_mean,14,6.039026367710616
gep16,00,2026-02-19,2026-03-06,gcrew,noaa_gefs,16,AirTemp_C_mean,15,0.883576965332054
gep16,00,2026-02-19,2026-03-06,gcrew,noaa_gefs,16,Pressure_Pa,15,101621.16796875
gep16,00,2026-02-19,2026-03-06,gcrew,noaa_gefs,16,RH_percent_mean,15,92.8342227935791
gep16,00,2026-02-19,2026-03-06,gcrew,noaa_gefs,16,Rain_mm_sum,15,37.30000019073486
gep16,00,2026-02-19,2026-03-06,gcrew,noaa_gefs,16,ShortwaveRadiation_Wm2,15,17.5
gep16,00,2026-02-19,2026-03-06,gcrew,noaa_gefs,16,WindSpeed_ms_mean,15,6.799946731139411
gep16,00,2026-02-19,2026-03-07,gcrew,noaa_gefs,16,AirTemp_C_mean,16,-1.2620071411132585
gep16,00,2026-02-19,2026-03-07,gcrew,noaa_gefs,16,Pressure_Pa,16,102783.318359375
gep16,00,2026-02-19,2026-03-07,gcrew,noaa_gefs,16,RH_percent_mean,16,79.86228942871094
gep16,00,2026-02-19,2026-03-07,gcrew,noaa_gefs,16,Rain_mm_sum,16,0
gep16,00,2026-02-19,2026-03-07,gcrew,noaa_gefs,16,ShortwaveRadiation_Wm2,16,231.5
gep16,00,2026-02-19,2026-03-07,gcrew,noaa_gefs,16,WindSpeed_ms_mean,16,3.336420955691156
gep16,00,2026-02-19,2026-03-08,gcrew,noaa_gefs,16,AirTemp_C_mean,17,2.6822448730468977
gep16,00,2026-02-19,2026-03-08,gcrew,noaa_gefs,16,Pressure_Pa,17,102794.392578125
gep16,00,2026-02-19,2026-03-08,gcrew,noaa_gefs,16,RH_percent_mean,17,80.685150146484375
gep16,00,2026-02-19,2026-03-08,gcrew,noaa_gefs,16,Rain_mm_sum,17,0
gep16,00,2026-02-19,2026-03-08,gcrew,noaa_gefs,16,ShortwaveRadiation_Wm2,17,218.75
gep16,00,2026-02-19,2026-03-08,gcrew,noaa_gefs,16,WindSpeed_ms_mean,17,2.011765155426912
gep16,00,2026-02-19,2026-03-09,gcrew,noaa_gefs,16,AirTemp_C_mean,18,2.2363754272461165
gep16,00,2026-02-19,2026-03-09,gcrew,noaa_gefs,16,Pressure_Pa,18,102708.865234375
gep16,00,2026-02-19,2026-03-09,gcrew,noaa_gefs,16,RH_percent_mean,18,88.49076080322266
gep16,00,2026-02-19,2026-03-09,gcrew,noaa_gefs,16,Rain_mm_sum,18,0
gep16,00,2026-02-19,2026-03-09,gcrew,noaa_gefs,16,ShortwaveRadiation_Wm2,18,190.5
gep16,00,2026-02-19,2026-03-09,gcrew,noaa_gefs,16,WindSpeed_ms_mean,18,2.926777667971675
gep16,00,2026-02-19,2026-03-10,gcrew,noaa_gefs,16,AirTemp_C_mean,19,3.077027893066429
gep16,00,2026-02-19,2026-03-10,gcrew,noaa_gefs,16,Pressure_Pa,19,101449.376953125
gep16,00,2026-02-19,2026-03-10,gcrew,noaa_gefs,16,RH_percent_mean,19,97.0867977142334
gep16,00,2026-02-19,2026-03-10,gcrew,noaa_gefs,16,Rain_mm_sum,19,20.30000078678131
gep16,00,2026-02-19,2026-03-10,gcrew,noaa_gefs,16,ShortwaveRadiation_Wm2,19,12.25
gep16,00,2026-02-19,2026-03-10,gcrew,noaa_gefs,16,WindSpeed_ms_mean,19,2.16738045229572
gep16,00,2026-02-19,2026-03-11,gcrew,noaa_gefs,16,AirTemp_C_mean,20,2.4423767089843977
gep16,00,2026-02-19,2026-03-11,gcrew,noaa_gefs,16,Pressure_Pa,20,101607.31640625
gep16,00,2026-02-19,2026-03-11,gcrew,noaa_gefs,16,RH_percent_mean,20,73.54477119445801
gep16,00,2026-02-19,2026-03-11,gcrew,noaa_gefs,16,Rain_mm_sum,20,0
gep16,00,2026-02-19,2026-03-11,gcrew,noaa_gefs,16,ShortwaveRadiation_Wm2,20,216.25
gep16,00,2026-02-19,2026-03-11,gcrew,noaa_gefs,16,WindSpeed_ms_mean,20,3.965489202739927
gep16,00,2026-02-19,2026-03-12,gcrew,noaa_gefs,16,AirTemp_C_mean,21,5.346345520019554
gep16,00,2026-02-19,2026-03-12,gcrew,noaa_gefs,16,Pressure_Pa,21,101774.470703125
gep16,00,2026-02-19,2026-03-12,gcrew,noaa_gefs,16,RH_percent_mean,21,70.26903629302979
gep16,00,2026-02-19,2026-03-12,gcrew,noaa_gefs,16,Rain_mm_sum,21,0
gep16,00,2026-02-19,2026-03-12,gcrew,noaa_gefs,16,ShortwaveRadiation_Wm2,21,234.5
gep16,00,2026-02-19,2026-03-12,gcrew,noaa_gefs,16,WindSpeed_ms_mean,21,4.989251373860443
gep16,00,2026-02-19,2026-03-13,gcrew,noaa_gefs,16,AirTemp_C_mean,22,0.404817199707054
gep16,00,2026-02-19,2026-03-13,gcrew,noaa_gefs,16,Pressure_Pa,22,103084.677734375
gep16,00,2026-02-19,2026-03-13,gcrew,noaa_gefs,16,RH_percent_mean,22,59.94519805908203
gep16,00,2026-02-19,2026-03-13,gcrew,noaa_gefs,16,Rain_mm_sum,22,0
gep16,00,2026-02-19,2026-03-13,gcrew,noaa_gefs,16,ShortwaveRadiation_Wm2,22,246.75
gep16,00,2026-02-19,2026-03-13,gcrew,noaa_gefs,16,WindSpeed_ms_mean,22,3.9252923447424357
gep16,00,2026-02-19,2026-03-14,gcrew,noaa_gefs,16,AirTemp_C_mean,23,2.2103439331054915
gep16,00,2026-02-19,2026-03-14,gcrew,noaa_gefs,16,Pressure_Pa,23,103257.919921875
gep16,00,2026-02-19,2026-03-14,gcrew,noaa_gefs,16,RH_percent_mean,23,65.69925880432129
gep16,00,2026-02-19,2026-03-14,gcrew,noaa_gefs,16,Rain_mm_sum,23,0
gep16,00,2026-02-19,2026-03-14,gcrew,noaa_gefs,16,ShortwaveRadiation_Wm2,23,192.25
gep16,00,2026-02-19,2026-03-14,gcrew,noaa_gefs,16,WindSpeed_ms_mean,23,3.0252771415459634
gep16,00,2026-02-19,2026-03-15,gcrew,noaa_gefs,16,AirTemp_C_mean,24,4.8394332885742415
gep16,00,2026-02-19,2026-03-15,gcrew,noaa_gefs,16,Pressure_Pa,24,102069.697265625
gep16,00,2026-02-19,2026-03-15,gcrew,noaa_gefs,16,RH_percent_mean,24,91.6884937286377
gep16,00,2026-02-19,2026-03-15,gcrew,noaa_gefs,16,Rain_mm_sum,24,6.8000001311302185
gep16,00,2026-02-19,2026-03-15,gcrew,noaa_gefs,16,ShortwaveRadiation_Wm2,24,9.75
gep16,00,2026-02-19,2026-03-15,gcrew,noaa_gefs,16,WindSpeed_ms_mean,24,4.914185923582207
gep16,00,2026-02-19,2026-03-16,gcrew,noaa_gefs,16,AirTemp_C_mean,25,6.88092956542971
gep16,00,2026-02-19,2026-03-16,gcrew,noaa_gefs,16,Pressure_Pa,25,100852.091796875
gep16,00,2026-02-19,2026-03-16,gcrew,noaa_gefs,16,RH_percent_mean,25,93.64601707458496
gep16,00,2026-02-19,2026-03-16,gcrew,noaa_gefs,16,Rain_mm_sum,25,0.10000000149011612
gep16,00,2026-02-19,2026-03-16,gcrew,noaa_gefs,16,ShortwaveRadiation_Wm2,25,137
gep16,00,2026-02-19,2026-03-16,gcrew,noaa_gefs,16,WindSpeed_ms_mean,25,2.385226343506775
gep16,00,2026-02-19,2026-03-17,gcrew,noaa_gefs,16,AirTemp_C_mean,26,8.267533874511741
gep16,00,2026-02-19,2026-03-17,gcrew,noaa_gefs,16,Pressure_Pa,26,100826.765625
gep16,00,2026-02-19,2026-03-17,gcrew,noaa_gefs,16,RH_percent_mean,26,91.60923194885254
gep16,00,2026-02-19,2026-03-17,gcrew,noaa_gefs,16,Rain_mm_sum,26,0
gep16,00,2026-02-19,2026-03-17,gcrew,noaa_gefs,16,ShortwaveRadiation_Wm2,26,223.75
gep16,00,2026-02-19,2026-03-17,gcrew,noaa_gefs,16,WindSpeed_ms_mean,26,2.241015530837425
gep16,00,2026-02-19,2026-03-18,gcrew,noaa_gefs,16,AirTemp_C_mean,27,11.309526062011741
gep16,00,2026-02-19,2026-03-18,gcrew,noaa_gefs,16,Pressure_Pa,27,100366.421875
gep16,00,2026-02-19,2026-03-18,gcrew,noaa_gefs,16,RH_percent_mean,27,80.98326683044434
gep16,00,2026-02-19,2026-03-18,gcrew,noaa_gefs,16,Rain_mm_sum,27,3.8000001087784767
gep16,00,2026-02-19,2026-03-18,gcrew,noaa_gefs,16,ShortwaveRadiation_Wm2,27,206
gep16,00,2026-02-19,2026-03-18,gcrew,noaa_gefs,16,WindSpeed_ms_mean,27,4.913507346762998
gep16,00,2026-02-19,2026-03-19,gcrew,noaa_gefs,16,AirTemp_C_mean,28,9.271661376953148
gep16,00,2026-02-19,2026-03-19,gcrew,noaa_gefs,16,Pressure_Pa,28,100716.333984375
gep16,00,2026-02-19,2026-03-19,gcrew,noaa_gefs,16,RH_percent_mean,28,78.55448150634766
gep16,00,2026-02-19,2026-03-19,gcrew,noaa_gefs,16,Rain_mm_sum,28,0.20000000298023224
gep16,00,2026-02-19,2026-03-19,gcrew,noaa_gefs,16,ShortwaveRadiation_Wm2,28,176
gep16,00,2026-02-19,2026-03-19,gcrew,noaa_gefs,16,WindSpeed_ms_mean,28,3.502768919064772
gep16,00,2026-02-19,2026-03-20,gcrew,noaa_gefs,16,AirTemp_C_mean,29,7.4639755249023665
gep16,00,2026-02-19,2026-03-20,gcrew,noaa_gefs,16,Pressure_Pa,29,101721.220703125
gep16,00,2026-02-19,2026-03-20,gcrew,noaa_gefs,16,RH_percent_mean,29,84.32945442199707
gep16,00,2026-02-19,2026-03-20,gcrew,noaa_gefs,16,Rain_mm_sum,29,0
gep16,00,2026-02-19,2026-03-20,gcrew,noaa_gefs,16,ShortwaveRadiation_Wm2,29,225.25
gep16,00,2026-02-19,2026-03-20,gcrew,noaa_gefs,16,WindSpeed_ms_mean,29,2.4857486906504604
gep16,00,2026-02-19,2026-03-21,gcrew,noaa_gefs,16,AirTemp_C_mean,30,5.514649963378929
gep16,00,2026-02-19,2026-03-21,gcrew,noaa_gefs,16,Pressure_Pa,30,102508.27734375
gep16,00,2026-02-19,2026-03-21,gcrew,noaa_gefs,16,RH_percent_mean,30,93.17456245422363
gep16,00,2026-02-19,2026-03-21,gcrew,noaa_gefs,16,Rain_mm_sum,30,0
gep16,00,2026-02-19,2026-03-21,gcrew,noaa_gefs,16,ShortwaveRadiation_Wm2,30,231
gep16,00,2026-02-19,2026-03-21,gcrew,noaa_gefs,16,WindSpeed_ms_mean,30,3.478610201477239
gep16,00,2026-02-19,2026-03-22,gcrew,noaa_gefs,16,AirTemp_C_mean,31,8.427484130859398
gep16,00,2026-02-19,2026-03-22,gcrew,noaa_gefs,16,Pressure_Pa,31,101537.609375
gep16,00,2026-02-19,2026-03-22,gcrew,noaa_gefs,16,RH_percent_mean,31,90.99308013916016
gep16,00,2026-02-19,2026-03-22,gcrew,noaa_gefs,16,Rain_mm_sum,31,0
gep16,00,2026-02-19,2026-03-22,gcrew,noaa_gefs,16,ShortwaveRadiation_Wm2,31,169
gep16,00,2026-02-19,2026-03-22,gcrew,noaa_gefs,16,WindSpeed_ms_mean,31,7.184195750232049
gep16,00,2026-02-19,2026-03-23,gcrew,noaa_gefs,16,AirTemp_C_mean,32,8.768609619140648
gep16,00,2026-02-19,2026-03-23,gcrew,noaa_gefs,16,Pressure_Pa,32,100650.3046875
gep16,00,2026-02-19,2026-03-23,gcrew,noaa_gefs,16,RH_percent_mean,32,58.10695171356201
gep16,00,2026-02-19,2026-03-23,gcrew,noaa_gefs,16,Rain_mm_sum,32,1.3000000715255737
gep16,00,2026-02-19,2026-03-23,gcrew,noaa_gefs,16,ShortwaveRadiation_Wm2,32,266
gep16,00,2026-02-19,2026-03-23,gcrew,noaa_gefs,16,WindSpeed_ms_mean,32,7.9327389792356415
gep16,00,2026-02-19,2026-03-24,gcrew,noaa_gefs,16,AirTemp_C_mean,33,4.568719482421898
gep16,00,2026-02-19,2026-03-24,gcrew,noaa_gefs,16,Pressure_Pa,33,101528.60546875
gep16,00,2026-02-19,2026-03-24,gcrew,noaa_gefs,16,RH_percent_mean,33,52.18817710876465
gep16,00,2026-02-19,2026-03-24,gcrew,noaa_gefs,16,Rain_mm_sum,33,0
gep16,00,2026-02-19,2026-03-24,gcrew,noaa_gefs,16,ShortwaveRadiation_Wm2,33,271.25
gep16,00,2026-02-19,2026-03-24,gcrew,noaa_gefs,16,WindSpeed_ms_mean,33,5.0208112518813515
gep16,00,2026-02-19,2026-03-25,gcrew,noaa_gefs,16,AirTemp_C_mean,34,4.424745178222679
gep16,00,2026-02-19,2026-03-25,gcrew,noaa_gefs,16,Pressure_Pa,34,100896.943359375
gep16,00,2026-02-19,2026-03-25,gcrew,noaa_gefs,16,RH_percent_mean,34,73.10336017608643
gep16,00,2026-02-19,2026-03-25,gcrew,noaa_gefs,16,Rain_mm_sum,34,0.699999988079071
gep16,00,2026-02-19,2026-03-25,gcrew,noaa_gefs,16,ShortwaveRadiation_Wm2,34,168.25
gep16,00,2026-02-19,2026-03-25,gcrew,noaa_gefs,16,WindSpeed_ms_mean,34,3.448319475494018
gep17,00,2026-02-19,2026-02-20,gcrew,noaa_gefs,17,AirTemp_C_mean,1,8.60019454956057
gep17,00,2026-02-19,2026-02-20,gcrew,noaa_gefs,17,Pressure_Pa,1,100529.837890625
gep17,00,2026-02-19,2026-02-20,gcrew,noaa_gefs,17,RH_percent_mean,1,84.13147974014282
gep17,00,2026-02-19,2026-02-20,gcrew,noaa_gefs,17,Rain_mm_sum,1,7.229999907314777
gep17,00,2026-02-19,2026-02-20,gcrew,noaa_gefs,17,ShortwaveRadiation_Wm2,1,90
gep17,00,2026-02-19,2026-02-20,gcrew,noaa_gefs,17,WindSpeed_ms_mean,1,5.327480968436972
gep17,00,2026-02-19,2026-02-21,gcrew,noaa_gefs,17,AirTemp_C_mean,2,4.957093811035179
gep17,00,2026-02-19,2026-02-21,gcrew,noaa_gefs,17,Pressure_Pa,2,101362.1162109375
gep17,00,2026-02-19,2026-02-21,gcrew,noaa_gefs,17,RH_percent_mean,2,67.61050748825073
gep17,00,2026-02-19,2026-02-21,gcrew,noaa_gefs,17,Rain_mm_sum,2,0.009999999776482582
gep17,00,2026-02-19,2026-02-21,gcrew,noaa_gefs,17,ShortwaveRadiation_Wm2,2,157.375
gep17,00,2026-02-19,2026-02-21,gcrew,noaa_gefs,17,WindSpeed_ms_mean,2,2.796669875085554
gep17,00,2026-02-19,2026-02-22,gcrew,noaa_gefs,17,AirTemp_C_mean,3,1.7196746826172102
gep17,00,2026-02-19,2026-02-22,gcrew,noaa_gefs,17,Pressure_Pa,3,101743.5
gep17,00,2026-02-19,2026-02-22,gcrew,noaa_gefs,17,RH_percent_mean,3,72.97090816497803
gep17,00,2026-02-19,2026-02-22,gcrew,noaa_gefs,17,Rain_mm_sum,3,0.10000000149011612
gep17,00,2026-02-19,2026-02-22,gcrew,noaa_gefs,17,ShortwaveRadiation_Wm2,3,141.625
gep17,00,2026-02-19,2026-02-22,gcrew,noaa_gefs,17,WindSpeed_ms_mean,3,2.597666670204664
gep17,00,2026-02-19,2026-02-23,gcrew,noaa_gefs,17,AirTemp_C_mean,4,0.5413490295410384
gep17,00,2026-02-19,2026-02-23,gcrew,noaa_gefs,17,Pressure_Pa,4,101336.916015625
gep17,00,2026-02-19,2026-02-23,gcrew,noaa_gefs,17,RH_percent_mean,4,88.30583763122559
gep17,00,2026-02-19,2026-02-23,gcrew,noaa_gefs,17,Rain_mm_sum,4,6.400000065565109
gep17,00,2026-02-19,2026-02-23,gcrew,noaa_gefs,17,ShortwaveRadiation_Wm2,4,97.75
gep17,00,2026-02-19,2026-02-23,gcrew,noaa_gefs,17,WindSpeed_ms_mean,4,5.788296822041432
gep17,00,2026-02-19,2026-02-24,gcrew,noaa_gefs,17,AirTemp_C_mean,5,0.5290084838867415
gep17,00,2026-02-19,2026-02-24,gcrew,noaa_gefs,17,Pressure_Pa,5,101826.7109375
gep17,00,2026-02-19,2026-02-24,gcrew,noaa_gefs,17,RH_percent_mean,5,67.53751993179321
gep17,00,2026-02-19,2026-02-24,gcrew,noaa_gefs,17,Rain_mm_sum,5,0.10000000149011612
gep17,00,2026-02-19,2026-02-24,gcrew,noaa_gefs,17,ShortwaveRadiation_Wm2,5,205.75
gep17,00,2026-02-19,2026-02-24,gcrew,noaa_gefs,17,WindSpeed_ms_mean,5,4.922516373996911
gep17,00,2026-02-19,2026-02-25,gcrew,noaa_gefs,17,AirTemp_C_mean,6,4.261026000976585
gep17,00,2026-02-19,2026-02-25,gcrew,noaa_gefs,17,Pressure_Pa,6,101437.8994140625
gep17,00,2026-02-19,2026-02-25,gcrew,noaa_gefs,17,RH_percent_mean,6,64.63713264465332
gep17,00,2026-02-19,2026-02-25,gcrew,noaa_gefs,17,Rain_mm_sum,6,0.5000000149011612
gep17,00,2026-02-19,2026-02-25,gcrew,noaa_gefs,17,ShortwaveRadiation_Wm2,6,123.375
gep17,00,2026-02-19,2026-02-25,gcrew,noaa_gefs,17,WindSpeed_ms_mean,6,4.7829481823237945
gep17,00,2026-02-19,2026-02-26,gcrew,noaa_gefs,17,AirTemp_C_mean,7,7.054109191894554
gep17,00,2026-02-19,2026-02-26,gcrew,noaa_gefs,17,Pressure_Pa,7,101322.2197265625
gep17,00,2026-02-19,2026-02-26,gcrew,noaa_gefs,17,RH_percent_mean,7,73.60764694213867
gep17,00,2026-02-19,2026-02-26,gcrew,noaa_gefs,17,Rain_mm_sum,7,1.6900000274181366
gep17,00,2026-02-19,2026-02-26,gcrew,noaa_gefs,17,ShortwaveRadiation_Wm2,7,169.75
gep17,00,2026-02-19,2026-02-26,gcrew,noaa_gefs,17,WindSpeed_ms_mean,7,4.3598277703380175
gep17,00,2026-02-19,2026-02-27,gcrew,noaa_gefs,17,AirTemp_C_mean,8,2.5398727416992415
gep17,00,2026-02-19,2026-02-27,gcrew,noaa_gefs,17,Pressure_Pa,8,101330.2099609375
gep17,00,2026-02-19,2026-02-27,gcrew,noaa_gefs,17,RH_percent_mean,8,90.59297943115234
gep17,00,2026-02-19,2026-02-27,gcrew,noaa_gefs,17,Rain_mm_sum,8,41.3899998255074
gep17,00,2026-02-19,2026-02-27,gcrew,noaa_gefs,17,ShortwaveRadiation_Wm2,8,16.875
gep17,00,2026-02-19,2026-02-27,gcrew,noaa_gefs,17,WindSpeed_ms_mean,8,3.173158734850934
gep17,00,2026-02-19,2026-02-28,gcrew,noaa_gefs,17,AirTemp_C_mean,9,6.081576102120558
gep17,00,2026-02-19,2026-02-28,gcrew,noaa_gefs,17,Pressure_Pa,9,100991.2890625
gep17,00,2026-02-19,2026-02-28,gcrew,noaa_gefs,17,RH_percent_mean,9,89.50826699393136
gep17,00,2026-02-19,2026-02-28,gcrew,noaa_gefs,17,Rain_mm_sum,9,6.939999997615814
gep17,00,2026-02-19,2026-02-28,gcrew,noaa_gefs,17,ShortwaveRadiation_Wm2,9,198.71428571428572
gep17,00,2026-02-19,2026-02-28,gcrew,noaa_gefs,17,WindSpeed_ms_mean,9,2.371464473414071
gep17,00,2026-02-19,2026-03-01,gcrew,noaa_gefs,17,AirTemp_C_mean,10,3.9153381347656477
gep17,00,2026-02-19,2026-03-01,gcrew,noaa_gefs,17,Pressure_Pa,10,102000.736328125
gep17,00,2026-02-19,2026-03-01,gcrew,noaa_gefs,17,RH_percent_mean,10,64.10819625854492
gep17,00,2026-02-19,2026-03-01,gcrew,noaa_gefs,17,Rain_mm_sum,10,0
gep17,00,2026-02-19,2026-03-01,gcrew,noaa_gefs,17,ShortwaveRadiation_Wm2,10,214
gep17,00,2026-02-19,2026-03-01,gcrew,noaa_gefs,17,WindSpeed_ms_mean,10,3.7106248775369783
gep17,00,2026-02-19,2026-03-02,gcrew,noaa_gefs,17,AirTemp_C_mean,11,2.6448913574218977
gep17,00,2026-02-19,2026-03-02,gcrew,noaa_gefs,17,Pressure_Pa,11,101992.7734375
gep17,00,2026-02-19,2026-03-02,gcrew,noaa_gefs,17,RH_percent_mean,11,80.4185619354248
gep17,00,2026-02-19,2026-03-02,gcrew,noaa_gefs,17,Rain_mm_sum,11,1.7000000327825546
gep17,00,2026-02-19,2026-03-02,gcrew,noaa_gefs,17,ShortwaveRadiation_Wm2,11,22.5
gep17,00,2026-02-19,2026-03-02,gcrew,noaa_gefs,17,WindSpeed_ms_mean,11,3.8287651590698437
gep17,00,2026-02-19,2026-03-03,gcrew,noaa_gefs,17,AirTemp_C_mean,12,13.411950683593773
gep17,00,2026-02-19,2026-03-03,gcrew,noaa_gefs,17,Pressure_Pa,12,101091.162109375
gep17,00,2026-02-19,2026-03-03,gcrew,noaa_gefs,17,RH_percent_mean,12,90.47667694091797
gep17,00,2026-02-19,2026-03-03,gcrew,noaa_gefs,17,Rain_mm_sum,12,3.1000000834465027
gep17,00,2026-02-19,2026-03-03,gcrew,noaa_gefs,17,ShortwaveRadiation_Wm2,12,146
gep17,00,2026-02-19,2026-03-03,gcrew,noaa_gefs,17,WindSpeed_ms_mean,12,5.012968706083463
gep17,00,2026-02-19,2026-03-04,gcrew,noaa_gefs,17,AirTemp_C_mean,13,8.065553283691429
gep17,00,2026-02-19,2026-03-04,gcrew,noaa_gefs,17,Pressure_Pa,13,102178.892578125
gep17,00,2026-02-19,2026-03-04,gcrew,noaa_gefs,17,RH_percent_mean,13,90.09021759033203
gep17,00,2026-02-19,2026-03-04,gcrew,noaa_gefs,17,Rain_mm_sum,13,6.300000101327896
gep17,00,2026-02-19,2026-03-04,gcrew,noaa_gefs,17,ShortwaveRadiation_Wm2,13,25
gep17,00,2026-02-19,2026-03-04,gcrew,noaa_gefs,17,WindSpeed_ms_mean,13,3.9570483623648522
gep17,00,2026-02-19,2026-03-05,gcrew,noaa_gefs,17,AirTemp_C_mean,14,12.227571105957054
gep17,00,2026-02-19,2026-03-05,gcrew,noaa_gefs,17,Pressure_Pa,14,101463.474609375
gep17,00,2026-02-19,2026-03-05,gcrew,noaa_gefs,17,RH_percent_mean,14,91.76033973693848
gep17,00,2026-02-19,2026-03-05,gcrew,noaa_gefs,17,Rain_mm_sum,14,2.4999999925494194
gep17,00,2026-02-19,2026-03-05,gcrew,noaa_gefs,17,ShortwaveRadiation_Wm2,14,89.75
gep17,00,2026-02-19,2026-03-05,gcrew,noaa_gefs,17,WindSpeed_ms_mean,14,6.039026367710616
gep17,00,2026-02-19,2026-03-06,gcrew,noaa_gefs,17,AirTemp_C_mean,15,0.883576965332054
gep17,00,2026-02-19,2026-03-06,gcrew,noaa_gefs,17,Pressure_Pa,15,101621.16796875
gep17,00,2026-02-19,2026-03-06,gcrew,noaa_gefs,17,RH_percent_mean,15,92.8342227935791
gep17,00,2026-02-19,2026-03-06,gcrew,noaa_gefs,17,Rain_mm_sum,15,37.30000019073486
gep17,00,2026-02-19,2026-03-06,gcrew,noaa_gefs,17,ShortwaveRadiation_Wm2,15,17.5
gep17,00,2026-02-19,2026-03-06,gcrew,noaa_gefs,17,WindSpeed_ms_mean,15,6.799946731139411
gep17,00,2026-02-19,2026-03-07,gcrew,noaa_gefs,17,AirTemp_C_mean,16,-1.2620071411132585
gep17,00,2026-02-19,2026-03-07,gcrew,noaa_gefs,17,Pressure_Pa,16,102783.318359375
gep17,00,2026-02-19,2026-03-07,gcrew,noaa_gefs,17,RH_percent_mean,16,79.86228942871094
gep17,00,2026-02-19,2026-03-07,gcrew,noaa_gefs,17,Rain_mm_sum,16,0
gep17,00,2026-02-19,2026-03-07,gcrew,noaa_gefs,17,ShortwaveRadiation_Wm2,16,231.5
gep17,00,2026-02-19,2026-03-07,gcrew,noaa_gefs,17,WindSpeed_ms_mean,16,3.336420955691156
gep17,00,2026-02-19,2026-03-08,gcrew,noaa_gefs,17,AirTemp_C_mean,17,2.6822448730468977
gep17,00,2026-02-19,2026-03-08,gcrew,noaa_gefs,17,Pressure_Pa,17,102794.392578125
gep17,00,2026-02-19,2026-03-08,gcrew,noaa_gefs,17,RH_percent_mean,17,80.685150146484375
gep17,00,2026-02-19,2026-03-08,gcrew,noaa_gefs,17,Rain_mm_sum,17,0
gep17,00,2026-02-19,2026-03-08,gcrew,noaa_gefs,17,ShortwaveRadiation_Wm2,17,218.75
gep17,00,2026-02-19,2026-03-08,gcrew,noaa_gefs,17,WindSpeed_ms_mean,17,2.011765155426912
gep17,00,2026-02-19,2026-03-09,gcrew,noaa_gefs,17,AirTemp_C_mean,18,2.2363754272461165
gep17,00,2026-02-19,2026-03-09,gcrew,noaa_gefs,17,Pressure_Pa,18,102708.865234375
gep17,00,2026-02-19,2026-03-09,gcrew,noaa_gefs,17,RH_percent_mean,18,88.49076080322266
gep17,00,2026-02-19,2026-03-09,gcrew,noaa_gefs,17,Rain_mm_sum,18,0
gep17,00,2026-02-19,2026-03-09,gcrew,noaa_gefs,17,ShortwaveRadiation_Wm2,18,190.5
gep17,00,2026-02-19,2026-03-09,gcrew,noaa_gefs,17,WindSpeed_ms_mean,18,2.926777667971675
gep17,00,2026-02-19,2026-03-10,gcrew,noaa_gefs,17,AirTemp_C_mean,19,3.077027893066429
gep17,00,2026-02-19,2026-03-10,gcrew,noaa_gefs,17,Pressure_Pa,19,101449.376953125
gep17,00,2026-02-19,2026-03-10,gcrew,noaa_gefs,17,RH_percent_mean,19,97.0867977142334
gep17,00,2026-02-19,2026-03-10,gcrew,noaa_gefs,17,Rain_mm_sum,19,20.30000078678131
gep17,00,2026-02-19,2026-03-10,gcrew,noaa_gefs,17,ShortwaveRadiation_Wm2,19,12.25
gep17,00,2026-02-19,2026-03-10,gcrew,noaa_gefs,17,WindSpeed_ms_mean,19,2.16738045229572
gep17,00,2026-02-19,2026-03-11,gcrew,noaa_gefs,17,AirTemp_C_mean,20,2.4423767089843977
gep17,00,2026-02-19,2026-03-11,gcrew,noaa_gefs,17,Pressure_Pa,20,101607.31640625
gep17,00,2026-02-19,2026-03-11,gcrew,noaa_gefs,17,RH_percent_mean,20,73.54477119445801
gep17,00,2026-02-19,2026-03-11,gcrew,noaa_gefs,17,Rain_mm_sum,20,0
gep17,00,2026-02-19,2026-03-11,gcrew,noaa_gefs,17,ShortwaveRadiation_Wm2,20,216.25
gep17,00,2026-02-19,2026-03-11,gcrew,noaa_gefs,17,WindSpeed_ms_mean,20,3.965489202739927
gep17,00,2026-02-19,2026-03-12,gcrew,noaa_gefs,17,AirTemp_C_mean,21,5.346345520019554
gep17,00,2026-02-19,2026-03-12,gcrew,noaa_gefs,17,Pressure_Pa,21,101774.470703125
gep17,00,2026-02-19,2026-03-12,gcrew,noaa_gefs,17,RH_percent_mean,21,70.26903629302979
gep17,00,2026-02-19,2026-03-12,gcrew,noaa_gefs,17,Rain_mm_sum,21,0
gep17,00,2026-02-19,2026-03-12,gcrew,noaa_gefs,17,ShortwaveRadiation_Wm2,21,234.5
gep17,00,2026-02-19,2026-03-12,gcrew,noaa_gefs,17,WindSpeed_ms_mean,21,4.989251373860443
gep17,00,2026-02-19,2026-03-13,gcrew,noaa_gefs,17,AirTemp_C_mean,22,0.404817199707054
gep17,00,2026-02-19,2026-03-13,gcrew,noaa_gefs,17,Pressure_Pa,22,103084.677734375
gep17,00,2026-02-19,2026-03-13,gcrew,noaa_gefs,17,RH_percent_mean,22,59.94519805908203
gep17,00,2026-02-19,2026-03-13,gcrew,noaa_gefs,17,Rain_mm_sum,22,0
gep17,00,2026-02-19,2026-03-13,gcrew,noaa_gefs,17,ShortwaveRadiation_Wm2,22,246.75
gep17,00,2026-02-19,2026-03-13,gcrew,noaa_gefs,17,WindSpeed_ms_mean,22,3.9252923447424357
gep17,00,2026-02-19,2026-03-14,gcrew,noaa_gefs,17,AirTemp_C_mean,23,2.2103439331054915
gep17,00,2026-02-19,2026-03-14,gcrew,noaa_gefs,17,Pressure_Pa,23,103257.919921875
gep17,00,2026-02-19,2026-03-14,gcrew,noaa_gefs,17,RH_percent_mean,23,65.69925880432129
gep17,00,2026-02-19,2026-03-14,gcrew,noaa_gefs,17,Rain_mm_sum,23,0
gep17,00,2026-02-19,2026-03-14,gcrew,noaa_gefs,17,ShortwaveRadiation_Wm2,23,192.25
gep17,00,2026-02-19,2026-03-14,gcrew,noaa_gefs,17,WindSpeed_ms_mean,23,3.0252771415459634
gep17,00,2026-02-19,2026-03-15,gcrew,noaa_gefs,17,AirTemp_C_mean,24,4.8394332885742415
gep17,00,2026-02-19,2026-03-15,gcrew,noaa_gefs,17,Pressure_Pa,24,102069.697265625
gep17,00,2026-02-19,2026-03-15,gcrew,noaa_gefs,17,RH_percent_mean,24,91.6884937286377
gep17,00,2026-02-19,2026-03-15,gcrew,noaa_gefs,17,Rain_mm_sum,24,6.8000001311302185
gep17,00,2026-02-19,2026-03-15,gcrew,noaa_gefs,17,ShortwaveRadiation_Wm2,24,9.75
gep17,00,2026-02-19,2026-03-15,gcrew,noaa_gefs,17,WindSpeed_ms_mean,24,4.914185923582207
gep17,00,2026-02-19,2026-03-16,gcrew,noaa_gefs,17,AirTemp_C_mean,25,6.88092956542971
gep17,00,2026-02-19,2026-03-16,gcrew,noaa_gefs,17,Pressure_Pa,25,100852.091796875
gep17,00,2026-02-19,2026-03-16,gcrew,noaa_gefs,17,RH_percent_mean,25,93.64601707458496
gep17,00,2026-02-19,2026-03-16,gcrew,noaa_gefs,17,Rain_mm_sum,25,0.10000000149011612
gep17,00,2026-02-19,2026-03-16,gcrew,noaa_gefs,17,ShortwaveRadiation_Wm2,25,137
gep17,00,2026-02-19,2026-03-16,gcrew,noaa_gefs,17,WindSpeed_ms_mean,25,2.385226343506775
gep17,00,2026-02-19,2026-03-17,gcrew,noaa_gefs,17,AirTemp_C_mean,26,8.267533874511741
gep17,00,2026-02-19,2026-03-17,gcrew,noaa_gefs,17,Pressure_Pa,26,100826.765625
gep17,00,2026-02-19,2026-03-17,gcrew,noaa_gefs,17,RH_percent_mean,26,91.60923194885254
gep17,00,2026-02-19,2026-03-17,gcrew,noaa_gefs,17,Rain_mm_sum,26,0
gep17,00,2026-02-19,2026-03-17,gcrew,noaa_gefs,17,ShortwaveRadiation_Wm2,26,223.75
gep17,00,2026-02-19,2026-03-17,gcrew,noaa_gefs,17,WindSpeed_ms_mean,26,2.241015530837425
gep17,00,2026-02-19,2026-03-18,gcrew,noaa_gefs,17,AirTemp_C_mean,27,11.309526062011741
gep17,00,2026-02-19,2026-03-18,gcrew,noaa_gefs,17,Pressure_Pa,27,100366.421875
gep17,00,2026-02-19,2026-03-18,gcrew,noaa_gefs,17,RH_percent_mean,27,80.98326683044434
gep17,00,2026-02-19,2026-03-18,gcrew,noaa_gefs,17,Rain_mm_sum,27,3.8000001087784767
gep17,00,2026-02-19,2026-03-18,gcrew,noaa_gefs,17,ShortwaveRadiation_Wm2,27,206
gep17,00,2026-02-19,2026-03-18,gcrew,noaa_gefs,17,WindSpeed_ms_mean,27,4.913507346762998
gep17,00,2026-02-19,2026-03-19,gcrew,noaa_gefs,17,AirTemp_C_mean,28,9.271661376953148
gep17,00,2026-02-19,2026-03-19,gcrew,noaa_gefs,17,Pressure_Pa,28,100716.333984375
gep17,00,2026-02-19,2026-03-19,gcrew,noaa_gefs,17,RH_percent_mean,28,78.55448150634766
gep17,00,2026-02-19,2026-03-19,gcrew,noaa_gefs,17,Rain_mm_sum,28,0.20000000298023224
gep17,00,2026-02-19,2026-03-19,gcrew,noaa_gefs,17,ShortwaveRadiation_Wm2,28,176
gep17,00,2026-02-19,2026-03-19,gcrew,noaa_gefs,17,WindSpeed_ms_mean,28,3.502768919064772
gep17,00,2026-02-19,2026-03-20,gcrew,noaa_gefs,17,AirTemp_C_mean,29,7.4639755249023665
gep17,00,2026-02-19,2026-03-20,gcrew,noaa_gefs,17,Pressure_Pa,29,101721.220703125
gep17,00,2026-02-19,2026-03-20,gcrew,noaa_gefs,17,RH_percent_mean,29,84.32945442199707
gep17,00,2026-02-19,2026-03-20,gcrew,noaa_gefs,17,Rain_mm_sum,29,0
gep17,00,2026-02-19,2026-03-20,gcrew,noaa_gefs,17,ShortwaveRadiation_Wm2,29,225.25
gep17,00,2026-02-19,2026-03-20,gcrew,noaa_gefs,17,WindSpeed_ms_mean,29,2.4857486906504604
gep17,00,2026-02-19,2026-03-21,gcrew,noaa_gefs,17,AirTemp_C_mean,30,5.514649963378929
gep17,00,2026-02-19,2026-03-21,gcrew,noaa_gefs,17,Pressure_Pa,30,102508.27734375
gep17,00,2026-02-19,2026-03-21,gcrew,noaa_gefs,17,RH_percent_mean,30,93.17456245422363
gep17,00,2026-02-19,2026-03-21,gcrew,noaa_gefs,17,Rain_mm_sum,30,0
gep17,00,2026-02-19,2026-03-21,gcrew,noaa_gefs,17,ShortwaveRadiation_Wm2,30,231
gep17,00,2026-02-19,2026-03-21,gcrew,noaa_gefs,17,WindSpeed_ms_mean,30,3.478610201477239
gep17,00,2026-02-19,2026-03-22,gcrew,noaa_gefs,17,AirTemp_C_mean,31,8.427484130859398
gep17,00,2026-02-19,2026-03-22,gcrew,noaa_gefs,17,Pressure_Pa,31,101537.609375
gep17,00,2026-02-19,2026-03-22,gcrew,noaa_gefs,17,RH_percent_mean,31,90.99308013916016
gep17,00,2026-02-19,2026-03-22,gcrew,noaa_gefs,17,Rain_mm_sum,31,0
gep17,00,2026-02-19,2026-03-22,gcrew,noaa_gefs,17,ShortwaveRadiation_Wm2,31,169
gep17,00,2026-02-19,2026-03-22,gcrew,noaa_gefs,17,WindSpeed_ms_mean,31,7.184195750232049
gep17,00,2026-02-19,2026-03-23,gcrew,noaa_gefs,17,AirTemp_C_mean,32,8.768609619140648
gep17,00,2026-02-19,2026-03-23,gcrew,noaa_gefs,17,Pressure_Pa,32,100650.3046875
gep17,00,2026-02-19,2026-03-23,gcrew,noaa_gefs,17,RH_percent_mean,32,58.10695171356201
gep17,00,2026-02-19,2026-03-23,gcrew,noaa_gefs,17,Rain_mm_sum,32,1.3000000715255737
gep17,00,2026-02-19,2026-03-23,gcrew,noaa_gefs,17,ShortwaveRadiation_Wm2,32,266
gep17,00,2026-02-19,2026-03-23,gcrew,noaa_gefs,17,WindSpeed_ms_mean,32,7.9327389792356415
gep17,00,2026-02-19,2026-03-24,gcrew,noaa_gefs,17,AirTemp_C_mean,33,4.568719482421898
gep17,00,2026-02-19,2026-03-24,gcrew,noaa_gefs,17,Pressure_Pa,33,101528.60546875
gep17,00,2026-02-19,2026-03-24,gcrew,noaa_gefs,17,RH_percent_mean,33,52.18817710876465
gep17,00,2026-02-19,2026-03-24,gcrew,noaa_gefs,17,Rain_mm_sum,33,0
gep17,00,2026-02-19,2026-03-24,gcrew,noaa_gefs,17,ShortwaveRadiation_Wm2,33,271.25
gep17,00,2026-02-19,2026-03-24,gcrew,noaa_gefs,17,WindSpeed_ms_mean,33,5.0208112518813515
gep17,00,2026-02-19,2026-03-25,gcrew,noaa_gefs,17,AirTemp_C_mean,34,4.424745178222679
gep17,00,2026-02-19,2026-03-25,gcrew,noaa_gefs,17,Pressure_Pa,34,100896.943359375
gep17,00,2026-02-19,2026-03-25,gcrew,noaa_gefs,17,RH_percent_mean,34,73.10336017608643
gep17,00,2026-02-19,2026-03-25,gcrew,noaa_gefs,17,Rain_mm_sum,34,0.699999988079071
gep17,00,2026-02-19,2026-03-25,gcrew,noaa_gefs,17,ShortwaveRadiation_Wm2,34,168.25
gep17,00,2026-02-19,2026-03-25,gcrew,noaa_gefs,17,WindSpeed_ms_mean,34,3.448319475494018
gep18,00,2026-02-19,2026-02-20,gcrew,noaa_gefs,18,AirTemp_C_mean,1,8.60019454956057
gep18,00,2026-02-19,2026-02-20,gcrew,noaa_gefs,18,Pressure_Pa,1,100529.837890625
gep18,00,2026-02-19,2026-02-20,gcrew,noaa_gefs,18,RH_percent_mean,1,84.13147974014282
gep18,00,2026-02-19,2026-02-20,gcrew,noaa_gefs,18,Rain_mm_sum,1,7.229999907314777
gep18,00,2026-02-19,2026-02-20,gcrew,noaa_gefs,18,ShortwaveRadiation_Wm2,1,90
gep18,00,2026-02-19,2026-02-20,gcrew,noaa_gefs,18,WindSpeed_ms_mean,1,5.327480968436972
gep18,00,2026-02-19,2026-02-21,gcrew,noaa_gefs,18,AirTemp_C_mean,2,4.957093811035179
gep18,00,2026-02-19,2026-02-21,gcrew,noaa_gefs,18,Pressure_Pa,2,101362.1162109375
gep18,00,2026-02-19,2026-02-21,gcrew,noaa_gefs,18,RH_percent_mean,2,67.61050748825073
gep18,00,2026-02-19,2026-02-21,gcrew,noaa_gefs,18,Rain_mm_sum,2,0.009999999776482582
gep18,00,2026-02-19,2026-02-21,gcrew,noaa_gefs,18,ShortwaveRadiation_Wm2,2,157.375
gep18,00,2026-02-19,2026-02-21,gcrew,noaa_gefs,18,WindSpeed_ms_mean,2,2.796669875085554
gep18,00,2026-02-19,2026-02-22,gcrew,noaa_gefs,18,AirTemp_C_mean,3,1.7196746826172102
gep18,00,2026-02-19,2026-02-22,gcrew,noaa_gefs,18,Pressure_Pa,3,101743.5
gep18,00,2026-02-19,2026-02-22,gcrew,noaa_gefs,18,RH_percent_mean,3,72.97090816497803
gep18,00,2026-02-19,2026-02-22,gcrew,noaa_gefs,18,Rain_mm_sum,3,0.10000000149011612
gep18,00,2026-02-19,2026-02-22,gcrew,noaa_gefs,18,ShortwaveRadiation_Wm2,3,141.625
gep18,00,2026-02-19,2026-02-22,gcrew,noaa_gefs,18,WindSpeed_ms_mean,3,2.597666670204664
gep18,00,2026-02-19,2026-02-23,gcrew,noaa_gefs,18,AirTemp_C_mean,4,0.5413490295410384
gep18,00,2026-02-19,2026-02-23,gcrew,noaa_gefs,18,Pressure_Pa,4,101336.916015625
gep18,00,2026-02-19,2026-02-23,gcrew,noaa_gefs,18,RH_percent_mean,4,88.30583763122559
gep18,00,2026-02-19,2026-02-23,gcrew,noaa_gefs,18,Rain_mm_sum,4,6.400000065565109
gep18,00,2026-02-19,2026-02-23,gcrew,noaa_gefs,18,ShortwaveRadiation_Wm2,4,97.75
gep18,00,2026-02-19,2026-02-23,gcrew,noaa_gefs,18,WindSpeed_ms_mean,4,5.788296822041432
gep18,00,2026-02-19,2026-02-24,gcrew,noaa_gefs,18,AirTemp_C_mean,5,0.5290084838867415
gep18,00,2026-02-19,2026-02-24,gcrew,noaa_gefs,18,Pressure_Pa,5,101826.7109375
gep18,00,2026-02-19,2026-02-24,gcrew,noaa_gefs,18,RH_percent_mean,5,67.53751993179321
gep18,00,2026-02-19,2026-02-24,gcrew,noaa_gefs,18,Rain_mm_sum,5,0.10000000149011612
gep18,00,2026-02-19,2026-02-24,gcrew,noaa_gefs,18,ShortwaveRadiation_Wm2,5,205.75
gep18,00,2026-02-19,2026-02-24,gcrew,noaa_gefs,18,WindSpeed_ms_mean,5,4.922516373996911
gep18,00,2026-02-19,2026-02-25,gcrew,noaa_gefs,18,AirTemp_C_mean,6,4.261026000976585
gep18,00,2026-02-19,2026-02-25,gcrew,noaa_gefs,18,Pressure_Pa,6,101437.8994140625
gep18,00,2026-02-19,2026-02-25,gcrew,noaa_gefs,18,RH_percent_mean,6,64.63713264465332
gep18,00,2026-02-19,2026-02-25,gcrew,noaa_gefs,18,Rain_mm_sum,6,0.5000000149011612
gep18,00,2026-02-19,2026-02-25,gcrew,noaa_gefs,18,ShortwaveRadiation_Wm2,6,123.375
gep18,00,2026-02-19,2026-02-25,gcrew,noaa_gefs,18,WindSpeed_ms_mean,6,4.7829481823237945
gep18,00,2026-02-19,2026-02-26,gcrew,noaa_gefs,18,AirTemp_C_mean,7,7.054109191894554
gep18,00,2026-02-19,2026-02-26,gcrew,noaa_gefs,18,Pressure_Pa,7,101322.2197265625
gep18,00,2026-02-19,2026-02-26,gcrew,noaa_gefs,18,RH_percent_mean,7,73.60764694213867
gep18,00,2026-02-19,2026-02-26,gcrew,noaa_gefs,18,Rain_mm_sum,7,1.6900000274181366
gep18,00,2026-02-19,2026-02-26,gcrew,noaa_gefs,18,ShortwaveRadiation_Wm2,7,169.75
gep18,00,2026-02-19,2026-02-26,gcrew,noaa_gefs,18,WindSpeed_ms_mean,7,4.3598277703380175
gep18,00,2026-02-19,2026-02-27,gcrew,noaa_gefs,18,AirTemp_C_mean,8,2.5398727416992415
gep18,00,2026-02-19,2026-02-27,gcrew,noaa_gefs,18,Pressure_Pa,8,101330.2099609375
gep18,00,2026-02-19,2026-02-27,gcrew,noaa_gefs,18,RH_percent_mean,8,90.59297943115234
gep18,00,2026-02-19,2026-02-27,gcrew,noaa_gefs,18,Rain_mm_sum,8,41.3899998255074
gep18,00,2026-02-19,2026-02-27,gcrew,noaa_gefs,18,ShortwaveRadiation_Wm2,8,16.875
gep18,00,2026-02-19,2026-02-27,gcrew,noaa_gefs,18,WindSpeed_ms_mean,8,3.173158734850934
gep18,00,2026-02-19,2026-02-28,gcrew,noaa_gefs,18,AirTemp_C_mean,9,6.081576102120558
gep18,00,2026-02-19,2026-02-28,gcrew,noaa_gefs,18,Pressure_Pa,9,100991.2890625
gep18,00,2026-02-19,2026-02-28,gcrew,noaa_gefs,18,RH_percent_mean,9,89.50826699393136
gep18,00,2026-02-19,2026-02-28,gcrew,noaa_gefs,18,Rain_mm_sum,9,6.939999997615814
gep18,00,2026-02-19,2026-02-28,gcrew,noaa_gefs,18,ShortwaveRadiation_Wm2,9,198.71428571428572
gep18,00,2026-02-19,2026-02-28,gcrew,noaa_gefs,18,WindSpeed_ms_mean,9,2.371464473414071
gep18,00,2026-02-19,2026-03-01,gcrew,noaa_gefs,18,AirTemp_C_mean,10,3.9153381347656477
gep18,00,2026-02-19,2026-03-01,gcrew,noaa_gefs,18,Pressure_Pa,10,102000.736328125
gep18,00,2026-02-19,2026-03-01,gcrew,noaa_gefs,18,RH_percent_mean,10,64.10819625854492
gep18,00,2026-02-19,2026-03-01,gcrew,noaa_gefs,18,Rain_mm_sum,10,0
gep18,00,2026-02-19,2026-03-01,gcrew,noaa_gefs,18,ShortwaveRadiation_Wm2,10,214
gep18,00,2026-02-19,2026-03-01,gcrew,noaa_gefs,18,WindSpeed_ms_mean,10,3.7106248775369783
gep18,00,2026-02-19,2026-03-02,gcrew,noaa_gefs,18,AirTemp_C_mean,11,2.6448913574218977
gep18,00,2026-02-19,2026-03-02,gcrew,noaa_gefs,18,Pressure_Pa,11,101992.7734375
gep18,00,2026-02-19,2026-03-02,gcrew,noaa_gefs,18,RH_percent_mean,11,80.4185619354248
gep18,00,2026-02-19,2026-03-02,gcrew,noaa_gefs,18,Rain_mm_sum,11,1.7000000327825546
gep18,00,2026-02-19,2026-03-02,gcrew,noaa_gefs,18,ShortwaveRadiation_Wm2,11,22.5
gep18,00,2026-02-19,2026-03-02,gcrew,noaa_gefs,18,WindSpeed_ms_mean,11,3.8287651590698437
gep18,00,2026-02-19,2026-03-03,gcrew,noaa_gefs,18,AirTemp_C_mean,12,13.411950683593773
gep18,00,2026-02-19,2026-03-03,gcrew,noaa_gefs,18,Pressure_Pa,12,101091.162109375
gep18,00,2026-02-19,2026-03-03,gcrew,noaa_gefs,18,RH_percent_mean,12,90.47667694091797
gep18,00,2026-02-19,2026-03-03,gcrew,noaa_gefs,18,Rain_mm_sum,12,3.1000000834465027
gep18,00,2026-02-19,2026-03-03,gcrew,noaa_gefs,18,ShortwaveRadiation_Wm2,12,146
gep18,00,2026-02-19,2026-03-03,gcrew,noaa_gefs,18,WindSpeed_ms_mean,12,5.012968706083463
gep18,00,2026-02-19,2026-03-04,gcrew,noaa_gefs,18,AirTemp_C_mean,13,8.065553283691429
gep18,00,2026-02-19,2026-03-04,gcrew,noaa_gefs,18,Pressure_Pa,13,102178.892578125
gep18,00,2026-02-19,2026-03-04,gcrew,noaa_gefs,18,RH_percent_mean,13,90.09021759033203
gep18,00,2026-02-19,2026-03-04,gcrew,noaa_gefs,18,Rain_mm_sum,13,6.300000101327896
gep18,00,2026-02-19,2026-03-04,gcrew,noaa_gefs,18,ShortwaveRadiation_Wm2,13,25
gep18,00,2026-02-19,2026-03-04,gcrew,noaa_gefs,18,WindSpeed_ms_mean,13,3.9570483623648522
gep18,00,2026-02-19,2026-03-05,gcrew,noaa_gefs,18,AirTemp_C_mean,14,12.227571105957054
gep18,00,2026-02-19,2026-03-05,gcrew,noaa_gefs,18,Pressure_Pa,14,101463.474609375
gep18,00,2026-02-19,2026-03-05,gcrew,noaa_gefs,18,RH_percent_mean,14,91.76033973693848
gep18,00,2026-02-19,2026-03-05,gcrew,noaa_gefs,18,Rain_mm_sum,14,2.4999999925494194
gep18,00,2026-02-19,2026-03-05,gcrew,noaa_gefs,18,ShortwaveRadiation_Wm2,14,89.75
gep18,00,2026-02-19,2026-03-05,gcrew,noaa_gefs,18,WindSpeed_ms_mean,14,6.039026367710616
gep18,00,2026-02-19,2026-03-06,gcrew,noaa_gefs,18,AirTemp_C_mean,15,0.883576965332054
gep18,00,2026-02-19,2026-03-06,gcrew,noaa_gefs,18,Pressure_Pa,15,101621.16796875
gep18,00,2026-02-19,2026-03-06,gcrew,noaa_gefs,18,RH_percent_mean,15,92.8342227935791
gep18,00,2026-02-19,2026-03-06,gcrew,noaa_gefs,18,Rain_mm_sum,15,37.30000019073486
gep18,00,2026-02-19,2026-03-06,gcrew,noaa_gefs,18,ShortwaveRadiation_Wm2,15,17.5
gep18,00,2026-02-19,2026-03-06,gcrew,noaa_gefs,18,WindSpeed_ms_mean,15,6.799946731139411
gep18,00,2026-02-19,2026-03-07,gcrew,noaa_gefs,18,AirTemp_C_mean,16,-1.2620071411132585
gep18,00,2026-02-19,2026-03-07,gcrew,noaa_gefs,18,Pressure_Pa,16,102783.318359375
gep18,00,2026-02-19,2026-03-07,gcrew,noaa_gefs,18,RH_percent_mean,16,79.86228942871094
gep18,00,2026-02-19,2026-03-07,gcrew,noaa_gefs,18,Rain_mm_sum,16,0
gep18,00,2026-02-19,2026-03-07,gcrew,noaa_gefs,18,ShortwaveRadiation_Wm2,16,231.5
gep18,00,2026-02-19,2026-03-07,gcrew,noaa_gefs,18,WindSpeed_ms_mean,16,3.336420955691156
gep18,00,2026-02-19,2026-03-08,gcrew,noaa_gefs,18,AirTemp_C_mean,17,2.6822448730468977
gep18,00,2026-02-19,2026-03-08,gcrew,noaa_gefs,18,Pressure_Pa,17,102794.392578125
gep18,00,2026-02-19,2026-03-08,gcrew,noaa_gefs,18,RH_percent_mean,17,80.685150146484375
gep18,00,2026-02-19,2026-03-08,gcrew,noaa_gefs,18,Rain_mm_sum,17,0
gep18,00,2026-02-19,2026-03-08,gcrew,noaa_gefs,18,ShortwaveRadiation_Wm2,17,218.75
gep18,00,2026-02-19,2026-03-08,gcrew,noaa_gefs,18,WindSpeed_ms_mean,17,2.011765155426912
gep18,00,2026-02-19,2026-03-09,gcrew,noaa_gefs,18,AirTemp_C_mean,18,2.2363754272461165
gep18,00,2026-02-19,2026-03-09,gcrew,noaa_gefs,18,Pressure_Pa,18,102708.865234375
gep18,00,2026-02-19,2026-03-09,gcrew,noaa_gefs,18,RH_percent_mean,18,88.49076080322266
gep18,00,2026-02-19,2026-03-09,gcrew,noaa_gefs,18,Rain_mm_sum,18,0
gep18,00,2026-02-19,2026-03-09,gcrew,noaa_gefs,18,ShortwaveRadiation_Wm2,18,190.5
gep18,00,2026-02-19,2026-03-09,gcrew,noaa_gefs,18,WindSpeed_ms_mean,18,2.926777667971675
gep18,00,2026-02-19,2026-03-10,gcrew,noaa_gefs,18,AirTemp_C_mean,19,3.077027893066429
gep18,00,2026-02-19,2026-03-10,gcrew,noaa_gefs,18,Pressure_Pa,19,101449.376953125
gep18,00,2026-02-19,2026-03-10,gcrew,noaa_gefs,18,RH_percent_mean,19,97.0867977142334
gep18,00,2026-02-19,2026-03-10,gcrew,noaa_gefs,18,Rain_mm_sum,19,20.30000078678131
gep18,00,2026-02-19,2026-03-10,gcrew,noaa_gefs,18,ShortwaveRadiation_Wm2,19,12.25
gep18,00,2026-02-19,2026-03-10,gcrew,noaa_gefs,18,WindSpeed_ms_mean,19,2.16738045229572
gep18,00,2026-02-19,2026-03-11,gcrew,noaa_gefs,18,AirTemp_C_mean,20,2.4423767089843977
gep18,00,2026-02-19,2026-03-11,gcrew,noaa_gefs,18,Pressure_Pa,20,101607.31640625
gep18,00,2026-02-19,2026-03-11,gcrew,noaa_gefs,18,RH_percent_mean,20,73.54477119445801
gep18,00,2026-02-19,2026-03-11,gcrew,noaa_gefs,18,Rain_mm_sum,20,0
gep18,00,2026-02-19,2026-03-11,gcrew,noaa_gefs,18,ShortwaveRadiation_Wm2,20,216.25
gep18,00,2026-02-19,2026-03-11,gcrew,noaa_gefs,18,WindSpeed_ms_mean,20,3.965489202739927
gep18,00,2026-02-19,2026-03-12,gcrew,noaa_gefs,18,AirTemp_C_mean,21,5.346345520019554
gep18,00,2026-02-19,2026-03-12,gcrew,noaa_gefs,18,Pressure_Pa,21,101774.470703125
gep18,00,2026-02-19,2026-03-12,gcrew,noaa_gefs,18,RH_percent_mean,21,70.26903629302979
gep18,00,2026-02-19,2026-03-12,gcrew,noaa_gefs,18,Rain_mm_sum,21,0
gep18,00,2026-02-19,2026-03-12,gcrew,noaa_gefs,18,ShortwaveRadiation_Wm2,21,234.5
gep18,00,2026-02-19,2026-03-12,gcrew,noaa_gefs,18,WindSpeed_ms_mean,21,4.989251373860443
gep18,00,2026-02-19,2026-03-13,gcrew,noaa_gefs,18,AirTemp_C_mean,22,0.404817199707054
gep18,00,2026-02-19,2026-03-13,gcrew,noaa_gefs,18,Pressure_Pa,22,103084.677734375
gep18,00,2026-02-19,2026-03-13,gcrew,noaa_gefs,18,RH_percent_mean,22,59.94519805908203
gep18,00,2026-02-19,2026-03-13,gcrew,noaa_gefs,18,Rain_mm_sum,22,0
gep18,00,2026-02-19,2026-03-13,gcrew,noaa_gefs,18,ShortwaveRadiation_Wm2,22,246.75
gep18,00,2026-02-19,2026-03-13,gcrew,noaa_gefs,18,WindSpeed_ms_mean,22,3.9252923447424357
gep18,00,2026-02-19,2026-03-14,gcrew,noaa_gefs,18,AirTemp_C_mean,23,2.2103439331054915
gep18,00,2026-02-19,2026-03-14,gcrew,noaa_gefs,18,Pressure_Pa,23,103257.919921875
gep18,00,2026-02-19,2026-03-14,gcrew,noaa_gefs,18,RH_percent_mean,23,65.69925880432129
gep18,00,2026-02-19,2026-03-14,gcrew,noaa_gefs,18,Rain_mm_sum,23,0
gep18,00,2026-02-19,2026-03-14,gcrew,noaa_gefs,18,ShortwaveRadiation_Wm2,23,192.25
gep18,00,2026-02-19,2026-03-14,gcrew,noaa_gefs,18,WindSpeed_ms_mean,23,3.0252771415459634
gep18,00,2026-02-19,2026-03-15,gcrew,noaa_gefs,18,AirTemp_C_mean,24,4.8394332885742415
gep18,00,2026-02-19,2026-03-15,gcrew,noaa_gefs,18,Pressure_Pa,24,102069.697265625
gep18,00,2026-02-19,2026-03-15,gcrew,noaa_gefs,18,RH_percent_mean,24,91.6884937286377
gep18,00,2026-02-19,2026-03-15,gcrew,noaa_gefs,18,Rain_mm_sum,24,6.8000001311302185
gep18,00,2026-02-19,2026-03-15,gcrew,noaa_gefs,18,ShortwaveRadiation_Wm2,24,9.75
gep18,00,2026-02-19,2026-03-15,gcrew,noaa_gefs,18,WindSpeed_ms_mean,24,4.914185923582207
gep18,00,2026-02-19,2026-03-16,gcrew,noaa_gefs,18,AirTemp_C_mean,25,6.88092956542971
gep18,00,2026-02-19,2026-03-16,gcrew,noaa_gefs,18,Pressure_Pa,25,100852.091796875
gep18,00,2026-02-19,2026-03-16,gcrew,noaa_gefs,18,RH_percent_mean,25,93.64601707458496
gep18,00,2026-02-19,2026-03-16,gcrew,noaa_gefs,18,Rain_mm_sum,25,0.10000000149011612
gep18,00,2026-02-19,2026-03-16,gcrew,noaa_gefs,18,ShortwaveRadiation_Wm2,25,137
gep18,00,2026-02-19,2026-03-16,gcrew,noaa_gefs,18,WindSpeed_ms_mean,25,2.385226343506775
gep18,00,2026-02-19,2026-03-17,gcrew,noaa_gefs,18,AirTemp_C_mean,26,8.267533874511741
gep18,00,2026-02-19,2026-03-17,gcrew,noaa_gefs,18,Pressure_Pa,26,100826.765625
gep18,00,2026-02-19,2026-03-17,gcrew,noaa_gefs,18,RH_percent_mean,26,91.60923194885254
gep18,00,2026-02-19,2026-03-17,gcrew,noaa_gefs,18,Rain_mm_sum,26,0
gep18,00,2026-02-19,2026-03-17,gcrew,noaa_gefs,18,ShortwaveRadiation_Wm2,26,223.75
gep18,00,2026-02-19,2026-03-17,gcrew,noaa_gefs,18,WindSpeed_ms_mean,26,2.241015530837425
gep18,00,2026-02-19,2026-03-18,gcrew,noaa_gefs,18,AirTemp_C_mean,27,11.309526062011741
gep18,00,2026-02-19,2026-03-18,gcrew,noaa_gefs,18,Pressure_Pa,27,100366.421875
gep18,00,2026-02-19,2026-03-18,gcrew,noaa_gefs,18,RH_percent_mean,27,80.98326683044434
gep18,00,2026-02-19,2026-03-18,gcrew,noaa_gefs,18,Rain_mm_sum,27,3.8000001087784767
gep18,00,2026-02-19,2026-03-18,gcrew,noaa_gefs,18,ShortwaveRadiation_Wm2,27,206
gep18,00,2026-02-19,2026-03-18,gcrew,noaa_gefs,18,WindSpeed_ms_mean,27,4.913507346762998
gep18,00,2026-02-19,2026-03-19,gcrew,noaa_gefs,18,AirTemp_C_mean,28,9.271661376953148
gep18,00,2026-02-19,2026-03-19,gcrew,noaa_gefs,18,Pressure_Pa,28,100716.333984375
gep18,00,2026-02-19,2026-03-19,gcrew,noaa_gefs,18,RH_percent_mean,28,78.55448150634766
gep18,00,2026-02-19,2026-03-19,gcrew,noaa_gefs,18,Rain_mm_sum,28,0.20000000298023224
gep18,00,2026-02-19,2026-03-19,gcrew,noaa_gefs,18,ShortwaveRadiation_Wm2,28,176
gep18,00,2026-02-19,2026-03-19,gcrew,noaa_gefs,18,WindSpeed_ms_mean,28,3.502768919064772
gep18,00,2026-02-19,2026-03-20,gcrew,noaa_gefs,18,AirTemp_C_mean,29,7.4639755249023665
gep18,00,2026-02-19,2026-03-20,gcrew,noaa_gefs,18,Pressure_Pa,29,101721.220703125
gep18,00,2026-02-19,2026-03-20,gcrew,noaa_gefs,18,RH_percent_mean,29,84.32945442199707
gep18,00,2026-02-19,2026-03-20,gcrew,noaa_gefs,18,Rain_mm_sum,29,0
gep18,00,2026-02-19,2026-03-20,gcrew,noaa_gefs,18,ShortwaveRadiation_Wm2,29,225.25
gep18,00,2026-02-19,2026-03-20,gcrew,noaa_gefs,18,WindSpeed_ms_mean,29,2.4857486906504604
gep18,00,2026-02-19,2026-03-21,gcrew,noaa_gefs,18,AirTemp_C_mean,30,5.514649963378929
gep18,00,2026-02-19,2026-03-21,gcrew,noaa_gefs,18,Pressure_Pa,30,102508.27734375
gep18,00,2026-02-19,2026-03-21,gcrew,noaa_gefs,18,RH_percent_mean,30,93.17456245422363
gep18,00,2026-02-19,2026-03-21,gcrew,noaa_gefs,18,Rain_mm_sum,30,0
gep18,00,2026-02-19,2026-03-21,gcrew,noaa_gefs,18,ShortwaveRadiation_Wm2,30,231
gep18,00,2026-02-19,2026-03-21,gcrew,noaa_gefs,18,WindSpeed_ms_mean,30,3.478610201477239
gep18,00,2026-02-19,2026-03-22,gcrew,noaa_gefs,18,AirTemp_C_mean,31,8.427484130859398
gep18,00,2026-02-19,2026-03-22,gcrew,noaa_gefs,18,Pressure_Pa,31,101537.609375
gep18,00,2026-02-19,2026-03-22,gcrew,noaa_gefs,18,RH_percent_mean,31,90.99308013916016
gep18,00,2026-02-19,2026-03-22,gcrew,noaa_gefs,18,Rain_mm_sum,31,0
gep18,00,2026-02-19,2026-03-22,gcrew,noaa_gefs,18,ShortwaveRadiation_Wm2,31,169
gep18,00,2026-02-19,2026-03-22,gcrew,noaa_gefs,18,WindSpeed_ms_mean,31,7.184195750232049
gep18,00,2026-02-19,2026-03-23,gcrew,noaa_gefs,18,AirTemp_C_mean,32,8.768609619140648
gep18,00,2026-02-19,2026-03-23,gcrew,noaa_gefs,18,Pressure_Pa,32,100650.3046875
gep18,00,2026-02-19,2026-03-23,gcrew,noaa_gefs,18,RH_percent_mean,32,58.10695171356201
gep18,00,2026-02-19,2026-03-23,gcrew,noaa_gefs,18,Rain_mm_sum,32,1.3000000715255737
gep18,00,2026-02-19,2026-03-23,gcrew,noaa_gefs,18,ShortwaveRadiation_Wm2,32,266
gep18,00,2026-02-19,2026-03-23,gcrew,noaa_gefs,18,WindSpeed_ms_mean,32,7.9327389792356415
gep18,00,2026-02-19,2026-03-24,gcrew,noaa_gefs,18,AirTemp_C_mean,33,4.568719482421898
gep18,00,2026-02-19,2026-03-24,gcrew,noaa_gefs,18,Pressure_Pa,33,101528.60546875
gep18,00,2026-02-19,2026-03-24,gcrew,noaa_gefs,18,RH_percent_mean,33,52.18817710876465
gep18,00,2026-02-19,2026-03-24,gcrew,noaa_gefs,18,Rain_mm_sum,33,0
gep18,00,2026-02-19,2026-03-24,gcrew,noaa_gefs,18,ShortwaveRadiation_Wm2,33,271.25
gep18,00,2026-02-19,2026-03-24,gcrew,noaa_gefs,18,WindSpeed_ms_mean,33,5.0208112518813515
gep18,00,2026-02-19,2026-03-25,gcrew,noaa_gefs,18,AirTemp_C_mean,34,4.424745178222679
gep18,00,2026-02-19,2026-03-25,gcrew,noaa_gefs,18,Pressure_Pa,34,100896.943359375
gep18,00,2026-02-19,2026-03-25,gcrew,noaa_gefs,18,RH_percent_mean,34,73.10336017608643
gep18,00,2026-02-19,2026-03-25,gcrew,noaa_gefs,18,Rain_mm_sum,34,0.699999988079071
gep18,00,2026-02-19,2026-03-25,gcrew,noaa_gefs,18,ShortwaveRadiation_Wm2,34,168.25
gep18,00,2026-02-19,2026-03-25,gcrew,noaa_gefs,18,WindSpeed_ms_mean,34,3.448319475494018
gep19,00,2026-02-19,2026-02-20,gcrew,noaa_gefs,19,AirTemp_C_mean,1,8.60019454956057
gep19,00,2026-02-19,2026-02-20,gcrew,noaa_gefs,19,Pressure_Pa,1,100529.837890625
gep19,00,2026-02-19,2026-02-20,gcrew,noaa_gefs,19,RH_percent_mean,1,84.13147974014282
gep19,00,2026-02-19,2026-02-20,gcrew,noaa_gefs,19,Rain_mm_sum,1,7.229999907314777
gep19,00,2026-02-19,2026-02-20,gcrew,noaa_gefs,19,ShortwaveRadiation_Wm2,1,90
gep19,00,2026-02-19,2026-02-20,gcrew,noaa_gefs,19,WindSpeed_ms_mean,1,5.327480968436972
gep19,00,2026-02-19,2026-02-21,gcrew,noaa_gefs,19,AirTemp_C_mean,2,4.957093811035179
gep19,00,2026-02-19,2026-02-21,gcrew,noaa_gefs,19,Pressure_Pa,2,101362.1162109375
gep19,00,2026-02-19,2026-02-21,gcrew,noaa_gefs,19,RH_percent_mean,2,67.61050748825073
gep19,00,2026-02-19,2026-02-21,gcrew,noaa_gefs,19,Rain_mm_sum,2,0.009999999776482582
gep19,00,2026-02-19,2026-02-21,gcrew,noaa_gefs,19,ShortwaveRadiation_Wm2,2,157.375
gep19,00,2026-02-19,2026-02-21,gcrew,noaa_gefs,19,WindSpeed_ms_mean,2,2.796669875085554
gep19,00,2026-02-19,2026-02-22,gcrew,noaa_gefs,19,AirTemp_C_mean,3,1.7196746826172102
gep19,00,2026-02-19,2026-02-22,gcrew,noaa_gefs,19,Pressure_Pa,3,101743.5
gep19,00,2026-02-19,2026-02-22,gcrew,noaa_gefs,19,RH_percent_mean,3,72.97090816497803
gep19,00,2026-02-19,2026-02-22,gcrew,noaa_gefs,19,Rain_mm_sum,3,0.10000000149011612
gep19,00,2026-02-19,2026-02-22,gcrew,noaa_gefs,19,ShortwaveRadiation_Wm2,3,141.625
gep19,00,2026-02-19,2026-02-22,gcrew,noaa_gefs,19,WindSpeed_ms_mean,3,2.597666670204664
gep19,00,2026-02-19,2026-02-23,gcrew,noaa_gefs,19,AirTemp_C_mean,4,0.5413490295410384
gep19,00,2026-02-19,2026-02-23,gcrew,noaa_gefs,19,Pressure_Pa,4,101336.916015625
gep19,00,2026-02-19,2026-02-23,gcrew,noaa_gefs,19,RH_percent_mean,4,88.30583763122559
gep19,00,2026-02-19,2026-02-23,gcrew,noaa_gefs,19,Rain_mm_sum,4,6.400000065565109
gep19,00,2026-02-19,2026-02-23,gcrew,noaa_gefs,19,ShortwaveRadiation_Wm2,4,97.75
gep19,00,2026-02-19,2026-02-23,gcrew,noaa_gefs,19,WindSpeed_ms_mean,4,5.788296822041432
gep19,00,2026-02-19,2026-02-24,gcrew,noaa_gefs,19,AirTemp_C_mean,5,0.5290084838867415
gep19,00,2026-02-19,2026-02-24,gcrew,noaa_gefs,19,Pressure_Pa,5,101826.7109375
gep19,00,2026-02-19,2026-02-24,gcrew,noaa_gefs,19,RH_percent_mean,5,67.53751993179321
gep19,00,2026-02-19,2026-02-24,gcrew,noaa_gefs,19,Rain_mm_sum,5,0.10000000149011612
gep19,00,2026-02-19,2026-02-24,gcrew,noaa_gefs,19,ShortwaveRadiation_Wm2,5,205.75
gep19,00,2026-02-19,2026-02-24,gcrew,noaa_gefs,19,WindSpeed_ms_mean,5,4.922516373996911
gep19,00,2026-02-19,2026-02-25,gcrew,noaa_gefs,19,AirTemp_C_mean,6,4.261026000976585
gep19,00,2026-02-19,2026-02-25,gcrew,noaa_gefs,19,Pressure_Pa,6,101437.8994140625
gep19,00,2026-02-19,2026-02-25,gcrew,noaa_gefs,19,RH_percent_mean,6,64.63713264465332
gep19,00,2026-02-19,2026-02-25,gcrew,noaa_gefs,19,Rain_mm_sum,6,0.5000000149011612
gep19,00,2026-02-19,2026-02-25,gcrew,noaa_gefs,19,ShortwaveRadiation_Wm2,6,123.375
gep19,00,2026-02-19,2026-02-25,gcrew,noaa_gefs,19,WindSpeed_ms_mean,6,4.7829481823237945
gep19,00,2026-02-19,2026-02-26,gcrew,noaa_gefs,19,AirTemp_C_mean,7,7.054109191894554
gep19,00,2026-02-19,2026-02-26,gcrew,noaa_gefs,19,Pressure_Pa,7,101322.2197265625
gep19,00,2026-02-19,2026-02-26,gcrew,noaa_gefs,19,RH_percent_mean,7,73.60764694213867
gep19,00,2026-02-19,2026-02-26,gcrew,noaa_gefs,19,Rain_mm_sum,7,1.6900000274181366
gep19,00,2026-02-19,2026-02-26,gcrew,noaa_gefs,19,ShortwaveRadiation_Wm2,7,169.75
gep19,00,2026-02-19,2026-02-26,gcrew,noaa_gefs,19,WindSpeed_ms_mean,7,4.3598277703380175
gep19,00,2026-02-19,2026-02-27,gcrew,noaa_gefs,19,AirTemp_C_mean,8,2.5398727416992415
gep19,00,2026-02-19,2026-02-27,gcrew,noaa_gefs,19,Pressure_Pa,8,101330.2099609375
gep19,00,2026-02-19,2026-02-27,gcrew,noaa_gefs,19,RH_percent_mean,8,90.59297943115234
gep19,00,2026-02-19,2026-02-27,gcrew,noaa_gefs,19,Rain_mm_sum,8,41.3899998255074
gep19,00,2026-02-19,2026-02-27,gcrew,noaa_gefs,19,ShortwaveRadiation_Wm2,8,16.875
gep19,00,2026-02-19,2026-02-27,gcrew,noaa_gefs,19,WindSpeed_ms_mean,8,3.173158734850934
gep19,00,2026-02-19,2026-02-28,gcrew,noaa_gefs,19,AirTemp_C_mean,9,6.081576102120558
gep19,00,2026-02-19,2026-02-28,gcrew,noaa_gefs,19,Pressure_Pa,9,100991.2890625
gep19,00,2026-02-19,2026-02-28,gcrew,noaa_gefs,19,RH_percent_mean,9,89.50826699393136
gep19,00,2026-02-19,2026-02-28,gcrew,noaa_gefs,19,Rain_mm_sum,9,6.939999997615814
gep19,00,2026-02-19,2026-02-28,gcrew,noaa_gefs,19,ShortwaveRadiation_Wm2,9,198.71428571428572
gep19,00,2026-02-19,2026-02-28,gcrew,noaa_gefs,19,WindSpeed_ms_mean,9,2.371464473414071
gep19,00,2026-02-19,2026-03-01,gcrew,noaa_gefs,19,AirTemp_C_mean,10,3.9153381347656477
gep19,00,2026-02-19,2026-03-01,gcrew,noaa_gefs,19,Pressure_Pa,10,102000.736328125
gep19,00,2026-02-19,2026-03-01,gcrew,noaa_gefs,19,RH_percent_mean,10,64.10819625854492
gep19,00,2026-02-19,2026-03-01,gcrew,noaa_gefs,19,Rain_mm_sum,10,0
gep19,00,2026-02-19,2026-03-01,gcrew,noaa_gefs,19,ShortwaveRadiation_Wm2,10,214
gep19,00,2026-02-19,2026-03-01,gcrew,noaa_gefs,19,WindSpeed_ms_mean,10,3.7106248775369783
gep19,00,2026-02-19,2026-03-02,gcrew,noaa_gefs,19,AirTemp_C_mean,11,2.6448913574218977
gep19,00,2026-02-19,2026-03-02,gcrew,noaa_gefs,19,Pressure_Pa,11,101992.7734375
gep19,00,2026-02-19,2026-03-02,gcrew,noaa_gefs,19,RH_percent_mean,11,80.4185619354248
gep19,00,2026-02-19,2026-03-02,gcrew,noaa_gefs,19,Rain_mm_sum,11,1.7000000327825546
gep19,00,2026-02-19,2026-03-02,gcrew,noaa_gefs,19,ShortwaveRadiation_Wm2,11,22.5
gep19,00,2026-02-19,2026-03-02,gcrew,noaa_gefs,19,WindSpeed_ms_mean,11,3.8287651590698437
gep19,00,2026-02-19,2026-03-03,gcrew,noaa_gefs,19,AirTemp_C_mean,12,13.411950683593773
gep19,00,2026-02-19,2026-03-03,gcrew,noaa_gefs,19,Pressure_Pa,12,101091.162109375
gep19,00,2026-02-19,2026-03-03,gcrew,noaa_gefs,19,RH_percent_mean,12,90.47667694091797
gep19,00,2026-02-19,2026-03-03,gcrew,noaa_gefs,19,Rain_mm_sum,12,3.1000000834465027
gep19,00,2026-02-19,2026-03-03,gcrew,noaa_gefs,19,ShortwaveRadiation_Wm2,12,146
gep19,00,2026-02-19,2026-03-03,gcrew,noaa_gefs,19,WindSpeed_ms_mean,12,5.012968706083463
gep19,00,2026-02-19,2026-03-04,gcrew,noaa_gefs,19,AirTemp_C_mean,13,8.065553283691429
gep19,00,2026-02-19,2026-03-04,gcrew,noaa_gefs,19,Pressure_Pa,13,102178.892578125
gep19,00,2026-02-19,2026-03-04,gcrew,noaa_gefs,19,RH_percent_mean,13,90.09021759033203
gep19,00,2026-02-19,2026-03-04,gcrew,noaa_gefs,19,Rain_mm_sum,13,6.300000101327896
gep19,00,2026-02-19,2026-03-04,gcrew,noaa_gefs,19,ShortwaveRadiation_Wm2,13,25
gep19,00,2026-02-19,2026-03-04,gcrew,noaa_gefs,19,WindSpeed_ms_mean,13,3.9570483623648522
gep19,00,2026-02-19,2026-03-05,gcrew,noaa_gefs,19,AirTemp_C_mean,14,12.227571105957054
gep19,00,2026-02-19,2026-03-05,gcrew,noaa_gefs,19,Pressure_Pa,14,101463.474609375
gep19,00,2026-02-19,2026-03-05,gcrew,noaa_gefs,19,RH_percent_mean,14,91.76033973693848
gep19,00,2026-02-19,2026-03-05,gcrew,noaa_gefs,19,Rain_mm_sum,14,2.4999999925494194
gep19,00,2026-02-19,2026-03-05,gcrew,noaa_gefs,19,ShortwaveRadiation_Wm2,14,89.75
gep19,00,2026-02-19,2026-03-05,gcrew,noaa_gefs,19,WindSpeed_ms_mean,14,6.039026367710616
gep19,00,2026-02-19,2026-03-06,gcrew,noaa_gefs,19,AirTemp_C_mean,15,0.883576965332054
gep19,00,2026-02-19,2026-03-06,gcrew,noaa_gefs,19,Pressure_Pa,15,101621.16796875
gep19,00,2026-02-19,2026-03-06,gcrew,noaa_gefs,19,RH_percent_mean,15,92.8342227935791
gep19,00,2026-02-19,2026-03-06,gcrew,noaa_gefs,19,Rain_mm_sum,15,37.30000019073486
gep19,00,2026-02-19,2026-03-06,gcrew,noaa_gefs,19,ShortwaveRadiation_Wm2,15,17.5
gep19,00,2026-02-19,2026-03-06,gcrew,noaa_gefs,19,WindSpeed_ms_mean,15,6.799946731139411
gep19,00,2026-02-19,2026-03-07,gcrew,noaa_gefs,19,AirTemp_C_mean,16,-1.2620071411132585
gep19,00,2026-02-19,2026-03-07,gcrew,noaa_gefs,19,Pressure_Pa,16,102783.318359375
gep19,00,2026-02-19,2026-03-07,gcrew,noaa_gefs,19,RH_percent_mean,16,79.86228942871094
gep19,00,2026-02-19,2026-03-07,gcrew,noaa_gefs,19,Rain_mm_sum,16,0
gep19,00,2026-02-19,2026-03-07,gcrew,noaa_gefs,19,ShortwaveRadiation_Wm2,16,231.5
gep19,00,2026-02-19,2026-03-07,gcrew,noaa_gefs,19,WindSpeed_ms_mean,16,3.336420955691156
gep19,00,2026-02-19,2026-03-08,gcrew,noaa_gefs,19,AirTemp_C_mean,17,2.6822448730468977
gep19,00,2026-02-19,2026-03-08,gcrew,noaa_gefs,19,Pressure_Pa,17,102794.392578125
gep19,00,2026-02-19,2026-03-08,gcrew,noaa_gefs,19,RH_percent_mean,17,80.685150146484375
gep19,00,2026-02-19,2026-03-08,gcrew,noaa_gefs,19,Rain_mm_sum,17,0
gep19,00,2026-02-19,2026-03-08,gcrew,noaa_gefs,19,ShortwaveRadiation_Wm2,17,218.75
gep19,00,2026-02-19,2026-03-08,gcrew,noaa_gefs,19,WindSpeed_ms_mean,17,2.011765155426912
gep19,00,2026-02-19,2026-03-09,gcrew,noaa_gefs,19,AirTemp_C_mean,18,2.2363754272461165
gep19,00,2026-02-19,2026-03-09,gcrew,noaa_gefs,19,Pressure_Pa,18,102708.865234375
gep19,00,2026-02-19,2026-03-09,gcrew,noaa_gefs,19,RH_percent_mean,18,88.49076080322266
gep19,00,2026-02-19,2026-03-09,gcrew,noaa_gefs,19,Rain_mm_sum,18,0
gep19,00,2026-02-19,2026-03-09,gcrew,noaa_gefs,19,ShortwaveRadiation_Wm2,18,190.5
gep19,00,2026-02-19,2026-03-09,gcrew,noaa_gefs,19,WindSpeed_ms_mean,18,2.926777667971675
gep19,00,2026-02-19,2026-03-10,gcrew,noaa_gefs,19,AirTemp_C_mean,19,3.077027893066429
gep19,00,2026-02-19,2026-03-10,gcrew,noaa_gefs,19,Pressure_Pa,19,101449.376953125
gep19,00,2026-02-19,2026-03-10,gcrew,noaa_gefs,19,RH_percent_mean,19,97.0867977142334
gep19,00,2026-02-19,2026-03-10,gcrew,noaa_gefs,19,Rain_mm_sum,19,20.30000078678131
gep19,00,2026-02-19,2026-03-10,gcrew,noaa_gefs,19,ShortwaveRadiation_Wm2,19,12.25
gep19,00,2026-02-19,2026-03-10,gcrew,noaa_gefs,19,WindSpeed_ms_mean,19,2.16738045229572
gep19,00,2026-02-19,2026-03-11,gcrew,noaa_gefs,19,AirTemp_C_mean,20,2.4423767089843977
gep19,00,2026-02-19,2026-03-11,gcrew,noaa_gefs,19,Pressure_Pa,20,101607.31640625
gep19,00,2026-02-19,2026-03-11,gcrew,noaa_gefs,19,RH_percent_mean,20,73.54477119445801
gep19,00,2026-02-19,2026-03-11,gcrew,noaa_gefs,19,Rain_mm_sum,20,0
gep19,00,2026-02-19,2026-03-11,gcrew,noaa_gefs,19,ShortwaveRadiation_Wm2,20,216.25
gep19,00,2026-02-19,2026-03-11,gcrew,noaa_gefs,19,WindSpeed_ms_mean,20,3.965489202739927
gep19,00,2026-02-19,2026-03-12,gcrew,noaa_gefs,19,AirTemp_C_mean,21,5.346345520019554
gep19,00,2026-02-19,2026-03-12,gcrew,noaa_gefs,19,Pressure_Pa,21,101774.470703125
gep19,00,2026-02-19,2026-03-12,gcrew,noaa_gefs,19,RH_percent_mean,21,70.26903629302979
gep19,00,2026-02-19,2026-03-12,gcrew,noaa_gefs,19,Rain_mm_sum,21,0
gep19,00,2026-02-19,2026-03-12,gcrew,noaa_gefs,19,ShortwaveRadiation_Wm2,21,234.5
gep19,00,2026-02-19,2026-03-12,gcrew,noaa_gefs,19,WindSpeed_ms_mean,21,4.989251373860443
gep19,00,2026-02-19,2026-03-13,gcrew,noaa_gefs,19,AirTemp_C_mean,22,0.404817199707054
gep19,00,2026-02-19,2026-03-13,gcrew,noaa_gefs,19,Pressure_Pa,22,103084.677734375
gep19,00,2026-02-19,2026-03-13,gcrew,noaa_gefs,19,RH_percent_mean,22,59.94519805908203
gep19,00,2026-02-19,2026-03-13,gcrew,noaa_gefs,19,Rain_mm_sum,22,0
gep19,00,2026-02-19,2026-03-13,gcrew,noaa_gefs,19,ShortwaveRadiation_Wm2,22,246.75
gep19,00,2026-02-19,2026-03-13,gcrew,noaa_gefs,19,WindSpeed_ms_mean,22,3.9252923447424357
gep19,00,2026-02-19,2026-03-14,gcrew,noaa_gefs,19,AirTemp_C_mean,23,2.2103439331054915
gep19,00,2026-02-19,2026-03-14,gcrew,noaa_gefs,19,Pressure_Pa,23,103257.919921875
gep19,00,2026-02-19,2026-03-14,gcrew,noaa_gefs,19,RH_percent_mean,23,65.69925880432129
gep19,00,2026-02-19,2026-03-14,gcrew,noaa_gefs,19,Rain_mm_sum,23,0
gep19,00,2026-02-19,2026-03-14,gcrew,noaa_gefs,19,ShortwaveRadiation_Wm2,23,192.25
gep19,00,2026-02-19,2026-03-14,gcrew,noaa_gefs,19,WindSpeed_ms_mean,23,3.0252771415459634
gep19,00,2026-02-19,2026-03-15,gcrew,noaa_gefs,19,AirTemp_C_mean,24,4.8394332885742415
gep19,00,2026-02-19,2026-03-15,gcrew,noaa_gefs,19,Pressure_Pa,24,102069.697265625
gep19,00,2026-02-19,2026-03-15,gcrew,noaa_gefs,19,RH_percent_mean,24,91.6884937286377
gep19,00,2026-02-19,2026-03-15,gcrew,noaa_gefs,19,Rain_mm_sum,24,6.8000001311302185
gep19,00,2026-02-19,2026-03-15,gcrew,noaa_gefs,19,ShortwaveRadiation_Wm2,24,9.75
gep19,00,2026-02-19,2026-03-15,gcrew,noaa_gefs,19,WindSpeed_ms_mean,24,4.914185923582207
gep19,00,2026-02-19,2026-03-16,gcrew,noaa_gefs,19,AirTemp_C_mean,25,6.88092956542971
gep19,00,2026-02-19,2026-03-16,gcrew,noaa_gefs,19,Pressure_Pa,25,100852.091796875
gep19,00,2026-02-19,2026-03-16,gcrew,noaa_gefs,19,RH_percent_mean,25,93.64601707458496
gep19,00,2026-02-19,2026-03-16,gcrew,noaa_gefs,19,Rain_mm_sum,25,0.10000000149011612
gep19,00,2026-02-19,2026-03-16,gcrew,noaa_gefs,19,ShortwaveRadiation_Wm2,25,137
gep19,00,2026-02-19,2026-03-16,gcrew,noaa_gefs,19,WindSpeed_ms_mean,25,2.385226343506775
gep19,00,2026-02-19,2026-03-17,gcrew,noaa_gefs,19,AirTemp_C_mean,26,8.267533874511741
gep19,00,2026-02-19,2026-03-17,gcrew,noaa_gefs,19,Pressure_Pa,26,100826.765625
gep19,00,2026-02-19,2026-03-17,gcrew,noaa_gefs,19,RH_percent_mean,26,91.60923194885254
gep19,00,2026-02-19,2026-03-17,gcrew,noaa_gefs,19,Rain_mm_sum,26,0
gep19,00,2026-02-19,2026-03-17,gcrew,noaa_gefs,19,ShortwaveRadiation_Wm2,26,223.75
gep19,00,2026-02-19,2026-03-17,gcrew,noaa_gefs,19,WindSpeed_ms_mean,26,2.241015530837425
gep19,00,2026-02-19,2026-03-18,gcrew,noaa_gefs,19,AirTemp_C_mean,27,11.309526062011741
gep19,00,2026-02-19,2026-03-18,gcrew,noaa_gefs,19,Pressure_Pa,27,100366.421875
gep19,00,2026-02-19,2026-03-18,gcrew,noaa_gefs,19,RH_percent_mean,27,80.98326683044434
gep19,00,2026-02-19,2026-03-18,gcrew,noaa_gefs,19,Rain_mm_sum,27,3.8000001087784767
gep19,00,2026-02-19,2026-03-18,gcrew,noaa_gefs,19,ShortwaveRadiation_Wm2,27,206
gep19,00,2026-02-19,2026-03-18,gcrew,noaa_gefs,19,WindSpeed_ms_mean,27,4.913507346762998
gep19,00,2026-02-19,2026-03-19,gcrew,noaa_gefs,19,AirTemp_C_mean,28,9.271661376953148
gep19,00,2026-02-19,2026-03-19,gcrew,noaa_gefs,19,Pressure_Pa,28,100716.333984375
gep19,00,2026-02-19,2026-03-19,gcrew,noaa_gefs,19,RH_percent_mean,28,78.55448150634766
gep19,00,2026-02-19,2026-03-19,gcrew,noaa_gefs,19,Rain_mm_sum,28,0.20000000298023224
gep19,00,2026-02-19,2026-03-19,gcrew,noaa_gefs,19,ShortwaveRadiation_Wm2,28,176
gep19,00,2026-02-19,2026-03-19,gcrew,noaa_gefs,19,WindSpeed_ms_mean,28,3.502768919064772
gep19,00,2026-02-19,2026-03-20,gcrew,noaa_gefs,19,AirTemp_C_mean,29,7.4639755249023665
gep19,00,2026-02-19,2026-03-20,gcrew,noaa_gefs,19,Pressure_Pa,29,101721.220703125
gep19,00,2026-02-19,2026-03-20,gcrew,noaa_gefs,19,RH_percent_mean,29,84.32945442199707
gep19,00,2026-02-19,2026-03-20,gcrew,noaa_gefs,19,Rain_mm_sum,29,0
gep19,00,2026-02-19,2026-03-20,gcrew,noaa_gefs,19,ShortwaveRadiation_Wm2,29,225.25
gep19,00,2026-02-19,2026-03-20,gcrew,noaa_gefs,19,WindSpeed_ms_mean,29,2.4857486906504604
gep19,00,2026-02-19,2026-03-21,gcrew,noaa_gefs,19,AirTemp_C_mean,30,5.514649963378929
gep19,00,2026-02-19,2026-03-21,gcrew,noaa_gefs,19,Pressure_Pa,30,102508.27734375
gep19,00,2026-02-19,2026-03-21,gcrew,noaa_gefs,19,RH_percent_mean,30,93.17456245422363
gep19,00,2026-02-19,2026-03-21,gcrew,noaa_gefs,19,Rain_mm_sum,30,0
gep19,00,2026-02-19,2026-03-21,gcrew,noaa_gefs,19,ShortwaveRadiation_Wm2,30,231
gep19,00,2026-02-19,2026-03-21,gcrew,noaa_gefs,19,WindSpeed_ms_mean,30,3.478610201477239
gep19,00,2026-02-19,2026-03-22,gcrew,noaa_gefs,19,AirTemp_C_mean,31,8.427484130859398
gep19,00,2026-02-19,2026-03-22,gcrew,noaa_gefs,19,Pressure_Pa,31,101537.609375
gep19,00,2026-02-19,2026-03-22,gcrew,noaa_gefs,19,RH_percent_mean,31,90.99308013916016
gep19,00,2026-02-19,2026-03-22,gcrew,noaa_gefs,19,Rain_mm_sum,31,0
gep19,00,2026-02-19,2026-03-22,gcrew,noaa_gefs,19,ShortwaveRadiation_Wm2,31,169
gep19,00,2026-02-19,2026-03-22,gcrew,noaa_gefs,19,WindSpeed_ms_mean,31,7.184195750232049
gep19,00,2026-02-19,2026-03-23,gcrew,noaa_gefs,19,AirTemp_C_mean,32,8.768609619140648
gep19,00,2026-02-19,2026-03-23,gcrew,noaa_gefs,19,Pressure_Pa,32,100650.3046875
gep19,00,2026-02-19,2026-03-23,gcrew,noaa_gefs,19,RH_percent_mean,32,58.10695171356201
gep19,00,2026-02-19,2026-03-23,gcrew,noaa_gefs,19,Rain_mm_sum,32,1.3000000715255737
gep19,00,2026-02-19,2026-03-23,gcrew,noaa_gefs,19,ShortwaveRadiation_Wm2,32,266
gep19,00,2026-02-19,2026-03-23,gcrew,noaa_gefs,19,WindSpeed_ms_mean,32,7.9327389792356415
gep19,00,2026-02-19,2026-03-24,gcrew,noaa_gefs,19,AirTemp_C_mean,33,4.568719482421898
gep19,00,2026-02-19,2026-03-24,gcrew,noaa_gefs,19,Pressure_Pa,33,101528.60546875
gep19,00,2026-02-19,2026-03-24,gcrew,noaa_gefs,19,RH_percent_mean,33,52.18817710876465
gep19,00,2026-02-19,2026-03-24,gcrew,noaa_gefs,19,Rain_mm_sum,33,0
gep19,00,2026-02-19,2026-03-24,gcrew,noaa_gefs,19,ShortwaveRadiation_Wm2,33,271.25
gep19,00,2026-02-19,2026-03-24,gcrew,noaa_gefs,19,WindSpeed_ms_mean,33,5.0208112518813515
gep19,00,2026-02-19,2026-03-25,gcrew,noaa_gefs,19,AirTemp_C_mean,34,4.424745178222679
gep19,00,2026-02-19,2026-03-25,gcrew,noaa_gefs,19,Pressure_Pa,34,100896.943359375
gep19,00,2026-02-19,2026-03-25,gcrew,noaa_gefs,19,RH_percent_mean,34,73.10336017608643
gep19,00,2026-02-19,2026-03-25,gcrew,noaa_gefs,19,Rain_mm_sum,34,0.699999988079071
gep19,00,2026-02-19,2026-03-25,gcrew,noaa_gefs,19,ShortwaveRadiation_Wm2,34,168.25
gep19,00,2026-02-19,2026-03-25,gcrew,noaa_gefs,19,WindSpeed_ms_mean,34,3.448319475494018
gep20,00,2026-02-19,2026-02-20,gcrew,noaa_gefs,20,AirTemp_C_mean,1,8.60019454956057
gep20,00,2026-02-19,2026-02-20,gcrew,noaa_gefs,20,Pressure_Pa,1,100529.837890625
gep20,00,2026-02-19,2026-02-20,gcrew,noaa_gefs,20,RH_percent_mean,1,84.13147974014282
gep20,00,2026-02-19,2026-02-20,gcrew,noaa_gefs,20,Rain_mm_sum,1,7.229999907314777
gep20,00,2026-02-19,2026-02-20,gcrew,noaa_gefs,20,ShortwaveRadiation_Wm2,1,90
gep20,00,2026-02-19,2026-02-20,gcrew,noaa_gefs,20,WindSpeed_ms_mean,1,5.327480968436972
gep20,00,2026-02-19,2026-02-21,gcrew,noaa_gefs,20,AirTemp_C_mean,2,4.957093811035179
gep20,00,2026-02-19,2026-02-21,gcrew,noaa_gefs,20,Pressure_Pa,2,101362.1162109375
gep20,00,2026-02-19,2026-02-21,gcrew,noaa_gefs,20,RH_percent_mean,2,67.61050748825073
gep20,00,2026-02-19,2026-02-21,gcrew,noaa_gefs,20,Rain_mm_sum,2,0.009999999776482582
gep20,00,2026-02-19,2026-02-21,gcrew,noaa_gefs,20,ShortwaveRadiation_Wm2,2,157.375
gep20,00,2026-02-19,2026-02-21,gcrew,noaa_gefs,20,WindSpeed_ms_mean,2,2.796669875085554
gep20,00,2026-02-19,2026-02-22,gcrew,noaa_gefs,20,AirTemp_C_mean,3,1.7196746826172102
gep20,00,2026-02-19,2026-02-22,gcrew,noaa_gefs,20,Pressure_Pa,3,101743.5
gep20,00,2026-02-19,2026-02-22,gcrew,noaa_gefs,20,RH_percent_mean,3,72.97090816497803
gep20,00,2026-02-19,2026-02-22,gcrew,noaa_gefs,20,Rain_mm_sum,3,0.10000000149011612
gep20,00,2026-02-19,2026-02-22,gcrew,noaa_gefs,20,ShortwaveRadiation_Wm2,3,141.625
gep20,00,2026-02-19,2026-02-22,gcrew,noaa_gefs,20,WindSpeed_ms_mean,3,2.597666670204664
gep20,00,2026-02-19,2026-02-23,gcrew,noaa_gefs,20,AirTemp_C_mean,4,0.5413490295410384
gep20,00,2026-02-19,2026-02-23,gcrew,noaa_gefs,20,Pressure_Pa,4,101336.916015625
gep20,00,2026-02-19,2026-02-23,gcrew,noaa_gefs,20,RH_percent_mean,4,88.30583763122559
gep20,00,2026-02-19,2026-02-23,gcrew,noaa_gefs,20,Rain_mm_sum,4,6.400000065565109
gep20,00,2026-02-19,2026-02-23,gcrew,noaa_gefs,20,ShortwaveRadiation_Wm2,4,97.75
gep20,00,2026-02-19,2026-02-23,gcrew,noaa_gefs,20,WindSpeed_ms_mean,4,5.788296822041432
gep20,00,2026-02-19,2026-02-24,gcrew,noaa_gefs,20,AirTemp_C_mean,5,0.5290084838867415
gep20,00,2026-02-19,2026-02-24,gcrew,noaa_gefs,20,Pressure_Pa,5,101826.7109375
gep20,00,2026-02-19,2026-02-24,gcrew,noaa_gefs,20,RH_percent_mean,5,67.53751993179321
gep20,00,2026-02-19,2026-02-24,gcrew,noaa_gefs,20,Rain_mm_sum,5,0.10000000149011612
gep20,00,2026-02-19,2026-02-24,gcrew,noaa_gefs,20,ShortwaveRadiation_Wm2,5,205.75
gep20,00,2026-02-19,2026-02-24,gcrew,noaa_gefs,20,WindSpeed_ms_mean,5,4.922516373996911
gep20,00,2026-02-19,2026-02-25,gcrew,noaa_gefs,20,AirTemp_C_mean,6,4.261026000976585
gep20,00,2026-02-19,2026-02-25,gcrew,noaa_gefs,20,Pressure_Pa,6,101437.8994140625
gep20,00,2026-02-19,2026-02-25,gcrew,noaa_gefs,20,RH_percent_mean,6,64.63713264465332
gep20,00,2026-02-19,2026-02-25,gcrew,noaa_gefs,20,Rain_mm_sum,6,0.5000000149011612
gep20,00,2026-02-19,2026-02-25,gcrew,noaa_gefs,20,ShortwaveRadiation_Wm2,6,123.375
gep20,00,2026-02-19,2026-02-25,gcrew,noaa_gefs,20,WindSpeed_ms_mean,6,4.7829481823237945
gep20,00,2026-02-19,2026-02-26,gcrew,noaa_gefs,20,AirTemp_C_mean,7,7.054109191894554
gep20,00,2026-02-19,2026-02-26,gcrew,noaa_gefs,20,Pressure_Pa,7,101322.2197265625
gep20,00,2026-02-19,2026-02-26,gcrew,noaa_gefs,20,RH_percent_mean,7,73.60764694213867
gep20,00,2026-02-19,2026-02-26,gcrew,noaa_gefs,20,Rain_mm_sum,7,1.6900000274181366
gep20,00,2026-02-19,2026-02-26,gcrew,noaa_gefs,20,ShortwaveRadiation_Wm2,7,169.75
gep20,00,2026-02-19,2026-02-26,gcrew,noaa_gefs,20,WindSpeed_ms_mean,7,4.3598277703380175
gep20,00,2026-02-19,2026-02-27,gcrew,noaa_gefs,20,AirTemp_C_mean,8,2.5398727416992415
gep20,00,2026-02-19,2026-02-27,gcrew,noaa_gefs,20,Pressure_Pa,8,101330.2099609375
gep20,00,2026-02-19,2026-02-27,gcrew,noaa_gefs,20,RH_percent_mean,8,90.59297943115234
gep20,00,2026-02-19,2026-02-27,gcrew,noaa_gefs,20,Rain_mm_sum,8,41.3899998255074
gep20,00,2026-02-19,2026-02-27,gcrew,noaa_gefs,20,ShortwaveRadiation_Wm2,8,16.875
gep20,00,2026-02-19,2026-02-27,gcrew,noaa_gefs,20,WindSpeed_ms_mean,8,3.173158734850934
gep20,00,2026-02-19,2026-02-28,gcrew,noaa_gefs,20,AirTemp_C_mean,9,6.081576102120558
gep20,00,2026-02-19,2026-02-28,gcrew,noaa_gefs,20,Pressure_Pa,9,100991.2890625
gep20,00,2026-02-19,2026-02-28,gcrew,noaa_gefs,20,RH_percent_mean,9,89.50826699393136
gep20,00,2026-02-19,2026-02-28,gcrew,noaa_gefs,20,Rain_mm_sum,9,6.939999997615814
gep20,00,2026-02-19,2026-02-28,gcrew,noaa_gefs,20,ShortwaveRadiation_Wm2,9,198.71428571428572
gep20,00,2026-02-19,2026-02-28,gcrew,noaa_gefs,20,WindSpeed_ms_mean,9,2.371464473414071
gep20,00,2026-02-19,2026-03-01,gcrew,noaa_gefs,20,AirTemp_C_mean,10,3.9153381347656477
gep20,00,2026-02-19,2026-03-01,gcrew,noaa_gefs,20,Pressure_Pa,10,102000.736328125
gep20,00,2026-02-19,2026-03-01,gcrew,noaa_gefs,20,RH_percent_mean,10,64.10819625854492
gep20,00,2026-02-19,2026-03-01,gcrew,noaa_gefs,20,Rain_mm_sum,10,0
gep20,00,2026-02-19,2026-03-01,gcrew,noaa_gefs,20,ShortwaveRadiation_Wm2,10,214
gep20,00,2026-02-19,2026-03-01,gcrew,noaa_gefs,20,WindSpeed_ms_mean,10,3.7106248775369783
gep20,00,2026-02-19,2026-03-02,gcrew,noaa_gefs,20,AirTemp_C_mean,11,2.6448913574218977
gep20,00,2026-02-19,2026-03-02,gcrew,noaa_gefs,20,Pressure_Pa,11,101992.7734375
gep20,00,2026-02-19,2026-03-02,gcrew,noaa_gefs,20,RH_percent_mean,11,80.4185619354248
gep20,00,2026-02-19,2026-03-02,gcrew,noaa_gefs,20,Rain_mm_sum,11,1.7000000327825546
gep20,00,2026-02-19,2026-03-02,gcrew,noaa_gefs,20,ShortwaveRadiation_Wm2,11,22.5
gep20,00,2026-02-19,2026-03-02,gcrew,noaa_gefs,20,WindSpeed_ms_mean,11,3.8287651590698437
gep20,00,2026-02-19,2026-03-03,gcrew,noaa_gefs,20,AirTemp_C_mean,12,13.411950683593773
gep20,00,2026-02-19,2026-03-03,gcrew,noaa_gefs,20,Pressure_Pa,12,101091.162109375
gep20,00,2026-02-19,2026-03-03,gcrew,noaa_gefs,20,RH_percent_mean,12,90.47667694091797
gep20,00,2026-02-19,2026-03-03,gcrew,noaa_gefs,20,Rain_mm_sum,12,3.1000000834465027
gep20,00,2026-02-19,2026-03-03,gcrew,noaa_gefs,20,ShortwaveRadiation_Wm2,12,146
gep20,00,2026-02-19,2026-03-03,gcrew,noaa_gefs,20,WindSpeed_ms_mean,12,5.012968706083463
gep20,00,2026-02-19,2026-03-04,gcrew,noaa_gefs,20,AirTemp_C_mean,13,8.065553283691429
gep20,00,2026-02-19,2026-03-04,gcrew,noaa_gefs,20,Pressure_Pa,13,102178.892578125
gep20,00,2026-02-19,2026-03-04,gcrew,noaa_gefs,20,RH_percent_mean,13,90.09021759033203
gep20,00,2026-02-19,2026-03-04,gcrew,noaa_gefs,20,Rain_mm_sum,13,6.300000101327896
gep20,00,2026-02-19,2026-03-04,gcrew,noaa_gefs,20,ShortwaveRadiation_Wm2,13,25
gep20,00,2026-02-19,2026-03-04,gcrew,noaa_gefs,20,WindSpeed_ms_mean,13,3.9570483623648522
gep20,00,2026-02-19,2026-03-05,gcrew,noaa_gefs,20,AirTemp_C_mean,14,12.227571105957054
gep20,00,2026-02-19,2026-03-05,gcrew,noaa_gefs,20,Pressure_Pa,14,101463.474609375
gep20,00,2026-02-19,2026-03-05,gcrew,noaa_gefs,20,RH_percent_mean,14,91.76033973693848
gep20,00,2026-02-19,2026-03-05,gcrew,noaa_gefs,20,Rain_mm_sum,14,2.4999999925494194
gep20,00,2026-02-19,2026-03-05,gcrew,noaa_gefs,20,ShortwaveRadiation_Wm2,14,89.75
gep20,00,2026-02-19,2026-03-05,gcrew,noaa_gefs,20,WindSpeed_ms_mean,14,6.039026367710616
gep20,00,2026-02-19,2026-03-06,gcrew,noaa_gefs,20,AirTemp_C_mean,15,0.883576965332054
gep20,00,2026-02-19,2026-03-06,gcrew,noaa_gefs,20,Pressure_Pa,15,101621.16796875
gep20,00,2026-02-19,2026-03-06,gcrew,noaa_gefs,20,RH_percent_mean,15,92.8342227935791
gep20,00,2026-02-19,2026-03-06,gcrew,noaa_gefs,20,Rain_mm_sum,15,37.30000019073486
gep20,00,2026-02-19,2026-03-06,gcrew,noaa_gefs,20,ShortwaveRadiation_Wm2,15,17.5
gep20,00,2026-02-19,2026-03-06,gcrew,noaa_gefs,20,WindSpeed_ms_mean,15,6.799946731139411
gep20,00,2026-02-19,2026-03-07,gcrew,noaa_gefs,20,AirTemp_C_mean,16,-1.2620071411132585
gep20,00,2026-02-19,2026-03-07,gcrew,noaa_gefs,20,Pressure_Pa,16,102783.318359375
gep20,00,2026-02-19,2026-03-07,gcrew,noaa_gefs,20,RH_percent_mean,16,79.86228942871094
gep20,00,2026-02-19,2026-03-07,gcrew,noaa_gefs,20,Rain_mm_sum,16,0
gep20,00,2026-02-19,2026-03-07,gcrew,noaa_gefs,20,ShortwaveRadiation_Wm2,16,231.5
gep20,00,2026-02-19,2026-03-07,gcrew,noaa_gefs,20,WindSpeed_ms_mean,16,3.336420955691156
gep20,00,2026-02-19,2026-03-08,gcrew,noaa_gefs,20,AirTemp_C_mean,17,2.6822448730468977
gep20,00,2026-02-19,2026-03-08,gcrew,noaa_gefs,20,Pressure_Pa,17,102794.392578125
gep20,00,2026-02-19,2026-03-08,gcrew,noaa_gefs,20,RH_percent_mean,17,80.685150146484375
gep20,00,2026-02-19,2026-03-08,gcrew,noaa_gefs,20,Rain_mm_sum,17,0
gep20,00,2026-02-19,2026-03-08,gcrew,noaa_gefs,20,ShortwaveRadiation_Wm2,17,218.75
gep20,00,2026-02-19,2026-03-08,gcrew,noaa_gefs,20,WindSpeed_ms_mean,17,2.011765155426912
gep20,00,2026-02-19,2026-03-09,gcrew,noaa_gefs,20,AirTemp_C_mean,18,2.2363754272461165
gep20,00,2026-02-19,2026-03-09,gcrew,noaa_gefs,20,Pressure_Pa,18,102708.865234375
gep20,00,2026-02-19,2026-03-09,gcrew,noaa_gefs,20,RH_percent_mean,18,88.49076080322266
gep20,00,2026-02-19,2026-03-09,gcrew,noaa_gefs,20,Rain_mm_sum,18,0
gep20,00,2026-02-19,2026-03-09,gcrew,noaa_gefs,20,ShortwaveRadiation_Wm2,18,190.5
gep20,00,2026-02-19,2026-03-09,gcrew,noaa_gefs,20,WindSpeed_ms_mean,18,2.926777667971675
gep20,00,2026-02-19,2026-03-10,gcrew,noaa_gefs,20,AirTemp_C_mean,19,3.077027893066429
gep20,00,2026-02-19,2026-03-10,gcrew,noaa_gefs,20,Pressure_Pa,19,101449.376953125
gep20,00,2026-02-19,2026-03-10,gcrew,noaa_gefs,20,RH_percent_mean,19,97.0867977142334
gep20,00,2026-02-19,2026-03-10,gcrew,noaa_gefs,20,Rain_mm_sum,19,20.30000078678131
gep20,00,2026-02-19,2026-03-10,gcrew,noaa_gefs,20,ShortwaveRadiation_Wm2,19,12.25
gep20,00,2026-02-19,2026-03-10,gcrew,noaa_gefs,20,WindSpeed_ms_mean,19,2.16738045229572
gep20,00,2026-02-19,2026-03-11,gcrew,noaa_gefs,20,AirTemp_C_mean,20,2.4423767089843977
gep20,00,2026-02-19,2026-03-11,gcrew,noaa_gefs,20,Pressure_Pa,20,101607.31640625
gep20,00,2026-02-19,2026-03-11,gcrew,noaa_gefs,20,RH_percent_mean,20,73.54477119445801
gep20,00,2026-02-19,2026-03-11,gcrew,noaa_gefs,20,Rain_mm_sum,20,0
gep20,00,2026-02-19,2026-03-11,gcrew,noaa_gefs,20,ShortwaveRadiation_Wm2,20,216.25
gep20,00,2026-02-19,2026-03-11,gcrew,noaa_gefs,20,WindSpeed_ms_mean,20,3.965489202739927
gep20,00,2026-02-19,2026-03-12,gcrew,noaa_gefs,20,AirTemp_C_mean,21,5.346345520019554
gep20,00,2026-02-19,2026-03-12,gcrew,noaa_gefs,20,Pressure_Pa,21,101774.470703125
gep20,00,2026-02-19,2026-03-12,gcrew,noaa_gefs,20,RH_percent_mean,21,70.26903629302979
gep20,00,2026-02-19,2026-03-12,gcrew,noaa_gefs,20,Rain_mm_sum,21,0
gep20,00,2026-02-19,2026-03-12,gcrew,noaa_gefs,20,ShortwaveRadiation_Wm2,21,234.5
gep20,00,2026-02-19,2026-03-12,gcrew,noaa_gefs,20,WindSpeed_ms_mean,21,4.989251373860443
gep20,00,2026-02-19,2026-03-13,gcrew,noaa_gefs,20,AirTemp_C_mean,22,0.404817199707054
gep20,00,2026-02-19,2026-03-13,gcrew,noaa_gefs,20,Pressure_Pa,22,103084.677734375
gep20,00,2026-02-19,2026-03-13,gcrew,noaa_gefs,20,RH_percent_mean,22,59.94519805908203
gep20,00,2026-02-19,2026-03-13,gcrew,noaa_gefs,20,Rain_mm_sum,22,0
gep20,00,2026-02-19,2026-03-13,gcrew,noaa_gefs,20,ShortwaveRadiation_Wm2,22,246.75
gep20,00,2026-02-19,2026-03-13,gcrew,noaa_gefs,20,WindSpeed_ms_mean,22,3.9252923447424357
gep20,00,2026-02-19,2026-03-14,gcrew,noaa_gefs,20,AirTemp_C_mean,23,2.2103439331054915
gep20,00,2026-02-19,2026-03-14,gcrew,noaa_gefs,20,Pressure_Pa,23,103257.919921875
gep20,00,2026-02-19,2026-03-14,gcrew,noaa_gefs,20,RH_percent_mean,23,65.69925880432129
gep20,00,2026-02-19,2026-03-14,gcrew,noaa_gefs,20,Rain_mm_sum,23,0
gep20,00,2026-02-19,2026-03-14,gcrew,noaa_gefs,20,ShortwaveRadiation_Wm2,23,192.25
gep20,00,2026-02-19,2026-03-14,gcrew,noaa_gefs,20,WindSpeed_ms_mean,23,3.0252771415459634
gep20,00,2026-02-19,2026-03-15,gcrew,noaa_gefs,20,AirTemp_C_mean,24,4.8394332885742415
gep20,00,2026-02-19,2026-03-15,gcrew,noaa_gefs,20,Pressure_Pa,24,102069.697265625
gep20,00,2026-02-19,2026-03-15,gcrew,noaa_gefs,20,RH_percent_mean,24,91.6884937286377
gep20,00,2026-02-19,2026-03-15,gcrew,noaa_gefs,20,Rain_mm_sum,24,6.8000001311302185
gep20,00,2026-02-19,2026-03-15,gcrew,noaa_gefs,20,ShortwaveRadiation_Wm2,24,9.75
gep20,00,2026-02-19,2026-03-15,gcrew,noaa_gefs,20,WindSpeed_ms_mean,24,4.914185923582207
gep20,00,2026-02-19,2026-03-16,gcrew,noaa_gefs,20,AirTemp_C_mean,25,6.88092956542971
gep20,00,2026-02-19,2026-03-16,gcrew,noaa_gefs,20,Pressure_Pa,25,100852.091796875
gep20,00,2026-02-19,2026-03-16,gcrew,noaa_gefs,20,RH_percent_mean,25,93.64601707458496
gep20,00,2026-02-19,2026-03-16,gcrew,noaa_gefs,20,Rain_mm_sum,25,0.10000000149011612
gep20,00,2026-02-19,2026-03-16,gcrew,noaa_gefs,20,ShortwaveRadiation_Wm2,25,137
gep20,00,2026-02-19,2026-03-16,gcrew,noaa_gefs,20,WindSpeed_ms_mean,25,2.385226343506775
gep20,00,2026-02-19,2026-03-17,gcrew,noaa_gefs,20,AirTemp_C_mean,26,8.267533874511741
gep20,00,2026-02-19,2026-03-17,gcrew,noaa_gefs,20,Pressure_Pa,26,100826.765625
gep20,00,2026-02-19,2026-03-17,gcrew,noaa_gefs,20,RH_percent_mean,26,91.60923194885254
gep20,00,2026-02-19,2026-03-17,gcrew,noaa_gefs,20,Rain_mm_sum,26,0
gep20,00,2026-02-19,2026-03-17,gcrew,noaa_gefs,20,ShortwaveRadiation_Wm2,26,223.75
gep20,00,2026-02-19,2026-03-17,gcrew,noaa_gefs,20,WindSpeed_ms_mean,26,2.241015530837425
gep20,00,2026-02-19,2026-03-18,gcrew,noaa_gefs,20,AirTemp_C_mean,27,11.309526062011741
gep20,00,2026-02-19,2026-03-18,gcrew,noaa_gefs,20,Pressure_Pa,27,100366.421875
gep20,00,2026-02-19,2026-03-18,gcrew,noaa_gefs,20,RH_percent_mean,27,80.98326683044434
gep20,00,2026-02-19,2026-03-18,gcrew,noaa_gefs,20,Rain_mm_sum,27,3.8000001087784767
gep20,00,2026-02-19,2026-03-18,gcrew,noaa_gefs,20,ShortwaveRadiation_Wm2,27,206
gep20,00,2026-02-19,2026-03-18,gcrew,noaa_gefs,20,WindSpeed_ms_mean,27,4.913507346762998
gep20,00,2026-02-19,2026-03-19,gcrew,noaa_gefs,20,AirTemp_C_mean,28,9.271661376953148
gep20,00,2026-02-19,2026-03-19,gcrew,noaa_gefs,20,Pressure_Pa,28,100716.333984375
gep20,00,2026-02-19,2026-03-19,gcrew,noaa_gefs,20,RH_percent_mean,28,78.55448150634766
gep20,00,2026-02-19,2026-03-19,gcrew,noaa_gefs,20,Rain_mm_sum,28,0.20000000298023224
gep20,00,2026-02-19,2026-03-19,gcrew,noaa_gefs,20,ShortwaveRadiation_Wm2,28,176
gep20,00,2026-02-19,2026-03-19,gcrew,noaa_gefs,20,WindSpeed_ms_mean,28,3.502768919064772
gep20,00,2026-02-19,2026-03-20,gcrew,noaa_gefs,20,AirTemp_C_mean,29,7.4639755249023665
gep20,00,2026-02-19,2026-03-20,gcrew,noaa_gefs,20,Pressure_Pa,29,101721.220703125
gep20,00,2026-02-19,2026-03-20,gcrew,noaa_gefs,20,RH_percent_mean,29,84.32945442199707
gep20,00,2026-02-19,2026-03-20,gcrew,noaa_gefs,20,Rain_mm_sum,29,0
gep20,00,2026-02-19,2026-03-20,gcrew,noaa_gefs,20,ShortwaveRadiation_Wm2,29,225.25
gep20,00,2026-02-19,2026-03-20,gcrew,noaa_gefs,20,WindSpeed_ms_mean,29,2.4857486906504604
gep20,00,2026-02-19,2026-03-21,gcrew,noaa_gefs,20,AirTemp_C_mean,30,5.514649963378929
gep20,00,2026-02-19,2026-03-21,gcrew,noaa_gefs,20,Pressure_Pa,30,102508.27734375
gep20,00,2026-02-19,2026-03-21,gcrew,noaa_gefs,20,RH_percent_mean,30,93.17456245422363
gep20,00,2026-02-19,2026-03-21,gcrew,noaa_gefs,20,Rain_mm_sum,30,0
gep20,00,2026-02-19,2026-03-21,gcrew,noaa_gefs,20,ShortwaveRadiation_Wm2,30,231
gep20,00,2026-02-19,2026-03-21,gcrew,noaa_gefs,20,WindSpeed_ms_mean,30,3.478610201477239
gep20,00,2026-02-19,2026-03-22,gcrew,noaa_gefs,20,AirTemp_C_mean,31,8.427484130859398
gep20,00,2026-02-19,2026-03-22,gcrew,noaa_gefs,20,Pressure_Pa,31,101537.609375
gep20,00,2026-02-19,2026-03-22,gcrew,noaa_gefs,20,RH_percent_mean,31,90.99308013916016
gep20,00,2026-02-19,2026-03-22,gcrew,noaa_gefs,20,Rain_mm_sum,31,0
gep20,00,2026-02-19,2026-03-22,gcrew,noaa_gefs,20,ShortwaveRadiation_Wm2,31,169
gep20,00,2026-02-19,2026-03-22,gcrew,noaa_gefs,20,WindSpeed_ms_mean,31,7.184195750232049
gep20,00,2026-02-19,2026-03-23,gcrew,noaa_gefs,20,AirTemp_C_mean,32,8.768609619140648
gep20,00,2026-02-19,2026-03-23,gcrew,noaa_gefs,20,Pressure_Pa,32,100650.3046875
gep20,00,2026-02-19,2026-03-23,gcrew,noaa_gefs,20,RH_percent_mean,32,58.10695171356201
gep20,00,2026-02-19,2026-03-23,gcrew,noaa_gefs,20,Rain_mm_sum,32,1.3000000715255737
gep20,00,2026-02-19,2026-03-23,gcrew,noaa_gefs,20,ShortwaveRadiation_Wm2,32,266
gep20,00,2026-02-19,2026-03-23,gcrew,noaa_gefs,20,WindSpeed_ms_mean,32,7.9327389792356415
gep20,00,2026-02-19,2026-03-24,gcrew,noaa_gefs,20,AirTemp_C_mean,33,4.568719482421898
gep20,00,2026-02-19,2026-03-24,gcrew,noaa_gefs,20,Pressure_Pa,33,101528.60546875
gep20,00,2026-02-19,2026-03-24,gcrew,noaa_gefs,20,RH_percent_mean,33,52.18817710876465
gep20,00,2026-02-19,2026-03-24,gcrew,noaa_gefs,20,Rain_mm_sum,33,0
gep20,00,2026-02-19,2026-03-24,gcrew,noaa_gefs,20,ShortwaveRadiation_Wm2,33,271.25
gep20,00,2026-02-19,2026-03-24,gcrew,noaa_gefs,20,WindSpeed_ms_mean,33,5.0208112518813515
gep20,00,2026-02-19,2026-03-25,gcrew,noaa_gefs,20,AirTemp_C_mean,34,4.424745178222679
gep20,00,2026-02-19,2026-03-25,gcrew,noaa_gefs,20,Pressure_Pa,34,100896.943359375
gep20,00,2026-02-19,2026-03-25,gcrew,noaa_gefs,20,RH_percent_mean,34,73.10336017608643
gep20,00,2026-02-19,2026-03-25,gcrew,noaa_gefs,20,Rain_mm_sum,34,0.699999988079071
gep20,00,2026-02-19,2026-03-25,gcrew,noaa_gefs,20,ShortwaveRadiation_Wm2,34,168.25
gep20,00,2026-02-19,2026-03-25,gcrew,noaa_gefs,20,WindSpeed_ms_mean,34,3.448319475494018
gep21,00,2026-02-19,2026-02-20,gcrew,noaa_gefs,21,AirTemp_C_mean,1,8.60019454956057
gep21,00,2026-02-19,2026-02-20,gcrew,noaa_gefs,21,Pressure_Pa,1,100529.837890625
gep21,00,2026-02-19,2026-02-20,gcrew,noaa_gefs,21,RH_percent_mean,1,84.13147974014282
gep21,00,2026-02-19,2026-02-20,gcrew,noaa_gefs,21,Rain_mm_sum,1,7.229999907314777
gep21,00,2026-02-19,2026-02-20,gcrew,noaa_gefs,21,ShortwaveRadiation_Wm2,1,90
gep21,00,2026-02-19,2026-02-20,gcrew,noaa_gefs,21,WindSpeed_ms_mean,1,5.327480968436972
gep21,00,2026-02-19,2026-02-21,gcrew,noaa_gefs,21,AirTemp_C_mean,2,4.957093811035179
gep21,00,2026-02-19,2026-02-21,gcrew,noaa_gefs,21,Pressure_Pa,2,101362.1162109375
gep21,00,2026-02-19,2026-02-21,gcrew,noaa_gefs,21,RH_percent_mean,2,67.61050748825073
gep21,00,2026-02-19,2026-02-21,gcrew,noaa_gefs,21,Rain_mm_sum,2,0.009999999776482582
gep21,00,2026-02-19,2026-02-21,gcrew,noaa_gefs,21,ShortwaveRadiation_Wm2,2,157.375
gep21,00,2026-02-19,2026-02-21,gcrew,noaa_gefs,21,WindSpeed_ms_mean,2,2.796669875085554
gep21,00,2026-02-19,2026-02-22,gcrew,noaa_gefs,21,AirTemp_C_mean,3,1.7196746826172102
gep21,00,2026-02-19,2026-02-22,gcrew,noaa_gefs,21,Pressure_Pa,3,101743.5
gep21,00,2026-02-19,2026-02-22,gcrew,noaa_gefs,21,RH_percent_mean,3,72.97090816497803
gep21,00,2026-02-19,2026-02-22,gcrew,noaa_gefs,21,Rain_mm_sum,3,0.10000000149011612
gep21,00,2026-02-19,2026-02-22,gcrew,noaa_gefs,21,ShortwaveRadiation_Wm2,3,141.625
gep21,00,2026-02-19,2026-02-22,gcrew,noaa_gefs,21,WindSpeed_ms_mean,3,2.597666670204664
gep21,00,2026-02-19,2026-02-23,gcrew,noaa_gefs,21,AirTemp_C_mean,4,0.5413490295410384
gep21,00,2026-02-19,2026-02-23,gcrew,noaa_gefs,21,Pressure_Pa,4,101336.916015625
gep21,00,2026-02-19,2026-02-23,gcrew,noaa_gefs,21,RH_percent_mean,4,88.30583763122559
gep21,00,2026-02-19,2026-02-23,gcrew,noaa_gefs,21,Rain_mm_sum,4,6.400000065565109
gep21,00,2026-02-19,2026-02-23,gcrew,noaa_gefs,21,ShortwaveRadiation_Wm2,4,97.75
gep21,00,2026-02-19,2026-02-23,gcrew,noaa_gefs,21,WindSpeed_ms_mean,4,5.788296822041432
gep21,00,2026-02-19,2026-02-24,gcrew,noaa_gefs,21,AirTemp_C_mean,5,0.5290084838867415
gep21,00,2026-02-19,2026-02-24,gcrew,noaa_gefs,21,Pressure_Pa,5,101826.7109375
gep21,00,2026-02-19,2026-02-24,gcrew,noaa_gefs,21,RH_percent_mean,5,67.53751993179321
gep21,00,2026-02-19,2026-02-24,gcrew,noaa_gefs,21,Rain_mm_sum,5,0.10000000149011612
gep21,00,2026-02-19,2026-02-24,gcrew,noaa_gefs,21,ShortwaveRadiation_Wm2,5,205.75
gep21,00,2026-02-19,2026-02-24,gcrew,noaa_gefs,21,WindSpeed_ms_mean,5,4.922516373996911
gep21,00,2026-02-19,2026-02-25,gcrew,noaa_gefs,21,AirTemp_C_mean,6,4.261026000976585
gep21,00,2026-02-19,2026-02-25,gcrew,noaa_gefs,21,Pressure_Pa,6,101437.8994140625
gep21,00,2026-02-19,2026-02-25,gcrew,noaa_gefs,21,RH_percent_mean,6,64.63713264465332
gep21,00,2026-02-19,2026-02-25,gcrew,noaa_gefs,21,Rain_mm_sum,6,0.5000000149011612
gep21,00,2026-02-19,2026-02-25,gcrew,noaa_gefs,21,ShortwaveRadiation_Wm2,6,123.375
gep21,00,2026-02-19,2026-02-25,gcrew,noaa_gefs,21,WindSpeed_ms_mean,6,4.7829481823237945
gep21,00,2026-02-19,2026-02-26,gcrew,noaa_gefs,21,AirTemp_C_mean,7,7.054109191894554
gep21,00,2026-02-19,2026-02-26,gcrew,noaa_gefs,21,Pressure_Pa,7,101322.2197265625
gep21,00,2026-02-19,2026-02-26,gcrew,noaa_gefs,21,RH_percent_mean,7,73.60764694213867
gep21,00,2026-02-19,2026-02-26,gcrew,noaa_gefs,21,Rain_mm_sum,7,1.6900000274181366
gep21,00,2026-02-19,2026-02-26,gcrew,noaa_gefs,21,ShortwaveRadiation_Wm2,7,169.75
gep21,00,2026-02-19,2026-02-26,gcrew,noaa_gefs,21,WindSpeed_ms_mean,7,4.3598277703380175
gep21,00,2026-02-19,2026-02-27,gcrew,noaa_gefs,21,AirTemp_C_mean,8,2.5398727416992415
gep21,00,2026-02-19,2026-02-27,gcrew,noaa_gefs,21,Pressure_Pa,8,101330.2099609375
gep21,00,2026-02-19,2026-02-27,gcrew,noaa_gefs,21,RH_percent_mean,8,90.59297943115234
gep21,00,2026-02-19,2026-02-27,gcrew,noaa_gefs,21,Rain_mm_sum,8,41.3899998255074
gep21,00,2026-02-19,2026-02-27,gcrew,noaa_gefs,21,ShortwaveRadiation_Wm2,8,16.875
gep21,00,2026-02-19,2026-02-27,gcrew,noaa_gefs,21,WindSpeed_ms_mean,8,3.173158734850934
gep21,00,2026-02-19,2026-02-28,gcrew,noaa_gefs,21,AirTemp_C_mean,9,6.081576102120558
gep21,00,2026-02-19,2026-02-28,gcrew,noaa_gefs,21,Pressure_Pa,9,100991.2890625
gep21,00,2026-02-19,2026-02-28,gcrew,noaa_gefs,21,RH_percent_mean,9,89.50826699393136
gep21,00,2026-02-19,2026-02-28,gcrew,noaa_gefs,21,Rain_mm_sum,9,6.939999997615814
gep21,00,2026-02-19,2026-02-28,gcrew,noaa_gefs,21,ShortwaveRadiation_Wm2,9,198.71428571428572
gep21,00,2026-02-19,2026-02-28,gcrew,noaa_gefs,21,WindSpeed_ms_mean,9,2.371464473414071
gep21,00,2026-02-19,2026-03-01,gcrew,noaa_gefs,21,AirTemp_C_mean,10,3.9153381347656477
gep21,00,2026-02-19,2026-03-01,gcrew,noaa_gefs,21,Pressure_Pa,10,102000.736328125
gep21,00,2026-02-19,2026-03-01,gcrew,noaa_gefs,21,RH_percent_mean,10,64.10819625854492
gep21,00,2026-02-19,2026-03-01,gcrew,noaa_gefs,21,Rain_mm_sum,10,0
gep21,00,2026-02-19,2026-03-01,gcrew,noaa_gefs,21,ShortwaveRadiation_Wm2,10,214
gep21,00,2026-02-19,2026-03-01,gcrew,noaa_gefs,21,WindSpeed_ms_mean,10,3.7106248775369783
gep21,00,2026-02-19,2026-03-02,gcrew,noaa_gefs,21,AirTemp_C_mean,11,2.6448913574218977
gep21,00,2026-02-19,2026-03-02,gcrew,noaa_gefs,21,Pressure_Pa,11,101992.7734375
gep21,00,2026-02-19,2026-03-02,gcrew,noaa_gefs,21,RH_percent_mean,11,80.4185619354248
gep21,00,2026-02-19,2026-03-02,gcrew,noaa_gefs,21,Rain_mm_sum,11,1.7000000327825546
gep21,00,2026-02-19,2026-03-02,gcrew,noaa_gefs,21,ShortwaveRadiation_Wm2,11,22.5
gep21,00,2026-02-19,2026-03-02,gcrew,noaa_gefs,21,WindSpeed_ms_mean,11,3.8287651590698437
gep21,00,2026-02-19,2026-03-03,gcrew,noaa_gefs,21,AirTemp_C_mean,12,13.411950683593773
gep21,00,2026-02-19,2026-03-03,gcrew,noaa_gefs,21,Pressure_Pa,12,101091.162109375
gep21,00,2026-02-19,2026-03-03,gcrew,noaa_gefs,21,RH_percent_mean,12,90.47667694091797
gep21,00,2026-02-19,2026-03-03,gcrew,noaa_gefs,21,Rain_mm_sum,12,3.1000000834465027
gep21,00,2026-02-19,2026-03-03,gcrew,noaa_gefs,21,ShortwaveRadiation_Wm2,12,146
gep21,00,2026-02-19,2026-03-03,gcrew,noaa_gefs,21,WindSpeed_ms_mean,12,5.012968706083463
gep21,00,2026-02-19,2026-03-04,gcrew,noaa_gefs,21,AirTemp_C_mean,13,8.065553283691429
gep21,00,2026-02-19,2026-03-04,gcrew,noaa_gefs,21,Pressure_Pa,13,102178.892578125
gep21,00,2026-02-19,2026-03-04,gcrew,noaa_gefs,21,RH_percent_mean,13,90.09021759033203
gep21,00,2026-02-19,2026-03-04,gcrew,noaa_gefs,21,Rain_mm_sum,13,6.300000101327896
gep21,00,2026-02-19,2026-03-04,gcrew,noaa_gefs,21,ShortwaveRadiation_Wm2,13,25
gep21,00,2026-02-19,2026-03-04,gcrew,noaa_gefs,21,WindSpeed_ms_mean,13,3.9570483623648522
gep21,00,2026-02-19,2026-03-05,gcrew,noaa_gefs,21,AirTemp_C_mean,14,12.227571105957054
gep21,00,2026-02-19,2026-03-05,gcrew,noaa_gefs,21,Pressure_Pa,14,101463.474609375
gep21,00,2026-02-19,2026-03-05,gcrew,noaa_gefs,21,RH_percent_mean,14,91.76033973693848
gep21,00,2026-02-19,2026-03-05,gcrew,noaa_gefs,21,Rain_mm_sum,14,2.4999999925494194
gep21,00,2026-02-19,2026-03-05,gcrew,noaa_gefs,21,ShortwaveRadiation_Wm2,14,89.75
gep21,00,2026-02-19,2026-03-05,gcrew,noaa_gefs,21,WindSpeed_ms_mean,14,6.039026367710616
gep21,00,2026-02-19,2026-03-06,gcrew,noaa_gefs,21,AirTemp_C_mean,15,0.883576965332054
gep21,00,2026-02-19,2026-03-06,gcrew,noaa_gefs,21,Pressure_Pa,15,101621.16796875
gep21,00,2026-02-19,2026-03-06,gcrew,noaa_gefs,21,RH_percent_mean,15,92.8342227935791
gep21,00,2026-02-19,2026-03-06,gcrew,noaa_gefs,21,Rain_mm_sum,15,37.30000019073486
gep21,00,2026-02-19,2026-03-06,gcrew,noaa_gefs,21,ShortwaveRadiation_Wm2,15,17.5
gep21,00,2026-02-19,2026-03-06,gcrew,noaa_gefs,21,WindSpeed_ms_mean,15,6.799946731139411
gep21,00,2026-02-19,2026-03-07,gcrew,noaa_gefs,21,AirTemp_C_mean,16,-1.2620071411132585
gep21,00,2026-02-19,2026-03-07,gcrew,noaa_gefs,21,Pressure_Pa,16,102783.318359375
gep21,00,2026-02-19,2026-03-07,gcrew,noaa_gefs,21,RH_percent_mean,16,79.86228942871094
gep21,00,2026-02-19,2026-03-07,gcrew,noaa_gefs,21,Rain_mm_sum,16,0
gep21,00,2026-02-19,2026-03-07,gcrew,noaa_gefs,21,ShortwaveRadiation_Wm2,16,231.5
gep21,00,2026-02-19,2026-03-07,gcrew,noaa_gefs,21,WindSpeed_ms_mean,16,3.336420955691156
gep21,00,2026-02-19,2026-03-08,gcrew,noaa_gefs,21,AirTemp_C_mean,17,2.6822448730468977
gep21,00,2026-02-19,2026-03-08,gcrew,noaa_gefs,21,Pressure_Pa,17,102794.392578125
gep21,00,2026-02-19,2026-03-08,gcrew,noaa_gefs,21,RH_percent_mean,17,80.685150146484375
gep21,00,2026-02-19,2026-03-08,gcrew,noaa_gefs,21,Rain_mm_sum,17,0
gep21,00,2026-02-19,2026-03-08,gcrew,noaa_gefs,21,ShortwaveRadiation_Wm2,17,218.75
gep21,00,2026-02-19,2026-03-08,gcrew,noaa_gefs,21,WindSpeed_ms_mean,17,2.011765155426912
gep21,00,2026-02-19,2026-03-09,gcrew,noaa_gefs,21,AirTemp_C_mean,18,2.2363754272461165
gep21,00,2026-02-19,2026-03-09,gcrew,noaa_gefs,21,Pressure_Pa,18,102708.865234375
gep21,00,2026-02-19,2026-03-09,gcrew,noaa_gefs,21,RH_percent_mean,18,88.49076080322266
gep21,00,2026-02-19,2026-03-09,gcrew,noaa_gefs,21,Rain_mm_sum,18,0
gep21,00,2026-02-19,2026-03-09,gcrew,noaa_gefs,21,ShortwaveRadiation_Wm2,18,190.5
gep21,00,2026-02-19,2026-03-09,gcrew,noaa_gefs,21,WindSpeed_ms_mean,18,2.926777667971675
gep21,00,2026-02-19,2026-03-10,gcrew,noaa_gefs,21,AirTemp_C_mean,19,3.077027893066429
gep21,00,2026-02-19,2026-03-10,gcrew,noaa_gefs,21,Pressure_Pa,19,101449.376953125
gep21,00,2026-02-19,2026-03-10,gcrew,noaa_gefs,21,RH_percent_mean,19,97.0867977142334
gep21,00,2026-02-19,2026-03-10,gcrew,noaa_gefs,21,Rain_mm_sum,19,20.30000078678131
gep21,00,2026-02-19,2026-03-10,gcrew,noaa_gefs,21,ShortwaveRadiation_Wm2,19,12.25
gep21,00,2026-02-19,2026-03-10,gcrew,noaa_gefs,21,WindSpeed_ms_mean,19,2.16738045229572
gep21,00,2026-02-19,2026-03-11,gcrew,noaa_gefs,21,AirTemp_C_mean,20,2.4423767089843977
gep21,00,2026-02-19,2026-03-11,gcrew,noaa_gefs,21,Pressure_Pa,20,101607.31640625
gep21,00,2026-02-19,2026-03-11,gcrew,noaa_gefs,21,RH_percent_mean,20,73.54477119445801
gep21,00,2026-02-19,2026-03-11,gcrew,noaa_gefs,21,Rain_mm_sum,20,0
gep21,00,2026-02-19,2026-03-11,gcrew,noaa_gefs,21,ShortwaveRadiation_Wm2,20,216.25
gep21,00,2026-02-19,2026-03-11,gcrew,noaa_gefs,21,WindSpeed_ms_mean,20,3.965489202739927
gep21,00,2026-02-19,2026-03-12,gcrew,noaa_gefs,21,AirTemp_C_mean,21,5.346345520019554
gep21,00,2026-02-19,2026-03-12,gcrew,noaa_gefs,21,Pressure_Pa,21,101774.470703125
gep21,00,2026-02-19,2026-03-12,gcrew,noaa_gefs,21,RH_percent_mean,21,70.26903629302979
gep21,00,2026-02-19,2026-03-12,gcrew,noaa_gefs,21,Rain_mm_sum,21,0
gep21,00,2026-02-19,2026-03-12,gcrew,noaa_gefs,21,ShortwaveRadiation_Wm2,21,234.5
gep21,00,2026-02-19,2026-03-12,gcrew,noaa_gefs,21,WindSpeed_ms_mean,21,4.989251373860443
gep21,00,2026-02-19,2026-03-13,gcrew,noaa_gefs,21,AirTemp_C_mean,22,0.404817199707054
gep21,00,2026-02-19,2026-03-13,gcrew,noaa_gefs,21,Pressure_Pa,22,103084.677734375
gep21,00,2026-02-19,2026-03-13,gcrew,noaa_gefs,21,RH_percent_mean,22,59.94519805908203
gep21,00,2026-02-19,2026-03-13,gcrew,noaa_gefs,21,Rain_mm_sum,22,0
gep21,00,2026-02-19,2026-03-13,gcrew,noaa_gefs,21,ShortwaveRadiation_Wm2,22,246.75
gep21,00,2026-02-19,2026-03-13,gcrew,noaa_gefs,21,WindSpeed_ms_mean,22,3.9252923447424357
gep21,00,2026-02-19,2026-03-14,gcrew,noaa_gefs,21,AirTemp_C_mean,23,2.2103439331054915
gep21,00,2026-02-19,2026-03-14,gcrew,noaa_gefs,21,Pressure_Pa,23,103257.919921875
gep21,00,2026-02-19,2026-03-14,gcrew,noaa_gefs,21,RH_percent_mean,23,65.69925880432129
gep21,00,2026-02-19,2026-03-14,gcrew,noaa_gefs,21,Rain_mm_sum,23,0
gep21,00,2026-02-19,2026-03-14,gcrew,noaa_gefs,21,ShortwaveRadiation_Wm2,23,192.25
gep21,00,2026-02-19,2026-03-14,gcrew,noaa_gefs,21,WindSpeed_ms_mean,23,3.0252771415459634
gep21,00,2026-02-19,2026-03-15,gcrew,noaa_gefs,21,AirTemp_C_mean,24,4.8394332885742415
gep21,00,2026-02-19,2026-03-15,gcrew,noaa_gefs,21,Pressure_Pa,24,102069.697265625
gep21,00,2026-02-19,2026-03-15,gcrew,noaa_gefs,21,RH_percent_mean,24,91.6884937286377
gep21,00,2026-02-19,2026-03-15,gcrew,noaa_gefs,21,Rain_mm_sum,24,6.8000001311302185
gep21,00,2026-02-19,2026-03-15,gcrew,noaa_gefs,21,ShortwaveRadiation_Wm2,24,9.75
gep21,00,2026-02-19,2026-03-15,gcrew,noaa_gefs,21,WindSpeed_ms_mean,24,4.914185923582207
gep21,00,2026-02-19,2026-03-16,gcrew,noaa_gefs,21,AirTemp_C_mean,25,6.88092956542971
gep21,00,2026-02-19,2026-03-16,gcrew,noaa_gefs,21,Pressure_Pa,25,100852.091796875
gep21,00,2026-02-19,2026-03-16,gcrew,noaa_gefs,21,RH_percent_mean,25,93.64601707458496
gep21,00,2026-02-19,2026-03-16,gcrew,noaa_gefs,21,Rain_mm_sum,25,0.10000000149011612
gep21,00,2026-02-19,2026-03-16,gcrew,noaa_gefs,21,ShortwaveRadiation_Wm2,25,137
gep21,00,2026-02-19,2026-03-16,gcrew,noaa_gefs,21,WindSpeed_ms_mean,25,2.385226343506775
gep21,00,2026-02-19,2026-03-17,gcrew,noaa_gefs,21,AirTemp_C_mean,26,8.267533874511741
gep21,00,2026-02-19,2026-03-17,gcrew,noaa_gefs,21,Pressure_Pa,26,100826.765625
gep21,00,2026-02-19,2026-03-17,gcrew,noaa_gefs,21,RH_percent_mean,26,91.60923194885254
gep21,00,2026-02-19,2026-03-17,gcrew,noaa_gefs,21,Rain_mm_sum,26,0
gep21,00,2026-02-19,2026-03-17,gcrew,noaa_gefs,21,ShortwaveRadiation_Wm2,26,223.75
gep21,00,2026-02-19,2026-03-17,gcrew,noaa_gefs,21,WindSpeed_ms_mean,26,2.241015530837425
gep21,00,2026-02-19,2026-03-18,gcrew,noaa_gefs,21,AirTemp_C_mean,27,11.309526062011741
gep21,00,2026-02-19,2026-03-18,gcrew,noaa_gefs,21,Pressure_Pa,27,100366.421875
gep21,00,2026-02-19,2026-03-18,gcrew,noaa_gefs,21,RH_percent_mean,27,80.98326683044434
gep21,00,2026-02-19,2026-03-18,gcrew,noaa_gefs,21,Rain_mm_sum,27,3.8000001087784767
gep21,00,2026-02-19,2026-03-18,gcrew,noaa_gefs,21,ShortwaveRadiation_Wm2,27,206
gep21,00,2026-02-19,2026-03-18,gcrew,noaa_gefs,21,WindSpeed_ms_mean,27,4.913507346762998
gep21,00,2026-02-19,2026-03-19,gcrew,noaa_gefs,21,AirTemp_C_mean,28,9.271661376953148
gep21,00,2026-02-19,2026-03-19,gcrew,noaa_gefs,21,Pressure_Pa,28,100716.333984375
gep21,00,2026-02-19,2026-03-19,gcrew,noaa_gefs,21,RH_percent_mean,28,78.55448150634766
gep21,00,2026-02-19,2026-03-19,gcrew,noaa_gefs,21,Rain_mm_sum,28,0.20000000298023224
gep21,00,2026-02-19,2026-03-19,gcrew,noaa_gefs,21,ShortwaveRadiation_Wm2,28,176
gep21,00,2026-02-19,2026-03-19,gcrew,noaa_gefs,21,WindSpeed_ms_mean,28,3.502768919064772
gep21,00,2026-02-19,2026-03-20,gcrew,noaa_gefs,21,AirTemp_C_mean,29,7.4639755249023665
gep21,00,2026-02-19,2026-03-20,gcrew,noaa_gefs,21,Pressure_Pa,29,101721.220703125
gep21,00,2026-02-19,2026-03-20,gcrew,noaa_gefs,21,RH_percent_mean,29,84.32945442199707
gep21,00,2026-02-19,2026-03-20,gcrew,noaa_gefs,21,Rain_mm_sum,29,0
gep21,00,2026-02-19,2026-03-20,gcrew,noaa_gefs,21,ShortwaveRadiation_Wm2,29,225.25
gep21,00,2026-02-19,2026-03-20,gcrew,noaa_gefs,21,WindSpeed_ms_mean,29,2.4857486906504604
gep21,00,2026-02-19,2026-03-21,gcrew,noaa_gefs,21,AirTemp_C_mean,30,5.514649963378929
gep21,00,2026-02-19,2026-03-21,gcrew,noaa_gefs,21,Pressure_Pa,30,102508.27734375
gep21,00,2026-02-19,2026-03-21,gcrew,noaa_gefs,21,RH_percent_mean,30,93.17456245422363
gep21,00,2026-02-19,2026-03-21,gcrew,noaa_gefs,21,Rain_mm_sum,30,0
gep21,00,2026-02-19,2026-03-21,gcrew,noaa_gefs,21,ShortwaveRadiation_Wm2,30,231
gep21,00,2026-02-19,2026-03-21,gcrew,noaa_gefs,21,WindSpeed_ms_mean,30,3.478610201477239
gep21,00,2026-02-19,2026-03-22,gcrew,noaa_gefs,21,AirTemp_C_mean,31,8.427484130859398
gep21,00,2026-02-19,2026-03-22,gcrew,noaa_gefs,21,Pressure_Pa,31,101537.609375
gep21,00,2026-02-19,2026-03-22,gcrew,noaa_gefs,21,RH_percent_mean,31,90.99308013916016
gep21,00,2026-02-19,2026-03-22,gcrew,noaa_gefs,21,Rain_mm_sum,31,0
gep21,00,2026-02-19,2026-03-22,gcrew,noaa_gefs,21,ShortwaveRadiation_Wm2,31,169
gep21,00,2026-02-19,2026-03-22,gcrew,noaa_gefs,21,WindSpeed_ms_mean,31,7.184195750232049
gep21,00,2026-02-19,2026-03-23,gcrew,noaa_gefs,21,AirTemp_C_mean,32,8.768609619140648
gep21,00,2026-02-19,2026-03-23,gcrew,noaa_gefs,21,Pressure_Pa,32,100650.3046875
gep21,00,2026-02-19,2026-03-23,gcrew,noaa_gefs,21,RH_percent_mean,32,58.10695171356201
gep21,00,2026-02-19,2026-03-23,gcrew,noaa_gefs,21,Rain_mm_sum,32,1.3000000715255737
gep21,00,2026-02-19,2026-03-23,gcrew,noaa_gefs,21,ShortwaveRadiation_Wm2,32,266
gep21,00,2026-02-19,2026-03-23,gcrew,noaa_gefs,21,WindSpeed_ms_mean,32,7.9327389792356415
gep21,00,2026-02-19,2026-03-24,gcrew,noaa_gefs,21,AirTemp_C_mean,33,4.568719482421898
gep21,00,2026-02-19,2026-03-24,gcrew,noaa_gefs,21,Pressure_Pa,33,101528.60546875
gep21,00,2026-02-19,2026-03-24,gcrew,noaa_gefs,21,RH_percent_mean,33,52.18817710876465
gep21,00,2026-02-19,2026-03-24,gcrew,noaa_gefs,21,Rain_mm_sum,33,0
gep21,00,2026-02-19,2026-03-24,gcrew,noaa_gefs,21,ShortwaveRadiation_Wm2,33,271.25
gep21,00,2026-02-19,2026-03-24,gcrew,noaa_gefs,21,WindSpeed_ms_mean,33,5.0208112518813515
gep21,00,2026-02-19,2026-03-25,gcrew,noaa_gefs,21,AirTemp_C_mean,34,4.424745178222679
gep21,00,2026-02-19,2026-03-25,gcrew,noaa_gefs,21,Pressure_Pa,34,100896.943359375
gep21,00,2026-02-19,2026-03-25,gcrew,noaa_gefs,21,RH_percent_mean,34,73.10336017608643
gep21,00,2026-02-19,2026-03-25,gcrew,noaa_gefs,21,Rain_mm_sum,34,0.699999988079071
gep21,00,2026-02-19,2026-03-25,gcrew,noaa_gefs,21,ShortwaveRadiation_Wm2,34,168.25
gep21,00,2026-02-19,2026-03-25,gcrew,noaa_gefs,21,WindSpeed_ms_mean,34,3.448319475494018
gep22,00,2026-02-19,2026-02-20,gcrew,noaa_gefs,22,AirTemp_C_mean,1,8.60019454956057
gep22,00,2026-02-19,2026-02-20,gcrew,noaa_gefs,22,Pressure_Pa,1,100529.837890625
gep22,00,2026-02-19,2026-02-20,gcrew,noaa_gefs,22,RH_percent_mean,1,84.13147974014282
gep22,00,2026-02-19,2026-02-20,gcrew,noaa_gefs,22,Rain_mm_sum,1,7.229999907314777
gep22,00,2026-02-19,2026-02-20,gcrew,noaa_gefs,22,ShortwaveRadiation_Wm2,1,90
gep22,00,2026-02-19,2026-02-20,gcrew,noaa_gefs,22,WindSpeed_ms_mean,1,5.327480968436972
gep22,00,2026-02-19,2026-02-21,gcrew,noaa_gefs,22,AirTemp_C_mean,2,4.957093811035179
gep22,00,2026-02-19,2026-02-21,gcrew,noaa_gefs,22,Pressure_Pa,2,101362.1162109375
gep22,00,2026-02-19,2026-02-21,gcrew,noaa_gefs,22,RH_percent_mean,2,67.61050748825073
gep22,00,2026-02-19,2026-02-21,gcrew,noaa_gefs,22,Rain_mm_sum,2,0.009999999776482582
gep22,00,2026-02-19,2026-02-21,gcrew,noaa_gefs,22,ShortwaveRadiation_Wm2,2,157.375
gep22,00,2026-02-19,2026-02-21,gcrew,noaa_gefs,22,WindSpeed_ms_mean,2,2.796669875085554
gep22,00,2026-02-19,2026-02-22,gcrew,noaa_gefs,22,AirTemp_C_mean,3,1.7196746826172102
gep22,00,2026-02-19,2026-02-22,gcrew,noaa_gefs,22,Pressure_Pa,3,101743.5
gep22,00,2026-02-19,2026-02-22,gcrew,noaa_gefs,22,RH_percent_mean,3,72.97090816497803
gep22,00,2026-02-19,2026-02-22,gcrew,noaa_gefs,22,Rain_mm_sum,3,0.10000000149011612
gep22,00,2026-02-19,2026-02-22,gcrew,noaa_gefs,22,ShortwaveRadiation_Wm2,3,141.625
gep22,00,2026-02-19,2026-02-22,gcrew,noaa_gefs,22,WindSpeed_ms_mean,3,2.597666670204664
gep22,00,2026-02-19,2026-02-23,gcrew,noaa_gefs,22,AirTemp_C_mean,4,0.5413490295410384
gep22,00,2026-02-19,2026-02-23,gcrew,noaa_gefs,22,Pressure_Pa,4,101336.916015625
gep22,00,2026-02-19,2026-02-23,gcrew,noaa_gefs,22,RH_percent_mean,4,88.30583763122559
gep22,00,2026-02-19,2026-02-23,gcrew,noaa_gefs,22,Rain_mm_sum,4,6.400000065565109
gep22,00,2026-02-19,2026-02-23,gcrew,noaa_gefs,22,ShortwaveRadiation_Wm2,4,97.75
gep22,00,2026-02-19,2026-02-23,gcrew,noaa_gefs,22,WindSpeed_ms_mean,4,5.788296822041432
gep22,00,2026-02-19,2026-02-24,gcrew,noaa_gefs,22,AirTemp_C_mean,5,0.5290084838867415
gep22,00,2026-02-19,2026-02-24,gcrew,noaa_gefs,22,Pressure_Pa,5,101826.7109375
gep22,00,2026-02-19,2026-02-24,gcrew,noaa_gefs,22,RH_percent_mean,5,67.53751993179321
gep22,00,2026-02-19,2026-02-24,gcrew,noaa_gefs,22,Rain_mm_sum,5,0.10000000149011612
gep22,00,2026-02-19,2026-02-24,gcrew,noaa_gefs,22,ShortwaveRadiation_Wm2,5,205.75
gep22,00,2026-02-19,2026-02-24,gcrew,noaa_gefs,22,WindSpeed_ms_mean,5,4.922516373996911
gep22,00,2026-02-19,2026-02-25,gcrew,noaa_gefs,22,AirTemp_C_mean,6,4.261026000976585
gep22,00,2026-02-19,2026-02-25,gcrew,noaa_gefs,22,Pressure_Pa,6,101437.8994140625
gep22,00,2026-02-19,2026-02-25,gcrew,noaa_gefs,22,RH_percent_mean,6,64.63713264465332
gep22,00,2026-02-19,2026-02-25,gcrew,noaa_gefs,22,Rain_mm_sum,6,0.5000000149011612
gep22,00,2026-02-19,2026-02-25,gcrew,noaa_gefs,22,ShortwaveRadiation_Wm2,6,123.375
gep22,00,2026-02-19,2026-02-25,gcrew,noaa_gefs,22,WindSpeed_ms_mean,6,4.7829481823237945
gep22,00,2026-02-19,2026-02-26,gcrew,noaa_gefs,22,AirTemp_C_mean,7,7.054109191894554
gep22,00,2026-02-19,2026-02-26,gcrew,noaa_gefs,22,Pressure_Pa,7,101322.2197265625
gep22,00,2026-02-19,2026-02-26,gcrew,noaa_gefs,22,RH_percent_mean,7,73.60764694213867
gep22,00,2026-02-19,2026-02-26,gcrew,noaa_gefs,22,Rain_mm_sum,7,1.6900000274181366
gep22,00,2026-02-19,2026-02-26,gcrew,noaa_gefs,22,ShortwaveRadiation_Wm2,7,169.75
gep22,00,2026-02-19,2026-02-26,gcrew,noaa_gefs,22,WindSpeed_ms_mean,7,4.3598277703380175
gep22,00,2026-02-19,2026-02-27,gcrew,noaa_gefs,22,AirTemp_C_mean,8,2.5398727416992415
gep22,00,2026-02-19,2026-02-27,gcrew,noaa_gefs,22,Pressure_Pa,8,101330.2099609375
gep22,00,2026-02-19,2026-02-27,gcrew,noaa_gefs,22,RH_percent_mean,8,90.59297943115234
gep22,00,2026-02-19,2026-02-27,gcrew,noaa_gefs,22,Rain_mm_sum,8,41.3899998255074
gep22,00,2026-02-19,2026-02-27,gcrew,noaa_gefs,22,ShortwaveRadiation_Wm2,8,16.875
gep22,00,2026-02-19,2026-02-27,gcrew,noaa_gefs,22,WindSpeed_ms_mean,8,3.173158734850934
gep22,00,2026-02-19,2026-02-28,gcrew,noaa_gefs,22,AirTemp_C_mean,9,6.081576102120558
gep22,00,2026-02-19,2026-02-28,gcrew,noaa_gefs,22,Pressure_Pa,9,100991.2890625
gep22,00,2026-02-19,2026-02-28,gcrew,noaa_gefs,22,RH_percent_mean,9,89.50826699393136
gep22,00,2026-02-19,2026-02-28,gcrew,noaa_gefs,22,Rain_mm_sum,9,6.939999997615814
gep22,00,2026-02-19,2026-02-28,gcrew,noaa_gefs,22,ShortwaveRadiation_Wm2,9,198.71428571428572
gep22,00,2026-02-19,2026-02-28,gcrew,noaa_gefs,22,WindSpeed_ms_mean,9,2.371464473414071
gep22,00,2026-02-19,2026-03-01,gcrew,noaa_gefs,22,AirTemp_C_mean,10,3.9153381347656477
gep22,00,2026-02-19,2026-03-01,gcrew,noaa_gefs,22,Pressure_Pa,10,102000.736328125
gep22,00,2026-02-19,2026-03-01,gcrew,noaa_gefs,22,RH_percent_mean,10,64.10819625854492
gep22,00,2026-02-19,2026-03-01,gcrew,noaa_gefs,22,Rain_mm_sum,10,0
gep22,00,2026-02-19,2026-03-01,gcrew,noaa_gefs,22,ShortwaveRadiation_Wm2,10,214
gep22,00,2026-02-19,2026-03-01,gcrew,noaa_gefs,22,WindSpeed_ms_mean,10,3.7106248775369783
gep22,00,2026-02-19,2026-03-02,gcrew,noaa_gefs,22,AirTemp_C_mean,11,2.6448913574218977
gep22,00,2026-02-19,2026-03-02,gcrew,noaa_gefs,22,Pressure_Pa,11,101992.7734375
gep22,00,2026-02-19,2026-03-02,gcrew,noaa_gefs,22,RH_percent_mean,11,80.4185619354248
gep22,00,2026-02-19,2026-03-02,gcrew,noaa_gefs,22,Rain_mm_sum,11,1.7000000327825546
gep22,00,2026-02-19,2026-03-02,gcrew,noaa_gefs,22,ShortwaveRadiation_Wm2,11,22.5
gep22,00,2026-02-19,2026-03-02,gcrew,noaa_gefs,22,WindSpeed_ms_mean,11,3.8287651590698437
gep22,00,2026-02-19,2026-03-03,gcrew,noaa_gefs,22,AirTemp_C_mean,12,13.411950683593773
gep22,00,2026-02-19,2026-03-03,gcrew,noaa_gefs,22,Pressure_Pa,12,101091.162109375
gep22,00,2026-02-19,2026-03-03,gcrew,noaa_gefs,22,RH_percent_mean,12,90.47667694091797
gep22,00,2026-02-19,2026-03-03,gcrew,noaa_gefs,22,Rain_mm_sum,12,3.1000000834465027
gep22,00,2026-02-19,2026-03-03,gcrew,noaa_gefs,22,ShortwaveRadiation_Wm2,12,146
gep22,00,2026-02-19,2026-03-03,gcrew,noaa_gefs,22,WindSpeed_ms_mean,12,5.012968706083463
gep22,00,2026-02-19,2026-03-04,gcrew,noaa_gefs,22,AirTemp_C_mean,13,8.065553283691429
gep22,00,2026-02-19,2026-03-04,gcrew,noaa_gefs,22,Pressure_Pa,13,102178.892578125
gep22,00,2026-02-19,2026-03-04,gcrew,noaa_gefs,22,RH_percent_mean,13,90.09021759033203
gep22,00,2026-02-19,2026-03-04,gcrew,noaa_gefs,22,Rain_mm_sum,13,6.300000101327896
gep22,00,2026-02-19,2026-03-04,gcrew,noaa_gefs,22,ShortwaveRadiation_Wm2,13,25
gep22,00,2026-02-19,2026-03-04,gcrew,noaa_gefs,22,WindSpeed_ms_mean,13,3.9570483623648522
gep22,00,2026-02-19,2026-03-05,gcrew,noaa_gefs,22,AirTemp_C_mean,14,12.227571105957054
gep22,00,2026-02-19,2026-03-05,gcrew,noaa_gefs,22,Pressure_Pa,14,101463.474609375
gep22,00,2026-02-19,2026-03-05,gcrew,noaa_gefs,22,RH_percent_mean,14,91.76033973693848
gep22,00,2026-02-19,2026-03-05,gcrew,noaa_gefs,22,Rain_mm_sum,14,2.4999999925494194
gep22,00,2026-02-19,2026-03-05,gcrew,noaa_gefs,22,ShortwaveRadiation_Wm2,14,89.75
gep22,00,2026-02-19,2026-03-05,gcrew,noaa_gefs,22,WindSpeed_ms_mean,14,6.039026367710616
gep22,00,2026-02-19,2026-03-06,gcrew,noaa_gefs,22,AirTemp_C_mean,15,0.883576965332054
gep22,00,2026-02-19,2026-03-06,gcrew,noaa_gefs,22,Pressure_Pa,15,101621.16796875
gep22,00,2026-02-19,2026-03-06,gcrew,noaa_gefs,22,RH_percent_mean,15,92.8342227935791
gep22,00,2026-02-19,2026-03-06,gcrew,noaa_gefs,22,Rain_mm_sum,15,37.30000019073486
gep22,00,2026-02-19,2026-03-06,gcrew,noaa_gefs,22,ShortwaveRadiation_Wm2,15,17.5
gep22,00,2026-02-19,2026-03-06,gcrew,noaa_gefs,22,WindSpeed_ms_mean,15,6.799946731139411
gep22,00,2026-02-19,2026-03-07,gcrew,noaa_gefs,22,AirTemp_C_mean,16,-1.2620071411132585
gep22,00,2026-02-19,2026-03-07,gcrew,noaa_gefs,22,Pressure_Pa,16,102783.318359375
gep22,00,2026-02-19,2026-03-07,gcrew,noaa_gefs,22,RH_percent_mean,16,79.86228942871094
gep22,00,2026-02-19,2026-03-07,gcrew,noaa_gefs,22,Rain_mm_sum,16,0
gep22,00,2026-02-19,2026-03-07,gcrew,noaa_gefs,22,ShortwaveRadiation_Wm2,16,231.5
gep22,00,2026-02-19,2026-03-07,gcrew,noaa_gefs,22,WindSpeed_ms_mean,16,3.336420955691156
gep22,00,2026-02-19,2026-03-08,gcrew,noaa_gefs,22,AirTemp_C_mean,17,2.6822448730468977
gep22,00,2026-02-19,2026-03-08,gcrew,noaa_gefs,22,Pressure_Pa,17,102794.392578125
gep22,00,2026-02-19,2026-03-08,gcrew,noaa_gefs,22,RH_percent_mean,17,80.685150146484375
gep22,00,2026-02-19,2026-03-08,gcrew,noaa_gefs,22,Rain_mm_sum,17,0
gep22,00,2026-02-19,2026-03-08,gcrew,noaa_gefs,22,ShortwaveRadiation_Wm2,17,218.75
gep22,00,2026-02-19,2026-03-08,gcrew,noaa_gefs,22,WindSpeed_ms_mean,17,2.011765155426912
gep22,00,2026-02-19,2026-03-09,gcrew,noaa_gefs,22,AirTemp_C_mean,18,2.2363754272461165
gep22,00,2026-02-19,2026-03-09,gcrew,noaa_gefs,22,Pressure_Pa,18,102708.865234375
gep22,00,2026-02-19,2026-03-09,gcrew,noaa_gefs,22,RH_percent_mean,18,88.49076080322266
gep22,00,2026-02-19,2026-03-09,gcrew,noaa_gefs,22,Rain_mm_sum,18,0
gep22,00,2026-02-19,2026-03-09,gcrew,noaa_gefs,22,ShortwaveRadiation_Wm2,18,190.5
gep22,00,2026-02-19,2026-03-09,gcrew,noaa_gefs,22,WindSpeed_ms_mean,18,2.926777667971675
gep22,00,2026-02-19,2026-03-10,gcrew,noaa_gefs,22,AirTemp_C_mean,19,3.077027893066429
gep22,00,2026-02-19,2026-03-10,gcrew,noaa_gefs,22,Pressure_Pa,19,101449.376953125
gep22,00,2026-02-19,2026-03-10,gcrew,noaa_gefs,22,RH_percent_mean,19,97.0867977142334
gep22,00,2026-02-19,2026-03-10,gcrew,noaa_gefs,22,Rain_mm_sum,19,20.30000078678131
gep22,00,2026-02-19,2026-03-10,gcrew,noaa_gefs,22,ShortwaveRadiation_Wm2,19,12.25
gep22,00,2026-02-19,2026-03-10,gcrew,noaa_gefs,22,WindSpeed_ms_mean,19,2.16738045229572
gep22,00,2026-02-19,2026-03-11,gcrew,noaa_gefs,22,AirTemp_C_mean,20,2.4423767089843977
gep22,00,2026-02-19,2026-03-11,gcrew,noaa_gefs,22,Pressure_Pa,20,101607.31640625
gep22,00,2026-02-19,2026-03-11,gcrew,noaa_gefs,22,RH_percent_mean,20,73.54477119445801
gep22,00,2026-02-19,2026-03-11,gcrew,noaa_gefs,22,Rain_mm_sum,20,0
gep22,00,2026-02-19,2026-03-11,gcrew,noaa_gefs,22,ShortwaveRadiation_Wm2,20,216.25
gep22,00,2026-02-19,2026-03-11,gcrew,noaa_gefs,22,WindSpeed_ms_mean,20,3.965489202739927
gep22,00,2026-02-19,2026-03-12,gcrew,noaa_gefs,22,AirTemp_C_mean,21,5.346345520019554
gep22,00,2026-02-19,2026-03-12,gcrew,noaa_gefs,22,Pressure_Pa,21,101774.470703125
gep22,00,2026-02-19,2026-03-12,gcrew,noaa_gefs,22,RH_percent_mean,21,70.26903629302979
gep22,00,2026-02-19,2026-03-12,gcrew,noaa_gefs,22,Rain_mm_sum,21,0
gep22,00,2026-02-19,2026-03-12,gcrew,noaa_gefs,22,ShortwaveRadiation_Wm2,21,234.5
gep22,00,2026-02-19,2026-03-12,gcrew,noaa_gefs,22,WindSpeed_ms_mean,21,4.989251373860443
gep22,00,2026-02-19,2026-03-13,gcrew,noaa_gefs,22,AirTemp_C_mean,22,0.404817199707054
gep22,00,2026-02-19,2026-03-13,gcrew,noaa_gefs,22,Pressure_Pa,22,103084.677734375
gep22,00,2026-02-19,2026-03-13,gcrew,noaa_gefs,22,RH_percent_mean,22,59.94519805908203
gep22,00,2026-02-19,2026-03-13,gcrew,noaa_gefs,22,Rain_mm_sum,22,0
gep22,00,2026-02-19,2026-03-13,gcrew,noaa_gefs,22,ShortwaveRadiation_Wm2,22,246.75
gep22,00,2026-02-19,2026-03-13,gcrew,noaa_gefs,22,WindSpeed_ms_mean,22,3.9252923447424357
gep22,00,2026-02-19,2026-03-14,gcrew,noaa_gefs,22,AirTemp_C_mean,23,2.2103439331054915
gep22,00,2026-02-19,2026-03-14,gcrew,noaa_gefs,22,Pressure_Pa,23,103257.919921875
gep22,00,2026-02-19,2026-03-14,gcrew,noaa_gefs,22,RH_percent_mean,23,65.69925880432129
gep22,00,2026-02-19,2026-03-14,gcrew,noaa_gefs,22,Rain_mm_sum,23,0
gep22,00,2026-02-19,2026-03-14,gcrew,noaa_gefs,22,ShortwaveRadiation_Wm2,23,192.25
gep22,00,2026-02-19,2026-03-14,gcrew,noaa_gefs,22,WindSpeed_ms_mean,23,3.0252771415459634
gep22,00,2026-02-19,2026-03-15,gcrew,noaa_gefs,22,AirTemp_C_mean,24,4.8394332885742415
gep22,00,2026-02-19,2026-03-15,gcrew,noaa_gefs,22,Pressure_Pa,24,102069.697265625
gep22,00,2026-02-19,2026-03-15,gcrew,noaa_gefs,22,RH_percent_mean,24,91.6884937286377
gep22,00,2026-02-19,2026-03-15,gcrew,noaa_gefs,22,Rain_mm_sum,24,6.8000001311302185
gep22,00,2026-02-19,2026-03-15,gcrew,noaa_gefs,22,ShortwaveRadiation_Wm2,24,9.75
gep22,00,2026-02-19,2026-03-15,gcrew,noaa_gefs,22,WindSpeed_ms_mean,24,4.914185923582207
gep22,00,2026-02-19,2026-03-16,gcrew,noaa_gefs,22,AirTemp_C_mean,25,6.88092956542971
gep22,00,2026-02-19,2026-03-16,gcrew,noaa_gefs,22,Pressure_Pa,25,100852.091796875
gep22,00,2026-02-19,2026-03-16,gcrew,noaa_gefs,22,RH_percent_mean,25,93.64601707458496
gep22,00,2026-02-19,2026-03-16,gcrew,noaa_gefs,22,Rain_mm_sum,25,0.10000000149011612
gep22,00,2026-02-19,2026-03-16,gcrew,noaa_gefs,22,ShortwaveRadiation_Wm2,25,137
gep22,00,2026-02-19,2026-03-16,gcrew,noaa_gefs,22,WindSpeed_ms_mean,25,2.385226343506775
gep22,00,2026-02-19,2026-03-17,gcrew,noaa_gefs,22,AirTemp_C_mean,26,8.267533874511741
gep22,00,2026-02-19,2026-03-17,gcrew,noaa_gefs,22,Pressure_Pa,26,100826.765625
gep22,00,2026-02-19,2026-03-17,gcrew,noaa_gefs,22,RH_percent_mean,26,91.60923194885254
gep22,00,2026-02-19,2026-03-17,gcrew,noaa_gefs,22,Rain_mm_sum,26,0
gep22,00,2026-02-19,2026-03-17,gcrew,noaa_gefs,22,ShortwaveRadiation_Wm2,26,223.75
gep22,00,2026-02-19,2026-03-17,gcrew,noaa_gefs,22,WindSpeed_ms_mean,26,2.241015530837425
gep22,00,2026-02-19,2026-03-18,gcrew,noaa_gefs,22,AirTemp_C_mean,27,11.309526062011741
gep22,00,2026-02-19,2026-03-18,gcrew,noaa_gefs,22,Pressure_Pa,27,100366.421875
gep22,00,2026-02-19,2026-03-18,gcrew,noaa_gefs,22,RH_percent_mean,27,80.98326683044434
gep22,00,2026-02-19,2026-03-18,gcrew,noaa_gefs,22,Rain_mm_sum,27,3.8000001087784767
gep22,00,2026-02-19,2026-03-18,gcrew,noaa_gefs,22,ShortwaveRadiation_Wm2,27,206
gep22,00,2026-02-19,2026-03-18,gcrew,noaa_gefs,22,WindSpeed_ms_mean,27,4.913507346762998
gep22,00,2026-02-19,2026-03-19,gcrew,noaa_gefs,22,AirTemp_C_mean,28,9.271661376953148
gep22,00,2026-02-19,2026-03-19,gcrew,noaa_gefs,22,Pressure_Pa,28,100716.333984375
gep22,00,2026-02-19,2026-03-19,gcrew,noaa_gefs,22,RH_percent_mean,28,78.55448150634766
gep22,00,2026-02-19,2026-03-19,gcrew,noaa_gefs,22,Rain_mm_sum,28,0.20000000298023224
gep22,00,2026-02-19,2026-03-19,gcrew,noaa_gefs,22,ShortwaveRadiation_Wm2,28,176
gep22,00,2026-02-19,2026-03-19,gcrew,noaa_gefs,22,WindSpeed_ms_mean,28,3.502768919064772
gep22,00,2026-02-19,2026-03-20,gcrew,noaa_gefs,22,AirTemp_C_mean,29,7.4639755249023665
gep22,00,2026-02-19,2026-03-20,gcrew,noaa_gefs,22,Pressure_Pa,29,101721.220703125
gep22,00,2026-02-19,2026-03-20,gcrew,noaa_gefs,22,RH_percent_mean,29,84.32945442199707
gep22,00,2026-02-19,2026-03-20,gcrew,noaa_gefs,22,Rain_mm_sum,29,0
gep22,00,2026-02-19,2026-03-20,gcrew,noaa_gefs,22,ShortwaveRadiation_Wm2,29,225.25
gep22,00,2026-02-19,2026-03-20,gcrew,noaa_gefs,22,WindSpeed_ms_mean,29,2.4857486906504604
gep22,00,2026-02-19,2026-03-21,gcrew,noaa_gefs,22,AirTemp_C_mean,30,5.514649963378929
gep22,00,2026-02-19,2026-03-21,gcrew,noaa_gefs,22,Pressure_Pa,30,102508.27734375
gep22,00,2026-02-19,2026-03-21,gcrew,noaa_gefs,22,RH_percent_mean,30,93.17456245422363
gep22,00,2026-02-19,2026-03-21,gcrew,noaa_gefs,22,Rain_mm_sum,30,0
gep22,00,2026-02-19,2026-03-21,gcrew,noaa_gefs,22,ShortwaveRadiation_Wm2,30,231
gep22,00,2026-02-19,2026-03-21,gcrew,noaa_gefs,22,WindSpeed_ms_mean,30,3.478610201477239
gep22,00,2026-02-19,2026-03-22,gcrew,noaa_gefs,22,AirTemp_C_mean,31,8.427484130859398
gep22,00,2026-02-19,2026-03-22,gcrew,noaa_gefs,22,Pressure_Pa,31,101537.609375
gep22,00,2026-02-19,2026-03-22,gcrew,noaa_gefs,22,RH_percent_mean,31,90.99308013916016
gep22,00,2026-02-19,2026-03-22,gcrew,noaa_gefs,22,Rain_mm_sum,31,0
gep22,00,2026-02-19,2026-03-22,gcrew,noaa_gefs,22,ShortwaveRadiation_Wm2,31,169
gep22,00,2026-02-19,2026-03-22,gcrew,noaa_gefs,22,WindSpeed_ms_mean,31,7.184195750232049
gep22,00,2026-02-19,2026-03-23,gcrew,noaa_gefs,22,AirTemp_C_mean,32,8.768609619140648
gep22,00,2026-02-19,2026-03-23,gcrew,noaa_gefs,22,Pressure_Pa,32,100650.3046875
gep22,00,2026-02-19,2026-03-23,gcrew,noaa_gefs,22,RH_percent_mean,32,58.10695171356201
gep22,00,2026-02-19,2026-03-23,gcrew,noaa_gefs,22,Rain_mm_sum,32,1.3000000715255737
gep22,00,2026-02-19,2026-03-23,gcrew,noaa_gefs,22,ShortwaveRadiation_Wm2,32,266
gep22,00,2026-02-19,2026-03-23,gcrew,noaa_gefs,22,WindSpeed_ms_mean,32,7.9327389792356415
gep22,00,2026-02-19,2026-03-24,gcrew,noaa_gefs,22,AirTemp_C_mean,33,4.568719482421898
gep22,00,2026-02-19,2026-03-24,gcrew,noaa_gefs,22,Pressure_Pa,33,101528.60546875
gep22,00,2026-02-19,2026-03-24,gcrew,noaa_gefs,22,RH_percent_mean,33,52.18817710876465
gep22,00,2026-02-19,2026-03-24,gcrew,noaa_gefs,22,Rain_mm_sum,33,0
gep22,00,2026-02-19,2026-03-24,gcrew,noaa_gefs,22,ShortwaveRadiation_Wm2,33,271.25
gep22,00,2026-02-19,2026-03-24,gcrew,noaa_gefs,22,WindSpeed_ms_mean,33,5.0208112518813515
gep22,00,2026-02-19,2026-03-25,gcrew,noaa_gefs,22,AirTemp_C_mean,34,4.424745178222679
gep22,00,2026-02-19,2026-03-25,gcrew,noaa_gefs,22,Pressure_Pa,34,100896.943359375
gep22,00,2026-02-19,2026-03-25,gcrew,noaa_gefs,22,RH_percent_mean,34,73.10336017608643
gep22,00,2026-02-19,2026-03-25,gcrew,noaa_gefs,22,Rain_mm_sum,34,0.699999988079071
gep22,00,2026-02-19,2026-03-25,gcrew,noaa_gefs,22,ShortwaveRadiation_Wm2,34,168.25
gep22,00,2026-02-19,2026-03-25,gcrew,noaa_gefs,22,WindSpeed_ms_mean,34,3.448319475494018
gep23,00,2026-02-19,2026-02-20,gcrew,noaa_gefs,23,AirTemp_C_mean,1,8.60019454956057
gep23,00,2026-02-19,2026-02-20,gcrew,noaa_gefs,23,Pressure_Pa,1,100529.837890625
gep23,00,2026-02-19,2026-02-20,gcrew,noaa_gefs,23,RH_percent_mean,1,84.13147974014282
gep23,00,2026-02-19,2026-02-20,gcrew,noaa_gefs,23,Rain_mm_sum,1,7.229999907314777
gep23,00,2026-02-19,2026-02-20,gcrew,noaa_gefs,23,ShortwaveRadiation_Wm2,1,90
gep23,00,2026-02-19,2026-02-20,gcrew,noaa_gefs,23,WindSpeed_ms_mean,1,5.327480968436972
gep23,00,2026-02-19,2026-02-21,gcrew,noaa_gefs,23,AirTemp_C_mean,2,4.957093811035179
gep23,00,2026-02-19,2026-02-21,gcrew,noaa_gefs,23,Pressure_Pa,2,101362.1162109375
gep23,00,2026-02-19,2026-02-21,gcrew,noaa_gefs,23,RH_percent_mean,2,67.61050748825073
gep23,00,2026-02-19,2026-02-21,gcrew,noaa_gefs,23,Rain_mm_sum,2,0.009999999776482582
gep23,00,2026-02-19,2026-02-21,gcrew,noaa_gefs,23,ShortwaveRadiation_Wm2,2,157.375
gep23,00,2026-02-19,2026-02-21,gcrew,noaa_gefs,23,WindSpeed_ms_mean,2,2.796669875085554
gep23,00,2026-02-19,2026-02-22,gcrew,noaa_gefs,23,AirTemp_C_mean,3,1.7196746826172102
gep23,00,2026-02-19,2026-02-22,gcrew,noaa_gefs,23,Pressure_Pa,3,101743.5
gep23,00,2026-02-19,2026-02-22,gcrew,noaa_gefs,23,RH_percent_mean,3,72.97090816497803
gep23,00,2026-02-19,2026-02-22,gcrew,noaa_gefs,23,Rain_mm_sum,3,0.10000000149011612
gep23,00,2026-02-19,2026-02-22,gcrew,noaa_gefs,23,ShortwaveRadiation_Wm2,3,141.625
gep23,00,2026-02-19,2026-02-22,gcrew,noaa_gefs,23,WindSpeed_ms_mean,3,2.597666670204664
gep23,00,2026-02-19,2026-02-23,gcrew,noaa_gefs,23,AirTemp_C_mean,4,0.5413490295410384
gep23,00,2026-02-19,2026-02-23,gcrew,noaa_gefs,23,Pressure_Pa,4,101336.916015625
gep23,00,2026-02-19,2026-02-23,gcrew,noaa_gefs,23,RH_percent_mean,4,88.30583763122559
gep23,00,2026-02-19,2026-02-23,gcrew,noaa_gefs,23,Rain_mm_sum,4,6.400000065565109
gep23,00,2026-02-19,2026-02-23,gcrew,noaa_gefs,23,ShortwaveRadiation_Wm2,4,97.75
gep23,00,2026-02-19,2026-02-23,gcrew,noaa_gefs,23,WindSpeed_ms_mean,4,5.788296822041432
gep23,00,2026-02-19,2026-02-24,gcrew,noaa_gefs,23,AirTemp_C_mean,5,0.5290084838867415
gep23,00,2026-02-19,2026-02-24,gcrew,noaa_gefs,23,Pressure_Pa,5,101826.7109375
gep23,00,2026-02-19,2026-02-24,gcrew,noaa_gefs,23,RH_percent_mean,5,67.53751993179321
gep23,00,2026-02-19,2026-02-24,gcrew,noaa_gefs,23,Rain_mm_sum,5,0.10000000149011612
gep23,00,2026-02-19,2026-02-24,gcrew,noaa_gefs,23,ShortwaveRadiation_Wm2,5,205.75
gep23,00,2026-02-19,2026-02-24,gcrew,noaa_gefs,23,WindSpeed_ms_mean,5,4.922516373996911
gep23,00,2026-02-19,2026-02-25,gcrew,noaa_gefs,23,AirTemp_C_mean,6,4.261026000976585
gep23,00,2026-02-19,2026-02-25,gcrew,noaa_gefs,23,Pressure_Pa,6,101437.8994140625
gep23,00,2026-02-19,2026-02-25,gcrew,noaa_gefs,23,RH_percent_mean,6,64.63713264465332
gep23,00,2026-02-19,2026-02-25,gcrew,noaa_gefs,23,Rain_mm_sum,6,0.5000000149011612
gep23,00,2026-02-19,2026-02-25,gcrew,noaa_gefs,23,ShortwaveRadiation_Wm2,6,123.375
gep23,00,2026-02-19,2026-02-25,gcrew,noaa_gefs,23,WindSpeed_ms_mean,6,4.7829481823237945
gep23,00,2026-02-19,2026-02-26,gcrew,noaa_gefs,23,AirTemp_C_mean,7,7.054109191894554
gep23,00,2026-02-19,2026-02-26,gcrew,noaa_gefs,23,Pressure_Pa,7,101322.2197265625
gep23,00,2026-02-19,2026-02-26,gcrew,noaa_gefs,23,RH_percent_mean,7,73.60764694213867
gep23,00,2026-02-19,2026-02-26,gcrew,noaa_gefs,23,Rain_mm_sum,7,1.6900000274181366
gep23,00,2026-02-19,2026-02-26,gcrew,noaa_gefs,23,ShortwaveRadiation_Wm2,7,169.75
gep23,00,2026-02-19,2026-02-26,gcrew,noaa_gefs,23,WindSpeed_ms_mean,7,4.3598277703380175
gep23,00,2026-02-19,2026-02-27,gcrew,noaa_gefs,23,AirTemp_C_mean,8,2.5398727416992415
gep23,00,2026-02-19,2026-02-27,gcrew,noaa_gefs,23,Pressure_Pa,8,101330.2099609375
gep23,00,2026-02-19,2026-02-27,gcrew,noaa_gefs,23,RH_percent_mean,8,90.59297943115234
gep23,00,2026-02-19,2026-02-27,gcrew,noaa_gefs,23,Rain_mm_sum,8,41.3899998255074
gep23,00,2026-02-19,2026-02-27,gcrew,noaa_gefs,23,ShortwaveRadiation_Wm2,8,16.875
gep23,00,2026-02-19,2026-02-27,gcrew,noaa_gefs,23,WindSpeed_ms_mean,8,3.173158734850934
gep23,00,2026-02-19,2026-02-28,gcrew,noaa_gefs,23,AirTemp_C_mean,9,6.081576102120558
gep23,00,2026-02-19,2026-02-28,gcrew,noaa_gefs,23,Pressure_Pa,9,100991.2890625
gep23,00,2026-02-19,2026-02-28,gcrew,noaa_gefs,23,RH_percent_mean,9,89.50826699393136
gep23,00,2026-02-19,2026-02-28,gcrew,noaa_gefs,23,Rain_mm_sum,9,6.939999997615814
gep23,00,2026-02-19,2026-02-28,gcrew,noaa_gefs,23,ShortwaveRadiation_Wm2,9,198.71428571428572
gep23,00,2026-02-19,2026-02-28,gcrew,noaa_gefs,23,WindSpeed_ms_mean,9,2.371464473414071
gep23,00,2026-02-19,2026-03-01,gcrew,noaa_gefs,23,AirTemp_C_mean,10,3.9153381347656477
gep23,00,2026-02-19,2026-03-01,gcrew,noaa_gefs,23,Pressure_Pa,10,102000.736328125
gep23,00,2026-02-19,2026-03-01,gcrew,noaa_gefs,23,RH_percent_mean,10,64.10819625854492
gep23,00,2026-02-19,2026-03-01,gcrew,noaa_gefs,23,Rain_mm_sum,10,0
gep23,00,2026-02-19,2026-03-01,gcrew,noaa_gefs,23,ShortwaveRadiation_Wm2,10,214
gep23,00,2026-02-19,2026-03-01,gcrew,noaa_gefs,23,WindSpeed_ms_mean,10,3.7106248775369783
gep23,00,2026-02-19,2026-03-02,gcrew,noaa_gefs,23,AirTemp_C_mean,11,2.6448913574218977
gep23,00,2026-02-19,2026-03-02,gcrew,noaa_gefs,23,Pressure_Pa,11,101992.7734375
gep23,00,2026-02-19,2026-03-02,gcrew,noaa_gefs,23,RH_percent_mean,11,80.4185619354248
gep23,00,2026-02-19,2026-03-02,gcrew,noaa_gefs,23,Rain_mm_sum,11,1.7000000327825546
gep23,00,2026-02-19,2026-03-02,gcrew,noaa_gefs,23,ShortwaveRadiation_Wm2,11,22.5
gep23,00,2026-02-19,2026-03-02,gcrew,noaa_gefs,23,WindSpeed_ms_mean,11,3.8287651590698437
gep23,00,2026-02-19,2026-03-03,gcrew,noaa_gefs,23,AirTemp_C_mean,12,13.411950683593773
gep23,00,2026-02-19,2026-03-03,gcrew,noaa_gefs,23,Pressure_Pa,12,101091.162109375
gep23,00,2026-02-19,2026-03-03,gcrew,noaa_gefs,23,RH_percent_mean,12,90.47667694091797
gep23,00,2026-02-19,2026-03-03,gcrew,noaa_gefs,23,Rain_mm_sum,12,3.1000000834465027
gep23,00,2026-02-19,2026-03-03,gcrew,noaa_gefs,23,ShortwaveRadiation_Wm2,12,146
gep23,00,2026-02-19,2026-03-03,gcrew,noaa_gefs,23,WindSpeed_ms_mean,12,5.012968706083463
gep23,00,2026-02-19,2026-03-04,gcrew,noaa_gefs,23,AirTemp_C_mean,13,8.065553283691429
gep23,00,2026-02-19,2026-03-04,gcrew,noaa_gefs,23,Pressure_Pa,13,102178.892578125
gep23,00,2026-02-19,2026-03-04,gcrew,noaa_gefs,23,RH_percent_mean,13,90.09021759033203
gep23,00,2026-02-19,2026-03-04,gcrew,noaa_gefs,23,Rain_mm_sum,13,6.300000101327896
gep23,00,2026-02-19,2026-03-04,gcrew,noaa_gefs,23,ShortwaveRadiation_Wm2,13,25
gep23,00,2026-02-19,2026-03-04,gcrew,noaa_gefs,23,WindSpeed_ms_mean,13,3.9570483623648522
gep23,00,2026-02-19,2026-03-05,gcrew,noaa_gefs,23,AirTemp_C_mean,14,12.227571105957054
gep23,00,2026-02-19,2026-03-05,gcrew,noaa_gefs,23,Pressure_Pa,14,101463.474609375
gep23,00,2026-02-19,2026-03-05,gcrew,noaa_gefs,23,RH_percent_mean,14,91.76033973693848
gep23,00,2026-02-19,2026-03-05,gcrew,noaa_gefs,23,Rain_mm_sum,14,2.4999999925494194
gep23,00,2026-02-19,2026-03-05,gcrew,noaa_gefs,23,ShortwaveRadiation_Wm2,14,89.75
gep23,00,2026-02-19,2026-03-05,gcrew,noaa_gefs,23,WindSpeed_ms_mean,14,6.039026367710616
gep23,00,2026-02-19,2026-03-06,gcrew,noaa_gefs,23,AirTemp_C_mean,15,0.883576965332054
gep23,00,2026-02-19,2026-03-06,gcrew,noaa_gefs,23,Pressure_Pa,15,101621.16796875
gep23,00,2026-02-19,2026-03-06,gcrew,noaa_gefs,23,RH_percent_mean,15,92.8342227935791
gep23,00,2026-02-19,2026-03-06,gcrew,noaa_gefs,23,Rain_mm_sum,15,37.30000019073486
gep23,00,2026-02-19,2026-03-06,gcrew,noaa_gefs,23,ShortwaveRadiation_Wm2,15,17.5
gep23,00,2026-02-19,2026-03-06,gcrew,noaa_gefs,23,WindSpeed_ms_mean,15,6.799946731139411
gep23,00,2026-02-19,2026-03-07,gcrew,noaa_gefs,23,AirTemp_C_mean,16,-1.2620071411132585
gep23,00,2026-02-19,2026-03-07,gcrew,noaa_gefs,23,Pressure_Pa,16,102783.318359375
gep23,00,2026-02-19,2026-03-07,gcrew,noaa_gefs,23,RH_percent_mean,16,79.86228942871094
gep23,00,2026-02-19,2026-03-07,gcrew,noaa_gefs,23,Rain_mm_sum,16,0
gep23,00,2026-02-19,2026-03-07,gcrew,noaa_gefs,23,ShortwaveRadiation_Wm2,16,231.5
gep23,00,2026-02-19,2026-03-07,gcrew,noaa_gefs,23,WindSpeed_ms_mean,16,3.336420955691156
gep23,00,2026-02-19,2026-03-08,gcrew,noaa_gefs,23,AirTemp_C_mean,17,2.6822448730468977
gep23,00,2026-02-19,2026-03-08,gcrew,noaa_gefs,23,Pressure_Pa,17,102794.392578125
gep23,00,2026-02-19,2026-03-08,gcrew,noaa_gefs,23,RH_percent_mean,17,80.685150146484375
gep23,00,2026-02-19,2026-03-08,gcrew,noaa_gefs,23,Rain_mm_sum,17,0
gep23,00,2026-02-19,2026-03-08,gcrew,noaa_gefs,23,ShortwaveRadiation_Wm2,17,218.75
gep23,00,2026-02-19,2026-03-08,gcrew,noaa_gefs,23,WindSpeed_ms_mean,17,2.011765155426912
gep23,00,2026-02-19,2026-03-09,gcrew,noaa_gefs,23,AirTemp_C_mean,18,2.2363754272461165
gep23,00,2026-02-19,2026-03-09,gcrew,noaa_gefs,23,Pressure_Pa,18,102708.865234375
gep23,00,2026-02-19,2026-03-09,gcrew,noaa_gefs,23,RH_percent_mean,18,88.49076080322266
gep23,00,2026-02-19,2026-03-09,gcrew,noaa_gefs,23,Rain_mm_sum,18,0
gep23,00,2026-02-19,2026-03-09,gcrew,noaa_gefs,23,ShortwaveRadiation_Wm2,18,190.5
gep23,00,2026-02-19,2026-03-09,gcrew,noaa_gefs,23,WindSpeed_ms_mean,18,2.926777667971675
gep23,00,2026-02-19,2026-03-10,gcrew,noaa_gefs,23,AirTemp_C_mean,19,3.077027893066429
gep23,00,2026-02-19,2026-03-10,gcrew,noaa_gefs,23,Pressure_Pa,19,101449.376953125
gep23,00,2026-02-19,2026-03-10,gcrew,noaa_gefs,23,RH_percent_mean,19,97.0867977142334
gep23,00,2026-02-19,2026-03-10,gcrew,noaa_gefs,23,Rain_mm_sum,19,20.30000078678131
gep23,00,2026-02-19,2026-03-10,gcrew,noaa_gefs,23,ShortwaveRadiation_Wm2,19,12.25
gep23,00,2026-02-19,2026-03-10,gcrew,noaa_gefs,23,WindSpeed_ms_mean,19,2.16738045229572
gep23,00,2026-02-19,2026-03-11,gcrew,noaa_gefs,23,AirTemp_C_mean,20,2.4423767089843977
gep23,00,2026-02-19,2026-03-11,gcrew,noaa_gefs,23,Pressure_Pa,20,101607.31640625
gep23,00,2026-02-19,2026-03-11,gcrew,noaa_gefs,23,RH_percent_mean,20,73.54477119445801
gep23,00,2026-02-19,2026-03-11,gcrew,noaa_gefs,23,Rain_mm_sum,20,0
gep23,00,2026-02-19,2026-03-11,gcrew,noaa_gefs,23,ShortwaveRadiation_Wm2,20,216.25
gep23,00,2026-02-19,2026-03-11,gcrew,noaa_gefs,23,WindSpeed_ms_mean,20,3.965489202739927
gep23,00,2026-02-19,2026-03-12,gcrew,noaa_gefs,23,AirTemp_C_mean,21,5.346345520019554
gep23,00,2026-02-19,2026-03-12,gcrew,noaa_gefs,23,Pressure_Pa,21,101774.470703125
gep23,00,2026-02-19,2026-03-12,gcrew,noaa_gefs,23,RH_percent_mean,21,70.26903629302979
gep23,00,2026-02-19,2026-03-12,gcrew,noaa_gefs,23,Rain_mm_sum,21,0
gep23,00,2026-02-19,2026-03-12,gcrew,noaa_gefs,23,ShortwaveRadiation_Wm2,21,234.5
gep23,00,2026-02-19,2026-03-12,gcrew,noaa_gefs,23,WindSpeed_ms_mean,21,4.989251373860443
gep23,00,2026-02-19,2026-03-13,gcrew,noaa_gefs,23,AirTemp_C_mean,22,0.404817199707054
gep23,00,2026-02-19,2026-03-13,gcrew,noaa_gefs,23,Pressure_Pa,22,103084.677734375
gep23,00,2026-02-19,2026-03-13,gcrew,noaa_gefs,23,RH_percent_mean,22,59.94519805908203
gep23,00,2026-02-19,2026-03-13,gcrew,noaa_gefs,23,Rain_mm_sum,22,0
gep23,00,2026-02-19,2026-03-13,gcrew,noaa_gefs,23,ShortwaveRadiation_Wm2,22,246.75
gep23,00,2026-02-19,2026-03-13,gcrew,noaa_gefs,23,WindSpeed_ms_mean,22,3.9252923447424357
gep23,00,2026-02-19,2026-03-14,gcrew,noaa_gefs,23,AirTemp_C_mean,23,2.2103439331054915
gep23,00,2026-02-19,2026-03-14,gcrew,noaa_gefs,23,Pressure_Pa,23,103257.919921875
gep23,00,2026-02-19,2026-03-14,gcrew,noaa_gefs,23,RH_percent_mean,23,65.69925880432129
gep23,00,2026-02-19,2026-03-14,gcrew,noaa_gefs,23,Rain_mm_sum,23,0
gep23,00,2026-02-19,2026-03-14,gcrew,noaa_gefs,23,ShortwaveRadiation_Wm2,23,192.25
gep23,00,2026-02-19,2026-03-14,gcrew,noaa_gefs,23,WindSpeed_ms_mean,23,3.0252771415459634
gep23,00,2026-02-19,2026-03-15,gcrew,noaa_gefs,23,AirTemp_C_mean,24,4.8394332885742415
gep23,00,2026-02-19,2026-03-15,gcrew,noaa_gefs,23,Pressure_Pa,24,102069.697265625
gep23,00,2026-02-19,2026-03-15,gcrew,noaa_gefs,23,RH_percent_mean,24,91.6884937286377
gep23,00,2026-02-19,2026-03-15,gcrew,noaa_gefs,23,Rain_mm_sum,24,6.8000001311302185
gep23,00,2026-02-19,2026-03-15,gcrew,noaa_gefs,23,ShortwaveRadiation_Wm2,24,9.75
gep23,00,2026-02-19,2026-03-15,gcrew,noaa_gefs,23,WindSpeed_ms_mean,24,4.914185923582207
gep23,00,2026-02-19,2026-03-16,gcrew,noaa_gefs,23,AirTemp_C_mean,25,6.88092956542971
gep23,00,2026-02-19,2026-03-16,gcrew,noaa_gefs,23,Pressure_Pa,25,100852.091796875
gep23,00,2026-02-19,2026-03-16,gcrew,noaa_gefs,23,RH_percent_mean,25,93.64601707458496
gep23,00,2026-02-19,2026-03-16,gcrew,noaa_gefs,23,Rain_mm_sum,25,0.10000000149011612
gep23,00,2026-02-19,2026-03-16,gcrew,noaa_gefs,23,ShortwaveRadiation_Wm2,25,137
gep23,00,2026-02-19,2026-03-16,gcrew,noaa_gefs,23,WindSpeed_ms_mean,25,2.385226343506775
gep23,00,2026-02-19,2026-03-17,gcrew,noaa_gefs,23,AirTemp_C_mean,26,8.267533874511741
gep23,00,2026-02-19,2026-03-17,gcrew,noaa_gefs,23,Pressure_Pa,26,100826.765625
gep23,00,2026-02-19,2026-03-17,gcrew,noaa_gefs,23,RH_percent_mean,26,91.60923194885254
gep23,00,2026-02-19,2026-03-17,gcrew,noaa_gefs,23,Rain_mm_sum,26,0
gep23,00,2026-02-19,2026-03-17,gcrew,noaa_gefs,23,ShortwaveRadiation_Wm2,26,223.75
gep23,00,2026-02-19,2026-03-17,gcrew,noaa_gefs,23,WindSpeed_ms_mean,26,2.241015530837425
gep23,00,2026-02-19,2026-03-18,gcrew,noaa_gefs,23,AirTemp_C_mean,27,11.309526062011741
gep23,00,2026-02-19,2026-03-18,gcrew,noaa_gefs,23,Pressure_Pa,27,100366.421875
gep23,00,2026-02-19,2026-03-18,gcrew,noaa_gefs,23,RH_percent_mean,27,80.98326683044434
gep23,00,2026-02-19,2026-03-18,gcrew,noaa_gefs,23,Rain_mm_sum,27,3.8000001087784767
gep23,00,2026-02-19,2026-03-18,gcrew,noaa_gefs,23,ShortwaveRadiation_Wm2,27,206
gep23,00,2026-02-19,2026-03-18,gcrew,noaa_gefs,23,WindSpeed_ms_mean,27,4.913507346762998
gep23,00,2026-02-19,2026-03-19,gcrew,noaa_gefs,23,AirTemp_C_mean,28,9.271661376953148
gep23,00,2026-02-19,2026-03-19,gcrew,noaa_gefs,23,Pressure_Pa,28,100716.333984375
gep23,00,2026-02-19,2026-03-19,gcrew,noaa_gefs,23,RH_percent_mean,28,78.55448150634766
gep23,00,2026-02-19,2026-03-19,gcrew,noaa_gefs,23,Rain_mm_sum,28,0.20000000298023224
gep23,00,2026-02-19,2026-03-19,gcrew,noaa_gefs,23,ShortwaveRadiation_Wm2,28,176
gep23,00,2026-02-19,2026-03-19,gcrew,noaa_gefs,23,WindSpeed_ms_mean,28,3.502768919064772
gep23,00,2026-02-19,2026-03-20,gcrew,noaa_gefs,23,AirTemp_C_mean,29,7.4639755249023665
gep23,00,2026-02-19,2026-03-20,gcrew,noaa_gefs,23,Pressure_Pa,29,101721.220703125
gep23,00,2026-02-19,2026-03-20,gcrew,noaa_gefs,23,RH_percent_mean,29,84.32945442199707
gep23,00,2026-02-19,2026-03-20,gcrew,noaa_gefs,23,Rain_mm_sum,29,0
gep23,00,2026-02-19,2026-03-20,gcrew,noaa_gefs,23,ShortwaveRadiation_Wm2,29,225.25
gep23,00,2026-02-19,2026-03-20,gcrew,noaa_gefs,23,WindSpeed_ms_mean,29,2.4857486906504604
gep23,00,2026-02-19,2026-03-21,gcrew,noaa_gefs,23,AirTemp_C_mean,30,5.514649963378929
gep23,00,2026-02-19,2026-03-21,gcrew,noaa_gefs,23,Pressure_Pa,30,102508.27734375
gep23,00,2026-02-19,2026-03-21,gcrew,noaa_gefs,23,RH_percent_mean,30,93.17456245422363
gep23,00,2026-02-19,2026-03-21,gcrew,noaa_gefs,23,Rain_mm_sum,30,0
gep23,00,2026-02-19,2026-03-21,gcrew,noaa_gefs,23,ShortwaveRadiation_Wm2,30,231
gep23,00,2026-02-19,2026-03-21,gcrew,noaa_gefs,23,WindSpeed_ms_mean,30,3.478610201477239
gep23,00,2026-02-19,2026-03-22,gcrew,noaa_gefs,23,AirTemp_C_mean,31,8.427484130859398
gep23,00,2026-02-19,2026-03-22,gcrew,noaa_gefs,23,Pressure_Pa,31,101537.609375
gep23,00,2026-02-19,2026-03-22,gcrew,noaa_gefs,23,RH_percent_mean,31,90.99308013916016
gep23,00,2026-02-19,2026-03-22,gcrew,noaa_gefs,23,Rain_mm_sum,31,0
gep23,00,2026-02-19,2026-03-22,gcrew,noaa_gefs,23,ShortwaveRadiation_Wm2,31,169
gep23,00,2026-02-19,2026-03-22,gcrew,noaa_gefs,23,WindSpeed_ms_mean,31,7.184195750232049
gep23,00,2026-02-19,2026-03-23,gcrew,noaa_gefs,23,AirTemp_C_mean,32,8.768609619140648
gep23,00,2026-02-19,2026-03-23,gcrew,noaa_gefs,23,Pressure_Pa,32,100650.3046875
gep23,00,2026-02-19,2026-03-23,gcrew,noaa_gefs,23,RH_percent_mean,32,58.10695171356201
gep23,00,2026-02-19,2026-03-23,gcrew,noaa_gefs,23,Rain_mm_sum,32,1.3000000715255737
gep23,00,2026-02-19,2026-03-23,gcrew,noaa_gefs,23,ShortwaveRadiation_Wm2,32,266
gep23,00,2026-02-19,2026-03-23,gcrew,noaa_gefs,23,WindSpeed_ms_mean,32,7.9327389792356415
gep23,00,2026-02-19,2026-03-24,gcrew,noaa_gefs,23,AirTemp_C_mean,33,4.568719482421898
gep23,00,2026-02-19,2026-03-24,gcrew,noaa_gefs,23,Pressure_Pa,33,101528.60546875
gep23,00,2026-02-19,2026-03-24,gcrew,noaa_gefs,23,RH_percent_mean,33,52.18817710876465
gep23,00,2026-02-19,2026-03-24,gcrew,noaa_gefs,23,Rain_mm_sum,33,0
gep23,00,2026-02-19,2026-03-24,gcrew,noaa_gefs,23,ShortwaveRadiation_Wm2,33,271.25
gep23,00,2026-02-19,2026-03-24,gcrew,noaa_gefs,23,WindSpeed_ms_mean,33,5.0208112518813515
gep23,00,2026-02-19,2026-03-25,gcrew,noaa_gefs,23,AirTemp_C_mean,34,4.424745178222679
gep23,00,2026-02-19,2026-03-25,gcrew,noaa_gefs,23,Pressure_Pa,34,100896.943359375
gep23,00,2026-02-19,2026-03-25,gcrew,noaa_gefs,23,RH_percent_mean,34,73.10336017608643
gep23,00,2026-02-19,2026-03-25,gcrew,noaa_gefs,23,Rain_mm_sum,34,0.699999988079071
gep23,00,2026-02-19,2026-03-25,gcrew,noaa_gefs,23,ShortwaveRadiation_Wm2,34,168.25
gep23,00,2026-02-19,2026-03-25,gcrew,noaa_gefs,23,WindSpeed_ms_mean,34,3.448319475494018
gep24,00,2026-02-19,2026-02-20,gcrew,noaa_gefs,24,AirTemp_C_mean,1,8.60019454956057
gep24,00,2026-02-19,2026-02-20,gcrew,noaa_gefs,24,Pressure_Pa,1,100529.837890625
gep24,00,2026-02-19,2026-02-20,gcrew,noaa_gefs,24,RH_percent_mean,1,84.13147974014282
gep24,00,2026-02-19,2026-02-20,gcrew,noaa_gefs,24,Rain_mm_sum,1,7.229999907314777
gep24,00,2026-02-19,2026-02-20,gcrew,noaa_gefs,24,ShortwaveRadiation_Wm2,1,90
gep24,00,2026-02-19,2026-02-20,gcrew,noaa_gefs,24,WindSpeed_ms_mean,1,5.327480968436972
gep24,00,2026-02-19,2026-02-21,gcrew,noaa_gefs,24,AirTemp_C_mean,2,4.957093811035179
gep24,00,2026-02-19,2026-02-21,gcrew,noaa_gefs,24,Pressure_Pa,2,101362.1162109375
gep24,00,2026-02-19,2026-02-21,gcrew,noaa_gefs,24,RH_percent_mean,2,67.61050748825073
gep24,00,2026-02-19,2026-02-21,gcrew,noaa_gefs,24,Rain_mm_sum,2,0.009999999776482582
gep24,00,2026-02-19,2026-02-21,gcrew,noaa_gefs,24,ShortwaveRadiation_Wm2,2,157.375
gep24,00,2026-02-19,2026-02-21,gcrew,noaa_gefs,24,WindSpeed_ms_mean,2,2.796669875085554
gep24,00,2026-02-19,2026-02-22,gcrew,noaa_gefs,24,AirTemp_C_mean,3,1.7196746826172102
gep24,00,2026-02-19,2026-02-22,gcrew,noaa_gefs,24,Pressure_Pa,3,101743.5
gep24,00,2026-02-19,2026-02-22,gcrew,noaa_gefs,24,RH_percent_mean,3,72.97090816497803
gep24,00,2026-02-19,2026-02-22,gcrew,noaa_gefs,24,Rain_mm_sum,3,0.10000000149011612
gep24,00,2026-02-19,2026-02-22,gcrew,noaa_gefs,24,ShortwaveRadiation_Wm2,3,141.625
gep24,00,2026-02-19,2026-02-22,gcrew,noaa_gefs,24,WindSpeed_ms_mean,3,2.597666670204664
gep24,00,2026-02-19,2026-02-23,gcrew,noaa_gefs,24,AirTemp_C_mean,4,0.5413490295410384
gep24,00,2026-02-19,2026-02-23,gcrew,noaa_gefs,24,Pressure_Pa,4,101336.916015625
gep24,00,2026-02-19,2026-02-23,gcrew,noaa_gefs,24,RH_percent_mean,4,88.30583763122559
gep24,00,2026-02-19,2026-02-23,gcrew,noaa_gefs,24,Rain_mm_sum,4,6.400000065565109
gep24,00,2026-02-19,2026-02-23,gcrew,noaa_gefs,24,ShortwaveRadiation_Wm2,4,97.75
gep24,00,2026-02-19,2026-02-23,gcrew,noaa_gefs,24,WindSpeed_ms_mean,4,5.788296822041432
gep24,00,2026-02-19,2026-02-24,gcrew,noaa_gefs,24,AirTemp_C_mean,5,0.5290084838867415
gep24,00,2026-02-19,2026-02-24,gcrew,noaa_gefs,24,Pressure_Pa,5,101826.7109375
gep24,00,2026-02-19,2026-02-24,gcrew,noaa_gefs,24,RH_percent_mean,5,67.53751993179321
gep24,00,2026-02-19,2026-02-24,gcrew,noaa_gefs,24,Rain_mm_sum,5,0.10000000149011612
gep24,00,2026-02-19,2026-02-24,gcrew,noaa_gefs,24,ShortwaveRadiation_Wm2,5,205.75
gep24,00,2026-02-19,2026-02-24,gcrew,noaa_gefs,24,WindSpeed_ms_mean,5,4.922516373996911
gep24,00,2026-02-19,2026-02-25,gcrew,noaa_gefs,24,AirTemp_C_mean,6,4.261026000976585
gep24,00,2026-02-19,2026-02-25,gcrew,noaa_gefs,24,Pressure_Pa,6,101437.8994140625
gep24,00,2026-02-19,2026-02-25,gcrew,noaa_gefs,24,RH_percent_mean,6,64.63713264465332
gep24,00,2026-02-19,2026-02-25,gcrew,noaa_gefs,24,Rain_mm_sum,6,0.5000000149011612
gep24,00,2026-02-19,2026-02-25,gcrew,noaa_gefs,24,ShortwaveRadiation_Wm2,6,123.375
gep24,00,2026-02-19,2026-02-25,gcrew,noaa_gefs,24,WindSpeed_ms_mean,6,4.7829481823237945
gep24,00,2026-02-19,2026-02-26,gcrew,noaa_gefs,24,AirTemp_C_mean,7,7.054109191894554
gep24,00,2026-02-19,2026-02-26,gcrew,noaa_gefs,24,Pressure_Pa,7,101322.2197265625
gep24,00,2026-02-19,2026-02-26,gcrew,noaa_gefs,24,RH_percent_mean,7,73.60764694213867
gep24,00,2026-02-19,2026-02-26,gcrew,noaa_gefs,24,Rain_mm_sum,7,1.6900000274181366
gep24,00,2026-02-19,2026-02-26,gcrew,noaa_gefs,24,ShortwaveRadiation_Wm2,7,169.75
gep24,00,2026-02-19,2026-02-26,gcrew,noaa_gefs,24,WindSpeed_ms_mean,7,4.3598277703380175
gep24,00,2026-02-19,2026-02-27,gcrew,noaa_gefs,24,AirTemp_C_mean,8,2.5398727416992415
gep24,00,2026-02-19,2026-02-27,gcrew,noaa_gefs,24,Pressure_Pa,8,101330.2099609375
gep24,00,2026-02-19,2026-02-27,gcrew,noaa_gefs,24,RH_percent_mean,8,90.59297943115234
gep24,00,2026-02-19,2026-02-27,gcrew,noaa_gefs,24,Rain_mm_sum,8,41.3899998255074
gep24,00,2026-02-19,2026-02-27,gcrew,noaa_gefs,24,ShortwaveRadiation_Wm2,8,16.875
gep24,00,2026-02-19,2026-02-27,gcrew,noaa_gefs,24,WindSpeed_ms_mean,8,3.173158734850934
gep24,00,2026-02-19,2026-02-28,gcrew,noaa_gefs,24,AirTemp_C_mean,9,6.081576102120558
gep24,00,2026-02-19,2026-02-28,gcrew,noaa_gefs,24,Pressure_Pa,9,100991.2890625
gep24,00,2026-02-19,2026-02-28,gcrew,noaa_gefs,24,RH_percent_mean,9,89.50826699393136
gep24,00,2026-02-19,2026-02-28,gcrew,noaa_gefs,24,Rain_mm_sum,9,6.939999997615814
gep24,00,2026-02-19,2026-02-28,gcrew,noaa_gefs,24,ShortwaveRadiation_Wm2,9,198.71428571428572
gep24,00,2026-02-19,2026-02-28,gcrew,noaa_gefs,24,WindSpeed_ms_mean,9,2.371464473414071
gep24,00,2026-02-19,2026-03-01,gcrew,noaa_gefs,24,AirTemp_C_mean,10,3.9153381347656477
gep24,00,2026-02-19,2026-03-01,gcrew,noaa_gefs,24,Pressure_Pa,10,102000.736328125
gep24,00,2026-02-19,2026-03-01,gcrew,noaa_gefs,24,RH_percent_mean,10,64.10819625854492
gep24,00,2026-02-19,2026-03-01,gcrew,noaa_gefs,24,Rain_mm_sum,10,0
gep24,00,2026-02-19,2026-03-01,gcrew,noaa_gefs,24,ShortwaveRadiation_Wm2,10,214
gep24,00,2026-02-19,2026-03-01,gcrew,noaa_gefs,24,WindSpeed_ms_mean,10,3.7106248775369783
gep24,00,2026-02-19,2026-03-02,gcrew,noaa_gefs,24,AirTemp_C_mean,11,2.6448913574218977
gep24,00,2026-02-19,2026-03-02,gcrew,noaa_gefs,24,Pressure_Pa,11,101992.7734375
gep24,00,2026-02-19,2026-03-02,gcrew,noaa_gefs,24,RH_percent_mean,11,80.4185619354248
gep24,00,2026-02-19,2026-03-02,gcrew,noaa_gefs,24,Rain_mm_sum,11,1.7000000327825546
gep24,00,2026-02-19,2026-03-02,gcrew,noaa_gefs,24,ShortwaveRadiation_Wm2,11,22.5
gep24,00,2026-02-19,2026-03-02,gcrew,noaa_gefs,24,WindSpeed_ms_mean,11,3.8287651590698437
gep24,00,2026-02-19,2026-03-03,gcrew,noaa_gefs,24,AirTemp_C_mean,12,13.411950683593773
gep24,00,2026-02-19,2026-03-03,gcrew,noaa_gefs,24,Pressure_Pa,12,101091.162109375
gep24,00,2026-02-19,2026-03-03,gcrew,noaa_gefs,24,RH_percent_mean,12,90.47667694091797
gep24,00,2026-02-19,2026-03-03,gcrew,noaa_gefs,24,Rain_mm_sum,12,3.1000000834465027
gep24,00,2026-02-19,2026-03-03,gcrew,noaa_gefs,24,ShortwaveRadiation_Wm2,12,146
gep24,00,2026-02-19,2026-03-03,gcrew,noaa_gefs,24,WindSpeed_ms_mean,12,5.012968706083463
gep24,00,2026-02-19,2026-03-04,gcrew,noaa_gefs,24,AirTemp_C_mean,13,8.065553283691429
gep24,00,2026-02-19,2026-03-04,gcrew,noaa_gefs,24,Pressure_Pa,13,102178.892578125
gep24,00,2026-02-19,2026-03-04,gcrew,noaa_gefs,24,RH_percent_mean,13,90.09021759033203
gep24,00,2026-02-19,2026-03-04,gcrew,noaa_gefs,24,Rain_mm_sum,13,6.300000101327896
gep24,00,2026-02-19,2026-03-04,gcrew,noaa_gefs,24,ShortwaveRadiation_Wm2,13,25
gep24,00,2026-02-19,2026-03-04,gcrew,noaa_gefs,24,WindSpeed_ms_mean,13,3.9570483623648522
gep24,00,2026-02-19,2026-03-05,gcrew,noaa_gefs,24,AirTemp_C_mean,14,12.227571105957054
gep24,00,2026-02-19,2026-03-05,gcrew,noaa_gefs,24,Pressure_Pa,14,101463.474609375
gep24,00,2026-02-19,2026-03-05,gcrew,noaa_gefs,24,RH_percent_mean,14,91.76033973693848
gep24,00,2026-02-19,2026-03-05,gcrew,noaa_gefs,24,Rain_mm_sum,14,2.4999999925494194
gep24,00,2026-02-19,2026-03-05,gcrew,noaa_gefs,24,ShortwaveRadiation_Wm2,14,89.75
gep24,00,2026-02-19,2026-03-05,gcrew,noaa_gefs,24,WindSpeed_ms_mean,14,6.039026367710616
gep24,00,2026-02-19,2026-03-06,gcrew,noaa_gefs,24,AirTemp_C_mean,15,0.883576965332054
gep24,00,2026-02-19,2026-03-06,gcrew,noaa_gefs,24,Pressure_Pa,15,101621.16796875
gep24,00,2026-02-19,2026-03-06,gcrew,noaa_gefs,24,RH_percent_mean,15,92.8342227935791
gep24,00,2026-02-19,2026-03-06,gcrew,noaa_gefs,24,Rain_mm_sum,15,37.30000019073486
gep24,00,2026-02-19,2026-03-06,gcrew,noaa_gefs,24,ShortwaveRadiation_Wm2,15,17.5
gep24,00,2026-02-19,2026-03-06,gcrew,noaa_gefs,24,WindSpeed_ms_mean,15,6.799946731139411
gep24,00,2026-02-19,2026-03-07,gcrew,noaa_gefs,24,AirTemp_C_mean,16,-1.2620071411132585
gep24,00,2026-02-19,2026-03-07,gcrew,noaa_gefs,24,Pressure_Pa,16,102783.318359375
gep24,00,2026-02-19,2026-03-07,gcrew,noaa_gefs,24,RH_percent_mean,16,79.86228942871094
gep24,00,2026-02-19,2026-03-07,gcrew,noaa_gefs,24,Rain_mm_sum,16,0
gep24,00,2026-02-19,2026-03-07,gcrew,noaa_gefs,24,ShortwaveRadiation_Wm2,16,231.5
gep24,00,2026-02-19,2026-03-07,gcrew,noaa_gefs,24,WindSpeed_ms_mean,16,3.336420955691156
gep24,00,2026-02-19,2026-03-08,gcrew,noaa_gefs,24,AirTemp_C_mean,17,2.6822448730468977
gep24,00,2026-02-19,2026-03-08,gcrew,noaa_gefs,24,Pressure_Pa,17,102794.392578125
gep24,00,2026-02-19,2026-03-08,gcrew,noaa_gefs,24,RH_percent_mean,17,80.685150146484375
gep24,00,2026-02-19,2026-03-08,gcrew,noaa_gefs,24,Rain_mm_sum,17,0
gep24,00,2026-02-19,2026-03-08,gcrew,noaa_gefs,24,ShortwaveRadiation_Wm2,17,218.75
gep24,00,2026-02-19,2026-03-08,gcrew,noaa_gefs,24,WindSpeed_ms_mean,17,2.011765155426912
gep24,00,2026-02-19,2026-03-09,gcrew,noaa_gefs,24,AirTemp_C_mean,18,2.2363754272461165
gep24,00,2026-02-19,2026-03-09,gcrew,noaa_gefs,24,Pressure_Pa,18,102708.865234375
gep24,00,2026-02-19,2026-03-09,gcrew,noaa_gefs,24,RH_percent_mean,18,88.49076080322266
gep24,00,2026-02-19,2026-03-09,gcrew,noaa_gefs,24,Rain_mm_sum,18,0
gep24,00,2026-02-19,2026-03-09,gcrew,noaa_gefs,24,ShortwaveRadiation_Wm2,18,190.5
gep24,00,2026-02-19,2026-03-09,gcrew,noaa_gefs,24,WindSpeed_ms_mean,18,2.926777667971675
gep24,00,2026-02-19,2026-03-10,gcrew,noaa_gefs,24,AirTemp_C_mean,19,3.077027893066429
gep24,00,2026-02-19,2026-03-10,gcrew,noaa_gefs,24,Pressure_Pa,19,101449.376953125
gep24,00,2026-02-19,2026-03-10,gcrew,noaa_gefs,24,RH_percent_mean,19,97.0867977142334
gep24,00,2026-02-19,2026-03-10,gcrew,noaa_gefs,24,Rain_mm_sum,19,20.30000078678131
gep24,00,2026-02-19,2026-03-10,gcrew,noaa_gefs,24,ShortwaveRadiation_Wm2,19,12.25
gep24,00,2026-02-19,2026-03-10,gcrew,noaa_gefs,24,WindSpeed_ms_mean,19,2.16738045229572
gep24,00,2026-02-19,2026-03-11,gcrew,noaa_gefs,24,AirTemp_C_mean,20,2.4423767089843977
gep24,00,2026-02-19,2026-03-11,gcrew,noaa_gefs,24,Pressure_Pa,20,101607.31640625
gep24,00,2026-02-19,2026-03-11,gcrew,noaa_gefs,24,RH_percent_mean,20,73.54477119445801
gep24,00,2026-02-19,2026-03-11,gcrew,noaa_gefs,24,Rain_mm_sum,20,0
gep24,00,2026-02-19,2026-03-11,gcrew,noaa_gefs,24,ShortwaveRadiation_Wm2,20,216.25
gep24,00,2026-02-19,2026-03-11,gcrew,noaa_gefs,24,WindSpeed_ms_mean,20,3.965489202739927
gep24,00,2026-02-19,2026-03-12,gcrew,noaa_gefs,24,AirTemp_C_mean,21,5.346345520019554
gep24,00,2026-02-19,2026-03-12,gcrew,noaa_gefs,24,Pressure_Pa,21,101774.470703125
gep24,00,2026-02-19,2026-03-12,gcrew,noaa_gefs,24,RH_percent_mean,21,70.26903629302979
gep24,00,2026-02-19,2026-03-12,gcrew,noaa_gefs,24,Rain_mm_sum,21,0
gep24,00,2026-02-19,2026-03-12,gcrew,noaa_gefs,24,ShortwaveRadiation_Wm2,21,234.5
gep24,00,2026-02-19,2026-03-12,gcrew,noaa_gefs,24,WindSpeed_ms_mean,21,4.989251373860443
gep24,00,2026-02-19,2026-03-13,gcrew,noaa_gefs,24,AirTemp_C_mean,22,0.404817199707054
gep24,00,2026-02-19,2026-03-13,gcrew,noaa_gefs,24,Pressure_Pa,22,103084.677734375
gep24,00,2026-02-19,2026-03-13,gcrew,noaa_gefs,24,RH_percent_mean,22,59.94519805908203
gep24,00,2026-02-19,2026-03-13,gcrew,noaa_gefs,24,Rain_mm_sum,22,0
gep24,00,2026-02-19,2026-03-13,gcrew,noaa_gefs,24,ShortwaveRadiation_Wm2,22,246.75
gep24,00,2026-02-19,2026-03-13,gcrew,noaa_gefs,24,WindSpeed_ms_mean,22,3.9252923447424357
gep24,00,2026-02-19,2026-03-14,gcrew,noaa_gefs,24,AirTemp_C_mean,23,2.2103439331054915
gep24,00,2026-02-19,2026-03-14,gcrew,noaa_gefs,24,Pressure_Pa,23,103257.919921875
gep24,00,2026-02-19,2026-03-14,gcrew,noaa_gefs,24,RH_percent_mean,23,65.69925880432129
gep24,00,2026-02-19,2026-03-14,gcrew,noaa_gefs,24,Rain_mm_sum,23,0
gep24,00,2026-02-19,2026-03-14,gcrew,noaa_gefs,24,ShortwaveRadiation_Wm2,23,192.25
gep24,00,2026-02-19,2026-03-14,gcrew,noaa_gefs,24,WindSpeed_ms_mean,23,3.0252771415459634
gep24,00,2026-02-19,2026-03-15,gcrew,noaa_gefs,24,AirTemp_C_mean,24,4.8394332885742415
gep24,00,2026-02-19,2026-03-15,gcrew,noaa_gefs,24,Pressure_Pa,24,102069.697265625
gep24,00,2026-02-19,2026-03-15,gcrew,noaa_gefs,24,RH_percent_mean,24,91.6884937286377
gep24,00,2026-02-19,2026-03-15,gcrew,noaa_gefs,24,Rain_mm_sum,24,6.8000001311302185
gep24,00,2026-02-19,2026-03-15,gcrew,noaa_gefs,24,ShortwaveRadiation_Wm2,24,9.75
gep24,00,2026-02-19,2026-03-15,gcrew,noaa_gefs,24,WindSpeed_ms_mean,24,4.914185923582207
gep24,00,2026-02-19,2026-03-16,gcrew,noaa_gefs,24,AirTemp_C_mean,25,6.88092956542971
gep24,00,2026-02-19,2026-03-16,gcrew,noaa_gefs,24,Pressure_Pa,25,100852.091796875
gep24,00,2026-02-19,2026-03-16,gcrew,noaa_gefs,24,RH_percent_mean,25,93.64601707458496
gep24,00,2026-02-19,2026-03-16,gcrew,noaa_gefs,24,Rain_mm_sum,25,0.10000000149011612
gep24,00,2026-02-19,2026-03-16,gcrew,noaa_gefs,24,ShortwaveRadiation_Wm2,25,137
gep24,00,2026-02-19,2026-03-16,gcrew,noaa_gefs,24,WindSpeed_ms_mean,25,2.385226343506775
gep24,00,2026-02-19,2026-03-17,gcrew,noaa_gefs,24,AirTemp_C_mean,26,8.267533874511741
gep24,00,2026-02-19,2026-03-17,gcrew,noaa_gefs,24,Pressure_Pa,26,100826.765625
gep24,00,2026-02-19,2026-03-17,gcrew,noaa_gefs,24,RH_percent_mean,26,91.60923194885254
gep24,00,2026-02-19,2026-03-17,gcrew,noaa_gefs,24,Rain_mm_sum,26,0
gep24,00,2026-02-19,2026-03-17,gcrew,noaa_gefs,24,ShortwaveRadiation_Wm2,26,223.75
gep24,00,2026-02-19,2026-03-17,gcrew,noaa_gefs,24,WindSpeed_ms_mean,26,2.241015530837425
gep24,00,2026-02-19,2026-03-18,gcrew,noaa_gefs,24,AirTemp_C_mean,27,11.309526062011741
gep24,00,2026-02-19,2026-03-18,gcrew,noaa_gefs,24,Pressure_Pa,27,100366.421875
gep24,00,2026-02-19,2026-03-18,gcrew,noaa_gefs,24,RH_percent_mean,27,80.98326683044434
gep24,00,2026-02-19,2026-03-18,gcrew,noaa_gefs,24,Rain_mm_sum,27,3.8000001087784767
gep24,00,2026-02-19,2026-03-18,gcrew,noaa_gefs,24,ShortwaveRadiation_Wm2,27,206
gep24,00,2026-02-19,2026-03-18,gcrew,noaa_gefs,24,WindSpeed_ms_mean,27,4.913507346762998
gep24,00,2026-02-19,2026-03-19,gcrew,noaa_gefs,24,AirTemp_C_mean,28,9.271661376953148
gep24,00,2026-02-19,2026-03-19,gcrew,noaa_gefs,24,Pressure_Pa,28,100716.333984375
gep24,00,2026-02-19,2026-03-19,gcrew,noaa_gefs,24,RH_percent_mean,28,78.55448150634766
gep24,00,2026-02-19,2026-03-19,gcrew,noaa_gefs,24,Rain_mm_sum,28,0.20000000298023224
gep24,00,2026-02-19,2026-03-19,gcrew,noaa_gefs,24,ShortwaveRadiation_Wm2,28,176
gep24,00,2026-02-19,2026-03-19,gcrew,noaa_gefs,24,WindSpeed_ms_mean,28,3.502768919064772
gep24,00,2026-02-19,2026-03-20,gcrew,noaa_gefs,24,AirTemp_C_mean,29,7.4639755249023665
gep24,00,2026-02-19,2026-03-20,gcrew,noaa_gefs,24,Pressure_Pa,29,101721.220703125
gep24,00,2026-02-19,2026-03-20,gcrew,noaa_gefs,24,RH_percent_mean,29,84.32945442199707
gep24,00,2026-02-19,2026-03-20,gcrew,noaa_gefs,24,Rain_mm_sum,29,0
gep24,00,2026-02-19,2026-03-20,gcrew,noaa_gefs,24,ShortwaveRadiation_Wm2,29,225.25
gep24,00,2026-02-19,2026-03-20,gcrew,noaa_gefs,24,WindSpeed_ms_mean,29,2.4857486906504604
gep24,00,2026-02-19,2026-03-21,gcrew,noaa_gefs,24,AirTemp_C_mean,30,5.514649963378929
gep24,00,2026-02-19,2026-03-21,gcrew,noaa_gefs,24,Pressure_Pa,30,102508.27734375
gep24,00,2026-02-19,2026-03-21,gcrew,noaa_gefs,24,RH_percent_mean,30,93.17456245422363
gep24,00,2026-02-19,2026-03-21,gcrew,noaa_gefs,24,Rain_mm_sum,30,0
gep24,00,2026-02-19,2026-03-21,gcrew,noaa_gefs,24,ShortwaveRadiation_Wm2,30,231
gep24,00,2026-02-19,2026-03-21,gcrew,noaa_gefs,24,WindSpeed_ms_mean,30,3.478610201477239
gep24,00,2026-02-19,2026-03-22,gcrew,noaa_gefs,24,AirTemp_C_mean,31,8.427484130859398
gep24,00,2026-02-19,2026-03-22,gcrew,noaa_gefs,24,Pressure_Pa,31,101537.609375
gep24,00,2026-02-19,2026-03-22,gcrew,noaa_gefs,24,RH_percent_mean,31,90.99308013916016
gep24,00,2026-02-19,2026-03-22,gcrew,noaa_gefs,24,Rain_mm_sum,31,0
gep24,00,2026-02-19,2026-03-22,gcrew,noaa_gefs,24,ShortwaveRadiation_Wm2,31,169
gep24,00,2026-02-19,2026-03-22,gcrew,noaa_gefs,24,WindSpeed_ms_mean,31,7.184195750232049
gep24,00,2026-02-19,2026-03-23,gcrew,noaa_gefs,24,AirTemp_C_mean,32,8.768609619140648
gep24,00,2026-02-19,2026-03-23,gcrew,noaa_gefs,24,Pressure_Pa,32,100650.3046875
gep24,00,2026-02-19,2026-03-23,gcrew,noaa_gefs,24,RH_percent_mean,32,58.10695171356201
gep24,00,2026-02-19,2026-03-23,gcrew,noaa_gefs,24,Rain_mm_sum,32,1.3000000715255737
gep24,00,2026-02-19,2026-03-23,gcrew,noaa_gefs,24,ShortwaveRadiation_Wm2,32,266
gep24,00,2026-02-19,2026-03-23,gcrew,noaa_gefs,24,WindSpeed_ms_mean,32,7.9327389792356415
gep24,00,2026-02-19,2026-03-24,gcrew,noaa_gefs,24,AirTemp_C_mean,33,4.568719482421898
gep24,00,2026-02-19,2026-03-24,gcrew,noaa_gefs,24,Pressure_Pa,33,101528.60546875
gep24,00,2026-02-19,2026-03-24,gcrew,noaa_gefs,24,RH_percent_mean,33,52.18817710876465
gep24,00,2026-02-19,2026-03-24,gcrew,noaa_gefs,24,Rain_mm_sum,33,0
gep24,00,2026-02-19,2026-03-24,gcrew,noaa_gefs,24,ShortwaveRadiation_Wm2,33,271.25
gep24,00,2026-02-19,2026-03-24,gcrew,noaa_gefs,24,WindSpeed_ms_mean,33,5.0208112518813515
gep24,00,2026-02-19,2026-03-25,gcrew,noaa_gefs,24,AirTemp_C_mean,34,4.424745178222679
gep24,00,2026-02-19,2026-03-25,gcrew,noaa_gefs,24,Pressure_Pa,34,100896.943359375
gep24,00,2026-02-19,2026-03-25,gcrew,noaa_gefs,24,RH_percent_mean,34,73.10336017608643
gep24,00,2026-02-19,2026-03-25,gcrew,noaa_gefs,24,Rain_mm_sum,34,0.699999988079071
gep24,00,2026-02-19,2026-03-25,gcrew,noaa_gefs,24,ShortwaveRadiation_Wm2,34,168.25
gep24,00,2026-02-19,2026-03-25,gcrew,noaa_gefs,24,WindSpeed_ms_mean,34,3.448319475494018
gep25,00,2026-02-19,2026-02-20,gcrew,noaa_gefs,25,AirTemp_C_mean,1,8.60019454956057
gep25,00,2026-02-19,2026-02-20,gcrew,noaa_gefs,25,Pressure_Pa,1,100529.837890625
gep25,00,2026-02-19,2026-02-20,gcrew,noaa_gefs,25,RH_percent_mean,1,84.13147974014282
gep25,00,2026-02-19,2026-02-20,gcrew,noaa_gefs,25,Rain_mm_sum,1,7.229999907314777
gep25,00,2026-02-19,2026-02-20,gcrew,noaa_gefs,25,ShortwaveRadiation_Wm2,1,90
gep25,00,2026-02-19,2026-02-20,gcrew,noaa_gefs,25,WindSpeed_ms_mean,1,5.327480968436972
gep25,00,2026-02-19,2026-02-21,gcrew,noaa_gefs,25,AirTemp_C_mean,2,4.957093811035179
gep25,00,2026-02-19,2026-02-21,gcrew,noaa_gefs,25,Pressure_Pa,2,101362.1162109375
gep25,00,2026-02-19,2026-02-21,gcrew,noaa_gefs,25,RH_percent_mean,2,67.61050748825073
gep25,00,2026-02-19,2026-02-21,gcrew,noaa_gefs,25,Rain_mm_sum,2,0.009999999776482582
gep25,00,2026-02-19,2026-02-21,gcrew,noaa_gefs,25,ShortwaveRadiation_Wm2,2,157.375
gep25,00,2026-02-19,2026-02-21,gcrew,noaa_gefs,25,WindSpeed_ms_mean,2,2.796669875085554
gep25,00,2026-02-19,2026-02-22,gcrew,noaa_gefs,25,AirTemp_C_mean,3,1.7196746826172102
gep25,00,2026-02-19,2026-02-22,gcrew,noaa_gefs,25,Pressure_Pa,3,101743.5
gep25,00,2026-02-19,2026-02-22,gcrew,noaa_gefs,25,RH_percent_mean,3,72.97090816497803
gep25,00,2026-02-19,2026-02-22,gcrew,noaa_gefs,25,Rain_mm_sum,3,0.10000000149011612
gep25,00,2026-02-19,2026-02-22,gcrew,noaa_gefs,25,ShortwaveRadiation_Wm2,3,141.625
gep25,00,2026-02-19,2026-02-22,gcrew,noaa_gefs,25,WindSpeed_ms_mean,3,2.597666670204664
gep25,00,2026-02-19,2026-02-23,gcrew,noaa_gefs,25,AirTemp_C_mean,4,0.5413490295410384
gep25,00,2026-02-19,2026-02-23,gcrew,noaa_gefs,25,Pressure_Pa,4,101336.916015625
gep25,00,2026-02-19,2026-02-23,gcrew,noaa_gefs,25,RH_percent_mean,4,88.30583763122559
gep25,00,2026-02-19,2026-02-23,gcrew,noaa_gefs,25,Rain_mm_sum,4,6.400000065565109
gep25,00,2026-02-19,2026-02-23,gcrew,noaa_gefs,25,ShortwaveRadiation_Wm2,4,97.75
gep25,00,2026-02-19,2026-02-23,gcrew,noaa_gefs,25,WindSpeed_ms_mean,4,5.788296822041432
gep25,00,2026-02-19,2026-02-24,gcrew,noaa_gefs,25,AirTemp_C_mean,5,0.5290084838867415
gep25,00,2026-02-19,2026-02-24,gcrew,noaa_gefs,25,Pressure_Pa,5,101826.7109375
gep25,00,2026-02-19,2026-02-24,gcrew,noaa_gefs,25,RH_percent_mean,5,67.53751993179321
gep25,00,2026-02-19,2026-02-24,gcrew,noaa_gefs,25,Rain_mm_sum,5,0.10000000149011612
gep25,00,2026-02-19,2026-02-24,gcrew,noaa_gefs,25,ShortwaveRadiation_Wm2,5,205.75
gep25,00,2026-02-19,2026-02-24,gcrew,noaa_gefs,25,WindSpeed_ms_mean,5,4.922516373996911
gep25,00,2026-02-19,2026-02-25,gcrew,noaa_gefs,25,AirTemp_C_mean,6,4.261026000976585
gep25,00,2026-02-19,2026-02-25,gcrew,noaa_gefs,25,Pressure_Pa,6,101437.8994140625
gep25,00,2026-02-19,2026-02-25,gcrew,noaa_gefs,25,RH_percent_mean,6,64.63713264465332
gep25,00,2026-02-19,2026-02-25,gcrew,noaa_gefs,25,Rain_mm_sum,6,0.5000000149011612
gep25,00,2026-02-19,2026-02-25,gcrew,noaa_gefs,25,ShortwaveRadiation_Wm2,6,123.375
gep25,00,2026-02-19,2026-02-25,gcrew,noaa_gefs,25,WindSpeed_ms_mean,6,4.7829481823237945
gep25,00,2026-02-19,2026-02-26,gcrew,noaa_gefs,25,AirTemp_C_mean,7,7.054109191894554
gep25,00,2026-02-19,2026-02-26,gcrew,noaa_gefs,25,Pressure_Pa,7,101322.2197265625
gep25,00,2026-02-19,2026-02-26,gcrew,noaa_gefs,25,RH_percent_mean,7,73.60764694213867
gep25,00,2026-02-19,2026-02-26,gcrew,noaa_gefs,25,Rain_mm_sum,7,1.6900000274181366
gep25,00,2026-02-19,2026-02-26,gcrew,noaa_gefs,25,ShortwaveRadiation_Wm2,7,169.75
gep25,00,2026-02-19,2026-02-26,gcrew,noaa_gefs,25,WindSpeed_ms_mean,7,4.3598277703380175
gep25,00,2026-02-19,2026-02-27,gcrew,noaa_gefs,25,AirTemp_C_mean,8,2.5398727416992415
gep25,00,2026-02-19,2026-02-27,gcrew,noaa_gefs,25,Pressure_Pa,8,101330.2099609375
gep25,00,2026-02-19,2026-02-27,gcrew,noaa_gefs,25,RH_percent_mean,8,90.59297943115234
gep25,00,2026-02-19,2026-02-27,gcrew,noaa_gefs,25,Rain_mm_sum,8,41.3899998255074
gep25,00,2026-02-19,2026-02-27,gcrew,noaa_gefs,25,ShortwaveRadiation_Wm2,8,16.875
gep25,00,2026-02-19,2026-02-27,gcrew,noaa_gefs,25,WindSpeed_ms_mean,8,3.173158734850934
gep25,00,2026-02-19,2026-02-28,gcrew,noaa_gefs,25,AirTemp_C_mean,9,6.081576102120558
gep25,00,2026-02-19,2026-02-28,gcrew,noaa_gefs,25,Pressure_Pa,9,100991.2890625
gep25,00,2026-02-19,2026-02-28,gcrew,noaa_gefs,25,RH_percent_mean,9,89.50826699393136
gep25,00,2026-02-19,2026-02-28,gcrew,noaa_gefs,25,Rain_mm_sum,9,6.939999997615814
gep25,00,2026-02-19,2026-02-28,gcrew,noaa_gefs,25,ShortwaveRadiation_Wm2,9,198.71428571428572
gep25,00,2026-02-19,2026-02-28,gcrew,noaa_gefs,25,WindSpeed_ms_mean,9,2.371464473414071
gep25,00,2026-02-19,2026-03-01,gcrew,noaa_gefs,25,AirTemp_C_mean,10,3.9153381347656477
gep25,00,2026-02-19,2026-03-01,gcrew,noaa_gefs,25,Pressure_Pa,10,102000.736328125
gep25,00,2026-02-19,2026-03-01,gcrew,noaa_gefs,25,RH_percent_mean,10,64.10819625854492
gep25,00,2026-02-19,2026-03-01,gcrew,noaa_gefs,25,Rain_mm_sum,10,0
gep25,00,2026-02-19,2026-03-01,gcrew,noaa_gefs,25,ShortwaveRadiation_Wm2,10,214
gep25,00,2026-02-19,2026-03-01,gcrew,noaa_gefs,25,WindSpeed_ms_mean,10,3.7106248775369783
gep25,00,2026-02-19,2026-03-02,gcrew,noaa_gefs,25,AirTemp_C_mean,11,2.6448913574218977
gep25,00,2026-02-19,2026-03-02,gcrew,noaa_gefs,25,Pressure_Pa,11,101992.7734375
gep25,00,2026-02-19,2026-03-02,gcrew,noaa_gefs,25,RH_percent_mean,11,80.4185619354248
gep25,00,2026-02-19,2026-03-02,gcrew,noaa_gefs,25,Rain_mm_sum,11,1.7000000327825546
gep25,00,2026-02-19,2026-03-02,gcrew,noaa_gefs,25,ShortwaveRadiation_Wm2,11,22.5
gep25,00,2026-02-19,2026-03-02,gcrew,noaa_gefs,25,WindSpeed_ms_mean,11,3.8287651590698437
gep25,00,2026-02-19,2026-03-03,gcrew,noaa_gefs,25,AirTemp_C_mean,12,13.411950683593773
gep25,00,2026-02-19,2026-03-03,gcrew,noaa_gefs,25,Pressure_Pa,12,101091.162109375
gep25,00,2026-02-19,2026-03-03,gcrew,noaa_gefs,25,RH_percent_mean,12,90.47667694091797
gep25,00,2026-02-19,2026-03-03,gcrew,noaa_gefs,25,Rain_mm_sum,12,3.1000000834465027
gep25,00,2026-02-19,2026-03-03,gcrew,noaa_gefs,25,ShortwaveRadiation_Wm2,12,146
gep25,00,2026-02-19,2026-03-03,gcrew,noaa_gefs,25,WindSpeed_ms_mean,12,5.012968706083463
gep25,00,2026-02-19,2026-03-04,gcrew,noaa_gefs,25,AirTemp_C_mean,13,8.065553283691429
gep25,00,2026-02-19,2026-03-04,gcrew,noaa_gefs,25,Pressure_Pa,13,102178.892578125
gep25,00,2026-02-19,2026-03-04,gcrew,noaa_gefs,25,RH_percent_mean,13,90.09021759033203
gep25,00,2026-02-19,2026-03-04,gcrew,noaa_gefs,25,Rain_mm_sum,13,6.300000101327896
gep25,00,2026-02-19,2026-03-04,gcrew,noaa_gefs,25,ShortwaveRadiation_Wm2,13,25
gep25,00,2026-02-19,2026-03-04,gcrew,noaa_gefs,25,WindSpeed_ms_mean,13,3.9570483623648522
gep25,00,2026-02-19,2026-03-05,gcrew,noaa_gefs,25,AirTemp_C_mean,14,12.227571105957054
gep25,00,2026-02-19,2026-03-05,gcrew,noaa_gefs,25,Pressure_Pa,14,101463.474609375
gep25,00,2026-02-19,2026-03-05,gcrew,noaa_gefs,25,RH_percent_mean,14,91.76033973693848
gep25,00,2026-02-19,2026-03-05,gcrew,noaa_gefs,25,Rain_mm_sum,14,2.4999999925494194
gep25,00,2026-02-19,2026-03-05,gcrew,noaa_gefs,25,ShortwaveRadiation_Wm2,14,89.75
gep25,00,2026-02-19,2026-03-05,gcrew,noaa_gefs,25,WindSpeed_ms_mean,14,6.039026367710616
gep25,00,2026-02-19,2026-03-06,gcrew,noaa_gefs,25,AirTemp_C_mean,15,0.883576965332054
gep25,00,2026-02-19,2026-03-06,gcrew,noaa_gefs,25,Pressure_Pa,15,101621.16796875
gep25,00,2026-02-19,2026-03-06,gcrew,noaa_gefs,25,RH_percent_mean,15,92.8342227935791
gep25,00,2026-02-19,2026-03-06,gcrew,noaa_gefs,25,Rain_mm_sum,15,37.30000019073486
gep25,00,2026-02-19,2026-03-06,gcrew,noaa_gefs,25,ShortwaveRadiation_Wm2,15,17.5
gep25,00,2026-02-19,2026-03-06,gcrew,noaa_gefs,25,WindSpeed_ms_mean,15,6.799946731139411
gep25,00,2026-02-19,2026-03-07,gcrew,noaa_gefs,25,AirTemp_C_mean,16,-1.2620071411132585
gep25,00,2026-02-19,2026-03-07,gcrew,noaa_gefs,25,Pressure_Pa,16,102783.318359375
gep25,00,2026-02-19,2026-03-07,gcrew,noaa_gefs,25,RH_percent_mean,16,79.86228942871094
gep25,00,2026-02-19,2026-03-07,gcrew,noaa_gefs,25,Rain_mm_sum,16,0
gep25,00,2026-02-19,2026-03-07,gcrew,noaa_gefs,25,ShortwaveRadiation_Wm2,16,231.5
gep25,00,2026-02-19,2026-03-07,gcrew,noaa_gefs,25,WindSpeed_ms_mean,16,3.336420955691156
gep25,00,2026-02-19,2026-03-08,gcrew,noaa_gefs,25,AirTemp_C_mean,17,2.6822448730468977
gep25,00,2026-02-19,2026-03-08,gcrew,noaa_gefs,25,Pressure_Pa,17,102794.392578125
gep25,00,2026-02-19,2026-03-08,gcrew,noaa_gefs,25,RH_percent_mean,17,80.685150146484375
gep25,00,2026-02-19,2026-03-08,gcrew,noaa_gefs,25,Rain_mm_sum,17,0
gep25,00,2026-02-19,2026-03-08,gcrew,noaa_gefs,25,ShortwaveRadiation_Wm2,17,218.75
gep25,00,2026-02-19,2026-03-08,gcrew,noaa_gefs,25,WindSpeed_ms_mean,17,2.011765155426912
gep25,00,2026-02-19,2026-03-09,gcrew,noaa_gefs,25,AirTemp_C_mean,18,2.2363754272461165
gep25,00,2026-02-19,2026-03-09,gcrew,noaa_gefs,25,Pressure_Pa,18,102708.865234375
gep25,00,2026-02-19,2026-03-09,gcrew,noaa_gefs,25,RH_percent_mean,18,88.49076080322266
gep25,00,2026-02-19,2026-03-09,gcrew,noaa_gefs,25,Rain_mm_sum,18,0
gep25,00,2026-02-19,2026-03-09,gcrew,noaa_gefs,25,ShortwaveRadiation_Wm2,18,190.5
gep25,00,2026-02-19,2026-03-09,gcrew,noaa_gefs,25,WindSpeed_ms_mean,18,2.926777667971675
gep25,00,2026-02-19,2026-03-10,gcrew,noaa_gefs,25,AirTemp_C_mean,19,3.077027893066429
gep25,00,2026-02-19,2026-03-10,gcrew,noaa_gefs,25,Pressure_Pa,19,101449.376953125
gep25,00,2026-02-19,2026-03-10,gcrew,noaa_gefs,25,RH_percent_mean,19,97.0867977142334
gep25,00,2026-02-19,2026-03-10,gcrew,noaa_gefs,25,Rain_mm_sum,19,20.30000078678131
gep25,00,2026-02-19,2026-03-10,gcrew,noaa_gefs,25,ShortwaveRadiation_Wm2,19,12.25
gep25,00,2026-02-19,2026-03-10,gcrew,noaa_gefs,25,WindSpeed_ms_mean,19,2.16738045229572
gep25,00,2026-02-19,2026-03-11,gcrew,noaa_gefs,25,AirTemp_C_mean,20,2.4423767089843977
gep25,00,2026-02-19,2026-03-11,gcrew,noaa_gefs,25,Pressure_Pa,20,101607.31640625
gep25,00,2026-02-19,2026-03-11,gcrew,noaa_gefs,25,RH_percent_mean,20,73.54477119445801
gep25,00,2026-02-19,2026-03-11,gcrew,noaa_gefs,25,Rain_mm_sum,20,0
gep25,00,2026-02-19,2026-03-11,gcrew,noaa_gefs,25,ShortwaveRadiation_Wm2,20,216.25
gep25,00,2026-02-19,2026-03-11,gcrew,noaa_gefs,25,WindSpeed_ms_mean,20,3.965489202739927
gep25,00,2026-02-19,2026-03-12,gcrew,noaa_gefs,25,AirTemp_C_mean,21,5.346345520019554
gep25,00,2026-02-19,2026-03-12,gcrew,noaa_gefs,25,Pressure_Pa,21,101774.470703125
gep25,00,2026-02-19,2026-03-12,gcrew,noaa_gefs,25,RH_percent_mean,21,70.26903629302979
gep25,00,2026-02-19,2026-03-12,gcrew,noaa_gefs,25,Rain_mm_sum,21,0
gep25,00,2026-02-19,2026-03-12,gcrew,noaa_gefs,25,ShortwaveRadiation_Wm2,21,234.5
gep25,00,2026-02-19,2026-03-12,gcrew,noaa_gefs,25,WindSpeed_ms_mean,21,4.989251373860443
gep25,00,2026-02-19,2026-03-13,gcrew,noaa_gefs,25,AirTemp_C_mean,22,0.404817199707054
gep25,00,2026-02-19,2026-03-13,gcrew,noaa_gefs,25,Pressure_Pa,22,103084.677734375
gep25,00,2026-02-19,2026-03-13,gcrew,noaa_gefs,25,RH_percent_mean,22,59.94519805908203
gep25,00,2026-02-19,2026-03-13,gcrew,noaa_gefs,25,Rain_mm_sum,22,0
gep25,00,2026-02-19,2026-03-13,gcrew,noaa_gefs,25,ShortwaveRadiation_Wm2,22,246.75
gep25,00,2026-02-19,2026-03-13,gcrew,noaa_gefs,25,WindSpeed_ms_mean,22,3.9252923447424357
gep25,00,2026-02-19,2026-03-14,gcrew,noaa_gefs,25,AirTemp_C_mean,23,2.2103439331054915
gep25,00,2026-02-19,2026-03-14,gcrew,noaa_gefs,25,Pressure_Pa,23,103257.919921875
gep25,00,2026-02-19,2026-03-14,gcrew,noaa_gefs,25,RH_percent_mean,23,65.69925880432129
gep25,00,2026-02-19,2026-03-14,gcrew,noaa_gefs,25,Rain_mm_sum,23,0
gep25,00,2026-02-19,2026-03-14,gcrew,noaa_gefs,25,ShortwaveRadiation_Wm2,23,192.25
gep25,00,2026-02-19,2026-03-14,gcrew,noaa_gefs,25,WindSpeed_ms_mean,23,3.0252771415459634
gep25,00,2026-02-19,2026-03-15,gcrew,noaa_gefs,25,AirTemp_C_mean,24,4.8394332885742415
gep25,00,2026-02-19,2026-03-15,gcrew,noaa_gefs,25,Pressure_Pa,24,102069.697265625
gep25,00,2026-02-19,2026-03-15,gcrew,noaa_gefs,25,RH_percent_mean,24,91.6884937286377
gep25,00,2026-02-19,2026-03-15,gcrew,noaa_gefs,25,Rain_mm_sum,24,6.8000001311302185
gep25,00,2026-02-19,2026-03-15,gcrew,noaa_gefs,25,ShortwaveRadiation_Wm2,24,9.75
gep25,00,2026-02-19,2026-03-15,gcrew,noaa_gefs,25,WindSpeed_ms_mean,24,4.914185923582207
gep25,00,2026-02-19,2026-03-16,gcrew,noaa_gefs,25,AirTemp_C_mean,25,6.88092956542971
gep25,00,2026-02-19,2026-03-16,gcrew,noaa_gefs,25,Pressure_Pa,25,100852.091796875
gep25,00,2026-02-19,2026-03-16,gcrew,noaa_gefs,25,RH_percent_mean,25,93.64601707458496
gep25,00,2026-02-19,2026-03-16,gcrew,noaa_gefs,25,Rain_mm_sum,25,0.10000000149011612
gep25,00,2026-02-19,2026-03-16,gcrew,noaa_gefs,25,ShortwaveRadiation_Wm2,25,137
gep25,00,2026-02-19,2026-03-16,gcrew,noaa_gefs,25,WindSpeed_ms_mean,25,2.385226343506775
gep25,00,2026-02-19,2026-03-17,gcrew,noaa_gefs,25,AirTemp_C_mean,26,8.267533874511741
gep25,00,2026-02-19,2026-03-17,gcrew,noaa_gefs,25,Pressure_Pa,26,100826.765625
gep25,00,2026-02-19,2026-03-17,gcrew,noaa_gefs,25,RH_percent_mean,26,91.60923194885254
gep25,00,2026-02-19,2026-03-17,gcrew,noaa_gefs,25,Rain_mm_sum,26,0
gep25,00,2026-02-19,2026-03-17,gcrew,noaa_gefs,25,ShortwaveRadiation_Wm2,26,223.75
gep25,00,2026-02-19,2026-03-17,gcrew,noaa_gefs,25,WindSpeed_ms_mean,26,2.241015530837425
gep25,00,2026-02-19,2026-03-18,gcrew,noaa_gefs,25,AirTemp_C_mean,27,11.309526062011741
gep25,00,2026-02-19,2026-03-18,gcrew,noaa_gefs,25,Pressure_Pa,27,100366.421875
gep25,00,2026-02-19,2026-03-18,gcrew,noaa_gefs,25,RH_percent_mean,27,80.98326683044434
gep25,00,2026-02-19,2026-03-18,gcrew,noaa_gefs,25,Rain_mm_sum,27,3.8000001087784767
gep25,00,2026-02-19,2026-03-18,gcrew,noaa_gefs,25,ShortwaveRadiation_Wm2,27,206
gep25,00,2026-02-19,2026-03-18,gcrew,noaa_gefs,25,WindSpeed_ms_mean,27,4.913507346762998
gep25,00,2026-02-19,2026-03-19,gcrew,noaa_gefs,25,AirTemp_C_mean,28,9.271661376953148
gep25,00,2026-02-19,2026-03-19,gcrew,noaa_gefs,25,Pressure_Pa,28,100716.333984375
gep25,00,2026-02-19,2026-03-19,gcrew,noaa_gefs,25,RH_percent_mean,28,78.55448150634766
gep25,00,2026-02-19,2026-03-19,gcrew,noaa_gefs,25,Rain_mm_sum,28,0.20000000298023224
gep25,00,2026-02-19,2026-03-19,gcrew,noaa_gefs,25,ShortwaveRadiation_Wm2,28,176
gep25,00,2026-02-19,2026-03-19,gcrew,noaa_gefs,25,WindSpeed_ms_mean,28,3.502768919064772
gep25,00,2026-02-19,2026-03-20,gcrew,noaa_gefs,25,AirTemp_C_mean,29,7.4639755249023665
gep25,00,2026-02-19,2026-03-20,gcrew,noaa_gefs,25,Pressure_Pa,29,101721.220703125
gep25,00,2026-02-19,2026-03-20,gcrew,noaa_gefs,25,RH_percent_mean,29,84.32945442199707
gep25,00,2026-02-19,2026-03-20,gcrew,noaa_gefs,25,Rain_mm_sum,29,0
gep25,00,2026-02-19,2026-03-20,gcrew,noaa_gefs,25,ShortwaveRadiation_Wm2,29,225.25
gep25,00,2026-02-19,2026-03-20,gcrew,noaa_gefs,25,WindSpeed_ms_mean,29,2.4857486906504604
gep25,00,2026-02-19,2026-03-21,gcrew,noaa_gefs,25,AirTemp_C_mean,30,5.514649963378929
gep25,00,2026-02-19,2026-03-21,gcrew,noaa_gefs,25,Pressure_Pa,30,102508.27734375
gep25,00,2026-02-19,2026-03-21,gcrew,noaa_gefs,25,RH_percent_mean,30,93.17456245422363
gep25,00,2026-02-19,2026-03-21,gcrew,noaa_gefs,25,Rain_mm_sum,30,0
gep25,00,2026-02-19,2026-03-21,gcrew,noaa_gefs,25,ShortwaveRadiation_Wm2,30,231
gep25,00,2026-02-19,2026-03-21,gcrew,noaa_gefs,25,WindSpeed_ms_mean,30,3.478610201477239
gep25,00,2026-02-19,2026-03-22,gcrew,noaa_gefs,25,AirTemp_C_mean,31,8.427484130859398
gep25,00,2026-02-19,2026-03-22,gcrew,noaa_gefs,25,Pressure_Pa,31,101537.609375
gep25,00,2026-02-19,2026-03-22,gcrew,noaa_gefs,25,RH_percent_mean,31,90.99308013916016
gep25,00,2026-02-19,2026-03-22,gcrew,noaa_gefs,25,Rain_mm_sum,31,0
gep25,00,2026-02-19,2026-03-22,gcrew,noaa_gefs,25,ShortwaveRadiation_Wm2,31,169
gep25,00,2026-02-19,2026-03-22,gcrew,noaa_gefs,25,WindSpeed_ms_mean,31,7.184195750232049
gep25,00,2026-02-19,2026-03-23,gcrew,noaa_gefs,25,AirTemp_C_mean,32,8.768609619140648
gep25,00,2026-02-19,2026-03-23,gcrew,noaa_gefs,25,Pressure_Pa,32,100650.3046875
gep25,00,2026-02-19,2026-03-23,gcrew,noaa_gefs,25,RH_percent_mean,32,58.10695171356201
gep25,00,2026-02-19,2026-03-23,gcrew,noaa_gefs,25,Rain_mm_sum,32,1.3000000715255737
gep25,00,2026-02-19,2026-03-23,gcrew,noaa_gefs,25,ShortwaveRadiation_Wm2,32,266
gep25,00,2026-02-19,2026-03-23,gcrew,noaa_gefs,25,WindSpeed_ms_mean,32,7.9327389792356415
gep25,00,2026-02-19,2026-03-24,gcrew,noaa_gefs,25,AirTemp_C_mean,33,4.568719482421898
gep25,00,2026-02-19,2026-03-24,gcrew,noaa_gefs,25,Pressure_Pa,33,101528.60546875
gep25,00,2026-02-19,2026-03-24,gcrew,noaa_gefs,25,RH_percent_mean,33,52.18817710876465
gep25,00,2026-02-19,2026-03-24,gcrew,noaa_gefs,25,Rain_mm_sum,33,0
gep25,00,2026-02-19,2026-03-24,gcrew,noaa_gefs,25,ShortwaveRadiation_Wm2,33,271.25
gep25,00,2026-02-19,2026-03-24,gcrew,noaa_gefs,25,WindSpeed_ms_mean,33,5.0208112518813515
gep25,00,2026-02-19,2026-03-25,gcrew,noaa_gefs,25,AirTemp_C_mean,34,4.424745178222679
gep25,00,2026-02-19,2026-03-25,gcrew,noaa_gefs,25,Pressure_Pa,34,100896.943359375
gep25,00,2026-02-19,2026-03-25,gcrew,noaa_gefs,25,RH_percent_mean,34,73.10336017608643
gep25,00,2026-02-19,2026-03-25,gcrew,noaa_gefs,25,Rain_mm_sum,34,0.699999988079071
gep25,00,2026-02-19,2026-03-25,gcrew,noaa_gefs,25,ShortwaveRadiation_Wm2,34,168.25
gep25,00,2026-02-19,2026-03-25,gcrew,noaa_gefs,25,WindSpeed_ms_mean,34,3.448319475494018
gep26,00,2026-02-19,2026-02-20,gcrew,noaa_gefs,26,AirTemp_C_mean,1,8.60019454956057
gep26,00,2026-02-19,2026-02-20,gcrew,noaa_gefs,26,Pressure_Pa,1,100529.837890625
gep26,00,2026-02-19,2026-02-20,gcrew,noaa_gefs,26,RH_percent_mean,1,84.13147974014282
gep26,00,2026-02-19,2026-02-20,gcrew,noaa_gefs,26,Rain_mm_sum,1,7.229999907314777
gep26,00,2026-02-19,2026-02-20,gcrew,noaa_gefs,26,ShortwaveRadiation_Wm2,1,90
gep26,00,2026-02-19,2026-02-20,gcrew,noaa_gefs,26,WindSpeed_ms_mean,1,5.327480968436972
gep26,00,2026-02-19,2026-02-21,gcrew,noaa_gefs,26,AirTemp_C_mean,2,4.957093811035179
gep26,00,2026-02-19,2026-02-21,gcrew,noaa_gefs,26,Pressure_Pa,2,101362.1162109375
gep26,00,2026-02-19,2026-02-21,gcrew,noaa_gefs,26,RH_percent_mean,2,67.61050748825073
gep26,00,2026-02-19,2026-02-21,gcrew,noaa_gefs,26,Rain_mm_sum,2,0.009999999776482582
gep26,00,2026-02-19,2026-02-21,gcrew,noaa_gefs,26,ShortwaveRadiation_Wm2,2,157.375
gep26,00,2026-02-19,2026-02-21,gcrew,noaa_gefs,26,WindSpeed_ms_mean,2,2.796669875085554
gep26,00,2026-02-19,2026-02-22,gcrew,noaa_gefs,26,AirTemp_C_mean,3,1.7196746826172102
gep26,00,2026-02-19,2026-02-22,gcrew,noaa_gefs,26,Pressure_Pa,3,101743.5
gep26,00,2026-02-19,2026-02-22,gcrew,noaa_gefs,26,RH_percent_mean,3,72.97090816497803
gep26,00,2026-02-19,2026-02-22,gcrew,noaa_gefs,26,Rain_mm_sum,3,0.10000000149011612
gep26,00,2026-02-19,2026-02-22,gcrew,noaa_gefs,26,ShortwaveRadiation_Wm2,3,141.625
gep26,00,2026-02-19,2026-02-22,gcrew,noaa_gefs,26,WindSpeed_ms_mean,3,2.597666670204664
gep26,00,2026-02-19,2026-02-23,gcrew,noaa_gefs,26,AirTemp_C_mean,4,0.5413490295410384
gep26,00,2026-02-19,2026-02-23,gcrew,noaa_gefs,26,Pressure_Pa,4,101336.916015625
gep26,00,2026-02-19,2026-02-23,gcrew,noaa_gefs,26,RH_percent_mean,4,88.30583763122559
gep26,00,2026-02-19,2026-02-23,gcrew,noaa_gefs,26,Rain_mm_sum,4,6.400000065565109
gep26,00,2026-02-19,2026-02-23,gcrew,noaa_gefs,26,ShortwaveRadiation_Wm2,4,97.75
gep26,00,2026-02-19,2026-02-23,gcrew,noaa_gefs,26,WindSpeed_ms_mean,4,5.788296822041432
gep26,00,2026-02-19,2026-02-24,gcrew,noaa_gefs,26,AirTemp_C_mean,5,0.5290084838867415
gep26,00,2026-02-19,2026-02-24,gcrew,noaa_gefs,26,Pressure_Pa,5,101826.7109375
gep26,00,2026-02-19,2026-02-24,gcrew,noaa_gefs,26,RH_percent_mean,5,67.53751993179321
gep26,00,2026-02-19,2026-02-24,gcrew,noaa_gefs,26,Rain_mm_sum,5,0.10000000149011612
gep26,00,2026-02-19,2026-02-24,gcrew,noaa_gefs,26,ShortwaveRadiation_Wm2,5,205.75
gep26,00,2026-02-19,2026-02-24,gcrew,noaa_gefs,26,WindSpeed_ms_mean,5,4.922516373996911
gep26,00,2026-02-19,2026-02-25,gcrew,noaa_gefs,26,AirTemp_C_mean,6,4.261026000976585
gep26,00,2026-02-19,2026-02-25,gcrew,noaa_gefs,26,Pressure_Pa,6,101437.8994140625
gep26,00,2026-02-19,2026-02-25,gcrew,noaa_gefs,26,RH_percent_mean,6,64.63713264465332
gep26,00,2026-02-19,2026-02-25,gcrew,noaa_gefs,26,Rain_mm_sum,6,0.5000000149011612
gep26,00,2026-02-19,2026-02-25,gcrew,noaa_gefs,26,ShortwaveRadiation_Wm2,6,123.375
gep26,00,2026-02-19,2026-02-25,gcrew,noaa_gefs,26,WindSpeed_ms_mean,6,4.7829481823237945
gep26,00,2026-02-19,2026-02-26,gcrew,noaa_gefs,26,AirTemp_C_mean,7,7.054109191894554
gep26,00,2026-02-19,2026-02-26,gcrew,noaa_gefs,26,Pressure_Pa,7,101322.2197265625
gep26,00,2026-02-19,2026-02-26,gcrew,noaa_gefs,26,RH_percent_mean,7,73.60764694213867
gep26,00,2026-02-19,2026-02-26,gcrew,noaa_gefs,26,Rain_mm_sum,7,1.6900000274181366
gep26,00,2026-02-19,2026-02-26,gcrew,noaa_gefs,26,ShortwaveRadiation_Wm2,7,169.75
gep26,00,2026-02-19,2026-02-26,gcrew,noaa_gefs,26,WindSpeed_ms_mean,7,4.3598277703380175
gep26,00,2026-02-19,2026-02-27,gcrew,noaa_gefs,26,AirTemp_C_mean,8,2.5398727416992415
gep26,00,2026-02-19,2026-02-27,gcrew,noaa_gefs,26,Pressure_Pa,8,101330.2099609375
gep26,00,2026-02-19,2026-02-27,gcrew,noaa_gefs,26,RH_percent_mean,8,90.59297943115234
gep26,00,2026-02-19,2026-02-27,gcrew,noaa_gefs,26,Rain_mm_sum,8,41.3899998255074
gep26,00,2026-02-19,2026-02-27,gcrew,noaa_gefs,26,ShortwaveRadiation_Wm2,8,16.875
gep26,00,2026-02-19,2026-02-27,gcrew,noaa_gefs,26,WindSpeed_ms_mean,8,3.173158734850934
gep26,00,2026-02-19,2026-02-28,gcrew,noaa_gefs,26,AirTemp_C_mean,9,6.081576102120558
gep26,00,2026-02-19,2026-02-28,gcrew,noaa_gefs,26,Pressure_Pa,9,100991.2890625
gep26,00,2026-02-19,2026-02-28,gcrew,noaa_gefs,26,RH_percent_mean,9,89.50826699393136
gep26,00,2026-02-19,2026-02-28,gcrew,noaa_gefs,26,Rain_mm_sum,9,6.939999997615814
gep26,00,2026-02-19,2026-02-28,gcrew,noaa_gefs,26,ShortwaveRadiation_Wm2,9,198.71428571428572
gep26,00,2026-02-19,2026-02-28,gcrew,noaa_gefs,26,WindSpeed_ms_mean,9,2.371464473414071
gep26,00,2026-02-19,2026-03-01,gcrew,noaa_gefs,26,AirTemp_C_mean,10,3.9153381347656477
gep26,00,2026-02-19,2026-03-01,gcrew,noaa_gefs,26,Pressure_Pa,10,102000.736328125
gep26,00,2026-02-19,2026-03-01,gcrew,noaa_gefs,26,RH_percent_mean,10,64.10819625854492
gep26,00,2026-02-19,2026-03-01,gcrew,noaa_gefs,26,Rain_mm_sum,10,0
gep26,00,2026-02-19,2026-03-01,gcrew,noaa_gefs,26,ShortwaveRadiation_Wm2,10,214
gep26,00,2026-02-19,2026-03-01,gcrew,noaa_gefs,26,WindSpeed_ms_mean,10,3.7106248775369783
gep26,00,2026-02-19,2026-03-02,gcrew,noaa_gefs,26,AirTemp_C_mean,11,2.6448913574218977
gep26,00,2026-02-19,2026-03-02,gcrew,noaa_gefs,26,Pressure_Pa,11,101992.7734375
gep26,00,2026-02-19,2026-03-02,gcrew,noaa_gefs,26,RH_percent_mean,11,80.4185619354248
gep26,00,2026-02-19,2026-03-02,gcrew,noaa_gefs,26,Rain_mm_sum,11,1.7000000327825546
gep26,00,2026-02-19,2026-03-02,gcrew,noaa_gefs,26,ShortwaveRadiation_Wm2,11,22.5
gep26,00,2026-02-19,2026-03-02,gcrew,noaa_gefs,26,WindSpeed_ms_mean,11,3.8287651590698437
gep26,00,2026-02-19,2026-03-03,gcrew,noaa_gefs,26,AirTemp_C_mean,12,13.411950683593773
gep26,00,2026-02-19,2026-03-03,gcrew,noaa_gefs,26,Pressure_Pa,12,101091.162109375
gep26,00,2026-02-19,2026-03-03,gcrew,noaa_gefs,26,RH_percent_mean,12,90.47667694091797
gep26,00,2026-02-19,2026-03-03,gcrew,noaa_gefs,26,Rain_mm_sum,12,3.1000000834465027
gep26,00,2026-02-19,2026-03-03,gcrew,noaa_gefs,26,ShortwaveRadiation_Wm2,12,146
gep26,00,2026-02-19,2026-03-03,gcrew,noaa_gefs,26,WindSpeed_ms_mean,12,5.012968706083463
gep26,00,2026-02-19,2026-03-04,gcrew,noaa_gefs,26,AirTemp_C_mean,13,8.065553283691429
gep26,00,2026-02-19,2026-03-04,gcrew,noaa_gefs,26,Pressure_Pa,13,102178.892578125
gep26,00,2026-02-19,2026-03-04,gcrew,noaa_gefs,26,RH_percent_mean,13,90.09021759033203
gep26,00,2026-02-19,2026-03-04,gcrew,noaa_gefs,26,Rain_mm_sum,13,6.300000101327896
gep26,00,2026-02-19,2026-03-04,gcrew,noaa_gefs,26,ShortwaveRadiation_Wm2,13,25
gep26,00,2026-02-19,2026-03-04,gcrew,noaa_gefs,26,WindSpeed_ms_mean,13,3.9570483623648522
gep26,00,2026-02-19,2026-03-05,gcrew,noaa_gefs,26,AirTemp_C_mean,14,12.227571105957054
gep26,00,2026-02-19,2026-03-05,gcrew,noaa_gefs,26,Pressure_Pa,14,101463.474609375
gep26,00,2026-02-19,2026-03-05,gcrew,noaa_gefs,26,RH_percent_mean,14,91.76033973693848
gep26,00,2026-02-19,2026-03-05,gcrew,noaa_gefs,26,Rain_mm_sum,14,2.4999999925494194
gep26,00,2026-02-19,2026-03-05,gcrew,noaa_gefs,26,ShortwaveRadiation_Wm2,14,89.75
gep26,00,2026-02-19,2026-03-05,gcrew,noaa_gefs,26,WindSpeed_ms_mean,14,6.039026367710616
gep26,00,2026-02-19,2026-03-06,gcrew,noaa_gefs,26,AirTemp_C_mean,15,0.883576965332054
gep26,00,2026-02-19,2026-03-06,gcrew,noaa_gefs,26,Pressure_Pa,15,101621.16796875
gep26,00,2026-02-19,2026-03-06,gcrew,noaa_gefs,26,RH_percent_mean,15,92.8342227935791
gep26,00,2026-02-19,2026-03-06,gcrew,noaa_gefs,26,Rain_mm_sum,15,37.30000019073486
gep26,00,2026-02-19,2026-03-06,gcrew,noaa_gefs,26,ShortwaveRadiation_Wm2,15,17.5
gep26,00,2026-02-19,2026-03-06,gcrew,noaa_gefs,26,WindSpeed_ms_mean,15,6.799946731139411
gep26,00,2026-02-19,2026-03-07,gcrew,noaa_gefs,26,AirTemp_C_mean,16,-1.2620071411132585
gep26,00,2026-02-19,2026-03-07,gcrew,noaa_gefs,26,Pressure_Pa,16,102783.318359375
gep26,00,2026-02-19,2026-03-07,gcrew,noaa_gefs,26,RH_percent_mean,16,79.86228942871094
gep26,00,2026-02-19,2026-03-07,gcrew,noaa_gefs,26,Rain_mm_sum,16,0
gep26,00,2026-02-19,2026-03-07,gcrew,noaa_gefs,26,ShortwaveRadiation_Wm2,16,231.5
gep26,00,2026-02-19,2026-03-07,gcrew,noaa_gefs,26,WindSpeed_ms_mean,16,3.336420955691156
gep26,00,2026-02-19,2026-03-08,gcrew,noaa_gefs,26,AirTemp_C_mean,17,2.6822448730468977
gep26,00,2026-02-19,2026-03-08,gcrew,noaa_gefs,26,Pressure_Pa,17,102794.392578125
gep26,00,2026-02-19,2026-03-08,gcrew,noaa_gefs,26,RH_percent_mean,17,80.685150146484375
gep26,00,2026-02-19,2026-03-08,gcrew,noaa_gefs,26,Rain_mm_sum,17,0
gep26,00,2026-02-19,2026-03-08,gcrew,noaa_gefs,26,ShortwaveRadiation_Wm2,17,218.75
gep26,00,2026-02-19,2026-03-08,gcrew,noaa_gefs,26,WindSpeed_ms_mean,17,2.011765155426912
gep26,00,2026-02-19,2026-03-09,gcrew,noaa_gefs,26,AirTemp_C_mean,18,2.2363754272461165
gep26,00,2026-02-19,2026-03-09,gcrew,noaa_gefs,26,Pressure_Pa,18,102708.865234375
gep26,00,2026-02-19,2026-03-09,gcrew,noaa_gefs,26,RH_percent_mean,18,88.49076080322266
gep26,00,2026-02-19,2026-03-09,gcrew,noaa_gefs,26,Rain_mm_sum,18,0
gep26,00,2026-02-19,2026-03-09,gcrew,noaa_gefs,26,ShortwaveRadiation_Wm2,18,190.5
gep26,00,2026-02-19,2026-03-09,gcrew,noaa_gefs,26,WindSpeed_ms_mean,18,2.926777667971675
gep26,00,2026-02-19,2026-03-10,gcrew,noaa_gefs,26,AirTemp_C_mean,19,3.077027893066429
gep26,00,2026-02-19,2026-03-10,gcrew,noaa_gefs,26,Pressure_Pa,19,101449.376953125
gep26,00,2026-02-19,2026-03-10,gcrew,noaa_gefs,26,RH_percent_mean,19,97.0867977142334
gep26,00,2026-02-19,2026-03-10,gcrew,noaa_gefs,26,Rain_mm_sum,19,20.30000078678131
gep26,00,2026-02-19,2026-03-10,gcrew,noaa_gefs,26,ShortwaveRadiation_Wm2,19,12.25
gep26,00,2026-02-19,2026-03-10,gcrew,noaa_gefs,26,WindSpeed_ms_mean,19,2.16738045229572
gep26,00,2026-02-19,2026-03-11,gcrew,noaa_gefs,26,AirTemp_C_mean,20,2.4423767089843977
gep26,00,2026-02-19,2026-03-11,gcrew,noaa_gefs,26,Pressure_Pa,20,101607.31640625
gep26,00,2026-02-19,2026-03-11,gcrew,noaa_gefs,26,RH_percent_mean,20,73.54477119445801
gep26,00,2026-02-19,2026-03-11,gcrew,noaa_gefs,26,Rain_mm_sum,20,0
gep26,00,2026-02-19,2026-03-11,gcrew,noaa_gefs,26,ShortwaveRadiation_Wm2,20,216.25
gep26,00,2026-02-19,2026-03-11,gcrew,noaa_gefs,26,WindSpeed_ms_mean,20,3.965489202739927
gep26,00,2026-02-19,2026-03-12,gcrew,noaa_gefs,26,AirTemp_C_mean,21,5.346345520019554
gep26,00,2026-02-19,2026-03-12,gcrew,noaa_gefs,26,Pressure_Pa,21,101774.470703125
gep26,00,2026-02-19,2026-03-12,gcrew,noaa_gefs,26,RH_percent_mean,21,70.26903629302979
gep26,00,2026-02-19,2026-03-12,gcrew,noaa_gefs,26,Rain_mm_sum,21,0
gep26,00,2026-02-19,2026-03-12,gcrew,noaa_gefs,26,ShortwaveRadiation_Wm2,21,234.5
gep26,00,2026-02-19,2026-03-12,gcrew,noaa_gefs,26,WindSpeed_ms_mean,21,4.989251373860443
gep26,00,2026-02-19,2026-03-13,gcrew,noaa_gefs,26,AirTemp_C_mean,22,0.404817199707054
gep26,00,2026-02-19,2026-03-13,gcrew,noaa_gefs,26,Pressure_Pa,22,103084.677734375
gep26,00,2026-02-19,2026-03-13,gcrew,noaa_gefs,26,RH_percent_mean,22,59.94519805908203
gep26,00,2026-02-19,2026-03-13,gcrew,noaa_gefs,26,Rain_mm_sum,22,0
gep26,00,2026-02-19,2026-03-13,gcrew,noaa_gefs,26,ShortwaveRadiation_Wm2,22,246.75
gep26,00,2026-02-19,2026-03-13,gcrew,noaa_gefs,26,WindSpeed_ms_mean,22,3.9252923447424357
gep26,00,2026-02-19,2026-03-14,gcrew,noaa_gefs,26,AirTemp_C_mean,23,2.2103439331054915
gep26,00,2026-02-19,2026-03-14,gcrew,noaa_gefs,26,Pressure_Pa,23,103257.919921875
gep26,00,2026-02-19,2026-03-14,gcrew,noaa_gefs,26,RH_percent_mean,23,65.69925880432129
gep26,00,2026-02-19,2026-03-14,gcrew,noaa_gefs,26,Rain_mm_sum,23,0
gep26,00,2026-02-19,2026-03-14,gcrew,noaa_gefs,26,ShortwaveRadiation_Wm2,23,192.25
gep26,00,2026-02-19,2026-03-14,gcrew,noaa_gefs,26,WindSpeed_ms_mean,23,3.0252771415459634
gep26,00,2026-02-19,2026-03-15,gcrew,noaa_gefs,26,AirTemp_C_mean,24,4.8394332885742415
gep26,00,2026-02-19,2026-03-15,gcrew,noaa_gefs,26,Pressure_Pa,24,102069.697265625
gep26,00,2026-02-19,2026-03-15,gcrew,noaa_gefs,26,RH_percent_mean,24,91.6884937286377
gep26,00,2026-02-19,2026-03-15,gcrew,noaa_gefs,26,Rain_mm_sum,24,6.8000001311302185
gep26,00,2026-02-19,2026-03-15,gcrew,noaa_gefs,26,ShortwaveRadiation_Wm2,24,9.75
gep26,00,2026-02-19,2026-03-15,gcrew,noaa_gefs,26,WindSpeed_ms_mean,24,4.914185923582207
gep26,00,2026-02-19,2026-03-16,gcrew,noaa_gefs,26,AirTemp_C_mean,25,6.88092956542971
gep26,00,2026-02-19,2026-03-16,gcrew,noaa_gefs,26,Pressure_Pa,25,100852.091796875
gep26,00,2026-02-19,2026-03-16,gcrew,noaa_gefs,26,RH_percent_mean,25,93.64601707458496
gep26,00,2026-02-19,2026-03-16,gcrew,noaa_gefs,26,Rain_mm_sum,25,0.10000000149011612
gep26,00,2026-02-19,2026-03-16,gcrew,noaa_gefs,26,ShortwaveRadiation_Wm2,25,137
gep26,00,2026-02-19,2026-03-16,gcrew,noaa_gefs,26,WindSpeed_ms_mean,25,2.385226343506775
gep26,00,2026-02-19,2026-03-17,gcrew,noaa_gefs,26,AirTemp_C_mean,26,8.267533874511741
gep26,00,2026-02-19,2026-03-17,gcrew,noaa_gefs,26,Pressure_Pa,26,100826.765625
gep26,00,2026-02-19,2026-03-17,gcrew,noaa_gefs,26,RH_percent_mean,26,91.60923194885254
gep26,00,2026-02-19,2026-03-17,gcrew,noaa_gefs,26,Rain_mm_sum,26,0
gep26,00,2026-02-19,2026-03-17,gcrew,noaa_gefs,26,ShortwaveRadiation_Wm2,26,223.75
gep26,00,2026-02-19,2026-03-17,gcrew,noaa_gefs,26,WindSpeed_ms_mean,26,2.241015530837425
gep26,00,2026-02-19,2026-03-18,gcrew,noaa_gefs,26,AirTemp_C_mean,27,11.309526062011741
gep26,00,2026-02-19,2026-03-18,gcrew,noaa_gefs,26,Pressure_Pa,27,100366.421875
gep26,00,2026-02-19,2026-03-18,gcrew,noaa_gefs,26,RH_percent_mean,27,80.98326683044434
gep26,00,2026-02-19,2026-03-18,gcrew,noaa_gefs,26,Rain_mm_sum,27,3.8000001087784767
gep26,00,2026-02-19,2026-03-18,gcrew,noaa_gefs,26,ShortwaveRadiation_Wm2,27,206
gep26,00,2026-02-19,2026-03-18,gcrew,noaa_gefs,26,WindSpeed_ms_mean,27,4.913507346762998
gep26,00,2026-02-19,2026-03-19,gcrew,noaa_gefs,26,AirTemp_C_mean,28,9.271661376953148
gep26,00,2026-02-19,2026-03-19,gcrew,noaa_gefs,26,Pressure_Pa,28,100716.333984375
gep26,00,2026-02-19,2026-03-19,gcrew,noaa_gefs,26,RH_percent_mean,28,78.55448150634766
gep26,00,2026-02-19,2026-03-19,gcrew,noaa_gefs,26,Rain_mm_sum,28,0.20000000298023224
gep26,00,2026-02-19,2026-03-19,gcrew,noaa_gefs,26,ShortwaveRadiation_Wm2,28,176
gep26,00,2026-02-19,2026-03-19,gcrew,noaa_gefs,26,WindSpeed_ms_mean,28,3.502768919064772
gep26,00,2026-02-19,2026-03-20,gcrew,noaa_gefs,26,AirTemp_C_mean,29,7.4639755249023665
gep26,00,2026-02-19,2026-03-20,gcrew,noaa_gefs,26,Pressure_Pa,29,101721.220703125
gep26,00,2026-02-19,2026-03-20,gcrew,noaa_gefs,26,RH_percent_mean,29,84.32945442199707
gep26,00,2026-02-19,2026-03-20,gcrew,noaa_gefs,26,Rain_mm_sum,29,0
gep26,00,2026-02-19,2026-03-20,gcrew,noaa_gefs,26,ShortwaveRadiation_Wm2,29,225.25
gep26,00,2026-02-19,2026-03-20,gcrew,noaa_gefs,26,WindSpeed_ms_mean,29,2.4857486906504604
gep26,00,2026-02-19,2026-03-21,gcrew,noaa_gefs,26,AirTemp_C_mean,30,5.514649963378929
gep26,00,2026-02-19,2026-03-21,gcrew,noaa_gefs,26,Pressure_Pa,30,102508.27734375
gep26,00,2026-02-19,2026-03-21,gcrew,noaa_gefs,26,RH_percent_mean,30,93.17456245422363
gep26,00,2026-02-19,2026-03-21,gcrew,noaa_gefs,26,Rain_mm_sum,30,0
gep26,00,2026-02-19,2026-03-21,gcrew,noaa_gefs,26,ShortwaveRadiation_Wm2,30,231
gep26,00,2026-02-19,2026-03-21,gcrew,noaa_gefs,26,WindSpeed_ms_mean,30,3.478610201477239
gep26,00,2026-02-19,2026-03-22,gcrew,noaa_gefs,26,AirTemp_C_mean,31,8.427484130859398
gep26,00,2026-02-19,2026-03-22,gcrew,noaa_gefs,26,Pressure_Pa,31,101537.609375
gep26,00,2026-02-19,2026-03-22,gcrew,noaa_gefs,26,RH_percent_mean,31,90.99308013916016
gep26,00,2026-02-19,2026-03-22,gcrew,noaa_gefs,26,Rain_mm_sum,31,0
gep26,00,2026-02-19,2026-03-22,gcrew,noaa_gefs,26,ShortwaveRadiation_Wm2,31,169
gep26,00,2026-02-19,2026-03-22,gcrew,noaa_gefs,26,WindSpeed_ms_mean,31,7.184195750232049
gep26,00,2026-02-19,2026-03-23,gcrew,noaa_gefs,26,AirTemp_C_mean,32,8.768609619140648
gep26,00,2026-02-19,2026-03-23,gcrew,noaa_gefs,26,Pressure_Pa,32,100650.3046875
gep26,00,2026-02-19,2026-03-23,gcrew,noaa_gefs,26,RH_percent_mean,32,58.10695171356201
gep26,00,2026-02-19,2026-03-23,gcrew,noaa_gefs,26,Rain_mm_sum,32,1.3000000715255737
gep26,00,2026-02-19,2026-03-23,gcrew,noaa_gefs,26,ShortwaveRadiation_Wm2,32,266
gep26,00,2026-02-19,2026-03-23,gcrew,noaa_gefs,26,WindSpeed_ms_mean,32,7.9327389792356415
gep26,00,2026-02-19,2026-03-24,gcrew,noaa_gefs,26,AirTemp_C_mean,33,4.568719482421898
gep26,00,2026-02-19,2026-03-24,gcrew,noaa_gefs,26,Pressure_Pa,33,101528.60546875
gep26,00,2026-02-19,2026-03-24,gcrew,noaa_gefs,26,RH_percent_mean,33,52.18817710876465
gep26,00,2026-02-19,2026-03-24,gcrew,noaa_gefs,26,Rain_mm_sum,33,0
gep26,00,2026-02-19,2026-03-24,gcrew,noaa_gefs,26,ShortwaveRadiation_Wm2,33,271.25
gep26,00,2026-02-19,2026-03-24,gcrew,noaa_gefs,26,WindSpeed_ms_mean,33,5.0208112518813515
gep26,00,2026-02-19,2026-03-25,gcrew,noaa_gefs,26,AirTemp_C_mean,34,4.424745178222679
gep26,00,2026-02-19,2026-03-25,gcrew,noaa_gefs,26,Pressure_Pa,34,100896.943359375
gep26,00,2026-02-19,2026-03-25,gcrew,noaa_gefs,26,RH_percent_mean,34,73.10336017608643
gep26,00,2026-02-19,2026-03-25,gcrew,noaa_gefs,26,Rain_mm_sum,34,0.699999988079071
gep26,00,2026-02-19,2026-03-25,gcrew,noaa_gefs,26,ShortwaveRadiation_Wm2,34,168.25
gep26,00,2026-02-19,2026-03-25,gcrew,noaa_gefs,26,WindSpeed_ms_mean,34,3.448319475494018
gep27,00,2026-02-19,2026-02-20,gcrew,noaa_gefs,27,AirTemp_C_mean,1,8.60019454956057
gep27,00,2026-02-19,2026-02-20,gcrew,noaa_gefs,27,Pressure_Pa,1,100529.837890625
gep27,00,2026-02-19,2026-02-20,gcrew,noaa_gefs,27,RH_percent_mean,1,84.13147974014282
gep27,00,2026-02-19,2026-02-20,gcrew,noaa_gefs,27,Rain_mm_sum,1,7.229999907314777
gep27,00,2026-02-19,2026-02-20,gcrew,noaa_gefs,27,ShortwaveRadiation_Wm2,1,90
gep27,00,2026-02-19,2026-02-20,gcrew,noaa_gefs,27,WindSpeed_ms_mean,1,5.327480968436972
gep27,00,2026-02-19,2026-02-21,gcrew,noaa_gefs,27,AirTemp_C_mean,2,4.957093811035179
gep27,00,2026-02-19,2026-02-21,gcrew,noaa_gefs,27,Pressure_Pa,2,101362.1162109375
gep27,00,2026-02-19,2026-02-21,gcrew,noaa_gefs,27,RH_percent_mean,2,67.61050748825073
gep27,00,2026-02-19,2026-02-21,gcrew,noaa_gefs,27,Rain_mm_sum,2,0.009999999776482582
gep27,00,2026-02-19,2026-02-21,gcrew,noaa_gefs,27,ShortwaveRadiation_Wm2,2,157.375
gep27,00,2026-02-19,2026-02-21,gcrew,noaa_gefs,27,WindSpeed_ms_mean,2,2.796669875085554
gep27,00,2026-02-19,2026-02-22,gcrew,noaa_gefs,27,AirTemp_C_mean,3,1.7196746826172102
gep27,00,2026-02-19,2026-02-22,gcrew,noaa_gefs,27,Pressure_Pa,3,101743.5
gep27,00,2026-02-19,2026-02-22,gcrew,noaa_gefs,27,RH_percent_mean,3,72.97090816497803
gep27,00,2026-02-19,2026-02-22,gcrew,noaa_gefs,27,Rain_mm_sum,3,0.10000000149011612
gep27,00,2026-02-19,2026-02-22,gcrew,noaa_gefs,27,ShortwaveRadiation_Wm2,3,141.625
gep27,00,2026-02-19,2026-02-22,gcrew,noaa_gefs,27,WindSpeed_ms_mean,3,2.597666670204664
gep27,00,2026-02-19,2026-02-23,gcrew,noaa_gefs,27,AirTemp_C_mean,4,0.5413490295410384
gep27,00,2026-02-19,2026-02-23,gcrew,noaa_gefs,27,Pressure_Pa,4,101336.916015625
gep27,00,2026-02-19,2026-02-23,gcrew,noaa_gefs,27,RH_percent_mean,4,88.30583763122559
gep27,00,2026-02-19,2026-02-23,gcrew,noaa_gefs,27,Rain_mm_sum,4,6.400000065565109
gep27,00,2026-02-19,2026-02-23,gcrew,noaa_gefs,27,ShortwaveRadiation_Wm2,4,97.75
gep27,00,2026-02-19,2026-02-23,gcrew,noaa_gefs,27,WindSpeed_ms_mean,4,5.788296822041432
gep27,00,2026-02-19,2026-02-24,gcrew,noaa_gefs,27,AirTemp_C_mean,5,0.5290084838867415
gep27,00,2026-02-19,2026-02-24,gcrew,noaa_gefs,27,Pressure_Pa,5,101826.7109375
gep27,00,2026-02-19,2026-02-24,gcrew,noaa_gefs,27,RH_percent_mean,5,67.53751993179321
gep27,00,2026-02-19,2026-02-24,gcrew,noaa_gefs,27,Rain_mm_sum,5,0.10000000149011612
gep27,00,2026-02-19,2026-02-24,gcrew,noaa_gefs,27,ShortwaveRadiation_Wm2,5,205.75
gep27,00,2026-02-19,2026-02-24,gcrew,noaa_gefs,27,WindSpeed_ms_mean,5,4.922516373996911
gep27,00,2026-02-19,2026-02-25,gcrew,noaa_gefs,27,AirTemp_C_mean,6,4.261026000976585
gep27,00,2026-02-19,2026-02-25,gcrew,noaa_gefs,27,Pressure_Pa,6,101437.8994140625
gep27,00,2026-02-19,2026-02-25,gcrew,noaa_gefs,27,RH_percent_mean,6,64.63713264465332
gep27,00,2026-02-19,2026-02-25,gcrew,noaa_gefs,27,Rain_mm_sum,6,0.5000000149011612
gep27,00,2026-02-19,2026-02-25,gcrew,noaa_gefs,27,ShortwaveRadiation_Wm2,6,123.375
gep27,00,2026-02-19,2026-02-25,gcrew,noaa_gefs,27,WindSpeed_ms_mean,6,4.7829481823237945
gep27,00,2026-02-19,2026-02-26,gcrew,noaa_gefs,27,AirTemp_C_mean,7,7.054109191894554
gep27,00,2026-02-19,2026-02-26,gcrew,noaa_gefs,27,Pressure_Pa,7,101322.2197265625
gep27,00,2026-02-19,2026-02-26,gcrew,noaa_gefs,27,RH_percent_mean,7,73.60764694213867
gep27,00,2026-02-19,2026-02-26,gcrew,noaa_gefs,27,Rain_mm_sum,7,1.6900000274181366
gep27,00,2026-02-19,2026-02-26,gcrew,noaa_gefs,27,ShortwaveRadiation_Wm2,7,169.75
gep27,00,2026-02-19,2026-02-26,gcrew,noaa_gefs,27,WindSpeed_ms_mean,7,4.3598277703380175
gep27,00,2026-02-19,2026-02-27,gcrew,noaa_gefs,27,AirTemp_C_mean,8,2.5398727416992415
gep27,00,2026-02-19,2026-02-27,gcrew,noaa_gefs,27,Pressure_Pa,8,101330.2099609375
gep27,00,2026-02-19,2026-02-27,gcrew,noaa_gefs,27,RH_percent_mean,8,90.59297943115234
gep27,00,2026-02-19,2026-02-27,gcrew,noaa_gefs,27,Rain_mm_sum,8,41.3899998255074
gep27,00,2026-02-19,2026-02-27,gcrew,noaa_gefs,27,ShortwaveRadiation_Wm2,8,16.875
gep27,00,2026-02-19,2026-02-27,gcrew,noaa_gefs,27,WindSpeed_ms_mean,8,3.173158734850934
gep27,00,2026-02-19,2026-02-28,gcrew,noaa_gefs,27,AirTemp_C_mean,9,6.081576102120558
gep27,00,2026-02-19,2026-02-28,gcrew,noaa_gefs,27,Pressure_Pa,9,100991.2890625
gep27,00,2026-02-19,2026-02-28,gcrew,noaa_gefs,27,RH_percent_mean,9,89.50826699393136
gep27,00,2026-02-19,2026-02-28,gcrew,noaa_gefs,27,Rain_mm_sum,9,6.939999997615814
gep27,00,2026-02-19,2026-02-28,gcrew,noaa_gefs,27,ShortwaveRadiation_Wm2,9,198.71428571428572
gep27,00,2026-02-19,2026-02-28,gcrew,noaa_gefs,27,WindSpeed_ms_mean,9,2.371464473414071
gep27,00,2026-02-19,2026-03-01,gcrew,noaa_gefs,27,AirTemp_C_mean,10,3.9153381347656477
gep27,00,2026-02-19,2026-03-01,gcrew,noaa_gefs,27,Pressure_Pa,10,102000.736328125
gep27,00,2026-02-19,2026-03-01,gcrew,noaa_gefs,27,RH_percent_mean,10,64.10819625854492
gep27,00,2026-02-19,2026-03-01,gcrew,noaa_gefs,27,Rain_mm_sum,10,0
gep27,00,2026-02-19,2026-03-01,gcrew,noaa_gefs,27,ShortwaveRadiation_Wm2,10,214
gep27,00,2026-02-19,2026-03-01,gcrew,noaa_gefs,27,WindSpeed_ms_mean,10,3.7106248775369783
gep27,00,2026-02-19,2026-03-02,gcrew,noaa_gefs,27,AirTemp_C_mean,11,2.6448913574218977
gep27,00,2026-02-19,2026-03-02,gcrew,noaa_gefs,27,Pressure_Pa,11,101992.7734375
gep27,00,2026-02-19,2026-03-02,gcrew,noaa_gefs,27,RH_percent_mean,11,80.4185619354248
gep27,00,2026-02-19,2026-03-02,gcrew,noaa_gefs,27,Rain_mm_sum,11,1.7000000327825546
gep27,00,2026-02-19,2026-03-02,gcrew,noaa_gefs,27,ShortwaveRadiation_Wm2,11,22.5
gep27,00,2026-02-19,2026-03-02,gcrew,noaa_gefs,27,WindSpeed_ms_mean,11,3.8287651590698437
gep27,00,2026-02-19,2026-03-03,gcrew,noaa_gefs,27,AirTemp_C_mean,12,13.411950683593773
gep27,00,2026-02-19,2026-03-03,gcrew,noaa_gefs,27,Pressure_Pa,12,101091.162109375
gep27,00,2026-02-19,2026-03-03,gcrew,noaa_gefs,27,RH_percent_mean,12,90.47667694091797
gep27,00,2026-02-19,2026-03-03,gcrew,noaa_gefs,27,Rain_mm_sum,12,3.1000000834465027
gep27,00,2026-02-19,2026-03-03,gcrew,noaa_gefs,27,ShortwaveRadiation_Wm2,12,146
gep27,00,2026-02-19,2026-03-03,gcrew,noaa_gefs,27,WindSpeed_ms_mean,12,5.012968706083463
gep27,00,2026-02-19,2026-03-04,gcrew,noaa_gefs,27,AirTemp_C_mean,13,8.065553283691429
gep27,00,2026-02-19,2026-03-04,gcrew,noaa_gefs,27,Pressure_Pa,13,102178.892578125
gep27,00,2026-02-19,2026-03-04,gcrew,noaa_gefs,27,RH_percent_mean,13,90.09021759033203
gep27,00,2026-02-19,2026-03-04,gcrew,noaa_gefs,27,Rain_mm_sum,13,6.300000101327896
gep27,00,2026-02-19,2026-03-04,gcrew,noaa_gefs,27,ShortwaveRadiation_Wm2,13,25
gep27,00,2026-02-19,2026-03-04,gcrew,noaa_gefs,27,WindSpeed_ms_mean,13,3.9570483623648522
gep27,00,2026-02-19,2026-03-05,gcrew,noaa_gefs,27,AirTemp_C_mean,14,12.227571105957054
gep27,00,2026-02-19,2026-03-05,gcrew,noaa_gefs,27,Pressure_Pa,14,101463.474609375
gep27,00,2026-02-19,2026-03-05,gcrew,noaa_gefs,27,RH_percent_mean,14,91.76033973693848
gep27,00,2026-02-19,2026-03-05,gcrew,noaa_gefs,27,Rain_mm_sum,14,2.4999999925494194
gep27,00,2026-02-19,2026-03-05,gcrew,noaa_gefs,27,ShortwaveRadiation_Wm2,14,89.75
gep27,00,2026-02-19,2026-03-05,gcrew,noaa_gefs,27,WindSpeed_ms_mean,14,6.039026367710616
gep27,00,2026-02-19,2026-03-06,gcrew,noaa_gefs,27,AirTemp_C_mean,15,0.883576965332054
gep27,00,2026-02-19,2026-03-06,gcrew,noaa_gefs,27,Pressure_Pa,15,101621.16796875
gep27,00,2026-02-19,2026-03-06,gcrew,noaa_gefs,27,RH_percent_mean,15,92.8342227935791
gep27,00,2026-02-19,2026-03-06,gcrew,noaa_gefs,27,Rain_mm_sum,15,37.30000019073486
gep27,00,2026-02-19,2026-03-06,gcrew,noaa_gefs,27,ShortwaveRadiation_Wm2,15,17.5
gep27,00,2026-02-19,2026-03-06,gcrew,noaa_gefs,27,WindSpeed_ms_mean,15,6.799946731139411
gep27,00,2026-02-19,2026-03-07,gcrew,noaa_gefs,27,AirTemp_C_mean,16,-1.2620071411132585
gep27,00,2026-02-19,2026-03-07,gcrew,noaa_gefs,27,Pressure_Pa,16,102783.318359375
gep27,00,2026-02-19,2026-03-07,gcrew,noaa_gefs,27,RH_percent_mean,16,79.86228942871094
gep27,00,2026-02-19,2026-03-07,gcrew,noaa_gefs,27,Rain_mm_sum,16,0
gep27,00,2026-02-19,2026-03-07,gcrew,noaa_gefs,27,ShortwaveRadiation_Wm2,16,231.5
gep27,00,2026-02-19,2026-03-07,gcrew,noaa_gefs,27,WindSpeed_ms_mean,16,3.336420955691156
gep27,00,2026-02-19,2026-03-08,gcrew,noaa_gefs,27,AirTemp_C_mean,17,2.6822448730468977
gep27,00,2026-02-19,2026-03-08,gcrew,noaa_gefs,27,Pressure_Pa,17,102794.392578125
gep27,00,2026-02-19,2026-03-08,gcrew,noaa_gefs,27,RH_percent_mean,17,80.685150146484375
gep27,00,2026-02-19,2026-03-08,gcrew,noaa_gefs,27,Rain_mm_sum,17,0
gep27,00,2026-02-19,2026-03-08,gcrew,noaa_gefs,27,ShortwaveRadiation_Wm2,17,218.75
gep27,00,2026-02-19,2026-03-08,gcrew,noaa_gefs,27,WindSpeed_ms_mean,17,2.011765155426912
gep27,00,2026-02-19,2026-03-09,gcrew,noaa_gefs,27,AirTemp_C_mean,18,2.2363754272461165
gep27,00,2026-02-19,2026-03-09,gcrew,noaa_gefs,27,Pressure_Pa,18,102708.865234375
gep27,00,2026-02-19,2026-03-09,gcrew,noaa_gefs,27,RH_percent_mean,18,88.49076080322266
gep27,00,2026-02-19,2026-03-09,gcrew,noaa_gefs,27,Rain_mm_sum,18,0
gep27,00,2026-02-19,2026-03-09,gcrew,noaa_gefs,27,ShortwaveRadiation_Wm2,18,190.5
gep27,00,2026-02-19,2026-03-09,gcrew,noaa_gefs,27,WindSpeed_ms_mean,18,2.926777667971675
gep27,00,2026-02-19,2026-03-10,gcrew,noaa_gefs,27,AirTemp_C_mean,19,3.077027893066429
gep27,00,2026-02-19,2026-03-10,gcrew,noaa_gefs,27,Pressure_Pa,19,101449.376953125
gep27,00,2026-02-19,2026-03-10,gcrew,noaa_gefs,27,RH_percent_mean,19,97.0867977142334
gep27,00,2026-02-19,2026-03-10,gcrew,noaa_gefs,27,Rain_mm_sum,19,20.30000078678131
gep27,00,2026-02-19,2026-03-10,gcrew,noaa_gefs,27,ShortwaveRadiation_Wm2,19,12.25
gep27,00,2026-02-19,2026-03-10,gcrew,noaa_gefs,27,WindSpeed_ms_mean,19,2.16738045229572
gep27,00,2026-02-19,2026-03-11,gcrew,noaa_gefs,27,AirTemp_C_mean,20,2.4423767089843977
gep27,00,2026-02-19,2026-03-11,gcrew,noaa_gefs,27,Pressure_Pa,20,101607.31640625
gep27,00,2026-02-19,2026-03-11,gcrew,noaa_gefs,27,RH_percent_mean,20,73.54477119445801
gep27,00,2026-02-19,2026-03-11,gcrew,noaa_gefs,27,Rain_mm_sum,20,0
gep27,00,2026-02-19,2026-03-11,gcrew,noaa_gefs,27,ShortwaveRadiation_Wm2,20,216.25
gep27,00,2026-02-19,2026-03-11,gcrew,noaa_gefs,27,WindSpeed_ms_mean,20,3.965489202739927
gep27,00,2026-02-19,2026-03-12,gcrew,noaa_gefs,27,AirTemp_C_mean,21,5.346345520019554
gep27,00,2026-02-19,2026-03-12,gcrew,noaa_gefs,27,Pressure_Pa,21,101774.470703125
gep27,00,2026-02-19,2026-03-12,gcrew,noaa_gefs,27,RH_percent_mean,21,70.26903629302979
gep27,00,2026-02-19,2026-03-12,gcrew,noaa_gefs,27,Rain_mm_sum,21,0
gep27,00,2026-02-19,2026-03-12,gcrew,noaa_gefs,27,ShortwaveRadiation_Wm2,21,234.5
gep27,00,2026-02-19,2026-03-12,gcrew,noaa_gefs,27,WindSpeed_ms_mean,21,4.989251373860443
gep27,00,2026-02-19,2026-03-13,gcrew,noaa_gefs,27,AirTemp_C_mean,22,0.404817199707054
gep27,00,2026-02-19,2026-03-13,gcrew,noaa_gefs,27,Pressure_Pa,22,103084.677734375
gep27,00,2026-02-19,2026-03-13,gcrew,noaa_gefs,27,RH_percent_mean,22,59.94519805908203
gep27,00,2026-02-19,2026-03-13,gcrew,noaa_gefs,27,Rain_mm_sum,22,0
gep27,00,2026-02-19,2026-03-13,gcrew,noaa_gefs,27,ShortwaveRadiation_Wm2,22,246.75
gep27,00,2026-02-19,2026-03-13,gcrew,noaa_gefs,27,WindSpeed_ms_mean,22,3.9252923447424357
gep27,00,2026-02-19,2026-03-14,gcrew,noaa_gefs,27,AirTemp_C_mean,23,2.2103439331054915
gep27,00,2026-02-19,2026-03-14,gcrew,noaa_gefs,27,Pressure_Pa,23,103257.919921875
gep27,00,2026-02-19,2026-03-14,gcrew,noaa_gefs,27,RH_percent_mean,23,65.69925880432129
gep27,00,2026-02-19,2026-03-14,gcrew,noaa_gefs,27,Rain_mm_sum,23,0
gep27,00,2026-02-19,2026-03-14,gcrew,noaa_gefs,27,ShortwaveRadiation_Wm2,23,192.25
gep27,00,2026-02-19,2026-03-14,gcrew,noaa_gefs,27,WindSpeed_ms_mean,23,3.0252771415459634
gep27,00,2026-02-19,2026-03-15,gcrew,noaa_gefs,27,AirTemp_C_mean,24,4.8394332885742415
gep27,00,2026-02-19,2026-03-15,gcrew,noaa_gefs,27,Pressure_Pa,24,102069.697265625
gep27,00,2026-02-19,2026-03-15,gcrew,noaa_gefs,27,RH_percent_mean,24,91.6884937286377
gep27,00,2026-02-19,2026-03-15,gcrew,noaa_gefs,27,Rain_mm_sum,24,6.8000001311302185
gep27,00,2026-02-19,2026-03-15,gcrew,noaa_gefs,27,ShortwaveRadiation_Wm2,24,9.75
gep27,00,2026-02-19,2026-03-15,gcrew,noaa_gefs,27,WindSpeed_ms_mean,24,4.914185923582207
gep27,00,2026-02-19,2026-03-16,gcrew,noaa_gefs,27,AirTemp_C_mean,25,6.88092956542971
gep27,00,2026-02-19,2026-03-16,gcrew,noaa_gefs,27,Pressure_Pa,25,100852.091796875
gep27,00,2026-02-19,2026-03-16,gcrew,noaa_gefs,27,RH_percent_mean,25,93.64601707458496
gep27,00,2026-02-19,2026-03-16,gcrew,noaa_gefs,27,Rain_mm_sum,25,0.10000000149011612
gep27,00,2026-02-19,2026-03-16,gcrew,noaa_gefs,27,ShortwaveRadiation_Wm2,25,137
gep27,00,2026-02-19,2026-03-16,gcrew,noaa_gefs,27,WindSpeed_ms_mean,25,2.385226343506775
gep27,00,2026-02-19,2026-03-17,gcrew,noaa_gefs,27,AirTemp_C_mean,26,8.267533874511741
gep27,00,2026-02-19,2026-03-17,gcrew,noaa_gefs,27,Pressure_Pa,26,100826.765625
gep27,00,2026-02-19,2026-03-17,gcrew,noaa_gefs,27,RH_percent_mean,26,91.60923194885254
gep27,00,2026-02-19,2026-03-17,gcrew,noaa_gefs,27,Rain_mm_sum,26,0
gep27,00,2026-02-19,2026-03-17,gcrew,noaa_gefs,27,ShortwaveRadiation_Wm2,26,223.75
gep27,00,2026-02-19,2026-03-17,gcrew,noaa_gefs,27,WindSpeed_ms_mean,26,2.241015530837425
gep27,00,2026-02-19,2026-03-18,gcrew,noaa_gefs,27,AirTemp_C_mean,27,11.309526062011741
gep27,00,2026-02-19,2026-03-18,gcrew,noaa_gefs,27,Pressure_Pa,27,100366.421875
gep27,00,2026-02-19,2026-03-18,gcrew,noaa_gefs,27,RH_percent_mean,27,80.98326683044434
gep27,00,2026-02-19,2026-03-18,gcrew,noaa_gefs,27,Rain_mm_sum,27,3.8000001087784767
gep27,00,2026-02-19,2026-03-18,gcrew,noaa_gefs,27,ShortwaveRadiation_Wm2,27,206
gep27,00,2026-02-19,2026-03-18,gcrew,noaa_gefs,27,WindSpeed_ms_mean,27,4.913507346762998
gep27,00,2026-02-19,2026-03-19,gcrew,noaa_gefs,27,AirTemp_C_mean,28,9.271661376953148
gep27,00,2026-02-19,2026-03-19,gcrew,noaa_gefs,27,Pressure_Pa,28,100716.333984375
gep27,00,2026-02-19,2026-03-19,gcrew,noaa_gefs,27,RH_percent_mean,28,78.55448150634766
gep27,00,2026-02-19,2026-03-19,gcrew,noaa_gefs,27,Rain_mm_sum,28,0.20000000298023224
gep27,00,2026-02-19,2026-03-19,gcrew,noaa_gefs,27,ShortwaveRadiation_Wm2,28,176
gep27,00,2026-02-19,2026-03-19,gcrew,noaa_gefs,27,WindSpeed_ms_mean,28,3.502768919064772
gep27,00,2026-02-19,2026-03-20,gcrew,noaa_gefs,27,AirTemp_C_mean,29,7.4639755249023665
gep27,00,2026-02-19,2026-03-20,gcrew,noaa_gefs,27,Pressure_Pa,29,101721.220703125
gep27,00,2026-02-19,2026-03-20,gcrew,noaa_gefs,27,RH_percent_mean,29,84.32945442199707
gep27,00,2026-02-19,2026-03-20,gcrew,noaa_gefs,27,Rain_mm_sum,29,0
gep27,00,2026-02-19,2026-03-20,gcrew,noaa_gefs,27,ShortwaveRadiation_Wm2,29,225.25
gep27,00,2026-02-19,2026-03-20,gcrew,noaa_gefs,27,WindSpeed_ms_mean,29,2.4857486906504604
gep27,00,2026-02-19,2026-03-21,gcrew,noaa_gefs,27,AirTemp_C_mean,30,5.514649963378929
gep27,00,2026-02-19,2026-03-21,gcrew,noaa_gefs,27,Pressure_Pa,30,102508.27734375
gep27,00,2026-02-19,2026-03-21,gcrew,noaa_gefs,27,RH_percent_mean,30,93.17456245422363
gep27,00,2026-02-19,2026-03-21,gcrew,noaa_gefs,27,Rain_mm_sum,30,0
gep27,00,2026-02-19,2026-03-21,gcrew,noaa_gefs,27,ShortwaveRadiation_Wm2,30,231
gep27,00,2026-02-19,2026-03-21,gcrew,noaa_gefs,27,WindSpeed_ms_mean,30,3.478610201477239
gep27,00,2026-02-19,2026-03-22,gcrew,noaa_gefs,27,AirTemp_C_mean,31,8.427484130859398
gep27,00,2026-02-19,2026-03-22,gcrew,noaa_gefs,27,Pressure_Pa,31,101537.609375
gep27,00,2026-02-19,2026-03-22,gcrew,noaa_gefs,27,RH_percent_mean,31,90.99308013916016
gep27,00,2026-02-19,2026-03-22,gcrew,noaa_gefs,27,Rain_mm_sum,31,0
gep27,00,2026-02-19,2026-03-22,gcrew,noaa_gefs,27,ShortwaveRadiation_Wm2,31,169
gep27,00,2026-02-19,2026-03-22,gcrew,noaa_gefs,27,WindSpeed_ms_mean,31,7.184195750232049
gep27,00,2026-02-19,2026-03-23,gcrew,noaa_gefs,27,AirTemp_C_mean,32,8.768609619140648
gep27,00,2026-02-19,2026-03-23,gcrew,noaa_gefs,27,Pressure_Pa,32,100650.3046875
gep27,00,2026-02-19,2026-03-23,gcrew,noaa_gefs,27,RH_percent_mean,32,58.10695171356201
gep27,00,2026-02-19,2026-03-23,gcrew,noaa_gefs,27,Rain_mm_sum,32,1.3000000715255737
gep27,00,2026-02-19,2026-03-23,gcrew,noaa_gefs,27,ShortwaveRadiation_Wm2,32,266
gep27,00,2026-02-19,2026-03-23,gcrew,noaa_gefs,27,WindSpeed_ms_mean,32,7.9327389792356415
gep27,00,2026-02-19,2026-03-24,gcrew,noaa_gefs,27,AirTemp_C_mean,33,4.568719482421898
gep27,00,2026-02-19,2026-03-24,gcrew,noaa_gefs,27,Pressure_Pa,33,101528.60546875
gep27,00,2026-02-19,2026-03-24,gcrew,noaa_gefs,27,RH_percent_mean,33,52.18817710876465
gep27,00,2026-02-19,2026-03-24,gcrew,noaa_gefs,27,Rain_mm_sum,33,0
gep27,00,2026-02-19,2026-03-24,gcrew,noaa_gefs,27,ShortwaveRadiation_Wm2,33,271.25
gep27,00,2026-02-19,2026-03-24,gcrew,noaa_gefs,27,WindSpeed_ms_mean,33,5.0208112518813515
gep27,00,2026-02-19,2026-03-25,gcrew,noaa_gefs,27,AirTemp_C_mean,34,4.424745178222679
gep27,00,2026-02-19,2026-03-25,gcrew,noaa_gefs,27,Pressure_Pa,34,100896.943359375
gep27,00,2026-02-19,2026-03-25,gcrew,noaa_gefs,27,RH_percent_mean,34,73.10336017608643
gep27,00,2026-02-19,2026-03-25,gcrew,noaa_gefs,27,Rain_mm_sum,34,0.699999988079071
gep27,00,2026-02-19,2026-03-25,gcrew,noaa_gefs,27,ShortwaveRadiation_Wm2,34,168.25
gep27,00,2026-02-19,2026-03-25,gcrew,noaa_gefs,27,WindSpeed_ms_mean,34,3.448319475494018
gep28,00,2026-02-19,2026-02-20,gcrew,noaa_gefs,28,AirTemp_C_mean,1,8.60019454956057
gep28,00,2026-02-19,2026-02-20,gcrew,noaa_gefs,28,Pressure_Pa,1,100529.837890625
gep28,00,2026-02-19,2026-02-20,gcrew,noaa_gefs,28,RH_percent_mean,1,84.13147974014282
gep28,00,2026-02-19,2026-02-20,gcrew,noaa_gefs,28,Rain_mm_sum,1,7.229999907314777
gep28,00,2026-02-19,2026-02-20,gcrew,noaa_gefs,28,ShortwaveRadiation_Wm2,1,90
gep28,00,2026-02-19,2026-02-20,gcrew,noaa_gefs,28,WindSpeed_ms_mean,1,5.327480968436972
gep28,00,2026-02-19,2026-02-21,gcrew,noaa_gefs,28,AirTemp_C_mean,2,4.957093811035179
gep28,00,2026-02-19,2026-02-21,gcrew,noaa_gefs,28,Pressure_Pa,2,101362.1162109375
gep28,00,2026-02-19,2026-02-21,gcrew,noaa_gefs,28,RH_percent_mean,2,67.61050748825073
gep28,00,2026-02-19,2026-02-21,gcrew,noaa_gefs,28,Rain_mm_sum,2,0.009999999776482582
gep28,00,2026-02-19,2026-02-21,gcrew,noaa_gefs,28,ShortwaveRadiation_Wm2,2,157.375
gep28,00,2026-02-19,2026-02-21,gcrew,noaa_gefs,28,WindSpeed_ms_mean,2,2.796669875085554
gep28,00,2026-02-19,2026-02-22,gcrew,noaa_gefs,28,AirTemp_C_mean,3,1.7196746826172102
gep28,00,2026-02-19,2026-02-22,gcrew,noaa_gefs,28,Pressure_Pa,3,101743.5
gep28,00,2026-02-19,2026-02-22,gcrew,noaa_gefs,28,RH_percent_mean,3,72.97090816497803
gep28,00,2026-02-19,2026-02-22,gcrew,noaa_gefs,28,Rain_mm_sum,3,0.10000000149011612
gep28,00,2026-02-19,2026-02-22,gcrew,noaa_gefs,28,ShortwaveRadiation_Wm2,3,141.625
gep28,00,2026-02-19,2026-02-22,gcrew,noaa_gefs,28,WindSpeed_ms_mean,3,2.597666670204664
gep28,00,2026-02-19,2026-02-23,gcrew,noaa_gefs,28,AirTemp_C_mean,4,0.5413490295410384
gep28,00,2026-02-19,2026-02-23,gcrew,noaa_gefs,28,Pressure_Pa,4,101336.916015625
gep28,00,2026-02-19,2026-02-23,gcrew,noaa_gefs,28,RH_percent_mean,4,88.30583763122559
gep28,00,2026-02-19,2026-02-23,gcrew,noaa_gefs,28,Rain_mm_sum,4,6.400000065565109
gep28,00,2026-02-19,2026-02-23,gcrew,noaa_gefs,28,ShortwaveRadiation_Wm2,4,97.75
gep28,00,2026-02-19,2026-02-23,gcrew,noaa_gefs,28,WindSpeed_ms_mean,4,5.788296822041432
gep28,00,2026-02-19,2026-02-24,gcrew,noaa_gefs,28,AirTemp_C_mean,5,0.5290084838867415
gep28,00,2026-02-19,2026-02-24,gcrew,noaa_gefs,28,Pressure_Pa,5,101826.7109375
gep28,00,2026-02-19,2026-02-24,gcrew,noaa_gefs,28,RH_percent_mean,5,67.53751993179321
gep28,00,2026-02-19,2026-02-24,gcrew,noaa_gefs,28,Rain_mm_sum,5,0.10000000149011612
gep28,00,2026-02-19,2026-02-24,gcrew,noaa_gefs,28,ShortwaveRadiation_Wm2,5,205.75
gep28,00,2026-02-19,2026-02-24,gcrew,noaa_gefs,28,WindSpeed_ms_mean,5,4.922516373996911
gep28,00,2026-02-19,2026-02-25,gcrew,noaa_gefs,28,AirTemp_C_mean,6,4.261026000976585
gep28,00,2026-02-19,2026-02-25,gcrew,noaa_gefs,28,Pressure_Pa,6,101437.8994140625
gep28,00,2026-02-19,2026-02-25,gcrew,noaa_gefs,28,RH_percent_mean,6,64.63713264465332
gep28,00,2026-02-19,2026-02-25,gcrew,noaa_gefs,28,Rain_mm_sum,6,0.5000000149011612
gep28,00,2026-02-19,2026-02-25,gcrew,noaa_gefs,28,ShortwaveRadiation_Wm2,6,123.375
gep28,00,2026-02-19,2026-02-25,gcrew,noaa_gefs,28,WindSpeed_ms_mean,6,4.7829481823237945
gep28,00,2026-02-19,2026-02-26,gcrew,noaa_gefs,28,AirTemp_C_mean,7,7.054109191894554
gep28,00,2026-02-19,2026-02-26,gcrew,noaa_gefs,28,Pressure_Pa,7,101322.2197265625
gep28,00,2026-02-19,2026-02-26,gcrew,noaa_gefs,28,RH_percent_mean,7,73.60764694213867
gep28,00,2026-02-19,2026-02-26,gcrew,noaa_gefs,28,Rain_mm_sum,7,1.6900000274181366
gep28,00,2026-02-19,2026-02-26,gcrew,noaa_gefs,28,ShortwaveRadiation_Wm2,7,169.75
gep28,00,2026-02-19,2026-02-26,gcrew,noaa_gefs,28,WindSpeed_ms_mean,7,4.3598277703380175
gep28,00,2026-02-19,2026-02-27,gcrew,noaa_gefs,28,AirTemp_C_mean,8,2.5398727416992415
gep28,00,2026-02-19,2026-02-27,gcrew,noaa_gefs,28,Pressure_Pa,8,101330.2099609375
gep28,00,2026-02-19,2026-02-27,gcrew,noaa_gefs,28,RH_percent_mean,8,90.59297943115234
gep28,00,2026-02-19,2026-02-27,gcrew,noaa_gefs,28,Rain_mm_sum,8,41.3899998255074
gep28,00,2026-02-19,2026-02-27,gcrew,noaa_gefs,28,ShortwaveRadiation_Wm2,8,16.875
gep28,00,2026-02-19,2026-02-27,gcrew,noaa_gefs,28,WindSpeed_ms_mean,8,3.173158734850934
gep28,00,2026-02-19,2026-02-28,gcrew,noaa_gefs,28,AirTemp_C_mean,9,6.081576102120558
gep28,00,2026-02-19,2026-02-28,gcrew,noaa_gefs,28,Pressure_Pa,9,100991.2890625
gep28,00,2026-02-19,2026-02-28,gcrew,noaa_gefs,28,RH_percent_mean,9,89.50826699393136
gep28,00,2026-02-19,2026-02-28,gcrew,noaa_gefs,28,Rain_mm_sum,9,6.939999997615814
gep28,00,2026-02-19,2026-02-28,gcrew,noaa_gefs,28,ShortwaveRadiation_Wm2,9,198.71428571428572
gep28,00,2026-02-19,2026-02-28,gcrew,noaa_gefs,28,WindSpeed_ms_mean,9,2.371464473414071
gep28,00,2026-02-19,2026-03-01,gcrew,noaa_gefs,28,AirTemp_C_mean,10,3.9153381347656477
gep28,00,2026-02-19,2026-03-01,gcrew,noaa_gefs,28,Pressure_Pa,10,102000.736328125
gep28,00,2026-02-19,2026-03-01,gcrew,noaa_gefs,28,RH_percent_mean,10,64.10819625854492
gep28,00,2026-02-19,2026-03-01,gcrew,noaa_gefs,28,Rain_mm_sum,10,0
gep28,00,2026-02-19,2026-03-01,gcrew,noaa_gefs,28,ShortwaveRadiation_Wm2,10,214
gep28,00,2026-02-19,2026-03-01,gcrew,noaa_gefs,28,WindSpeed_ms_mean,10,3.7106248775369783
gep28,00,2026-02-19,2026-03-02,gcrew,noaa_gefs,28,AirTemp_C_mean,11,2.6448913574218977
gep28,00,2026-02-19,2026-03-02,gcrew,noaa_gefs,28,Pressure_Pa,11,101992.7734375
gep28,00,2026-02-19,2026-03-02,gcrew,noaa_gefs,28,RH_percent_mean,11,80.4185619354248
gep28,00,2026-02-19,2026-03-02,gcrew,noaa_gefs,28,Rain_mm_sum,11,1.7000000327825546
gep28,00,2026-02-19,2026-03-02,gcrew,noaa_gefs,28,ShortwaveRadiation_Wm2,11,22.5
gep28,00,2026-02-19,2026-03-02,gcrew,noaa_gefs,28,WindSpeed_ms_mean,11,3.8287651590698437
gep28,00,2026-02-19,2026-03-03,gcrew,noaa_gefs,28,AirTemp_C_mean,12,13.411950683593773
gep28,00,2026-02-19,2026-03-03,gcrew,noaa_gefs,28,Pressure_Pa,12,101091.162109375
gep28,00,2026-02-19,2026-03-03,gcrew,noaa_gefs,28,RH_percent_mean,12,90.47667694091797
gep28,00,2026-02-19,2026-03-03,gcrew,noaa_gefs,28,Rain_mm_sum,12,3.1000000834465027
gep28,00,2026-02-19,2026-03-03,gcrew,noaa_gefs,28,ShortwaveRadiation_Wm2,12,146
gep28,00,2026-02-19,2026-03-03,gcrew,noaa_gefs,28,WindSpeed_ms_mean,12,5.012968706083463
gep28,00,2026-02-19,2026-03-04,gcrew,noaa_gefs,28,AirTemp_C_mean,13,8.065553283691429
gep28,00,2026-02-19,2026-03-04,gcrew,noaa_gefs,28,Pressure_Pa,13,102178.892578125
gep28,00,2026-02-19,2026-03-04,gcrew,noaa_gefs,28,RH_percent_mean,13,90.09021759033203
gep28,00,2026-02-19,2026-03-04,gcrew,noaa_gefs,28,Rain_mm_sum,13,6.300000101327896
gep28,00,2026-02-19,2026-03-04,gcrew,noaa_gefs,28,ShortwaveRadiation_Wm2,13,25
gep28,00,2026-02-19,2026-03-04,gcrew,noaa_gefs,28,WindSpeed_ms_mean,13,3.9570483623648522
gep28,00,2026-02-19,2026-03-05,gcrew,noaa_gefs,28,AirTemp_C_mean,14,12.227571105957054
gep28,00,2026-02-19,2026-03-05,gcrew,noaa_gefs,28,Pressure_Pa,14,101463.474609375
gep28,00,2026-02-19,2026-03-05,gcrew,noaa_gefs,28,RH_percent_mean,14,91.76033973693848
gep28,00,2026-02-19,2026-03-05,gcrew,noaa_gefs,28,Rain_mm_sum,14,2.4999999925494194
gep28,00,2026-02-19,2026-03-05,gcrew,noaa_gefs,28,ShortwaveRadiation_Wm2,14,89.75
gep28,00,2026-02-19,2026-03-05,gcrew,noaa_gefs,28,WindSpeed_ms_mean,14,6.039026367710616
gep28,00,2026-02-19,2026-03-06,gcrew,noaa_gefs,28,AirTemp_C_mean,15,0.883576965332054
gep28,00,2026-02-19,2026-03-06,gcrew,noaa_gefs,28,Pressure_Pa,15,101621.16796875
gep28,00,2026-02-19,2026-03-06,gcrew,noaa_gefs,28,RH_percent_mean,15,92.8342227935791
gep28,00,2026-02-19,2026-03-06,gcrew,noaa_gefs,28,Rain_mm_sum,15,37.30000019073486
gep28,00,2026-02-19,2026-03-06,gcrew,noaa_gefs,28,ShortwaveRadiation_Wm2,15,17.5
gep28,00,2026-02-19,2026-03-06,gcrew,noaa_gefs,28,WindSpeed_ms_mean,15,6.799946731139411
gep28,00,2026-02-19,2026-03-07,gcrew,noaa_gefs,28,AirTemp_C_mean,16,-1.2620071411132585
gep28,00,2026-02-19,2026-03-07,gcrew,noaa_gefs,28,Pressure_Pa,16,102783.318359375
gep28,00,2026-02-19,2026-03-07,gcrew,noaa_gefs,28,RH_percent_mean,16,79.86228942871094
gep28,00,2026-02-19,2026-03-07,gcrew,noaa_gefs,28,Rain_mm_sum,16,0
gep28,00,2026-02-19,2026-03-07,gcrew,noaa_gefs,28,ShortwaveRadiation_Wm2,16,231.5
gep28,00,2026-02-19,2026-03-07,gcrew,noaa_gefs,28,WindSpeed_ms_mean,16,3.336420955691156
gep28,00,2026-02-19,2026-03-08,gcrew,noaa_gefs,28,AirTemp_C_mean,17,2.6822448730468977
gep28,00,2026-02-19,2026-03-08,gcrew,noaa_gefs,28,Pressure_Pa,17,102794.392578125
gep28,00,2026-02-19,2026-03-08,gcrew,noaa_gefs,28,RH_percent_mean,17,80.685150146484375
gep28,00,2026-02-19,2026-03-08,gcrew,noaa_gefs,28,Rain_mm_sum,17,0
gep28,00,2026-02-19,2026-03-08,gcrew,noaa_gefs,28,ShortwaveRadiation_Wm2,17,218.75
gep28,00,2026-02-19,2026-03-08,gcrew,noaa_gefs,28,WindSpeed_ms_mean,17,2.011765155426912
gep28,00,2026-02-19,2026-03-09,gcrew,noaa_gefs,28,AirTemp_C_mean,18,2.2363754272461165
gep28,00,2026-02-19,2026-03-09,gcrew,noaa_gefs,28,Pressure_Pa,18,102708.865234375
gep28,00,2026-02-19,2026-03-09,gcrew,noaa_gefs,28,RH_percent_mean,18,88.49076080322266
gep28,00,2026-02-19,2026-03-09,gcrew,noaa_gefs,28,Rain_mm_sum,18,0
gep28,00,2026-02-19,2026-03-09,gcrew,noaa_gefs,28,ShortwaveRadiation_Wm2,18,190.5
gep28,00,2026-02-19,2026-03-09,gcrew,noaa_gefs,28,WindSpeed_ms_mean,18,2.926777667971675
gep28,00,2026-02-19,2026-03-10,gcrew,noaa_gefs,28,AirTemp_C_mean,19,3.077027893066429
gep28,00,2026-02-19,2026-03-10,gcrew,noaa_gefs,28,Pressure_Pa,19,101449.376953125
gep28,00,2026-02-19,2026-03-10,gcrew,noaa_gefs,28,RH_percent_mean,19,97.0867977142334
gep28,00,2026-02-19,2026-03-10,gcrew,noaa_gefs,28,Rain_mm_sum,19,20.30000078678131
gep28,00,2026-02-19,2026-03-10,gcrew,noaa_gefs,28,ShortwaveRadiation_Wm2,19,12.25
gep28,00,2026-02-19,2026-03-10,gcrew,noaa_gefs,28,WindSpeed_ms_mean,19,2.16738045229572
gep28,00,2026-02-19,2026-03-11,gcrew,noaa_gefs,28,AirTemp_C_mean,20,2.4423767089843977
gep28,00,2026-02-19,2026-03-11,gcrew,noaa_gefs,28,Pressure_Pa,20,101607.31640625
gep28,00,2026-02-19,2026-03-11,gcrew,noaa_gefs,28,RH_percent_mean,20,73.54477119445801
gep28,00,2026-02-19,2026-03-11,gcrew,noaa_gefs,28,Rain_mm_sum,20,0
gep28,00,2026-02-19,2026-03-11,gcrew,noaa_gefs,28,ShortwaveRadiation_Wm2,20,216.25
gep28,00,2026-02-19,2026-03-11,gcrew,noaa_gefs,28,WindSpeed_ms_mean,20,3.965489202739927
gep28,00,2026-02-19,2026-03-12,gcrew,noaa_gefs,28,AirTemp_C_mean,21,5.346345520019554
gep28,00,2026-02-19,2026-03-12,gcrew,noaa_gefs,28,Pressure_Pa,21,101774.470703125
gep28,00,2026-02-19,2026-03-12,gcrew,noaa_gefs,28,RH_percent_mean,21,70.26903629302979
gep28,00,2026-02-19,2026-03-12,gcrew,noaa_gefs,28,Rain_mm_sum,21,0
gep28,00,2026-02-19,2026-03-12,gcrew,noaa_gefs,28,ShortwaveRadiation_Wm2,21,234.5
gep28,00,2026-02-19,2026-03-12,gcrew,noaa_gefs,28,WindSpeed_ms_mean,21,4.989251373860443
gep28,00,2026-02-19,2026-03-13,gcrew,noaa_gefs,28,AirTemp_C_mean,22,0.404817199707054
gep28,00,2026-02-19,2026-03-13,gcrew,noaa_gefs,28,Pressure_Pa,22,103084.677734375
gep28,00,2026-02-19,2026-03-13,gcrew,noaa_gefs,28,RH_percent_mean,22,59.94519805908203
gep28,00,2026-02-19,2026-03-13,gcrew,noaa_gefs,28,Rain_mm_sum,22,0
gep28,00,2026-02-19,2026-03-13,gcrew,noaa_gefs,28,ShortwaveRadiation_Wm2,22,246.75
gep28,00,2026-02-19,2026-03-13,gcrew,noaa_gefs,28,WindSpeed_ms_mean,22,3.9252923447424357
gep28,00,2026-02-19,2026-03-14,gcrew,noaa_gefs,28,AirTemp_C_mean,23,2.2103439331054915
gep28,00,2026-02-19,2026-03-14,gcrew,noaa_gefs,28,Pressure_Pa,23,103257.919921875
gep28,00,2026-02-19,2026-03-14,gcrew,noaa_gefs,28,RH_percent_mean,23,65.69925880432129
gep28,00,2026-02-19,2026-03-14,gcrew,noaa_gefs,28,Rain_mm_sum,23,0
gep28,00,2026-02-19,2026-03-14,gcrew,noaa_gefs,28,ShortwaveRadiation_Wm2,23,192.25
gep28,00,2026-02-19,2026-03-14,gcrew,noaa_gefs,28,WindSpeed_ms_mean,23,3.0252771415459634
gep28,00,2026-02-19,2026-03-15,gcrew,noaa_gefs,28,AirTemp_C_mean,24,4.8394332885742415
gep28,00,2026-02-19,2026-03-15,gcrew,noaa_gefs,28,Pressure_Pa,24,102069.697265625
gep28,00,2026-02-19,2026-03-15,gcrew,noaa_gefs,28,RH_percent_mean,24,91.6884937286377
gep28,00,2026-02-19,2026-03-15,gcrew,noaa_gefs,28,Rain_mm_sum,24,6.8000001311302185
gep28,00,2026-02-19,2026-03-15,gcrew,noaa_gefs,28,ShortwaveRadiation_Wm2,24,9.75
gep28,00,2026-02-19,2026-03-15,gcrew,noaa_gefs,28,WindSpeed_ms_mean,24,4.914185923582207
gep28,00,2026-02-19,2026-03-16,gcrew,noaa_gefs,28,AirTemp_C_mean,25,6.88092956542971
gep28,00,2026-02-19,2026-03-16,gcrew,noaa_gefs,28,Pressure_Pa,25,100852.091796875
gep28,00,2026-02-19,2026-03-16,gcrew,noaa_gefs,28,RH_percent_mean,25,93.64601707458496
gep28,00,2026-02-19,2026-03-16,gcrew,noaa_gefs,28,Rain_mm_sum,25,0.10000000149011612
gep28,00,2026-02-19,2026-03-16,gcrew,noaa_gefs,28,ShortwaveRadiation_Wm2,25,137
gep28,00,2026-02-19,2026-03-16,gcrew,noaa_gefs,28,WindSpeed_ms_mean,25,2.385226343506775
gep28,00,2026-02-19,2026-03-17,gcrew,noaa_gefs,28,AirTemp_C_mean,26,8.267533874511741
gep28,00,2026-02-19,2026-03-17,gcrew,noaa_gefs,28,Pressure_Pa,26,100826.765625
gep28,00,2026-02-19,2026-03-17,gcrew,noaa_gefs,28,RH_percent_mean,26,91.60923194885254
gep28,00,2026-02-19,2026-03-17,gcrew,noaa_gefs,28,Rain_mm_sum,26,0
gep28,00,2026-02-19,2026-03-17,gcrew,noaa_gefs,28,ShortwaveRadiation_Wm2,26,223.75
gep28,00,2026-02-19,2026-03-17,gcrew,noaa_gefs,28,WindSpeed_ms_mean,26,2.241015530837425
gep28,00,2026-02-19,2026-03-18,gcrew,noaa_gefs,28,AirTemp_C_mean,27,11.309526062011741
gep28,00,2026-02-19,2026-03-18,gcrew,noaa_gefs,28,Pressure_Pa,27,100366.421875
gep28,00,2026-02-19,2026-03-18,gcrew,noaa_gefs,28,RH_percent_mean,27,80.98326683044434
gep28,00,2026-02-19,2026-03-18,gcrew,noaa_gefs,28,Rain_mm_sum,27,3.8000001087784767
gep28,00,2026-02-19,2026-03-18,gcrew,noaa_gefs,28,ShortwaveRadiation_Wm2,27,206
gep28,00,2026-02-19,2026-03-18,gcrew,noaa_gefs,28,WindSpeed_ms_mean,27,4.913507346762998
gep28,00,2026-02-19,2026-03-19,gcrew,noaa_gefs,28,AirTemp_C_mean,28,9.271661376953148
gep28,00,2026-02-19,2026-03-19,gcrew,noaa_gefs,28,Pressure_Pa,28,100716.333984375
gep28,00,2026-02-19,2026-03-19,gcrew,noaa_gefs,28,RH_percent_mean,28,78.55448150634766
gep28,00,2026-02-19,2026-03-19,gcrew,noaa_gefs,28,Rain_mm_sum,28,0.20000000298023224
gep28,00,2026-02-19,2026-03-19,gcrew,noaa_gefs,28,ShortwaveRadiation_Wm2,28,176
gep28,00,2026-02-19,2026-03-19,gcrew,noaa_gefs,28,WindSpeed_ms_mean,28,3.502768919064772
gep28,00,2026-02-19,2026-03-20,gcrew,noaa_gefs,28,AirTemp_C_mean,29,7.4639755249023665
gep28,00,2026-02-19,2026-03-20,gcrew,noaa_gefs,28,Pressure_Pa,29,101721.220703125
gep28,00,2026-02-19,2026-03-20,gcrew,noaa_gefs,28,RH_percent_mean,29,84.32945442199707
gep28,00,2026-02-19,2026-03-20,gcrew,noaa_gefs,28,Rain_mm_sum,29,0
gep28,00,2026-02-19,2026-03-20,gcrew,noaa_gefs,28,ShortwaveRadiation_Wm2,29,225.25
gep28,00,2026-02-19,2026-03-20,gcrew,noaa_gefs,28,WindSpeed_ms_mean,29,2.4857486906504604
gep28,00,2026-02-19,2026-03-21,gcrew,noaa_gefs,28,AirTemp_C_mean,30,5.514649963378929
gep28,00,2026-02-19,2026-03-21,gcrew,noaa_gefs,28,Pressure_Pa,30,102508.27734375
gep28,00,2026-02-19,2026-03-21,gcrew,noaa_gefs,28,RH_percent_mean,30,93.17456245422363
gep28,00,2026-02-19,2026-03-21,gcrew,noaa_gefs,28,Rain_mm_sum,30,0
gep28,00,2026-02-19,2026-03-21,gcrew,noaa_gefs,28,ShortwaveRadiation_Wm2,30,231
gep28,00,2026-02-19,2026-03-21,gcrew,noaa_gefs,28,WindSpeed_ms_mean,30,3.478610201477239
gep28,00,2026-02-19,2026-03-22,gcrew,noaa_gefs,28,AirTemp_C_mean,31,8.427484130859398
gep28,00,2026-02-19,2026-03-22,gcrew,noaa_gefs,28,Pressure_Pa,31,101537.609375
gep28,00,2026-02-19,2026-03-22,gcrew,noaa_gefs,28,RH_percent_mean,31,90.99308013916016
gep28,00,2026-02-19,2026-03-22,gcrew,noaa_gefs,28,Rain_mm_sum,31,0
gep28,00,2026-02-19,2026-03-22,gcrew,noaa_gefs,28,ShortwaveRadiation_Wm2,31,169
gep28,00,2026-02-19,2026-03-22,gcrew,noaa_gefs,28,WindSpeed_ms_mean,31,7.184195750232049
gep28,00,2026-02-19,2026-03-23,gcrew,noaa_gefs,28,AirTemp_C_mean,32,8.768609619140648
gep28,00,2026-02-19,2026-03-23,gcrew,noaa_gefs,28,Pressure_Pa,32,100650.3046875
gep28,00,2026-02-19,2026-03-23,gcrew,noaa_gefs,28,RH_percent_mean,32,58.10695171356201
gep28,00,2026-02-19,2026-03-23,gcrew,noaa_gefs,28,Rain_mm_sum,32,1.3000000715255737
gep28,00,2026-02-19,2026-03-23,gcrew,noaa_gefs,28,ShortwaveRadiation_Wm2,32,266
gep28,00,2026-02-19,2026-03-23,gcrew,noaa_gefs,28,WindSpeed_ms_mean,32,7.9327389792356415
gep28,00,2026-02-19,2026-03-24,gcrew,noaa_gefs,28,AirTemp_C_mean,33,4.568719482421898
gep28,00,2026-02-19,2026-03-24,gcrew,noaa_gefs,28,Pressure_Pa,33,101528.60546875
gep28,00,2026-02-19,2026-03-24,gcrew,noaa_gefs,28,RH_percent_mean,33,52.18817710876465
gep28,00,2026-02-19,2026-03-24,gcrew,noaa_gefs,28,Rain_mm_sum,33,0
gep28,00,2026-02-19,2026-03-24,gcrew,noaa_gefs,28,ShortwaveRadiation_Wm2,33,271.25
gep28,00,2026-02-19,2026-03-24,gcrew,noaa_gefs,28,WindSpeed_ms_mean,33,5.0208112518813515
gep28,00,2026-02-19,2026-03-25,gcrew,noaa_gefs,28,AirTemp_C_mean,34,4.424745178222679
gep28,00,2026-02-19,2026-03-25,gcrew,noaa_gefs,28,Pressure_Pa,34,100896.943359375
gep28,00,2026-02-19,2026-03-25,gcrew,noaa_gefs,28,RH_percent_mean,34,73.10336017608643
gep28,00,2026-02-19,2026-03-25,gcrew,noaa_gefs,28,Rain_mm_sum,34,0.699999988079071
gep28,00,2026-02-19,2026-03-25,gcrew,noaa_gefs,28,ShortwaveRadiation_Wm2,34,168.25
gep28,00,2026-02-19,2026-03-25,gcrew,noaa_gefs,28,WindSpeed_ms_mean,34,3.448319475494018
gep29,00,2026-02-19,2026-02-20,gcrew,noaa_gefs,29,AirTemp_C_mean,1,8.60019454956057
gep29,00,2026-02-19,2026-02-20,gcrew,noaa_gefs,29,Pressure_Pa,1,100529.837890625
gep29,00,2026-02-19,2026-02-20,gcrew,noaa_gefs,29,RH_percent_mean,1,84.13147974014282
gep29,00,2026-02-19,2026-02-20,gcrew,noaa_gefs,29,Rain_mm_sum,1,7.229999907314777
gep29,00,2026-02-19,2026-02-20,gcrew,noaa_gefs,29,ShortwaveRadiation_Wm2,1,90
gep29,00,2026-02-19,2026-02-20,gcrew,noaa_gefs,29,WindSpeed_ms_mean,1,5.327480968436972
gep29,00,2026-02-19,2026-02-21,gcrew,noaa_gefs,29,AirTemp_C_mean,2,4.957093811035179
gep29,00,2026-02-19,2026-02-21,gcrew,noaa_gefs,29,Pressure_Pa,2,101362.1162109375
gep29,00,2026-02-19,2026-02-21,gcrew,noaa_gefs,29,RH_percent_mean,2,67.61050748825073
gep29,00,2026-02-19,2026-02-21,gcrew,noaa_gefs,29,Rain_mm_sum,2,0.009999999776482582
gep29,00,2026-02-19,2026-02-21,gcrew,noaa_gefs,29,ShortwaveRadiation_Wm2,2,157.375
gep29,00,2026-02-19,2026-02-21,gcrew,noaa_gefs,29,WindSpeed_ms_mean,2,2.796669875085554
gep29,00,2026-02-19,2026-02-22,gcrew,noaa_gefs,29,AirTemp_C_mean,3,1.7196746826172102
gep29,00,2026-02-19,2026-02-22,gcrew,noaa_gefs,29,Pressure_Pa,3,101743.5
gep29,00,2026-02-19,2026-02-22,gcrew,noaa_gefs,29,RH_percent_mean,3,72.97090816497803
gep29,00,2026-02-19,2026-02-22,gcrew,noaa_gefs,29,Rain_mm_sum,3,0.10000000149011612
gep29,00,2026-02-19,2026-02-22,gcrew,noaa_gefs,29,ShortwaveRadiation_Wm2,3,141.625
gep29,00,2026-02-19,2026-02-22,gcrew,noaa_gefs,29,WindSpeed_ms_mean,3,2.597666670204664
gep29,00,2026-02-19,2026-02-23,gcrew,noaa_gefs,29,AirTemp_C_mean,4,0.5413490295410384
gep29,00,2026-02-19,2026-02-23,gcrew,noaa_gefs,29,Pressure_Pa,4,101336.916015625
gep29,00,2026-02-19,2026-02-23,gcrew,noaa_gefs,29,RH_percent_mean,4,88.30583763122559
gep29,00,2026-02-19,2026-02-23,gcrew,noaa_gefs,29,Rain_mm_sum,4,6.400000065565109
gep29,00,2026-02-19,2026-02-23,gcrew,noaa_gefs,29,ShortwaveRadiation_Wm2,4,97.75
gep29,00,2026-02-19,2026-02-23,gcrew,noaa_gefs,29,WindSpeed_ms_mean,4,5.788296822041432
gep29,00,2026-02-19,2026-02-24,gcrew,noaa_gefs,29,AirTemp_C_mean,5,0.5290084838867415
gep29,00,2026-02-19,2026-02-24,gcrew,noaa_gefs,29,Pressure_Pa,5,101826.7109375
gep29,00,2026-02-19,2026-02-24,gcrew,noaa_gefs,29,RH_percent_mean,5,67.53751993179321
gep29,00,2026-02-19,2026-02-24,gcrew,noaa_gefs,29,Rain_mm_sum,5,0.10000000149011612
gep29,00,2026-02-19,2026-02-24,gcrew,noaa_gefs,29,ShortwaveRadiation_Wm2,5,205.75
gep29,00,2026-02-19,2026-02-24,gcrew,noaa_gefs,29,WindSpeed_ms_mean,5,4.922516373996911
gep29,00,2026-02-19,2026-02-25,gcrew,noaa_gefs,29,AirTemp_C_mean,6,4.261026000976585
gep29,00,2026-02-19,2026-02-25,gcrew,noaa_gefs,29,Pressure_Pa,6,101437.8994140625
gep29,00,2026-02-19,2026-02-25,gcrew,noaa_gefs,29,RH_percent_mean,6,64.63713264465332
gep29,00,2026-02-19,2026-02-25,gcrew,noaa_gefs,29,Rain_mm_sum,6,0.5000000149011612
gep29,00,2026-02-19,2026-02-25,gcrew,noaa_gefs,29,ShortwaveRadiation_Wm2,6,123.375
gep29,00,2026-02-19,2026-02-25,gcrew,noaa_gefs,29,WindSpeed_ms_mean,6,4.7829481823237945
gep29,00,2026-02-19,2026-02-26,gcrew,noaa_gefs,29,AirTemp_C_mean,7,7.054109191894554
gep29,00,2026-02-19,2026-02-26,gcrew,noaa_gefs,29,Pressure_Pa,7,101322.2197265625
gep29,00,2026-02-19,2026-02-26,gcrew,noaa_gefs,29,RH_percent_mean,7,73.60764694213867
gep29,00,2026-02-19,2026-02-26,gcrew,noaa_gefs,29,Rain_mm_sum,7,1.6900000274181366
gep29,00,2026-02-19,2026-02-26,gcrew,noaa_gefs,29,ShortwaveRadiation_Wm2,7,169.75
gep29,00,2026-02-19,2026-02-26,gcrew,noaa_gefs,29,WindSpeed_ms_mean,7,4.3598277703380175
gep29,00,2026-02-19,2026-02-27,gcrew,noaa_gefs,29,AirTemp_C_mean,8,2.5398727416992415
gep29,00,2026-02-19,2026-02-27,gcrew,noaa_gefs,29,Pressure_Pa,8,101330.2099609375
gep29,00,2026-02-19,2026-02-27,gcrew,noaa_gefs,29,RH_percent_mean,8,90.59297943115234
gep29,00,2026-02-19,2026-02-27,gcrew,noaa_gefs,29,Rain_mm_sum,8,41.3899998255074
gep29,00,2026-02-19,2026-02-27,gcrew,noaa_gefs,29,ShortwaveRadiation_Wm2,8,16.875
gep29,00,2026-02-19,2026-02-27,gcrew,noaa_gefs,29,WindSpeed_ms_mean,8,3.173158734850934
gep29,00,2026-02-19,2026-02-28,gcrew,noaa_gefs,29,AirTemp_C_mean,9,6.081576102120558
gep29,00,2026-02-19,2026-02-28,gcrew,noaa_gefs,29,Pressure_Pa,9,100991.2890625
gep29,00,2026-02-19,2026-02-28,gcrew,noaa_gefs,29,RH_percent_mean,9,89.50826699393136
gep29,00,2026-02-19,2026-02-28,gcrew,noaa_gefs,29,Rain_mm_sum,9,6.939999997615814
gep29,00,2026-02-19,2026-02-28,gcrew,noaa_gefs,29,ShortwaveRadiation_Wm2,9,198.71428571428572
gep29,00,2026-02-19,2026-02-28,gcrew,noaa_gefs,29,WindSpeed_ms_mean,9,2.371464473414071
gep29,00,2026-02-19,2026-03-01,gcrew,noaa_gefs,29,AirTemp_C_mean,10,3.9153381347656477
gep29,00,2026-02-19,2026-03-01,gcrew,noaa_gefs,29,Pressure_Pa,10,102000.736328125
gep29,00,2026-02-19,2026-03-01,gcrew,noaa_gefs,29,RH_percent_mean,10,64.10819625854492
gep29,00,2026-02-19,2026-03-01,gcrew,noaa_gefs,29,Rain_mm_sum,10,0
gep29,00,2026-02-19,2026-03-01,gcrew,noaa_gefs,29,ShortwaveRadiation_Wm2,10,214
gep29,00,2026-02-19,2026-03-01,gcrew,noaa_gefs,29,WindSpeed_ms_mean,10,3.7106248775369783
gep29,00,2026-02-19,2026-03-02,gcrew,noaa_gefs,29,AirTemp_C_mean,11,2.6448913574218977
gep29,00,2026-02-19,2026-03-02,gcrew,noaa_gefs,29,Pressure_Pa,11,101992.7734375
gep29,00,2026-02-19,2026-03-02,gcrew,noaa_gefs,29,RH_percent_mean,11,80.4185619354248
gep29,00,2026-02-19,2026-03-02,gcrew,noaa_gefs,29,Rain_mm_sum,11,1.7000000327825546
gep29,00,2026-02-19,2026-03-02,gcrew,noaa_gefs,29,ShortwaveRadiation_Wm2,11,22.5
gep29,00,2026-02-19,2026-03-02,gcrew,noaa_gefs,29,WindSpeed_ms_mean,11,3.8287651590698437
gep29,00,2026-02-19,2026-03-03,gcrew,noaa_gefs,29,AirTemp_C_mean,12,13.411950683593773
gep29,00,2026-02-19,2026-03-03,gcrew,noaa_gefs,29,Pressure_Pa,12,101091.162109375
gep29,00,2026-02-19,2026-03-03,gcrew,noaa_gefs,29,RH_percent_mean,12,90.47667694091797
gep29,00,2026-02-19,2026-03-03,gcrew,noaa_gefs,29,Rain_mm_sum,12,3.1000000834465027
gep29,00,2026-02-19,2026-03-03,gcrew,noaa_gefs,29,ShortwaveRadiation_Wm2,12,146
gep29,00,2026-02-19,2026-03-03,gcrew,noaa_gefs,29,WindSpeed_ms_mean,12,5.012968706083463
gep29,00,2026-02-19,2026-03-04,gcrew,noaa_gefs,29,AirTemp_C_mean,13,8.065553283691429
gep29,00,2026-02-19,2026-03-04,gcrew,noaa_gefs,29,Pressure_Pa,13,102178.892578125
gep29,00,2026-02-19,2026-03-04,gcrew,noaa_gefs,29,RH_percent_mean,13,90.09021759033203
gep29,00,2026-02-19,2026-03-04,gcrew,noaa_gefs,29,Rain_mm_sum,13,6.300000101327896
gep29,00,2026-02-19,2026-03-04,gcrew,noaa_gefs,29,ShortwaveRadiation_Wm2,13,25
gep29,00,2026-02-19,2026-03-04,gcrew,noaa_gefs,29,WindSpeed_ms_mean,13,3.9570483623648522
gep29,00,2026-02-19,2026-03-05,gcrew,noaa_gefs,29,AirTemp_C_mean,14,12.227571105957054
gep29,00,2026-02-19,2026-03-05,gcrew,noaa_gefs,29,Pressure_Pa,14,101463.474609375
gep29,00,2026-02-19,2026-03-05,gcrew,noaa_gefs,29,RH_percent_mean,14,91.76033973693848
gep29,00,2026-02-19,2026-03-05,gcrew,noaa_gefs,29,Rain_mm_sum,14,2.4999999925494194
gep29,00,2026-02-19,2026-03-05,gcrew,noaa_gefs,29,ShortwaveRadiation_Wm2,14,89.75
gep29,00,2026-02-19,2026-03-05,gcrew,noaa_gefs,29,WindSpeed_ms_mean,14,6.039026367710616
gep29,00,2026-02-19,2026-03-06,gcrew,noaa_gefs,29,AirTemp_C_mean,15,0.883576965332054
gep29,00,2026-02-19,2026-03-06,gcrew,noaa_gefs,29,Pressure_Pa,15,101621.16796875
gep29,00,2026-02-19,2026-03-06,gcrew,noaa_gefs,29,RH_percent_mean,15,92.8342227935791
gep29,00,2026-02-19,2026-03-06,gcrew,noaa_gefs,29,Rain_mm_sum,15,37.30000019073486
gep29,00,2026-02-19,2026-03-06,gcrew,noaa_gefs,29,ShortwaveRadiation_Wm2,15,17.5
gep29,00,2026-02-19,2026-03-06,gcrew,noaa_gefs,29,WindSpeed_ms_mean,15,6.799946731139411
gep29,00,2026-02-19,2026-03-07,gcrew,noaa_gefs,29,AirTemp_C_mean,16,-1.2620071411132585
gep29,00,2026-02-19,2026-03-07,gcrew,noaa_gefs,29,Pressure_Pa,16,102783.318359375
gep29,00,2026-02-19,2026-03-07,gcrew,noaa_gefs,29,RH_percent_mean,16,79.86228942871094
gep29,00,2026-02-19,2026-03-07,gcrew,noaa_gefs,29,Rain_mm_sum,16,0
gep29,00,2026-02-19,2026-03-07,gcrew,noaa_gefs,29,ShortwaveRadiation_Wm2,16,231.5
gep29,00,2026-02-19,2026-03-07,gcrew,noaa_gefs,29,WindSpeed_ms_mean,16,3.336420955691156
gep29,00,2026-02-19,2026-03-08,gcrew,noaa_gefs,29,AirTemp_C_mean,17,2.6822448730468977
gep29,00,2026-02-19,2026-03-08,gcrew,noaa_gefs,29,Pressure_Pa,17,102794.392578125
gep29,00,2026-02-19,2026-03-08,gcrew,noaa_gefs,29,RH_percent_mean,17,80.685150146484375
gep29,00,2026-02-19,2026-03-08,gcrew,noaa_gefs,29,Rain_mm_sum,17,0
gep29,00,2026-02-19,2026-03-08,gcrew,noaa_gefs,29,ShortwaveRadiation_Wm2,17,218.75
gep29,00,2026-02-19,2026-03-08,gcrew,noaa_gefs,29,WindSpeed_ms_mean,17,2.011765155426912
gep29,00,2026-02-19,2026-03-09,gcrew,noaa_gefs,29,AirTemp_C_mean,18,2.2363754272461165
gep29,00,2026-02-19,2026-03-09,gcrew,noaa_gefs,29,Pressure_Pa,18,102708.865234375
gep29,00,2026-02-19,2026-03-09,gcrew,noaa_gefs,29,RH_percent_mean,18,88.49076080322266
gep29,00,2026-02-19,2026-03-09,gcrew,noaa_gefs,29,Rain_mm_sum,18,0
gep29,00,2026-02-19,2026-03-09,gcrew,noaa_gefs,29,ShortwaveRadiation_Wm2,18,190.5
gep29,00,2026-02-19,2026-03-09,gcrew,noaa_gefs,29,WindSpeed_ms_mean,18,2.926777667971675
gep29,00,2026-02-19,2026-03-10,gcrew,noaa_gefs,29,AirTemp_C_mean,19,3.077027893066429
gep29,00,2026-02-19,2026-03-10,gcrew,noaa_gefs,29,Pressure_Pa,19,101449.376953125
gep29,00,2026-02-19,2026-03-10,gcrew,noaa_gefs,29,RH_percent_mean,19,97.0867977142334
gep29,00,2026-02-19,2026-03-10,gcrew,noaa_gefs,29,Rain_mm_sum,19,20.30000078678131
gep29,00,2026-02-19,2026-03-10,gcrew,noaa_gefs,29,ShortwaveRadiation_Wm2,19,12.25
gep29,00,2026-02-19,2026-03-10,gcrew,noaa_gefs,29,WindSpeed_ms_mean,19,2.16738045229572
gep29,00,2026-02-19,2026-03-11,gcrew,noaa_gefs,29,AirTemp_C_mean,20,2.4423767089843977
gep29,00,2026-02-19,2026-03-11,gcrew,noaa_gefs,29,Pressure_Pa,20,101607.31640625
gep29,00,2026-02-19,2026-03-11,gcrew,noaa_gefs,29,RH_percent_mean,20,73.54477119445801
gep29,00,2026-02-19,2026-03-11,gcrew,noaa_gefs,29,Rain_mm_sum,20,0
gep29,00,2026-02-19,2026-03-11,gcrew,noaa_gefs,29,ShortwaveRadiation_Wm2,20,216.25
gep29,00,2026-02-19,2026-03-11,gcrew,noaa_gefs,29,WindSpeed_ms_mean,20,3.965489202739927
gep29,00,2026-02-19,2026-03-12,gcrew,noaa_gefs,29,AirTemp_C_mean,21,5.346345520019554
gep29,00,2026-02-19,2026-03-12,gcrew,noaa_gefs,29,Pressure_Pa,21,101774.470703125
gep29,00,2026-02-19,2026-03-12,gcrew,noaa_gefs,29,RH_percent_mean,21,70.26903629302979
gep29,00,2026-02-19,2026-03-12,gcrew,noaa_gefs,29,Rain_mm_sum,21,0
gep29,00,2026-02-19,2026-03-12,gcrew,noaa_gefs,29,ShortwaveRadiation_Wm2,21,234.5
gep29,00,2026-02-19,2026-03-12,gcrew,noaa_gefs,29,WindSpeed_ms_mean,21,4.989251373860443
gep29,00,2026-02-19,2026-03-13,gcrew,noaa_gefs,29,AirTemp_C_mean,22,0.404817199707054
gep29,00,2026-02-19,2026-03-13,gcrew,noaa_gefs,29,Pressure_Pa,22,103084.677734375
gep29,00,2026-02-19,2026-03-13,gcrew,noaa_gefs,29,RH_percent_mean,22,59.94519805908203
gep29,00,2026-02-19,2026-03-13,gcrew,noaa_gefs,29,Rain_mm_sum,22,0
gep29,00,2026-02-19,2026-03-13,gcrew,noaa_gefs,29,ShortwaveRadiation_Wm2,22,246.75
gep29,00,2026-02-19,2026-03-13,gcrew,noaa_gefs,29,WindSpeed_ms_mean,22,3.9252923447424357
gep29,00,2026-02-19,2026-03-14,gcrew,noaa_gefs,29,AirTemp_C_mean,23,2.2103439331054915
gep29,00,2026-02-19,2026-03-14,gcrew,noaa_gefs,29,Pressure_Pa,23,103257.919921875
gep29,00,2026-02-19,2026-03-14,gcrew,noaa_gefs,29,RH_percent_mean,23,65.69925880432129
gep29,00,2026-02-19,2026-03-14,gcrew,noaa_gefs,29,Rain_mm_sum,23,0
gep29,00,2026-02-19,2026-03-14,gcrew,noaa_gefs,29,ShortwaveRadiation_Wm2,23,192.25
gep29,00,2026-02-19,2026-03-14,gcrew,noaa_gefs,29,WindSpeed_ms_mean,23,3.0252771415459634
gep29,00,2026-02-19,2026-03-15,gcrew,noaa_gefs,29,AirTemp_C_mean,24,4.8394332885742415
gep29,00,2026-02-19,2026-03-15,gcrew,noaa_gefs,29,Pressure_Pa,24,102069.697265625
gep29,00,2026-02-19,2026-03-15,gcrew,noaa_gefs,29,RH_percent_mean,24,91.6884937286377
gep29,00,2026-02-19,2026-03-15,gcrew,noaa_gefs,29,Rain_mm_sum,24,6.8000001311302185
gep29,00,2026-02-19,2026-03-15,gcrew,noaa_gefs,29,ShortwaveRadiation_Wm2,24,9.75
gep29,00,2026-02-19,2026-03-15,gcrew,noaa_gefs,29,WindSpeed_ms_mean,24,4.914185923582207
gep29,00,2026-02-19,2026-03-16,gcrew,noaa_gefs,29,AirTemp_C_mean,25,6.88092956542971
gep29,00,2026-02-19,2026-03-16,gcrew,noaa_gefs,29,Pressure_Pa,25,100852.091796875
gep29,00,2026-02-19,2026-03-16,gcrew,noaa_gefs,29,RH_percent_mean,25,93.64601707458496
gep29,00,2026-02-19,2026-03-16,gcrew,noaa_gefs,29,Rain_mm_sum,25,0.10000000149011612
gep29,00,2026-02-19,2026-03-16,gcrew,noaa_gefs,29,ShortwaveRadiation_Wm2,25,137
gep29,00,2026-02-19,2026-03-16,gcrew,noaa_gefs,29,WindSpeed_ms_mean,25,2.385226343506775
gep29,00,2026-02-19,2026-03-17,gcrew,noaa_gefs,29,AirTemp_C_mean,26,8.267533874511741
gep29,00,2026-02-19,2026-03-17,gcrew,noaa_gefs,29,Pressure_Pa,26,100826.765625
gep29,00,2026-02-19,2026-03-17,gcrew,noaa_gefs,29,RH_percent_mean,26,91.60923194885254
gep29,00,2026-02-19,2026-03-17,gcrew,noaa_gefs,29,Rain_mm_sum,26,0
gep29,00,2026-02-19,2026-03-17,gcrew,noaa_gefs,29,ShortwaveRadiation_Wm2,26,223.75
gep29,00,2026-02-19,2026-03-17,gcrew,noaa_gefs,29,WindSpeed_ms_mean,26,2.241015530837425
gep29,00,2026-02-19,2026-03-18,gcrew,noaa_gefs,29,AirTemp_C_mean,27,11.309526062011741
gep29,00,2026-02-19,2026-03-18,gcrew,noaa_gefs,29,Pressure_Pa,27,100366.421875
gep29,00,2026-02-19,2026-03-18,gcrew,noaa_gefs,29,RH_percent_mean,27,80.98326683044434
gep29,00,2026-02-19,2026-03-18,gcrew,noaa_gefs,29,Rain_mm_sum,27,3.8000001087784767
gep29,00,2026-02-19,2026-03-18,gcrew,noaa_gefs,29,ShortwaveRadiation_Wm2,27,206
gep29,00,2026-02-19,2026-03-18,gcrew,noaa_gefs,29,WindSpeed_ms_mean,27,4.913507346762998
gep29,00,2026-02-19,2026-03-19,gcrew,noaa_gefs,29,AirTemp_C_mean,28,9.271661376953148
gep29,00,2026-02-19,2026-03-19,gcrew,noaa_gefs,29,Pressure_Pa,28,100716.333984375
gep29,00,2026-02-19,2026-03-19,gcrew,noaa_gefs,29,RH_percent_mean,28,78.55448150634766
gep29,00,2026-02-19,2026-03-19,gcrew,noaa_gefs,29,Rain_mm_sum,28,0.20000000298023224
gep29,00,2026-02-19,2026-03-19,gcrew,noaa_gefs,29,ShortwaveRadiation_Wm2,28,176
gep29,00,2026-02-19,2026-03-19,gcrew,noaa_gefs,29,WindSpeed_ms_mean,28,3.502768919064772
gep29,00,2026-02-19,2026-03-20,gcrew,noaa_gefs,29,AirTemp_C_mean,29,7.4639755249023665
gep29,00,2026-02-19,2026-03-20,gcrew,noaa_gefs,29,Pressure_Pa,29,101721.220703125
gep29,00,2026-02-19,2026-03-20,gcrew,noaa_gefs,29,RH_percent_mean,29,84.32945442199707
gep29,00,2026-02-19,2026-03-20,gcrew,noaa_gefs,29,Rain_mm_sum,29,0
gep29,00,2026-02-19,2026-03-20,gcrew,noaa_gefs,29,ShortwaveRadiation_Wm2,29,225.25
gep29,00,2026-02-19,2026-03-20,gcrew,noaa_gefs,29,WindSpeed_ms_mean,29,2.4857486906504604
gep29,00,2026-02-19,2026-03-21,gcrew,noaa_gefs,29,AirTemp_C_mean,30,5.514649963378929
gep29,00,2026-02-19,2026-03-21,gcrew,noaa_gefs,29,Pressure_Pa,30,102508.27734375
gep29,00,2026-02-19,2026-03-21,gcrew,noaa_gefs,29,RH_percent_mean,30,93.17456245422363
gep29,00,2026-02-19,2026-03-21,gcrew,noaa_gefs,29,Rain_mm_sum,30,0
gep29,00,2026-02-19,2026-03-21,gcrew,noaa_gefs,29,ShortwaveRadiation_Wm2,30,231
gep29,00,2026-02-19,2026-03-21,gcrew,noaa_gefs,29,WindSpeed_ms_mean,30,3.478610201477239
gep29,00,2026-02-19,2026-03-22,gcrew,noaa_gefs,29,AirTemp_C_mean,31,8.427484130859398
gep29,00,2026-02-19,2026-03-22,gcrew,noaa_gefs,29,Pressure_Pa,31,101537.609375
gep29,00,2026-02-19,2026-03-22,gcrew,noaa_gefs,29,RH_percent_mean,31,90.99308013916016
gep29,00,2026-02-19,2026-03-22,gcrew,noaa_gefs,29,Rain_mm_sum,31,0
gep29,00,2026-02-19,2026-03-22,gcrew,noaa_gefs,29,ShortwaveRadiation_Wm2,31,169
gep29,00,2026-02-19,2026-03-22,gcrew,noaa_gefs,29,WindSpeed_ms_mean,31,7.184195750232049
gep29,00,2026-02-19,2026-03-23,gcrew,noaa_gefs,29,AirTemp_C_mean,32,8.768609619140648
gep29,00,2026-02-19,2026-03-23,gcrew,noaa_gefs,29,Pressure_Pa,32,100650.3046875
gep29,00,2026-02-19,2026-03-23,gcrew,noaa_gefs,29,RH_percent_mean,32,58.10695171356201
gep29,00,2026-02-19,2026-03-23,gcrew,noaa_gefs,29,Rain_mm_sum,32,1.3000000715255737
gep29,00,2026-02-19,2026-03-23,gcrew,noaa_gefs,29,ShortwaveRadiation_Wm2,32,266
gep29,00,2026-02-19,2026-03-23,gcrew,noaa_gefs,29,WindSpeed_ms_mean,32,7.9327389792356415
gep29,00,2026-02-19,2026-03-24,gcrew,noaa_gefs,29,AirTemp_C_mean,33,4.568719482421898
gep29,00,2026-02-19,2026-03-24,gcrew,noaa_gefs,29,Pressure_Pa,33,101528.60546875
gep29,00,2026-02-19,2026-03-24,gcrew,noaa_gefs,29,RH_percent_mean,33,52.18817710876465
gep29,00,2026-02-19,2026-03-24,gcrew,noaa_gefs,29,Rain_mm_sum,33,0
gep29,00,2026-02-19,2026-03-24,gcrew,noaa_gefs,29,ShortwaveRadiation_Wm2,33,271.25
gep29,00,2026-02-19,2026-03-24,gcrew,noaa_gefs,29,WindSpeed_ms_mean,33,5.0208112518813515
gep29,00,2026-02-19,2026-03-25,gcrew,noaa_gefs,29,AirTemp_C_mean,34,4.424745178222679
gep29,00,2026-02-19,2026-03-25,gcrew,noaa_gefs,29,Pressure_Pa,34,100896.943359375
gep29,00,2026-02-19,2026-03-25,gcrew,noaa_gefs,29,RH_percent_mean,34,73.10336017608643
gep29,00,2026-02-19,2026-03-25,gcrew,noaa_gefs,29,Rain_mm_sum,34,0.699999988079071
gep29,00,2026-02-19,2026-03-25,gcrew,noaa_gefs,29,ShortwaveRadiation_Wm2,34,168.25
gep29,00,2026-02-19,2026-03-25,gcrew,noaa_gefs,29,WindSpeed_ms_mean,34,3.448319475494018
gep30,00,2026-02-19,2026-02-20,gcrew,noaa_gefs,30,AirTemp_C_mean,1,8.60019454956057
gep30,00,2026-02-19,2026-02-20,gcrew,noaa_gefs,30,Pressure_Pa,1,100529.837890625
gep30,00,2026-02-19,2026-02-20,gcrew,noaa_gefs,30,RH_percent_mean,1,84.13147974014282
gep30,00,2026-02-19,2026-02-20,gcrew,noaa_gefs,30,Rain_mm_sum,1,7.229999907314777
gep30,00,2026-02-19,2026-02-20,gcrew,noaa_gefs,30,ShortwaveRadiation_Wm2,1,90
gep30,00,2026-02-19,2026-02-20,gcrew,noaa_gefs,30,WindSpeed_ms_mean,1,5.327480968436972
gep30,00,2026-02-19,2026-02-21,gcrew,noaa_gefs,30,AirTemp_C_mean,2,4.957093811035179
gep30,00,2026-02-19,2026-02-21,gcrew,noaa_gefs,30,Pressure_Pa,2,101362.1162109375
gep30,00,2026-02-19,2026-02-21,gcrew,noaa_gefs,30,RH_percent_mean,2,67.61050748825073
gep30,00,2026-02-19,2026-02-21,gcrew,noaa_gefs,30,Rain_mm_sum,2,0.009999999776482582
gep30,00,2026-02-19,2026-02-21,gcrew,noaa_gefs,30,ShortwaveRadiation_Wm2,2,157.375
gep30,00,2026-02-19,2026-02-21,gcrew,noaa_gefs,30,WindSpeed_ms_mean,2,2.796669875085554
gep30,00,2026-02-19,2026-02-22,gcrew,noaa_gefs,30,AirTemp_C_mean,3,1.7196746826172102
gep30,00,2026-02-19,2026-02-22,gcrew,noaa_gefs,30,Pressure_Pa,3,101743.5
gep30,00,2026-02-19,2026-02-22,gcrew,noaa_gefs,30,RH_percent_mean,3,72.97090816497803
gep30,00,2026-02-19,2026-02-22,gcrew,noaa_gefs,30,Rain_mm_sum,3,0.10000000149011612
gep30,00,2026-02-19,2026-02-22,gcrew,noaa_gefs,30,ShortwaveRadiation_Wm2,3,141.625
gep30,00,2026-02-19,2026-02-22,gcrew,noaa_gefs,30,WindSpeed_ms_mean,3,2.597666670204664
gep30,00,2026-02-19,2026-02-23,gcrew,noaa_gefs,30,AirTemp_C_mean,4,0.5413490295410384
gep30,00,2026-02-19,2026-02-23,gcrew,noaa_gefs,30,Pressure_Pa,4,101336.916015625
gep30,00,2026-02-19,2026-02-23,gcrew,noaa_gefs,30,RH_percent_mean,4,88.30583763122559
gep30,00,2026-02-19,2026-02-23,gcrew,noaa_gefs,30,Rain_mm_sum,4,6.400000065565109
gep30,00,2026-02-19,2026-02-23,gcrew,noaa_gefs,30,ShortwaveRadiation_Wm2,4,97.75
gep30,00,2026-02-19,2026-02-23,gcrew,noaa_gefs,30,WindSpeed_ms_mean,4,5.788296822041432
gep30,00,2026-02-19,2026-02-24,gcrew,noaa_gefs,30,AirTemp_C_mean,5,0.5290084838867415
gep30,00,2026-02-19,2026-02-24,gcrew,noaa_gefs,30,Pressure_Pa,5,101826.7109375
gep30,00,2026-02-19,2026-02-24,gcrew,noaa_gefs,30,RH_percent_mean,5,67.53751993179321
gep30,00,2026-02-19,2026-02-24,gcrew,noaa_gefs,30,Rain_mm_sum,5,0.10000000149011612
gep30,00,2026-02-19,2026-02-24,gcrew,noaa_gefs,30,ShortwaveRadiation_Wm2,5,205.75
gep30,00,2026-02-19,2026-02-24,gcrew,noaa_gefs,30,WindSpeed_ms_mean,5,4.922516373996911
gep30,00,2026-02-19,2026-02-25,gcrew,noaa_gefs,30,AirTemp_C_mean,6,4.261026000976585
gep30,00,2026-02-19,2026-02-25,gcrew,noaa_gefs,30,Pressure_Pa,6,101437.8994140625
gep30,00,2026-02-19,2026-02-25,gcrew,noaa_gefs,30,RH_percent_mean,6,64.63713264465332
gep30,00,2026-02-19,2026-02-25,gcrew,noaa_gefs,30,Rain_mm_sum,6,0.5000000149011612
gep30,00,2026-02-19,2026-02-25,gcrew,noaa_gefs,30,ShortwaveRadiation_Wm2,6,123.375
gep30,00,2026-02-19,2026-02-25,gcrew,noaa_gefs,30,WindSpeed_ms_mean,6,4.7829481823237945
gep30,00,2026-02-19,2026-02-26,gcrew,noaa_gefs,30,AirTemp_C_mean,7,7.054109191894554
gep30,00,2026-02-19,2026-02-26,gcrew,noaa_gefs,30,Pressure_Pa,7,101322.2197265625
gep30,00,2026-02-19,2026-02-26,gcrew,noaa_gefs,30,RH_percent_mean,7,73.60764694213867
gep30,00,2026-02-19,2026-02-26,gcrew,noaa_gefs,30,Rain_mm_sum,7,1.6900000274181366
gep30,00,2026-02-19,2026-02-26,gcrew,noaa_gefs,30,ShortwaveRadiation_Wm2,7,169.75
gep30,00,2026-02-19,2026-02-26,gcrew,noaa_gefs,30,WindSpeed_ms_mean,7,4.3598277703380175
gep30,00,2026-02-19,2026-02-27,gcrew,noaa_gefs,30,AirTemp_C_mean,8,2.5398727416992415
gep30,00,2026-02-19,2026-02-27,gcrew,noaa_gefs,30,Pressure_Pa,8,101330.2099609375
gep30,00,2026-02-19,2026-02-27,gcrew,noaa_gefs,30,RH_percent_mean,8,90.59297943115234
gep30,00,2026-02-19,2026-02-27,gcrew,noaa_gefs,30,Rain_mm_sum,8,41.3899998255074
gep30,00,2026-02-19,2026-02-27,gcrew,noaa_gefs,30,ShortwaveRadiation_Wm2,8,16.875
gep30,00,2026-02-19,2026-02-27,gcrew,noaa_gefs,30,WindSpeed_ms_mean,8,3.173158734850934
gep30,00,2026-02-19,2026-02-28,gcrew,noaa_gefs,30,AirTemp_C_mean,9,6.081576102120558
gep30,00,2026-02-19,2026-02-28,gcrew,noaa_gefs,30,Pressure_Pa,9,100991.2890625
gep30,00,2026-02-19,2026-02-28,gcrew,noaa_gefs,30,RH_percent_mean,9,89.50826699393136
gep30,00,2026-02-19,2026-02-28,gcrew,noaa_gefs,30,Rain_mm_sum,9,6.939999997615814
gep30,00,2026-02-19,2026-02-28,gcrew,noaa_gefs,30,ShortwaveRadiation_Wm2,9,198.71428571428572
gep30,00,2026-02-19,2026-02-28,gcrew,noaa_gefs,30,WindSpeed_ms_mean,9,2.371464473414071
gep30,00,2026-02-19,2026-03-01,gcrew,noaa_gefs,30,AirTemp_C_mean,10,3.9153381347656477
gep30,00,2026-02-19,2026-03-01,gcrew,noaa_gefs,30,Pressure_Pa,10,102000.736328125
gep30,00,2026-02-19,2026-03-01,gcrew,noaa_gefs,30,RH_percent_mean,10,64.10819625854492
gep30,00,2026-02-19,2026-03-01,gcrew,noaa_gefs,30,Rain_mm_sum,10,0
gep30,00,2026-02-19,2026-03-01,gcrew,noaa_gefs,30,ShortwaveRadiation_Wm2,10,214
gep30,00,2026-02-19,2026-03-01,gcrew,noaa_gefs,30,WindSpeed_ms_mean,10,3.7106248775369783
gep30,00,2026-02-19,2026-03-02,gcrew,noaa_gefs,30,AirTemp_C_mean,11,2.6448913574218977
gep30,00,2026-02-19,2026-03-02,gcrew,noaa_gefs,30,Pressure_Pa,11,101992.7734375
gep30,00,2026-02-19,2026-03-02,gcrew,noaa_gefs,30,RH_percent_mean,11,80.4185619354248
gep30,00,2026-02-19,2026-03-02,gcrew,noaa_gefs,30,Rain_mm_sum,11,1.7000000327825546
gep30,00,2026-02-19,2026-03-02,gcrew,noaa_gefs,30,ShortwaveRadiation_Wm2,11,22.5
gep30,00,2026-02-19,2026-03-02,gcrew,noaa_gefs,30,WindSpeed_ms_mean,11,3.8287651590698437
gep30,00,2026-02-19,2026-03-03,gcrew,noaa_gefs,30,AirTemp_C_mean,12,13.411950683593773
gep30,00,2026-02-19,2026-03-03,gcrew,noaa_gefs,30,Pressure_Pa,12,101091.162109375
gep30,00,2026-02-19,2026-03-03,gcrew,noaa_gefs,30,RH_percent_mean,12,90.47667694091797
gep30,00,2026-02-19,2026-03-03,gcrew,noaa_gefs,30,Rain_mm_sum,12,3.1000000834465027
gep30,00,2026-02-19,2026-03-03,gcrew,noaa_gefs,30,ShortwaveRadiation_Wm2,12,146
gep30,00,2026-02-19,2026-03-03,gcrew,noaa_gefs,30,WindSpeed_ms_mean,12,5.012968706083463
gep30,00,2026-02-19,2026-03-04,gcrew,noaa_gefs,30,AirTemp_C_mean,13,8.065553283691429
gep30,00,2026-02-19,2026-03-04,gcrew,noaa_gefs,30,Pressure_Pa,13,102178.892578125
gep30,00,2026-02-19,2026-03-04,gcrew,noaa_gefs,30,RH_percent_mean,13,90.09021759033203
gep30,00,2026-02-19,2026-03-04,gcrew,noaa_gefs,30,Rain_mm_sum,13,6.300000101327896
gep30,00,2026-02-19,2026-03-04,gcrew,noaa_gefs,30,ShortwaveRadiation_Wm2,13,25
gep30,00,2026-02-19,2026-03-04,gcrew,noaa_gefs,30,WindSpeed_ms_mean,13,3.9570483623648522
gep30,00,2026-02-19,2026-03-05,gcrew,noaa_gefs,30,AirTemp_C_mean,14,12.227571105957054
gep30,00,2026-02-19,2026-03-05,gcrew,noaa_gefs,30,Pressure_Pa,14,101463.474609375
gep30,00,2026-02-19,2026-03-05,gcrew,noaa_gefs,30,RH_percent_mean,14,91.76033973693848
gep30,00,2026-02-19,2026-03-05,gcrew,noaa_gefs,30,Rain_mm_sum,14,2.4999999925494194
gep30,00,2026-02-19,2026-03-05,gcrew,noaa_gefs,30,ShortwaveRadiation_Wm2,14,89.75
gep30,00,2026-02-19,2026-03-05,gcrew,noaa_gefs,30,WindSpeed_ms_mean,14,6.039026367710616
gep30,00,2026-02-19,2026-03-06,gcrew,noaa_gefs,30,AirTemp_C_mean,15,0.883576965332054
gep30,00,2026-02-19,2026-03-06,gcrew,noaa_gefs,30,Pressure_Pa,15,101621.16796875
gep30,00,2026-02-19,2026-03-06,gcrew,noaa_gefs,30,RH_percent_mean,15,92.8342227935791
gep30,00,2026-02-19,2026-03-06,gcrew,noaa_gefs,30,Rain_mm_sum,15,37.30000019073486
gep30,00,2026-02-19,2026-03-06,gcrew,noaa_gefs,30,ShortwaveRadiation_Wm2,15,17.5
gep30,00,2026-02-19,2026-03-06,gcrew,noaa_gefs,30,WindSpeed_ms_mean,15,6.799946731139411
gep30,00,2026-02-19,2026-03-07,gcrew,noaa_gefs,30,AirTemp_C_mean,16,-1.2620071411132585
gep30,00,2026-02-19,2026-03-07,gcrew,noaa_gefs,30,Pressure_Pa,16,102783.318359375
gep30,00,2026-02-19,2026-03-07,gcrew,noaa_gefs,30,RH_percent_mean,16,79.86228942871094
gep30,00,2026-02-19,2026-03-07,gcrew,noaa_gefs,30,Rain_mm_sum,16,0
gep30,00,2026-02-19,2026-03-07,gcrew,noaa_gefs,30,ShortwaveRadiation_Wm2,16,231.5
gep30,00,2026-02-19,2026-03-07,gcrew,noaa_gefs,30,WindSpeed_ms_mean,16,3.336420955691156
gep30,00,2026-02-19,2026-03-08,gcrew,noaa_gefs,30,AirTemp_C_mean,17,2.6822448730468977
gep30,00,2026-02-19,2026-03-08,gcrew,noaa_gefs,30,Pressure_Pa,17,102794.392578125
gep30,00,2026-02-19,2026-03-08,gcrew,noaa_gefs,30,RH_percent_mean,17,80.685150146484375
gep30,00,2026-02-19,2026-03-08,gcrew,noaa_gefs,30,Rain_mm_sum,17,0
gep30,00,2026-02-19,2026-03-08,gcrew,noaa_gefs,30,ShortwaveRadiation_Wm2,17,218.75
gep30,00,2026-02-19,2026-03-08,gcrew,noaa_gefs,30,WindSpeed_ms_mean,17,2.011765155426912
gep30,00,2026-02-19,2026-03-09,gcrew,noaa_gefs,30,AirTemp_C_mean,18,2.2363754272461165
gep30,00,2026-02-19,2026-03-09,gcrew,noaa_gefs,30,Pressure_Pa,18,102708.865234375
gep30,00,2026-02-19,2026-03-09,gcrew,noaa_gefs,30,RH_percent_mean,18,88.49076080322266
gep30,00,2026-02-19,2026-03-09,gcrew,noaa_gefs,30,Rain_mm_sum,18,0
gep30,00,2026-02-19,2026-03-09,gcrew,noaa_gefs,30,ShortwaveRadiation_Wm2,18,190.5
gep30,00,2026-02-19,2026-03-09,gcrew,noaa_gefs,30,WindSpeed_ms_mean,18,2.926777667971675
gep30,00,2026-02-19,2026-03-10,gcrew,noaa_gefs,30,AirTemp_C_mean,19,3.077027893066429
gep30,00,2026-02-19,2026-03-10,gcrew,noaa_gefs,30,Pressure_Pa,19,101449.376953125
gep30,00,2026-02-19,2026-03-10,gcrew,noaa_gefs,30,RH_percent_mean,19,97.0867977142334
gep30,00,2026-02-19,2026-03-10,gcrew,noaa_gefs,30,Rain_mm_sum,19,20.30000078678131
gep30,00,2026-02-19,2026-03-10,gcrew,noaa_gefs,30,ShortwaveRadiation_Wm2,19,12.25
gep30,00,2026-02-19,2026-03-10,gcrew,noaa_gefs,30,WindSpeed_ms_mean,19,2.16738045229572
gep30,00,2026-02-19,2026-03-11,gcrew,noaa_gefs,30,AirTemp_C_mean,20,2.4423767089843977
gep30,00,2026-02-19,2026-03-11,gcrew,noaa_gefs,30,Pressure_Pa,20,101607.31640625
gep30,00,2026-02-19,2026-03-11,gcrew,noaa_gefs,30,RH_percent_mean,20,73.54477119445801
gep30,00,2026-02-19,2026-03-11,gcrew,noaa_gefs,30,Rain_mm_sum,20,0
gep30,00,2026-02-19,2026-03-11,gcrew,noaa_gefs,30,ShortwaveRadiation_Wm2,20,216.25
gep30,00,2026-02-19,2026-03-11,gcrew,noaa_gefs,30,WindSpeed_ms_mean,20,3.965489202739927
gep30,00,2026-02-19,2026-03-12,gcrew,noaa_gefs,30,AirTemp_C_mean,21,5.346345520019554
gep30,00,2026-02-19,2026-03-12,gcrew,noaa_gefs,30,Pressure_Pa,21,101774.470703125
gep30,00,2026-02-19,2026-03-12,gcrew,noaa_gefs,30,RH_percent_mean,21,70.26903629302979
gep30,00,2026-02-19,2026-03-12,gcrew,noaa_gefs,30,Rain_mm_sum,21,0
gep30,00,2026-02-19,2026-03-12,gcrew,noaa_gefs,30,ShortwaveRadiation_Wm2,21,234.5
gep30,00,2026-02-19,2026-03-12,gcrew,noaa_gefs,30,WindSpeed_ms_mean,21,4.989251373860443
gep30,00,2026-02-19,2026-03-13,gcrew,noaa_gefs,30,AirTemp_C_mean,22,0.404817199707054
gep30,00,2026-02-19,2026-03-13,gcrew,noaa_gefs,30,Pressure_Pa,22,103084.677734375
gep30,00,2026-02-19,2026-03-13,gcrew,noaa_gefs,30,RH_percent_mean,22,59.94519805908203
gep30,00,2026-02-19,2026-03-13,gcrew,noaa_gefs,30,Rain_mm_sum,22,0
gep30,00,2026-02-19,2026-03-13,gcrew,noaa_gefs,30,ShortwaveRadiation_Wm2,22,246.75
gep30,00,2026-02-19,2026-03-13,gcrew,noaa_gefs,30,WindSpeed_ms_mean,22,3.9252923447424357
gep30,00,2026-02-19,2026-03-14,gcrew,noaa_gefs,30,AirTemp_C_mean,23,2.2103439331054915
gep30,00,2026-02-19,2026-03-14,gcrew,noaa_gefs,30,Pressure_Pa,23,103257.919921875
gep30,00,2026-02-19,2026-03-14,gcrew,noaa_gefs,30,RH_percent_mean,23,65.69925880432129
gep30,00,2026-02-19,2026-03-14,gcrew,noaa_gefs,30,Rain_mm_sum,23,0
gep30,00,2026-02-19,2026-03-14,gcrew,noaa_gefs,30,ShortwaveRadiation_Wm2,23,192.25
gep30,00,2026-02-19,2026-03-14,gcrew,noaa_gefs,30,WindSpeed_ms_mean,23,3.0252771415459634
gep30,00,2026-02-19,2026-03-15,gcrew,noaa_gefs,30,AirTemp_C_mean,24,4.8394332885742415
gep30,00,2026-02-19,2026-03-15,gcrew,noaa_gefs,30,Pressure_Pa,24,102069.697265625
gep30,00,2026-02-19,2026-03-15,gcrew,noaa_gefs,30,RH_percent_mean,24,91.6884937286377
gep30,00,2026-02-19,2026-03-15,gcrew,noaa_gefs,30,Rain_mm_sum,24,6.8000001311302185
gep30,00,2026-02-19,2026-03-15,gcrew,noaa_gefs,30,ShortwaveRadiation_Wm2,24,9.75
gep30,00,2026-02-19,2026-03-15,gcrew,noaa_gefs,30,WindSpeed_ms_mean,24,4.914185923582207
gep30,00,2026-02-19,2026-03-16,gcrew,noaa_gefs,30,AirTemp_C_mean,25,6.88092956542971
gep30,00,2026-02-19,2026-03-16,gcrew,noaa_gefs,30,Pressure_Pa,25,100852.091796875
gep30,00,2026-02-19,2026-03-16,gcrew,noaa_gefs,30,RH_percent_mean,25,93.64601707458496
gep30,00,2026-02-19,2026-03-16,gcrew,noaa_gefs,30,Rain_mm_sum,25,0.10000000149011612
gep30,00,2026-02-19,2026-03-16,gcrew,noaa_gefs,30,ShortwaveRadiation_Wm2,25,137
gep30,00,2026-02-19,2026-03-16,gcrew,noaa_gefs,30,WindSpeed_ms_mean,25,2.385226343506775
gep30,00,2026-02-19,2026-03-17,gcrew,noaa_gefs,30,AirTemp_C_mean,26,8.267533874511741
gep30,00,2026-02-19,2026-03-17,gcrew,noaa_gefs,30,Pressure_Pa,26,100826.765625
gep30,00,2026-02-19,2026-03-17,gcrew,noaa_gefs,30,RH_percent_mean,26,91.60923194885254
gep30,00,2026-02-19,2026-03-17,gcrew,noaa_gefs,30,Rain_mm_sum,26,0
gep30,00,2026-02-19,2026-03-17,gcrew,noaa_gefs,30,ShortwaveRadiation_Wm2,26,223.75
gep30,00,2026-02-19,2026-03-17,gcrew,noaa_gefs,30,WindSpeed_ms_mean,26,2.241015530837425
gep30,00,2026-02-19,2026-03-18,gcrew,noaa_gefs,30,AirTemp_C_mean,27,11.309526062011741
gep30,00,2026-02-19,2026-03-18,gcrew,noaa_gefs,30,Pressure_Pa,27,100366.421875
gep30,00,2026-02-19,2026-03-18,gcrew,noaa_gefs,30,RH_percent_mean,27,80.98326683044434
gep30,00,2026-02-19,2026-03-18,gcrew,noaa_gefs,30,Rain_mm_sum,27,3.8000001087784767
gep30,00,2026-02-19,2026-03-18,gcrew,noaa_gefs,30,ShortwaveRadiation_Wm2,27,206
gep30,00,2026-02-19,2026-03-18,gcrew,noaa_gefs,30,WindSpeed_ms_mean,27,4.913507346762998
gep30,00,2026-02-19,2026-03-19,gcrew,noaa_gefs,30,AirTemp_C_mean,28,9.271661376953148
gep30,00,2026-02-19,2026-03-19,gcrew,noaa_gefs,30,Pressure_Pa,28,100716.333984375
gep30,00,2026-02-19,2026-03-19,gcrew,noaa_gefs,30,RH_percent_mean,28,78.55448150634766
gep30,00,2026-02-19,2026-03-19,gcrew,noaa_gefs,30,Rain_mm_sum,28,0.20000000298023224
gep30,00,2026-02-19,2026-03-19,gcrew,noaa_gefs,30,ShortwaveRadiation_Wm2,28,176
gep30,00,2026-02-19,2026-03-19,gcrew,noaa_gefs,30,WindSpeed_ms_mean,28,3.502768919064772
gep30,00,2026-02-19,2026-03-20,gcrew,noaa_gefs,30,AirTemp_C_mean,29,7.4639755249023665
gep30,00,2026-02-19,2026-03-20,gcrew,noaa_gefs,30,Pressure_Pa,29,101721.220703125
gep30,00,2026-02-19,2026-03-20,gcrew,noaa_gefs,30,RH_percent_mean,29,84.32945442199707
gep30,00,2026-02-19,2026-03-20,gcrew,noaa_gefs,30,Rain_mm_sum,29,0
gep30,00,2026-02-19,2026-03-20,gcrew,noaa_gefs,30,ShortwaveRadiation_Wm2,29,225.25
gep30,00,2026-02-19,2026-03-20,gcrew,noaa_gefs,30,WindSpeed_ms_mean,29,2.4857486906504604
gep30,00,2026-02-19,2026-03-21,gcrew,noaa_gefs,30,AirTemp_C_mean,30,5.514649963378929
gep30,00,2026-02-19,2026-03-21,gcrew,noaa_gefs,30,Pressure_Pa,30,102508.27734375
gep30,00,2026-02-19,2026-03-21,gcrew,noaa_gefs,30,RH_percent_mean,30,93.17456245422363
gep30,00,2026-02-19,2026-03-21,gcrew,noaa_gefs,30,Rain_mm_sum,30,0
gep30,00,2026-02-19,2026-03-21,gcrew,noaa_gefs,30,ShortwaveRadiation_Wm2,30,231
gep30,00,2026-02-19,2026-03-21,gcrew,noaa_gefs,30,WindSpeed_ms_mean,30,3.478610201477239
gep30,00,2026-02-19,2026-03-22,gcrew,noaa_gefs,30,AirTemp_C_mean,31,8.427484130859398
gep30,00,2026-02-19,2026-03-22,gcrew,noaa_gefs,30,Pressure_Pa,31,101537.609375
gep30,00,2026-02-19,2026-03-22,gcrew,noaa_gefs,30,RH_percent_mean,31,90.99308013916016
gep30,00,2026-02-19,2026-03-22,gcrew,noaa_gefs,30,Rain_mm_sum,31,0
gep30,00,2026-02-19,2026-03-22,gcrew,noaa_gefs,30,ShortwaveRadiation_Wm2,31,169
gep30,00,2026-02-19,2026-03-22,gcrew,noaa_gefs,30,WindSpeed_ms_mean,31,7.184195750232049
gep30,00,2026-02-19,2026-03-23,gcrew,noaa_gefs,30,AirTemp_C_mean,32,8.768609619140648
gep30,00,2026-02-19,2026-03-23,gcrew,noaa_gefs,30,Pressure_Pa,32,100650.3046875
gep30,00,2026-02-19,2026-03-23,gcrew,noaa_gefs,30,RH_percent_mean,32,58.10695171356201
gep30,00,2026-02-19,2026-03-23,gcrew,noaa_gefs,30,Rain_mm_sum,32,1.3000000715255737
gep30,00,2026-02-19,2026-03-23,gcrew,noaa_gefs,30,ShortwaveRadiation_Wm2,32,266
gep30,00,2026-02-19,2026-03-23,gcrew,noaa_gefs,30,WindSpeed_ms_mean,32,7.9327389792356415
gep30,00,2026-02-19,2026-03-24,gcrew,noaa_gefs,30,AirTemp_C_mean,33,4.568719482421898
gep30,00,2026-02-19,2026-03-24,gcrew,noaa_gefs,30,Pressure_Pa,33,101528.60546875
gep30,00,2026-02-19,2026-03-24,gcrew,noaa_gefs,30,RH_percent_mean,33,52.18817710876465
gep30,00,2026-02-19,2026-03-24,gcrew,noaa_gefs,30,Rain_mm_sum,33,0
gep30,00,2026-02-19,2026-03-24,gcrew,noaa_gefs,30,ShortwaveRadiation_Wm2,33,271.25
gep30,00,2026-02-19,2026-03-24,gcrew,noaa_gefs,30,WindSpeed_ms_mean,33,5.0208112518813515
gep30,00,2026-02-19,2026-03-25,gcrew,noaa_gefs,30,AirTemp_C_mean,34,4.424745178222679
gep30,00,2026-02-19,2026-03-25,gcrew,noaa_gefs,30,Pressure_Pa,34,100896.943359375
gep30,00,2026-02-19,2026-03-25,gcrew,noaa_gefs,30,RH_percent_mean,34,73.10336017608643
gep30,00,2026-02-19,2026-03-25,gcrew,noaa_gefs,30,Rain_mm_sum,34,0.699999988079071
gep30,00,2026-02-19,2026-03-25,gcrew,noaa_gefs,30,ShortwaveRadiation_Wm2,34,168.25
gep30,00,2026-02-19,2026-03-25,gcrew,noaa_gefs,30,WindSpeed_ms_mean,34,3.448319475494018
