ensemble,cycle,reference_datetime,datetime,site_id,model_id,parameter,variable,horizon,prediction
gec00,00,2026-05-17,2026-05-18,gcrew,noaa_gefs,00,AirTemp_C_mean,1,20.541738128662132
gec00,00,2026-05-17,2026-05-18,gcrew,noaa_gefs,00,Pressure_Pa,1,102011.392578125
gec00,00,2026-05-17,2026-05-18,gcrew,noaa_gefs,00,RH_percent_mean,1,84.17081260681152
gec00,00,2026-05-17,2026-05-18,gcrew,noaa_gefs,00,Rain_mm_sum,1,6.350000023841858
gec00,00,2026-05-17,2026-05-18,gcrew,noaa_gefs,00,ShortwaveRadiation_Wm2,1,332.125
gec00,00,2026-05-17,2026-05-18,gcrew,noaa_gefs,00,WindSpeed_ms_mean,1,2.606449622457496
gec00,00,2026-05-17,2026-05-19,gcrew,noaa_gefs,00,AirTemp_C_mean,2,23.0995918273926
gec00,00,2026-05-17,2026-05-19,gcrew,noaa_gefs,00,Pressure_Pa,2,101806.55859375
gec00,00,2026-05-17,2026-05-19,gcrew,noaa_gefs,00,RH_percent_mean,2,68.34389972686768
gec00,00,2026-05-17,2026-05-19,gcrew,noaa_gefs,00,Rain_mm_sum,2,1.8000000268220901
gec00,00,2026-05-17,2026-05-19,gcrew,noaa_gefs,00,ShortwaveRadiation_Wm2,2,334.75
gec00,00,2026-05-17,2026-05-19,gcrew,noaa_gefs,00,WindSpeed_ms_mean,2,3.4067788659044838
gec00,00,2026-05-17,2026-05-20,gcrew,noaa_gefs,00,AirTemp_C_mean,3,22.52497253417971
gec00,00,2026-05-17,2026-05-20,gcrew,noaa_gefs,00,Pressure_Pa,3,101325.6357421875
gec00,00,2026-05-17,2026-05-20,gcrew,noaa_gefs,00,RH_percent_mean,3,71.24866104125977
gec00,00,2026-05-17,2026-05-20,gcrew,noaa_gefs,00,Rain_mm_sum,3,26.70000010728836
gec00,00,2026-05-17,2026-05-20,gcrew,noaa_gefs,00,ShortwaveRadiation_Wm2,3,262.375
gec00,00,2026-05-17,2026-05-20,gcrew,noaa_gefs,00,WindSpeed_ms_mean,3,4.549640011874029
gec00,00,2026-05-17,2026-05-21,gcrew,noaa_gefs,00,AirTemp_C_mean,4,15.515148053850469
gec00,00,2026-05-17,2026-05-21,gcrew,noaa_gefs,00,Pressure_Pa,4,101836.072265625
gec00,00,2026-05-17,2026-05-21,gcrew,noaa_gefs,00,RH_percent_mean,4,76.015167236328125
gec00,00,2026-05-17,2026-05-21,gcrew,noaa_gefs,00,Rain_mm_sum,4,9.399999812245369
gec00,00,2026-05-17,2026-05-21,gcrew,noaa_gefs,00,ShortwaveRadiation_Wm2,4,97.625
gec00,00,2026-05-17,2026-05-21,gcrew,noaa_gefs,00,WindSpeed_ms_mean,4,3.6808240475840406
gec00,00,2026-05-17,2026-05-22,gcrew,noaa_gefs,00,AirTemp_C_mean,5,14.000840759277366
gec00,00,2026-05-17,2026-05-22,gcrew,noaa_gefs,00,Pressure_Pa,5,101988.966796875
gec00,00,2026-05-17,2026-05-22,gcrew,noaa_gefs,00,RH_percent_mean,5,84.21332263946533
gec00,00,2026-05-17,2026-05-22,gcrew,noaa_gefs,00,Rain_mm_sum,5,9.800000049173832
gec00,00,2026-05-17,2026-05-22,gcrew,noaa_gefs,00,ShortwaveRadiation_Wm2,5,22.75
gec00,00,2026-05-17,2026-05-22,gcrew,noaa_gefs,00,WindSpeed_ms_mean,5,4.696523470041017
gec00,00,2026-05-17,2026-05-23,gcrew,noaa_gefs,00,AirTemp_C_mean,6,13.291490173339866
gec00,00,2026-05-17,2026-05-23,gcrew,noaa_gefs,00,Pressure_Pa,6,102242.6494140625
gec00,00,2026-05-17,2026-05-23,gcrew,noaa_gefs,00,RH_percent_mean,6,95.31106090545654
gec00,00,2026-05-17,2026-05-23,gcrew,noaa_gefs,00,Rain_mm_sum,6,41.290000796318054
gec00,00,2026-05-17,2026-05-23,gcrew,noaa_gefs,00,ShortwaveRadiation_Wm2,6,8.625
gec00,00,2026-05-17,2026-05-23,gcrew,noaa_gefs,00,WindSpeed_ms_mean,6,6.730171879016334
gec00,00,2026-05-17,2026-05-24,gcrew,noaa_gefs,00,AirTemp_C_mean,7,13.87753829956057
gec00,00,2026-05-17,2026-05-24,gcrew,noaa_gefs,00,Pressure_Pa,7,102702.9013671875
gec00,00,2026-05-17,2026-05-24,gcrew,noaa_gefs,00,RH_percent_mean,7,89.53658866882324
gec00,00,2026-05-17,2026-05-24,gcrew,noaa_gefs,00,Rain_mm_sum,7,1.5000000074505806
gec00,00,2026-05-17,2026-05-24,gcrew,noaa_gefs,00,ShortwaveRadiation_Wm2,7,55.5
gec00,00,2026-05-17,2026-05-24,gcrew,noaa_gefs,00,WindSpeed_ms_mean,7,4.664883181526184
gec00,00,2026-05-17,2026-05-25,gcrew,noaa_gefs,00,AirTemp_C_mean,8,13.337792968750023
gec00,00,2026-05-17,2026-05-25,gcrew,noaa_gefs,00,Pressure_Pa,8,103076.4609375
gec00,00,2026-05-17,2026-05-25,gcrew,noaa_gefs,00,RH_percent_mean,8,78.87850284576416
gec00,00,2026-05-17,2026-05-25,gcrew,noaa_gefs,00,Rain_mm_sum,8,0
gec00,00,2026-05-17,2026-05-25,gcrew,noaa_gefs,00,ShortwaveRadiation_Wm2,8,160.625
gec00,00,2026-05-17,2026-05-25,gcrew,noaa_gefs,00,WindSpeed_ms_mean,8,4.284401237933425
gec00,00,2026-05-17,2026-05-26,gcrew,noaa_gefs,00,AirTemp_C_mean,9,13.400532749721005
gec00,00,2026-05-17,2026-05-26,gcrew,noaa_gefs,00,Pressure_Pa,9,102888.00669642857
gec00,00,2026-05-17,2026-05-26,gcrew,noaa_gefs,00,RH_percent_mean,9,66.3826152256557
gec00,00,2026-05-17,2026-05-26,gcrew,noaa_gefs,00,Rain_mm_sum,9,0
gec00,00,2026-05-17,2026-05-26,gcrew,noaa_gefs,00,ShortwaveRadiation_Wm2,9,372.2857142857143
gec00,00,2026-05-17,2026-05-26,gcrew,noaa_gefs,00,WindSpeed_ms_mean,9,2.9715455604219634
gec00,00,2026-05-17,2026-05-27,gcrew,noaa_gefs,00,AirTemp_C_mean,10,17.38470611572268
gec00,00,2026-05-17,2026-05-27,gcrew,noaa_gefs,00,Pressure_Pa,10,102230.107421875
gec00,00,2026-05-17,2026-05-27,gcrew,noaa_gefs,00,RH_percent_mean,10,76.62809085845947
gec00,00,2026-05-17,2026-05-27,gcrew,noaa_gefs,00,Rain_mm_sum,10,0
gec00,00,2026-05-17,2026-05-27,gcrew,noaa_gefs,00,ShortwaveRadiation_Wm2,10,292
gec00,00,2026-05-17,2026-05-27,gcrew,noaa_gefs,00,WindSpeed_ms_mean,10,3.292260275209521
gec00,00,2026-05-17,2026-05-28,gcrew,noaa_gefs,00,AirTemp_C_mean,11,18.825532531738304
gec00,00,2026-05-17,2026-05-28,gcrew,noaa_gefs,00,Pressure_Pa,11,101594.103515625
gec00,00,2026-05-17,2026-05-28,gcrew,noaa_gefs,00,RH_percent_mean,11,88.5962963104248
gec00,00,2026-05-17,2026-05-28,gcrew,noaa_gefs,00,Rain_mm_sum,11,3.2000001445412636
gec00,00,2026-05-17,2026-05-28,gcrew,noaa_gefs,00,ShortwaveRadiation_Wm2,11,232.25
gec00,00,2026-05-17,2026-05-28,gcrew,noaa_gefs,00,WindSpeed_ms_mean,11,1.843962609809163
gec00,00,2026-05-17,2026-05-29,gcrew,noaa_gefs,00,AirTemp_C_mean,12,20.632531738281273
gec00,00,2026-05-17,2026-05-29,gcrew,noaa_gefs,00,Pressure_Pa,12,101605.099609375
gec00,00,2026-05-17,2026-05-29,gcrew,noaa_gefs,00,RH_percent_mean,12,90.68621635437012
gec00,00,2026-05-17,2026-05-29,gcrew,noaa_gefs,00,Rain_mm_sum,12,8.700000047683716
gec00,00,2026-05-17,2026-05-29,gcrew,noaa_gefs,00,ShortwaveRadiation_Wm2,12,303.25
gec00,00,2026-05-17,2026-05-29,gcrew,noaa_gefs,00,WindSpeed_ms_mean,12,2.2984613975817045
gec00,00,2026-05-17,2026-05-30,gcrew,noaa_gefs,00,AirTemp_C_mean,13,20.257226562500023
gec00,00,2026-05-17,2026-05-30,gcrew,noaa_gefs,00,Pressure_Pa,13,101830.51953125
gec00,00,2026-05-17,2026-05-30,gcrew,noaa_gefs,00,RH_percent_mean,13,89.01692962646484
gec00,00,2026-05-17,2026-05-30,gcrew,noaa_gefs,00,Rain_mm_sum,13,0.700000025331974
gec00,00,2026-05-17,2026-05-30,gcrew,noaa_gefs,00,ShortwaveRadiation_Wm2,13,279
gec00,00,2026-05-17,2026-05-30,gcrew,noaa_gefs,00,WindSpeed_ms_mean,13,7.177529832521996
gec00,00,2026-05-17,2026-05-31,gcrew,noaa_gefs,00,AirTemp_C_mean,14,20.746133422851585
gec00,00,2026-05-17,2026-05-31,gcrew,noaa_gefs,00,Pressure_Pa,14,101566.6875
gec00,00,2026-05-17,2026-05-31,gcrew,noaa_gefs,00,RH_percent_mean,14,86.56785774230957
gec00,00,2026-05-17,2026-05-31,gcrew,noaa_gefs,00,Rain_mm_sum,14,0.10000000149011612
gec00,00,2026-05-17,2026-05-31,gcrew,noaa_gefs,00,ShortwaveRadiation_Wm2,14,236.5
gec00,00,2026-05-17,2026-05-31,gcrew,noaa_gefs,00,WindSpeed_ms_mean,14,4.452410245898682
gec00,00,2026-05-17,2026-06-01,gcrew,noaa_gefs,00,AirTemp_C_mean,15,21.641290283203148
gec00,00,2026-05-17,2026-06-01,gcrew,noaa_gefs,00,Pressure_Pa,15,101232.943359375
gec00,00,2026-05-17,2026-06-01,gcrew,noaa_gefs,00,RH_percent_mean,15,85.77047920227051
gec00,00,2026-05-17,2026-06-01,gcrew,noaa_gefs,00,Rain_mm_sum,15,0.20000000298023224
gec00,00,2026-05-17,2026-06-01,gcrew,noaa_gefs,00,ShortwaveRadiation_Wm2,15,319.25
gec00,00,2026-05-17,2026-06-01,gcrew,noaa_gefs,00,WindSpeed_ms_mean,15,4.987514627831614
gec00,00,2026-05-17,2026-06-02,gcrew,noaa_gefs,00,AirTemp_C_mean,16,23.64350280761721
gec00,00,2026-05-17,2026-06-02,gcrew,noaa_gefs,00,Pressure_Pa,16,100336.03125
gec00,00,2026-05-17,2026-06-02,gcrew,noaa_gefs,00,RH_percent_mean,16,79.2158031463623
gec00,00,2026-05-17,2026-06-02,gcrew,noaa_gefs,00,Rain_mm_sum,16,0.10000000149011612
gec00,00,2026-05-17,2026-06-02,gcrew,noaa_gefs,00,ShortwaveRadiation_Wm2,16,248.5
gec00,00,2026-05-17,2026-06-02,gcrew,noaa_gefs,00,WindSpeed_ms_mean,16,6.294558916761398
gec00,00,2026-05-17,2026-06-03,gcrew,noaa_gefs,00,AirTemp_C_mean,17,21.807466125488304
gec00,00,2026-05-17,2026-06-03,gcrew,noaa_gefs,00,Pressure_Pa,17,100524.14453125
gec00,00,2026-05-17,2026-06-03,gcrew,noaa_gefs,00,RH_percent_mean,17,82.67036247253418
gec00,00,2026-05-17,2026-06-03,gcrew,noaa_gefs,00,Rain_mm_sum,17,4.900000035762787
gec00,00,2026-05-17,2026-06-03,gcrew,noaa_gefs,00,ShortwaveRadiation_Wm2,17,192.5
gec00,00,2026-05-17,2026-06-03,gcrew,noaa_gefs,00,WindSpeed_ms_mean,17,6.2389494415019655
gec00,00,2026-05-17,2026-06-04,gcrew,noaa_gefs,00,AirTemp_C_mean,18,19.62371978759768
gec00,00,2026-05-17,2026-06-04,gcrew,noaa_gefs,00,Pressure_Pa,18,101363.12109375
gec00,00,2026-05-17,2026-06-04,gcrew,noaa_gefs,00,RH_percent_mean,18,59.62021350860596
gec00,00,2026-05-17,2026-06-04,gcrew,noaa_gefs,00,Rain_mm_sum,18,0
gec00,00,2026-05-17,2026-06-04,gcrew,noaa_gefs,00,ShortwaveRadiation_Wm2,18,353
gec00,00,2026-05-17,2026-06-04,gcrew,noaa_gefs,00,WindSpeed_ms_mean,18,5.129538041845657
gec00,00,2026-05-17,2026-06-05,gcrew,noaa_gefs,00,AirTemp_C_mean,19,18.13916931152346
gec00,00,2026-05-17,2026-06-05,gcrew,noaa_gefs,00,Pressure_Pa,19,102108.5078125
gec00,00,2026-05-17,2026-06-05,gcrew,noaa_gefs,00,RH_percent_mean,19,67.04474639892578
gec00,00,2026-05-17,2026-06-05,gcrew,noaa_gefs,00,Rain_mm_sum,19,0
gec00,00,2026-05-17,2026-06-05,gcrew,noaa_gefs,00,ShortwaveRadiation_Wm2,19,292.75
gec00,00,2026-05-17,2026-06-05,gcrew,noaa_gefs,00,WindSpeed_ms_mean,19,5.191744913150064
gec00,00,2026-05-17,2026-06-06,gcrew,noaa_gefs,00,AirTemp_C_mean,20,17.265962219238304
gec00,00,2026-05-17,2026-06-06,gcrew,noaa_gefs,00,Pressure_Pa,20,102458.673828125
gec00,00,2026-05-17,2026-06-06,gcrew,noaa_gefs,00,RH_percent_mean,20,61.6632661819458
gec00,00,2026-05-17,2026-06-06,gcrew,noaa_gefs,00,Rain_mm_sum,20,0
gec00,00,2026-05-17,2026-06-06,gcrew,noaa_gefs,00,ShortwaveRadiation_Wm2,20,353.75
gec00,00,2026-05-17,2026-06-06,gcrew,noaa_gefs,00,WindSpeed_ms_mean,20,6.67467006888216
gec00,00,2026-05-17,2026-06-07,gcrew,noaa_gefs,00,AirTemp_C_mean,21,17.46930847167971
gec00,00,2026-05-17,2026-06-07,gcrew,noaa_gefs,00,Pressure_Pa,21,102539.91796875
gec00,00,2026-05-17,2026-06-07,gcrew,noaa_gefs,00,RH_percent_mean,21,57.39550495147705
gec00,00,2026-05-17,2026-06-07,gcrew,noaa_gefs,00,Rain_mm_sum,21,0
gec00,00,2026-05-17,2026-06-07,gcrew,noaa_gefs,00,ShortwaveRadiation_Wm2,21,311.25
gec00,00,2026-05-17,2026-06-07,gcrew,noaa_gefs,00,WindSpeed_ms_mean,21,6.253105276917296
gec00,00,2026-05-17,2026-06-08,gcrew,noaa_gefs,00,AirTemp_C_mean,22,18.264520263671898
gec00,00,2026-05-17,2026-06-08,gcrew,noaa_gefs,00,Pressure_Pa,22,102453.42578125
gec00,00,2026-05-17,2026-06-08,gcrew,noaa_gefs,00,RH_percent_mean,22,69.18738460540771
gec00,00,2026-05-17,2026-06-08,gcrew,noaa_gefs,00,Rain_mm_sum,22,0
gec00,00,2026-05-17,2026-06-08,gcrew,noaa_gefs,00,ShortwaveRadiation_Wm2,22,358.75
gec00,00,2026-05-17,2026-06-08,gcrew,noaa_gefs,00,WindSpeed_ms_mean,22,5.268783443054002
gec00,00,2026-05-17,2026-06-09,gcrew,noaa_gefs,00,AirTemp_C_mean,23,19.784394836425804
gec00,00,2026-05-17,2026-06-09,gcrew,noaa_gefs,00,Pressure_Pa,23,102266.64453125
gec00,00,2026-05-17,2026-06-09,gcrew,noaa_gefs,00,RH_percent_mean,23,76.86220645904541
gec00,00,2026-05-17,2026-06-09,gcrew,noaa_gefs,00,Rain_mm_sum,23,0
gec00,00,2026-05-17,2026-06-09,gcrew,noaa_gefs,00,ShortwaveRadiation_Wm2,23,315.5
gec00,00,2026-05-17,2026-06-09,gcrew,noaa_gefs,00,WindSpeed_ms_mean,23,4.38349937840495
gec00,00,2026-05-17,2026-06-10,gcrew,noaa_gefs,00,AirTemp_C_mean,24,19.276849365234398
gec00,00,2026-05-17,2026-06-10,gcrew,noaa_gefs,00,Pressure_Pa,24,102072.908203125
gec00,00,2026-05-17,2026-06-10,gcrew,noaa_gefs,00,RH_percent_mean,24,77.74775695800781
gec00,00,2026-05-17,2026-06-10,gcrew,noaa_gefs,00,Rain_mm_sum,24,0
gec00,00,2026-05-17,2026-06-10,gcrew,noaa_gefs,00,ShortwaveRadiation_Wm2,24,344.5
gec00,00,2026-05-17,2026-06-10,gcrew,noaa_gefs,00,WindSpeed_ms_mean,24,3.046278388581381
gec00,00,2026-05-17,2026-06-11,gcrew,noaa_gefs,00,AirTemp_C_mean,25,19.354234313964866
gec00,00,2026-05-17,2026-06-11,gcrew,noaa_gefs,00,Pressure_Pa,25,101661.693359375
gec00,00,2026-05-17,2026-06-11,gcrew,noaa_gefs,00,RH_percent_mean,25,78.77657699584961
gec00,00,2026-05-17,2026-06-11,gcrew,noaa_gefs,00,Rain_mm_sum,25,0
gec00,00,2026-05-17,2026-06-11,gcrew,noaa_gefs,00,ShortwaveRadiation_Wm2,25,344.25
gec00,00,2026-05-17,2026-06-11,gcrew,noaa_gefs,00,WindSpeed_ms_mean,25,2.403215737924673
gec00,00,2026-05-17,2026-06-12,gcrew,noaa_gefs,00,AirTemp_C_mean,26,20.841760253906273
gec00,00,2026-05-17,2026-06-12,gcrew,noaa_gefs,00,Pressure_Pa,26,101401.55078125
gec00,00,2026-05-17,2026-06-12,gcrew,noaa_gefs,00,RH_percent_mean,26,86.05273246765137
gec00,00,2026-05-17,2026-06-12,gcrew,noaa_gefs,00,Rain_mm_sum,26,0.5000000074505806
gec00,00,2026-05-17,2026-06-12,gcrew,noaa_gefs,00,ShortwaveRadiation_Wm2,26,270.5
gec00,00,2026-05-17,2026-06-12,gcrew,noaa_gefs,00,WindSpeed_ms_mean,26,2.6211042370057838
gec00,00,2026-05-17,2026-06-13,gcrew,noaa_gefs,00,AirTemp_C_mean,27,22.633142089843773
gec00,00,2026-05-17,2026-06-13,gcrew,noaa_gefs,00,Pressure_Pa,27,101495.544921875
gec00,00,2026-05-17,2026-06-13,gcrew,noaa_gefs,00,RH_percent_mean,27,84.56381607055664
gec00,00,2026-05-17,2026-06-13,gcrew,noaa_gefs,00,Rain_mm_sum,27,0.30000001192092896
gec00,00,2026-05-17,2026-06-13,gcrew,noaa_gefs,00,ShortwaveRadiation_Wm2,27,331.25
gec00,00,2026-05-17,2026-06-13,gcrew,noaa_gefs,00,WindSpeed_ms_mean,27,4.002934118539743
gec00,00,2026-05-17,2026-06-14,gcrew,noaa_gefs,00,AirTemp_C_mean,28,23.382600402832054
gec00,00,2026-05-17,2026-06-14,gcrew,noaa_gefs,00,Pressure_Pa,28,101357.177734375
gec00,00,2026-05-17,2026-06-14,gcrew,noaa_gefs,00,RH_percent_mean,28,89.37162399291992
gec00,00,2026-05-17,2026-06-14,gcrew,noaa_gefs,00,Rain_mm_sum,28,2.6000000536441803
gec00,00,2026-05-17,2026-06-14,gcrew,noaa_gefs,00,ShortwaveRadiation_Wm2,28,284.75
gec00,00,2026-05-17,2026-06-14,gcrew,noaa_gefs,00,WindSpeed_ms_mean,28,3.3537151621249275
gec00,00,2026-05-17,2026-06-15,gcrew,noaa_gefs,00,AirTemp_C_mean,29,24.840669250488304
gec00,00,2026-05-17,2026-06-15,gcrew,noaa_gefs,00,Pressure_Pa,29,101524.51171875
gec00,00,2026-05-17,2026-06-15,gcrew,noaa_gefs,00,RH_percent_mean,29,77.19408130645752
gec00,00,2026-05-17,2026-06-15,gcrew,noaa_gefs,00,Rain_mm_sum,29,0.10000000149011612
gec00,00,2026-05-17,2026-06-15,gcrew,noaa_gefs,00,ShortwaveRadiation_Wm2,29,296.5
gec00,00,2026-05-17,2026-06-15,gcrew,noaa_gefs,00,WindSpeed_ms_mean,29,4.042771754237245
gec00,00,2026-05-17,2026-06-16,gcrew,noaa_gefs,00,AirTemp_C_mean,30,24.895989990234398
gec00,00,2026-05-17,2026-06-16,gcrew,noaa_gefs,00,Pressure_Pa,30,101772.68359375
gec00,00,2026-05-17,2026-06-16,gcrew,noaa_gefs,00,RH_percent_mean,30,77.33410263061523
gec00,00,2026-05-17,2026-06-16,gcrew,noaa_gefs,00,Rain_mm_sum,30,0.30000000447034836
gec00,00,2026-05-17,2026-06-16,gcrew,noaa_gefs,00,ShortwaveRadiation_Wm2,30,313.25
gec00,00,2026-05-17,2026-06-16,gcrew,noaa_gefs,00,WindSpeed_ms_mean,30,3.6732919255241057
gec00,00,2026-05-17,2026-06-17,gcrew,noaa_gefs,00,AirTemp_C_mean,31,25.772210693359398
gec00,00,2026-05-17,2026-06-17,gcrew,noaa_gefs,00,Pressure_Pa,31,101904.6171875
gec00,00,2026-05-17,2026-06-17,gcrew,noaa_gefs,00,RH_percent_mean,31,76.04165267944336
gec00,00,2026-05-17,2026-06-17,gcrew,noaa_gefs,00,Rain_mm_sum,31,0
gec00,00,2026-05-17,2026-06-17,gcrew,noaa_gefs,00,ShortwaveRadiation_Wm2,31,286.75
gec00,00,2026-05-17,2026-06-17,gcrew,noaa_gefs,00,WindSpeed_ms_mean,31,4.13248526059356
gec00,00,2026-05-17,2026-06-18,gcrew,noaa_gefs,00,AirTemp_C_mean,32,25.74041900634768
gec00,00,2026-05-17,2026-06-18,gcrew,noaa_gefs,00,Pressure_Pa,32,101534.314453125
gec00,00,2026-05-17,2026-06-18,gcrew,noaa_gefs,00,RH_percent_mean,32,80.33454704284668
gec00,00,2026-05-17,2026-06-18,gcrew,noaa_gefs,00,Rain_mm_sum,32,8.800000250339508
gec00,00,2026-05-17,2026-06-18,gcrew,noaa_gefs,00,ShortwaveRadiation_Wm2,32,311.5
gec00,00,2026-05-17,2026-06-18,gcrew,noaa_gefs,00,WindSpeed_ms_mean,32,4.21631310842572
gec00,00,2026-05-17,2026-06-19,gcrew,noaa_gefs,00,AirTemp_C_mean,33,24.15681610107424
gec00,00,2026-05-17,2026-06-19,gcrew,noaa_gefs,00,Pressure_Pa,33,101012.509765625
gec00,00,2026-05-17,2026-06-19,gcrew,noaa_gefs,00,RH_percent_mean,33,84.10998153686523
gec00,00,2026-05-17,2026-06-19,gcrew,noaa_gefs,00,Rain_mm_sum,33,37.50000125169754
gec00,00,2026-05-17,2026-06-19,gcrew,noaa_gefs,00,ShortwaveRadiation_Wm2,33,322.25
gec00,00,2026-05-17,2026-06-19,gcrew,noaa_gefs,00,WindSpeed_ms_mean,33,5.041177238306991
gec00,00,2026-05-17,2026-06-20,gcrew,noaa_gefs,00,AirTemp_C_mean,34,21.24146423339846
gec00,00,2026-05-17,2026-06-20,gcrew,noaa_gefs,00,Pressure_Pa,34,101358.76953125
gec00,00,2026-05-17,2026-06-20,gcrew,noaa_gefs,00,RH_percent_mean,34,58.25197887420654
gec00,00,2026-05-17,2026-06-20,gcrew,noaa_gefs,00,Rain_mm_sum,34,0
gec00,00,2026-05-17,2026-06-20,gcrew,noaa_gefs,00,ShortwaveRadiation_Wm2,34,354.5
gec00,00,2026-05-17,2026-06-20,gcrew,noaa_gefs,00,WindSpeed_ms_mean,34,7.9283052740783315
gep01,00,2026-05-17,2026-05-18,gcrew,noaa_gefs,01,AirTemp_C_mean,1,20.541738128662132
gep01,00,2026-05-17,2026-05-18,gcrew,noaa_gefs,01,Pressure_Pa,1,102011.392578125
gep01,00,2026-05-17,2026-05-18,gcrew,noaa_gefs,01,RH_percent_mean,1,84.17081260681152
gep01,00,2026-05-17,2026-05-18,gcrew,noaa_gefs,01,Rain_mm_sum,1,6.350000023841858
gep01,00,2026-05-17,2026-05-18,gcrew,noaa_gefs,01,ShortwaveRadiation_Wm2,1,332.125
gep01,00,2026-05-17,2026-05-18,gcrew,noaa_gefs,01,WindSpeed_ms_mean,1,2.606449622457496
gep01,00,2026-05-17,2026-05-19,gcrew,noaa_gefs,01,AirTemp_C_mean,2,23.0995918273926
gep01,00,2026-05-17,2026-05-19,gcrew,noaa_gefs,01,Pressure_Pa,2,101806.55859375
gep01,00,2026-05-17,2026-05-19,gcrew,noaa_gefs,01,RH_percent_mean,2,68.34389972686768
gep01,00,2026-05-17,2026-05-19,gcrew,noaa_gefs,01,Rain_mm_sum,2,1.8000000268220901
gep01,00,2026-05-17,2026-05-19,gcrew,noaa_gefs,01,ShortwaveRadiation_Wm2,2,334.75
gep01,00,2026-05-17,2026-05-19,gcrew,noaa_gefs,01,WindSpeed_ms_mean,2,3.4067788659044838
gep01,00,2026-05-17,2026-05-20,gcrew,noaa_gefs,01,AirTemp_C_mean,3,22.52497253417971
gep01,00,2026-05-17,2026-05-20,gcrew,noaa_gefs,01,Pressure_Pa,3,101325.6357421875
gep01,00,2026-05-17,2026-05-20,gcrew,noaa_gefs,01,RH_percent_mean,3,71.24866104125977
gep01,00,2026-05-17,2026-05-20,gcrew,noaa_gefs,01,Rain_mm_sum,3,26.70000010728836
gep01,00,2026-05-17,2026-05-20,gcrew,noaa_gefs,01,ShortwaveRadiation_Wm2,3,262.375
gep01,00,2026-05-17,2026-05-20,gcrew,noaa_gefs,01,WindSpeed_ms_mean,3,4.549640011874029
gep01,00,2026-05-17,2026-05-21,gcrew,noaa_gefs,01,AirTemp_C_mean,4,15.515148053850469
gep01,00,2026-05-17,2026-05-21,gcrew,noaa_gefs,01,Pressure_Pa,4,101836.072265625
gep01,00,2026-05-17,2026-05-21,gcrew,noaa_gefs,01,RH_percent_mean,4,76.015167236328125
gep01,00,2026-05-17,2026-05-21,gcrew,noaa_gefs,01,Rain_mm_sum,4,9.399999812245369
gep01,00,2026-05-17,2026-05-21,gcrew,noaa_gefs,01,ShortwaveRadiation_Wm2,4,97.625
gep01,00,2026-05-17,2026-05-21,gcrew,noaa_gefs,01,WindSpeed_ms_mean,4,3.6808240475840406
gep01,00,2026-05-17,2026-05-22,gcrew,noaa_gefs,01,AirTemp_C_mean,5,14.000840759277366
gep01,00,2026-05-17,2026-05-22,gcrew,noaa_gefs,01,Pressure_Pa,5,101988.966796875
gep01,00,2026-05-17,2026-05-22,gcrew,noaa_gefs,01,RH_percent_mean,5,84.21332263946533
gep01,00,2026-05-17,2026-05-22,gcrew,noaa_gefs,01,Rain_mm_sum,5,9.800000049173832
gep01,00,2026-05-17,2026-05-22,gcrew,noaa_gefs,01,ShortwaveRadiation_Wm2,5,22.75
gep01,00,2026-05-17,2026-05-22,gcrew,noaa_gefs,01,WindSpeed_ms_mean,5,4.696523470041017
gep01,00,2026-05-17,2026-05-23,gcrew,noaa_gefs,01,AirTemp_C_mean,6,13.291490173339866
gep01,00,2026-05-17,2026-05-23,gcrew,noaa_gefs,01,Pressure_Pa,6,102242.6494140625
gep01,00,2026-05-17,2026-05-23,gcrew,noaa_gefs,01,RH_percent_mean,6,95.31106090545654
gep01,00,2026-05-17,2026-05-23,gcrew,noaa_gefs,01,Rain_mm_sum,6,41.290000796318054
gep01,00,2026-05-17,2026-05-23,gcrew,noaa_gefs,01,ShortwaveRadiation_Wm2,6,8.625
gep01,00,2026-05-17,2026-05-23,gcrew,noaa_gefs,01,WindSpeed_ms_mean,6,6.730171879016334
gep01,00,2026-05-17,2026-05-24,gcrew,noaa_gefs,01,AirTemp_C_mean,7,13.87753829956057
gep01,00,2026-05-17,2026-05-24,gcrew,noaa_gefs,01,Pressure_Pa,7,102702.9013671875
gep01,00,2026-05-17,2026-05-24,gcrew,noaa_gefs,01,RH_percent_mean,7,89.53658866882324
gep01,00,2026-05-17,2026-05-24,gcrew,noaa_gefs,01,Rain_mm_sum,7,1.5000000074505806
gep01,00,2026-05-17,2026-05-24,gcrew,noaa_gefs,01,ShortwaveRadiation_Wm2,7,55.5
gep01,00,2026-05-17,2026-05-24,gcrew,noaa_gefs,01,WindSpeed_ms_mean,7,4.664883181526184
gep01,00,2026-05-17,2026-05-25,gcrew,noaa_gefs,01,AirTemp_C_mean,8,13.337792968750023
gep01,00,2026-05-17,2026-05-25,gcrew,noaa_gefs,01,Pressure_Pa,8,103076.4609375
gep01,00,2026-05-17,2026-05-25,gcrew,noaa_gefs,01,RH_percent_mean,8,78.87850284576416
gep01,00,2026-05-17,2026-05-25,gcrew,noaa_gefs,01,Rain_mm_sum,8,0
gep01,00,2026-05-17,2026-05-25,gcrew,noaa_gefs,01,ShortwaveRadiation_Wm2,8,160.625
gep01,00,2026-05-17,2026-05-25,gcrew,noaa_gefs,01,WindSpeed_ms_mean,8,4.284401237933425
gep01,00,2026-05-17,2026-05-26,gcrew,noaa_gefs,01,AirTemp_C_mean,9,13.400532749721005
gep01,00,2026-05-17,2026-05-26,gcrew,noaa_gefs,01,Pressure_Pa,9,102888.00669642857
gep01,00,2026-05-17,2026-05-26,gcrew,noaa_gefs,01,RH_percent_mean,9,66.3826152256557
gep01,00,2026-05-17,2026-05-26,gcrew,noaa_gefs,01,Rain_mm_sum,9,0
gep01,00,2026-05-17,2026-05-26,gcrew,noaa_gefs,01,ShortwaveRadiation_Wm2,9,372.2857142857143
gep01,00,2026-05-17,2026-05-26,gcrew,noaa_gefs,01,WindSpeed_ms_mean,9,2.9715455604219634
gep01,00,2026-05-17,2026-05-27,gcrew,noaa_gefs,01,AirTemp_C_mean,10,17.38470611572268
gep01,00,2026-05-17,2026-05-27,gcrew,noaa_gefs,01,Pressure_Pa,10,102230.107421875
gep01,00,2026-05-17,2026-05-27,gcrew,noaa_gefs,01,RH_percent_mean,10,76.62809085845947
gep01,00,2026-05-17,2026-05-27,gcrew,noaa_gefs,01,Rain_mm_sum,10,0
gep01,00,2026-05-17,2026-05-27,gcrew,noaa_gefs,01,ShortwaveRadiation_Wm2,10,292
gep01,00,2026-05-17,2026-05-27,gcrew,noaa_gefs,01,WindSpeed_ms_mean,10,3.292260275209521
gep01,00,2026-05-17,2026-05-28,gcrew,noaa_gefs,01,AirTemp_C_mean,11,18.825532531738304
gep01,00,2026-05-17,2026-05-28,gcrew,noaa_gefs,01,Pressure_Pa,11,101594.103515625
gep01,00,2026-05-17,2026-05-28,gcrew,noaa_gefs,01,RH_percent_mean,11,88.5962963104248
gep01,00,2026-05-17,2026-05-28,gcrew,noaa_gefs,01,Rain_mm_sum,11,3.2000001445412636
gep01,00,2026-05-17,2026-05-28,gcrew,noaa_gefs,01,ShortwaveRadiation_Wm2,11,232.25
gep01,00,2026-05-17,2026-05-28,gcrew,noaa_gefs,01,WindSpeed_ms_mean,11,1.843962609809163
gep01,00,2026-05-17,2026-05-29,gcrew,noaa_gefs,01,AirTemp_C_mean,12,20.632531738281273
gep01,00,2026-05-17,2026-05-29,gcrew,noaa_gefs,01,Pressure_Pa,12,101605.099609375
gep01,00,2026-05-17,2026-05-29,gcrew,noaa_gefs,01,RH_percent_mean,12,90.68621635437012
gep01,00,2026-05-17,2026-05-29,gcrew,noaa_gefs,01,Rain_mm_sum,12,8.700000047683716
gep01,00,2026-05-17,2026-05-29,gcrew,noaa_gefs,01,ShortwaveRadiation_Wm2,12,303.25
gep01,00,2026-05-17,2026-05-29,gcrew,noaa_gefs,01,WindSpeed_ms_mean,12,2.2984613975817045
gep01,00,2026-05-17,2026-05-30,gcrew,noaa_gefs,01,AirTemp_C_mean,13,20.257226562500023
gep01,00,2026-05-17,2026-05-30,gcrew,noaa_gefs,01,Pressure_Pa,13,101830.51953125
gep01,00,2026-05-17,2026-05-30,gcrew,noaa_gefs,01,RH_percent_mean,13,89.01692962646484
gep01,00,2026-05-17,2026-05-30,gcrew,noaa_gefs,01,Rain_mm_sum,13,0.700000025331974
gep01,00,2026-05-17,2026-05-30,gcrew,noaa_gefs,01,ShortwaveRadiation_Wm2,13,279
gep01,00,2026-05-17,2026-05-30,gcrew,noaa_gefs,01,WindSpeed_ms_mean,13,7.177529832521996
gep01,00,2026-05-17,2026-05-31,gcrew,noaa_gefs,01,AirTemp_C_mean,14,20.746133422851585
gep01,00,2026-05-17,2026-05-31,gcrew,noaa_gefs,01,Pressure_Pa,14,101566.6875
gep01,00,2026-05-17,2026-05-31,gcrew,noaa_gefs,01,RH_percent_mean,14,86.56785774230957
gep01,00,2026-05-17,2026-05-31,gcrew,noaa_gefs,01,Rain_mm_sum,14,0.10000000149011612
gep01,00,2026-05-17,2026-05-31,gcrew,noaa_gefs,01,ShortwaveRadiation_Wm2,14,236.5
gep01,00,2026-05-17,2026-05-31,gcrew,noaa_gefs,01,WindSpeed_ms_mean,14,4.452410245898682
gep01,00,2026-05-17,2026-06-01,gcrew,noaa_gefs,01,AirTemp_C_mean,15,21.641290283203148
gep01,00,2026-05-17,2026-06-01,gcrew,noaa_gefs,01,Pressure_Pa,15,101232.943359375
gep01,00,2026-05-17,2026-06-01,gcrew,noaa_gefs,01,RH_percent_mean,15,85.77047920227051
gep01,00,2026-05-17,2026-06-01,gcrew,noaa_gefs,01,Rain_mm_sum,15,0.20000000298023224
gep01,00,2026-05-17,2026-06-01,gcrew,noaa_gefs,01,ShortwaveRadiation_Wm2,15,319.25
gep01,00,2026-05-17,2026-06-01,gcrew,noaa_gefs,01,WindSpeed_ms_mean,15,4.987514627831614
gep01,00,2026-05-17,2026-06-02,gcrew,noaa_gefs,01,AirTemp_C_mean,16,23.64350280761721
gep01,00,2026-05-17,2026-06-02,gcrew,noaa_gefs,01,Pressure_Pa,16,100336.03125
gep01,00,2026-05-17,2026-06-02,gcrew,noaa_gefs,01,RH_percent_mean,16,79.2158031463623
gep01,00,2026-05-17,2026-06-02,gcrew,noaa_gefs,01,Rain_mm_sum,16,0.10000000149011612
gep01,00,2026-05-17,2026-06-02,gcrew,noaa_gefs,01,ShortwaveRadiation_Wm2,16,248.5
gep01,00,2026-05-17,2026-06-02,gcrew,noaa_gefs,01,WindSpeed_ms_mean,16,6.294558916761398
gep01,00,2026-05-17,2026-06-03,gcrew,noaa_gefs,01,AirTemp_C_mean,17,21.807466125488304
gep01,00,2026-05-17,2026-06-03,gcrew,noaa_gefs,01,Pressure_Pa,17,100524.14453125
gep01,00,2026-05-17,2026-06-03,gcrew,noaa_gefs,01,RH_percent_mean,17,82.67036247253418
gep01,00,2026-05-17,2026-06-03,gcrew,noaa_gefs,01,Rain_mm_sum,17,4.900000035762787
gep01,00,2026-05-17,2026-06-03,gcrew,noaa_gefs,01,ShortwaveRadiation_Wm2,17,192.5
gep01,00,2026-05-17,2026-06-03,gcrew,noaa_gefs,01,WindSpeed_ms_mean,17,6.2389494415019655
gep01,00,2026-05-17,2026-06-04,gcrew,noaa_gefs,01,AirTemp_C_mean,18,19.62371978759768
gep01,00,2026-05-17,2026-06-04,gcrew,noaa_gefs,01,Pressure_Pa,18,101363.12109375
gep01,00,2026-05-17,2026-06-04,gcrew,noaa_gefs,01,RH_percent_mean,18,59.62021350860596
gep01,00,2026-05-17,2026-06-04,gcrew,noaa_gefs,01,Rain_mm_sum,18,0
gep01,00,2026-05-17,2026-06-04,gcrew,noaa_gefs,01,ShortwaveRadiation_Wm2,18,353
gep01,00,2026-05-17,2026-06-04,gcrew,noaa_gefs,01,WindSpeed_ms_mean,18,5.129538041845657
gep01,00,2026-05-17,2026-06-05,gcrew,noaa_gefs,01,AirTemp_C_mean,19,18.13916931152346
gep01,00,2026-05-17,2026-06-05,gcrew,noaa_gefs,01,Pressure_Pa,19,102108.5078125
gep01,00,2026-05-17,2026-06-05,gcrew,noaa_gefs,01,RH_percent_mean,19,67.04474639892578
gep01,00,2026-05-17,2026-06-05,gcrew,noaa_gefs,01,Rain_mm_sum,19,0
gep01,00,2026-05-17,2026-06-05,gcrew,noaa_gefs,01,ShortwaveRadiation_Wm2,19,292.75
gep01,00,2026-05-17,2026-06-05,gcrew,noaa_gefs,01,WindSpeed_ms_mean,19,5.191744913150064
gep01,00,2026-05-17,2026-06-06,gcrew,noaa_gefs,01,AirTemp_C_mean,20,17.265962219238304
gep01,00,2026-05-17,2026-06-06,gcrew,noaa_gefs,01,Pressure_Pa,20,102458.673828125
gep01,00,2026-05-17,2026-06-06,gcrew,noaa_gefs,01,RH_percent_mean,20,61.6632661819458
gep01,00,2026-05-17,2026-06-06,gcrew,noaa_gefs,01,Rain_mm_sum,20,0
gep01,00,2026-05-17,2026-06-06,gcrew,noaa_gefs,01,ShortwaveRadiation_Wm2,20,353.75
gep01,00,2026-05-17,2026-06-06,gcrew,noaa_gefs,01,WindSpeed_ms_mean,20,6.67467006888216
gep01,00,2026-05-17,2026-06-07,gcrew,noaa_gefs,01,AirTemp_C_mean,21,17.46930847167971
gep01,00,2026-05-17,2026-06-07,gcrew,noaa_gefs,01,Pressure_Pa,21,102539.91796875
gep01,00,2026-05-17,2026-06-07,gcrew,noaa_gefs,01,RH_percent_mean,21,57.39550495147705
gep01,00,2026-05-17,2026-06-07,gcrew,noaa_gefs,01,Rain_mm_sum,21,0
gep01,00,2026-05-17,2026-06-07,gcrew,noaa_gefs,01,ShortwaveRadiation_Wm2,21,311.25
gep01,00,2026-05-17,2026-06-07,gcrew,noaa_gefs,01,WindSpeed_ms_mean,21,6.253105276917296
gep01,00,2026-05-17,2026-06-08,gcrew,noaa_gefs,01,AirTemp_C_mean,22,18.264520263671898
gep01,00,2026-05-17,2026-06-08,gcrew,noaa_gefs,01,Pressure_Pa,22,102453.42578125
gep01,00,2026-05-17,2026-06-08,gcrew,noaa_gefs,01,RH_percent_mean,22,69.18738460540771
gep01,00,2026-05-17,2026-06-08,gcrew,noaa_gefs,01,Rain_mm_sum,22,0
gep01,00,2026-05-17,2026-06-08,gcrew,noaa_gefs,01,ShortwaveRadiation_Wm2,22,358.75
gep01,00,2026-05-17,2026-06-08,gcrew,noaa_gefs,01,WindSpeed_ms_mean,22,5.268783443054002
gep01,00,2026-05-17,2026-06-09,gcrew,noaa_gefs,01,AirTemp_C_mean,23,19.784394836425804
gep01,00,2026-05-17,2026-06-09,gcrew,noaa_gefs,01,Pressure_Pa,23,102266.64453125
gep01,00,2026-05-17,2026-06-09,gcrew,noaa_gefs,01,RH_percent_mean,23,76.86220645904541
gep01,00,2026-05-17,2026-06-09,gcrew,noaa_gefs,01,Rain_mm_sum,23,0
gep01,00,2026-05-17,2026-06-09,gcrew,noaa_gefs,01,ShortwaveRadiation_Wm2,23,315.5
gep01,00,2026-05-17,2026-06-09,gcrew,noaa_gefs,01,WindSpeed_ms_mean,23,4.38349937840495
gep01,00,2026-05-17,2026-06-10,gcrew,noaa_gefs,01,AirTemp_C_mean,24,19.276849365234398
gep01,00,2026-05-17,2026-06-10,gcrew,noaa_gefs,01,Pressure_Pa,24,102072.908203125
gep01,00,2026-05-17,2026-06-10,gcrew,noaa_gefs,01,RH_percent_mean,24,77.74775695800781
gep01,00,2026-05-17,2026-06-10,gcrew,noaa_gefs,01,Rain_mm_sum,24,0
gep01,00,2026-05-17,2026-06-10,gcrew,noaa_gefs,01,ShortwaveRadiation_Wm2,24,344.5
gep01,00,2026-05-17,2026-06-10,gcrew,noaa_gefs,01,WindSpeed_ms_mean,24,3.046278388581381
gep01,00,2026-05-17,2026-06-11,gcrew,noaa_gefs,01,AirTemp_C_mean,25,19.354234313964866
gep01,00,2026-05-17,2026-06-11,gcrew,noaa_gefs,01,Pressure_Pa,25,101661.693359375
gep01,00,2026-05-17,2026-06-11,gcrew,noaa_gefs,01,RH_percent_mean,25,78.77657699584961
gep01,00,2026-05-17,2026-06-11,gcrew,noaa_gefs,01,Rain_mm_sum,25,0
gep01,00,2026-05-17,2026-06-11,gcrew,noaa_gefs,01,ShortwaveRadiation_Wm2,25,344.25
gep01,00,2026-05-17,2026-06-11,gcrew,noaa_gefs,01,WindSpeed_ms_mean,25,2.403215737924673
gep01,00,2026-05-17,2026-06-12,gcrew,noaa_gefs,01,AirTemp_C_mean,26,20.841760253906273
gep01,00,2026-05-17,2026-06-12,gcrew,noaa_gefs,01,Pressure_Pa,26,101401.55078125
gep01,00,2026-05-17,2026-06-12,gcrew,noaa_gefs,01,RH_percent_mean,26,86.05273246765137
gep01,00,2026-05-17,2026-06-12,gcrew,noaa_gefs,01,Rain_mm_sum,26,0.5000000074505806
gep01,00,2026-05-17,2026-06-12,gcrew,noaa_gefs,01,ShortwaveRadiation_Wm2,26,270.5
gep01,00,2026-05-17,2026-06-12,gcrew,noaa_gefs,01,WindSpeed_ms_mean,26,2.6211042370057838
gep01,00,2026-05-17,2026-06-13,gcrew,noaa_gefs,01,AirTemp_C_mean,27,22.633142089843773
gep01,00,2026-05-17,2026-06-13,gcrew,noaa_gefs,01,Pressure_Pa,27,101495.544921875
gep01,00,2026-05-17,2026-06-13,gcrew,noaa_gefs,01,RH_percent_mean,27,84.56381607055664
gep01,00,2026-05-17,2026-06-13,gcrew,noaa_gefs,01,Rain_mm_sum,27,0.30000001192092896
gep01,00,2026-05-17,2026-06-13,gcrew,noaa_gefs,01,ShortwaveRadiation_Wm2,27,331.25
gep01,00,2026-05-17,2026-06-13,gcrew,noaa_gefs,01,WindSpeed_ms_mean,27,4.002934118539743
gep01,00,2026-05-17,2026-06-14,gcrew,noaa_gefs,01,AirTemp_C_mean,28,23.382600402832054
gep01,00,2026-05-17,2026-06-14,gcrew,noaa_gefs,01,Pressure_Pa,28,101357.177734375
gep01,00,2026-05-17,2026-06-14,gcrew,noaa_gefs,01,RH_percent_mean,28,89.37162399291992
gep01,00,2026-05-17,2026-06-14,gcrew,noaa_gefs,01,Rain_mm_sum,28,2.6000000536441803
gep01,00,2026-05-17,2026-06-14,gcrew,noaa_gefs,01,ShortwaveRadiation_Wm2,28,284.75
gep01,00,2026-05-17,2026-06-14,gcrew,noaa_gefs,01,WindSpeed_ms_mean,28,3.3537151621249275
gep01,00,2026-05-17,2026-06-15,gcrew,noaa_gefs,01,AirTemp_C_mean,29,24.840669250488304
gep01,00,2026-05-17,2026-06-15,gcrew,noaa_gefs,01,Pressure_Pa,29,101524.51171875
gep01,00,2026-05-17,2026-06-15,gcrew,noaa_gefs,01,RH_percent_mean,29,77.19408130645752
gep01,00,2026-05-17,2026-06-15,gcrew,noaa_gefs,01,Rain_mm_sum,29,0.10000000149011612
gep01,00,2026-05-17,2026-06-15,gcrew,noaa_gefs,01,ShortwaveRadiation_Wm2,29,296.5
gep01,00,2026-05-17,2026-06-15,gcrew,noaa_gefs,01,WindSpeed_ms_mean,29,4.042771754237245
gep01,00,2026-05-17,2026-06-16,gcrew,noaa_gefs,01,AirTemp_C_mean,30,24.895989990234398
gep01,00,2026-05-17,2026-06-16,gcrew,noaa_gefs,01,Pressure_Pa,30,101772.68359375
gep01,00,2026-05-17,2026-06-16,gcrew,noaa_gefs,01,RH_percent_mean,30,77.33410263061523
gep01,00,2026-05-17,2026-06-16,gcrew,noaa_gefs,01,Rain_mm_sum,30,0.30000000447034836
gep01,00,2026-05-17,2026-06-16,gcrew,noaa_gefs,01,ShortwaveRadiation_Wm2,30,313.25
gep01,00,2026-05-17,2026-06-16,gcrew,noaa_gefs,01,WindSpeed_ms_mean,30,3.6732919255241057
gep01,00,2026-05-17,2026-06-17,gcrew,noaa_gefs,01,AirTemp_C_mean,31,25.772210693359398
gep01,00,2026-05-17,2026-06-17,gcrew,noaa_gefs,01,Pressure_Pa,31,101904.6171875
gep01,00,2026-05-17,2026-06-17,gcrew,noaa_gefs,01,RH_percent_mean,31,76.04165267944336
gep01,00,2026-05-17,2026-06-17,gcrew,noaa_gefs,01,Rain_mm_sum,31,0
gep01,00,2026-05-17,2026-06-17,gcrew,noaa_gefs,01,ShortwaveRadiation_Wm2,31,286.75
gep01,00,2026-05-17,2026-06-17,gcrew,noaa_gefs,01,WindSpeed_ms_mean,31,4.13248526059356
gep01,00,2026-05-17,2026-06-18,gcrew,noaa_gefs,01,AirTemp_C_mean,32,25.74041900634768
gep01,00,2026-05-17,2026-06-18,gcrew,noaa_gefs,01,Pressure_Pa,32,101534.314453125
gep01,00,2026-05-17,2026-06-18,gcrew,noaa_gefs,01,RH_percent_mean,32,80.33454704284668
gep01,00,2026-05-17,2026-06-18,gcrew,noaa_gefs,01,Rain_mm_sum,32,8.800000250339508
gep01,00,2026-05-17,2026-06-18,gcrew,noaa_gefs,01,ShortwaveRadiation_Wm2,32,311.5
gep01,00,2026-05-17,2026-06-18,gcrew,noaa_gefs,01,WindSpeed_ms_mean,32,4.21631310842572
gep01,00,2026-05-17,2026-06-19,gcrew,noaa_gefs,01,AirTemp_C_mean,33,24.15681610107424
gep01,00,2026-05-17,2026-06-19,gcrew,noaa_gefs,01,Pressure_Pa,33,101012.509765625
gep01,00,2026-05-17,2026-06-19,gcrew,noaa_gefs,01,RH_percent_mean,33,84.10998153686523
gep01,00,2026-05-17,2026-06-19,gcrew,noaa_gefs,01,Rain_mm_sum,33,37.50000125169754
gep01,00,2026-05-17,2026-06-19,gcrew,noaa_gefs,01,ShortwaveRadiation_Wm2,33,322.25
gep01,00,2026-05-17,2026-06-19,gcrew,noaa_gefs,01,WindSpeed_ms_mean,33,5.041177238306991
gep01,00,2026-05-17,2026-06-20,gcrew,noaa_gefs,01,AirTemp_C_mean,34,21.24146423339846
gep01,00,2026-05-17,2026-06-20,gcrew,noaa_gefs,01,Pressure_Pa,34,101358.76953125
gep01,00,2026-05-17,2026-06-20,gcrew,noaa_gefs,01,RH_percent_mean,34,58.25197887420654
gep01,00,2026-05-17,2026-06-20,gcrew,noaa_gefs,01,Rain_mm_sum,34,0
gep01,00,2026-05-17,2026-06-20,gcrew,noaa_gefs,01,ShortwaveRadiation_Wm2,34,354.5
gep01,00,2026-05-17,2026-06-20,gcrew,noaa_gefs,01,WindSpeed_ms_mean,34,7.9283052740783315
gep02,00,2026-05-17,2026-05-18,gcrew,noaa_gefs,02,AirTemp_C_mean,1,20.541738128662132
gep02,00,2026-05-17,2026-05-18,gcrew,noaa_gefs,02,Pressure_Pa,1,102011.392578125
gep02,00,2026-05-17,2026-05-18,gcrew,noaa_gefs,02,RH_percent_mean,1,84.17081260681152
gep02,00,2026-05-17,2026-05-18,gcrew,noaa_gefs,02,Rain_mm_sum,1,6.350000023841858
gep02,00,2026-05-17,2026-05-18,gcrew,noaa_gefs,02,ShortwaveRadiation_Wm2,1,332.125
gep02,00,2026-05-17,2026-05-18,gcrew,noaa_gefs,02,WindSpeed_ms_mean,1,2.606449622457496
gep02,00,2026-05-17,2026-05-19,gcrew,noaa_gefs,02,AirTemp_C_mean,2,23.0995918273926
gep02,00,2026-05-17,2026-05-19,gcrew,noaa_gefs,02,Pressure_Pa,2,101806.55859375
gep02,00,2026-05-17,2026-05-19,gcrew,noaa_gefs,02,RH_percent_mean,2,68.34389972686768
gep02,00,2026-05-17,2026-05-19,gcrew,noaa_gefs,02,Rain_mm_sum,2,1.8000000268220901
gep02,00,2026-05-17,2026-05-19,gcrew,noaa_gefs,02,ShortwaveRadiation_Wm2,2,334.75
gep02,00,2026-05-17,2026-05-19,gcrew,noaa_gefs,02,WindSpeed_ms_mean,2,3.4067788659044838
gep02,00,2026-05-17,2026-05-20,gcrew,noaa_gefs,02,AirTemp_C_mean,3,22.52497253417971
gep02,00,2026-05-17,2026-05-20,gcrew,noaa_gefs,02,Pressure_Pa,3,101325.6357421875
gep02,00,2026-05-17,2026-05-20,gcrew,noaa_gefs,02,RH_percent_mean,3,71.24866104125977
gep02,00,2026-05-17,2026-05-20,gcrew,noaa_gefs,02,Rain_mm_sum,3,26.70000010728836
gep02,00,2026-05-17,2026-05-20,gcrew,noaa_gefs,02,ShortwaveRadiation_Wm2,3,262.375
gep02,00,2026-05-17,2026-05-20,gcrew,noaa_gefs,02,WindSpeed_ms_mean,3,4.549640011874029
gep02,00,2026-05-17,2026-05-21,gcrew,noaa_gefs,02,AirTemp_C_mean,4,15.515148053850469
gep02,00,2026-05-17,2026-05-21,gcrew,noaa_gefs,02,Pressure_Pa,4,101836.072265625
gep02,00,2026-05-17,2026-05-21,gcrew,noaa_gefs,02,RH_percent_mean,4,76.015167236328125
gep02,00,2026-05-17,2026-05-21,gcrew,noaa_gefs,02,Rain_mm_sum,4,9.399999812245369
gep02,00,2026-05-17,2026-05-21,gcrew,noaa_gefs,02,ShortwaveRadiation_Wm2,4,97.625
gep02,00,2026-05-17,2026-05-21,gcrew,noaa_gefs,02,WindSpeed_ms_mean,4,3.6808240475840406
gep02,00,2026-05-17,2026-05-22,gcrew,noaa_gefs,02,AirTemp_C_mean,5,14.000840759277366
gep02,00,2026-05-17,2026-05-22,gcrew,noaa_gefs,02,Pressure_Pa,5,101988.966796875
gep02,00,2026-05-17,2026-05-22,gcrew,noaa_gefs,02,RH_percent_mean,5,84.21332263946533
gep02,00,2026-05-17,2026-05-22,gcrew,noaa_gefs,02,Rain_mm_sum,5,9.800000049173832
gep02,00,2026-05-17,2026-05-22,gcrew,noaa_gefs,02,ShortwaveRadiation_Wm2,5,22.75
gep02,00,2026-05-17,2026-05-22,gcrew,noaa_gefs,02,WindSpeed_ms_mean,5,4.696523470041017
gep02,00,2026-05-17,2026-05-23,gcrew,noaa_gefs,02,AirTemp_C_mean,6,13.291490173339866
gep02,00,2026-05-17,2026-05-23,gcrew,noaa_gefs,02,Pressure_Pa,6,102242.6494140625
gep02,00,2026-05-17,2026-05-23,gcrew,noaa_gefs,02,RH_percent_mean,6,95.31106090545654
gep02,00,2026-05-17,2026-05-23,gcrew,noaa_gefs,02,Rain_mm_sum,6,41.290000796318054
gep02,00,2026-05-17,2026-05-23,gcrew,noaa_gefs,02,ShortwaveRadiation_Wm2,6,8.625
gep02,00,2026-05-17,2026-05-23,gcrew,noaa_gefs,02,WindSpeed_ms_mean,6,6.730171879016334
gep02,00,2026-05-17,2026-05-24,gcrew,noaa_gefs,02,AirTemp_C_mean,7,13.87753829956057
gep02,00,2026-05-17,2026-05-24,gcrew,noaa_gefs,02,Pressure_Pa,7,102702.9013671875
gep02,00,2026-05-17,2026-05-24,gcrew,noaa_gefs,02,RH_percent_mean,7,89.53658866882324
gep02,00,2026-05-17,2026-05-24,gcrew,noaa_gefs,02,Rain_mm_sum,7,1.5000000074505806
gep02,00,2026-05-17,2026-05-24,gcrew,noaa_gefs,02,ShortwaveRadiation_Wm2,7,55.5
gep02,00,2026-05-17,2026-05-24,gcrew,noaa_gefs,02,WindSpeed_ms_mean,7,4.664883181526184
gep02,00,2026-05-17,2026-05-25,gcrew,noaa_gefs,02,AirTemp_C_mean,8,13.337792968750023
gep02,00,2026-05-17,2026-05-25,gcrew,noaa_gefs,02,Pressure_Pa,8,103076.4609375
gep02,00,2026-05-17,2026-05-25,gcrew,noaa_gefs,02,RH_percent_mean,8,78.87850284576416
gep02,00,2026-05-17,2026-05-25,gcrew,noaa_gefs,02,Rain_mm_sum,8,0
gep02,00,2026-05-17,2026-05-25,gcrew,noaa_gefs,02,ShortwaveRadiation_Wm2,8,160.625
gep02,00,2026-05-17,2026-05-25,gcrew,noaa_gefs,02,WindSpeed_ms_mean,8,4.284401237933425
gep02,00,2026-05-17,2026-05-26,gcrew,noaa_gefs,02,AirTemp_C_mean,9,13.400532749721005
gep02,00,2026-05-17,2026-05-26,gcrew,noaa_gefs,02,Pressure_Pa,9,102888.00669642857
gep02,00,2026-05-17,2026-05-26,gcrew,noaa_gefs,02,RH_percent_mean,9,66.3826152256557
gep02,00,2026-05-17,2026-05-26,gcrew,noaa_gefs,02,Rain_mm_sum,9,0
gep02,00,2026-05-17,2026-05-26,gcrew,noaa_gefs,02,ShortwaveRadiation_Wm2,9,372.2857142857143
gep02,00,2026-05-17,2026-05-26,gcrew,noaa_gefs,02,WindSpeed_ms_mean,9,2.9715455604219634
gep02,00,2026-05-17,2026-05-27,gcrew,noaa_gefs,02,AirTemp_C_mean,10,17.38470611572268
gep02,00,2026-05-17,2026-05-27,gcrew,noaa_gefs,02,Pressure_Pa,10,102230.107421875
gep02,00,2026-05-17,2026-05-27,gcrew,noaa_gefs,02,RH_percent_mean,10,76.62809085845947
gep02,00,2026-05-17,2026-05-27,gcrew,noaa_gefs,02,Rain_mm_sum,10,0
gep02,00,2026-05-17,2026-05-27,gcrew,noaa_gefs,02,ShortwaveRadiation_Wm2,10,292
gep02,00,2026-05-17,2026-05-27,gcrew,noaa_gefs,02,WindSpeed_ms_mean,10,3.292260275209521
gep02,00,2026-05-17,2026-05-28,gcrew,noaa_gefs,02,AirTemp_C_mean,11,18.825532531738304
gep02,00,2026-05-17,2026-05-28,gcrew,noaa_gefs,02,Pressure_Pa,11,101594.103515625
gep02,00,2026-05-17,2026-05-28,gcrew,noaa_gefs,02,RH_percent_mean,11,88.5962963104248
gep02,00,2026-05-17,2026-05-28,gcrew,noaa_gefs,02,Rain_mm_sum,11,3.2000001445412636
gep02,00,2026-05-17,2026-05-28,gcrew,noaa_gefs,02,ShortwaveRadiation_Wm2,11,232.25
gep02,00,2026-05-17,2026-05-28,gcrew,noaa_gefs,02,WindSpeed_ms_mean,11,1.843962609809163
gep02,00,2026-05-17,2026-05-29,gcrew,noaa_gefs,02,AirTemp_C_mean,12,20.632531738281273
gep02,00,2026-05-17,2026-05-29,gcrew,noaa_gefs,02,Pressure_Pa,12,101605.099609375
gep02,00,2026-05-17,2026-05-29,gcrew,noaa_gefs,02,RH_percent_mean,12,90.68621635437012
gep02,00,2026-05-17,2026-05-29,gcrew,noaa_gefs,02,Rain_mm_sum,12,8.700000047683716
gep02,00,2026-05-17,2026-05-29,gcrew,noaa_gefs,02,ShortwaveRadiation_Wm2,12,303.25
gep02,00,2026-05-17,2026-05-29,gcrew,noaa_gefs,02,WindSpeed_ms_mean,12,2.2984613975817045
gep02,00,2026-05-17,2026-05-30,gcrew,noaa_gefs,02,AirTemp_C_mean,13,20.257226562500023
gep02,00,2026-05-17,2026-05-30,gcrew,noaa_gefs,02,Pressure_Pa,13,101830.51953125
gep02,00,2026-05-17,2026-05-30,gcrew,noaa_gefs,02,RH_percent_mean,13,89.01692962646484
gep02,00,2026-05-17,2026-05-30,gcrew,noaa_gefs,02,Rain_mm_sum,13,0.700000025331974
gep02,00,2026-05-17,2026-05-30,gcrew,noaa_gefs,02,ShortwaveRadiation_Wm2,13,279
gep02,00,2026-05-17,2026-05-30,gcrew,noaa_gefs,02,WindSpeed_ms_mean,13,7.177529832521996
gep02,00,2026-05-17,2026-05-31,gcrew,noaa_gefs,02,AirTemp_C_mean,14,20.746133422851585
gep02,00,2026-05-17,2026-05-31,gcrew,noaa_gefs,02,Pressure_Pa,14,101566.6875
gep02,00,2026-05-17,2026-05-31,gcrew,noaa_gefs,02,RH_percent_mean,14,86.56785774230957
gep02,00,2026-05-17,2026-05-31,gcrew,noaa_gefs,02,Rain_mm_sum,14,0.10000000149011612
gep02,00,2026-05-17,2026-05-31,gcrew,noaa_gefs,02,ShortwaveRadiation_Wm2,14,236.5
gep02,00,2026-05-17,2026-05-31,gcrew,noaa_gefs,02,WindSpeed_ms_mean,14,4.452410245898682
gep02,00,2026-05-17,2026-06-01,gcrew,noaa_gefs,02,AirTemp_C_mean,15,21.641290283203148
gep02,00,2026-05-17,2026-06-01,gcrew,noaa_gefs,02,Pressure_Pa,15,101232.943359375
gep02,00,2026-05-17,2026-06-01,gcrew,noaa_gefs,02,RH_percent_mean,15,85.77047920227051
gep02,00,2026-05-17,2026-06-01,gcrew,noaa_gefs,02,Rain_mm_sum,15,0.20000000298023224
gep02,00,2026-05-17,2026-06-01,gcrew,noaa_gefs,02,ShortwaveRadiation_Wm2,15,319.25
gep02,00,2026-05-17,2026-06-01,gcrew,noaa_gefs,02,WindSpeed_ms_mean,15,4.987514627831614
gep02,00,2026-05-17,2026-06-02,gcrew,noaa_gefs,02,AirTemp_C_mean,16,23.64350280761721
gep02,00,2026-05-17,2026-06-02,gcrew,noaa_gefs,02,Pressure_Pa,16,100336.03125
gep02,00,2026-05-17,2026-06-02,gcrew,noaa_gefs,02,RH_percent_mean,16,79.2158031463623
gep02,00,2026-05-17,2026-06-02,gcrew,noaa_gefs,02,Rain_mm_sum,16,0.10000000149011612
gep02,00,2026-05-17,2026-06-02,gcrew,noaa_gefs,02,ShortwaveRadiation_Wm2,16,248.5
gep02,00,2026-05-17,2026-06-02,gcrew,noaa_gefs,02,WindSpeed_ms_mean,16,6.294558916761398
gep02,00,2026-05-17,2026-06-03,gcrew,noaa_gefs,02,AirTemp_C_mean,17,21.807466125488304
gep02,00,2026-05-17,2026-06-03,gcrew,noaa_gefs,02,Pressure_Pa,17,100524.14453125
gep02,00,2026-05-17,2026-06-03,gcrew,noaa_gefs,02,RH_percent_mean,17,82.67036247253418
gep02,00,2026-05-17,2026-06-03,gcrew,noaa_gefs,02,Rain_mm_sum,17,4.900000035762787
gep02,00,2026-05-17,2026-06-03,gcrew,noaa_gefs,02,ShortwaveRadiation_Wm2,17,192.5
gep02,00,2026-05-17,2026-06-03,gcrew,noaa_gefs,02,WindSpeed_ms_mean,17,6.2389494415019655
gep02,00,2026-05-17,2026-06-04,gcrew,noaa_gefs,02,AirTemp_C_mean,18,19.62371978759768
gep02,00,2026-05-17,2026-06-04,gcrew,noaa_gefs,02,Pressure_Pa,18,101363.12109375
gep02,00,2026-05-17,2026-06-04,gcrew,noaa_gefs,02,RH_percent_mean,18,59.62021350860596
gep02,00,2026-05-17,2026-06-04,gcrew,noaa_gefs,02,Rain_mm_sum,18,0
gep02,00,2026-05-17,2026-06-04,gcrew,noaa_gefs,02,ShortwaveRadiation_Wm2,18,353
gep02,00,2026-05-17,2026-06-04,gcrew,noaa_gefs,02,WindSpeed_ms_mean,18,5.129538041845657
gep02,00,2026-05-17,2026-06-05,gcrew,noaa_gefs,02,AirTemp_C_mean,19,18.13916931152346
gep02,00,2026-05-17,2026-06-05,gcrew,noaa_gefs,02,Pressure_Pa,19,102108.5078125
gep02,00,2026-05-17,2026-06-05,gcrew,noaa_gefs,02,RH_percent_mean,19,67.04474639892578
gep02,00,2026-05-17,2026-06-05,gcrew,noaa_gefs,02,Rain_mm_sum,19,0
gep02,00,2026-05-17,2026-06-05,gcrew,noaa_gefs,02,ShortwaveRadiation_Wm2,19,292.75
gep02,00,2026-05-17,2026-06-05,gcrew,noaa_gefs,02,WindSpeed_ms_mean,19,5.191744913150064
gep02,00,2026-05-17,2026-06-06,gcrew,noaa_gefs,02,AirTemp_C_mean,20,17.265962219238304
gep02,00,2026-05-17,2026-06-06,gcrew,noaa_gefs,02,Pressure_Pa,20,102458.673828125
gep02,00,2026-05-17,2026-06-06,gcrew,noaa_gefs,02,RH_percent_mean,20,61.6632661819458
gep02,00,2026-05-17,2026-06-06,gcrew,noaa_gefs,02,Rain_mm_sum,20,0
gep02,00,2026-05-17,2026-06-06,gcrew,noaa_gefs,02,ShortwaveRadiation_Wm2,20,353.75
gep02,00,2026-05-17,2026-06-06,gcrew,noaa_gefs,02,WindSpeed_ms_mean,20,6.67467006888216
gep02,00,2026-05-17,2026-06-07,gcrew,noaa_gefs,02,AirTemp_C_mean,21,17.46930847167971
gep02,00,2026-05-17,2026-06-07,gcrew,noaa_gefs,02,Pressure_Pa,21,102539.91796875
gep02,00,2026-05-17,2026-06-07,gcrew,noaa_gefs,02,RH_percent_mean,21,57.39550495147705
gep02,00,2026-05-17,2026-06-07,gcrew,noaa_gefs,02,Rain_mm_sum,21,0
gep02,00,2026-05-17,2026-06-07,gcrew,noaa_gefs,02,ShortwaveRadiation_Wm2,21,311.25
gep02,00,2026-05-17,2026-06-07,gcrew,noaa_gefs,02,WindSpeed_ms_mean,21,6.253105276917296
gep02,00,2026-05-17,2026-06-08,gcrew,noaa_gefs,02,AirTemp_C_mean,22,18.264520263671898
gep02,00,2026-05-17,2026-06-08,gcrew,noaa_gefs,02,Pressure_Pa,22,102453.42578125
gep02,00,2026-05-17,2026-06-08,gcrew,noaa_gefs,02,RH_percent_mean,22,69.18738460540771
gep02,00,2026-05-17,2026-06-08,gcrew,noaa_gefs,02,Rain_mm_sum,22,0
gep02,00,2026-05-17,2026-06-08,gcrew,noaa_gefs,02,ShortwaveRadiation_Wm2,22,358.75
gep02,00,2026-05-17,2026-06-08,gcrew,noaa_gefs,02,WindSpeed_ms_mean,22,5.268783443054002
gep02,00,2026-05-17,2026-06-09,gcrew,noaa_gefs,02,AirTemp_C_mean,23,19.784394836425804
gep02,00,2026-05-17,2026-06-09,gcrew,noaa_gefs,02,Pressure_Pa,23,102266.64453125
gep02,00,2026-05-17,2026-06-09,gcrew,noaa_gefs,02,RH_percent_mean,23,76.86220645904541
gep02,00,2026-05-17,2026-06-09,gcrew,noaa_gefs,02,Rain_mm_sum,23,0
gep02,00,2026-05-17,2026-06-09,gcrew,noaa_gefs,02,ShortwaveRadiation_Wm2,23,315.5
gep02,00,2026-05-17,2026-06-09,gcrew,noaa_gefs,02,WindSpeed_ms_mean,23,4.38349937840495
gep02,00,2026-05-17,2026-06-10,gcrew,noaa_gefs,02,AirTemp_C_mean,24,19.276849365234398
gep02,00,2026-05-17,2026-06-10,gcrew,noaa_gefs,02,Pressure_Pa,24,102072.908203125
gep02,00,2026-05-17,2026-06-10,gcrew,noaa_gefs,02,RH_percent_mean,24,77.74775695800781
gep02,00,2026-05-17,2026-06-10,gcrew,noaa_gefs,02,Rain_mm_sum,24,0
gep02,00,2026-05-17,2026-06-10,gcrew,noaa_gefs,02,ShortwaveRadiation_Wm2,24,344.5
gep02,00,2026-05-17,2026-06-10,gcrew,noaa_gefs,02,WindSpeed_ms_mean,24,3.046278388581381
gep02,00,2026-05-17,2026-06-11,gcrew,noaa_gefs,02,AirTemp_C_mean,25,19.354234313964866
gep02,00,2026-05-17,2026-06-11,gcrew,noaa_gefs,02,Pressure_Pa,25,101661.693359375
gep02,00,2026-05-17,2026-06-11,gcrew,noaa_gefs,02,RH_percent_mean,25,78.77657699584961
gep02,00,2026-05-17,2026-06-11,gcrew,noaa_gefs,02,Rain_mm_sum,25,0
gep02,00,2026-05-17,2026-06-11,gcrew,noaa_gefs,02,ShortwaveRadiation_Wm2,25,344.25
gep02,00,2026-05-17,2026-06-11,gcrew,noaa_gefs,02,WindSpeed_ms_mean,25,2.403215737924673
gep02,00,2026-05-17,2026-06-12,gcrew,noaa_gefs,02,AirTemp_C_mean,26,20.841760253906273
gep02,00,2026-05-17,2026-06-12,gcrew,noaa_gefs,02,Pressure_Pa,26,101401.55078125
gep02,00,2026-05-17,2026-06-12,gcrew,noaa_gefs,02,RH_percent_mean,26,86.05273246765137
gep02,00,2026-05-17,2026-06-12,gcrew,noaa_gefs,02,Rain_mm_sum,26,0.5000000074505806
gep02,00,2026-05-17,2026-06-12,gcrew,noaa_gefs,02,ShortwaveRadiation_Wm2,26,270.5
gep02,00,2026-05-17,2026-06-12,gcrew,noaa_gefs,02,WindSpeed_ms_mean,26,2.6211042370057838
gep02,00,2026-05-17,2026-06-13,gcrew,noaa_gefs,02,AirTemp_C_mean,27,22.633142089843773
gep02,00,2026-05-17,2026-06-13,gcrew,noaa_gefs,02,Pressure_Pa,27,101495.544921875
gep02,00,2026-05-17,2026-06-13,gcrew,noaa_gefs,02,RH_percent_mean,27,84.56381607055664
gep02,00,2026-05-17,2026-06-13,gcrew,noaa_gefs,02,Rain_mm_sum,27,0.30000001192092896
gep02,00,2026-05-17,2026-06-13,gcrew,noaa_gefs,02,ShortwaveRadiation_Wm2,27,331.25
gep02,00,2026-05-17,2026-06-13,gcrew,noaa_gefs,02,WindSpeed_ms_mean,27,4.002934118539743
gep02,00,2026-05-17,2026-06-14,gcrew,noaa_gefs,02,AirTemp_C_mean,28,23.382600402832054
gep02,00,2026-05-17,2026-06-14,gcrew,noaa_gefs,02,Pressure_Pa,28,101357.177734375
gep02,00,2026-05-17,2026-06-14,gcrew,noaa_gefs,02,RH_percent_mean,28,89.37162399291992
gep02,00,2026-05-17,2026-06-14,gcrew,noaa_gefs,02,Rain_mm_sum,28,2.6000000536441803
gep02,00,2026-05-17,2026-06-14,gcrew,noaa_gefs,02,ShortwaveRadiation_Wm2,28,284.75
gep02,00,2026-05-17,2026-06-14,gcrew,noaa_gefs,02,WindSpeed_ms_mean,28,3.3537151621249275
gep02,00,2026-05-17,2026-06-15,gcrew,noaa_gefs,02,AirTemp_C_mean,29,24.840669250488304
gep02,00,2026-05-17,2026-06-15,gcrew,noaa_gefs,02,Pressure_Pa,29,101524.51171875
gep02,00,2026-05-17,2026-06-15,gcrew,noaa_gefs,02,RH_percent_mean,29,77.19408130645752
gep02,00,2026-05-17,2026-06-15,gcrew,noaa_gefs,02,Rain_mm_sum,29,0.10000000149011612
gep02,00,2026-05-17,2026-06-15,gcrew,noaa_gefs,02,ShortwaveRadiation_Wm2,29,296.5
gep02,00,2026-05-17,2026-06-15,gcrew,noaa_gefs,02,WindSpeed_ms_mean,29,4.042771754237245
gep02,00,2026-05-17,2026-06-16,gcrew,noaa_gefs,02,AirTemp_C_mean,30,24.895989990234398
gep02,00,2026-05-17,2026-06-16,gcrew,noaa_gefs,02,Pressure_Pa,30,101772.68359375
gep02,00,2026-05-17,2026-06-16,gcrew,noaa_gefs,02,RH_percent_mean,30,77.33410263061523
gep02,00,2026-05-17,2026-06-16,gcrew,noaa_gefs,02,Rain_mm_sum,30,0.30000000447034836
gep02,00,2026-05-17,2026-06-16,gcrew,noaa_gefs,02,ShortwaveRadiation_Wm2,30,313.25
gep02,00,2026-05-17,2026-06-16,gcrew,noaa_gefs,02,WindSpeed_ms_mean,30,3.6732919255241057
gep02,00,2026-05-17,2026-06-17,gcrew,noaa_gefs,02,AirTemp_C_mean,31,25.772210693359398
gep02,00,2026-05-17,2026-06-17,gcrew,noaa_gefs,02,Pressure_Pa,31,101904.6171875
gep02,00,2026-05-17,2026-06-17,gcrew,noaa_gefs,02,RH_percent_mean,31,76.04165267944336
gep02,00,2026-05-17,2026-06-17,gcrew,noaa_gefs,02,Rain_mm_sum,31,0
gep02,00,2026-05-17,2026-06-17,gcrew,noaa_gefs,02,ShortwaveRadiation_Wm2,31,286.75
gep02,00,2026-05-17,2026-06-17,gcrew,noaa_gefs,02,WindSpeed_ms_mean,31,4.13248526059356
gep02,00,2026-05-17,2026-06-18,gcrew,noaa_gefs,02,AirTemp_C_mean,32,25.74041900634768
gep02,00,2026-05-17,2026-06-18,gcrew,noaa_gefs,02,Pressure_Pa,32,101534.314453125
gep02,00,2026-05-17,2026-06-18,gcrew,noaa_gefs,02,RH_percent_mean,32,80.33454704284668
gep02,00,2026-05-17,2026-06-18,gcrew,noaa_gefs,02,Rain_mm_sum,32,8.800000250339508
gep02,00,2026-05-17,2026-06-18,gcrew,noaa_gefs,02,ShortwaveRadiation_Wm2,32,311.5
gep02,00,2026-05-17,2026-06-18,gcrew,noaa_gefs,02,WindSpeed_ms_mean,32,4.21631310842572
gep02,00,2026-05-17,2026-06-19,gcrew,noaa_gefs,02,AirTemp_C_mean,33,24.15681610107424
gep02,00,2026-05-17,2026-06-19,gcrew,noaa_gefs,02,Pressure_Pa,33,101012.509765625
gep02,00,2026-05-17,2026-06-19,gcrew,noaa_gefs,02,RH_percent_mean,33,84.10998153686523
gep02,00,2026-05-17,2026-06-19,gcrew,noaa_gefs,02,Rain_mm_sum,33,37.50000125169754
gep02,00,2026-05-17,2026-06-19,gcrew,noaa_gefs,02,ShortwaveRadiation_Wm2,33,322.25
gep02,00,2026-05-17,2026-06-19,gcrew,noaa_gefs,02,WindSpeed_ms_mean,33,5.041177238306991
gep02,00,2026-05-17,2026-06-20,gcrew,noaa_gefs,02,AirTemp_C_mean,34,21.24146423339846
gep02,00,2026-05-17,2026-06-20,gcrew,noaa_gefs,02,Pressure_Pa,34,101358.76953125
gep02,00,2026-05-17,2026-06-20,gcrew,noaa_gefs,02,RH_percent_mean,34,58.25197887420654
gep02,00,2026-05-17,2026-06-20,gcrew,noaa_gefs,02,Rain_mm_sum,34,0
gep02,00,2026-05-17,2026-06-20,gcrew,noaa_gefs,02,ShortwaveRadiation_Wm2,34,354.5
gep02,00,2026-05-17,2026-06-20,gcrew,noaa_gefs,02,WindSpeed_ms_mean,34,7.9283052740783315
gep03,00,2026-05-17,2026-05-18,gcrew,noaa_gefs,03,AirTemp_C_mean,1,20.541738128662132
gep03,00,2026-05-17,2026-05-18,gcrew,noaa_gefs,03,Pressure_Pa,1,102011.392578125
gep03,00,2026-05-17,2026-05-18,gcrew,noaa_gefs,03,RH_percent_mean,1,84.17081260681152
gep03,00,2026-05-17,2026-05-18,gcrew,noaa_gefs,03,Rain_mm_sum,1,6.350000023841858
gep03,00,2026-05-17,2026-05-18,gcrew,noaa_gefs,03,ShortwaveRadiation_Wm2,1,332.125
gep03,00,2026-05-17,2026-05-18,gcrew,noaa_gefs,03,WindSpeed_ms_mean,1,2.606449622457496
gep03,00,2026-05-17,2026-05-19,gcrew,noaa_gefs,03,AirTemp_C_mean,2,23.0995918273926
gep03,00,2026-05-17,2026-05-19,gcrew,noaa_gefs,03,Pressure_Pa,2,101806.55859375
gep03,00,2026-05-17,2026-05-19,gcrew,noaa_gefs,03,RH_percent_mean,2,68.34389972686768
gep03,00,2026-05-17,2026-05-19,gcrew,noaa_gefs,03,Rain_mm_sum,2,1.8000000268220901
gep03,00,2026-05-17,2026-05-19,gcrew,noaa_gefs,03,ShortwaveRadiation_Wm2,2,334.75
gep03,00,2026-05-17,2026-05-19,gcrew,noaa_gefs,03,WindSpeed_ms_mean,2,3.4067788659044838
gep03,00,2026-05-17,2026-05-20,gcrew,noaa_gefs,03,AirTemp_C_mean,3,22.52497253417971
gep03,00,2026-05-17,2026-05-20,gcrew,noaa_gefs,03,Pressure_Pa,3,101325.6357421875
gep03,00,2026-05-17,2026-05-20,gcrew,noaa_gefs,03,RH_percent_mean,3,71.24866104125977
gep03,00,2026-05-17,2026-05-20,gcrew,noaa_gefs,03,Rain_mm_sum,3,26.70000010728836
gep03,00,2026-05-17,2026-05-20,gcrew,noaa_gefs,03,ShortwaveRadiation_Wm2,3,262.375
gep03,00,2026-05-17,2026-05-20,gcrew,noaa_gefs,03,WindSpeed_ms_mean,3,4.549640011874029
gep03,00,2026-05-17,2026-05-21,gcrew,noaa_gefs,03,AirTemp_C_mean,4,15.515148053850469
gep03,00,2026-05-17,2026-05-21,gcrew,noaa_gefs,03,Pressure_Pa,4,101836.072265625
gep03,00,2026-05-17,2026-05-21,gcrew,noaa_gefs,03,RH_percent_mean,4,76.015167236328125
gep03,00,2026-05-17,2026-05-21,gcrew,noaa_gefs,03,Rain_mm_sum,4,9.399999812245369
gep03,00,2026-05-17,2026-05-21,gcrew,noaa_gefs,03,ShortwaveRadiation_Wm2,4,97.625
gep03,00,2026-05-17,2026-05-21,gcrew,noaa_gefs,03,WindSpeed_ms_mean,4,3.6808240475840406
gep03,00,2026-05-17,2026-05-22,gcrew,noaa_gefs,03,AirTemp_C_mean,5,14.000840759277366
gep03,00,2026-05-17,2026-05-22,gcrew,noaa_gefs,03,Pressure_Pa,5,101988.966796875
gep03,00,2026-05-17,2026-05-22,gcrew,noaa_gefs,03,RH_percent_mean,5,84.21332263946533
gep03,00,2026-05-17,2026-05-22,gcrew,noaa_gefs,03,Rain_mm_sum,5,9.800000049173832
gep03,00,2026-05-17,2026-05-22,gcrew,noaa_gefs,03,ShortwaveRadiation_Wm2,5,22.75
gep03,00,2026-05-17,2026-05-22,gcrew,noaa_gefs,03,WindSpeed_ms_mean,5,4.696523470041017
gep03,00,2026-05-17,2026-05-23,gcrew,noaa_gefs,03,AirTemp_C_mean,6,13.291490173339866
gep03,00,2026-05-17,2026-05-23,gcrew,noaa_gefs,03,Pressure_Pa,6,102242.6494140625
gep03,00,2026-05-17,2026-05-23,gcrew,noaa_gefs,03,RH_percent_mean,6,95.31106090545654
gep03,00,2026-05-17,2026-05-23,gcrew,noaa_gefs,03,Rain_mm_sum,6,41.290000796318054
gep03,00,2026-05-17,2026-05-23,gcrew,noaa_gefs,03,ShortwaveRadiation_Wm2,6,8.625
gep03,00,2026-05-17,2026-05-23,gcrew,noaa_gefs,03,WindSpeed_ms_mean,6,6.730171879016334
gep03,00,2026-05-17,2026-05-24,gcrew,noaa_gefs,03,AirTemp_C_mean,7,13.87753829956057
gep03,00,2026-05-17,2026-05-24,gcrew,noaa_gefs,03,Pressure_Pa,7,102702.9013671875
gep03,00,2026-05-17,2026-05-24,gcrew,noaa_gefs,03,RH_percent_mean,7,89.53658866882324
gep03,00,2026-05-17,2026-05-24,gcrew,noaa_gefs,03,Rain_mm_sum,7,1.5000000074505806
gep03,00,2026-05-17,2026-05-24,gcrew,noaa_gefs,03,ShortwaveRadiation_Wm2,7,55.5
gep03,00,2026-05-17,2026-05-24,gcrew,noaa_gefs,03,WindSpeed_ms_mean,7,4.664883181526184
gep03,00,2026-05-17,2026-05-25,gcrew,noaa_gefs,03,AirTemp_C_mean,8,13.337792968750023
gep03,00,2026-05-17,2026-05-25,gcrew,noaa_gefs,03,Pressure_Pa,8,103076.4609375
gep03,00,2026-05-17,2026-05-25,gcrew,noaa_gefs,03,RH_percent_mean,8,78.87850284576416
gep03,00,2026-05-17,2026-05-25,gcrew,noaa_gefs,03,Rain_mm_sum,8,0
gep03,00,2026-05-17,2026-05-25,gcrew,noaa_gefs,03,ShortwaveRadiation_Wm2,8,160.625
gep03,00,2026-05-17,2026-05-25,gcrew,noaa_gefs,03,WindSpeed_ms_mean,8,4.284401237933425
gep03,00,2026-05-17,2026-05-26,gcrew,noaa_gefs,03,AirTemp_C_mean,9,13.400532749721005
gep03,00,2026-05-17,2026-05-26,gcrew,noaa_gefs,03,Pressure_Pa,9,102888.00669642857
gep03,00,2026-05-17,2026-05-26,gcrew,noaa_gefs,03,RH_percent_mean,9,66.3826152256557
gep03,00,2026-05-17,2026-05-26,gcrew,noaa_gefs,03,Rain_mm_sum,9,0
gep03,00,2026-05-17,2026-05-26,gcrew,noaa_gefs,03,ShortwaveRadiation_Wm2,9,372.2857142857143
gep03,00,2026-05-17,2026-05-26,gcrew,noaa_gefs,03,WindSpeed_ms_mean,9,2.9715455604219634
gep03,00,2026-05-17,2026-05-27,gcrew,noaa_gefs,03,AirTemp_C_mean,10,17.38470611572268
gep03,00,2026-05-17,2026-05-27,gcrew,noaa_gefs,03,Pressure_Pa,10,102230.107421875
gep03,00,2026-05-17,2026-05-27,gcrew,noaa_gefs,03,RH_percent_mean,10,76.62809085845947
gep03,00,2026-05-17,2026-05-27,gcrew,noaa_gefs,03,Rain_mm_sum,10,0
gep03,00,2026-05-17,2026-05-27,gcrew,noaa_gefs,03,ShortwaveRadiation_Wm2,10,292
gep03,00,2026-05-17,2026-05-27,gcrew,noaa_gefs,03,WindSpeed_ms_mean,10,3.292260275209521
gep03,00,2026-05-17,2026-05-28,gcrew,noaa_gefs,03,AirTemp_C_mean,11,18.825532531738304
gep03,00,2026-05-17,2026-05-28,gcrew,noaa_gefs,03,Pressure_Pa,11,101594.103515625
gep03,00,2026-05-17,2026-05-28,gcrew,noaa_gefs,03,RH_percent_mean,11,88.5962963104248
gep03,00,2026-05-17,2026-05-28,gcrew,noaa_gefs,03,Rain_mm_sum,11,3.2000001445412636
gep03,00,2026-05-17,2026-05-28,gcrew,noaa_gefs,03,ShortwaveRadiation_Wm2,11,232.25
gep03,00,2026-05-17,2026-05-28,gcrew,noaa_gefs,03,WindSpeed_ms_mean,11,1.843962609809163
gep03,00,2026-05-17,2026-05-29,gcrew,noaa_gefs,03,AirTemp_C_mean,12,20.632531738281273
gep03,00,2026-05-17,2026-05-29,gcrew,noaa_gefs,03,Pressure_Pa,12,101605.099609375
gep03,00,2026-05-17,2026-05-29,gcrew,noaa_gefs,03,RH_percent_mean,12,90.68621635437012
gep03,00,2026-05-17,2026-05-29,gcrew,noaa_gefs,03,Rain_mm_sum,12,8.700000047683716
gep03,00,2026-05-17,2026-05-29,gcrew,noaa_gefs,03,ShortwaveRadiation_Wm2,12,303.25
gep03,00,2026-05-17,2026-05-29,gcrew,noaa_gefs,03,WindSpeed_ms_mean,12,2.2984613975817045
gep03,00,2026-05-17,2026-05-30,gcrew,noaa_gefs,03,AirTemp_C_mean,13,20.257226562500023
gep03,00,2026-05-17,2026-05-30,gcrew,noaa_gefs,03,Pressure_Pa,13,101830.51953125
gep03,00,2026-05-17,2026-05-30,gcrew,noaa_gefs,03,RH_percent_mean,13,89.01692962646484
gep03,00,2026-05-17,2026-05-30,gcrew,noaa_gefs,03,Rain_mm_sum,13,0.700000025331974
gep03,00,2026-05-17,2026-05-30,gcrew,noaa_gefs,03,ShortwaveRadiation_Wm2,13,279
gep03,00,2026-05-17,2026-05-30,gcrew,noaa_gefs,03,WindSpeed_ms_mean,13,7.177529832521996
gep03,00,2026-05-17,2026-05-31,gcrew,noaa_gefs,03,AirTemp_C_mean,14,20.746133422851585
gep03,00,2026-05-17,2026-05-31,gcrew,noaa_gefs,03,Pressure_Pa,14,101566.6875
gep03,00,2026-05-17,2026-05-31,gcrew,noaa_gefs,03,RH_percent_mean,14,86.56785774230957
gep03,00,2026-05-17,2026-05-31,gcrew,noaa_gefs,03,Rain_mm_sum,14,0.10000000149011612
gep03,00,2026-05-17,2026-05-31,gcrew,noaa_gefs,03,ShortwaveRadiation_Wm2,14,236.5
gep03,00,2026-05-17,2026-05-31,gcrew,noaa_gefs,03,WindSpeed_ms_mean,14,4.452410245898682
gep03,00,2026-05-17,2026-06-01,gcrew,noaa_gefs,03,AirTemp_C_mean,15,21.641290283203148
gep03,00,2026-05-17,2026-06-01,gcrew,noaa_gefs,03,Pressure_Pa,15,101232.943359375
gep03,00,2026-05-17,2026-06-01,gcrew,noaa_gefs,03,RH_percent_mean,15,85.77047920227051
gep03,00,2026-05-17,2026-06-01,gcrew,noaa_gefs,03,Rain_mm_sum,15,0.20000000298023224
gep03,00,2026-05-17,2026-06-01,gcrew,noaa_gefs,03,ShortwaveRadiation_Wm2,15,319.25
gep03,00,2026-05-17,2026-06-01,gcrew,noaa_gefs,03,WindSpeed_ms_mean,15,4.987514627831614
gep03,00,2026-05-17,2026-06-02,gcrew,noaa_gefs,03,AirTemp_C_mean,16,23.64350280761721
gep03,00,2026-05-17,2026-06-02,gcrew,noaa_gefs,03,Pressure_Pa,16,100336.03125
gep03,00,2026-05-17,2026-06-02,gcrew,noaa_gefs,03,RH_percent_mean,16,79.2158031463623
gep03,00,2026-05-17,2026-06-02,gcrew,noaa_gefs,03,Rain_mm_sum,16,0.10000000149011612
gep03,00,2026-05-17,2026-06-02,gcrew,noaa_gefs,03,ShortwaveRadiation_Wm2,16,248.5
gep03,00,2026-05-17,2026-06-02,gcrew,noaa_gefs,03,WindSpeed_ms_mean,16,6.294558916761398
gep03,00,2026-05-17,2026-06-03,gcrew,noaa_gefs,03,AirTemp_C_mean,17,21.807466125488304
gep03,00,2026-05-17,2026-06-03,gcrew,noaa_gefs,03,Pressure_Pa,17,100524.14453125
gep03,00,2026-05-17,2026-06-03,gcrew,noaa_gefs,03,RH_percent_mean,17,82.67036247253418
gep03,00,2026-05-17,2026-06-03,gcrew,noaa_gefs,03,Rain_mm_sum,17,4.900000035762787
gep03,00,2026-05-17,2026-06-03,gcrew,noaa_gefs,03,ShortwaveRadiation_Wm2,17,192.5
gep03,00,2026-05-17,2026-06-03,gcrew,noaa_gefs,03,WindSpeed_ms_mean,17,6.2389494415019655
gep03,00,2026-05-17,2026-06-04,gcrew,noaa_gefs,03,AirTemp_C_mean,18,19.62371978759768
gep03,00,2026-05-17,2026-06-04,gcrew,noaa_gefs,03,Pressure_Pa,18,101363.12109375
gep03,00,2026-05-17,2026-06-04,gcrew,noaa_gefs,03,RH_percent_mean,18,59.62021350860596
gep03,00,2026-05-17,2026-06-04,gcrew,noaa_gefs,03,Rain_mm_sum,18,0
gep03,00,2026-05-17,2026-06-04,gcrew,noaa_gefs,03,ShortwaveRadiation_Wm2,18,353
gep03,00,2026-05-17,2026-06-04,gcrew,noaa_gefs,03,WindSpeed_ms_mean,18,5.129538041845657
gep03,00,2026-05-17,2026-06-05,gcrew,noaa_gefs,03,AirTemp_C_mean,19,18.13916931152346
gep03,00,2026-05-17,2026-06-05,gcrew,noaa_gefs,03,Pressure_Pa,19,102108.5078125
gep03,00,2026-05-17,2026-06-05,gcrew,noaa_gefs,03,RH_percent_mean,19,67.04474639892578
gep03,00,2026-05-17,2026-06-05,gcrew,noaa_gefs,03,Rain_mm_sum,19,0
gep03,00,2026-05-17,2026-06-05,gcrew,noaa_gefs,03,ShortwaveRadiation_Wm2,19,292.75
gep03,00,2026-05-17,2026-06-05,gcrew,noaa_gefs,03,WindSpeed_ms_mean,19,5.191744913150064
gep03,00,2026-05-17,2026-06-06,gcrew,noaa_gefs,03,AirTemp_C_mean,20,17.265962219238304
gep03,00,2026-05-17,2026-06-06,gcrew,noaa_gefs,03,Pressure_Pa,20,102458.673828125
gep03,00,2026-05-17,2026-06-06,gcrew,noaa_gefs,03,RH_percent_mean,20,61.6632661819458
gep03,00,2026-05-17,2026-06-06,gcrew,noaa_gefs,03,Rain_mm_sum,20,0
gep03,00,2026-05-17,2026-06-06,gcrew,noaa_gefs,03,ShortwaveRadiation_Wm2,20,353.75
gep03,00,2026-05-17,2026-06-06,gcrew,noaa_gefs,03,WindSpeed_ms_mean,20,6.67467006888216
gep03,00,2026-05-17,2026-06-07,gcrew,noaa_gefs,03,AirTemp_C_mean,21,17.46930847167971
gep03,00,2026-05-17,2026-06-07,gcrew,noaa_gefs,03,Pressure_Pa,21,102539.91796875
gep03,00,2026-05-17,2026-06-07,gcrew,noaa_gefs,03,RH_percent_mean,21,57.39550495147705
gep03,00,2026-05-17,2026-06-07,gcrew,noaa_gefs,03,Rain_mm_sum,21,0
gep03,00,2026-05-17,2026-06-07,gcrew,noaa_gefs,03,ShortwaveRadiation_Wm2,21,311.25
gep03,00,2026-05-17,2026-06-07,gcrew,noaa_gefs,03,WindSpeed_ms_mean,21,6.253105276917296
gep03,00,2026-05-17,2026-06-08,gcrew,noaa_gefs,03,AirTemp_C_mean,22,18.264520263671898
gep03,00,2026-05-17,2026-06-08,gcrew,noaa_gefs,03,Pressure_Pa,22,102453.42578125
gep03,00,2026-05-17,2026-06-08,gcrew,noaa_gefs,03,RH_percent_mean,22,69.18738460540771
gep03,00,2026-05-17,2026-06-08,gcrew,noaa_gefs,03,Rain_mm_sum,22,0
gep03,00,2026-05-17,2026-06-08,gcrew,noaa_gefs,03,ShortwaveRadiation_Wm2,22,358.75
gep03,00,2026-05-17,2026-06-08,gcrew,noaa_gefs,03,WindSpeed_ms_mean,22,5.268783443054002
gep03,00,2026-05-17,2026-06-09,gcrew,noaa_gefs,03,AirTemp_C_mean,23,19.784394836425804
gep03,00,2026-05-17,2026-06-09,gcrew,noaa_gefs,03,Pressure_Pa,23,102266.64453125
gep03,00,2026-05-17,2026-06-09,gcrew,noaa_gefs,03,RH_percent_mean,23,76.86220645904541
gep03,00,2026-05-17,2026-06-09,gcrew,noaa_gefs,03,Rain_mm_sum,23,0
gep03,00,2026-05-17,2026-06-09,gcrew,noaa_gefs,03,ShortwaveRadiation_Wm2,23,315.5
gep03,00,2026-05-17,2026-06-09,gcrew,noaa_gefs,03,WindSpeed_ms_mean,23,4.38349937840495
gep03,00,2026-05-17,2026-06-10,gcrew,noaa_gefs,03,AirTemp_C_mean,24,19.276849365234398
gep03,00,2026-05-17,2026-06-10,gcrew,noaa_gefs,03,Pressure_Pa,24,102072.908203125
gep03,00,2026-05-17,2026-06-10,gcrew,noaa_gefs,03,RH_percent_mean,24,77.74775695800781
gep03,00,2026-05-17,2026-06-10,gcrew,noaa_gefs,03,Rain_mm_sum,24,0
gep03,00,2026-05-17,2026-06-10,gcrew,noaa_gefs,03,ShortwaveRadiation_Wm2,24,344.5
gep03,00,2026-05-17,2026-06-10,gcrew,noaa_gefs,03,WindSpeed_ms_mean,24,3.046278388581381
gep03,00,2026-05-17,2026-06-11,gcrew,noaa_gefs,03,AirTemp_C_mean,25,19.354234313964866
gep03,00,2026-05-17,2026-06-11,gcrew,noaa_gefs,03,Pressure_Pa,25,101661.693359375
gep03,00,2026-05-17,2026-06-11,gcrew,noaa_gefs,03,RH_percent_mean,25,78.77657699584961
gep03,00,2026-05-17,2026-06-11,gcrew,noaa_gefs,03,Rain_mm_sum,25,0
gep03,00,2026-05-17,2026-06-11,gcrew,noaa_gefs,03,ShortwaveRadiation_Wm2,25,344.25
gep03,00,2026-05-17,2026-06-11,gcrew,noaa_gefs,03,WindSpeed_ms_mean,25,2.403215737924673
gep03,00,2026-05-17,2026-06-12,gcrew,noaa_gefs,03,AirTemp_C_mean,26,20.841760253906273
gep03,00,2026-05-17,2026-06-12,gcrew,noaa_gefs,03,Pressure_Pa,26,101401.55078125
gep03,00,2026-05-17,2026-06-12,gcrew,noaa_gefs,03,RH_percent_mean,26,86.05273246765137
gep03,00,2026-05-17,2026-06-12,gcrew,noaa_gefs,03,Rain_mm_sum,26,0.5000000074505806
gep03,00,2026-05-17,2026-06-12,gcrew,noaa_gefs,03,ShortwaveRadiation_Wm2,26,270.5
gep03,00,2026-05-17,2026-06-12,gcrew,noaa_gefs,03,WindSpeed_ms_mean,26,2.6211042370057838
gep03,00,2026-05-17,2026-06-13,gcrew,noaa_gefs,03,AirTemp_C_mean,27,22.633142089843773
gep03,00,2026-05-17,2026-06-13,gcrew,noaa_gefs,03,Pressure_Pa,27,101495.544921875
gep03,00,2026-05-17,2026-06-13,gcrew,noaa_gefs,03,RH_percent_mean,27,84.56381607055664
gep03,00,2026-05-17,2026-06-13,gcrew,noaa_gefs,03,Rain_mm_sum,27,0.30000001192092896
gep03,00,2026-05-17,2026-06-13,gcrew,noaa_gefs,03,ShortwaveRadiation_Wm2,27,331.25
gep03,00,2026-05-17,2026-06-13,gcrew,noaa_gefs,03,WindSpeed_ms_mean,27,4.002934118539743
gep03,00,2026-05-17,2026-06-14,gcrew,noaa_gefs,03,AirTemp_C_mean,28,23.382600402832054
gep03,00,2026-05-17,2026-06-14,gcrew,noaa_gefs,03,Pressure_Pa,28,101357.177734375
gep03,00,2026-05-17,2026-06-14,gcrew,noaa_gefs,03,RH_percent_mean,28,89.37162399291992
gep03,00,2026-05-17,2026-06-14,gcrew,noaa_gefs,03,Rain_mm_sum,28,2.6000000536441803
gep03,00,2026-05-17,2026-06-14,gcrew,noaa_gefs,03,ShortwaveRadiation_Wm2,28,284.75
gep03,00,2026-05-17,2026-06-14,gcrew,noaa_gefs,03,WindSpeed_ms_mean,28,3.3537151621249275
gep03,00,2026-05-17,2026-06-15,gcrew,noaa_gefs,03,AirTemp_C_mean,29,24.840669250488304
gep03,00,2026-05-17,2026-06-15,gcrew,noaa_gefs,03,Pressure_Pa,29,101524.51171875
gep03,00,2026-05-17,2026-06-15,gcrew,noaa_gefs,03,RH_percent_mean,29,77.19408130645752
gep03,00,2026-05-17,2026-06-15,gcrew,noaa_gefs,03,Rain_mm_sum,29,0.10000000149011612
gep03,00,2026-05-17,2026-06-15,gcrew,noaa_gefs,03,ShortwaveRadiation_Wm2,29,296.5
gep03,00,2026-05-17,2026-06-15,gcrew,noaa_gefs,03,WindSpeed_ms_mean,29,4.042771754237245
gep03,00,2026-05-17,2026-06-16,gcrew,noaa_gefs,03,AirTemp_C_mean,30,24.895989990234398
gep03,00,2026-05-17,2026-06-16,gcrew,noaa_gefs,03,Pressure_Pa,30,101772.68359375
gep03,00,2026-05-17,2026-06-16,gcrew,noaa_gefs,03,RH_percent_mean,30,77.33410263061523
gep03,00,2026-05-17,2026-06-16,gcrew,noaa_gefs,03,Rain_mm_sum,30,0.30000000447034836
gep03,00,2026-05-17,2026-06-16,gcrew,noaa_gefs,03,ShortwaveRadiation_Wm2,30,313.25
gep03,00,2026-05-17,2026-06-16,gcrew,noaa_gefs,03,WindSpeed_ms_mean,30,3.6732919255241057
gep03,00,2026-05-17,2026-06-17,gcrew,noaa_gefs,03,AirTemp_C_mean,31,25.772210693359398
gep03,00,2026-05-17,2026-06-17,gcrew,noaa_gefs,03,Pressure_Pa,31,101904.6171875
gep03,00,2026-05-17,2026-06-17,gcrew,noaa_gefs,03,RH_percent_mean,31,76.04165267944336
gep03,00,2026-05-17,2026-06-17,gcrew,noaa_gefs,03,Rain_mm_sum,31,0
gep03,00,2026-05-17,2026-06-17,gcrew,noaa_gefs,03,ShortwaveRadiation_Wm2,31,286.75
gep03,00,2026-05-17,2026-06-17,gcrew,noaa_gefs,03,WindSpeed_ms_mean,31,4.13248526059356
gep03,00,2026-05-17,2026-06-18,gcrew,noaa_gefs,03,AirTemp_C_mean,32,25.74041900634768
gep03,00,2026-05-17,2026-06-18,gcrew,noaa_gefs,03,Pressure_Pa,32,101534.314453125
gep03,00,2026-05-17,2026-06-18,gcrew,noaa_gefs,03,RH_percent_mean,32,80.33454704284668
gep03,00,2026-05-17,2026-06-18,gcrew,noaa_gefs,03,Rain_mm_sum,32,8.800000250339508
gep03,00,2026-05-17,2026-06-18,gcrew,noaa_gefs,03,ShortwaveRadiation_Wm2,32,311.5
gep03,00,2026-05-17,2026-06-18,gcrew,noaa_gefs,03,WindSpeed_ms_mean,32,4.21631310842572
gep03,00,2026-05-17,2026-06-19,gcrew,noaa_gefs,03,AirTemp_C_mean,33,24.15681610107424
gep03,00,2026-05-17,2026-06-19,gcrew,noaa_gefs,03,Pressure_Pa,33,101012.509765625
gep03,00,2026-05-17,2026-06-19,gcrew,noaa_gefs,03,RH_percent_mean,33,84.10998153686523
gep03,00,2026-05-17,2026-06-19,gcrew,noaa_gefs,03,Rain_mm_sum,33,37.50000125169754
gep03,00,2026-05-17,2026-06-19,gcrew,noaa_gefs,03,ShortwaveRadiation_Wm2,33,322.25
gep03,00,2026-05-17,2026-06-19,gcrew,noaa_gefs,03,WindSpeed_ms_mean,33,5.041177238306991
gep03,00,2026-05-17,2026-06-20,gcrew,noaa_gefs,03,AirTemp_C_mean,34,21.24146423339846
gep03,00,2026-05-17,2026-06-20,gcrew,noaa_gefs,03,Pressure_Pa,34,101358.76953125
gep03,00,2026-05-17,2026-06-20,gcrew,noaa_gefs,03,RH_percent_mean,34,58.25197887420654
gep03,00,2026-05-17,2026-06-20,gcrew,noaa_gefs,03,Rain_mm_sum,34,0
gep03,00,2026-05-17,2026-06-20,gcrew,noaa_gefs,03,ShortwaveRadiation_Wm2,34,354.5
gep03,00,2026-05-17,2026-06-20,gcrew,noaa_gefs,03,WindSpeed_ms_mean,34,7.9283052740783315
gep04,00,2026-05-17,2026-05-18,gcrew,noaa_gefs,04,AirTemp_C_mean,1,20.541738128662132
gep04,00,2026-05-17,2026-05-18,gcrew,noaa_gefs,04,Pressure_Pa,1,102011.392578125
gep04,00,2026-05-17,2026-05-18,gcrew,noaa_gefs,04,RH_percent_mean,1,84.17081260681152
gep04,00,2026-05-17,2026-05-18,gcrew,noaa_gefs,04,Rain_mm_sum,1,6.350000023841858
gep04,00,2026-05-17,2026-05-18,gcrew,noaa_gefs,04,ShortwaveRadiation_Wm2,1,332.125
gep04,00,2026-05-17,2026-05-18,gcrew,noaa_gefs,04,WindSpeed_ms_mean,1,2.606449622457496
gep04,00,2026-05-17,2026-05-19,gcrew,noaa_gefs,04,AirTemp_C_mean,2,23.0995918273926
gep04,00,2026-05-17,2026-05-19,gcrew,noaa_gefs,04,Pressure_Pa,2,101806.55859375
gep04,00,2026-05-17,2026-05-19,gcrew,noaa_gefs,04,RH_percent_mean,2,68.34389972686768
gep04,00,2026-05-17,2026-05-19,gcrew,noaa_gefs,04,Rain_mm_sum,2,1.8000000268220901
gep04,00,2026-05-17,2026-05-19,gcrew,noaa_gefs,04,ShortwaveRadiation_Wm2,2,334.75
gep04,00,2026-05-17,2026-05-19,gcrew,noaa_gefs,04,WindSpeed_ms_mean,2,3.4067788659044838
gep04,00,2026-05-17,2026-05-20,gcrew,noaa_gefs,04,AirTemp_C_mean,3,22.52497253417971
gep04,00,2026-05-17,2026-05-20,gcrew,noaa_gefs,04,Pressure_Pa,3,101325.6357421875
gep04,00,2026-05-17,2026-05-20,gcrew,noaa_gefs,04,RH_percent_mean,3,71.24866104125977
gep04,00,2026-05-17,2026-05-20,gcrew,noaa_gefs,04,Rain_mm_sum,3,26.70000010728836
gep04,00,2026-05-17,2026-05-20,gcrew,noaa_gefs,04,ShortwaveRadiation_Wm2,3,262.375
gep04,00,2026-05-17,2026-05-20,gcrew,noaa_gefs,04,WindSpeed_ms_mean,3,4.549640011874029
gep04,00,2026-05-17,2026-05-21,gcrew,noaa_gefs,04,AirTemp_C_mean,4,15.515148053850469
gep04,00,2026-05-17,2026-05-21,gcrew,noaa_gefs,04,Pressure_Pa,4,101836.072265625
gep04,00,2026-05-17,2026-05-21,gcrew,noaa_gefs,04,RH_percent_mean,4,76.015167236328125
gep04,00,2026-05-17,2026-05-21,gcrew,noaa_gefs,04,Rain_mm_sum,4,9.399999812245369
gep04,00,2026-05-17,2026-05-21,gcrew,noaa_gefs,04,ShortwaveRadiation_Wm2,4,97.625
gep04,00,2026-05-17,2026-05-21,gcrew,noaa_gefs,04,WindSpeed_ms_mean,4,3.6808240475840406
gep04,00,2026-05-17,2026-05-22,gcrew,noaa_gefs,04,AirTemp_C_mean,5,14.000840759277366
gep04,00,2026-05-17,2026-05-22,gcrew,noaa_gefs,04,Pressure_Pa,5,101988.966796875
gep04,00,2026-05-17,2026-05-22,gcrew,noaa_gefs,04,RH_percent_mean,5,84.21332263946533
gep04,00,2026-05-17,2026-05-22,gcrew,noaa_gefs,04,Rain_mm_sum,5,9.800000049173832
gep04,00,2026-05-17,2026-05-22,gcrew,noaa_gefs,04,ShortwaveRadiation_Wm2,5,22.75
gep04,00,2026-05-17,2026-05-22,gcrew,noaa_gefs,04,WindSpeed_ms_mean,5,4.696523470041017
gep04,00,2026-05-17,2026-05-23,gcrew,noaa_gefs,04,AirTemp_C_mean,6,13.291490173339866
gep04,00,2026-05-17,2026-05-23,gcrew,noaa_gefs,04,Pressure_Pa,6,102242.6494140625
gep04,00,2026-05-17,2026-05-23,gcrew,noaa_gefs,04,RH_percent_mean,6,95.31106090545654
gep04,00,2026-05-17,2026-05-23,gcrew,noaa_gefs,04,Rain_mm_sum,6,41.290000796318054
gep04,00,2026-05-17,2026-05-23,gcrew,noaa_gefs,04,ShortwaveRadiation_Wm2,6,8.625
gep04,00,2026-05-17,2026-05-23,gcrew,noaa_gefs,04,WindSpeed_ms_mean,6,6.730171879016334
gep04,00,2026-05-17,2026-05-24,gcrew,noaa_gefs,04,AirTemp_C_mean,7,13.87753829956057
gep04,00,2026-05-17,2026-05-24,gcrew,noaa_gefs,04,Pressure_Pa,7,102702.9013671875
gep04,00,2026-05-17,2026-05-24,gcrew,noaa_gefs,04,RH_percent_mean,7,89.53658866882324
gep04,00,2026-05-17,2026-05-24,gcrew,noaa_gefs,04,Rain_mm_sum,7,1.5000000074505806
gep04,00,2026-05-17,2026-05-24,gcrew,noaa_gefs,04,ShortwaveRadiation_Wm2,7,55.5
gep04,00,2026-05-17,2026-05-24,gcrew,noaa_gefs,04,WindSpeed_ms_mean,7,4.664883181526184
gep04,00,2026-05-17,2026-05-25,gcrew,noaa_gefs,04,AirTemp_C_mean,8,13.337792968750023
gep04,00,2026-05-17,2026-05-25,gcrew,noaa_gefs,04,Pressure_Pa,8,103076.4609375
gep04,00,2026-05-17,2026-05-25,gcrew,noaa_gefs,04,RH_percent_mean,8,78.87850284576416
gep04,00,2026-05-17,2026-05-25,gcrew,noaa_gefs,04,Rain_mm_sum,8,0
gep04,00,2026-05-17,2026-05-25,gcrew,noaa_gefs,04,ShortwaveRadiation_Wm2,8,160.625
gep04,00,2026-05-17,2026-05-25,gcrew,noaa_gefs,04,WindSpeed_ms_mean,8,4.284401237933425
gep04,00,2026-05-17,2026-05-26,gcrew,noaa_gefs,04,AirTemp_C_mean,9,13.400532749721005
gep04,00,2026-05-17,2026-05-26,gcrew,noaa_gefs,04,Pressure_Pa,9,102888.00669642857
gep04,00,2026-05-17,2026-05-26,gcrew,noaa_gefs,04,RH_percent_mean,9,66.3826152256557
gep04,00,2026-05-17,2026-05-26,gcrew,noaa_gefs,04,Rain_mm_sum,9,0
gep04,00,2026-05-17,2026-05-26,gcrew,noaa_gefs,04,ShortwaveRadiation_Wm2,9,372.2857142857143
gep04,00,2026-05-17,2026-05-26,gcrew,noaa_gefs,04,WindSpeed_ms_mean,9,2.9715455604219634
gep04,00,2026-05-17,2026-05-27,gcrew,noaa_gefs,04,AirTemp_C_mean,10,17.38470611572268
gep04,00,2026-05-17,2026-05-27,gcrew,noaa_gefs,04,Pressure_Pa,10,102230.107421875
gep04,00,2026-05-17,2026-05-27,gcrew,noaa_gefs,04,RH_percent_mean,10,76.62809085845947
gep04,00,2026-05-17,2026-05-27,gcrew,noaa_gefs,04,Rain_mm_sum,10,0
gep04,00,2026-05-17,2026-05-27,gcrew,noaa_gefs,04,ShortwaveRadiation_Wm2,10,292
gep04,00,2026-05-17,2026-05-27,gcrew,noaa_gefs,04,WindSpeed_ms_mean,10,3.292260275209521
gep04,00,2026-05-17,2026-05-28,gcrew,noaa_gefs,04,AirTemp_C_mean,11,18.825532531738304
gep04,00,2026-05-17,2026-05-28,gcrew,noaa_gefs,04,Pressure_Pa,11,101594.103515625
gep04,00,2026-05-17,2026-05-28,gcrew,noaa_gefs,04,RH_percent_mean,11,88.5962963104248
gep04,00,2026-05-17,2026-05-28,gcrew,noaa_gefs,04,Rain_mm_sum,11,3.2000001445412636
gep04,00,2026-05-17,2026-05-28,gcrew,noaa_gefs,04,ShortwaveRadiation_Wm2,11,232.25
gep04,00,2026-05-17,2026-05-28,gcrew,noaa_gefs,04,WindSpeed_ms_mean,11,1.843962609809163
gep04,00,2026-05-17,2026-05-29,gcrew,noaa_gefs,04,AirTemp_C_mean,12,20.632531738281273
gep04,00,2026-05-17,2026-05-29,gcrew,noaa_gefs,04,Pressure_Pa,12,101605.099609375
gep04,00,2026-05-17,2026-05-29,gcrew,noaa_gefs,04,RH_percent_mean,12,90.68621635437012
gep04,00,2026-05-17,2026-05-29,gcrew,noaa_gefs,04,Rain_mm_sum,12,8.700000047683716
gep04,00,2026-05-17,2026-05-29,gcrew,noaa_gefs,04,ShortwaveRadiation_Wm2,12,303.25
gep04,00,2026-05-17,2026-05-29,gcrew,noaa_gefs,04,WindSpeed_ms_mean,12,2.2984613975817045
gep04,00,2026-05-17,2026-05-30,gcrew,noaa_gefs,04,AirTemp_C_mean,13,20.257226562500023
gep04,00,2026-05-17,2026-05-30,gcrew,noaa_gefs,04,Pressure_Pa,13,101830.51953125
gep04,00,2026-05-17,2026-05-30,gcrew,noaa_gefs,04,RH_percent_mean,13,89.01692962646484
gep04,00,2026-05-17,2026-05-30,gcrew,noaa_gefs,04,Rain_mm_sum,13,0.700000025331974
gep04,00,2026-05-17,2026-05-30,gcrew,noaa_gefs,04,ShortwaveRadiation_Wm2,13,279
gep04,00,2026-05-17,2026-05-30,gcrew,noaa_gefs,04,WindSpeed_ms_mean,13,7.177529832521996
gep04,00,2026-05-17,2026-05-31,gcrew,noaa_gefs,04,AirTemp_C_mean,14,20.746133422851585
gep04,00,2026-05-17,2026-05-31,gcrew,noaa_gefs,04,Pressure_Pa,14,101566.6875
gep04,00,2026-05-17,2026-05-31,gcrew,noaa_gefs,04,RH_percent_mean,14,86.56785774230957
gep04,00,2026-05-17,2026-05-31,gcrew,noaa_gefs,04,Rain_mm_sum,14,0.10000000149011612
gep04,00,2026-05-17,2026-05-31,gcrew,noaa_gefs,04,ShortwaveRadiation_Wm2,14,236.5
gep04,00,2026-05-17,2026-05-31,gcrew,noaa_gefs,04,WindSpeed_ms_mean,14,4.452410245898682
gep04,00,2026-05-17,2026-06-01,gcrew,noaa_gefs,04,AirTemp_C_mean,15,21.641290283203148
gep04,00,2026-05-17,2026-06-01,gcrew,noaa_gefs,04,Pressure_Pa,15,101232.943359375
gep04,00,2026-05-17,2026-06-01,gcrew,noaa_gefs,04,RH_percent_mean,15,85.77047920227051
gep04,00,2026-05-17,2026-06-01,gcrew,noaa_gefs,04,Rain_mm_sum,15,0.20000000298023224
gep04,00,2026-05-17,2026-06-01,gcrew,noaa_gefs,04,ShortwaveRadiation_Wm2,15,319.25
gep04,00,2026-05-17,2026-06-01,gcrew,noaa_gefs,04,WindSpeed_ms_mean,15,4.987514627831614
gep04,00,2026-05-17,2026-06-02,gcrew,noaa_gefs,04,AirTemp_C_mean,16,23.64350280761721
gep04,00,2026-05-17,2026-06-02,gcrew,noaa_gefs,04,Pressure_Pa,16,100336.03125
gep04,00,2026-05-17,2026-06-02,gcrew,noaa_gefs,04,RH_percent_mean,16,79.2158031463623
gep04,00,2026-05-17,2026-06-02,gcrew,noaa_gefs,04,Rain_mm_sum,16,0.10000000149011612
gep04,00,2026-05-17,2026-06-02,gcrew,noaa_gefs,04,ShortwaveRadiation_Wm2,16,248.5
gep04,00,2026-05-17,2026-06-02,gcrew,noaa_gefs,04,WindSpeed_ms_mean,16,6.294558916761398
gep04,00,2026-05-17,2026-06-03,gcrew,noaa_gefs,04,AirTemp_C_mean,17,21.807466125488304
gep04,00,2026-05-17,2026-06-03,gcrew,noaa_gefs,04,Pressure_Pa,17,100524.14453125
gep04,00,2026-05-17,2026-06-03,gcrew,noaa_gefs,04,RH_percent_mean,17,82.67036247253418
gep04,00,2026-05-17,2026-06-03,gcrew,noaa_gefs,04,Rain_mm_sum,17,4.900000035762787
gep04,00,2026-05-17,2026-06-03,gcrew,noaa_gefs,04,ShortwaveRadiation_Wm2,17,192.5
gep04,00,2026-05-17,2026-06-03,gcrew,noaa_gefs,04,WindSpeed_ms_mean,17,6.2389494415019655
gep04,00,2026-05-17,2026-06-04,gcrew,noaa_gefs,04,AirTemp_C_mean,18,19.62371978759768
gep04,00,2026-05-17,2026-06-04,gcrew,noaa_gefs,04,Pressure_Pa,18,101363.12109375
gep04,00,2026-05-17,2026-06-04,gcrew,noaa_gefs,04,RH_percent_mean,18,59.62021350860596
gep04,00,2026-05-17,2026-06-04,gcrew,noaa_gefs,04,Rain_mm_sum,18,0
gep04,00,2026-05-17,2026-06-04,gcrew,noaa_gefs,04,ShortwaveRadiation_Wm2,18,353
gep04,00,2026-05-17,2026-06-04,gcrew,noaa_gefs,04,WindSpeed_ms_mean,18,5.129538041845657
gep04,00,2026-05-17,2026-06-05,gcrew,noaa_gefs,04,AirTemp_C_mean,19,18.13916931152346
gep04,00,2026-05-17,2026-06-05,gcrew,noaa_gefs,04,Pressure_Pa,19,102108.5078125
gep04,00,2026-05-17,2026-06-05,gcrew,noaa_gefs,04,RH_percent_mean,19,67.04474639892578
gep04,00,2026-05-17,2026-06-05,gcrew,noaa_gefs,04,Rain_mm_sum,19,0
gep04,00,2026-05-17,2026-06-05,gcrew,noaa_gefs,04,ShortwaveRadiation_Wm2,19,292.75
gep04,00,2026-05-17,2026-06-05,gcrew,noaa_gefs,04,WindSpeed_ms_mean,19,5.191744913150064
gep04,00,2026-05-17,2026-06-06,gcrew,noaa_gefs,04,AirTemp_C_mean,20,17.265962219238304
gep04,00,2026-05-17,2026-06-06,gcrew,noaa_gefs,04,Pressure_Pa,20,102458.673828125
gep04,00,2026-05-17,2026-06-06,gcrew,noaa_gefs,04,RH_percent_mean,20,61.6632661819458
gep04,00,2026-05-17,2026-06-06,gcrew,noaa_gefs,04,Rain_mm_sum,20,0
gep04,00,2026-05-17,2026-06-06,gcrew,noaa_gefs,04,ShortwaveRadiation_Wm2,20,353.75
gep04,00,2026-05-17,2026-06-06,gcrew,noaa_gefs,04,WindSpeed_ms_mean,20,6.67467006888216
gep04,00,2026-05-17,2026-06-07,gcrew,noaa_gefs,04,AirTemp_C_mean,21,17.46930847167971
gep04,00,2026-05-17,2026-06-07,gcrew,noaa_gefs,04,Pressure_Pa,21,102539.91796875
gep04,00,2026-05-17,2026-06-07,gcrew,noaa_gefs,04,RH_percent_mean,21,57.39550495147705
gep04,00,2026-05-17,2026-06-07,gcrew,noaa_gefs,04,Rain_mm_sum,21,0
gep04,00,2026-05-17,2026-06-07,gcrew,noaa_gefs,04,ShortwaveRadiation_Wm2,21,311.25
gep04,00,2026-05-17,2026-06-07,gcrew,noaa_gefs,04,WindSpeed_ms_mean,21,6.253105276917296
gep04,00,2026-05-17,2026-06-08,gcrew,noaa_gefs,04,AirTemp_C_mean,22,18.264520263671898
gep04,00,2026-05-17,2026-06-08,gcrew,noaa_gefs,04,Pressure_Pa,22,102453.42578125
gep04,00,2026-05-17,2026-06-08,gcrew,noaa_gefs,04,RH_percent_mean,22,69.18738460540771
gep04,00,2026-05-17,2026-06-08,gcrew,noaa_gefs,04,Rain_mm_sum,22,0
gep04,00,2026-05-17,2026-06-08,gcrew,noaa_gefs,04,ShortwaveRadiation_Wm2,22,358.75
gep04,00,2026-05-17,2026-06-08,gcrew,noaa_gefs,04,WindSpeed_ms_mean,22,5.268783443054002
gep04,00,2026-05-17,2026-06-09,gcrew,noaa_gefs,04,AirTemp_C_mean,23,19.784394836425804
gep04,00,2026-05-17,2026-06-09,gcrew,noaa_gefs,04,Pressure_Pa,23,102266.64453125
gep04,00,2026-05-17,2026-06-09,gcrew,noaa_gefs,04,RH_percent_mean,23,76.86220645904541
gep04,00,2026-05-17,2026-06-09,gcrew,noaa_gefs,04,Rain_mm_sum,23,0
gep04,00,2026-05-17,2026-06-09,gcrew,noaa_gefs,04,ShortwaveRadiation_Wm2,23,315.5
gep04,00,2026-05-17,2026-06-09,gcrew,noaa_gefs,04,WindSpeed_ms_mean,23,4.38349937840495
gep04,00,2026-05-17,2026-06-10,gcrew,noaa_gefs,04,AirTemp_C_mean,24,19.276849365234398
gep04,00,2026-05-17,2026-06-10,gcrew,noaa_gefs,04,Pressure_Pa,24,102072.908203125
gep04,00,2026-05-17,2026-06-10,gcrew,noaa_gefs,04,RH_percent_mean,24,77.74775695800781
gep04,00,2026-05-17,2026-06-10,gcrew,noaa_gefs,04,Rain_mm_sum,24,0
gep04,00,2026-05-17,2026-06-10,gcrew,noaa_gefs,04,ShortwaveRadiation_Wm2,24,344.5
gep04,00,2026-05-17,2026-06-10,gcrew,noaa_gefs,04,WindSpeed_ms_mean,24,3.046278388581381
gep04,00,2026-05-17,2026-06-11,gcrew,noaa_gefs,04,AirTemp_C_mean,25,19.354234313964866
gep04,00,2026-05-17,2026-06-11,gcrew,noaa_gefs,04,Pressure_Pa,25,101661.693359375
gep04,00,2026-05-17,2026-06-11,gcrew,noaa_gefs,04,RH_percent_mean,25,78.77657699584961
gep04,00,2026-05-17,2026-06-11,gcrew,noaa_gefs,04,Rain_mm_sum,25,0
gep04,00,2026-05-17,2026-06-11,gcrew,noaa_gefs,04,ShortwaveRadiation_Wm2,25,344.25
gep04,00,2026-05-17,2026-06-11,gcrew,noaa_gefs,04,WindSpeed_ms_mean,25,2.403215737924673
gep04,00,2026-05-17,2026-06-12,gcrew,noaa_gefs,04,AirTemp_C_mean,26,20.841760253906273
gep04,00,2026-05-17,2026-06-12,gcrew,noaa_gefs,04,Pressure_Pa,26,101401.55078125
gep04,00,2026-05-17,2026-06-12,gcrew,noaa_gefs,04,RH_percent_mean,26,86.05273246765137
gep04,00,2026-05-17,2026-06-12,gcrew,noaa_gefs,04,Rain_mm_sum,26,0.5000000074505806
gep04,00,2026-05-17,2026-06-12,gcrew,noaa_gefs,04,ShortwaveRadiation_Wm2,26,270.5
gep04,00,2026-05-17,2026-06-12,gcrew,noaa_gefs,04,WindSpeed_ms_mean,26,2.6211042370057838
gep04,00,2026-05-17,2026-06-13,gcrew,noaa_gefs,04,AirTemp_C_mean,27,22.633142089843773
gep04,00,2026-05-17,2026-06-13,gcrew,noaa_gefs,04,Pressure_Pa,27,101495.544921875
gep04,00,2026-05-17,2026-06-13,gcrew,noaa_gefs,04,RH_percent_mean,27,84.56381607055664
gep04,00,2026-05-17,2026-06-13,gcrew,noaa_gefs,04,Rain_mm_sum,27,0.30000001192092896
gep04,00,2026-05-17,2026-06-13,gcrew,noaa_gefs,04,ShortwaveRadiation_Wm2,27,331.25
gep04,00,2026-05-17,2026-06-13,gcrew,noaa_gefs,04,WindSpeed_ms_mean,27,4.002934118539743
gep04,00,2026-05-17,2026-06-14,gcrew,noaa_gefs,04,AirTemp_C_mean,28,23.382600402832054
gep04,00,2026-05-17,2026-06-14,gcrew,noaa_gefs,04,Pressure_Pa,28,101357.177734375
gep04,00,2026-05-17,2026-06-14,gcrew,noaa_gefs,04,RH_percent_mean,28,89.37162399291992
gep04,00,2026-05-17,2026-06-14,gcrew,noaa_gefs,04,Rain_mm_sum,28,2.6000000536441803
gep04,00,2026-05-17,2026-06-14,gcrew,noaa_gefs,04,ShortwaveRadiation_Wm2,28,284.75
gep04,00,2026-05-17,2026-06-14,gcrew,noaa_gefs,04,WindSpeed_ms_mean,28,3.3537151621249275
gep04,00,2026-05-17,2026-06-15,gcrew,noaa_gefs,04,AirTemp_C_mean,29,24.840669250488304
gep04,00,2026-05-17,2026-06-15,gcrew,noaa_gefs,04,Pressure_Pa,29,101524.51171875
gep04,00,2026-05-17,2026-06-15,gcrew,noaa_gefs,04,RH_percent_mean,29,77.19408130645752
gep04,00,2026-05-17,2026-06-15,gcrew,noaa_gefs,04,Rain_mm_sum,29,0.10000000149011612
gep04,00,2026-05-17,2026-06-15,gcrew,noaa_gefs,04,ShortwaveRadiation_Wm2,29,296.5
gep04,00,2026-05-17,2026-06-15,gcrew,noaa_gefs,04,WindSpeed_ms_mean,29,4.042771754237245
gep04,00,2026-05-17,2026-06-16,gcrew,noaa_gefs,04,AirTemp_C_mean,30,24.895989990234398
gep04,00,2026-05-17,2026-06-16,gcrew,noaa_gefs,04,Pressure_Pa,30,101772.68359375
gep04,00,2026-05-17,2026-06-16,gcrew,noaa_gefs,04,RH_percent_mean,30,77.33410263061523
gep04,00,2026-05-17,2026-06-16,gcrew,noaa_gefs,04,Rain_mm_sum,30,0.30000000447034836
gep04,00,2026-05-17,2026-06-16,gcrew,noaa_gefs,04,ShortwaveRadiation_Wm2,30,313.25
gep04,00,2026-05-17,2026-06-16,gcrew,noaa_gefs,04,WindSpeed_ms_mean,30,3.6732919255241057
gep04,00,2026-05-17,2026-06-17,gcrew,noaa_gefs,04,AirTemp_C_mean,31,25.772210693359398
gep04,00,2026-05-17,2026-06-17,gcrew,noaa_gefs,04,Pressure_Pa,31,101904.6171875
gep04,00,2026-05-17,2026-06-17,gcrew,noaa_gefs,04,RH_percent_mean,31,76.04165267944336
gep04,00,2026-05-17,2026-06-17,gcrew,noaa_gefs,04,Rain_mm_sum,31,0
gep04,00,2026-05-17,2026-06-17,gcrew,noaa_gefs,04,ShortwaveRadiation_Wm2,31,286.75
gep04,00,2026-05-17,2026-06-17,gcrew,noaa_gefs,04,WindSpeed_ms_mean,31,4.13248526059356
gep04,00,2026-05-17,2026-06-18,gcrew,noaa_gefs,04,AirTemp_C_mean,32,25.74041900634768
gep04,00,2026-05-17,2026-06-18,gcrew,noaa_gefs,04,Pressure_Pa,32,101534.314453125
gep04,00,2026-05-17,2026-06-18,gcrew,noaa_gefs,04,RH_percent_mean,32,80.33454704284668
gep04,00,2026-05-17,2026-06-18,gcrew,noaa_gefs,04,Rain_mm_sum,32,8.800000250339508
gep04,00,2026-05-17,2026-06-18,gcrew,noaa_gefs,04,ShortwaveRadiation_Wm2,32,311.5
gep04,00,2026-05-17,2026-06-18,gcrew,noaa_gefs,04,WindSpeed_ms_mean,32,4.21631310842572
gep04,00,2026-05-17,2026-06-19,gcrew,noaa_gefs,04,AirTemp_C_mean,33,24.15681610107424
gep04,00,2026-05-17,2026-06-19,gcrew,noaa_gefs,04,Pressure_Pa,33,101012.509765625
gep04,00,2026-05-17,2026-06-19,gcrew,noaa_gefs,04,RH_percent_mean,33,84.10998153686523
gep04,00,2026-05-17,2026-06-19,gcrew,noaa_gefs,04,Rain_mm_sum,33,37.50000125169754
gep04,00,2026-05-17,2026-06-19,gcrew,noaa_gefs,04,ShortwaveRadiation_Wm2,33,322.25
gep04,00,2026-05-17,2026-06-19,gcrew,noaa_gefs,04,WindSpeed_ms_mean,33,5.041177238306991
gep04,00,2026-05-17,2026-06-20,gcrew,noaa_gefs,04,AirTemp_C_mean,34,21.24146423339846
gep04,00,2026-05-17,2026-06-20,gcrew,noaa_gefs,04,Pressure_Pa,34,101358.76953125
gep04,00,2026-05-17,2026-06-20,gcrew,noaa_gefs,04,RH_percent_mean,34,58.25197887420654
gep04,00,2026-05-17,2026-06-20,gcrew,noaa_gefs,04,Rain_mm_sum,34,0
gep04,00,2026-05-17,2026-06-20,gcrew,noaa_gefs,04,ShortwaveRadiation_Wm2,34,354.5
gep04,00,2026-05-17,2026-06-20,gcrew,noaa_gefs,04,WindSpeed_ms_mean,34,7.9283052740783315
gep05,00,2026-05-17,2026-05-18,gcrew,noaa_gefs,05,AirTemp_C_mean,1,20.541738128662132
gep05,00,2026-05-17,2026-05-18,gcrew,noaa_gefs,05,Pressure_Pa,1,102011.392578125
gep05,00,2026-05-17,2026-05-18,gcrew,noaa_gefs,05,RH_percent_mean,1,84.17081260681152
gep05,00,2026-05-17,2026-05-18,gcrew,noaa_gefs,05,Rain_mm_sum,1,6.350000023841858
gep05,00,2026-05-17,2026-05-18,gcrew,noaa_gefs,05,ShortwaveRadiation_Wm2,1,332.125
gep05,00,2026-05-17,2026-05-18,gcrew,noaa_gefs,05,WindSpeed_ms_mean,1,2.606449622457496
gep05,00,2026-05-17,2026-05-19,gcrew,noaa_gefs,05,AirTemp_C_mean,2,23.0995918273926
gep05,00,2026-05-17,2026-05-19,gcrew,noaa_gefs,05,Pressure_Pa,2,101806.55859375
gep05,00,2026-05-17,2026-05-19,gcrew,noaa_gefs,05,RH_percent_mean,2,68.34389972686768
gep05,00,2026-05-17,2026-05-19,gcrew,noaa_gefs,05,Rain_mm_sum,2,1.8000000268220901
gep05,00,2026-05-17,2026-05-19,gcrew,noaa_gefs,05,ShortwaveRadiation_Wm2,2,334.75
gep05,00,2026-05-17,2026-05-19,gcrew,noaa_gefs,05,WindSpeed_ms_mean,2,3.4067788659044838
gep05,00,2026-05-17,2026-05-20,gcrew,noaa_gefs,05,AirTemp_C_mean,3,22.52497253417971
gep05,00,2026-05-17,2026-05-20,gcrew,noaa_gefs,05,Pressure_Pa,3,101325.6357421875
gep05,00,2026-05-17,2026-05-20,gcrew,noaa_gefs,05,RH_percent_mean,3,71.24866104125977
gep05,00,2026-05-17,2026-05-20,gcrew,noaa_gefs,05,Rain_mm_sum,3,26.70000010728836
gep05,00,2026-05-17,2026-05-20,gcrew,noaa_gefs,05,ShortwaveRadiation_Wm2,3,262.375
gep05,00,2026-05-17,2026-05-20,gcrew,noaa_gefs,05,WindSpeed_ms_mean,3,4.549640011874029
gep05,00,2026-05-17,2026-05-21,gcrew,noaa_gefs,05,AirTemp_C_mean,4,15.515148053850469
gep05,00,2026-05-17,2026-05-21,gcrew,noaa_gefs,05,Pressure_Pa,4,101836.072265625
gep05,00,2026-05-17,2026-05-21,gcrew,noaa_gefs,05,RH_percent_mean,4,76.015167236328125
gep05,00,2026-05-17,2026-05-21,gcrew,noaa_gefs,05,Rain_mm_sum,4,9.399999812245369
gep05,00,2026-05-17,2026-05-21,gcrew,noaa_gefs,05,ShortwaveRadiation_Wm2,4,97.625
gep05,00,2026-05-17,2026-05-21,gcrew,noaa_gefs,05,WindSpeed_ms_mean,4,3.6808240475840406
gep05,00,2026-05-17,2026-05-22,gcrew,noaa_gefs,05,AirTemp_C_mean,5,14.000840759277366
gep05,00,2026-05-17,2026-05-22,gcrew,noaa_gefs,05,Pressure_Pa,5,101988.966796875
gep05,00,2026-05-17,2026-05-22,gcrew,noaa_gefs,05,RH_percent_mean,5,84.21332263946533
gep05,00,2026-05-17,2026-05-22,gcrew,noaa_gefs,05,Rain_mm_sum,5,9.800000049173832
gep05,00,2026-05-17,2026-05-22,gcrew,noaa_gefs,05,ShortwaveRadiation_Wm2,5,22.75
gep05,00,2026-05-17,2026-05-22,gcrew,noaa_gefs,05,WindSpeed_ms_mean,5,4.696523470041017
gep05,00,2026-05-17,2026-05-23,gcrew,noaa_gefs,05,AirTemp_C_mean,6,13.291490173339866
gep05,00,2026-05-17,2026-05-23,gcrew,noaa_gefs,05,Pressure_Pa,6,102242.6494140625
gep05,00,2026-05-17,2026-05-23,gcrew,noaa_gefs,05,RH_percent_mean,6,95.31106090545654
gep05,00,2026-05-17,2026-05-23,gcrew,noaa_gefs,05,Rain_mm_sum,6,41.290000796318054
gep05,00,2026-05-17,2026-05-23,gcrew,noaa_gefs,05,ShortwaveRadiation_Wm2,6,8.625
gep05,00,2026-05-17,2026-05-23,gcrew,noaa_gefs,05,WindSpeed_ms_mean,6,6.730171879016334
gep05,00,2026-05-17,2026-05-24,gcrew,noaa_gefs,05,AirTemp_C_mean,7,13.87753829956057
gep05,00,2026-05-17,2026-05-24,gcrew,noaa_gefs,05,Pressure_Pa,7,102702.9013671875
gep05,00,2026-05-17,2026-05-24,gcrew,noaa_gefs,05,RH_percent_mean,7,89.53658866882324
gep05,00,2026-05-17,2026-05-24,gcrew,noaa_gefs,05,Rain_mm_sum,7,1.5000000074505806
gep05,00,2026-05-17,2026-05-24,gcrew,noaa_gefs,05,ShortwaveRadiation_Wm2,7,55.5
gep05,00,2026-05-17,2026-05-24,gcrew,noaa_gefs,05,WindSpeed_ms_mean,7,4.664883181526184
gep05,00,2026-05-17,2026-05-25,gcrew,noaa_gefs,05,AirTemp_C_mean,8,13.337792968750023
gep05,00,2026-05-17,2026-05-25,gcrew,noaa_gefs,05,Pressure_Pa,8,103076.4609375
gep05,00,2026-05-17,2026-05-25,gcrew,noaa_gefs,05,RH_percent_mean,8,78.87850284576416
gep05,00,2026-05-17,2026-05-25,gcrew,noaa_gefs,05,Rain_mm_sum,8,0
gep05,00,2026-05-17,2026-05-25,gcrew,noaa_gefs,05,ShortwaveRadiation_Wm2,8,160.625
gep05,00,2026-05-17,2026-05-25,gcrew,noaa_gefs,05,WindSpeed_ms_mean,8,4.284401237933425
gep05,00,2026-05-17,2026-05-26,gcrew,noaa_gefs,05,AirTemp_C_mean,9,13.400532749721005
gep05,00,2026-05-17,2026-05-26,gcrew,noaa_gefs,05,Pressure_Pa,9,102888.00669642857
gep05,00,2026-05-17,2026-05-26,gcrew,noaa_gefs,05,RH_percent_mean,9,66.3826152256557
gep05,00,2026-05-17,2026-05-26,gcrew,noaa_gefs,05,Rain_mm_sum,9,0
gep05,00,2026-05-17,2026-05-26,gcrew,noaa_gefs,05,ShortwaveRadiation_Wm2,9,372.2857142857143
gep05,00,2026-05-17,2026-05-26,gcrew,noaa_gefs,05,WindSpeed_ms_mean,9,2.9715455604219634
gep05,00,2026-05-17,2026-05-27,gcrew,noaa_gefs,05,AirTemp_C_mean,10,17.38470611572268
gep05,00,2026-05-17,2026-05-27,gcrew,noaa_gefs,05,Pressure_Pa,10,102230.107421875
gep05,00,2026-05-17,2026-05-27,gcrew,noaa_gefs,05,RH_percent_mean,10,76.62809085845947
gep05,00,2026-05-17,2026-05-27,gcrew,noaa_gefs,05,Rain_mm_sum,10,0
gep05,00,2026-05-17,2026-05-27,gcrew,noaa_gefs,05,ShortwaveRadiation_Wm2,10,292
gep05,00,2026-05-17,2026-05-27,gcrew,noaa_gefs,05,WindSpeed_ms_mean,10,3.292260275209521
gep05,00,2026-05-17,2026-05-28,gcrew,noaa_gefs,05,AirTemp_C_mean,11,18.825532531738304
gep05,00,2026-05-17,2026-05-28,gcrew,noaa_gefs,05,Pressure_Pa,11,101594.103515625
gep05,00,2026-05-17,2026-05-28,gcrew,noaa_gefs,05,RH_percent_mean,11,88.5962963104248
gep05,00,2026-05-17,2026-05-28,gcrew,noaa_gefs,05,Rain_mm_sum,11,3.2000001445412636
gep05,00,2026-05-17,2026-05-28,gcrew,noaa_gefs,05,ShortwaveRadiation_Wm2,11,232.25
gep05,00,2026-05-17,2026-05-28,gcrew,noaa_gefs,05,WindSpeed_ms_mean,11,1.843962609809163
gep05,00,2026-05-17,2026-05-29,gcrew,noaa_gefs,05,AirTemp_C_mean,12,20.632531738281273
gep05,00,2026-05-17,2026-05-29,gcrew,noaa_gefs,05,Pressure_Pa,12,101605.099609375
gep05,00,2026-05-17,2026-05-29,gcrew,noaa_gefs,05,RH_percent_mean,12,90.68621635437012
gep05,00,2026-05-17,2026-05-29,gcrew,noaa_gefs,05,Rain_mm_sum,12,8.700000047683716
gep05,00,2026-05-17,2026-05-29,gcrew,noaa_gefs,05,ShortwaveRadiation_Wm2,12,303.25
gep05,00,2026-05-17,2026-05-29,gcrew,noaa_gefs,05,WindSpeed_ms_mean,12,2.2984613975817045
gep05,00,2026-05-17,2026-05-30,gcrew,noaa_gefs,05,AirTemp_C_mean,13,20.257226562500023
gep05,00,2026-05-17,2026-05-30,gcrew,noaa_gefs,05,Pressure_Pa,13,101830.51953125
gep05,00,2026-05-17,2026-05-30,gcrew,noaa_gefs,05,RH_percent_mean,13,89.01692962646484
gep05,00,2026-05-17,2026-05-30,gcrew,noaa_gefs,05,Rain_mm_sum,13,0.700000025331974
gep05,00,2026-05-17,2026-05-30,gcrew,noaa_gefs,05,ShortwaveRadiation_Wm2,13,279
gep05,00,2026-05-17,2026-05-30,gcrew,noaa_gefs,05,WindSpeed_ms_mean,13,7.177529832521996
gep05,00,2026-05-17,2026-05-31,gcrew,noaa_gefs,05,AirTemp_C_mean,14,20.746133422851585
gep05,00,2026-05-17,2026-05-31,gcrew,noaa_gefs,05,Pressure_Pa,14,101566.6875
gep05,00,2026-05-17,2026-05-31,gcrew,noaa_gefs,05,RH_percent_mean,14,86.56785774230957
gep05,00,2026-05-17,2026-05-31,gcrew,noaa_gefs,05,Rain_mm_sum,14,0.10000000149011612
gep05,00,2026-05-17,2026-05-31,gcrew,noaa_gefs,05,ShortwaveRadiation_Wm2,14,236.5
gep05,00,2026-05-17,2026-05-31,gcrew,noaa_gefs,05,WindSpeed_ms_mean,14,4.452410245898682
gep05,00,2026-05-17,2026-06-01,gcrew,noaa_gefs,05,AirTemp_C_mean,15,21.641290283203148
gep05,00,2026-05-17,2026-06-01,gcrew,noaa_gefs,05,Pressure_Pa,15,101232.943359375
gep05,00,2026-05-17,2026-06-01,gcrew,noaa_gefs,05,RH_percent_mean,15,85.77047920227051
gep05,00,2026-05-17,2026-06-01,gcrew,noaa_gefs,05,Rain_mm_sum,15,0.20000000298023224
gep05,00,2026-05-17,2026-06-01,gcrew,noaa_gefs,05,ShortwaveRadiation_Wm2,15,319.25
gep05,00,2026-05-17,2026-06-01,gcrew,noaa_gefs,05,WindSpeed_ms_mean,15,4.987514627831614
gep05,00,2026-05-17,2026-06-02,gcrew,noaa_gefs,05,AirTemp_C_mean,16,23.64350280761721
gep05,00,2026-05-17,2026-06-02,gcrew,noaa_gefs,05,Pressure_Pa,16,100336.03125
gep05,00,2026-05-17,2026-06-02,gcrew,noaa_gefs,05,RH_percent_mean,16,79.2158031463623
gep05,00,2026-05-17,2026-06-02,gcrew,noaa_gefs,05,Rain_mm_sum,16,0.10000000149011612
gep05,00,2026-05-17,2026-06-02,gcrew,noaa_gefs,05,ShortwaveRadiation_Wm2,16,248.5
gep05,00,2026-05-17,2026-06-02,gcrew,noaa_gefs,05,WindSpeed_ms_mean,16,6.294558916761398
gep05,00,2026-05-17,2026-06-03,gcrew,noaa_gefs,05,AirTemp_C_mean,17,21.807466125488304
gep05,00,2026-05-17,2026-06-03,gcrew,noaa_gefs,05,Pressure_Pa,17,100524.14453125
gep05,00,2026-05-17,2026-06-03,gcrew,noaa_gefs,05,RH_percent_mean,17,82.67036247253418
gep05,00,2026-05-17,2026-06-03,gcrew,noaa_gefs,05,Rain_mm_sum,17,4.900000035762787
gep05,00,2026-05-17,2026-06-03,gcrew,noaa_gefs,05,ShortwaveRadiation_Wm2,17,192.5
gep05,00,2026-05-17,2026-06-03,gcrew,noaa_gefs,05,WindSpeed_ms_mean,17,6.2389494415019655
gep05,00,2026-05-17,2026-06-04,gcrew,noaa_gefs,05,AirTemp_C_mean,18,19.62371978759768
gep05,00,2026-05-17,2026-06-04,gcrew,noaa_gefs,05,Pressure_Pa,18,101363.12109375
gep05,00,2026-05-17,2026-06-04,gcrew,noaa_gefs,05,RH_percent_mean,18,59.62021350860596
gep05,00,2026-05-17,2026-06-04,gcrew,noaa_gefs,05,Rain_mm_sum,18,0
gep05,00,2026-05-17,2026-06-04,gcrew,noaa_gefs,05,ShortwaveRadiation_Wm2,18,353
gep05,00,2026-05-17,2026-06-04,gcrew,noaa_gefs,05,WindSpeed_ms_mean,18,5.129538041845657
gep05,00,2026-05-17,2026-06-05,gcrew,noaa_gefs,05,AirTemp_C_mean,19,18.13916931152346
gep05,00,2026-05-17,2026-06-05,gcrew,noaa_gefs,05,Pressure_Pa,19,102108.5078125
gep05,00,2026-05-17,2026-06-05,gcrew,noaa_gefs,05,RH_percent_mean,19,67.04474639892578
gep05,00,2026-05-17,2026-06-05,gcrew,noaa_gefs,05,Rain_mm_sum,19,0
gep05,00,2026-05-17,2026-06-05,gcrew,noaa_gefs,05,ShortwaveRadiation_Wm2,19,292.75
gep05,00,2026-05-17,2026-06-05,gcrew,noaa_gefs,05,WindSpeed_ms_mean,19,5.191744913150064
gep05,00,2026-05-17,2026-06-06,gcrew,noaa_gefs,05,AirTemp_C_mean,20,17.265962219238304
gep05,00,2026-05-17,2026-06-06,gcrew,noaa_gefs,05,Pressure_Pa,20,102458.673828125
gep05,00,2026-05-17,2026-06-06,gcrew,noaa_gefs,05,RH_percent_mean,20,61.6632661819458
gep05,00,2026-05-17,2026-06-06,gcrew,noaa_gefs,05,Rain_mm_sum,20,0
gep05,00,2026-05-17,2026-06-06,gcrew,noaa_gefs,05,ShortwaveRadiation_Wm2,20,353.75
gep05,00,2026-05-17,2026-06-06,gcrew,noaa_gefs,05,WindSpeed_ms_mean,20,6.67467006888216
gep05,00,2026-05-17,2026-06-07,gcrew,noaa_gefs,05,AirTemp_C_mean,21,17.46930847167971
gep05,00,2026-05-17,2026-06-07,gcrew,noaa_gefs,05,Pressure_Pa,21,102539.91796875
gep05,00,2026-05-17,2026-06-07,gcrew,noaa_gefs,05,RH_percent_mean,21,57.39550495147705
gep05,00,2026-05-17,2026-06-07,gcrew,noaa_gefs,05,Rain_mm_sum,21,0
gep05,00,2026-05-17,2026-06-07,gcrew,noaa_gefs,05,ShortwaveRadiation_Wm2,21,311.25
gep05,00,2026-05-17,2026-06-07,gcrew,noaa_gefs,05,WindSpeed_ms_mean,21,6.253105276917296
gep05,00,2026-05-17,2026-06-08,gcrew,noaa_gefs,05,AirTemp_C_mean,22,18.264520263671898
gep05,00,2026-05-17,2026-06-08,gcrew,noaa_gefs,05,Pressure_Pa,22,102453.42578125
gep05,00,2026-05-17,2026-06-08,gcrew,noaa_gefs,05,RH_percent_mean,22,69.18738460540771
gep05,00,2026-05-17,2026-06-08,gcrew,noaa_gefs,05,Rain_mm_sum,22,0
gep05,00,2026-05-17,2026-06-08,gcrew,noaa_gefs,05,ShortwaveRadiation_Wm2,22,358.75
gep05,00,2026-05-17,2026-06-08,gcrew,noaa_gefs,05,WindSpeed_ms_mean,22,5.268783443054002
gep05,00,2026-05-17,2026-06-09,gcrew,noaa_gefs,05,AirTemp_C_mean,23,19.784394836425804
gep05,00,2026-05-17,2026-06-09,gcrew,noaa_gefs,05,Pressure_Pa,23,102266.64453125
gep05,00,2026-05-17,2026-06-09,gcrew,noaa_gefs,05,RH_percent_mean,23,76.86220645904541
gep05,00,2026-05-17,2026-06-09,gcrew,noaa_gefs,05,Rain_mm_sum,23,0
gep05,00,2026-05-17,2026-06-09,gcrew,noaa_gefs,05,ShortwaveRadiation_Wm2,23,315.5
gep05,00,2026-05-17,2026-06-09,gcrew,noaa_gefs,05,WindSpeed_ms_mean,23,4.38349937840495
gep05,00,2026-05-17,2026-06-10,gcrew,noaa_gefs,05,AirTemp_C_mean,24,19.276849365234398
gep05,00,2026-05-17,2026-06-10,gcrew,noaa_gefs,05,Pressure_Pa,24,102072.908203125
gep05,00,2026-05-17,2026-06-10,gcrew,noaa_gefs,05,RH_percent_mean,24,77.74775695800781
gep05,00,2026-05-17,2026-06-10,gcrew,noaa_gefs,05,Rain_mm_sum,24,0
gep05,00,2026-05-17,2026-06-10,gcrew,noaa_gefs,05,ShortwaveRadiation_Wm2,24,344.5
gep05,00,2026-05-17,2026-06-10,gcrew,noaa_gefs,05,WindSpeed_ms_mean,24,3.046278388581381
gep05,00,2026-05-17,2026-06-11,gcrew,noaa_gefs,05,AirTemp_C_mean,25,19.354234313964866
gep05,00,2026-05-17,2026-06-11,gcrew,noaa_gefs,05,Pressure_Pa,25,101661.693359375
gep05,00,2026-05-17,2026-06-11,gcrew,noaa_gefs,05,RH_percent_mean,25,78.77657699584961
gep05,00,2026-05-17,2026-06-11,gcrew,noaa_gefs,05,Rain_mm_sum,25,0
gep05,00,2026-05-17,2026-06-11,gcrew,noaa_gefs,05,ShortwaveRadiation_Wm2,25,344.25
gep05,00,2026-05-17,2026-06-11,gcrew,noaa_gefs,05,WindSpeed_ms_mean,25,2.403215737924673
gep05,00,2026-05-17,2026-06-12,gcrew,noaa_gefs,05,AirTemp_C_mean,26,20.841760253906273
gep05,00,2026-05-17,2026-06-12,gcrew,noaa_gefs,05,Pressure_Pa,26,101401.55078125
gep05,00,2026-05-17,2026-06-12,gcrew,noaa_gefs,05,RH_percent_mean,26,86.05273246765137
gep05,00,2026-05-17,2026-06-12,gcrew,noaa_gefs,05,Rain_mm_sum,26,0.5000000074505806
gep05,00,2026-05-17,2026-06-12,gcrew,noaa_gefs,05,ShortwaveRadiation_Wm2,26,270.5
gep05,00,2026-05-17,2026-06-12,gcrew,noaa_gefs,05,WindSpeed_ms_mean,26,2.6211042370057838
gep05,00,2026-05-17,2026-06-13,gcrew,noaa_gefs,05,AirTemp_C_mean,27,22.633142089843773
gep05,00,2026-05-17,2026-06-13,gcrew,noaa_gefs,05,Pressure_Pa,27,101495.544921875
gep05,00,2026-05-17,2026-06-13,gcrew,noaa_gefs,05,RH_percent_mean,27,84.56381607055664
gep05,00,2026-05-17,2026-06-13,gcrew,noaa_gefs,05,Rain_mm_sum,27,0.30000001192092896
gep05,00,2026-05-17,2026-06-13,gcrew,noaa_gefs,05,ShortwaveRadiation_Wm2,27,331.25
gep05,00,2026-05-17,2026-06-13,gcrew,noaa_gefs,05,WindSpeed_ms_mean,27,4.002934118539743
gep05,00,2026-05-17,2026-06-14,gcrew,noaa_gefs,05,AirTemp_C_mean,28,23.382600402832054
gep05,00,2026-05-17,2026-06-14,gcrew,noaa_gefs,05,Pressure_Pa,28,101357.177734375
gep05,00,2026-05-17,2026-06-14,gcrew,noaa_gefs,05,RH_percent_mean,28,89.37162399291992
gep05,00,2026-05-17,2026-06-14,gcrew,noaa_gefs,05,Rain_mm_sum,28,2.6000000536441803
gep05,00,2026-05-17,2026-06-14,gcrew,noaa_gefs,05,ShortwaveRadiation_Wm2,28,284.75
gep05,00,2026-05-17,2026-06-14,gcrew,noaa_gefs,05,WindSpeed_ms_mean,28,3.3537151621249275
gep05,00,2026-05-17,2026-06-15,gcrew,noaa_gefs,05,AirTemp_C_mean,29,24.840669250488304
gep05,00,2026-05-17,2026-06-15,gcrew,noaa_gefs,05,Pressure_Pa,29,101524.51171875
gep05,00,2026-05-17,2026-06-15,gcrew,noaa_gefs,05,RH_percent_mean,29,77.19408130645752
gep05,00,2026-05-17,2026-06-15,gcrew,noaa_gefs,05,Rain_mm_sum,29,0.10000000149011612
gep05,00,2026-05-17,2026-06-15,gcrew,noaa_gefs,05,ShortwaveRadiation_Wm2,29,296.5
gep05,00,2026-05-17,2026-06-15,gcrew,noaa_gefs,05,WindSpeed_ms_mean,29,4.042771754237245
gep05,00,2026-05-17,2026-06-16,gcrew,noaa_gefs,05,AirTemp_C_mean,30,24.895989990234398
gep05,00,2026-05-17,2026-06-16,gcrew,noaa_gefs,05,Pressure_Pa,30,101772.68359375
gep05,00,2026-05-17,2026-06-16,gcrew,noaa_gefs,05,RH_percent_mean,30,77.33410263061523
gep05,00,2026-05-17,2026-06-16,gcrew,noaa_gefs,05,Rain_mm_sum,30,0.30000000447034836
gep05,00,2026-05-17,2026-06-16,gcrew,noaa_gefs,05,ShortwaveRadiation_Wm2,30,313.25
gep05,00,2026-05-17,2026-06-16,gcrew,noaa_gefs,05,WindSpeed_ms_mean,30,3.6732919255241057
gep05,00,2026-05-17,2026-06-17,gcrew,noaa_gefs,05,AirTemp_C_mean,31,25.772210693359398
gep05,00,2026-05-17,2026-06-17,gcrew,noaa_gefs,05,Pressure_Pa,31,101904.6171875
gep05,00,2026-05-17,2026-06-17,gcrew,noaa_gefs,05,RH_percent_mean,31,76.04165267944336
gep05,00,2026-05-17,2026-06-17,gcrew,noaa_gefs,05,Rain_mm_sum,31,0
gep05,00,2026-05-17,2026-06-17,gcrew,noaa_gefs,05,ShortwaveRadiation_Wm2,31,286.75
gep05,00,2026-05-17,2026-06-17,gcrew,noaa_gefs,05,WindSpeed_ms_mean,31,4.13248526059356
gep05,00,2026-05-17,2026-06-18,gcrew,noaa_gefs,05,AirTemp_C_mean,32,25.74041900634768
gep05,00,2026-05-17,2026-06-18,gcrew,noaa_gefs,05,Pressure_Pa,32,101534.314453125
gep05,00,2026-05-17,2026-06-18,gcrew,noaa_gefs,05,RH_percent_mean,32,80.33454704284668
gep05,00,2026-05-17,2026-06-18,gcrew,noaa_gefs,05,Rain_mm_sum,32,8.800000250339508
gep05,00,2026-05-17,2026-06-18,gcrew,noaa_gefs,05,ShortwaveRadiation_Wm2,32,311.5
gep05,00,2026-05-17,2026-06-18,gcrew,noaa_gefs,05,WindSpeed_ms_mean,32,4.21631310842572
gep05,00,2026-05-17,2026-06-19,gcrew,noaa_gefs,05,AirTemp_C_mean,33,24.15681610107424
gep05,00,2026-05-17,2026-06-19,gcrew,noaa_gefs,05,Pressure_Pa,33,101012.509765625
gep05,00,2026-05-17,2026-06-19,gcrew,noaa_gefs,05,RH_percent_mean,33,84.10998153686523
gep05,00,2026-05-17,2026-06-19,gcrew,noaa_gefs,05,Rain_mm_sum,33,37.50000125169754
gep05,00,2026-05-17,2026-06-19,gcrew,noaa_gefs,05,ShortwaveRadiation_Wm2,33,322.25
gep05,00,2026-05-17,2026-06-19,gcrew,noaa_gefs,05,WindSpeed_ms_mean,33,5.041177238306991
gep05,00,2026-05-17,2026-06-20,gcrew,noaa_gefs,05,AirTemp_C_mean,34,21.24146423339846
gep05,00,2026-05-17,2026-06-20,gcrew,noaa_gefs,05,Pressure_Pa,34,101358.76953125
gep05,00,2026-05-17,2026-06-20,gcrew,noaa_gefs,05,RH_percent_mean,34,58.25197887420654
gep05,00,2026-05-17,2026-06-20,gcrew,noaa_gefs,05,Rain_mm_sum,34,0
gep05,00,2026-05-17,2026-06-20,gcrew,noaa_gefs,05,ShortwaveRadiation_Wm2,34,354.5
gep05,00,2026-05-17,2026-06-20,gcrew,noaa_gefs,05,WindSpeed_ms_mean,34,7.9283052740783315
gep06,00,2026-05-17,2026-05-18,gcrew,noaa_gefs,06,AirTemp_C_mean,1,20.541738128662132
gep06,00,2026-05-17,2026-05-18,gcrew,noaa_gefs,06,Pressure_Pa,1,102011.392578125
gep06,00,2026-05-17,2026-05-18,gcrew,noaa_gefs,06,RH_percent_mean,1,84.17081260681152
gep06,00,2026-05-17,2026-05-18,gcrew,noaa_gefs,06,Rain_mm_sum,1,6.350000023841858
gep06,00,2026-05-17,2026-05-18,gcrew,noaa_gefs,06,ShortwaveRadiation_Wm2,1,332.125
gep06,00,2026-05-17,2026-05-18,gcrew,noaa_gefs,06,WindSpeed_ms_mean,1,2.606449622457496
gep06,00,2026-05-17,2026-05-19,gcrew,noaa_gefs,06,AirTemp_C_mean,2,23.0995918273926
gep06,00,2026-05-17,2026-05-19,gcrew,noaa_gefs,06,Pressure_Pa,2,101806.55859375
gep06,00,2026-05-17,2026-05-19,gcrew,noaa_gefs,06,RH_percent_mean,2,68.34389972686768
gep06,00,2026-05-17,2026-05-19,gcrew,noaa_gefs,06,Rain_mm_sum,2,1.8000000268220901
gep06,00,2026-05-17,2026-05-19,gcrew,noaa_gefs,06,ShortwaveRadiation_Wm2,2,334.75
gep06,00,2026-05-17,2026-05-19,gcrew,noaa_gefs,06,WindSpeed_ms_mean,2,3.4067788659044838
gep06,00,2026-05-17,2026-05-20,gcrew,noaa_gefs,06,AirTemp_C_mean,3,22.52497253417971
gep06,00,2026-05-17,2026-05-20,gcrew,noaa_gefs,06,Pressure_Pa,3,101325.6357421875
gep06,00,2026-05-17,2026-05-20,gcrew,noaa_gefs,06,RH_percent_mean,3,71.24866104125977
gep06,00,2026-05-17,2026-05-20,gcrew,noaa_gefs,06,Rain_mm_sum,3,26.70000010728836
gep06,00,2026-05-17,2026-05-20,gcrew,noaa_gefs,06,ShortwaveRadiation_Wm2,3,262.375
gep06,00,2026-05-17,2026-05-20,gcrew,noaa_gefs,06,WindSpeed_ms_mean,3,4.549640011874029
gep06,00,2026-05-17,2026-05-21,gcrew,noaa_gefs,06,AirTemp_C_mean,4,15.515148053850469
gep06,00,2026-05-17,2026-05-21,gcrew,noaa_gefs,06,Pressure_Pa,4,101836.072265625
gep06,00,2026-05-17,2026-05-21,gcrew,noaa_gefs,06,RH_percent_mean,4,76.015167236328125
gep06,00,2026-05-17,2026-05-21,gcrew,noaa_gefs,06,Rain_mm_sum,4,9.399999812245369
gep06,00,2026-05-17,2026-05-21,gcrew,noaa_gefs,06,ShortwaveRadiation_Wm2,4,97.625
gep06,00,2026-05-17,2026-05-21,gcrew,noaa_gefs,06,WindSpeed_ms_mean,4,3.6808240475840406
gep06,00,2026-05-17,2026-05-22,gcrew,noaa_gefs,06,AirTemp_C_mean,5,14.000840759277366
gep06,00,2026-05-17,2026-05-22,gcrew,noaa_gefs,06,Pressure_Pa,5,101988.966796875
gep06,00,2026-05-17,2026-05-22,gcrew,noaa_gefs,06,RH_percent_mean,5,84.21332263946533
gep06,00,2026-05-17,2026-05-22,gcrew,noaa_gefs,06,Rain_mm_sum,5,9.800000049173832
gep06,00,2026-05-17,2026-05-22,gcrew,noaa_gefs,06,ShortwaveRadiation_Wm2,5,22.75
gep06,00,2026-05-17,2026-05-22,gcrew,noaa_gefs,06,WindSpeed_ms_mean,5,4.696523470041017
gep06,00,2026-05-17,2026-05-23,gcrew,noaa_gefs,06,AirTemp_C_mean,6,13.291490173339866
gep06,00,2026-05-17,2026-05-23,gcrew,noaa_gefs,06,Pressure_Pa,6,102242.6494140625
gep06,00,2026-05-17,2026-05-23,gcrew,noaa_gefs,06,RH_percent_mean,6,95.31106090545654
gep06,00,2026-05-17,2026-05-23,gcrew,noaa_gefs,06,Rain_mm_sum,6,41.290000796318054
gep06,00,2026-05-17,2026-05-23,gcrew,noaa_gefs,06,ShortwaveRadiation_Wm2,6,8.625
gep06,00,2026-05-17,2026-05-23,gcrew,noaa_gefs,06,WindSpeed_ms_mean,6,6.730171879016334
gep06,00,2026-05-17,2026-05-24,gcrew,noaa_gefs,06,AirTemp_C_mean,7,13.87753829956057
gep06,00,2026-05-17,2026-05-24,gcrew,noaa_gefs,06,Pressure_Pa,7,102702.9013671875
gep06,00,2026-05-17,2026-05-24,gcrew,noaa_gefs,06,RH_percent_mean,7,89.53658866882324
gep06,00,2026-05-17,2026-05-24,gcrew,noaa_gefs,06,Rain_mm_sum,7,1.5000000074505806
gep06,00,2026-05-17,2026-05-24,gcrew,noaa_gefs,06,ShortwaveRadiation_Wm2,7,55.5
gep06,00,2026-05-17,2026-05-24,gcrew,noaa_gefs,06,WindSpeed_ms_mean,7,4.664883181526184
gep06,00,2026-05-17,2026-05-25,gcrew,noaa_gefs,06,AirTemp_C_mean,8,13.337792968750023
gep06,00,2026-05-17,2026-05-25,gcrew,noaa_gefs,06,Pressure_Pa,8,103076.4609375
gep06,00,2026-05-17,2026-05-25,gcrew,noaa_gefs,06,RH_percent_mean,8,78.87850284576416
gep06,00,2026-05-17,2026-05-25,gcrew,noaa_gefs,06,Rain_mm_sum,8,0
gep06,00,2026-05-17,2026-05-25,gcrew,noaa_gefs,06,ShortwaveRadiation_Wm2,8,160.625
gep06,00,2026-05-17,2026-05-25,gcrew,noaa_gefs,06,WindSpeed_ms_mean,8,4.284401237933425
gep06,00,2026-05-17,2026-05-26,gcrew,noaa_gefs,06,AirTemp_C_mean,9,13.400532749721005
gep06,00,2026-05-17,2026-05-26,gcrew,noaa_gefs,06,Pressure_Pa,9,102888.00669642857
gep06,00,2026-05-17,2026-05-26,gcrew,noaa_gefs,06,RH_percent_mean,9,66.3826152256557
gep06,00,2026-05-17,2026-05-26,gcrew,noaa_gefs,06,Rain_mm_sum,9,0
gep06,00,2026-05-17,2026-05-26,gcrew,noaa_gefs,06,ShortwaveRadiation_Wm2,9,372.2857142857143
gep06,00,2026-05-17,2026-05-26,gcrew,noaa_gefs,06,WindSpeed_ms_mean,9,2.9715455604219634
gep06,00,2026-05-17,2026-05-27,gcrew,noaa_gefs,06,AirTemp_C_mean,10,17.38470611572268
gep06,00,2026-05-17,2026-05-27,gcrew,noaa_gefs,06,Pressure_Pa,10,102230.107421875
gep06,00,2026-05-17,2026-05-27,gcrew,noaa_gefs,06,RH_percent_mean,10,76.62809085845947
gep06,00,2026-05-17,2026-05-27,gcrew,noaa_gefs,06,Rain_mm_sum,10,0
gep06,00,2026-05-17,2026-05-27,gcrew,noaa_gefs,06,ShortwaveRadiation_Wm2,10,292
gep06,00,2026-05-17,2026-05-27,gcrew,noaa_gefs,06,WindSpeed_ms_mean,10,3.292260275209521
gep06,00,2026-05-17,2026-05-28,gcrew,noaa_gefs,06,AirTemp_C_mean,11,18.825532531738304
gep06,00,2026-05-17,2026-05-28,gcrew,noaa_gefs,06,Pressure_Pa,11,101594.103515625
gep06,00,2026-05-17,2026-05-28,gcrew,noaa_gefs,06,RH_percent_mean,11,88.5962963104248
gep06,00,2026-05-17,2026-05-28,gcrew,noaa_gefs,06,Rain_mm_sum,11,3.2000001445412636
gep06,00,2026-05-17,2026-05-28,gcrew,noaa_gefs,06,ShortwaveRadiation_Wm2,11,232.25
gep06,00,2026-05-17,2026-05-28,gcrew,noaa_gefs,06,WindSpeed_ms_mean,11,1.843962609809163
gep06,00,2026-05-17,2026-05-29,gcrew,noaa_gefs,06,AirTemp_C_mean,12,20.632531738281273
gep06,00,2026-05-17,2026-05-29,gcrew,noaa_gefs,06,Pressure_Pa,12,101605.099609375
gep06,00,2026-05-17,2026-05-29,gcrew,noaa_gefs,06,RH_percent_mean,12,90.68621635437012
gep06,00,2026-05-17,2026-05-29,gcrew,noaa_gefs,06,Rain_mm_sum,12,8.700000047683716
gep06,00,2026-05-17,2026-05-29,gcrew,noaa_gefs,06,ShortwaveRadiation_Wm2,12,303.25
gep06,00,2026-05-17,2026-05-29,gcrew,noaa_gefs,06,WindSpeed_ms_mean,12,2.2984613975817045
gep06,00,2026-05-17,2026-05-30,gcrew,noaa_gefs,06,AirTemp_C_mean,13,20.257226562500023
gep06,00,2026-05-17,2026-05-30,gcrew,noaa_gefs,06,Pressure_Pa,13,101830.51953125
gep06,00,2026-05-17,2026-05-30,gcrew,noaa_gefs,06,RH_percent_mean,13,89.01692962646484
gep06,00,2026-05-17,2026-05-30,gcrew,noaa_gefs,06,Rain_mm_sum,13,0.700000025331974
gep06,00,2026-05-17,2026-05-30,gcrew,noaa_gefs,06,ShortwaveRadiation_Wm2,13,279
gep06,00,2026-05-17,2026-05-30,gcrew,noaa_gefs,06,WindSpeed_ms_mean,13,7.177529832521996
gep06,00,2026-05-17,2026-05-31,gcrew,noaa_gefs,06,AirTemp_C_mean,14,20.746133422851585
gep06,00,2026-05-17,2026-05-31,gcrew,noaa_gefs,06,Pressure_Pa,14,101566.6875
gep06,00,2026-05-17,2026-05-31,gcrew,noaa_gefs,06,RH_percent_mean,14,86.56785774230957
gep06,00,2026-05-17,2026-05-31,gcrew,noaa_gefs,06,Rain_mm_sum,14,0.10000000149011612
gep06,00,2026-05-17,2026-05-31,gcrew,noaa_gefs,06,ShortwaveRadiation_Wm2,14,236.5
gep06,00,2026-05-17,2026-05-31,gcrew,noaa_gefs,06,WindSpeed_ms_mean,14,4.452410245898682
gep06,00,2026-05-17,2026-06-01,gcrew,noaa_gefs,06,AirTemp_C_mean,15,21.641290283203148
gep06,00,2026-05-17,2026-06-01,gcrew,noaa_gefs,06,Pressure_Pa,15,101232.943359375
gep06,00,2026-05-17,2026-06-01,gcrew,noaa_gefs,06,RH_percent_mean,15,85.77047920227051
gep06,00,2026-05-17,2026-06-01,gcrew,noaa_gefs,06,Rain_mm_sum,15,0.20000000298023224
gep06,00,2026-05-17,2026-06-01,gcrew,noaa_gefs,06,ShortwaveRadiation_Wm2,15,319.25
gep06,00,2026-05-17,2026-06-01,gcrew,noaa_gefs,06,WindSpeed_ms_mean,15,4.987514627831614
gep06,00,2026-05-17,2026-06-02,gcrew,noaa_gefs,06,AirTemp_C_mean,16,23.64350280761721
gep06,00,2026-05-17,2026-06-02,gcrew,noaa_gefs,06,Pressure_Pa,16,100336.03125
gep06,00,2026-05-17,2026-06-02,gcrew,noaa_gefs,06,RH_percent_mean,16,79.2158031463623
gep06,00,2026-05-17,2026-06-02,gcrew,noaa_gefs,06,Rain_mm_sum,16,0.10000000149011612
gep06,00,2026-05-17,2026-06-02,gcrew,noaa_gefs,06,ShortwaveRadiation_Wm2,16,248.5
gep06,00,2026-05-17,2026-06-02,gcrew,noaa_gefs,06,WindSpeed_ms_mean,16,6.294558916761398
gep06,00,2026-05-17,2026-06-03,gcrew,noaa_gefs,06,AirTemp_C_mean,17,21.807466125488304
gep06,00,2026-05-17,2026-06-03,gcrew,noaa_gefs,06,Pressure_Pa,17,100524.14453125
gep06,00,2026-05-17,2026-06-03,gcrew,noaa_gefs,06,RH_percent_mean,17,82.67036247253418
gep06,00,2026-05-17,2026-06-03,gcrew,noaa_gefs,06,Rain_mm_sum,17,4.900000035762787
gep06,00,2026-05-17,2026-06-03,gcrew,noaa_gefs,06,ShortwaveRadiation_Wm2,17,192.5
gep06,00,2026-05-17,2026-06-03,gcrew,noaa_gefs,06,WindSpeed_ms_mean,17,6.2389494415019655
gep06,00,2026-05-17,2026-06-04,gcrew,noaa_gefs,06,AirTemp_C_mean,18,19.62371978759768
gep06,00,2026-05-17,2026-06-04,gcrew,noaa_gefs,06,Pressure_Pa,18,101363.12109375
gep06,00,2026-05-17,2026-06-04,gcrew,noaa_gefs,06,RH_percent_mean,18,59.62021350860596
gep06,00,2026-05-17,2026-06-04,gcrew,noaa_gefs,06,Rain_mm_sum,18,0
gep06,00,2026-05-17,2026-06-04,gcrew,noaa_gefs,06,ShortwaveRadiation_Wm2,18,353
gep06,00,2026-05-17,2026-06-04,gcrew,noaa_gefs,06,WindSpeed_ms_mean,18,5.129538041845657
gep06,00,2026-05-17,2026-06-05,gcrew,noaa_gefs,06,AirTemp_C_mean,19,18.13916931152346
gep06,00,2026-05-17,2026-06-05,gcrew,noaa_gefs,06,Pressure_Pa,19,102108.5078125
gep06,00,2026-05-17,2026-06-05,gcrew,noaa_gefs,06,RH_percent_mean,19,67.04474639892578
gep06,00,2026-05-17,2026-06-05,gcrew,noaa_gefs,06,Rain_mm_sum,19,0
gep06,00,2026-05-17,2026-06-05,gcrew,noaa_gefs,06,ShortwaveRadiation_Wm2,19,292.75
gep06,00,2026-05-17,2026-06-05,gcrew,noaa_gefs,06,WindSpeed_ms_mean,19,5.191744913150064
gep06,00,2026-05-17,2026-06-06,gcrew,noaa_gefs,06,AirTemp_C_mean,20,17.265962219238304
gep06,00,2026-05-17,2026-06-06,gcrew,noaa_gefs,06,Pressure_Pa,20,102458.673828125
gep06,00,2026-05-17,2026-06-06,gcrew,noaa_gefs,06,RH_percent_mean,20,61.6632661819458
gep06,00,2026-05-17,2026-06-06,gcrew,noaa_gefs,06,Rain_mm_sum,20,0
gep06,00,2026-05-17,2026-06-06,gcrew,noaa_gefs,06,ShortwaveRadiation_Wm2,20,353.75
gep06,00,2026-05-17,2026-06-06,gcrew,noaa_gefs,06,WindSpeed_ms_mean,20,6.67467006888216
gep06,00,2026-05-17,2026-06-07,gcrew,noaa_gefs,06,AirTemp_C_mean,21,17.46930847167971
gep06,00,2026-05-17,2026-06-07,gcrew,noaa_gefs,06,Pressure_Pa,21,102539.91796875
gep06,00,2026-05-17,2026-06-07,gcrew,noaa_gefs,06,RH_percent_mean,21,57.39550495147705
gep06,00,2026-05-17,2026-06-07,gcrew,noaa_gefs,06,Rain_mm_sum,21,0
gep06,00,2026-05-17,2026-06-07,gcrew,noaa_gefs,06,ShortwaveRadiation_Wm2,21,311.25
gep06,00,2026-05-17,2026-06-07,gcrew,noaa_gefs,06,WindSpeed_ms_mean,21,6.253105276917296
gep06,00,2026-05-17,2026-06-08,gcrew,noaa_gefs,06,AirTemp_C_mean,22,18.264520263671898
gep06,00,2026-05-17,2026-06-08,gcrew,noaa_gefs,06,Pressure_Pa,22,102453.42578125
gep06,00,2026-05-17,2026-06-08,gcrew,noaa_gefs,06,RH_percent_mean,22,69.18738460540771
gep06,00,2026-05-17,2026-06-08,gcrew,noaa_gefs,06,Rain_mm_sum,22,0
gep06,00,2026-05-17,2026-06-08,gcrew,noaa_gefs,06,ShortwaveRadiation_Wm2,22,358.75
gep06,00,2026-05-17,2026-06-08,gcrew,noaa_gefs,06,WindSpeed_ms_mean,22,5.268783443054002
gep06,00,2026-05-17,2026-06-09,gcrew,noaa_gefs,06,AirTemp_C_mean,23,19.784394836425804
gep06,00,2026-05-17,2026-06-09,gcrew,noaa_gefs,06,Pressure_Pa,23,102266.64453125
gep06,00,2026-05-17,2026-06-09,gcrew,noaa_gefs,06,RH_percent_mean,23,76.86220645904541
gep06,00,2026-05-17,2026-06-09,gcrew,noaa_gefs,06,Rain_mm_sum,23,0
gep06,00,2026-05-17,2026-06-09,gcrew,noaa_gefs,06,ShortwaveRadiation_Wm2,23,315.5
gep06,00,2026-05-17,2026-06-09,gcrew,noaa_gefs,06,WindSpeed_ms_mean,23,4.38349937840495
gep06,00,2026-05-17,2026-06-10,gcrew,noaa_gefs,06,AirTemp_C_mean,24,19.276849365234398
gep06,00,2026-05-17,2026-06-10,gcrew,noaa_gefs,06,Pressure_Pa,24,102072.908203125
gep06,00,2026-05-17,2026-06-10,gcrew,noaa_gefs,06,RH_percent_mean,24,77.74775695800781
gep06,00,2026-05-17,2026-06-10,gcrew,noaa_gefs,06,Rain_mm_sum,24,0
gep06,00,2026-05-17,2026-06-10,gcrew,noaa_gefs,06,ShortwaveRadiation_Wm2,24,344.5
gep06,00,2026-05-17,2026-06-10,gcrew,noaa_gefs,06,WindSpeed_ms_mean,24,3.046278388581381
gep06,00,2026-05-17,2026-06-11,gcrew,noaa_gefs,06,AirTemp_C_mean,25,19.354234313964866
gep06,00,2026-05-17,2026-06-11,gcrew,noaa_gefs,06,Pressure_Pa,25,101661.693359375
gep06,00,2026-05-17,2026-06-11,gcrew,noaa_gefs,06,RH_percent_mean,25,78.77657699584961
gep06,00,2026-05-17,2026-06-11,gcrew,noaa_gefs,06,Rain_mm_sum,25,0
gep06,00,2026-05-17,2026-06-11,gcrew,noaa_gefs,06,ShortwaveRadiation_Wm2,25,344.25
gep06,00,2026-05-17,2026-06-11,gcrew,noaa_gefs,06,WindSpeed_ms_mean,25,2.403215737924673
gep06,00,2026-05-17,2026-06-12,gcrew,noaa_gefs,06,AirTemp_C_mean,26,20.841760253906273
gep06,00,2026-05-17,2026-06-12,gcrew,noaa_gefs,06,Pressure_Pa,26,101401.55078125
gep06,00,2026-05-17,2026-06-12,gcrew,noaa_gefs,06,RH_percent_mean,26,86.05273246765137
gep06,00,2026-05-17,2026-06-12,gcrew,noaa_gefs,06,Rain_mm_sum,26,0.5000000074505806
gep06,00,2026-05-17,2026-06-12,gcrew,noaa_gefs,06,ShortwaveRadiation_Wm2,26,270.5
gep06,00,2026-05-17,2026-06-12,gcrew,noaa_gefs,06,WindSpeed_ms_mean,26,2.6211042370057838
gep06,00,2026-05-17,2026-06-13,gcrew,noaa_gefs,06,AirTemp_C_mean,27,22.633142089843773
gep06,00,2026-05-17,2026-06-13,gcrew,noaa_gefs,06,Pressure_Pa,27,101495.544921875
gep06,00,2026-05-17,2026-06-13,gcrew,noaa_gefs,06,RH_percent_mean,27,84.56381607055664
gep06,00,2026-05-17,2026-06-13,gcrew,noaa_gefs,06,Rain_mm_sum,27,0.30000001192092896
gep06,00,2026-05-17,2026-06-13,gcrew,noaa_gefs,06,ShortwaveRadiation_Wm2,27,331.25
gep06,00,2026-05-17,2026-06-13,gcrew,noaa_gefs,06,WindSpeed_ms_mean,27,4.002934118539743
gep06,00,2026-05-17,2026-06-14,gcrew,noaa_gefs,06,AirTemp_C_mean,28,23.382600402832054
gep06,00,2026-05-17,2026-06-14,gcrew,noaa_gefs,06,Pressure_Pa,28,101357.177734375
gep06,00,2026-05-17,2026-06-14,gcrew,noaa_gefs,06,RH_percent_mean,28,89.37162399291992
gep06,00,2026-05-17,2026-06-14,gcrew,noaa_gefs,06,Rain_mm_sum,28,2.6000000536441803
gep06,00,2026-05-17,2026-06-14,gcrew,noaa_gefs,06,ShortwaveRadiation_Wm2,28,284.75
gep06,00,2026-05-17,2026-06-14,gcrew,noaa_gefs,06,WindSpeed_ms_mean,28,3.3537151621249275
gep06,00,2026-05-17,2026-06-15,gcrew,noaa_gefs,06,AirTemp_C_mean,29,24.840669250488304
gep06,00,2026-05-17,2026-06-15,gcrew,noaa_gefs,06,Pressure_Pa,29,101524.51171875
gep06,00,2026-05-17,2026-06-15,gcrew,noaa_gefs,06,RH_percent_mean,29,77.19408130645752
gep06,00,2026-05-17,2026-06-15,gcrew,noaa_gefs,06,Rain_mm_sum,29,0.10000000149011612
gep06,00,2026-05-17,2026-06-15,gcrew,noaa_gefs,06,ShortwaveRadiation_Wm2,29,296.5
gep06,00,2026-05-17,2026-06-15,gcrew,noaa_gefs,06,WindSpeed_ms_mean,29,4.042771754237245
gep06,00,2026-05-17,2026-06-16,gcrew,noaa_gefs,06,AirTemp_C_mean,30,24.895989990234398
gep06,00,2026-05-17,2026-06-16,gcrew,noaa_gefs,06,Pressure_Pa,30,101772.68359375
gep06,00,2026-05-17,2026-06-16,gcrew,noaa_gefs,06,RH_percent_mean,30,77.33410263061523
gep06,00,2026-05-17,2026-06-16,gcrew,noaa_gefs,06,Rain_mm_sum,30,0.30000000447034836
gep06,00,2026-05-17,2026-06-16,gcrew,noaa_gefs,06,ShortwaveRadiation_Wm2,30,313.25
gep06,00,2026-05-17,2026-06-16,gcrew,noaa_gefs,06,WindSpeed_ms_mean,30,3.6732919255241057
gep06,00,2026-05-17,2026-06-17,gcrew,noaa_gefs,06,AirTemp_C_mean,31,25.772210693359398
gep06,00,2026-05-17,2026-06-17,gcrew,noaa_gefs,06,Pressure_Pa,31,101904.6171875
gep06,00,2026-05-17,2026-06-17,gcrew,noaa_gefs,06,RH_percent_mean,31,76.04165267944336
gep06,00,2026-05-17,2026-06-17,gcrew,noaa_gefs,06,Rain_mm_sum,31,0
gep06,00,2026-05-17,2026-06-17,gcrew,noaa_gefs,06,ShortwaveRadiation_Wm2,31,286.75
gep06,00,2026-05-17,2026-06-17,gcrew,noaa_gefs,06,WindSpeed_ms_mean,31,4.13248526059356
gep06,00,2026-05-17,2026-06-18,gcrew,noaa_gefs,06,AirTemp_C_mean,32,25.74041900634768
gep06,00,2026-05-17,2026-06-18,gcrew,noaa_gefs,06,Pressure_Pa,32,101534.314453125
gep06,00,2026-05-17,2026-06-18,gcrew,noaa_gefs,06,RH_percent_mean,32,80.33454704284668
gep06,00,2026-05-17,2026-06-18,gcrew,noaa_gefs,06,Rain_mm_sum,32,8.800000250339508
gep06,00,2026-05-17,2026-06-18,gcrew,noaa_gefs,06,ShortwaveRadiation_Wm2,32,311.5
gep06,00,2026-05-17,2026-06-18,gcrew,noaa_gefs,06,WindSpeed_ms_mean,32,4.21631310842572
gep06,00,2026-05-17,2026-06-19,gcrew,noaa_gefs,06,AirTemp_C_mean,33,24.15681610107424
gep06,00,2026-05-17,2026-06-19,gcrew,noaa_gefs,06,Pressure_Pa,33,101012.509765625
gep06,00,2026-05-17,2026-06-19,gcrew,noaa_gefs,06,RH_percent_mean,33,84.10998153686523
gep06,00,2026-05-17,2026-06-19,gcrew,noaa_gefs,06,Rain_mm_sum,33,37.50000125169754
gep06,00,2026-05-17,2026-06-19,gcrew,noaa_gefs,06,ShortwaveRadiation_Wm2,33,322.25
gep06,00,2026-05-17,2026-06-19,gcrew,noaa_gefs,06,WindSpeed_ms_mean,33,5.041177238306991
gep06,00,2026-05-17,2026-06-20,gcrew,noaa_gefs,06,AirTemp_C_mean,34,21.24146423339846
gep06,00,2026-05-17,2026-06-20,gcrew,noaa_gefs,06,Pressure_Pa,34,101358.76953125
gep06,00,2026-05-17,2026-06-20,gcrew,noaa_gefs,06,RH_percent_mean,34,58.25197887420654
gep06,00,2026-05-17,2026-06-20,gcrew,noaa_gefs,06,Rain_mm_sum,34,0
gep06,00,2026-05-17,2026-06-20,gcrew,noaa_gefs,06,ShortwaveRadiation_Wm2,34,354.5
gep06,00,2026-05-17,2026-06-20,gcrew,noaa_gefs,06,WindSpeed_ms_mean,34,7.9283052740783315
gep07,00,2026-05-17,2026-05-18,gcrew,noaa_gefs,07,AirTemp_C_mean,1,20.541738128662132
gep07,00,2026-05-17,2026-05-18,gcrew,noaa_gefs,07,Pressure_Pa,1,102011.392578125
gep07,00,2026-05-17,2026-05-18,gcrew,noaa_gefs,07,RH_percent_mean,1,84.17081260681152
gep07,00,2026-05-17,2026-05-18,gcrew,noaa_gefs,07,Rain_mm_sum,1,6.350000023841858
gep07,00,2026-05-17,2026-05-18,gcrew,noaa_gefs,07,ShortwaveRadiation_Wm2,1,332.125
gep07,00,2026-05-17,2026-05-18,gcrew,noaa_gefs,07,WindSpeed_ms_mean,1,2.606449622457496
gep07,00,2026-05-17,2026-05-19,gcrew,noaa_gefs,07,AirTemp_C_mean,2,23.0995918273926
gep07,00,2026-05-17,2026-05-19,gcrew,noaa_gefs,07,Pressure_Pa,2,101806.55859375
gep07,00,2026-05-17,2026-05-19,gcrew,noaa_gefs,07,RH_percent_mean,2,68.34389972686768
gep07,00,2026-05-17,2026-05-19,gcrew,noaa_gefs,07,Rain_mm_sum,2,1.8000000268220901
gep07,00,2026-05-17,2026-05-19,gcrew,noaa_gefs,07,ShortwaveRadiation_Wm2,2,334.75
gep07,00,2026-05-17,2026-05-19,gcrew,noaa_gefs,07,WindSpeed_ms_mean,2,3.4067788659044838
gep07,00,2026-05-17,2026-05-20,gcrew,noaa_gefs,07,AirTemp_C_mean,3,22.52497253417971
gep07,00,2026-05-17,2026-05-20,gcrew,noaa_gefs,07,Pressure_Pa,3,101325.6357421875
gep07,00,2026-05-17,2026-05-20,gcrew,noaa_gefs,07,RH_percent_mean,3,71.24866104125977
gep07,00,2026-05-17,2026-05-20,gcrew,noaa_gefs,07,Rain_mm_sum,3,26.70000010728836
gep07,00,2026-05-17,2026-05-20,gcrew,noaa_gefs,07,ShortwaveRadiation_Wm2,3,262.375
gep07,00,2026-05-17,2026-05-20,gcrew,noaa_gefs,07,WindSpeed_ms_mean,3,4.549640011874029
gep07,00,2026-05-17,2026-05-21,gcrew,noaa_gefs,07,AirTemp_C_mean,4,15.515148053850469
gep07,00,2026-05-17,2026-05-21,gcrew,noaa_gefs,07,Pressure_Pa,4,101836.072265625
gep07,00,2026-05-17,2026-05-21,gcrew,noaa_gefs,07,RH_percent_mean,4,76.015167236328125
gep07,00,2026-05-17,2026-05-21,gcrew,noaa_gefs,07,Rain_mm_sum,4,9.399999812245369
gep07,00,2026-05-17,2026-05-21,gcrew,noaa_gefs,07,ShortwaveRadiation_Wm2,4,97.625
gep07,00,2026-05-17,2026-05-21,gcrew,noaa_gefs,07,WindSpeed_ms_mean,4,3.6808240475840406
gep07,00,2026-05-17,2026-05-22,gcrew,noaa_gefs,07,AirTemp_C_mean,5,14.000840759277366
gep07,00,2026-05-17,2026-05-22,gcrew,noaa_gefs,07,Pressure_Pa,5,101988.966796875
gep07,00,2026-05-17,2026-05-22,gcrew,noaa_gefs,07,RH_percent_mean,5,84.21332263946533
gep07,00,2026-05-17,2026-05-22,gcrew,noaa_gefs,07,Rain_mm_sum,5,9.800000049173832
gep07,00,2026-05-17,2026-05-22,gcrew,noaa_gefs,07,ShortwaveRadiation_Wm2,5,22.75
gep07,00,2026-05-17,2026-05-22,gcrew,noaa_gefs,07,WindSpeed_ms_mean,5,4.696523470041017
gep07,00,2026-05-17,2026-05-23,gcrew,noaa_gefs,07,AirTemp_C_mean,6,13.291490173339866
gep07,00,2026-05-17,2026-05-23,gcrew,noaa_gefs,07,Pressure_Pa,6,102242.6494140625
gep07,00,2026-05-17,2026-05-23,gcrew,noaa_gefs,07,RH_percent_mean,6,95.31106090545654
gep07,00,2026-05-17,2026-05-23,gcrew,noaa_gefs,07,Rain_mm_sum,6,41.290000796318054
gep07,00,2026-05-17,2026-05-23,gcrew,noaa_gefs,07,ShortwaveRadiation_Wm2,6,8.625
gep07,00,2026-05-17,2026-05-23,gcrew,noaa_gefs,07,WindSpeed_ms_mean,6,6.730171879016334
gep07,00,2026-05-17,2026-05-24,gcrew,noaa_gefs,07,AirTemp_C_mean,7,13.87753829956057
gep07,00,2026-05-17,2026-05-24,gcrew,noaa_gefs,07,Pressure_Pa,7,102702.9013671875
gep07,00,2026-05-17,2026-05-24,gcrew,noaa_gefs,07,RH_percent_mean,7,89.53658866882324
gep07,00,2026-05-17,2026-05-24,gcrew,noaa_gefs,07,Rain_mm_sum,7,1.5000000074505806
gep07,00,2026-05-17,2026-05-24,gcrew,noaa_gefs,07,ShortwaveRadiation_Wm2,7,55.5
gep07,00,2026-05-17,2026-05-24,gcrew,noaa_gefs,07,WindSpeed_ms_mean,7,4.664883181526184
gep07,00,2026-05-17,2026-05-25,gcrew,noaa_gefs,07,AirTemp_C_mean,8,13.337792968750023
gep07,00,2026-05-17,2026-05-25,gcrew,noaa_gefs,07,Pressure_Pa,8,103076.4609375
gep07,00,2026-05-17,2026-05-25,gcrew,noaa_gefs,07,RH_percent_mean,8,78.87850284576416
gep07,00,2026-05-17,2026-05-25,gcrew,noaa_gefs,07,Rain_mm_sum,8,0
gep07,00,2026-05-17,2026-05-25,gcrew,noaa_gefs,07,ShortwaveRadiation_Wm2,8,160.625
gep07,00,2026-05-17,2026-05-25,gcrew,noaa_gefs,07,WindSpeed_ms_mean,8,4.284401237933425
gep07,00,2026-05-17,2026-05-26,gcrew,noaa_gefs,07,AirTemp_C_mean,9,13.400532749721005
gep07,00,2026-05-17,2026-05-26,gcrew,noaa_gefs,07,Pressure_Pa,9,102888.00669642857
gep07,00,2026-05-17,2026-05-26,gcrew,noaa_gefs,07,RH_percent_mean,9,66.3826152256557
gep07,00,2026-05-17,2026-05-26,gcrew,noaa_gefs,07,Rain_mm_sum,9,0
gep07,00,2026-05-17,2026-05-26,gcrew,noaa_gefs,07,ShortwaveRadiation_Wm2,9,372.2857142857143
gep07,00,2026-05-17,2026-05-26,gcrew,noaa_gefs,07,WindSpeed_ms_mean,9,2.9715455604219634
gep07,00,2026-05-17,2026-05-27,gcrew,noaa_gefs,07,AirTemp_C_mean,10,17.38470611572268
gep07,00,2026-05-17,2026-05-27,gcrew,noaa_gefs,07,Pressure_Pa,10,102230.107421875
gep07,00,2026-05-17,2026-05-27,gcrew,noaa_gefs,07,RH_percent_mean,10,76.62809085845947
gep07,00,2026-05-17,2026-05-27,gcrew,noaa_gefs,07,Rain_mm_sum,10,0
gep07,00,2026-05-17,2026-05-27,gcrew,noaa_gefs,07,ShortwaveRadiation_Wm2,10,292
gep07,00,2026-05-17,2026-05-27,gcrew,noaa_gefs,07,WindSpeed_ms_mean,10,3.292260275209521
gep07,00,2026-05-17,2026-05-28,gcrew,noaa_gefs,07,AirTemp_C_mean,11,18.825532531738304
gep07,00,2026-05-17,2026-05-28,gcrew,noaa_gefs,07,Pressure_Pa,11,101594.103515625
gep07,00,2026-05-17,2026-05-28,gcrew,noaa_gefs,07,RH_percent_mean,11,88.5962963104248
gep07,00,2026-05-17,2026-05-28,gcrew,noaa_gefs,07,Rain_mm_sum,11,3.2000001445412636
gep07,00,2026-05-17,2026-05-28,gcrew,noaa_gefs,07,ShortwaveRadiation_Wm2,11,232.25
gep07,00,2026-05-17,2026-05-28,gcrew,noaa_gefs,07,WindSpeed_ms_mean,11,1.843962609809163
gep07,00,2026-05-17,2026-05-29,gcrew,noaa_gefs,07,AirTemp_C_mean,12,20.632531738281273
gep07,00,2026-05-17,2026-05-29,gcrew,noaa_gefs,07,Pressure_Pa,12,101605.099609375
gep07,00,2026-05-17,2026-05-29,gcrew,noaa_gefs,07,RH_percent_mean,12,90.68621635437012
gep07,00,2026-05-17,2026-05-29,gcrew,noaa_gefs,07,Rain_mm_sum,12,8.700000047683716
gep07,00,2026-05-17,2026-05-29,gcrew,noaa_gefs,07,ShortwaveRadiation_Wm2,12,303.25
gep07,00,2026-05-17,2026-05-29,gcrew,noaa_gefs,07,WindSpeed_ms_mean,12,2.2984613975817045
gep07,00,2026-05-17,2026-05-30,gcrew,noaa_gefs,07,AirTemp_C_mean,13,20.257226562500023
gep07,00,2026-05-17,2026-05-30,gcrew,noaa_gefs,07,Pressure_Pa,13,101830.51953125
gep07,00,2026-05-17,2026-05-30,gcrew,noaa_gefs,07,RH_percent_mean,13,89.01692962646484
gep07,00,2026-05-17,2026-05-30,gcrew,noaa_gefs,07,Rain_mm_sum,13,0.700000025331974
gep07,00,2026-05-17,2026-05-30,gcrew,noaa_gefs,07,ShortwaveRadiation_Wm2,13,279
gep07,00,2026-05-17,2026-05-30,gcrew,noaa_gefs,07,WindSpeed_ms_mean,13,7.177529832521996
gep07,00,2026-05-17,2026-05-31,gcrew,noaa_gefs,07,AirTemp_C_mean,14,20.746133422851585
gep07,00,2026-05-17,2026-05-31,gcrew,noaa_gefs,07,Pressure_Pa,14,101566.6875
gep07,00,2026-05-17,2026-05-31,gcrew,noaa_gefs,07,RH_percent_mean,14,86.56785774230957
gep07,00,2026-05-17,2026-05-31,gcrew,noaa_gefs,07,Rain_mm_sum,14,0.10000000149011612
gep07,00,2026-05-17,2026-05-31,gcrew,noaa_gefs,07,ShortwaveRadiation_Wm2,14,236.5
gep07,00,2026-05-17,2026-05-31,gcrew,noaa_gefs,07,WindSpeed_ms_mean,14,4.452410245898682
gep07,00,2026-05-17,2026-06-01,gcrew,noaa_gefs,07,AirTemp_C_mean,15,21.641290283203148
gep07,00,2026-05-17,2026-06-01,gcrew,noaa_gefs,07,Pressure_Pa,15,101232.943359375
gep07,00,2026-05-17,2026-06-01,gcrew,noaa_gefs,07,RH_percent_mean,15,85.77047920227051
gep07,00,2026-05-17,2026-06-01,gcrew,noaa_gefs,07,Rain_mm_sum,15,0.20000000298023224
gep07,00,2026-05-17,2026-06-01,gcrew,noaa_gefs,07,ShortwaveRadiation_Wm2,15,319.25
gep07,00,2026-05-17,2026-06-01,gcrew,noaa_gefs,07,WindSpeed_ms_mean,15,4.987514627831614
gep07,00,2026-05-17,2026-06-02,gcrew,noaa_gefs,07,AirTemp_C_mean,16,23.64350280761721
gep07,00,2026-05-17,2026-06-02,gcrew,noaa_gefs,07,Pressure_Pa,16,100336.03125
gep07,00,2026-05-17,2026-06-02,gcrew,noaa_gefs,07,RH_percent_mean,16,79.2158031463623
gep07,00,2026-05-17,2026-06-02,gcrew,noaa_gefs,07,Rain_mm_sum,16,0.10000000149011612
gep07,00,2026-05-17,2026-06-02,gcrew,noaa_gefs,07,ShortwaveRadiation_Wm2,16,248.5
gep07,00,2026-05-17,2026-06-02,gcrew,noaa_gefs,07,WindSpeed_ms_mean,16,6.294558916761398
gep07,00,2026-05-17,2026-06-03,gcrew,noaa_gefs,07,AirTemp_C_mean,17,21.807466125488304
gep07,00,2026-05-17,2026-06-03,gcrew,noaa_gefs,07,Pressure_Pa,17,100524.14453125
gep07,00,2026-05-17,2026-06-03,gcrew,noaa_gefs,07,RH_percent_mean,17,82.67036247253418
gep07,00,2026-05-17,2026-06-03,gcrew,noaa_gefs,07,Rain_mm_sum,17,4.900000035762787
gep07,00,2026-05-17,2026-06-03,gcrew,noaa_gefs,07,ShortwaveRadiation_Wm2,17,192.5
gep07,00,2026-05-17,2026-06-03,gcrew,noaa_gefs,07,WindSpeed_ms_mean,17,6.2389494415019655
gep07,00,2026-05-17,2026-06-04,gcrew,noaa_gefs,07,AirTemp_C_mean,18,19.62371978759768
gep07,00,2026-05-17,2026-06-04,gcrew,noaa_gefs,07,Pressure_Pa,18,101363.12109375
gep07,00,2026-05-17,2026-06-04,gcrew,noaa_gefs,07,RH_percent_mean,18,59.62021350860596
gep07,00,2026-05-17,2026-06-04,gcrew,noaa_gefs,07,Rain_mm_sum,18,0
gep07,00,2026-05-17,2026-06-04,gcrew,noaa_gefs,07,ShortwaveRadiation_Wm2,18,353
gep07,00,2026-05-17,2026-06-04,gcrew,noaa_gefs,07,WindSpeed_ms_mean,18,5.129538041845657
gep07,00,2026-05-17,2026-06-05,gcrew,noaa_gefs,07,AirTemp_C_mean,19,18.13916931152346
gep07,00,2026-05-17,2026-06-05,gcrew,noaa_gefs,07,Pressure_Pa,19,102108.5078125
gep07,00,2026-05-17,2026-06-05,gcrew,noaa_gefs,07,RH_percent_mean,19,67.04474639892578
gep07,00,2026-05-17,2026-06-05,gcrew,noaa_gefs,07,Rain_mm_sum,19,0
gep07,00,2026-05-17,2026-06-05,gcrew,noaa_gefs,07,ShortwaveRadiation_Wm2,19,292.75
gep07,00,2026-05-17,2026-06-05,gcrew,noaa_gefs,07,WindSpeed_ms_mean,19,5.191744913150064
gep07,00,2026-05-17,2026-06-06,gcrew,noaa_gefs,07,AirTemp_C_mean,20,17.265962219238304
gep07,00,2026-05-17,2026-06-06,gcrew,noaa_gefs,07,Pressure_Pa,20,102458.673828125
gep07,00,2026-05-17,2026-06-06,gcrew,noaa_gefs,07,RH_percent_mean,20,61.6632661819458
gep07,00,2026-05-17,2026-06-06,gcrew,noaa_gefs,07,Rain_mm_sum,20,0
gep07,00,2026-05-17,2026-06-06,gcrew,noaa_gefs,07,ShortwaveRadiation_Wm2,20,353.75
gep07,00,2026-05-17,2026-06-06,gcrew,noaa_gefs,07,WindSpeed_ms_mean,20,6.67467006888216
gep07,00,2026-05-17,2026-06-07,gcrew,noaa_gefs,07,AirTemp_C_mean,21,17.46930847167971
gep07,00,2026-05-17,2026-06-07,gcrew,noaa_gefs,07,Pressure_Pa,21,102539.91796875
gep07,00,2026-05-17,2026-06-07,gcrew,noaa_gefs,07,RH_percent_mean,21,57.39550495147705
gep07,00,2026-05-17,2026-06-07,gcrew,noaa_gefs,07,Rain_mm_sum,21,0
gep07,00,2026-05-17,2026-06-07,gcrew,noaa_gefs,07,ShortwaveRadiation_Wm2,21,311.25
gep07,00,2026-05-17,2026-06-07,gcrew,noaa_gefs,07,WindSpeed_ms_mean,21,6.253105276917296
gep07,00,2026-05-17,2026-06-08,gcrew,noaa_gefs,07,AirTemp_C_mean,22,18.264520263671898
gep07,00,2026-05-17,2026-06-08,gcrew,noaa_gefs,07,Pressure_Pa,22,102453.42578125
gep07,00,2026-05-17,2026-06-08,gcrew,noaa_gefs,07,RH_percent_mean,22,69.18738460540771
gep07,00,2026-05-17,2026-06-08,gcrew,noaa_gefs,07,Rain_mm_sum,22,0
gep07,00,2026-05-17,2026-06-08,gcrew,noaa_gefs,07,ShortwaveRadiation_Wm2,22,358.75
gep07,00,2026-05-17,2026-06-08,gcrew,noaa_gefs,07,WindSpeed_ms_mean,22,5.268783443054002
gep07,00,2026-05-17,2026-06-09,gcrew,noaa_gefs,07,AirTemp_C_mean,23,19.784394836425804
gep07,00,2026-05-17,2026-06-09,gcrew,noaa_gefs,07,Pressure_Pa,23,102266.64453125
gep07,00,2026-05-17,2026-06-09,gcrew,noaa_gefs,07,RH_percent_mean,23,76.86220645904541
gep07,00,2026-05-17,2026-06-09,gcrew,noaa_gefs,07,Rain_mm_sum,23,0
gep07,00,2026-05-17,2026-06-09,gcrew,noaa_gefs,07,ShortwaveRadiation_Wm2,23,315.5
gep07,00,2026-05-17,2026-06-09,gcrew,noaa_gefs,07,WindSpeed_ms_mean,23,4.38349937840495
gep07,00,2026-05-17,2026-06-10,gcrew,noaa_gefs,07,AirTemp_C_mean,24,19.276849365234398
gep07,00,2026-05-17,2026-06-10,gcrew,noaa_gefs,07,Pressure_Pa,24,102072.908203125
gep07,00,2026-05-17,2026-06-10,gcrew,noaa_gefs,07,RH_percent_mean,24,77.74775695800781
gep07,00,2026-05-17,2026-06-10,gcrew,noaa_gefs,07,Rain_mm_sum,24,0
gep07,00,2026-05-17,2026-06-10,gcrew,noaa_gefs,07,ShortwaveRadiation_Wm2,24,344.5
gep07,00,2026-05-17,2026-06-10,gcrew,noaa_gefs,07,WindSpeed_ms_mean,24,3.046278388581381
gep07,00,2026-05-17,2026-06-11,gcrew,noaa_gefs,07,AirTemp_C_mean,25,19.354234313964866
gep07,00,2026-05-17,2026-06-11,gcrew,noaa_gefs,07,Pressure_Pa,25,101661.693359375
gep07,00,2026-05-17,2026-06-11,gcrew,noaa_gefs,07,RH_percent_mean,25,78.77657699584961
gep07,00,2026-05-17,2026-06-11,gcrew,noaa_gefs,07,Rain_mm_sum,25,0
gep07,00,2026-05-17,2026-06-11,gcrew,noaa_gefs,07,ShortwaveRadiation_Wm2,25,344.25
gep07,00,2026-05-17,2026-06-11,gcrew,noaa_gefs,07,WindSpeed_ms_mean,25,2.403215737924673
gep07,00,2026-05-17,2026-06-12,gcrew,noaa_gefs,07,AirTemp_C_mean,26,20.841760253906273
gep07,00,2026-05-17,2026-06-12,gcrew,noaa_gefs,07,Pressure_Pa,26,101401.55078125
gep07,00,2026-05-17,2026-06-12,gcrew,noaa_gefs,07,RH_percent_mean,26,86.05273246765137
gep07,00,2026-05-17,2026-06-12,gcrew,noaa_gefs,07,Rain_mm_sum,26,0.5000000074505806
gep07,00,2026-05-17,2026-06-12,gcrew,noaa_gefs,07,ShortwaveRadiation_Wm2,26,270.5
gep07,00,2026-05-17,2026-06-12,gcrew,noaa_gefs,07,WindSpeed_ms_mean,26,2.6211042370057838
gep07,00,2026-05-17,2026-06-13,gcrew,noaa_gefs,07,AirTemp_C_mean,27,22.633142089843773
gep07,00,2026-05-17,2026-06-13,gcrew,noaa_gefs,07,Pressure_Pa,27,101495.544921875
gep07,00,2026-05-17,2026-06-13,gcrew,noaa_gefs,07,RH_percent_mean,27,84.56381607055664
gep07,00,2026-05-17,2026-06-13,gcrew,noaa_gefs,07,Rain_mm_sum,27,0.30000001192092896
gep07,00,2026-05-17,2026-06-13,gcrew,noaa_gefs,07,ShortwaveRadiation_Wm2,27,331.25
gep07,00,2026-05-17,2026-06-13,gcrew,noaa_gefs,07,WindSpeed_ms_mean,27,4.002934118539743
gep07,00,2026-05-17,2026-06-14,gcrew,noaa_gefs,07,AirTemp_C_mean,28,23.382600402832054
gep07,00,2026-05-17,2026-06-14,gcrew,noaa_gefs,07,Pressure_Pa,28,101357.177734375
gep07,00,2026-05-17,2026-06-14,gcrew,noaa_gefs,07,RH_percent_mean,28,89.37162399291992
gep07,00,2026-05-17,2026-06-14,gcrew,noaa_gefs,07,Rain_mm_sum,28,2.6000000536441803
gep07,00,2026-05-17,2026-06-14,gcrew,noaa_gefs,07,ShortwaveRadiation_Wm2,28,284.75
gep07,00,2026-05-17,2026-06-14,gcrew,noaa_gefs,07,WindSpeed_ms_mean,28,3.3537151621249275
gep07,00,2026-05-17,2026-06-15,gcrew,noaa_gefs,07,AirTemp_C_mean,29,24.840669250488304
gep07,00,2026-05-17,2026-06-15,gcrew,noaa_gefs,07,Pressure_Pa,29,101524.51171875
gep07,00,2026-05-17,2026-06-15,gcrew,noaa_gefs,07,RH_percent_mean,29,77.19408130645752
gep07,00,2026-05-17,2026-06-15,gcrew,noaa_gefs,07,Rain_mm_sum,29,0.10000000149011612
gep07,00,2026-05-17,2026-06-15,gcrew,noaa_gefs,07,ShortwaveRadiation_Wm2,29,296.5
gep07,00,2026-05-17,2026-06-15,gcrew,noaa_gefs,07,WindSpeed_ms_mean,29,4.042771754237245
gep07,00,2026-05-17,2026-06-16,gcrew,noaa_gefs,07,AirTemp_C_mean,30,24.895989990234398
gep07,00,2026-05-17,2026-06-16,gcrew,noaa_gefs,07,Pressure_Pa,30,101772.68359375
gep07,00,2026-05-17,2026-06-16,gcrew,noaa_gefs,07,RH_percent_mean,30,77.33410263061523
gep07,00,2026-05-17,2026-06-16,gcrew,noaa_gefs,07,Rain_mm_sum,30,0.30000000447034836
gep07,00,2026-05-17,2026-06-16,gcrew,noaa_gefs,07,ShortwaveRadiation_Wm2,30,313.25
gep07,00,2026-05-17,2026-06-16,gcrew,noaa_gefs,07,WindSpeed_ms_mean,30,3.6732919255241057
gep07,00,2026-05-17,2026-06-17,gcrew,noaa_gefs,07,AirTemp_C_mean,31,25.772210693359398
gep07,00,2026-05-17,2026-06-17,gcrew,noaa_gefs,07,Pressure_Pa,31,101904.6171875
gep07,00,2026-05-17,2026-06-17,gcrew,noaa_gefs,07,RH_percent_mean,31,76.04165267944336
gep07,00,2026-05-17,2026-06-17,gcrew,noaa_gefs,07,Rain_mm_sum,31,0
gep07,00,2026-05-17,2026-06-17,gcrew,noaa_gefs,07,ShortwaveRadiation_Wm2,31,286.75
gep07,00,2026-05-17,2026-06-17,gcrew,noaa_gefs,07,WindSpeed_ms_mean,31,4.13248526059356
gep07,00,2026-05-17,2026-06-18,gcrew,noaa_gefs,07,AirTemp_C_mean,32,25.74041900634768
gep07,00,2026-05-17,2026-06-18,gcrew,noaa_gefs,07,Pressure_Pa,32,101534.314453125
gep07,00,2026-05-17,2026-06-18,gcrew,noaa_gefs,07,RH_percent_mean,32,80.33454704284668
gep07,00,2026-05-17,2026-06-18,gcrew,noaa_gefs,07,Rain_mm_sum,32,8.800000250339508
gep07,00,2026-05-17,2026-06-18,gcrew,noaa_gefs,07,ShortwaveRadiation_Wm2,32,311.5
gep07,00,2026-05-17,2026-06-18,gcrew,noaa_gefs,07,WindSpeed_ms_mean,32,4.21631310842572
gep07,00,2026-05-17,2026-06-19,gcrew,noaa_gefs,07,AirTemp_C_mean,33,24.15681610107424
gep07,00,2026-05-17,2026-06-19,gcrew,noaa_gefs,07,Pressure_Pa,33,101012.509765625
gep07,00,2026-05-17,2026-06-19,gcrew,noaa_gefs,07,RH_percent_mean,33,84.10998153686523
gep07,00,2026-05-17,2026-06-19,gcrew,noaa_gefs,07,Rain_mm_sum,33,37.50000125169754
gep07,00,2026-05-17,2026-06-19,gcrew,noaa_gefs,07,ShortwaveRadiation_Wm2,33,322.25
gep07,00,2026-05-17,2026-06-19,gcrew,noaa_gefs,07,WindSpeed_ms_mean,33,5.041177238306991
gep07,00,2026-05-17,2026-06-20,gcrew,noaa_gefs,07,AirTemp_C_mean,34,21.24146423339846
gep07,00,2026-05-17,2026-06-20,gcrew,noaa_gefs,07,Pressure_Pa,34,101358.76953125
gep07,00,2026-05-17,2026-06-20,gcrew,noaa_gefs,07,RH_percent_mean,34,58.25197887420654
gep07,00,2026-05-17,2026-06-20,gcrew,noaa_gefs,07,Rain_mm_sum,34,0
gep07,00,2026-05-17,2026-06-20,gcrew,noaa_gefs,07,ShortwaveRadiation_Wm2,34,354.5
gep07,00,2026-05-17,2026-06-20,gcrew,noaa_gefs,07,WindSpeed_ms_mean,34,7.9283052740783315
gep08,00,2026-05-17,2026-05-18,gcrew,noaa_gefs,08,AirTemp_C_mean,1,20.541738128662132
gep08,00,2026-05-17,2026-05-18,gcrew,noaa_gefs,08,Pressure_Pa,1,102011.392578125
gep08,00,2026-05-17,2026-05-18,gcrew,noaa_gefs,08,RH_percent_mean,1,84.17081260681152
gep08,00,2026-05-17,2026-05-18,gcrew,noaa_gefs,08,Rain_mm_sum,1,6.350000023841858
gep08,00,2026-05-17,2026-05-18,gcrew,noaa_gefs,08,ShortwaveRadiation_Wm2,1,332.125
gep08,00,2026-05-17,2026-05-18,gcrew,noaa_gefs,08,WindSpeed_ms_mean,1,2.606449622457496
gep08,00,2026-05-17,2026-05-19,gcrew,noaa_gefs,08,AirTemp_C_mean,2,23.0995918273926
gep08,00,2026-05-17,2026-05-19,gcrew,noaa_gefs,08,Pressure_Pa,2,101806.55859375
gep08,00,2026-05-17,2026-05-19,gcrew,noaa_gefs,08,RH_percent_mean,2,68.34389972686768
gep08,00,2026-05-17,2026-05-19,gcrew,noaa_gefs,08,Rain_mm_sum,2,1.8000000268220901
gep08,00,2026-05-17,2026-05-19,gcrew,noaa_gefs,08,ShortwaveRadiation_Wm2,2,334.75
gep08,00,2026-05-17,2026-05-19,gcrew,noaa_gefs,08,WindSpeed_ms_mean,2,3.4067788659044838
gep08,00,2026-05-17,2026-05-20,gcrew,noaa_gefs,08,AirTemp_C_mean,3,22.52497253417971
gep08,00,2026-05-17,2026-05-20,gcrew,noaa_gefs,08,Pressure_Pa,3,101325.6357421875
gep08,00,2026-05-17,2026-05-20,gcrew,noaa_gefs,08,RH_percent_mean,3,71.24866104125977
gep08,00,2026-05-17,2026-05-20,gcrew,noaa_gefs,08,Rain_mm_sum,3,26.70000010728836
gep08,00,2026-05-17,2026-05-20,gcrew,noaa_gefs,08,ShortwaveRadiation_Wm2,3,262.375
gep08,00,2026-05-17,2026-05-20,gcrew,noaa_gefs,08,WindSpeed_ms_mean,3,4.549640011874029
gep08,00,2026-05-17,2026-05-21,gcrew,noaa_gefs,08,AirTemp_C_mean,4,15.515148053850469
gep08,00,2026-05-17,2026-05-21,gcrew,noaa_gefs,08,Pressure_Pa,4,101836.072265625
gep08,00,2026-05-17,2026-05-21,gcrew,noaa_gefs,08,RH_percent_mean,4,76.015167236328125
gep08,00,2026-05-17,2026-05-21,gcrew,noaa_gefs,08,Rain_mm_sum,4,9.399999812245369
gep08,00,2026-05-17,2026-05-21,gcrew,noaa_gefs,08,ShortwaveRadiation_Wm2,4,97.625
gep08,00,2026-05-17,2026-05-21,gcrew,noaa_gefs,08,WindSpeed_ms_mean,4,3.6808240475840406
gep08,00,2026-05-17,2026-05-22,gcrew,noaa_gefs,08,AirTemp_C_mean,5,14.000840759277366
gep08,00,2026-05-17,2026-05-22,gcrew,noaa_gefs,08,Pressure_Pa,5,101988.966796875
gep08,00,2026-05-17,2026-05-22,gcrew,noaa_gefs,08,RH_percent_mean,5,84.21332263946533
gep08,00,2026-05-17,2026-05-22,gcrew,noaa_gefs,08,Rain_mm_sum,5,9.800000049173832
gep08,00,2026-05-17,2026-05-22,gcrew,noaa_gefs,08,ShortwaveRadiation_Wm2,5,22.75
gep08,00,2026-05-17,2026-05-22,gcrew,noaa_gefs,08,WindSpeed_ms_mean,5,4.696523470041017
gep08,00,2026-05-17,2026-05-23,gcrew,noaa_gefs,08,AirTemp_C_mean,6,13.291490173339866
gep08,00,2026-05-17,2026-05-23,gcrew,noaa_gefs,08,Pressure_Pa,6,102242.6494140625
gep08,00,2026-05-17,2026-05-23,gcrew,noaa_gefs,08,RH_percent_mean,6,95.31106090545654
gep08,00,2026-05-17,2026-05-23,gcrew,noaa_gefs,08,Rain_mm_sum,6,41.290000796318054
gep08,00,2026-05-17,2026-05-23,gcrew,noaa_gefs,08,ShortwaveRadiation_Wm2,6,8.625
gep08,00,2026-05-17,2026-05-23,gcrew,noaa_gefs,08,WindSpeed_ms_mean,6,6.730171879016334
gep08,00,2026-05-17,2026-05-24,gcrew,noaa_gefs,08,AirTemp_C_mean,7,13.87753829956057
gep08,00,2026-05-17,2026-05-24,gcrew,noaa_gefs,08,Pressure_Pa,7,102702.9013671875
gep08,00,2026-05-17,2026-05-24,gcrew,noaa_gefs,08,RH_percent_mean,7,89.53658866882324
gep08,00,2026-05-17,2026-05-24,gcrew,noaa_gefs,08,Rain_mm_sum,7,1.5000000074505806
gep08,00,2026-05-17,2026-05-24,gcrew,noaa_gefs,08,ShortwaveRadiation_Wm2,7,55.5
gep08,00,2026-05-17,2026-05-24,gcrew,noaa_gefs,08,WindSpeed_ms_mean,7,4.664883181526184
gep08,00,2026-05-17,2026-05-25,gcrew,noaa_gefs,08,AirTemp_C_mean,8,13.337792968750023
gep08,00,2026-05-17,2026-05-25,gcrew,noaa_gefs,08,Pressure_Pa,8,103076.4609375
gep08,00,2026-05-17,2026-05-25,gcrew,noaa_gefs,08,RH_percent_mean,8,78.87850284576416
gep08,00,2026-05-17,2026-05-25,gcrew,noaa_gefs,08,Rain_mm_sum,8,0
gep08,00,2026-05-17,2026-05-25,gcrew,noaa_gefs,08,ShortwaveRadiation_Wm2,8,160.625
gep08,00,2026-05-17,2026-05-25,gcrew,noaa_gefs,08,WindSpeed_ms_mean,8,4.284401237933425
gep08,00,2026-05-17,2026-05-26,gcrew,noaa_gefs,08,AirTemp_C_mean,9,13.400532749721005
gep08,00,2026-05-17,2026-05-26,gcrew,noaa_gefs,08,Pressure_Pa,9,102888.00669642857
gep08,00,2026-05-17,2026-05-26,gcrew,noaa_gefs,08,RH_percent_mean,9,66.3826152256557
gep08,00,2026-05-17,2026-05-26,gcrew,noaa_gefs,08,Rain_mm_sum,9,0
gep08,00,2026-05-17,2026-05-26,gcrew,noaa_gefs,08,ShortwaveRadiation_Wm2,9,372.2857142857143
gep08,00,2026-05-17,2026-05-26,gcrew,noaa_gefs,08,WindSpeed_ms_mean,9,2.9715455604219634
gep08,00,2026-05-17,2026-05-27,gcrew,noaa_gefs,08,AirTemp_C_mean,10,17.38470611572268
gep08,00,2026-05-17,2026-05-27,gcrew,noaa_gefs,08,Pressure_Pa,10,102230.107421875
gep08,00,2026-05-17,2026-05-27,gcrew,noaa_gefs,08,RH_percent_mean,10,76.62809085845947
gep08,00,2026-05-17,2026-05-27,gcrew,noaa_gefs,08,Rain_mm_sum,10,0
gep08,00,2026-05-17,2026-05-27,gcrew,noaa_gefs,08,ShortwaveRadiation_Wm2,10,292
gep08,00,2026-05-17,2026-05-27,gcrew,noaa_gefs,08,WindSpeed_ms_mean,10,3.292260275209521
gep08,00,2026-05-17,2026-05-28,gcrew,noaa_gefs,08,AirTemp_C_mean,11,18.825532531738304
gep08,00,2026-05-17,2026-05-28,gcrew,noaa_gefs,08,Pressure_Pa,11,101594.103515625
gep08,00,2026-05-17,2026-05-28,gcrew,noaa_gefs,08,RH_percent_mean,11,88.5962963104248
gep08,00,2026-05-17,2026-05-28,gcrew,noaa_gefs,08,Rain_mm_sum,11,3.2000001445412636
gep08,00,2026-05-17,2026-05-28,gcrew,noaa_gefs,08,ShortwaveRadiation_Wm2,11,232.25
gep08,00,2026-05-17,2026-05-28,gcrew,noaa_gefs,08,WindSpeed_ms_mean,11,1.843962609809163
gep08,00,2026-05-17,2026-05-29,gcrew,noaa_gefs,08,AirTemp_C_mean,12,20.632531738281273
gep08,00,2026-05-17,2026-05-29,gcrew,noaa_gefs,08,Pressure_Pa,12,101605.099609375
gep08,00,2026-05-17,2026-05-29,gcrew,noaa_gefs,08,RH_percent_mean,12,90.68621635437012
gep08,00,2026-05-17,2026-05-29,gcrew,noaa_gefs,08,Rain_mm_sum,12,8.700000047683716
gep08,00,2026-05-17,2026-05-29,gcrew,noaa_gefs,08,ShortwaveRadiation_Wm2,12,303.25
gep08,00,2026-05-17,2026-05-29,gcrew,noaa_gefs,08,WindSpeed_ms_mean,12,2.2984613975817045
gep08,00,2026-05-17,2026-05-30,gcrew,noaa_gefs,08,AirTemp_C_mean,13,20.257226562500023
gep08,00,2026-05-17,2026-05-30,gcrew,noaa_gefs,08,Pressure_Pa,13,101830.51953125
gep08,00,2026-05-17,2026-05-30,gcrew,noaa_gefs,08,RH_percent_mean,13,89.01692962646484
gep08,00,2026-05-17,2026-05-30,gcrew,noaa_gefs,08,Rain_mm_sum,13,0.700000025331974
gep08,00,2026-05-17,2026-05-30,gcrew,noaa_gefs,08,ShortwaveRadiation_Wm2,13,279
gep08,00,2026-05-17,2026-05-30,gcrew,noaa_gefs,08,WindSpeed_ms_mean,13,7.177529832521996
gep08,00,2026-05-17,2026-05-31,gcrew,noaa_gefs,08,AirTemp_C_mean,14,20.746133422851585
gep08,00,2026-05-17,2026-05-31,gcrew,noaa_gefs,08,Pressure_Pa,14,101566.6875
gep08,00,2026-05-17,2026-05-31,gcrew,noaa_gefs,08,RH_percent_mean,14,86.56785774230957
gep08,00,2026-05-17,2026-05-31,gcrew,noaa_gefs,08,Rain_mm_sum,14,0.10000000149011612
gep08,00,2026-05-17,2026-05-31,gcrew,noaa_gefs,08,ShortwaveRadiation_Wm2,14,236.5
gep08,00,2026-05-17,2026-05-31,gcrew,noaa_gefs,08,WindSpeed_ms_mean,14,4.452410245898682
gep08,00,2026-05-17,2026-06-01,gcrew,noaa_gefs,08,AirTemp_C_mean,15,21.641290283203148
gep08,00,2026-05-17,2026-06-01,gcrew,noaa_gefs,08,Pressure_Pa,15,101232.943359375
gep08,00,2026-05-17,2026-06-01,gcrew,noaa_gefs,08,RH_percent_mean,15,85.77047920227051
gep08,00,2026-05-17,2026-06-01,gcrew,noaa_gefs,08,Rain_mm_sum,15,0.20000000298023224
gep08,00,2026-05-17,2026-06-01,gcrew,noaa_gefs,08,ShortwaveRadiation_Wm2,15,319.25
gep08,00,2026-05-17,2026-06-01,gcrew,noaa_gefs,08,WindSpeed_ms_mean,15,4.987514627831614
gep08,00,2026-05-17,2026-06-02,gcrew,noaa_gefs,08,AirTemp_C_mean,16,23.64350280761721
gep08,00,2026-05-17,2026-06-02,gcrew,noaa_gefs,08,Pressure_Pa,16,100336.03125
gep08,00,2026-05-17,2026-06-02,gcrew,noaa_gefs,08,RH_percent_mean,16,79.2158031463623
gep08,00,2026-05-17,2026-06-02,gcrew,noaa_gefs,08,Rain_mm_sum,16,0.10000000149011612
gep08,00,2026-05-17,2026-06-02,gcrew,noaa_gefs,08,ShortwaveRadiation_Wm2,16,248.5
gep08,00,2026-05-17,2026-06-02,gcrew,noaa_gefs,08,WindSpeed_ms_mean,16,6.294558916761398
gep08,00,2026-05-17,2026-06-03,gcrew,noaa_gefs,08,AirTemp_C_mean,17,21.807466125488304
gep08,00,2026-05-17,2026-06-03,gcrew,noaa_gefs,08,Pressure_Pa,17,100524.14453125
gep08,00,2026-05-17,2026-06-03,gcrew,noaa_gefs,08,RH_percent_mean,17,82.67036247253418
gep08,00,2026-05-17,2026-06-03,gcrew,noaa_gefs,08,Rain_mm_sum,17,4.900000035762787
gep08,00,2026-05-17,2026-06-03,gcrew,noaa_gefs,08,ShortwaveRadiation_Wm2,17,192.5
gep08,00,2026-05-17,2026-06-03,gcrew,noaa_gefs,08,WindSpeed_ms_mean,17,6.2389494415019655
gep08,00,2026-05-17,2026-06-04,gcrew,noaa_gefs,08,AirTemp_C_mean,18,19.62371978759768
gep08,00,2026-05-17,2026-06-04,gcrew,noaa_gefs,08,Pressure_Pa,18,101363.12109375
gep08,00,2026-05-17,2026-06-04,gcrew,noaa_gefs,08,RH_percent_mean,18,59.62021350860596
gep08,00,2026-05-17,2026-06-04,gcrew,noaa_gefs,08,Rain_mm_sum,18,0
gep08,00,2026-05-17,2026-06-04,gcrew,noaa_gefs,08,ShortwaveRadiation_Wm2,18,353
gep08,00,2026-05-17,2026-06-04,gcrew,noaa_gefs,08,WindSpeed_ms_mean,18,5.129538041845657
gep08,00,2026-05-17,2026-06-05,gcrew,noaa_gefs,08,AirTemp_C_mean,19,18.13916931152346
gep08,00,2026-05-17,2026-06-05,gcrew,noaa_gefs,08,Pressure_Pa,19,102108.5078125
gep08,00,2026-05-17,2026-06-05,gcrew,noaa_gefs,08,RH_percent_mean,19,67.04474639892578
gep08,00,2026-05-17,2026-06-05,gcrew,noaa_gefs,08,Rain_mm_sum,19,0
gep08,00,2026-05-17,2026-06-05,gcrew,noaa_gefs,08,ShortwaveRadiation_Wm2,19,292.75
gep08,00,2026-05-17,2026-06-05,gcrew,noaa_gefs,08,WindSpeed_ms_mean,19,5.191744913150064
gep08,00,2026-05-17,2026-06-06,gcrew,noaa_gefs,08,AirTemp_C_mean,20,17.265962219238304
gep08,00,2026-05-17,2026-06-06,gcrew,noaa_gefs,08,Pressure_Pa,20,102458.673828125
gep08,00,2026-05-17,2026-06-06,gcrew,noaa_gefs,08,RH_percent_mean,20,61.6632661819458
gep08,00,2026-05-17,2026-06-06,gcrew,noaa_gefs,08,Rain_mm_sum,20,0
gep08,00,2026-05-17,2026-06-06,gcrew,noaa_gefs,08,ShortwaveRadiation_Wm2,20,353.75
gep08,00,2026-05-17,2026-06-06,gcrew,noaa_gefs,08,WindSpeed_ms_mean,20,6.67467006888216
gep08,00,2026-05-17,2026-06-07,gcrew,noaa_gefs,08,AirTemp_C_mean,21,17.46930847167971
gep08,00,2026-05-17,2026-06-07,gcrew,noaa_gefs,08,Pressure_Pa,21,102539.91796875
gep08,00,2026-05-17,2026-06-07,gcrew,noaa_gefs,08,RH_percent_mean,21,57.39550495147705
gep08,00,2026-05-17,2026-06-07,gcrew,noaa_gefs,08,Rain_mm_sum,21,0
gep08,00,2026-05-17,2026-06-07,gcrew,noaa_gefs,08,ShortwaveRadiation_Wm2,21,311.25
gep08,00,2026-05-17,2026-06-07,gcrew,noaa_gefs,08,WindSpeed_ms_mean,21,6.253105276917296
gep08,00,2026-05-17,2026-06-08,gcrew,noaa_gefs,08,AirTemp_C_mean,22,18.264520263671898
gep08,00,2026-05-17,2026-06-08,gcrew,noaa_gefs,08,Pressure_Pa,22,102453.42578125
gep08,00,2026-05-17,2026-06-08,gcrew,noaa_gefs,08,RH_percent_mean,22,69.18738460540771
gep08,00,2026-05-17,2026-06-08,gcrew,noaa_gefs,08,Rain_mm_sum,22,0
gep08,00,2026-05-17,2026-06-08,gcrew,noaa_gefs,08,ShortwaveRadiation_Wm2,22,358.75
gep08,00,2026-05-17,2026-06-08,gcrew,noaa_gefs,08,WindSpeed_ms_mean,22,5.268783443054002
gep08,00,2026-05-17,2026-06-09,gcrew,noaa_gefs,08,AirTemp_C_mean,23,19.784394836425804
gep08,00,2026-05-17,2026-06-09,gcrew,noaa_gefs,08,Pressure_Pa,23,102266.64453125
gep08,00,2026-05-17,2026-06-09,gcrew,noaa_gefs,08,RH_percent_mean,23,76.86220645904541
gep08,00,2026-05-17,2026-06-09,gcrew,noaa_gefs,08,Rain_mm_sum,23,0
gep08,00,2026-05-17,2026-06-09,gcrew,noaa_gefs,08,ShortwaveRadiation_Wm2,23,315.5
gep08,00,2026-05-17,2026-06-09,gcrew,noaa_gefs,08,WindSpeed_ms_mean,23,4.38349937840495
gep08,00,2026-05-17,2026-06-10,gcrew,noaa_gefs,08,AirTemp_C_mean,24,19.276849365234398
gep08,00,2026-05-17,2026-06-10,gcrew,noaa_gefs,08,Pressure_Pa,24,102072.908203125
gep08,00,2026-05-17,2026-06-10,gcrew,noaa_gefs,08,RH_percent_mean,24,77.74775695800781
gep08,00,2026-05-17,2026-06-10,gcrew,noaa_gefs,08,Rain_mm_sum,24,0
gep08,00,2026-05-17,2026-06-10,gcrew,noaa_gefs,08,ShortwaveRadiation_Wm2,24,344.5
gep08,00,2026-05-17,2026-06-10,gcrew,noaa_gefs,08,WindSpeed_ms_mean,24,3.046278388581381
gep08,00,2026-05-17,2026-06-11,gcrew,noaa_gefs,08,AirTemp_C_mean,25,19.354234313964866
gep08,00,2026-05-17,2026-06-11,gcrew,noaa_gefs,08,Pressure_Pa,25,101661.693359375
gep08,00,2026-05-17,2026-06-11,gcrew,noaa_gefs,08,RH_percent_mean,25,78.77657699584961
gep08,00,2026-05-17,2026-06-11,gcrew,noaa_gefs,08,Rain_mm_sum,25,0
gep08,00,2026-05-17,2026-06-11,gcrew,noaa_gefs,08,ShortwaveRadiation_Wm2,25,344.25
gep08,00,2026-05-17,2026-06-11,gcrew,noaa_gefs,08,WindSpeed_ms_mean,25,2.403215737924673
gep08,00,2026-05-17,2026-06-12,gcrew,noaa_gefs,08,AirTemp_C_mean,26,20.841760253906273
gep08,00,2026-05-17,2026-06-12,gcrew,noaa_gefs,08,Pressure_Pa,26,101401.55078125
gep08,00,2026-05-17,2026-06-12,gcrew,noaa_gefs,08,RH_percent_mean,26,86.05273246765137
gep08,00,2026-05-17,2026-06-12,gcrew,noaa_gefs,08,Rain_mm_sum,26,0.5000000074505806
gep08,00,2026-05-17,2026-06-12,gcrew,noaa_gefs,08,ShortwaveRadiation_Wm2,26,270.5
gep08,00,2026-05-17,2026-06-12,gcrew,noaa_gefs,08,WindSpeed_ms_mean,26,2.6211042370057838
gep08,00,2026-05-17,2026-06-13,gcrew,noaa_gefs,08,AirTemp_C_mean,27,22.633142089843773
gep08,00,2026-05-17,2026-06-13,gcrew,noaa_gefs,08,Pressure_Pa,27,101495.544921875
gep08,00,2026-05-17,2026-06-13,gcrew,noaa_gefs,08,RH_percent_mean,27,84.56381607055664
gep08,00,2026-05-17,2026-06-13,gcrew,noaa_gefs,08,Rain_mm_sum,27,0.30000001192092896
gep08,00,2026-05-17,2026-06-13,gcrew,noaa_gefs,08,ShortwaveRadiation_Wm2,27,331.25
gep08,00,2026-05-17,2026-06-13,gcrew,noaa_gefs,08,WindSpeed_ms_mean,27,4.002934118539743
gep08,00,2026-05-17,2026-06-14,gcrew,noaa_gefs,08,AirTemp_C_mean,28,23.382600402832054
gep08,00,2026-05-17,2026-06-14,gcrew,noaa_gefs,08,Pressure_Pa,28,101357.177734375
gep08,00,2026-05-17,2026-06-14,gcrew,noaa_gefs,08,RH_percent_mean,28,89.37162399291992
gep08,00,2026-05-17,2026-06-14,gcrew,noaa_gefs,08,Rain_mm_sum,28,2.6000000536441803
gep08,00,2026-05-17,2026-06-14,gcrew,noaa_gefs,08,ShortwaveRadiation_Wm2,28,284.75
gep08,00,2026-05-17,2026-06-14,gcrew,noaa_gefs,08,WindSpeed_ms_mean,28,3.3537151621249275
gep08,00,2026-05-17,2026-06-15,gcrew,noaa_gefs,08,AirTemp_C_mean,29,24.840669250488304
gep08,00,2026-05-17,2026-06-15,gcrew,noaa_gefs,08,Pressure_Pa,29,101524.51171875
gep08,00,2026-05-17,2026-06-15,gcrew,noaa_gefs,08,RH_percent_mean,29,77.19408130645752
gep08,00,2026-05-17,2026-06-15,gcrew,noaa_gefs,08,Rain_mm_sum,29,0.10000000149011612
gep08,00,2026-05-17,2026-06-15,gcrew,noaa_gefs,08,ShortwaveRadiation_Wm2,29,296.5
gep08,00,2026-05-17,2026-06-15,gcrew,noaa_gefs,08,WindSpeed_ms_mean,29,4.042771754237245
gep08,00,2026-05-17,2026-06-16,gcrew,noaa_gefs,08,AirTemp_C_mean,30,24.895989990234398
gep08,00,2026-05-17,2026-06-16,gcrew,noaa_gefs,08,Pressure_Pa,30,101772.68359375
gep08,00,2026-05-17,2026-06-16,gcrew,noaa_gefs,08,RH_percent_mean,30,77.33410263061523
gep08,00,2026-05-17,2026-06-16,gcrew,noaa_gefs,08,Rain_mm_sum,30,0.30000000447034836
gep08,00,2026-05-17,2026-06-16,gcrew,noaa_gefs,08,ShortwaveRadiation_Wm2,30,313.25
gep08,00,2026-05-17,2026-06-16,gcrew,noaa_gefs,08,WindSpeed_ms_mean,30,3.6732919255241057
gep08,00,2026-05-17,2026-06-17,gcrew,noaa_gefs,08,AirTemp_C_mean,31,25.772210693359398
gep08,00,2026-05-17,2026-06-17,gcrew,noaa_gefs,08,Pressure_Pa,31,101904.6171875
gep08,00,2026-05-17,2026-06-17,gcrew,noaa_gefs,08,RH_percent_mean,31,76.04165267944336
gep08,00,2026-05-17,2026-06-17,gcrew,noaa_gefs,08,Rain_mm_sum,31,0
gep08,00,2026-05-17,2026-06-17,gcrew,noaa_gefs,08,ShortwaveRadiation_Wm2,31,286.75
gep08,00,2026-05-17,2026-06-17,gcrew,noaa_gefs,08,WindSpeed_ms_mean,31,4.13248526059356
gep08,00,2026-05-17,2026-06-18,gcrew,noaa_gefs,08,AirTemp_C_mean,32,25.74041900634768
gep08,00,2026-05-17,2026-06-18,gcrew,noaa_gefs,08,Pressure_Pa,32,101534.314453125
gep08,00,2026-05-17,2026-06-18,gcrew,noaa_gefs,08,RH_percent_mean,32,80.33454704284668
gep08,00,2026-05-17,2026-06-18,gcrew,noaa_gefs,08,Rain_mm_sum,32,8.800000250339508
gep08,00,2026-05-17,2026-06-18,gcrew,noaa_gefs,08,ShortwaveRadiation_Wm2,32,311.5
gep08,00,2026-05-17,2026-06-18,gcrew,noaa_gefs,08,WindSpeed_ms_mean,32,4.21631310842572
gep08,00,2026-05-17,2026-06-19,gcrew,noaa_gefs,08,AirTemp_C_mean,33,24.15681610107424
gep08,00,2026-05-17,2026-06-19,gcrew,noaa_gefs,08,Pressure_Pa,33,101012.509765625
gep08,00,2026-05-17,2026-06-19,gcrew,noaa_gefs,08,RH_percent_mean,33,84.10998153686523
gep08,00,2026-05-17,2026-06-19,gcrew,noaa_gefs,08,Rain_mm_sum,33,37.50000125169754
gep08,00,2026-05-17,2026-06-19,gcrew,noaa_gefs,08,ShortwaveRadiation_Wm2,33,322.25
gep08,00,2026-05-17,2026-06-19,gcrew,noaa_gefs,08,WindSpeed_ms_mean,33,5.041177238306991
gep08,00,2026-05-17,2026-06-20,gcrew,noaa_gefs,08,AirTemp_C_mean,34,21.24146423339846
gep08,00,2026-05-17,2026-06-20,gcrew,noaa_gefs,08,Pressure_Pa,34,101358.76953125
gep08,00,2026-05-17,2026-06-20,gcrew,noaa_gefs,08,RH_percent_mean,34,58.25197887420654
gep08,00,2026-05-17,2026-06-20,gcrew,noaa_gefs,08,Rain_mm_sum,34,0
gep08,00,2026-05-17,2026-06-20,gcrew,noaa_gefs,08,ShortwaveRadiation_Wm2,34,354.5
gep08,00,2026-05-17,2026-06-20,gcrew,noaa_gefs,08,WindSpeed_ms_mean,34,7.9283052740783315
gep09,00,2026-05-17,2026-05-18,gcrew,noaa_gefs,09,AirTemp_C_mean,1,20.541738128662132
gep09,00,2026-05-17,2026-05-18,gcrew,noaa_gefs,09,Pressure_Pa,1,102011.392578125
gep09,00,2026-05-17,2026-05-18,gcrew,noaa_gefs,09,RH_percent_mean,1,84.17081260681152
gep09,00,2026-05-17,2026-05-18,gcrew,noaa_gefs,09,Rain_mm_sum,1,6.350000023841858
gep09,00,2026-05-17,2026-05-18,gcrew,noaa_gefs,09,ShortwaveRadiation_Wm2,1,332.125
gep09,00,2026-05-17,2026-05-18,gcrew,noaa_gefs,09,WindSpeed_ms_mean,1,2.606449622457496
gep09,00,2026-05-17,2026-05-19,gcrew,noaa_gefs,09,AirTemp_C_mean,2,23.0995918273926
gep09,00,2026-05-17,2026-05-19,gcrew,noaa_gefs,09,Pressure_Pa,2,101806.55859375
gep09,00,2026-05-17,2026-05-19,gcrew,noaa_gefs,09,RH_percent_mean,2,68.34389972686768
gep09,00,2026-05-17,2026-05-19,gcrew,noaa_gefs,09,Rain_mm_sum,2,1.8000000268220901
gep09,00,2026-05-17,2026-05-19,gcrew,noaa_gefs,09,ShortwaveRadiation_Wm2,2,334.75
gep09,00,2026-05-17,2026-05-19,gcrew,noaa_gefs,09,WindSpeed_ms_mean,2,3.4067788659044838
gep09,00,2026-05-17,2026-05-20,gcrew,noaa_gefs,09,AirTemp_C_mean,3,22.52497253417971
gep09,00,2026-05-17,2026-05-20,gcrew,noaa_gefs,09,Pressure_Pa,3,101325.6357421875
gep09,00,2026-05-17,2026-05-20,gcrew,noaa_gefs,09,RH_percent_mean,3,71.24866104125977
gep09,00,2026-05-17,2026-05-20,gcrew,noaa_gefs,09,Rain_mm_sum,3,26.70000010728836
gep09,00,2026-05-17,2026-05-20,gcrew,noaa_gefs,09,ShortwaveRadiation_Wm2,3,262.375
gep09,00,2026-05-17,2026-05-20,gcrew,noaa_gefs,09,WindSpeed_ms_mean,3,4.549640011874029
gep09,00,2026-05-17,2026-05-21,gcrew,noaa_gefs,09,AirTemp_C_mean,4,15.515148053850469
gep09,00,2026-05-17,2026-05-21,gcrew,noaa_gefs,09,Pressure_Pa,4,101836.072265625
gep09,00,2026-05-17,2026-05-21,gcrew,noaa_gefs,09,RH_percent_mean,4,76.015167236328125
gep09,00,2026-05-17,2026-05-21,gcrew,noaa_gefs,09,Rain_mm_sum,4,9.399999812245369
gep09,00,2026-05-17,2026-05-21,gcrew,noaa_gefs,09,ShortwaveRadiation_Wm2,4,97.625
gep09,00,2026-05-17,2026-05-21,gcrew,noaa_gefs,09,WindSpeed_ms_mean,4,3.6808240475840406
gep09,00,2026-05-17,2026-05-22,gcrew,noaa_gefs,09,AirTemp_C_mean,5,14.000840759277366
gep09,00,2026-05-17,2026-05-22,gcrew,noaa_gefs,09,Pressure_Pa,5,101988.966796875
gep09,00,2026-05-17,2026-05-22,gcrew,noaa_gefs,09,RH_percent_mean,5,84.21332263946533
gep09,00,2026-05-17,2026-05-22,gcrew,noaa_gefs,09,Rain_mm_sum,5,9.800000049173832
gep09,00,2026-05-17,2026-05-22,gcrew,noaa_gefs,09,ShortwaveRadiation_Wm2,5,22.75
gep09,00,2026-05-17,2026-05-22,gcrew,noaa_gefs,09,WindSpeed_ms_mean,5,4.696523470041017
gep09,00,2026-05-17,2026-05-23,gcrew,noaa_gefs,09,AirTemp_C_mean,6,13.291490173339866
gep09,00,2026-05-17,2026-05-23,gcrew,noaa_gefs,09,Pressure_Pa,6,102242.6494140625
gep09,00,2026-05-17,2026-05-23,gcrew,noaa_gefs,09,RH_percent_mean,6,95.31106090545654
gep09,00,2026-05-17,2026-05-23,gcrew,noaa_gefs,09,Rain_mm_sum,6,41.290000796318054
gep09,00,2026-05-17,2026-05-23,gcrew,noaa_gefs,09,ShortwaveRadiation_Wm2,6,8.625
gep09,00,2026-05-17,2026-05-23,gcrew,noaa_gefs,09,WindSpeed_ms_mean,6,6.730171879016334
gep09,00,2026-05-17,2026-05-24,gcrew,noaa_gefs,09,AirTemp_C_mean,7,13.87753829956057
gep09,00,2026-05-17,2026-05-24,gcrew,noaa_gefs,09,Pressure_Pa,7,102702.9013671875
gep09,00,2026-05-17,2026-05-24,gcrew,noaa_gefs,09,RH_percent_mean,7,89.53658866882324
gep09,00,2026-05-17,2026-05-24,gcrew,noaa_gefs,09,Rain_mm_sum,7,1.5000000074505806
gep09,00,2026-05-17,2026-05-24,gcrew,noaa_gefs,09,ShortwaveRadiation_Wm2,7,55.5
gep09,00,2026-05-17,2026-05-24,gcrew,noaa_gefs,09,WindSpeed_ms_mean,7,4.664883181526184
gep09,00,2026-05-17,2026-05-25,gcrew,noaa_gefs,09,AirTemp_C_mean,8,13.337792968750023
gep09,00,2026-05-17,2026-05-25,gcrew,noaa_gefs,09,Pressure_Pa,8,103076.4609375
gep09,00,2026-05-17,2026-05-25,gcrew,noaa_gefs,09,RH_percent_mean,8,78.87850284576416
gep09,00,2026-05-17,2026-05-25,gcrew,noaa_gefs,09,Rain_mm_sum,8,0
gep09,00,2026-05-17,2026-05-25,gcrew,noaa_gefs,09,ShortwaveRadiation_Wm2,8,160.625
gep09,00,2026-05-17,2026-05-25,gcrew,noaa_gefs,09,WindSpeed_ms_mean,8,4.284401237933425
gep09,00,2026-05-17,2026-05-26,gcrew,noaa_gefs,09,AirTemp_C_mean,9,13.400532749721005
gep09,00,2026-05-17,2026-05-26,gcrew,noaa_gefs,09,Pressure_Pa,9,102888.00669642857
gep09,00,2026-05-17,2026-05-26,gcrew,noaa_gefs,09,RH_percent_mean,9,66.3826152256557
gep09,00,2026-05-17,2026-05-26,gcrew,noaa_gefs,09,Rain_mm_sum,9,0
gep09,00,2026-05-17,2026-05-26,gcrew,noaa_gefs,09,ShortwaveRadiation_Wm2,9,372.2857142857143
gep09,00,2026-05-17,2026-05-26,gcrew,noaa_gefs,09,WindSpeed_ms_mean,9,2.9715455604219634
gep09,00,2026-05-17,2026-05-27,gcrew,noaa_gefs,09,AirTemp_C_mean,10,17.38470611572268
gep09,00,2026-05-17,2026-05-27,gcrew,noaa_gefs,09,Pressure_Pa,10,102230.107421875
gep09,00,2026-05-17,2026-05-27,gcrew,noaa_gefs,09,RH_percent_mean,10,76.62809085845947
gep09,00,2026-05-17,2026-05-27,gcrew,noaa_gefs,09,Rain_mm_sum,10,0
gep09,00,2026-05-17,2026-05-27,gcrew,noaa_gefs,09,ShortwaveRadiation_Wm2,10,292
gep09,00,2026-05-17,2026-05-27,gcrew,noaa_gefs,09,WindSpeed_ms_mean,10,3.292260275209521
gep09,00,2026-05-17,2026-05-28,gcrew,noaa_gefs,09,AirTemp_C_mean,11,18.825532531738304
gep09,00,2026-05-17,2026-05-28,gcrew,noaa_gefs,09,Pressure_Pa,11,101594.103515625
gep09,00,2026-05-17,2026-05-28,gcrew,noaa_gefs,09,RH_percent_mean,11,88.5962963104248
gep09,00,2026-05-17,2026-05-28,gcrew,noaa_gefs,09,Rain_mm_sum,11,3.2000001445412636
gep09,00,2026-05-17,2026-05-28,gcrew,noaa_gefs,09,ShortwaveRadiation_Wm2,11,232.25
gep09,00,2026-05-17,2026-05-28,gcrew,noaa_gefs,09,WindSpeed_ms_mean,11,1.843962609809163
gep09,00,2026-05-17,2026-05-29,gcrew,noaa_gefs,09,AirTemp_C_mean,12,20.632531738281273
gep09,00,2026-05-17,2026-05-29,gcrew,noaa_gefs,09,Pressure_Pa,12,101605.099609375
gep09,00,2026-05-17,2026-05-29,gcrew,noaa_gefs,09,RH_percent_mean,12,90.68621635437012
gep09,00,2026-05-17,2026-05-29,gcrew,noaa_gefs,09,Rain_mm_sum,12,8.700000047683716
gep09,00,2026-05-17,2026-05-29,gcrew,noaa_gefs,09,ShortwaveRadiation_Wm2,12,303.25
gep09,00,2026-05-17,2026-05-29,gcrew,noaa_gefs,09,WindSpeed_ms_mean,12,2.2984613975817045
gep09,00,2026-05-17,2026-05-30,gcrew,noaa_gefs,09,AirTemp_C_mean,13,20.257226562500023
gep09,00,2026-05-17,2026-05-30,gcrew,noaa_gefs,09,Pressure_Pa,13,101830.51953125
gep09,00,2026-05-17,2026-05-30,gcrew,noaa_gefs,09,RH_percent_mean,13,89.01692962646484
gep09,00,2026-05-17,2026-05-30,gcrew,noaa_gefs,09,Rain_mm_sum,13,0.700000025331974
gep09,00,2026-05-17,2026-05-30,gcrew,noaa_gefs,09,ShortwaveRadiation_Wm2,13,279
gep09,00,2026-05-17,2026-05-30,gcrew,noaa_gefs,09,WindSpeed_ms_mean,13,7.177529832521996
gep09,00,2026-05-17,2026-05-31,gcrew,noaa_gefs,09,AirTemp_C_mean,14,20.746133422851585
gep09,00,2026-05-17,2026-05-31,gcrew,noaa_gefs,09,Pressure_Pa,14,101566.6875
gep09,00,2026-05-17,2026-05-31,gcrew,noaa_gefs,09,RH_percent_mean,14,86.56785774230957
gep09,00,2026-05-17,2026-05-31,gcrew,noaa_gefs,09,Rain_mm_sum,14,0.10000000149011612
gep09,00,2026-05-17,2026-05-31,gcrew,noaa_gefs,09,ShortwaveRadiation_Wm2,14,236.5
gep09,00,2026-05-17,2026-05-31,gcrew,noaa_gefs,09,WindSpeed_ms_mean,14,4.452410245898682
gep09,00,2026-05-17,2026-06-01,gcrew,noaa_gefs,09,AirTemp_C_mean,15,21.641290283203148
gep09,00,2026-05-17,2026-06-01,gcrew,noaa_gefs,09,Pressure_Pa,15,101232.943359375
gep09,00,2026-05-17,2026-06-01,gcrew,noaa_gefs,09,RH_percent_mean,15,85.77047920227051
gep09,00,2026-05-17,2026-06-01,gcrew,noaa_gefs,09,Rain_mm_sum,15,0.20000000298023224
gep09,00,2026-05-17,2026-06-01,gcrew,noaa_gefs,09,ShortwaveRadiation_Wm2,15,319.25
gep09,00,2026-05-17,2026-06-01,gcrew,noaa_gefs,09,WindSpeed_ms_mean,15,4.987514627831614
gep09,00,2026-05-17,2026-06-02,gcrew,noaa_gefs,09,AirTemp_C_mean,16,23.64350280761721
gep09,00,2026-05-17,2026-06-02,gcrew,noaa_gefs,09,Pressure_Pa,16,100336.03125
gep09,00,2026-05-17,2026-06-02,gcrew,noaa_gefs,09,RH_percent_mean,16,79.2158031463623
gep09,00,2026-05-17,2026-06-02,gcrew,noaa_gefs,09,Rain_mm_sum,16,0.10000000149011612
gep09,00,2026-05-17,2026-06-02,gcrew,noaa_gefs,09,ShortwaveRadiation_Wm2,16,248.5
gep09,00,2026-05-17,2026-06-02,gcrew,noaa_gefs,09,WindSpeed_ms_mean,16,6.294558916761398
gep09,00,2026-05-17,2026-06-03,gcrew,noaa_gefs,09,AirTemp_C_mean,17,21.807466125488304
gep09,00,2026-05-17,2026-06-03,gcrew,noaa_gefs,09,Pressure_Pa,17,100524.14453125
gep09,00,2026-05-17,2026-06-03,gcrew,noaa_gefs,09,RH_percent_mean,17,82.67036247253418
gep09,00,2026-05-17,2026-06-03,gcrew,noaa_gefs,09,Rain_mm_sum,17,4.900000035762787
gep09,00,2026-05-17,2026-06-03,gcrew,noaa_gefs,09,ShortwaveRadiation_Wm2,17,192.5
gep09,00,2026-05-17,2026-06-03,gcrew,noaa_gefs,09,WindSpeed_ms_mean,17,6.2389494415019655
gep09,00,2026-05-17,2026-06-04,gcrew,noaa_gefs,09,AirTemp_C_mean,18,19.62371978759768
gep09,00,2026-05-17,2026-06-04,gcrew,noaa_gefs,09,Pressure_Pa,18,101363.12109375
gep09,00,2026-05-17,2026-06-04,gcrew,noaa_gefs,09,RH_percent_mean,18,59.62021350860596
gep09,00,2026-05-17,2026-06-04,gcrew,noaa_gefs,09,Rain_mm_sum,18,0
gep09,00,2026-05-17,2026-06-04,gcrew,noaa_gefs,09,ShortwaveRadiation_Wm2,18,353
gep09,00,2026-05-17,2026-06-04,gcrew,noaa_gefs,09,WindSpeed_ms_mean,18,5.129538041845657
gep09,00,2026-05-17,2026-06-05,gcrew,noaa_gefs,09,AirTemp_C_mean,19,18.13916931152346
gep09,00,2026-05-17,2026-06-05,gcrew,noaa_gefs,09,Pressure_Pa,19,102108.5078125
gep09,00,2026-05-17,2026-06-05,gcrew,noaa_gefs,09,RH_percent_mean,19,67.04474639892578
gep09,00,2026-05-17,2026-06-05,gcrew,noaa_gefs,09,Rain_mm_sum,19,0
gep09,00,2026-05-17,2026-06-05,gcrew,noaa_gefs,09,ShortwaveRadiation_Wm2,19,292.75
gep09,00,2026-05-17,2026-06-05,gcrew,noaa_gefs,09,WindSpeed_ms_mean,19,5.191744913150064
gep09,00,2026-05-17,2026-06-06,gcrew,noaa_gefs,09,AirTemp_C_mean,20,17.265962219238304
gep09,00,2026-05-17,2026-06-06,gcrew,noaa_gefs,09,Pressure_Pa,20,102458.673828125
gep09,00,2026-05-17,2026-06-06,gcrew,noaa_gefs,09,RH_percent_mean,20,61.6632661819458
gep09,00,2026-05-17,2026-06-06,gcrew,noaa_gefs,09,Rain_mm_sum,20,0
gep09,00,2026-05-17,2026-06-06,gcrew,noaa_gefs,09,ShortwaveRadiation_Wm2,20,353.75
gep09,00,2026-05-17,2026-06-06,gcrew,noaa_gefs,09,WindSpeed_ms_mean,20,6.67467006888216
gep09,00,2026-05-17,2026-06-07,gcrew,noaa_gefs,09,AirTemp_C_mean,21,17.46930847167971
gep09,00,2026-05-17,2026-06-07,gcrew,noaa_gefs,09,Pressure_Pa,21,102539.91796875
gep09,00,2026-05-17,2026-06-07,gcrew,noaa_gefs,09,RH_percent_mean,21,57.39550495147705
gep09,00,2026-05-17,2026-06-07,gcrew,noaa_gefs,09,Rain_mm_sum,21,0
gep09,00,2026-05-17,2026-06-07,gcrew,noaa_gefs,09,ShortwaveRadiation_Wm2,21,311.25
gep09,00,2026-05-17,2026-06-07,gcrew,noaa_gefs,09,WindSpeed_ms_mean,21,6.253105276917296
gep09,00,2026-05-17,2026-06-08,gcrew,noaa_gefs,09,AirTemp_C_mean,22,18.264520263671898
gep09,00,2026-05-17,2026-06-08,gcrew,noaa_gefs,09,Pressure_Pa,22,102453.42578125
gep09,00,2026-05-17,2026-06-08,gcrew,noaa_gefs,09,RH_percent_mean,22,69.18738460540771
gep09,00,2026-05-17,2026-06-08,gcrew,noaa_gefs,09,Rain_mm_sum,22,0
gep09,00,2026-05-17,2026-06-08,gcrew,noaa_gefs,09,ShortwaveRadiation_Wm2,22,358.75
gep09,00,2026-05-17,2026-06-08,gcrew,noaa_gefs,09,WindSpeed_ms_mean,22,5.268783443054002
gep09,00,2026-05-17,2026-06-09,gcrew,noaa_gefs,09,AirTemp_C_mean,23,19.784394836425804
gep09,00,2026-05-17,2026-06-09,gcrew,noaa_gefs,09,Pressure_Pa,23,102266.64453125
gep09,00,2026-05-17,2026-06-09,gcrew,noaa_gefs,09,RH_percent_mean,23,76.86220645904541
gep09,00,2026-05-17,2026-06-09,gcrew,noaa_gefs,09,Rain_mm_sum,23,0
gep09,00,2026-05-17,2026-06-09,gcrew,noaa_gefs,09,ShortwaveRadiation_Wm2,23,315.5
gep09,00,2026-05-17,2026-06-09,gcrew,noaa_gefs,09,WindSpeed_ms_mean,23,4.38349937840495
gep09,00,2026-05-17,2026-06-10,gcrew,noaa_gefs,09,AirTemp_C_mean,24,19.276849365234398
gep09,00,2026-05-17,2026-06-10,gcrew,noaa_gefs,09,Pressure_Pa,24,102072.908203125
gep09,00,2026-05-17,2026-06-10,gcrew,noaa_gefs,09,RH_percent_mean,24,77.74775695800781
gep09,00,2026-05-17,2026-06-10,gcrew,noaa_gefs,09,Rain_mm_sum,24,0
gep09,00,2026-05-17,2026-06-10,gcrew,noaa_gefs,09,ShortwaveRadiation_Wm2,24,344.5
gep09,00,2026-05-17,2026-06-10,gcrew,noaa_gefs,09,WindSpeed_ms_mean,24,3.046278388581381
gep09,00,2026-05-17,2026-06-11,gcrew,noaa_gefs,09,AirTemp_C_mean,25,19.354234313964866
gep09,00,2026-05-17,2026-06-11,gcrew,noaa_gefs,09,Pressure_Pa,25,101661.693359375
gep09,00,2026-05-17,2026-06-11,gcrew,noaa_gefs,09,RH_percent_mean,25,78.77657699584961
gep09,00,2026-05-17,2026-06-11,gcrew,noaa_gefs,09,Rain_mm_sum,25,0
gep09,00,2026-05-17,2026-06-11,gcrew,noaa_gefs,09,ShortwaveRadiation_Wm2,25,344.25
gep09,00,2026-05-17,2026-06-11,gcrew,noaa_gefs,09,WindSpeed_ms_mean,25,2.403215737924673
gep09,00,2026-05-17,2026-06-12,gcrew,noaa_gefs,09,AirTemp_C_mean,26,20.841760253906273
gep09,00,2026-05-17,2026-06-12,gcrew,noaa_gefs,09,Pressure_Pa,26,101401.55078125
gep09,00,2026-05-17,2026-06-12,gcrew,noaa_gefs,09,RH_percent_mean,26,86.05273246765137
gep09,00,2026-05-17,2026-06-12,gcrew,noaa_gefs,09,Rain_mm_sum,26,0.5000000074505806
gep09,00,2026-05-17,2026-06-12,gcrew,noaa_gefs,09,ShortwaveRadiation_Wm2,26,270.5
gep09,00,2026-05-17,2026-06-12,gcrew,noaa_gefs,09,WindSpeed_ms_mean,26,2.6211042370057838
gep09,00,2026-05-17,2026-06-13,gcrew,noaa_gefs,09,AirTemp_C_mean,27,22.633142089843773
gep09,00,2026-05-17,2026-06-13,gcrew,noaa_gefs,09,Pressure_Pa,27,101495.544921875
gep09,00,2026-05-17,2026-06-13,gcrew,noaa_gefs,09,RH_percent_mean,27,84.56381607055664
gep09,00,2026-05-17,2026-06-13,gcrew,noaa_gefs,09,Rain_mm_sum,27,0.30000001192092896
gep09,00,2026-05-17,2026-06-13,gcrew,noaa_gefs,09,ShortwaveRadiation_Wm2,27,331.25
gep09,00,2026-05-17,2026-06-13,gcrew,noaa_gefs,09,WindSpeed_ms_mean,27,4.002934118539743
gep09,00,2026-05-17,2026-06-14,gcrew,noaa_gefs,09,AirTemp_C_mean,28,23.382600402832054
gep09,00,2026-05-17,2026-06-14,gcrew,noaa_gefs,09,Pressure_Pa,28,101357.177734375
gep09,00,2026-05-17,2026-06-14,gcrew,noaa_gefs,09,RH_percent_mean,28,89.37162399291992
gep09,00,2026-05-17,2026-06-14,gcrew,noaa_gefs,09,Rain_mm_sum,28,2.6000000536441803
gep09,00,2026-05-17,2026-06-14,gcrew,noaa_gefs,09,ShortwaveRadiation_Wm2,28,284.75
gep09,00,2026-05-17,2026-06-14,gcrew,noaa_gefs,09,WindSpeed_ms_mean,28,3.3537151621249275
gep09,00,2026-05-17,2026-06-15,gcrew,noaa_gefs,09,AirTemp_C_mean,29,24.840669250488304
gep09,00,2026-05-17,2026-06-15,gcrew,noaa_gefs,09,Pressure_Pa,29,101524.51171875
gep09,00,2026-05-17,2026-06-15,gcrew,noaa_gefs,09,RH_percent_mean,29,77.19408130645752
gep09,00,2026-05-17,2026-06-15,gcrew,noaa_gefs,09,Rain_mm_sum,29,0.10000000149011612
gep09,00,2026-05-17,2026-06-15,gcrew,noaa_gefs,09,ShortwaveRadiation_Wm2,29,296.5
gep09,00,2026-05-17,2026-06-15,gcrew,noaa_gefs,09,WindSpeed_ms_mean,29,4.042771754237245
gep09,00,2026-05-17,2026-06-16,gcrew,noaa_gefs,09,AirTemp_C_mean,30,24.895989990234398
gep09,00,2026-05-17,2026-06-16,gcrew,noaa_gefs,09,Pressure_Pa,30,101772.68359375
gep09,00,2026-05-17,2026-06-16,gcrew,noaa_gefs,09,RH_percent_mean,30,77.33410263061523
gep09,00,2026-05-17,2026-06-16,gcrew,noaa_gefs,09,Rain_mm_sum,30,0.30000000447034836
gep09,00,2026-05-17,2026-06-16,gcrew,noaa_gefs,09,ShortwaveRadiation_Wm2,30,313.25
gep09,00,2026-05-17,2026-06-16,gcrew,noaa_gefs,09,WindSpeed_ms_mean,30,3.6732919255241057
gep09,00,2026-05-17,2026-06-17,gcrew,noaa_gefs,09,AirTemp_C_mean,31,25.772210693359398
gep09,00,2026-05-17,2026-06-17,gcrew,noaa_gefs,09,Pressure_Pa,31,101904.6171875
gep09,00,2026-05-17,2026-06-17,gcrew,noaa_gefs,09,RH_percent_mean,31,76.04165267944336
gep09,00,2026-05-17,2026-06-17,gcrew,noaa_gefs,09,Rain_mm_sum,31,0
gep09,00,2026-05-17,2026-06-17,gcrew,noaa_gefs,09,ShortwaveRadiation_Wm2,31,286.75
gep09,00,2026-05-17,2026-06-17,gcrew,noaa_gefs,09,WindSpeed_ms_mean,31,4.13248526059356
gep09,00,2026-05-17,2026-06-18,gcrew,noaa_gefs,09,AirTemp_C_mean,32,25.74041900634768
gep09,00,2026-05-17,2026-06-18,gcrew,noaa_gefs,09,Pressure_Pa,32,101534.314453125
gep09,00,2026-05-17,2026-06-18,gcrew,noaa_gefs,09,RH_percent_mean,32,80.33454704284668
gep09,00,2026-05-17,2026-06-18,gcrew,noaa_gefs,09,Rain_mm_sum,32,8.800000250339508
gep09,00,2026-05-17,2026-06-18,gcrew,noaa_gefs,09,ShortwaveRadiation_Wm2,32,311.5
gep09,00,2026-05-17,2026-06-18,gcrew,noaa_gefs,09,WindSpeed_ms_mean,32,4.21631310842572
gep09,00,2026-05-17,2026-06-19,gcrew,noaa_gefs,09,AirTemp_C_mean,33,24.15681610107424
gep09,00,2026-05-17,2026-06-19,gcrew,noaa_gefs,09,Pressure_Pa,33,101012.509765625
gep09,00,2026-05-17,2026-06-19,gcrew,noaa_gefs,09,RH_percent_mean,33,84.10998153686523
gep09,00,2026-05-17,2026-06-19,gcrew,noaa_gefs,09,Rain_mm_sum,33,37.50000125169754
gep09,00,2026-05-17,2026-06-19,gcrew,noaa_gefs,09,ShortwaveRadiation_Wm2,33,322.25
gep09,00,2026-05-17,2026-06-19,gcrew,noaa_gefs,09,WindSpeed_ms_mean,33,5.041177238306991
gep09,00,2026-05-17,2026-06-20,gcrew,noaa_gefs,09,AirTemp_C_mean,34,21.24146423339846
gep09,00,2026-05-17,2026-06-20,gcrew,noaa_gefs,09,Pressure_Pa,34,101358.76953125
gep09,00,2026-05-17,2026-06-20,gcrew,noaa_gefs,09,RH_percent_mean,34,58.25197887420654
gep09,00,2026-05-17,2026-06-20,gcrew,noaa_gefs,09,Rain_mm_sum,34,0
gep09,00,2026-05-17,2026-06-20,gcrew,noaa_gefs,09,ShortwaveRadiation_Wm2,34,354.5
gep09,00,2026-05-17,2026-06-20,gcrew,noaa_gefs,09,WindSpeed_ms_mean,34,7.9283052740783315
gep10,00,2026-05-17,2026-05-18,gcrew,noaa_gefs,10,AirTemp_C_mean,1,20.541738128662132
gep10,00,2026-05-17,2026-05-18,gcrew,noaa_gefs,10,Pressure_Pa,1,102011.392578125
gep10,00,2026-05-17,2026-05-18,gcrew,noaa_gefs,10,RH_percent_mean,1,84.17081260681152
gep10,00,2026-05-17,2026-05-18,gcrew,noaa_gefs,10,Rain_mm_sum,1,6.350000023841858
gep10,00,2026-05-17,2026-05-18,gcrew,noaa_gefs,10,ShortwaveRadiation_Wm2,1,332.125
gep10,00,2026-05-17,2026-05-18,gcrew,noaa_gefs,10,WindSpeed_ms_mean,1,2.606449622457496
gep10,00,2026-05-17,2026-05-19,gcrew,noaa_gefs,10,AirTemp_C_mean,2,23.0995918273926
gep10,00,2026-05-17,2026-05-19,gcrew,noaa_gefs,10,Pressure_Pa,2,101806.55859375
gep10,00,2026-05-17,2026-05-19,gcrew,noaa_gefs,10,RH_percent_mean,2,68.34389972686768
gep10,00,2026-05-17,2026-05-19,gcrew,noaa_gefs,10,Rain_mm_sum,2,1.8000000268220901
gep10,00,2026-05-17,2026-05-19,gcrew,noaa_gefs,10,ShortwaveRadiation_Wm2,2,334.75
gep10,00,2026-05-17,2026-05-19,gcrew,noaa_gefs,10,WindSpeed_ms_mean,2,3.4067788659044838
gep10,00,2026-05-17,2026-05-20,gcrew,noaa_gefs,10,AirTemp_C_mean,3,22.52497253417971
gep10,00,2026-05-17,2026-05-20,gcrew,noaa_gefs,10,Pressure_Pa,3,101325.6357421875
gep10,00,2026-05-17,2026-05-20,gcrew,noaa_gefs,10,RH_percent_mean,3,71.24866104125977
gep10,00,2026-05-17,2026-05-20,gcrew,noaa_gefs,10,Rain_mm_sum,3,26.70000010728836
gep10,00,2026-05-17,2026-05-20,gcrew,noaa_gefs,10,ShortwaveRadiation_Wm2,3,262.375
gep10,00,2026-05-17,2026-05-20,gcrew,noaa_gefs,10,WindSpeed_ms_mean,3,4.549640011874029
gep10,00,2026-05-17,2026-05-21,gcrew,noaa_gefs,10,AirTemp_C_mean,4,15.515148053850469
gep10,00,2026-05-17,2026-05-21,gcrew,noaa_gefs,10,Pressure_Pa,4,101836.072265625
gep10,00,2026-05-17,2026-05-21,gcrew,noaa_gefs,10,RH_percent_mean,4,76.015167236328125
gep10,00,2026-05-17,2026-05-21,gcrew,noaa_gefs,10,Rain_mm_sum,4,9.399999812245369
gep10,00,2026-05-17,2026-05-21,gcrew,noaa_gefs,10,ShortwaveRadiation_Wm2,4,97.625
gep10,00,2026-05-17,2026-05-21,gcrew,noaa_gefs,10,WindSpeed_ms_mean,4,3.6808240475840406
gep10,00,2026-05-17,2026-05-22,gcrew,noaa_gefs,10,AirTemp_C_mean,5,14.000840759277366
gep10,00,2026-05-17,2026-05-22,gcrew,noaa_gefs,10,Pressure_Pa,5,101988.966796875
gep10,00,2026-05-17,2026-05-22,gcrew,noaa_gefs,10,RH_percent_mean,5,84.21332263946533
gep10,00,2026-05-17,2026-05-22,gcrew,noaa_gefs,10,Rain_mm_sum,5,9.800000049173832
gep10,00,2026-05-17,2026-05-22,gcrew,noaa_gefs,10,ShortwaveRadiation_Wm2,5,22.75
gep10,00,2026-05-17,2026-05-22,gcrew,noaa_gefs,10,WindSpeed_ms_mean,5,4.696523470041017
gep10,00,2026-05-17,2026-05-23,gcrew,noaa_gefs,10,AirTemp_C_mean,6,13.291490173339866
gep10,00,2026-05-17,2026-05-23,gcrew,noaa_gefs,10,Pressure_Pa,6,102242.6494140625
gep10,00,2026-05-17,2026-05-23,gcrew,noaa_gefs,10,RH_percent_mean,6,95.31106090545654
gep10,00,2026-05-17,2026-05-23,gcrew,noaa_gefs,10,Rain_mm_sum,6,41.290000796318054
gep10,00,2026-05-17,2026-05-23,gcrew,noaa_gefs,10,ShortwaveRadiation_Wm2,6,8.625
gep10,00,2026-05-17,2026-05-23,gcrew,noaa_gefs,10,WindSpeed_ms_mean,6,6.730171879016334
gep10,00,2026-05-17,2026-05-24,gcrew,noaa_gefs,10,AirTemp_C_mean,7,13.87753829956057
gep10,00,2026-05-17,2026-05-24,gcrew,noaa_gefs,10,Pressure_Pa,7,102702.9013671875
gep10,00,2026-05-17,2026-05-24,gcrew,noaa_gefs,10,RH_percent_mean,7,89.53658866882324
gep10,00,2026-05-17,2026-05-24,gcrew,noaa_gefs,10,Rain_mm_sum,7,1.5000000074505806
gep10,00,2026-05-17,2026-05-24,gcrew,noaa_gefs,10,ShortwaveRadiation_Wm2,7,55.5
gep10,00,2026-05-17,2026-05-24,gcrew,noaa_gefs,10,WindSpeed_ms_mean,7,4.664883181526184
gep10,00,2026-05-17,2026-05-25,gcrew,noaa_gefs,10,AirTemp_C_mean,8,13.337792968750023
gep10,00,2026-05-17,2026-05-25,gcrew,noaa_gefs,10,Pressure_Pa,8,103076.4609375
gep10,00,2026-05-17,2026-05-25,gcrew,noaa_gefs,10,RH_percent_mean,8,78.87850284576416
gep10,00,2026-05-17,2026-05-25,gcrew,noaa_gefs,10,Rain_mm_sum,8,0
gep10,00,2026-05-17,2026-05-25,gcrew,noaa_gefs,10,ShortwaveRadiation_Wm2,8,160.625
gep10,00,2026-05-17,2026-05-25,gcrew,noaa_gefs,10,WindSpeed_ms_mean,8,4.284401237933425
gep10,00,2026-05-17,2026-05-26,gcrew,noaa_gefs,10,AirTemp_C_mean,9,13.400532749721005
gep10,00,2026-05-17,2026-05-26,gcrew,noaa_gefs,10,Pressure_Pa,9,102888.00669642857
gep10,00,2026-05-17,2026-05-26,gcrew,noaa_gefs,10,RH_percent_mean,9,66.3826152256557
gep10,00,2026-05-17,2026-05-26,gcrew,noaa_gefs,10,Rain_mm_sum,9,0
gep10,00,2026-05-17,2026-05-26,gcrew,noaa_gefs,10,ShortwaveRadiation_Wm2,9,372.2857142857143
gep10,00,2026-05-17,2026-05-26,gcrew,noaa_gefs,10,WindSpeed_ms_mean,9,2.9715455604219634
gep10,00,2026-05-17,2026-05-27,gcrew,noaa_gefs,10,AirTemp_C_mean,10,17.38470611572268
gep10,00,2026-05-17,2026-05-27,gcrew,noaa_gefs,10,Pressure_Pa,10,102230.107421875
gep10,00,2026-05-17,2026-05-27,gcrew,noaa_gefs,10,RH_percent_mean,10,76.62809085845947
gep10,00,2026-05-17,2026-05-27,gcrew,noaa_gefs,10,Rain_mm_sum,10,0
gep10,00,2026-05-17,2026-05-27,gcrew,noaa_gefs,10,ShortwaveRadiation_Wm2,10,292
gep10,00,2026-05-17,2026-05-27,gcrew,noaa_gefs,10,WindSpeed_ms_mean,10,3.292260275209521
gep10,00,2026-05-17,2026-05-28,gcrew,noaa_gefs,10,AirTemp_C_mean,11,18.825532531738304
gep10,00,2026-05-17,2026-05-28,gcrew,noaa_gefs,10,Pressure_Pa,11,101594.103515625
gep10,00,2026-05-17,2026-05-28,gcrew,noaa_gefs,10,RH_percent_mean,11,88.5962963104248
gep10,00,2026-05-17,2026-05-28,gcrew,noaa_gefs,10,Rain_mm_sum,11,3.2000001445412636
gep10,00,2026-05-17,2026-05-28,gcrew,noaa_gefs,10,ShortwaveRadiation_Wm2,11,232.25
gep10,00,2026-05-17,2026-05-28,gcrew,noaa_gefs,10,WindSpeed_ms_mean,11,1.843962609809163
gep10,00,2026-05-17,2026-05-29,gcrew,noaa_gefs,10,AirTemp_C_mean,12,20.632531738281273
gep10,00,2026-05-17,2026-05-29,gcrew,noaa_gefs,10,Pressure_Pa,12,101605.099609375
gep10,00,2026-05-17,2026-05-29,gcrew,noaa_gefs,10,RH_percent_mean,12,90.68621635437012
gep10,00,2026-05-17,2026-05-29,gcrew,noaa_gefs,10,Rain_mm_sum,12,8.700000047683716
gep10,00,2026-05-17,2026-05-29,gcrew,noaa_gefs,10,ShortwaveRadiation_Wm2,12,303.25
gep10,00,2026-05-17,2026-05-29,gcrew,noaa_gefs,10,WindSpeed_ms_mean,12,2.2984613975817045
gep10,00,2026-05-17,2026-05-30,gcrew,noaa_gefs,10,AirTemp_C_mean,13,20.257226562500023
gep10,00,2026-05-17,2026-05-30,gcrew,noaa_gefs,10,Pressure_Pa,13,101830.51953125
gep10,00,2026-05-17,2026-05-30,gcrew,noaa_gefs,10,RH_percent_mean,13,89.01692962646484
gep10,00,2026-05-17,2026-05-30,gcrew,noaa_gefs,10,Rain_mm_sum,13,0.700000025331974
gep10,00,2026-05-17,2026-05-30,gcrew,noaa_gefs,10,ShortwaveRadiation_Wm2,13,279
gep10,00,2026-05-17,2026-05-30,gcrew,noaa_gefs,10,WindSpeed_ms_mean,13,7.177529832521996
gep10,00,2026-05-17,2026-05-31,gcrew,noaa_gefs,10,AirTemp_C_mean,14,20.746133422851585
gep10,00,2026-05-17,2026-05-31,gcrew,noaa_gefs,10,Pressure_Pa,14,101566.6875
gep10,00,2026-05-17,2026-05-31,gcrew,noaa_gefs,10,RH_percent_mean,14,86.56785774230957
gep10,00,2026-05-17,2026-05-31,gcrew,noaa_gefs,10,Rain_mm_sum,14,0.10000000149011612
gep10,00,2026-05-17,2026-05-31,gcrew,noaa_gefs,10,ShortwaveRadiation_Wm2,14,236.5
gep10,00,2026-05-17,2026-05-31,gcrew,noaa_gefs,10,WindSpeed_ms_mean,14,4.452410245898682
gep10,00,2026-05-17,2026-06-01,gcrew,noaa_gefs,10,AirTemp_C_mean,15,21.641290283203148
gep10,00,2026-05-17,2026-06-01,gcrew,noaa_gefs,10,Pressure_Pa,15,101232.943359375
gep10,00,2026-05-17,2026-06-01,gcrew,noaa_gefs,10,RH_percent_mean,15,85.77047920227051
gep10,00,2026-05-17,2026-06-01,gcrew,noaa_gefs,10,Rain_mm_sum,15,0.20000000298023224
gep10,00,2026-05-17,2026-06-01,gcrew,noaa_gefs,10,ShortwaveRadiation_Wm2,15,319.25
gep10,00,2026-05-17,2026-06-01,gcrew,noaa_gefs,10,WindSpeed_ms_mean,15,4.987514627831614
gep10,00,2026-05-17,2026-06-02,gcrew,noaa_gefs,10,AirTemp_C_mean,16,23.64350280761721
gep10,00,2026-05-17,2026-06-02,gcrew,noaa_gefs,10,Pressure_Pa,16,100336.03125
gep10,00,2026-05-17,2026-06-02,gcrew,noaa_gefs,10,RH_percent_mean,16,79.2158031463623
gep10,00,2026-05-17,2026-06-02,gcrew,noaa_gefs,10,Rain_mm_sum,16,0.10000000149011612
gep10,00,2026-05-17,2026-06-02,gcrew,noaa_gefs,10,ShortwaveRadiation_Wm2,16,248.5
gep10,00,2026-05-17,2026-06-02,gcrew,noaa_gefs,10,WindSpeed_ms_mean,16,6.294558916761398
gep10,00,2026-05-17,2026-06-03,gcrew,noaa_gefs,10,AirTemp_C_mean,17,21.807466125488304
gep10,00,2026-05-17,2026-06-03,gcrew,noaa_gefs,10,Pressure_Pa,17,100524.14453125
gep10,00,2026-05-17,2026-06-03,gcrew,noaa_gefs,10,RH_percent_mean,17,82.67036247253418
gep10,00,2026-05-17,2026-06-03,gcrew,noaa_gefs,10,Rain_mm_sum,17,4.900000035762787
gep10,00,2026-05-17,2026-06-03,gcrew,noaa_gefs,10,ShortwaveRadiation_Wm2,17,192.5
gep10,00,2026-05-17,2026-06-03,gcrew,noaa_gefs,10,WindSpeed_ms_mean,17,6.2389494415019655
gep10,00,2026-05-17,2026-06-04,gcrew,noaa_gefs,10,AirTemp_C_mean,18,19.62371978759768
gep10,00,2026-05-17,2026-06-04,gcrew,noaa_gefs,10,Pressure_Pa,18,101363.12109375
gep10,00,2026-05-17,2026-06-04,gcrew,noaa_gefs,10,RH_percent_mean,18,59.62021350860596
gep10,00,2026-05-17,2026-06-04,gcrew,noaa_gefs,10,Rain_mm_sum,18,0
gep10,00,2026-05-17,2026-06-04,gcrew,noaa_gefs,10,ShortwaveRadiation_Wm2,18,353
gep10,00,2026-05-17,2026-06-04,gcrew,noaa_gefs,10,WindSpeed_ms_mean,18,5.129538041845657
gep10,00,2026-05-17,2026-06-05,gcrew,noaa_gefs,10,AirTemp_C_mean,19,18.13916931152346
gep10,00,2026-05-17,2026-06-05,gcrew,noaa_gefs,10,Pressure_Pa,19,102108.5078125
gep10,00,2026-05-17,2026-06-05,gcrew,noaa_gefs,10,RH_percent_mean,19,67.04474639892578
gep10,00,2026-05-17,2026-06-05,gcrew,noaa_gefs,10,Rain_mm_sum,19,0
gep10,00,2026-05-17,2026-06-05,gcrew,noaa_gefs,10,ShortwaveRadiation_Wm2,19,292.75
gep10,00,2026-05-17,2026-06-05,gcrew,noaa_gefs,10,WindSpeed_ms_mean,19,5.191744913150064
gep10,00,2026-05-17,2026-06-06,gcrew,noaa_gefs,10,AirTemp_C_mean,20,17.265962219238304
gep10,00,2026-05-17,2026-06-06,gcrew,noaa_gefs,10,Pressure_Pa,20,102458.673828125
gep10,00,2026-05-17,2026-06-06,gcrew,noaa_gefs,10,RH_percent_mean,20,61.6632661819458
gep10,00,2026-05-17,2026-06-06,gcrew,noaa_gefs,10,Rain_mm_sum,20,0
gep10,00,2026-05-17,2026-06-06,gcrew,noaa_gefs,10,ShortwaveRadiation_Wm2,20,353.75
gep10,00,2026-05-17,2026-06-06,gcrew,noaa_gefs,10,WindSpeed_ms_mean,20,6.67467006888216
gep10,00,2026-05-17,2026-06-07,gcrew,noaa_gefs,10,AirTemp_C_mean,21,17.46930847167971
gep10,00,2026-05-17,2026-06-07,gcrew,noaa_gefs,10,Pressure_Pa,21,102539.91796875
gep10,00,2026-05-17,2026-06-07,gcrew,noaa_gefs,10,RH_percent_mean,21,57.39550495147705
gep10,00,2026-05-17,2026-06-07,gcrew,noaa_gefs,10,Rain_mm_sum,21,0
gep10,00,2026-05-17,2026-06-07,gcrew,noaa_gefs,10,ShortwaveRadiation_Wm2,21,311.25
gep10,00,2026-05-17,2026-06-07,gcrew,noaa_gefs,10,WindSpeed_ms_mean,21,6.253105276917296
gep10,00,2026-05-17,2026-06-08,gcrew,noaa_gefs,10,AirTemp_C_mean,22,18.264520263671898
gep10,00,2026-05-17,2026-06-08,gcrew,noaa_gefs,10,Pressure_Pa,22,102453.42578125
gep10,00,2026-05-17,2026-06-08,gcrew,noaa_gefs,10,RH_percent_mean,22,69.18738460540771
gep10,00,2026-05-17,2026-06-08,gcrew,noaa_gefs,10,Rain_mm_sum,22,0
gep10,00,2026-05-17,2026-06-08,gcrew,noaa_gefs,10,ShortwaveRadiation_Wm2,22,358.75
gep10,00,2026-05-17,2026-06-08,gcrew,noaa_gefs,10,WindSpeed_ms_mean,22,5.268783443054002
gep10,00,2026-05-17,2026-06-09,gcrew,noaa_gefs,10,AirTemp_C_mean,23,19.784394836425804
gep10,00,2026-05-17,2026-06-09,gcrew,noaa_gefs,10,Pressure_Pa,23,102266.64453125
gep10,00,2026-05-17,2026-06-09,gcrew,noaa_gefs,10,RH_percent_mean,23,76.86220645904541
gep10,00,2026-05-17,2026-06-09,gcrew,noaa_gefs,10,Rain_mm_sum,23,0
gep10,00,2026-05-17,2026-06-09,gcrew,noaa_gefs,10,ShortwaveRadiation_Wm2,23,315.5
gep10,00,2026-05-17,2026-06-09,gcrew,noaa_gefs,10,WindSpeed_ms_mean,23,4.38349937840495
gep10,00,2026-05-17,2026-06-10,gcrew,noaa_gefs,10,AirTemp_C_mean,24,19.276849365234398
gep10,00,2026-05-17,2026-06-10,gcrew,noaa_gefs,10,Pressure_Pa,24,102072.908203125
gep10,00,2026-05-17,2026-06-10,gcrew,noaa_gefs,10,RH_percent_mean,24,77.74775695800781
gep10,00,2026-05-17,2026-06-10,gcrew,noaa_gefs,10,Rain_mm_sum,24,0
gep10,00,2026-05-17,2026-06-10,gcrew,noaa_gefs,10,ShortwaveRadiation_Wm2,24,344.5
gep10,00,2026-05-17,2026-06-10,gcrew,noaa_gefs,10,WindSpeed_ms_mean,24,3.046278388581381
gep10,00,2026-05-17,2026-06-11,gcrew,noaa_gefs,10,AirTemp_C_mean,25,19.354234313964866
gep10,00,2026-05-17,2026-06-11,gcrew,noaa_gefs,10,Pressure_Pa,25,101661.693359375
gep10,00,2026-05-17,2026-06-11,gcrew,noaa_gefs,10,RH_percent_mean,25,78.77657699584961
gep10,00,2026-05-17,2026-06-11,gcrew,noaa_gefs,10,Rain_mm_sum,25,0
gep10,00,2026-05-17,2026-06-11,gcrew,noaa_gefs,10,ShortwaveRadiation_Wm2,25,344.25
gep10,00,2026-05-17,2026-06-11,gcrew,noaa_gefs,10,WindSpeed_ms_mean,25,2.403215737924673
gep10,00,2026-05-17,2026-06-12,gcrew,noaa_gefs,10,AirTemp_C_mean,26,20.841760253906273
gep10,00,2026-05-17,2026-06-12,gcrew,noaa_gefs,10,Pressure_Pa,26,101401.55078125
gep10,00,2026-05-17,2026-06-12,gcrew,noaa_gefs,10,RH_percent_mean,26,86.05273246765137
gep10,00,2026-05-17,2026-06-12,gcrew,noaa_gefs,10,Rain_mm_sum,26,0.5000000074505806
gep10,00,2026-05-17,2026-06-12,gcrew,noaa_gefs,10,ShortwaveRadiation_Wm2,26,270.5
gep10,00,2026-05-17,2026-06-12,gcrew,noaa_gefs,10,WindSpeed_ms_mean,26,2.6211042370057838
gep10,00,2026-05-17,2026-06-13,gcrew,noaa_gefs,10,AirTemp_C_mean,27,22.633142089843773
gep10,00,2026-05-17,2026-06-13,gcrew,noaa_gefs,10,Pressure_Pa,27,101495.544921875
gep10,00,2026-05-17,2026-06-13,gcrew,noaa_gefs,10,RH_percent_mean,27,84.56381607055664
gep10,00,2026-05-17,2026-06-13,gcrew,noaa_gefs,10,Rain_mm_sum,27,0.30000001192092896
gep10,00,2026-05-17,2026-06-13,gcrew,noaa_gefs,10,ShortwaveRadiation_Wm2,27,331.25
gep10,00,2026-05-17,2026-06-13,gcrew,noaa_gefs,10,WindSpeed_ms_mean,27,4.002934118539743
gep10,00,2026-05-17,2026-06-14,gcrew,noaa_gefs,10,AirTemp_C_mean,28,23.382600402832054
gep10,00,2026-05-17,2026-06-14,gcrew,noaa_gefs,10,Pressure_Pa,28,101357.177734375
gep10,00,2026-05-17,2026-06-14,gcrew,noaa_gefs,10,RH_percent_mean,28,89.37162399291992
gep10,00,2026-05-17,2026-06-14,gcrew,noaa_gefs,10,Rain_mm_sum,28,2.6000000536441803
gep10,00,2026-05-17,2026-06-14,gcrew,noaa_gefs,10,ShortwaveRadiation_Wm2,28,284.75
gep10,00,2026-05-17,2026-06-14,gcrew,noaa_gefs,10,WindSpeed_ms_mean,28,3.3537151621249275
gep10,00,2026-05-17,2026-06-15,gcrew,noaa_gefs,10,AirTemp_C_mean,29,24.840669250488304
gep10,00,2026-05-17,2026-06-15,gcrew,noaa_gefs,10,Pressure_Pa,29,101524.51171875
gep10,00,2026-05-17,2026-06-15,gcrew,noaa_gefs,10,RH_percent_mean,29,77.19408130645752
gep10,00,2026-05-17,2026-06-15,gcrew,noaa_gefs,10,Rain_mm_sum,29,0.10000000149011612
gep10,00,2026-05-17,2026-06-15,gcrew,noaa_gefs,10,ShortwaveRadiation_Wm2,29,296.5
gep10,00,2026-05-17,2026-06-15,gcrew,noaa_gefs,10,WindSpeed_ms_mean,29,4.042771754237245
gep10,00,2026-05-17,2026-06-16,gcrew,noaa_gefs,10,AirTemp_C_mean,30,24.895989990234398
gep10,00,2026-05-17,2026-06-16,gcrew,noaa_gefs,10,Pressure_Pa,30,101772.68359375
gep10,00,2026-05-17,2026-06-16,gcrew,noaa_gefs,10,RH_percent_mean,30,77.33410263061523
gep10,00,2026-05-17,2026-06-16,gcrew,noaa_gefs,10,Rain_mm_sum,30,0.30000000447034836
gep10,00,2026-05-17,2026-06-16,gcrew,noaa_gefs,10,ShortwaveRadiation_Wm2,30,313.25
gep10,00,2026-05-17,2026-06-16,gcrew,noaa_gefs,10,WindSpeed_ms_mean,30,3.6732919255241057
gep10,00,2026-05-17,2026-06-17,gcrew,noaa_gefs,10,AirTemp_C_mean,31,25.772210693359398
gep10,00,2026-05-17,2026-06-17,gcrew,noaa_gefs,10,Pressure_Pa,31,101904.6171875
gep10,00,2026-05-17,2026-06-17,gcrew,noaa_gefs,10,RH_percent_mean,31,76.04165267944336
gep10,00,2026-05-17,2026-06-17,gcrew,noaa_gefs,10,Rain_mm_sum,31,0
gep10,00,2026-05-17,2026-06-17,gcrew,noaa_gefs,10,ShortwaveRadiation_Wm2,31,286.75
gep10,00,2026-05-17,2026-06-17,gcrew,noaa_gefs,10,WindSpeed_ms_mean,31,4.13248526059356
gep10,00,2026-05-17,2026-06-18,gcrew,noaa_gefs,10,AirTemp_C_mean,32,25.74041900634768
gep10,00,2026-05-17,2026-06-18,gcrew,noaa_gefs,10,Pressure_Pa,32,101534.314453125
gep10,00,2026-05-17,2026-06-18,gcrew,noaa_gefs,10,RH_percent_mean,32,80.33454704284668
gep10,00,2026-05-17,2026-06-18,gcrew,noaa_gefs,10,Rain_mm_sum,32,8.800000250339508
gep10,00,2026-05-17,2026-06-18,gcrew,noaa_gefs,10,ShortwaveRadiation_Wm2,32,311.5
gep10,00,2026-05-17,2026-06-18,gcrew,noaa_gefs,10,WindSpeed_ms_mean,32,4.21631310842572
gep10,00,2026-05-17,2026-06-19,gcrew,noaa_gefs,10,AirTemp_C_mean,33,24.15681610107424
gep10,00,2026-05-17,2026-06-19,gcrew,noaa_gefs,10,Pressure_Pa,33,101012.509765625
gep10,00,2026-05-17,2026-06-19,gcrew,noaa_gefs,10,RH_percent_mean,33,84.10998153686523
gep10,00,2026-05-17,2026-06-19,gcrew,noaa_gefs,10,Rain_mm_sum,33,37.50000125169754
gep10,00,2026-05-17,2026-06-19,gcrew,noaa_gefs,10,ShortwaveRadiation_Wm2,33,322.25
gep10,00,2026-05-17,2026-06-19,gcrew,noaa_gefs,10,WindSpeed_ms_mean,33,5.041177238306991
gep10,00,2026-05-17,2026-06-20,gcrew,noaa_gefs,10,AirTemp_C_mean,34,21.24146423339846
gep10,00,2026-05-17,2026-06-20,gcrew,noaa_gefs,10,Pressure_Pa,34,101358.76953125
gep10,00,2026-05-17,2026-06-20,gcrew,noaa_gefs,10,RH_percent_mean,34,58.25197887420654
gep10,00,2026-05-17,2026-06-20,gcrew,noaa_gefs,10,Rain_mm_sum,34,0
gep10,00,2026-05-17,2026-06-20,gcrew,noaa_gefs,10,ShortwaveRadiation_Wm2,34,354.5
gep10,00,2026-05-17,2026-06-20,gcrew,noaa_gefs,10,WindSpeed_ms_mean,34,7.9283052740783315
gep11,00,2026-05-17,2026-05-18,gcrew,noaa_gefs,11,AirTemp_C_mean,1,20.541738128662132
gep11,00,2026-05-17,2026-05-18,gcrew,noaa_gefs,11,Pressure_Pa,1,102011.392578125
gep11,00,2026-05-17,2026-05-18,gcrew,noaa_gefs,11,RH_percent_mean,1,84.17081260681152
gep11,00,2026-05-17,2026-05-18,gcrew,noaa_gefs,11,Rain_mm_sum,1,6.350000023841858
gep11,00,2026-05-17,2026-05-18,gcrew,noaa_gefs,11,ShortwaveRadiation_Wm2,1,332.125
gep11,00,2026-05-17,2026-05-18,gcrew,noaa_gefs,11,WindSpeed_ms_mean,1,2.606449622457496
gep11,00,2026-05-17,2026-05-19,gcrew,noaa_gefs,11,AirTemp_C_mean,2,23.0995918273926
gep11,00,2026-05-17,2026-05-19,gcrew,noaa_gefs,11,Pressure_Pa,2,101806.55859375
gep11,00,2026-05-17,2026-05-19,gcrew,noaa_gefs,11,RH_percent_mean,2,68.34389972686768
gep11,00,2026-05-17,2026-05-19,gcrew,noaa_gefs,11,Rain_mm_sum,2,1.8000000268220901
gep11,00,2026-05-17,2026-05-19,gcrew,noaa_gefs,11,ShortwaveRadiation_Wm2,2,334.75
gep11,00,2026-05-17,2026-05-19,gcrew,noaa_gefs,11,WindSpeed_ms_mean,2,3.4067788659044838
gep11,00,2026-05-17,2026-05-20,gcrew,noaa_gefs,11,AirTemp_C_mean,3,22.52497253417971
gep11,00,2026-05-17,2026-05-20,gcrew,noaa_gefs,11,Pressure_Pa,3,101325.6357421875
gep11,00,2026-05-17,2026-05-20,gcrew,noaa_gefs,11,RH_percent_mean,3,71.24866104125977
gep11,00,2026-05-17,2026-05-20,gcrew,noaa_gefs,11,Rain_mm_sum,3,26.70000010728836
gep11,00,2026-05-17,2026-05-20,gcrew,noaa_gefs,11,ShortwaveRadiation_Wm2,3,262.375
gep11,00,2026-05-17,2026-05-20,gcrew,noaa_gefs,11,WindSpeed_ms_mean,3,4.549640011874029
gep11,00,2026-05-17,2026-05-21,gcrew,noaa_gefs,11,AirTemp_C_mean,4,15.515148053850469
gep11,00,2026-05-17,2026-05-21,gcrew,noaa_gefs,11,Pressure_Pa,4,101836.072265625
gep11,00,2026-05-17,2026-05-21,gcrew,noaa_gefs,11,RH_percent_mean,4,76.015167236328125
gep11,00,2026-05-17,2026-05-21,gcrew,noaa_gefs,11,Rain_mm_sum,4,9.399999812245369
gep11,00,2026-05-17,2026-05-21,gcrew,noaa_gefs,11,ShortwaveRadiation_Wm2,4,97.625
gep11,00,2026-05-17,2026-05-21,gcrew,noaa_gefs,11,WindSpeed_ms_mean,4,3.6808240475840406
gep11,00,2026-05-17,2026-05-22,gcrew,noaa_gefs,11,AirTemp_C_mean,5,14.000840759277366
gep11,00,2026-05-17,2026-05-22,gcrew,noaa_gefs,11,Pressure_Pa,5,101988.966796875
gep11,00,2026-05-17,2026-05-22,gcrew,noaa_gefs,11,RH_percent_mean,5,84.21332263946533
gep11,00,2026-05-17,2026-05-22,gcrew,noaa_gefs,11,Rain_mm_sum,5,9.800000049173832
gep11,00,2026-05-17,2026-05-22,gcrew,noaa_gefs,11,ShortwaveRadiation_Wm2,5,22.75
gep11,00,2026-05-17,2026-05-22,gcrew,noaa_gefs,11,WindSpeed_ms_mean,5,4.696523470041017
gep11,00,2026-05-17,2026-05-23,gcrew,noaa_gefs,11,AirTemp_C_mean,6,13.291490173339866
gep11,00,2026-05-17,2026-05-23,gcrew,noaa_gefs,11,Pressure_Pa,6,102242.6494140625
gep11,00,2026-05-17,2026-05-23,gcrew,noaa_gefs,11,RH_percent_mean,6,95.31106090545654
gep11,00,2026-05-17,2026-05-23,gcrew,noaa_gefs,11,Rain_mm_sum,6,41.290000796318054
gep11,00,2026-05-17,2026-05-23,gcrew,noaa_gefs,11,ShortwaveRadiation_Wm2,6,8.625
gep11,00,2026-05-17,2026-05-23,gcrew,noaa_gefs,11,WindSpeed_ms_mean,6,6.730171879016334
gep11,00,2026-05-17,2026-05-24,gcrew,noaa_gefs,11,AirTemp_C_mean,7,13.87753829956057
gep11,00,2026-05-17,2026-05-24,gcrew,noaa_gefs,11,Pressure_Pa,7,102702.9013671875
gep11,00,2026-05-17,2026-05-24,gcrew,noaa_gefs,11,RH_percent_mean,7,89.53658866882324
gep11,00,2026-05-17,2026-05-24,gcrew,noaa_gefs,11,Rain_mm_sum,7,1.5000000074505806
gep11,00,2026-05-17,2026-05-24,gcrew,noaa_gefs,11,ShortwaveRadiation_Wm2,7,55.5
gep11,00,2026-05-17,2026-05-24,gcrew,noaa_gefs,11,WindSpeed_ms_mean,7,4.664883181526184
gep11,00,2026-05-17,2026-05-25,gcrew,noaa_gefs,11,AirTemp_C_mean,8,13.337792968750023
gep11,00,2026-05-17,2026-05-25,gcrew,noaa_gefs,11,Pressure_Pa,8,103076.4609375
gep11,00,2026-05-17,2026-05-25,gcrew,noaa_gefs,11,RH_percent_mean,8,78.87850284576416
gep11,00,2026-05-17,2026-05-25,gcrew,noaa_gefs,11,Rain_mm_sum,8,0
gep11,00,2026-05-17,2026-05-25,gcrew,noaa_gefs,11,ShortwaveRadiation_Wm2,8,160.625
gep11,00,2026-05-17,2026-05-25,gcrew,noaa_gefs,11,WindSpeed_ms_mean,8,4.284401237933425
gep11,00,2026-05-17,2026-05-26,gcrew,noaa_gefs,11,AirTemp_C_mean,9,13.400532749721005
gep11,00,2026-05-17,2026-05-26,gcrew,noaa_gefs,11,Pressure_Pa,9,102888.00669642857
gep11,00,2026-05-17,2026-05-26,gcrew,noaa_gefs,11,RH_percent_mean,9,66.3826152256557
gep11,00,2026-05-17,2026-05-26,gcrew,noaa_gefs,11,Rain_mm_sum,9,0
gep11,00,2026-05-17,2026-05-26,gcrew,noaa_gefs,11,ShortwaveRadiation_Wm2,9,372.2857142857143
gep11,00,2026-05-17,2026-05-26,gcrew,noaa_gefs,11,WindSpeed_ms_mean,9,2.9715455604219634
gep11,00,2026-05-17,2026-05-27,gcrew,noaa_gefs,11,AirTemp_C_mean,10,17.38470611572268
gep11,00,2026-05-17,2026-05-27,gcrew,noaa_gefs,11,Pressure_Pa,10,102230.107421875
gep11,00,2026-05-17,2026-05-27,gcrew,noaa_gefs,11,RH_percent_mean,10,76.62809085845947
gep11,00,2026-05-17,2026-05-27,gcrew,noaa_gefs,11,Rain_mm_sum,10,0
gep11,00,2026-05-17,2026-05-27,gcrew,noaa_gefs,11,ShortwaveRadiation_Wm2,10,292
gep11,00,2026-05-17,2026-05-27,gcrew,noaa_gefs,11,WindSpeed_ms_mean,10,3.292260275209521
gep11,00,2026-05-17,2026-05-28,gcrew,noaa_gefs,11,AirTemp_C_mean,11,18.825532531738304
gep11,00,2026-05-17,2026-05-28,gcrew,noaa_gefs,11,Pressure_Pa,11,101594.103515625
gep11,00,2026-05-17,2026-05-28,gcrew,noaa_gefs,11,RH_percent_mean,11,88.5962963104248
gep11,00,2026-05-17,2026-05-28,gcrew,noaa_gefs,11,Rain_mm_sum,11,3.2000001445412636
gep11,00,2026-05-17,2026-05-28,gcrew,noaa_gefs,11,ShortwaveRadiation_Wm2,11,232.25
gep11,00,2026-05-17,2026-05-28,gcrew,noaa_gefs,11,WindSpeed_ms_mean,11,1.843962609809163
gep11,00,2026-05-17,2026-05-29,gcrew,noaa_gefs,11,AirTemp_C_mean,12,20.632531738281273
gep11,00,2026-05-17,2026-05-29,gcrew,noaa_gefs,11,Pressure_Pa,12,101605.099609375
gep11,00,2026-05-17,2026-05-29,gcrew,noaa_gefs,11,RH_percent_mean,12,90.68621635437012
gep11,00,2026-05-17,2026-05-29,gcrew,noaa_gefs,11,Rain_mm_sum,12,8.700000047683716
gep11,00,2026-05-17,2026-05-29,gcrew,noaa_gefs,11,ShortwaveRadiation_Wm2,12,303.25
gep11,00,2026-05-17,2026-05-29,gcrew,noaa_gefs,11,WindSpeed_ms_mean,12,2.2984613975817045
gep11,00,2026-05-17,2026-05-30,gcrew,noaa_gefs,11,AirTemp_C_mean,13,20.257226562500023
gep11,00,2026-05-17,2026-05-30,gcrew,noaa_gefs,11,Pressure_Pa,13,101830.51953125
gep11,00,2026-05-17,2026-05-30,gcrew,noaa_gefs,11,RH_percent_mean,13,89.01692962646484
gep11,00,2026-05-17,2026-05-30,gcrew,noaa_gefs,11,Rain_mm_sum,13,0.700000025331974
gep11,00,2026-05-17,2026-05-30,gcrew,noaa_gefs,11,ShortwaveRadiation_Wm2,13,279
gep11,00,2026-05-17,2026-05-30,gcrew,noaa_gefs,11,WindSpeed_ms_mean,13,7.177529832521996
gep11,00,2026-05-17,2026-05-31,gcrew,noaa_gefs,11,AirTemp_C_mean,14,20.746133422851585
gep11,00,2026-05-17,2026-05-31,gcrew,noaa_gefs,11,Pressure_Pa,14,101566.6875
gep11,00,2026-05-17,2026-05-31,gcrew,noaa_gefs,11,RH_percent_mean,14,86.56785774230957
gep11,00,2026-05-17,2026-05-31,gcrew,noaa_gefs,11,Rain_mm_sum,14,0.10000000149011612
gep11,00,2026-05-17,2026-05-31,gcrew,noaa_gefs,11,ShortwaveRadiation_Wm2,14,236.5
gep11,00,2026-05-17,2026-05-31,gcrew,noaa_gefs,11,WindSpeed_ms_mean,14,4.452410245898682
gep11,00,2026-05-17,2026-06-01,gcrew,noaa_gefs,11,AirTemp_C_mean,15,21.641290283203148
gep11,00,2026-05-17,2026-06-01,gcrew,noaa_gefs,11,Pressure_Pa,15,101232.943359375
gep11,00,2026-05-17,2026-06-01,gcrew,noaa_gefs,11,RH_percent_mean,15,85.77047920227051
gep11,00,2026-05-17,2026-06-01,gcrew,noaa_gefs,11,Rain_mm_sum,15,0.20000000298023224
gep11,00,2026-05-17,2026-06-01,gcrew,noaa_gefs,11,ShortwaveRadiation_Wm2,15,319.25
gep11,00,2026-05-17,2026-06-01,gcrew,noaa_gefs,11,WindSpeed_ms_mean,15,4.987514627831614
gep11,00,2026-05-17,2026-06-02,gcrew,noaa_gefs,11,AirTemp_C_mean,16,23.64350280761721
gep11,00,2026-05-17,2026-06-02,gcrew,noaa_gefs,11,Pressure_Pa,16,100336.03125
gep11,00,2026-05-17,2026-06-02,gcrew,noaa_gefs,11,RH_percent_mean,16,79.2158031463623
gep11,00,2026-05-17,2026-06-02,gcrew,noaa_gefs,11,Rain_mm_sum,16,0.10000000149011612
gep11,00,2026-05-17,2026-06-02,gcrew,noaa_gefs,11,ShortwaveRadiation_Wm2,16,248.5
gep11,00,2026-05-17,2026-06-02,gcrew,noaa_gefs,11,WindSpeed_ms_mean,16,6.294558916761398
gep11,00,2026-05-17,2026-06-03,gcrew,noaa_gefs,11,AirTemp_C_mean,17,21.807466125488304
gep11,00,2026-05-17,2026-06-03,gcrew,noaa_gefs,11,Pressure_Pa,17,100524.14453125
gep11,00,2026-05-17,2026-06-03,gcrew,noaa_gefs,11,RH_percent_mean,17,82.67036247253418
gep11,00,2026-05-17,2026-06-03,gcrew,noaa_gefs,11,Rain_mm_sum,17,4.900000035762787
gep11,00,2026-05-17,2026-06-03,gcrew,noaa_gefs,11,ShortwaveRadiation_Wm2,17,192.5
gep11,00,2026-05-17,2026-06-03,gcrew,noaa_gefs,11,WindSpeed_ms_mean,17,6.2389494415019655
gep11,00,2026-05-17,2026-06-04,gcrew,noaa_gefs,11,AirTemp_C_mean,18,19.62371978759768
gep11,00,2026-05-17,2026-06-04,gcrew,noaa_gefs,11,Pressure_Pa,18,101363.12109375
gep11,00,2026-05-17,2026-06-04,gcrew,noaa_gefs,11,RH_percent_mean,18,59.62021350860596
gep11,00,2026-05-17,2026-06-04,gcrew,noaa_gefs,11,Rain_mm_sum,18,0
gep11,00,2026-05-17,2026-06-04,gcrew,noaa_gefs,11,ShortwaveRadiation_Wm2,18,353
gep11,00,2026-05-17,2026-06-04,gcrew,noaa_gefs,11,WindSpeed_ms_mean,18,5.129538041845657
gep11,00,2026-05-17,2026-06-05,gcrew,noaa_gefs,11,AirTemp_C_mean,19,18.13916931152346
gep11,00,2026-05-17,2026-06-05,gcrew,noaa_gefs,11,Pressure_Pa,19,102108.5078125
gep11,00,2026-05-17,2026-06-05,gcrew,noaa_gefs,11,RH_percent_mean,19,67.04474639892578
gep11,00,2026-05-17,2026-06-05,gcrew,noaa_gefs,11,Rain_mm_sum,19,0
gep11,00,2026-05-17,2026-06-05,gcrew,noaa_gefs,11,ShortwaveRadiation_Wm2,19,292.75
gep11,00,2026-05-17,2026-06-05,gcrew,noaa_gefs,11,WindSpeed_ms_mean,19,5.191744913150064
gep11,00,2026-05-17,2026-06-06,gcrew,noaa_gefs,11,AirTemp_C_mean,20,17.265962219238304
gep11,00,2026-05-17,2026-06-06,gcrew,noaa_gefs,11,Pressure_Pa,20,102458.673828125
gep11,00,2026-05-17,2026-06-06,gcrew,noaa_gefs,11,RH_percent_mean,20,61.6632661819458
gep11,00,2026-05-17,2026-06-06,gcrew,noaa_gefs,11,Rain_mm_sum,20,0
gep11,00,2026-05-17,2026-06-06,gcrew,noaa_gefs,11,ShortwaveRadiation_Wm2,20,353.75
gep11,00,2026-05-17,2026-06-06,gcrew,noaa_gefs,11,WindSpeed_ms_mean,20,6.67467006888216
gep11,00,2026-05-17,2026-06-07,gcrew,noaa_gefs,11,AirTemp_C_mean,21,17.46930847167971
gep11,00,2026-05-17,2026-06-07,gcrew,noaa_gefs,11,Pressure_Pa,21,102539.91796875
gep11,00,2026-05-17,2026-06-07,gcrew,noaa_gefs,11,RH_percent_mean,21,57.39550495147705
gep11,00,2026-05-17,2026-06-07,gcrew,noaa_gefs,11,Rain_mm_sum,21,0
gep11,00,2026-05-17,2026-06-07,gcrew,noaa_gefs,11,ShortwaveRadiation_Wm2,21,311.25
gep11,00,2026-05-17,2026-06-07,gcrew,noaa_gefs,11,WindSpeed_ms_mean,21,6.253105276917296
gep11,00,2026-05-17,2026-06-08,gcrew,noaa_gefs,11,AirTemp_C_mean,22,18.264520263671898
gep11,00,2026-05-17,2026-06-08,gcrew,noaa_gefs,11,Pressure_Pa,22,102453.42578125
gep11,00,2026-05-17,2026-06-08,gcrew,noaa_gefs,11,RH_percent_mean,22,69.18738460540771
gep11,00,2026-05-17,2026-06-08,gcrew,noaa_gefs,11,Rain_mm_sum,22,0
gep11,00,2026-05-17,2026-06-08,gcrew,noaa_gefs,11,ShortwaveRadiation_Wm2,22,358.75
gep11,00,2026-05-17,2026-06-08,gcrew,noaa_gefs,11,WindSpeed_ms_mean,22,5.268783443054002
gep11,00,2026-05-17,2026-06-09,gcrew,noaa_gefs,11,AirTemp_C_mean,23,19.784394836425804
gep11,00,2026-05-17,2026-06-09,gcrew,noaa_gefs,11,Pressure_Pa,23,102266.64453125
gep11,00,2026-05-17,2026-06-09,gcrew,noaa_gefs,11,RH_percent_mean,23,76.86220645904541
gep11,00,2026-05-17,2026-06-09,gcrew,noaa_gefs,11,Rain_mm_sum,23,0
gep11,00,2026-05-17,2026-06-09,gcrew,noaa_gefs,11,ShortwaveRadiation_Wm2,23,315.5
gep11,00,2026-05-17,2026-06-09,gcrew,noaa_gefs,11,WindSpeed_ms_mean,23,4.38349937840495
gep11,00,2026-05-17,2026-06-10,gcrew,noaa_gefs,11,AirTemp_C_mean,24,19.276849365234398
gep11,00,2026-05-17,2026-06-10,gcrew,noaa_gefs,11,Pressure_Pa,24,102072.908203125
gep11,00,2026-05-17,2026-06-10,gcrew,noaa_gefs,11,RH_percent_mean,24,77.74775695800781
gep11,00,2026-05-17,2026-06-10,gcrew,noaa_gefs,11,Rain_mm_sum,24,0
gep11,00,2026-05-17,2026-06-10,gcrew,noaa_gefs,11,ShortwaveRadiation_Wm2,24,344.5
gep11,00,2026-05-17,2026-06-10,gcrew,noaa_gefs,11,WindSpeed_ms_mean,24,3.046278388581381
gep11,00,2026-05-17,2026-06-11,gcrew,noaa_gefs,11,AirTemp_C_mean,25,19.354234313964866
gep11,00,2026-05-17,2026-06-11,gcrew,noaa_gefs,11,Pressure_Pa,25,101661.693359375
gep11,00,2026-05-17,2026-06-11,gcrew,noaa_gefs,11,RH_percent_mean,25,78.77657699584961
gep11,00,2026-05-17,2026-06-11,gcrew,noaa_gefs,11,Rain_mm_sum,25,0
gep11,00,2026-05-17,2026-06-11,gcrew,noaa_gefs,11,ShortwaveRadiation_Wm2,25,344.25
gep11,00,2026-05-17,2026-06-11,gcrew,noaa_gefs,11,WindSpeed_ms_mean,25,2.403215737924673
gep11,00,2026-05-17,2026-06-12,gcrew,noaa_gefs,11,AirTemp_C_mean,26,20.841760253906273
gep11,00,2026-05-17,2026-06-12,gcrew,noaa_gefs,11,Pressure_Pa,26,101401.55078125
gep11,00,2026-05-17,2026-06-12,gcrew,noaa_gefs,11,RH_percent_mean,26,86.05273246765137
gep11,00,2026-05-17,2026-06-12,gcrew,noaa_gefs,11,Rain_mm_sum,26,0.5000000074505806
gep11,00,2026-05-17,2026-06-12,gcrew,noaa_gefs,11,ShortwaveRadiation_Wm2,26,270.5
gep11,00,2026-05-17,2026-06-12,gcrew,noaa_gefs,11,WindSpeed_ms_mean,26,2.6211042370057838
gep11,00,2026-05-17,2026-06-13,gcrew,noaa_gefs,11,AirTemp_C_mean,27,22.633142089843773
gep11,00,2026-05-17,2026-06-13,gcrew,noaa_gefs,11,Pressure_Pa,27,101495.544921875
gep11,00,2026-05-17,2026-06-13,gcrew,noaa_gefs,11,RH_percent_mean,27,84.56381607055664
gep11,00,2026-05-17,2026-06-13,gcrew,noaa_gefs,11,Rain_mm_sum,27,0.30000001192092896
gep11,00,2026-05-17,2026-06-13,gcrew,noaa_gefs,11,ShortwaveRadiation_Wm2,27,331.25
gep11,00,2026-05-17,2026-06-13,gcrew,noaa_gefs,11,WindSpeed_ms_mean,27,4.002934118539743
gep11,00,2026-05-17,2026-06-14,gcrew,noaa_gefs,11,AirTemp_C_mean,28,23.382600402832054
gep11,00,2026-05-17,2026-06-14,gcrew,noaa_gefs,11,Pressure_Pa,28,101357.177734375
gep11,00,2026-05-17,2026-06-14,gcrew,noaa_gefs,11,RH_percent_mean,28,89.37162399291992
gep11,00,2026-05-17,2026-06-14,gcrew,noaa_gefs,11,Rain_mm_sum,28,2.6000000536441803
gep11,00,2026-05-17,2026-06-14,gcrew,noaa_gefs,11,ShortwaveRadiation_Wm2,28,284.75
gep11,00,2026-05-17,2026-06-14,gcrew,noaa_gefs,11,WindSpeed_ms_mean,28,3.3537151621249275
gep11,00,2026-05-17,2026-06-15,gcrew,noaa_gefs,11,AirTemp_C_mean,29,24.840669250488304
gep11,00,2026-05-17,2026-06-15,gcrew,noaa_gefs,11,Pressure_Pa,29,101524.51171875
gep11,00,2026-05-17,2026-06-15,gcrew,noaa_gefs,11,RH_percent_mean,29,77.19408130645752
gep11,00,2026-05-17,2026-06-15,gcrew,noaa_gefs,11,Rain_mm_sum,29,0.10000000149011612
gep11,00,2026-05-17,2026-06-15,gcrew,noaa_gefs,11,ShortwaveRadiation_Wm2,29,296.5
gep11,00,2026-05-17,2026-06-15,gcrew,noaa_gefs,11,WindSpeed_ms_mean,29,4.042771754237245
gep11,00,2026-05-17,2026-06-16,gcrew,noaa_gefs,11,AirTemp_C_mean,30,24.895989990234398
gep11,00,2026-05-17,2026-06-16,gcrew,noaa_gefs,11,Pressure_Pa,30,101772.68359375
gep11,00,2026-05-17,2026-06-16,gcrew,noaa_gefs,11,RH_percent_mean,30,77.33410263061523
gep11,00,2026-05-17,2026-06-16,gcrew,noaa_gefs,11,Rain_mm_sum,30,0.30000000447034836
gep11,00,2026-05-17,2026-06-16,gcrew,noaa_gefs,11,ShortwaveRadiation_Wm2,30,313.25
gep11,00,2026-05-17,2026-06-16,gcrew,noaa_gefs,11,WindSpeed_ms_mean,30,3.6732919255241057
gep11,00,2026-05-17,2026-06-17,gcrew,noaa_gefs,11,AirTemp_C_mean,31,25.772210693359398
gep11,00,2026-05-17,2026-06-17,gcrew,noaa_gefs,11,Pressure_Pa,31,101904.6171875
gep11,00,2026-05-17,2026-06-17,gcrew,noaa_gefs,11,RH_percent_mean,31,76.04165267944336
gep11,00,2026-05-17,2026-06-17,gcrew,noaa_gefs,11,Rain_mm_sum,31,0
gep11,00,2026-05-17,2026-06-17,gcrew,noaa_gefs,11,ShortwaveRadiation_Wm2,31,286.75
gep11,00,2026-05-17,2026-06-17,gcrew,noaa_gefs,11,WindSpeed_ms_mean,31,4.13248526059356
gep11,00,2026-05-17,2026-06-18,gcrew,noaa_gefs,11,AirTemp_C_mean,32,25.74041900634768
gep11,00,2026-05-17,2026-06-18,gcrew,noaa_gefs,11,Pressure_Pa,32,101534.314453125
gep11,00,2026-05-17,2026-06-18,gcrew,noaa_gefs,11,RH_percent_mean,32,80.33454704284668
gep11,00,2026-05-17,2026-06-18,gcrew,noaa_gefs,11,Rain_mm_sum,32,8.800000250339508
gep11,00,2026-05-17,2026-06-18,gcrew,noaa_gefs,11,ShortwaveRadiation_Wm2,32,311.5
gep11,00,2026-05-17,2026-06-18,gcrew,noaa_gefs,11,WindSpeed_ms_mean,32,4.21631310842572
gep11,00,2026-05-17,2026-06-19,gcrew,noaa_gefs,11,AirTemp_C_mean,33,24.15681610107424
gep11,00,2026-05-17,2026-06-19,gcrew,noaa_gefs,11,Pressure_Pa,33,101012.509765625
gep11,00,2026-05-17,2026-06-19,gcrew,noaa_gefs,11,RH_percent_mean,33,84.10998153686523
gep11,00,2026-05-17,2026-06-19,gcrew,noaa_gefs,11,Rain_mm_sum,33,37.50000125169754
gep11,00,2026-05-17,2026-06-19,gcrew,noaa_gefs,11,ShortwaveRadiation_Wm2,33,322.25
gep11,00,2026-05-17,2026-06-19,gcrew,noaa_gefs,11,WindSpeed_ms_mean,33,5.041177238306991
gep11,00,2026-05-17,2026-06-20,gcrew,noaa_gefs,11,AirTemp_C_mean,34,21.24146423339846
gep11,00,2026-05-17,2026-06-20,gcrew,noaa_gefs,11,Pressure_Pa,34,101358.76953125
gep11,00,2026-05-17,2026-06-20,gcrew,noaa_gefs,11,RH_percent_mean,34,58.25197887420654
gep11,00,2026-05-17,2026-06-20,gcrew,noaa_gefs,11,Rain_mm_sum,34,0
gep11,00,2026-05-17,2026-06-20,gcrew,noaa_gefs,11,ShortwaveRadiation_Wm2,34,354.5
gep11,00,2026-05-17,2026-06-20,gcrew,noaa_gefs,11,WindSpeed_ms_mean,34,7.9283052740783315
gep12,00,2026-05-17,2026-05-18,gcrew,noaa_gefs,12,AirTemp_C_mean,1,20.541738128662132
gep12,00,2026-05-17,2026-05-18,gcrew,noaa_gefs,12,Pressure_Pa,1,102011.392578125
gep12,00,2026-05-17,2026-05-18,gcrew,noaa_gefs,12,RH_percent_mean,1,84.17081260681152
gep12,00,2026-05-17,2026-05-18,gcrew,noaa_gefs,12,Rain_mm_sum,1,6.350000023841858
gep12,00,2026-05-17,2026-05-18,gcrew,noaa_gefs,12,ShortwaveRadiation_Wm2,1,332.125
gep12,00,2026-05-17,2026-05-18,gcrew,noaa_gefs,12,WindSpeed_ms_mean,1,2.606449622457496
gep12,00,2026-05-17,2026-05-19,gcrew,noaa_gefs,12,AirTemp_C_mean,2,23.0995918273926
gep12,00,2026-05-17,2026-05-19,gcrew,noaa_gefs,12,Pressure_Pa,2,101806.55859375
gep12,00,2026-05-17,2026-05-19,gcrew,noaa_gefs,12,RH_percent_mean,2,68.34389972686768
gep12,00,2026-05-17,2026-05-19,gcrew,noaa_gefs,12,Rain_mm_sum,2,1.8000000268220901
gep12,00,2026-05-17,2026-05-19,gcrew,noaa_gefs,12,ShortwaveRadiation_Wm2,2,334.75
gep12,00,2026-05-17,2026-05-19,gcrew,noaa_gefs,12,WindSpeed_ms_mean,2,3.4067788659044838
gep12,00,2026-05-17,2026-05-20,gcrew,noaa_gefs,12,AirTemp_C_mean,3,22.52497253417971
gep12,00,2026-05-17,2026-05-20,gcrew,noaa_gefs,12,Pressure_Pa,3,101325.6357421875
gep12,00,2026-05-17,2026-05-20,gcrew,noaa_gefs,12,RH_percent_mean,3,71.24866104125977
gep12,00,2026-05-17,2026-05-20,gcrew,noaa_gefs,12,Rain_mm_sum,3,26.70000010728836
gep12,00,2026-05-17,2026-05-20,gcrew,noaa_gefs,12,ShortwaveRadiation_Wm2,3,262.375
gep12,00,2026-05-17,2026-05-20,gcrew,noaa_gefs,12,WindSpeed_ms_mean,3,4.549640011874029
gep12,00,2026-05-17,2026-05-21,gcrew,noaa_gefs,12,AirTemp_C_mean,4,15.515148053850469
gep12,00,2026-05-17,2026-05-21,gcrew,noaa_gefs,12,Pressure_Pa,4,101836.072265625
gep12,00,2026-05-17,2026-05-21,gcrew,noaa_gefs,12,RH_percent_mean,4,76.015167236328125
gep12,00,2026-05-17,2026-05-21,gcrew,noaa_gefs,12,Rain_mm_sum,4,9.399999812245369
gep12,00,2026-05-17,2026-05-21,gcrew,noaa_gefs,12,ShortwaveRadiation_Wm2,4,97.625
gep12,00,2026-05-17,2026-05-21,gcrew,noaa_gefs,12,WindSpeed_ms_mean,4,3.6808240475840406
gep12,00,2026-05-17,2026-05-22,gcrew,noaa_gefs,12,AirTemp_C_mean,5,14.000840759277366
gep12,00,2026-05-17,2026-05-22,gcrew,noaa_gefs,12,Pressure_Pa,5,101988.966796875
gep12,00,2026-05-17,2026-05-22,gcrew,noaa_gefs,12,RH_percent_mean,5,84.21332263946533
gep12,00,2026-05-17,2026-05-22,gcrew,noaa_gefs,12,Rain_mm_sum,5,9.800000049173832
gep12,00,2026-05-17,2026-05-22,gcrew,noaa_gefs,12,ShortwaveRadiation_Wm2,5,22.75
gep12,00,2026-05-17,2026-05-22,gcrew,noaa_gefs,12,WindSpeed_ms_mean,5,4.696523470041017
gep12,00,2026-05-17,2026-05-23,gcrew,noaa_gefs,12,AirTemp_C_mean,6,13.291490173339866
gep12,00,2026-05-17,2026-05-23,gcrew,noaa_gefs,12,Pressure_Pa,6,102242.6494140625
gep12,00,2026-05-17,2026-05-23,gcrew,noaa_gefs,12,RH_percent_mean,6,95.31106090545654
gep12,00,2026-05-17,2026-05-23,gcrew,noaa_gefs,12,Rain_mm_sum,6,41.290000796318054
gep12,00,2026-05-17,2026-05-23,gcrew,noaa_gefs,12,ShortwaveRadiation_Wm2,6,8.625
gep12,00,2026-05-17,2026-05-23,gcrew,noaa_gefs,12,WindSpeed_ms_mean,6,6.730171879016334
gep12,00,2026-05-17,2026-05-24,gcrew,noaa_gefs,12,AirTemp_C_mean,7,13.87753829956057
gep12,00,2026-05-17,2026-05-24,gcrew,noaa_gefs,12,Pressure_Pa,7,102702.9013671875
gep12,00,2026-05-17,2026-05-24,gcrew,noaa_gefs,12,RH_percent_mean,7,89.53658866882324
gep12,00,2026-05-17,2026-05-24,gcrew,noaa_gefs,12,Rain_mm_sum,7,1.5000000074505806
gep12,00,2026-05-17,2026-05-24,gcrew,noaa_gefs,12,ShortwaveRadiation_Wm2,7,55.5
gep12,00,2026-05-17,2026-05-24,gcrew,noaa_gefs,12,WindSpeed_ms_mean,7,4.664883181526184
gep12,00,2026-05-17,2026-05-25,gcrew,noaa_gefs,12,AirTemp_C_mean,8,13.337792968750023
gep12,00,2026-05-17,2026-05-25,gcrew,noaa_gefs,12,Pressure_Pa,8,103076.4609375
gep12,00,2026-05-17,2026-05-25,gcrew,noaa_gefs,12,RH_percent_mean,8,78.87850284576416
gep12,00,2026-05-17,2026-05-25,gcrew,noaa_gefs,12,Rain_mm_sum,8,0
gep12,00,2026-05-17,2026-05-25,gcrew,noaa_gefs,12,ShortwaveRadiation_Wm2,8,160.625
gep12,00,2026-05-17,2026-05-25,gcrew,noaa_gefs,12,WindSpeed_ms_mean,8,4.284401237933425
gep12,00,2026-05-17,2026-05-26,gcrew,noaa_gefs,12,AirTemp_C_mean,9,13.400532749721005
gep12,00,2026-05-17,2026-05-26,gcrew,noaa_gefs,12,Pressure_Pa,9,102888.00669642857
gep12,00,2026-05-17,2026-05-26,gcrew,noaa_gefs,12,RH_percent_mean,9,66.3826152256557
gep12,00,2026-05-17,2026-05-26,gcrew,noaa_gefs,12,Rain_mm_sum,9,0
gep12,00,2026-05-17,2026-05-26,gcrew,noaa_gefs,12,ShortwaveRadiation_Wm2,9,372.2857142857143
gep12,00,2026-05-17,2026-05-26,gcrew,noaa_gefs,12,WindSpeed_ms_mean,9,2.9715455604219634
gep12,00,2026-05-17,2026-05-27,gcrew,noaa_gefs,12,AirTemp_C_mean,10,17.38470611572268
gep12,00,2026-05-17,2026-05-27,gcrew,noaa_gefs,12,Pressure_Pa,10,102230.107421875
gep12,00,2026-05-17,2026-05-27,gcrew,noaa_gefs,12,RH_percent_mean,10,76.62809085845947
gep12,00,2026-05-17,2026-05-27,gcrew,noaa_gefs,12,Rain_mm_sum,10,0
gep12,00,2026-05-17,2026-05-27,gcrew,noaa_gefs,12,ShortwaveRadiation_Wm2,10,292
gep12,00,2026-05-17,2026-05-27,gcrew,noaa_gefs,12,WindSpeed_ms_mean,10,3.292260275209521
gep12,00,2026-05-17,2026-05-28,gcrew,noaa_gefs,12,AirTemp_C_mean,11,18.825532531738304
gep12,00,2026-05-17,2026-05-28,gcrew,noaa_gefs,12,Pressure_Pa,11,101594.103515625
gep12,00,2026-05-17,2026-05-28,gcrew,noaa_gefs,12,RH_percent_mean,11,88.5962963104248
gep12,00,2026-05-17,2026-05-28,gcrew,noaa_gefs,12,Rain_mm_sum,11,3.2000001445412636
gep12,00,2026-05-17,2026-05-28,gcrew,noaa_gefs,12,ShortwaveRadiation_Wm2,11,232.25
gep12,00,2026-05-17,2026-05-28,gcrew,noaa_gefs,12,WindSpeed_ms_mean,11,1.843962609809163
gep12,00,2026-05-17,2026-05-29,gcrew,noaa_gefs,12,AirTemp_C_mean,12,20.632531738281273
gep12,00,2026-05-17,2026-05-29,gcrew,noaa_gefs,12,Pressure_Pa,12,101605.099609375
gep12,00,2026-05-17,2026-05-29,gcrew,noaa_gefs,12,RH_percent_mean,12,90.68621635437012
gep12,00,2026-05-17,2026-05-29,gcrew,noaa_gefs,12,Rain_mm_sum,12,8.700000047683716
gep12,00,2026-05-17,2026-05-29,gcrew,noaa_gefs,12,ShortwaveRadiation_Wm2,12,303.25
gep12,00,2026-05-17,2026-05-29,gcrew,noaa_gefs,12,WindSpeed_ms_mean,12,2.2984613975817045
gep12,00,2026-05-17,2026-05-30,gcrew,noaa_gefs,12,AirTemp_C_mean,13,20.257226562500023
gep12,00,2026-05-17,2026-05-30,gcrew,noaa_gefs,12,Pressure_Pa,13,101830.51953125
gep12,00,2026-05-17,2026-05-30,gcrew,noaa_gefs,12,RH_percent_mean,13,89.01692962646484
gep12,00,2026-05-17,2026-05-30,gcrew,noaa_gefs,12,Rain_mm_sum,13,0.700000025331974
gep12,00,2026-05-17,2026-05-30,gcrew,noaa_gefs,12,ShortwaveRadiation_Wm2,13,279
gep12,00,2026-05-17,2026-05-30,gcrew,noaa_gefs,12,WindSpeed_ms_mean,13,7.177529832521996
gep12,00,2026-05-17,2026-05-31,gcrew,noaa_gefs,12,AirTemp_C_mean,14,20.746133422851585
gep12,00,2026-05-17,2026-05-31,gcrew,noaa_gefs,12,Pressure_Pa,14,101566.6875
gep12,00,2026-05-17,2026-05-31,gcrew,noaa_gefs,12,RH_percent_mean,14,86.56785774230957
gep12,00,2026-05-17,2026-05-31,gcrew,noaa_gefs,12,Rain_mm_sum,14,0.10000000149011612
gep12,00,2026-05-17,2026-05-31,gcrew,noaa_gefs,12,ShortwaveRadiation_Wm2,14,236.5
gep12,00,2026-05-17,2026-05-31,gcrew,noaa_gefs,12,WindSpeed_ms_mean,14,4.452410245898682
gep12,00,2026-05-17,2026-06-01,gcrew,noaa_gefs,12,AirTemp_C_mean,15,21.641290283203148
gep12,00,2026-05-17,2026-06-01,gcrew,noaa_gefs,12,Pressure_Pa,15,101232.943359375
gep12,00,2026-05-17,2026-06-01,gcrew,noaa_gefs,12,RH_percent_mean,15,85.77047920227051
gep12,00,2026-05-17,2026-06-01,gcrew,noaa_gefs,12,Rain_mm_sum,15,0.20000000298023224
gep12,00,2026-05-17,2026-06-01,gcrew,noaa_gefs,12,ShortwaveRadiation_Wm2,15,319.25
gep12,00,2026-05-17,2026-06-01,gcrew,noaa_gefs,12,WindSpeed_ms_mean,15,4.987514627831614
gep12,00,2026-05-17,2026-06-02,gcrew,noaa_gefs,12,AirTemp_C_mean,16,23.64350280761721
gep12,00,2026-05-17,2026-06-02,gcrew,noaa_gefs,12,Pressure_Pa,16,100336.03125
gep12,00,2026-05-17,2026-06-02,gcrew,noaa_gefs,12,RH_percent_mean,16,79.2158031463623
gep12,00,2026-05-17,2026-06-02,gcrew,noaa_gefs,12,Rain_mm_sum,16,0.10000000149011612
gep12,00,2026-05-17,2026-06-02,gcrew,noaa_gefs,12,ShortwaveRadiation_Wm2,16,248.5
gep12,00,2026-05-17,2026-06-02,gcrew,noaa_gefs,12,WindSpeed_ms_mean,16,6.294558916761398
gep12,00,2026-05-17,2026-06-03,gcrew,noaa_gefs,12,AirTemp_C_mean,17,21.807466125488304
gep12,00,2026-05-17,2026-06-03,gcrew,noaa_gefs,12,Pressure_Pa,17,100524.14453125
gep12,00,2026-05-17,2026-06-03,gcrew,noaa_gefs,12,RH_percent_mean,17,82.67036247253418
gep12,00,2026-05-17,2026-06-03,gcrew,noaa_gefs,12,Rain_mm_sum,17,4.900000035762787
gep12,00,2026-05-17,2026-06-03,gcrew,noaa_gefs,12,ShortwaveRadiation_Wm2,17,192.5
gep12,00,2026-05-17,2026-06-03,gcrew,noaa_gefs,12,WindSpeed_ms_mean,17,6.2389494415019655
gep12,00,2026-05-17,2026-06-04,gcrew,noaa_gefs,12,AirTemp_C_mean,18,19.62371978759768
gep12,00,2026-05-17,2026-06-04,gcrew,noaa_gefs,12,Pressure_Pa,18,101363.12109375
gep12,00,2026-05-17,2026-06-04,gcrew,noaa_gefs,12,RH_percent_mean,18,59.62021350860596
gep12,00,2026-05-17,2026-06-04,gcrew,noaa_gefs,12,Rain_mm_sum,18,0
gep12,00,2026-05-17,2026-06-04,gcrew,noaa_gefs,12,ShortwaveRadiation_Wm2,18,353
gep12,00,2026-05-17,2026-06-04,gcrew,noaa_gefs,12,WindSpeed_ms_mean,18,5.129538041845657
gep12,00,2026-05-17,2026-06-05,gcrew,noaa_gefs,12,AirTemp_C_mean,19,18.13916931152346
gep12,00,2026-05-17,2026-06-05,gcrew,noaa_gefs,12,Pressure_Pa,19,102108.5078125
gep12,00,2026-05-17,2026-06-05,gcrew,noaa_gefs,12,RH_percent_mean,19,67.04474639892578
gep12,00,2026-05-17,2026-06-05,gcrew,noaa_gefs,12,Rain_mm_sum,19,0
gep12,00,2026-05-17,2026-06-05,gcrew,noaa_gefs,12,ShortwaveRadiation_Wm2,19,292.75
gep12,00,2026-05-17,2026-06-05,gcrew,noaa_gefs,12,WindSpeed_ms_mean,19,5.191744913150064
gep12,00,2026-05-17,2026-06-06,gcrew,noaa_gefs,12,AirTemp_C_mean,20,17.265962219238304
gep12,00,2026-05-17,2026-06-06,gcrew,noaa_gefs,12,Pressure_Pa,20,102458.673828125
gep12,00,2026-05-17,2026-06-06,gcrew,noaa_gefs,12,RH_percent_mean,20,61.6632661819458
gep12,00,2026-05-17,2026-06-06,gcrew,noaa_gefs,12,Rain_mm_sum,20,0
gep12,00,2026-05-17,2026-06-06,gcrew,noaa_gefs,12,ShortwaveRadiation_Wm2,20,353.75
gep12,00,2026-05-17,2026-06-06,gcrew,noaa_gefs,12,WindSpeed_ms_mean,20,6.67467006888216
gep12,00,2026-05-17,2026-06-07,gcrew,noaa_gefs,12,AirTemp_C_mean,21,17.46930847167971
gep12,00,2026-05-17,2026-06-07,gcrew,noaa_gefs,12,Pressure_Pa,21,102539.91796875
gep12,00,2026-05-17,2026-06-07,gcrew,noaa_gefs,12,RH_percent_mean,21,57.39550495147705
gep12,00,2026-05-17,2026-06-07,gcrew,noaa_gefs,12,Rain_mm_sum,21,0
gep12,00,2026-05-17,2026-06-07,gcrew,noaa_gefs,12,ShortwaveRadiation_Wm2,21,311.25
gep12,00,2026-05-17,2026-06-07,gcrew,noaa_gefs,12,WindSpeed_ms_mean,21,6.253105276917296
gep12,00,2026-05-17,2026-06-08,gcrew,noaa_gefs,12,AirTemp_C_mean,22,18.264520263671898
gep12,00,2026-05-17,2026-06-08,gcrew,noaa_gefs,12,Pressure_Pa,22,102453.42578125
gep12,00,2026-05-17,2026-06-08,gcrew,noaa_gefs,12,RH_percent_mean,22,69.18738460540771
gep12,00,2026-05-17,2026-06-08,gcrew,noaa_gefs,12,Rain_mm_sum,22,0
gep12,00,2026-05-17,2026-06-08,gcrew,noaa_gefs,12,ShortwaveRadiation_Wm2,22,358.75
gep12,00,2026-05-17,2026-06-08,gcrew,noaa_gefs,12,WindSpeed_ms_mean,22,5.268783443054002
gep12,00,2026-05-17,2026-06-09,gcrew,noaa_gefs,12,AirTemp_C_mean,23,19.784394836425804
gep12,00,2026-05-17,2026-06-09,gcrew,noaa_gefs,12,Pressure_Pa,23,102266.64453125
gep12,00,2026-05-17,2026-06-09,gcrew,noaa_gefs,12,RH_percent_mean,23,76.86220645904541
gep12,00,2026-05-17,2026-06-09,gcrew,noaa_gefs,12,Rain_mm_sum,23,0
gep12,00,2026-05-17,2026-06-09,gcrew,noaa_gefs,12,ShortwaveRadiation_Wm2,23,315.5
gep12,00,2026-05-17,2026-06-09,gcrew,noaa_gefs,12,WindSpeed_ms_mean,23,4.38349937840495
gep12,00,2026-05-17,2026-06-10,gcrew,noaa_gefs,12,AirTemp_C_mean,24,19.276849365234398
gep12,00,2026-05-17,2026-06-10,gcrew,noaa_gefs,12,Pressure_Pa,24,102072.908203125
gep12,00,2026-05-17,2026-06-10,gcrew,noaa_gefs,12,RH_percent_mean,24,77.74775695800781
gep12,00,2026-05-17,2026-06-10,gcrew,noaa_gefs,12,Rain_mm_sum,24,0
gep12,00,2026-05-17,2026-06-10,gcrew,noaa_gefs,12,ShortwaveRadiation_Wm2,24,344.5
gep12,00,2026-05-17,2026-06-10,gcrew,noaa_gefs,12,WindSpeed_ms_mean,24,3.046278388581381
gep12,00,2026-05-17,2026-06-11,gcrew,noaa_gefs,12,AirTemp_C_mean,25,19.354234313964866
gep12,00,2026-05-17,2026-06-11,gcrew,noaa_gefs,12,Pressure_Pa,25,101661.693359375
gep12,00,2026-05-17,2026-06-11,gcrew,noaa_gefs,12,RH_percent_mean,25,78.77657699584961
gep12,00,2026-05-17,2026-06-11,gcrew,noaa_gefs,12,Rain_mm_sum,25,0
gep12,00,2026-05-17,2026-06-11,gcrew,noaa_gefs,12,ShortwaveRadiation_Wm2,25,344.25
gep12,00,2026-05-17,2026-06-11,gcrew,noaa_gefs,12,WindSpeed_ms_mean,25,2.403215737924673
gep12,00,2026-05-17,2026-06-12,gcrew,noaa_gefs,12,AirTemp_C_mean,26,20.841760253906273
gep12,00,2026-05-17,2026-06-12,gcrew,noaa_gefs,12,Pressure_Pa,26,101401.55078125
gep12,00,2026-05-17,2026-06-12,gcrew,noaa_gefs,12,RH_percent_mean,26,86.05273246765137
gep12,00,2026-05-17,2026-06-12,gcrew,noaa_gefs,12,Rain_mm_sum,26,0.5000000074505806
gep12,00,2026-05-17,2026-06-12,gcrew,noaa_gefs,12,ShortwaveRadiation_Wm2,26,270.5
gep12,00,2026-05-17,2026-06-12,gcrew,noaa_gefs,12,WindSpeed_ms_mean,26,2.6211042370057838
gep12,00,2026-05-17,2026-06-13,gcrew,noaa_gefs,12,AirTemp_C_mean,27,22.633142089843773
gep12,00,2026-05-17,2026-06-13,gcrew,noaa_gefs,12,Pressure_Pa,27,101495.544921875
gep12,00,2026-05-17,2026-06-13,gcrew,noaa_gefs,12,RH_percent_mean,27,84.56381607055664
gep12,00,2026-05-17,2026-06-13,gcrew,noaa_gefs,12,Rain_mm_sum,27,0.30000001192092896
gep12,00,2026-05-17,2026-06-13,gcrew,noaa_gefs,12,ShortwaveRadiation_Wm2,27,331.25
gep12,00,2026-05-17,2026-06-13,gcrew,noaa_gefs,12,WindSpeed_ms_mean,27,4.002934118539743
gep12,00,2026-05-17,2026-06-14,gcrew,noaa_gefs,12,AirTemp_C_mean,28,23.382600402832054
gep12,00,2026-05-17,2026-06-14,gcrew,noaa_gefs,12,Pressure_Pa,28,101357.177734375
gep12,00,2026-05-17,2026-06-14,gcrew,noaa_gefs,12,RH_percent_mean,28,89.37162399291992
gep12,00,2026-05-17,2026-06-14,gcrew,noaa_gefs,12,Rain_mm_sum,28,2.6000000536441803
gep12,00,2026-05-17,2026-06-14,gcrew,noaa_gefs,12,ShortwaveRadiation_Wm2,28,284.75
gep12,00,2026-05-17,2026-06-14,gcrew,noaa_gefs,12,WindSpeed_ms_mean,28,3.3537151621249275
gep12,00,2026-05-17,2026-06-15,gcrew,noaa_gefs,12,AirTemp_C_mean,29,24.840669250488304
gep12,00,2026-05-17,2026-06-15,gcrew,noaa_gefs,12,Pressure_Pa,29,101524.51171875
gep12,00,2026-05-17,2026-06-15,gcrew,noaa_gefs,12,RH_percent_mean,29,77.19408130645752
gep12,00,2026-05-17,2026-06-15,gcrew,noaa_gefs,12,Rain_mm_sum,29,0.10000000149011612
gep12,00,2026-05-17,2026-06-15,gcrew,noaa_gefs,12,ShortwaveRadiation_Wm2,29,296.5
gep12,00,2026-05-17,2026-06-15,gcrew,noaa_gefs,12,WindSpeed_ms_mean,29,4.042771754237245
gep12,00,2026-05-17,2026-06-16,gcrew,noaa_gefs,12,AirTemp_C_mean,30,24.895989990234398
gep12,00,2026-05-17,2026-06-16,gcrew,noaa_gefs,12,Pressure_Pa,30,101772.68359375
gep12,00,2026-05-17,2026-06-16,gcrew,noaa_gefs,12,RH_percent_mean,30,77.33410263061523
gep12,00,2026-05-17,2026-06-16,gcrew,noaa_gefs,12,Rain_mm_sum,30,0.30000000447034836
gep12,00,2026-05-17,2026-06-16,gcrew,noaa_gefs,12,ShortwaveRadiation_Wm2,30,313.25
gep12,00,2026-05-17,2026-06-16,gcrew,noaa_gefs,12,WindSpeed_ms_mean,30,3.6732919255241057
gep12,00,2026-05-17,2026-06-17,gcrew,noaa_gefs,12,AirTemp_C_mean,31,25.772210693359398
gep12,00,2026-05-17,2026-06-17,gcrew,noaa_gefs,12,Pressure_Pa,31,101904.6171875
gep12,00,2026-05-17,2026-06-17,gcrew,noaa_gefs,12,RH_percent_mean,31,76.04165267944336
gep12,00,2026-05-17,2026-06-17,gcrew,noaa_gefs,12,Rain_mm_sum,31,0
gep12,00,2026-05-17,2026-06-17,gcrew,noaa_gefs,12,ShortwaveRadiation_Wm2,31,286.75
gep12,00,2026-05-17,2026-06-17,gcrew,noaa_gefs,12,WindSpeed_ms_mean,31,4.13248526059356
gep12,00,2026-05-17,2026-06-18,gcrew,noaa_gefs,12,AirTemp_C_mean,32,25.74041900634768
gep12,00,2026-05-17,2026-06-18,gcrew,noaa_gefs,12,Pressure_Pa,32,101534.314453125
gep12,00,2026-05-17,2026-06-18,gcrew,noaa_gefs,12,RH_percent_mean,32,80.33454704284668
gep12,00,2026-05-17,2026-06-18,gcrew,noaa_gefs,12,Rain_mm_sum,32,8.800000250339508
gep12,00,2026-05-17,2026-06-18,gcrew,noaa_gefs,12,ShortwaveRadiation_Wm2,32,311.5
gep12,00,2026-05-17,2026-06-18,gcrew,noaa_gefs,12,WindSpeed_ms_mean,32,4.21631310842572
gep12,00,2026-05-17,2026-06-19,gcrew,noaa_gefs,12,AirTemp_C_mean,33,24.15681610107424
gep12,00,2026-05-17,2026-06-19,gcrew,noaa_gefs,12,Pressure_Pa,33,101012.509765625
gep12,00,2026-05-17,2026-06-19,gcrew,noaa_gefs,12,RH_percent_mean,33,84.10998153686523
gep12,00,2026-05-17,2026-06-19,gcrew,noaa_gefs,12,Rain_mm_sum,33,37.50000125169754
gep12,00,2026-05-17,2026-06-19,gcrew,noaa_gefs,12,ShortwaveRadiation_Wm2,33,322.25
gep12,00,2026-05-17,2026-06-19,gcrew,noaa_gefs,12,WindSpeed_ms_mean,33,5.041177238306991
gep12,00,2026-05-17,2026-06-20,gcrew,noaa_gefs,12,AirTemp_C_mean,34,21.24146423339846
gep12,00,2026-05-17,2026-06-20,gcrew,noaa_gefs,12,Pressure_Pa,34,101358.76953125
gep12,00,2026-05-17,2026-06-20,gcrew,noaa_gefs,12,RH_percent_mean,34,58.25197887420654
gep12,00,2026-05-17,2026-06-20,gcrew,noaa_gefs,12,Rain_mm_sum,34,0
gep12,00,2026-05-17,2026-06-20,gcrew,noaa_gefs,12,ShortwaveRadiation_Wm2,34,354.5
gep12,00,2026-05-17,2026-06-20,gcrew,noaa_gefs,12,WindSpeed_ms_mean,34,7.9283052740783315
gep13,00,2026-05-17,2026-05-18,gcrew,noaa_gefs,13,AirTemp_C_mean,1,20.541738128662132
gep13,00,2026-05-17,2026-05-18,gcrew,noaa_gefs,13,Pressure_Pa,1,102011.392578125
gep13,00,2026-05-17,2026-05-18,gcrew,noaa_gefs,13,RH_percent_mean,1,84.17081260681152
gep13,00,2026-05-17,2026-05-18,gcrew,noaa_gefs,13,Rain_mm_sum,1,6.350000023841858
gep13,00,2026-05-17,2026-05-18,gcrew,noaa_gefs,13,ShortwaveRadiation_Wm2,1,332.125
gep13,00,2026-05-17,2026-05-18,gcrew,noaa_gefs,13,WindSpeed_ms_mean,1,2.606449622457496
gep13,00,2026-05-17,2026-05-19,gcrew,noaa_gefs,13,AirTemp_C_mean,2,23.0995918273926
gep13,00,2026-05-17,2026-05-19,gcrew,noaa_gefs,13,Pressure_Pa,2,101806.55859375
gep13,00,2026-05-17,2026-05-19,gcrew,noaa_gefs,13,RH_percent_mean,2,68.34389972686768
gep13,00,2026-05-17,2026-05-19,gcrew,noaa_gefs,13,Rain_mm_sum,2,1.8000000268220901
gep13,00,2026-05-17,2026-05-19,gcrew,noaa_gefs,13,ShortwaveRadiation_Wm2,2,334.75
gep13,00,2026-05-17,2026-05-19,gcrew,noaa_gefs,13,WindSpeed_ms_mean,2,3.4067788659044838
gep13,00,2026-05-17,2026-05-20,gcrew,noaa_gefs,13,AirTemp_C_mean,3,22.52497253417971
gep13,00,2026-05-17,2026-05-20,gcrew,noaa_gefs,13,Pressure_Pa,3,101325.6357421875
gep13,00,2026-05-17,2026-05-20,gcrew,noaa_gefs,13,RH_percent_mean,3,71.24866104125977
gep13,00,2026-05-17,2026-05-20,gcrew,noaa_gefs,13,Rain_mm_sum,3,26.70000010728836
gep13,00,2026-05-17,2026-05-20,gcrew,noaa_gefs,13,ShortwaveRadiation_Wm2,3,262.375
gep13,00,2026-05-17,2026-05-20,gcrew,noaa_gefs,13,WindSpeed_ms_mean,3,4.549640011874029
gep13,00,2026-05-17,2026-05-21,gcrew,noaa_gefs,13,AirTemp_C_mean,4,15.515148053850469
gep13,00,2026-05-17,2026-05-21,gcrew,noaa_gefs,13,Pressure_Pa,4,101836.072265625
gep13,00,2026-05-17,2026-05-21,gcrew,noaa_gefs,13,RH_percent_mean,4,76.015167236328125
gep13,00,2026-05-17,2026-05-21,gcrew,noaa_gefs,13,Rain_mm_sum,4,9.399999812245369
gep13,00,2026-05-17,2026-05-21,gcrew,noaa_gefs,13,ShortwaveRadiation_Wm2,4,97.625
gep13,00,2026-05-17,2026-05-21,gcrew,noaa_gefs,13,WindSpeed_ms_mean,4,3.6808240475840406
gep13,00,2026-05-17,2026-05-22,gcrew,noaa_gefs,13,AirTemp_C_mean,5,14.000840759277366
gep13,00,2026-05-17,2026-05-22,gcrew,noaa_gefs,13,Pressure_Pa,5,101988.966796875
gep13,00,2026-05-17,2026-05-22,gcrew,noaa_gefs,13,RH_percent_mean,5,84.21332263946533
gep13,00,2026-05-17,2026-05-22,gcrew,noaa_gefs,13,Rain_mm_sum,5,9.800000049173832
gep13,00,2026-05-17,2026-05-22,gcrew,noaa_gefs,13,ShortwaveRadiation_Wm2,5,22.75
gep13,00,2026-05-17,2026-05-22,gcrew,noaa_gefs,13,WindSpeed_ms_mean,5,4.696523470041017
gep13,00,2026-05-17,2026-05-23,gcrew,noaa_gefs,13,AirTemp_C_mean,6,13.291490173339866
gep13,00,2026-05-17,2026-05-23,gcrew,noaa_gefs,13,Pressure_Pa,6,102242.6494140625
gep13,00,2026-05-17,2026-05-23,gcrew,noaa_gefs,13,RH_percent_mean,6,95.31106090545654
gep13,00,2026-05-17,2026-05-23,gcrew,noaa_gefs,13,Rain_mm_sum,6,41.290000796318054
gep13,00,2026-05-17,2026-05-23,gcrew,noaa_gefs,13,ShortwaveRadiation_Wm2,6,8.625
gep13,00,2026-05-17,2026-05-23,gcrew,noaa_gefs,13,WindSpeed_ms_mean,6,6.730171879016334
gep13,00,2026-05-17,2026-05-24,gcrew,noaa_gefs,13,AirTemp_C_mean,7,13.87753829956057
gep13,00,2026-05-17,2026-05-24,gcrew,noaa_gefs,13,Pressure_Pa,7,102702.9013671875
gep13,00,2026-05-17,2026-05-24,gcrew,noaa_gefs,13,RH_percent_mean,7,89.53658866882324
gep13,00,2026-05-17,2026-05-24,gcrew,noaa_gefs,13,Rain_mm_sum,7,1.5000000074505806
gep13,00,2026-05-17,2026-05-24,gcrew,noaa_gefs,13,ShortwaveRadiation_Wm2,7,55.5
gep13,00,2026-05-17,2026-05-24,gcrew,noaa_gefs,13,WindSpeed_ms_mean,7,4.664883181526184
gep13,00,2026-05-17,2026-05-25,gcrew,noaa_gefs,13,AirTemp_C_mean,8,13.337792968750023
gep13,00,2026-05-17,2026-05-25,gcrew,noaa_gefs,13,Pressure_Pa,8,103076.4609375
gep13,00,2026-05-17,2026-05-25,gcrew,noaa_gefs,13,RH_percent_mean,8,78.87850284576416
gep13,00,2026-05-17,2026-05-25,gcrew,noaa_gefs,13,Rain_mm_sum,8,0
gep13,00,2026-05-17,2026-05-25,gcrew,noaa_gefs,13,ShortwaveRadiation_Wm2,8,160.625
gep13,00,2026-05-17,2026-05-25,gcrew,noaa_gefs,13,WindSpeed_ms_mean,8,4.284401237933425
gep13,00,2026-05-17,2026-05-26,gcrew,noaa_gefs,13,AirTemp_C_mean,9,13.400532749721005
gep13,00,2026-05-17,2026-05-26,gcrew,noaa_gefs,13,Pressure_Pa,9,102888.00669642857
gep13,00,2026-05-17,2026-05-26,gcrew,noaa_gefs,13,RH_percent_mean,9,66.3826152256557
gep13,00,2026-05-17,2026-05-26,gcrew,noaa_gefs,13,Rain_mm_sum,9,0
gep13,00,2026-05-17,2026-05-26,gcrew,noaa_gefs,13,ShortwaveRadiation_Wm2,9,372.2857142857143
gep13,00,2026-05-17,2026-05-26,gcrew,noaa_gefs,13,WindSpeed_ms_mean,9,2.9715455604219634
gep13,00,2026-05-17,2026-05-27,gcrew,noaa_gefs,13,AirTemp_C_mean,10,17.38470611572268
gep13,00,2026-05-17,2026-05-27,gcrew,noaa_gefs,13,Pressure_Pa,10,102230.107421875
gep13,00,2026-05-17,2026-05-27,gcrew,noaa_gefs,13,RH_percent_mean,10,76.62809085845947
gep13,00,2026-05-17,2026-05-27,gcrew,noaa_gefs,13,Rain_mm_sum,10,0
gep13,00,2026-05-17,2026-05-27,gcrew,noaa_gefs,13,ShortwaveRadiation_Wm2,10,292
gep13,00,2026-05-17,2026-05-27,gcrew,noaa_gefs,13,WindSpeed_ms_mean,10,3.292260275209521
gep13,00,2026-05-17,2026-05-28,gcrew,noaa_gefs,13,AirTemp_C_mean,11,18.825532531738304
gep13,00,2026-05-17,2026-05-28,gcrew,noaa_gefs,13,Pressure_Pa,11,101594.103515625
gep13,00,2026-05-17,2026-05-28,gcrew,noaa_gefs,13,RH_percent_mean,11,88.5962963104248
gep13,00,2026-05-17,2026-05-28,gcrew,noaa_gefs,13,Rain_mm_sum,11,3.2000001445412636
gep13,00,2026-05-17,2026-05-28,gcrew,noaa_gefs,13,ShortwaveRadiation_Wm2,11,232.25
gep13,00,2026-05-17,2026-05-28,gcrew,noaa_gefs,13,WindSpeed_ms_mean,11,1.843962609809163
gep13,00,2026-05-17,2026-05-29,gcrew,noaa_gefs,13,AirTemp_C_mean,12,20.632531738281273
gep13,00,2026-05-17,2026-05-29,gcrew,noaa_gefs,13,Pressure_Pa,12,101605.099609375
gep13,00,2026-05-17,2026-05-29,gcrew,noaa_gefs,13,RH_percent_mean,12,90.68621635437012
gep13,00,2026-05-17,2026-05-29,gcrew,noaa_gefs,13,Rain_mm_sum,12,8.700000047683716
gep13,00,2026-05-17,2026-05-29,gcrew,noaa_gefs,13,ShortwaveRadiation_Wm2,12,303.25
gep13,00,2026-05-17,2026-05-29,gcrew,noaa_gefs,13,WindSpeed_ms_mean,12,2.2984613975817045
gep13,00,2026-05-17,2026-05-30,gcrew,noaa_gefs,13,AirTemp_C_mean,13,20.257226562500023
gep13,00,2026-05-17,2026-05-30,gcrew,noaa_gefs,13,Pressure_Pa,13,101830.51953125
gep13,00,2026-05-17,2026-05-30,gcrew,noaa_gefs,13,RH_percent_mean,13,89.01692962646484
gep13,00,2026-05-17,2026-05-30,gcrew,noaa_gefs,13,Rain_mm_sum,13,0.700000025331974
gep13,00,2026-05-17,2026-05-30,gcrew,noaa_gefs,13,ShortwaveRadiation_Wm2,13,279
gep13,00,2026-05-17,2026-05-30,gcrew,noaa_gefs,13,WindSpeed_ms_mean,13,7.177529832521996
gep13,00,2026-05-17,2026-05-31,gcrew,noaa_gefs,13,AirTemp_C_mean,14,20.746133422851585
gep13,00,2026-05-17,2026-05-31,gcrew,noaa_gefs,13,Pressure_Pa,14,101566.6875
gep13,00,2026-05-17,2026-05-31,gcrew,noaa_gefs,13,RH_percent_mean,14,86.56785774230957
gep13,00,2026-05-17,2026-05-31,gcrew,noaa_gefs,13,Rain_mm_sum,14,0.10000000149011612
gep13,00,2026-05-17,2026-05-31,gcrew,noaa_gefs,13,ShortwaveRadiation_Wm2,14,236.5
gep13,00,2026-05-17,2026-05-31,gcrew,noaa_gefs,13,WindSpeed_ms_mean,14,4.452410245898682
gep13,00,2026-05-17,2026-06-01,gcrew,noaa_gefs,13,AirTemp_C_mean,15,21.641290283203148
gep13,00,2026-05-17,2026-06-01,gcrew,noaa_gefs,13,Pressure_Pa,15,101232.943359375
gep13,00,2026-05-17,2026-06-01,gcrew,noaa_gefs,13,RH_percent_mean,15,85.77047920227051
gep13,00,2026-05-17,2026-06-01,gcrew,noaa_gefs,13,Rain_mm_sum,15,0.20000000298023224
gep13,00,2026-05-17,2026-06-01,gcrew,noaa_gefs,13,ShortwaveRadiation_Wm2,15,319.25
gep13,00,2026-05-17,2026-06-01,gcrew,noaa_gefs,13,WindSpeed_ms_mean,15,4.987514627831614
gep13,00,2026-05-17,2026-06-02,gcrew,noaa_gefs,13,AirTemp_C_mean,16,23.64350280761721
gep13,00,2026-05-17,2026-06-02,gcrew,noaa_gefs,13,Pressure_Pa,16,100336.03125
gep13,00,2026-05-17,2026-06-02,gcrew,noaa_gefs,13,RH_percent_mean,16,79.2158031463623
gep13,00,2026-05-17,2026-06-02,gcrew,noaa_gefs,13,Rain_mm_sum,16,0.10000000149011612
gep13,00,2026-05-17,2026-06-02,gcrew,noaa_gefs,13,ShortwaveRadiation_Wm2,16,248.5
gep13,00,2026-05-17,2026-06-02,gcrew,noaa_gefs,13,WindSpeed_ms_mean,16,6.294558916761398
gep13,00,2026-05-17,2026-06-03,gcrew,noaa_gefs,13,AirTemp_C_mean,17,21.807466125488304
gep13,00,2026-05-17,2026-06-03,gcrew,noaa_gefs,13,Pressure_Pa,17,100524.14453125
gep13,00,2026-05-17,2026-06-03,gcrew,noaa_gefs,13,RH_percent_mean,17,82.67036247253418
gep13,00,2026-05-17,2026-06-03,gcrew,noaa_gefs,13,Rain_mm_sum,17,4.900000035762787
gep13,00,2026-05-17,2026-06-03,gcrew,noaa_gefs,13,ShortwaveRadiation_Wm2,17,192.5
gep13,00,2026-05-17,2026-06-03,gcrew,noaa_gefs,13,WindSpeed_ms_mean,17,6.2389494415019655
gep13,00,2026-05-17,2026-06-04,gcrew,noaa_gefs,13,AirTemp_C_mean,18,19.62371978759768
gep13,00,2026-05-17,2026-06-04,gcrew,noaa_gefs,13,Pressure_Pa,18,101363.12109375
gep13,00,2026-05-17,2026-06-04,gcrew,noaa_gefs,13,RH_percent_mean,18,59.62021350860596
gep13,00,2026-05-17,2026-06-04,gcrew,noaa_gefs,13,Rain_mm_sum,18,0
gep13,00,2026-05-17,2026-06-04,gcrew,noaa_gefs,13,ShortwaveRadiation_Wm2,18,353
gep13,00,2026-05-17,2026-06-04,gcrew,noaa_gefs,13,WindSpeed_ms_mean,18,5.129538041845657
gep13,00,2026-05-17,2026-06-05,gcrew,noaa_gefs,13,AirTemp_C_mean,19,18.13916931152346
gep13,00,2026-05-17,2026-06-05,gcrew,noaa_gefs,13,Pressure_Pa,19,102108.5078125
gep13,00,2026-05-17,2026-06-05,gcrew,noaa_gefs,13,RH_percent_mean,19,67.04474639892578
gep13,00,2026-05-17,2026-06-05,gcrew,noaa_gefs,13,Rain_mm_sum,19,0
gep13,00,2026-05-17,2026-06-05,gcrew,noaa_gefs,13,ShortwaveRadiation_Wm2,19,292.75
gep13,00,2026-05-17,2026-06-05,gcrew,noaa_gefs,13,WindSpeed_ms_mean,19,5.191744913150064
gep13,00,2026-05-17,2026-06-06,gcrew,noaa_gefs,13,AirTemp_C_mean,20,17.265962219238304
gep13,00,2026-05-17,2026-06-06,gcrew,noaa_gefs,13,Pressure_Pa,20,102458.673828125
gep13,00,2026-05-17,2026-06-06,gcrew,noaa_gefs,13,RH_percent_mean,20,61.6632661819458
gep13,00,2026-05-17,2026-06-06,gcrew,noaa_gefs,13,Rain_mm_sum,20,0
gep13,00,2026-05-17,2026-06-06,gcrew,noaa_gefs,13,ShortwaveRadiation_Wm2,20,353.75
gep13,00,2026-05-17,2026-06-06,gcrew,noaa_gefs,13,WindSpeed_ms_mean,20,6.67467006888216
gep13,00,2026-05-17,2026-06-07,gcrew,noaa_gefs,13,AirTemp_C_mean,21,17.46930847167971
gep13,00,2026-05-17,2026-06-07,gcrew,noaa_gefs,13,Pressure_Pa,21,102539.91796875
gep13,00,2026-05-17,2026-06-07,gcrew,noaa_gefs,13,RH_percent_mean,21,57.39550495147705
gep13,00,2026-05-17,2026-06-07,gcrew,noaa_gefs,13,Rain_mm_sum,21,0
gep13,00,2026-05-17,2026-06-07,gcrew,noaa_gefs,13,ShortwaveRadiation_Wm2,21,311.25
gep13,00,2026-05-17,2026-06-07,gcrew,noaa_gefs,13,WindSpeed_ms_mean,21,6.253105276917296
gep13,00,2026-05-17,2026-06-08,gcrew,noaa_gefs,13,AirTemp_C_mean,22,18.264520263671898
gep13,00,2026-05-17,2026-06-08,gcrew,noaa_gefs,13,Pressure_Pa,22,102453.42578125
gep13,00,2026-05-17,2026-06-08,gcrew,noaa_gefs,13,RH_percent_mean,22,69.18738460540771
gep13,00,2026-05-17,2026-06-08,gcrew,noaa_gefs,13,Rain_mm_sum,22,0
gep13,00,2026-05-17,2026-06-08,gcrew,noaa_gefs,13,ShortwaveRadiation_Wm2,22,358.75
gep13,00,2026-05-17,2026-06-08,gcrew,noaa_gefs,13,WindSpeed_ms_mean,22,5.268783443054002
gep13,00,2026-05-17,2026-06-09,gcrew,noaa_gefs,13,AirTemp_C_mean,23,19.784394836425804
gep13,00,2026-05-17,2026-06-09,gcrew,noaa_gefs,13,Pressure_Pa,23,102266.64453125
gep13,00,2026-05-17,2026-06-09,gcrew,noaa_gefs,13,RH_percent_mean,23,76.86220645904541
gep13,00,2026-05-17,2026-06-09,gcrew,noaa_gefs,13,Rain_mm_sum,23,0
gep13,00,2026-05-17,2026-06-09,gcrew,noaa_gefs,13,ShortwaveRadiation_Wm2,23,315.5
gep13,00,2026-05-17,2026-06-09,gcrew,noaa_gefs,13,WindSpeed_ms_mean,23,4.38349937840495
gep13,00,2026-05-17,2026-06-10,gcrew,noaa_gefs,13,AirTemp_C_mean,24,19.276849365234398
gep13,00,2026-05-17,2026-06-10,gcrew,noaa_gefs,13,Pressure_Pa,24,102072.908203125
gep13,00,2026-05-17,2026-06-10,gcrew,noaa_gefs,13,RH_percent_mean,24,77.74775695800781
gep13,00,2026-05-17,2026-06-10,gcrew,noaa_gefs,13,Rain_mm_sum,24,0
gep13,00,2026-05-17,2026-06-10,gcrew,noaa_gefs,13,ShortwaveRadiation_Wm2,24,344.5
gep13,00,2026-05-17,2026-06-10,gcrew,noaa_gefs,13,WindSpeed_ms_mean,24,3.046278388581381
gep13,00,2026-05-17,2026-06-11,gcrew,noaa_gefs,13,AirTemp_C_mean,25,19.354234313964866
gep13,00,2026-05-17,2026-06-11,gcrew,noaa_gefs,13,Pressure_Pa,25,101661.693359375
gep13,00,2026-05-17,2026-06-11,gcrew,noaa_gefs,13,RH_percent_mean,25,78.77657699584961
gep13,00,2026-05-17,2026-06-11,gcrew,noaa_gefs,13,Rain_mm_sum,25,0
gep13,00,2026-05-17,2026-06-11,gcrew,noaa_gefs,13,ShortwaveRadiation_Wm2,25,344.25
gep13,00,2026-05-17,2026-06-11,gcrew,noaa_gefs,13,WindSpeed_ms_mean,25,2.403215737924673
gep13,00,2026-05-17,2026-06-12,gcrew,noaa_gefs,13,AirTemp_C_mean,26,20.841760253906273
gep13,00,2026-05-17,2026-06-12,gcrew,noaa_gefs,13,Pressure_Pa,26,101401.55078125
gep13,00,2026-05-17,2026-06-12,gcrew,noaa_gefs,13,RH_percent_mean,26,86.05273246765137
gep13,00,2026-05-17,2026-06-12,gcrew,noaa_gefs,13,Rain_mm_sum,26,0.5000000074505806
gep13,00,2026-05-17,2026-06-12,gcrew,noaa_gefs,13,ShortwaveRadiation_Wm2,26,270.5
gep13,00,2026-05-17,2026-06-12,gcrew,noaa_gefs,13,WindSpeed_ms_mean,26,2.6211042370057838
gep13,00,2026-05-17,2026-06-13,gcrew,noaa_gefs,13,AirTemp_C_mean,27,22.633142089843773
gep13,00,2026-05-17,2026-06-13,gcrew,noaa_gefs,13,Pressure_Pa,27,101495.544921875
gep13,00,2026-05-17,2026-06-13,gcrew,noaa_gefs,13,RH_percent_mean,27,84.56381607055664
gep13,00,2026-05-17,2026-06-13,gcrew,noaa_gefs,13,Rain_mm_sum,27,0.30000001192092896
gep13,00,2026-05-17,2026-06-13,gcrew,noaa_gefs,13,ShortwaveRadiation_Wm2,27,331.25
gep13,00,2026-05-17,2026-06-13,gcrew,noaa_gefs,13,WindSpeed_ms_mean,27,4.002934118539743
gep13,00,2026-05-17,2026-06-14,gcrew,noaa_gefs,13,AirTemp_C_mean,28,23.382600402832054
gep13,00,2026-05-17,2026-06-14,gcrew,noaa_gefs,13,Pressure_Pa,28,101357.177734375
gep13,00,2026-05-17,2026-06-14,gcrew,noaa_gefs,13,RH_percent_mean,28,89.37162399291992
gep13,00,2026-05-17,2026-06-14,gcrew,noaa_gefs,13,Rain_mm_sum,28,2.6000000536441803
gep13,00,2026-05-17,2026-06-14,gcrew,noaa_gefs,13,ShortwaveRadiation_Wm2,28,284.75
gep13,00,2026-05-17,2026-06-14,gcrew,noaa_gefs,13,WindSpeed_ms_mean,28,3.3537151621249275
gep13,00,2026-05-17,2026-06-15,gcrew,noaa_gefs,13,AirTemp_C_mean,29,24.840669250488304
gep13,00,2026-05-17,2026-06-15,gcrew,noaa_gefs,13,Pressure_Pa,29,101524.51171875
gep13,00,2026-05-17,2026-06-15,gcrew,noaa_gefs,13,RH_percent_mean,29,77.19408130645752
gep13,00,2026-05-17,2026-06-15,gcrew,noaa_gefs,13,Rain_mm_sum,29,0.10000000149011612
gep13,00,2026-05-17,2026-06-15,gcrew,noaa_gefs,13,ShortwaveRadiation_Wm2,29,296.5
gep13,00,2026-05-17,2026-06-15,gcrew,noaa_gefs,13,WindSpeed_ms_mean,29,4.042771754237245
gep13,00,2026-05-17,2026-06-16,gcrew,noaa_gefs,13,AirTemp_C_mean,30,24.895989990234398
gep13,00,2026-05-17,2026-06-16,gcrew,noaa_gefs,13,Pressure_Pa,30,101772.68359375
gep13,00,2026-05-17,2026-06-16,gcrew,noaa_gefs,13,RH_percent_mean,30,77.33410263061523
gep13,00,2026-05-17,2026-06-16,gcrew,noaa_gefs,13,Rain_mm_sum,30,0.30000000447034836
gep13,00,2026-05-17,2026-06-16,gcrew,noaa_gefs,13,ShortwaveRadiation_Wm2,30,313.25
gep13,00,2026-05-17,2026-06-16,gcrew,noaa_gefs,13,WindSpeed_ms_mean,30,3.6732919255241057
gep13,00,2026-05-17,2026-06-17,gcrew,noaa_gefs,13,AirTemp_C_mean,31,25.772210693359398
gep13,00,2026-05-17,2026-06-17,gcrew,noaa_gefs,13,Pressure_Pa,31,101904.6171875
gep13,00,2026-05-17,2026-06-17,gcrew,noaa_gefs,13,RH_percent_mean,31,76.04165267944336
gep13,00,2026-05-17,2026-06-17,gcrew,noaa_gefs,13,Rain_mm_sum,31,0
gep13,00,2026-05-17,2026-06-17,gcrew,noaa_gefs,13,ShortwaveRadiation_Wm2,31,286.75
gep13,00,2026-05-17,2026-06-17,gcrew,noaa_gefs,13,WindSpeed_ms_mean,31,4.13248526059356
gep13,00,2026-05-17,2026-06-18,gcrew,noaa_gefs,13,AirTemp_C_mean,32,25.74041900634768
gep13,00,2026-05-17,2026-06-18,gcrew,noaa_gefs,13,Pressure_Pa,32,101534.314453125
gep13,00,2026-05-17,2026-06-18,gcrew,noaa_gefs,13,RH_percent_mean,32,80.33454704284668
gep13,00,2026-05-17,2026-06-18,gcrew,noaa_gefs,13,Rain_mm_sum,32,8.800000250339508
gep13,00,2026-05-17,2026-06-18,gcrew,noaa_gefs,13,ShortwaveRadiation_Wm2,32,311.5
gep13,00,2026-05-17,2026-06-18,gcrew,noaa_gefs,13,WindSpeed_ms_mean,32,4.21631310842572
gep13,00,2026-05-17,2026-06-19,gcrew,noaa_gefs,13,AirTemp_C_mean,33,24.15681610107424
gep13,00,2026-05-17,2026-06-19,gcrew,noaa_gefs,13,Pressure_Pa,33,101012.509765625
gep13,00,2026-05-17,2026-06-19,gcrew,noaa_gefs,13,RH_percent_mean,33,84.10998153686523
gep13,00,2026-05-17,2026-06-19,gcrew,noaa_gefs,13,Rain_mm_sum,33,37.50000125169754
gep13,00,2026-05-17,2026-06-19,gcrew,noaa_gefs,13,ShortwaveRadiation_Wm2,33,322.25
gep13,00,2026-05-17,2026-06-19,gcrew,noaa_gefs,13,WindSpeed_ms_mean,33,5.041177238306991
gep13,00,2026-05-17,2026-06-20,gcrew,noaa_gefs,13,AirTemp_C_mean,34,21.24146423339846
gep13,00,2026-05-17,2026-06-20,gcrew,noaa_gefs,13,Pressure_Pa,34,101358.76953125
gep13,00,2026-05-17,2026-06-20,gcrew,noaa_gefs,13,RH_percent_mean,34,58.25197887420654
gep13,00,2026-05-17,2026-06-20,gcrew,noaa_gefs,13,Rain_mm_sum,34,0
gep13,00,2026-05-17,2026-06-20,gcrew,noaa_gefs,13,ShortwaveRadiation_Wm2,34,354.5
gep13,00,2026-05-17,2026-06-20,gcrew,noaa_gefs,13,WindSpeed_ms_mean,34,7.9283052740783315
gep14,00,2026-05-17,2026-05-18,gcrew,noaa_gefs,14,AirTemp_C_mean,1,20.541738128662132
gep14,00,2026-05-17,2026-05-18,gcrew,noaa_gefs,14,Pressure_Pa,1,102011.392578125
gep14,00,2026-05-17,2026-05-18,gcrew,noaa_gefs,14,RH_percent_mean,1,84.17081260681152
gep14,00,2026-05-17,2026-05-18,gcrew,noaa_gefs,14,Rain_mm_sum,1,6.350000023841858
gep14,00,2026-05-17,2026-05-18,gcrew,noaa_gefs,14,ShortwaveRadiation_Wm2,1,332.125
gep14,00,2026-05-17,2026-05-18,gcrew,noaa_gefs,14,WindSpeed_ms_mean,1,2.606449622457496
gep14,00,2026-05-17,2026-05-19,gcrew,noaa_gefs,14,AirTemp_C_mean,2,23.0995918273926
gep14,00,2026-05-17,2026-05-19,gcrew,noaa_gefs,14,Pressure_Pa,2,101806.55859375
gep14,00,2026-05-17,2026-05-19,gcrew,noaa_gefs,14,RH_percent_mean,2,68.34389972686768
gep14,00,2026-05-17,2026-05-19,gcrew,noaa_gefs,14,Rain_mm_sum,2,1.8000000268220901
gep14,00,2026-05-17,2026-05-19,gcrew,noaa_gefs,14,ShortwaveRadiation_Wm2,2,334.75
gep14,00,2026-05-17,2026-05-19,gcrew,noaa_gefs,14,WindSpeed_ms_mean,2,3.4067788659044838
gep14,00,2026-05-17,2026-05-20,gcrew,noaa_gefs,14,AirTemp_C_mean,3,22.52497253417971
gep14,00,2026-05-17,2026-05-20,gcrew,noaa_gefs,14,Pressure_Pa,3,101325.6357421875
gep14,00,2026-05-17,2026-05-20,gcrew,noaa_gefs,14,RH_percent_mean,3,71.24866104125977
gep14,00,2026-05-17,2026-05-20,gcrew,noaa_gefs,14,Rain_mm_sum,3,26.70000010728836
gep14,00,2026-05-17,2026-05-20,gcrew,noaa_gefs,14,ShortwaveRadiation_Wm2,3,262.375
gep14,00,2026-05-17,2026-05-20,gcrew,noaa_gefs,14,WindSpeed_ms_mean,3,4.549640011874029
gep14,00,2026-05-17,2026-05-21,gcrew,noaa_gefs,14,AirTemp_C_mean,4,15.515148053850469
gep14,00,2026-05-17,2026-05-21,gcrew,noaa_gefs,14,Pressure_Pa,4,101836.072265625
gep14,00,2026-05-17,2026-05-21,gcrew,noaa_gefs,14,RH_percent_mean,4,76.015167236328125
gep14,00,2026-05-17,2026-05-21,gcrew,noaa_gefs,14,Rain_mm_sum,4,9.399999812245369
gep14,00,2026-05-17,2026-05-21,gcrew,noaa_gefs,14,ShortwaveRadiation_Wm2,4,97.625
gep14,00,2026-05-17,2026-05-21,gcrew,noaa_gefs,14,WindSpeed_ms_mean,4,3.6808240475840406
gep14,00,2026-05-17,2026-05-22,gcrew,noaa_gefs,14,AirTemp_C_mean,5,14.000840759277366
gep14,00,2026-05-17,2026-05-22,gcrew,noaa_gefs,14,Pressure_Pa,5,101988.966796875
gep14,00,2026-05-17,2026-05-22,gcrew,noaa_gefs,14,RH_percent_mean,5,84.21332263946533
gep14,00,2026-05-17,2026-05-22,gcrew,noaa_gefs,14,Rain_mm_sum,5,9.800000049173832
gep14,00,2026-05-17,2026-05-22,gcrew,noaa_gefs,14,ShortwaveRadiation_Wm2,5,22.75
gep14,00,2026-05-17,2026-05-22,gcrew,noaa_gefs,14,WindSpeed_ms_mean,5,4.696523470041017
gep14,00,2026-05-17,2026-05-23,gcrew,noaa_gefs,14,AirTemp_C_mean,6,13.291490173339866
gep14,00,2026-05-17,2026-05-23,gcrew,noaa_gefs,14,Pressure_Pa,6,102242.6494140625
gep14,00,2026-05-17,2026-05-23,gcrew,noaa_gefs,14,RH_percent_mean,6,95.31106090545654
gep14,00,2026-05-17,2026-05-23,gcrew,noaa_gefs,14,Rain_mm_sum,6,41.290000796318054
gep14,00,2026-05-17,2026-05-23,gcrew,noaa_gefs,14,ShortwaveRadiation_Wm2,6,8.625
gep14,00,2026-05-17,2026-05-23,gcrew,noaa_gefs,14,WindSpeed_ms_mean,6,6.730171879016334
gep14,00,2026-05-17,2026-05-24,gcrew,noaa_gefs,14,AirTemp_C_mean,7,13.87753829956057
gep14,00,2026-05-17,2026-05-24,gcrew,noaa_gefs,14,Pressure_Pa,7,102702.9013671875
gep14,00,2026-05-17,2026-05-24,gcrew,noaa_gefs,14,RH_percent_mean,7,89.53658866882324
gep14,00,2026-05-17,2026-05-24,gcrew,noaa_gefs,14,Rain_mm_sum,7,1.5000000074505806
gep14,00,2026-05-17,2026-05-24,gcrew,noaa_gefs,14,ShortwaveRadiation_Wm2,7,55.5
gep14,00,2026-05-17,2026-05-24,gcrew,noaa_gefs,14,WindSpeed_ms_mean,7,4.664883181526184
gep14,00,2026-05-17,2026-05-25,gcrew,noaa_gefs,14,AirTemp_C_mean,8,13.337792968750023
gep14,00,2026-05-17,2026-05-25,gcrew,noaa_gefs,14,Pressure_Pa,8,103076.4609375
gep14,00,2026-05-17,2026-05-25,gcrew,noaa_gefs,14,RH_percent_mean,8,78.87850284576416
gep14,00,2026-05-17,2026-05-25,gcrew,noaa_gefs,14,Rain_mm_sum,8,0
gep14,00,2026-05-17,2026-05-25,gcrew,noaa_gefs,14,ShortwaveRadiation_Wm2,8,160.625
gep14,00,2026-05-17,2026-05-25,gcrew,noaa_gefs,14,WindSpeed_ms_mean,8,4.284401237933425
gep14,00,2026-05-17,2026-05-26,gcrew,noaa_gefs,14,AirTemp_C_mean,9,13.400532749721005
gep14,00,2026-05-17,2026-05-26,gcrew,noaa_gefs,14,Pressure_Pa,9,102888.00669642857
gep14,00,2026-05-17,2026-05-26,gcrew,noaa_gefs,14,RH_percent_mean,9,66.3826152256557
gep14,00,2026-05-17,2026-05-26,gcrew,noaa_gefs,14,Rain_mm_sum,9,0
gep14,00,2026-05-17,2026-05-26,gcrew,noaa_gefs,14,ShortwaveRadiation_Wm2,9,372.2857142857143
gep14,00,2026-05-17,2026-05-26,gcrew,noaa_gefs,14,WindSpeed_ms_mean,9,2.9715455604219634
gep14,00,2026-05-17,2026-05-27,gcrew,noaa_gefs,14,AirTemp_C_mean,10,17.38470611572268
gep14,00,2026-05-17,2026-05-27,gcrew,noaa_gefs,14,Pressure_Pa,10,102230.107421875
gep14,00,2026-05-17,2026-05-27,gcrew,noaa_gefs,14,RH_percent_mean,10,76.62809085845947
gep14,00,2026-05-17,2026-05-27,gcrew,noaa_gefs,14,Rain_mm_sum,10,0
gep14,00,2026-05-17,2026-05-27,gcrew,noaa_gefs,14,ShortwaveRadiation_Wm2,10,292
gep14,00,2026-05-17,2026-05-27,gcrew,noaa_gefs,14,WindSpeed_ms_mean,10,3.292260275209521
gep14,00,2026-05-17,2026-05-28,gcrew,noaa_gefs,14,AirTemp_C_mean,11,18.825532531738304
gep14,00,2026-05-17,2026-05-28,gcrew,noaa_gefs,14,Pressure_Pa,11,101594.103515625
gep14,00,2026-05-17,2026-05-28,gcrew,noaa_gefs,14,RH_percent_mean,11,88.5962963104248
gep14,00,2026-05-17,2026-05-28,gcrew,noaa_gefs,14,Rain_mm_sum,11,3.2000001445412636
gep14,00,2026-05-17,2026-05-28,gcrew,noaa_gefs,14,ShortwaveRadiation_Wm2,11,232.25
gep14,00,2026-05-17,2026-05-28,gcrew,noaa_gefs,14,WindSpeed_ms_mean,11,1.843962609809163
gep14,00,2026-05-17,2026-05-29,gcrew,noaa_gefs,14,AirTemp_C_mean,12,20.632531738281273
gep14,00,2026-05-17,2026-05-29,gcrew,noaa_gefs,14,Pressure_Pa,12,101605.099609375
gep14,00,2026-05-17,2026-05-29,gcrew,noaa_gefs,14,RH_percent_mean,12,90.68621635437012
gep14,00,2026-05-17,2026-05-29,gcrew,noaa_gefs,14,Rain_mm_sum,12,8.700000047683716
gep14,00,2026-05-17,2026-05-29,gcrew,noaa_gefs,14,ShortwaveRadiation_Wm2,12,303.25
gep14,00,2026-05-17,2026-05-29,gcrew,noaa_gefs,14,WindSpeed_ms_mean,12,2.2984613975817045
gep14,00,2026-05-17,2026-05-30,gcrew,noaa_gefs,14,AirTemp_C_mean,13,20.257226562500023
gep14,00,2026-05-17,2026-05-30,gcrew,noaa_gefs,14,Pressure_Pa,13,101830.51953125
gep14,00,2026-05-17,2026-05-30,gcrew,noaa_gefs,14,RH_percent_mean,13,89.01692962646484
gep14,00,2026-05-17,2026-05-30,gcrew,noaa_gefs,14,Rain_mm_sum,13,0.700000025331974
gep14,00,2026-05-17,2026-05-30,gcrew,noaa_gefs,14,ShortwaveRadiation_Wm2,13,279
gep14,00,2026-05-17,2026-05-30,gcrew,noaa_gefs,14,WindSpeed_ms_mean,13,7.177529832521996
gep14,00,2026-05-17,2026-05-31,gcrew,noaa_gefs,14,AirTemp_C_mean,14,20.746133422851585
gep14,00,2026-05-17,2026-05-31,gcrew,noaa_gefs,14,Pressure_Pa,14,101566.6875
gep14,00,2026-05-17,2026-05-31,gcrew,noaa_gefs,14,RH_percent_mean,14,86.56785774230957
gep14,00,2026-05-17,2026-05-31,gcrew,noaa_gefs,14,Rain_mm_sum,14,0.10000000149011612
gep14,00,2026-05-17,2026-05-31,gcrew,noaa_gefs,14,ShortwaveRadiation_Wm2,14,236.5
gep14,00,2026-05-17,2026-05-31,gcrew,noaa_gefs,14,WindSpeed_ms_mean,14,4.452410245898682
gep14,00,2026-05-17,2026-06-01,gcrew,noaa_gefs,14,AirTemp_C_mean,15,21.641290283203148
gep14,00,2026-05-17,2026-06-01,gcrew,noaa_gefs,14,Pressure_Pa,15,101232.943359375
gep14,00,2026-05-17,2026-06-01,gcrew,noaa_gefs,14,RH_percent_mean,15,85.77047920227051
gep14,00,2026-05-17,2026-06-01,gcrew,noaa_gefs,14,Rain_mm_sum,15,0.20000000298023224
gep14,00,2026-05-17,2026-06-01,gcrew,noaa_gefs,14,ShortwaveRadiation_Wm2,15,319.25
gep14,00,2026-05-17,2026-06-01,gcrew,noaa_gefs,14,WindSpeed_ms_mean,15,4.987514627831614
gep14,00,2026-05-17,2026-06-02,gcrew,noaa_gefs,14,AirTemp_C_mean,16,23.64350280761721
gep14,00,2026-05-17,2026-06-02,gcrew,noaa_gefs,14,Pressure_Pa,16,100336.03125
gep14,00,2026-05-17,2026-06-02,gcrew,noaa_gefs,14,RH_percent_mean,16,79.2158031463623
gep14,00,2026-05-17,2026-06-02,gcrew,noaa_gefs,14,Rain_mm_sum,16,0.10000000149011612
gep14,00,2026-05-17,2026-06-02,gcrew,noaa_gefs,14,ShortwaveRadiation_Wm2,16,248.5
gep14,00,2026-05-17,2026-06-02,gcrew,noaa_gefs,14,WindSpeed_ms_mean,16,6.294558916761398
gep14,00,2026-05-17,2026-06-03,gcrew,noaa_gefs,14,AirTemp_C_mean,17,21.807466125488304
gep14,00,2026-05-17,2026-06-03,gcrew,noaa_gefs,14,Pressure_Pa,17,100524.14453125
gep14,00,2026-05-17,2026-06-03,gcrew,noaa_gefs,14,RH_percent_mean,17,82.67036247253418
gep14,00,2026-05-17,2026-06-03,gcrew,noaa_gefs,14,Rain_mm_sum,17,4.900000035762787
gep14,00,2026-05-17,2026-06-03,gcrew,noaa_gefs,14,ShortwaveRadiation_Wm2,17,192.5
gep14,00,2026-05-17,2026-06-03,gcrew,noaa_gefs,14,WindSpeed_ms_mean,17,6.2389494415019655
gep14,00,2026-05-17,2026-06-04,gcrew,noaa_gefs,14,AirTemp_C_mean,18,19.62371978759768
gep14,00,2026-05-17,2026-06-04,gcrew,noaa_gefs,14,Pressure_Pa,18,101363.12109375
gep14,00,2026-05-17,2026-06-04,gcrew,noaa_gefs,14,RH_percent_mean,18,59.62021350860596
gep14,00,2026-05-17,2026-06-04,gcrew,noaa_gefs,14,Rain_mm_sum,18,0
gep14,00,2026-05-17,2026-06-04,gcrew,noaa_gefs,14,ShortwaveRadiation_Wm2,18,353
gep14,00,2026-05-17,2026-06-04,gcrew,noaa_gefs,14,WindSpeed_ms_mean,18,5.129538041845657
gep14,00,2026-05-17,2026-06-05,gcrew,noaa_gefs,14,AirTemp_C_mean,19,18.13916931152346
gep14,00,2026-05-17,2026-06-05,gcrew,noaa_gefs,14,Pressure_Pa,19,102108.5078125
gep14,00,2026-05-17,2026-06-05,gcrew,noaa_gefs,14,RH_percent_mean,19,67.04474639892578
gep14,00,2026-05-17,2026-06-05,gcrew,noaa_gefs,14,Rain_mm_sum,19,0
gep14,00,2026-05-17,2026-06-05,gcrew,noaa_gefs,14,ShortwaveRadiation_Wm2,19,292.75
gep14,00,2026-05-17,2026-06-05,gcrew,noaa_gefs,14,WindSpeed_ms_mean,19,5.191744913150064
gep14,00,2026-05-17,2026-06-06,gcrew,noaa_gefs,14,AirTemp_C_mean,20,17.265962219238304
gep14,00,2026-05-17,2026-06-06,gcrew,noaa_gefs,14,Pressure_Pa,20,102458.673828125
gep14,00,2026-05-17,2026-06-06,gcrew,noaa_gefs,14,RH_percent_mean,20,61.6632661819458
gep14,00,2026-05-17,2026-06-06,gcrew,noaa_gefs,14,Rain_mm_sum,20,0
gep14,00,2026-05-17,2026-06-06,gcrew,noaa_gefs,14,ShortwaveRadiation_Wm2,20,353.75
gep14,00,2026-05-17,2026-06-06,gcrew,noaa_gefs,14,WindSpeed_ms_mean,20,6.67467006888216
gep14,00,2026-05-17,2026-06-07,gcrew,noaa_gefs,14,AirTemp_C_mean,21,17.46930847167971
gep14,00,2026-05-17,2026-06-07,gcrew,noaa_gefs,14,Pressure_Pa,21,102539.91796875
gep14,00,2026-05-17,2026-06-07,gcrew,noaa_gefs,14,RH_percent_mean,21,57.39550495147705
gep14,00,2026-05-17,2026-06-07,gcrew,noaa_gefs,14,Rain_mm_sum,21,0
gep14,00,2026-05-17,2026-06-07,gcrew,noaa_gefs,14,ShortwaveRadiation_Wm2,21,311.25
gep14,00,2026-05-17,2026-06-07,gcrew,noaa_gefs,14,WindSpeed_ms_mean,21,6.253105276917296
gep14,00,2026-05-17,2026-06-08,gcrew,noaa_gefs,14,AirTemp_C_mean,22,18.264520263671898
gep14,00,2026-05-17,2026-06-08,gcrew,noaa_gefs,14,Pressure_Pa,22,102453.42578125
gep14,00,2026-05-17,2026-06-08,gcrew,noaa_gefs,14,RH_percent_mean,22,69.18738460540771
gep14,00,2026-05-17,2026-06-08,gcrew,noaa_gefs,14,Rain_mm_sum,22,0
gep14,00,2026-05-17,2026-06-08,gcrew,noaa_gefs,14,ShortwaveRadiation_Wm2,22,358.75
gep14,00,2026-05-17,2026-06-08,gcrew,noaa_gefs,14,WindSpeed_ms_mean,22,5.268783443054002
gep14,00,2026-05-17,2026-06-09,gcrew,noaa_gefs,14,AirTemp_C_mean,23,19.784394836425804
gep14,00,2026-05-17,2026-06-09,gcrew,noaa_gefs,14,Pressure_Pa,23,102266.64453125
gep14,00,2026-05-17,2026-06-09,gcrew,noaa_gefs,14,RH_percent_mean,23,76.86220645904541
gep14,00,2026-05-17,2026-06-09,gcrew,noaa_gefs,14,Rain_mm_sum,23,0
gep14,00,2026-05-17,2026-06-09,gcrew,noaa_gefs,14,ShortwaveRadiation_Wm2,23,315.5
gep14,00,2026-05-17,2026-06-09,gcrew,noaa_gefs,14,WindSpeed_ms_mean,23,4.38349937840495
gep14,00,2026-05-17,2026-06-10,gcrew,noaa_gefs,14,AirTemp_C_mean,24,19.276849365234398
gep14,00,2026-05-17,2026-06-10,gcrew,noaa_gefs,14,Pressure_Pa,24,102072.908203125
gep14,00,2026-05-17,2026-06-10,gcrew,noaa_gefs,14,RH_percent_mean,24,77.74775695800781
gep14,00,2026-05-17,2026-06-10,gcrew,noaa_gefs,14,Rain_mm_sum,24,0
gep14,00,2026-05-17,2026-06-10,gcrew,noaa_gefs,14,ShortwaveRadiation_Wm2,24,344.5
gep14,00,2026-05-17,2026-06-10,gcrew,noaa_gefs,14,WindSpeed_ms_mean,24,3.046278388581381
gep14,00,2026-05-17,2026-06-11,gcrew,noaa_gefs,14,AirTemp_C_mean,25,19.354234313964866
gep14,00,2026-05-17,2026-06-11,gcrew,noaa_gefs,14,Pressure_Pa,25,101661.693359375
gep14,00,2026-05-17,2026-06-11,gcrew,noaa_gefs,14,RH_percent_mean,25,78.77657699584961
gep14,00,2026-05-17,2026-06-11,gcrew,noaa_gefs,14,Rain_mm_sum,25,0
gep14,00,2026-05-17,2026-06-11,gcrew,noaa_gefs,14,ShortwaveRadiation_Wm2,25,344.25
gep14,00,2026-05-17,2026-06-11,gcrew,noaa_gefs,14,WindSpeed_ms_mean,25,2.403215737924673
gep14,00,2026-05-17,2026-06-12,gcrew,noaa_gefs,14,AirTemp_C_mean,26,20.841760253906273
gep14,00,2026-05-17,2026-06-12,gcrew,noaa_gefs,14,Pressure_Pa,26,101401.55078125
gep14,00,2026-05-17,2026-06-12,gcrew,noaa_gefs,14,RH_percent_mean,26,86.05273246765137
gep14,00,2026-05-17,2026-06-12,gcrew,noaa_gefs,14,Rain_mm_sum,26,0.5000000074505806
gep14,00,2026-05-17,2026-06-12,gcrew,noaa_gefs,14,ShortwaveRadiation_Wm2,26,270.5
gep14,00,2026-05-17,2026-06-12,gcrew,noaa_gefs,14,WindSpeed_ms_mean,26,2.6211042370057838
gep14,00,2026-05-17,2026-06-13,gcrew,noaa_gefs,14,AirTemp_C_mean,27,22.633142089843773
gep14,00,2026-05-17,2026-06-13,gcrew,noaa_gefs,14,Pressure_Pa,27,101495.544921875
gep14,00,2026-05-17,2026-06-13,gcrew,noaa_gefs,14,RH_percent_mean,27,84.56381607055664
gep14,00,2026-05-17,2026-06-13,gcrew,noaa_gefs,14,Rain_mm_sum,27,0.30000001192092896
gep14,00,2026-05-17,2026-06-13,gcrew,noaa_gefs,14,ShortwaveRadiation_Wm2,27,331.25
gep14,00,2026-05-17,2026-06-13,gcrew,noaa_gefs,14,WindSpeed_ms_mean,27,4.002934118539743
gep14,00,2026-05-17,2026-06-14,gcrew,noaa_gefs,14,AirTemp_C_mean,28,23.382600402832054
gep14,00,2026-05-17,2026-06-14,gcrew,noaa_gefs,14,Pressure_Pa,28,101357.177734375
gep14,00,2026-05-17,2026-06-14,gcrew,noaa_gefs,14,RH_percent_mean,28,89.37162399291992
gep14,00,2026-05-17,2026-06-14,gcrew,noaa_gefs,14,Rain_mm_sum,28,2.6000000536441803
gep14,00,2026-05-17,2026-06-14,gcrew,noaa_gefs,14,ShortwaveRadiation_Wm2,28,284.75
gep14,00,2026-05-17,2026-06-14,gcrew,noaa_gefs,14,WindSpeed_ms_mean,28,3.3537151621249275
gep14,00,2026-05-17,2026-06-15,gcrew,noaa_gefs,14,AirTemp_C_mean,29,24.840669250488304
gep14,00,2026-05-17,2026-06-15,gcrew,noaa_gefs,14,Pressure_Pa,29,101524.51171875
gep14,00,2026-05-17,2026-06-15,gcrew,noaa_gefs,14,RH_percent_mean,29,77.19408130645752
gep14,00,2026-05-17,2026-06-15,gcrew,noaa_gefs,14,Rain_mm_sum,29,0.10000000149011612
gep14,00,2026-05-17,2026-06-15,gcrew,noaa_gefs,14,ShortwaveRadiation_Wm2,29,296.5
gep14,00,2026-05-17,2026-06-15,gcrew,noaa_gefs,14,WindSpeed_ms_mean,29,4.042771754237245
gep14,00,2026-05-17,2026-06-16,gcrew,noaa_gefs,14,AirTemp_C_mean,30,24.895989990234398
gep14,00,2026-05-17,2026-06-16,gcrew,noaa_gefs,14,Pressure_Pa,30,101772.68359375
gep14,00,2026-05-17,2026-06-16,gcrew,noaa_gefs,14,RH_percent_mean,30,77.33410263061523
gep14,00,2026-05-17,2026-06-16,gcrew,noaa_gefs,14,Rain_mm_sum,30,0.30000000447034836
gep14,00,2026-05-17,2026-06-16,gcrew,noaa_gefs,14,ShortwaveRadiation_Wm2,30,313.25
gep14,00,2026-05-17,2026-06-16,gcrew,noaa_gefs,14,WindSpeed_ms_mean,30,3.6732919255241057
gep14,00,2026-05-17,2026-06-17,gcrew,noaa_gefs,14,AirTemp_C_mean,31,25.772210693359398
gep14,00,2026-05-17,2026-06-17,gcrew,noaa_gefs,14,Pressure_Pa,31,101904.6171875
gep14,00,2026-05-17,2026-06-17,gcrew,noaa_gefs,14,RH_percent_mean,31,76.04165267944336
gep14,00,2026-05-17,2026-06-17,gcrew,noaa_gefs,14,Rain_mm_sum,31,0
gep14,00,2026-05-17,2026-06-17,gcrew,noaa_gefs,14,ShortwaveRadiation_Wm2,31,286.75
gep14,00,2026-05-17,2026-06-17,gcrew,noaa_gefs,14,WindSpeed_ms_mean,31,4.13248526059356
gep14,00,2026-05-17,2026-06-18,gcrew,noaa_gefs,14,AirTemp_C_mean,32,25.74041900634768
gep14,00,2026-05-17,2026-06-18,gcrew,noaa_gefs,14,Pressure_Pa,32,101534.314453125
gep14,00,2026-05-17,2026-06-18,gcrew,noaa_gefs,14,RH_percent_mean,32,80.33454704284668
gep14,00,2026-05-17,2026-06-18,gcrew,noaa_gefs,14,Rain_mm_sum,32,8.800000250339508
gep14,00,2026-05-17,2026-06-18,gcrew,noaa_gefs,14,ShortwaveRadiation_Wm2,32,311.5
gep14,00,2026-05-17,2026-06-18,gcrew,noaa_gefs,14,WindSpeed_ms_mean,32,4.21631310842572
gep14,00,2026-05-17,2026-06-19,gcrew,noaa_gefs,14,AirTemp_C_mean,33,24.15681610107424
gep14,00,2026-05-17,2026-06-19,gcrew,noaa_gefs,14,Pressure_Pa,33,101012.509765625
gep14,00,2026-05-17,2026-06-19,gcrew,noaa_gefs,14,RH_percent_mean,33,84.10998153686523
gep14,00,2026-05-17,2026-06-19,gcrew,noaa_gefs,14,Rain_mm_sum,33,37.50000125169754
gep14,00,2026-05-17,2026-06-19,gcrew,noaa_gefs,14,ShortwaveRadiation_Wm2,33,322.25
gep14,00,2026-05-17,2026-06-19,gcrew,noaa_gefs,14,WindSpeed_ms_mean,33,5.041177238306991
gep14,00,2026-05-17,2026-06-20,gcrew,noaa_gefs,14,AirTemp_C_mean,34,21.24146423339846
gep14,00,2026-05-17,2026-06-20,gcrew,noaa_gefs,14,Pressure_Pa,34,101358.76953125
gep14,00,2026-05-17,2026-06-20,gcrew,noaa_gefs,14,RH_percent_mean,34,58.25197887420654
gep14,00,2026-05-17,2026-06-20,gcrew,noaa_gefs,14,Rain_mm_sum,34,0
gep14,00,2026-05-17,2026-06-20,gcrew,noaa_gefs,14,ShortwaveRadiation_Wm2,34,354.5
gep14,00,2026-05-17,2026-06-20,gcrew,noaa_gefs,14,WindSpeed_ms_mean,34,7.9283052740783315
gep15,00,2026-05-17,2026-05-18,gcrew,noaa_gefs,15,AirTemp_C_mean,1,20.541738128662132
gep15,00,2026-05-17,2026-05-18,gcrew,noaa_gefs,15,Pressure_Pa,1,102011.392578125
gep15,00,2026-05-17,2026-05-18,gcrew,noaa_gefs,15,RH_percent_mean,1,84.17081260681152
gep15,00,2026-05-17,2026-05-18,gcrew,noaa_gefs,15,Rain_mm_sum,1,6.350000023841858
gep15,00,2026-05-17,2026-05-18,gcrew,noaa_gefs,15,ShortwaveRadiation_Wm2,1,332.125
gep15,00,2026-05-17,2026-05-18,gcrew,noaa_gefs,15,WindSpeed_ms_mean,1,2.606449622457496
gep15,00,2026-05-17,2026-05-19,gcrew,noaa_gefs,15,AirTemp_C_mean,2,23.0995918273926
gep15,00,2026-05-17,2026-05-19,gcrew,noaa_gefs,15,Pressure_Pa,2,101806.55859375
gep15,00,2026-05-17,2026-05-19,gcrew,noaa_gefs,15,RH_percent_mean,2,68.34389972686768
gep15,00,2026-05-17,2026-05-19,gcrew,noaa_gefs,15,Rain_mm_sum,2,1.8000000268220901
gep15,00,2026-05-17,2026-05-19,gcrew,noaa_gefs,15,ShortwaveRadiation_Wm2,2,334.75
gep15,00,2026-05-17,2026-05-19,gcrew,noaa_gefs,15,WindSpeed_ms_mean,2,3.4067788659044838
gep15,00,2026-05-17,2026-05-20,gcrew,noaa_gefs,15,AirTemp_C_mean,3,22.52497253417971
gep15,00,2026-05-17,2026-05-20,gcrew,noaa_gefs,15,Pressure_Pa,3,101325.6357421875
gep15,00,2026-05-17,2026-05-20,gcrew,noaa_gefs,15,RH_percent_mean,3,71.24866104125977
gep15,00,2026-05-17,2026-05-20,gcrew,noaa_gefs,15,Rain_mm_sum,3,26.70000010728836
gep15,00,2026-05-17,2026-05-20,gcrew,noaa_gefs,15,ShortwaveRadiation_Wm2,3,262.375
gep15,00,2026-05-17,2026-05-20,gcrew,noaa_gefs,15,WindSpeed_ms_mean,3,4.549640011874029
gep15,00,2026-05-17,2026-05-21,gcrew,noaa_gefs,15,AirTemp_C_mean,4,15.515148053850469
gep15,00,2026-05-17,2026-05-21,gcrew,noaa_gefs,15,Pressure_Pa,4,101836.072265625
gep15,00,2026-05-17,2026-05-21,gcrew,noaa_gefs,15,RH_percent_mean,4,76.015167236328125
gep15,00,2026-05-17,2026-05-21,gcrew,noaa_gefs,15,Rain_mm_sum,4,9.399999812245369
gep15,00,2026-05-17,2026-05-21,gcrew,noaa_gefs,15,ShortwaveRadiation_Wm2,4,97.625
gep15,00,2026-05-17,2026-05-21,gcrew,noaa_gefs,15,WindSpeed_ms_mean,4,3.6808240475840406
gep15,00,2026-05-17,2026-05-22,gcrew,noaa_gefs,15,AirTemp_C_mean,5,14.000840759277366
gep15,00,2026-05-17,2026-05-22,gcrew,noaa_gefs,15,Pressure_Pa,5,101988.966796875
gep15,00,2026-05-17,2026-05-22,gcrew,noaa_gefs,15,RH_percent_mean,5,84.21332263946533
gep15,00,2026-05-17,2026-05-22,gcrew,noaa_gefs,15,Rain_mm_sum,5,9.800000049173832
gep15,00,2026-05-17,2026-05-22,gcrew,noaa_gefs,15,ShortwaveRadiation_Wm2,5,22.75
gep15,00,2026-05-17,2026-05-22,gcrew,noaa_gefs,15,WindSpeed_ms_mean,5,4.696523470041017
gep15,00,2026-05-17,2026-05-23,gcrew,noaa_gefs,15,AirTemp_C_mean,6,13.291490173339866
gep15,00,2026-05-17,2026-05-23,gcrew,noaa_gefs,15,Pressure_Pa,6,102242.6494140625
gep15,00,2026-05-17,2026-05-23,gcrew,noaa_gefs,15,RH_percent_mean,6,95.31106090545654
gep15,00,2026-05-17,2026-05-23,gcrew,noaa_gefs,15,Rain_mm_sum,6,41.290000796318054
gep15,00,2026-05-17,2026-05-23,gcrew,noaa_gefs,15,ShortwaveRadiation_Wm2,6,8.625
gep15,00,2026-05-17,2026-05-23,gcrew,noaa_gefs,15,WindSpeed_ms_mean,6,6.730171879016334
gep15,00,2026-05-17,2026-05-24,gcrew,noaa_gefs,15,AirTemp_C_mean,7,13.87753829956057
gep15,00,2026-05-17,2026-05-24,gcrew,noaa_gefs,15,Pressure_Pa,7,102702.9013671875
gep15,00,2026-05-17,2026-05-24,gcrew,noaa_gefs,15,RH_percent_mean,7,89.53658866882324
gep15,00,2026-05-17,2026-05-24,gcrew,noaa_gefs,15,Rain_mm_sum,7,1.5000000074505806
gep15,00,2026-05-17,2026-05-24,gcrew,noaa_gefs,15,ShortwaveRadiation_Wm2,7,55.5
gep15,00,2026-05-17,2026-05-24,gcrew,noaa_gefs,15,WindSpeed_ms_mean,7,4.664883181526184
gep15,00,2026-05-17,2026-05-25,gcrew,noaa_gefs,15,AirTemp_C_mean,8,13.337792968750023
gep15,00,2026-05-17,2026-05-25,gcrew,noaa_gefs,15,Pressure_Pa,8,103076.4609375
gep15,00,2026-05-17,2026-05-25,gcrew,noaa_gefs,15,RH_percent_mean,8,78.87850284576416
gep15,00,2026-05-17,2026-05-25,gcrew,noaa_gefs,15,Rain_mm_sum,8,0
gep15,00,2026-05-17,2026-05-25,gcrew,noaa_gefs,15,ShortwaveRadiation_Wm2,8,160.625
gep15,00,2026-05-17,2026-05-25,gcrew,noaa_gefs,15,WindSpeed_ms_mean,8,4.284401237933425
gep15,00,2026-05-17,2026-05-26,gcrew,noaa_gefs,15,AirTemp_C_mean,9,13.400532749721005
gep15,00,2026-05-17,2026-05-26,gcrew,noaa_gefs,15,Pressure_Pa,9,102888.00669642857
gep15,00,2026-05-17,2026-05-26,gcrew,noaa_gefs,15,RH_percent_mean,9,66.3826152256557
gep15,00,2026-05-17,2026-05-26,gcrew,noaa_gefs,15,Rain_mm_sum,9,0
gep15,00,2026-05-17,2026-05-26,gcrew,noaa_gefs,15,ShortwaveRadiation_Wm2,9,372.2857142857143
gep15,00,2026-05-17,2026-05-26,gcrew,noaa_gefs,15,WindSpeed_ms_mean,9,2.9715455604219634
gep15,00,2026-05-17,2026-05-27,gcrew,noaa_gefs,15,AirTemp_C_mean,10,17.38470611572268
gep15,00,2026-05-17,2026-05-27,gcrew,noaa_gefs,15,Pressure_Pa,10,102230.107421875
gep15,00,2026-05-17,2026-05-27,gcrew,noaa_gefs,15,RH_percent_mean,10,76.62809085845947
gep15,00,2026-05-17,2026-05-27,gcrew,noaa_gefs,15,Rain_mm_sum,10,0
gep15,00,2026-05-17,2026-05-27,gcrew,noaa_gefs,15,ShortwaveRadiation_Wm2,10,292
gep15,00,2026-05-17,2026-05-27,gcrew,noaa_gefs,15,WindSpeed_ms_mean,10,3.292260275209521
gep15,00,2026-05-17,2026-05-28,gcrew,noaa_gefs,15,AirTemp_C_mean,11,18.825532531738304
gep15,00,2026-05-17,2026-05-28,gcrew,noaa_gefs,15,Pressure_Pa,11,101594.103515625
gep15,00,2026-05-17,2026-05-28,gcrew,noaa_gefs,15,RH_percent_mean,11,88.5962963104248
gep15,00,2026-05-17,2026-05-28,gcrew,noaa_gefs,15,Rain_mm_sum,11,3.2000001445412636
gep15,00,2026-05-17,2026-05-28,gcrew,noaa_gefs,15,ShortwaveRadiation_Wm2,11,232.25
gep15,00,2026-05-17,2026-05-28,gcrew,noaa_gefs,15,WindSpeed_ms_mean,11,1.843962609809163
gep15,00,2026-05-17,2026-05-29,gcrew,noaa_gefs,15,AirTemp_C_mean,12,20.632531738281273
gep15,00,2026-05-17,2026-05-29,gcrew,noaa_gefs,15,Pressure_Pa,12,101605.099609375
gep15,00,2026-05-17,2026-05-29,gcrew,noaa_gefs,15,RH_percent_mean,12,90.68621635437012
gep15,00,2026-05-17,2026-05-29,gcrew,noaa_gefs,15,Rain_mm_sum,12,8.700000047683716
gep15,00,2026-05-17,2026-05-29,gcrew,noaa_gefs,15,ShortwaveRadiation_Wm2,12,303.25
gep15,00,2026-05-17,2026-05-29,gcrew,noaa_gefs,15,WindSpeed_ms_mean,12,2.2984613975817045
gep15,00,2026-05-17,2026-05-30,gcrew,noaa_gefs,15,AirTemp_C_mean,13,20.257226562500023
gep15,00,2026-05-17,2026-05-30,gcrew,noaa_gefs,15,Pressure_Pa,13,101830.51953125
gep15,00,2026-05-17,2026-05-30,gcrew,noaa_gefs,15,RH_percent_mean,13,89.01692962646484
gep15,00,2026-05-17,2026-05-30,gcrew,noaa_gefs,15,Rain_mm_sum,13,0.700000025331974
gep15,00,2026-05-17,2026-05-30,gcrew,noaa_gefs,15,ShortwaveRadiation_Wm2,13,279
gep15,00,2026-05-17,2026-05-30,gcrew,noaa_gefs,15,WindSpeed_ms_mean,13,7.177529832521996
gep15,00,2026-05-17,2026-05-31,gcrew,noaa_gefs,15,AirTemp_C_mean,14,20.746133422851585
gep15,00,2026-05-17,2026-05-31,gcrew,noaa_gefs,15,Pressure_Pa,14,101566.6875
gep15,00,2026-05-17,2026-05-31,gcrew,noaa_gefs,15,RH_percent_mean,14,86.56785774230957
gep15,00,2026-05-17,2026-05-31,gcrew,noaa_gefs,15,Rain_mm_sum,14,0.10000000149011612
gep15,00,2026-05-17,2026-05-31,gcrew,noaa_gefs,15,ShortwaveRadiation_Wm2,14,236.5
gep15,00,2026-05-17,2026-05-31,gcrew,noaa_gefs,15,WindSpeed_ms_mean,14,4.452410245898682
gep15,00,2026-05-17,2026-06-01,gcrew,noaa_gefs,15,AirTemp_C_mean,15,21.641290283203148
gep15,00,2026-05-17,2026-06-01,gcrew,noaa_gefs,15,Pressure_Pa,15,101232.943359375
gep15,00,2026-05-17,2026-06-01,gcrew,noaa_gefs,15,RH_percent_mean,15,85.77047920227051
gep15,00,2026-05-17,2026-06-01,gcrew,noaa_gefs,15,Rain_mm_sum,15,0.20000000298023224
gep15,00,2026-05-17,2026-06-01,gcrew,noaa_gefs,15,ShortwaveRadiation_Wm2,15,319.25
gep15,00,2026-05-17,2026-06-01,gcrew,noaa_gefs,15,WindSpeed_ms_mean,15,4.987514627831614
gep15,00,2026-05-17,2026-06-02,gcrew,noaa_gefs,15,AirTemp_C_mean,16,23.64350280761721
gep15,00,2026-05-17,2026-06-02,gcrew,noaa_gefs,15,Pressure_Pa,16,100336.03125
gep15,00,2026-05-17,2026-06-02,gcrew,noaa_gefs,15,RH_percent_mean,16,79.2158031463623
gep15,00,2026-05-17,2026-06-02,gcrew,noaa_gefs,15,Rain_mm_sum,16,0.10000000149011612
gep15,00,2026-05-17,2026-06-02,gcrew,noaa_gefs,15,ShortwaveRadiation_Wm2,16,248.5
gep15,00,2026-05-17,2026-06-02,gcrew,noaa_gefs,15,WindSpeed_ms_mean,16,6.294558916761398
gep15,00,2026-05-17,2026-06-03,gcrew,noaa_gefs,15,AirTemp_C_mean,17,21.807466125488304
gep15,00,2026-05-17,2026-06-03,gcrew,noaa_gefs,15,Pressure_Pa,17,100524.14453125
gep15,00,2026-05-17,2026-06-03,gcrew,noaa_gefs,15,RH_percent_mean,17,82.67036247253418
gep15,00,2026-05-17,2026-06-03,gcrew,noaa_gefs,15,Rain_mm_sum,17,4.900000035762787
gep15,00,2026-05-17,2026-06-03,gcrew,noaa_gefs,15,ShortwaveRadiation_Wm2,17,192.5
gep15,00,2026-05-17,2026-06-03,gcrew,noaa_gefs,15,WindSpeed_ms_mean,17,6.2389494415019655
gep15,00,2026-05-17,2026-06-04,gcrew,noaa_gefs,15,AirTemp_C_mean,18,19.62371978759768
gep15,00,2026-05-17,2026-06-04,gcrew,noaa_gefs,15,Pressure_Pa,18,101363.12109375
gep15,00,2026-05-17,2026-06-04,gcrew,noaa_gefs,15,RH_percent_mean,18,59.62021350860596
gep15,00,2026-05-17,2026-06-04,gcrew,noaa_gefs,15,Rain_mm_sum,18,0
gep15,00,2026-05-17,2026-06-04,gcrew,noaa_gefs,15,ShortwaveRadiation_Wm2,18,353
gep15,00,2026-05-17,2026-06-04,gcrew,noaa_gefs,15,WindSpeed_ms_mean,18,5.129538041845657
gep15,00,2026-05-17,2026-06-05,gcrew,noaa_gefs,15,AirTemp_C_mean,19,18.13916931152346
gep15,00,2026-05-17,2026-06-05,gcrew,noaa_gefs,15,Pressure_Pa,19,102108.5078125
gep15,00,2026-05-17,2026-06-05,gcrew,noaa_gefs,15,RH_percent_mean,19,67.04474639892578
gep15,00,2026-05-17,2026-06-05,gcrew,noaa_gefs,15,Rain_mm_sum,19,0
gep15,00,2026-05-17,2026-06-05,gcrew,noaa_gefs,15,ShortwaveRadiation_Wm2,19,292.75
gep15,00,2026-05-17,2026-06-05,gcrew,noaa_gefs,15,WindSpeed_ms_mean,19,5.191744913150064
gep15,00,2026-05-17,2026-06-06,gcrew,noaa_gefs,15,AirTemp_C_mean,20,17.265962219238304
gep15,00,2026-05-17,2026-06-06,gcrew,noaa_gefs,15,Pressure_Pa,20,102458.673828125
gep15,00,2026-05-17,2026-06-06,gcrew,noaa_gefs,15,RH_percent_mean,20,61.6632661819458
gep15,00,2026-05-17,2026-06-06,gcrew,noaa_gefs,15,Rain_mm_sum,20,0
gep15,00,2026-05-17,2026-06-06,gcrew,noaa_gefs,15,ShortwaveRadiation_Wm2,20,353.75
gep15,00,2026-05-17,2026-06-06,gcrew,noaa_gefs,15,WindSpeed_ms_mean,20,6.67467006888216
gep15,00,2026-05-17,2026-06-07,gcrew,noaa_gefs,15,AirTemp_C_mean,21,17.46930847167971
gep15,00,2026-05-17,2026-06-07,gcrew,noaa_gefs,15,Pressure_Pa,21,102539.91796875
gep15,00,2026-05-17,2026-06-07,gcrew,noaa_gefs,15,RH_percent_mean,21,57.39550495147705
gep15,00,2026-05-17,2026-06-07,gcrew,noaa_gefs,15,Rain_mm_sum,21,0
gep15,00,2026-05-17,2026-06-07,gcrew,noaa_gefs,15,ShortwaveRadiation_Wm2,21,311.25
gep15,00,2026-05-17,2026-06-07,gcrew,noaa_gefs,15,WindSpeed_ms_mean,21,6.253105276917296
gep15,00,2026-05-17,2026-06-08,gcrew,noaa_gefs,15,AirTemp_C_mean,22,18.264520263671898
gep15,00,2026-05-17,2026-06-08,gcrew,noaa_gefs,15,Pressure_Pa,22,102453.42578125
gep15,00,2026-05-17,2026-06-08,gcrew,noaa_gefs,15,RH_percent_mean,22,69.18738460540771
gep15,00,2026-05-17,2026-06-08,gcrew,noaa_gefs,15,Rain_mm_sum,22,0
gep15,00,2026-05-17,2026-06-08,gcrew,noaa_gefs,15,ShortwaveRadiation_Wm2,22,358.75
gep15,00,2026-05-17,2026-06-08,gcrew,noaa_gefs,15,WindSpeed_ms_mean,22,5.268783443054002
gep15,00,2026-05-17,2026-06-09,gcrew,noaa_gefs,15,AirTemp_C_mean,23,19.784394836425804
gep15,00,2026-05-17,2026-06-09,gcrew,noaa_gefs,15,Pressure_Pa,23,102266.64453125
gep15,00,2026-05-17,2026-06-09,gcrew,noaa_gefs,15,RH_percent_mean,23,76.86220645904541
gep15,00,2026-05-17,2026-06-09,gcrew,noaa_gefs,15,Rain_mm_sum,23,0
gep15,00,2026-05-17,2026-06-09,gcrew,noaa_gefs,15,ShortwaveRadiation_Wm2,23,315.5
gep15,00,2026-05-17,2026-06-09,gcrew,noaa_gefs,15,WindSpeed_ms_mean,23,4.38349937840495
gep15,00,2026-05-17,2026-06-10,gcrew,noaa_gefs,15,AirTemp_C_mean,24,19.276849365234398
gep15,00,2026-05-17,2026-06-10,gcrew,noaa_gefs,15,Pressure_Pa,24,102072.908203125
gep15,00,2026-05-17,2026-06-10,gcrew,noaa_gefs,15,RH_percent_mean,24,77.74775695800781
gep15,00,2026-05-17,2026-06-10,gcrew,noaa_gefs,15,Rain_mm_sum,24,0
gep15,00,2026-05-17,2026-06-10,gcrew,noaa_gefs,15,ShortwaveRadiation_Wm2,24,344.5
gep15,00,2026-05-17,2026-06-10,gcrew,noaa_gefs,15,WindSpeed_ms_mean,24,3.046278388581381
gep15,00,2026-05-17,2026-06-11,gcrew,noaa_gefs,15,AirTemp_C_mean,25,19.354234313964866
gep15,00,2026-05-17,2026-06-11,gcrew,noaa_gefs,15,Pressure_Pa,25,101661.693359375
gep15,00,2026-05-17,2026-06-11,gcrew,noaa_gefs,15,RH_percent_mean,25,78.77657699584961
gep15,00,2026-05-17,2026-06-11,gcrew,noaa_gefs,15,Rain_mm_sum,25,0
gep15,00,2026-05-17,2026-06-11,gcrew,noaa_gefs,15,ShortwaveRadiation_Wm2,25,344.25
gep15,00,2026-05-17,2026-06-11,gcrew,noaa_gefs,15,WindSpeed_ms_mean,25,2.403215737924673
gep15,00,2026-05-17,2026-06-12,gcrew,noaa_gefs,15,AirTemp_C_mean,26,20.841760253906273
gep15,00,2026-05-17,2026-06-12,gcrew,noaa_gefs,15,Pressure_Pa,26,101401.55078125
gep15,00,2026-05-17,2026-06-12,gcrew,noaa_gefs,15,RH_percent_mean,26,86.05273246765137
gep15,00,2026-05-17,2026-06-12,gcrew,noaa_gefs,15,Rain_mm_sum,26,0.5000000074505806
gep15,00,2026-05-17,2026-06-12,gcrew,noaa_gefs,15,ShortwaveRadiation_Wm2,26,270.5
gep15,00,2026-05-17,2026-06-12,gcrew,noaa_gefs,15,WindSpeed_ms_mean,26,2.6211042370057838
gep15,00,2026-05-17,2026-06-13,gcrew,noaa_gefs,15,AirTemp_C_mean,27,22.633142089843773
gep15,00,2026-05-17,2026-06-13,gcrew,noaa_gefs,15,Pressure_Pa,27,101495.544921875
gep15,00,2026-05-17,2026-06-13,gcrew,noaa_gefs,15,RH_percent_mean,27,84.56381607055664
gep15,00,2026-05-17,2026-06-13,gcrew,noaa_gefs,15,Rain_mm_sum,27,0.30000001192092896
gep15,00,2026-05-17,2026-06-13,gcrew,noaa_gefs,15,ShortwaveRadiation_Wm2,27,331.25
gep15,00,2026-05-17,2026-06-13,gcrew,noaa_gefs,15,WindSpeed_ms_mean,27,4.002934118539743
gep15,00,2026-05-17,2026-06-14,gcrew,noaa_gefs,15,AirTemp_C_mean,28,23.382600402832054
gep15,00,2026-05-17,2026-06-14,gcrew,noaa_gefs,15,Pressure_Pa,28,101357.177734375
gep15,00,2026-05-17,2026-06-14,gcrew,noaa_gefs,15,RH_percent_mean,28,89.37162399291992
gep15,00,2026-05-17,2026-06-14,gcrew,noaa_gefs,15,Rain_mm_sum,28,2.6000000536441803
gep15,00,2026-05-17,2026-06-14,gcrew,noaa_gefs,15,ShortwaveRadiation_Wm2,28,284.75
gep15,00,2026-05-17,2026-06-14,gcrew,noaa_gefs,15,WindSpeed_ms_mean,28,3.3537151621249275
gep15,00,2026-05-17,2026-06-15,gcrew,noaa_gefs,15,AirTemp_C_mean,29,24.840669250488304
gep15,00,2026-05-17,2026-06-15,gcrew,noaa_gefs,15,Pressure_Pa,29,101524.51171875
gep15,00,2026-05-17,2026-06-15,gcrew,noaa_gefs,15,RH_percent_mean,29,77.19408130645752
gep15,00,2026-05-17,2026-06-15,gcrew,noaa_gefs,15,Rain_mm_sum,29,0.10000000149011612
gep15,00,2026-05-17,2026-06-15,gcrew,noaa_gefs,15,ShortwaveRadiation_Wm2,29,296.5
gep15,00,2026-05-17,2026-06-15,gcrew,noaa_gefs,15,WindSpeed_ms_mean,29,4.042771754237245
gep15,00,2026-05-17,2026-06-16,gcrew,noaa_gefs,15,AirTemp_C_mean,30,24.895989990234398
gep15,00,2026-05-17,2026-06-16,gcrew,noaa_gefs,15,Pressure_Pa,30,101772.68359375
gep15,00,2026-05-17,2026-06-16,gcrew,noaa_gefs,15,RH_percent_mean,30,77.33410263061523
gep15,00,2026-05-17,2026-06-16,gcrew,noaa_gefs,15,Rain_mm_sum,30,0.30000000447034836
gep15,00,2026-05-17,2026-06-16,gcrew,noaa_gefs,15,ShortwaveRadiation_Wm2,30,313.25
gep15,00,2026-05-17,2026-06-16,gcrew,noaa_gefs,15,WindSpeed_ms_mean,30,3.6732919255241057
gep15,00,2026-05-17,2026-06-17,gcrew,noaa_gefs,15,AirTemp_C_mean,31,25.772210693359398
gep15,00,2026-05-17,2026-06-17,gcrew,noaa_gefs,15,Pressure_Pa,31,101904.6171875
gep15,00,2026-05-17,2026-06-17,gcrew,noaa_gefs,15,RH_percent_mean,31,76.04165267944336
gep15,00,2026-05-17,2026-06-17,gcrew,noaa_gefs,15,Rain_mm_sum,31,0
gep15,00,2026-05-17,2026-06-17,gcrew,noaa_gefs,15,ShortwaveRadiation_Wm2,31,286.75
gep15,00,2026-05-17,2026-06-17,gcrew,noaa_gefs,15,WindSpeed_ms_mean,31,4.13248526059356
gep15,00,2026-05-17,2026-06-18,gcrew,noaa_gefs,15,AirTemp_C_mean,32,25.74041900634768
gep15,00,2026-05-17,2026-06-18,gcrew,noaa_gefs,15,Pressure_Pa,32,101534.314453125
gep15,00,2026-05-17,2026-06-18,gcrew,noaa_gefs,15,RH_percent_mean,32,80.33454704284668
gep15,00,2026-05-17,2026-06-18,gcrew,noaa_gefs,15,Rain_mm_sum,32,8.800000250339508
gep15,00,2026-05-17,2026-06-18,gcrew,noaa_gefs,15,ShortwaveRadiation_Wm2,32,311.5
gep15,00,2026-05-17,2026-06-18,gcrew,noaa_gefs,15,WindSpeed_ms_mean,32,4.21631310842572
gep15,00,2026-05-17,2026-06-19,gcrew,noaa_gefs,15,AirTemp_C_mean,33,24.15681610107424
gep15,00,2026-05-17,2026-06-19,gcrew,noaa_gefs,15,Pressure_Pa,33,101012.509765625
gep15,00,2026-05-17,2026-06-19,gcrew,noaa_gefs,15,RH_percent_mean,33,84.10998153686523
gep15,00,2026-05-17,2026-06-19,gcrew,noaa_gefs,15,Rain_mm_sum,33,37.50000125169754
gep15,00,2026-05-17,2026-06-19,gcrew,noaa_gefs,15,ShortwaveRadiation_Wm2,33,322.25
gep15,00,2026-05-17,2026-06-19,gcrew,noaa_gefs,15,WindSpeed_ms_mean,33,5.041177238306991
gep15,00,2026-05-17,2026-06-20,gcrew,noaa_gefs,15,AirTemp_C_mean,34,21.24146423339846
gep15,00,2026-05-17,2026-06-20,gcrew,noaa_gefs,15,Pressure_Pa,34,101358.76953125
gep15,00,2026-05-17,2026-06-20,gcrew,noaa_gefs,15,RH_percent_mean,34,58.25197887420654
gep15,00,2026-05-17,2026-06-20,gcrew,noaa_gefs,15,Rain_mm_sum,34,0
gep15,00,2026-05-17,2026-06-20,gcrew,noaa_gefs,15,ShortwaveRadiation_Wm2,34,354.5
gep15,00,2026-05-17,2026-06-20,gcrew,noaa_gefs,15,WindSpeed_ms_mean,34,7.9283052740783315
gep16,00,2026-05-17,2026-05-18,gcrew,noaa_gefs,16,AirTemp_C_mean,1,20.541738128662132
gep16,00,2026-05-17,2026-05-18,gcrew,noaa_gefs,16,Pressure_Pa,1,102011.392578125
gep16,00,2026-05-17,2026-05-18,gcrew,noaa_gefs,16,RH_percent_mean,1,84.17081260681152
gep16,00,2026-05-17,2026-05-18,gcrew,noaa_gefs,16,Rain_mm_sum,1,6.350000023841858
gep16,00,2026-05-17,2026-05-18,gcrew,noaa_gefs,16,ShortwaveRadiation_Wm2,1,332.125
gep16,00,2026-05-17,2026-05-18,gcrew,noaa_gefs,16,WindSpeed_ms_mean,1,2.606449622457496
gep16,00,2026-05-17,2026-05-19,gcrew,noaa_gefs,16,AirTemp_C_mean,2,23.0995918273926
gep16,00,2026-05-17,2026-05-19,gcrew,noaa_gefs,16,Pressure_Pa,2,101806.55859375
gep16,00,2026-05-17,2026-05-19,gcrew,noaa_gefs,16,RH_percent_mean,2,68.34389972686768
gep16,00,2026-05-17,2026-05-19,gcrew,noaa_gefs,16,Rain_mm_sum,2,1.8000000268220901
gep16,00,2026-05-17,2026-05-19,gcrew,noaa_gefs,16,ShortwaveRadiation_Wm2,2,334.75
gep16,00,2026-05-17,2026-05-19,gcrew,noaa_gefs,16,WindSpeed_ms_mean,2,3.4067788659044838
gep16,00,2026-05-17,2026-05-20,gcrew,noaa_gefs,16,AirTemp_C_mean,3,22.52497253417971
gep16,00,2026-05-17,2026-05-20,gcrew,noaa_gefs,16,Pressure_Pa,3,101325.6357421875
gep16,00,2026-05-17,2026-05-20,gcrew,noaa_gefs,16,RH_percent_mean,3,71.24866104125977
gep16,00,2026-05-17,2026-05-20,gcrew,noaa_gefs,16,Rain_mm_sum,3,26.70000010728836
gep16,00,2026-05-17,2026-05-20,gcrew,noaa_gefs,16,ShortwaveRadiation_Wm2,3,262.375
gep16,00,2026-05-17,2026-05-20,gcrew,noaa_gefs,16,WindSpeed_ms_mean,3,4.549640011874029
gep16,00,2026-05-17,2026-05-21,gcrew,noaa_gefs,16,AirTemp_C_mean,4,15.515148053850469
gep16,00,2026-05-17,2026-05-21,gcrew,noaa_gefs,16,Pressure_Pa,4,101836.072265625
gep16,00,2026-05-17,2026-05-21,gcrew,noaa_gefs,16,RH_percent_mean,4,76.015167236328125
gep16,00,2026-05-17,2026-05-21,gcrew,noaa_gefs,16,Rain_mm_sum,4,9.399999812245369
gep16,00,2026-05-17,2026-05-21,gcrew,noaa_gefs,16,ShortwaveRadiation_Wm2,4,97.625
gep16,00,2026-05-17,2026-05-21,gcrew,noaa_gefs,16,WindSpeed_ms_mean,4,3.6808240475840406
gep16,00,2026-05-17,2026-05-22,gcrew,noaa_gefs,16,AirTemp_C_mean,5,14.000840759277366
gep16,00,2026-05-17,2026-05-22,gcrew,noaa_gefs,16,Pressure_Pa,5,101988.966796875
gep16,00,2026-05-17,2026-05-22,gcrew,noaa_gefs,16,RH_percent_mean,5,84.21332263946533
gep16,00,2026-05-17,2026-05-22,gcrew,noaa_gefs,16,Rain_mm_sum,5,9.800000049173832
gep16,00,2026-05-17,2026-05-22,gcrew,noaa_gefs,16,ShortwaveRadiation_Wm2,5,22.75
gep16,00,2026-05-17,2026-05-22,gcrew,noaa_gefs,16,WindSpeed_ms_mean,5,4.696523470041017
gep16,00,2026-05-17,2026-05-23,gcrew,noaa_gefs,16,AirTemp_C_mean,6,13.291490173339866
gep16,00,2026-05-17,2026-05-23,gcrew,noaa_gefs,16,Pressure_Pa,6,102242.6494140625
gep16,00,2026-05-17,2026-05-23,gcrew,noaa_gefs,16,RH_percent_mean,6,95.31106090545654
gep16,00,2026-05-17,2026-05-23,gcrew,noaa_gefs,16,Rain_mm_sum,6,41.290000796318054
gep16,00,2026-05-17,2026-05-23,gcrew,noaa_gefs,16,ShortwaveRadiation_Wm2,6,8.625
gep16,00,2026-05-17,2026-05-23,gcrew,noaa_gefs,16,WindSpeed_ms_mean,6,6.730171879016334
gep16,00,2026-05-17,2026-05-24,gcrew,noaa_gefs,16,AirTemp_C_mean,7,13.87753829956057
gep16,00,2026-05-17,2026-05-24,gcrew,noaa_gefs,16,Pressure_Pa,7,102702.9013671875
gep16,00,2026-05-17,2026-05-24,gcrew,noaa_gefs,16,RH_percent_mean,7,89.53658866882324
gep16,00,2026-05-17,2026-05-24,gcrew,noaa_gefs,16,Rain_mm_sum,7,1.5000000074505806
gep16,00,2026-05-17,2026-05-24,gcrew,noaa_gefs,16,ShortwaveRadiation_Wm2,7,55.5
gep16,00,2026-05-17,2026-05-24,gcrew,noaa_gefs,16,WindSpeed_ms_mean,7,4.664883181526184
gep16,00,2026-05-17,2026-05-25,gcrew,noaa_gefs,16,AirTemp_C_mean,8,13.337792968750023
gep16,00,2026-05-17,2026-05-25,gcrew,noaa_gefs,16,Pressure_Pa,8,103076.4609375
gep16,00,2026-05-17,2026-05-25,gcrew,noaa_gefs,16,RH_percent_mean,8,78.87850284576416
gep16,00,2026-05-17,2026-05-25,gcrew,noaa_gefs,16,Rain_mm_sum,8,0
gep16,00,2026-05-17,2026-05-25,gcrew,noaa_gefs,16,ShortwaveRadiation_Wm2,8,160.625
gep16,00,2026-05-17,2026-05-25,gcrew,noaa_gefs,16,WindSpeed_ms_mean,8,4.284401237933425
gep16,00,2026-05-17,2026-05-26,gcrew,noaa_gefs,16,AirTemp_C_mean,9,13.400532749721005
gep16,00,2026-05-17,2026-05-26,gcrew,noaa_gefs,16,Pressure_Pa,9,102888.00669642857
gep16,00,2026-05-17,2026-05-26,gcrew,noaa_gefs,16,RH_percent_mean,9,66.3826152256557
gep16,00,2026-05-17,2026-05-26,gcrew,noaa_gefs,16,Rain_mm_sum,9,0
gep16,00,2026-05-17,2026-05-26,gcrew,noaa_gefs,16,ShortwaveRadiation_Wm2,9,372.2857142857143
gep16,00,2026-05-17,2026-05-26,gcrew,noaa_gefs,16,WindSpeed_ms_mean,9,2.9715455604219634
gep16,00,2026-05-17,2026-05-27,gcrew,noaa_gefs,16,AirTemp_C_mean,10,17.38470611572268
gep16,00,2026-05-17,2026-05-27,gcrew,noaa_gefs,16,Pressure_Pa,10,102230.107421875
gep16,00,2026-05-17,2026-05-27,gcrew,noaa_gefs,16,RH_percent_mean,10,76.62809085845947
gep16,00,2026-05-17,2026-05-27,gcrew,noaa_gefs,16,Rain_mm_sum,10,0
gep16,00,2026-05-17,2026-05-27,gcrew,noaa_gefs,16,ShortwaveRadiation_Wm2,10,292
gep16,00,2026-05-17,2026-05-27,gcrew,noaa_gefs,16,WindSpeed_ms_mean,10,3.292260275209521
gep16,00,2026-05-17,2026-05-28,gcrew,noaa_gefs,16,AirTemp_C_mean,11,18.825532531738304
gep16,00,2026-05-17,2026-05-28,gcrew,noaa_gefs,16,Pressure_Pa,11,101594.103515625
gep16,00,2026-05-17,2026-05-28,gcrew,noaa_gefs,16,RH_percent_mean,11,88.5962963104248
gep16,00,2026-05-17,2026-05-28,gcrew,noaa_gefs,16,Rain_mm_sum,11,3.2000001445412636
gep16,00,2026-05-17,2026-05-28,gcrew,noaa_gefs,16,ShortwaveRadiation_Wm2,11,232.25
gep16,00,2026-05-17,2026-05-28,gcrew,noaa_gefs,16,WindSpeed_ms_mean,11,1.843962609809163
gep16,00,2026-05-17,2026-05-29,gcrew,noaa_gefs,16,AirTemp_C_mean,12,20.632531738281273
gep16,00,2026-05-17,2026-05-29,gcrew,noaa_gefs,16,Pressure_Pa,12,101605.099609375
gep16,00,2026-05-17,2026-05-29,gcrew,noaa_gefs,16,RH_percent_mean,12,90.68621635437012
gep16,00,2026-05-17,2026-05-29,gcrew,noaa_gefs,16,Rain_mm_sum,12,8.700000047683716
gep16,00,2026-05-17,2026-05-29,gcrew,noaa_gefs,16,ShortwaveRadiation_Wm2,12,303.25
gep16,00,2026-05-17,2026-05-29,gcrew,noaa_gefs,16,WindSpeed_ms_mean,12,2.2984613975817045
gep16,00,2026-05-17,2026-05-30,gcrew,noaa_gefs,16,AirTemp_C_mean,13,20.257226562500023
gep16,00,2026-05-17,2026-05-30,gcrew,noaa_gefs,16,Pressure_Pa,13,101830.51953125
gep16,00,2026-05-17,2026-05-30,gcrew,noaa_gefs,16,RH_percent_mean,13,89.01692962646484
gep16,00,2026-05-17,2026-05-30,gcrew,noaa_gefs,16,Rain_mm_sum,13,0.700000025331974
gep16,00,2026-05-17,2026-05-30,gcrew,noaa_gefs,16,ShortwaveRadiation_Wm2,13,279
gep16,00,2026-05-17,2026-05-30,gcrew,noaa_gefs,16,WindSpeed_ms_mean,13,7.177529832521996
gep16,00,2026-05-17,2026-05-31,gcrew,noaa_gefs,16,AirTemp_C_mean,14,20.746133422851585
gep16,00,2026-05-17,2026-05-31,gcrew,noaa_gefs,16,Pressure_Pa,14,101566.6875
gep16,00,2026-05-17,2026-05-31,gcrew,noaa_gefs,16,RH_percent_mean,14,86.56785774230957
gep16,00,2026-05-17,2026-05-31,gcrew,noaa_gefs,16,Rain_mm_sum,14,0.10000000149011612
gep16,00,2026-05-17,2026-05-31,gcrew,noaa_gefs,16,ShortwaveRadiation_Wm2,14,236.5
gep16,00,2026-05-17,2026-05-31,gcrew,noaa_gefs,16,WindSpeed_ms_mean,14,4.452410245898682
gep16,00,2026-05-17,2026-06-01,gcrew,noaa_gefs,16,AirTemp_C_mean,15,21.641290283203148
gep16,00,2026-05-17,2026-06-01,gcrew,noaa_gefs,16,Pressure_Pa,15,101232.943359375
gep16,00,2026-05-17,2026-06-01,gcrew,noaa_gefs,16,RH_percent_mean,15,85.77047920227051
gep16,00,2026-05-17,2026-06-01,gcrew,noaa_gefs,16,Rain_mm_sum,15,0.20000000298023224
gep16,00,2026-05-17,2026-06-01,gcrew,noaa_gefs,16,ShortwaveRadiation_Wm2,15,319.25
gep16,00,2026-05-17,2026-06-01,gcrew,noaa_gefs,16,WindSpeed_ms_mean,15,4.987514627831614
gep16,00,2026-05-17,2026-06-02,gcrew,noaa_gefs,16,AirTemp_C_mean,16,23.64350280761721
gep16,00,2026-05-17,2026-06-02,gcrew,noaa_gefs,16,Pressure_Pa,16,100336.03125
gep16,00,2026-05-17,2026-06-02,gcrew,noaa_gefs,16,RH_percent_mean,16,79.2158031463623
gep16,00,2026-05-17,2026-06-02,gcrew,noaa_gefs,16,Rain_mm_sum,16,0.10000000149011612
gep16,00,2026-05-17,2026-06-02,gcrew,noaa_gefs,16,ShortwaveRadiation_Wm2,16,248.5
gep16,00,2026-05-17,2026-06-02,gcrew,noaa_gefs,16,WindSpeed_ms_mean,16,6.294558916761398
gep16,00,2026-05-17,2026-06-03,gcrew,noaa_gefs,16,AirTemp_C_mean,17,21.807466125488304
gep16,00,2026-05-17,2026-06-03,gcrew,noaa_gefs,16,Pressure_Pa,17,100524.14453125
gep16,00,2026-05-17,2026-06-03,gcrew,noaa_gefs,16,RH_percent_mean,17,82.67036247253418
gep16,00,2026-05-17,2026-06-03,gcrew,noaa_gefs,16,Rain_mm_sum,17,4.900000035762787
gep16,00,2026-05-17,2026-06-03,gcrew,noaa_gefs,16,ShortwaveRadiation_Wm2,17,192.5
gep16,00,2026-05-17,2026-06-03,gcrew,noaa_gefs,16,WindSpeed_ms_mean,17,6.2389494415019655
gep16,00,2026-05-17,2026-06-04,gcrew,noaa_gefs,16,AirTemp_C_mean,18,19.62371978759768
gep16,00,2026-05-17,2026-06-04,gcrew,noaa_gefs,16,Pressure_Pa,18,101363.12109375
gep16,00,2026-05-17,2026-06-04,gcrew,noaa_gefs,16,RH_percent_mean,18,59.62021350860596
gep16,00,2026-05-17,2026-06-04,gcrew,noaa_gefs,16,Rain_mm_sum,18,0
gep16,00,2026-05-17,2026-06-04,gcrew,noaa_gefs,16,ShortwaveRadiation_Wm2,18,353
gep16,00,2026-05-17,2026-06-04,gcrew,noaa_gefs,16,WindSpeed_ms_mean,18,5.129538041845657
gep16,00,2026-05-17,2026-06-05,gcrew,noaa_gefs,16,AirTemp_C_mean,19,18.13916931152346
gep16,00,2026-05-17,2026-06-05,gcrew,noaa_gefs,16,Pressure_Pa,19,102108.5078125
gep16,00,2026-05-17,2026-06-05,gcrew,noaa_gefs,16,RH_percent_mean,19,67.04474639892578
gep16,00,2026-05-17,2026-06-05,gcrew,noaa_gefs,16,Rain_mm_sum,19,0
gep16,00,2026-05-17,2026-06-05,gcrew,noaa_gefs,16,ShortwaveRadiation_Wm2,19,292.75
gep16,00,2026-05-17,2026-06-05,gcrew,noaa_gefs,16,WindSpeed_ms_mean,19,5.191744913150064
gep16,00,2026-05-17,2026-06-06,gcrew,noaa_gefs,16,AirTemp_C_mean,20,17.265962219238304
gep16,00,2026-05-17,2026-06-06,gcrew,noaa_gefs,16,Pressure_Pa,20,102458.673828125
gep16,00,2026-05-17,2026-06-06,gcrew,noaa_gefs,16,RH_percent_mean,20,61.6632661819458
gep16,00,2026-05-17,2026-06-06,gcrew,noaa_gefs,16,Rain_mm_sum,20,0
gep16,00,2026-05-17,2026-06-06,gcrew,noaa_gefs,16,ShortwaveRadiation_Wm2,20,353.75
gep16,00,2026-05-17,2026-06-06,gcrew,noaa_gefs,16,WindSpeed_ms_mean,20,6.67467006888216
gep16,00,2026-05-17,2026-06-07,gcrew,noaa_gefs,16,AirTemp_C_mean,21,17.46930847167971
gep16,00,2026-05-17,2026-06-07,gcrew,noaa_gefs,16,Pressure_Pa,21,102539.91796875
gep16,00,2026-05-17,2026-06-07,gcrew,noaa_gefs,16,RH_percent_mean,21,57.39550495147705
gep16,00,2026-05-17,2026-06-07,gcrew,noaa_gefs,16,Rain_mm_sum,21,0
gep16,00,2026-05-17,2026-06-07,gcrew,noaa_gefs,16,ShortwaveRadiation_Wm2,21,311.25
gep16,00,2026-05-17,2026-06-07,gcrew,noaa_gefs,16,WindSpeed_ms_mean,21,6.253105276917296
gep16,00,2026-05-17,2026-06-08,gcrew,noaa_gefs,16,AirTemp_C_mean,22,18.264520263671898
gep16,00,2026-05-17,2026-06-08,gcrew,noaa_gefs,16,Pressure_Pa,22,102453.42578125
gep16,00,2026-05-17,2026-06-08,gcrew,noaa_gefs,16,RH_percent_mean,22,69.18738460540771
gep16,00,2026-05-17,2026-06-08,gcrew,noaa_gefs,16,Rain_mm_sum,22,0
gep16,00,2026-05-17,2026-06-08,gcrew,noaa_gefs,16,ShortwaveRadiation_Wm2,22,358.75
gep16,00,2026-05-17,2026-06-08,gcrew,noaa_gefs,16,WindSpeed_ms_mean,22,5.268783443054002
gep16,00,2026-05-17,2026-06-09,gcrew,noaa_gefs,16,AirTemp_C_mean,23,19.784394836425804
gep16,00,2026-05-17,2026-06-09,gcrew,noaa_gefs,16,Pressure_Pa,23,102266.64453125
gep16,00,2026-05-17,2026-06-09,gcrew,noaa_gefs,16,RH_percent_mean,23,76.86220645904541
gep16,00,2026-05-17,2026-06-09,gcrew,noaa_gefs,16,Rain_mm_sum,23,0
gep16,00,2026-05-17,2026-06-09,gcrew,noaa_gefs,16,ShortwaveRadiation_Wm2,23,315.5
gep16,00,2026-05-17,2026-06-09,gcrew,noaa_gefs,16,WindSpeed_ms_mean,23,4.38349937840495
gep16,00,2026-05-17,2026-06-10,gcrew,noaa_gefs,16,AirTemp_C_mean,24,19.276849365234398
gep16,00,2026-05-17,2026-06-10,gcrew,noaa_gefs,16,Pressure_Pa,24,102072.908203125
gep16,00,2026-05-17,2026-06-10,gcrew,noaa_gefs,16,RH_percent_mean,24,77.74775695800781
gep16,00,2026-05-17,2026-06-10,gcrew,noaa_gefs,16,Rain_mm_sum,24,0
gep16,00,2026-05-17,2026-06-10,gcrew,noaa_gefs,16,ShortwaveRadiation_Wm2,24,344.5
gep16,00,2026-05-17,2026-06-10,gcrew,noaa_gefs,16,WindSpeed_ms_mean,24,3.046278388581381
gep16,00,2026-05-17,2026-06-11,gcrew,noaa_gefs,16,AirTemp_C_mean,25,19.354234313964866
gep16,00,2026-05-17,2026-06-11,gcrew,noaa_gefs,16,Pressure_Pa,25,101661.693359375
gep16,00,2026-05-17,2026-06-11,gcrew,noaa_gefs,16,RH_percent_mean,25,78.77657699584961
gep16,00,2026-05-17,2026-06-11,gcrew,noaa_gefs,16,Rain_mm_sum,25,0
gep16,00,2026-05-17,2026-06-11,gcrew,noaa_gefs,16,ShortwaveRadiation_Wm2,25,344.25
gep16,00,2026-05-17,2026-06-11,gcrew,noaa_gefs,16,WindSpeed_ms_mean,25,2.403215737924673
gep16,00,2026-05-17,2026-06-12,gcrew,noaa_gefs,16,AirTemp_C_mean,26,20.841760253906273
gep16,00,2026-05-17,2026-06-12,gcrew,noaa_gefs,16,Pressure_Pa,26,101401.55078125
gep16,00,2026-05-17,2026-06-12,gcrew,noaa_gefs,16,RH_percent_mean,26,86.05273246765137
gep16,00,2026-05-17,2026-06-12,gcrew,noaa_gefs,16,Rain_mm_sum,26,0.5000000074505806
gep16,00,2026-05-17,2026-06-12,gcrew,noaa_gefs,16,ShortwaveRadiation_Wm2,26,270.5
gep16,00,2026-05-17,2026-06-12,gcrew,noaa_gefs,16,WindSpeed_ms_mean,26,2.6211042370057838
gep16,00,2026-05-17,2026-06-13,gcrew,noaa_gefs,16,AirTemp_C_mean,27,22.633142089843773
gep16,00,2026-05-17,2026-06-13,gcrew,noaa_gefs,16,Pressure_Pa,27,101495.544921875
gep16,00,2026-05-17,2026-06-13,gcrew,noaa_gefs,16,RH_percent_mean,27,84.56381607055664
gep16,00,2026-05-17,2026-06-13,gcrew,noaa_gefs,16,Rain_mm_sum,27,0.30000001192092896
gep16,00,2026-05-17,2026-06-13,gcrew,noaa_gefs,16,ShortwaveRadiation_Wm2,27,331.25
gep16,00,2026-05-17,2026-06-13,gcrew,noaa_gefs,16,WindSpeed_ms_mean,27,4.002934118539743
gep16,00,2026-05-17,2026-06-14,gcrew,noaa_gefs,16,AirTemp_C_mean,28,23.382600402832054
gep16,00,2026-05-17,2026-06-14,gcrew,noaa_gefs,16,Pressure_Pa,28,101357.177734375
gep16,00,2026-05-17,2026-06-14,gcrew,noaa_gefs,16,RH_percent_mean,28,89.37162399291992
gep16,00,2026-05-17,2026-06-14,gcrew,noaa_gefs,16,Rain_mm_sum,28,2.6000000536441803
gep16,00,2026-05-17,2026-06-14,gcrew,noaa_gefs,16,ShortwaveRadiation_Wm2,28,284.75
gep16,00,2026-05-17,2026-06-14,gcrew,noaa_gefs,16,WindSpeed_ms_mean,28,3.3537151621249275
gep16,00,2026-05-17,2026-06-15,gcrew,noaa_gefs,16,AirTemp_C_mean,29,24.840669250488304
gep16,00,2026-05-17,2026-06-15,gcrew,noaa_gefs,16,Pressure_Pa,29,101524.51171875
gep16,00,2026-05-17,2026-06-15,gcrew,noaa_gefs,16,RH_percent_mean,29,77.19408130645752
gep16,00,2026-05-17,2026-06-15,gcrew,noaa_gefs,16,Rain_mm_sum,29,0.10000000149011612
gep16,00,2026-05-17,2026-06-15,gcrew,noaa_gefs,16,ShortwaveRadiation_Wm2,29,296.5
gep16,00,2026-05-17,2026-06-15,gcrew,noaa_gefs,16,WindSpeed_ms_mean,29,4.042771754237245
gep16,00,2026-05-17,2026-06-16,gcrew,noaa_gefs,16,AirTemp_C_mean,30,24.895989990234398
gep16,00,2026-05-17,2026-06-16,gcrew,noaa_gefs,16,Pressure_Pa,30,101772.68359375
gep16,00,2026-05-17,2026-06-16,gcrew,noaa_gefs,16,RH_percent_mean,30,77.33410263061523
gep16,00,2026-05-17,2026-06-16,gcrew,noaa_gefs,16,Rain_mm_sum,30,0.30000000447034836
gep16,00,2026-05-17,2026-06-16,gcrew,noaa_gefs,16,ShortwaveRadiation_Wm2,30,313.25
gep16,00,2026-05-17,2026-06-16,gcrew,noaa_gefs,16,WindSpeed_ms_mean,30,3.6732919255241057
gep16,00,2026-05-17,2026-06-17,gcrew,noaa_gefs,16,AirTemp_C_mean,31,25.772210693359398
gep16,00,2026-05-17,2026-06-17,gcrew,noaa_gefs,16,Pressure_Pa,31,101904.6171875
gep16,00,2026-05-17,2026-06-17,gcrew,noaa_gefs,16,RH_percent_mean,31,76.04165267944336
gep16,00,2026-05-17,2026-06-17,gcrew,noaa_gefs,16,Rain_mm_sum,31,0
gep16,00,2026-05-17,2026-06-17,gcrew,noaa_gefs,16,ShortwaveRadiation_Wm2,31,286.75
gep16,00,2026-05-17,2026-06-17,gcrew,noaa_gefs,16,WindSpeed_ms_mean,31,4.13248526059356
gep16,00,2026-05-17,2026-06-18,gcrew,noaa_gefs,16,AirTemp_C_mean,32,25.74041900634768
gep16,00,2026-05-17,2026-06-18,gcrew,noaa_gefs,16,Pressure_Pa,32,101534.314453125
gep16,00,2026-05-17,2026-06-18,gcrew,noaa_gefs,16,RH_percent_mean,32,80.33454704284668
gep16,00,2026-05-17,2026-06-18,gcrew,noaa_gefs,16,Rain_mm_sum,32,8.800000250339508
gep16,00,2026-05-17,2026-06-18,gcrew,noaa_gefs,16,ShortwaveRadiation_Wm2,32,311.5
gep16,00,2026-05-17,2026-06-18,gcrew,noaa_gefs,16,WindSpeed_ms_mean,32,4.21631310842572
gep16,00,2026-05-17,2026-06-19,gcrew,noaa_gefs,16,AirTemp_C_mean,33,24.15681610107424
gep16,00,2026-05-17,2026-06-19,gcrew,noaa_gefs,16,Pressure_Pa,33,101012.509765625
gep16,00,2026-05-17,2026-06-19,gcrew,noaa_gefs,16,RH_percent_mean,33,84.10998153686523
gep16,00,2026-05-17,2026-06-19,gcrew,noaa_gefs,16,Rain_mm_sum,33,37.50000125169754
gep16,00,2026-05-17,2026-06-19,gcrew,noaa_gefs,16,ShortwaveRadiation_Wm2,33,322.25
gep16,00,2026-05-17,2026-06-19,gcrew,noaa_gefs,16,WindSpeed_ms_mean,33,5.041177238306991
gep16,00,2026-05-17,2026-06-20,gcrew,noaa_gefs,16,AirTemp_C_mean,34,21.24146423339846
gep16,00,2026-05-17,2026-06-20,gcrew,noaa_gefs,16,Pressure_Pa,34,101358.76953125
gep16,00,2026-05-17,2026-06-20,gcrew,noaa_gefs,16,RH_percent_mean,34,58.25197887420654
gep16,00,2026-05-17,2026-06-20,gcrew,noaa_gefs,16,Rain_mm_sum,34,0
gep16,00,2026-05-17,2026-06-20,gcrew,noaa_gefs,16,ShortwaveRadiation_Wm2,34,354.5
gep16,00,2026-05-17,2026-06-20,gcrew,noaa_gefs,16,WindSpeed_ms_mean,34,7.9283052740783315
gep17,00,2026-05-17,2026-05-18,gcrew,noaa_gefs,17,AirTemp_C_mean,1,20.541738128662132
gep17,00,2026-05-17,2026-05-18,gcrew,noaa_gefs,17,Pressure_Pa,1,102011.392578125
gep17,00,2026-05-17,2026-05-18,gcrew,noaa_gefs,17,RH_percent_mean,1,84.17081260681152
gep17,00,2026-05-17,2026-05-18,gcrew,noaa_gefs,17,Rain_mm_sum,1,6.350000023841858
gep17,00,2026-05-17,2026-05-18,gcrew,noaa_gefs,17,ShortwaveRadiation_Wm2,1,332.125
gep17,00,2026-05-17,2026-05-18,gcrew,noaa_gefs,17,WindSpeed_ms_mean,1,2.606449622457496
gep17,00,2026-05-17,2026-05-19,gcrew,noaa_gefs,17,AirTemp_C_mean,2,23.0995918273926
gep17,00,2026-05-17,2026-05-19,gcrew,noaa_gefs,17,Pressure_Pa,2,101806.55859375
gep17,00,2026-05-17,2026-05-19,gcrew,noaa_gefs,17,RH_percent_mean,2,68.34389972686768
gep17,00,2026-05-17,2026-05-19,gcrew,noaa_gefs,17,Rain_mm_sum,2,1.8000000268220901
gep17,00,2026-05-17,2026-05-19,gcrew,noaa_gefs,17,ShortwaveRadiation_Wm2,2,334.75
gep17,00,2026-05-17,2026-05-19,gcrew,noaa_gefs,17,WindSpeed_ms_mean,2,3.4067788659044838
gep17,00,2026-05-17,2026-05-20,gcrew,noaa_gefs,17,AirTemp_C_mean,3,22.52497253417971
gep17,00,2026-05-17,2026-05-20,gcrew,noaa_gefs,17,Pressure_Pa,3,101325.6357421875
gep17,00,2026-05-17,2026-05-20,gcrew,noaa_gefs,17,RH_percent_mean,3,71.24866104125977
gep17,00,2026-05-17,2026-05-20,gcrew,noaa_gefs,17,Rain_mm_sum,3,26.70000010728836
gep17,00,2026-05-17,2026-05-20,gcrew,noaa_gefs,17,ShortwaveRadiation_Wm2,3,262.375
gep17,00,2026-05-17,2026-05-20,gcrew,noaa_gefs,17,WindSpeed_ms_mean,3,4.549640011874029
gep17,00,2026-05-17,2026-05-21,gcrew,noaa_gefs,17,AirTemp_C_mean,4,15.515148053850469
gep17,00,2026-05-17,2026-05-21,gcrew,noaa_gefs,17,Pressure_Pa,4,101836.072265625
gep17,00,2026-05-17,2026-05-21,gcrew,noaa_gefs,17,RH_percent_mean,4,76.015167236328125
gep17,00,2026-05-17,2026-05-21,gcrew,noaa_gefs,17,Rain_mm_sum,4,9.399999812245369
gep17,00,2026-05-17,2026-05-21,gcrew,noaa_gefs,17,ShortwaveRadiation_Wm2,4,97.625
gep17,00,2026-05-17,2026-05-21,gcrew,noaa_gefs,17,WindSpeed_ms_mean,4,3.6808240475840406
gep17,00,2026-05-17,2026-05-22,gcrew,noaa_gefs,17,AirTemp_C_mean,5,14.000840759277366
gep17,00,2026-05-17,2026-05-22,gcrew,noaa_gefs,17,Pressure_Pa,5,101988.966796875
gep17,00,2026-05-17,2026-05-22,gcrew,noaa_gefs,17,RH_percent_mean,5,84.21332263946533
gep17,00,2026-05-17,2026-05-22,gcrew,noaa_gefs,17,Rain_mm_sum,5,9.800000049173832
gep17,00,2026-05-17,2026-05-22,gcrew,noaa_gefs,17,ShortwaveRadiation_Wm2,5,22.75
gep17,00,2026-05-17,2026-05-22,gcrew,noaa_gefs,17,WindSpeed_ms_mean,5,4.696523470041017
gep17,00,2026-05-17,2026-05-23,gcrew,noaa_gefs,17,AirTemp_C_mean,6,13.291490173339866
gep17,00,2026-05-17,2026-05-23,gcrew,noaa_gefs,17,Pressure_Pa,6,102242.6494140625
gep17,00,2026-05-17,2026-05-23,gcrew,noaa_gefs,17,RH_percent_mean,6,95.31106090545654
gep17,00,2026-05-17,2026-05-23,gcrew,noaa_gefs,17,Rain_mm_sum,6,41.290000796318054
gep17,00,2026-05-17,2026-05-23,gcrew,noaa_gefs,17,ShortwaveRadiation_Wm2,6,8.625
gep17,00,2026-05-17,2026-05-23,gcrew,noaa_gefs,17,WindSpeed_ms_mean,6,6.730171879016334
gep17,00,2026-05-17,2026-05-24,gcrew,noaa_gefs,17,AirTemp_C_mean,7,13.87753829956057
gep17,00,2026-05-17,2026-05-24,gcrew,noaa_gefs,17,Pressure_Pa,7,102702.9013671875
gep17,00,2026-05-17,2026-05-24,gcrew,noaa_gefs,17,RH_percent_mean,7,89.53658866882324
gep17,00,2026-05-17,2026-05-24,gcrew,noaa_gefs,17,Rain_mm_sum,7,1.5000000074505806
gep17,00,2026-05-17,2026-05-24,gcrew,noaa_gefs,17,ShortwaveRadiation_Wm2,7,55.5
gep17,00,2026-05-17,2026-05-24,gcrew,noaa_gefs,17,WindSpeed_ms_mean,7,4.664883181526184
gep17,00,2026-05-17,2026-05-25,gcrew,noaa_gefs,17,AirTemp_C_mean,8,13.337792968750023
gep17,00,2026-05-17,2026-05-25,gcrew,noaa_gefs,17,Pressure_Pa,8,103076.4609375
gep17,00,2026-05-17,2026-05-25,gcrew,noaa_gefs,17,RH_percent_mean,8,78.87850284576416
gep17,00,2026-05-17,2026-05-25,gcrew,noaa_gefs,17,Rain_mm_sum,8,0
gep17,00,2026-05-17,2026-05-25,gcrew,noaa_gefs,17,ShortwaveRadiation_Wm2,8,160.625
gep17,00,2026-05-17,2026-05-25,gcrew,noaa_gefs,17,WindSpeed_ms_mean,8,4.284401237933425
gep17,00,2026-05-17,2026-05-26,gcrew,noaa_gefs,17,AirTemp_C_mean,9,13.400532749721005
gep17,00,2026-05-17,2026-05-26,gcrew,noaa_gefs,17,Pressure_Pa,9,102888.00669642857
gep17,00,2026-05-17,2026-05-26,gcrew,noaa_gefs,17,RH_percent_mean,9,66.3826152256557
gep17,00,2026-05-17,2026-05-26,gcrew,noaa_gefs,17,Rain_mm_sum,9,0
gep17,00,2026-05-17,2026-05-26,gcrew,noaa_gefs,17,ShortwaveRadiation_Wm2,9,372.2857142857143
gep17,00,2026-05-17,2026-05-26,gcrew,noaa_gefs,17,WindSpeed_ms_mean,9,2.9715455604219634
gep17,00,2026-05-17,2026-05-27,gcrew,noaa_gefs,17,AirTemp_C_mean,10,17.38470611572268
gep17,00,2026-05-17,2026-05-27,gcrew,noaa_gefs,17,Pressure_Pa,10,102230.107421875
gep17,00,2026-05-17,2026-05-27,gcrew,noaa_gefs,17,RH_percent_mean,10,76.62809085845947
gep17,00,2026-05-17,2026-05-27,gcrew,noaa_gefs,17,Rain_mm_sum,10,0
gep17,00,2026-05-17,2026-05-27,gcrew,noaa_gefs,17,ShortwaveRadiation_Wm2,10,292
gep17,00,2026-05-17,2026-05-27,gcrew,noaa_gefs,17,WindSpeed_ms_mean,10,3.292260275209521
gep17,00,2026-05-17,2026-05-28,gcrew,noaa_gefs,17,AirTemp_C_mean,11,18.825532531738304
gep17,00,2026-05-17,2026-05-28,gcrew,noaa_gefs,17,Pressure_Pa,11,101594.103515625
gep17,00,2026-05-17,2026-05-28,gcrew,noaa_gefs,17,RH_percent_mean,11,88.5962963104248
gep17,00,2026-05-17,2026-05-28,gcrew,noaa_gefs,17,Rain_mm_sum,11,3.2000001445412636
gep17,00,2026-05-17,2026-05-28,gcrew,noaa_gefs,17,ShortwaveRadiation_Wm2,11,232.25
gep17,00,2026-05-17,2026-05-28,gcrew,noaa_gefs,17,WindSpeed_ms_mean,11,1.843962609809163
gep17,00,2026-05-17,2026-05-29,gcrew,noaa_gefs,17,AirTemp_C_mean,12,20.632531738281273
gep17,00,2026-05-17,2026-05-29,gcrew,noaa_gefs,17,Pressure_Pa,12,101605.099609375
gep17,00,2026-05-17,2026-05-29,gcrew,noaa_gefs,17,RH_percent_mean,12,90.68621635437012
gep17,00,2026-05-17,2026-05-29,gcrew,noaa_gefs,17,Rain_mm_sum,12,8.700000047683716
gep17,00,2026-05-17,2026-05-29,gcrew,noaa_gefs,17,ShortwaveRadiation_Wm2,12,303.25
gep17,00,2026-05-17,2026-05-29,gcrew,noaa_gefs,17,WindSpeed_ms_mean,12,2.2984613975817045
gep17,00,2026-05-17,2026-05-30,gcrew,noaa_gefs,17,AirTemp_C_mean,13,20.257226562500023
gep17,00,2026-05-17,2026-05-30,gcrew,noaa_gefs,17,Pressure_Pa,13,101830.51953125
gep17,00,2026-05-17,2026-05-30,gcrew,noaa_gefs,17,RH_percent_mean,13,89.01692962646484
gep17,00,2026-05-17,2026-05-30,gcrew,noaa_gefs,17,Rain_mm_sum,13,0.700000025331974
gep17,00,2026-05-17,2026-05-30,gcrew,noaa_gefs,17,ShortwaveRadiation_Wm2,13,279
gep17,00,2026-05-17,2026-05-30,gcrew,noaa_gefs,17,WindSpeed_ms_mean,13,7.177529832521996
gep17,00,2026-05-17,2026-05-31,gcrew,noaa_gefs,17,AirTemp_C_mean,14,20.746133422851585
gep17,00,2026-05-17,2026-05-31,gcrew,noaa_gefs,17,Pressure_Pa,14,101566.6875
gep17,00,2026-05-17,2026-05-31,gcrew,noaa_gefs,17,RH_percent_mean,14,86.56785774230957
gep17,00,2026-05-17,2026-05-31,gcrew,noaa_gefs,17,Rain_mm_sum,14,0.10000000149011612
gep17,00,2026-05-17,2026-05-31,gcrew,noaa_gefs,17,ShortwaveRadiation_Wm2,14,236.5
gep17,00,2026-05-17,2026-05-31,gcrew,noaa_gefs,17,WindSpeed_ms_mean,14,4.452410245898682
gep17,00,2026-05-17,2026-06-01,gcrew,noaa_gefs,17,AirTemp_C_mean,15,21.641290283203148
gep17,00,2026-05-17,2026-06-01,gcrew,noaa_gefs,17,Pressure_Pa,15,101232.943359375
gep17,00,2026-05-17,2026-06-01,gcrew,noaa_gefs,17,RH_percent_mean,15,85.77047920227051
gep17,00,2026-05-17,2026-06-01,gcrew,noaa_gefs,17,Rain_mm_sum,15,0.20000000298023224
gep17,00,2026-05-17,2026-06-01,gcrew,noaa_gefs,17,ShortwaveRadiation_Wm2,15,319.25
gep17,00,2026-05-17,2026-06-01,gcrew,noaa_gefs,17,WindSpeed_ms_mean,15,4.987514627831614
gep17,00,2026-05-17,2026-06-02,gcrew,noaa_gefs,17,AirTemp_C_mean,16,23.64350280761721
gep17,00,2026-05-17,2026-06-02,gcrew,noaa_gefs,17,Pressure_Pa,16,100336.03125
gep17,00,2026-05-17,2026-06-02,gcrew,noaa_gefs,17,RH_percent_mean,16,79.2158031463623
gep17,00,2026-05-17,2026-06-02,gcrew,noaa_gefs,17,Rain_mm_sum,16,0.10000000149011612
gep17,00,2026-05-17,2026-06-02,gcrew,noaa_gefs,17,ShortwaveRadiation_Wm2,16,248.5
gep17,00,2026-05-17,2026-06-02,gcrew,noaa_gefs,17,WindSpeed_ms_mean,16,6.294558916761398
gep17,00,2026-05-17,2026-06-03,gcrew,noaa_gefs,17,AirTemp_C_mean,17,21.807466125488304
gep17,00,2026-05-17,2026-06-03,gcrew,noaa_gefs,17,Pressure_Pa,17,100524.14453125
gep17,00,2026-05-17,2026-06-03,gcrew,noaa_gefs,17,RH_percent_mean,17,82.67036247253418
gep17,00,2026-05-17,2026-06-03,gcrew,noaa_gefs,17,Rain_mm_sum,17,4.900000035762787
gep17,00,2026-05-17,2026-06-03,gcrew,noaa_gefs,17,ShortwaveRadiation_Wm2,17,192.5
gep17,00,2026-05-17,2026-06-03,gcrew,noaa_gefs,17,WindSpeed_ms_mean,17,6.2389494415019655
gep17,00,2026-05-17,2026-06-04,gcrew,noaa_gefs,17,AirTemp_C_mean,18,19.62371978759768
gep17,00,2026-05-17,2026-06-04,gcrew,noaa_gefs,17,Pressure_Pa,18,101363.12109375
gep17,00,2026-05-17,2026-06-04,gcrew,noaa_gefs,17,RH_percent_mean,18,59.62021350860596
gep17,00,2026-05-17,2026-06-04,gcrew,noaa_gefs,17,Rain_mm_sum,18,0
gep17,00,2026-05-17,2026-06-04,gcrew,noaa_gefs,17,ShortwaveRadiation_Wm2,18,353
gep17,00,2026-05-17,2026-06-04,gcrew,noaa_gefs,17,WindSpeed_ms_mean,18,5.129538041845657
gep17,00,2026-05-17,2026-06-05,gcrew,noaa_gefs,17,AirTemp_C_mean,19,18.13916931152346
gep17,00,2026-05-17,2026-06-05,gcrew,noaa_gefs,17,Pressure_Pa,19,102108.5078125
gep17,00,2026-05-17,2026-06-05,gcrew,noaa_gefs,17,RH_percent_mean,19,67.04474639892578
gep17,00,2026-05-17,2026-06-05,gcrew,noaa_gefs,17,Rain_mm_sum,19,0
gep17,00,2026-05-17,2026-06-05,gcrew,noaa_gefs,17,ShortwaveRadiation_Wm2,19,292.75
gep17,00,2026-05-17,2026-06-05,gcrew,noaa_gefs,17,WindSpeed_ms_mean,19,5.191744913150064
gep17,00,2026-05-17,2026-06-06,gcrew,noaa_gefs,17,AirTemp_C_mean,20,17.265962219238304
gep17,00,2026-05-17,2026-06-06,gcrew,noaa_gefs,17,Pressure_Pa,20,102458.673828125
gep17,00,2026-05-17,2026-06-06,gcrew,noaa_gefs,17,RH_percent_mean,20,61.6632661819458
gep17,00,2026-05-17,2026-06-06,gcrew,noaa_gefs,17,Rain_mm_sum,20,0
gep17,00,2026-05-17,2026-06-06,gcrew,noaa_gefs,17,ShortwaveRadiation_Wm2,20,353.75
gep17,00,2026-05-17,2026-06-06,gcrew,noaa_gefs,17,WindSpeed_ms_mean,20,6.67467006888216
gep17,00,2026-05-17,2026-06-07,gcrew,noaa_gefs,17,AirTemp_C_mean,21,17.46930847167971
gep17,00,2026-05-17,2026-06-07,gcrew,noaa_gefs,17,Pressure_Pa,21,102539.91796875
gep17,00,2026-05-17,2026-06-07,gcrew,noaa_gefs,17,RH_percent_mean,21,57.39550495147705
gep17,00,2026-05-17,2026-06-07,gcrew,noaa_gefs,17,Rain_mm_sum,21,0
gep17,00,2026-05-17,2026-06-07,gcrew,noaa_gefs,17,ShortwaveRadiation_Wm2,21,311.25
gep17,00,2026-05-17,2026-06-07,gcrew,noaa_gefs,17,WindSpeed_ms_mean,21,6.253105276917296
gep17,00,2026-05-17,2026-06-08,gcrew,noaa_gefs,17,AirTemp_C_mean,22,18.264520263671898
gep17,00,2026-05-17,2026-06-08,gcrew,noaa_gefs,17,Pressure_Pa,22,102453.42578125
gep17,00,2026-05-17,2026-06-08,gcrew,noaa_gefs,17,RH_percent_mean,22,69.18738460540771
gep17,00,2026-05-17,2026-06-08,gcrew,noaa_gefs,17,Rain_mm_sum,22,0
gep17,00,2026-05-17,2026-06-08,gcrew,noaa_gefs,17,ShortwaveRadiation_Wm2,22,358.75
gep17,00,2026-05-17,2026-06-08,gcrew,noaa_gefs,17,WindSpeed_ms_mean,22,5.268783443054002
gep17,00,2026-05-17,2026-06-09,gcrew,noaa_gefs,17,AirTemp_C_mean,23,19.784394836425804
gep17,00,2026-05-17,2026-06-09,gcrew,noaa_gefs,17,Pressure_Pa,23,102266.64453125
gep17,00,2026-05-17,2026-06-09,gcrew,noaa_gefs,17,RH_percent_mean,23,76.86220645904541
gep17,00,2026-05-17,2026-06-09,gcrew,noaa_gefs,17,Rain_mm_sum,23,0
gep17,00,2026-05-17,2026-06-09,gcrew,noaa_gefs,17,ShortwaveRadiation_Wm2,23,315.5
gep17,00,2026-05-17,2026-06-09,gcrew,noaa_gefs,17,WindSpeed_ms_mean,23,4.38349937840495
gep17,00,2026-05-17,2026-06-10,gcrew,noaa_gefs,17,AirTemp_C_mean,24,19.276849365234398
gep17,00,2026-05-17,2026-06-10,gcrew,noaa_gefs,17,Pressure_Pa,24,102072.908203125
gep17,00,2026-05-17,2026-06-10,gcrew,noaa_gefs,17,RH_percent_mean,24,77.74775695800781
gep17,00,2026-05-17,2026-06-10,gcrew,noaa_gefs,17,Rain_mm_sum,24,0
gep17,00,2026-05-17,2026-06-10,gcrew,noaa_gefs,17,ShortwaveRadiation_Wm2,24,344.5
gep17,00,2026-05-17,2026-06-10,gcrew,noaa_gefs,17,WindSpeed_ms_mean,24,3.046278388581381
gep17,00,2026-05-17,2026-06-11,gcrew,noaa_gefs,17,AirTemp_C_mean,25,19.354234313964866
gep17,00,2026-05-17,2026-06-11,gcrew,noaa_gefs,17,Pressure_Pa,25,101661.693359375
gep17,00,2026-05-17,2026-06-11,gcrew,noaa_gefs,17,RH_percent_mean,25,78.77657699584961
gep17,00,2026-05-17,2026-06-11,gcrew,noaa_gefs,17,Rain_mm_sum,25,0
gep17,00,2026-05-17,2026-06-11,gcrew,noaa_gefs,17,ShortwaveRadiation_Wm2,25,344.25
gep17,00,2026-05-17,2026-06-11,gcrew,noaa_gefs,17,WindSpeed_ms_mean,25,2.403215737924673
gep17,00,2026-05-17,2026-06-12,gcrew,noaa_gefs,17,AirTemp_C_mean,26,20.841760253906273
gep17,00,2026-05-17,2026-06-12,gcrew,noaa_gefs,17,Pressure_Pa,26,101401.55078125
gep17,00,2026-05-17,2026-06-12,gcrew,noaa_gefs,17,RH_percent_mean,26,86.05273246765137
gep17,00,2026-05-17,2026-06-12,gcrew,noaa_gefs,17,Rain_mm_sum,26,0.5000000074505806
gep17,00,2026-05-17,2026-06-12,gcrew,noaa_gefs,17,ShortwaveRadiation_Wm2,26,270.5
gep17,00,2026-05-17,2026-06-12,gcrew,noaa_gefs,17,WindSpeed_ms_mean,26,2.6211042370057838
gep17,00,2026-05-17,2026-06-13,gcrew,noaa_gefs,17,AirTemp_C_mean,27,22.633142089843773
gep17,00,2026-05-17,2026-06-13,gcrew,noaa_gefs,17,Pressure_Pa,27,101495.544921875
gep17,00,2026-05-17,2026-06-13,gcrew,noaa_gefs,17,RH_percent_mean,27,84.56381607055664
gep17,00,2026-05-17,2026-06-13,gcrew,noaa_gefs,17,Rain_mm_sum,27,0.30000001192092896
gep17,00,2026-05-17,2026-06-13,gcrew,noaa_gefs,17,ShortwaveRadiation_Wm2,27,331.25
gep17,00,2026-05-17,2026-06-13,gcrew,noaa_gefs,17,WindSpeed_ms_mean,27,4.002934118539743
gep17,00,2026-05-17,2026-06-14,gcrew,noaa_gefs,17,AirTemp_C_mean,28,23.382600402832054
gep17,00,2026-05-17,2026-06-14,gcrew,noaa_gefs,17,Pressure_Pa,28,101357.177734375
gep17,00,2026-05-17,2026-06-14,gcrew,noaa_gefs,17,RH_percent_mean,28,89.37162399291992
gep17,00,2026-05-17,2026-06-14,gcrew,noaa_gefs,17,Rain_mm_sum,28,2.6000000536441803
gep17,00,2026-05-17,2026-06-14,gcrew,noaa_gefs,17,ShortwaveRadiation_Wm2,28,284.75
gep17,00,2026-05-17,2026-06-14,gcrew,noaa_gefs,17,WindSpeed_ms_mean,28,3.3537151621249275
gep17,00,2026-05-17,2026-06-15,gcrew,noaa_gefs,17,AirTemp_C_mean,29,24.840669250488304
gep17,00,2026-05-17,2026-06-15,gcrew,noaa_gefs,17,Pressure_Pa,29,101524.51171875
gep17,00,2026-05-17,2026-06-15,gcrew,noaa_gefs,17,RH_percent_mean,29,77.19408130645752
gep17,00,2026-05-17,2026-06-15,gcrew,noaa_gefs,17,Rain_mm_sum,29,0.10000000149011612
gep17,00,2026-05-17,2026-06-15,gcrew,noaa_gefs,17,ShortwaveRadiation_Wm2,29,296.5
gep17,00,2026-05-17,2026-06-15,gcrew,noaa_gefs,17,WindSpeed_ms_mean,29,4.042771754237245
gep17,00,2026-05-17,2026-06-16,gcrew,noaa_gefs,17,AirTemp_C_mean,30,24.895989990234398
gep17,00,2026-05-17,2026-06-16,gcrew,noaa_gefs,17,Pressure_Pa,30,101772.68359375
gep17,00,2026-05-17,2026-06-16,gcrew,noaa_gefs,17,RH_percent_mean,30,77.33410263061523
gep17,00,2026-05-17,2026-06-16,gcrew,noaa_gefs,17,Rain_mm_sum,30,0.30000000447034836
gep17,00,2026-05-17,2026-06-16,gcrew,noaa_gefs,17,ShortwaveRadiation_Wm2,30,313.25
gep17,00,2026-05-17,2026-06-16,gcrew,noaa_gefs,17,WindSpeed_ms_mean,30,3.6732919255241057
gep17,00,2026-05-17,2026-06-17,gcrew,noaa_gefs,17,AirTemp_C_mean,31,25.772210693359398
gep17,00,2026-05-17,2026-06-17,gcrew,noaa_gefs,17,Pressure_Pa,31,101904.6171875
gep17,00,2026-05-17,2026-06-17,gcrew,noaa_gefs,17,RH_percent_mean,31,76.04165267944336
gep17,00,2026-05-17,2026-06-17,gcrew,noaa_gefs,17,Rain_mm_sum,31,0
gep17,00,2026-05-17,2026-06-17,gcrew,noaa_gefs,17,ShortwaveRadiation_Wm2,31,286.75
gep17,00,2026-05-17,2026-06-17,gcrew,noaa_gefs,17,WindSpeed_ms_mean,31,4.13248526059356
gep17,00,2026-05-17,2026-06-18,gcrew,noaa_gefs,17,AirTemp_C_mean,32,25.74041900634768
gep17,00,2026-05-17,2026-06-18,gcrew,noaa_gefs,17,Pressure_Pa,32,101534.314453125
gep17,00,2026-05-17,2026-06-18,gcrew,noaa_gefs,17,RH_percent_mean,32,80.33454704284668
gep17,00,2026-05-17,2026-06-18,gcrew,noaa_gefs,17,Rain_mm_sum,32,8.800000250339508
gep17,00,2026-05-17,2026-06-18,gcrew,noaa_gefs,17,ShortwaveRadiation_Wm2,32,311.5
gep17,00,2026-05-17,2026-06-18,gcrew,noaa_gefs,17,WindSpeed_ms_mean,32,4.21631310842572
gep17,00,2026-05-17,2026-06-19,gcrew,noaa_gefs,17,AirTemp_C_mean,33,24.15681610107424
gep17,00,2026-05-17,2026-06-19,gcrew,noaa_gefs,17,Pressure_Pa,33,101012.509765625
gep17,00,2026-05-17,2026-06-19,gcrew,noaa_gefs,17,RH_percent_mean,33,84.10998153686523
gep17,00,2026-05-17,2026-06-19,gcrew,noaa_gefs,17,Rain_mm_sum,33,37.50000125169754
gep17,00,2026-05-17,2026-06-19,gcrew,noaa_gefs,17,ShortwaveRadiation_Wm2,33,322.25
gep17,00,2026-05-17,2026-06-19,gcrew,noaa_gefs,17,WindSpeed_ms_mean,33,5.041177238306991
gep17,00,2026-05-17,2026-06-20,gcrew,noaa_gefs,17,AirTemp_C_mean,34,21.24146423339846
gep17,00,2026-05-17,2026-06-20,gcrew,noaa_gefs,17,Pressure_Pa,34,101358.76953125
gep17,00,2026-05-17,2026-06-20,gcrew,noaa_gefs,17,RH_percent_mean,34,58.25197887420654
gep17,00,2026-05-17,2026-06-20,gcrew,noaa_gefs,17,Rain_mm_sum,34,0
gep17,00,2026-05-17,2026-06-20,gcrew,noaa_gefs,17,ShortwaveRadiation_Wm2,34,354.5
gep17,00,2026-05-17,2026-06-20,gcrew,noaa_gefs,17,WindSpeed_ms_mean,34,7.9283052740783315
gep18,00,2026-05-17,2026-05-18,gcrew,noaa_gefs,18,AirTemp_C_mean,1,20.541738128662132
gep18,00,2026-05-17,2026-05-18,gcrew,noaa_gefs,18,Pressure_Pa,1,102011.392578125
gep18,00,2026-05-17,2026-05-18,gcrew,noaa_gefs,18,RH_percent_mean,1,84.17081260681152
gep18,00,2026-05-17,2026-05-18,gcrew,noaa_gefs,18,Rain_mm_sum,1,6.350000023841858
gep18,00,2026-05-17,2026-05-18,gcrew,noaa_gefs,18,ShortwaveRadiation_Wm2,1,332.125
gep18,00,2026-05-17,2026-05-18,gcrew,noaa_gefs,18,WindSpeed_ms_mean,1,2.606449622457496
gep18,00,2026-05-17,2026-05-19,gcrew,noaa_gefs,18,AirTemp_C_mean,2,23.0995918273926
gep18,00,2026-05-17,2026-05-19,gcrew,noaa_gefs,18,Pressure_Pa,2,101806.55859375
gep18,00,2026-05-17,2026-05-19,gcrew,noaa_gefs,18,RH_percent_mean,2,68.34389972686768
gep18,00,2026-05-17,2026-05-19,gcrew,noaa_gefs,18,Rain_mm_sum,2,1.8000000268220901
gep18,00,2026-05-17,2026-05-19,gcrew,noaa_gefs,18,ShortwaveRadiation_Wm2,2,334.75
gep18,00,2026-05-17,2026-05-19,gcrew,noaa_gefs,18,WindSpeed_ms_mean,2,3.4067788659044838
gep18,00,2026-05-17,2026-05-20,gcrew,noaa_gefs,18,AirTemp_C_mean,3,22.52497253417971
gep18,00,2026-05-17,2026-05-20,gcrew,noaa_gefs,18,Pressure_Pa,3,101325.6357421875
gep18,00,2026-05-17,2026-05-20,gcrew,noaa_gefs,18,RH_percent_mean,3,71.24866104125977
gep18,00,2026-05-17,2026-05-20,gcrew,noaa_gefs,18,Rain_mm_sum,3,26.70000010728836
gep18,00,2026-05-17,2026-05-20,gcrew,noaa_gefs,18,ShortwaveRadiation_Wm2,3,262.375
gep18,00,2026-05-17,2026-05-20,gcrew,noaa_gefs,18,WindSpeed_ms_mean,3,4.549640011874029
gep18,00,2026-05-17,2026-05-21,gcrew,noaa_gefs,18,AirTemp_C_mean,4,15.515148053850469
gep18,00,2026-05-17,2026-05-21,gcrew,noaa_gefs,18,Pressure_Pa,4,101836.072265625
gep18,00,2026-05-17,2026-05-21,gcrew,noaa_gefs,18,RH_percent_mean,4,76.015167236328125
gep18,00,2026-05-17,2026-05-21,gcrew,noaa_gefs,18,Rain_mm_sum,4,9.399999812245369
gep18,00,2026-05-17,2026-05-21,gcrew,noaa_gefs,18,ShortwaveRadiation_Wm2,4,97.625
gep18,00,2026-05-17,2026-05-21,gcrew,noaa_gefs,18,WindSpeed_ms_mean,4,3.6808240475840406
gep18,00,2026-05-17,2026-05-22,gcrew,noaa_gefs,18,AirTemp_C_mean,5,14.000840759277366
gep18,00,2026-05-17,2026-05-22,gcrew,noaa_gefs,18,Pressure_Pa,5,101988.966796875
gep18,00,2026-05-17,2026-05-22,gcrew,noaa_gefs,18,RH_percent_mean,5,84.21332263946533
gep18,00,2026-05-17,2026-05-22,gcrew,noaa_gefs,18,Rain_mm_sum,5,9.800000049173832
gep18,00,2026-05-17,2026-05-22,gcrew,noaa_gefs,18,ShortwaveRadiation_Wm2,5,22.75
gep18,00,2026-05-17,2026-05-22,gcrew,noaa_gefs,18,WindSpeed_ms_mean,5,4.696523470041017
gep18,00,2026-05-17,2026-05-23,gcrew,noaa_gefs,18,AirTemp_C_mean,6,13.291490173339866
gep18,00,2026-05-17,2026-05-23,gcrew,noaa_gefs,18,Pressure_Pa,6,102242.6494140625
gep18,00,2026-05-17,2026-05-23,gcrew,noaa_gefs,18,RH_percent_mean,6,95.31106090545654
gep18,00,2026-05-17,2026-05-23,gcrew,noaa_gefs,18,Rain_mm_sum,6,41.290000796318054
gep18,00,2026-05-17,2026-05-23,gcrew,noaa_gefs,18,ShortwaveRadiation_Wm2,6,8.625
gep18,00,2026-05-17,2026-05-23,gcrew,noaa_gefs,18,WindSpeed_ms_mean,6,6.730171879016334
gep18,00,2026-05-17,2026-05-24,gcrew,noaa_gefs,18,AirTemp_C_mean,7,13.87753829956057
gep18,00,2026-05-17,2026-05-24,gcrew,noaa_gefs,18,Pressure_Pa,7,102702.9013671875
gep18,00,2026-05-17,2026-05-24,gcrew,noaa_gefs,18,RH_percent_mean,7,89.53658866882324
gep18,00,2026-05-17,2026-05-24,gcrew,noaa_gefs,18,Rain_mm_sum,7,1.5000000074505806
gep18,00,2026-05-17,2026-05-24,gcrew,noaa_gefs,18,ShortwaveRadiation_Wm2,7,55.5
gep18,00,2026-05-17,2026-05-24,gcrew,noaa_gefs,18,WindSpeed_ms_mean,7,4.664883181526184
gep18,00,2026-05-17,2026-05-25,gcrew,noaa_gefs,18,AirTemp_C_mean,8,13.337792968750023
gep18,00,2026-05-17,2026-05-25,gcrew,noaa_gefs,18,Pressure_Pa,8,103076.4609375
gep18,00,2026-05-17,2026-05-25,gcrew,noaa_gefs,18,RH_percent_mean,8,78.87850284576416
gep18,00,2026-05-17,2026-05-25,gcrew,noaa_gefs,18,Rain_mm_sum,8,0
gep18,00,2026-05-17,2026-05-25,gcrew,noaa_gefs,18,ShortwaveRadiation_Wm2,8,160.625
gep18,00,2026-05-17,2026-05-25,gcrew,noaa_gefs,18,WindSpeed_ms_mean,8,4.284401237933425
gep18,00,2026-05-17,2026-05-26,gcrew,noaa_gefs,18,AirTemp_C_mean,9,13.400532749721005
gep18,00,2026-05-17,2026-05-26,gcrew,noaa_gefs,18,Pressure_Pa,9,102888.00669642857
gep18,00,2026-05-17,2026-05-26,gcrew,noaa_gefs,18,RH_percent_mean,9,66.3826152256557
gep18,00,2026-05-17,2026-05-26,gcrew,noaa_gefs,18,Rain_mm_sum,9,0
gep18,00,2026-05-17,2026-05-26,gcrew,noaa_gefs,18,ShortwaveRadiation_Wm2,9,372.2857142857143
gep18,00,2026-05-17,2026-05-26,gcrew,noaa_gefs,18,WindSpeed_ms_mean,9,2.9715455604219634
gep18,00,2026-05-17,2026-05-27,gcrew,noaa_gefs,18,AirTemp_C_mean,10,17.38470611572268
gep18,00,2026-05-17,2026-05-27,gcrew,noaa_gefs,18,Pressure_Pa,10,102230.107421875
gep18,00,2026-05-17,2026-05-27,gcrew,noaa_gefs,18,RH_percent_mean,10,76.62809085845947
gep18,00,2026-05-17,2026-05-27,gcrew,noaa_gefs,18,Rain_mm_sum,10,0
gep18,00,2026-05-17,2026-05-27,gcrew,noaa_gefs,18,ShortwaveRadiation_Wm2,10,292
gep18,00,2026-05-17,2026-05-27,gcrew,noaa_gefs,18,WindSpeed_ms_mean,10,3.292260275209521
gep18,00,2026-05-17,2026-05-28,gcrew,noaa_gefs,18,AirTemp_C_mean,11,18.825532531738304
gep18,00,2026-05-17,2026-05-28,gcrew,noaa_gefs,18,Pressure_Pa,11,101594.103515625
gep18,00,2026-05-17,2026-05-28,gcrew,noaa_gefs,18,RH_percent_mean,11,88.5962963104248
gep18,00,2026-05-17,2026-05-28,gcrew,noaa_gefs,18,Rain_mm_sum,11,3.2000001445412636
gep18,00,2026-05-17,2026-05-28,gcrew,noaa_gefs,18,ShortwaveRadiation_Wm2,11,232.25
gep18,00,2026-05-17,2026-05-28,gcrew,noaa_gefs,18,WindSpeed_ms_mean,11,1.843962609809163
gep18,00,2026-05-17,2026-05-29,gcrew,noaa_gefs,18,AirTemp_C_mean,12,20.632531738281273
gep18,00,2026-05-17,2026-05-29,gcrew,noaa_gefs,18,Pressure_Pa,12,101605.099609375
gep18,00,2026-05-17,2026-05-29,gcrew,noaa_gefs,18,RH_percent_mean,12,90.68621635437012
gep18,00,2026-05-17,2026-05-29,gcrew,noaa_gefs,18,Rain_mm_sum,12,8.700000047683716
gep18,00,2026-05-17,2026-05-29,gcrew,noaa_gefs,18,ShortwaveRadiation_Wm2,12,303.25
gep18,00,2026-05-17,2026-05-29,gcrew,noaa_gefs,18,WindSpeed_ms_mean,12,2.2984613975817045
gep18,00,2026-05-17,2026-05-30,gcrew,noaa_gefs,18,AirTemp_C_mean,13,20.257226562500023
gep18,00,2026-05-17,2026-05-30,gcrew,noaa_gefs,18,Pressure_Pa,13,101830.51953125
gep18,00,2026-05-17,2026-05-30,gcrew,noaa_gefs,18,RH_percent_mean,13,89.01692962646484
gep18,00,2026-05-17,2026-05-30,gcrew,noaa_gefs,18,Rain_mm_sum,13,0.700000025331974
gep18,00,2026-05-17,2026-05-30,gcrew,noaa_gefs,18,ShortwaveRadiation_Wm2,13,279
gep18,00,2026-05-17,2026-05-30,gcrew,noaa_gefs,18,WindSpeed_ms_mean,13,7.177529832521996
gep18,00,2026-05-17,2026-05-31,gcrew,noaa_gefs,18,AirTemp_C_mean,14,20.746133422851585
gep18,00,2026-05-17,2026-05-31,gcrew,noaa_gefs,18,Pressure_Pa,14,101566.6875
gep18,00,2026-05-17,2026-05-31,gcrew,noaa_gefs,18,RH_percent_mean,14,86.56785774230957
gep18,00,2026-05-17,2026-05-31,gcrew,noaa_gefs,18,Rain_mm_sum,14,0.10000000149011612
gep18,00,2026-05-17,2026-05-31,gcrew,noaa_gefs,18,ShortwaveRadiation_Wm2,14,236.5
gep18,00,2026-05-17,2026-05-31,gcrew,noaa_gefs,18,WindSpeed_ms_mean,14,4.452410245898682
gep18,00,2026-05-17,2026-06-01,gcrew,noaa_gefs,18,AirTemp_C_mean,15,21.641290283203148
gep18,00,2026-05-17,2026-06-01,gcrew,noaa_gefs,18,Pressure_Pa,15,101232.943359375
gep18,00,2026-05-17,2026-06-01,gcrew,noaa_gefs,18,RH_percent_mean,15,85.77047920227051
gep18,00,2026-05-17,2026-06-01,gcrew,noaa_gefs,18,Rain_mm_sum,15,0.20000000298023224
gep18,00,2026-05-17,2026-06-01,gcrew,noaa_gefs,18,ShortwaveRadiation_Wm2,15,319.25
gep18,00,2026-05-17,2026-06-01,gcrew,noaa_gefs,18,WindSpeed_ms_mean,15,4.987514627831614
gep18,00,2026-05-17,2026-06-02,gcrew,noaa_gefs,18,AirTemp_C_mean,16,23.64350280761721
gep18,00,2026-05-17,2026-06-02,gcrew,noaa_gefs,18,Pressure_Pa,16,100336.03125
gep18,00,2026-05-17,2026-06-02,gcrew,noaa_gefs,18,RH_percent_mean,16,79.2158031463623
gep18,00,2026-05-17,2026-06-02,gcrew,noaa_gefs,18,Rain_mm_sum,16,0.10000000149011612
gep18,00,2026-05-17,2026-06-02,gcrew,noaa_gefs,18,ShortwaveRadiation_Wm2,16,248.5
gep18,00,2026-05-17,2026-06-02,gcrew,noaa_gefs,18,WindSpeed_ms_mean,16,6.294558916761398
gep18,00,2026-05-17,2026-06-03,gcrew,noaa_gefs,18,AirTemp_C_mean,17,21.807466125488304
gep18,00,2026-05-17,2026-06-03,gcrew,noaa_gefs,18,Pressure_Pa,17,100524.14453125
gep18,00,2026-05-17,2026-06-03,gcrew,noaa_gefs,18,RH_percent_mean,17,82.67036247253418
gep18,00,2026-05-17,2026-06-03,gcrew,noaa_gefs,18,Rain_mm_sum,17,4.900000035762787
gep18,00,2026-05-17,2026-06-03,gcrew,noaa_gefs,18,ShortwaveRadiation_Wm2,17,192.5
gep18,00,2026-05-17,2026-06-03,gcrew,noaa_gefs,18,WindSpeed_ms_mean,17,6.2389494415019655
gep18,00,2026-05-17,2026-06-04,gcrew,noaa_gefs,18,AirTemp_C_mean,18,19.62371978759768
gep18,00,2026-05-17,2026-06-04,gcrew,noaa_gefs,18,Pressure_Pa,18,101363.12109375
gep18,00,2026-05-17,2026-06-04,gcrew,noaa_gefs,18,RH_percent_mean,18,59.62021350860596
gep18,00,2026-05-17,2026-06-04,gcrew,noaa_gefs,18,Rain_mm_sum,18,0
gep18,00,2026-05-17,2026-06-04,gcrew,noaa_gefs,18,ShortwaveRadiation_Wm2,18,353
gep18,00,2026-05-17,2026-06-04,gcrew,noaa_gefs,18,WindSpeed_ms_mean,18,5.129538041845657
gep18,00,2026-05-17,2026-06-05,gcrew,noaa_gefs,18,AirTemp_C_mean,19,18.13916931152346
gep18,00,2026-05-17,2026-06-05,gcrew,noaa_gefs,18,Pressure_Pa,19,102108.5078125
gep18,00,2026-05-17,2026-06-05,gcrew,noaa_gefs,18,RH_percent_mean,19,67.04474639892578
gep18,00,2026-05-17,2026-06-05,gcrew,noaa_gefs,18,Rain_mm_sum,19,0
gep18,00,2026-05-17,2026-06-05,gcrew,noaa_gefs,18,ShortwaveRadiation_Wm2,19,292.75
gep18,00,2026-05-17,2026-06-05,gcrew,noaa_gefs,18,WindSpeed_ms_mean,19,5.191744913150064
gep18,00,2026-05-17,2026-06-06,gcrew,noaa_gefs,18,AirTemp_C_mean,20,17.265962219238304
gep18,00,2026-05-17,2026-06-06,gcrew,noaa_gefs,18,Pressure_Pa,20,102458.673828125
gep18,00,2026-05-17,2026-06-06,gcrew,noaa_gefs,18,RH_percent_mean,20,61.6632661819458
gep18,00,2026-05-17,2026-06-06,gcrew,noaa_gefs,18,Rain_mm_sum,20,0
gep18,00,2026-05-17,2026-06-06,gcrew,noaa_gefs,18,ShortwaveRadiation_Wm2,20,353.75
gep18,00,2026-05-17,2026-06-06,gcrew,noaa_gefs,18,WindSpeed_ms_mean,20,6.67467006888216
gep18,00,2026-05-17,2026-06-07,gcrew,noaa_gefs,18,AirTemp_C_mean,21,17.46930847167971
gep18,00,2026-05-17,2026-06-07,gcrew,noaa_gefs,18,Pressure_Pa,21,102539.91796875
gep18,00,2026-05-17,2026-06-07,gcrew,noaa_gefs,18,RH_percent_mean,21,57.39550495147705
gep18,00,2026-05-17,2026-06-07,gcrew,noaa_gefs,18,Rain_mm_sum,21,0
gep18,00,2026-05-17,2026-06-07,gcrew,noaa_gefs,18,ShortwaveRadiation_Wm2,21,311.25
gep18,00,2026-05-17,2026-06-07,gcrew,noaa_gefs,18,WindSpeed_ms_mean,21,6.253105276917296
gep18,00,2026-05-17,2026-06-08,gcrew,noaa_gefs,18,AirTemp_C_mean,22,18.264520263671898
gep18,00,2026-05-17,2026-06-08,gcrew,noaa_gefs,18,Pressure_Pa,22,102453.42578125
gep18,00,2026-05-17,2026-06-08,gcrew,noaa_gefs,18,RH_percent_mean,22,69.18738460540771
gep18,00,2026-05-17,2026-06-08,gcrew,noaa_gefs,18,Rain_mm_sum,22,0
gep18,00,2026-05-17,2026-06-08,gcrew,noaa_gefs,18,ShortwaveRadiation_Wm2,22,358.75
gep18,00,2026-05-17,2026-06-08,gcrew,noaa_gefs,18,WindSpeed_ms_mean,22,5.268783443054002
gep18,00,2026-05-17,2026-06-09,gcrew,noaa_gefs,18,AirTemp_C_mean,23,19.784394836425804
gep18,00,2026-05-17,2026-06-09,gcrew,noaa_gefs,18,Pressure_Pa,23,102266.64453125
gep18,00,2026-05-17,2026-06-09,gcrew,noaa_gefs,18,RH_percent_mean,23,76.86220645904541
gep18,00,2026-05-17,2026-06-09,gcrew,noaa_gefs,18,Rain_mm_sum,23,0
gep18,00,2026-05-17,2026-06-09,gcrew,noaa_gefs,18,ShortwaveRadiation_Wm2,23,315.5
gep18,00,2026-05-17,2026-06-09,gcrew,noaa_gefs,18,WindSpeed_ms_mean,23,4.38349937840495
gep18,00,2026-05-17,2026-06-10,gcrew,noaa_gefs,18,AirTemp_C_mean,24,19.276849365234398
gep18,00,2026-05-17,2026-06-10,gcrew,noaa_gefs,18,Pressure_Pa,24,102072.908203125
gep18,00,2026-05-17,2026-06-10,gcrew,noaa_gefs,18,RH_percent_mean,24,77.74775695800781
gep18,00,2026-05-17,2026-06-10,gcrew,noaa_gefs,18,Rain_mm_sum,24,0
gep18,00,2026-05-17,2026-06-10,gcrew,noaa_gefs,18,ShortwaveRadiation_Wm2,24,344.5
gep18,00,2026-05-17,2026-06-10,gcrew,noaa_gefs,18,WindSpeed_ms_mean,24,3.046278388581381
gep18,00,2026-05-17,2026-06-11,gcrew,noaa_gefs,18,AirTemp_C_mean,25,19.354234313964866
gep18,00,2026-05-17,2026-06-11,gcrew,noaa_gefs,18,Pressure_Pa,25,101661.693359375
gep18,00,2026-05-17,2026-06-11,gcrew,noaa_gefs,18,RH_percent_mean,25,78.77657699584961
gep18,00,2026-05-17,2026-06-11,gcrew,noaa_gefs,18,Rain_mm_sum,25,0
gep18,00,2026-05-17,2026-06-11,gcrew,noaa_gefs,18,ShortwaveRadiation_Wm2,25,344.25
gep18,00,2026-05-17,2026-06-11,gcrew,noaa_gefs,18,WindSpeed_ms_mean,25,2.403215737924673
gep18,00,2026-05-17,2026-06-12,gcrew,noaa_gefs,18,AirTemp_C_mean,26,20.841760253906273
gep18,00,2026-05-17,2026-06-12,gcrew,noaa_gefs,18,Pressure_Pa,26,101401.55078125
gep18,00,2026-05-17,2026-06-12,gcrew,noaa_gefs,18,RH_percent_mean,26,86.05273246765137
gep18,00,2026-05-17,2026-06-12,gcrew,noaa_gefs,18,Rain_mm_sum,26,0.5000000074505806
gep18,00,2026-05-17,2026-06-12,gcrew,noaa_gefs,18,ShortwaveRadiation_Wm2,26,270.5
gep18,00,2026-05-17,2026-06-12,gcrew,noaa_gefs,18,WindSpeed_ms_mean,26,2.6211042370057838
gep18,00,2026-05-17,2026-06-13,gcrew,noaa_gefs,18,AirTemp_C_mean,27,22.633142089843773
gep18,00,2026-05-17,2026-06-13,gcrew,noaa_gefs,18,Pressure_Pa,27,101495.544921875
gep18,00,2026-05-17,2026-06-13,gcrew,noaa_gefs,18,RH_percent_mean,27,84.56381607055664
gep18,00,2026-05-17,2026-06-13,gcrew,noaa_gefs,18,Rain_mm_sum,27,0.30000001192092896
gep18,00,2026-05-17,2026-06-13,gcrew,noaa_gefs,18,ShortwaveRadiation_Wm2,27,331.25
gep18,00,2026-05-17,2026-06-13,gcrew,noaa_gefs,18,WindSpeed_ms_mean,27,4.002934118539743
gep18,00,2026-05-17,2026-06-14,gcrew,noaa_gefs,18,AirTemp_C_mean,28,23.382600402832054
gep18,00,2026-05-17,2026-06-14,gcrew,noaa_gefs,18,Pressure_Pa,28,101357.177734375
gep18,00,2026-05-17,2026-06-14,gcrew,noaa_gefs,18,RH_percent_mean,28,89.37162399291992
gep18,00,2026-05-17,2026-06-14,gcrew,noaa_gefs,18,Rain_mm_sum,28,2.6000000536441803
gep18,00,2026-05-17,2026-06-14,gcrew,noaa_gefs,18,ShortwaveRadiation_Wm2,28,284.75
gep18,00,2026-05-17,2026-06-14,gcrew,noaa_gefs,18,WindSpeed_ms_mean,28,3.3537151621249275
gep18,00,2026-05-17,2026-06-15,gcrew,noaa_gefs,18,AirTemp_C_mean,29,24.840669250488304
gep18,00,2026-05-17,2026-06-15,gcrew,noaa_gefs,18,Pressure_Pa,29,101524.51171875
gep18,00,2026-05-17,2026-06-15,gcrew,noaa_gefs,18,RH_percent_mean,29,77.19408130645752
gep18,00,2026-05-17,2026-06-15,gcrew,noaa_gefs,18,Rain_mm_sum,29,0.10000000149011612
gep18,00,2026-05-17,2026-06-15,gcrew,noaa_gefs,18,ShortwaveRadiation_Wm2,29,296.5
gep18,00,2026-05-17,2026-06-15,gcrew,noaa_gefs,18,WindSpeed_ms_mean,29,4.042771754237245
gep18,00,2026-05-17,2026-06-16,gcrew,noaa_gefs,18,AirTemp_C_mean,30,24.895989990234398
gep18,00,2026-05-17,2026-06-16,gcrew,noaa_gefs,18,Pressure_Pa,30,101772.68359375
gep18,00,2026-05-17,2026-06-16,gcrew,noaa_gefs,18,RH_percent_mean,30,77.33410263061523
gep18,00,2026-05-17,2026-06-16,gcrew,noaa_gefs,18,Rain_mm_sum,30,0.30000000447034836
gep18,00,2026-05-17,2026-06-16,gcrew,noaa_gefs,18,ShortwaveRadiation_Wm2,30,313.25
gep18,00,2026-05-17,2026-06-16,gcrew,noaa_gefs,18,WindSpeed_ms_mean,30,3.6732919255241057
gep18,00,2026-05-17,2026-06-17,gcrew,noaa_gefs,18,AirTemp_C_mean,31,25.772210693359398
gep18,00,2026-05-17,2026-06-17,gcrew,noaa_gefs,18,Pressure_Pa,31,101904.6171875
gep18,00,2026-05-17,2026-06-17,gcrew,noaa_gefs,18,RH_percent_mean,31,76.04165267944336
gep18,00,2026-05-17,2026-06-17,gcrew,noaa_gefs,18,Rain_mm_sum,31,0
gep18,00,2026-05-17,2026-06-17,gcrew,noaa_gefs,18,ShortwaveRadiation_Wm2,31,286.75
gep18,00,2026-05-17,2026-06-17,gcrew,noaa_gefs,18,WindSpeed_ms_mean,31,4.13248526059356
gep18,00,2026-05-17,2026-06-18,gcrew,noaa_gefs,18,AirTemp_C_mean,32,25.74041900634768
gep18,00,2026-05-17,2026-06-18,gcrew,noaa_gefs,18,Pressure_Pa,32,101534.314453125
gep18,00,2026-05-17,2026-06-18,gcrew,noaa_gefs,18,RH_percent_mean,32,80.33454704284668
gep18,00,2026-05-17,2026-06-18,gcrew,noaa_gefs,18,Rain_mm_sum,32,8.800000250339508
gep18,00,2026-05-17,2026-06-18,gcrew,noaa_gefs,18,ShortwaveRadiation_Wm2,32,311.5
gep18,00,2026-05-17,2026-06-18,gcrew,noaa_gefs,18,WindSpeed_ms_mean,32,4.21631310842572
gep18,00,2026-05-17,2026-06-19,gcrew,noaa_gefs,18,AirTemp_C_mean,33,24.15681610107424
gep18,00,2026-05-17,2026-06-19,gcrew,noaa_gefs,18,Pressure_Pa,33,101012.509765625
gep18,00,2026-05-17,2026-06-19,gcrew,noaa_gefs,18,RH_percent_mean,33,84.10998153686523
gep18,00,2026-05-17,2026-06-19,gcrew,noaa_gefs,18,Rain_mm_sum,33,37.50000125169754
gep18,00,2026-05-17,2026-06-19,gcrew,noaa_gefs,18,ShortwaveRadiation_Wm2,33,322.25
gep18,00,2026-05-17,2026-06-19,gcrew,noaa_gefs,18,WindSpeed_ms_mean,33,5.041177238306991
gep18,00,2026-05-17,2026-06-20,gcrew,noaa_gefs,18,AirTemp_C_mean,34,21.24146423339846
gep18,00,2026-05-17,2026-06-20,gcrew,noaa_gefs,18,Pressure_Pa,34,101358.76953125
gep18,00,2026-05-17,2026-06-20,gcrew,noaa_gefs,18,RH_percent_mean,34,58.25197887420654
gep18,00,2026-05-17,2026-06-20,gcrew,noaa_gefs,18,Rain_mm_sum,34,0
gep18,00,2026-05-17,2026-06-20,gcrew,noaa_gefs,18,ShortwaveRadiation_Wm2,34,354.5
gep18,00,2026-05-17,2026-06-20,gcrew,noaa_gefs,18,WindSpeed_ms_mean,34,7.9283052740783315
gep19,00,2026-05-17,2026-05-18,gcrew,noaa_gefs,19,AirTemp_C_mean,1,20.541738128662132
gep19,00,2026-05-17,2026-05-18,gcrew,noaa_gefs,19,Pressure_Pa,1,102011.392578125
gep19,00,2026-05-17,2026-05-18,gcrew,noaa_gefs,19,RH_percent_mean,1,84.17081260681152
gep19,00,2026-05-17,2026-05-18,gcrew,noaa_gefs,19,Rain_mm_sum,1,6.350000023841858
gep19,00,2026-05-17,2026-05-18,gcrew,noaa_gefs,19,ShortwaveRadiation_Wm2,1,332.125
gep19,00,2026-05-17,2026-05-18,gcrew,noaa_gefs,19,WindSpeed_ms_mean,1,2.606449622457496
gep19,00,2026-05-17,2026-05-19,gcrew,noaa_gefs,19,AirTemp_C_mean,2,23.0995918273926
gep19,00,2026-05-17,2026-05-19,gcrew,noaa_gefs,19,Pressure_Pa,2,101806.55859375
gep19,00,2026-05-17,2026-05-19,gcrew,noaa_gefs,19,RH_percent_mean,2,68.34389972686768
gep19,00,2026-05-17,2026-05-19,gcrew,noaa_gefs,19,Rain_mm_sum,2,1.8000000268220901
gep19,00,2026-05-17,2026-05-19,gcrew,noaa_gefs,19,ShortwaveRadiation_Wm2,2,334.75
gep19,00,2026-05-17,2026-05-19,gcrew,noaa_gefs,19,WindSpeed_ms_mean,2,3.4067788659044838
gep19,00,2026-05-17,2026-05-20,gcrew,noaa_gefs,19,AirTemp_C_mean,3,22.52497253417971
gep19,00,2026-05-17,2026-05-20,gcrew,noaa_gefs,19,Pressure_Pa,3,101325.6357421875
gep19,00,2026-05-17,2026-05-20,gcrew,noaa_gefs,19,RH_percent_mean,3,71.24866104125977
gep19,00,2026-05-17,2026-05-20,gcrew,noaa_gefs,19,Rain_mm_sum,3,26.70000010728836
gep19,00,2026-05-17,2026-05-20,gcrew,noaa_gefs,19,ShortwaveRadiation_Wm2,3,262.375
gep19,00,2026-05-17,2026-05-20,gcrew,noaa_gefs,19,WindSpeed_ms_mean,3,4.549640011874029
gep19,00,2026-05-17,2026-05-21,gcrew,noaa_gefs,19,AirTemp_C_mean,4,15.515148053850469
gep19,00,2026-05-17,2026-05-21,gcrew,noaa_gefs,19,Pressure_Pa,4,101836.072265625
gep19,00,2026-05-17,2026-05-21,gcrew,noaa_gefs,19,RH_percent_mean,4,76.015167236328125
gep19,00,2026-05-17,2026-05-21,gcrew,noaa_gefs,19,Rain_mm_sum,4,9.399999812245369
gep19,00,2026-05-17,2026-05-21,gcrew,noaa_gefs,19,ShortwaveRadiation_Wm2,4,97.625
gep19,00,2026-05-17,2026-05-21,gcrew,noaa_gefs,19,WindSpeed_ms_mean,4,3.6808240475840406
gep19,00,2026-05-17,2026-05-22,gcrew,noaa_gefs,19,AirTemp_C_mean,5,14.000840759277366
gep19,00,2026-05-17,2026-05-22,gcrew,noaa_gefs,19,Pressure_Pa,5,101988.966796875
gep19,00,2026-05-17,2026-05-22,gcrew,noaa_gefs,19,RH_percent_mean,5,84.21332263946533
gep19,00,2026-05-17,2026-05-22,gcrew,noaa_gefs,19,Rain_mm_sum,5,9.800000049173832
gep19,00,2026-05-17,2026-05-22,gcrew,noaa_gefs,19,ShortwaveRadiation_Wm2,5,22.75
gep19,00,2026-05-17,2026-05-22,gcrew,noaa_gefs,19,WindSpeed_ms_mean,5,4.696523470041017
gep19,00,2026-05-17,2026-05-23,gcrew,noaa_gefs,19,AirTemp_C_mean,6,13.291490173339866
gep19,00,2026-05-17,2026-05-23,gcrew,noaa_gefs,19,Pressure_Pa,6,102242.6494140625
gep19,00,2026-05-17,2026-05-23,gcrew,noaa_gefs,19,RH_percent_mean,6,95.31106090545654
gep19,00,2026-05-17,2026-05-23,gcrew,noaa_gefs,19,Rain_mm_sum,6,41.290000796318054
gep19,00,2026-05-17,2026-05-23,gcrew,noaa_gefs,19,ShortwaveRadiation_Wm2,6,8.625
gep19,00,2026-05-17,2026-05-23,gcrew,noaa_gefs,19,WindSpeed_ms_mean,6,6.730171879016334
gep19,00,2026-05-17,2026-05-24,gcrew,noaa_gefs,19,AirTemp_C_mean,7,13.87753829956057
gep19,00,2026-05-17,2026-05-24,gcrew,noaa_gefs,19,Pressure_Pa,7,102702.9013671875
gep19,00,2026-05-17,2026-05-24,gcrew,noaa_gefs,19,RH_percent_mean,7,89.53658866882324
gep19,00,2026-05-17,2026-05-24,gcrew,noaa_gefs,19,Rain_mm_sum,7,1.5000000074505806
gep19,00,2026-05-17,2026-05-24,gcrew,noaa_gefs,19,ShortwaveRadiation_Wm2,7,55.5
gep19,00,2026-05-17,2026-05-24,gcrew,noaa_gefs,19,WindSpeed_ms_mean,7,4.664883181526184
gep19,00,2026-05-17,2026-05-25,gcrew,noaa_gefs,19,AirTemp_C_mean,8,13.337792968750023
gep19,00,2026-05-17,2026-05-25,gcrew,noaa_gefs,19,Pressure_Pa,8,103076.4609375
gep19,00,2026-05-17,2026-05-25,gcrew,noaa_gefs,19,RH_percent_mean,8,78.87850284576416
gep19,00,2026-05-17,2026-05-25,gcrew,noaa_gefs,19,Rain_mm_sum,8,0
gep19,00,2026-05-17,2026-05-25,gcrew,noaa_gefs,19,ShortwaveRadiation_Wm2,8,160.625
gep19,00,2026-05-17,2026-05-25,gcrew,noaa_gefs,19,WindSpeed_ms_mean,8,4.284401237933425
gep19,00,2026-05-17,2026-05-26,gcrew,noaa_gefs,19,AirTemp_C_mean,9,13.400532749721005
gep19,00,2026-05-17,2026-05-26,gcrew,noaa_gefs,19,Pressure_Pa,9,102888.00669642857
gep19,00,2026-05-17,2026-05-26,gcrew,noaa_gefs,19,RH_percent_mean,9,66.3826152256557
gep19,00,2026-05-17,2026-05-26,gcrew,noaa_gefs,19,Rain_mm_sum,9,0
gep19,00,2026-05-17,2026-05-26,gcrew,noaa_gefs,19,ShortwaveRadiation_Wm2,9,372.2857142857143
gep19,00,2026-05-17,2026-05-26,gcrew,noaa_gefs,19,WindSpeed_ms_mean,9,2.9715455604219634
gep19,00,2026-05-17,2026-05-27,gcrew,noaa_gefs,19,AirTemp_C_mean,10,17.38470611572268
gep19,00,2026-05-17,2026-05-27,gcrew,noaa_gefs,19,Pressure_Pa,10,102230.107421875
gep19,00,2026-05-17,2026-05-27,gcrew,noaa_gefs,19,RH_percent_mean,10,76.62809085845947
gep19,00,2026-05-17,2026-05-27,gcrew,noaa_gefs,19,Rain_mm_sum,10,0
gep19,00,2026-05-17,2026-05-27,gcrew,noaa_gefs,19,ShortwaveRadiation_Wm2,10,292
gep19,00,2026-05-17,2026-05-27,gcrew,noaa_gefs,19,WindSpeed_ms_mean,10,3.292260275209521
gep19,00,2026-05-17,2026-05-28,gcrew,noaa_gefs,19,AirTemp_C_mean,11,18.825532531738304
gep19,00,2026-05-17,2026-05-28,gcrew,noaa_gefs,19,Pressure_Pa,11,101594.103515625
gep19,00,2026-05-17,2026-05-28,gcrew,noaa_gefs,19,RH_percent_mean,11,88.5962963104248
gep19,00,2026-05-17,2026-05-28,gcrew,noaa_gefs,19,Rain_mm_sum,11,3.2000001445412636
gep19,00,2026-05-17,2026-05-28,gcrew,noaa_gefs,19,ShortwaveRadiation_Wm2,11,232.25
gep19,00,2026-05-17,2026-05-28,gcrew,noaa_gefs,19,WindSpeed_ms_mean,11,1.843962609809163
gep19,00,2026-05-17,2026-05-29,gcrew,noaa_gefs,19,AirTemp_C_mean,12,20.632531738281273
gep19,00,2026-05-17,2026-05-29,gcrew,noaa_gefs,19,Pressure_Pa,12,101605.099609375
gep19,00,2026-05-17,2026-05-29,gcrew,noaa_gefs,19,RH_percent_mean,12,90.68621635437012
gep19,00,2026-05-17,2026-05-29,gcrew,noaa_gefs,19,Rain_mm_sum,12,8.700000047683716
gep19,00,2026-05-17,2026-05-29,gcrew,noaa_gefs,19,ShortwaveRadiation_Wm2,12,303.25
gep19,00,2026-05-17,2026-05-29,gcrew,noaa_gefs,19,WindSpeed_ms_mean,12,2.2984613975817045
gep19,00,2026-05-17,2026-05-30,gcrew,noaa_gefs,19,AirTemp_C_mean,13,20.257226562500023
gep19,00,2026-05-17,2026-05-30,gcrew,noaa_gefs,19,Pressure_Pa,13,101830.51953125
gep19,00,2026-05-17,2026-05-30,gcrew,noaa_gefs,19,RH_percent_mean,13,89.01692962646484
gep19,00,2026-05-17,2026-05-30,gcrew,noaa_gefs,19,Rain_mm_sum,13,0.700000025331974
gep19,00,2026-05-17,2026-05-30,gcrew,noaa_gefs,19,ShortwaveRadiation_Wm2,13,279
gep19,00,2026-05-17,2026-05-30,gcrew,noaa_gefs,19,WindSpeed_ms_mean,13,7.177529832521996
gep19,00,2026-05-17,2026-05-31,gcrew,noaa_gefs,19,AirTemp_C_mean,14,20.746133422851585
gep19,00,2026-05-17,2026-05-31,gcrew,noaa_gefs,19,Pressure_Pa,14,101566.6875
gep19,00,2026-05-17,2026-05-31,gcrew,noaa_gefs,19,RH_percent_mean,14,86.56785774230957
gep19,00,2026-05-17,2026-05-31,gcrew,noaa_gefs,19,Rain_mm_sum,14,0.10000000149011612
gep19,00,2026-05-17,2026-05-31,gcrew,noaa_gefs,19,ShortwaveRadiation_Wm2,14,236.5
gep19,00,2026-05-17,2026-05-31,gcrew,noaa_gefs,19,WindSpeed_ms_mean,14,4.452410245898682
gep19,00,2026-05-17,2026-06-01,gcrew,noaa_gefs,19,AirTemp_C_mean,15,21.641290283203148
gep19,00,2026-05-17,2026-06-01,gcrew,noaa_gefs,19,Pressure_Pa,15,101232.943359375
gep19,00,2026-05-17,2026-06-01,gcrew,noaa_gefs,19,RH_percent_mean,15,85.77047920227051
gep19,00,2026-05-17,2026-06-01,gcrew,noaa_gefs,19,Rain_mm_sum,15,0.20000000298023224
gep19,00,2026-05-17,2026-06-01,gcrew,noaa_gefs,19,ShortwaveRadiation_Wm2,15,319.25
gep19,00,2026-05-17,2026-06-01,gcrew,noaa_gefs,19,WindSpeed_ms_mean,15,4.987514627831614
gep19,00,2026-05-17,2026-06-02,gcrew,noaa_gefs,19,AirTemp_C_mean,16,23.64350280761721
gep19,00,2026-05-17,2026-06-02,gcrew,noaa_gefs,19,Pressure_Pa,16,100336.03125
gep19,00,2026-05-17,2026-06-02,gcrew,noaa_gefs,19,RH_percent_mean,16,79.2158031463623
gep19,00,2026-05-17,2026-06-02,gcrew,noaa_gefs,19,Rain_mm_sum,16,0.10000000149011612
gep19,00,2026-05-17,2026-06-02,gcrew,noaa_gefs,19,ShortwaveRadiation_Wm2,16,248.5
gep19,00,2026-05-17,2026-06-02,gcrew,noaa_gefs,19,WindSpeed_ms_mean,16,6.294558916761398
gep19,00,2026-05-17,2026-06-03,gcrew,noaa_gefs,19,AirTemp_C_mean,17,21.807466125488304
gep19,00,2026-05-17,2026-06-03,gcrew,noaa_gefs,19,Pressure_Pa,17,100524.14453125
gep19,00,2026-05-17,2026-06-03,gcrew,noaa_gefs,19,RH_percent_mean,17,82.67036247253418
gep19,00,2026-05-17,2026-06-03,gcrew,noaa_gefs,19,Rain_mm_sum,17,4.900000035762787
gep19,00,2026-05-17,2026-06-03,gcrew,noaa_gefs,19,ShortwaveRadiation_Wm2,17,192.5
gep19,00,2026-05-17,2026-06-03,gcrew,noaa_gefs,19,WindSpeed_ms_mean,17,6.2389494415019655
gep19,00,2026-05-17,2026-06-04,gcrew,noaa_gefs,19,AirTemp_C_mean,18,19.62371978759768
gep19,00,2026-05-17,2026-06-04,gcrew,noaa_gefs,19,Pressure_Pa,18,101363.12109375
gep19,00,2026-05-17,2026-06-04,gcrew,noaa_gefs,19,RH_percent_mean,18,59.62021350860596
gep19,00,2026-05-17,2026-06-04,gcrew,noaa_gefs,19,Rain_mm_sum,18,0
gep19,00,2026-05-17,2026-06-04,gcrew,noaa_gefs,19,ShortwaveRadiation_Wm2,18,353
gep19,00,2026-05-17,2026-06-04,gcrew,noaa_gefs,19,WindSpeed_ms_mean,18,5.129538041845657
gep19,00,2026-05-17,2026-06-05,gcrew,noaa_gefs,19,AirTemp_C_mean,19,18.13916931152346
gep19,00,2026-05-17,2026-06-05,gcrew,noaa_gefs,19,Pressure_Pa,19,102108.5078125
gep19,00,2026-05-17,2026-06-05,gcrew,noaa_gefs,19,RH_percent_mean,19,67.04474639892578
gep19,00,2026-05-17,2026-06-05,gcrew,noaa_gefs,19,Rain_mm_sum,19,0
gep19,00,2026-05-17,2026-06-05,gcrew,noaa_gefs,19,ShortwaveRadiation_Wm2,19,292.75
gep19,00,2026-05-17,2026-06-05,gcrew,noaa_gefs,19,WindSpeed_ms_mean,19,5.191744913150064
gep19,00,2026-05-17,2026-06-06,gcrew,noaa_gefs,19,AirTemp_C_mean,20,17.265962219238304
gep19,00,2026-05-17,2026-06-06,gcrew,noaa_gefs,19,Pressure_Pa,20,102458.673828125
gep19,00,2026-05-17,2026-06-06,gcrew,noaa_gefs,19,RH_percent_mean,20,61.6632661819458
gep19,00,2026-05-17,2026-06-06,gcrew,noaa_gefs,19,Rain_mm_sum,20,0
gep19,00,2026-05-17,2026-06-06,gcrew,noaa_gefs,19,ShortwaveRadiation_Wm2,20,353.75
gep19,00,2026-05-17,2026-06-06,gcrew,noaa_gefs,19,WindSpeed_ms_mean,20,6.67467006888216
gep19,00,2026-05-17,2026-06-07,gcrew,noaa_gefs,19,AirTemp_C_mean,21,17.46930847167971
gep19,00,2026-05-17,2026-06-07,gcrew,noaa_gefs,19,Pressure_Pa,21,102539.91796875
gep19,00,2026-05-17,2026-06-07,gcrew,noaa_gefs,19,RH_percent_mean,21,57.39550495147705
gep19,00,2026-05-17,2026-06-07,gcrew,noaa_gefs,19,Rain_mm_sum,21,0
gep19,00,2026-05-17,2026-06-07,gcrew,noaa_gefs,19,ShortwaveRadiation_Wm2,21,311.25
gep19,00,2026-05-17,2026-06-07,gcrew,noaa_gefs,19,WindSpeed_ms_mean,21,6.253105276917296
gep19,00,2026-05-17,2026-06-08,gcrew,noaa_gefs,19,AirTemp_C_mean,22,18.264520263671898
gep19,00,2026-05-17,2026-06-08,gcrew,noaa_gefs,19,Pressure_Pa,22,102453.42578125
gep19,00,2026-05-17,2026-06-08,gcrew,noaa_gefs,19,RH_percent_mean,22,69.18738460540771
gep19,00,2026-05-17,2026-06-08,gcrew,noaa_gefs,19,Rain_mm_sum,22,0
gep19,00,2026-05-17,2026-06-08,gcrew,noaa_gefs,19,ShortwaveRadiation_Wm2,22,358.75
gep19,00,2026-05-17,2026-06-08,gcrew,noaa_gefs,19,WindSpeed_ms_mean,22,5.268783443054002
gep19,00,2026-05-17,2026-06-09,gcrew,noaa_gefs,19,AirTemp_C_mean,23,19.784394836425804
gep19,00,2026-05-17,2026-06-09,gcrew,noaa_gefs,19,Pressure_Pa,23,102266.64453125
gep19,00,2026-05-17,2026-06-09,gcrew,noaa_gefs,19,RH_percent_mean,23,76.86220645904541
gep19,00,2026-05-17,2026-06-09,gcrew,noaa_gefs,19,Rain_mm_sum,23,0
gep19,00,2026-05-17,2026-06-09,gcrew,noaa_gefs,19,ShortwaveRadiation_Wm2,23,315.5
gep19,00,2026-05-17,2026-06-09,gcrew,noaa_gefs,19,WindSpeed_ms_mean,23,4.38349937840495
gep19,00,2026-05-17,2026-06-10,gcrew,noaa_gefs,19,AirTemp_C_mean,24,19.276849365234398
gep19,00,2026-05-17,2026-06-10,gcrew,noaa_gefs,19,Pressure_Pa,24,102072.908203125
gep19,00,2026-05-17,2026-06-10,gcrew,noaa_gefs,19,RH_percent_mean,24,77.74775695800781
gep19,00,2026-05-17,2026-06-10,gcrew,noaa_gefs,19,Rain_mm_sum,24,0
gep19,00,2026-05-17,2026-06-10,gcrew,noaa_gefs,19,ShortwaveRadiation_Wm2,24,344.5
gep19,00,2026-05-17,2026-06-10,gcrew,noaa_gefs,19,WindSpeed_ms_mean,24,3.046278388581381
gep19,00,2026-05-17,2026-06-11,gcrew,noaa_gefs,19,AirTemp_C_mean,25,19.354234313964866
gep19,00,2026-05-17,2026-06-11,gcrew,noaa_gefs,19,Pressure_Pa,25,101661.693359375
gep19,00,2026-05-17,2026-06-11,gcrew,noaa_gefs,19,RH_percent_mean,25,78.77657699584961
gep19,00,2026-05-17,2026-06-11,gcrew,noaa_gefs,19,Rain_mm_sum,25,0
gep19,00,2026-05-17,2026-06-11,gcrew,noaa_gefs,19,ShortwaveRadiation_Wm2,25,344.25
gep19,00,2026-05-17,2026-06-11,gcrew,noaa_gefs,19,WindSpeed_ms_mean,25,2.403215737924673
gep19,00,2026-05-17,2026-06-12,gcrew,noaa_gefs,19,AirTemp_C_mean,26,20.841760253906273
gep19,00,2026-05-17,2026-06-12,gcrew,noaa_gefs,19,Pressure_Pa,26,101401.55078125
gep19,00,2026-05-17,2026-06-12,gcrew,noaa_gefs,19,RH_percent_mean,26,86.05273246765137
gep19,00,2026-05-17,2026-06-12,gcrew,noaa_gefs,19,Rain_mm_sum,26,0.5000000074505806
gep19,00,2026-05-17,2026-06-12,gcrew,noaa_gefs,19,ShortwaveRadiation_Wm2,26,270.5
gep19,00,2026-05-17,2026-06-12,gcrew,noaa_gefs,19,WindSpeed_ms_mean,26,2.6211042370057838
gep19,00,2026-05-17,2026-06-13,gcrew,noaa_gefs,19,AirTemp_C_mean,27,22.633142089843773
gep19,00,2026-05-17,2026-06-13,gcrew,noaa_gefs,19,Pressure_Pa,27,101495.544921875
gep19,00,2026-05-17,2026-06-13,gcrew,noaa_gefs,19,RH_percent_mean,27,84.56381607055664
gep19,00,2026-05-17,2026-06-13,gcrew,noaa_gefs,19,Rain_mm_sum,27,0.30000001192092896
gep19,00,2026-05-17,2026-06-13,gcrew,noaa_gefs,19,ShortwaveRadiation_Wm2,27,331.25
gep19,00,2026-05-17,2026-06-13,gcrew,noaa_gefs,19,WindSpeed_ms_mean,27,4.002934118539743
gep19,00,2026-05-17,2026-06-14,gcrew,noaa_gefs,19,AirTemp_C_mean,28,23.382600402832054
gep19,00,2026-05-17,2026-06-14,gcrew,noaa_gefs,19,Pressure_Pa,28,101357.177734375
gep19,00,2026-05-17,2026-06-14,gcrew,noaa_gefs,19,RH_percent_mean,28,89.37162399291992
gep19,00,2026-05-17,2026-06-14,gcrew,noaa_gefs,19,Rain_mm_sum,28,2.6000000536441803
gep19,00,2026-05-17,2026-06-14,gcrew,noaa_gefs,19,ShortwaveRadiation_Wm2,28,284.75
gep19,00,2026-05-17,2026-06-14,gcrew,noaa_gefs,19,WindSpeed_ms_mean,28,3.3537151621249275
gep19,00,2026-05-17,2026-06-15,gcrew,noaa_gefs,19,AirTemp_C_mean,29,24.840669250488304
gep19,00,2026-05-17,2026-06-15,gcrew,noaa_gefs,19,Pressure_Pa,29,101524.51171875
gep19,00,2026-05-17,2026-06-15,gcrew,noaa_gefs,19,RH_percent_mean,29,77.19408130645752
gep19,00,2026-05-17,2026-06-15,gcrew,noaa_gefs,19,Rain_mm_sum,29,0.10000000149011612
gep19,00,2026-05-17,2026-06-15,gcrew,noaa_gefs,19,ShortwaveRadiation_Wm2,29,296.5
gep19,00,2026-05-17,2026-06-15,gcrew,noaa_gefs,19,WindSpeed_ms_mean,29,4.042771754237245
gep19,00,2026-05-17,2026-06-16,gcrew,noaa_gefs,19,AirTemp_C_mean,30,24.895989990234398
gep19,00,2026-05-17,2026-06-16,gcrew,noaa_gefs,19,Pressure_Pa,30,101772.68359375
gep19,00,2026-05-17,2026-06-16,gcrew,noaa_gefs,19,RH_percent_mean,30,77.33410263061523
gep19,00,2026-05-17,2026-06-16,gcrew,noaa_gefs,19,Rain_mm_sum,30,0.30000000447034836
gep19,00,2026-05-17,2026-06-16,gcrew,noaa_gefs,19,ShortwaveRadiation_Wm2,30,313.25
gep19,00,2026-05-17,2026-06-16,gcrew,noaa_gefs,19,WindSpeed_ms_mean,30,3.6732919255241057
gep19,00,2026-05-17,2026-06-17,gcrew,noaa_gefs,19,AirTemp_C_mean,31,25.772210693359398
gep19,00,2026-05-17,2026-06-17,gcrew,noaa_gefs,19,Pressure_Pa,31,101904.6171875
gep19,00,2026-05-17,2026-06-17,gcrew,noaa_gefs,19,RH_percent_mean,31,76.04165267944336
gep19,00,2026-05-17,2026-06-17,gcrew,noaa_gefs,19,Rain_mm_sum,31,0
gep19,00,2026-05-17,2026-06-17,gcrew,noaa_gefs,19,ShortwaveRadiation_Wm2,31,286.75
gep19,00,2026-05-17,2026-06-17,gcrew,noaa_gefs,19,WindSpeed_ms_mean,31,4.13248526059356
gep19,00,2026-05-17,2026-06-18,gcrew,noaa_gefs,19,AirTemp_C_mean,32,25.74041900634768
gep19,00,2026-05-17,2026-06-18,gcrew,noaa_gefs,19,Pressure_Pa,32,101534.314453125
gep19,00,2026-05-17,2026-06-18,gcrew,noaa_gefs,19,RH_percent_mean,32,80.33454704284668
gep19,00,2026-05-17,2026-06-18,gcrew,noaa_gefs,19,Rain_mm_sum,32,8.800000250339508
gep19,00,2026-05-17,2026-06-18,gcrew,noaa_gefs,19,ShortwaveRadiation_Wm2,32,311.5
gep19,00,2026-05-17,2026-06-18,gcrew,noaa_gefs,19,WindSpeed_ms_mean,32,4.21631310842572
gep19,00,2026-05-17,2026-06-19,gcrew,noaa_gefs,19,AirTemp_C_mean,33,24.15681610107424
gep19,00,2026-05-17,2026-06-19,gcrew,noaa_gefs,19,Pressure_Pa,33,101012.509765625
gep19,00,2026-05-17,2026-06-19,gcrew,noaa_gefs,19,RH_percent_mean,33,84.10998153686523
gep19,00,2026-05-17,2026-06-19,gcrew,noaa_gefs,19,Rain_mm_sum,33,37.50000125169754
gep19,00,2026-05-17,2026-06-19,gcrew,noaa_gefs,19,ShortwaveRadiation_Wm2,33,322.25
gep19,00,2026-05-17,2026-06-19,gcrew,noaa_gefs,19,WindSpeed_ms_mean,33,5.041177238306991
gep19,00,2026-05-17,2026-06-20,gcrew,noaa_gefs,19,AirTemp_C_mean,34,21.24146423339846
gep19,00,2026-05-17,2026-06-20,gcrew,noaa_gefs,19,Pressure_Pa,34,101358.76953125
gep19,00,2026-05-17,2026-06-20,gcrew,noaa_gefs,19,RH_percent_mean,34,58.25197887420654
gep19,00,2026-05-17,2026-06-20,gcrew,noaa_gefs,19,Rain_mm_sum,34,0
gep19,00,2026-05-17,2026-06-20,gcrew,noaa_gefs,19,ShortwaveRadiation_Wm2,34,354.5
gep19,00,2026-05-17,2026-06-20,gcrew,noaa_gefs,19,WindSpeed_ms_mean,34,7.9283052740783315
gep20,00,2026-05-17,2026-05-18,gcrew,noaa_gefs,20,AirTemp_C_mean,1,20.541738128662132
gep20,00,2026-05-17,2026-05-18,gcrew,noaa_gefs,20,Pressure_Pa,1,102011.392578125
gep20,00,2026-05-17,2026-05-18,gcrew,noaa_gefs,20,RH_percent_mean,1,84.17081260681152
gep20,00,2026-05-17,2026-05-18,gcrew,noaa_gefs,20,Rain_mm_sum,1,6.350000023841858
gep20,00,2026-05-17,2026-05-18,gcrew,noaa_gefs,20,ShortwaveRadiation_Wm2,1,332.125
gep20,00,2026-05-17,2026-05-18,gcrew,noaa_gefs,20,WindSpeed_ms_mean,1,2.606449622457496
gep20,00,2026-05-17,2026-05-19,gcrew,noaa_gefs,20,AirTemp_C_mean,2,23.0995918273926
gep20,00,2026-05-17,2026-05-19,gcrew,noaa_gefs,20,Pressure_Pa,2,101806.55859375
gep20,00,2026-05-17,2026-05-19,gcrew,noaa_gefs,20,RH_percent_mean,2,68.34389972686768
gep20,00,2026-05-17,2026-05-19,gcrew,noaa_gefs,20,Rain_mm_sum,2,1.8000000268220901
gep20,00,2026-05-17,2026-05-19,gcrew,noaa_gefs,20,ShortwaveRadiation_Wm2,2,334.75
gep20,00,2026-05-17,2026-05-19,gcrew,noaa_gefs,20,WindSpeed_ms_mean,2,3.4067788659044838
gep20,00,2026-05-17,2026-05-20,gcrew,noaa_gefs,20,AirTemp_C_mean,3,22.52497253417971
gep20,00,2026-05-17,2026-05-20,gcrew,noaa_gefs,20,Pressure_Pa,3,101325.6357421875
gep20,00,2026-05-17,2026-05-20,gcrew,noaa_gefs,20,RH_percent_mean,3,71.24866104125977
gep20,00,2026-05-17,2026-05-20,gcrew,noaa_gefs,20,Rain_mm_sum,3,26.70000010728836
gep20,00,2026-05-17,2026-05-20,gcrew,noaa_gefs,20,ShortwaveRadiation_Wm2,3,262.375
gep20,00,2026-05-17,2026-05-20,gcrew,noaa_gefs,20,WindSpeed_ms_mean,3,4.549640011874029
gep20,00,2026-05-17,2026-05-21,gcrew,noaa_gefs,20,AirTemp_C_mean,4,15.515148053850469
gep20,00,2026-05-17,2026-05-21,gcrew,noaa_gefs,20,Pressure_Pa,4,101836.072265625
gep20,00,2026-05-17,2026-05-21,gcrew,noaa_gefs,20,RH_percent_mean,4,76.015167236328125
gep20,00,2026-05-17,2026-05-21,gcrew,noaa_gefs,20,Rain_mm_sum,4,9.399999812245369
gep20,00,2026-05-17,2026-05-21,gcrew,noaa_gefs,20,ShortwaveRadiation_Wm2,4,97.625
gep20,00,2026-05-17,2026-05-21,gcrew,noaa_gefs,20,WindSpeed_ms_mean,4,3.6808240475840406
gep20,00,2026-05-17,2026-05-22,gcrew,noaa_gefs,20,AirTemp_C_mean,5,14.000840759277366
gep20,00,2026-05-17,2026-05-22,gcrew,noaa_gefs,20,Pressure_Pa,5,101988.966796875
gep20,00,2026-05-17,2026-05-22,gcrew,noaa_gefs,20,RH_percent_mean,5,84.21332263946533
gep20,00,2026-05-17,2026-05-22,gcrew,noaa_gefs,20,Rain_mm_sum,5,9.800000049173832
gep20,00,2026-05-17,2026-05-22,gcrew,noaa_gefs,20,ShortwaveRadiation_Wm2,5,22.75
gep20,00,2026-05-17,2026-05-22,gcrew,noaa_gefs,20,WindSpeed_ms_mean,5,4.696523470041017
gep20,00,2026-05-17,2026-05-23,gcrew,noaa_gefs,20,AirTemp_C_mean,6,13.291490173339866
gep20,00,2026-05-17,2026-05-23,gcrew,noaa_gefs,20,Pressure_Pa,6,102242.6494140625
gep20,00,2026-05-17,2026-05-23,gcrew,noaa_gefs,20,RH_percent_mean,6,95.31106090545654
gep20,00,2026-05-17,2026-05-23,gcrew,noaa_gefs,20,Rain_mm_sum,6,41.290000796318054
gep20,00,2026-05-17,2026-05-23,gcrew,noaa_gefs,20,ShortwaveRadiation_Wm2,6,8.625
gep20,00,2026-05-17,2026-05-23,gcrew,noaa_gefs,20,WindSpeed_ms_mean,6,6.730171879016334
gep20,00,2026-05-17,2026-05-24,gcrew,noaa_gefs,20,AirTemp_C_mean,7,13.87753829956057
gep20,00,2026-05-17,2026-05-24,gcrew,noaa_gefs,20,Pressure_Pa,7,102702.9013671875
gep20,00,2026-05-17,2026-05-24,gcrew,noaa_gefs,20,RH_percent_mean,7,89.53658866882324
gep20,00,2026-05-17,2026-05-24,gcrew,noaa_gefs,20,Rain_mm_sum,7,1.5000000074505806
gep20,00,2026-05-17,2026-05-24,gcrew,noaa_gefs,20,ShortwaveRadiation_Wm2,7,55.5
gep20,00,2026-05-17,2026-05-24,gcrew,noaa_gefs,20,WindSpeed_ms_mean,7,4.664883181526184
gep20,00,2026-05-17,2026-05-25,gcrew,noaa_gefs,20,AirTemp_C_mean,8,13.337792968750023
gep20,00,2026-05-17,2026-05-25,gcrew,noaa_gefs,20,Pressure_Pa,8,103076.4609375
gep20,00,2026-05-17,2026-05-25,gcrew,noaa_gefs,20,RH_percent_mean,8,78.87850284576416
gep20,00,2026-05-17,2026-05-25,gcrew,noaa_gefs,20,Rain_mm_sum,8,0
gep20,00,2026-05-17,2026-05-25,gcrew,noaa_gefs,20,ShortwaveRadiation_Wm2,8,160.625
gep20,00,2026-05-17,2026-05-25,gcrew,noaa_gefs,20,WindSpeed_ms_mean,8,4.284401237933425
gep20,00,2026-05-17,2026-05-26,gcrew,noaa_gefs,20,AirTemp_C_mean,9,13.400532749721005
gep20,00,2026-05-17,2026-05-26,gcrew,noaa_gefs,20,Pressure_Pa,9,102888.00669642857
gep20,00,2026-05-17,2026-05-26,gcrew,noaa_gefs,20,RH_percent_mean,9,66.3826152256557
gep20,00,2026-05-17,2026-05-26,gcrew,noaa_gefs,20,Rain_mm_sum,9,0
gep20,00,2026-05-17,2026-05-26,gcrew,noaa_gefs,20,ShortwaveRadiation_Wm2,9,372.2857142857143
gep20,00,2026-05-17,2026-05-26,gcrew,noaa_gefs,20,WindSpeed_ms_mean,9,2.9715455604219634
gep20,00,2026-05-17,2026-05-27,gcrew,noaa_gefs,20,AirTemp_C_mean,10,17.38470611572268
gep20,00,2026-05-17,2026-05-27,gcrew,noaa_gefs,20,Pressure_Pa,10,102230.107421875
gep20,00,2026-05-17,2026-05-27,gcrew,noaa_gefs,20,RH_percent_mean,10,76.62809085845947
gep20,00,2026-05-17,2026-05-27,gcrew,noaa_gefs,20,Rain_mm_sum,10,0
gep20,00,2026-05-17,2026-05-27,gcrew,noaa_gefs,20,ShortwaveRadiation_Wm2,10,292
gep20,00,2026-05-17,2026-05-27,gcrew,noaa_gefs,20,WindSpeed_ms_mean,10,3.292260275209521
gep20,00,2026-05-17,2026-05-28,gcrew,noaa_gefs,20,AirTemp_C_mean,11,18.825532531738304
gep20,00,2026-05-17,2026-05-28,gcrew,noaa_gefs,20,Pressure_Pa,11,101594.103515625
gep20,00,2026-05-17,2026-05-28,gcrew,noaa_gefs,20,RH_percent_mean,11,88.5962963104248
gep20,00,2026-05-17,2026-05-28,gcrew,noaa_gefs,20,Rain_mm_sum,11,3.2000001445412636
gep20,00,2026-05-17,2026-05-28,gcrew,noaa_gefs,20,ShortwaveRadiation_Wm2,11,232.25
gep20,00,2026-05-17,2026-05-28,gcrew,noaa_gefs,20,WindSpeed_ms_mean,11,1.843962609809163
gep20,00,2026-05-17,2026-05-29,gcrew,noaa_gefs,20,AirTemp_C_mean,12,20.632531738281273
gep20,00,2026-05-17,2026-05-29,gcrew,noaa_gefs,20,Pressure_Pa,12,101605.099609375
gep20,00,2026-05-17,2026-05-29,gcrew,noaa_gefs,20,RH_percent_mean,12,90.68621635437012
gep20,00,2026-05-17,2026-05-29,gcrew,noaa_gefs,20,Rain_mm_sum,12,8.700000047683716
gep20,00,2026-05-17,2026-05-29,gcrew,noaa_gefs,20,ShortwaveRadiation_Wm2,12,303.25
gep20,00,2026-05-17,2026-05-29,gcrew,noaa_gefs,20,WindSpeed_ms_mean,12,2.2984613975817045
gep20,00,2026-05-17,2026-05-30,gcrew,noaa_gefs,20,AirTemp_C_mean,13,20.257226562500023
gep20,00,2026-05-17,2026-05-30,gcrew,noaa_gefs,20,Pressure_Pa,13,101830.51953125
gep20,00,2026-05-17,2026-05-30,gcrew,noaa_gefs,20,RH_percent_mean,13,89.01692962646484
gep20,00,2026-05-17,2026-05-30,gcrew,noaa_gefs,20,Rain_mm_sum,13,0.700000025331974
gep20,00,2026-05-17,2026-05-30,gcrew,noaa_gefs,20,ShortwaveRadiation_Wm2,13,279
gep20,00,2026-05-17,2026-05-30,gcrew,noaa_gefs,20,WindSpeed_ms_mean,13,7.177529832521996
gep20,00,2026-05-17,2026-05-31,gcrew,noaa_gefs,20,AirTemp_C_mean,14,20.746133422851585
gep20,00,2026-05-17,2026-05-31,gcrew,noaa_gefs,20,Pressure_Pa,14,101566.6875
gep20,00,2026-05-17,2026-05-31,gcrew,noaa_gefs,20,RH_percent_mean,14,86.56785774230957
gep20,00,2026-05-17,2026-05-31,gcrew,noaa_gefs,20,Rain_mm_sum,14,0.10000000149011612
gep20,00,2026-05-17,2026-05-31,gcrew,noaa_gefs,20,ShortwaveRadiation_Wm2,14,236.5
gep20,00,2026-05-17,2026-05-31,gcrew,noaa_gefs,20,WindSpeed_ms_mean,14,4.452410245898682
gep20,00,2026-05-17,2026-06-01,gcrew,noaa_gefs,20,AirTemp_C_mean,15,21.641290283203148
gep20,00,2026-05-17,2026-06-01,gcrew,noaa_gefs,20,Pressure_Pa,15,101232.943359375
gep20,00,2026-05-17,2026-06-01,gcrew,noaa_gefs,20,RH_percent_mean,15,85.77047920227051
gep20,00,2026-05-17,2026-06-01,gcrew,noaa_gefs,20,Rain_mm_sum,15,0.20000000298023224
gep20,00,2026-05-17,2026-06-01,gcrew,noaa_gefs,20,ShortwaveRadiation_Wm2,15,319.25
gep20,00,2026-05-17,2026-06-01,gcrew,noaa_gefs,20,WindSpeed_ms_mean,15,4.987514627831614
gep20,00,2026-05-17,2026-06-02,gcrew,noaa_gefs,20,AirTemp_C_mean,16,23.64350280761721
gep20,00,2026-05-17,2026-06-02,gcrew,noaa_gefs,20,Pressure_Pa,16,100336.03125
gep20,00,2026-05-17,2026-06-02,gcrew,noaa_gefs,20,RH_percent_mean,16,79.2158031463623
gep20,00,2026-05-17,2026-06-02,gcrew,noaa_gefs,20,Rain_mm_sum,16,0.10000000149011612
gep20,00,2026-05-17,2026-06-02,gcrew,noaa_gefs,20,ShortwaveRadiation_Wm2,16,248.5
gep20,00,2026-05-17,2026-06-02,gcrew,noaa_gefs,20,WindSpeed_ms_mean,16,6.294558916761398
gep20,00,2026-05-17,2026-06-03,gcrew,noaa_gefs,20,AirTemp_C_mean,17,21.807466125488304
gep20,00,2026-05-17,2026-06-03,gcrew,noaa_gefs,20,Pressure_Pa,17,100524.14453125
gep20,00,2026-05-17,2026-06-03,gcrew,noaa_gefs,20,RH_percent_mean,17,82.67036247253418
gep20,00,2026-05-17,2026-06-03,gcrew,noaa_gefs,20,Rain_mm_sum,17,4.900000035762787
gep20,00,2026-05-17,2026-06-03,gcrew,noaa_gefs,20,ShortwaveRadiation_Wm2,17,192.5
gep20,00,2026-05-17,2026-06-03,gcrew,noaa_gefs,20,WindSpeed_ms_mean,17,6.2389494415019655
gep20,00,2026-05-17,2026-06-04,gcrew,noaa_gefs,20,AirTemp_C_mean,18,19.62371978759768
gep20,00,2026-05-17,2026-06-04,gcrew,noaa_gefs,20,Pressure_Pa,18,101363.12109375
gep20,00,2026-05-17,2026-06-04,gcrew,noaa_gefs,20,RH_percent_mean,18,59.62021350860596
gep20,00,2026-05-17,2026-06-04,gcrew,noaa_gefs,20,Rain_mm_sum,18,0
gep20,00,2026-05-17,2026-06-04,gcrew,noaa_gefs,20,ShortwaveRadiation_Wm2,18,353
gep20,00,2026-05-17,2026-06-04,gcrew,noaa_gefs,20,WindSpeed_ms_mean,18,5.129538041845657
gep20,00,2026-05-17,2026-06-05,gcrew,noaa_gefs,20,AirTemp_C_mean,19,18.13916931152346
gep20,00,2026-05-17,2026-06-05,gcrew,noaa_gefs,20,Pressure_Pa,19,102108.5078125
gep20,00,2026-05-17,2026-06-05,gcrew,noaa_gefs,20,RH_percent_mean,19,67.04474639892578
gep20,00,2026-05-17,2026-06-05,gcrew,noaa_gefs,20,Rain_mm_sum,19,0
gep20,00,2026-05-17,2026-06-05,gcrew,noaa_gefs,20,ShortwaveRadiation_Wm2,19,292.75
gep20,00,2026-05-17,2026-06-05,gcrew,noaa_gefs,20,WindSpeed_ms_mean,19,5.191744913150064
gep20,00,2026-05-17,2026-06-06,gcrew,noaa_gefs,20,AirTemp_C_mean,20,17.265962219238304
gep20,00,2026-05-17,2026-06-06,gcrew,noaa_gefs,20,Pressure_Pa,20,102458.673828125
gep20,00,2026-05-17,2026-06-06,gcrew,noaa_gefs,20,RH_percent_mean,20,61.6632661819458
gep20,00,2026-05-17,2026-06-06,gcrew,noaa_gefs,20,Rain_mm_sum,20,0
gep20,00,2026-05-17,2026-06-06,gcrew,noaa_gefs,20,ShortwaveRadiation_Wm2,20,353.75
gep20,00,2026-05-17,2026-06-06,gcrew,noaa_gefs,20,WindSpeed_ms_mean,20,6.67467006888216
gep20,00,2026-05-17,2026-06-07,gcrew,noaa_gefs,20,AirTemp_C_mean,21,17.46930847167971
gep20,00,2026-05-17,2026-06-07,gcrew,noaa_gefs,20,Pressure_Pa,21,102539.91796875
gep20,00,2026-05-17,2026-06-07,gcrew,noaa_gefs,20,RH_percent_mean,21,57.39550495147705
gep20,00,2026-05-17,2026-06-07,gcrew,noaa_gefs,20,Rain_mm_sum,21,0
gep20,00,2026-05-17,2026-06-07,gcrew,noaa_gefs,20,ShortwaveRadiation_Wm2,21,311.25
gep20,00,2026-05-17,2026-06-07,gcrew,noaa_gefs,20,WindSpeed_ms_mean,21,6.253105276917296
gep20,00,2026-05-17,2026-06-08,gcrew,noaa_gefs,20,AirTemp_C_mean,22,18.264520263671898
gep20,00,2026-05-17,2026-06-08,gcrew,noaa_gefs,20,Pressure_Pa,22,102453.42578125
gep20,00,2026-05-17,2026-06-08,gcrew,noaa_gefs,20,RH_percent_mean,22,69.18738460540771
gep20,00,2026-05-17,2026-06-08,gcrew,noaa_gefs,20,Rain_mm_sum,22,0
gep20,00,2026-05-17,2026-06-08,gcrew,noaa_gefs,20,ShortwaveRadiation_Wm2,22,358.75
gep20,00,2026-05-17,2026-06-08,gcrew,noaa_gefs,20,WindSpeed_ms_mean,22,5.268783443054002
gep20,00,2026-05-17,2026-06-09,gcrew,noaa_gefs,20,AirTemp_C_mean,23,19.784394836425804
gep20,00,2026-05-17,2026-06-09,gcrew,noaa_gefs,20,Pressure_Pa,23,102266.64453125
gep20,00,2026-05-17,2026-06-09,gcrew,noaa_gefs,20,RH_percent_mean,23,76.86220645904541
gep20,00,2026-05-17,2026-06-09,gcrew,noaa_gefs,20,Rain_mm_sum,23,0
gep20,00,2026-05-17,2026-06-09,gcrew,noaa_gefs,20,ShortwaveRadiation_Wm2,23,315.5
gep20,00,2026-05-17,2026-06-09,gcrew,noaa_gefs,20,WindSpeed_ms_mean,23,4.38349937840495
gep20,00,2026-05-17,2026-06-10,gcrew,noaa_gefs,20,AirTemp_C_mean,24,19.276849365234398
gep20,00,2026-05-17,2026-06-10,gcrew,noaa_gefs,20,Pressure_Pa,24,102072.908203125
gep20,00,2026-05-17,2026-06-10,gcrew,noaa_gefs,20,RH_percent_mean,24,77.74775695800781
gep20,00,2026-05-17,2026-06-10,gcrew,noaa_gefs,20,Rain_mm_sum,24,0
gep20,00,2026-05-17,2026-06-10,gcrew,noaa_gefs,20,ShortwaveRadiation_Wm2,24,344.5
gep20,00,2026-05-17,2026-06-10,gcrew,noaa_gefs,20,WindSpeed_ms_mean,24,3.046278388581381
gep20,00,2026-05-17,2026-06-11,gcrew,noaa_gefs,20,AirTemp_C_mean,25,19.354234313964866
gep20,00,2026-05-17,2026-06-11,gcrew,noaa_gefs,20,Pressure_Pa,25,101661.693359375
gep20,00,2026-05-17,2026-06-11,gcrew,noaa_gefs,20,RH_percent_mean,25,78.77657699584961
gep20,00,2026-05-17,2026-06-11,gcrew,noaa_gefs,20,Rain_mm_sum,25,0
gep20,00,2026-05-17,2026-06-11,gcrew,noaa_gefs,20,ShortwaveRadiation_Wm2,25,344.25
gep20,00,2026-05-17,2026-06-11,gcrew,noaa_gefs,20,WindSpeed_ms_mean,25,2.403215737924673
gep20,00,2026-05-17,2026-06-12,gcrew,noaa_gefs,20,AirTemp_C_mean,26,20.841760253906273
gep20,00,2026-05-17,2026-06-12,gcrew,noaa_gefs,20,Pressure_Pa,26,101401.55078125
gep20,00,2026-05-17,2026-06-12,gcrew,noaa_gefs,20,RH_percent_mean,26,86.05273246765137
gep20,00,2026-05-17,2026-06-12,gcrew,noaa_gefs,20,Rain_mm_sum,26,0.5000000074505806
gep20,00,2026-05-17,2026-06-12,gcrew,noaa_gefs,20,ShortwaveRadiation_Wm2,26,270.5
gep20,00,2026-05-17,2026-06-12,gcrew,noaa_gefs,20,WindSpeed_ms_mean,26,2.6211042370057838
gep20,00,2026-05-17,2026-06-13,gcrew,noaa_gefs,20,AirTemp_C_mean,27,22.633142089843773
gep20,00,2026-05-17,2026-06-13,gcrew,noaa_gefs,20,Pressure_Pa,27,101495.544921875
gep20,00,2026-05-17,2026-06-13,gcrew,noaa_gefs,20,RH_percent_mean,27,84.56381607055664
gep20,00,2026-05-17,2026-06-13,gcrew,noaa_gefs,20,Rain_mm_sum,27,0.30000001192092896
gep20,00,2026-05-17,2026-06-13,gcrew,noaa_gefs,20,ShortwaveRadiation_Wm2,27,331.25
gep20,00,2026-05-17,2026-06-13,gcrew,noaa_gefs,20,WindSpeed_ms_mean,27,4.002934118539743
gep20,00,2026-05-17,2026-06-14,gcrew,noaa_gefs,20,AirTemp_C_mean,28,23.382600402832054
gep20,00,2026-05-17,2026-06-14,gcrew,noaa_gefs,20,Pressure_Pa,28,101357.177734375
gep20,00,2026-05-17,2026-06-14,gcrew,noaa_gefs,20,RH_percent_mean,28,89.37162399291992
gep20,00,2026-05-17,2026-06-14,gcrew,noaa_gefs,20,Rain_mm_sum,28,2.6000000536441803
gep20,00,2026-05-17,2026-06-14,gcrew,noaa_gefs,20,ShortwaveRadiation_Wm2,28,284.75
gep20,00,2026-05-17,2026-06-14,gcrew,noaa_gefs,20,WindSpeed_ms_mean,28,3.3537151621249275
gep20,00,2026-05-17,2026-06-15,gcrew,noaa_gefs,20,AirTemp_C_mean,29,24.840669250488304
gep20,00,2026-05-17,2026-06-15,gcrew,noaa_gefs,20,Pressure_Pa,29,101524.51171875
gep20,00,2026-05-17,2026-06-15,gcrew,noaa_gefs,20,RH_percent_mean,29,77.19408130645752
gep20,00,2026-05-17,2026-06-15,gcrew,noaa_gefs,20,Rain_mm_sum,29,0.10000000149011612
gep20,00,2026-05-17,2026-06-15,gcrew,noaa_gefs,20,ShortwaveRadiation_Wm2,29,296.5
gep20,00,2026-05-17,2026-06-15,gcrew,noaa_gefs,20,WindSpeed_ms_mean,29,4.042771754237245
gep20,00,2026-05-17,2026-06-16,gcrew,noaa_gefs,20,AirTemp_C_mean,30,24.895989990234398
gep20,00,2026-05-17,2026-06-16,gcrew,noaa_gefs,20,Pressure_Pa,30,101772.68359375
gep20,00,2026-05-17,2026-06-16,gcrew,noaa_gefs,20,RH_percent_mean,30,77.33410263061523
gep20,00,2026-05-17,2026-06-16,gcrew,noaa_gefs,20,Rain_mm_sum,30,0.30000000447034836
gep20,00,2026-05-17,2026-06-16,gcrew,noaa_gefs,20,ShortwaveRadiation_Wm2,30,313.25
gep20,00,2026-05-17,2026-06-16,gcrew,noaa_gefs,20,WindSpeed_ms_mean,30,3.6732919255241057
gep20,00,2026-05-17,2026-06-17,gcrew,noaa_gefs,20,AirTemp_C_mean,31,25.772210693359398
gep20,00,2026-05-17,2026-06-17,gcrew,noaa_gefs,20,Pressure_Pa,31,101904.6171875
gep20,00,2026-05-17,2026-06-17,gcrew,noaa_gefs,20,RH_percent_mean,31,76.04165267944336
gep20,00,2026-05-17,2026-06-17,gcrew,noaa_gefs,20,Rain_mm_sum,31,0
gep20,00,2026-05-17,2026-06-17,gcrew,noaa_gefs,20,ShortwaveRadiation_Wm2,31,286.75
gep20,00,2026-05-17,2026-06-17,gcrew,noaa_gefs,20,WindSpeed_ms_mean,31,4.13248526059356
gep20,00,2026-05-17,2026-06-18,gcrew,noaa_gefs,20,AirTemp_C_mean,32,25.74041900634768
gep20,00,2026-05-17,2026-06-18,gcrew,noaa_gefs,20,Pressure_Pa,32,101534.314453125
gep20,00,2026-05-17,2026-06-18,gcrew,noaa_gefs,20,RH_percent_mean,32,80.33454704284668
gep20,00,2026-05-17,2026-06-18,gcrew,noaa_gefs,20,Rain_mm_sum,32,8.800000250339508
gep20,00,2026-05-17,2026-06-18,gcrew,noaa_gefs,20,ShortwaveRadiation_Wm2,32,311.5
gep20,00,2026-05-17,2026-06-18,gcrew,noaa_gefs,20,WindSpeed_ms_mean,32,4.21631310842572
gep20,00,2026-05-17,2026-06-19,gcrew,noaa_gefs,20,AirTemp_C_mean,33,24.15681610107424
gep20,00,2026-05-17,2026-06-19,gcrew,noaa_gefs,20,Pressure_Pa,33,101012.509765625
gep20,00,2026-05-17,2026-06-19,gcrew,noaa_gefs,20,RH_percent_mean,33,84.10998153686523
gep20,00,2026-05-17,2026-06-19,gcrew,noaa_gefs,20,Rain_mm_sum,33,37.50000125169754
gep20,00,2026-05-17,2026-06-19,gcrew,noaa_gefs,20,ShortwaveRadiation_Wm2,33,322.25
gep20,00,2026-05-17,2026-06-19,gcrew,noaa_gefs,20,WindSpeed_ms_mean,33,5.041177238306991
gep20,00,2026-05-17,2026-06-20,gcrew,noaa_gefs,20,AirTemp_C_mean,34,21.24146423339846
gep20,00,2026-05-17,2026-06-20,gcrew,noaa_gefs,20,Pressure_Pa,34,101358.76953125
gep20,00,2026-05-17,2026-06-20,gcrew,noaa_gefs,20,RH_percent_mean,34,58.25197887420654
gep20,00,2026-05-17,2026-06-20,gcrew,noaa_gefs,20,Rain_mm_sum,34,0
gep20,00,2026-05-17,2026-06-20,gcrew,noaa_gefs,20,ShortwaveRadiation_Wm2,34,354.5
gep20,00,2026-05-17,2026-06-20,gcrew,noaa_gefs,20,WindSpeed_ms_mean,34,7.9283052740783315
gep21,00,2026-05-17,2026-05-18,gcrew,noaa_gefs,21,AirTemp_C_mean,1,20.541738128662132
gep21,00,2026-05-17,2026-05-18,gcrew,noaa_gefs,21,Pressure_Pa,1,102011.392578125
gep21,00,2026-05-17,2026-05-18,gcrew,noaa_gefs,21,RH_percent_mean,1,84.17081260681152
gep21,00,2026-05-17,2026-05-18,gcrew,noaa_gefs,21,Rain_mm_sum,1,6.350000023841858
gep21,00,2026-05-17,2026-05-18,gcrew,noaa_gefs,21,ShortwaveRadiation_Wm2,1,332.125
gep21,00,2026-05-17,2026-05-18,gcrew,noaa_gefs,21,WindSpeed_ms_mean,1,2.606449622457496
gep21,00,2026-05-17,2026-05-19,gcrew,noaa_gefs,21,AirTemp_C_mean,2,23.0995918273926
gep21,00,2026-05-17,2026-05-19,gcrew,noaa_gefs,21,Pressure_Pa,2,101806.55859375
gep21,00,2026-05-17,2026-05-19,gcrew,noaa_gefs,21,RH_percent_mean,2,68.34389972686768
gep21,00,2026-05-17,2026-05-19,gcrew,noaa_gefs,21,Rain_mm_sum,2,1.8000000268220901
gep21,00,2026-05-17,2026-05-19,gcrew,noaa_gefs,21,ShortwaveRadiation_Wm2,2,334.75
gep21,00,2026-05-17,2026-05-19,gcrew,noaa_gefs,21,WindSpeed_ms_mean,2,3.4067788659044838
gep21,00,2026-05-17,2026-05-20,gcrew,noaa_gefs,21,AirTemp_C_mean,3,22.52497253417971
gep21,00,2026-05-17,2026-05-20,gcrew,noaa_gefs,21,Pressure_Pa,3,101325.6357421875
gep21,00,2026-05-17,2026-05-20,gcrew,noaa_gefs,21,RH_percent_mean,3,71.24866104125977
gep21,00,2026-05-17,2026-05-20,gcrew,noaa_gefs,21,Rain_mm_sum,3,26.70000010728836
gep21,00,2026-05-17,2026-05-20,gcrew,noaa_gefs,21,ShortwaveRadiation_Wm2,3,262.375
gep21,00,2026-05-17,2026-05-20,gcrew,noaa_gefs,21,WindSpeed_ms_mean,3,4.549640011874029
gep21,00,2026-05-17,2026-05-21,gcrew,noaa_gefs,21,AirTemp_C_mean,4,15.515148053850469
gep21,00,2026-05-17,2026-05-21,gcrew,noaa_gefs,21,Pressure_Pa,4,101836.072265625
gep21,00,2026-05-17,2026-05-21,gcrew,noaa_gefs,21,RH_percent_mean,4,76.015167236328125
gep21,00,2026-05-17,2026-05-21,gcrew,noaa_gefs,21,Rain_mm_sum,4,9.399999812245369
gep21,00,2026-05-17,2026-05-21,gcrew,noaa_gefs,21,ShortwaveRadiation_Wm2,4,97.625
gep21,00,2026-05-17,2026-05-21,gcrew,noaa_gefs,21,WindSpeed_ms_mean,4,3.6808240475840406
gep21,00,2026-05-17,2026-05-22,gcrew,noaa_gefs,21,AirTemp_C_mean,5,14.000840759277366
gep21,00,2026-05-17,2026-05-22,gcrew,noaa_gefs,21,Pressure_Pa,5,101988.966796875
gep21,00,2026-05-17,2026-05-22,gcrew,noaa_gefs,21,RH_percent_mean,5,84.21332263946533
gep21,00,2026-05-17,2026-05-22,gcrew,noaa_gefs,21,Rain_mm_sum,5,9.800000049173832
gep21,00,2026-05-17,2026-05-22,gcrew,noaa_gefs,21,ShortwaveRadiation_Wm2,5,22.75
gep21,00,2026-05-17,2026-05-22,gcrew,noaa_gefs,21,WindSpeed_ms_mean,5,4.696523470041017
gep21,00,2026-05-17,2026-05-23,gcrew,noaa_gefs,21,AirTemp_C_mean,6,13.291490173339866
gep21,00,2026-05-17,2026-05-23,gcrew,noaa_gefs,21,Pressure_Pa,6,102242.6494140625
gep21,00,2026-05-17,2026-05-23,gcrew,noaa_gefs,21,RH_percent_mean,6,95.31106090545654
gep21,00,2026-05-17,2026-05-23,gcrew,noaa_gefs,21,Rain_mm_sum,6,41.290000796318054
gep21,00,2026-05-17,2026-05-23,gcrew,noaa_gefs,21,ShortwaveRadiation_Wm2,6,8.625
gep21,00,2026-05-17,2026-05-23,gcrew,noaa_gefs,21,WindSpeed_ms_mean,6,6.730171879016334
gep21,00,2026-05-17,2026-05-24,gcrew,noaa_gefs,21,AirTemp_C_mean,7,13.87753829956057
gep21,00,2026-05-17,2026-05-24,gcrew,noaa_gefs,21,Pressure_Pa,7,102702.9013671875
gep21,00,2026-05-17,2026-05-24,gcrew,noaa_gefs,21,RH_percent_mean,7,89.53658866882324
gep21,00,2026-05-17,2026-05-24,gcrew,noaa_gefs,21,Rain_mm_sum,7,1.5000000074505806
gep21,00,2026-05-17,2026-05-24,gcrew,noaa_gefs,21,ShortwaveRadiation_Wm2,7,55.5
gep21,00,2026-05-17,2026-05-24,gcrew,noaa_gefs,21,WindSpeed_ms_mean,7,4.664883181526184
gep21,00,2026-05-17,2026-05-25,gcrew,noaa_gefs,21,AirTemp_C_mean,8,13.337792968750023
gep21,00,2026-05-17,2026-05-25,gcrew,noaa_gefs,21,Pressure_Pa,8,103076.4609375
gep21,00,2026-05-17,2026-05-25,gcrew,noaa_gefs,21,RH_percent_mean,8,78.87850284576416
gep21,00,2026-05-17,2026-05-25,gcrew,noaa_gefs,21,Rain_mm_sum,8,0
gep21,00,2026-05-17,2026-05-25,gcrew,noaa_gefs,21,ShortwaveRadiation_Wm2,8,160.625
gep21,00,2026-05-17,2026-05-25,gcrew,noaa_gefs,21,WindSpeed_ms_mean,8,4.284401237933425
gep21,00,2026-05-17,2026-05-26,gcrew,noaa_gefs,21,AirTemp_C_mean,9,13.400532749721005
gep21,00,2026-05-17,2026-05-26,gcrew,noaa_gefs,21,Pressure_Pa,9,102888.00669642857
gep21,00,2026-05-17,2026-05-26,gcrew,noaa_gefs,21,RH_percent_mean,9,66.3826152256557
gep21,00,2026-05-17,2026-05-26,gcrew,noaa_gefs,21,Rain_mm_sum,9,0
gep21,00,2026-05-17,2026-05-26,gcrew,noaa_gefs,21,ShortwaveRadiation_Wm2,9,372.2857142857143
gep21,00,2026-05-17,2026-05-26,gcrew,noaa_gefs,21,WindSpeed_ms_mean,9,2.9715455604219634
gep21,00,2026-05-17,2026-05-27,gcrew,noaa_gefs,21,AirTemp_C_mean,10,17.38470611572268
gep21,00,2026-05-17,2026-05-27,gcrew,noaa_gefs,21,Pressure_Pa,10,102230.107421875
gep21,00,2026-05-17,2026-05-27,gcrew,noaa_gefs,21,RH_percent_mean,10,76.62809085845947
gep21,00,2026-05-17,2026-05-27,gcrew,noaa_gefs,21,Rain_mm_sum,10,0
gep21,00,2026-05-17,2026-05-27,gcrew,noaa_gefs,21,ShortwaveRadiation_Wm2,10,292
gep21,00,2026-05-17,2026-05-27,gcrew,noaa_gefs,21,WindSpeed_ms_mean,10,3.292260275209521
gep21,00,2026-05-17,2026-05-28,gcrew,noaa_gefs,21,AirTemp_C_mean,11,18.825532531738304
gep21,00,2026-05-17,2026-05-28,gcrew,noaa_gefs,21,Pressure_Pa,11,101594.103515625
gep21,00,2026-05-17,2026-05-28,gcrew,noaa_gefs,21,RH_percent_mean,11,88.5962963104248
gep21,00,2026-05-17,2026-05-28,gcrew,noaa_gefs,21,Rain_mm_sum,11,3.2000001445412636
gep21,00,2026-05-17,2026-05-28,gcrew,noaa_gefs,21,ShortwaveRadiation_Wm2,11,232.25
gep21,00,2026-05-17,2026-05-28,gcrew,noaa_gefs,21,WindSpeed_ms_mean,11,1.843962609809163
gep21,00,2026-05-17,2026-05-29,gcrew,noaa_gefs,21,AirTemp_C_mean,12,20.632531738281273
gep21,00,2026-05-17,2026-05-29,gcrew,noaa_gefs,21,Pressure_Pa,12,101605.099609375
gep21,00,2026-05-17,2026-05-29,gcrew,noaa_gefs,21,RH_percent_mean,12,90.68621635437012
gep21,00,2026-05-17,2026-05-29,gcrew,noaa_gefs,21,Rain_mm_sum,12,8.700000047683716
gep21,00,2026-05-17,2026-05-29,gcrew,noaa_gefs,21,ShortwaveRadiation_Wm2,12,303.25
gep21,00,2026-05-17,2026-05-29,gcrew,noaa_gefs,21,WindSpeed_ms_mean,12,2.2984613975817045
gep21,00,2026-05-17,2026-05-30,gcrew,noaa_gefs,21,AirTemp_C_mean,13,20.257226562500023
gep21,00,2026-05-17,2026-05-30,gcrew,noaa_gefs,21,Pressure_Pa,13,101830.51953125
gep21,00,2026-05-17,2026-05-30,gcrew,noaa_gefs,21,RH_percent_mean,13,89.01692962646484
gep21,00,2026-05-17,2026-05-30,gcrew,noaa_gefs,21,Rain_mm_sum,13,0.700000025331974
gep21,00,2026-05-17,2026-05-30,gcrew,noaa_gefs,21,ShortwaveRadiation_Wm2,13,279
gep21,00,2026-05-17,2026-05-30,gcrew,noaa_gefs,21,WindSpeed_ms_mean,13,7.177529832521996
gep21,00,2026-05-17,2026-05-31,gcrew,noaa_gefs,21,AirTemp_C_mean,14,20.746133422851585
gep21,00,2026-05-17,2026-05-31,gcrew,noaa_gefs,21,Pressure_Pa,14,101566.6875
gep21,00,2026-05-17,2026-05-31,gcrew,noaa_gefs,21,RH_percent_mean,14,86.56785774230957
gep21,00,2026-05-17,2026-05-31,gcrew,noaa_gefs,21,Rain_mm_sum,14,0.10000000149011612
gep21,00,2026-05-17,2026-05-31,gcrew,noaa_gefs,21,ShortwaveRadiation_Wm2,14,236.5
gep21,00,2026-05-17,2026-05-31,gcrew,noaa_gefs,21,WindSpeed_ms_mean,14,4.452410245898682
gep21,00,2026-05-17,2026-06-01,gcrew,noaa_gefs,21,AirTemp_C_mean,15,21.641290283203148
gep21,00,2026-05-17,2026-06-01,gcrew,noaa_gefs,21,Pressure_Pa,15,101232.943359375
gep21,00,2026-05-17,2026-06-01,gcrew,noaa_gefs,21,RH_percent_mean,15,85.77047920227051
gep21,00,2026-05-17,2026-06-01,gcrew,noaa_gefs,21,Rain_mm_sum,15,0.20000000298023224
gep21,00,2026-05-17,2026-06-01,gcrew,noaa_gefs,21,ShortwaveRadiation_Wm2,15,319.25
gep21,00,2026-05-17,2026-06-01,gcrew,noaa_gefs,21,WindSpeed_ms_mean,15,4.987514627831614
gep21,00,2026-05-17,2026-06-02,gcrew,noaa_gefs,21,AirTemp_C_mean,16,23.64350280761721
gep21,00,2026-05-17,2026-06-02,gcrew,noaa_gefs,21,Pressure_Pa,16,100336.03125
gep21,00,2026-05-17,2026-06-02,gcrew,noaa_gefs,21,RH_percent_mean,16,79.2158031463623
gep21,00,2026-05-17,2026-06-02,gcrew,noaa_gefs,21,Rain_mm_sum,16,0.10000000149011612
gep21,00,2026-05-17,2026-06-02,gcrew,noaa_gefs,21,ShortwaveRadiation_Wm2,16,248.5
gep21,00,2026-05-17,2026-06-02,gcrew,noaa_gefs,21,WindSpeed_ms_mean,16,6.294558916761398
gep21,00,2026-05-17,2026-06-03,gcrew,noaa_gefs,21,AirTemp_C_mean,17,21.807466125488304
gep21,00,2026-05-17,2026-06-03,gcrew,noaa_gefs,21,Pressure_Pa,17,100524.14453125
gep21,00,2026-05-17,2026-06-03,gcrew,noaa_gefs,21,RH_percent_mean,17,82.67036247253418
gep21,00,2026-05-17,2026-06-03,gcrew,noaa_gefs,21,Rain_mm_sum,17,4.900000035762787
gep21,00,2026-05-17,2026-06-03,gcrew,noaa_gefs,21,ShortwaveRadiation_Wm2,17,192.5
gep21,00,2026-05-17,2026-06-03,gcrew,noaa_gefs,21,WindSpeed_ms_mean,17,6.2389494415019655
gep21,00,2026-05-17,2026-06-04,gcrew,noaa_gefs,21,AirTemp_C_mean,18,19.62371978759768
gep21,00,2026-05-17,2026-06-04,gcrew,noaa_gefs,21,Pressure_Pa,18,101363.12109375
gep21,00,2026-05-17,2026-06-04,gcrew,noaa_gefs,21,RH_percent_mean,18,59.62021350860596
gep21,00,2026-05-17,2026-06-04,gcrew,noaa_gefs,21,Rain_mm_sum,18,0
gep21,00,2026-05-17,2026-06-04,gcrew,noaa_gefs,21,ShortwaveRadiation_Wm2,18,353
gep21,00,2026-05-17,2026-06-04,gcrew,noaa_gefs,21,WindSpeed_ms_mean,18,5.129538041845657
gep21,00,2026-05-17,2026-06-05,gcrew,noaa_gefs,21,AirTemp_C_mean,19,18.13916931152346
gep21,00,2026-05-17,2026-06-05,gcrew,noaa_gefs,21,Pressure_Pa,19,102108.5078125
gep21,00,2026-05-17,2026-06-05,gcrew,noaa_gefs,21,RH_percent_mean,19,67.04474639892578
gep21,00,2026-05-17,2026-06-05,gcrew,noaa_gefs,21,Rain_mm_sum,19,0
gep21,00,2026-05-17,2026-06-05,gcrew,noaa_gefs,21,ShortwaveRadiation_Wm2,19,292.75
gep21,00,2026-05-17,2026-06-05,gcrew,noaa_gefs,21,WindSpeed_ms_mean,19,5.191744913150064
gep21,00,2026-05-17,2026-06-06,gcrew,noaa_gefs,21,AirTemp_C_mean,20,17.265962219238304
gep21,00,2026-05-17,2026-06-06,gcrew,noaa_gefs,21,Pressure_Pa,20,102458.673828125
gep21,00,2026-05-17,2026-06-06,gcrew,noaa_gefs,21,RH_percent_mean,20,61.6632661819458
gep21,00,2026-05-17,2026-06-06,gcrew,noaa_gefs,21,Rain_mm_sum,20,0
gep21,00,2026-05-17,2026-06-06,gcrew,noaa_gefs,21,ShortwaveRadiation_Wm2,20,353.75
gep21,00,2026-05-17,2026-06-06,gcrew,noaa_gefs,21,WindSpeed_ms_mean,20,6.67467006888216
gep21,00,2026-05-17,2026-06-07,gcrew,noaa_gefs,21,AirTemp_C_mean,21,17.46930847167971
gep21,00,2026-05-17,2026-06-07,gcrew,noaa_gefs,21,Pressure_Pa,21,102539.91796875
gep21,00,2026-05-17,2026-06-07,gcrew,noaa_gefs,21,RH_percent_mean,21,57.39550495147705
gep21,00,2026-05-17,2026-06-07,gcrew,noaa_gefs,21,Rain_mm_sum,21,0
gep21,00,2026-05-17,2026-06-07,gcrew,noaa_gefs,21,ShortwaveRadiation_Wm2,21,311.25
gep21,00,2026-05-17,2026-06-07,gcrew,noaa_gefs,21,WindSpeed_ms_mean,21,6.253105276917296
gep21,00,2026-05-17,2026-06-08,gcrew,noaa_gefs,21,AirTemp_C_mean,22,18.264520263671898
gep21,00,2026-05-17,2026-06-08,gcrew,noaa_gefs,21,Pressure_Pa,22,102453.42578125
gep21,00,2026-05-17,2026-06-08,gcrew,noaa_gefs,21,RH_percent_mean,22,69.18738460540771
gep21,00,2026-05-17,2026-06-08,gcrew,noaa_gefs,21,Rain_mm_sum,22,0
gep21,00,2026-05-17,2026-06-08,gcrew,noaa_gefs,21,ShortwaveRadiation_Wm2,22,358.75
gep21,00,2026-05-17,2026-06-08,gcrew,noaa_gefs,21,WindSpeed_ms_mean,22,5.268783443054002
gep21,00,2026-05-17,2026-06-09,gcrew,noaa_gefs,21,AirTemp_C_mean,23,19.784394836425804
gep21,00,2026-05-17,2026-06-09,gcrew,noaa_gefs,21,Pressure_Pa,23,102266.64453125
gep21,00,2026-05-17,2026-06-09,gcrew,noaa_gefs,21,RH_percent_mean,23,76.86220645904541
gep21,00,2026-05-17,2026-06-09,gcrew,noaa_gefs,21,Rain_mm_sum,23,0
gep21,00,2026-05-17,2026-06-09,gcrew,noaa_gefs,21,ShortwaveRadiation_Wm2,23,315.5
gep21,00,2026-05-17,2026-06-09,gcrew,noaa_gefs,21,WindSpeed_ms_mean,23,4.38349937840495
gep21,00,2026-05-17,2026-06-10,gcrew,noaa_gefs,21,AirTemp_C_mean,24,19.276849365234398
gep21,00,2026-05-17,2026-06-10,gcrew,noaa_gefs,21,Pressure_Pa,24,102072.908203125
gep21,00,2026-05-17,2026-06-10,gcrew,noaa_gefs,21,RH_percent_mean,24,77.74775695800781
gep21,00,2026-05-17,2026-06-10,gcrew,noaa_gefs,21,Rain_mm_sum,24,0
gep21,00,2026-05-17,2026-06-10,gcrew,noaa_gefs,21,ShortwaveRadiation_Wm2,24,344.5
gep21,00,2026-05-17,2026-06-10,gcrew,noaa_gefs,21,WindSpeed_ms_mean,24,3.046278388581381
gep21,00,2026-05-17,2026-06-11,gcrew,noaa_gefs,21,AirTemp_C_mean,25,19.354234313964866
gep21,00,2026-05-17,2026-06-11,gcrew,noaa_gefs,21,Pressure_Pa,25,101661.693359375
gep21,00,2026-05-17,2026-06-11,gcrew,noaa_gefs,21,RH_percent_mean,25,78.77657699584961
gep21,00,2026-05-17,2026-06-11,gcrew,noaa_gefs,21,Rain_mm_sum,25,0
gep21,00,2026-05-17,2026-06-11,gcrew,noaa_gefs,21,ShortwaveRadiation_Wm2,25,344.25
gep21,00,2026-05-17,2026-06-11,gcrew,noaa_gefs,21,WindSpeed_ms_mean,25,2.403215737924673
gep21,00,2026-05-17,2026-06-12,gcrew,noaa_gefs,21,AirTemp_C_mean,26,20.841760253906273
gep21,00,2026-05-17,2026-06-12,gcrew,noaa_gefs,21,Pressure_Pa,26,101401.55078125
gep21,00,2026-05-17,2026-06-12,gcrew,noaa_gefs,21,RH_percent_mean,26,86.05273246765137
gep21,00,2026-05-17,2026-06-12,gcrew,noaa_gefs,21,Rain_mm_sum,26,0.5000000074505806
gep21,00,2026-05-17,2026-06-12,gcrew,noaa_gefs,21,ShortwaveRadiation_Wm2,26,270.5
gep21,00,2026-05-17,2026-06-12,gcrew,noaa_gefs,21,WindSpeed_ms_mean,26,2.6211042370057838
gep21,00,2026-05-17,2026-06-13,gcrew,noaa_gefs,21,AirTemp_C_mean,27,22.633142089843773
gep21,00,2026-05-17,2026-06-13,gcrew,noaa_gefs,21,Pressure_Pa,27,101495.544921875
gep21,00,2026-05-17,2026-06-13,gcrew,noaa_gefs,21,RH_percent_mean,27,84.56381607055664
gep21,00,2026-05-17,2026-06-13,gcrew,noaa_gefs,21,Rain_mm_sum,27,0.30000001192092896
gep21,00,2026-05-17,2026-06-13,gcrew,noaa_gefs,21,ShortwaveRadiation_Wm2,27,331.25
gep21,00,2026-05-17,2026-06-13,gcrew,noaa_gefs,21,WindSpeed_ms_mean,27,4.002934118539743
gep21,00,2026-05-17,2026-06-14,gcrew,noaa_gefs,21,AirTemp_C_mean,28,23.382600402832054
gep21,00,2026-05-17,2026-06-14,gcrew,noaa_gefs,21,Pressure_Pa,28,101357.177734375
gep21,00,2026-05-17,2026-06-14,gcrew,noaa_gefs,21,RH_percent_mean,28,89.37162399291992
gep21,00,2026-05-17,2026-06-14,gcrew,noaa_gefs,21,Rain_mm_sum,28,2.6000000536441803
gep21,00,2026-05-17,2026-06-14,gcrew,noaa_gefs,21,ShortwaveRadiation_Wm2,28,284.75
gep21,00,2026-05-17,2026-06-14,gcrew,noaa_gefs,21,WindSpeed_ms_mean,28,3.3537151621249275
gep21,00,2026-05-17,2026-06-15,gcrew,noaa_gefs,21,AirTemp_C_mean,29,24.840669250488304
gep21,00,2026-05-17,2026-06-15,gcrew,noaa_gefs,21,Pressure_Pa,29,101524.51171875
gep21,00,2026-05-17,2026-06-15,gcrew,noaa_gefs,21,RH_percent_mean,29,77.19408130645752
gep21,00,2026-05-17,2026-06-15,gcrew,noaa_gefs,21,Rain_mm_sum,29,0.10000000149011612
gep21,00,2026-05-17,2026-06-15,gcrew,noaa_gefs,21,ShortwaveRadiation_Wm2,29,296.5
gep21,00,2026-05-17,2026-06-15,gcrew,noaa_gefs,21,WindSpeed_ms_mean,29,4.042771754237245
gep21,00,2026-05-17,2026-06-16,gcrew,noaa_gefs,21,AirTemp_C_mean,30,24.895989990234398
gep21,00,2026-05-17,2026-06-16,gcrew,noaa_gefs,21,Pressure_Pa,30,101772.68359375
gep21,00,2026-05-17,2026-06-16,gcrew,noaa_gefs,21,RH_percent_mean,30,77.33410263061523
gep21,00,2026-05-17,2026-06-16,gcrew,noaa_gefs,21,Rain_mm_sum,30,0.30000000447034836
gep21,00,2026-05-17,2026-06-16,gcrew,noaa_gefs,21,ShortwaveRadiation_Wm2,30,313.25
gep21,00,2026-05-17,2026-06-16,gcrew,noaa_gefs,21,WindSpeed_ms_mean,30,3.6732919255241057
gep21,00,2026-05-17,2026-06-17,gcrew,noaa_gefs,21,AirTemp_C_mean,31,25.772210693359398
gep21,00,2026-05-17,2026-06-17,gcrew,noaa_gefs,21,Pressure_Pa,31,101904.6171875
gep21,00,2026-05-17,2026-06-17,gcrew,noaa_gefs,21,RH_percent_mean,31,76.04165267944336
gep21,00,2026-05-17,2026-06-17,gcrew,noaa_gefs,21,Rain_mm_sum,31,0
gep21,00,2026-05-17,2026-06-17,gcrew,noaa_gefs,21,ShortwaveRadiation_Wm2,31,286.75
gep21,00,2026-05-17,2026-06-17,gcrew,noaa_gefs,21,WindSpeed_ms_mean,31,4.13248526059356
gep21,00,2026-05-17,2026-06-18,gcrew,noaa_gefs,21,AirTemp_C_mean,32,25.74041900634768
gep21,00,2026-05-17,2026-06-18,gcrew,noaa_gefs,21,Pressure_Pa,32,101534.314453125
gep21,00,2026-05-17,2026-06-18,gcrew,noaa_gefs,21,RH_percent_mean,32,80.33454704284668
gep21,00,2026-05-17,2026-06-18,gcrew,noaa_gefs,21,Rain_mm_sum,32,8.800000250339508
gep21,00,2026-05-17,2026-06-18,gcrew,noaa_gefs,21,ShortwaveRadiation_Wm2,32,311.5
gep21,00,2026-05-17,2026-06-18,gcrew,noaa_gefs,21,WindSpeed_ms_mean,32,4.21631310842572
gep21,00,2026-05-17,2026-06-19,gcrew,noaa_gefs,21,AirTemp_C_mean,33,24.15681610107424
gep21,00,2026-05-17,2026-06-19,gcrew,noaa_gefs,21,Pressure_Pa,33,101012.509765625
gep21,00,2026-05-17,2026-06-19,gcrew,noaa_gefs,21,RH_percent_mean,33,84.10998153686523
gep21,00,2026-05-17,2026-06-19,gcrew,noaa_gefs,21,Rain_mm_sum,33,37.50000125169754
gep21,00,2026-05-17,2026-06-19,gcrew,noaa_gefs,21,ShortwaveRadiation_Wm2,33,322.25
gep21,00,2026-05-17,2026-06-19,gcrew,noaa_gefs,21,WindSpeed_ms_mean,33,5.041177238306991
gep21,00,2026-05-17,2026-06-20,gcrew,noaa_gefs,21,AirTemp_C_mean,34,21.24146423339846
gep21,00,2026-05-17,2026-06-20,gcrew,noaa_gefs,21,Pressure_Pa,34,101358.76953125
gep21,00,2026-05-17,2026-06-20,gcrew,noaa_gefs,21,RH_percent_mean,34,58.25197887420654
gep21,00,2026-05-17,2026-06-20,gcrew,noaa_gefs,21,Rain_mm_sum,34,0
gep21,00,2026-05-17,2026-06-20,gcrew,noaa_gefs,21,ShortwaveRadiation_Wm2,34,354.5
gep21,00,2026-05-17,2026-06-20,gcrew,noaa_gefs,21,WindSpeed_ms_mean,34,7.9283052740783315
gep22,00,2026-05-17,2026-05-18,gcrew,noaa_gefs,22,AirTemp_C_mean,1,20.541738128662132
gep22,00,2026-05-17,2026-05-18,gcrew,noaa_gefs,22,Pressure_Pa,1,102011.392578125
gep22,00,2026-05-17,2026-05-18,gcrew,noaa_gefs,22,RH_percent_mean,1,84.17081260681152
gep22,00,2026-05-17,2026-05-18,gcrew,noaa_gefs,22,Rain_mm_sum,1,6.350000023841858
gep22,00,2026-05-17,2026-05-18,gcrew,noaa_gefs,22,ShortwaveRadiation_Wm2,1,332.125
gep22,00,2026-05-17,2026-05-18,gcrew,noaa_gefs,22,WindSpeed_ms_mean,1,2.606449622457496
gep22,00,2026-05-17,2026-05-19,gcrew,noaa_gefs,22,AirTemp_C_mean,2,23.0995918273926
gep22,00,2026-05-17,2026-05-19,gcrew,noaa_gefs,22,Pressure_Pa,2,101806.55859375
gep22,00,2026-05-17,2026-05-19,gcrew,noaa_gefs,22,RH_percent_mean,2,68.34389972686768
gep22,00,2026-05-17,2026-05-19,gcrew,noaa_gefs,22,Rain_mm_sum,2,1.8000000268220901
gep22,00,2026-05-17,2026-05-19,gcrew,noaa_gefs,22,ShortwaveRadiation_Wm2,2,334.75
gep22,00,2026-05-17,2026-05-19,gcrew,noaa_gefs,22,WindSpeed_ms_mean,2,3.4067788659044838
gep22,00,2026-05-17,2026-05-20,gcrew,noaa_gefs,22,AirTemp_C_mean,3,22.52497253417971
gep22,00,2026-05-17,2026-05-20,gcrew,noaa_gefs,22,Pressure_Pa,3,101325.6357421875
gep22,00,2026-05-17,2026-05-20,gcrew,noaa_gefs,22,RH_percent_mean,3,71.24866104125977
gep22,00,2026-05-17,2026-05-20,gcrew,noaa_gefs,22,Rain_mm_sum,3,26.70000010728836
gep22,00,2026-05-17,2026-05-20,gcrew,noaa_gefs,22,ShortwaveRadiation_Wm2,3,262.375
gep22,00,2026-05-17,2026-05-20,gcrew,noaa_gefs,22,WindSpeed_ms_mean,3,4.549640011874029
gep22,00,2026-05-17,2026-05-21,gcrew,noaa_gefs,22,AirTemp_C_mean,4,15.515148053850469
gep22,00,2026-05-17,2026-05-21,gcrew,noaa_gefs,22,Pressure_Pa,4,101836.072265625
gep22,00,2026-05-17,2026-05-21,gcrew,noaa_gefs,22,RH_percent_mean,4,76.015167236328125
gep22,00,2026-05-17,2026-05-21,gcrew,noaa_gefs,22,Rain_mm_sum,4,9.399999812245369
gep22,00,2026-05-17,2026-05-21,gcrew,noaa_gefs,22,ShortwaveRadiation_Wm2,4,97.625
gep22,00,2026-05-17,2026-05-21,gcrew,noaa_gefs,22,WindSpeed_ms_mean,4,3.6808240475840406
gep22,00,2026-05-17,2026-05-22,gcrew,noaa_gefs,22,AirTemp_C_mean,5,14.000840759277366
gep22,00,2026-05-17,2026-05-22,gcrew,noaa_gefs,22,Pressure_Pa,5,101988.966796875
gep22,00,2026-05-17,2026-05-22,gcrew,noaa_gefs,22,RH_percent_mean,5,84.21332263946533
gep22,00,2026-05-17,2026-05-22,gcrew,noaa_gefs,22,Rain_mm_sum,5,9.800000049173832
gep22,00,2026-05-17,2026-05-22,gcrew,noaa_gefs,22,ShortwaveRadiation_Wm2,5,22.75
gep22,00,2026-05-17,2026-05-22,gcrew,noaa_gefs,22,WindSpeed_ms_mean,5,4.696523470041017
gep22,00,2026-05-17,2026-05-23,gcrew,noaa_gefs,22,AirTemp_C_mean,6,13.291490173339866
gep22,00,2026-05-17,2026-05-23,gcrew,noaa_gefs,22,Pressure_Pa,6,102242.6494140625
gep22,00,2026-05-17,2026-05-23,gcrew,noaa_gefs,22,RH_percent_mean,6,95.31106090545654
gep22,00,2026-05-17,2026-05-23,gcrew,noaa_gefs,22,Rain_mm_sum,6,41.290000796318054
gep22,00,2026-05-17,2026-05-23,gcrew,noaa_gefs,22,ShortwaveRadiation_Wm2,6,8.625
gep22,00,2026-05-17,2026-05-23,gcrew,noaa_gefs,22,WindSpeed_ms_mean,6,6.730171879016334
gep22,00,2026-05-17,2026-05-24,gcrew,noaa_gefs,22,AirTemp_C_mean,7,13.87753829956057
gep22,00,2026-05-17,2026-05-24,gcrew,noaa_gefs,22,Pressure_Pa,7,102702.9013671875
gep22,00,2026-05-17,2026-05-24,gcrew,noaa_gefs,22,RH_percent_mean,7,89.53658866882324
gep22,00,2026-05-17,2026-05-24,gcrew,noaa_gefs,22,Rain_mm_sum,7,1.5000000074505806
gep22,00,2026-05-17,2026-05-24,gcrew,noaa_gefs,22,ShortwaveRadiation_Wm2,7,55.5
gep22,00,2026-05-17,2026-05-24,gcrew,noaa_gefs,22,WindSpeed_ms_mean,7,4.664883181526184
gep22,00,2026-05-17,2026-05-25,gcrew,noaa_gefs,22,AirTemp_C_mean,8,13.337792968750023
gep22,00,2026-05-17,2026-05-25,gcrew,noaa_gefs,22,Pressure_Pa,8,103076.4609375
gep22,00,2026-05-17,2026-05-25,gcrew,noaa_gefs,22,RH_percent_mean,8,78.87850284576416
gep22,00,2026-05-17,2026-05-25,gcrew,noaa_gefs,22,Rain_mm_sum,8,0
gep22,00,2026-05-17,2026-05-25,gcrew,noaa_gefs,22,ShortwaveRadiation_Wm2,8,160.625
gep22,00,2026-05-17,2026-05-25,gcrew,noaa_gefs,22,WindSpeed_ms_mean,8,4.284401237933425
gep22,00,2026-05-17,2026-05-26,gcrew,noaa_gefs,22,AirTemp_C_mean,9,13.400532749721005
gep22,00,2026-05-17,2026-05-26,gcrew,noaa_gefs,22,Pressure_Pa,9,102888.00669642857
gep22,00,2026-05-17,2026-05-26,gcrew,noaa_gefs,22,RH_percent_mean,9,66.3826152256557
gep22,00,2026-05-17,2026-05-26,gcrew,noaa_gefs,22,Rain_mm_sum,9,0
gep22,00,2026-05-17,2026-05-26,gcrew,noaa_gefs,22,ShortwaveRadiation_Wm2,9,372.2857142857143
gep22,00,2026-05-17,2026-05-26,gcrew,noaa_gefs,22,WindSpeed_ms_mean,9,2.9715455604219634
gep22,00,2026-05-17,2026-05-27,gcrew,noaa_gefs,22,AirTemp_C_mean,10,17.38470611572268
gep22,00,2026-05-17,2026-05-27,gcrew,noaa_gefs,22,Pressure_Pa,10,102230.107421875
gep22,00,2026-05-17,2026-05-27,gcrew,noaa_gefs,22,RH_percent_mean,10,76.62809085845947
gep22,00,2026-05-17,2026-05-27,gcrew,noaa_gefs,22,Rain_mm_sum,10,0
gep22,00,2026-05-17,2026-05-27,gcrew,noaa_gefs,22,ShortwaveRadiation_Wm2,10,292
gep22,00,2026-05-17,2026-05-27,gcrew,noaa_gefs,22,WindSpeed_ms_mean,10,3.292260275209521
gep22,00,2026-05-17,2026-05-28,gcrew,noaa_gefs,22,AirTemp_C_mean,11,18.825532531738304
gep22,00,2026-05-17,2026-05-28,gcrew,noaa_gefs,22,Pressure_Pa,11,101594.103515625
gep22,00,2026-05-17,2026-05-28,gcrew,noaa_gefs,22,RH_percent_mean,11,88.5962963104248
gep22,00,2026-05-17,2026-05-28,gcrew,noaa_gefs,22,Rain_mm_sum,11,3.2000001445412636
gep22,00,2026-05-17,2026-05-28,gcrew,noaa_gefs,22,ShortwaveRadiation_Wm2,11,232.25
gep22,00,2026-05-17,2026-05-28,gcrew,noaa_gefs,22,WindSpeed_ms_mean,11,1.843962609809163
gep22,00,2026-05-17,2026-05-29,gcrew,noaa_gefs,22,AirTemp_C_mean,12,20.632531738281273
gep22,00,2026-05-17,2026-05-29,gcrew,noaa_gefs,22,Pressure_Pa,12,101605.099609375
gep22,00,2026-05-17,2026-05-29,gcrew,noaa_gefs,22,RH_percent_mean,12,90.68621635437012
gep22,00,2026-05-17,2026-05-29,gcrew,noaa_gefs,22,Rain_mm_sum,12,8.700000047683716
gep22,00,2026-05-17,2026-05-29,gcrew,noaa_gefs,22,ShortwaveRadiation_Wm2,12,303.25
gep22,00,2026-05-17,2026-05-29,gcrew,noaa_gefs,22,WindSpeed_ms_mean,12,2.2984613975817045
gep22,00,2026-05-17,2026-05-30,gcrew,noaa_gefs,22,AirTemp_C_mean,13,20.257226562500023
gep22,00,2026-05-17,2026-05-30,gcrew,noaa_gefs,22,Pressure_Pa,13,101830.51953125
gep22,00,2026-05-17,2026-05-30,gcrew,noaa_gefs,22,RH_percent_mean,13,89.01692962646484
gep22,00,2026-05-17,2026-05-30,gcrew,noaa_gefs,22,Rain_mm_sum,13,0.700000025331974
gep22,00,2026-05-17,2026-05-30,gcrew,noaa_gefs,22,ShortwaveRadiation_Wm2,13,279
gep22,00,2026-05-17,2026-05-30,gcrew,noaa_gefs,22,WindSpeed_ms_mean,13,7.177529832521996
gep22,00,2026-05-17,2026-05-31,gcrew,noaa_gefs,22,AirTemp_C_mean,14,20.746133422851585
gep22,00,2026-05-17,2026-05-31,gcrew,noaa_gefs,22,Pressure_Pa,14,101566.6875
gep22,00,2026-05-17,2026-05-31,gcrew,noaa_gefs,22,RH_percent_mean,14,86.56785774230957
gep22,00,2026-05-17,2026-05-31,gcrew,noaa_gefs,22,Rain_mm_sum,14,0.10000000149011612
gep22,00,2026-05-17,2026-05-31,gcrew,noaa_gefs,22,ShortwaveRadiation_Wm2,14,236.5
gep22,00,2026-05-17,2026-05-31,gcrew,noaa_gefs,22,WindSpeed_ms_mean,14,4.452410245898682
gep22,00,2026-05-17,2026-06-01,gcrew,noaa_gefs,22,AirTemp_C_mean,15,21.641290283203148
gep22,00,2026-05-17,2026-06-01,gcrew,noaa_gefs,22,Pressure_Pa,15,101232.943359375
gep22,00,2026-05-17,2026-06-01,gcrew,noaa_gefs,22,RH_percent_mean,15,85.77047920227051
gep22,00,2026-05-17,2026-06-01,gcrew,noaa_gefs,22,Rain_mm_sum,15,0.20000000298023224
gep22,00,2026-05-17,2026-06-01,gcrew,noaa_gefs,22,ShortwaveRadiation_Wm2,15,319.25
gep22,00,2026-05-17,2026-06-01,gcrew,noaa_gefs,22,WindSpeed_ms_mean,15,4.987514627831614
gep22,00,2026-05-17,2026-06-02,gcrew,noaa_gefs,22,AirTemp_C_mean,16,23.64350280761721
gep22,00,2026-05-17,2026-06-02,gcrew,noaa_gefs,22,Pressure_Pa,16,100336.03125
gep22,00,2026-05-17,2026-06-02,gcrew,noaa_gefs,22,RH_percent_mean,16,79.2158031463623
gep22,00,2026-05-17,2026-06-02,gcrew,noaa_gefs,22,Rain_mm_sum,16,0.10000000149011612
gep22,00,2026-05-17,2026-06-02,gcrew,noaa_gefs,22,ShortwaveRadiation_Wm2,16,248.5
gep22,00,2026-05-17,2026-06-02,gcrew,noaa_gefs,22,WindSpeed_ms_mean,16,6.294558916761398
gep22,00,2026-05-17,2026-06-03,gcrew,noaa_gefs,22,AirTemp_C_mean,17,21.807466125488304
gep22,00,2026-05-17,2026-06-03,gcrew,noaa_gefs,22,Pressure_Pa,17,100524.14453125
gep22,00,2026-05-17,2026-06-03,gcrew,noaa_gefs,22,RH_percent_mean,17,82.67036247253418
gep22,00,2026-05-17,2026-06-03,gcrew,noaa_gefs,22,Rain_mm_sum,17,4.900000035762787
gep22,00,2026-05-17,2026-06-03,gcrew,noaa_gefs,22,ShortwaveRadiation_Wm2,17,192.5
gep22,00,2026-05-17,2026-06-03,gcrew,noaa_gefs,22,WindSpeed_ms_mean,17,6.2389494415019655
gep22,00,2026-05-17,2026-06-04,gcrew,noaa_gefs,22,AirTemp_C_mean,18,19.62371978759768
gep22,00,2026-05-17,2026-06-04,gcrew,noaa_gefs,22,Pressure_Pa,18,101363.12109375
gep22,00,2026-05-17,2026-06-04,gcrew,noaa_gefs,22,RH_percent_mean,18,59.62021350860596
gep22,00,2026-05-17,2026-06-04,gcrew,noaa_gefs,22,Rain_mm_sum,18,0
gep22,00,2026-05-17,2026-06-04,gcrew,noaa_gefs,22,ShortwaveRadiation_Wm2,18,353
gep22,00,2026-05-17,2026-06-04,gcrew,noaa_gefs,22,WindSpeed_ms_mean,18,5.129538041845657
gep22,00,2026-05-17,2026-06-05,gcrew,noaa_gefs,22,AirTemp_C_mean,19,18.13916931152346
gep22,00,2026-05-17,2026-06-05,gcrew,noaa_gefs,22,Pressure_Pa,19,102108.5078125
gep22,00,2026-05-17,2026-06-05,gcrew,noaa_gefs,22,RH_percent_mean,19,67.04474639892578
gep22,00,2026-05-17,2026-06-05,gcrew,noaa_gefs,22,Rain_mm_sum,19,0
gep22,00,2026-05-17,2026-06-05,gcrew,noaa_gefs,22,ShortwaveRadiation_Wm2,19,292.75
gep22,00,2026-05-17,2026-06-05,gcrew,noaa_gefs,22,WindSpeed_ms_mean,19,5.191744913150064
gep22,00,2026-05-17,2026-06-06,gcrew,noaa_gefs,22,AirTemp_C_mean,20,17.265962219238304
gep22,00,2026-05-17,2026-06-06,gcrew,noaa_gefs,22,Pressure_Pa,20,102458.673828125
gep22,00,2026-05-17,2026-06-06,gcrew,noaa_gefs,22,RH_percent_mean,20,61.6632661819458
gep22,00,2026-05-17,2026-06-06,gcrew,noaa_gefs,22,Rain_mm_sum,20,0
gep22,00,2026-05-17,2026-06-06,gcrew,noaa_gefs,22,ShortwaveRadiation_Wm2,20,353.75
gep22,00,2026-05-17,2026-06-06,gcrew,noaa_gefs,22,WindSpeed_ms_mean,20,6.67467006888216
gep22,00,2026-05-17,2026-06-07,gcrew,noaa_gefs,22,AirTemp_C_mean,21,17.46930847167971
gep22,00,2026-05-17,2026-06-07,gcrew,noaa_gefs,22,Pressure_Pa,21,102539.91796875
gep22,00,2026-05-17,2026-06-07,gcrew,noaa_gefs,22,RH_percent_mean,21,57.39550495147705
gep22,00,2026-05-17,2026-06-07,gcrew,noaa_gefs,22,Rain_mm_sum,21,0
gep22,00,2026-05-17,2026-06-07,gcrew,noaa_gefs,22,ShortwaveRadiation_Wm2,21,311.25
gep22,00,2026-05-17,2026-06-07,gcrew,noaa_gefs,22,WindSpeed_ms_mean,21,6.253105276917296
gep22,00,2026-05-17,2026-06-08,gcrew,noaa_gefs,22,AirTemp_C_mean,22,18.264520263671898
gep22,00,2026-05-17,2026-06-08,gcrew,noaa_gefs,22,Pressure_Pa,22,102453.42578125
gep22,00,2026-05-17,2026-06-08,gcrew,noaa_gefs,22,RH_percent_mean,22,69.18738460540771
gep22,00,2026-05-17,2026-06-08,gcrew,noaa_gefs,22,Rain_mm_sum,22,0
gep22,00,2026-05-17,2026-06-08,gcrew,noaa_gefs,22,ShortwaveRadiation_Wm2,22,358.75
gep22,00,2026-05-17,2026-06-08,gcrew,noaa_gefs,22,WindSpeed_ms_mean,22,5.268783443054002
gep22,00,2026-05-17,2026-06-09,gcrew,noaa_gefs,22,AirTemp_C_mean,23,19.784394836425804
gep22,00,2026-05-17,2026-06-09,gcrew,noaa_gefs,22,Pressure_Pa,23,102266.64453125
gep22,00,2026-05-17,2026-06-09,gcrew,noaa_gefs,22,RH_percent_mean,23,76.86220645904541
gep22,00,2026-05-17,2026-06-09,gcrew,noaa_gefs,22,Rain_mm_sum,23,0
gep22,00,2026-05-17,2026-06-09,gcrew,noaa_gefs,22,ShortwaveRadiation_Wm2,23,315.5
gep22,00,2026-05-17,2026-06-09,gcrew,noaa_gefs,22,WindSpeed_ms_mean,23,4.38349937840495
gep22,00,2026-05-17,2026-06-10,gcrew,noaa_gefs,22,AirTemp_C_mean,24,19.276849365234398
gep22,00,2026-05-17,2026-06-10,gcrew,noaa_gefs,22,Pressure_Pa,24,102072.908203125
gep22,00,2026-05-17,2026-06-10,gcrew,noaa_gefs,22,RH_percent_mean,24,77.74775695800781
gep22,00,2026-05-17,2026-06-10,gcrew,noaa_gefs,22,Rain_mm_sum,24,0
gep22,00,2026-05-17,2026-06-10,gcrew,noaa_gefs,22,ShortwaveRadiation_Wm2,24,344.5
gep22,00,2026-05-17,2026-06-10,gcrew,noaa_gefs,22,WindSpeed_ms_mean,24,3.046278388581381
gep22,00,2026-05-17,2026-06-11,gcrew,noaa_gefs,22,AirTemp_C_mean,25,19.354234313964866
gep22,00,2026-05-17,2026-06-11,gcrew,noaa_gefs,22,Pressure_Pa,25,101661.693359375
gep22,00,2026-05-17,2026-06-11,gcrew,noaa_gefs,22,RH_percent_mean,25,78.77657699584961
gep22,00,2026-05-17,2026-06-11,gcrew,noaa_gefs,22,Rain_mm_sum,25,0
gep22,00,2026-05-17,2026-06-11,gcrew,noaa_gefs,22,ShortwaveRadiation_Wm2,25,344.25
gep22,00,2026-05-17,2026-06-11,gcrew,noaa_gefs,22,WindSpeed_ms_mean,25,2.403215737924673
gep22,00,2026-05-17,2026-06-12,gcrew,noaa_gefs,22,AirTemp_C_mean,26,20.841760253906273
gep22,00,2026-05-17,2026-06-12,gcrew,noaa_gefs,22,Pressure_Pa,26,101401.55078125
gep22,00,2026-05-17,2026-06-12,gcrew,noaa_gefs,22,RH_percent_mean,26,86.05273246765137
gep22,00,2026-05-17,2026-06-12,gcrew,noaa_gefs,22,Rain_mm_sum,26,0.5000000074505806
gep22,00,2026-05-17,2026-06-12,gcrew,noaa_gefs,22,ShortwaveRadiation_Wm2,26,270.5
gep22,00,2026-05-17,2026-06-12,gcrew,noaa_gefs,22,WindSpeed_ms_mean,26,2.6211042370057838
gep22,00,2026-05-17,2026-06-13,gcrew,noaa_gefs,22,AirTemp_C_mean,27,22.633142089843773
gep22,00,2026-05-17,2026-06-13,gcrew,noaa_gefs,22,Pressure_Pa,27,101495.544921875
gep22,00,2026-05-17,2026-06-13,gcrew,noaa_gefs,22,RH_percent_mean,27,84.56381607055664
gep22,00,2026-05-17,2026-06-13,gcrew,noaa_gefs,22,Rain_mm_sum,27,0.30000001192092896
gep22,00,2026-05-17,2026-06-13,gcrew,noaa_gefs,22,ShortwaveRadiation_Wm2,27,331.25
gep22,00,2026-05-17,2026-06-13,gcrew,noaa_gefs,22,WindSpeed_ms_mean,27,4.002934118539743
gep22,00,2026-05-17,2026-06-14,gcrew,noaa_gefs,22,AirTemp_C_mean,28,23.382600402832054
gep22,00,2026-05-17,2026-06-14,gcrew,noaa_gefs,22,Pressure_Pa,28,101357.177734375
gep22,00,2026-05-17,2026-06-14,gcrew,noaa_gefs,22,RH_percent_mean,28,89.37162399291992
gep22,00,2026-05-17,2026-06-14,gcrew,noaa_gefs,22,Rain_mm_sum,28,2.6000000536441803
gep22,00,2026-05-17,2026-06-14,gcrew,noaa_gefs,22,ShortwaveRadiation_Wm2,28,284.75
gep22,00,2026-05-17,2026-06-14,gcrew,noaa_gefs,22,WindSpeed_ms_mean,28,3.3537151621249275
gep22,00,2026-05-17,2026-06-15,gcrew,noaa_gefs,22,AirTemp_C_mean,29,24.840669250488304
gep22,00,2026-05-17,2026-06-15,gcrew,noaa_gefs,22,Pressure_Pa,29,101524.51171875
gep22,00,2026-05-17,2026-06-15,gcrew,noaa_gefs,22,RH_percent_mean,29,77.19408130645752
gep22,00,2026-05-17,2026-06-15,gcrew,noaa_gefs,22,Rain_mm_sum,29,0.10000000149011612
gep22,00,2026-05-17,2026-06-15,gcrew,noaa_gefs,22,ShortwaveRadiation_Wm2,29,296.5
gep22,00,2026-05-17,2026-06-15,gcrew,noaa_gefs,22,WindSpeed_ms_mean,29,4.042771754237245
gep22,00,2026-05-17,2026-06-16,gcrew,noaa_gefs,22,AirTemp_C_mean,30,24.895989990234398
gep22,00,2026-05-17,2026-06-16,gcrew,noaa_gefs,22,Pressure_Pa,30,101772.68359375
gep22,00,2026-05-17,2026-06-16,gcrew,noaa_gefs,22,RH_percent_mean,30,77.33410263061523
gep22,00,2026-05-17,2026-06-16,gcrew,noaa_gefs,22,Rain_mm_sum,30,0.30000000447034836
gep22,00,2026-05-17,2026-06-16,gcrew,noaa_gefs,22,ShortwaveRadiation_Wm2,30,313.25
gep22,00,2026-05-17,2026-06-16,gcrew,noaa_gefs,22,WindSpeed_ms_mean,30,3.6732919255241057
gep22,00,2026-05-17,2026-06-17,gcrew,noaa_gefs,22,AirTemp_C_mean,31,25.772210693359398
gep22,00,2026-05-17,2026-06-17,gcrew,noaa_gefs,22,Pressure_Pa,31,101904.6171875
gep22,00,2026-05-17,2026-06-17,gcrew,noaa_gefs,22,RH_percent_mean,31,76.04165267944336
gep22,00,2026-05-17,2026-06-17,gcrew,noaa_gefs,22,Rain_mm_sum,31,0
gep22,00,2026-05-17,2026-06-17,gcrew,noaa_gefs,22,ShortwaveRadiation_Wm2,31,286.75
gep22,00,2026-05-17,2026-06-17,gcrew,noaa_gefs,22,WindSpeed_ms_mean,31,4.13248526059356
gep22,00,2026-05-17,2026-06-18,gcrew,noaa_gefs,22,AirTemp_C_mean,32,25.74041900634768
gep22,00,2026-05-17,2026-06-18,gcrew,noaa_gefs,22,Pressure_Pa,32,101534.314453125
gep22,00,2026-05-17,2026-06-18,gcrew,noaa_gefs,22,RH_percent_mean,32,80.33454704284668
gep22,00,2026-05-17,2026-06-18,gcrew,noaa_gefs,22,Rain_mm_sum,32,8.800000250339508
gep22,00,2026-05-17,2026-06-18,gcrew,noaa_gefs,22,ShortwaveRadiation_Wm2,32,311.5
gep22,00,2026-05-17,2026-06-18,gcrew,noaa_gefs,22,WindSpeed_ms_mean,32,4.21631310842572
gep22,00,2026-05-17,2026-06-19,gcrew,noaa_gefs,22,AirTemp_C_mean,33,24.15681610107424
gep22,00,2026-05-17,2026-06-19,gcrew,noaa_gefs,22,Pressure_Pa,33,101012.509765625
gep22,00,2026-05-17,2026-06-19,gcrew,noaa_gefs,22,RH_percent_mean,33,84.10998153686523
gep22,00,2026-05-17,2026-06-19,gcrew,noaa_gefs,22,Rain_mm_sum,33,37.50000125169754
gep22,00,2026-05-17,2026-06-19,gcrew,noaa_gefs,22,ShortwaveRadiation_Wm2,33,322.25
gep22,00,2026-05-17,2026-06-19,gcrew,noaa_gefs,22,WindSpeed_ms_mean,33,5.041177238306991
gep22,00,2026-05-17,2026-06-20,gcrew,noaa_gefs,22,AirTemp_C_mean,34,21.24146423339846
gep22,00,2026-05-17,2026-06-20,gcrew,noaa_gefs,22,Pressure_Pa,34,101358.76953125
gep22,00,2026-05-17,2026-06-20,gcrew,noaa_gefs,22,RH_percent_mean,34,58.25197887420654
gep22,00,2026-05-17,2026-06-20,gcrew,noaa_gefs,22,Rain_mm_sum,34,0
gep22,00,2026-05-17,2026-06-20,gcrew,noaa_gefs,22,ShortwaveRadiation_Wm2,34,354.5
gep22,00,2026-05-17,2026-06-20,gcrew,noaa_gefs,22,WindSpeed_ms_mean,34,7.9283052740783315
gep23,00,2026-05-17,2026-05-18,gcrew,noaa_gefs,23,AirTemp_C_mean,1,20.541738128662132
gep23,00,2026-05-17,2026-05-18,gcrew,noaa_gefs,23,Pressure_Pa,1,102011.392578125
gep23,00,2026-05-17,2026-05-18,gcrew,noaa_gefs,23,RH_percent_mean,1,84.17081260681152
gep23,00,2026-05-17,2026-05-18,gcrew,noaa_gefs,23,Rain_mm_sum,1,6.350000023841858
gep23,00,2026-05-17,2026-05-18,gcrew,noaa_gefs,23,ShortwaveRadiation_Wm2,1,332.125
gep23,00,2026-05-17,2026-05-18,gcrew,noaa_gefs,23,WindSpeed_ms_mean,1,2.606449622457496
gep23,00,2026-05-17,2026-05-19,gcrew,noaa_gefs,23,AirTemp_C_mean,2,23.0995918273926
gep23,00,2026-05-17,2026-05-19,gcrew,noaa_gefs,23,Pressure_Pa,2,101806.55859375
gep23,00,2026-05-17,2026-05-19,gcrew,noaa_gefs,23,RH_percent_mean,2,68.34389972686768
gep23,00,2026-05-17,2026-05-19,gcrew,noaa_gefs,23,Rain_mm_sum,2,1.8000000268220901
gep23,00,2026-05-17,2026-05-19,gcrew,noaa_gefs,23,ShortwaveRadiation_Wm2,2,334.75
gep23,00,2026-05-17,2026-05-19,gcrew,noaa_gefs,23,WindSpeed_ms_mean,2,3.4067788659044838
gep23,00,2026-05-17,2026-05-20,gcrew,noaa_gefs,23,AirTemp_C_mean,3,22.52497253417971
gep23,00,2026-05-17,2026-05-20,gcrew,noaa_gefs,23,Pressure_Pa,3,101325.6357421875
gep23,00,2026-05-17,2026-05-20,gcrew,noaa_gefs,23,RH_percent_mean,3,71.24866104125977
gep23,00,2026-05-17,2026-05-20,gcrew,noaa_gefs,23,Rain_mm_sum,3,26.70000010728836
gep23,00,2026-05-17,2026-05-20,gcrew,noaa_gefs,23,ShortwaveRadiation_Wm2,3,262.375
gep23,00,2026-05-17,2026-05-20,gcrew,noaa_gefs,23,WindSpeed_ms_mean,3,4.549640011874029
gep23,00,2026-05-17,2026-05-21,gcrew,noaa_gefs,23,AirTemp_C_mean,4,15.515148053850469
gep23,00,2026-05-17,2026-05-21,gcrew,noaa_gefs,23,Pressure_Pa,4,101836.072265625
gep23,00,2026-05-17,2026-05-21,gcrew,noaa_gefs,23,RH_percent_mean,4,76.015167236328125
gep23,00,2026-05-17,2026-05-21,gcrew,noaa_gefs,23,Rain_mm_sum,4,9.399999812245369
gep23,00,2026-05-17,2026-05-21,gcrew,noaa_gefs,23,ShortwaveRadiation_Wm2,4,97.625
gep23,00,2026-05-17,2026-05-21,gcrew,noaa_gefs,23,WindSpeed_ms_mean,4,3.6808240475840406
gep23,00,2026-05-17,2026-05-22,gcrew,noaa_gefs,23,AirTemp_C_mean,5,14.000840759277366
gep23,00,2026-05-17,2026-05-22,gcrew,noaa_gefs,23,Pressure_Pa,5,101988.966796875
gep23,00,2026-05-17,2026-05-22,gcrew,noaa_gefs,23,RH_percent_mean,5,84.21332263946533
gep23,00,2026-05-17,2026-05-22,gcrew,noaa_gefs,23,Rain_mm_sum,5,9.800000049173832
gep23,00,2026-05-17,2026-05-22,gcrew,noaa_gefs,23,ShortwaveRadiation_Wm2,5,22.75
gep23,00,2026-05-17,2026-05-22,gcrew,noaa_gefs,23,WindSpeed_ms_mean,5,4.696523470041017
gep23,00,2026-05-17,2026-05-23,gcrew,noaa_gefs,23,AirTemp_C_mean,6,13.291490173339866
gep23,00,2026-05-17,2026-05-23,gcrew,noaa_gefs,23,Pressure_Pa,6,102242.6494140625
gep23,00,2026-05-17,2026-05-23,gcrew,noaa_gefs,23,RH_percent_mean,6,95.31106090545654
gep23,00,2026-05-17,2026-05-23,gcrew,noaa_gefs,23,Rain_mm_sum,6,41.290000796318054
gep23,00,2026-05-17,2026-05-23,gcrew,noaa_gefs,23,ShortwaveRadiation_Wm2,6,8.625
gep23,00,2026-05-17,2026-05-23,gcrew,noaa_gefs,23,WindSpeed_ms_mean,6,6.730171879016334
gep23,00,2026-05-17,2026-05-24,gcrew,noaa_gefs,23,AirTemp_C_mean,7,13.87753829956057
gep23,00,2026-05-17,2026-05-24,gcrew,noaa_gefs,23,Pressure_Pa,7,102702.9013671875
gep23,00,2026-05-17,2026-05-24,gcrew,noaa_gefs,23,RH_percent_mean,7,89.53658866882324
gep23,00,2026-05-17,2026-05-24,gcrew,noaa_gefs,23,Rain_mm_sum,7,1.5000000074505806
gep23,00,2026-05-17,2026-05-24,gcrew,noaa_gefs,23,ShortwaveRadiation_Wm2,7,55.5
gep23,00,2026-05-17,2026-05-24,gcrew,noaa_gefs,23,WindSpeed_ms_mean,7,4.664883181526184
gep23,00,2026-05-17,2026-05-25,gcrew,noaa_gefs,23,AirTemp_C_mean,8,13.337792968750023
gep23,00,2026-05-17,2026-05-25,gcrew,noaa_gefs,23,Pressure_Pa,8,103076.4609375
gep23,00,2026-05-17,2026-05-25,gcrew,noaa_gefs,23,RH_percent_mean,8,78.87850284576416
gep23,00,2026-05-17,2026-05-25,gcrew,noaa_gefs,23,Rain_mm_sum,8,0
gep23,00,2026-05-17,2026-05-25,gcrew,noaa_gefs,23,ShortwaveRadiation_Wm2,8,160.625
gep23,00,2026-05-17,2026-05-25,gcrew,noaa_gefs,23,WindSpeed_ms_mean,8,4.284401237933425
gep23,00,2026-05-17,2026-05-26,gcrew,noaa_gefs,23,AirTemp_C_mean,9,13.400532749721005
gep23,00,2026-05-17,2026-05-26,gcrew,noaa_gefs,23,Pressure_Pa,9,102888.00669642857
gep23,00,2026-05-17,2026-05-26,gcrew,noaa_gefs,23,RH_percent_mean,9,66.3826152256557
gep23,00,2026-05-17,2026-05-26,gcrew,noaa_gefs,23,Rain_mm_sum,9,0
gep23,00,2026-05-17,2026-05-26,gcrew,noaa_gefs,23,ShortwaveRadiation_Wm2,9,372.2857142857143
gep23,00,2026-05-17,2026-05-26,gcrew,noaa_gefs,23,WindSpeed_ms_mean,9,2.9715455604219634
gep23,00,2026-05-17,2026-05-27,gcrew,noaa_gefs,23,AirTemp_C_mean,10,17.38470611572268
gep23,00,2026-05-17,2026-05-27,gcrew,noaa_gefs,23,Pressure_Pa,10,102230.107421875
gep23,00,2026-05-17,2026-05-27,gcrew,noaa_gefs,23,RH_percent_mean,10,76.62809085845947
gep23,00,2026-05-17,2026-05-27,gcrew,noaa_gefs,23,Rain_mm_sum,10,0
gep23,00,2026-05-17,2026-05-27,gcrew,noaa_gefs,23,ShortwaveRadiation_Wm2,10,292
gep23,00,2026-05-17,2026-05-27,gcrew,noaa_gefs,23,WindSpeed_ms_mean,10,3.292260275209521
gep23,00,2026-05-17,2026-05-28,gcrew,noaa_gefs,23,AirTemp_C_mean,11,18.825532531738304
gep23,00,2026-05-17,2026-05-28,gcrew,noaa_gefs,23,Pressure_Pa,11,101594.103515625
gep23,00,2026-05-17,2026-05-28,gcrew,noaa_gefs,23,RH_percent_mean,11,88.5962963104248
gep23,00,2026-05-17,2026-05-28,gcrew,noaa_gefs,23,Rain_mm_sum,11,3.2000001445412636
gep23,00,2026-05-17,2026-05-28,gcrew,noaa_gefs,23,ShortwaveRadiation_Wm2,11,232.25
gep23,00,2026-05-17,2026-05-28,gcrew,noaa_gefs,23,WindSpeed_ms_mean,11,1.843962609809163
gep23,00,2026-05-17,2026-05-29,gcrew,noaa_gefs,23,AirTemp_C_mean,12,20.632531738281273
gep23,00,2026-05-17,2026-05-29,gcrew,noaa_gefs,23,Pressure_Pa,12,101605.099609375
gep23,00,2026-05-17,2026-05-29,gcrew,noaa_gefs,23,RH_percent_mean,12,90.68621635437012
gep23,00,2026-05-17,2026-05-29,gcrew,noaa_gefs,23,Rain_mm_sum,12,8.700000047683716
gep23,00,2026-05-17,2026-05-29,gcrew,noaa_gefs,23,ShortwaveRadiation_Wm2,12,303.25
gep23,00,2026-05-17,2026-05-29,gcrew,noaa_gefs,23,WindSpeed_ms_mean,12,2.2984613975817045
gep23,00,2026-05-17,2026-05-30,gcrew,noaa_gefs,23,AirTemp_C_mean,13,20.257226562500023
gep23,00,2026-05-17,2026-05-30,gcrew,noaa_gefs,23,Pressure_Pa,13,101830.51953125
gep23,00,2026-05-17,2026-05-30,gcrew,noaa_gefs,23,RH_percent_mean,13,89.01692962646484
gep23,00,2026-05-17,2026-05-30,gcrew,noaa_gefs,23,Rain_mm_sum,13,0.700000025331974
gep23,00,2026-05-17,2026-05-30,gcrew,noaa_gefs,23,ShortwaveRadiation_Wm2,13,279
gep23,00,2026-05-17,2026-05-30,gcrew,noaa_gefs,23,WindSpeed_ms_mean,13,7.177529832521996
gep23,00,2026-05-17,2026-05-31,gcrew,noaa_gefs,23,AirTemp_C_mean,14,20.746133422851585
gep23,00,2026-05-17,2026-05-31,gcrew,noaa_gefs,23,Pressure_Pa,14,101566.6875
gep23,00,2026-05-17,2026-05-31,gcrew,noaa_gefs,23,RH_percent_mean,14,86.56785774230957
gep23,00,2026-05-17,2026-05-31,gcrew,noaa_gefs,23,Rain_mm_sum,14,0.10000000149011612
gep23,00,2026-05-17,2026-05-31,gcrew,noaa_gefs,23,ShortwaveRadiation_Wm2,14,236.5
gep23,00,2026-05-17,2026-05-31,gcrew,noaa_gefs,23,WindSpeed_ms_mean,14,4.452410245898682
gep23,00,2026-05-17,2026-06-01,gcrew,noaa_gefs,23,AirTemp_C_mean,15,21.641290283203148
gep23,00,2026-05-17,2026-06-01,gcrew,noaa_gefs,23,Pressure_Pa,15,101232.943359375
gep23,00,2026-05-17,2026-06-01,gcrew,noaa_gefs,23,RH_percent_mean,15,85.77047920227051
gep23,00,2026-05-17,2026-06-01,gcrew,noaa_gefs,23,Rain_mm_sum,15,0.20000000298023224
gep23,00,2026-05-17,2026-06-01,gcrew,noaa_gefs,23,ShortwaveRadiation_Wm2,15,319.25
gep23,00,2026-05-17,2026-06-01,gcrew,noaa_gefs,23,WindSpeed_ms_mean,15,4.987514627831614
gep23,00,2026-05-17,2026-06-02,gcrew,noaa_gefs,23,AirTemp_C_mean,16,23.64350280761721
gep23,00,2026-05-17,2026-06-02,gcrew,noaa_gefs,23,Pressure_Pa,16,100336.03125
gep23,00,2026-05-17,2026-06-02,gcrew,noaa_gefs,23,RH_percent_mean,16,79.2158031463623
gep23,00,2026-05-17,2026-06-02,gcrew,noaa_gefs,23,Rain_mm_sum,16,0.10000000149011612
gep23,00,2026-05-17,2026-06-02,gcrew,noaa_gefs,23,ShortwaveRadiation_Wm2,16,248.5
gep23,00,2026-05-17,2026-06-02,gcrew,noaa_gefs,23,WindSpeed_ms_mean,16,6.294558916761398
gep23,00,2026-05-17,2026-06-03,gcrew,noaa_gefs,23,AirTemp_C_mean,17,21.807466125488304
gep23,00,2026-05-17,2026-06-03,gcrew,noaa_gefs,23,Pressure_Pa,17,100524.14453125
gep23,00,2026-05-17,2026-06-03,gcrew,noaa_gefs,23,RH_percent_mean,17,82.67036247253418
gep23,00,2026-05-17,2026-06-03,gcrew,noaa_gefs,23,Rain_mm_sum,17,4.900000035762787
gep23,00,2026-05-17,2026-06-03,gcrew,noaa_gefs,23,ShortwaveRadiation_Wm2,17,192.5
gep23,00,2026-05-17,2026-06-03,gcrew,noaa_gefs,23,WindSpeed_ms_mean,17,6.2389494415019655
gep23,00,2026-05-17,2026-06-04,gcrew,noaa_gefs,23,AirTemp_C_mean,18,19.62371978759768
gep23,00,2026-05-17,2026-06-04,gcrew,noaa_gefs,23,Pressure_Pa,18,101363.12109375
gep23,00,2026-05-17,2026-06-04,gcrew,noaa_gefs,23,RH_percent_mean,18,59.62021350860596
gep23,00,2026-05-17,2026-06-04,gcrew,noaa_gefs,23,Rain_mm_sum,18,0
gep23,00,2026-05-17,2026-06-04,gcrew,noaa_gefs,23,ShortwaveRadiation_Wm2,18,353
gep23,00,2026-05-17,2026-06-04,gcrew,noaa_gefs,23,WindSpeed_ms_mean,18,5.129538041845657
gep23,00,2026-05-17,2026-06-05,gcrew,noaa_gefs,23,AirTemp_C_mean,19,18.13916931152346
gep23,00,2026-05-17,2026-06-05,gcrew,noaa_gefs,23,Pressure_Pa,19,102108.5078125
gep23,00,2026-05-17,2026-06-05,gcrew,noaa_gefs,23,RH_percent_mean,19,67.04474639892578
gep23,00,2026-05-17,2026-06-05,gcrew,noaa_gefs,23,Rain_mm_sum,19,0
gep23,00,2026-05-17,2026-06-05,gcrew,noaa_gefs,23,ShortwaveRadiation_Wm2,19,292.75
gep23,00,2026-05-17,2026-06-05,gcrew,noaa_gefs,23,WindSpeed_ms_mean,19,5.191744913150064
gep23,00,2026-05-17,2026-06-06,gcrew,noaa_gefs,23,AirTemp_C_mean,20,17.265962219238304
gep23,00,2026-05-17,2026-06-06,gcrew,noaa_gefs,23,Pressure_Pa,20,102458.673828125
gep23,00,2026-05-17,2026-06-06,gcrew,noaa_gefs,23,RH_percent_mean,20,61.6632661819458
gep23,00,2026-05-17,2026-06-06,gcrew,noaa_gefs,23,Rain_mm_sum,20,0
gep23,00,2026-05-17,2026-06-06,gcrew,noaa_gefs,23,ShortwaveRadiation_Wm2,20,353.75
gep23,00,2026-05-17,2026-06-06,gcrew,noaa_gefs,23,WindSpeed_ms_mean,20,6.67467006888216
gep23,00,2026-05-17,2026-06-07,gcrew,noaa_gefs,23,AirTemp_C_mean,21,17.46930847167971
gep23,00,2026-05-17,2026-06-07,gcrew,noaa_gefs,23,Pressure_Pa,21,102539.91796875
gep23,00,2026-05-17,2026-06-07,gcrew,noaa_gefs,23,RH_percent_mean,21,57.39550495147705
gep23,00,2026-05-17,2026-06-07,gcrew,noaa_gefs,23,Rain_mm_sum,21,0
gep23,00,2026-05-17,2026-06-07,gcrew,noaa_gefs,23,ShortwaveRadiation_Wm2,21,311.25
gep23,00,2026-05-17,2026-06-07,gcrew,noaa_gefs,23,WindSpeed_ms_mean,21,6.253105276917296
gep23,00,2026-05-17,2026-06-08,gcrew,noaa_gefs,23,AirTemp_C_mean,22,18.264520263671898
gep23,00,2026-05-17,2026-06-08,gcrew,noaa_gefs,23,Pressure_Pa,22,102453.42578125
gep23,00,2026-05-17,2026-06-08,gcrew,noaa_gefs,23,RH_percent_mean,22,69.18738460540771
gep23,00,2026-05-17,2026-06-08,gcrew,noaa_gefs,23,Rain_mm_sum,22,0
gep23,00,2026-05-17,2026-06-08,gcrew,noaa_gefs,23,ShortwaveRadiation_Wm2,22,358.75
gep23,00,2026-05-17,2026-06-08,gcrew,noaa_gefs,23,WindSpeed_ms_mean,22,5.268783443054002
gep23,00,2026-05-17,2026-06-09,gcrew,noaa_gefs,23,AirTemp_C_mean,23,19.784394836425804
gep23,00,2026-05-17,2026-06-09,gcrew,noaa_gefs,23,Pressure_Pa,23,102266.64453125
gep23,00,2026-05-17,2026-06-09,gcrew,noaa_gefs,23,RH_percent_mean,23,76.86220645904541
gep23,00,2026-05-17,2026-06-09,gcrew,noaa_gefs,23,Rain_mm_sum,23,0
gep23,00,2026-05-17,2026-06-09,gcrew,noaa_gefs,23,ShortwaveRadiation_Wm2,23,315.5
gep23,00,2026-05-17,2026-06-09,gcrew,noaa_gefs,23,WindSpeed_ms_mean,23,4.38349937840495
gep23,00,2026-05-17,2026-06-10,gcrew,noaa_gefs,23,AirTemp_C_mean,24,19.276849365234398
gep23,00,2026-05-17,2026-06-10,gcrew,noaa_gefs,23,Pressure_Pa,24,102072.908203125
gep23,00,2026-05-17,2026-06-10,gcrew,noaa_gefs,23,RH_percent_mean,24,77.74775695800781
gep23,00,2026-05-17,2026-06-10,gcrew,noaa_gefs,23,Rain_mm_sum,24,0
gep23,00,2026-05-17,2026-06-10,gcrew,noaa_gefs,23,ShortwaveRadiation_Wm2,24,344.5
gep23,00,2026-05-17,2026-06-10,gcrew,noaa_gefs,23,WindSpeed_ms_mean,24,3.046278388581381
gep23,00,2026-05-17,2026-06-11,gcrew,noaa_gefs,23,AirTemp_C_mean,25,19.354234313964866
gep23,00,2026-05-17,2026-06-11,gcrew,noaa_gefs,23,Pressure_Pa,25,101661.693359375
gep23,00,2026-05-17,2026-06-11,gcrew,noaa_gefs,23,RH_percent_mean,25,78.77657699584961
gep23,00,2026-05-17,2026-06-11,gcrew,noaa_gefs,23,Rain_mm_sum,25,0
gep23,00,2026-05-17,2026-06-11,gcrew,noaa_gefs,23,ShortwaveRadiation_Wm2,25,344.25
gep23,00,2026-05-17,2026-06-11,gcrew,noaa_gefs,23,WindSpeed_ms_mean,25,2.403215737924673
gep23,00,2026-05-17,2026-06-12,gcrew,noaa_gefs,23,AirTemp_C_mean,26,20.841760253906273
gep23,00,2026-05-17,2026-06-12,gcrew,noaa_gefs,23,Pressure_Pa,26,101401.55078125
gep23,00,2026-05-17,2026-06-12,gcrew,noaa_gefs,23,RH_percent_mean,26,86.05273246765137
gep23,00,2026-05-17,2026-06-12,gcrew,noaa_gefs,23,Rain_mm_sum,26,0.5000000074505806
gep23,00,2026-05-17,2026-06-12,gcrew,noaa_gefs,23,ShortwaveRadiation_Wm2,26,270.5
gep23,00,2026-05-17,2026-06-12,gcrew,noaa_gefs,23,WindSpeed_ms_mean,26,2.6211042370057838
gep23,00,2026-05-17,2026-06-13,gcrew,noaa_gefs,23,AirTemp_C_mean,27,22.633142089843773
gep23,00,2026-05-17,2026-06-13,gcrew,noaa_gefs,23,Pressure_Pa,27,101495.544921875
gep23,00,2026-05-17,2026-06-13,gcrew,noaa_gefs,23,RH_percent_mean,27,84.56381607055664
gep23,00,2026-05-17,2026-06-13,gcrew,noaa_gefs,23,Rain_mm_sum,27,0.30000001192092896
gep23,00,2026-05-17,2026-06-13,gcrew,noaa_gefs,23,ShortwaveRadiation_Wm2,27,331.25
gep23,00,2026-05-17,2026-06-13,gcrew,noaa_gefs,23,WindSpeed_ms_mean,27,4.002934118539743
gep23,00,2026-05-17,2026-06-14,gcrew,noaa_gefs,23,AirTemp_C_mean,28,23.382600402832054
gep23,00,2026-05-17,2026-06-14,gcrew,noaa_gefs,23,Pressure_Pa,28,101357.177734375
gep23,00,2026-05-17,2026-06-14,gcrew,noaa_gefs,23,RH_percent_mean,28,89.37162399291992
gep23,00,2026-05-17,2026-06-14,gcrew,noaa_gefs,23,Rain_mm_sum,28,2.6000000536441803
gep23,00,2026-05-17,2026-06-14,gcrew,noaa_gefs,23,ShortwaveRadiation_Wm2,28,284.75
gep23,00,2026-05-17,2026-06-14,gcrew,noaa_gefs,23,WindSpeed_ms_mean,28,3.3537151621249275
gep23,00,2026-05-17,2026-06-15,gcrew,noaa_gefs,23,AirTemp_C_mean,29,24.840669250488304
gep23,00,2026-05-17,2026-06-15,gcrew,noaa_gefs,23,Pressure_Pa,29,101524.51171875
gep23,00,2026-05-17,2026-06-15,gcrew,noaa_gefs,23,RH_percent_mean,29,77.19408130645752
gep23,00,2026-05-17,2026-06-15,gcrew,noaa_gefs,23,Rain_mm_sum,29,0.10000000149011612
gep23,00,2026-05-17,2026-06-15,gcrew,noaa_gefs,23,ShortwaveRadiation_Wm2,29,296.5
gep23,00,2026-05-17,2026-06-15,gcrew,noaa_gefs,23,WindSpeed_ms_mean,29,4.042771754237245
gep23,00,2026-05-17,2026-06-16,gcrew,noaa_gefs,23,AirTemp_C_mean,30,24.895989990234398
gep23,00,2026-05-17,2026-06-16,gcrew,noaa_gefs,23,Pressure_Pa,30,101772.68359375
gep23,00,2026-05-17,2026-06-16,gcrew,noaa_gefs,23,RH_percent_mean,30,77.33410263061523
gep23,00,2026-05-17,2026-06-16,gcrew,noaa_gefs,23,Rain_mm_sum,30,0.30000000447034836
gep23,00,2026-05-17,2026-06-16,gcrew,noaa_gefs,23,ShortwaveRadiation_Wm2,30,313.25
gep23,00,2026-05-17,2026-06-16,gcrew,noaa_gefs,23,WindSpeed_ms_mean,30,3.6732919255241057
gep23,00,2026-05-17,2026-06-17,gcrew,noaa_gefs,23,AirTemp_C_mean,31,25.772210693359398
gep23,00,2026-05-17,2026-06-17,gcrew,noaa_gefs,23,Pressure_Pa,31,101904.6171875
gep23,00,2026-05-17,2026-06-17,gcrew,noaa_gefs,23,RH_percent_mean,31,76.04165267944336
gep23,00,2026-05-17,2026-06-17,gcrew,noaa_gefs,23,Rain_mm_sum,31,0
gep23,00,2026-05-17,2026-06-17,gcrew,noaa_gefs,23,ShortwaveRadiation_Wm2,31,286.75
gep23,00,2026-05-17,2026-06-17,gcrew,noaa_gefs,23,WindSpeed_ms_mean,31,4.13248526059356
gep23,00,2026-05-17,2026-06-18,gcrew,noaa_gefs,23,AirTemp_C_mean,32,25.74041900634768
gep23,00,2026-05-17,2026-06-18,gcrew,noaa_gefs,23,Pressure_Pa,32,101534.314453125
gep23,00,2026-05-17,2026-06-18,gcrew,noaa_gefs,23,RH_percent_mean,32,80.33454704284668
gep23,00,2026-05-17,2026-06-18,gcrew,noaa_gefs,23,Rain_mm_sum,32,8.800000250339508
gep23,00,2026-05-17,2026-06-18,gcrew,noaa_gefs,23,ShortwaveRadiation_Wm2,32,311.5
gep23,00,2026-05-17,2026-06-18,gcrew,noaa_gefs,23,WindSpeed_ms_mean,32,4.21631310842572
gep23,00,2026-05-17,2026-06-19,gcrew,noaa_gefs,23,AirTemp_C_mean,33,24.15681610107424
gep23,00,2026-05-17,2026-06-19,gcrew,noaa_gefs,23,Pressure_Pa,33,101012.509765625
gep23,00,2026-05-17,2026-06-19,gcrew,noaa_gefs,23,RH_percent_mean,33,84.10998153686523
gep23,00,2026-05-17,2026-06-19,gcrew,noaa_gefs,23,Rain_mm_sum,33,37.50000125169754
gep23,00,2026-05-17,2026-06-19,gcrew,noaa_gefs,23,ShortwaveRadiation_Wm2,33,322.25
gep23,00,2026-05-17,2026-06-19,gcrew,noaa_gefs,23,WindSpeed_ms_mean,33,5.041177238306991
gep23,00,2026-05-17,2026-06-20,gcrew,noaa_gefs,23,AirTemp_C_mean,34,21.24146423339846
gep23,00,2026-05-17,2026-06-20,gcrew,noaa_gefs,23,Pressure_Pa,34,101358.76953125
gep23,00,2026-05-17,2026-06-20,gcrew,noaa_gefs,23,RH_percent_mean,34,58.25197887420654
gep23,00,2026-05-17,2026-06-20,gcrew,noaa_gefs,23,Rain_mm_sum,34,0
gep23,00,2026-05-17,2026-06-20,gcrew,noaa_gefs,23,ShortwaveRadiation_Wm2,34,354.5
gep23,00,2026-05-17,2026-06-20,gcrew,noaa_gefs,23,WindSpeed_ms_mean,34,7.9283052740783315
gep24,00,2026-05-17,2026-05-18,gcrew,noaa_gefs,24,AirTemp_C_mean,1,20.541738128662132
gep24,00,2026-05-17,2026-05-18,gcrew,noaa_gefs,24,Pressure_Pa,1,102011.392578125
gep24,00,2026-05-17,2026-05-18,gcrew,noaa_gefs,24,RH_percent_mean,1,84.17081260681152
gep24,00,2026-05-17,2026-05-18,gcrew,noaa_gefs,24,Rain_mm_sum,1,6.350000023841858
gep24,00,2026-05-17,2026-05-18,gcrew,noaa_gefs,24,ShortwaveRadiation_Wm2,1,332.125
gep24,00,2026-05-17,2026-05-18,gcrew,noaa_gefs,24,WindSpeed_ms_mean,1,2.606449622457496
gep24,00,2026-05-17,2026-05-19,gcrew,noaa_gefs,24,AirTemp_C_mean,2,23.0995918273926
gep24,00,2026-05-17,2026-05-19,gcrew,noaa_gefs,24,Pressure_Pa,2,101806.55859375
gep24,00,2026-05-17,2026-05-19,gcrew,noaa_gefs,24,RH_percent_mean,2,68.34389972686768
gep24,00,2026-05-17,2026-05-19,gcrew,noaa_gefs,24,Rain_mm_sum,2,1.8000000268220901
gep24,00,2026-05-17,2026-05-19,gcrew,noaa_gefs,24,ShortwaveRadiation_Wm2,2,334.75
gep24,00,2026-05-17,2026-05-19,gcrew,noaa_gefs,24,WindSpeed_ms_mean,2,3.4067788659044838
gep24,00,2026-05-17,2026-05-20,gcrew,noaa_gefs,24,AirTemp_C_mean,3,22.52497253417971
gep24,00,2026-05-17,2026-05-20,gcrew,noaa_gefs,24,Pressure_Pa,3,101325.6357421875
gep24,00,2026-05-17,2026-05-20,gcrew,noaa_gefs,24,RH_percent_mean,3,71.24866104125977
gep24,00,2026-05-17,2026-05-20,gcrew,noaa_gefs,24,Rain_mm_sum,3,26.70000010728836
gep24,00,2026-05-17,2026-05-20,gcrew,noaa_gefs,24,ShortwaveRadiation_Wm2,3,262.375
gep24,00,2026-05-17,2026-05-20,gcrew,noaa_gefs,24,WindSpeed_ms_mean,3,4.549640011874029
gep24,00,2026-05-17,2026-05-21,gcrew,noaa_gefs,24,AirTemp_C_mean,4,15.515148053850469
gep24,00,2026-05-17,2026-05-21,gcrew,noaa_gefs,24,Pressure_Pa,4,101836.072265625
gep24,00,2026-05-17,2026-05-21,gcrew,noaa_gefs,24,RH_percent_mean,4,76.015167236328125
gep24,00,2026-05-17,2026-05-21,gcrew,noaa_gefs,24,Rain_mm_sum,4,9.399999812245369
gep24,00,2026-05-17,2026-05-21,gcrew,noaa_gefs,24,ShortwaveRadiation_Wm2,4,97.625
gep24,00,2026-05-17,2026-05-21,gcrew,noaa_gefs,24,WindSpeed_ms_mean,4,3.6808240475840406
gep24,00,2026-05-17,2026-05-22,gcrew,noaa_gefs,24,AirTemp_C_mean,5,14.000840759277366
gep24,00,2026-05-17,2026-05-22,gcrew,noaa_gefs,24,Pressure_Pa,5,101988.966796875
gep24,00,2026-05-17,2026-05-22,gcrew,noaa_gefs,24,RH_percent_mean,5,84.21332263946533
gep24,00,2026-05-17,2026-05-22,gcrew,noaa_gefs,24,Rain_mm_sum,5,9.800000049173832
gep24,00,2026-05-17,2026-05-22,gcrew,noaa_gefs,24,ShortwaveRadiation_Wm2,5,22.75
gep24,00,2026-05-17,2026-05-22,gcrew,noaa_gefs,24,WindSpeed_ms_mean,5,4.696523470041017
gep24,00,2026-05-17,2026-05-23,gcrew,noaa_gefs,24,AirTemp_C_mean,6,13.291490173339866
gep24,00,2026-05-17,2026-05-23,gcrew,noaa_gefs,24,Pressure_Pa,6,102242.6494140625
gep24,00,2026-05-17,2026-05-23,gcrew,noaa_gefs,24,RH_percent_mean,6,95.31106090545654
gep24,00,2026-05-17,2026-05-23,gcrew,noaa_gefs,24,Rain_mm_sum,6,41.290000796318054
gep24,00,2026-05-17,2026-05-23,gcrew,noaa_gefs,24,ShortwaveRadiation_Wm2,6,8.625
gep24,00,2026-05-17,2026-05-23,gcrew,noaa_gefs,24,WindSpeed_ms_mean,6,6.730171879016334
gep24,00,2026-05-17,2026-05-24,gcrew,noaa_gefs,24,AirTemp_C_mean,7,13.87753829956057
gep24,00,2026-05-17,2026-05-24,gcrew,noaa_gefs,24,Pressure_Pa,7,102702.9013671875
gep24,00,2026-05-17,2026-05-24,gcrew,noaa_gefs,24,RH_percent_mean,7,89.53658866882324
gep24,00,2026-05-17,2026-05-24,gcrew,noaa_gefs,24,Rain_mm_sum,7,1.5000000074505806
gep24,00,2026-05-17,2026-05-24,gcrew,noaa_gefs,24,ShortwaveRadiation_Wm2,7,55.5
gep24,00,2026-05-17,2026-05-24,gcrew,noaa_gefs,24,WindSpeed_ms_mean,7,4.664883181526184
gep24,00,2026-05-17,2026-05-25,gcrew,noaa_gefs,24,AirTemp_C_mean,8,13.337792968750023
gep24,00,2026-05-17,2026-05-25,gcrew,noaa_gefs,24,Pressure_Pa,8,103076.4609375
gep24,00,2026-05-17,2026-05-25,gcrew,noaa_gefs,24,RH_percent_mean,8,78.87850284576416
gep24,00,2026-05-17,2026-05-25,gcrew,noaa_gefs,24,Rain_mm_sum,8,0
gep24,00,2026-05-17,2026-05-25,gcrew,noaa_gefs,24,ShortwaveRadiation_Wm2,8,160.625
gep24,00,2026-05-17,2026-05-25,gcrew,noaa_gefs,24,WindSpeed_ms_mean,8,4.284401237933425
gep24,00,2026-05-17,2026-05-26,gcrew,noaa_gefs,24,AirTemp_C_mean,9,13.400532749721005
gep24,00,2026-05-17,2026-05-26,gcrew,noaa_gefs,24,Pressure_Pa,9,102888.00669642857
gep24,00,2026-05-17,2026-05-26,gcrew,noaa_gefs,24,RH_percent_mean,9,66.3826152256557
gep24,00,2026-05-17,2026-05-26,gcrew,noaa_gefs,24,Rain_mm_sum,9,0
gep24,00,2026-05-17,2026-05-26,gcrew,noaa_gefs,24,ShortwaveRadiation_Wm2,9,372.2857142857143
gep24,00,2026-05-17,2026-05-26,gcrew,noaa_gefs,24,WindSpeed_ms_mean,9,2.9715455604219634
gep24,00,2026-05-17,2026-05-27,gcrew,noaa_gefs,24,AirTemp_C_mean,10,17.38470611572268
gep24,00,2026-05-17,2026-05-27,gcrew,noaa_gefs,24,Pressure_Pa,10,102230.107421875
gep24,00,2026-05-17,2026-05-27,gcrew,noaa_gefs,24,RH_percent_mean,10,76.62809085845947
gep24,00,2026-05-17,2026-05-27,gcrew,noaa_gefs,24,Rain_mm_sum,10,0
gep24,00,2026-05-17,2026-05-27,gcrew,noaa_gefs,24,ShortwaveRadiation_Wm2,10,292
gep24,00,2026-05-17,2026-05-27,gcrew,noaa_gefs,24,WindSpeed_ms_mean,10,3.292260275209521
gep24,00,2026-05-17,2026-05-28,gcrew,noaa_gefs,24,AirTemp_C_mean,11,18.825532531738304
gep24,00,2026-05-17,2026-05-28,gcrew,noaa_gefs,24,Pressure_Pa,11,101594.103515625
gep24,00,2026-05-17,2026-05-28,gcrew,noaa_gefs,24,RH_percent_mean,11,88.5962963104248
gep24,00,2026-05-17,2026-05-28,gcrew,noaa_gefs,24,Rain_mm_sum,11,3.2000001445412636
gep24,00,2026-05-17,2026-05-28,gcrew,noaa_gefs,24,ShortwaveRadiation_Wm2,11,232.25
gep24,00,2026-05-17,2026-05-28,gcrew,noaa_gefs,24,WindSpeed_ms_mean,11,1.843962609809163
gep24,00,2026-05-17,2026-05-29,gcrew,noaa_gefs,24,AirTemp_C_mean,12,20.632531738281273
gep24,00,2026-05-17,2026-05-29,gcrew,noaa_gefs,24,Pressure_Pa,12,101605.099609375
gep24,00,2026-05-17,2026-05-29,gcrew,noaa_gefs,24,RH_percent_mean,12,90.68621635437012
gep24,00,2026-05-17,2026-05-29,gcrew,noaa_gefs,24,Rain_mm_sum,12,8.700000047683716
gep24,00,2026-05-17,2026-05-29,gcrew,noaa_gefs,24,ShortwaveRadiation_Wm2,12,303.25
gep24,00,2026-05-17,2026-05-29,gcrew,noaa_gefs,24,WindSpeed_ms_mean,12,2.2984613975817045
gep24,00,2026-05-17,2026-05-30,gcrew,noaa_gefs,24,AirTemp_C_mean,13,20.257226562500023
gep24,00,2026-05-17,2026-05-30,gcrew,noaa_gefs,24,Pressure_Pa,13,101830.51953125
gep24,00,2026-05-17,2026-05-30,gcrew,noaa_gefs,24,RH_percent_mean,13,89.01692962646484
gep24,00,2026-05-17,2026-05-30,gcrew,noaa_gefs,24,Rain_mm_sum,13,0.700000025331974
gep24,00,2026-05-17,2026-05-30,gcrew,noaa_gefs,24,ShortwaveRadiation_Wm2,13,279
gep24,00,2026-05-17,2026-05-30,gcrew,noaa_gefs,24,WindSpeed_ms_mean,13,7.177529832521996
gep24,00,2026-05-17,2026-05-31,gcrew,noaa_gefs,24,AirTemp_C_mean,14,20.746133422851585
gep24,00,2026-05-17,2026-05-31,gcrew,noaa_gefs,24,Pressure_Pa,14,101566.6875
gep24,00,2026-05-17,2026-05-31,gcrew,noaa_gefs,24,RH_percent_mean,14,86.56785774230957
gep24,00,2026-05-17,2026-05-31,gcrew,noaa_gefs,24,Rain_mm_sum,14,0.10000000149011612
gep24,00,2026-05-17,2026-05-31,gcrew,noaa_gefs,24,ShortwaveRadiation_Wm2,14,236.5
gep24,00,2026-05-17,2026-05-31,gcrew,noaa_gefs,24,WindSpeed_ms_mean,14,4.452410245898682
gep24,00,2026-05-17,2026-06-01,gcrew,noaa_gefs,24,AirTemp_C_mean,15,21.641290283203148
gep24,00,2026-05-17,2026-06-01,gcrew,noaa_gefs,24,Pressure_Pa,15,101232.943359375
gep24,00,2026-05-17,2026-06-01,gcrew,noaa_gefs,24,RH_percent_mean,15,85.77047920227051
gep24,00,2026-05-17,2026-06-01,gcrew,noaa_gefs,24,Rain_mm_sum,15,0.20000000298023224
gep24,00,2026-05-17,2026-06-01,gcrew,noaa_gefs,24,ShortwaveRadiation_Wm2,15,319.25
gep24,00,2026-05-17,2026-06-01,gcrew,noaa_gefs,24,WindSpeed_ms_mean,15,4.987514627831614
gep24,00,2026-05-17,2026-06-02,gcrew,noaa_gefs,24,AirTemp_C_mean,16,23.64350280761721
gep24,00,2026-05-17,2026-06-02,gcrew,noaa_gefs,24,Pressure_Pa,16,100336.03125
gep24,00,2026-05-17,2026-06-02,gcrew,noaa_gefs,24,RH_percent_mean,16,79.2158031463623
gep24,00,2026-05-17,2026-06-02,gcrew,noaa_gefs,24,Rain_mm_sum,16,0.10000000149011612
gep24,00,2026-05-17,2026-06-02,gcrew,noaa_gefs,24,ShortwaveRadiation_Wm2,16,248.5
gep24,00,2026-05-17,2026-06-02,gcrew,noaa_gefs,24,WindSpeed_ms_mean,16,6.294558916761398
gep24,00,2026-05-17,2026-06-03,gcrew,noaa_gefs,24,AirTemp_C_mean,17,21.807466125488304
gep24,00,2026-05-17,2026-06-03,gcrew,noaa_gefs,24,Pressure_Pa,17,100524.14453125
gep24,00,2026-05-17,2026-06-03,gcrew,noaa_gefs,24,RH_percent_mean,17,82.67036247253418
gep24,00,2026-05-17,2026-06-03,gcrew,noaa_gefs,24,Rain_mm_sum,17,4.900000035762787
gep24,00,2026-05-17,2026-06-03,gcrew,noaa_gefs,24,ShortwaveRadiation_Wm2,17,192.5
gep24,00,2026-05-17,2026-06-03,gcrew,noaa_gefs,24,WindSpeed_ms_mean,17,6.2389494415019655
gep24,00,2026-05-17,2026-06-04,gcrew,noaa_gefs,24,AirTemp_C_mean,18,19.62371978759768
gep24,00,2026-05-17,2026-06-04,gcrew,noaa_gefs,24,Pressure_Pa,18,101363.12109375
gep24,00,2026-05-17,2026-06-04,gcrew,noaa_gefs,24,RH_percent_mean,18,59.62021350860596
gep24,00,2026-05-17,2026-06-04,gcrew,noaa_gefs,24,Rain_mm_sum,18,0
gep24,00,2026-05-17,2026-06-04,gcrew,noaa_gefs,24,ShortwaveRadiation_Wm2,18,353
gep24,00,2026-05-17,2026-06-04,gcrew,noaa_gefs,24,WindSpeed_ms_mean,18,5.129538041845657
gep24,00,2026-05-17,2026-06-05,gcrew,noaa_gefs,24,AirTemp_C_mean,19,18.13916931152346
gep24,00,2026-05-17,2026-06-05,gcrew,noaa_gefs,24,Pressure_Pa,19,102108.5078125
gep24,00,2026-05-17,2026-06-05,gcrew,noaa_gefs,24,RH_percent_mean,19,67.04474639892578
gep24,00,2026-05-17,2026-06-05,gcrew,noaa_gefs,24,Rain_mm_sum,19,0
gep24,00,2026-05-17,2026-06-05,gcrew,noaa_gefs,24,ShortwaveRadiation_Wm2,19,292.75
gep24,00,2026-05-17,2026-06-05,gcrew,noaa_gefs,24,WindSpeed_ms_mean,19,5.191744913150064
gep24,00,2026-05-17,2026-06-06,gcrew,noaa_gefs,24,AirTemp_C_mean,20,17.265962219238304
gep24,00,2026-05-17,2026-06-06,gcrew,noaa_gefs,24,Pressure_Pa,20,102458.673828125
gep24,00,2026-05-17,2026-06-06,gcrew,noaa_gefs,24,RH_percent_mean,20,61.6632661819458
gep24,00,2026-05-17,2026-06-06,gcrew,noaa_gefs,24,Rain_mm_sum,20,0
gep24,00,2026-05-17,2026-06-06,gcrew,noaa_gefs,24,ShortwaveRadiation_Wm2,20,353.75
gep24,00,2026-05-17,2026-06-06,gcrew,noaa_gefs,24,WindSpeed_ms_mean,20,6.67467006888216
gep24,00,2026-05-17,2026-06-07,gcrew,noaa_gefs,24,AirTemp_C_mean,21,17.46930847167971
gep24,00,2026-05-17,2026-06-07,gcrew,noaa_gefs,24,Pressure_Pa,21,102539.91796875
gep24,00,2026-05-17,2026-06-07,gcrew,noaa_gefs,24,RH_percent_mean,21,57.39550495147705
gep24,00,2026-05-17,2026-06-07,gcrew,noaa_gefs,24,Rain_mm_sum,21,0
gep24,00,2026-05-17,2026-06-07,gcrew,noaa_gefs,24,ShortwaveRadiation_Wm2,21,311.25
gep24,00,2026-05-17,2026-06-07,gcrew,noaa_gefs,24,WindSpeed_ms_mean,21,6.253105276917296
gep24,00,2026-05-17,2026-06-08,gcrew,noaa_gefs,24,AirTemp_C_mean,22,18.264520263671898
gep24,00,2026-05-17,2026-06-08,gcrew,noaa_gefs,24,Pressure_Pa,22,102453.42578125
gep24,00,2026-05-17,2026-06-08,gcrew,noaa_gefs,24,RH_percent_mean,22,69.18738460540771
gep24,00,2026-05-17,2026-06-08,gcrew,noaa_gefs,24,Rain_mm_sum,22,0
gep24,00,2026-05-17,2026-06-08,gcrew,noaa_gefs,24,ShortwaveRadiation_Wm2,22,358.75
gep24,00,2026-05-17,2026-06-08,gcrew,noaa_gefs,24,WindSpeed_ms_mean,22,5.268783443054002
gep24,00,2026-05-17,2026-06-09,gcrew,noaa_gefs,24,AirTemp_C_mean,23,19.784394836425804
gep24,00,2026-05-17,2026-06-09,gcrew,noaa_gefs,24,Pressure_Pa,23,102266.64453125
gep24,00,2026-05-17,2026-06-09,gcrew,noaa_gefs,24,RH_percent_mean,23,76.86220645904541
gep24,00,2026-05-17,2026-06-09,gcrew,noaa_gefs,24,Rain_mm_sum,23,0
gep24,00,2026-05-17,2026-06-09,gcrew,noaa_gefs,24,ShortwaveRadiation_Wm2,23,315.5
gep24,00,2026-05-17,2026-06-09,gcrew,noaa_gefs,24,WindSpeed_ms_mean,23,4.38349937840495
gep24,00,2026-05-17,2026-06-10,gcrew,noaa_gefs,24,AirTemp_C_mean,24,19.276849365234398
gep24,00,2026-05-17,2026-06-10,gcrew,noaa_gefs,24,Pressure_Pa,24,102072.908203125
gep24,00,2026-05-17,2026-06-10,gcrew,noaa_gefs,24,RH_percent_mean,24,77.74775695800781
gep24,00,2026-05-17,2026-06-10,gcrew,noaa_gefs,24,Rain_mm_sum,24,0
gep24,00,2026-05-17,2026-06-10,gcrew,noaa_gefs,24,ShortwaveRadiation_Wm2,24,344.5
gep24,00,2026-05-17,2026-06-10,gcrew,noaa_gefs,24,WindSpeed_ms_mean,24,3.046278388581381
gep24,00,2026-05-17,2026-06-11,gcrew,noaa_gefs,24,AirTemp_C_mean,25,19.354234313964866
gep24,00,2026-05-17,2026-06-11,gcrew,noaa_gefs,24,Pressure_Pa,25,101661.693359375
gep24,00,2026-05-17,2026-06-11,gcrew,noaa_gefs,24,RH_percent_mean,25,78.77657699584961
gep24,00,2026-05-17,2026-06-11,gcrew,noaa_gefs,24,Rain_mm_sum,25,0
gep24,00,2026-05-17,2026-06-11,gcrew,noaa_gefs,24,ShortwaveRadiation_Wm2,25,344.25
gep24,00,2026-05-17,2026-06-11,gcrew,noaa_gefs,24,WindSpeed_ms_mean,25,2.403215737924673
gep24,00,2026-05-17,2026-06-12,gcrew,noaa_gefs,24,AirTemp_C_mean,26,20.841760253906273
gep24,00,2026-05-17,2026-06-12,gcrew,noaa_gefs,24,Pressure_Pa,26,101401.55078125
gep24,00,2026-05-17,2026-06-12,gcrew,noaa_gefs,24,RH_percent_mean,26,86.05273246765137
gep24,00,2026-05-17,2026-06-12,gcrew,noaa_gefs,24,Rain_mm_sum,26,0.5000000074505806
gep24,00,2026-05-17,2026-06-12,gcrew,noaa_gefs,24,ShortwaveRadiation_Wm2,26,270.5
gep24,00,2026-05-17,2026-06-12,gcrew,noaa_gefs,24,WindSpeed_ms_mean,26,2.6211042370057838
gep24,00,2026-05-17,2026-06-13,gcrew,noaa_gefs,24,AirTemp_C_mean,27,22.633142089843773
gep24,00,2026-05-17,2026-06-13,gcrew,noaa_gefs,24,Pressure_Pa,27,101495.544921875
gep24,00,2026-05-17,2026-06-13,gcrew,noaa_gefs,24,RH_percent_mean,27,84.56381607055664
gep24,00,2026-05-17,2026-06-13,gcrew,noaa_gefs,24,Rain_mm_sum,27,0.30000001192092896
gep24,00,2026-05-17,2026-06-13,gcrew,noaa_gefs,24,ShortwaveRadiation_Wm2,27,331.25
gep24,00,2026-05-17,2026-06-13,gcrew,noaa_gefs,24,WindSpeed_ms_mean,27,4.002934118539743
gep24,00,2026-05-17,2026-06-14,gcrew,noaa_gefs,24,AirTemp_C_mean,28,23.382600402832054
gep24,00,2026-05-17,2026-06-14,gcrew,noaa_gefs,24,Pressure_Pa,28,101357.177734375
gep24,00,2026-05-17,2026-06-14,gcrew,noaa_gefs,24,RH_percent_mean,28,89.37162399291992
gep24,00,2026-05-17,2026-06-14,gcrew,noaa_gefs,24,Rain_mm_sum,28,2.6000000536441803
gep24,00,2026-05-17,2026-06-14,gcrew,noaa_gefs,24,ShortwaveRadiation_Wm2,28,284.75
gep24,00,2026-05-17,2026-06-14,gcrew,noaa_gefs,24,WindSpeed_ms_mean,28,3.3537151621249275
gep24,00,2026-05-17,2026-06-15,gcrew,noaa_gefs,24,AirTemp_C_mean,29,24.840669250488304
gep24,00,2026-05-17,2026-06-15,gcrew,noaa_gefs,24,Pressure_Pa,29,101524.51171875
gep24,00,2026-05-17,2026-06-15,gcrew,noaa_gefs,24,RH_percent_mean,29,77.19408130645752
gep24,00,2026-05-17,2026-06-15,gcrew,noaa_gefs,24,Rain_mm_sum,29,0.10000000149011612
gep24,00,2026-05-17,2026-06-15,gcrew,noaa_gefs,24,ShortwaveRadiation_Wm2,29,296.5
gep24,00,2026-05-17,2026-06-15,gcrew,noaa_gefs,24,WindSpeed_ms_mean,29,4.042771754237245
gep24,00,2026-05-17,2026-06-16,gcrew,noaa_gefs,24,AirTemp_C_mean,30,24.895989990234398
gep24,00,2026-05-17,2026-06-16,gcrew,noaa_gefs,24,Pressure_Pa,30,101772.68359375
gep24,00,2026-05-17,2026-06-16,gcrew,noaa_gefs,24,RH_percent_mean,30,77.33410263061523
gep24,00,2026-05-17,2026-06-16,gcrew,noaa_gefs,24,Rain_mm_sum,30,0.30000000447034836
gep24,00,2026-05-17,2026-06-16,gcrew,noaa_gefs,24,ShortwaveRadiation_Wm2,30,313.25
gep24,00,2026-05-17,2026-06-16,gcrew,noaa_gefs,24,WindSpeed_ms_mean,30,3.6732919255241057
gep24,00,2026-05-17,2026-06-17,gcrew,noaa_gefs,24,AirTemp_C_mean,31,25.772210693359398
gep24,00,2026-05-17,2026-06-17,gcrew,noaa_gefs,24,Pressure_Pa,31,101904.6171875
gep24,00,2026-05-17,2026-06-17,gcrew,noaa_gefs,24,RH_percent_mean,31,76.04165267944336
gep24,00,2026-05-17,2026-06-17,gcrew,noaa_gefs,24,Rain_mm_sum,31,0
gep24,00,2026-05-17,2026-06-17,gcrew,noaa_gefs,24,ShortwaveRadiation_Wm2,31,286.75
gep24,00,2026-05-17,2026-06-17,gcrew,noaa_gefs,24,WindSpeed_ms_mean,31,4.13248526059356
gep24,00,2026-05-17,2026-06-18,gcrew,noaa_gefs,24,AirTemp_C_mean,32,25.74041900634768
gep24,00,2026-05-17,2026-06-18,gcrew,noaa_gefs,24,Pressure_Pa,32,101534.314453125
gep24,00,2026-05-17,2026-06-18,gcrew,noaa_gefs,24,RH_percent_mean,32,80.33454704284668
gep24,00,2026-05-17,2026-06-18,gcrew,noaa_gefs,24,Rain_mm_sum,32,8.800000250339508
gep24,00,2026-05-17,2026-06-18,gcrew,noaa_gefs,24,ShortwaveRadiation_Wm2,32,311.5
gep24,00,2026-05-17,2026-06-18,gcrew,noaa_gefs,24,WindSpeed_ms_mean,32,4.21631310842572
gep24,00,2026-05-17,2026-06-19,gcrew,noaa_gefs,24,AirTemp_C_mean,33,24.15681610107424
gep24,00,2026-05-17,2026-06-19,gcrew,noaa_gefs,24,Pressure_Pa,33,101012.509765625
gep24,00,2026-05-17,2026-06-19,gcrew,noaa_gefs,24,RH_percent_mean,33,84.10998153686523
gep24,00,2026-05-17,2026-06-19,gcrew,noaa_gefs,24,Rain_mm_sum,33,37.50000125169754
gep24,00,2026-05-17,2026-06-19,gcrew,noaa_gefs,24,ShortwaveRadiation_Wm2,33,322.25
gep24,00,2026-05-17,2026-06-19,gcrew,noaa_gefs,24,WindSpeed_ms_mean,33,5.041177238306991
gep24,00,2026-05-17,2026-06-20,gcrew,noaa_gefs,24,AirTemp_C_mean,34,21.24146423339846
gep24,00,2026-05-17,2026-06-20,gcrew,noaa_gefs,24,Pressure_Pa,34,101358.76953125
gep24,00,2026-05-17,2026-06-20,gcrew,noaa_gefs,24,RH_percent_mean,34,58.25197887420654
gep24,00,2026-05-17,2026-06-20,gcrew,noaa_gefs,24,Rain_mm_sum,34,0
gep24,00,2026-05-17,2026-06-20,gcrew,noaa_gefs,24,ShortwaveRadiation_Wm2,34,354.5
gep24,00,2026-05-17,2026-06-20,gcrew,noaa_gefs,24,WindSpeed_ms_mean,34,7.9283052740783315
gep25,00,2026-05-17,2026-05-18,gcrew,noaa_gefs,25,AirTemp_C_mean,1,20.541738128662132
gep25,00,2026-05-17,2026-05-18,gcrew,noaa_gefs,25,Pressure_Pa,1,102011.392578125
gep25,00,2026-05-17,2026-05-18,gcrew,noaa_gefs,25,RH_percent_mean,1,84.17081260681152
gep25,00,2026-05-17,2026-05-18,gcrew,noaa_gefs,25,Rain_mm_sum,1,6.350000023841858
gep25,00,2026-05-17,2026-05-18,gcrew,noaa_gefs,25,ShortwaveRadiation_Wm2,1,332.125
gep25,00,2026-05-17,2026-05-18,gcrew,noaa_gefs,25,WindSpeed_ms_mean,1,2.606449622457496
gep25,00,2026-05-17,2026-05-19,gcrew,noaa_gefs,25,AirTemp_C_mean,2,23.0995918273926
gep25,00,2026-05-17,2026-05-19,gcrew,noaa_gefs,25,Pressure_Pa,2,101806.55859375
gep25,00,2026-05-17,2026-05-19,gcrew,noaa_gefs,25,RH_percent_mean,2,68.34389972686768
gep25,00,2026-05-17,2026-05-19,gcrew,noaa_gefs,25,Rain_mm_sum,2,1.8000000268220901
gep25,00,2026-05-17,2026-05-19,gcrew,noaa_gefs,25,ShortwaveRadiation_Wm2,2,334.75
gep25,00,2026-05-17,2026-05-19,gcrew,noaa_gefs,25,WindSpeed_ms_mean,2,3.4067788659044838
gep25,00,2026-05-17,2026-05-20,gcrew,noaa_gefs,25,AirTemp_C_mean,3,22.52497253417971
gep25,00,2026-05-17,2026-05-20,gcrew,noaa_gefs,25,Pressure_Pa,3,101325.6357421875
gep25,00,2026-05-17,2026-05-20,gcrew,noaa_gefs,25,RH_percent_mean,3,71.24866104125977
gep25,00,2026-05-17,2026-05-20,gcrew,noaa_gefs,25,Rain_mm_sum,3,26.70000010728836
gep25,00,2026-05-17,2026-05-20,gcrew,noaa_gefs,25,ShortwaveRadiation_Wm2,3,262.375
gep25,00,2026-05-17,2026-05-20,gcrew,noaa_gefs,25,WindSpeed_ms_mean,3,4.549640011874029
gep25,00,2026-05-17,2026-05-21,gcrew,noaa_gefs,25,AirTemp_C_mean,4,15.515148053850469
gep25,00,2026-05-17,2026-05-21,gcrew,noaa_gefs,25,Pressure_Pa,4,101836.072265625
gep25,00,2026-05-17,2026-05-21,gcrew,noaa_gefs,25,RH_percent_mean,4,76.015167236328125
gep25,00,2026-05-17,2026-05-21,gcrew,noaa_gefs,25,Rain_mm_sum,4,9.399999812245369
gep25,00,2026-05-17,2026-05-21,gcrew,noaa_gefs,25,ShortwaveRadiation_Wm2,4,97.625
gep25,00,2026-05-17,2026-05-21,gcrew,noaa_gefs,25,WindSpeed_ms_mean,4,3.6808240475840406
gep25,00,2026-05-17,2026-05-22,gcrew,noaa_gefs,25,AirTemp_C_mean,5,14.000840759277366
gep25,00,2026-05-17,2026-05-22,gcrew,noaa_gefs,25,Pressure_Pa,5,101988.966796875
gep25,00,2026-05-17,2026-05-22,gcrew,noaa_gefs,25,RH_percent_mean,5,84.21332263946533
gep25,00,2026-05-17,2026-05-22,gcrew,noaa_gefs,25,Rain_mm_sum,5,9.800000049173832
gep25,00,2026-05-17,2026-05-22,gcrew,noaa_gefs,25,ShortwaveRadiation_Wm2,5,22.75
gep25,00,2026-05-17,2026-05-22,gcrew,noaa_gefs,25,WindSpeed_ms_mean,5,4.696523470041017
gep25,00,2026-05-17,2026-05-23,gcrew,noaa_gefs,25,AirTemp_C_mean,6,13.291490173339866
gep25,00,2026-05-17,2026-05-23,gcrew,noaa_gefs,25,Pressure_Pa,6,102242.6494140625
gep25,00,2026-05-17,2026-05-23,gcrew,noaa_gefs,25,RH_percent_mean,6,95.31106090545654
gep25,00,2026-05-17,2026-05-23,gcrew,noaa_gefs,25,Rain_mm_sum,6,41.290000796318054
gep25,00,2026-05-17,2026-05-23,gcrew,noaa_gefs,25,ShortwaveRadiation_Wm2,6,8.625
gep25,00,2026-05-17,2026-05-23,gcrew,noaa_gefs,25,WindSpeed_ms_mean,6,6.730171879016334
gep25,00,2026-05-17,2026-05-24,gcrew,noaa_gefs,25,AirTemp_C_mean,7,13.87753829956057
gep25,00,2026-05-17,2026-05-24,gcrew,noaa_gefs,25,Pressure_Pa,7,102702.9013671875
gep25,00,2026-05-17,2026-05-24,gcrew,noaa_gefs,25,RH_percent_mean,7,89.53658866882324
gep25,00,2026-05-17,2026-05-24,gcrew,noaa_gefs,25,Rain_mm_sum,7,1.5000000074505806
gep25,00,2026-05-17,2026-05-24,gcrew,noaa_gefs,25,ShortwaveRadiation_Wm2,7,55.5
gep25,00,2026-05-17,2026-05-24,gcrew,noaa_gefs,25,WindSpeed_ms_mean,7,4.664883181526184
gep25,00,2026-05-17,2026-05-25,gcrew,noaa_gefs,25,AirTemp_C_mean,8,13.337792968750023
gep25,00,2026-05-17,2026-05-25,gcrew,noaa_gefs,25,Pressure_Pa,8,103076.4609375
gep25,00,2026-05-17,2026-05-25,gcrew,noaa_gefs,25,RH_percent_mean,8,78.87850284576416
gep25,00,2026-05-17,2026-05-25,gcrew,noaa_gefs,25,Rain_mm_sum,8,0
gep25,00,2026-05-17,2026-05-25,gcrew,noaa_gefs,25,ShortwaveRadiation_Wm2,8,160.625
gep25,00,2026-05-17,2026-05-25,gcrew,noaa_gefs,25,WindSpeed_ms_mean,8,4.284401237933425
gep25,00,2026-05-17,2026-05-26,gcrew,noaa_gefs,25,AirTemp_C_mean,9,13.400532749721005
gep25,00,2026-05-17,2026-05-26,gcrew,noaa_gefs,25,Pressure_Pa,9,102888.00669642857
gep25,00,2026-05-17,2026-05-26,gcrew,noaa_gefs,25,RH_percent_mean,9,66.3826152256557
gep25,00,2026-05-17,2026-05-26,gcrew,noaa_gefs,25,Rain_mm_sum,9,0
gep25,00,2026-05-17,2026-05-26,gcrew,noaa_gefs,25,ShortwaveRadiation_Wm2,9,372.2857142857143
gep25,00,2026-05-17,2026-05-26,gcrew,noaa_gefs,25,WindSpeed_ms_mean,9,2.9715455604219634
gep25,00,2026-05-17,2026-05-27,gcrew,noaa_gefs,25,AirTemp_C_mean,10,17.38470611572268
gep25,00,2026-05-17,2026-05-27,gcrew,noaa_gefs,25,Pressure_Pa,10,102230.107421875
gep25,00,2026-05-17,2026-05-27,gcrew,noaa_gefs,25,RH_percent_mean,10,76.62809085845947
gep25,00,2026-05-17,2026-05-27,gcrew,noaa_gefs,25,Rain_mm_sum,10,0
gep25,00,2026-05-17,2026-05-27,gcrew,noaa_gefs,25,ShortwaveRadiation_Wm2,10,292
gep25,00,2026-05-17,2026-05-27,gcrew,noaa_gefs,25,WindSpeed_ms_mean,10,3.292260275209521
gep25,00,2026-05-17,2026-05-28,gcrew,noaa_gefs,25,AirTemp_C_mean,11,18.825532531738304
gep25,00,2026-05-17,2026-05-28,gcrew,noaa_gefs,25,Pressure_Pa,11,101594.103515625
gep25,00,2026-05-17,2026-05-28,gcrew,noaa_gefs,25,RH_percent_mean,11,88.5962963104248
gep25,00,2026-05-17,2026-05-28,gcrew,noaa_gefs,25,Rain_mm_sum,11,3.2000001445412636
gep25,00,2026-05-17,2026-05-28,gcrew,noaa_gefs,25,ShortwaveRadiation_Wm2,11,232.25
gep25,00,2026-05-17,2026-05-28,gcrew,noaa_gefs,25,WindSpeed_ms_mean,11,1.843962609809163
gep25,00,2026-05-17,2026-05-29,gcrew,noaa_gefs,25,AirTemp_C_mean,12,20.632531738281273
gep25,00,2026-05-17,2026-05-29,gcrew,noaa_gefs,25,Pressure_Pa,12,101605.099609375
gep25,00,2026-05-17,2026-05-29,gcrew,noaa_gefs,25,RH_percent_mean,12,90.68621635437012
gep25,00,2026-05-17,2026-05-29,gcrew,noaa_gefs,25,Rain_mm_sum,12,8.700000047683716
gep25,00,2026-05-17,2026-05-29,gcrew,noaa_gefs,25,ShortwaveRadiation_Wm2,12,303.25
gep25,00,2026-05-17,2026-05-29,gcrew,noaa_gefs,25,WindSpeed_ms_mean,12,2.2984613975817045
gep25,00,2026-05-17,2026-05-30,gcrew,noaa_gefs,25,AirTemp_C_mean,13,20.257226562500023
gep25,00,2026-05-17,2026-05-30,gcrew,noaa_gefs,25,Pressure_Pa,13,101830.51953125
gep25,00,2026-05-17,2026-05-30,gcrew,noaa_gefs,25,RH_percent_mean,13,89.01692962646484
gep25,00,2026-05-17,2026-05-30,gcrew,noaa_gefs,25,Rain_mm_sum,13,0.700000025331974
gep25,00,2026-05-17,2026-05-30,gcrew,noaa_gefs,25,ShortwaveRadiation_Wm2,13,279
gep25,00,2026-05-17,2026-05-30,gcrew,noaa_gefs,25,WindSpeed_ms_mean,13,7.177529832521996
gep25,00,2026-05-17,2026-05-31,gcrew,noaa_gefs,25,AirTemp_C_mean,14,20.746133422851585
gep25,00,2026-05-17,2026-05-31,gcrew,noaa_gefs,25,Pressure_Pa,14,101566.6875
gep25,00,2026-05-17,2026-05-31,gcrew,noaa_gefs,25,RH_percent_mean,14,86.56785774230957
gep25,00,2026-05-17,2026-05-31,gcrew,noaa_gefs,25,Rain_mm_sum,14,0.10000000149011612
gep25,00,2026-05-17,2026-05-31,gcrew,noaa_gefs,25,ShortwaveRadiation_Wm2,14,236.5
gep25,00,2026-05-17,2026-05-31,gcrew,noaa_gefs,25,WindSpeed_ms_mean,14,4.452410245898682
gep25,00,2026-05-17,2026-06-01,gcrew,noaa_gefs,25,AirTemp_C_mean,15,21.641290283203148
gep25,00,2026-05-17,2026-06-01,gcrew,noaa_gefs,25,Pressure_Pa,15,101232.943359375
gep25,00,2026-05-17,2026-06-01,gcrew,noaa_gefs,25,RH_percent_mean,15,85.77047920227051
gep25,00,2026-05-17,2026-06-01,gcrew,noaa_gefs,25,Rain_mm_sum,15,0.20000000298023224
gep25,00,2026-05-17,2026-06-01,gcrew,noaa_gefs,25,ShortwaveRadiation_Wm2,15,319.25
gep25,00,2026-05-17,2026-06-01,gcrew,noaa_gefs,25,WindSpeed_ms_mean,15,4.987514627831614
gep25,00,2026-05-17,2026-06-02,gcrew,noaa_gefs,25,AirTemp_C_mean,16,23.64350280761721
gep25,00,2026-05-17,2026-06-02,gcrew,noaa_gefs,25,Pressure_Pa,16,100336.03125
gep25,00,2026-05-17,2026-06-02,gcrew,noaa_gefs,25,RH_percent_mean,16,79.2158031463623
gep25,00,2026-05-17,2026-06-02,gcrew,noaa_gefs,25,Rain_mm_sum,16,0.10000000149011612
gep25,00,2026-05-17,2026-06-02,gcrew,noaa_gefs,25,ShortwaveRadiation_Wm2,16,248.5
gep25,00,2026-05-17,2026-06-02,gcrew,noaa_gefs,25,WindSpeed_ms_mean,16,6.294558916761398
gep25,00,2026-05-17,2026-06-03,gcrew,noaa_gefs,25,AirTemp_C_mean,17,21.807466125488304
gep25,00,2026-05-17,2026-06-03,gcrew,noaa_gefs,25,Pressure_Pa,17,100524.14453125
gep25,00,2026-05-17,2026-06-03,gcrew,noaa_gefs,25,RH_percent_mean,17,82.67036247253418
gep25,00,2026-05-17,2026-06-03,gcrew,noaa_gefs,25,Rain_mm_sum,17,4.900000035762787
gep25,00,2026-05-17,2026-06-03,gcrew,noaa_gefs,25,ShortwaveRadiation_Wm2,17,192.5
gep25,00,2026-05-17,2026-06-03,gcrew,noaa_gefs,25,WindSpeed_ms_mean,17,6.2389494415019655
gep25,00,2026-05-17,2026-06-04,gcrew,noaa_gefs,25,AirTemp_C_mean,18,19.62371978759768
gep25,00,2026-05-17,2026-06-04,gcrew,noaa_gefs,25,Pressure_Pa,18,101363.12109375
gep25,00,2026-05-17,2026-06-04,gcrew,noaa_gefs,25,RH_percent_mean,18,59.62021350860596
gep25,00,2026-05-17,2026-06-04,gcrew,noaa_gefs,25,Rain_mm_sum,18,0
gep25,00,2026-05-17,2026-06-04,gcrew,noaa_gefs,25,ShortwaveRadiation_Wm2,18,353
gep25,00,2026-05-17,2026-06-04,gcrew,noaa_gefs,25,WindSpeed_ms_mean,18,5.129538041845657
gep25,00,2026-05-17,2026-06-05,gcrew,noaa_gefs,25,AirTemp_C_mean,19,18.13916931152346
gep25,00,2026-05-17,2026-06-05,gcrew,noaa_gefs,25,Pressure_Pa,19,102108.5078125
gep25,00,2026-05-17,2026-06-05,gcrew,noaa_gefs,25,RH_percent_mean,19,67.04474639892578
gep25,00,2026-05-17,2026-06-05,gcrew,noaa_gefs,25,Rain_mm_sum,19,0
gep25,00,2026-05-17,2026-06-05,gcrew,noaa_gefs,25,ShortwaveRadiation_Wm2,19,292.75
gep25,00,2026-05-17,2026-06-05,gcrew,noaa_gefs,25,WindSpeed_ms_mean,19,5.191744913150064
gep25,00,2026-05-17,2026-06-06,gcrew,noaa_gefs,25,AirTemp_C_mean,20,17.265962219238304
gep25,00,2026-05-17,2026-06-06,gcrew,noaa_gefs,25,Pressure_Pa,20,102458.673828125
gep25,00,2026-05-17,2026-06-06,gcrew,noaa_gefs,25,RH_percent_mean,20,61.6632661819458
gep25,00,2026-05-17,2026-06-06,gcrew,noaa_gefs,25,Rain_mm_sum,20,0
gep25,00,2026-05-17,2026-06-06,gcrew,noaa_gefs,25,ShortwaveRadiation_Wm2,20,353.75
gep25,00,2026-05-17,2026-06-06,gcrew,noaa_gefs,25,WindSpeed_ms_mean,20,6.67467006888216
gep25,00,2026-05-17,2026-06-07,gcrew,noaa_gefs,25,AirTemp_C_mean,21,17.46930847167971
gep25,00,2026-05-17,2026-06-07,gcrew,noaa_gefs,25,Pressure_Pa,21,102539.91796875
gep25,00,2026-05-17,2026-06-07,gcrew,noaa_gefs,25,RH_percent_mean,21,57.39550495147705
gep25,00,2026-05-17,2026-06-07,gcrew,noaa_gefs,25,Rain_mm_sum,21,0
gep25,00,2026-05-17,2026-06-07,gcrew,noaa_gefs,25,ShortwaveRadiation_Wm2,21,311.25
gep25,00,2026-05-17,2026-06-07,gcrew,noaa_gefs,25,WindSpeed_ms_mean,21,6.253105276917296
gep25,00,2026-05-17,2026-06-08,gcrew,noaa_gefs,25,AirTemp_C_mean,22,18.264520263671898
gep25,00,2026-05-17,2026-06-08,gcrew,noaa_gefs,25,Pressure_Pa,22,102453.42578125
gep25,00,2026-05-17,2026-06-08,gcrew,noaa_gefs,25,RH_percent_mean,22,69.18738460540771
gep25,00,2026-05-17,2026-06-08,gcrew,noaa_gefs,25,Rain_mm_sum,22,0
gep25,00,2026-05-17,2026-06-08,gcrew,noaa_gefs,25,ShortwaveRadiation_Wm2,22,358.75
gep25,00,2026-05-17,2026-06-08,gcrew,noaa_gefs,25,WindSpeed_ms_mean,22,5.268783443054002
gep25,00,2026-05-17,2026-06-09,gcrew,noaa_gefs,25,AirTemp_C_mean,23,19.784394836425804
gep25,00,2026-05-17,2026-06-09,gcrew,noaa_gefs,25,Pressure_Pa,23,102266.64453125
gep25,00,2026-05-17,2026-06-09,gcrew,noaa_gefs,25,RH_percent_mean,23,76.86220645904541
gep25,00,2026-05-17,2026-06-09,gcrew,noaa_gefs,25,Rain_mm_sum,23,0
gep25,00,2026-05-17,2026-06-09,gcrew,noaa_gefs,25,ShortwaveRadiation_Wm2,23,315.5
gep25,00,2026-05-17,2026-06-09,gcrew,noaa_gefs,25,WindSpeed_ms_mean,23,4.38349937840495
gep25,00,2026-05-17,2026-06-10,gcrew,noaa_gefs,25,AirTemp_C_mean,24,19.276849365234398
gep25,00,2026-05-17,2026-06-10,gcrew,noaa_gefs,25,Pressure_Pa,24,102072.908203125
gep25,00,2026-05-17,2026-06-10,gcrew,noaa_gefs,25,RH_percent_mean,24,77.74775695800781
gep25,00,2026-05-17,2026-06-10,gcrew,noaa_gefs,25,Rain_mm_sum,24,0
gep25,00,2026-05-17,2026-06-10,gcrew,noaa_gefs,25,ShortwaveRadiation_Wm2,24,344.5
gep25,00,2026-05-17,2026-06-10,gcrew,noaa_gefs,25,WindSpeed_ms_mean,24,3.046278388581381
gep25,00,2026-05-17,2026-06-11,gcrew,noaa_gefs,25,AirTemp_C_mean,25,19.354234313964866
gep25,00,2026-05-17,2026-06-11,gcrew,noaa_gefs,25,Pressure_Pa,25,101661.693359375
gep25,00,2026-05-17,2026-06-11,gcrew,noaa_gefs,25,RH_percent_mean,25,78.77657699584961
gep25,00,2026-05-17,2026-06-11,gcrew,noaa_gefs,25,Rain_mm_sum,25,0
gep25,00,2026-05-17,2026-06-11,gcrew,noaa_gefs,25,ShortwaveRadiation_Wm2,25,344.25
gep25,00,2026-05-17,2026-06-11,gcrew,noaa_gefs,25,WindSpeed_ms_mean,25,2.403215737924673
gep25,00,2026-05-17,2026-06-12,gcrew,noaa_gefs,25,AirTemp_C_mean,26,20.841760253906273
gep25,00,2026-05-17,2026-06-12,gcrew,noaa_gefs,25,Pressure_Pa,26,101401.55078125
gep25,00,2026-05-17,2026-06-12,gcrew,noaa_gefs,25,RH_percent_mean,26,86.05273246765137
gep25,00,2026-05-17,2026-06-12,gcrew,noaa_gefs,25,Rain_mm_sum,26,0.5000000074505806
gep25,00,2026-05-17,2026-06-12,gcrew,noaa_gefs,25,ShortwaveRadiation_Wm2,26,270.5
gep25,00,2026-05-17,2026-06-12,gcrew,noaa_gefs,25,WindSpeed_ms_mean,26,2.6211042370057838
gep25,00,2026-05-17,2026-06-13,gcrew,noaa_gefs,25,AirTemp_C_mean,27,22.633142089843773
gep25,00,2026-05-17,2026-06-13,gcrew,noaa_gefs,25,Pressure_Pa,27,101495.544921875
gep25,00,2026-05-17,2026-06-13,gcrew,noaa_gefs,25,RH_percent_mean,27,84.56381607055664
gep25,00,2026-05-17,2026-06-13,gcrew,noaa_gefs,25,Rain_mm_sum,27,0.30000001192092896
gep25,00,2026-05-17,2026-06-13,gcrew,noaa_gefs,25,ShortwaveRadiation_Wm2,27,331.25
gep25,00,2026-05-17,2026-06-13,gcrew,noaa_gefs,25,WindSpeed_ms_mean,27,4.002934118539743
gep25,00,2026-05-17,2026-06-14,gcrew,noaa_gefs,25,AirTemp_C_mean,28,23.382600402832054
gep25,00,2026-05-17,2026-06-14,gcrew,noaa_gefs,25,Pressure_Pa,28,101357.177734375
gep25,00,2026-05-17,2026-06-14,gcrew,noaa_gefs,25,RH_percent_mean,28,89.37162399291992
gep25,00,2026-05-17,2026-06-14,gcrew,noaa_gefs,25,Rain_mm_sum,28,2.6000000536441803
gep25,00,2026-05-17,2026-06-14,gcrew,noaa_gefs,25,ShortwaveRadiation_Wm2,28,284.75
gep25,00,2026-05-17,2026-06-14,gcrew,noaa_gefs,25,WindSpeed_ms_mean,28,3.3537151621249275
gep25,00,2026-05-17,2026-06-15,gcrew,noaa_gefs,25,AirTemp_C_mean,29,24.840669250488304
gep25,00,2026-05-17,2026-06-15,gcrew,noaa_gefs,25,Pressure_Pa,29,101524.51171875
gep25,00,2026-05-17,2026-06-15,gcrew,noaa_gefs,25,RH_percent_mean,29,77.19408130645752
gep25,00,2026-05-17,2026-06-15,gcrew,noaa_gefs,25,Rain_mm_sum,29,0.10000000149011612
gep25,00,2026-05-17,2026-06-15,gcrew,noaa_gefs,25,ShortwaveRadiation_Wm2,29,296.5
gep25,00,2026-05-17,2026-06-15,gcrew,noaa_gefs,25,WindSpeed_ms_mean,29,4.042771754237245
gep25,00,2026-05-17,2026-06-16,gcrew,noaa_gefs,25,AirTemp_C_mean,30,24.895989990234398
gep25,00,2026-05-17,2026-06-16,gcrew,noaa_gefs,25,Pressure_Pa,30,101772.68359375
gep25,00,2026-05-17,2026-06-16,gcrew,noaa_gefs,25,RH_percent_mean,30,77.33410263061523
gep25,00,2026-05-17,2026-06-16,gcrew,noaa_gefs,25,Rain_mm_sum,30,0.30000000447034836
gep25,00,2026-05-17,2026-06-16,gcrew,noaa_gefs,25,ShortwaveRadiation_Wm2,30,313.25
gep25,00,2026-05-17,2026-06-16,gcrew,noaa_gefs,25,WindSpeed_ms_mean,30,3.6732919255241057
gep25,00,2026-05-17,2026-06-17,gcrew,noaa_gefs,25,AirTemp_C_mean,31,25.772210693359398
gep25,00,2026-05-17,2026-06-17,gcrew,noaa_gefs,25,Pressure_Pa,31,101904.6171875
gep25,00,2026-05-17,2026-06-17,gcrew,noaa_gefs,25,RH_percent_mean,31,76.04165267944336
gep25,00,2026-05-17,2026-06-17,gcrew,noaa_gefs,25,Rain_mm_sum,31,0
gep25,00,2026-05-17,2026-06-17,gcrew,noaa_gefs,25,ShortwaveRadiation_Wm2,31,286.75
gep25,00,2026-05-17,2026-06-17,gcrew,noaa_gefs,25,WindSpeed_ms_mean,31,4.13248526059356
gep25,00,2026-05-17,2026-06-18,gcrew,noaa_gefs,25,AirTemp_C_mean,32,25.74041900634768
gep25,00,2026-05-17,2026-06-18,gcrew,noaa_gefs,25,Pressure_Pa,32,101534.314453125
gep25,00,2026-05-17,2026-06-18,gcrew,noaa_gefs,25,RH_percent_mean,32,80.33454704284668
gep25,00,2026-05-17,2026-06-18,gcrew,noaa_gefs,25,Rain_mm_sum,32,8.800000250339508
gep25,00,2026-05-17,2026-06-18,gcrew,noaa_gefs,25,ShortwaveRadiation_Wm2,32,311.5
gep25,00,2026-05-17,2026-06-18,gcrew,noaa_gefs,25,WindSpeed_ms_mean,32,4.21631310842572
gep25,00,2026-05-17,2026-06-19,gcrew,noaa_gefs,25,AirTemp_C_mean,33,24.15681610107424
gep25,00,2026-05-17,2026-06-19,gcrew,noaa_gefs,25,Pressure_Pa,33,101012.509765625
gep25,00,2026-05-17,2026-06-19,gcrew,noaa_gefs,25,RH_percent_mean,33,84.10998153686523
gep25,00,2026-05-17,2026-06-19,gcrew,noaa_gefs,25,Rain_mm_sum,33,37.50000125169754
gep25,00,2026-05-17,2026-06-19,gcrew,noaa_gefs,25,ShortwaveRadiation_Wm2,33,322.25
gep25,00,2026-05-17,2026-06-19,gcrew,noaa_gefs,25,WindSpeed_ms_mean,33,5.041177238306991
gep25,00,2026-05-17,2026-06-20,gcrew,noaa_gefs,25,AirTemp_C_mean,34,21.24146423339846
gep25,00,2026-05-17,2026-06-20,gcrew,noaa_gefs,25,Pressure_Pa,34,101358.76953125
gep25,00,2026-05-17,2026-06-20,gcrew,noaa_gefs,25,RH_percent_mean,34,58.25197887420654
gep25,00,2026-05-17,2026-06-20,gcrew,noaa_gefs,25,Rain_mm_sum,34,0
gep25,00,2026-05-17,2026-06-20,gcrew,noaa_gefs,25,ShortwaveRadiation_Wm2,34,354.5
gep25,00,2026-05-17,2026-06-20,gcrew,noaa_gefs,25,WindSpeed_ms_mean,34,7.9283052740783315
gep26,00,2026-05-17,2026-05-18,gcrew,noaa_gefs,26,AirTemp_C_mean,1,20.541738128662132
gep26,00,2026-05-17,2026-05-18,gcrew,noaa_gefs,26,Pressure_Pa,1,102011.392578125
gep26,00,2026-05-17,2026-05-18,gcrew,noaa_gefs,26,RH_percent_mean,1,84.17081260681152
gep26,00,2026-05-17,2026-05-18,gcrew,noaa_gefs,26,Rain_mm_sum,1,6.350000023841858
gep26,00,2026-05-17,2026-05-18,gcrew,noaa_gefs,26,ShortwaveRadiation_Wm2,1,332.125
gep26,00,2026-05-17,2026-05-18,gcrew,noaa_gefs,26,WindSpeed_ms_mean,1,2.606449622457496
gep26,00,2026-05-17,2026-05-19,gcrew,noaa_gefs,26,AirTemp_C_mean,2,23.0995918273926
gep26,00,2026-05-17,2026-05-19,gcrew,noaa_gefs,26,Pressure_Pa,2,101806.55859375
gep26,00,2026-05-17,2026-05-19,gcrew,noaa_gefs,26,RH_percent_mean,2,68.34389972686768
gep26,00,2026-05-17,2026-05-19,gcrew,noaa_gefs,26,Rain_mm_sum,2,1.8000000268220901
gep26,00,2026-05-17,2026-05-19,gcrew,noaa_gefs,26,ShortwaveRadiation_Wm2,2,334.75
gep26,00,2026-05-17,2026-05-19,gcrew,noaa_gefs,26,WindSpeed_ms_mean,2,3.4067788659044838
gep26,00,2026-05-17,2026-05-20,gcrew,noaa_gefs,26,AirTemp_C_mean,3,22.52497253417971
gep26,00,2026-05-17,2026-05-20,gcrew,noaa_gefs,26,Pressure_Pa,3,101325.6357421875
gep26,00,2026-05-17,2026-05-20,gcrew,noaa_gefs,26,RH_percent_mean,3,71.24866104125977
gep26,00,2026-05-17,2026-05-20,gcrew,noaa_gefs,26,Rain_mm_sum,3,26.70000010728836
gep26,00,2026-05-17,2026-05-20,gcrew,noaa_gefs,26,ShortwaveRadiation_Wm2,3,262.375
gep26,00,2026-05-17,2026-05-20,gcrew,noaa_gefs,26,WindSpeed_ms_mean,3,4.549640011874029
gep26,00,2026-05-17,2026-05-21,gcrew,noaa_gefs,26,AirTemp_C_mean,4,15.515148053850469
gep26,00,2026-05-17,2026-05-21,gcrew,noaa_gefs,26,Pressure_Pa,4,101836.072265625
gep26,00,2026-05-17,2026-05-21,gcrew,noaa_gefs,26,RH_percent_mean,4,76.015167236328125
gep26,00,2026-05-17,2026-05-21,gcrew,noaa_gefs,26,Rain_mm_sum,4,9.399999812245369
gep26,00,2026-05-17,2026-05-21,gcrew,noaa_gefs,26,ShortwaveRadiation_Wm2,4,97.625
gep26,00,2026-05-17,2026-05-21,gcrew,noaa_gefs,26,WindSpeed_ms_mean,4,3.6808240475840406
gep26,00,2026-05-17,2026-05-22,gcrew,noaa_gefs,26,AirTemp_C_mean,5,14.000840759277366
gep26,00,2026-05-17,2026-05-22,gcrew,noaa_gefs,26,Pressure_Pa,5,101988.966796875
gep26,00,2026-05-17,2026-05-22,gcrew,noaa_gefs,26,RH_percent_mean,5,84.21332263946533
gep26,00,2026-05-17,2026-05-22,gcrew,noaa_gefs,26,Rain_mm_sum,5,9.800000049173832
gep26,00,2026-05-17,2026-05-22,gcrew,noaa_gefs,26,ShortwaveRadiation_Wm2,5,22.75
gep26,00,2026-05-17,2026-05-22,gcrew,noaa_gefs,26,WindSpeed_ms_mean,5,4.696523470041017
gep26,00,2026-05-17,2026-05-23,gcrew,noaa_gefs,26,AirTemp_C_mean,6,13.291490173339866
gep26,00,2026-05-17,2026-05-23,gcrew,noaa_gefs,26,Pressure_Pa,6,102242.6494140625
gep26,00,2026-05-17,2026-05-23,gcrew,noaa_gefs,26,RH_percent_mean,6,95.31106090545654
gep26,00,2026-05-17,2026-05-23,gcrew,noaa_gefs,26,Rain_mm_sum,6,41.290000796318054
gep26,00,2026-05-17,2026-05-23,gcrew,noaa_gefs,26,ShortwaveRadiation_Wm2,6,8.625
gep26,00,2026-05-17,2026-05-23,gcrew,noaa_gefs,26,WindSpeed_ms_mean,6,6.730171879016334
gep26,00,2026-05-17,2026-05-24,gcrew,noaa_gefs,26,AirTemp_C_mean,7,13.87753829956057
gep26,00,2026-05-17,2026-05-24,gcrew,noaa_gefs,26,Pressure_Pa,7,102702.9013671875
gep26,00,2026-05-17,2026-05-24,gcrew,noaa_gefs,26,RH_percent_mean,7,89.53658866882324
gep26,00,2026-05-17,2026-05-24,gcrew,noaa_gefs,26,Rain_mm_sum,7,1.5000000074505806
gep26,00,2026-05-17,2026-05-24,gcrew,noaa_gefs,26,ShortwaveRadiation_Wm2,7,55.5
gep26,00,2026-05-17,2026-05-24,gcrew,noaa_gefs,26,WindSpeed_ms_mean,7,4.664883181526184
gep26,00,2026-05-17,2026-05-25,gcrew,noaa_gefs,26,AirTemp_C_mean,8,13.337792968750023
gep26,00,2026-05-17,2026-05-25,gcrew,noaa_gefs,26,Pressure_Pa,8,103076.4609375
gep26,00,2026-05-17,2026-05-25,gcrew,noaa_gefs,26,RH_percent_mean,8,78.87850284576416
gep26,00,2026-05-17,2026-05-25,gcrew,noaa_gefs,26,Rain_mm_sum,8,0
gep26,00,2026-05-17,2026-05-25,gcrew,noaa_gefs,26,ShortwaveRadiation_Wm2,8,160.625
gep26,00,2026-05-17,2026-05-25,gcrew,noaa_gefs,26,WindSpeed_ms_mean,8,4.284401237933425
gep26,00,2026-05-17,2026-05-26,gcrew,noaa_gefs,26,AirTemp_C_mean,9,13.400532749721005
gep26,00,2026-05-17,2026-05-26,gcrew,noaa_gefs,26,Pressure_Pa,9,102888.00669642857
gep26,00,2026-05-17,2026-05-26,gcrew,noaa_gefs,26,RH_percent_mean,9,66.3826152256557
gep26,00,2026-05-17,2026-05-26,gcrew,noaa_gefs,26,Rain_mm_sum,9,0
gep26,00,2026-05-17,2026-05-26,gcrew,noaa_gefs,26,ShortwaveRadiation_Wm2,9,372.2857142857143
gep26,00,2026-05-17,2026-05-26,gcrew,noaa_gefs,26,WindSpeed_ms_mean,9,2.9715455604219634
gep26,00,2026-05-17,2026-05-27,gcrew,noaa_gefs,26,AirTemp_C_mean,10,17.38470611572268
gep26,00,2026-05-17,2026-05-27,gcrew,noaa_gefs,26,Pressure_Pa,10,102230.107421875
gep26,00,2026-05-17,2026-05-27,gcrew,noaa_gefs,26,RH_percent_mean,10,76.62809085845947
gep26,00,2026-05-17,2026-05-27,gcrew,noaa_gefs,26,Rain_mm_sum,10,0
gep26,00,2026-05-17,2026-05-27,gcrew,noaa_gefs,26,ShortwaveRadiation_Wm2,10,292
gep26,00,2026-05-17,2026-05-27,gcrew,noaa_gefs,26,WindSpeed_ms_mean,10,3.292260275209521
gep26,00,2026-05-17,2026-05-28,gcrew,noaa_gefs,26,AirTemp_C_mean,11,18.825532531738304
gep26,00,2026-05-17,2026-05-28,gcrew,noaa_gefs,26,Pressure_Pa,11,101594.103515625
gep26,00,2026-05-17,2026-05-28,gcrew,noaa_gefs,26,RH_percent_mean,11,88.5962963104248
gep26,00,2026-05-17,2026-05-28,gcrew,noaa_gefs,26,Rain_mm_sum,11,3.2000001445412636
gep26,00,2026-05-17,2026-05-28,gcrew,noaa_gefs,26,ShortwaveRadiation_Wm2,11,232.25
gep26,00,2026-05-17,2026-05-28,gcrew,noaa_gefs,26,WindSpeed_ms_mean,11,1.843962609809163
gep26,00,2026-05-17,2026-05-29,gcrew,noaa_gefs,26,AirTemp_C_mean,12,20.632531738281273
gep26,00,2026-05-17,2026-05-29,gcrew,noaa_gefs,26,Pressure_Pa,12,101605.099609375
gep26,00,2026-05-17,2026-05-29,gcrew,noaa_gefs,26,RH_percent_mean,12,90.68621635437012
gep26,00,2026-05-17,2026-05-29,gcrew,noaa_gefs,26,Rain_mm_sum,12,8.700000047683716
gep26,00,2026-05-17,2026-05-29,gcrew,noaa_gefs,26,ShortwaveRadiation_Wm2,12,303.25
gep26,00,2026-05-17,2026-05-29,gcrew,noaa_gefs,26,WindSpeed_ms_mean,12,2.2984613975817045
gep26,00,2026-05-17,2026-05-30,gcrew,noaa_gefs,26,AirTemp_C_mean,13,20.257226562500023
gep26,00,2026-05-17,2026-05-30,gcrew,noaa_gefs,26,Pressure_Pa,13,101830.51953125
gep26,00,2026-05-17,2026-05-30,gcrew,noaa_gefs,26,RH_percent_mean,13,89.01692962646484
gep26,00,2026-05-17,2026-05-30,gcrew,noaa_gefs,26,Rain_mm_sum,13,0.700000025331974
gep26,00,2026-05-17,2026-05-30,gcrew,noaa_gefs,26,ShortwaveRadiation_Wm2,13,279
gep26,00,2026-05-17,2026-05-30,gcrew,noaa_gefs,26,WindSpeed_ms_mean,13,7.177529832521996
gep26,00,2026-05-17,2026-05-31,gcrew,noaa_gefs,26,AirTemp_C_mean,14,20.746133422851585
gep26,00,2026-05-17,2026-05-31,gcrew,noaa_gefs,26,Pressure_Pa,14,101566.6875
gep26,00,2026-05-17,2026-05-31,gcrew,noaa_gefs,26,RH_percent_mean,14,86.56785774230957
gep26,00,2026-05-17,2026-05-31,gcrew,noaa_gefs,26,Rain_mm_sum,14,0.10000000149011612
gep26,00,2026-05-17,2026-05-31,gcrew,noaa_gefs,26,ShortwaveRadiation_Wm2,14,236.5
gep26,00,2026-05-17,2026-05-31,gcrew,noaa_gefs,26,WindSpeed_ms_mean,14,4.452410245898682
gep26,00,2026-05-17,2026-06-01,gcrew,noaa_gefs,26,AirTemp_C_mean,15,21.641290283203148
gep26,00,2026-05-17,2026-06-01,gcrew,noaa_gefs,26,Pressure_Pa,15,101232.943359375
gep26,00,2026-05-17,2026-06-01,gcrew,noaa_gefs,26,RH_percent_mean,15,85.77047920227051
gep26,00,2026-05-17,2026-06-01,gcrew,noaa_gefs,26,Rain_mm_sum,15,0.20000000298023224
gep26,00,2026-05-17,2026-06-01,gcrew,noaa_gefs,26,ShortwaveRadiation_Wm2,15,319.25
gep26,00,2026-05-17,2026-06-01,gcrew,noaa_gefs,26,WindSpeed_ms_mean,15,4.987514627831614
gep26,00,2026-05-17,2026-06-02,gcrew,noaa_gefs,26,AirTemp_C_mean,16,23.64350280761721
gep26,00,2026-05-17,2026-06-02,gcrew,noaa_gefs,26,Pressure_Pa,16,100336.03125
gep26,00,2026-05-17,2026-06-02,gcrew,noaa_gefs,26,RH_percent_mean,16,79.2158031463623
gep26,00,2026-05-17,2026-06-02,gcrew,noaa_gefs,26,Rain_mm_sum,16,0.10000000149011612
gep26,00,2026-05-17,2026-06-02,gcrew,noaa_gefs,26,ShortwaveRadiation_Wm2,16,248.5
gep26,00,2026-05-17,2026-06-02,gcrew,noaa_gefs,26,WindSpeed_ms_mean,16,6.294558916761398
gep26,00,2026-05-17,2026-06-03,gcrew,noaa_gefs,26,AirTemp_C_mean,17,21.807466125488304
gep26,00,2026-05-17,2026-06-03,gcrew,noaa_gefs,26,Pressure_Pa,17,100524.14453125
gep26,00,2026-05-17,2026-06-03,gcrew,noaa_gefs,26,RH_percent_mean,17,82.67036247253418
gep26,00,2026-05-17,2026-06-03,gcrew,noaa_gefs,26,Rain_mm_sum,17,4.900000035762787
gep26,00,2026-05-17,2026-06-03,gcrew,noaa_gefs,26,ShortwaveRadiation_Wm2,17,192.5
gep26,00,2026-05-17,2026-06-03,gcrew,noaa_gefs,26,WindSpeed_ms_mean,17,6.2389494415019655
gep26,00,2026-05-17,2026-06-04,gcrew,noaa_gefs,26,AirTemp_C_mean,18,19.62371978759768
gep26,00,2026-05-17,2026-06-04,gcrew,noaa_gefs,26,Pressure_Pa,18,101363.12109375
gep26,00,2026-05-17,2026-06-04,gcrew,noaa_gefs,26,RH_percent_mean,18,59.62021350860596
gep26,00,2026-05-17,2026-06-04,gcrew,noaa_gefs,26,Rain_mm_sum,18,0
gep26,00,2026-05-17,2026-06-04,gcrew,noaa_gefs,26,ShortwaveRadiation_Wm2,18,353
gep26,00,2026-05-17,2026-06-04,gcrew,noaa_gefs,26,WindSpeed_ms_mean,18,5.129538041845657
gep26,00,2026-05-17,2026-06-05,gcrew,noaa_gefs,26,AirTemp_C_mean,19,18.13916931152346
gep26,00,2026-05-17,2026-06-05,gcrew,noaa_gefs,26,Pressure_Pa,19,102108.5078125
gep26,00,2026-05-17,2026-06-05,gcrew,noaa_gefs,26,RH_percent_mean,19,67.04474639892578
gep26,00,2026-05-17,2026-06-05,gcrew,noaa_gefs,26,Rain_mm_sum,19,0
gep26,00,2026-05-17,2026-06-05,gcrew,noaa_gefs,26,ShortwaveRadiation_Wm2,19,292.75
gep26,00,2026-05-17,2026-06-05,gcrew,noaa_gefs,26,WindSpeed_ms_mean,19,5.191744913150064
gep26,00,2026-05-17,2026-06-06,gcrew,noaa_gefs,26,AirTemp_C_mean,20,17.265962219238304
gep26,00,2026-05-17,2026-06-06,gcrew,noaa_gefs,26,Pressure_Pa,20,102458.673828125
gep26,00,2026-05-17,2026-06-06,gcrew,noaa_gefs,26,RH_percent_mean,20,61.6632661819458
gep26,00,2026-05-17,2026-06-06,gcrew,noaa_gefs,26,Rain_mm_sum,20,0
gep26,00,2026-05-17,2026-06-06,gcrew,noaa_gefs,26,ShortwaveRadiation_Wm2,20,353.75
gep26,00,2026-05-17,2026-06-06,gcrew,noaa_gefs,26,WindSpeed_ms_mean,20,6.67467006888216
gep26,00,2026-05-17,2026-06-07,gcrew,noaa_gefs,26,AirTemp_C_mean,21,17.46930847167971
gep26,00,2026-05-17,2026-06-07,gcrew,noaa_gefs,26,Pressure_Pa,21,102539.91796875
gep26,00,2026-05-17,2026-06-07,gcrew,noaa_gefs,26,RH_percent_mean,21,57.39550495147705
gep26,00,2026-05-17,2026-06-07,gcrew,noaa_gefs,26,Rain_mm_sum,21,0
gep26,00,2026-05-17,2026-06-07,gcrew,noaa_gefs,26,ShortwaveRadiation_Wm2,21,311.25
gep26,00,2026-05-17,2026-06-07,gcrew,noaa_gefs,26,WindSpeed_ms_mean,21,6.253105276917296
gep26,00,2026-05-17,2026-06-08,gcrew,noaa_gefs,26,AirTemp_C_mean,22,18.264520263671898
gep26,00,2026-05-17,2026-06-08,gcrew,noaa_gefs,26,Pressure_Pa,22,102453.42578125
gep26,00,2026-05-17,2026-06-08,gcrew,noaa_gefs,26,RH_percent_mean,22,69.18738460540771
gep26,00,2026-05-17,2026-06-08,gcrew,noaa_gefs,26,Rain_mm_sum,22,0
gep26,00,2026-05-17,2026-06-08,gcrew,noaa_gefs,26,ShortwaveRadiation_Wm2,22,358.75
gep26,00,2026-05-17,2026-06-08,gcrew,noaa_gefs,26,WindSpeed_ms_mean,22,5.268783443054002
gep26,00,2026-05-17,2026-06-09,gcrew,noaa_gefs,26,AirTemp_C_mean,23,19.784394836425804
gep26,00,2026-05-17,2026-06-09,gcrew,noaa_gefs,26,Pressure_Pa,23,102266.64453125
gep26,00,2026-05-17,2026-06-09,gcrew,noaa_gefs,26,RH_percent_mean,23,76.86220645904541
gep26,00,2026-05-17,2026-06-09,gcrew,noaa_gefs,26,Rain_mm_sum,23,0
gep26,00,2026-05-17,2026-06-09,gcrew,noaa_gefs,26,ShortwaveRadiation_Wm2,23,315.5
gep26,00,2026-05-17,2026-06-09,gcrew,noaa_gefs,26,WindSpeed_ms_mean,23,4.38349937840495
gep26,00,2026-05-17,2026-06-10,gcrew,noaa_gefs,26,AirTemp_C_mean,24,19.276849365234398
gep26,00,2026-05-17,2026-06-10,gcrew,noaa_gefs,26,Pressure_Pa,24,102072.908203125
gep26,00,2026-05-17,2026-06-10,gcrew,noaa_gefs,26,RH_percent_mean,24,77.74775695800781
gep26,00,2026-05-17,2026-06-10,gcrew,noaa_gefs,26,Rain_mm_sum,24,0
gep26,00,2026-05-17,2026-06-10,gcrew,noaa_gefs,26,ShortwaveRadiation_Wm2,24,344.5
gep26,00,2026-05-17,2026-06-10,gcrew,noaa_gefs,26,WindSpeed_ms_mean,24,3.046278388581381
gep26,00,2026-05-17,2026-06-11,gcrew,noaa_gefs,26,AirTemp_C_mean,25,19.354234313964866
gep26,00,2026-05-17,2026-06-11,gcrew,noaa_gefs,26,Pressure_Pa,25,101661.693359375
gep26,00,2026-05-17,2026-06-11,gcrew,noaa_gefs,26,RH_percent_mean,25,78.77657699584961
gep26,00,2026-05-17,2026-06-11,gcrew,noaa_gefs,26,Rain_mm_sum,25,0
gep26,00,2026-05-17,2026-06-11,gcrew,noaa_gefs,26,ShortwaveRadiation_Wm2,25,344.25
gep26,00,2026-05-17,2026-06-11,gcrew,noaa_gefs,26,WindSpeed_ms_mean,25,2.403215737924673
gep26,00,2026-05-17,2026-06-12,gcrew,noaa_gefs,26,AirTemp_C_mean,26,20.841760253906273
gep26,00,2026-05-17,2026-06-12,gcrew,noaa_gefs,26,Pressure_Pa,26,101401.55078125
gep26,00,2026-05-17,2026-06-12,gcrew,noaa_gefs,26,RH_percent_mean,26,86.05273246765137
gep26,00,2026-05-17,2026-06-12,gcrew,noaa_gefs,26,Rain_mm_sum,26,0.5000000074505806
gep26,00,2026-05-17,2026-06-12,gcrew,noaa_gefs,26,ShortwaveRadiation_Wm2,26,270.5
gep26,00,2026-05-17,2026-06-12,gcrew,noaa_gefs,26,WindSpeed_ms_mean,26,2.6211042370057838
gep26,00,2026-05-17,2026-06-13,gcrew,noaa_gefs,26,AirTemp_C_mean,27,22.633142089843773
gep26,00,2026-05-17,2026-06-13,gcrew,noaa_gefs,26,Pressure_Pa,27,101495.544921875
gep26,00,2026-05-17,2026-06-13,gcrew,noaa_gefs,26,RH_percent_mean,27,84.56381607055664
gep26,00,2026-05-17,2026-06-13,gcrew,noaa_gefs,26,Rain_mm_sum,27,0.30000001192092896
gep26,00,2026-05-17,2026-06-13,gcrew,noaa_gefs,26,ShortwaveRadiation_Wm2,27,331.25
gep26,00,2026-05-17,2026-06-13,gcrew,noaa_gefs,26,WindSpeed_ms_mean,27,4.002934118539743
gep26,00,2026-05-17,2026-06-14,gcrew,noaa_gefs,26,AirTemp_C_mean,28,23.382600402832054
gep26,00,2026-05-17,2026-06-14,gcrew,noaa_gefs,26,Pressure_Pa,28,101357.177734375
gep26,00,2026-05-17,2026-06-14,gcrew,noaa_gefs,26,RH_percent_mean,28,89.37162399291992
gep26,00,2026-05-17,2026-06-14,gcrew,noaa_gefs,26,Rain_mm_sum,28,2.6000000536441803
gep26,00,2026-05-17,2026-06-14,gcrew,noaa_gefs,26,ShortwaveRadiation_Wm2,28,284.75
gep26,00,2026-05-17,2026-06-14,gcrew,noaa_gefs,26,WindSpeed_ms_mean,28,3.3537151621249275
gep26,00,2026-05-17,2026-06-15,gcrew,noaa_gefs,26,AirTemp_C_mean,29,24.840669250488304
gep26,00,2026-05-17,2026-06-15,gcrew,noaa_gefs,26,Pressure_Pa,29,101524.51171875
gep26,00,2026-05-17,2026-06-15,gcrew,noaa_gefs,26,RH_percent_mean,29,77.19408130645752
gep26,00,2026-05-17,2026-06-15,gcrew,noaa_gefs,26,Rain_mm_sum,29,0.10000000149011612
gep26,00,2026-05-17,2026-06-15,gcrew,noaa_gefs,26,ShortwaveRadiation_Wm2,29,296.5
gep26,00,2026-05-17,2026-06-15,gcrew,noaa_gefs,26,WindSpeed_ms_mean,29,4.042771754237245
gep26,00,2026-05-17,2026-06-16,gcrew,noaa_gefs,26,AirTemp_C_mean,30,24.895989990234398
gep26,00,2026-05-17,2026-06-16,gcrew,noaa_gefs,26,Pressure_Pa,30,101772.68359375
gep26,00,2026-05-17,2026-06-16,gcrew,noaa_gefs,26,RH_percent_mean,30,77.33410263061523
gep26,00,2026-05-17,2026-06-16,gcrew,noaa_gefs,26,Rain_mm_sum,30,0.30000000447034836
gep26,00,2026-05-17,2026-06-16,gcrew,noaa_gefs,26,ShortwaveRadiation_Wm2,30,313.25
gep26,00,2026-05-17,2026-06-16,gcrew,noaa_gefs,26,WindSpeed_ms_mean,30,3.6732919255241057
gep26,00,2026-05-17,2026-06-17,gcrew,noaa_gefs,26,AirTemp_C_mean,31,25.772210693359398
gep26,00,2026-05-17,2026-06-17,gcrew,noaa_gefs,26,Pressure_Pa,31,101904.6171875
gep26,00,2026-05-17,2026-06-17,gcrew,noaa_gefs,26,RH_percent_mean,31,76.04165267944336
gep26,00,2026-05-17,2026-06-17,gcrew,noaa_gefs,26,Rain_mm_sum,31,0
gep26,00,2026-05-17,2026-06-17,gcrew,noaa_gefs,26,ShortwaveRadiation_Wm2,31,286.75
gep26,00,2026-05-17,2026-06-17,gcrew,noaa_gefs,26,WindSpeed_ms_mean,31,4.13248526059356
gep26,00,2026-05-17,2026-06-18,gcrew,noaa_gefs,26,AirTemp_C_mean,32,25.74041900634768
gep26,00,2026-05-17,2026-06-18,gcrew,noaa_gefs,26,Pressure_Pa,32,101534.314453125
gep26,00,2026-05-17,2026-06-18,gcrew,noaa_gefs,26,RH_percent_mean,32,80.33454704284668
gep26,00,2026-05-17,2026-06-18,gcrew,noaa_gefs,26,Rain_mm_sum,32,8.800000250339508
gep26,00,2026-05-17,2026-06-18,gcrew,noaa_gefs,26,ShortwaveRadiation_Wm2,32,311.5
gep26,00,2026-05-17,2026-06-18,gcrew,noaa_gefs,26,WindSpeed_ms_mean,32,4.21631310842572
gep26,00,2026-05-17,2026-06-19,gcrew,noaa_gefs,26,AirTemp_C_mean,33,24.15681610107424
gep26,00,2026-05-17,2026-06-19,gcrew,noaa_gefs,26,Pressure_Pa,33,101012.509765625
gep26,00,2026-05-17,2026-06-19,gcrew,noaa_gefs,26,RH_percent_mean,33,84.10998153686523
gep26,00,2026-05-17,2026-06-19,gcrew,noaa_gefs,26,Rain_mm_sum,33,37.50000125169754
gep26,00,2026-05-17,2026-06-19,gcrew,noaa_gefs,26,ShortwaveRadiation_Wm2,33,322.25
gep26,00,2026-05-17,2026-06-19,gcrew,noaa_gefs,26,WindSpeed_ms_mean,33,5.041177238306991
gep26,00,2026-05-17,2026-06-20,gcrew,noaa_gefs,26,AirTemp_C_mean,34,21.24146423339846
gep26,00,2026-05-17,2026-06-20,gcrew,noaa_gefs,26,Pressure_Pa,34,101358.76953125
gep26,00,2026-05-17,2026-06-20,gcrew,noaa_gefs,26,RH_percent_mean,34,58.25197887420654
gep26,00,2026-05-17,2026-06-20,gcrew,noaa_gefs,26,Rain_mm_sum,34,0
gep26,00,2026-05-17,2026-06-20,gcrew,noaa_gefs,26,ShortwaveRadiation_Wm2,34,354.5
gep26,00,2026-05-17,2026-06-20,gcrew,noaa_gefs,26,WindSpeed_ms_mean,34,7.9283052740783315
gep27,00,2026-05-17,2026-05-18,gcrew,noaa_gefs,27,AirTemp_C_mean,1,20.541738128662132
gep27,00,2026-05-17,2026-05-18,gcrew,noaa_gefs,27,Pressure_Pa,1,102011.392578125
gep27,00,2026-05-17,2026-05-18,gcrew,noaa_gefs,27,RH_percent_mean,1,84.17081260681152
gep27,00,2026-05-17,2026-05-18,gcrew,noaa_gefs,27,Rain_mm_sum,1,6.350000023841858
gep27,00,2026-05-17,2026-05-18,gcrew,noaa_gefs,27,ShortwaveRadiation_Wm2,1,332.125
gep27,00,2026-05-17,2026-05-18,gcrew,noaa_gefs,27,WindSpeed_ms_mean,1,2.606449622457496
gep27,00,2026-05-17,2026-05-19,gcrew,noaa_gefs,27,AirTemp_C_mean,2,23.0995918273926
gep27,00,2026-05-17,2026-05-19,gcrew,noaa_gefs,27,Pressure_Pa,2,101806.55859375
gep27,00,2026-05-17,2026-05-19,gcrew,noaa_gefs,27,RH_percent_mean,2,68.34389972686768
gep27,00,2026-05-17,2026-05-19,gcrew,noaa_gefs,27,Rain_mm_sum,2,1.8000000268220901
gep27,00,2026-05-17,2026-05-19,gcrew,noaa_gefs,27,ShortwaveRadiation_Wm2,2,334.75
gep27,00,2026-05-17,2026-05-19,gcrew,noaa_gefs,27,WindSpeed_ms_mean,2,3.4067788659044838
gep27,00,2026-05-17,2026-05-20,gcrew,noaa_gefs,27,AirTemp_C_mean,3,22.52497253417971
gep27,00,2026-05-17,2026-05-20,gcrew,noaa_gefs,27,Pressure_Pa,3,101325.6357421875
gep27,00,2026-05-17,2026-05-20,gcrew,noaa_gefs,27,RH_percent_mean,3,71.24866104125977
gep27,00,2026-05-17,2026-05-20,gcrew,noaa_gefs,27,Rain_mm_sum,3,26.70000010728836
gep27,00,2026-05-17,2026-05-20,gcrew,noaa_gefs,27,ShortwaveRadiation_Wm2,3,262.375
gep27,00,2026-05-17,2026-05-20,gcrew,noaa_gefs,27,WindSpeed_ms_mean,3,4.549640011874029
gep27,00,2026-05-17,2026-05-21,gcrew,noaa_gefs,27,AirTemp_C_mean,4,15.515148053850469
gep27,00,2026-05-17,2026-05-21,gcrew,noaa_gefs,27,Pressure_Pa,4,101836.072265625
gep27,00,2026-05-17,2026-05-21,gcrew,noaa_gefs,27,RH_percent_mean,4,76.015167236328125
gep27,00,2026-05-17,2026-05-21,gcrew,noaa_gefs,27,Rain_mm_sum,4,9.399999812245369
gep27,00,2026-05-17,2026-05-21,gcrew,noaa_gefs,27,ShortwaveRadiation_Wm2,4,97.625
gep27,00,2026-05-17,2026-05-21,gcrew,noaa_gefs,27,WindSpeed_ms_mean,4,3.6808240475840406
gep27,00,2026-05-17,2026-05-22,gcrew,noaa_gefs,27,AirTemp_C_mean,5,14.000840759277366
gep27,00,2026-05-17,2026-05-22,gcrew,noaa_gefs,27,Pressure_Pa,5,101988.966796875
gep27,00,2026-05-17,2026-05-22,gcrew,noaa_gefs,27,RH_percent_mean,5,84.21332263946533
gep27,00,2026-05-17,2026-05-22,gcrew,noaa_gefs,27,Rain_mm_sum,5,9.800000049173832
gep27,00,2026-05-17,2026-05-22,gcrew,noaa_gefs,27,ShortwaveRadiation_Wm2,5,22.75
gep27,00,2026-05-17,2026-05-22,gcrew,noaa_gefs,27,WindSpeed_ms_mean,5,4.696523470041017
gep27,00,2026-05-17,2026-05-23,gcrew,noaa_gefs,27,AirTemp_C_mean,6,13.291490173339866
gep27,00,2026-05-17,2026-05-23,gcrew,noaa_gefs,27,Pressure_Pa,6,102242.6494140625
gep27,00,2026-05-17,2026-05-23,gcrew,noaa_gefs,27,RH_percent_mean,6,95.31106090545654
gep27,00,2026-05-17,2026-05-23,gcrew,noaa_gefs,27,Rain_mm_sum,6,41.290000796318054
gep27,00,2026-05-17,2026-05-23,gcrew,noaa_gefs,27,ShortwaveRadiation_Wm2,6,8.625
gep27,00,2026-05-17,2026-05-23,gcrew,noaa_gefs,27,WindSpeed_ms_mean,6,6.730171879016334
gep27,00,2026-05-17,2026-05-24,gcrew,noaa_gefs,27,AirTemp_C_mean,7,13.87753829956057
gep27,00,2026-05-17,2026-05-24,gcrew,noaa_gefs,27,Pressure_Pa,7,102702.9013671875
gep27,00,2026-05-17,2026-05-24,gcrew,noaa_gefs,27,RH_percent_mean,7,89.53658866882324
gep27,00,2026-05-17,2026-05-24,gcrew,noaa_gefs,27,Rain_mm_sum,7,1.5000000074505806
gep27,00,2026-05-17,2026-05-24,gcrew,noaa_gefs,27,ShortwaveRadiation_Wm2,7,55.5
gep27,00,2026-05-17,2026-05-24,gcrew,noaa_gefs,27,WindSpeed_ms_mean,7,4.664883181526184
gep27,00,2026-05-17,2026-05-25,gcrew,noaa_gefs,27,AirTemp_C_mean,8,13.337792968750023
gep27,00,2026-05-17,2026-05-25,gcrew,noaa_gefs,27,Pressure_Pa,8,103076.4609375
gep27,00,2026-05-17,2026-05-25,gcrew,noaa_gefs,27,RH_percent_mean,8,78.87850284576416
gep27,00,2026-05-17,2026-05-25,gcrew,noaa_gefs,27,Rain_mm_sum,8,0
gep27,00,2026-05-17,2026-05-25,gcrew,noaa_gefs,27,ShortwaveRadiation_Wm2,8,160.625
gep27,00,2026-05-17,2026-05-25,gcrew,noaa_gefs,27,WindSpeed_ms_mean,8,4.284401237933425
gep27,00,2026-05-17,2026-05-26,gcrew,noaa_gefs,27,AirTemp_C_mean,9,13.400532749721005
gep27,00,2026-05-17,2026-05-26,gcrew,noaa_gefs,27,Pressure_Pa,9,102888.00669642857
gep27,00,2026-05-17,2026-05-26,gcrew,noaa_gefs,27,RH_percent_mean,9,66.3826152256557
gep27,00,2026-05-17,2026-05-26,gcrew,noaa_gefs,27,Rain_mm_sum,9,0
gep27,00,2026-05-17,2026-05-26,gcrew,noaa_gefs,27,ShortwaveRadiation_Wm2,9,372.2857142857143
gep27,00,2026-05-17,2026-05-26,gcrew,noaa_gefs,27,WindSpeed_ms_mean,9,2.9715455604219634
gep27,00,2026-05-17,2026-05-27,gcrew,noaa_gefs,27,AirTemp_C_mean,10,17.38470611572268
gep27,00,2026-05-17,2026-05-27,gcrew,noaa_gefs,27,Pressure_Pa,10,102230.107421875
gep27,00,2026-05-17,2026-05-27,gcrew,noaa_gefs,27,RH_percent_mean,10,76.62809085845947
gep27,00,2026-05-17,2026-05-27,gcrew,noaa_gefs,27,Rain_mm_sum,10,0
gep27,00,2026-05-17,2026-05-27,gcrew,noaa_gefs,27,ShortwaveRadiation_Wm2,10,292
gep27,00,2026-05-17,2026-05-27,gcrew,noaa_gefs,27,WindSpeed_ms_mean,10,3.292260275209521
gep27,00,2026-05-17,2026-05-28,gcrew,noaa_gefs,27,AirTemp_C_mean,11,18.825532531738304
gep27,00,2026-05-17,2026-05-28,gcrew,noaa_gefs,27,Pressure_Pa,11,101594.103515625
gep27,00,2026-05-17,2026-05-28,gcrew,noaa_gefs,27,RH_percent_mean,11,88.5962963104248
gep27,00,2026-05-17,2026-05-28,gcrew,noaa_gefs,27,Rain_mm_sum,11,3.2000001445412636
gep27,00,2026-05-17,2026-05-28,gcrew,noaa_gefs,27,ShortwaveRadiation_Wm2,11,232.25
gep27,00,2026-05-17,2026-05-28,gcrew,noaa_gefs,27,WindSpeed_ms_mean,11,1.843962609809163
gep27,00,2026-05-17,2026-05-29,gcrew,noaa_gefs,27,AirTemp_C_mean,12,20.632531738281273
gep27,00,2026-05-17,2026-05-29,gcrew,noaa_gefs,27,Pressure_Pa,12,101605.099609375
gep27,00,2026-05-17,2026-05-29,gcrew,noaa_gefs,27,RH_percent_mean,12,90.68621635437012
gep27,00,2026-05-17,2026-05-29,gcrew,noaa_gefs,27,Rain_mm_sum,12,8.700000047683716
gep27,00,2026-05-17,2026-05-29,gcrew,noaa_gefs,27,ShortwaveRadiation_Wm2,12,303.25
gep27,00,2026-05-17,2026-05-29,gcrew,noaa_gefs,27,WindSpeed_ms_mean,12,2.2984613975817045
gep27,00,2026-05-17,2026-05-30,gcrew,noaa_gefs,27,AirTemp_C_mean,13,20.257226562500023
gep27,00,2026-05-17,2026-05-30,gcrew,noaa_gefs,27,Pressure_Pa,13,101830.51953125
gep27,00,2026-05-17,2026-05-30,gcrew,noaa_gefs,27,RH_percent_mean,13,89.01692962646484
gep27,00,2026-05-17,2026-05-30,gcrew,noaa_gefs,27,Rain_mm_sum,13,0.700000025331974
gep27,00,2026-05-17,2026-05-30,gcrew,noaa_gefs,27,ShortwaveRadiation_Wm2,13,279
gep27,00,2026-05-17,2026-05-30,gcrew,noaa_gefs,27,WindSpeed_ms_mean,13,7.177529832521996
gep27,00,2026-05-17,2026-05-31,gcrew,noaa_gefs,27,AirTemp_C_mean,14,20.746133422851585
gep27,00,2026-05-17,2026-05-31,gcrew,noaa_gefs,27,Pressure_Pa,14,101566.6875
gep27,00,2026-05-17,2026-05-31,gcrew,noaa_gefs,27,RH_percent_mean,14,86.56785774230957
gep27,00,2026-05-17,2026-05-31,gcrew,noaa_gefs,27,Rain_mm_sum,14,0.10000000149011612
gep27,00,2026-05-17,2026-05-31,gcrew,noaa_gefs,27,ShortwaveRadiation_Wm2,14,236.5
gep27,00,2026-05-17,2026-05-31,gcrew,noaa_gefs,27,WindSpeed_ms_mean,14,4.452410245898682
gep27,00,2026-05-17,2026-06-01,gcrew,noaa_gefs,27,AirTemp_C_mean,15,21.641290283203148
gep27,00,2026-05-17,2026-06-01,gcrew,noaa_gefs,27,Pressure_Pa,15,101232.943359375
gep27,00,2026-05-17,2026-06-01,gcrew,noaa_gefs,27,RH_percent_mean,15,85.77047920227051
gep27,00,2026-05-17,2026-06-01,gcrew,noaa_gefs,27,Rain_mm_sum,15,0.20000000298023224
gep27,00,2026-05-17,2026-06-01,gcrew,noaa_gefs,27,ShortwaveRadiation_Wm2,15,319.25
gep27,00,2026-05-17,2026-06-01,gcrew,noaa_gefs,27,WindSpeed_ms_mean,15,4.987514627831614
gep27,00,2026-05-17,2026-06-02,gcrew,noaa_gefs,27,AirTemp_C_mean,16,23.64350280761721
gep27,00,2026-05-17,2026-06-02,gcrew,noaa_gefs,27,Pressure_Pa,16,100336.03125
gep27,00,2026-05-17,2026-06-02,gcrew,noaa_gefs,27,RH_percent_mean,16,79.2158031463623
gep27,00,2026-05-17,2026-06-02,gcrew,noaa_gefs,27,Rain_mm_sum,16,0.10000000149011612
gep27,00,2026-05-17,2026-06-02,gcrew,noaa_gefs,27,ShortwaveRadiation_Wm2,16,248.5
gep27,00,2026-05-17,2026-06-02,gcrew,noaa_gefs,27,WindSpeed_ms_mean,16,6.294558916761398
gep27,00,2026-05-17,2026-06-03,gcrew,noaa_gefs,27,AirTemp_C_mean,17,21.807466125488304
gep27,00,2026-05-17,2026-06-03,gcrew,noaa_gefs,27,Pressure_Pa,17,100524.14453125
gep27,00,2026-05-17,2026-06-03,gcrew,noaa_gefs,27,RH_percent_mean,17,82.67036247253418
gep27,00,2026-05-17,2026-06-03,gcrew,noaa_gefs,27,Rain_mm_sum,17,4.900000035762787
gep27,00,2026-05-17,2026-06-03,gcrew,noaa_gefs,27,ShortwaveRadiation_Wm2,17,192.5
gep27,00,2026-05-17,2026-06-03,gcrew,noaa_gefs,27,WindSpeed_ms_mean,17,6.2389494415019655
gep27,00,2026-05-17,2026-06-04,gcrew,noaa_gefs,27,AirTemp_C_mean,18,19.62371978759768
gep27,00,2026-05-17,2026-06-04,gcrew,noaa_gefs,27,Pressure_Pa,18,101363.12109375
gep27,00,2026-05-17,2026-06-04,gcrew,noaa_gefs,27,RH_percent_mean,18,59.62021350860596
gep27,00,2026-05-17,2026-06-04,gcrew,noaa_gefs,27,Rain_mm_sum,18,0
gep27,00,2026-05-17,2026-06-04,gcrew,noaa_gefs,27,ShortwaveRadiation_Wm2,18,353
gep27,00,2026-05-17,2026-06-04,gcrew,noaa_gefs,27,WindSpeed_ms_mean,18,5.129538041845657
gep27,00,2026-05-17,2026-06-05,gcrew,noaa_gefs,27,AirTemp_C_mean,19,18.13916931152346
gep27,00,2026-05-17,2026-06-05,gcrew,noaa_gefs,27,Pressure_Pa,19,102108.5078125
gep27,00,2026-05-17,2026-06-05,gcrew,noaa_gefs,27,RH_percent_mean,19,67.04474639892578
gep27,00,2026-05-17,2026-06-05,gcrew,noaa_gefs,27,Rain_mm_sum,19,0
gep27,00,2026-05-17,2026-06-05,gcrew,noaa_gefs,27,ShortwaveRadiation_Wm2,19,292.75
gep27,00,2026-05-17,2026-06-05,gcrew,noaa_gefs,27,WindSpeed_ms_mean,19,5.191744913150064
gep27,00,2026-05-17,2026-06-06,gcrew,noaa_gefs,27,AirTemp_C_mean,20,17.265962219238304
gep27,00,2026-05-17,2026-06-06,gcrew,noaa_gefs,27,Pressure_Pa,20,102458.673828125
gep27,00,2026-05-17,2026-06-06,gcrew,noaa_gefs,27,RH_percent_mean,20,61.6632661819458
gep27,00,2026-05-17,2026-06-06,gcrew,noaa_gefs,27,Rain_mm_sum,20,0
gep27,00,2026-05-17,2026-06-06,gcrew,noaa_gefs,27,ShortwaveRadiation_Wm2,20,353.75
gep27,00,2026-05-17,2026-06-06,gcrew,noaa_gefs,27,WindSpeed_ms_mean,20,6.67467006888216
gep27,00,2026-05-17,2026-06-07,gcrew,noaa_gefs,27,AirTemp_C_mean,21,17.46930847167971
gep27,00,2026-05-17,2026-06-07,gcrew,noaa_gefs,27,Pressure_Pa,21,102539.91796875
gep27,00,2026-05-17,2026-06-07,gcrew,noaa_gefs,27,RH_percent_mean,21,57.39550495147705
gep27,00,2026-05-17,2026-06-07,gcrew,noaa_gefs,27,Rain_mm_sum,21,0
gep27,00,2026-05-17,2026-06-07,gcrew,noaa_gefs,27,ShortwaveRadiation_Wm2,21,311.25
gep27,00,2026-05-17,2026-06-07,gcrew,noaa_gefs,27,WindSpeed_ms_mean,21,6.253105276917296
gep27,00,2026-05-17,2026-06-08,gcrew,noaa_gefs,27,AirTemp_C_mean,22,18.264520263671898
gep27,00,2026-05-17,2026-06-08,gcrew,noaa_gefs,27,Pressure_Pa,22,102453.42578125
gep27,00,2026-05-17,2026-06-08,gcrew,noaa_gefs,27,RH_percent_mean,22,69.18738460540771
gep27,00,2026-05-17,2026-06-08,gcrew,noaa_gefs,27,Rain_mm_sum,22,0
gep27,00,2026-05-17,2026-06-08,gcrew,noaa_gefs,27,ShortwaveRadiation_Wm2,22,358.75
gep27,00,2026-05-17,2026-06-08,gcrew,noaa_gefs,27,WindSpeed_ms_mean,22,5.268783443054002
gep27,00,2026-05-17,2026-06-09,gcrew,noaa_gefs,27,AirTemp_C_mean,23,19.784394836425804
gep27,00,2026-05-17,2026-06-09,gcrew,noaa_gefs,27,Pressure_Pa,23,102266.64453125
gep27,00,2026-05-17,2026-06-09,gcrew,noaa_gefs,27,RH_percent_mean,23,76.86220645904541
gep27,00,2026-05-17,2026-06-09,gcrew,noaa_gefs,27,Rain_mm_sum,23,0
gep27,00,2026-05-17,2026-06-09,gcrew,noaa_gefs,27,ShortwaveRadiation_Wm2,23,315.5
gep27,00,2026-05-17,2026-06-09,gcrew,noaa_gefs,27,WindSpeed_ms_mean,23,4.38349937840495
gep27,00,2026-05-17,2026-06-10,gcrew,noaa_gefs,27,AirTemp_C_mean,24,19.276849365234398
gep27,00,2026-05-17,2026-06-10,gcrew,noaa_gefs,27,Pressure_Pa,24,102072.908203125
gep27,00,2026-05-17,2026-06-10,gcrew,noaa_gefs,27,RH_percent_mean,24,77.74775695800781
gep27,00,2026-05-17,2026-06-10,gcrew,noaa_gefs,27,Rain_mm_sum,24,0
gep27,00,2026-05-17,2026-06-10,gcrew,noaa_gefs,27,ShortwaveRadiation_Wm2,24,344.5
gep27,00,2026-05-17,2026-06-10,gcrew,noaa_gefs,27,WindSpeed_ms_mean,24,3.046278388581381
gep27,00,2026-05-17,2026-06-11,gcrew,noaa_gefs,27,AirTemp_C_mean,25,19.354234313964866
gep27,00,2026-05-17,2026-06-11,gcrew,noaa_gefs,27,Pressure_Pa,25,101661.693359375
gep27,00,2026-05-17,2026-06-11,gcrew,noaa_gefs,27,RH_percent_mean,25,78.77657699584961
gep27,00,2026-05-17,2026-06-11,gcrew,noaa_gefs,27,Rain_mm_sum,25,0
gep27,00,2026-05-17,2026-06-11,gcrew,noaa_gefs,27,ShortwaveRadiation_Wm2,25,344.25
gep27,00,2026-05-17,2026-06-11,gcrew,noaa_gefs,27,WindSpeed_ms_mean,25,2.403215737924673
gep27,00,2026-05-17,2026-06-12,gcrew,noaa_gefs,27,AirTemp_C_mean,26,20.841760253906273
gep27,00,2026-05-17,2026-06-12,gcrew,noaa_gefs,27,Pressure_Pa,26,101401.55078125
gep27,00,2026-05-17,2026-06-12,gcrew,noaa_gefs,27,RH_percent_mean,26,86.05273246765137
gep27,00,2026-05-17,2026-06-12,gcrew,noaa_gefs,27,Rain_mm_sum,26,0.5000000074505806
gep27,00,2026-05-17,2026-06-12,gcrew,noaa_gefs,27,ShortwaveRadiation_Wm2,26,270.5
gep27,00,2026-05-17,2026-06-12,gcrew,noaa_gefs,27,WindSpeed_ms_mean,26,2.6211042370057838
gep27,00,2026-05-17,2026-06-13,gcrew,noaa_gefs,27,AirTemp_C_mean,27,22.633142089843773
gep27,00,2026-05-17,2026-06-13,gcrew,noaa_gefs,27,Pressure_Pa,27,101495.544921875
gep27,00,2026-05-17,2026-06-13,gcrew,noaa_gefs,27,RH_percent_mean,27,84.56381607055664
gep27,00,2026-05-17,2026-06-13,gcrew,noaa_gefs,27,Rain_mm_sum,27,0.30000001192092896
gep27,00,2026-05-17,2026-06-13,gcrew,noaa_gefs,27,ShortwaveRadiation_Wm2,27,331.25
gep27,00,2026-05-17,2026-06-13,gcrew,noaa_gefs,27,WindSpeed_ms_mean,27,4.002934118539743
gep27,00,2026-05-17,2026-06-14,gcrew,noaa_gefs,27,AirTemp_C_mean,28,23.382600402832054
gep27,00,2026-05-17,2026-06-14,gcrew,noaa_gefs,27,Pressure_Pa,28,101357.177734375
gep27,00,2026-05-17,2026-06-14,gcrew,noaa_gefs,27,RH_percent_mean,28,89.37162399291992
gep27,00,2026-05-17,2026-06-14,gcrew,noaa_gefs,27,Rain_mm_sum,28,2.6000000536441803
gep27,00,2026-05-17,2026-06-14,gcrew,noaa_gefs,27,ShortwaveRadiation_Wm2,28,284.75
gep27,00,2026-05-17,2026-06-14,gcrew,noaa_gefs,27,WindSpeed_ms_mean,28,3.3537151621249275
gep27,00,2026-05-17,2026-06-15,gcrew,noaa_gefs,27,AirTemp_C_mean,29,24.840669250488304
gep27,00,2026-05-17,2026-06-15,gcrew,noaa_gefs,27,Pressure_Pa,29,101524.51171875
gep27,00,2026-05-17,2026-06-15,gcrew,noaa_gefs,27,RH_percent_mean,29,77.19408130645752
gep27,00,2026-05-17,2026-06-15,gcrew,noaa_gefs,27,Rain_mm_sum,29,0.10000000149011612
gep27,00,2026-05-17,2026-06-15,gcrew,noaa_gefs,27,ShortwaveRadiation_Wm2,29,296.5
gep27,00,2026-05-17,2026-06-15,gcrew,noaa_gefs,27,WindSpeed_ms_mean,29,4.042771754237245
gep27,00,2026-05-17,2026-06-16,gcrew,noaa_gefs,27,AirTemp_C_mean,30,24.895989990234398
gep27,00,2026-05-17,2026-06-16,gcrew,noaa_gefs,27,Pressure_Pa,30,101772.68359375
gep27,00,2026-05-17,2026-06-16,gcrew,noaa_gefs,27,RH_percent_mean,30,77.33410263061523
gep27,00,2026-05-17,2026-06-16,gcrew,noaa_gefs,27,Rain_mm_sum,30,0.30000000447034836
gep27,00,2026-05-17,2026-06-16,gcrew,noaa_gefs,27,ShortwaveRadiation_Wm2,30,313.25
gep27,00,2026-05-17,2026-06-16,gcrew,noaa_gefs,27,WindSpeed_ms_mean,30,3.6732919255241057
gep27,00,2026-05-17,2026-06-17,gcrew,noaa_gefs,27,AirTemp_C_mean,31,25.772210693359398
gep27,00,2026-05-17,2026-06-17,gcrew,noaa_gefs,27,Pressure_Pa,31,101904.6171875
gep27,00,2026-05-17,2026-06-17,gcrew,noaa_gefs,27,RH_percent_mean,31,76.04165267944336
gep27,00,2026-05-17,2026-06-17,gcrew,noaa_gefs,27,Rain_mm_sum,31,0
gep27,00,2026-05-17,2026-06-17,gcrew,noaa_gefs,27,ShortwaveRadiation_Wm2,31,286.75
gep27,00,2026-05-17,2026-06-17,gcrew,noaa_gefs,27,WindSpeed_ms_mean,31,4.13248526059356
gep27,00,2026-05-17,2026-06-18,gcrew,noaa_gefs,27,AirTemp_C_mean,32,25.74041900634768
gep27,00,2026-05-17,2026-06-18,gcrew,noaa_gefs,27,Pressure_Pa,32,101534.314453125
gep27,00,2026-05-17,2026-06-18,gcrew,noaa_gefs,27,RH_percent_mean,32,80.33454704284668
gep27,00,2026-05-17,2026-06-18,gcrew,noaa_gefs,27,Rain_mm_sum,32,8.800000250339508
gep27,00,2026-05-17,2026-06-18,gcrew,noaa_gefs,27,ShortwaveRadiation_Wm2,32,311.5
gep27,00,2026-05-17,2026-06-18,gcrew,noaa_gefs,27,WindSpeed_ms_mean,32,4.21631310842572
gep27,00,2026-05-17,2026-06-19,gcrew,noaa_gefs,27,AirTemp_C_mean,33,24.15681610107424
gep27,00,2026-05-17,2026-06-19,gcrew,noaa_gefs,27,Pressure_Pa,33,101012.509765625
gep27,00,2026-05-17,2026-06-19,gcrew,noaa_gefs,27,RH_percent_mean,33,84.10998153686523
gep27,00,2026-05-17,2026-06-19,gcrew,noaa_gefs,27,Rain_mm_sum,33,37.50000125169754
gep27,00,2026-05-17,2026-06-19,gcrew,noaa_gefs,27,ShortwaveRadiation_Wm2,33,322.25
gep27,00,2026-05-17,2026-06-19,gcrew,noaa_gefs,27,WindSpeed_ms_mean,33,5.041177238306991
gep27,00,2026-05-17,2026-06-20,gcrew,noaa_gefs,27,AirTemp_C_mean,34,21.24146423339846
gep27,00,2026-05-17,2026-06-20,gcrew,noaa_gefs,27,Pressure_Pa,34,101358.76953125
gep27,00,2026-05-17,2026-06-20,gcrew,noaa_gefs,27,RH_percent_mean,34,58.25197887420654
gep27,00,2026-05-17,2026-06-20,gcrew,noaa_gefs,27,Rain_mm_sum,34,0
gep27,00,2026-05-17,2026-06-20,gcrew,noaa_gefs,27,ShortwaveRadiation_Wm2,34,354.5
gep27,00,2026-05-17,2026-06-20,gcrew,noaa_gefs,27,WindSpeed_ms_mean,34,7.9283052740783315
gep28,00,2026-05-17,2026-05-18,gcrew,noaa_gefs,28,AirTemp_C_mean,1,20.541738128662132
gep28,00,2026-05-17,2026-05-18,gcrew,noaa_gefs,28,Pressure_Pa,1,102011.392578125
gep28,00,2026-05-17,2026-05-18,gcrew,noaa_gefs,28,RH_percent_mean,1,84.17081260681152
gep28,00,2026-05-17,2026-05-18,gcrew,noaa_gefs,28,Rain_mm_sum,1,6.350000023841858
gep28,00,2026-05-17,2026-05-18,gcrew,noaa_gefs,28,ShortwaveRadiation_Wm2,1,332.125
gep28,00,2026-05-17,2026-05-18,gcrew,noaa_gefs,28,WindSpeed_ms_mean,1,2.606449622457496
gep28,00,2026-05-17,2026-05-19,gcrew,noaa_gefs,28,AirTemp_C_mean,2,23.0995918273926
gep28,00,2026-05-17,2026-05-19,gcrew,noaa_gefs,28,Pressure_Pa,2,101806.55859375
gep28,00,2026-05-17,2026-05-19,gcrew,noaa_gefs,28,RH_percent_mean,2,68.34389972686768
gep28,00,2026-05-17,2026-05-19,gcrew,noaa_gefs,28,Rain_mm_sum,2,1.8000000268220901
gep28,00,2026-05-17,2026-05-19,gcrew,noaa_gefs,28,ShortwaveRadiation_Wm2,2,334.75
gep28,00,2026-05-17,2026-05-19,gcrew,noaa_gefs,28,WindSpeed_ms_mean,2,3.4067788659044838
gep28,00,2026-05-17,2026-05-20,gcrew,noaa_gefs,28,AirTemp_C_mean,3,22.52497253417971
gep28,00,2026-05-17,2026-05-20,gcrew,noaa_gefs,28,Pressure_Pa,3,101325.6357421875
gep28,00,2026-05-17,2026-05-20,gcrew,noaa_gefs,28,RH_percent_mean,3,71.24866104125977
gep28,00,2026-05-17,2026-05-20,gcrew,noaa_gefs,28,Rain_mm_sum,3,26.70000010728836
gep28,00,2026-05-17,2026-05-20,gcrew,noaa_gefs,28,ShortwaveRadiation_Wm2,3,262.375
gep28,00,2026-05-17,2026-05-20,gcrew,noaa_gefs,28,WindSpeed_ms_mean,3,4.549640011874029
gep28,00,2026-05-17,2026-05-21,gcrew,noaa_gefs,28,AirTemp_C_mean,4,15.515148053850469
gep28,00,2026-05-17,2026-05-21,gcrew,noaa_gefs,28,Pressure_Pa,4,101836.072265625
gep28,00,2026-05-17,2026-05-21,gcrew,noaa_gefs,28,RH_percent_mean,4,76.015167236328125
gep28,00,2026-05-17,2026-05-21,gcrew,noaa_gefs,28,Rain_mm_sum,4,9.399999812245369
gep28,00,2026-05-17,2026-05-21,gcrew,noaa_gefs,28,ShortwaveRadiation_Wm2,4,97.625
gep28,00,2026-05-17,2026-05-21,gcrew,noaa_gefs,28,WindSpeed_ms_mean,4,3.6808240475840406
gep28,00,2026-05-17,2026-05-22,gcrew,noaa_gefs,28,AirTemp_C_mean,5,14.000840759277366
gep28,00,2026-05-17,2026-05-22,gcrew,noaa_gefs,28,Pressure_Pa,5,101988.966796875
gep28,00,2026-05-17,2026-05-22,gcrew,noaa_gefs,28,RH_percent_mean,5,84.21332263946533
gep28,00,2026-05-17,2026-05-22,gcrew,noaa_gefs,28,Rain_mm_sum,5,9.800000049173832
gep28,00,2026-05-17,2026-05-22,gcrew,noaa_gefs,28,ShortwaveRadiation_Wm2,5,22.75
gep28,00,2026-05-17,2026-05-22,gcrew,noaa_gefs,28,WindSpeed_ms_mean,5,4.696523470041017
gep28,00,2026-05-17,2026-05-23,gcrew,noaa_gefs,28,AirTemp_C_mean,6,13.291490173339866
gep28,00,2026-05-17,2026-05-23,gcrew,noaa_gefs,28,Pressure_Pa,6,102242.6494140625
gep28,00,2026-05-17,2026-05-23,gcrew,noaa_gefs,28,RH_percent_mean,6,95.31106090545654
gep28,00,2026-05-17,2026-05-23,gcrew,noaa_gefs,28,Rain_mm_sum,6,41.290000796318054
gep28,00,2026-05-17,2026-05-23,gcrew,noaa_gefs,28,ShortwaveRadiation_Wm2,6,8.625
gep28,00,2026-05-17,2026-05-23,gcrew,noaa_gefs,28,WindSpeed_ms_mean,6,6.730171879016334
gep28,00,2026-05-17,2026-05-24,gcrew,noaa_gefs,28,AirTemp_C_mean,7,13.87753829956057
gep28,00,2026-05-17,2026-05-24,gcrew,noaa_gefs,28,Pressure_Pa,7,102702.9013671875
gep28,00,2026-05-17,2026-05-24,gcrew,noaa_gefs,28,RH_percent_mean,7,89.53658866882324
gep28,00,2026-05-17,2026-05-24,gcrew,noaa_gefs,28,Rain_mm_sum,7,1.5000000074505806
gep28,00,2026-05-17,2026-05-24,gcrew,noaa_gefs,28,ShortwaveRadiation_Wm2,7,55.5
gep28,00,2026-05-17,2026-05-24,gcrew,noaa_gefs,28,WindSpeed_ms_mean,7,4.664883181526184
gep28,00,2026-05-17,2026-05-25,gcrew,noaa_gefs,28,AirTemp_C_mean,8,13.337792968750023
gep28,00,2026-05-17,2026-05-25,gcrew,noaa_gefs,28,Pressure_Pa,8,103076.4609375
gep28,00,2026-05-17,2026-05-25,gcrew,noaa_gefs,28,RH_percent_mean,8,78.87850284576416
gep28,00,2026-05-17,2026-05-25,gcrew,noaa_gefs,28,Rain_mm_sum,8,0
gep28,00,2026-05-17,2026-05-25,gcrew,noaa_gefs,28,ShortwaveRadiation_Wm2,8,160.625
gep28,00,2026-05-17,2026-05-25,gcrew,noaa_gefs,28,WindSpeed_ms_mean,8,4.284401237933425
gep28,00,2026-05-17,2026-05-26,gcrew,noaa_gefs,28,AirTemp_C_mean,9,13.400532749721005
gep28,00,2026-05-17,2026-05-26,gcrew,noaa_gefs,28,Pressure_Pa,9,102888.00669642857
gep28,00,2026-05-17,2026-05-26,gcrew,noaa_gefs,28,RH_percent_mean,9,66.3826152256557
gep28,00,2026-05-17,2026-05-26,gcrew,noaa_gefs,28,Rain_mm_sum,9,0
gep28,00,2026-05-17,2026-05-26,gcrew,noaa_gefs,28,ShortwaveRadiation_Wm2,9,372.2857142857143
gep28,00,2026-05-17,2026-05-26,gcrew,noaa_gefs,28,WindSpeed_ms_mean,9,2.9715455604219634
gep28,00,2026-05-17,2026-05-27,gcrew,noaa_gefs,28,AirTemp_C_mean,10,17.38470611572268
gep28,00,2026-05-17,2026-05-27,gcrew,noaa_gefs,28,Pressure_Pa,10,102230.107421875
gep28,00,2026-05-17,2026-05-27,gcrew,noaa_gefs,28,RH_percent_mean,10,76.62809085845947
gep28,00,2026-05-17,2026-05-27,gcrew,noaa_gefs,28,Rain_mm_sum,10,0
gep28,00,2026-05-17,2026-05-27,gcrew,noaa_gefs,28,ShortwaveRadiation_Wm2,10,292
gep28,00,2026-05-17,2026-05-27,gcrew,noaa_gefs,28,WindSpeed_ms_mean,10,3.292260275209521
gep28,00,2026-05-17,2026-05-28,gcrew,noaa_gefs,28,AirTemp_C_mean,11,18.825532531738304
gep28,00,2026-05-17,2026-05-28,gcrew,noaa_gefs,28,Pressure_Pa,11,101594.103515625
gep28,00,2026-05-17,2026-05-28,gcrew,noaa_gefs,28,RH_percent_mean,11,88.5962963104248
gep28,00,2026-05-17,2026-05-28,gcrew,noaa_gefs,28,Rain_mm_sum,11,3.2000001445412636
gep28,00,2026-05-17,2026-05-28,gcrew,noaa_gefs,28,ShortwaveRadiation_Wm2,11,232.25
gep28,00,2026-05-17,2026-05-28,gcrew,noaa_gefs,28,WindSpeed_ms_mean,11,1.843962609809163
gep28,00,2026-05-17,2026-05-29,gcrew,noaa_gefs,28,AirTemp_C_mean,12,20.632531738281273
gep28,00,2026-05-17,2026-05-29,gcrew,noaa_gefs,28,Pressure_Pa,12,101605.099609375
gep28,00,2026-05-17,2026-05-29,gcrew,noaa_gefs,28,RH_percent_mean,12,90.68621635437012
gep28,00,2026-05-17,2026-05-29,gcrew,noaa_gefs,28,Rain_mm_sum,12,8.700000047683716
gep28,00,2026-05-17,2026-05-29,gcrew,noaa_gefs,28,ShortwaveRadiation_Wm2,12,303.25
gep28,00,2026-05-17,2026-05-29,gcrew,noaa_gefs,28,WindSpeed_ms_mean,12,2.2984613975817045
gep28,00,2026-05-17,2026-05-30,gcrew,noaa_gefs,28,AirTemp_C_mean,13,20.257226562500023
gep28,00,2026-05-17,2026-05-30,gcrew,noaa_gefs,28,Pressure_Pa,13,101830.51953125
gep28,00,2026-05-17,2026-05-30,gcrew,noaa_gefs,28,RH_percent_mean,13,89.01692962646484
gep28,00,2026-05-17,2026-05-30,gcrew,noaa_gefs,28,Rain_mm_sum,13,0.700000025331974
gep28,00,2026-05-17,2026-05-30,gcrew,noaa_gefs,28,ShortwaveRadiation_Wm2,13,279
gep28,00,2026-05-17,2026-05-30,gcrew,noaa_gefs,28,WindSpeed_ms_mean,13,7.177529832521996
gep28,00,2026-05-17,2026-05-31,gcrew,noaa_gefs,28,AirTemp_C_mean,14,20.746133422851585
gep28,00,2026-05-17,2026-05-31,gcrew,noaa_gefs,28,Pressure_Pa,14,101566.6875
gep28,00,2026-05-17,2026-05-31,gcrew,noaa_gefs,28,RH_percent_mean,14,86.56785774230957
gep28,00,2026-05-17,2026-05-31,gcrew,noaa_gefs,28,Rain_mm_sum,14,0.10000000149011612
gep28,00,2026-05-17,2026-05-31,gcrew,noaa_gefs,28,ShortwaveRadiation_Wm2,14,236.5
gep28,00,2026-05-17,2026-05-31,gcrew,noaa_gefs,28,WindSpeed_ms_mean,14,4.452410245898682
gep28,00,2026-05-17,2026-06-01,gcrew,noaa_gefs,28,AirTemp_C_mean,15,21.641290283203148
gep28,00,2026-05-17,2026-06-01,gcrew,noaa_gefs,28,Pressure_Pa,15,101232.943359375
gep28,00,2026-05-17,2026-06-01,gcrew,noaa_gefs,28,RH_percent_mean,15,85.77047920227051
gep28,00,2026-05-17,2026-06-01,gcrew,noaa_gefs,28,Rain_mm_sum,15,0.20000000298023224
gep28,00,2026-05-17,2026-06-01,gcrew,noaa_gefs,28,ShortwaveRadiation_Wm2,15,319.25
gep28,00,2026-05-17,2026-06-01,gcrew,noaa_gefs,28,WindSpeed_ms_mean,15,4.987514627831614
gep28,00,2026-05-17,2026-06-02,gcrew,noaa_gefs,28,AirTemp_C_mean,16,23.64350280761721
gep28,00,2026-05-17,2026-06-02,gcrew,noaa_gefs,28,Pressure_Pa,16,100336.03125
gep28,00,2026-05-17,2026-06-02,gcrew,noaa_gefs,28,RH_percent_mean,16,79.2158031463623
gep28,00,2026-05-17,2026-06-02,gcrew,noaa_gefs,28,Rain_mm_sum,16,0.10000000149011612
gep28,00,2026-05-17,2026-06-02,gcrew,noaa_gefs,28,ShortwaveRadiation_Wm2,16,248.5
gep28,00,2026-05-17,2026-06-02,gcrew,noaa_gefs,28,WindSpeed_ms_mean,16,6.294558916761398
gep28,00,2026-05-17,2026-06-03,gcrew,noaa_gefs,28,AirTemp_C_mean,17,21.807466125488304
gep28,00,2026-05-17,2026-06-03,gcrew,noaa_gefs,28,Pressure_Pa,17,100524.14453125
gep28,00,2026-05-17,2026-06-03,gcrew,noaa_gefs,28,RH_percent_mean,17,82.67036247253418
gep28,00,2026-05-17,2026-06-03,gcrew,noaa_gefs,28,Rain_mm_sum,17,4.900000035762787
gep28,00,2026-05-17,2026-06-03,gcrew,noaa_gefs,28,ShortwaveRadiation_Wm2,17,192.5
gep28,00,2026-05-17,2026-06-03,gcrew,noaa_gefs,28,WindSpeed_ms_mean,17,6.2389494415019655
gep28,00,2026-05-17,2026-06-04,gcrew,noaa_gefs,28,AirTemp_C_mean,18,19.62371978759768
gep28,00,2026-05-17,2026-06-04,gcrew,noaa_gefs,28,Pressure_Pa,18,101363.12109375
gep28,00,2026-05-17,2026-06-04,gcrew,noaa_gefs,28,RH_percent_mean,18,59.62021350860596
gep28,00,2026-05-17,2026-06-04,gcrew,noaa_gefs,28,Rain_mm_sum,18,0
gep28,00,2026-05-17,2026-06-04,gcrew,noaa_gefs,28,ShortwaveRadiation_Wm2,18,353
gep28,00,2026-05-17,2026-06-04,gcrew,noaa_gefs,28,WindSpeed_ms_mean,18,5.129538041845657
gep28,00,2026-05-17,2026-06-05,gcrew,noaa_gefs,28,AirTemp_C_mean,19,18.13916931152346
gep28,00,2026-05-17,2026-06-05,gcrew,noaa_gefs,28,Pressure_Pa,19,102108.5078125
gep28,00,2026-05-17,2026-06-05,gcrew,noaa_gefs,28,RH_percent_mean,19,67.04474639892578
gep28,00,2026-05-17,2026-06-05,gcrew,noaa_gefs,28,Rain_mm_sum,19,0
gep28,00,2026-05-17,2026-06-05,gcrew,noaa_gefs,28,ShortwaveRadiation_Wm2,19,292.75
gep28,00,2026-05-17,2026-06-05,gcrew,noaa_gefs,28,WindSpeed_ms_mean,19,5.191744913150064
gep28,00,2026-05-17,2026-06-06,gcrew,noaa_gefs,28,AirTemp_C_mean,20,17.265962219238304
gep28,00,2026-05-17,2026-06-06,gcrew,noaa_gefs,28,Pressure_Pa,20,102458.673828125
gep28,00,2026-05-17,2026-06-06,gcrew,noaa_gefs,28,RH_percent_mean,20,61.6632661819458
gep28,00,2026-05-17,2026-06-06,gcrew,noaa_gefs,28,Rain_mm_sum,20,0
gep28,00,2026-05-17,2026-06-06,gcrew,noaa_gefs,28,ShortwaveRadiation_Wm2,20,353.75
gep28,00,2026-05-17,2026-06-06,gcrew,noaa_gefs,28,WindSpeed_ms_mean,20,6.67467006888216
gep28,00,2026-05-17,2026-06-07,gcrew,noaa_gefs,28,AirTemp_C_mean,21,17.46930847167971
gep28,00,2026-05-17,2026-06-07,gcrew,noaa_gefs,28,Pressure_Pa,21,102539.91796875
gep28,00,2026-05-17,2026-06-07,gcrew,noaa_gefs,28,RH_percent_mean,21,57.39550495147705
gep28,00,2026-05-17,2026-06-07,gcrew,noaa_gefs,28,Rain_mm_sum,21,0
gep28,00,2026-05-17,2026-06-07,gcrew,noaa_gefs,28,ShortwaveRadiation_Wm2,21,311.25
gep28,00,2026-05-17,2026-06-07,gcrew,noaa_gefs,28,WindSpeed_ms_mean,21,6.253105276917296
gep28,00,2026-05-17,2026-06-08,gcrew,noaa_gefs,28,AirTemp_C_mean,22,18.264520263671898
gep28,00,2026-05-17,2026-06-08,gcrew,noaa_gefs,28,Pressure_Pa,22,102453.42578125
gep28,00,2026-05-17,2026-06-08,gcrew,noaa_gefs,28,RH_percent_mean,22,69.18738460540771
gep28,00,2026-05-17,2026-06-08,gcrew,noaa_gefs,28,Rain_mm_sum,22,0
gep28,00,2026-05-17,2026-06-08,gcrew,noaa_gefs,28,ShortwaveRadiation_Wm2,22,358.75
gep28,00,2026-05-17,2026-06-08,gcrew,noaa_gefs,28,WindSpeed_ms_mean,22,5.268783443054002
gep28,00,2026-05-17,2026-06-09,gcrew,noaa_gefs,28,AirTemp_C_mean,23,19.784394836425804
gep28,00,2026-05-17,2026-06-09,gcrew,noaa_gefs,28,Pressure_Pa,23,102266.64453125
gep28,00,2026-05-17,2026-06-09,gcrew,noaa_gefs,28,RH_percent_mean,23,76.86220645904541
gep28,00,2026-05-17,2026-06-09,gcrew,noaa_gefs,28,Rain_mm_sum,23,0
gep28,00,2026-05-17,2026-06-09,gcrew,noaa_gefs,28,ShortwaveRadiation_Wm2,23,315.5
gep28,00,2026-05-17,2026-06-09,gcrew,noaa_gefs,28,WindSpeed_ms_mean,23,4.38349937840495
gep28,00,2026-05-17,2026-06-10,gcrew,noaa_gefs,28,AirTemp_C_mean,24,19.276849365234398
gep28,00,2026-05-17,2026-06-10,gcrew,noaa_gefs,28,Pressure_Pa,24,102072.908203125
gep28,00,2026-05-17,2026-06-10,gcrew,noaa_gefs,28,RH_percent_mean,24,77.74775695800781
gep28,00,2026-05-17,2026-06-10,gcrew,noaa_gefs,28,Rain_mm_sum,24,0
gep28,00,2026-05-17,2026-06-10,gcrew,noaa_gefs,28,ShortwaveRadiation_Wm2,24,344.5
gep28,00,2026-05-17,2026-06-10,gcrew,noaa_gefs,28,WindSpeed_ms_mean,24,3.046278388581381
gep28,00,2026-05-17,2026-06-11,gcrew,noaa_gefs,28,AirTemp_C_mean,25,19.354234313964866
gep28,00,2026-05-17,2026-06-11,gcrew,noaa_gefs,28,Pressure_Pa,25,101661.693359375
gep28,00,2026-05-17,2026-06-11,gcrew,noaa_gefs,28,RH_percent_mean,25,78.77657699584961
gep28,00,2026-05-17,2026-06-11,gcrew,noaa_gefs,28,Rain_mm_sum,25,0
gep28,00,2026-05-17,2026-06-11,gcrew,noaa_gefs,28,ShortwaveRadiation_Wm2,25,344.25
gep28,00,2026-05-17,2026-06-11,gcrew,noaa_gefs,28,WindSpeed_ms_mean,25,2.403215737924673
gep28,00,2026-05-17,2026-06-12,gcrew,noaa_gefs,28,AirTemp_C_mean,26,20.841760253906273
gep28,00,2026-05-17,2026-06-12,gcrew,noaa_gefs,28,Pressure_Pa,26,101401.55078125
gep28,00,2026-05-17,2026-06-12,gcrew,noaa_gefs,28,RH_percent_mean,26,86.05273246765137
gep28,00,2026-05-17,2026-06-12,gcrew,noaa_gefs,28,Rain_mm_sum,26,0.5000000074505806
gep28,00,2026-05-17,2026-06-12,gcrew,noaa_gefs,28,ShortwaveRadiation_Wm2,26,270.5
gep28,00,2026-05-17,2026-06-12,gcrew,noaa_gefs,28,WindSpeed_ms_mean,26,2.6211042370057838
gep28,00,2026-05-17,2026-06-13,gcrew,noaa_gefs,28,AirTemp_C_mean,27,22.633142089843773
gep28,00,2026-05-17,2026-06-13,gcrew,noaa_gefs,28,Pressure_Pa,27,101495.544921875
gep28,00,2026-05-17,2026-06-13,gcrew,noaa_gefs,28,RH_percent_mean,27,84.56381607055664
gep28,00,2026-05-17,2026-06-13,gcrew,noaa_gefs,28,Rain_mm_sum,27,0.30000001192092896
gep28,00,2026-05-17,2026-06-13,gcrew,noaa_gefs,28,ShortwaveRadiation_Wm2,27,331.25
gep28,00,2026-05-17,2026-06-13,gcrew,noaa_gefs,28,WindSpeed_ms_mean,27,4.002934118539743
gep28,00,2026-05-17,2026-06-14,gcrew,noaa_gefs,28,AirTemp_C_mean,28,23.382600402832054
gep28,00,2026-05-17,2026-06-14,gcrew,noaa_gefs,28,Pressure_Pa,28,101357.177734375
gep28,00,2026-05-17,2026-06-14,gcrew,noaa_gefs,28,RH_percent_mean,28,89.37162399291992
gep28,00,2026-05-17,2026-06-14,gcrew,noaa_gefs,28,Rain_mm_sum,28,2.6000000536441803
gep28,00,2026-05-17,2026-06-14,gcrew,noaa_gefs,28,ShortwaveRadiation_Wm2,28,284.75
gep28,00,2026-05-17,2026-06-14,gcrew,noaa_gefs,28,WindSpeed_ms_mean,28,3.3537151621249275
gep28,00,2026-05-17,2026-06-15,gcrew,noaa_gefs,28,AirTemp_C_mean,29,24.840669250488304
gep28,00,2026-05-17,2026-06-15,gcrew,noaa_gefs,28,Pressure_Pa,29,101524.51171875
gep28,00,2026-05-17,2026-06-15,gcrew,noaa_gefs,28,RH_percent_mean,29,77.19408130645752
gep28,00,2026-05-17,2026-06-15,gcrew,noaa_gefs,28,Rain_mm_sum,29,0.10000000149011612
gep28,00,2026-05-17,2026-06-15,gcrew,noaa_gefs,28,ShortwaveRadiation_Wm2,29,296.5
gep28,00,2026-05-17,2026-06-15,gcrew,noaa_gefs,28,WindSpeed_ms_mean,29,4.042771754237245
gep28,00,2026-05-17,2026-06-16,gcrew,noaa_gefs,28,AirTemp_C_mean,30,24.895989990234398
gep28,00,2026-05-17,2026-06-16,gcrew,noaa_gefs,28,Pressure_Pa,30,101772.68359375
gep28,00,2026-05-17,2026-06-16,gcrew,noaa_gefs,28,RH_percent_mean,30,77.33410263061523
gep28,00,2026-05-17,2026-06-16,gcrew,noaa_gefs,28,Rain_mm_sum,30,0.30000000447034836
gep28,00,2026-05-17,2026-06-16,gcrew,noaa_gefs,28,ShortwaveRadiation_Wm2,30,313.25
gep28,00,2026-05-17,2026-06-16,gcrew,noaa_gefs,28,WindSpeed_ms_mean,30,3.6732919255241057
gep28,00,2026-05-17,2026-06-17,gcrew,noaa_gefs,28,AirTemp_C_mean,31,25.772210693359398
gep28,00,2026-05-17,2026-06-17,gcrew,noaa_gefs,28,Pressure_Pa,31,101904.6171875
gep28,00,2026-05-17,2026-06-17,gcrew,noaa_gefs,28,RH_percent_mean,31,76.04165267944336
gep28,00,2026-05-17,2026-06-17,gcrew,noaa_gefs,28,Rain_mm_sum,31,0
gep28,00,2026-05-17,2026-06-17,gcrew,noaa_gefs,28,ShortwaveRadiation_Wm2,31,286.75
gep28,00,2026-05-17,2026-06-17,gcrew,noaa_gefs,28,WindSpeed_ms_mean,31,4.13248526059356
gep28,00,2026-05-17,2026-06-18,gcrew,noaa_gefs,28,AirTemp_C_mean,32,25.74041900634768
gep28,00,2026-05-17,2026-06-18,gcrew,noaa_gefs,28,Pressure_Pa,32,101534.314453125
gep28,00,2026-05-17,2026-06-18,gcrew,noaa_gefs,28,RH_percent_mean,32,80.33454704284668
gep28,00,2026-05-17,2026-06-18,gcrew,noaa_gefs,28,Rain_mm_sum,32,8.800000250339508
gep28,00,2026-05-17,2026-06-18,gcrew,noaa_gefs,28,ShortwaveRadiation_Wm2,32,311.5
gep28,00,2026-05-17,2026-06-18,gcrew,noaa_gefs,28,WindSpeed_ms_mean,32,4.21631310842572
gep28,00,2026-05-17,2026-06-19,gcrew,noaa_gefs,28,AirTemp_C_mean,33,24.15681610107424
gep28,00,2026-05-17,2026-06-19,gcrew,noaa_gefs,28,Pressure_Pa,33,101012.509765625
gep28,00,2026-05-17,2026-06-19,gcrew,noaa_gefs,28,RH_percent_mean,33,84.10998153686523
gep28,00,2026-05-17,2026-06-19,gcrew,noaa_gefs,28,Rain_mm_sum,33,37.50000125169754
gep28,00,2026-05-17,2026-06-19,gcrew,noaa_gefs,28,ShortwaveRadiation_Wm2,33,322.25
gep28,00,2026-05-17,2026-06-19,gcrew,noaa_gefs,28,WindSpeed_ms_mean,33,5.041177238306991
gep28,00,2026-05-17,2026-06-20,gcrew,noaa_gefs,28,AirTemp_C_mean,34,21.24146423339846
gep28,00,2026-05-17,2026-06-20,gcrew,noaa_gefs,28,Pressure_Pa,34,101358.76953125
gep28,00,2026-05-17,2026-06-20,gcrew,noaa_gefs,28,RH_percent_mean,34,58.25197887420654
gep28,00,2026-05-17,2026-06-20,gcrew,noaa_gefs,28,Rain_mm_sum,34,0
gep28,00,2026-05-17,2026-06-20,gcrew,noaa_gefs,28,ShortwaveRadiation_Wm2,34,354.5
gep28,00,2026-05-17,2026-06-20,gcrew,noaa_gefs,28,WindSpeed_ms_mean,34,7.9283052740783315
gep29,00,2026-05-17,2026-05-18,gcrew,noaa_gefs,29,AirTemp_C_mean,1,20.541738128662132
gep29,00,2026-05-17,2026-05-18,gcrew,noaa_gefs,29,Pressure_Pa,1,102011.392578125
gep29,00,2026-05-17,2026-05-18,gcrew,noaa_gefs,29,RH_percent_mean,1,84.17081260681152
gep29,00,2026-05-17,2026-05-18,gcrew,noaa_gefs,29,Rain_mm_sum,1,6.350000023841858
gep29,00,2026-05-17,2026-05-18,gcrew,noaa_gefs,29,ShortwaveRadiation_Wm2,1,332.125
gep29,00,2026-05-17,2026-05-18,gcrew,noaa_gefs,29,WindSpeed_ms_mean,1,2.606449622457496
gep29,00,2026-05-17,2026-05-19,gcrew,noaa_gefs,29,AirTemp_C_mean,2,23.0995918273926
gep29,00,2026-05-17,2026-05-19,gcrew,noaa_gefs,29,Pressure_Pa,2,101806.55859375
gep29,00,2026-05-17,2026-05-19,gcrew,noaa_gefs,29,RH_percent_mean,2,68.34389972686768
gep29,00,2026-05-17,2026-05-19,gcrew,noaa_gefs,29,Rain_mm_sum,2,1.8000000268220901
gep29,00,2026-05-17,2026-05-19,gcrew,noaa_gefs,29,ShortwaveRadiation_Wm2,2,334.75
gep29,00,2026-05-17,2026-05-19,gcrew,noaa_gefs,29,WindSpeed_ms_mean,2,3.4067788659044838
gep29,00,2026-05-17,2026-05-20,gcrew,noaa_gefs,29,AirTemp_C_mean,3,22.52497253417971
gep29,00,2026-05-17,2026-05-20,gcrew,noaa_gefs,29,Pressure_Pa,3,101325.6357421875
gep29,00,2026-05-17,2026-05-20,gcrew,noaa_gefs,29,RH_percent_mean,3,71.24866104125977
gep29,00,2026-05-17,2026-05-20,gcrew,noaa_gefs,29,Rain_mm_sum,3,26.70000010728836
gep29,00,2026-05-17,2026-05-20,gcrew,noaa_gefs,29,ShortwaveRadiation_Wm2,3,262.375
gep29,00,2026-05-17,2026-05-20,gcrew,noaa_gefs,29,WindSpeed_ms_mean,3,4.549640011874029
gep29,00,2026-05-17,2026-05-21,gcrew,noaa_gefs,29,AirTemp_C_mean,4,15.515148053850469
gep29,00,2026-05-17,2026-05-21,gcrew,noaa_gefs,29,Pressure_Pa,4,101836.072265625
gep29,00,2026-05-17,2026-05-21,gcrew,noaa_gefs,29,RH_percent_mean,4,76.015167236328125
gep29,00,2026-05-17,2026-05-21,gcrew,noaa_gefs,29,Rain_mm_sum,4,9.399999812245369
gep29,00,2026-05-17,2026-05-21,gcrew,noaa_gefs,29,ShortwaveRadiation_Wm2,4,97.625
gep29,00,2026-05-17,2026-05-21,gcrew,noaa_gefs,29,WindSpeed_ms_mean,4,3.6808240475840406
gep29,00,2026-05-17,2026-05-22,gcrew,noaa_gefs,29,AirTemp_C_mean,5,14.000840759277366
gep29,00,2026-05-17,2026-05-22,gcrew,noaa_gefs,29,Pressure_Pa,5,101988.966796875
gep29,00,2026-05-17,2026-05-22,gcrew,noaa_gefs,29,RH_percent_mean,5,84.21332263946533
gep29,00,2026-05-17,2026-05-22,gcrew,noaa_gefs,29,Rain_mm_sum,5,9.800000049173832
gep29,00,2026-05-17,2026-05-22,gcrew,noaa_gefs,29,ShortwaveRadiation_Wm2,5,22.75
gep29,00,2026-05-17,2026-05-22,gcrew,noaa_gefs,29,WindSpeed_ms_mean,5,4.696523470041017
gep29,00,2026-05-17,2026-05-23,gcrew,noaa_gefs,29,AirTemp_C_mean,6,13.291490173339866
gep29,00,2026-05-17,2026-05-23,gcrew,noaa_gefs,29,Pressure_Pa,6,102242.6494140625
gep29,00,2026-05-17,2026-05-23,gcrew,noaa_gefs,29,RH_percent_mean,6,95.31106090545654
gep29,00,2026-05-17,2026-05-23,gcrew,noaa_gefs,29,Rain_mm_sum,6,41.290000796318054
gep29,00,2026-05-17,2026-05-23,gcrew,noaa_gefs,29,ShortwaveRadiation_Wm2,6,8.625
gep29,00,2026-05-17,2026-05-23,gcrew,noaa_gefs,29,WindSpeed_ms_mean,6,6.730171879016334
gep29,00,2026-05-17,2026-05-24,gcrew,noaa_gefs,29,AirTemp_C_mean,7,13.87753829956057
gep29,00,2026-05-17,2026-05-24,gcrew,noaa_gefs,29,Pressure_Pa,7,102702.9013671875
gep29,00,2026-05-17,2026-05-24,gcrew,noaa_gefs,29,RH_percent_mean,7,89.53658866882324
gep29,00,2026-05-17,2026-05-24,gcrew,noaa_gefs,29,Rain_mm_sum,7,1.5000000074505806
gep29,00,2026-05-17,2026-05-24,gcrew,noaa_gefs,29,ShortwaveRadiation_Wm2,7,55.5
gep29,00,2026-05-17,2026-05-24,gcrew,noaa_gefs,29,WindSpeed_ms_mean,7,4.664883181526184
gep29,00,2026-05-17,2026-05-25,gcrew,noaa_gefs,29,AirTemp_C_mean,8,13.337792968750023
gep29,00,2026-05-17,2026-05-25,gcrew,noaa_gefs,29,Pressure_Pa,8,103076.4609375
gep29,00,2026-05-17,2026-05-25,gcrew,noaa_gefs,29,RH_percent_mean,8,78.87850284576416
gep29,00,2026-05-17,2026-05-25,gcrew,noaa_gefs,29,Rain_mm_sum,8,0
gep29,00,2026-05-17,2026-05-25,gcrew,noaa_gefs,29,ShortwaveRadiation_Wm2,8,160.625
gep29,00,2026-05-17,2026-05-25,gcrew,noaa_gefs,29,WindSpeed_ms_mean,8,4.284401237933425
gep29,00,2026-05-17,2026-05-26,gcrew,noaa_gefs,29,AirTemp_C_mean,9,13.400532749721005
gep29,00,2026-05-17,2026-05-26,gcrew,noaa_gefs,29,Pressure_Pa,9,102888.00669642857
gep29,00,2026-05-17,2026-05-26,gcrew,noaa_gefs,29,RH_percent_mean,9,66.3826152256557
gep29,00,2026-05-17,2026-05-26,gcrew,noaa_gefs,29,Rain_mm_sum,9,0
gep29,00,2026-05-17,2026-05-26,gcrew,noaa_gefs,29,ShortwaveRadiation_Wm2,9,372.2857142857143
gep29,00,2026-05-17,2026-05-26,gcrew,noaa_gefs,29,WindSpeed_ms_mean,9,2.9715455604219634
gep29,00,2026-05-17,2026-05-27,gcrew,noaa_gefs,29,AirTemp_C_mean,10,17.38470611572268
gep29,00,2026-05-17,2026-05-27,gcrew,noaa_gefs,29,Pressure_Pa,10,102230.107421875
gep29,00,2026-05-17,2026-05-27,gcrew,noaa_gefs,29,RH_percent_mean,10,76.62809085845947
gep29,00,2026-05-17,2026-05-27,gcrew,noaa_gefs,29,Rain_mm_sum,10,0
gep29,00,2026-05-17,2026-05-27,gcrew,noaa_gefs,29,ShortwaveRadiation_Wm2,10,292
gep29,00,2026-05-17,2026-05-27,gcrew,noaa_gefs,29,WindSpeed_ms_mean,10,3.292260275209521
gep29,00,2026-05-17,2026-05-28,gcrew,noaa_gefs,29,AirTemp_C_mean,11,18.825532531738304
gep29,00,2026-05-17,2026-05-28,gcrew,noaa_gefs,29,Pressure_Pa,11,101594.103515625
gep29,00,2026-05-17,2026-05-28,gcrew,noaa_gefs,29,RH_percent_mean,11,88.5962963104248
gep29,00,2026-05-17,2026-05-28,gcrew,noaa_gefs,29,Rain_mm_sum,11,3.2000001445412636
gep29,00,2026-05-17,2026-05-28,gcrew,noaa_gefs,29,ShortwaveRadiation_Wm2,11,232.25
gep29,00,2026-05-17,2026-05-28,gcrew,noaa_gefs,29,WindSpeed_ms_mean,11,1.843962609809163
gep29,00,2026-05-17,2026-05-29,gcrew,noaa_gefs,29,AirTemp_C_mean,12,20.632531738281273
gep29,00,2026-05-17,2026-05-29,gcrew,noaa_gefs,29,Pressure_Pa,12,101605.099609375
gep29,00,2026-05-17,2026-05-29,gcrew,noaa_gefs,29,RH_percent_mean,12,90.68621635437012
gep29,00,2026-05-17,2026-05-29,gcrew,noaa_gefs,29,Rain_mm_sum,12,8.700000047683716
gep29,00,2026-05-17,2026-05-29,gcrew,noaa_gefs,29,ShortwaveRadiation_Wm2,12,303.25
gep29,00,2026-05-17,2026-05-29,gcrew,noaa_gefs,29,WindSpeed_ms_mean,12,2.2984613975817045
gep29,00,2026-05-17,2026-05-30,gcrew,noaa_gefs,29,AirTemp_C_mean,13,20.257226562500023
gep29,00,2026-05-17,2026-05-30,gcrew,noaa_gefs,29,Pressure_Pa,13,101830.51953125
gep29,00,2026-05-17,2026-05-30,gcrew,noaa_gefs,29,RH_percent_mean,13,89.01692962646484
gep29,00,2026-05-17,2026-05-30,gcrew,noaa_gefs,29,Rain_mm_sum,13,0.700000025331974
gep29,00,2026-05-17,2026-05-30,gcrew,noaa_gefs,29,ShortwaveRadiation_Wm2,13,279
gep29,00,2026-05-17,2026-05-30,gcrew,noaa_gefs,29,WindSpeed_ms_mean,13,7.177529832521996
gep29,00,2026-05-17,2026-05-31,gcrew,noaa_gefs,29,AirTemp_C_mean,14,20.746133422851585
gep29,00,2026-05-17,2026-05-31,gcrew,noaa_gefs,29,Pressure_Pa,14,101566.6875
gep29,00,2026-05-17,2026-05-31,gcrew,noaa_gefs,29,RH_percent_mean,14,86.56785774230957
gep29,00,2026-05-17,2026-05-31,gcrew,noaa_gefs,29,Rain_mm_sum,14,0.10000000149011612
gep29,00,2026-05-17,2026-05-31,gcrew,noaa_gefs,29,ShortwaveRadiation_Wm2,14,236.5
gep29,00,2026-05-17,2026-05-31,gcrew,noaa_gefs,29,WindSpeed_ms_mean,14,4.452410245898682
gep29,00,2026-05-17,2026-06-01,gcrew,noaa_gefs,29,AirTemp_C_mean,15,21.641290283203148
gep29,00,2026-05-17,2026-06-01,gcrew,noaa_gefs,29,Pressure_Pa,15,101232.943359375
gep29,00,2026-05-17,2026-06-01,gcrew,noaa_gefs,29,RH_percent_mean,15,85.77047920227051
gep29,00,2026-05-17,2026-06-01,gcrew,noaa_gefs,29,Rain_mm_sum,15,0.20000000298023224
gep29,00,2026-05-17,2026-06-01,gcrew,noaa_gefs,29,ShortwaveRadiation_Wm2,15,319.25
gep29,00,2026-05-17,2026-06-01,gcrew,noaa_gefs,29,WindSpeed_ms_mean,15,4.987514627831614
gep29,00,2026-05-17,2026-06-02,gcrew,noaa_gefs,29,AirTemp_C_mean,16,23.64350280761721
gep29,00,2026-05-17,2026-06-02,gcrew,noaa_gefs,29,Pressure_Pa,16,100336.03125
gep29,00,2026-05-17,2026-06-02,gcrew,noaa_gefs,29,RH_percent_mean,16,79.2158031463623
gep29,00,2026-05-17,2026-06-02,gcrew,noaa_gefs,29,Rain_mm_sum,16,0.10000000149011612
gep29,00,2026-05-17,2026-06-02,gcrew,noaa_gefs,29,ShortwaveRadiation_Wm2,16,248.5
gep29,00,2026-05-17,2026-06-02,gcrew,noaa_gefs,29,WindSpeed_ms_mean,16,6.294558916761398
gep29,00,2026-05-17,2026-06-03,gcrew,noaa_gefs,29,AirTemp_C_mean,17,21.807466125488304
gep29,00,2026-05-17,2026-06-03,gcrew,noaa_gefs,29,Pressure_Pa,17,100524.14453125
gep29,00,2026-05-17,2026-06-03,gcrew,noaa_gefs,29,RH_percent_mean,17,82.67036247253418
gep29,00,2026-05-17,2026-06-03,gcrew,noaa_gefs,29,Rain_mm_sum,17,4.900000035762787
gep29,00,2026-05-17,2026-06-03,gcrew,noaa_gefs,29,ShortwaveRadiation_Wm2,17,192.5
gep29,00,2026-05-17,2026-06-03,gcrew,noaa_gefs,29,WindSpeed_ms_mean,17,6.2389494415019655
gep29,00,2026-05-17,2026-06-04,gcrew,noaa_gefs,29,AirTemp_C_mean,18,19.62371978759768
gep29,00,2026-05-17,2026-06-04,gcrew,noaa_gefs,29,Pressure_Pa,18,101363.12109375
gep29,00,2026-05-17,2026-06-04,gcrew,noaa_gefs,29,RH_percent_mean,18,59.62021350860596
gep29,00,2026-05-17,2026-06-04,gcrew,noaa_gefs,29,Rain_mm_sum,18,0
gep29,00,2026-05-17,2026-06-04,gcrew,noaa_gefs,29,ShortwaveRadiation_Wm2,18,353
gep29,00,2026-05-17,2026-06-04,gcrew,noaa_gefs,29,WindSpeed_ms_mean,18,5.129538041845657
gep29,00,2026-05-17,2026-06-05,gcrew,noaa_gefs,29,AirTemp_C_mean,19,18.13916931152346
gep29,00,2026-05-17,2026-06-05,gcrew,noaa_gefs,29,Pressure_Pa,19,102108.5078125
gep29,00,2026-05-17,2026-06-05,gcrew,noaa_gefs,29,RH_percent_mean,19,67.04474639892578
gep29,00,2026-05-17,2026-06-05,gcrew,noaa_gefs,29,Rain_mm_sum,19,0
gep29,00,2026-05-17,2026-06-05,gcrew,noaa_gefs,29,ShortwaveRadiation_Wm2,19,292.75
gep29,00,2026-05-17,2026-06-05,gcrew,noaa_gefs,29,WindSpeed_ms_mean,19,5.191744913150064
gep29,00,2026-05-17,2026-06-06,gcrew,noaa_gefs,29,AirTemp_C_mean,20,17.265962219238304
gep29,00,2026-05-17,2026-06-06,gcrew,noaa_gefs,29,Pressure_Pa,20,102458.673828125
gep29,00,2026-05-17,2026-06-06,gcrew,noaa_gefs,29,RH_percent_mean,20,61.6632661819458
gep29,00,2026-05-17,2026-06-06,gcrew,noaa_gefs,29,Rain_mm_sum,20,0
gep29,00,2026-05-17,2026-06-06,gcrew,noaa_gefs,29,ShortwaveRadiation_Wm2,20,353.75
gep29,00,2026-05-17,2026-06-06,gcrew,noaa_gefs,29,WindSpeed_ms_mean,20,6.67467006888216
gep29,00,2026-05-17,2026-06-07,gcrew,noaa_gefs,29,AirTemp_C_mean,21,17.46930847167971
gep29,00,2026-05-17,2026-06-07,gcrew,noaa_gefs,29,Pressure_Pa,21,102539.91796875
gep29,00,2026-05-17,2026-06-07,gcrew,noaa_gefs,29,RH_percent_mean,21,57.39550495147705
gep29,00,2026-05-17,2026-06-07,gcrew,noaa_gefs,29,Rain_mm_sum,21,0
gep29,00,2026-05-17,2026-06-07,gcrew,noaa_gefs,29,ShortwaveRadiation_Wm2,21,311.25
gep29,00,2026-05-17,2026-06-07,gcrew,noaa_gefs,29,WindSpeed_ms_mean,21,6.253105276917296
gep29,00,2026-05-17,2026-06-08,gcrew,noaa_gefs,29,AirTemp_C_mean,22,18.264520263671898
gep29,00,2026-05-17,2026-06-08,gcrew,noaa_gefs,29,Pressure_Pa,22,102453.42578125
gep29,00,2026-05-17,2026-06-08,gcrew,noaa_gefs,29,RH_percent_mean,22,69.18738460540771
gep29,00,2026-05-17,2026-06-08,gcrew,noaa_gefs,29,Rain_mm_sum,22,0
gep29,00,2026-05-17,2026-06-08,gcrew,noaa_gefs,29,ShortwaveRadiation_Wm2,22,358.75
gep29,00,2026-05-17,2026-06-08,gcrew,noaa_gefs,29,WindSpeed_ms_mean,22,5.268783443054002
gep29,00,2026-05-17,2026-06-09,gcrew,noaa_gefs,29,AirTemp_C_mean,23,19.784394836425804
gep29,00,2026-05-17,2026-06-09,gcrew,noaa_gefs,29,Pressure_Pa,23,102266.64453125
gep29,00,2026-05-17,2026-06-09,gcrew,noaa_gefs,29,RH_percent_mean,23,76.86220645904541
gep29,00,2026-05-17,2026-06-09,gcrew,noaa_gefs,29,Rain_mm_sum,23,0
gep29,00,2026-05-17,2026-06-09,gcrew,noaa_gefs,29,ShortwaveRadiation_Wm2,23,315.5
gep29,00,2026-05-17,2026-06-09,gcrew,noaa_gefs,29,WindSpeed_ms_mean,23,4.38349937840495
gep29,00,2026-05-17,2026-06-10,gcrew,noaa_gefs,29,AirTemp_C_mean,24,19.276849365234398
gep29,00,2026-05-17,2026-06-10,gcrew,noaa_gefs,29,Pressure_Pa,24,102072.908203125
gep29,00,2026-05-17,2026-06-10,gcrew,noaa_gefs,29,RH_percent_mean,24,77.74775695800781
gep29,00,2026-05-17,2026-06-10,gcrew,noaa_gefs,29,Rain_mm_sum,24,0
gep29,00,2026-05-17,2026-06-10,gcrew,noaa_gefs,29,ShortwaveRadiation_Wm2,24,344.5
gep29,00,2026-05-17,2026-06-10,gcrew,noaa_gefs,29,WindSpeed_ms_mean,24,3.046278388581381
gep29,00,2026-05-17,2026-06-11,gcrew,noaa_gefs,29,AirTemp_C_mean,25,19.354234313964866
gep29,00,2026-05-17,2026-06-11,gcrew,noaa_gefs,29,Pressure_Pa,25,101661.693359375
gep29,00,2026-05-17,2026-06-11,gcrew,noaa_gefs,29,RH_percent_mean,25,78.77657699584961
gep29,00,2026-05-17,2026-06-11,gcrew,noaa_gefs,29,Rain_mm_sum,25,0
gep29,00,2026-05-17,2026-06-11,gcrew,noaa_gefs,29,ShortwaveRadiation_Wm2,25,344.25
gep29,00,2026-05-17,2026-06-11,gcrew,noaa_gefs,29,WindSpeed_ms_mean,25,2.403215737924673
gep29,00,2026-05-17,2026-06-12,gcrew,noaa_gefs,29,AirTemp_C_mean,26,20.841760253906273
gep29,00,2026-05-17,2026-06-12,gcrew,noaa_gefs,29,Pressure_Pa,26,101401.55078125
gep29,00,2026-05-17,2026-06-12,gcrew,noaa_gefs,29,RH_percent_mean,26,86.05273246765137
gep29,00,2026-05-17,2026-06-12,gcrew,noaa_gefs,29,Rain_mm_sum,26,0.5000000074505806
gep29,00,2026-05-17,2026-06-12,gcrew,noaa_gefs,29,ShortwaveRadiation_Wm2,26,270.5
gep29,00,2026-05-17,2026-06-12,gcrew,noaa_gefs,29,WindSpeed_ms_mean,26,2.6211042370057838
gep29,00,2026-05-17,2026-06-13,gcrew,noaa_gefs,29,AirTemp_C_mean,27,22.633142089843773
gep29,00,2026-05-17,2026-06-13,gcrew,noaa_gefs,29,Pressure_Pa,27,101495.544921875
gep29,00,2026-05-17,2026-06-13,gcrew,noaa_gefs,29,RH_percent_mean,27,84.56381607055664
gep29,00,2026-05-17,2026-06-13,gcrew,noaa_gefs,29,Rain_mm_sum,27,0.30000001192092896
gep29,00,2026-05-17,2026-06-13,gcrew,noaa_gefs,29,ShortwaveRadiation_Wm2,27,331.25
gep29,00,2026-05-17,2026-06-13,gcrew,noaa_gefs,29,WindSpeed_ms_mean,27,4.002934118539743
gep29,00,2026-05-17,2026-06-14,gcrew,noaa_gefs,29,AirTemp_C_mean,28,23.382600402832054
gep29,00,2026-05-17,2026-06-14,gcrew,noaa_gefs,29,Pressure_Pa,28,101357.177734375
gep29,00,2026-05-17,2026-06-14,gcrew,noaa_gefs,29,RH_percent_mean,28,89.37162399291992
gep29,00,2026-05-17,2026-06-14,gcrew,noaa_gefs,29,Rain_mm_sum,28,2.6000000536441803
gep29,00,2026-05-17,2026-06-14,gcrew,noaa_gefs,29,ShortwaveRadiation_Wm2,28,284.75
gep29,00,2026-05-17,2026-06-14,gcrew,noaa_gefs,29,WindSpeed_ms_mean,28,3.3537151621249275
gep29,00,2026-05-17,2026-06-15,gcrew,noaa_gefs,29,AirTemp_C_mean,29,24.840669250488304
gep29,00,2026-05-17,2026-06-15,gcrew,noaa_gefs,29,Pressure_Pa,29,101524.51171875
gep29,00,2026-05-17,2026-06-15,gcrew,noaa_gefs,29,RH_percent_mean,29,77.19408130645752
gep29,00,2026-05-17,2026-06-15,gcrew,noaa_gefs,29,Rain_mm_sum,29,0.10000000149011612
gep29,00,2026-05-17,2026-06-15,gcrew,noaa_gefs,29,ShortwaveRadiation_Wm2,29,296.5
gep29,00,2026-05-17,2026-06-15,gcrew,noaa_gefs,29,WindSpeed_ms_mean,29,4.042771754237245
gep29,00,2026-05-17,2026-06-16,gcrew,noaa_gefs,29,AirTemp_C_mean,30,24.895989990234398
gep29,00,2026-05-17,2026-06-16,gcrew,noaa_gefs,29,Pressure_Pa,30,101772.68359375
gep29,00,2026-05-17,2026-06-16,gcrew,noaa_gefs,29,RH_percent_mean,30,77.33410263061523
gep29,00,2026-05-17,2026-06-16,gcrew,noaa_gefs,29,Rain_mm_sum,30,0.30000000447034836
gep29,00,2026-05-17,2026-06-16,gcrew,noaa_gefs,29,ShortwaveRadiation_Wm2,30,313.25
gep29,00,2026-05-17,2026-06-16,gcrew,noaa_gefs,29,WindSpeed_ms_mean,30,3.6732919255241057
gep29,00,2026-05-17,2026-06-17,gcrew,noaa_gefs,29,AirTemp_C_mean,31,25.772210693359398
gep29,00,2026-05-17,2026-06-17,gcrew,noaa_gefs,29,Pressure_Pa,31,101904.6171875
gep29,00,2026-05-17,2026-06-17,gcrew,noaa_gefs,29,RH_percent_mean,31,76.04165267944336
gep29,00,2026-05-17,2026-06-17,gcrew,noaa_gefs,29,Rain_mm_sum,31,0
gep29,00,2026-05-17,2026-06-17,gcrew,noaa_gefs,29,ShortwaveRadiation_Wm2,31,286.75
gep29,00,2026-05-17,2026-06-17,gcrew,noaa_gefs,29,WindSpeed_ms_mean,31,4.13248526059356
gep29,00,2026-05-17,2026-06-18,gcrew,noaa_gefs,29,AirTemp_C_mean,32,25.74041900634768
gep29,00,2026-05-17,2026-06-18,gcrew,noaa_gefs,29,Pressure_Pa,32,101534.314453125
gep29,00,2026-05-17,2026-06-18,gcrew,noaa_gefs,29,RH_percent_mean,32,80.33454704284668
gep29,00,2026-05-17,2026-06-18,gcrew,noaa_gefs,29,Rain_mm_sum,32,8.800000250339508
gep29,00,2026-05-17,2026-06-18,gcrew,noaa_gefs,29,ShortwaveRadiation_Wm2,32,311.5
gep29,00,2026-05-17,2026-06-18,gcrew,noaa_gefs,29,WindSpeed_ms_mean,32,4.21631310842572
gep29,00,2026-05-17,2026-06-19,gcrew,noaa_gefs,29,AirTemp_C_mean,33,24.15681610107424
gep29,00,2026-05-17,2026-06-19,gcrew,noaa_gefs,29,Pressure_Pa,33,101012.509765625
gep29,00,2026-05-17,2026-06-19,gcrew,noaa_gefs,29,RH_percent_mean,33,84.10998153686523
gep29,00,2026-05-17,2026-06-19,gcrew,noaa_gefs,29,Rain_mm_sum,33,37.50000125169754
gep29,00,2026-05-17,2026-06-19,gcrew,noaa_gefs,29,ShortwaveRadiation_Wm2,33,322.25
gep29,00,2026-05-17,2026-06-19,gcrew,noaa_gefs,29,WindSpeed_ms_mean,33,5.041177238306991
gep29,00,2026-05-17,2026-06-20,gcrew,noaa_gefs,29,AirTemp_C_mean,34,21.24146423339846
gep29,00,2026-05-17,2026-06-20,gcrew,noaa_gefs,29,Pressure_Pa,34,101358.76953125
gep29,00,2026-05-17,2026-06-20,gcrew,noaa_gefs,29,RH_percent_mean,34,58.25197887420654
gep29,00,2026-05-17,2026-06-20,gcrew,noaa_gefs,29,Rain_mm_sum,34,0
gep29,00,2026-05-17,2026-06-20,gcrew,noaa_gefs,29,ShortwaveRadiation_Wm2,34,354.5
gep29,00,2026-05-17,2026-06-20,gcrew,noaa_gefs,29,WindSpeed_ms_mean,34,7.9283052740783315
gep30,00,2026-05-17,2026-05-18,gcrew,noaa_gefs,30,AirTemp_C_mean,1,20.541738128662132
gep30,00,2026-05-17,2026-05-18,gcrew,noaa_gefs,30,Pressure_Pa,1,102011.392578125
gep30,00,2026-05-17,2026-05-18,gcrew,noaa_gefs,30,RH_percent_mean,1,84.17081260681152
gep30,00,2026-05-17,2026-05-18,gcrew,noaa_gefs,30,Rain_mm_sum,1,6.350000023841858
gep30,00,2026-05-17,2026-05-18,gcrew,noaa_gefs,30,ShortwaveRadiation_Wm2,1,332.125
gep30,00,2026-05-17,2026-05-18,gcrew,noaa_gefs,30,WindSpeed_ms_mean,1,2.606449622457496
gep30,00,2026-05-17,2026-05-19,gcrew,noaa_gefs,30,AirTemp_C_mean,2,23.0995918273926
gep30,00,2026-05-17,2026-05-19,gcrew,noaa_gefs,30,Pressure_Pa,2,101806.55859375
gep30,00,2026-05-17,2026-05-19,gcrew,noaa_gefs,30,RH_percent_mean,2,68.34389972686768
gep30,00,2026-05-17,2026-05-19,gcrew,noaa_gefs,30,Rain_mm_sum,2,1.8000000268220901
gep30,00,2026-05-17,2026-05-19,gcrew,noaa_gefs,30,ShortwaveRadiation_Wm2,2,334.75
gep30,00,2026-05-17,2026-05-19,gcrew,noaa_gefs,30,WindSpeed_ms_mean,2,3.4067788659044838
gep30,00,2026-05-17,2026-05-20,gcrew,noaa_gefs,30,AirTemp_C_mean,3,22.52497253417971
gep30,00,2026-05-17,2026-05-20,gcrew,noaa_gefs,30,Pressure_Pa,3,101325.6357421875
gep30,00,2026-05-17,2026-05-20,gcrew,noaa_gefs,30,RH_percent_mean,3,71.24866104125977
gep30,00,2026-05-17,2026-05-20,gcrew,noaa_gefs,30,Rain_mm_sum,3,26.70000010728836
gep30,00,2026-05-17,2026-05-20,gcrew,noaa_gefs,30,ShortwaveRadiation_Wm2,3,262.375
gep30,00,2026-05-17,2026-05-20,gcrew,noaa_gefs,30,WindSpeed_ms_mean,3,4.549640011874029
gep30,00,2026-05-17,2026-05-21,gcrew,noaa_gefs,30,AirTemp_C_mean,4,15.515148053850469
gep30,00,2026-05-17,2026-05-21,gcrew,noaa_gefs,30,Pressure_Pa,4,101836.072265625
gep30,00,2026-05-17,2026-05-21,gcrew,noaa_gefs,30,RH_percent_mean,4,76.015167236328125
gep30,00,2026-05-17,2026-05-21,gcrew,noaa_gefs,30,Rain_mm_sum,4,9.399999812245369
gep30,00,2026-05-17,2026-05-21,gcrew,noaa_gefs,30,ShortwaveRadiation_Wm2,4,97.625
gep30,00,2026-05-17,2026-05-21,gcrew,noaa_gefs,30,WindSpeed_ms_mean,4,3.6808240475840406
gep30,00,2026-05-17,2026-05-22,gcrew,noaa_gefs,30,AirTemp_C_mean,5,14.000840759277366
gep30,00,2026-05-17,2026-05-22,gcrew,noaa_gefs,30,Pressure_Pa,5,101988.966796875
gep30,00,2026-05-17,2026-05-22,gcrew,noaa_gefs,30,RH_percent_mean,5,84.21332263946533
gep30,00,2026-05-17,2026-05-22,gcrew,noaa_gefs,30,Rain_mm_sum,5,9.800000049173832
gep30,00,2026-05-17,2026-05-22,gcrew,noaa_gefs,30,ShortwaveRadiation_Wm2,5,22.75
gep30,00,2026-05-17,2026-05-22,gcrew,noaa_gefs,30,WindSpeed_ms_mean,5,4.696523470041017
gep30,00,2026-05-17,2026-05-23,gcrew,noaa_gefs,30,AirTemp_C_mean,6,13.291490173339866
gep30,00,2026-05-17,2026-05-23,gcrew,noaa_gefs,30,Pressure_Pa,6,102242.6494140625
gep30,00,2026-05-17,2026-05-23,gcrew,noaa_gefs,30,RH_percent_mean,6,95.31106090545654
gep30,00,2026-05-17,2026-05-23,gcrew,noaa_gefs,30,Rain_mm_sum,6,41.290000796318054
gep30,00,2026-05-17,2026-05-23,gcrew,noaa_gefs,30,ShortwaveRadiation_Wm2,6,8.625
gep30,00,2026-05-17,2026-05-23,gcrew,noaa_gefs,30,WindSpeed_ms_mean,6,6.730171879016334
gep30,00,2026-05-17,2026-05-24,gcrew,noaa_gefs,30,AirTemp_C_mean,7,13.87753829956057
gep30,00,2026-05-17,2026-05-24,gcrew,noaa_gefs,30,Pressure_Pa,7,102702.9013671875
gep30,00,2026-05-17,2026-05-24,gcrew,noaa_gefs,30,RH_percent_mean,7,89.53658866882324
gep30,00,2026-05-17,2026-05-24,gcrew,noaa_gefs,30,Rain_mm_sum,7,1.5000000074505806
gep30,00,2026-05-17,2026-05-24,gcrew,noaa_gefs,30,ShortwaveRadiation_Wm2,7,55.5
gep30,00,2026-05-17,2026-05-24,gcrew,noaa_gefs,30,WindSpeed_ms_mean,7,4.664883181526184
gep30,00,2026-05-17,2026-05-25,gcrew,noaa_gefs,30,AirTemp_C_mean,8,13.337792968750023
gep30,00,2026-05-17,2026-05-25,gcrew,noaa_gefs,30,Pressure_Pa,8,103076.4609375
gep30,00,2026-05-17,2026-05-25,gcrew,noaa_gefs,30,RH_percent_mean,8,78.87850284576416
gep30,00,2026-05-17,2026-05-25,gcrew,noaa_gefs,30,Rain_mm_sum,8,0
gep30,00,2026-05-17,2026-05-25,gcrew,noaa_gefs,30,ShortwaveRadiation_Wm2,8,160.625
gep30,00,2026-05-17,2026-05-25,gcrew,noaa_gefs,30,WindSpeed_ms_mean,8,4.284401237933425
gep30,00,2026-05-17,2026-05-26,gcrew,noaa_gefs,30,AirTemp_C_mean,9,13.400532749721005
gep30,00,2026-05-17,2026-05-26,gcrew,noaa_gefs,30,Pressure_Pa,9,102888.00669642857
gep30,00,2026-05-17,2026-05-26,gcrew,noaa_gefs,30,RH_percent_mean,9,66.3826152256557
gep30,00,2026-05-17,2026-05-26,gcrew,noaa_gefs,30,Rain_mm_sum,9,0
gep30,00,2026-05-17,2026-05-26,gcrew,noaa_gefs,30,ShortwaveRadiation_Wm2,9,372.2857142857143
gep30,00,2026-05-17,2026-05-26,gcrew,noaa_gefs,30,WindSpeed_ms_mean,9,2.9715455604219634
gep30,00,2026-05-17,2026-05-27,gcrew,noaa_gefs,30,AirTemp_C_mean,10,17.38470611572268
gep30,00,2026-05-17,2026-05-27,gcrew,noaa_gefs,30,Pressure_Pa,10,102230.107421875
gep30,00,2026-05-17,2026-05-27,gcrew,noaa_gefs,30,RH_percent_mean,10,76.62809085845947
gep30,00,2026-05-17,2026-05-27,gcrew,noaa_gefs,30,Rain_mm_sum,10,0
gep30,00,2026-05-17,2026-05-27,gcrew,noaa_gefs,30,ShortwaveRadiation_Wm2,10,292
gep30,00,2026-05-17,2026-05-27,gcrew,noaa_gefs,30,WindSpeed_ms_mean,10,3.292260275209521
gep30,00,2026-05-17,2026-05-28,gcrew,noaa_gefs,30,AirTemp_C_mean,11,18.825532531738304
gep30,00,2026-05-17,2026-05-28,gcrew,noaa_gefs,30,Pressure_Pa,11,101594.103515625
gep30,00,2026-05-17,2026-05-28,gcrew,noaa_gefs,30,RH_percent_mean,11,88.5962963104248
gep30,00,2026-05-17,2026-05-28,gcrew,noaa_gefs,30,Rain_mm_sum,11,3.2000001445412636
gep30,00,2026-05-17,2026-05-28,gcrew,noaa_gefs,30,ShortwaveRadiation_Wm2,11,232.25
gep30,00,2026-05-17,2026-05-28,gcrew,noaa_gefs,30,WindSpeed_ms_mean,11,1.843962609809163
gep30,00,2026-05-17,2026-05-29,gcrew,noaa_gefs,30,AirTemp_C_mean,12,20.632531738281273
gep30,00,2026-05-17,2026-05-29,gcrew,noaa_gefs,30,Pressure_Pa,12,101605.099609375
gep30,00,2026-05-17,2026-05-29,gcrew,noaa_gefs,30,RH_percent_mean,12,90.68621635437012
gep30,00,2026-05-17,2026-05-29,gcrew,noaa_gefs,30,Rain_mm_sum,12,8.700000047683716
gep30,00,2026-05-17,2026-05-29,gcrew,noaa_gefs,30,ShortwaveRadiation_Wm2,12,303.25
gep30,00,2026-05-17,2026-05-29,gcrew,noaa_gefs,30,WindSpeed_ms_mean,12,2.2984613975817045
gep30,00,2026-05-17,2026-05-30,gcrew,noaa_gefs,30,AirTemp_C_mean,13,20.257226562500023
gep30,00,2026-05-17,2026-05-30,gcrew,noaa_gefs,30,Pressure_Pa,13,101830.51953125
gep30,00,2026-05-17,2026-05-30,gcrew,noaa_gefs,30,RH_percent_mean,13,89.01692962646484
gep30,00,2026-05-17,2026-05-30,gcrew,noaa_gefs,30,Rain_mm_sum,13,0.700000025331974
gep30,00,2026-05-17,2026-05-30,gcrew,noaa_gefs,30,ShortwaveRadiation_Wm2,13,279
gep30,00,2026-05-17,2026-05-30,gcrew,noaa_gefs,30,WindSpeed_ms_mean,13,7.177529832521996
gep30,00,2026-05-17,2026-05-31,gcrew,noaa_gefs,30,AirTemp_C_mean,14,20.746133422851585
gep30,00,2026-05-17,2026-05-31,gcrew,noaa_gefs,30,Pressure_Pa,14,101566.6875
gep30,00,2026-05-17,2026-05-31,gcrew,noaa_gefs,30,RH_percent_mean,14,86.56785774230957
gep30,00,2026-05-17,2026-05-31,gcrew,noaa_gefs,30,Rain_mm_sum,14,0.10000000149011612
gep30,00,2026-05-17,2026-05-31,gcrew,noaa_gefs,30,ShortwaveRadiation_Wm2,14,236.5
gep30,00,2026-05-17,2026-05-31,gcrew,noaa_gefs,30,WindSpeed_ms_mean,14,4.452410245898682
gep30,00,2026-05-17,2026-06-01,gcrew,noaa_gefs,30,AirTemp_C_mean,15,21.641290283203148
gep30,00,2026-05-17,2026-06-01,gcrew,noaa_gefs,30,Pressure_Pa,15,101232.943359375
gep30,00,2026-05-17,2026-06-01,gcrew,noaa_gefs,30,RH_percent_mean,15,85.77047920227051
gep30,00,2026-05-17,2026-06-01,gcrew,noaa_gefs,30,Rain_mm_sum,15,0.20000000298023224
gep30,00,2026-05-17,2026-06-01,gcrew,noaa_gefs,30,ShortwaveRadiation_Wm2,15,319.25
gep30,00,2026-05-17,2026-06-01,gcrew,noaa_gefs,30,WindSpeed_ms_mean,15,4.987514627831614
gep30,00,2026-05-17,2026-06-02,gcrew,noaa_gefs,30,AirTemp_C_mean,16,23.64350280761721
gep30,00,2026-05-17,2026-06-02,gcrew,noaa_gefs,30,Pressure_Pa,16,100336.03125
gep30,00,2026-05-17,2026-06-02,gcrew,noaa_gefs,30,RH_percent_mean,16,79.2158031463623
gep30,00,2026-05-17,2026-06-02,gcrew,noaa_gefs,30,Rain_mm_sum,16,0.10000000149011612
gep30,00,2026-05-17,2026-06-02,gcrew,noaa_gefs,30,ShortwaveRadiation_Wm2,16,248.5
gep30,00,2026-05-17,2026-06-02,gcrew,noaa_gefs,30,WindSpeed_ms_mean,16,6.294558916761398
gep30,00,2026-05-17,2026-06-03,gcrew,noaa_gefs,30,AirTemp_C_mean,17,21.807466125488304
gep30,00,2026-05-17,2026-06-03,gcrew,noaa_gefs,30,Pressure_Pa,17,100524.14453125
gep30,00,2026-05-17,2026-06-03,gcrew,noaa_gefs,30,RH_percent_mean,17,82.67036247253418
gep30,00,2026-05-17,2026-06-03,gcrew,noaa_gefs,30,Rain_mm_sum,17,4.900000035762787
gep30,00,2026-05-17,2026-06-03,gcrew,noaa_gefs,30,ShortwaveRadiation_Wm2,17,192.5
gep30,00,2026-05-17,2026-06-03,gcrew,noaa_gefs,30,WindSpeed_ms_mean,17,6.2389494415019655
gep30,00,2026-05-17,2026-06-04,gcrew,noaa_gefs,30,AirTemp_C_mean,18,19.62371978759768
gep30,00,2026-05-17,2026-06-04,gcrew,noaa_gefs,30,Pressure_Pa,18,101363.12109375
gep30,00,2026-05-17,2026-06-04,gcrew,noaa_gefs,30,RH_percent_mean,18,59.62021350860596
gep30,00,2026-05-17,2026-06-04,gcrew,noaa_gefs,30,Rain_mm_sum,18,0
gep30,00,2026-05-17,2026-06-04,gcrew,noaa_gefs,30,ShortwaveRadiation_Wm2,18,353
gep30,00,2026-05-17,2026-06-04,gcrew,noaa_gefs,30,WindSpeed_ms_mean,18,5.129538041845657
gep30,00,2026-05-17,2026-06-05,gcrew,noaa_gefs,30,AirTemp_C_mean,19,18.13916931152346
gep30,00,2026-05-17,2026-06-05,gcrew,noaa_gefs,30,Pressure_Pa,19,102108.5078125
gep30,00,2026-05-17,2026-06-05,gcrew,noaa_gefs,30,RH_percent_mean,19,67.04474639892578
gep30,00,2026-05-17,2026-06-05,gcrew,noaa_gefs,30,Rain_mm_sum,19,0
gep30,00,2026-05-17,2026-06-05,gcrew,noaa_gefs,30,ShortwaveRadiation_Wm2,19,292.75
gep30,00,2026-05-17,2026-06-05,gcrew,noaa_gefs,30,WindSpeed_ms_mean,19,5.191744913150064
gep30,00,2026-05-17,2026-06-06,gcrew,noaa_gefs,30,AirTemp_C_mean,20,17.265962219238304
gep30,00,2026-05-17,2026-06-06,gcrew,noaa_gefs,30,Pressure_Pa,20,102458.673828125
gep30,00,2026-05-17,2026-06-06,gcrew,noaa_gefs,30,RH_percent_mean,20,61.6632661819458
gep30,00,2026-05-17,2026-06-06,gcrew,noaa_gefs,30,Rain_mm_sum,20,0
gep30,00,2026-05-17,2026-06-06,gcrew,noaa_gefs,30,ShortwaveRadiation_Wm2,20,353.75
gep30,00,2026-05-17,2026-06-06,gcrew,noaa_gefs,30,WindSpeed_ms_mean,20,6.67467006888216
gep30,00,2026-05-17,2026-06-07,gcrew,noaa_gefs,30,AirTemp_C_mean,21,17.46930847167971
gep30,00,2026-05-17,2026-06-07,gcrew,noaa_gefs,30,Pressure_Pa,21,102539.91796875
gep30,00,2026-05-17,2026-06-07,gcrew,noaa_gefs,30,RH_percent_mean,21,57.39550495147705
gep30,00,2026-05-17,2026-06-07,gcrew,noaa_gefs,30,Rain_mm_sum,21,0
gep30,00,2026-05-17,2026-06-07,gcrew,noaa_gefs,30,ShortwaveRadiation_Wm2,21,311.25
gep30,00,2026-05-17,2026-06-07,gcrew,noaa_gefs,30,WindSpeed_ms_mean,21,6.253105276917296
gep30,00,2026-05-17,2026-06-08,gcrew,noaa_gefs,30,AirTemp_C_mean,22,18.264520263671898
gep30,00,2026-05-17,2026-06-08,gcrew,noaa_gefs,30,Pressure_Pa,22,102453.42578125
gep30,00,2026-05-17,2026-06-08,gcrew,noaa_gefs,30,RH_percent_mean,22,69.18738460540771
gep30,00,2026-05-17,2026-06-08,gcrew,noaa_gefs,30,Rain_mm_sum,22,0
gep30,00,2026-05-17,2026-06-08,gcrew,noaa_gefs,30,ShortwaveRadiation_Wm2,22,358.75
gep30,00,2026-05-17,2026-06-08,gcrew,noaa_gefs,30,WindSpeed_ms_mean,22,5.268783443054002
gep30,00,2026-05-17,2026-06-09,gcrew,noaa_gefs,30,AirTemp_C_mean,23,19.784394836425804
gep30,00,2026-05-17,2026-06-09,gcrew,noaa_gefs,30,Pressure_Pa,23,102266.64453125
gep30,00,2026-05-17,2026-06-09,gcrew,noaa_gefs,30,RH_percent_mean,23,76.86220645904541
gep30,00,2026-05-17,2026-06-09,gcrew,noaa_gefs,30,Rain_mm_sum,23,0
gep30,00,2026-05-17,2026-06-09,gcrew,noaa_gefs,30,ShortwaveRadiation_Wm2,23,315.5
gep30,00,2026-05-17,2026-06-09,gcrew,noaa_gefs,30,WindSpeed_ms_mean,23,4.38349937840495
gep30,00,2026-05-17,2026-06-10,gcrew,noaa_gefs,30,AirTemp_C_mean,24,19.276849365234398
gep30,00,2026-05-17,2026-06-10,gcrew,noaa_gefs,30,Pressure_Pa,24,102072.908203125
gep30,00,2026-05-17,2026-06-10,gcrew,noaa_gefs,30,RH_percent_mean,24,77.74775695800781
gep30,00,2026-05-17,2026-06-10,gcrew,noaa_gefs,30,Rain_mm_sum,24,0
gep30,00,2026-05-17,2026-06-10,gcrew,noaa_gefs,30,ShortwaveRadiation_Wm2,24,344.5
gep30,00,2026-05-17,2026-06-10,gcrew,noaa_gefs,30,WindSpeed_ms_mean,24,3.046278388581381
gep30,00,2026-05-17,2026-06-11,gcrew,noaa_gefs,30,AirTemp_C_mean,25,19.354234313964866
gep30,00,2026-05-17,2026-06-11,gcrew,noaa_gefs,30,Pressure_Pa,25,101661.693359375
gep30,00,2026-05-17,2026-06-11,gcrew,noaa_gefs,30,RH_percent_mean,25,78.77657699584961
gep30,00,2026-05-17,2026-06-11,gcrew,noaa_gefs,30,Rain_mm_sum,25,0
gep30,00,2026-05-17,2026-06-11,gcrew,noaa_gefs,30,ShortwaveRadiation_Wm2,25,344.25
gep30,00,2026-05-17,2026-06-11,gcrew,noaa_gefs,30,WindSpeed_ms_mean,25,2.403215737924673
gep30,00,2026-05-17,2026-06-12,gcrew,noaa_gefs,30,AirTemp_C_mean,26,20.841760253906273
gep30,00,2026-05-17,2026-06-12,gcrew,noaa_gefs,30,Pressure_Pa,26,101401.55078125
gep30,00,2026-05-17,2026-06-12,gcrew,noaa_gefs,30,RH_percent_mean,26,86.05273246765137
gep30,00,2026-05-17,2026-06-12,gcrew,noaa_gefs,30,Rain_mm_sum,26,0.5000000074505806
gep30,00,2026-05-17,2026-06-12,gcrew,noaa_gefs,30,ShortwaveRadiation_Wm2,26,270.5
gep30,00,2026-05-17,2026-06-12,gcrew,noaa_gefs,30,WindSpeed_ms_mean,26,2.6211042370057838
gep30,00,2026-05-17,2026-06-13,gcrew,noaa_gefs,30,AirTemp_C_mean,27,22.633142089843773
gep30,00,2026-05-17,2026-06-13,gcrew,noaa_gefs,30,Pressure_Pa,27,101495.544921875
gep30,00,2026-05-17,2026-06-13,gcrew,noaa_gefs,30,RH_percent_mean,27,84.56381607055664
gep30,00,2026-05-17,2026-06-13,gcrew,noaa_gefs,30,Rain_mm_sum,27,0.30000001192092896
gep30,00,2026-05-17,2026-06-13,gcrew,noaa_gefs,30,ShortwaveRadiation_Wm2,27,331.25
gep30,00,2026-05-17,2026-06-13,gcrew,noaa_gefs,30,WindSpeed_ms_mean,27,4.002934118539743
gep30,00,2026-05-17,2026-06-14,gcrew,noaa_gefs,30,AirTemp_C_mean,28,23.382600402832054
gep30,00,2026-05-17,2026-06-14,gcrew,noaa_gefs,30,Pressure_Pa,28,101357.177734375
gep30,00,2026-05-17,2026-06-14,gcrew,noaa_gefs,30,RH_percent_mean,28,89.37162399291992
gep30,00,2026-05-17,2026-06-14,gcrew,noaa_gefs,30,Rain_mm_sum,28,2.6000000536441803
gep30,00,2026-05-17,2026-06-14,gcrew,noaa_gefs,30,ShortwaveRadiation_Wm2,28,284.75
gep30,00,2026-05-17,2026-06-14,gcrew,noaa_gefs,30,WindSpeed_ms_mean,28,3.3537151621249275
gep30,00,2026-05-17,2026-06-15,gcrew,noaa_gefs,30,AirTemp_C_mean,29,24.840669250488304
gep30,00,2026-05-17,2026-06-15,gcrew,noaa_gefs,30,Pressure_Pa,29,101524.51171875
gep30,00,2026-05-17,2026-06-15,gcrew,noaa_gefs,30,RH_percent_mean,29,77.19408130645752
gep30,00,2026-05-17,2026-06-15,gcrew,noaa_gefs,30,Rain_mm_sum,29,0.10000000149011612
gep30,00,2026-05-17,2026-06-15,gcrew,noaa_gefs,30,ShortwaveRadiation_Wm2,29,296.5
gep30,00,2026-05-17,2026-06-15,gcrew,noaa_gefs,30,WindSpeed_ms_mean,29,4.042771754237245
gep30,00,2026-05-17,2026-06-16,gcrew,noaa_gefs,30,AirTemp_C_mean,30,24.895989990234398
gep30,00,2026-05-17,2026-06-16,gcrew,noaa_gefs,30,Pressure_Pa,30,101772.68359375
gep30,00,2026-05-17,2026-06-16,gcrew,noaa_gefs,30,RH_percent_mean,30,77.33410263061523
gep30,00,2026-05-17,2026-06-16,gcrew,noaa_gefs,30,Rain_mm_sum,30,0.30000000447034836
gep30,00,2026-05-17,2026-06-16,gcrew,noaa_gefs,30,ShortwaveRadiation_Wm2,30,313.25
gep30,00,2026-05-17,2026-06-16,gcrew,noaa_gefs,30,WindSpeed_ms_mean,30,3.6732919255241057
gep30,00,2026-05-17,2026-06-17,gcrew,noaa_gefs,30,AirTemp_C_mean,31,25.772210693359398
gep30,00,2026-05-17,2026-06-17,gcrew,noaa_gefs,30,Pressure_Pa,31,101904.6171875
gep30,00,2026-05-17,2026-06-17,gcrew,noaa_gefs,30,RH_percent_mean,31,76.04165267944336
gep30,00,2026-05-17,2026-06-17,gcrew,noaa_gefs,30,Rain_mm_sum,31,0
gep30,00,2026-05-17,2026-06-17,gcrew,noaa_gefs,30,ShortwaveRadiation_Wm2,31,286.75
gep30,00,2026-05-17,2026-06-17,gcrew,noaa_gefs,30,WindSpeed_ms_mean,31,4.13248526059356
gep30,00,2026-05-17,2026-06-18,gcrew,noaa_gefs,30,AirTemp_C_mean,32,25.74041900634768
gep30,00,2026-05-17,2026-06-18,gcrew,noaa_gefs,30,Pressure_Pa,32,101534.314453125
gep30,00,2026-05-17,2026-06-18,gcrew,noaa_gefs,30,RH_percent_mean,32,80.33454704284668
gep30,00,2026-05-17,2026-06-18,gcrew,noaa_gefs,30,Rain_mm_sum,32,8.800000250339508
gep30,00,2026-05-17,2026-06-18,gcrew,noaa_gefs,30,ShortwaveRadiation_Wm2,32,311.5
gep30,00,2026-05-17,2026-06-18,gcrew,noaa_gefs,30,WindSpeed_ms_mean,32,4.21631310842572
gep30,00,2026-05-17,2026-06-19,gcrew,noaa_gefs,30,AirTemp_C_mean,33,24.15681610107424
gep30,00,2026-05-17,2026-06-19,gcrew,noaa_gefs,30,Pressure_Pa,33,101012.509765625
gep30,00,2026-05-17,2026-06-19,gcrew,noaa_gefs,30,RH_percent_mean,33,84.10998153686523
gep30,00,2026-05-17,2026-06-19,gcrew,noaa_gefs,30,Rain_mm_sum,33,37.50000125169754
gep30,00,2026-05-17,2026-06-19,gcrew,noaa_gefs,30,ShortwaveRadiation_Wm2,33,322.25
gep30,00,2026-05-17,2026-06-19,gcrew,noaa_gefs,30,WindSpeed_ms_mean,33,5.041177238306991
gep30,00,2026-05-17,2026-06-20,gcrew,noaa_gefs,30,AirTemp_C_mean,34,21.24146423339846
gep30,00,2026-05-17,2026-06-20,gcrew,noaa_gefs,30,Pressure_Pa,34,101358.76953125
gep30,00,2026-05-17,2026-06-20,gcrew,noaa_gefs,30,RH_percent_mean,34,58.25197887420654
gep30,00,2026-05-17,2026-06-20,gcrew,noaa_gefs,30,Rain_mm_sum,34,0
gep30,00,2026-05-17,2026-06-20,gcrew,noaa_gefs,30,ShortwaveRadiation_Wm2,34,354.5
gep30,00,2026-05-17,2026-06-20,gcrew,noaa_gefs,30,WindSpeed_ms_mean,34,7.9283052740783315
